:020000042022B8
:100000006F000010D08B010000012220000122208F
:100010000001222000012220000122200000000017
:1000200000000000000000000000000000000000D0
:1000300000000000000000000000000000000000C0
:1000400000000000000000000000000000000000B0
:1000500000000000000000000000000000000000A0
:100060000000000000000000000000000000000090
:100070000000000000000000000000000000000080
:100080000000000000000000000000000000000070
:100090000000000000000000000000000000000060
:1000A0000000000000000000000000000000000050
:1000B0000000000000000000000000000000000040
:1000C0000000000000000000000000000000000030
:1000D000FFFFFFFF424F4F54204D4F44452031203A
:1000E00044554D4D5920534249430000FFFFFFFF47
:1000F0000000000000000000000000000000000000
:1001000097020000938202267390523081400F10B4
:100110000000814101410142814201438143014488
:10012000814481460147814701488148014981490D
:10013000014A814A014B814B014C814C014D814D5B
:10014000014E814E014F814F735000340145970598
:10015000DEE09385250C88E1174CDEDF130C8CEA7A
:10016000732540F11702DEE71302C2E91302F2031E
:10017000137202FC85453306AC0232921741DEDF72
:10018000130141E81291731040307310403401C9DB
:100190009705DEE09385050888617DD9A5AA9700BB
:1001A0000000E780602B97000000E780C02905452C
:1001B00097000000E780002C97800100E780201066
:1001C00097000000E780602697000000E780A01CF1
:1001D00097800100E780402497600100E780E0708D
:1001E0001705DEE013050519B7C501009B8505203D
:1001F0000D461705DEE01305E52597600100E78051
:10020000203A1705DEE01305E53297600100E7802C
:1002100020391705DEE01305E53F97600100E78010
:1002200020381705DEE01305E54C97600100E780F4
:1002300020371705DEE01305E51397600100E7801E
:1002400020361B05000097700100E78040BE97052F
:10025000DEE0938525EB97600100E780C02E17054F
:100260000000130525244C4109466383C50001A005
:10027000147110652A9608759705DEE0938585F858
:1002800088E11705DEE91305E5D797800100E780CF
:1002900040D309A097800100E780601E8545630A6E
:1002A000B5021705DEE01305E50C9705DEE0938542
:1002B000D5E997600100E78000291705DEE0130506
:1002C000650B97600100E78060261375050475D5FE
:1002D00001A01B05000097700100E78040B597055D
:1002E000DEE0938505E697600100E780C0251B05E9
:1002F000000097700100E78080B397600100E780FD
:10030000E0221375050465D505459705DEE0938564
:1003100065F088E10F100000010001009700DEE9A0
:10032000E78040CE1705DEE91305C5CD73101534FF
:1003300073104030732500301375F5F7B7E5FFFFF4
:100340009B85F57F6D8DB72500009B8505804D8DC4
:1003500073100530732540F1814573002030010092
:1003600001A00000000000000000000000000000EC
:100370006306B500233005002105DDBF8280638957
:10038000A5006387C500146194E12105A105D5BFCF
:100390008280411106E4178501001305A5769705B3
:1003A000DEE0938525C61706DEE01306A6C6970095
:1003B0000000E78000FD178501001305A57897056B
:1003C000DEE0938525D41706DEE01306A6EC970041
:1003D0000000E78000FB1705DEE01305A5EE97059A
:1003E000DEE0938525F097000000E780A0F8170570
:1003F000DEE0130525F19705DEE09385A576A26082
:100400004101170300006700E3F68147630CF60023
:100410003387F500834607003307F500850723007F
:10042000D700EDB78280611106C097800100E78098
:1004300040FE82402101AA871707DEE9130787BC27
:1004400015A01707DEE71307E7BB9707FCE79387BD
:1004500067BB09A81707DEE01307C7BA9727DEE0D6
:10046000938747BA233007002107E34DF7FE8280C8
:100470004605B707000A3E956301F502946393872A
:100480000704E39DA7FEB707000AB706010223B0E1
:10049000F62093870704E39CA7FE828000000000FB
:1004A00055838BC0020000007000000000000000B7
:1004B000FECBE749F3EE16895BE7EB760000000020
:1004C0007B5F010000000000C0BE020000000000D1
:1004D000000000000000000000000000000000001C
:1004E000000000000000000000000000000000000C
:1004F00000000000000000000000000000000000FC
:1005000000000000000000000000000000000000EB
:1005100078DA8CBD0F5C14D5DA387E66666786455E
:1005200010708185C05A1860955B5E1395D4F22EC9
:10053000CAEE0699B77A53AB5BBDE808646565FE01
:1005400021BB977B7759665730441C6135301115B4
:10055000D25B66926CEAAB8806A45DB3BC2959599C
:10056000E8F2474D0D155841FE7C9F33330B78DF81
:100570007BDFDFCFCF679999739EF39CE7DF799E8E
:10058000E7FC99D18910122D0839E1DA6EB1446A7D
:10059000179048C3B279B6D7585A3B07756BFCE63B
:1005A0000C2C8F35DCD4CE52210D99F3A486BC459A
:1005B00069DE26FB046302F311396983360960089A
:1005C000A26F4C91F66D68492E6A176613B39707B0
:1005D0001A26C26F32FFFC4A562EBFD42A64563BFD
:1005E000AAC8991B960792933146FF7A2D8BA0AF2C
:1005F000465AEEBB9C5AFE140A8B322D0F34415BD7
:1006000066E26FE5BAD8E5E8A9C0AE5A052E548671
:10061000D31100339199F866799A7E79E08289B78F
:10062000F54F4D74477A06722C1AA8975B1068F93B
:1006300018723237F919D5ED6834513CB30F89B7C8
:100640002621F1D824C43B48544D124843E4DC1819
:100650005F2EDF596F845EB64DCA518576E256B77C
:10066000A30327875EC2ED42DBC8AB4CCBE86B63CC
:100670003AEEBB737F5F457365CBEECB7BAEEDEBA4
:10068000A8E93C78E748DFAC8BA6D6D42B73AF3F04
:1006900073737ED70B3D2FF75FBAD8D67AF5CA8D24
:1006A000EBB76E7677F5F60CF42F8FD54D26627981
:1006B000338D9C7B25D97EA4BE924013E8762C9A7C
:1006C000ECECC025CD1115699716926FCF5A7E6953
:1006D00039B3B872B129BD2D9D5955B9CA94D59673
:1006E000E5FBCAEE5752975C5DE2FBEEEE7753FFF7
:1006F0007CF5CFA35FDFF3FADCA537968EFEEB9E89
:10070000BFCEFDDB8DBF6D58B47CFD98C9FBE02FDB
:1007100039B1E2ED590B9723DD44CC7F402042D61E
:1007200024228998659D45CCB6CE2692ADC9561334
:1007300061B69A89C7AD8F1329D61422D59A4A3C3F
:10074000617D8298639D433C697D92986B9D4BFCD3
:10075000D1FA4790FEE41C8B2C3F9ED98FB8893488
:100760008AA22FD4E658F8BC9D20B77A14BC70E357
:10077000C5287A1B7D16CA92829816ED3CD02C6D46
:100780006C76C25514EA7FD1CE8767C6D426EB09B2
:10079000F52BF56D4A7DAB7695545FAFD4DFD5D69A
:1007A0004BF55F38EBA5FAEB8A1DDC91CBEB6F388C
:1007B0008D2A2837721569498496422813B9BB9D42
:1007C0007AE4111D6CB116AE1AD6B1915FD78E9C2A
:1007D0007150666F10F9354D2870F6FAE3456C10CC
:1007E000EBBED60416A165C07298B8336041031AF7
:1007F000B6EA5B5ED5463A599F01D1D1FE8DFA43E8
:1008000028051CE66F649C8D85DC441645B1EE27F7
:10081000B12DA1E17FA4F72650BEACC27F8EBE41B0
:10082000FAFE4BB92570A80911147D2DEE726A4BA2
:1008300090B96701BFA615F1AFB818D1D13A28BA5F
:10084000B428FB397AEE6E7B224BA2BCC735CFF9B8
:100850009051B3C500443A2F1148CC2103450AA951
:1008600092929D2DF094BB2340BC7F80084AE1C743
:1008700086D291754174B58725785BBA0FFF4AB56A
:100880008A5F1742F396589617EB0981CD4E5C3676
:10089000B868F1B1C5D14B0823BD30C75267E6D760
:1008A00074219145249FDF85ACE6652E673B60741B
:1008B000387CCBF824E5DEAC3E5B5B76691B93EDC0
:1008C000E2ED5D14EF5849BAB708BD6569F36A797E
:1008D0005B13656757BA34A73D83829957FD4288F9
:1008E000DA0790D8E8195C586B739128A5D66A5E30
:1008F000ED12CC4B5C2EB38F8EDBC11AB80AF8ED2B
:100900007619687352101FD9763FF751233CB3A96B
:10091000DC476CEAD36609AABC7D56F6026E4F7BB3
:100920002ADCCDE12AE0B7037E95ED7334592168C6
:100930005A2355D5F844FFAAC30CA1D764B11D189A
:100940008EAA62E710FA9585189EAA32CFA95B2578
:10095000DABB03A4920A5CE298E30AED18EC0F9567
:100960004A76E0924680C718C5AC58B4ED34EE150F
:10097000631DD14EC13AA29D82DBC510DE122F6EDF
:1009800026B0E3DFE336A2038D5EDC23DA79710F54
:10099000B75370476BA3442FD631DA2071185F52DA
:1009A000A98C5140DB86306219482D147C520B050E
:1009B00093D442C1A4C8690817F407B892F21EAED6
:1009C0001FC624F33D2C4B683D844993E5E918C6C6
:1009D00035CC65FD2A857AC026EB4DD62E6D06688E
:1009E00003D99208652E061136BD6396B036EF2BFB
:1009F0002AD63C8BCE4B22722CA06BC3C3FB2B326E
:100A00000576664B45A6BBB969406D6C75899E3805
:100A100094D72E8F5EDB054D5777408E8532D2C43A
:100A2000637960A599890EA483D1ACE2A23DBA4452
:100A300073008E3C312E3BD2D9AA4CD1D95AAB3E51
:100A4000DCAD36E6580AD6B6DE75B1D3196E472549
:100A500040EBC33164540657D9ADC3F08902D26963
:100A60001886B4E9690EB759DD74C47EB3F0FA8F05
:100A7000A28721ADA74507ADC218A92A26BA88E6E4
:100A8000F6B40EB84BBB065C0EDC07CB2DCC0A319E
:100A9000F6145AF545C7E7195DAC6550A6C7E3E6FD
:100AA000C679A2732C63970999159761D41CA293F8
:100AB0002B5B4E36CFED7BE6CEFC4EFBB5F8BC3D56
:100AC000B933BF9E11FC052A4EA153FB532B85540D
:100AD00061528B129D6E83CF8F9C42518DC184D504
:100AE0001C9DC13F6026F8EB27D14F73229A1CE86A
:100AF0007CA1E8F104943A1DE862617562077ADB33
:100B00009C9D38FDEBB7CD843EE8F8A9C1B78D6D4B
:100B100069A6C5446CC2947254B998597269F5AC0F
:100B2000772BDE0DA2636144438CFD997BC4AAE35D
:100B30002617E92254348AB7EFCE4DA411911492AE
:100B40002F24157013A3A2B8478374320DCD9D11C5
:100B50006A1A159B79D4436A5406325AB04DB4468A
:100B600051938928DB64AB8E9A46E8001BF0E72B93
:100B7000C8F069ED87CD6EBFAE3EC0674D0A492A09
:100B800088B3E70B44ACC24F07EECD3D36E6AE1757
:100B9000DAD2E25EB3A357A37A8A4C7729728C79B2
:100BA000CC68D56B3C1E2AEAB4E8617D348CE181C7
:100BB000CD5F89AC65E60C473B9958C9820F66C684
:100BC000CC58E021ADE6BC8CC3C61967DB487E4932
:100BD0002512F492344A4291DBE91A48C45AD237BA
:100BE00044BB989BCA983AC69E2FE4E2BAA3A78159
:100BF0000DDCD61B6E0699F9D73D8CD605319B6D61
:100C00007F3C9F3DE82C9BED8A437E079D398E32C9
:100C100053228B06B1FE7B0ACB1A722CB62ABBCFAD
:100C20007009B7A3DB472A0BBBA72C4C2A1B774FB5
:100C3000D938A9EC917BCA1EC9B158CD21A7763B02
:100C4000B48D383BAA7A735A394734A1ED048B042A
:100C500056CDDA1A58D4DA9BE0A832D06C84568B81
:100C60009C0D24E2F2DB5EF737E3BBED42DBEB09E0
:100C700002D4D111212148B3B215468013F080254A
:100C80003FC8DFD715E662912EF2A213FCAAAD9100
:100C90007D5EF4B40768E19E233DCF452EE4725893
:100CA000047F735914B6D0667620B15D8F3895678E
:100CB000E8C97CCF9376E8892540B2A3399F114FCC
:100CC000FEDE2733257A9A02385F0FE97D6A1F7AA4
:100CD00072C8757EF2134B29ED869F46DDF3C47A08
:100CE0009F70BB2CA99D44B34AA219FFB5B3AAE0DB
:100CF000853733618CEB22EBA9C606A4C9647D3825
:100D00007B1B50223281344762CE38D404B98554DB
:100D10009B0538A1163F319404BBA60D7AB868E252
:100D2000463791C10BFDCDB8967B84465C682B6E2F
:100D3000F9288DF314929B0CBF47E0F728FC26D2CC
:100D40002A7856C1B30A9E55F0CC44D6CB14038DF5
:100D50003EC37CBBEEE1BB5DA2DFAB9B4C1D1FD94C
:100D6000855C6CE0906ECC7FC0B229DEAFD43F28AA
:100D7000D5EB47D43F86311679EB1F91EACD23EAB4
:100D800067E0FE43BCF5C9527DE688FA69586741C1
:100D9000DE7A4AEE1F8D1BAA4FC41A3E5BADD40704
:100DA00028F40DD74FC1D6F1ADB73E42A16FB83E82
:100DB00001DBCB3C6FBD5EA16FB8FE61B1DD819EF2
:100DC000F6D627F00F48F48DC336CF257826C950C4
:100DD000ED13C476963870885C5F50ED62C9C43BF1
:100DE0004FA8D786B42726221D17C786396B00A6C1
:100DF000817990364784D004EF6C439AF462F4E131
:100E000057048C604D7A08BA50ABA13B46E7582096
:100E1000FB497CF409616DD720BEFBCB1379F82E1A
:100E2000944CB4C626B0DDC866622D096C178C2DB3
:100E30006C19110E16B9D35D03B8B7CB4F44CCA3D0
:100E400021D6AC9E52CAD028C8ECCCA2F0389ACD9C
:100E5000BFDE84C810670DE43576BBCF6AEBD4E201
:100E6000B0A4A94ED2B126330095FB627F9A635994
:100E7000F3DAD9DA356FD6D7AE59DEE55A93D5EA2B
:100E80005AF3E7B32ECC13E4820F94CD8E3C26F1B7
:100E9000D7A4D745D695D5E55868A0D8A5C771C3BE
:100EA000EC03D132D38120FEF940B4F43EEDF03EA4
:100EB000BD548AEF71467C5B8F8E922144D1CCE287
:100EC000F8167C1F9DE9BEDE3E8063E34BCB2A9A79
:100ED000ED2D717DA977E6763ED3B1CD1C9FCBE792
:100EE00075A9F85F5DA4DA0C19D69A56959429E68F
:100EF000B6AA34AC81B29AF9ADADA4863E3A665238
:100F0000CB8466C5EBF65ACD39E9D11921E590DBE2
:100F1000ADEBF2C1B99DFBFDAE3E679394D7BD9E8C
:100F2000F421CED7391DB87073FF73C2DC684785D2
:100F30003DD1874484513D5BFC1EB2CCB922095996
:100F4000E63F01DAB67D89A8822C33C5791E9EF270
:100F5000529668B6429699CA8767A86CBF31A8DADC
:100F6000A325FE7AEDD29BBC6D10D1B1516C11C39B
:100F7000DBEB597EE91192CF4D57F17623CD8B678C
:100F800071CEF9885BEBD35799C62CBEB462D6EA12
:100F90008AD5E4BB0B214EC9F4B08BCBF88F6B6DB7
:100FA0007F60D14BB57CE13C925F5B4CBA37C5F6B4
:100FB000DB5C6A74D1C5E7B5437E59E712E5FC32C4
:100FC000F7374274CAF9E54A173751055CA85085CE
:100FD0003DDA01792BE49B147ABE5630A7D46EBB60
:100FE00042AE87DC01C6BECDFC384199CF221C3D04
:100FF0005E2ADCCEB4C21D4B5E6F8AF06188498EDA
:10100000521F1FEC332D4DA894D54AD693A3B58A11
:101010007B9CD84BE79D34D9DD63D8C15390E1DB8D
:101020001A207C9AA7DBCFD642A4D47421723DD675
:101030009DC858C804E62CA9D14E41CE46294FBEC2
:101040000E71064C19DB1623CE74888283DC57029E
:101050007305D5FA4581EEF0635C3403B3866D8C7D
:101060005BEB1A1043A7206D238E4F99D7A63AC386
:10107000785F7A93878B669532FD6FF1CEB0D99BFE
:101080007E949F1AAF4D072BFDFE47B0B55744D64F
:10109000C0584DAE3590C9F8F87C49553D1E4DAF4E
:1010A0007DF2579C91E06C247B2AF7E19D68CDAAE4
:1010B000EE802898C7F1AF36228D360E395D98BA8A
:1010C000CC701C054B4B0402E72E670BB9982A9D88
:1010D00055CFC57974DB32BC1915CE9004C69B1F61
:1010E000851FEF2AEC82EC68FF206D2C3E7DD8CC6A
:1010F000BFD745E2B6542CCB6D83EC8D88CD2E0046
:10110000AD8C01FB7CB31ED9F46C54A263A01FE626
:101110005A3E567D7661483BC83AB008F2B2FF9D10
:101120002FF16DDDA8D4A9457CC61D24C43D544BC8
:10113000186FD6E2913F44074478C88F01A737BBA8
:10114000C3B55D85AD3FC27CE9726272008A6B49AE
:101150006D66AE6954AA98BC64ED0188B5EAF19D4C
:101160007C603149C5AA116DDA6FC45E45C94BAECA
:10117000670713B12B3B08E3A5B4598B2B16934B90
:10118000F0BC07677A6573976569584F80551F11E2
:1011900022A09EC2138551E9270A310D655F7BA904
:1011A000D8961139D72B8BFEBB4021F0D1BF0073ED
:1011B000519779AAF0FF57368A2242ED04CE465F56
:1011C0005A47C4713B181D57D9A0933353A997357B
:1011D000DEACD447CE4AFF399C956E3E5D7A36161A
:1011E0001D0BA92BC2FD8284A3FBA71C0B89ACABF2
:1011F0002B0AA2AFF7FCDBDC14CA60F6F4613B48B3
:10120000B97F41F6146CAF3996D65AC8E3CE41DEA9
:10121000370E32C37190198E833C703CF7E8C37A65
:10122000EE91243D37F9693D3771A19E7B74592CAD
:10123000D4C7427D2C37715B2CF7E8A71CE8D7BFD9
:101240000BE599352AE4637D921FDB859C17C09AD4
:101250000AFC1F9A560E652AF9E9A171E29F629075
:101260003599880999935800BAF3458C304733CAA9
:10127000426ABA3A03643D18AE80470F10D504A500
:10128000F8A9EEAF1D44CADC7C7A3CCC1C90667594
:101290004F4011EB7EFF7783F34C15C25C6F0679EC
:1012A0000572E45021E051546D7722CE520299B27A
:1012B0000626E16F38036753556AC4136D7E9C851B
:1012C000013B39156DD557B72F20B8B8FE6841E5F9
:1012D0002E5EDC63351126AB9930D38F8BB4858CB1
:1012E00041D56BBE43B62F7D109E59F09B7C46D1F5
:1012F000786613C0DF694763B7087ACDAAAE00EC01
:101300002504C65D5AD357DAA4453304183D2BBBD8
:1013100014EAD32ED0E9D9214AD67CB54278469832
:101320006752F8FA0572E6F190338F879C791CE4D6
:10133000CCE36CD3AC7A6A3AA1B74DB7C6513388C7
:1013400038DB0C6B2CF528116B7BD41A433D46C45B
:10135000D81EB372442C68243EC722B0900D0714E7
:10136000A9DDE9FADBDB5CF7F2F128AA7472161644
:10137000D1B58479A72B2928BA996991EDC0113D7F
:101380002DD9AA17BB3DBF71314DD1B6383626E4F1
:1013900044B664CB3D8574A686618F5AE37855BD0B
:1013A0000AEE9A79B29E846BF994649EAA57250D31
:1013B0007161F9395AA8482317E3A8A32959454E62
:1013C00049066BEC703FC50C9C2FC4BD70311EE804
:1013D000A5AE56539221D77DE34E6606EA5C9A92FB
:1013E000F9A4FB25A6174AF69EAF95E96904AAAFB2
:1013F00097822F9168C1F97CE9393B12BBBB03AAE4
:10140000EDDDE4B7C72880485AA561BA2942BF7A02
:101410009D4837FF8D361F6A82DCFE6A15E28BAB72
:10142000D0214F1B696DA4F5EE50D740C4022DAA00
:10143000CB88D03A507F68E9822AB4B2F069980B21
:10144000B17ED28CA81FB886DC46A20F7A73C12861
:10145000821812638B6B8CCECB2F3A8929218C1882
:1014600006F2DD38EC69FAB55DB7F158C4511A24BB
:101470007E817BB448C73D0273A0C90F47711393A7
:10148000E01A14CD4DB4464B7E2DA691C3BEAA5F83
:101490004BC464BFE7620DE8A5F7B8098E68510533
:1014A0000E3FD5958774896A037AD224D248E52BFA
:1014B000F44F56F45F2B76760610B10547798D917F
:1014C000A2769CE08898EAAC18E2E2A0A8CD254379
:1014D0008CFC9760DD741A19555E6C76B35D036001
:1014E0002DD1602DD1602D51602D51602D3AB01657
:1014F0003CD3E2202A4AD1236E2761AE713CFCB86E
:10150000ED43138A6058C4AFFF9019CDEC7342DEEF
:101510008F5CA6001C5F24EF04F33055582A9E030D
:10152000157FBDA430FB6E69B1804E15469E0C4BF5
:10153000C5336F17D412FA7985B845D8496F1B198E
:10154000BEA8616961F68F9127B9710CF8075A0F2F
:1015500051E93EB6C76A7ED20574FC5090093E2020
:10156000067C03073E03AED618F017E00F1EE6C058
:101570005770E02BA07C59149483FC8A408EDBA228
:1015800020FAF9C7E77F9BCCF7B9902B9842A5B911
:10159000AAEF0E7DF71959BA311861F978ED04E810
:1015A00062E8D7ACFAB385E2A8511D5847D6142299
:1015B000D99A4AA468468D5ACF076D5695CE0B46E8
:1015C00087847984D8D515F08CE207D06F462C75C6
:1015D0009D7766893E1C898F88C5F830AE651F9E51
:1015E00014BC6D8EFE7A6F9BA33B885888DF915D9B
:1015F000A4305EECE909E0974FA646623944E7194A
:10160000AC7A3A0628EBED0AD0ACE80CC018E9F148
:10161000D833ED74B95202204312F3D431897E8855
:10162000D11E8688E3EF5F10DB3A8401248B47AE3E
:1016300083C0ADBC31C156D520C503FFDFD446D031
:101640007B2CE83D16F41E037A8F01BD73A0770E44
:10165000BC4434788968F01251E025A2C04BE8C040
:101660004B607B88CBB1547B1CC4A941D77B38EA43
:10167000FA0F47B68EC14118C17FB355F945F587BA
:1016800063FEDD16752F6D7687B576577BB208F74A
:10169000FB99FDD69422D7EA652EF60015DD117769
:1016A0008DE94CBD3CB341A2B6711EA2C08308A611
:1016B000F8DC3DB9330542CF17379162865E1E557F
:1016C000E04FFCCDFCE816865FE420FDFF1164AC22
:1016D000788B5C7169F1AC2546889A6A93B8AAA99F
:1016E000DF5DD6D82766B0645D2DCCB3552DBE49DD
:1016F00066F7D896BE44E80978D64D6FB8D9B4B924
:101700001CF7BBC930B361339ED13D0FD96DAF8B90
:10171000755138CEAA4D9B8D2F15C81CA42D27625C
:101720009FBFA0ACE65A88D8F09413524B68133888
:10173000B3E1DFB530BC45C44E39ABF09F4DC40AB0
:1017400066F7035D9D938C18868895CBD11B446CFE
:10175000940263F833113B36657FB9425DE0F406CD
:10176000B59977B4239095D87E2B2425A83C3CE5E9
:10177000DED6BA578958B5D23A2D4BEAE1FEAE1BF8
:1017800011E179289176511832217D1752EA338977
:101790005877007D4DA16705F49B02F0A15DD7B09D
:1017A0002C23FF686B588CACFA8BA5670B234FAFCB
:1017B0003128FEE263C8CBFD3AD17B8654C5320D99
:1017C00027B065BA23BA2E8718530E6BAB484499DD
:1017D0001DCF43E41DED41D877A98D97DE9AB5A2C0
:1017E0006205B9FAD29259AF56BC1A059A98B62C2E
:1017F000FA0ECE83523BE65E7BE6F2FC16A62FAED7
:101800007342DEEE3C9C113977C35C253F9E57A79F
:10181000DA76F84A3653BA5145C4090A7F2F66076B
:1018200097B2347AF23BB7D53C489B61F640BAD7C1
:10183000B7F726E6624BFE223A91450C8ED4563D10
:101840005E53E98C965B95FFB94E9A9B63CBE6A2FB
:101850003BA5F5349B3E59B2EED87F16ACEDBADB12
:10186000BF80DFD283B818950E721E1F9CEF406BAD
:101870001DCC3E7CACE53063D9DAE35797B98DC512
:101880006D69539D31CAA8E8E7BF6818A56F515E1E
:10189000EA0CCF40EB04A93560C218F2CCD87F6DBA
:1018A0004B97FC17E4A7A240931464A8D88BB96D9A
:1018B000CC8DE9F6A585E93F6AB21892387D52F0E1
:1018C000AEE0F5271ED36EAAAB138BE8EB7787F358
:1018D000A479529EB4CD8DF9C3D293FB6C5E8AA5D8
:1018E000A64EC192F2D271344596929B545D76E732
:1018F000EA414EE0C973DB1196D6BFE6B305FB158E
:10190000AE83C6BBA418031E5E8A3338B628B14620
:10191000966E6EF4EE5C1C9D58928BE98CA652D2AA
:10192000F1DADBFD3D3E5ECBD2D0B44EE93F093269
:101930001F92BE4FA1706EA99A4660119B7BC21286
:10194000E903FF028BFE00B07E74A8A2DF39F01419
:1019500032451B39075B1E8E8491FFF0DA9E45509D
:101960002B724FFB6FBC5AC78F8909C917B2E72981
:101970001EF27B6819268CF9D98C6D10389B38A221
:10198000AF40453F8F000C4307528D8BD166B0634B
:101990000FC2124F64215787DC17AF82B5FEA2FE3B
:1019A00050190FB3F1E8E11FE8F27B381D304C51BC
:1019B00030647B7318888A3E4AAC865C43C14879A0
:1019C00050B8F1DF8DFCF289446CCA09451E8F4581
:1019D000C8F20802D9816423E7C83DC81C2702C7A2
:1019E0000A05AB4670305191CF8344ECF87A450A32
:1019F000D3809B0762A9C83978A48698717BBEA45E
:101A00004DA5695F80B0D56CC2A356EE7159BE403A
:101A10001895F1DA8065079AA33A5150B2B466FA84
:101A2000BF22BA1CCDC34D84D95DD6D0AB69CF449B
:101A3000469C83FF98A847D82E62C03E70DE01B155
:101A4000350A622AC4D58938D63E0D317521D8CBE6
:101A5000B228908F0FB6950BA5201B1FC526F6390F
:101A6000B15E6AD830E99ACF86E6C99A1AEF0915AD
:101A7000E4BB091E2993899C8DF33C39578A3CAEFF
:101A8000C8E20F23672A65B3F0C87507B05305187D
:101A9000BB2E7622FAE958D95C5B43327846490A74
:101AA0001BDB90D89E25C584C8D3F28C07E21C8727
:101AB000F33BAB5E533295E4173008E2E64488BC52
:101AC000D0AB2B7330401913BF71F19E68EE4156B5
:101AD000F11C47CB09EF587F16CBED80243775B248
:101AE0003C2ACD60331A673BC99B58340D66D72D0D
:101AF00028291953015EFAFD36A4717AA41A68A345
:101B0000E944C664AFE500679EA67ED96A92B11D1E
:101B1000DCEF190D30919DC8D6B802A598794BBB62
:101B2000AF860D24F975EDBEEAE4BA251AA1675017
:101B3000D1FEEFA993C0630AFF40FC1F0E8067EF40
:101B40008C815982D14B619A2FB6AB6168C383EE09
:101B5000B094D82093300461F0018B1915AB8E4DF1
:101B6000FE572F20D9410CD8410CD8010776C081EF
:101B70001D4443848F86081F05113E0A223CB68B04
:101B800058C8B7B0B5962B96350B62C8FD42A786EC
:101B900046E10A8D4F4C4BFED46583F1A036DF4CF5
:101BA000C4B312F75F3DB7A436CDCA5880110FD425
:101BB0006BBA6E5D71C135B0F3D629EF0A7B94AD77
:101BC000014BC0AA77A9271AF8CD6D78C5C367D78E
:101BD0008F2E353240F6E29308798C46AD8E71E552
:101BE000231DE66BAED7DFF5DAAA7CA3B2C3237C54
:101BF0006988587CB01A3434AD96AF67917BAC6F6E
:101C00009FBA16A29AB6B7439A3DC814DC87E1FD85
:101C10004D79439229EF063E828D1A9C29E13C4979
:101C20008E42277BA95D3806151823C2D544AAD257
:101C30005BF3ED7EA927F73AF51D1CC17BFBFC4D3C
:101C40003B8DDE5A740B7B3BBE3485F2F2449B53D2
:101C500085D2A6767478ED21AD07B06D314AD6FEF7
:101C600080A74DC17703EB8D574D235E4ADEB91F28
:101C70008F77EC5115695E07BA7CE916457FBD1870
:101C8000B77BC3F856C80DC3C315DA754F2B23FABB
:101C9000FE4E1F67B364092B155B0DE9F4A1537069
:101CA000C402FDE8A471B74EFF8B32A2DA251F1AD9
:101CB000181331EC432DB9529639B62BD496621DC8
:101CC00045A524F9899E7054703C91DEF62F9EB490
:101CD000DC0D7986E2879A3BB0B643CC3D92B6F9EB
:101CE000748F8FB60AAFFC54D5CA7B1778DFE2A297
:101CF000D9EDD7D9BDA45AB35AADE2556A06ACBEE8
:101D0000A887A11A9F85D9391FE951C579B3894D93
:101D100012059A2E954495CCDF9FA5B2F02E52F174
:101D2000EDF19E333673D1A8A276EC75B7E0F64894
:101D3000E26D077B86481E2BF5E1D6A87BA5323BDA
:101D4000FB8DE25D623DDF8CC775845BA51EA81428
:101D50009214E9A117E45D2477784F1F55FFAC1268
:101D6000550D3D20F7C0D8FE8F6B35AB53907B945B
:101D7000BAB75208525A34CF97E8A1BA508A71C400
:101D8000985622419E4BCC1A8FF24E570AFE5EF8AF
:101D9000FF9232A4515D7DE1469891AE0E476E4AA6
:101DA000DD3DA2FEE9875D95E09F4FD54A1417B04F
:101DB0005F48D78F1D5FEC3A20DDE52A253BF4F51F
:101DC0007373377F0A120BEACD3880F5BDF89EF1A8
:101DD0007F126B74C4F8BF0611928F356DC3DA574A
:101DE000F4A6FB12DBB97043B64D478CC83CA5B6D0
:101DF000A658F511609F9AACC63FF09E3669BD317A
:101E00009FAD3ED02D4511AA8A8D2152C5D0052403
:101E1000FF3D83A8DDE618CDBBEFA284E90642CEE4
:101E20007DBCBD5B8EC951CD1DD27339086AD69376
:101E3000DE9AE6A3D0E77DB192B6BC636261225E12
:101E4000BF80B1CAB722225503ECF10696D4385DA3
:101E5000249FC23EA8713691FC1330F304DF9AA888
:101E600026116F6651A25A87367F98A85621C997C6
:101E70001C5570F78E9480E160A9AF14599DBDE4A4
:101E8000F0683FFAE3BD326876013D63E6FDE2A506
:101E9000C5C52203AFF2C5BB1049094B7A106F5775
:101EA000E3FB407CEF4A0D4049AF89F9BE31D911BF
:101EB000AEB548F78232CA2DE7EEE5BE7CDF508E24
:101EC000437A610CDFC972F07A86B4BDB6AA51516B
:101ED000FDF76148885E56DF73EEF36C6F621EB6E5
:101EE0002075942D5E8D2921ACF1D5BDBD18D31A76
:101EF000DF48F7D69E33361823EED2C47FDAF47962
:101F0000D1B4E963697D400F96D6133D24DFDD58D7
:101F1000BE53BEB5E94F40FEDB81E4D58C1E887808
:101F200029524EE3DEC07E4DE94F702EB50FF042D0
:101F3000E8133213096EC215C860EE2A96527E620B
:101F4000F8BEF94BC0C3C16CD09348B805F624C69F
:101F50002AC76219E789E8BCB5D77FC1576F9436A5
:101F60004B35CA68AAC7BDCA54F414E2AB7B4B7B9D
:101F7000C3484F8BCAA559C998AE8628F0AB8411C7
:101F8000AF4C28F2F980DAA58E8A184523627CE9E5
:101F90000235218DDA184F05BFC9D78F677CFDF058
:101FA0003E70BE901222FB38344A1A85F775F9C28A
:101FB0001C59F67AEA3CBC9EEB6BABCA8B4EF4F52F
:101FC0004175AF2AB2DA0174579D88D608BD839255
:101FD0006C2A7BA2A9AA131C968499E0F65C51682E
:101FE000371CC0108A7E3F87169214CCC4B6AF70DF
:101FF0006B3CD2153940FB7BD76E0A1AF02C7AA4C1
:102000003C3C5E797CA6069B0D44CB0EB9D7F5DC33
:10201000385CD3AFEDF100F79ABB35755909AB7B4E
:10202000D0C8C891B64E59278D124CD8469498E125
:10203000EC46CE4A9084B33B177A89821C26BAB408
:10204000299328589B77DABD35F3539BDE1C053363
:10205000E2A87CED2E51D0973AAB10FD212E8B38A3
:1020600097894F2F00BC5C8F6BBE2D2C3DB70A9D0E
:10207000D17E2B6A3CAB90A057EB0F39DB91D60990
:10208000D8759EBF025DCE9E8FD4109FBC141904DC
:10209000B02C7F7AB742DF06780A9DF2771C7DA9C3
:1020A000DDA91CE6978817B37A7FE376F77AF9DD26
:1020B000298F0B2F069D15328EF029E1D88AD5463F
:1020C000DE964810461A2289AC31C3DF245B88ECC7
:1020D000DA81EBF9D22A34D29FEA257F8AC7071723
:1020E0009FC209E67C61F53C89563FCFDB8A96A406
:1020F000388C679FBDE538066D4EB928671CEE9E8B
:1021000072AD1EEF61B7BF73D049411E20F767E97A
:10211000050E428C5B31AC0279A3A74C2CD123393C
:1021200062398AA73A8367CB2D1B57404B18095455
:10213000030BDEE09B4142DFAFCD2EC4E3868291EC
:1021400048E8C7376832B1C7BF128DD7A56CFA0609
:102150002E91ED51F6D27156D91DEDCDBED141EC87
:10216000F9C05F5F6AF711B5D09713F765FEA33723
:10217000362E2D5D5AFB9EC13BB7317CB7B9FC3D75
:10218000833F4483F70CDE8883FEA9E49B31A5D806
:10219000C33BF51458FED3ACCABDB573BD22892329
:1021A000C05958F1FAD6CF95E7C352CC79A06BDD70
:1021B00085BDEF19428CF35CEF1908E36AC0491B37
:1021C00017D672A0BD537BDDF6CEF76E7EEEC4123D
:1021D000B5B12F4BD7EDFAFFA693DFECF8E3CFD2E2
:1021E000D31AF645C8D1F19DDEF3E29B1DBF5D1DFC
:1021F0000F75853F8D85BFBFFF490D7F4FFF24AF12
:10220000EBC6E72ADA9E49C48E3DA58CCF19AE46AF
:1022100044DA5C8EC18733216F9FE26A402448D440
:10222000651F740FB40F447BB3A51944AC664A080C
:10223000F2AEE5D2C60BB5890CF2138CDC849AC8D9
:10224000DB71869BF2EE547BFA3AE648C9A64578E4
:102250008D66123BC9E9777CB9DE70B3C8C4BBDBBD
:10226000486789B46735D3979DEA0C9B3DD589CFE4
:102270004A908EEF4D898C0511FAA70BBF6FC0B045
:10228000A3D999CE301E727EBFBA7419CB54E7E33E
:10229000B35D3E10657C5020119B588566F7876CB6
:1022A000F1016DCED68C2E1F954821BF875A955EC1
:1022B0005ADA46CBBDB43D22F792087DE09D57AA7D
:1022C000AAC1C7DB0F57D9E6F37C2D94848D28096A
:1022D0007BDA0525E346948C2BC0308F8C2879441B
:1022E00070052F98D3648D2B3A16DC14FCA7393F68
:1022F0004A773F826F09DE92BFF91817A70DB1C563
:1023000099C2381D13668D83E7E87361B6B88630CD
:102310002E46798E3B178625C52FDF83C8F5584E8C
:102320001B17653F0212D1ED63DE2FF9F2987BB4E3
:10233000CF2D5C2FD70C9543E64EBB9E33B9188B3F
:10234000720EE539454E781F3091457E582F78D56D
:10235000641F94E05D0E6E021B9963A1F40D3EC3F1
:102360006DB8B8369F2B2E280BBBA72CECA55A288E
:102370001B774FD9B82731DC23F7943DB2DA05DA61
:10238000D2E1532C4959C367589E36BBB43A1DB7A6
:10239000A77D265EF9DE66A2CDDA6A18331495EBC6
:1023A000A2DF229C9F8326D63C6ED3C255E3F36501
:1023B0004E883181F9270A5C54CAB2681FBBC7B97D
:1023C000FED7047B2811B868FD6F097606AEDB984E
:1023D000F51E4D68239A50C24D6410B79725B9C9B0
:1023E0000CA2597748551FC69F14743B4B3511AF4B
:1023F000F5DC86A9E4F2A70CF8379930633B149911
:10240000BDA3442D4BF6D8F639B90A16D17A7778A0
:10241000D3006176D1C86FAC69A709D75945594A2D
:10242000D0F371A8D7E27ADC362F7DB3C9DB768F83
:102430002CC172D6077E81F00B831F3E75360E7E4F
:1024400013E1F7083E8106ADC39AFAB0AEE4BD537E
:10245000C7D475CCC192B245225D3EEA31A3DCCB34
:102460003EE74FB33176AB7EE617153053B2B6D3A5
:10247000463C722A4CD6387C7A88BF7D165B81A494
:10248000456F8BEF8EC737EC03D8A2DF30C4BD7524
:102490003FCDC6985EAADD67EE4F9CD970A5169F0A
:1024A0002480383ABA8BE44F432C31E3CC13C65F17
:1024B0003FCFB422F95EFFDB4C21C7E2AFD498C313
:1024C000DCEAD68120E52933F662AD7CD7E873A536
:1024D000D6A545BAEFCDDF3DB1FE896F665BE3E877
:1024E0000C42CFDF6E40DF7D85F39C3A2D7FB91D16
:1024F000610857F760C0C6AFBE6FC4F749E6EF8FFB
:102500006F3207AD0D6A4F6CFCF867F0DFFE9B8EF3
:10251000E75812A126D25CDAA447C2DAA27617D411
:102520000045FE91C75D8992570CC43E0AE61BA187
:1025300061B34B9BCCA8A7B067ADF5AB039978B559
:102540004274345D8D3C4D94E758B04703FA82CB1A
:10255000667F7A1CDFDB1AAB341A8F1EA91B13C1EE
:102560004F51898E418DC77CCF9363C453DDDABC54
:1025700046AF3FCB3347D6E5588820E65ABC721A9F
:10258000AEF96674BA00A597D2F0EE2C71421B8B9F
:102590004FF6C6BEB0CB8CCF58C84FC6A74FD59EFE
:1025A0000018F929FDC91C0BD0B4009FEBA88A2D97
:1025B0005B8EA56E3D8D9FB9FD6C5C007A8A06CF5F
:1025C0009B28AD897CE485D3739B5EC370E18D65E8
:1025D0006FE2EBE6E38244096D1CFE818F404E887A
:1025E0005FB676F30A1CC7A84CF38A6A473BC95FFB
:1025F0007321AB39BC755B66E43148AEB17ED66100
:102600002D5ACDD76BE98BB805E05FB669366DDC26
:102610005457668E3C26C87E9FF3F4013F7815F729
:102620008AC81AC8B23AED144C3DFD815C3A6D5926
:102630006A07D3177D27AE535EC77DA159B53032E7
:10264000253ECFAA3FFC954605F9F62E7CF262FCAA
:102650004A9B3985087FC2F93E3CE5FBB68D2D23A8
:102660008389F5B64435A220B827E4E7A2834EFE5D
:10267000B55E15E47794733D8177BDEB1243BCF7EB
:1026800069471363BDF7E5B5B3565C7A6B782D994E
:102690007C2D710AA2A2166A450265A2E387E9C5EC
:1026A0001A95EAA8F300EEF544DE1297E85981FA8C
:1026B000B57CE65D94CF9E83687B0EA2ED702F47BC
:1026C0000F4234A0E28468FBD7825C826ACEE4EEDB
:1026D000740DF75DFEB92B14513DB5C31458B0BF4E
:1026E000A26EBA70BF0A7D35AEA9885A5A8BCFBE8A
:1026F000D0C942665CDF5F55C5C9F20998F9D75E5B
:10270000B8FC728BBD257E6D7EB026CF5CABDD0D37
:10271000D2F38D1F701E94D6B80F8B798EBF56AC36
:10272000C554A4DAF1AEACD2EBC7A9F64A01F73C26
:102730005F29B17C344C75DA2723E8DB936A3F8745
:10274000DB4927EF75DDE1576C896B51023B99F846
:10275000D9C92FF390A91B4F6E7CD2451B479E5EB3
:10276000B9F4EAACD72A5EC367580863ABAB9ADE0C
:102770006FC0A732AA852E72F5B2E80EA633EE5AC4
:10278000EAE5B92DCF34579FDD4946E4D2880FEAF8
:1027900024C915156FE15D948A25E4ABDA9D04B672
:1027A000DF7DC685DAFFC252A718D97AD8DFCA669C
:1027B000F336075321C810F59F953E1F8C9C064C9D
:1027C00067F3CF78CF4A54E928B98EFEEC50EEE497
:1027D00024E75392CC4969073245BB1B6A7CAFEEB4
:1027E000E3C3A751440AFFC06652C1B34F86B30C7E
:1027F000E27EB81D8ECBDE3D1D4C0DDED77946A0A6
:10280000C7CB30867EBCDF955DABA19B49289B285A
:1028100069390397196BA72DD3D2D238DC85ED75B2
:1028200078E7C19AACE0EF21929D27B0E5EC6A0D04
:1028300049D5A8F7863B7FC0F67AF2568223999A4B
:10284000EBB4C11C947FB31309317C710C7DEF9EF6
:10285000066DC4BB1A36931ED9CC5A44C7543017E0
:10286000D6D9CC8908EFC31D63F1BD195D62CF16BF
:10287000AE032B5CC32BFDDD4A7711C9F35CF80D69
:1028800003699EBD93C5FBEA5A9AE25F8448F161F1
:102890005534F7111B5DE4CDBFBED8FC213E411E6F
:1028A0007B9C36E3F311149EB7DA07FAF139301C3A
:1028B0004B89AF30F4B76625973F86AF9499FD16E4
:1028C000E6911A0F83F1E3FA626FFD5125BFFB5ABF
:1028D000F68A8EDA327ECBE91CE743D0472C8A6A2F
:1028E000C4BDCB183CFFB3B009624009405BDBFEBE
:1028F00021FBD9CC1361B323B42CC1ED68D725B229
:10290000F7F97195ED3A05CFC135B32BD2F0B90384
:10291000695F3E4B4074A3ADD2114B5535C6469905
:102920007242AD1B48EDBCC25206F3D7184D38B900
:102930008F9A6220CAC79C7069B42194FB65B61750
:10294000F70CBC25117AE0D220AE3223EB49590EA8
:10295000120DDBBB3F53AF7DFA4765DF7296740201
:102960006896ECCD1D9FF64B19BD042774EF3DEC26
:10297000C1ABB8C5E6BAFD49411A06F938EB419B2F
:10298000427A5EE23CA4635AA29B139F8579A7EC2E
:10299000072C23EA0B35B42AD06991ACE96F50AE0D
:1029A00092CB5B8BA15C27971FCD86725281CF8122
:1029B000F2890AFC5F46C09740B941817F77B83CF5
:1029C0007D33943FA5C0AF1EC6D35A01E5690A7C8A
:1029D000D608FCEF43F95B0AFCAAC4C5F8B48D170E
:1029E000D74E5C6791EB2C2BE07E7D9249AEA1B770
:1029F000C8A5BAE538AF96F38300D4118023C4D8B4
:102A00006521467CCADB7EADE2B27CD2FB858E9727
:102A1000AF2DBAACDD0CFA4E59B2D3F98DB466F2D3
:102A20008EF30BFC6EC6E23D517552543AC2FE0F56
:102A30008E4A72FE50E9CD1099F251DE0CF1A7D901
:102A400038B73E6CF4E625FC07AC894EF974975B09
:102A5000ABEEBBB795B7C5D1D922FB164DC4F05428
:102A6000E76891B5D0BCBAD35764D3683EAC73263F
:102A7000CEFF6CBB585DF69F8939D87710A9AEFBA5
:102A8000743AE1B5EC083E5FED835725792BFBA83E
:102A900046EB4B2EB3CD77C27C17E6E63DA5F84456
:102AA00013BE173D6CC076E2268CC687912DD6AC3E
:102AB0008339B00EDB863556EC6602F95266AA2DD4
:102AC000CEA1CBCB2BB2596323041641BE7D6A0342
:102AD0008C4DAA491F989095458437CA77BF22AE7E
:102AE000A83DD0D6E8CB14ADE537B39317D9ABA743
:102AF000EC45CE40C90FEFB6562A6B965F60FE34A8
:102B00006CF9287EB943CABD8E6C2C4BBB87D3E3CE
:102B10007425E6886AACC2677F03B6A38B087A4047
:102B2000B3B449223706DF9BE57B0DDC9B8300862F
:102B300025FD1BA94696114C636D1C814BA3105FAC
:102B4000D686A84617C2F3CEED423B72EA243A5627
:102B500048B202D8A2B53B7FB541EB3CC855141A28
:102B60003FC3CFC2D0B3417A2E5ABBAD51CAAF1DBD
:102B7000AC824F4B627C5A07DE3763DFE540224070
:102B80001D219D4BDEDC2EDD63EA96964A34428998
:102B90008CEDA8CBB62009B06FF96A181BCB04AD39
:102BA0001DEBC62D82D6661FC757B5F15FDA4A5EA8
:102BB000D95080DB1ED3D6893DA5FCFBEC18DB8207
:102BC00085CA933B9FBD6A7B7E21A29F48048D1FCF
:102BD0000B17CFAB29E10977A1FAB2783E1C61CD82
:102BE0009F683CF4FE6B04B5201F1DBB4FFCC197D2
:102BF000121B7B0761DE10DC8B6C46D054DE81EB50
:102C0000A2761479D37606F4991918B436FC2B7C85
:102C100015143A805BC489ED81B80CE4AC529FC6B0
:102C200077626BACA401D0CE5D2F840DCAB7ADDD49
:102C30007C5C6C35A21704656CEEB341BFD5577B45
:102C40001117FC0241FF6EA70BF398043C63E9697E
:102C5000587D663064BAC2C9E0D934E4E37C6903C4
:102C60005E0595F5F4DFD35CF748F52CDC1BBB065D
:102C7000E9BCFEFD3628278CC25AF706F646EBFE65
:102C8000B0D97926C894C736E173BA0494AE65AF5B
:102C900079B1A02517F793EBBFDD8FA5A748489220
:102CA0001AFECB8D018B7F1E34F2842C35B75D7DEF
:102CB000D52BB3C3A76599BD7AAFCC345E99EDBA75
:102CC000322C33BD2233FD90CC24DD156199E9B15E
:102CD000CC482C33FD4899F57B21BC7232D86CD09E
:102CE0009724270D9653712D1E971A3FA4C2BB5FE0
:102CF0009EDFF048A5E33175F4017790EA1F4E8717
:102D0000143FFE94F80522C14B2C98836C53730733
:102D1000619EFE19E4867D4DC8592E6538F1B6C412
:102D2000DC41C94EA77A9EC36F91A40AC36F9090ED
:102D30007FBEF4DAACD7F15B24D166422FCD859605
:102D4000B749E3B17268BE53E3FCFEF8847BE64208
:102D500023EBE4B9505E8D772E24AF6EC8B4353EB8
:102D600051363B3E77B31BE7DCCA8EF3DFC3EBE0A3
:102D7000E9A877ED62682D449E13EC12CC90594B74
:102D80006DD9C7CB666FFE4A7B16E73346A79C1307
:102D900059DE2E18D1960C1117D41389213ADDCCA7
:102DA000629BDEA82B2D314927D0ACFA0BEBB8E89B
:102DB000B33AA9AC38044584C6A1538510F7A2BB29
:102DC000A4B26F47DC4B7BF369F8898B691D2A71CC
:102DD000205C0273881AA0C49EF12BD56852ED7155
:102DE00008465EE3427946DA24BD85F1FBC66BD224
:102DF000F50F5537E4678F7C7D881DBA7E3E57FD01
:102E0000381FCE525AC043CD37FDCABFD14DE27BE9
:102E1000EEA1EE6BD48776B6D3B45B90EA4C0D5737
:102E200068A37639CE0D6DCFFB3FCE3FC012729BAB
:102E3000CACB33981AD2DDD6D8E7DC0FEDB6D55F12
:102E4000BDE8726B1AFB4E49A703B59FC1F8512D1F
:102E5000BE1869605A0EFCEAB742A88F9C53EC0E6C
:102E60007C112CFF2D29D79D1BF6223EBBCE55B5DC
:102E70005F7AF1B9035B65BA3CCDCF3DBED9CC6B6F
:102E80003D08662C92FFF24C78EEB9C8E7F8BF7A9D
:102E90005022F68B0BF484B49218EE195A63C2DEFA
:102EA0006ABC198FC17E173E91CB5CE3B404F2FA81
:102EB00030998E96EFC30C516EBF15C5A76C4D0EA1
:102EC000189BF82D101C4138ED4DE0E42292693238
:102ED000FC815A70110D5113E7F9DE06CFD27D8CBB
:102EE000E77B7C6217CF07F738822E92EB15F97ECD
:102EF000A1C8F70B45AEC3D7CFA15F9F570E839DE7
:102F00004009B5A0B18E6F6D27B1D6B88FDA8EEDBE
:102F10001628FD1ADA16F7A58A8AF551C97236D530
:102F2000CA52E65F92708CF71CBD52BB7A99377F0C
:102F3000673AA33B04737CFE9EBC497935B9FCDA41
:102F40006ED5CE860233FF41B76A790C9AD89325A5
:102F50003A3C7FCB7E4F435B54A2F333F4D27B4A9F
:102F6000365E1FD50A59AB6779A06AE2F2C0F0C994
:102F7000903F6EE8542D0F7C3E70F9532878F9533A
:102F8000067C0D7B46F85A90DEC4A527D24A365BF4
:102F9000F76497F2FEAF5A433F455F77F52FF8404D
:102FA0000B7D78B2DF9B577BF10E64E42A19B2F9EE
:102FB000C8926F011F023C2AC087E6D5CA6F1BB1B9
:102FC0003956739D2970361F5449E6681F365B4594
:102FD0003C6F95EB1C6769E341A73FCE7C77E758D0
:102FE00004FDC3ACBBACA98F30CAEFE72AA7EAFA4D
:102FF0002AD2E44C471E73E6D0325E6D9E590C59BE
:103000004BC0278974305FDC8E3E994A4776F54283
:103010006EB2A61D492D258AD306722CE1CB4E76C1
:10302000D029959D672EBFDC67EFABB8F3F5B5737C
:103030002D3F342FBA93D1F96AC71BD79C1B49FC8B
:103040009EEA97DAF7F11C253E588CE8212C69742A
:1030500073DB5BA615952B98D56D4B4CAF56BECA4E
:10306000BC76E9CFB3FE52F11732FBD25235E8DD20
:10307000CF2032B984B601DA3019FBB4F5F2BC497D
:103080009995F84F7ED6CF20D755EE95EB762A75D9
:10309000C8CF5BC37C22D7D0D5724D9AEFB8D74545
:1030A0001AF9104FCACF1669AF59F4ED60357EB9E1
:1030B000C8F90FC8D8DE9BB38FEF991EA4EDC2EDFF
:1030C000841F64B866869AA162AC291ABF0E4A862C
:1030D0007A7D97F61440F85FFFC47912CF725EAD27
:1030E000749EC267A19756DAA68E427E067E3D3355
:1030F00066F25F14FA2AFF853E72F23B5E0ADB76C7
:10310000287C29141A90B7C6B45DAE317E26D794B8
:103110000FBC98A6E0D9CFE7E829A5DD7EEB697F53
:10312000B3525ECDDB210B91CB955686BB367DAE7F
:103130008F9FC1D920ADF16EC96B97EFDACA94FEAB
:10314000CBEE95ABE18ECC79EB49E5D9B34DB5F932
:10315000B0CCDB434E5EE38FCE145CC227B425CDEA
:103160001B8E2B784B822E9EB1CFB5DF10320445DB
:103170003FB723ECE168DCEB6428B1014B5CE1FC78
:103180009F58DEF443AB0F5330CFEE5FC067FE8431
:10319000AA43CF2391F50CD638DB00C3ABDEF6BFD4
:1031A0005189A308AB396A2D711A9FE056F458A6CD
:1031B000E8E3BA60C6F538D71C7B3CC2A145227D46
:1031C00094DCEC1E866CDD3CBD4586D5FD1A9D79F0
:1031D000D081A1E9B5FF1E76A7D30B9B76D90BABA7
:1031E000FE0FB0E9C55ED8F2562F6CD0DA90AF3042
:1031F00004643A00ADC0898AFCDCE7046DB1A447E1
:103200005F859E4BC2F885A3AE1C3A27B47A6E0840
:10321000675D6397E15984B0844EADB87CB219CF35
:1032200026ECD72A210A26A8F7835DF50C6A227AB4
:10323000097E690CF8501CAF47466B1CA9ABB39EC6
:103240002584AFA205E7375244ADAF0EDE8DA285CF
:10325000C9E8057BA520673C47D3C721F93B02A8F5
:10326000E2A5FEB88DF36AAB557906F7C0E63E617C
:10327000F1F9DA9796D95B2A9AE511AFBF68E11F99
:1032800044F11BF1DE8274267343C8C5714AE650CF
:10329000FEED83C85BAE2B0A6AF596EBBEC16B23CD
:1032A000783564B783DB0BF3D2CF58F0371DEC04CD
:1032B0008137BBD01141BB5D7A1FFFAB1C8BF4DEA5
:1032C000D164186D50CB1F75911A16A90E35B692A0
:1032D000875A5BC975ECCC62C15CED7421BF851760
:1032E0000AFC2E7A7D10DBB48957B74B716952D531
:1032F000B9353C65A6D1D85F711D7790FD0EFB2FC7
:10330000BEB41E71884565BCC04A70333D67C0C3FA
:1033100031B67A0675DDA459A71DCA3E6B3BB38949
:10332000A74C2C0ABA049865FB3FD3538B5720A3B4
:103330002FC7B7C89C187E8BCFF5EEB1EA76042F65
:10334000AC48B7359AFEF7FB43AAEB4DF20CAFF948
:103350004004AD42DE18857171AA4FD17615E13D6A
:1033600057B83578E17FC2F020927194EF97573CBF
:10337000656EAB8E97CDC619ADF5B4F5C484126DEC
:103380002285D70ADEE2D7D733B814B8922334C4E3
:10339000A944DBE7D769B386A226696702D4E8D1DE
:1033A0006FE0B5FBA8C78FD8C5012D2AFD1E7E0E84
:1033B0001FC40BA351B5594358F5D98F68DEB90323
:1033C000B9903BC867209FB95542EBCB8EE179D4C9
:1033D00012CFF3B5B6461A09F4AE42F9D402DE5361
:1033E0008B9827A0C70A88D8E75DF2AE9E5E1DC6FF
:1033F0008B0B420C3D85F2CE5B556F183FB6405C9F
:10340000100B25AB0B763B3567CD8699C54EA7F4DF
:103410009E514F199F0D75F42C5CCE26CD2C16179E
:103420000850AB59D9C5E658D21FB78106771DA7FA
:10343000A0CFF1C7C32F610D96DA59A0D673975F5D
:103440007C077B12127312C1E2E7CBD80248FE78E8
:1034500037C93734219A16E8ECD03A179E831346C1
:10346000A22DC7B2E40C6DC498E6FD726A307B5E93
:103470008E25BE64B783171B117EAF627BA16BE004
:103480006C6D29DB3588F18798B52178ED4AF88491
:103490007FB509E568B5021E91B1F55DB6DDCE35A3
:1034A000BC76B6946B9D2282D4466C11714A44B4AA
:1034B000F4B9209BB6EDCF1DC4A745F129D1EAB3DD
:1034C0000229B74D8F54C6F74E5C7F29AD627175E6
:1034D0009740CE5A2CD7D211F4426D02C63A7BFBEC
:1034E000EA65389398702D3E77D2E5A90AE6A33DA8
:1034F000FEDED384DDB3322EA54767EEB3CBAB75CA
:10350000ADF326D82B141F68D98AD70D09A371A152
:10351000F25EFCEDB1CB2A5B5C408B98AB8A39D96B
:103520009C90574C8E5C8378B5D97E6DD1E58C1616
:10353000BCCE4EFD8F63303E9F30EE59BB2F5FDE19
:103540004F6C5E159FABFD0AFA18F5BB7389A71087
:1035500029AA9BC9459B83D36CE6EF60DE6922B044
:103560003D9C071BED44F4DA27BFA21A194435C865
:10357000A5DF4AA53678DACEA8D059B0947675B1D1
:103580009B435711FDBF7C129E4154BC4E2EC5BEBD
:1035900049C92B7EF5F26A697F41E1ACB968E8342C
:1035A000659B3087CFF3256D890583096C19E297F8
:1035B0007B48A0491A37DF0D8D9B16E5CD3DCE32F5
:1035C00095A01E2D18E47F1CA5EC481BDE7017FA91
:1035D000DD1A5F6E9DB3B496DF380A11C6C32E1B89
:1035E00040543FBA99B800D9293EDDA2A16F22E626
:1035F0009AD2DFB5F01336F34DE46FA68D385A6AD0
:10360000840503789F4E1E87D396E193D4A91DE2CB
:103610007753507C5EF41DBCC6A99C4FFFD94BB1BB
:10362000EE4759C7F566C59F0F9D0CB59C87BE72C6
:1036300043105F52ACB20E9D25367CA0D4FEE085CF
:10364000434D8AFD9994A868F5D6A49DB51A57BF35
:1036500020DA014771B18A4816CA45E71474D25975
:103660002D7C66B0B887CE706F5630DEAA1092CE31
:1036700013C97182D57B86C8192D8C5C59C5ABAA3C
:103680009A8D5350EA46DB3415E2F3CEAB02D32ACF
:10369000F0392CD90ACF0D53D92C2ADC7DE3A5A50E
:1036A000FC1F3295C699721C295F3544FF57CF77AE
:1036B0005A8D3DCFE79557B3070D91CD983A2F9E80
:1036C000B44205F7E5AF05FA42B14BAE9BAA9CBFE9
:1036D000B3142873BBB68A8C1A61DA4DCCA9DB52BD
:1036E000DC29D3189656ED386070B39E3E4C658841
:1036F0005726FFA05D2F2D2BB05634CBFB01DEF7F4
:10370000635F6E89CFD7AC85F97FB2331F6760A93D
:10371000E3AAB316139B7F73FE1D9ED6FE7AD8E6EE
:103720001A85E8646E622FC2E505BF59938B3EA4EB
:103730005CBE48D44E46679C9BDC8A3DFC1C74CA28
:103740009A8C63589C306BF5A515F7AEF033AA95AB
:103750002E3118E03796A5D96A7C116F6922D7A758
:10376000550AB45746C76C8011F771A14F48D95616
:10377000AEC8E7FC4B5D8C6A89ABB8854EDE5F2E28
:103780008640FBE2B28552FB754D2ADE6F32BD7E6C
:10379000A1BFF1A432CF4D3B82DF81F1EAFFB11E20
:1037A000BBBADAB38438DC84E9D76C9E869ED9CC68
:1037B0004DEC41B6445F8431B8ED4DBD32C6F50BDA
:1037C000D5433874071FAB655498CF1377658A7A51
:1037D000503658BF86390A96A815A4EFE48C927D1E
:1037E0005B6AB3330BAF46B3CF2AD47EAC610CA473
:1037F00053C0DFD611D46AA3F3A86463B1FC7D740F
:10380000A03317E7ED313E226D2041C3728D7EA9B2
:10381000F2059EB48FBD3A6ADEA55D29E5CB59B2AB
:10382000AD34FFD7D0F8FE509DAC5123B2DA918B66
:10383000F039125AA5ACE65C746B6306C72BAB3249
:1038400096662FB417E3D11D32C6F4E54A163377D6
:1038500068FC6DD7DAF1ECED1CC234DBEA8D4886EA
:10386000AC5F2643EAE628A363BB17172A972176A5
:10387000BEA5AC01A50E8DB70F645C53FB645C3B29
:10388000EFCA90F452854AF01223DF1B55B8DDE2EF
:10389000F56869EF2BF0AF2BF0C95ECC473711C646
:1038A000F3AED5CB348C8E020D4CA170FFFF852377
:1038B000813CBF947450C84E57A03726999C002372
:1038C0000AE94F138A0690FFD3D79D93292CFFA7AF
:1038D000EA8C5EE91B029EBFA8F0573CC4DF069944
:1038E0008AD80C85BF4787F85B0F96B51AEFC95C7D
:1038F00049D7A87514D6820DB43057F0EAC130CD3F
:103900001D1A33A86D95E4334A69FF08641A59D229
:103910005AC0A378AF08D30AF3C147D7CC96778DA6
:103920008C43923014782571344FA6A1F5BF157DD4
:10393000250CE96BCDCA5ABC4A10D7C25CDB973B59
:103940002157C99EE7431F35D23C67061FDA89B469
:10395000767C6F9F5421C85EA79555E8FB3DDE8BB2
:1039600052347BA442A04DDE93AEE585F1B921A788
:1039700094DE7387ECCD6AAB5721C5BFD20A3FBF37
:103980001B3AE1F937EA0B150A094E986C4132CF20
:10399000E97D0A3D4F82E794348DF58C63F6846BA4
:1039A000385E477778CFE658FEEA3D6F8AFE3C14D2
:1039B000B3A57E76A64A315BA63766E844E33B446E
:1039C000399E231799F9CE2AD26997E649B10A9F01
:1039D000CF8AF4FAD14A1CF17E41A587B82E43550F
:1039E000C6C95071CF8874F9E82BB5D953C8109166
:1039F000B5F810450974175991A69C0FF83E89989F
:103A0000590C9A90B4D37E7F193FC10EB33BADB42D
:103A10000E984755B3245E251205E30ED236BE55E7
:103A20005EA7D996392997BFDD88A216CBAD1C5C5D
:103A3000198FF7922B9C135A248D2778A29DEBE5C2
:103A4000581D9D5EE13D53DC2B65B9D217A370C6AE
:103A500026B76DD48EEC3133078C8BE0832984F349
:103A6000B3DD8276BF946F9591B6872ECAFBA2DB39
:103A70003227E4D608FCED26B42D5DC6501552C69B
:103A800097DA699413622DDAE39C7A79D235858AC4
:103A9000899E60990ADD2F8B322AD227297434DF60
:103AA00091BFC3A07746361FCBC0963955C0B638F4
:103AB0005590D73144B67B90F7EC24F738F94B5545
:103AC0002A67259665C6292D83BF2696311A66A1D9
:103AD000CAEEE94EC56AD0A5DD4EFEBA0BC9900DFF
:103AE0000A64C32891D651E76BA5AF898938EFDA0C
:103AF0001EF19FB033FF9035C53C2CD2CDB4B2DF60
:103B0000FA0F459F3F8DC4DE764A86CC980074300C
:103B10000A7629AB3BDE991424EB3D4E81A99C2209
:103B2000D281AC320E4E79D767744D305F66BB548C
:103B300087CD7C7715E96DD37642C10B144C6414A4
:103B40007B3CE96DD3FC4F2917743906C17E486C64
:103B50003DCE447C1282B5CD2C0EBBE9D5A4FE6EC1
:103B6000190F7A64253B4A07CBA1780D05593469B2
:103B70001B5E1D3ADAEFFDCA45DD2A51E81E24F42A
:103B80004B0BA52F5D549A7D92D289B894755C45F4
:103B9000A38FADD2E1638DBBBE8EDBD1A47CF522B9
:103BA000057F31CAA7224DBB5F8A0FBF07AEA5BCF8
:103BB000787BE88895A73B60D358EF1FB197E51550
:103BC000A82797CDECACC84AED7DE1EACB6D8B2EF2
:103BD000B5F5DBDB2A2EC50DCCED7EE6D6FC1B57FA
:103BE0007B6E744D5F5BC6872D9A7A595CF5384AB7
:103BF00078AF1525B077D1F4E608078326754CC752
:103C0000DF5D7AAFFF4F41EDB332FBB5D5A37E3513
:103C10001C29D5D823200B584558DB8F65F2EFDCE3
:103C2000252BB256CEC3B3D59C2CFCB7262D74F1F0
:103C3000AD15CFACDEB77ACCBBB75E7DE6B57DAF58
:103C40008D79FDC65FE666EFC95E8677A513D52A36
:103C50005B9C1A89F453D4CC162A2605D9A6E551C3
:103C6000B687D424159F42520FE591EE6B67FFA2F1
:103C7000FD2B81E7615F6B8AE3D0DBC57E49B78AA4
:103C80007304C1CC4DE88139AF1A3C690FD2AC083E
:103C900043CB5A7EC86FCB8578FF24916A7D526DE5
:103CA000E23DB90F082A5B43E76075891D45C5549D
:103CB0005F398FDCABEC03DB766BB2C6C1480A72AE
:103CC0002F9B479B39DD1584DBD1669E6E45CB1655
:103CD000F061AD811599D90BB8E83C9410ECC0D1D6
:103CE0005EA549EE1CCCC9AA5E3D99E01E9D4671B9
:103CF000BA0314179D427131BBA8EADC8D49B9EEB5
:103D00008AACEAFC5793B8BD0B08770ADD21A48B77
:103D100002FDA784DB07499BFE0491F48671A6A6E9
:103D200084A592369436B184FB03DF774A9D2C310B
:103D3000C3D188B80957903B88BEA179270CB9FD3B
:103D40007DAED9F46AC29DD77E6DF5BC9BFBAD29D3
:103D5000530BA6E6D7144CCD75F7BED765ABF7036A
:103D60006B8C445CCC01C4DFB5B314CCBFC5DC5054
:103D7000648BCB435CDC2E44A79616DBD1AE2DD9E9
:103D8000C6435D3BC9A22BB6297928F4BEC77C1374
:103D90007A8DC4C2FBF069F84B99447C81BBF49CDA
:103DA000096D8B138C878ACFA2A8372047CF388222
:103DB000AAE79F439AFDA128E15523F1433E3FCA5C
:103DC0009724D76B580329CB257BDE58F39B686279
:103DD000C6B0C4D48AC46A727BF6B7D90B6ADB72E8
:103DE000EB6AF34CEE1EFB65B17B352A3D1B8A2244
:103DF00098EF06B9F8F3887BF00012CF4F43112AF1
:103E000006F15BE8E8B1F93CFF858FB86A05AA3E88
:103E10007F1E2DDC44A42EFCC716137FDBEE2B8601
:103E2000FA92D60D09CC795490B1AF84CB9D2A2E4D
:103E30009C2C9ECF43747C81C93D60EA2FC83859C1
:103E400042FD60DF603B57B9416CE81E3C165AB733
:103E5000810FF8C10F53FA9644E9B6DA610AFD25DD
:103E60000AE9C358ABD70F0D9787985B5DB8CCEDC7
:103E7000C91D1CB60B6C15A54C2E8AC865D0967C46
:103E8000F7A2EF060E8CC0156E9E578BDB8C35B9F2
:103E9000BB47B61AB6A622D730F458F3F3433D60B9
:103EA0009E70B41CC957CD0641354582D8EC02CE70
:103EB0003BEC2AB1BF2740E6352793EFEE557196CC
:103EC0008344F674C197677D7D57F741D9A55E2677
:103ED000D63CF6C3E13E34EC448A76293475FD7B4A
:103EE0009A96BAF0176CB014D446EB7E0CFBA4D4AF
:103EF000C2583B124F1A79519211E62C27B39A29D6
:103F00003324D81724F1CBCFA17D760D504F6C9080
:103F1000EFA7DA2B85F9C2ACBEA97794DC68EBB1C8
:103F2000558BDE99E1FB83A16663CDFBEEFB7D3B08
:103F30006D71298490EF2E607EC6DA752FFC6EAA13
:103F4000A4E57358CB7C67197287A9A6F63F5FBDBD
:103F5000390F89277A06AB7B804A4A35554857BEC8
:103F600015B45789DB574461E51ED99719F72A71B3
:103F70003EBBC0C46FC26706C79BA3246A2FD40A86
:103F8000267ECB591F0D83C6D0E95CDC09123CDFCD
:103F9000CFF84C82C8E4A9B87127C862636AB144FB
:103FA000AD3CF7EA5CF4CEB1551A26CF7F9B516049
:103FB000B617D60CB8B7340CC073F0CE7B9ED5A123
:103FC0005BEEAD0F1D094F4DC823F8174707FB1BCC
:103FD000E9B95D73B1ACF897CF3E0752C3127BFCD1
:103FE000E7570F98F83EFB73F57F275265C9C99CC8
:103FF000B5EDDC57626B00EBCFFCCE470C011B2FFD
:1040000092CB3376EC29A1A05C30D1F11134830E30
:104010009554A2FEA9D5DDE7515059F5F95D4863E5
:10402000179012EF26E7D3BB8BDF4BF265524B3E66
:10403000FEE0D90618691DA6BBEA74E0F9732C01ED
:104040002BE655E1D4D036EB1D22157441F1193F12
:10405000A84E99600C92DB4658E743E6D64FB10470
:10406000E5D126E7870DA5FB4ADC83B9FD828A02EC
:104070002B4A08C5E3E104C2B445C5B8177F31B087
:10408000CB9567E26F819DCAD4CB7179DC1E892BF9
:104090000D8CF79593ABE9F3282F630F5877C3E79F
:1040A00078B4D3F1874758D93473F101DCA7FA3FCC
:1040B0008E9F975CF8CC88D5F8A1CFB196B7154EF6
:1040C000CACFCFFAABF086C63EFA07316C3489BF4F
:1040D0009C546DFF9284F9BF7DB4E556B3A94F237C
:1040E000D843538BBD1A3E7AEED82A8016D6954C0B
:1040F0002D065C8F63992873F9B3367D1E716CD5DC
:10410000A577C0038356A2182C47E68DB8576CBF1D
:104110006F40785CEE13AC90AEF31B7FA1C9EB222D
:1041200069A51F548B5492BFF58F84D156390B1556
:10413000D145E4942D87ECDD44E9D650C455741183
:10414000EEE2EA81BA0C3EF797316085372BC76003
:104150000F3451F240D9F3B20FDA1A56AA360509D4
:1041600013F2998325D44EBB878EE53EAAEC364ADE
:1041700063EF7C2D35D7AE2AA547A303273401C4AE
:1041800068B12416F596509FD8EF5A6797920F4062
:104190007C9EDFBB27475CF5002A1535A8DABD0AEF
:1041A000F54FB27211FFFD0072979003BB4C7C5B20
:1041B0008D2A6E74C28DD344C4FDA309C114F1F2DB
:1041C000E8A443C53548643AFEC0DF5D8584DFD38B
:1041D0008C7BEB400FE8ABB8298C481DBB5B2CA156
:1041E00040CF074B4063A3ECCCC9126E630371C888
:1041F000B612F5B8C4EEDB7F6828C165D407F65067
:104200003E7434E2365686C6AF5B3DA5F49F222A43
:10421000FDA70689DD1A3463F4CF06CDDC81416247
:1042200002FF7E3A9AFE0144E02798D1A91F70C18F
:1042300003444A6D35733F6167E8374E96DC2AA127
:10424000B6DA4B224607203E3400632AC198FAA70B
:10425000A4D792F78B0C5AAA79793469FD63F6BC1E
:10426000EA35DF930FCD4E607F26B7D5C27869B7A8
:10427000ABF038A24D7CCAB9311033BB7BFEA0B184
:10428000D3ADFBBC7421DE3CDAAF74FE0786CDC72C
:10429000F865DF917C5F6E80AD4105632318EDCB3F
:1042A000F57AEEA8980326F72D7BDFBFB6B7417DE0
:1042B000840023EF097AB4667EB141D3D5FDC06195
:1042C00053A93F0DB1E7048C32FE7865E0BF441D71
:1042D0007BE5063A9E027F02F908F5E907EE377F93
:1042E000E8E4379B220A32207BDD70B2840CAD11EA
:1042F000880D1A3A4F35C2B7CCB5A59F208FADA215
:1043000032D4147EEF4BF8B9A678C8F69E5CF40E52
:10431000C467A27F2AF7E0795457B3CBE41EB4DF19
:104320001A6F82DC20B6FADC0984252BE4DF2AD957
:1043300033C46F041D8ADC2F8EBE55CAC4410CA540
:10434000913BFBBBBEF123C66F9239769FE4010F10
:10435000DB1A82012217E5A9AA4B1A60B4B64823DA
:10436000F7DB7558224931670FEF927A89B0874A97
:104370003E18AF6F0BF9BBBD3D41A6B0CFEE9E45D9
:104380000FD41FAE33F11167111FEE8BEA9E24D7B5
:104390001BCDB187640F5BEAF01F1461C458373836
:1043A000ABA4F71B9EAF7152A758C42FDEA18EB0ED
:1043B000435D0803DE405B29E5D3CF4D28114C94C3
:1043C00049F26284ECC5FCDFF8F4030DFDF506D973
:1043D00017A6164F2A4E32815F2366A87624598D80
:1043E000FCFBA780FADE41BC7B955AF27689CDD8DA
:1043F000B04153C200E4B0642D9BA518936F220E08
:10440000EF1F96408A79ECDE7F1FC1A3628AA55117
:1044100046AE9F672E3830CDC4F3609B26FE99735D
:10442000E4FF2DABC73EC476E31D215836BC896638
:104430004AC16214ABBB93ABFE0F56D769EF1BD9D1
:10444000165B5C29B6B89334A339576C10C1E2608F
:104450006C0644E40FD9DC899A4088E8777B19CE52
:10446000924A08BEF30E824D74D87BC79BB03D08BC
:10447000F979EB447B77AA978E526C0D4FD1BD92A0
:1044800035C03CCEFDD7EFFA0A4678D697CC6F768A
:104490007C7213F3FC69ED2E9357D7427EC1101640
:1044A0009BACE9E3F4C0CEDA8500FDFB410C7DB89E
:1044B000966F5F47522015CC57912A9A99B7CE062E
:1044C0005239265D3B072F31201B85CF08958ABCCA
:1044D00087472C9FAFE8D008E00FF3155426AEF2C3
:1044E0000DC4DC45DB8BAFDE23C9AD00F978406835
:1044F000C4B35B0D90D320715500C0E5A1192ABB50
:10450000815FC7840ABE11BE0148F36E2FC808053B
:10451000F2E887BE08DFDEDFC8FB342FF892B2CDA9
:10452000E98F9F916C8EF195A34EE5FF4C7D9FBA6C
:10453000CF17F1C89FE45FDF11229886ED0DDB9560
:10454000645F602FE0595A873CCB13E7C214AADEA0
:1045500019F22A29A3C78CF02A83B921FF877E3D4F
:10456000D0D6C1BE63674F3A6D4E07C2BB1D7C1DDE
:1045700013AA39576210BB3D0FE033A332B58D7BD0
:10458000E511226BDACEC86323E3EF10FFB73032B8
:10459000CD8B7768FF1DCD870A6A88639962893F52
:1045A0008CB66A47AF61660BDFDF147C2993CF6757
:1045B000837174798A7CB323E0CC480D570B3506A0
:1045C00051E84AB5D3278B6DC502D6F1317A4080C8
:1045D000511F913B04636F4B1AB226D045058CF8EE
:1045E00080812D87B75BAE1279BE80B173D892D22D
:1045F000C136024E7933C17F1D574F035E77BFFD31
:104600009A902EF9AECFFF0FDFF5FCE86B237DD734
:10461000BC11237709F471BA01F7B17ABFAD3158F3
:10462000CAB861443A9B10B63DDCDBD9C2EA2B3DE7
:10463000302297ED17D27799714F11762DAA6EEA35
:104640004138E317D6D638F738253D9438D03E8721
:10465000FB1833903202FF528CFFE87FE441CE8199
:104660000F5764CEB757DB9B0CC732ABBB57114714
:104670004AF8DB3FA0A9769CDBE4645A8B2694F0D1
:10468000971A199837669858DECFB719EF7262DB20
:10469000E5434F0295A168BBE50724C78C9AF7DF75
:1046A000EC28FC05744341AF2730EE9C4C774FEF6C
:1046B0004085578F437D08BE474A2A3271B68477BA
:1046C000CD7E1898D972C69EFD025FC0FC1091DFA6
:1046D0003D78C585FB28F02D60B6AF3B3860AB6FE9
:1046E0001B5C399D2BC477DD83DBE1BAE59E7C1D25
:1046F0008125144A11E0DEBCFFDE190C8CF32FFB80
:1047000083174E06D82FC55561E87C9B86D549197D
:104710000A617CB3E38FDB1FFA12661E03763CAEA0
:1047200095990715A726200F95BC22370EA2A1C97F
:10473000DD6EEABF784FDFEBA1EFD3BB955947E7BA
:10474000BFCFE4B25D235B94438B4FAABCD4E2316C
:1047500026A89EAF25524F49F3A9FD92B7069CD7D4
:1047600030ADFC9DB235EED71D0340F31ACA3C0AAA
:104770006D1B1735EAE1AD94A97470DA0787984686
:1047800074F8039BF9EF8378CE6C331F1A3CF0C1A9
:1047900081AD94F9ABC1C3D2F547B83EB6D566FE3C
:1047A00015CAF1F52E5C67D8DBD12147038A70BCAE
:1047B00083482D21BA33327B67385E493AC464128C
:1047C00078CCF2D73310CCD80D33563550136C87D4
:1047D0003C8DA0C742BBF5F1BA5A7A94CD7477707C
:1047E000CA079F6EFD167F91F26255A03653FA4EAE
:1047F000E43F7DE9E9C59149F229BA83CE09B93987
:104800008E2273599D729EE3B2F7F496B2AEF4888D
:10481000B35CFED281CF51ED4A697FA0A5A756595E
:10482000377DE4ACCB9929AD0F5ED8C41FB14FF9E9
:10483000557ED2FF54367B7FA3562FED4B5F254C20
:10484000D36DCE091412D74D680B79FCE1B9D58E22
:10485000AFF197899178D60C794DFA203EC52EAEEE
:104860005949F12B3E44E21A9A3ABCB654C81CE4AA
:104870009056FAB69746C8829ACF914660A9EDA89D
:104880000AD18C9A753FD07017F7C4EDCD3CB7664E
:1048900091E0723A24BF35519B299D57FCAECBA5C0
:1048A000AC6F3D5CA4DC090F3F54CB95D348E66068
:1048B000E7F73996B0A4C326A716AF71353ECBDF14
:1048C0006843D2773AD926F2A073CD134FD7ADC93A
:1048D000F42FC0BB7D3996EC05617547EC8439C96E
:1048E000447DC810FC181F124356334D648D53305D
:1048F0006DFCEABD76FCBEA5ADC63EB8F1B7B03AD8
:10490000E9ED203DCC03497778631FDEEB9FD02291
:10491000EF3FEAC6FA2BEFE2968757A42BFB0C0574
:10492000F2F95ECB7142A96BD65E4A93BFB88FF79E
:1049300018251E2BD863FD0B9CE9F8B4796CDA2B93
:10494000686683F73DA0D40E65C5EDB673AF946776
:10495000BCAFE8A276D36C3AD9B918EFC8E41E39D7
:1049600092C72F6DF153B0078728FDA40569D3A521
:10497000FD881795F3CB87BC141C0D481C8F74CB96
:104980004CCE2EDCA3C06A68B5CE99265169F39649
:10499000EE7C5843A77072A92E472E4B7F08E62B5A
:1049A0001494C7CAE5E51697D607E1EFF88A8EACEE
:1049B000F55CB427D2A55501754DE55C0CDCB3E878
:1049C00029AEDCD1817F8ADD1D93F72D9A9F96B8A1
:1049D000AEAADA27F3DCFA4775AB7C57FF47596A72
:1049E000C6EF659A757B6D556AB4C9D0557ABED04D
:1049F000AABFF89B225DC6CBA38E9279343EA5C098
:104A00007FECE5D14224C60CF368F4486F1CC8EF74
:104A1000B5ACF496A6DFAFA19339E524DD72B92CCD
:104A2000F63E99C7E458B93CEDEDFF6F1ED90EFC78
:104A30009379DCB94FE6B17CB6C4E3CEAA1D3267E8
:104A40003B93BC3C0A49CA3ED14999E6E66D93BC0A
:104A5000274DB6E3FDDA35067275C58A4B4BF07EFD
:104A6000ADB42E2A6BD333643FB715BDCE50DA6F89
:104A7000F1D6186EC92B136DBF23CCCE77F07B9D7A
:104A80005FE6E2538D1AEAB85D331A2CDA7119BD6C
:104A9000C7EFB3EF7168D60824B79755AD59B4C6C0
:104AA0001D5EC745D3681BFE1AAD931DAC66DDA81D
:104AB0008C8F62358C9D2CEBC26F69BA431AFBA1B7
:104AC00007C9FE608AA9DCA5AD572B77470BFD957A
:104AD0003B5D6190726759E73D3F8839886E96ADBE
:104AE00036B3D8C2AB5BB49D40912A0645BE52D4C2
:104AF0003EFC4685F29EF39521FDB5FAA5297CBEC4
:104B0000A6D86FE190FDBAA90415412EC6EBE6A424
:104B10002D7DD9D7DD4C7BB4BB72E064EF995BE7A8
:104B20006EFC70F5E7B64B9732065EED7DA37B8F8A
:104B300083EC7C3070775E8E93A768534516BF96E2
:104B40004DCD9DED72AC3D2A3A164C89CFE3DFEF97
:104B5000F455E47B7148BE1794F7AAF628F2750C59
:104B6000C9F7A7E815601DEC1A54A17C25E1E86A95
:104B7000BB99B73B151CBA0B5EC8F2F376639C7207
:104B80008A83FE48A1DF36447F1391ACF0FBC3104B
:104B9000BFE7BCEF7AD19F29F09621F8EF78523524
:104BA000DDE50950ED66F15AB8E403277A14991D42
:104BB0003D3B44DF19DB7EB5B212B3B3C689A4FD19
:104BC000AEBF786BD3BE59B847A1EE8CB74C77DA3D
:104BD000BE5281DFA9C0AF1E823F85796D487E0F2E
:104BE0002271CE974ACB1A2296CFDD412AADBF1E45
:104BF000E2F7A4B2FEB35DC652BE22A85691E657B4
:104C000043F8BED4A854ACAB3340A529D981BCDC51
:104C1000C62A2D2CCB86E45F8FFB8D7BD7FE82D5F9
:104C2000E813AE48E778FF8284CC1708ABC85F6909
:104C30001FF775D66E5574CFFC0B95AD674E70316E
:104C400044207935E766CEC59CEBE48DA276A716A5
:104C5000E13D0DC7919E1B59DEA7F69C23FD63D253
:104C6000BFCEFA78B1C6AEFA5430E638973DEB467F
:104C7000F4E5DD5DF8DBD78239812D4605AF727131
:104C80009EBDF38B27BCCB4DECDA7BD8CC3D4AEFF5
:104C9000E162BAF6F201BEBA04D50B04F5BBDCBD85
:104CA000945EB5F7CC464EA702AFF4C5DE84DFA50F
:104CB0001151A3AEFE893FCDC6D9F4C97BA5AF592A
:104CC0004477EE7DEC2B5B26E13F21F3E4CA9C8820
:104CD00083F6997D9A579E408F860586893F8E225E
:104CE0009F115EBEA3687EF9ACACABF3FBE7894DC8
:104CF0003499F08E076DFE607466EA2AAE72C7DEE4
:104D000059CE8317A9CC93C4AC92493DD3AF2E5A48
:104D100035D73CF5C29E8CA0AD074FBC9179B3F05E
:104D200048C941674DEB91EB7C32ADE37DE950AE74
:104D3000F2B3BD4B9FDD5561D37FF189987F72EF50
:104D400099F72FFE96FDE2B6D7A3966A5EF423FB91
:104D50002385276D99D651943EF793932B67DE39BF
:104D6000C45E37E46849AD5524C4997DF39D8F86B0
:104D70009DB30786BDB0E619C59ECB971CCB7A754F
:104D800001A6A2BACB418CDDBA0E689A7E618FF380
:104D9000C8451B50B468C184929957BF364FEAE1A9
:104DA00026B4EC8980D9C56E3BBFBC111D74D8D226
:104DB000733FD16C62C909E9F87FA799653F573CF9
:104DC000F5DACCCBB3BCBECB3C2133FA9563996FFB
:104DD00064006FAD73CDB34AF65D3F447B0C14D0D5
:104DE0007C2963CF89190CBECFFD849BF0C59E033F
:104DF0005BAB3D4E827BB0730F7F9C19C397D4A8E9
:104E0000DDD651B78AFB1FAEFD3A39C2A142FCED97
:104E1000767424D77FF1331BA53E4B55B8CF3F8D19
:104E2000225F803E155B31EC819E7E701E69FDDA4B
:104E3000FC02F4246C3D72024B6786C369B049BD25
:104E4000B4ECD9B9B5415B2FE25E3ECE9CF9BE4DC4
:104E50007F722F8E2FC5C789E43D2BADF563D26FCE
:104E600064E538AF2F70DFDFF9C5D505EE52F68B5C
:104E700095CF5A0FEC1F70473297F7AC74E7D05FAD
:104E8000C8100F1D58FD6C5DEDEA1560D785F40163
:104E9000B273CBA78A14CBBC79806EB37CDEB3FE31
:104EA0001DD9CA75B387C6BB9348712E8071FC3F6C
:104EB000ECAC8369F72D4E15BA57CC5F5DB33AF46D
:104EC000DDEE57E7BF56F35AE8EBB7FEF24CF6BEFD
:104ED000ECE7177A7DA3C1E9C57A5494B1A6AF5A1D
:104EE000EA5AF9EC0197F7A4127E07139F5352E098
:104EF000377AA3E4D1F5B2276DDD2C537174FAD063
:104F0000F82F74B1E042BF70209796C0EF63E7942A
:104F1000E607A3EC793342E649EFD36417E0EF9B51
:104F20002B5AB4D499F1578966E42F48AA331F123B
:104F3000E293F8CE05943303CF764D25DA0C69FF62
:104F4000FE25919EC8CABD09254A3B3FFE829E9020
:104F5000E11A14B8861744DAC05EAC15CC27F326E4
:104F6000E49EC9C5EBE17C6E17D44C644B435720DB
:104F70001943FAFF23EDDB039A3AB287E726B9B962
:104F80000141C18041C1160910A556A9A0F868F9D0
:104F900081106EC5D6B6B6CAEAD62E7A41ACD555C2
:104FA0008BD6DAD66D4272094151D80B5E2CB88B84
:104FB00054C1B296D5529BAA55C0173ED66755B478
:104FC000AB2D1A20DA6AAB158858916FE6CEDC60FB
:104FD0001FBFEFFBE3FB0392CC9C397366E6CC99D1
:104FE000333367CE2921F48EE6590942D58D213617
:104FF000AC02C7790CB395C0989E96611E1098E5D7
:10500000E01C81692B090E08A0887C7B0ADD718B6E
:10501000626F2F940B313AF809F5D798F862CED722
:105020000D308DB92598C6DC9705DA4F13588F23BC
:105030001F658DE156771088F90462FE34810ED524
:1050400078D5FFD1FBD5A1CB726FC9D678C80E6FCA
:10505000614BE50DF452F08D5BD8DA33FD3D383A03
:10506000D876F41DD25F7FC714B68452C6C685FEBB
:105070006FE15CB042DC28BDFBFE2F95DA33C47FC4
:1050800091B808599CFFA748EBFB4BAF588C5E15B5
:105090005AAF4EB353C99BA7A27BC93AF74C6A5388
:1050A0005369464C572EB5367D8FCDFF789DBB8A10
:1050B00042BEECEB985F12AE33758C3BA132777A2F
:1050C000EE7C9EF0E3103ADCDFAB51E51CB8BC4748
:1050D000B07B29B8006F40A7663AFE374B3EDA181E
:1050E000216B2598BABFFA93569816EA6648E331C1
:1050F000958C470025B76F81AC0B204FA5F8B5B054
:10510000FAA12E036901C99C9881DA70E82DDD2C83
:10511000F8DB6B4A92384B8A2F901C92B1C929CE8A
:1051200094C6E339321EFF037B7B00AEC5184F6681
:105130005A7B8E38E126AE2721D397D4D830D72793
:105140009D4A49256D6CE9275392906E615594D61E
:10515000AD03FE07A90AFB9AA2D35AF55D50823C23
:10516000DFE17972916E14974AB632ED7355CE270E
:105170008BBBFA46168FAA58288D9DDF49071A5F08
:105180003CA2689431FED039F29856CCB2B3F17794
:105190007856BC81B4B01BB45693AEF662057585E3
:1051A00002F2A6DA6C8C87D231BE55D152C092F68B
:1051B000AC22E341C9B49A66E85A29A0CCD8A2210E
:1051C000FC92E6E1975709BFAC212F07C328A3EE55
:1051D00026EABD9BB4AF8AD4FF8A65C414B0ACF490
:1051E00019953959371BBDB3A8892C43D2F3661CD6
:1051F00043ECDC4F92F9F080E07FC583FF45823FAE
:1052000097E00FF1F4DF0B645EDA88B61D4CE6D749
:105210005AF27BC8E37C8379A58E2906C74564676B
:10522000349DE755643EFF5C524FF4424CED14B997
:1052300086D0143A43A0ADA7902516D4636B087EA0
:105240003277137E92E12A92B46AEB29D99A2D73B0
:105250001B299D48B3C847087AB52CE4AAAB794608
:10526000FF795783FECBAE0681F1F3D36F6F6F905A
:105270002CC0FFD5B505ED0AF57B5D0AF40AB74FE2
:1052800007EDE36B5382CC4BE039B2CF94F529A8FC
:10529000B352105AF7756F6F16D04FEA2B93F09CEC
:1052A00087FF2610BBE09DA4BD4E4FFBC6E3D2395D
:1052B00026AD8E565002DED5BA2E9705F1608F9836
:1052C00013643905F7CC97340AF4AE7AF51B35A58B
:1052D0005492F62FB554C14BFCE4CF3670ABBFA649
:1052E000B5414A055A6105DD7870442CE7B4339E18
:1052F00080FBEF50559DDB45ADD6D166CECB4DD56D
:10530000DDAB06CE8F3E7E84E4F7CDF5FD3529A5D5
:105310004AE3BB209F417B70EECD2E10235E473EBB
:10532000225A9BC150FB88365A9FE9207B583CFA91
:10533000D1722BD29F867B58DCFFA9A4FF9B3DFD39
:10534000FFD4F5749E45711FF51AF745BC975DB5FE
:105350008C67C3EE688BDD54586B1C6302136FC4FB
:10536000FF67385077E8FB5380D8AB9D8312352117
:105370008CBF48DE39A5FF13D9ED1889C5BC646B15
:105380008DB10FF7F4570496D46C3F138769895891
:1053900023CC48A6CC1164BE9CF2CC9730B27F5E81
:1053A000836DB922FE4BF65400BD2D80337143EF5F
:1053B0000AB8FE9CD7C14FFD98AEF385F338FF2E97
:1053C000C5EAB85C66B51BEAA225BD2B603BCF9150
:1053D000919CAD8D0D04FE15504BC7B2FF625E125D
:1053E000D1DA8E91DA9E90EB05C1984283C24A28A9
:1053F000A4ADC2853E0AC12119323D0853485B3134
:1054000085C6B3C482AC0B63B0F5E47198D6906BDB
:105410000173B9B26680A85BF14B154F46E665FF94
:10542000469922DB4999A2967A72CB7DE3719B352E
:10543000EA24D22D205C5D6912F61E6D6739CAAD73
:10544000B0E3310B757F26E91EDB980602D79097F3
:1054500094630A5CE6580942736F57DEAC6A3B7E80
:105460006D5ACFF4EE999DB3EFBE717BDECDF96D31
:105470000BAFFDF8D052C5F673A419A7C3F1683578
:105480004772455D2A81695148189F766F8FB24AED
:10549000386B6D7B7E4C9F9681F1327BF3926A3341
:1054A000FABFF9FDAAD4F76ADEF37EFFFBB7521705
:1054B000D52CF25EDCBEFA69244D314C8D29496051
:1054C0007628B91F6DA37433A575F513615038F8AC
:1054D0006C43F9E4A896CFC41C1B8A8B23D532C633
:1054E000FDA5C3759A2960A45F11EE2F1C2EB41779
:1054F0008F9B4968D842DA37CAFD19F24250C2423E
:105500000921C5933CFCAA94DEDF5D8B69642AA463
:10551000CF2AA612BF1F0D5D9A9822C3D2B3889FCF
:105520008DBF4A305B98DA228CF529F73F26D4C725
:10553000256B42F964D519E9FE6C6FF27FF0C95909
:105540008B256EC64054F67EF2519CD290835B57F9
:105550005D539E8468311B7903C13F55C236DCBD63
:105560004DFA0C774F27F5944A9FDBE127AE7FBEBB
:1055700083F10A8563A4D28F542924AF13DB181357
:10558000A125C2BDE16E65097BA19EF4E1066BD247
:10559000A759B0B6CAB8E520F4F5062D9DA0C66B94
:1055A00055C27B1B597D5871D04D071A5B9AD55750
:1055B000B8A2E1DF78F897B0899D518F52BD58FDB0
:1055C00016D7447D956BA27F8A7E4BD39F60BF0028
:1055D0003E45BFAD793E4C4B81BFDED657C2125B14
:1055E000E05F15FCDBD6043F9B932135C938F2AB55
:1055F000AB3C2849BFDDB560335BE270308A789AF6
:105600002D3DB895DD5CAFB814B752F24017DAB84B
:1056100066D709C5A509EC8134B3815BE556A35A69
:1056200007B3FA5A57A8835149F0C8A3138487BF18
:1056300042D8A235BB4FC8258BD67C7202791CB8E4
:10564000BB52E0DDBD923D595873689C5A15FFFA74
:1056500064B3E1F6FAD70FA0DCA24C73E449290742
:10566000A59E84A99FB0D7F61D48E30DF197121DA2
:10567000F8F315F269249F2F425AA9785F58771CD6
:10568000032841ED529E3F886E778A9B1CC83A23BF
:1056900057ED577C4250337EE74FF0F3D15B94E2F5
:1056A000D3748AE3A25B7BA609FEBA75FE6B3862EF
:1056B0008A0B29E79B8BE617FEB7405DFCB5967118
:1056C0002B2F1D6CCCEAD191715DBB932DDA87EA4B
:1056D000B892A415B3249F9C78B45CF9E549C156EF
:1056E000772F9E8BB67CAF4354F2D99D9FB2437700
:1056F000A179F0CA5EAC65AAFD8BE739B240283EBD
:10570000D1AD1E10C4E93F6F6E217AF480E279FAC0
:105710001DAE33703CBF6C6E81FD780659E4C1F953
:1057200029F94F33479E5DA7AFC45677B287B0576C
:10573000D6F7459F9222376A76B173F63A0C7DD13F
:105740001A514C4EFF247D5556C208A37E5B358A04
:10575000C59980E233C2D9920061264398C9106688
:1057600032E487C970EC27C3FCC9505E0538E2A457
:10577000489D26F8DD1BF28909C298208C09712BFF
:105780008441311E4D108709F11E93032172763E2C
:10579000AFDFA2B3E8ABE0DF362687448C6C80F83D
:1057A0001B60D90658B601492658B601966D80652A
:1057B0001B60FE01744A0AF30FC0FC0330FF80BE79
:1057C000C67500E61F80F90760FE21987F08E61F76
:1057D00082F98760FE21987F08E61F82F98760FEC4
:1057E000117D65D6919224FD96954720C411FD3612
:1057F000D7916EA3BEC67144BF3DEB88BE76E591DE
:105800008297F415EE631B613BD38E0E7B09F6D0B5
:10581000B1A79F8790C79E9B0639FE18B2BE85D060
:105820004721C6A38E883C33C47A14D6F81F810F53
:10583000CCD357384E6DCD14D6F166D8EBA71DFFEB
:1058400088FAA460BEB0EE1F51FA2DCDA7857591E0
:105850009FC0D972DA11BFF680B06ED45A38AB60EF
:105860001A0FA98769B5A3BE17D6D58ED26F97E058
:10587000BED7D7C2B469854A615D7CA1BEA2F9AC2E
:10588000B0AE4409319E75EC1FF394B06EFF1888DA
:105890000FA68D7B0AE23BEB78A338595837AD1839
:1058A000E23B2BF025C990B6338EC3E31609FCE129
:1058B00071FAED8E33023F6E91BE16A66596F20226
:1058C0003FA314D278EE134863090F317EEDF876CA
:1058D000E2A7FE90C66F27429C5F0BFDC77D0A7151
:1058E0007EEDF85BF91161DD5FCB21CEAF21E411D4
:1058F00048E3D78E1FE37F14D6FD180F6944703F2D
:10590000421ABF76ACAB6084757FAB80345E10D634
:105910006D6520C60B8E4793470BEB1E410E8169C8
:10592000FD5346437C171CFFD8F2BCB06EDD1688D1
:10593000EF82C06F7D1ED278DE41B34BE11A08F7CB
:105940006A294B219DE7F5B54DE7E1E85C847D7957
:10595000118EDE45D8E317E1E85D84A37F11F6F5EB
:10596000252819B6304852A3D50AC05424219104E1
:1059700047FEDF14B09402CD4398AF80790A98A710
:10598000F8F2E0B56990227A5BD326E3ADA66D27E5
:10599000B46A3FC59D13C6941D50DB4F67EE9CD67D
:1059A00057AC54DF80B3D7C5408C6AF4DE415FE367
:1059B00066767CA7AFD07941E9E7E505255E9306D9
:1059C0008EB906729046BFBDC90BD2A8D1573421FB
:1059D000EEF6D66F717837C259B2D21B96F686753D
:1059E0007AC33A610EE3C367424A7C047E57B2BE73
:1059F000CAE1E30844F6D634AFDFE6F0D1D754FB72
:105A0000403CBEFADA2C1F48757F08DD1FC2F687BE
:105A100054F78758205FC1BFEDF0AF16FE55300335
:105A200061FE40983F10E60F84F90361FE40983F05
:105A300010E60F84F98360FE20983F08E60F82E9A4
:105A40008360FA20380383607A10ECFFC15A25186E
:105A500000E77110F2530D677290BE262B08C20545
:105A600041B8C1B0FC10083704961FA2AF720743BB
:105A7000FC4320FE21307F08942343209F84C0767E
:105A800086A077BAB0AD21B08E10385742204C08AE
:105A90002C1F02CB3F01CB3F01CB3F01F39E80E5A2
:105AA0009F80794FC0F24FC0FC2790273E28BBCA89
:105AB000E0088442690AA54A73A8BEAA1AD2E1087E
:105AC0008570C3603F84C2D986667CD8D614081519
:105AD0000665811E620A439E98204418C412066B14
:105AE00008873584C3F47088391CA685C31646C25E
:105AF000F448981E09D32361CD91103E12E647C2A7
:105B0000FC48589B1272E47008331CC20C8730C8E2
:105B10001F6014FC0D6722FCAB827FDBE05F0DFC95
:105B2000AB857F15CC48983712E68D84792361DEEA
:105B300048983712E21B09F347C2FC51307F14CC5E
:105B40001F05F34741FC1990934741183863E15F03
:105B50002DFC43FE062BE1DF16F85705FFB6C1BF4B
:105B60001AD73330FF19988F7C118E81F970E6C2F5
:105B7000BF2AF8B70DFD866B682D13EF48FB7FCB6E
:105B8000BDD2839724FEBFD4846C338A4FFC8AF73E
:105B900025B9ED4A706461F90B7F5B212E2B84B728
:105BA0004218AB84FB31D90EF12740FC7D729DC8B1
:105BB00070F87D32849F0C6193216C3284851CCCFB
:105BC00048EB3BCC47DFA7C3EFAF396C8FD14BE637
:105BD000E3D914A4A3141F84321394365D6AF2CC63
:105BE0005199C66DF0AF56A25505CBA99036E38802
:105BF000F30A7D5CAEC3D5D684643BBA378752E6E0
:105C00000E4CBF03C7F16798F6338483DC22F97624
:105C1000443C81F8E36598F6F2E6F910D3025EEDB4
:105C200068EA076B47BD54DA24D144EA86BDA5284B
:105C3000FE1AFE57E2755A920F88969A66259211BF
:105C400097BE9329DA8DAC097E40DA15D482B6BBB3
:105C50004C6435024827D907F35EBA89F28A10A747
:105C6000E64B10B95AA6014A3C57BE566D829F4D6D
:105C7000F9F8CF958F20A03451A3DF5A265D8DD23D
:105C8000047A29FC74907CF9B349825D8DF49F3CC1
:105C900029425B1EA42D0FD29D277FD742CAA1C4E3
:105CA000C98794E46F344279B2166A5E79FBE0BA30
:105CB000ECC8836DC1F055CD52EAAFD398B57239B7
:105CC000D8CEDC466447735564A5371ACAD224ACD3
:105CD00045BAD64A5A0A4CD50F732B0E43989FBE2D
:105CE00081AB417FB50941EA3F667ECCB991732B08
:105CF000E74E4E87F979EAF982148AA5FFEAAB7676
:105D0000D0547CDC7A10BAF925285FC694E91C606F
:105D1000AFAD890A0EB401ED0A7A699DBB993AB616
:105D2000DE6C88696B02796751E48DF2B379672D77
:105D300086D3F9685CCB9A9B40C19A9E751B8F0BEA
:105D4000EFAC047941F9EA9A0DCAADEA477484BE12
:105D5000A2EA519EC63CD99C62D1D380EB7C1B8CBD
:105D6000CBFB470EFF3C1FE94F3BC5AE5EDA80AC74
:105D7000589C83B3EE73B91A40E86B3B86AC894EEE
:105D8000E376D99CE549FE59505333055BB3C066B1
:105D90004370801594890ED0B95EBB5CB574CE5A41
:105DA0002A5C60E240E3FA38A889857C2DCC8F0517
:105DB000015F877C8D3450650D1B1D17F2B037983D
:105DC000F106135B2D5BD820B82E79FB69CA9A0FB8
:105DD00081F8E3D8CF9B2B57601EF60A2AA089BF13
:105DE00005351C0DFD4FC73B30BDB23D435FD59E11
:105DF00091B3687A81F9C5C0A98E7E414060FC34B8
:105E00005C400FD0FA028DC34B11AFAFF04231624C
:105E100006623DBCA1116BB46CD0F5F9C1834E0094
:105E2000B3A173FDD9F5508F05D8EB8C3BA80F16A5
:105E3000D4F35057EA7EAC74CBBEB353B4DE4043C8
:105E4000BD2079700EF7CAD30F477FABECD267380D
:105E5000F924BFFBCAA5EF796E1A95644E7DBB632A
:105E6000C81D7D2884088510A18F43247CA98C3C03
:105E700096AFC80EFB5BF0CC5CE09BCF59BD159391
:105E8000E8571337B3DCBDEA313373B97BF9D4BCBF
:105E9000DC601F3580DFB36753D37383BDD560C427
:105EA0003621F5516FDD83E380FBC83B7ACC3A5A4B
:105EB000EF5C22DC776EF47ED833C159E4D515C18E
:105EC000EED5BC90C8712C657E2190E516EB46732B
:105ED000EFBE387A1253931898C22D6807651B8657
:105EE00002A17D10282B5003ADFB39E09BC2F56F5A
:105EF0001A493FB58A0DF6F506CEE01FBED7F60368
:105F00001A4EF401B763B54CA8DA29B4DE403B0B56
:105F1000293EA08776D376E46796D3FE128546D3D2
:105F200052CD06C5E91E12AFD1710C0D2EAF477DC3
:105F3000FEEBBE4DF804EF50E24A54A0F420DC8D95
:105F4000C593F1A9C6DC547D5A09655801BBF78396
:105F5000FB0AAEC847A56BA680926DBA58C0725DA9
:105F60002E802295EAD733E7D1A7A529EB02DCD30F
:105F7000A549FEA75BE245251BA7102FA2FCAE7327
:105F8000129FDA5C47FD1709CCB360D88B68D4E266
:105F90005B4A92CB98A7814453A43B431F569D591B
:105FA000C0EA4776E72AEE2B1EE6B4E4B4CAB30E85
:105FB000BD0789F309027DE36C27E34C3EC96F45B9
:105FC0005699F834B8BBA6717D5DBB0B20FE0EF868
:105FD0005A8A79F375C0D77D3BC0D08FCC53CDA9F9
:105FE000D4D47DD3029386DC79E716E603FB6FF801
:105FF000A001F9E7CEB7405EB8FED7E0341BF05DF4
:10600000B30F7285FF4B9B5FE234FD0639D77AA749
:10601000ECB5BD85AC21BB7AC15EFECF8975BBEA0C
:10602000E1FCFF7322B7C915C859E60373EA455B63
:106030006DBE33B85FB2F6C4A3DE98F77F00DCC054
:106040007E017BD6090F8600FE296E8337D03AFA8F
:1060500069B827193F6EC1422DE7D30F149D18CAA6
:10606000720B1C9416B6A138689CA80F753FE27D90
:106070001B596749CF9DBBECDD19A59A78312049A2
:10608000CBDC19C0657C032631DF240404EDDF502E
:106090007AE0AECE29381EF9046D4AD9CC0AFDEF5C
:1060A0000C18C6A2184EC3A669957706F4FC45F9EC
:1060B000EFC314F7CE1245996D10E4AC95A03008EB
:1060C0007909FF4C546E651E96D922C1A6355AC176
:1060D00000C6089651CA87E3D6BD67E9197737D05D
:1060E000B9A1AB874FE16C5750AC99B25B9A78DBA2
:1060F0003B3C5A6F7996535D00425C14B539851B61
:10610000D8AC719A9956816919C0DDAAF60D7C7ACE
:1061100092EF8B14BDAF0879DF3FA3353EEA5D56A1
:10612000E01C4A9F32A79EDCFD51FEE1DD939817EB
:1061300013FDF7966D1A0AE8BA85F943F7FE9E43F8
:1061400083834F803A571605F7BC00DD3E15ED1DE1
:1061500067D99FBF7B9F739DF728B371C6AE8F72BF
:1061600057EF7A634DE3AED9F997F7BD6D1BC2EFD8
:10617000739CBD87F80AF2DDC7BBFF59261AE0C839
:10618000CF595B9455C0C8B24D9B110B00926D481E
:10619000726DC12B421C03F9485E61B6904FF29BB1
:1061A000F31BDBCF030B578B3828B5104740CE00CD
:1061B000A249921FEF4C67D18982C5901C5416D01A
:1061C00004E2DC4AD0BDB6AF0D57D7C2FD3BB8BA2A
:1061D000169D3048BC64C2779B507E8512F965C21B
:1061E00031932AB3F4611DD1275969D58974E7E346
:1061F000D9C67E4476C228F5295BA9C0A42B07B76F
:106200002C69F99F9B704D5A07673BDC5B415AE153
:10621000273FC25E4F56E92A97499A43A1CC42B420
:10622000B7944F4968F6CB13D2EA0DD7F7D2EF3CBB
:106230002B5CA8BBF82CBBA4E5BB5B08EECA9FF99E
:1062400035E6D31730157A778E07EA697721A6C825
:1062500050F4184561B64281A990287AB265C99D6B
:10626000D33CF11C6F46583C6547BBD75EC6FE85E4
:10627000A3DC1F90B576ED635846DBF205E66509B1
:106280004BFD7F97DC5962BE8AA1F5EEF71C8C1F8F
:10629000E8C65846BAF3607EAF5C43D11AFB6994F6
:1062A000EBA12FF71A2E35DCFD0E59F7721FABE369
:1062B000699B5560A2A53A3EBC00FBEF17314E82A8
:1062C000590ED77CD45795AE20A9E7C6CBF8373FF7
:1062D000DE82516E531BC63EC2BD94C84113C12E0F
:1062E000F94DB6FD4D604225ECFF3CBDA4E52F9D68
:1062F000329646194B9C743EF6C14D8C25D2BD0892
:10630000D7CF7EF01896A76CEFC135128FEF892595
:106310002DBD77D088283FB129511417AEBF577FC4
:106320002AD93CC561851A46AAFF543AD53ED5F70D
:10633000851146C23F2F8E30EAB7C49A097FBD68E7
:10634000A94ECEFDF59FF5377F87CC238C66C39C85
:10635000B5A4FC140865311B383E8DD26604002AB2
:10636000DC52ADE2E1EF8C5F00FAADAC56E558AA25
:106370009273CCACEF1AE429CEDE7EDC36D889727B
:1063800050AA1CC1B4A89D3770012CD597AEA6FAAF
:10639000D2573E969E4BE1349B94C62D7F20D5C2AA
:1063A0008F284151217EBECDA23EE8DD03572F2527
:1063B000EC8B8302734701C7FEC0A75988AFD12970
:1063C000DEEB07EF429EFD6723EAE76192D6294E96
:1063D00050203FCC69CAED5E807BD227484C417685
:1063E000636AB57121CA35A7047B0FF1E75303A790
:1063F000E8A62A80B6DF09D524E605258AA5C0BF10
:10640000B071AA7E547B7E70C1C3DE499B6A28614D
:1064100079CF00E4072392C73D53710C4545FFA295
:106420008013D583A814BB271D54A1F428EBE3B037
:106430002D47A6AC455E782B73A914DE936A3ADC2F
:1064400097DA573EF4505F6A8127B5E1405F6A9161
:106450002735BDB12FB5A48F8286BED44D7DF4EE15
:10646000EF4BDDEC494DD88753CBA03E35A34569B2
:10647000E807EADEA9A6CC91E61F850D23C1371BEC
:10648000F415B954CCE26A4A5A97ABABEF2923FB17
:106490000173CA24F11BB06C3D658838C1473A3F8F
:1064A0008AEC9572B7303FA3BE157273EF50EC2B98
:1064B00029572617A9515C8FBADB3DC09F313FEDAC
:1064C0000C6A7A24C15538EEF68D8EBED6B10671AF
:1064D000BCFE53E659E5162FD02D8DF077E528BA8E
:1064E00050874ACAA9609E15980634DE5B72E6F3AF
:1064F0003ECED20F5CF4C8E75867C8AD569CDF3C6F
:1065000011CF19667C7912D42BB03C19F762BD9477
:10651000BB9919DF0939E2C30A7C96AC334AF75EAE
:10652000EDC4EF8C2A0ECEA410B62005D920735DE1
:1065300047A02E5A086BFAE726BFA6CCBD3DB05C3B
:106540006F39C6DD1483CEDA8142E2BFBFF3F5387E
:10655000356B4C71121AE7E7C86C4BDF8646D2F3F5
:106560008BEFE304392DA1EA714E90535BB63CCE1C
:106570000972AAE9E3C739414E0DAD7C9C13E4D4FE
:10658000868AC739C143C13F1FE7043915FCE3714F
:106590004E90532BCAE554FA717ACBFA521FA37767
:1065A000635FEA63F496F6A53E46AFD897FA18BD46
:1065B000257DA98FD15BDC97FA18BD425FEA63F4B1
:1065C00016251648B1A5D128D756074109A9187C28
:1065D0000DF28E9947E36DF69D422553A9F4D4F749
:1065E000BC36A5EED54DA5CAEC0CF284A3FCA409DB
:1065F00079F2F54D39C5A7F2E252A9D6D7513C132D
:1066000092825BFD3062D38872AFC76042677B7E47
:10661000E3563D18514E47390366FF82EBB7F94107
:10662000392F71C780BB02B314F2D04BDD98470CF1
:106630007E8873A2A5BC977E121813CC5BEFE65937
:10664000ADE8A6F6DC88833CB5E756CE996758BD21
:10665000E29A5AAFBCABFE5841A99197FB252DA3F6
:106660003BF334F84E246120E1B77E08D7CB12AE5D
:10667000F5DF0FAB97F3C130898A7F556BE49496B1
:106680002775B1C88364B22624614E8194BBBD5A7C
:10669000ED817F02244C81FB3B3C7F6CEAA1372CCF
:1066A000EC2B6A1EF9441DF0B1E2AE5AC9CE557307
:1066B0003D2E60611349AA1EA662AA0638A1AE014A
:1066C0003FD75F47A52D4D0E6F3E05CD3914199666
:1066D0006BE982F0E23805F8D8DEA509492A92E68E
:1066E000D56736EEFA11154AD5D776F90449EBEAA3
:1066F000D04C74EF81E4004DCE065AE0BEDD25EDAE
:10670000BFB164803B8C57C948C351AD37DBD9D585
:10671000D2ACFB782D836EE31036439706B7BBF9F6
:10672000FE62075937BB510F2D957A68C9A5AB7B1F
:1067300071AACB8D524D787C9A0FD79135BE0BA59F
:10674000164AA9FFBE7093A41A3A516A051EAFF308
:1067500033F60ACC0ED8DA255704E60CFCFCE9BF68
:10676000256CBE6EFF0D327EB7F69FC9D3E8E18877
:1067700091BB2B379454A86F2EA39B37D46221B7BB
:106780000A14CF2B59EF406FDF73D51FD435372B49
:10679000A41568675715AEAFFA5679D2A61FC43450
:1067A000E9BE34B79C8BCB825A47B4FBCCE62C6D48
:1067B0002EF30B946A0FF4E3DD2D502F8C6D6A815C
:1067C000FAC619D9629A62B5193A80EE1197B49C4B
:1067D0003E6666394AF88AFBE7863DDFDA96DC5981
:1067E000BF17FE7E4280FB8DB712B9F2B6BDC2E183
:1067F00047BDDD70A5A2F75053A11EB5C759BCE136
:10680000D1B7B6938E22966BA956F0EC5EB11AAE54
:10681000D32EE0CF16B537AEA1D98D4EB47B98C834
:10682000E7984A581A45467AE4CF9EACFF2D342D9E
:1068300041FBFF0ADA5F82A621F4AA65A35AB1A739
:10684000961AE25FC7D48D22C3C99E474CBF6875B4
:106850002A7493CF4AF6E92785417160FF062AA280
:10686000709E30885698FFAE2D1D07266FF09B57FF
:1068700099A91C7E0468E1AE821ACE690F014521F8
:10688000FACE690FC36F284A8C561C078A39149FA9
:10689000E468126D1F7AFB2894C8C3EC5404DD48E9
:1068A0001BE96D425024C8D1D5969A05CB360DD838
:1068B000C9E44B51647414AD2E63D4A0749EB385A7
:1068C000E97D3D0947D47AFD20F6E98FEED5915751
:1068D0005E7FB8FF76AB7571D2BB80EBD8ABDB6A5D
:1068E0003B8AEB83E22595A7D0ECA4C06A30A78051
:1068F0008AC83B926342D163FA52F45BAA34525A7B
:10690000D0AFD282A4B4E1BF4A1B2EA58DFF55DAC9
:10691000F81CD39C65C83F13F22B18F910F96C12C0
:1069200056763D1965AFB59B4FF06C8E4EAB564316
:106930007D876959BD4E58D9FDE4A683628A645F9C
:1069400065D6A548F7C07E029DAED31925FB0B0B7B
:10695000B62130550BEE09C07C1A431EB160C82326
:10696000BE02BD5477B91E612FF9498C95ECE28FB8
:10697000F8269727401DCF6C53A199AD645D8778A9
:10698000145556E525C570581CD817C501BD0340E0
:106990003E9E7E53BF46A04DBA44C798563C2F4CEE
:1069A0000FC2E63BBDF9478B1D04EF40D4FB5AB73D
:1069B000FBC9B1C639EE609BBBD701E5A060737F10
:1069C00037D1EAFCC975DF59E0751FCBDD86342469
:1069D0002390B736E47F1F796C1327A2A815F9C757
:1069E000BC52955BBDFBA279634971A027808AF8F0
:1069F000E48A5369EC8514FB75F6475A31D4697FF4
:106A00001D91B9AA238CAC58D795D5D6B0B2B46233
:106A1000106CD501CA30B44CBFA5352CD8E6056B37
:106A20006B0D1F8A22468596E954D4E5F5C265AF01
:106A3000C9FADAD808B3415FD9118AF6179F32FA3A
:106A4000ED1D615ADA4413FF2E57E5A8F2385E2196
:106A50001B264557B6A96FF9AE59FC8B76D646383A
:106A60005FA8119C4FAB42928F05EDB571CCC4C1AC
:106A7000FA2D86615A264E81A21714E03D40B8BB1C
:106A8000D63799C8691715E1ECC73F7A7317CAF969
:106A900058C96C87658250195FA6DB81640DD93FA8
:106AA000D4A098CA25BBFAECC4705409C42F63ACB7
:106AB00064054BFAE39EFCFEF33FEA49508B7A7281
:106AC000E38D3F8A9BEDF432F6C0DED575FAFCDF2C
:106AD0007BB7E23F70471116ACEEE80D9EB9019806
:106AE0000D9B60EF76849549BDDB111EAC1A043610
:106AF00049F1B08307A9A839EBE41EA62249EF5655
:106B00001E0AFD750F8736FD510FEFFED677CD8A31
:106B10005F90570FD2B3A6F68F602F0D243DAB7C4C
:106B2000AC670DEE525F235D2FF5A52FB30142F93F
:106B300023A81799BBF59EBE8C706F407D39C2812A
:106B40007D7A622F69720C95792D82BB13CDB67157
:106B5000927D5D3CE676F525812EF4D38D95EC553E
:106B60005FC076FC154B85956341547EAD758CDD19
:106B7000F70538EBA412EDA444FB7981AEF0EB7677
:106B8000E051AE38EAF4E17B7593D0FE63EA3AF463
:106B90002E8A67BD92397FB74A8469C29A3505CA81
:106BA0002DFDC0565399B717DC7F99C3856EEF163C
:106BB000AE9F95467326D8D6DD8BE60DD7EA025CEC
:106BC00090B762176E69983B7F6CB296FEBCF7F780
:106BD0003157148BE4393B2DF71C2F4BE3862B48A0
:106BE00036FBBE00F12A7390DF7645091BE33521A1
:106BF000D1F944C703A78FD703B8D37A92EB3028D3
:106C0000713BE68F25F3FCA840DFF11F4CDA11FA47
:106C100015C2B1BADED38210B702514E85739455B6
:106C2000197CE1235802848A6D923FA595119BC877
:106C3000A85E40A50A9239DF6258274741AD5FEA56
:106C4000C196FFCAAF23D22F55F2B877DB468B2D02
:106C5000D25CCB91DF55545C1C514F74A4CF119E74
:106C6000C5F5A9B9B886886531F4448ABCB478F70B
:106C7000C23E2D456DD4C7FACFD7479BE7EB9F2D7A
:106C8000CAD08F1F96A98F7D2673D3356C2D1979A5
:106C90001DB72972BF40270460EBC2B66BA4FCABE2
:106CA000A3EC515642CD39B9EE9653188ABE86FDF3
:106CB000C6B6BC2BE7249C54DCA26E61BC55D73011
:106CC000DEAA2F057A4740A62364F9F39AA5C047A8
:106CD00093235AB212A9E17EFA586A9E7EFCDD79AE
:106CE000218B50A424FD33EE772DAC99BB56A6F72B
:106CF000B93B0F5B0756BC8AA285E3F836EC9BE5EF
:106D0000498A3B9C9589C4BF9BB2CAB9F83B84CAE7
:106D1000A3F22B9284C384FE6F3065094B3CFD7552
:106D2000306745B466B81FB13B9CF2E231F23EE5F4
:106D3000B00C616A1468301F97CFBC4ECABFE529FA
:106D40005F6FC94CA4AE67E195A2F55F7044E7A3FD
:106D5000A83D917C959D784BFA4F94F5953619DABC
:106D6000F3C2E52B8CF1700BC6183ADF53DF9E0B94
:106D70001584FEAF64E884DDA4FEB3A47ECE53BFC9
:106D800083D0BBC7F362E68BEB99189AFF1A43A72F
:106D9000A7CBD00D9FFBC21527EE08B303CE395FFA
:106DA0006E6D93C691BBA641C89D3996CB6DD690AA
:106DB000F1DC25636AD9B936417AE1929B36D6D1A6
:106DC00004CBE4BA7C091DCDC433F06C1973E8BF61
:106DD00049ED3B659A412DB1E325B0E04F326CFAA5
:106DE000760A47389FAF8CA5E65B62CD99CA0954F5
:106DF000A665823903F264165C3B6748F677177B19
:106E0000D286FBC59F27967479D7B3941989147AD3
:106E1000F511A3EA5090D6D778EAAFB6ECB2BF8EA0
:106E2000DE83907E256DAF78D9F3E268ABF20BFB81
:106E3000EB95BCB6640B202B545D94356C468D4AA3
:106E40001FBD11107C2F4574C8D0723B4C9B493B31
:106E5000CE6CDC47A5F8F8C9BCD2A274FAD2ADA4B6
:106E6000F64ACF78FC236705868FD88D29303DFF01
:106E7000CA5EECAD15F9E8FBFFF177E5D1C1143A34
:106E800083A4834DED8BE40CF1FA48B1EC2A19F0A0
:106E90005B3B0707132AE5F1596536C674AF9A8D37
:106EA0002E60E354107E6447807E544780964EA740
:106EB0008905E13C2DBD947C4F986B67F5A11D833E
:106EC000F4611D83A435077B7EF88B962E24DF4367
:106ED000FF824FFC2B7A56DD3427235D31929FFCD5
:106EE00026D617712C3EAFF972ACBD5AF133518ED4
:106EF000B3471B9C839A1F3974982A8721D467282B
:106F00005B7AB0C0F1BF949162F2913271A40C1B14
:106F1000EA73F77F839762F711F834029F15EAB39B
:106F2000ACFE7F819763FC21F89504DE16EAB3CBB3
:106F3000A11B015720AF4F9EB6B05E28AE4D10B1D9
:106F40009E146BAC5C7F7A08913723A59768879075
:106F50000DBA550C595E741A7B403F528263FEF0A5
:106F600025C4DF7A498E48DEC67E087905EF49DF01
:106F7000C7513419A134E97C5221EB938EA53A6FA5
:106F80008C0B080D25FC1B2E43835552A4ADAD4C34
:106F900088E890FC046448F2F139F713188B6137E4
:106FA000F91D22C17D0AE1707A3D491F22590596DB
:106FB00030D87231877CFE9BD94EE071FEA7CC762B
:106FC000621918E53E20E5D430035114065FF6E35C
:106FD000F52EB585ED90222E7CCCA0383E77255F2E
:106FE000BA9D6EC4417A5A457C54573CD7C7452D4B
:106FF000CFEA0354C0929601028DFC1ABDB603AECF
:1070000084FA808E580B1B000417A3FA187400BB77
:107010005CDF1672FEF0BDD39BFE467429507CA344
:1070200051C8B2BAC6FA629D98D1DB2B589387EA51
:107030003E477DAD7A825E5B991B992B8E95DE5F14
:10704000460F96AD7747F7A5D2D14365EBDF516880
:107050000C9DFF60CE8FDD477A33CB97F4AB89C3AD
:10706000BD1EF10C99AFBE9EF1993BB6AECF9F5CB1
:10707000E8A1C1C72AC94BC2CC3F25523AA7E43D7B
:1070800079344E393C1BAFC4A65195C89E19F6BC45
:107090007EA4BB06D967638B64A2D9FC45C61DFAE2
:1070A000BA2E42E28BC944FEABE51CD3EC9E3431D0
:1070B00042E29DC9E8052FB1781E4FF88D2EE57C80
:1070C0004FC45B43DE2A716AD27D32716EC3F228EF
:1070D000EB1859BA2AB1FDAE644B2D2EEBA192AF3D
:1070E000127DA4214DAE23E135DC8B198B20CF49D5
:1070F000741C7E96F05B8F87DFA6872CD87830478C
:107100009C7BD62783F8D97B734A3DB6D3ACFE9CD3
:1071100032F22C6F0C4C417175ECED751B3AC10CC1
:10712000B853E30DFE8C536C7AE47558A797FC5462
:1071300017A2F72BC614D29EF8E120F7D671E9FD0D
:107140000A7ED14264EDF798063A8EAC579D230132
:107150004E691B47D6BB0EFC4EA9ED08F97D4FEEDC
:1071600023E3D8E7413C790D0C224B8C8146723BDE
:10717000EBE3796B108BDE1ADD0B070D0E9BA08401
:10718000B36DE9FE62314ADA33B5FBA7EEB7A75A11
:10719000A55B03B597CA2B0F79F0F456993D585A61
:1071A0009888FFC8B46C1D4DF8E3072A79A02CED30
:1071B0006F85F1BF7EE1825E2AD0B26DFB48A96681
:1071C000036870FE28DE471E74792397F100941837
:1071D0003715C8353450523A23CDD149EE2B88CEDD
:1071E00053C5BB1C720DA6764FFDC349FDCEBFB380
:1071F000ABD3B80297EA39967BC74D562ED3352DBF
:1072000083DEE5BA14BA663442ECC23DE2DAECF24F
:10721000259B0A04C6140FFBE9C9BA0B9D0AD2CFFD
:1072200011743259BFBF25EFBF7692DF57873ACC32
:10723000C66EC7E265508F19807B38E28637AF6E25
:107240000FBB5ED573BC9B8CD769C24F6302657E52
:107250001A4DC66B18199FCB3217553CED6DB50E04
:10726000D68D40AF4ABC227CD2A1761929EDB74316
:1072700075E3243909A076E54DE81A4FF48E4F43A3
:1072800032CC3F11B827315CCA2381F6F3BE565F7A
:10729000C8A5F2892AA25F9E7306153FF82C7D606F
:1072A000C68FCBA7ADA28DAFC0BE0F663A7B0B5881
:1072B00014A345D045006C27CDDBCD11F125A343A8
:1072C00077697C1AF12CCA3A4FB3A377B834E8A592
:1072D00006D6E08FEC20F53C845AA99AC8E13A35ED
:1072E00059DF1BB6D4F068F52D484171C97AE2B870
:1072F000F62E80FD6C72DD3286AA6D184355178A12
:107300002E8F3164FE5BC6505191E84F196559626A
:10731000FA85F4CE131E79107C2F22E12EA977B3C3
:1073200039828CC721F246E463F446C419346B59A0
:107330006E47E59DAA5BC76F9C6A3DD732F3E1ECCF
:10734000FB6F74CCBB33FFD6C21B7F6D15D3254AB0
:107350007FA4E419B009A798E6D22425B41CA7A4F9
:10736000A77B911450865312FEE22B73FC469C12AD
:10737000FA86BFCCA1A53805CCC90E4FB85BC6A80C
:10738000C04E27E4E9E84D167E4D76218ECC8BBCAD
:10739000D34AED9A86FBD7B5177B801DA38A2F0EA3
:1073A00079B7E8C4574BBE5AB2B12947F43A2CBE5C
:1073B0002C49990A2823917C9FE83E25C7AF331BAF
:1073C0003AEF116EF248E0062F7C66D3B688F44798
:1073D0009DA7BF3438C7B898C8CFCFA4F8AA4D4DE1
:1073E000FF16DCBAFE82CB45394644026956A9DC59
:1073F000B5BA3F230FF5FD7689E1484B57FD1BAF2A
:10740000EC5EFFD645A1C89FF975E254B4AF9CBAB3
:1074100040F70284F3F18915EC5EB3B3C3C10E717A
:1074200036F2019E5FA3DCE50D367B13BDAFBF7363
:10743000E3C2DEF27432679F71D76447821D286E03
:107440006A8C2A37C19CCAB96D52AC57FD97B66D8C
:107450007C2AF2B07DAC89B4A677B03C5F1E9276F0
:107460007164BE5479E6CB0319063C105F8054ADBD
:10747000BD3567E38BBA175154988279966A1F60BD
:10748000369A0D5C5B0F58C75C17D7720BF9221F39
:10749000A25F573A8B3EE8F5F44F17F1039C4DFA83
:1074A000A76274B4B7A63CBDCE1DA7DCDAE4CCF16C
:1074B000FE99AC365DFE727DF778766D3AD9CFFED7
:1074C0009353CB6F14ABAA94B06D748A18279D4B5D
:1074D0006EE2D44D40CC92F496AD61B9B81D99B32B
:1074E000C8F86CF4D4FF63E32EA2EFDC0934AEAA33
:1074F000FFA3D30334EABAD7A4B84E03CDC9E2241C
:10750000E461FDC43ADD24345627D68B13A5389F99
:1075100085BA89E8D5D9F1227182143FF6EFBA090C
:1075200048961C1308FDDFCB3208B8AAF83748C4C8
:107530009284224F7FB691DC1B329CA9D5277D36E1
:10754000CF8793F56E9D67BD73127ADB64C8966B27
:107550003E193379A8D72988BC59E3593F5B08F60F
:10756000EB326CE87796B1D69EE972FD764FFD5707
:1075700009F6164FFD572C6355BDD3086445AEA7D9
:10758000FEFF92FAAF7AEABF0C71F6A61248609538
:1075900021D32F95B0CEA28E3B7F1C3F5611B893BE
:1075A000C53E9DF1ED63E4243E6B5C497C89D2C00D
:1075B000D7F8BA3CF26E1D91775F41B96A20722705
:1075C000474DCE271B66E8C3E91A14771C7991D181
:1075D0004ADE4E9A14E34414299E394833FA2F5D4B
:1075E00007A0EC84EB8FE43318CB3F0BC618B94BE4
:1075F000A0A3C3B144CF5C2D63AC78B9C6461B3998
:10760000AB0B459132A22852D50A2C9D239EA9117D
:10761000955B6D35FE87955B997FAD0A8C195B0193
:10762000724CBE6D10AFB402547D40E4EA768877A8
:1076300018596756CA7843A7E297106C339592C8D9
:1076400016276DFD51D0A915729C2ADC03EAA7F814
:107650004C9A457E94E02EAAAF550C132D458D47CC
:10766000D60C355E52142BC491E88D2BE4EDE87CEA
:10767000E60BB194A50DA54D7E8D381DADB0182F2C
:107680006DDCBFA17683C5A13EC033FA1D5DB02F6E
:10769000E8C89D8CD3BFFD3E8E7E8523CEDD1B0EBC
:1076A000A5DAF0E092E160928607DCBD3CB07ABCDE
:1076B0002208BDBA83FB294D0CBD4D213E0FE9CBFD
:1076C000D30C1B46A7946895B446398A869A487F9E
:1076D000155C0B15CE21998F08B77D25EBAA0D5FA0
:1076E0004AAB04D607DE0FCB85EB4483C46FF33C73
:1076F000FCF605F1D17E8C327EB24DABC97BDA5BF4
:107700001372DBA7F1E5C6A09B0187534AF5E14759
:1077100001BAB7B0A97583A4F577017E21553A194E
:107720009D9E8D11153664AFAA0840B7435421DAE7
:1077300069D3C63A5B1EA033E28B2D71AA43B0BD5C
:10774000D11D8764AF3F347BE9E0D97A58A2A9DB29
:1077500001BF375D83FF4B4F1C73E09153FF158FC3
:107760009C3A5FA0137C88BEFB3AA17334E53F2AA4
:107770004F7DEB331EBDD67B2E855B5EA5C0A5225B
:10778000E7113E5A0F39534FC6FB4FA427466A07ED
:10779000D10AEAEFCF1863D4103E598A23E04B6731
:1077A000446E08DBA08CC8ADA18F29238FD44C96E2
:1077B0003D7BBBE846794465EDA84A44EDB0A27133
:1077C0008BED38D0F7CEEDB7B70B483ED5D847D9BB
:1077D00051D477736430D425F632CD80CBBE0057B8
:1077E0007FED478C02F96BD3AAE028AAF2091D5B52
:1077F0005427D961AAC862E954506A49EE045DA4CD
:10780000F4DEF843C8B98349FB5F20ED7F52ABF348
:107810005208339B281D2BEDE55DE3C49024AEC0D8
:107820004011BD270E973DF23EECBBC1671D968906
:10783000362815551AF129290EC5F89004EE238330
:10784000922BF55611E9F191673FB3E1389283121B
:107850005F342478E471893E5485F64D0AA73603D7
:10786000EAF87F2C3B7EC7E75955D29CB7A139FF78
:1078700095EB00F2175FC73C50EC2FB6545B35E632
:10788000A69E38FD960E4DD0A280057EC9CF279CBE
:10789000E2733E0A4AD8C55211DC4D174091975CFD
:1078A000C037CB8BE95E5FF28314BB1E40CD0CCAA0
:1078B000259E7D39810BEC5498598AE55376199FA2
:1078C000A97839017DB7A7EC442FA8F16EEB3F886A
:1078D0005EDAB8B91EE598536E126FFFA92DEA5B08
:1078E00062327AE9BDE5946E0A5A09469CA692D79F
:1078F000C27616A9C8C9AD13DDE43AC5F05EF91D1C
:10790000238EB22045766FC6711F71C4F6C083A561
:1079100052C476FFD338D27BD10F7867CD9C294FE4
:10792000A2594E700114C71D6A2AB0947EAC3B0563
:10793000692A25AC0EC2C0BDEA1E8C3124913720C5
:1079400028387BDC826D654F7C09F6044519F15FB0
:10795000F6CB2AA8212547E798B46A2308986C8EAD
:107960000C4AA40C2193CD06E747CD8FB4810C942B
:107970008754D19C821C13927B93E88A04CD01E446
:10798000C943CBA48090833E50B26850CCBAEB7808
:107990006CCC86C06BFC0F086FB0180934F3901CD8
:1079A0008B12078004CAE760D07C5EED5CD1FCE8F6
:1079B000B0C39C827DDCAAEF998DB71D5A51A77088
:1079C000B2CC43EC81F7C8DDC2F9C1A536A0080AE4
:1079D000CC419288569B8D5E9CF9F9D279C12511D4
:1079E000401138449C2C524518A73E5447F1B4D35B
:1079F00079F851F1BC32B119C431A12047374E3466
:107A00000B7BA47C746A53520FFB4727D97F4762D4
:107A10009FFD868872CE4E7A32EBBC94F73FEE30F3
:107A200044B3EF499C6AFBA63C7B5313EA47C8F773
:107A300037433844997E57FB15A9679F737F83733B
:107A40000CFF95D2F7B5B797BA5069EDD8B100F5EC
:107A500002882D7F7F63D3574B94758C37A75402D0
:107A60008565D50C9C5EFABE991D7CFAD925979642
:107A7000C0CF13F82DB242ACCCCCBB26FBC92ABF79
:107A80008630F12CFE946286B9AAE14E01F6777336
:107A900033258AC8C39761C71EB1941B7C228443D7
:107AA0006D0C9A3A789322709539BEC4CCA271FEBF
:107AB000E332AEED7F5C8697CAD4F0D9508A5091FC
:107AC0006865EA2B537D738F58CED1C6D234D81255
:107AD0007AF03F4A972806ADC899B84161F923E882
:107AE000A67604DD33E38FE0F1ACEDB4E844E44383
:107AF000CDD08A20957536555E96C282BD346669B2
:107B0000CB39FDE734A052E234DEA02E17EE4AC591
:107B1000B4E8EC484DB4E54F34D0BAC783153A2FDA
:107B200097322D024C66F69466FBA9A3B30BD3A241
:107B3000CB33C7B2709F0966B0DC5A170864B9220C
:107B4000179CBBE56DFA1DB462F0B69DECD5FAB397
:107B5000F057F932DF2CC1EDEE7196B81EA5F0900A
:107B6000E323FC1AD0F91F47B52BEA9836585B9BE4
:107B7000E4C14DF2075DDC0C68A6E7DE24BE3901E6
:107B8000CF0F2946B3C828E07A3C280E88E39468D2
:107B9000DD78EDB30DCA3A08EDAD548B83A4F8A897
:107BA000EAB593F1B723FD94B56A805EE8D431CD90
:107BB0000A6103BA194F5CB03AE80B319F112F4AA2
:107BC000FACE00B8D2E7720F8F280B9362DE390A23
:107BD000B8C1558A49B95F24D4FDE92010EE0701E8
:107BE000CEAC51200FAC039931A2C84A710B0AFAEE
:107BF00033F16208C733214E893F228B984647A252
:107C00007F8467BF06BA06F80180BC44F5BD3057D3
:107C1000CD05994FCBB1523AEA5C5650D4D433D308
:107C2000CCD259DC13E741360003FB5697BA5C11FE
:107C3000649BD403F788CE1F6C8FDA1C328ED41667
:107C400084453981A6C6CAB1557E4298EC3FF49569
:107C5000C7D28B601E8230876AAF3A30C6482DC6C5
:107C600078B95ED2A575D2D94C775012DC217CD878
:107C7000A640921C28B12447DE57F0C980A1A7670F
:107C8000668D884F8E57CC086E66A8E7D670F6666C
:107C900029CE73796330CDC059B66206E274A0DA9A
:107CA000CB762AD631FB4BCAE7C65CA806B41DCEFC
:107CB000C2345AA1D0D5D8B4F41DE560678E6EB534
:107CC00051DBCC2827EB063B13C71E60B4CD36E54D
:107CD0003CF87DEED84AF8BD49F936FCBE6CECDFC5
:107CE000E17797F23DF87DD5D87C863BC880D56397
:107CF0002126DA04E746767A622C94A2ABF8133A8E
:107D00001BE25E36C4CCEEC9459EB17DB88D6D5A7E
:107D1000310EECD990773D9E47F1458731CE0D4D20
:107D20008F0426BAF1707D675AA703CE452577AB3D
:107D3000C91BCD9455CBA4B96293C633688FD817AD
:107D400013677A8B720F033AD3382F6FB52092598D
:107D50002BC1D92E207F866BB9CEB4DDC748BC912C
:107D60006FAD1CDCB1296AEC63ECB5C59B7EA053FA
:107D700062064552A3BF380465BF1F8561AAAF9450
:107D800073FC4F83E5F13AAF8CCB872B99FF896960
:107D9000BC4234B3CF5484E5E6883536E7ABF443D0
:107DA0006C3D8162DB2816C64B3145CAB3AF3587BF
:107DB000F139E23147671A6A1389AB72A19C83EBF0
:107DC00057536936D594B712EBBF78DE56379726EE
:107DD000E9A3D580362049CFB9DBBCEB184702E4D4
:107DE0007E15D7D105B4365A654E197A52B8940922
:107DF00004713CA8118BB3B4F73A95C11A25A8BBFE
:107E0000A8A6388552C1156A149A377BD2EA4486EF
:107E1000129ADCBD37D76B69A09A44D38975623555
:107E2000B8BA6E14CF3FAFB3C09E577E7C48F704FC
:107E3000E48FFEA3BEE232DA8014438FA1C1A43CDA
:107E400047424CA986AAFBDB2514F94F81E4CC47B5
:107E500050BE6C3C6D89EF0FBAE037B472DE2E3342
:107E60001B8A5C21F3626E3014A497A2E915F58891
:107E700087707C1845EB28EBB046E22FF638944427
:107E8000B16AB88B8DD328409D5A2D49A27B1150E1
:107E9000128DA74176212D499E90F929AD5ADAAF6E
:107EA000B1A0493EC9F4C8B895884B5CABF6887957
:107EB0005C34C442CE536E576651C6909663F5BF8C
:107EC000D7E3C6D8BFB0E3D2B8ACE19D4ECB1ED14C
:107ED0000279223B0AC4F6A451C9DCFA4E75D49A41
:107EE000683093AF952D736E5037C332635664522A
:107EF00051AD9559E69F7EAF2F216D895F5374E296
:107F0000546E6A6E19AF02D365BDA5B9328B57F1B5
:107F100096F8D66B8E3FCCBF20E75766B5DD83FA67
:107F2000982A1A54F233492EB836ABBBD27AD5F11F
:107F300099CD7E1B4749641D7E49DB976C7B0BAE58
:107F4000E9F8BCE967B4DA85BC7DF9749F3EA463A7
:107F500000F29DB92BCAFA9975947D98114A6B1558
:107F60004EABDE35C2C8F1F22F66F733466E9D4B3D
:107F7000A133A05FEC950946CE26FFB25D4B34726B
:107F800026F91773738A91B3BB00FE65F889839A4B
:107F9000DC2B722CA4AD84376BC3F8C919D7D3ABD3
:107FA000720B932A338EF3484E611AF537D0D86797
:107FB000C3159967B96B0E1596DC9155CA2FE1B8B8
:107FC000B3134B95C39F07DC9F0075CF901E4D1DCB
:107FD000C98E4C4FBFBBDE7EB378DE38F14F49DC33
:107FE0009F5B40B621DDAF7BBD2C717AD2AE421DC6
:107FF000F0643DE90F3684433183CD2C9A3FC56F41
:1080000071991740F112E783AA47E55C9B6323DC73
:10801000D93834F8258DE1877C7A4F4979A2743BB1
:10802000C600AA5C8A0B49FC7AFFB39C3B5CDF98D4
:1080300065676E23291272C1C1B3871DFA1D6A706C
:1080400057D2334317AA6F8D6B0D936D01EE5766B0
:108050000E46AB9E272EA7328656708C12E01EA0CD
:10806000E72A2C58A738EC40A3E397A9FC920721F4
:1080700073F3E6720BD44A9A8D09AC862BD6FDDEDB
:108080009A0D94915B7A5111A3730314F7678FC80B
:10809000ADBA0F6276C1996C0C045404D11A4954DC
:1080A000AB1A14D50ACB985FA89B55BC4C8DE981BF
:1080B000FFE1BC05210B8616E00883F21AA3AB434F
:1080C000678496F7F1A772CEAC65E8A4503E27C44A
:1080D000A784B91DC76FBCD1F1D7D6A835B5F61A9C
:1080E0006B622A45A2DC7DBF4CF73A3AF9BAF540FB
:1080F000F0B943EBE6A0D3A6A77FE1126395554BF9
:10810000D5CBDB3352DEAC7A53BDF0FA7B93DFAFD5
:108110007C5FF1C1F5459317572ECE44A7ADB92A20
:10812000205C504D26F7FE5D2472F32AF3D4C61767
:10813000636C6B40987D1ECFBD16A78CB12DA72C0C
:108140004686DCCDD2242675CB3B5AF724B4278053
:10815000FD3193C4FEAD58C1F7730A7B7B3CBF97DA
:1081600073291394F2AF866CDACB1934A597F8BD56
:108170004C21F5BD9DA84AF46E5499EBEB98A728C5
:10818000E421A8CC463F4237535CC74320D02D8A18
:108190008572F9258D0E148B1BAD0E981358FF6256
:1081A000A8EBD758B935ED0A64973C1CC45BC9D914
:1081B000E8E9A18D16D60C7C593883C062962B77DE
:1081C00081A004C8D16A3740BCA81FE9F62960CB5A
:1081D0001BFA6CE47E1517129F9D1EEF491BDC886D
:1081E000EEC9AEA7C7F3F45C7C36A053A133AF2D24
:1081F0000B42D2D5ADA549E8661D72A42FA7710325
:10820000D99F24EC11F2E6CAF4957C9E0B76FBA470
:108210009378784F093CFF02E99F799E7C0779A902
:10822000B75B4E69D915424A648EB0ECB2BD4E229E
:1082300081FF05F9BB944E95058963EA6468B95CD2
:10824000FA67A41E03E9DFD7BB1FD358486D75F248
:108250000D86E9DFC43FED68827F96A7FE4F75B1BA
:10826000D2BDE84C3116EDD8547374ABA47B803189
:10827000A4776A3DB735FFF2494FE587A9CA13BF16
:10828000CCFC3CB170F5DA37C978BD26E30AFDC4F1
:1082900039A8F8E1AFA2E631D2FD6006F1F3BA5891
:1082A0007750BA8F7B47BAB1C3BBDF15A41DB3C9E2
:1082B000EFE578CC997D95E96B39526E0EEC873AF3
:1082C0005452398DC4BB4BC352CC49A2F645BC4075
:1082D0007E3F20BFA793DFDD94FF27EC70A00FE85F
:1082E0001BEF0A138E7795F57A39C7A5DE01128D3B
:1082F0005F31B391BEA1B7320B495C5E09C6F06A2B
:1083000079520D6F3E911D01B5FD083C169C197305
:10831000489435AE73802A8A862D91CED55BDC5E7B
:10832000B789B7BF495E87898F31B6800D69F0DAAA
:10833000263649F782B3CBA53DEDCD5EF96C06C973
:1083400011E4952CCACA1B493F4CF7F0A50F2AEB44
:108350007B9BF4FE06B9971B48CCBFCCE9B8C72A73
:10836000E67AFABFC80E4BC8F24F86F6DC35AC276A
:1083700071FA5EC6E542DF90732A0AEE3A4A4EF27F
:10838000AC3848B2F79AC0E576026C1B1999884F51
:108390003E0CCD5EEDBA95E81BE315952BFBEBC3C8
:1083A0006372301647CD43BADCB4D6D41B52DCB16D
:1083B000DDB65E47670570B00380C0EFFAE10B1AC7
:1083C0008E68785D5AB76206B24F0C12540D4A2D72
:1083D000FC8B99B55B11C3DC546C5C4FA3F46B75DB
:1083E000975D70BFE085225FD8DA616ADD795161FF
:1083F0000E9FA42A564CB2DA1208B5BCCC91A13912
:10840000843FA23127868E945B643295D1E83C9CF0
:10841000E48F26EBFACF657C5F6AE628B272DCA9AE
:10842000E2E5B4AD4F13F9FD53258F22F062CD90F4
:1084300092F18CF4C4E3BD8DE251A3173D23523871
:10844000AD5B616103415B4AB08DC4336EED423D6B
:10845000A510181323E583C4148156F7522CF5BCDC
:10846000A04C57090A3F35FF927640BA5AE86F622E
:10847000EAC6EE801A9D9F4AD09C514424A128C987
:108480005CFB3D0DF7A0A99F335FD7CBA770ED3AFA
:108490002FC86FADC3B6913C05D7DB4493BC1B3AE4
:1084A000AACCC6F4683BA01C5D6151D01A9ABEF9F3
:1084B0006D58C6441E71179FE2BC91F688FB5B2F76
:1084C0007016374368A7FFFDDEDADCBBF5314CBB25
:1084D000C26C8817BDB6D5A9DB156536F101DEDDA6
:1084E0008D13CD29ABEBE1EF87393A0946B88BE222
:1084F00019B5A7016E552F80FB0F25C2BFFB5B642A
:1085000035FDFB92171CA80C2E6D16E2C51E07AC9C
:1085100031E87E4F6DEE4D8734DF0D923E3F3AEFEE
:108520002D391EAF740BCF48EFD0D4D22CDC59AD0F
:1085300096BC03E3F939A494B34BEF7089C6F2906B
:10854000F0EF37588AE8C750FE18B24927CB3D2BC9
:108550002A2176A87044EAA690B51C99C7834B39A6
:10856000FF1F746CEF0AA883697DD78B6A2497DAA2
:1085700007E571A34AA49ABFAC1EF4DCC95D27913C
:10858000A6806517D1E47239B7A8D28D50227F7BBF
:108590007AE5582F8AF0478B546A5FF5C00236CAD5
:1085A000CAADED00CAB17692D7F02DAA5DEFA80E44
:1085B0002071B103D672BE0D7C6318FFA243C64F73
:1085C000F8A903D623B5858B785C6AAE5A368E58E7
:1085D000A1435D17BF319949C9AF58A6EB8A2579E8
:1085E000FDA14F02B9D75982B93FE1A10C53F172F5
:1085F000E5FC4DD7F10C562FC55EB6D45681966F6B
:10860000EA8CCBC84C3A2BAD95C81726B6AF5E8620
:108610006153CC027DC6EB6CBDD4C67F8958423A0B
:108620009A356815B5B32812385C57DFB99E411BDF
:10863000D18ABA3B2BCE80DEB1357F1F729AAA2039
:108640009614385AFC2F712A4AA18CB4FA519163BE
:108650005AC91B9A293295092961F3C515927DC023
:1086600029D21FA7C97AF9930C039261E9817DA5EC
:108670005B8C724EFA64B974DB7FC87C3E41D6A332
:108680001F6498D004583AA0AF34982CE798E2E5DC
:10869000D2FC7122779B88BEE3F2D0F72C2C3DA848
:1086A000AF7468BCA77F27CAA5238E12B971109733
:1086B00006AD6884D13996CE226978E375F72479BE
:1086C000F1BD340370E9091EFAC691F8B52E22BF38
:1086D0005A3CF4C562DEA97E419A1F63DD2D244613
:1086E000E3B79287376FA8DD30D25BD42BE4CE613D
:1086F00048653A59C7AE787C1BE2FE1EE369CF6835
:10870000327F482F4BF7FF98A2A7C97C314A58E324
:10871000DD97706DCCA5F224FB09096F0D73919C58
:108720005107909A1CCCC55FD724495F8C6F38697C
:1087300097838CE739CF781A704D86FF916A9AE05B
:108740003E47E6FAD9D2247B5FBBF4EE33F22D33F9
:10875000A96D077306D5B66A1986AFBE84E787345C
:10876000DF1FC2191A0E67A8EAD04DCD02323FAB07
:108770000AD81A5E8BA2B7E47780A856CD22B277CA
:10878000DB5A991995EBA15383657C194D9348C227
:108790005B4528E1A5558D6BC279449F40E9D24CD9
:1087A0003DF8BD96A2CCFA58FFBFE9A3CD7FD33FD9
:1087B0005BF4817EFCB0D5FAD86756EBA31357EB78
:1087C0009F7DE57DFDF8B9EF632AD9C3CADD0C8032
:1087D000F03BB9415E40B711E955F6D17CC6EAE5F8
:1087E0005A9BEAB8B7A855278F9BB8017F1768EB4B
:1087F000384B9C5DB1A784E4D187C64D2CC91105C7
:10880000F82B5F8CB4D5596DC0E23A340E59DD4275
:10881000384AEB651D8FAC702549B6B3ABA1CFFECE
:1088200056601858227E632A8F672128339EA4DF62
:1088300012987EC7B5DEAA3898F311FA9E2F0A5E09
:10884000D6B8FD1BA7E7A2F761FAAF54E3B06D54A9
:10885000C3520952A51A9F2FD6E4C71793D9D6DF62
:10886000237FBC2DBBAC71E49E24828CEFE79EF18C
:10887000F5E2CABCD5841FFAF9CAFDCC10FBA527C6
:1088800009FC4E0FBCDAE2B0C6211A780651D1417C
:10889000A8485F50933FEB2EECB9972CB09795B159
:1088A000D4DF2CB1E6D5CA09D46ACB04F307CA8950
:1088B000D4079689E6F79593A8F721CC8739264403
:1088C0005358AEA7C5B6172F581CAAF196B11487F6
:1088D0006C7DB5349581EC7D899D59FF572E280D0F
:1088E00054C61FE9F4CEC1EE2E325B7A651A1B7EA8
:1088F000E1B3E0BAB5A30EEE197434919F78BE6E61
:108900008DA8D739D13C3FE8F3F82B06F543DDE7D6
:10891000D23BB691E2E7E8D6E9D0AB5A2F533C8E72
:10892000C66CAFD4BD87EECAF337873CBFF360C8CF
:1089300022BFA543D70974CA9375172294635A4777
:10894000B590FE767BFAFB5E40464E66D8FCA2EB05
:10895000E772A7C9FBAD4D9EFEFB19DD7C3B838B07
:108960001FFC36F6FBD865EADB613723DB52AF9D8F
:108970007A78EEFEC58E6FEE7C7BEBFA0D225DEE13
:108980007ACAFFD86D24FE5F3F24F24FF4C88B5B98
:1089900064F47EF4C8AB1F881DDDDF48FB4B3CF25E
:1089A000EA267E1165F8C5D20C7790C968856A5DA4
:1089B0002A2E4731AC33BAB197DF9B97E2D706A690
:1089C000E2FBA0376F8BEFA13D6D8D49F73EB224DE
:1089D000F897599C8AEECCFEF5B456DDA242FBB363
:1089E0006140EF67A6E4172F21CF738B1EA8B4A2B6
:1089F00001A48A414901E9A9A2C216F202F695979B
:108A0000F52EF618DCFEAE4003DA9BF491C93CB4B7
:108A100042393C9992A11802A596A12AA4167C6815
:108A20008174179C20BDD1277FAF142EC897FD49B4
:108A3000BF4BE4659FDCF806F6BA12EE9514CEC182
:108A4000B19DDFA7A766D46478BFD9BE2AE5BDAAC9
:108A5000F7D4EFB7BF95B2C8178E00D28C5658DE48
:108A6000105F7F3E88DB5D3FD3363BF7F19A4D2B9D
:108A70006761AD084BD524292AB0C44BCECADFBEEE
:108A800088C116315BE288E5E59B74F2E054314A17
:108A9000EA3FA5F826EADB4FDE0B9C42B8F56BCF28
:108AA000F89D294F807B5D0397F900AC83E2BB9072
:108AB000ABE4A7C9B5AF826B54382971B248E51C45
:108AC00018DEF3FB3733B2B46D32F79DD45AA044AD
:108AD000832B50675C3FAC15D9FF0E351F20A88053
:108AE0009F1C75CE8E34227B3790B4256C6BFA6256
:108AF0008D95F83A6D0948E7ACCD804A1E5A81FC45
:108B00009D66FE229D99603AA8C59D617C95FC4AB0
:108B1000DC85BCB212BBAC8D63C9BC68392CCB946C
:108B2000F403846FE7E316A52F7A4C5F877A09591F
:108B30007F1B886DFEC628EB2B174416795ECDDAB5
:108B40000AF795639107D8C36F93F16C89E89E5536
:108B50004FA8A80F94FBEF2BB2CF99BB4AF25F2C22
:108B6000BAA57BB1774BB9A14EE297B118BF924835
:108B7000B9853C3F61DD8AFF2FA17452C84BDC7779
:108B80008C4AEC92F651EF94CF2B7285BCA583BF33
:108B9000F413BB96D3F3B9EC2EC06715CFE37ABAC2
:108BA000643FE345E47D8A4BA0A3352FD6D7D9BADD
:108BB000125069FD675D6F6F74A1FD04A2405FE70D
:108BC0005A8AEF38D0BD9594B287F9ABF459C5CC29
:108BD000BFEAC0760DD8D330BB382F49509B34F153
:108BE00056EC7F18C5B841F650703F17304E541AF6
:108BF0006C1AFFA68D724C07EF908440166AE486CB
:108C0000BD6E974291A18318A05EBE00D53467590E
:108C1000654BEAFDDCD6C887D33A02A78CB272094D
:108C2000BB15052C77BE33A43B8DFB8E067DE7AECE
:108C3000F13C3A736D64B9FCCEE1DD696D0ECB0891
:108C4000353DFEAF7C4A70EEEEDECE34E7AD230F4D
:108C5000B9B517D4765654497EC02770A64E0DDE9E
:108C60005B93F77E99E83DCC3412F1BE2243D0A944
:108C7000E02E44BA61282E4D5704AE304F2C11DF40
:108C800001C8E2A42CF65AC0CA7C46C748FBD38967
:108C9000E8A6E4CA81A0B9F85D240B5E3F287F678F
:108CA00014AF1FF4DFB68797B186CEA322EEA63DA0
:108CB000D36966373B26B63E5E7BC51C547B188164
:108CC0006B99856AEFB4EC2F2E4FA722C2B20A39F6
:108CD0007433CCCDBF0C5E839FBB3E7AED00F21A9D
:108CE000E3F4BDF0A024C5F97DEE83E23FD3CF4F7E
:108CF0001AB40DDC5D678EBC706EEDCAE04181A0D8
:108D00004C3308EC0D0AA294DB7810F36E10450D7D
:108D1000E7BC3440B98D55925F411A159F3269C343
:108D200011506C0CD6A8A5B25B2F9EFF33FA74FAD3
:108D30005DEA32A7200FE2CE7E873BB401B46285A4
:108D400029BED8275D395EA53A63A422CDA7781441
:108D5000F34CA1280D4A472DDD57360CEED61AEB01
:108D6000AF24DAD7947C6DFE555E6759FCD103AC15
:108D7000E06614454D0758D42B368052CC860BBB89
:108D80002CC96A7A5C2B3FA5CCF6792F77ABDB2711
:108D900092B4BFE18522642530A043C551E1FD3086
:108DA000F757C79573706FE124FB858F09FF1F8309
:108DB000FCFF2CE67F7A0BE1FF7E28763D55A4650B
:108DC0004C0363E836457C09DC232B37AF3137A1F0
:108DD00013DC5776E9778CA3F6ED93F8B6A63A59EB
:108DE000A321510CF6F6A439BDE86F261BCDACCEFD
:108DF0008D46D606391868D0EB7E02D16C669D414F
:108E0000F4A5C972B4837FF5A425D6094CE81D1FCB
:108E10004D241F7F948C5D12BA17A98BBB03EA986F
:108E20003B097C5D67DACEBD721D6017C28EEC1502
:108E3000FAB0B69C3DB917C5554072175B93C8365A
:108E40000142B15A612E14B3A4FBDD435A71398833
:108E50001717BDCA6DBAA01EFFE7782B948443DCB8
:108E60008A51AD5832830FA07492BE99DEAD94DF63
:108E7000F798887C0AA3485EC33B02C452293E4C43
:108E80002B3941B3DC4617F8F50E6A01A1D354F330
:108E9000F6EFE84C6F5A123DBABAEFA5CAB4D6EC59
:108EA0001120168F8D6BA4894B2DBE179E7077A84D
:108EB000DCAA709CD3F4543957D454BED2DC14CC01
:108EC000AB408E18C6437C78B54F8CB29A93C537A9
:108ED00095687D7E83BAD1771B867676C2CA00B04C
:108EE000F18420A259704A2CE7EC4DE5EF6F3C98D5
:108EF000CAE788B4890F3F562FF798BC52CD6EE170
:108F000054B41FD6F09916E5B62645BC95536B4070
:108F100079F68A19E86D86CF828D87433256CC3830
:108F2000B97ED31A6E23332860D18A1982FB1DC003
:108F300009CCA0A0A5C2CA9580FB071360196E5585
:108F40004837F83774817C16B7E27E80E84272BBFE
:108F5000BA5DB701724B5CD7B7E4B74BFA1DD3F5D6
:108F60006DC89F0A0EE234174E1BDB7505FF36E015
:108F7000DFCF745D4167384A341EB7B84147FDEC16
:108F80006DD21E7D27735E9351676B075C40A7DF30
:108F90009E9271C46F424BE4B29B41E9B81DB6D3B7
:108FA00022C2F065FB19CC8F4C4810E7EB44DFF58B
:108FB00013DD43701A3B30881BEC2A5F696F22E98E
:108FC0007E6814CCE1A8E7A49BCC9592FD41EB1EF2
:108FD000D1C451C688FFBCFEA7DD3F292758959C08
:108FE0008F978A87BA8E4A65996005CA89764074D8
:108FF00097E1436F3F9B310DF633D4F45535F9D3E8
:10900000E1B76733A2ECD3F067FE345E394945E738
:1090100088511B856F868018AF5989C28C21605A90
:109020006E1DBD3B81322ACAFC5E7B76016D2C2A07
:10903000F75B9413D0698ADCD03323076A75BF5E6F
:10904000DF156FA1157EAFED2840377635A2C949EF
:10905000475EDD5567DB0AB8E22EB0A7E4EA3EF2D0
:109060000277D0DC4E9FA59A4557770D5D86DE04CA
:10907000A0B701B5D631D6EC1109770B58ADED424A
:109080002F77D7A518CCC295205354E077E7CC2B87
:10909000F9AA3DC5E509E80C0EDDEC6869938A9CE8
:1090A000EEFEBD3B6D59B76C8D1FCF234B7C45AB9E
:1090B000E286E296E20E1E3156A9098AEF20E310FD
:1090C0003272D1F005D180F0FED41ADB65C7B34B04
:1090D000116C7CEBB3CBE36F888C14FD27AA5B4A41
:1090E000C569CFBE1B7F07A7578F9A537FCF001646
:1090F0008C5FFA11734C98D83A7E79FC1DC5AD8906
:10910000A49461ECDCDFE5E21CDBC48937C6BF3B1D
:10911000F1D6D6FA5FD585F9EB4101AAEB8EA7AE61
:109120005B84177B3E714C5836ED16D2D6F08C9886
:109130007EC312CBFB09DF2C577C6A12BA63813DD8
:109140008F2B57054559515F8CCAC7BDD16246FE6A
:10915000D2A2EC431BA9299CD95BA18CCB07E8BE0A
:109160003CD2CE7DEF02D92342D32D30256656372F
:1091700040AF1F2C7156BFD5694FE856EBBAD75395
:109180002CA7F20234FB84EEF27A7D6C879FD4C365
:10919000786FF0C19CC35C909777B601A4EFB17172
:1091A0006BBC019FA25DE9FE4960E05ED872199830
:1091B000D9CBEB05B7DBCD59BD91D6A6B9BA16D63A
:1091C000A1103A3A7ED9781059135C5D9B5DA84294
:1091D000F552D9857119E89E3DBBB01A7DA2DF0119
:1091E000C8523ABB501780E8CA2E3404DC33BCECBA
:1091F000A78FEEF043B4AD5AA965DC4BBAD74399BB
:1092000066BAE92D9DE79A30754A982BAC74F778C9
:10921000AD99E542BF11746719FA5650E1547A3D91
:1092200020D8C309F670823D1C620FFD15F60FBBF6
:10923000D73F8E178E5F280D5735F74F5CF14DF4F1
:1092400052C94FEB76F7D8D76C3CA8CD82BA775984
:10925000B61F134AFDC15B700947618903E9067CAB
:10926000FDAA19DD9224533A68BF5A5BD48D892D2B
:10927000F9BC171BCF4F6C45A3AFE820270AD7AF27
:109280002F45651D7116807C3D5432E6BFEF63B8F3
:109290005CF98D41D2C301205A698138286311A33A
:1092A000DFD1E9D7772A8EE4B472020D5499CFC981
:1092B000ABD889BAAC8DC816258D4AE6DFE48A3B67
:1092C000147DDA2BD45DA53323E7C6183A9CF2321D
:1092D00013ABFDD269C5CE05C58F7E2DA11FAF6131
:1092E0007A0BAEC33281870A30591D0FA17ACC3F69
:1092F000F561572CF4E01750EDF4424EECAB5DB144
:10930000701ADF47C1C14244C1295EA62161FDF444
:109310006267D6E334206CBFA5C202A9504EE001BB
:1093200058FCA2BC6A7DE570F72A7374630256AFDD
:10933000CD0E502DA8738DA050DBCDA8765DB782E1
:10934000DC9FACCDF6532DF82DEE183E96C2F9E910
:10935000F9E78A9D37C37B6FFE6EDD916B544E84B7
:10936000DBF3C5338CF23AFFFB5A79273999CC45A8
:1093700075FD9E33104DFC42CEAF5B319D9C259810
:10938000722ED7231ACEC9670BE68BC5CE1BE1BD63
:109390008DD27C17661D0682DB3E005183E63E9A25
:1093A000F7B35B6A4574EE6371F07E3556617627DC
:1093B000F8D412FC9A912A58E36BE43EAA5684C969
:1093C000EFE1869177BA1CD610122A56CFF82319EE
:1093D0003D2A5F78F0804237F5CA2F783F3E4BC870
:1093E00075370833BE0043FF5E60A7F339EAFC64BB
:1093F000AE3577A0909BD5C081F3D1DC0FB91A218F
:10940000D7D0C00D383F1C7E5741F9D8C0D11DE1DF
:10941000DC6D5BB8C0BC9CCE511DA1C8760DD3B02D
:109420007548652E1549DE5DCFC17454144D5E7EBE
:109430007D29A20151805EDB435A960F2327E20764
:109440004F4219DD807735291F73EA8E48AEC31667
:109450005E3E2F5E0C7935902D3038DF763F9423B9
:1094600051991ECCB99C1DF1F28EC595426E7503C3
:10947000A7393F92BB95AB40F12748F97F72BE1DDB
:10948000C3B907B6485C3E0297BF1F2197EF7A0E1B
:10949000962FDCF1292CDFD4C029CE8FE2DE3A1FD3
:1094A00005F5A406D88A68742AE36A700EE9F819EB
:1094B0006B39591F957308CB0484E543F7CF13E448
:1094C000A8573FD3104BCB8E4088656523A73CFF40
:1094D0002CF77DAE5ACBC735622ADA3770EA2DB148
:1094E000DC9B3CA44CD708F5DD68EEA16D14A668A2
:1094F0000AC2B5CAFDE31499936F3B15F48FD911D5
:10950000A13B2F6F136C698D5CBF8E58EEBE6D0C46
:10951000869E85E9BF354BA6FF7B673FFAFBEC884B
:10952000F49D991542AEA391F3393F91BB8D7A40DA
:10953000247547AE872D19CF3DB2C5620C6F220C42
:10954000CBDC37DE94EB6B777AD3EDD911153B3753
:10955000410CCD8D1C0DA9FFEBF9F1B0E58D9CAA56
:10956000231EF581BBD119D4711DF781211FF7C1CD
:109570006A8467B5FBFA6A5913BCE654D3D7B323A0
:10958000EEEC9CB08D679D859D2DCE27D4DF229E6D
:1095900022E5D69573C85A47E85E057A066F649D42
:1095A0003FC57D47D6F28BF95E7B36A2B89C682515
:1095B000F744EDBBE2EC4F5FC98E003BBA1D1803C8
:1095C00093E37B20FB29108B3522833D8843F652A1
:1095D00013CB8A0E222DA61F882F99E1402997BF11
:1095E000CB11DFACF792DB7709B6EF12ECCF1DB3EE
:1095F0001CB80750FB3B2FC9B1CFD22FC2FC8BD96F
:1096000011D13B36917C7FD4B2A5EE8BFEB2243DC6
:109610000FF70BE7E12E6E479103474B71ADC27D0B
:10962000301841BEEF3E3758DEE19E75AAE87370F0
:1096300034768CA8C7B8862288F7DC67647DD97435
:10964000DAA9A4CF64472CDDD1B60F430CC3E37F66
:109650006A98274A221CFF53D911A61D97F7E1DA11
:10966000986C5CDB0804B9DCFD9F11B2E43DEEF4BC
:10967000A58FC391DBB16217892BB314433E8DF9DB
:10968000F3E8D3327F1E756AE8A3D9113B764C21EB
:10969000904D8B31E43398BE23CFC8F41D86F41D62
:1096A000C98E68D8B199D46E780B438E45902BDC67
:1096B00087C6CAE373008ECF81EC88333B9E233884
:1096C0006D0B30E473B8FF0E7856A206D87F0D906C
:1096D0003376F8EFC26D4EC4F4ED4F94E9DB0FE939
:1096E000DB0FC77AE7C93A0C6144107F737F25AF5F
:1096F00032E02B27437F951DE1B7B39140BC88F939
:109700006F8FBC02B4EC86FCB7078EE3CE557B317D
:10971000C42B08E203F797AFC8FDE570D2F4977049
:109720001C77EE221033F0F87D21CBF38A5D70FCBC
:10973000BE80F264E7277B719BD83FE336CD419032
:10974000EFB83F9F23D353E71C407F06C771274DD7
:1097500070CDC5FDF3D95C999E1DB07F76C071DCDC
:109760003981509C89C76F47A64C4F2D1CBF5A2882
:109770007D7676EE24E3F71AAE6D31EE9FED8BE544
:10978000FED90EFB673B1CBF9DC70864D32B187224
:10979000191EBF9A65F2F87D02C7AF068EDFCEB9FB
:1097A000BBC9F8BD84215760FAB6AD90E9AB82F42D
:1097B00055C1F1DBB98FE0B4BD802157E1F1AB5A5F
:1097C000258FDF16387E5BA07CDB59B433E6CD4FA6
:1097D000A0F6EEAD2832091DD601E78AF35AA0465D
:1097E00085F591E8077E333ED34EE9EE8D59F509B4
:1097F000B85B3FD30E752C3F41FD72BAB6D9013626
:1098000009BE6BF8359CEEBC824FE1029A15254EDD
:10981000493278EADD23EA7718A8C58E989B35C0CF
:10982000E8D01E7BD0BBB8BE6F0D6973A03564C590
:109830001ECA1F594485DD20F362AA89ABB14615C3
:109840009B8D61F259EB9FFD0FF7594245F2E4C53C
:10985000E29FBAEB257B9B567466BC255193EE982C
:10986000F1027A17FE398AB425ADFBD7FC6F93F16C
:109870001EAF7349F6E8CF9473419C26FDF2FA7D42
:109880004E2926D14AB8EB52BA9F85658DC8DE8035
:109890000EF7BC943D894B568F2AE6085DB1851CB6
:1098A000BABBB31CCE9C40FCB3148B85D2FA3B1CD4
:1098B000592E581CB65E548B3ECE3D5EB6D2F8355E
:1098C000D6F44B8957093D13CB396C156118893C87
:1098D000423380670AD688EFC0D26BDBC74858A2F4
:1098E000DDE33F7550FEC8C6833792F53E567D0BCB
:1098F000EF6F2A7E1C7A93BCF6445E58A46F2DCB82
:10990000C9B9412CEEB58624392721FB7A3A2D5965
:10991000C893D79F2BE49C8A6524AE5C0C39DD4D3F
:109920009073C05212CFAC86D0BE9AC4F9FE8AFCA6
:10993000FE6005D46352EFE08872C70CE885E4F45A
:109940001B7353EBE03E2CEC3EB60C6AFD1AC59B34
:109950009C76AB522CCF924F7EAAA690F73F5B0528
:109960007A294DEEA15371AB126ED5588FDB73C4BB
:10997000A76F13EA16FA126A42B3107EB8136F0388
:10998000083E09D55229AEE548FFFB79DA9381E01C
:10999000506E7C71C8023982DF035D8F88ECC50A86
:1099A0000EE2387E180B9F40F68A97871E269AFA99
:1099B0004D8BC30B44B05C865BC133D2283CE31EA5
:1099C000F2DBFB113154AA69E0D9FAF204DE50DE71
:1099D000C0B3BA6A29CE6E187A4172AC5E2B595662
:1099E000B7292665B649D6D5E8A54C35C89B3BA70F
:1099F00020EF1A8A6D28C7EC46FA67EA9D906550F9
:109A0000D3B35A1539228AA401791BB7E8163A4F05
:109A100014BCEE30BAD94AF43E52237E8F4EED5339
:109A20000773BFD8C1EFB54F7CDE780E59EE9E505C
:109A3000EEF606F11B79632A993D098615DDC1EA28
:109A40000080ACE21FAFC37415D561843A719F3EAC
:109A50008C4F7FB34E211A4D5C547E6DBE790A3512
:109A600065BF950B29966A4DE57F5DAF254ED55BA9
:109A700074E2228FCE19FC0F73173E81BCA0EAA9B5
:109A8000B183F46EC7AA65B266AFEE1865A792CD32
:109A9000C90553241FB1F83EB5DBBF910EE7C39D46
:109AA000626C2F7A97AF8FB6833E0D9E32622F2362
:109AB0001CC0AF0C68A6EF9D4157AF936F7ED4F7E3
:109AC000C680EBB70B70F37729047557AF998D51AA
:109AD0003724A0886D50FFB775024B0A0362984E79
:109AE00038BBF4A01938755D8F724C66B6AD3EC6B2
:109AF000D60562F2DA80F2790D88127B747AC05052
:109B0000371D6696D376813F2AD926F13ABE53C1D6
:109B1000A337BBA5267F4CFE38FBBD11509A61F9D7
:109B2000D05B3ABF9C338F4076273D69E8ACB2BC2E
:109B30009D2B9AA2841CA940275F7FACA313B97FF9
:109B4000AB9C8BB176C27DB5150C3E2A8F50CB599C
:109B50000F3F9CC16F9CA7F6F836C869E08C65A6DC
:109B60008A52A6B542C9DDAE90532B4ECE94E5A3E2
:109B70001ADD8ECE9671355F7658D2C229D86F80A5
:109B8000E3DAC0E04DCA99874048FA717E125D253C
:109B9000BD1F882F212373C792A6A22279DEA00FB2
:109BA000EA00A4FEA394D10EFB07F5089256839D0C
:109BB00092CD3E73F80F4EF2865E27F138CF91F7C3
:109BC000716F0AF4CB8388DF9EB3447E7D2AA87828
:109BD000306ACD98FC2FF223ADE629CA092A902AD3
:109BE00073C683A8DC73C8F3287EDF1E4A5FD3EFF9
:109BF0009848D17F780AB5DF7ED921D806E3976FE0
:109C0000437E7944255353645B6C5367546E5EFA0C
:109C100039B93742A836FD8E288A5609CC6064AD22
:109C2000A8E0C4119496EEE84576B6331CF1F66BC5
:109C30009063B5BA714064A4F73B3710F7AA3BF6BE
:109C4000889F590BB95810255BEBDE1DDC4619FBCC
:109C5000AC423F6DA9CC12AD527CD56DEB982AF188
:109C60004AD2E61362B564F7FF5DF9FBC8666FF38D
:109C700041F2767FA8BF2C8F875466917BF0F7372F
:109C800030508E65E15E6E3828CBB1D0A0CA2C284A
:109C90003B8AF5952A5099B58181D26CD1B1E61CE9
:109CA0009136CE8254A6DE906DE6A6B790F5E4EB31
:109CB000722ECACEBD7AC75B9789CE2A0F5F135525
:109CC000E80635F98AC76F4072955DEB6D520C6EF0
:109CD000E4FC92FBA152FA7ADB11B115519ED1340A
:109CE000F61095B28FAC32F465D9926D0259634289
:109CF000077AE46BFFC274297638DEF73551C998CC
:109D0000F2D02F6508930F89237AB43C9D56715C7D
:109D1000878AF84BB293D3EC6F94062FF44635D074
:109D20000D0A24EFEFBFDDB7E7B550465A457ACAB2
:109D3000B959B5DB41DAE0E559CFD4822E169C82C1
:109D4000F27F3AE1EED01D9EFA55731D89FE449FC5
:109D5000DFAD6E2DE57896BBED2291254D5B031BA3
:109D6000A5FBD283926DEC4EE4B997BCB74D229619
:109D70007E2DAB2ECB2F81881EB30BDB884998DA62
:109D80005D6AD128ED7F3F20FE263F20B3719B2ED8
:109D90005C8A57FFBC182EBD5F9CA3C9405C895BE1
:109DA0000D4E78E87BA0A5814234497D11EBFC87FC
:109DB000F521B6ECC2D80EBF43CFD57D2C9DB13472
:109DC000D1299F12DADA2613DEBBF8CAD9C7DFB46D
:109DD000FEF6CD3DA1B7A698A3596E49B35AEC043F
:109DE000C84EA982DCAFBC8D294DDFA45B2ED98182
:109DF000AD165F93EC76F7E8EC92DDAEF5F584A254
:109E0000269947C19DBC8C612A344F700B5AF6CB02
:109E10002D48FFB1AF0509C39D83C27B08FEB7C8BB
:109E20007AF3D5A66D9807167EBEDF8EF9F0501D29
:109E30000D67E6B97C2CC57E100B3362C13EA3FCD6
:109E40002E22F4ABC063A4777EF0E81F372AB366F6
:109E5000F3F4940DCC39B1F02D7986541479F2DBFA
:109E6000D15A4DAB36AB9C0B3B1E38FBFD1FC2BE1F
:109E70003DAEA9237B7CEE4D6E2E41ADC10001C1EC
:109E800016090F65D552C0178F6C94C755DB5AEB76
:109E9000A2B4DDB65FECA8546B5B5DA4D6B6EE123F
:109EA000C325A252C1800189166915CBB65D103554
:109EB000BEC10752EDD66AAB52FBD8450344ADB6DE
:109EC000B818A256F43773EFDC04A17C7E7F70874C
:109ED000CC9C39F7CC993367CECC9D3947D9F9471B
:109EE0007738B0655943E2683215F8B60AA1FB032A
:109EF000CB0AD1DF412E64B2EA4D7900BEE9920B64
:109F0000D6609CCB4AE0CB44D8DC77877C69998BC0
:109F10006FAE2D2CA238CD3BC25900ABF5B582AF48
:109F2000AA2CF5A8053CFBF106F6817D8BF341F0E8
:109F30005426729BC2DEE578F0488CCD94D406F1AD
:109F4000A64C445B54DE85AFE52B474AF75ABAC5A9
:109F50007158BD39A7699E74FFC229E41DAE5E3BEE
:109F6000EF6BC4E76072D7B94BC8DD555DB6E82822
:109F70003957F42AF1425353638253186FDC1E6D34
:109F80004DF5466641C189434B7E8278F52CD43924
:109F9000545D42E422BF0C5A3A847D0B9293652EA5
:109FA00079CD0A432D55960925B677804A1B2D0792
:109FB000FF5104DB7D1DDA512C509BD860A96D8EBA
:109FC00007066EFC4E32CF155B61E93744EF18ACE3
:109FD00090FF8AE0FF10E51F277C5D5B822372C83B
:109FE000F06D2EFBB2963B2237C433F26636E4683E
:109FF000138996DDBC9EF62B49A68ACD2C185CCF22
:10A000003A696C49A95947D1AAB9072C43B86216D5
:10A01000BEDE426B587CAFA75A65D6E48003962912
:10A020009CB69605AB266E63173C7C8C1175B5E328
:10A030008CAE541BCDA099BBA89989BC66932C30DB
:10A040006C7D1DCC6AA79179EBE704D67962A47286
:10A050006C85F99C8ACEF9C234E4D8A8E91457C1BA
:10A06000B200B655A3395BB99361CDFE9160D72696
:10A07000E38E930FED257B1FE0592E6759E8654568
:10A08000FB8EFBA7EF9CB9FD6DE7C51B3F5CFD4F49
:10A09000DB95D64FDE1C97C7B7AAF3794A5C0B6CE9
:10A0A0009F4AFCE9DC14A50664DDAC8C2A20F696F8
:10A0B00098F31CF68F8E6D3AD8734991B85497EF88
:10A0C0003CAE66CECAD45E40DEF342C06B390E4D64
:10A0D000166E295BE40B555983DF303C4D71F86EE9
:10A0E0001B1CEEAD82727658D0BADF1F5E9E5121E6
:10A0F000F706F0EA7C75D807B3328BD3C43310E28D
:10A10000BD680337F6E68E7CB5228F22FE98DA888A
:10A11000DF87674588D657B6ED844394F45E34B73D
:10A120004EB841E4EA3763A492A1C2AF2C844B9DA0
:10A13000341FA1DEA4A0DD56A2502B240153BDDFA5
:10A14000E6C1CBFC57C4CB4C205AEC0567464DA664
:10A15000F7FC8EE5692B77AC54BCD7B138ED8D1D7B
:10A160006F2896E8F8E9F82C8B879E1F093DE3EFEE
:10A170001E36332D0F7D17C205C87253B3B22D277B
:10A180008317137F4F97303C818B23F867A7DAEA58
:10A190004BAF027393F3A1B3F0EEDD798A7387615D
:10A1A000791AB5260BFA3781356F40F51EC070FC61
:10A1B0009F2EB3A70E7BDEB6FD3CF1FB15C71FE655
:10A1C000C382D6CBC16ADF58E54B324351E2D2FAA3
:10A1D000BC7499AE1CCEFF8062BC530F1B27CB15FD
:10A1E000A7F91DE53349FC5CFD49E33E25C05E51FE
:10A1F000869C92ED5552B27D0500D9709471420152
:10A200001071B79F896925FE4FA385378AFCE5DA6F
:10A210000FC3EB5701DC729596D9709D020057B8B9
:10A22000E8796967F851E48C8BFEA57969A7F17923
:10A2300002E157E68BF3D2C6A866905FB92F306370
:10A240002ECB3FB705AF347C25DC7F5640A43BC7FF
:10A25000F1B4B1EFBDA1C35F4B1A247397106968C5
:10A260006FF52CE5353CAE7A8F33722EB19B9C5D39
:10A2700078BDC6649FC23CC0BE5DB45F5493DB1022
:10A28000A9B788FFB185A8742A735F28FDBCFA19A5
:10A290008C15E987A7AD7087058F37EBBBDBECD951
:10A2A0009929D1066E658358563DDD0A2FB5889EE3
:10A2B000621C337A8DF6B75BBAC55C6E7A49B29090
:10A2C000F35ECBBDEDB6436F1F7AFFE7FFE2DB9194
:10A2D00035A6D13D730896E65464317F5396EDCC94
:10A2E000F0F90A9F94A12D5599F8EE179E7FC53B72
:10A2F00094C2F7DC8E6A20CED8B2399817BD572C9D
:10A30000D8FAAC29D89537A1207EED91B55B8E8E19
:10A31000CB8BE1B7110FBA95F757DECC99D37FB548
:10A32000A4DE24A7CD1917294D9A0CEBF258DD268F
:10A33000DFD72EFF47A42832CA8A664F65EA5E0B34
:10A340005ACD0DFDD71ED61796B68327775707E748
:10A35000DC31845F3A6A2F6BBF2742B29373A1F25C
:10A3600084EAB5A74EC794804CEDBEB994F650046C
:10A37000A5AD4D93115B235384338DB7C2C0F6C294
:10A38000AFCAB2473497AD18E260DA8C7B0AE86D49
:10A39000C7510FD370888C96F6CC3175113CDE2FE7
:10A3A000473D8EE68CFEF9641FFDC6A239E36D2B96
:10A3B000E784DB8AD366E79F766B80CA8F19E79BB9
:10A3C00073940DD4357C3F2F678EB40781F748C650
:10A3D000E599191E84F2EE1BCFBF2C3847FB92FB88
:10A3E000D15A7C3A2438F36E0B8E6185F4CFF0009D
:10A3F000614717DBAE54F89B0D537CD48C5E8ECF37
:10A400009B09F3D3019F53D83F5460D6DD0D3973B8
:10A41000CA7F116D2535932927E5FBDEBC45A5DEF6
:10A4200044365860AAE41D2B77463698A572364804
:10A43000B78CB09713F94AC3BFA3F20CE1D27A509C
:10A440005F7D681A150E173A89F7CECCFB879658B0
:10A45000DFC6B3183E672352E678221852E15596BC
:10A46000F3F824F3C516B05A7359935DC4C604C3F8
:10A470002A6477C3399D488767176545138C9B0904
:10A48000FFC3908C355BFF8171E19816D9B55C1CD8
:10A490008E0786D2E8E0770B9A0FBDFDD31BC27BF7
:10A4A00096A644935DC05FC5FC43421DF2FF0AFCC3
:10A4B0003FA2295B9859C5F1C15AA17CF9104E57AA
:10A4C000C2A709D23251EE8B6F2F3E39E17C70CE9C
:10A4D0003D43242C72D0E444CC9FFD9AC8B8F115BA
:10A4E000A811B0797C8235D18670626DC828DBEA0C
:10A4F000929F85137E6E7F359B26020D27DC9FF68B
:10A500009A60F1855B59F157D647072C0CB7AFE538
:10A51000B31FAFB648A74E26107E565EC3B5719CDA
:10A520003134DFDF2F790D7FAB8F652F004B1AB6EB
:10A53000644E1EDF6BB1C26DCDF82D851CA6FDC922
:10A5400009AC2FD5F1AF09AEE09E7B5484DF31A278
:10A550008F0B087DF7888CDDED4172354E189FED2D
:10A560003F1359B2F7CC19C7634F8033EFE7DFC011
:10A570005FFA4FB762EF7F2F75BE7AE3B5AB7B0B07
:10A58000BAC2401C96183E0DAEBEE0FBB951ED9A22
:10A5900008DA4F15A441C305DFC2B495E970F3058D
:10A5A000953141C184BC254B542882D60D02F81C3C
:10A5B000CD6A7FE76A323EF7EFDAB4E635B1256956
:10A5C0009DB2FD0A30616D44391CCAF89B8707D1E2
:10A5D000E61F86D336055005E5DF7B78D71FDE3EC4
:10A5E000E90F670DA20BD6C18F58DFF8FCE2B42A41
:10A5F0003EBECDB254A07D5968165430BEDA7D7986
:10A6000054EE8DB2CE62B1DD714A5FAAEDC9897791
:10A610008357FD4E85AD3C119A6FF123F6BD387F0F
:10A62000FC4266EFEBCBD2498D094A5FE8D70D9E1D
:10A630009CA80CCEF99D8A804CB75CACB36025D940
:10A6400017749039B983F4C537D2FD664BAA0CCF85
:10A650001FFF3C521AF756E2DFD6CF8B9E21C97FEF
:10A66000487D541E4C95036D6D01C0FE731FF53B74
:10A6700048BF7FE58DA94BC2C5DD4FF255F9680390
:10A68000B9F72CC842F50E7CEF79CC8C3590F44AA2
:10A69000636A83D932883698B57177017C6510C0BA
:10A6A000DFC87758B223F5D165BFA0679C7A4524EF
:10A6B0005DF69B2895DC2F5658E0801F7A8395E93C
:10A6C000A31BACEFF7FCF812D2D47733ECACF381D8
:10A6D000B2292A2FD08647B07DD6A04EEBF2D59670
:10A6E000F6C339E9FB1BDE4CFFB401F7F9EC3B5232
:10A6F000AF4B7D5E53306E2D3EC752B1560E7AD3AE
:10A700009865C534CA0EB2009F3D5AED4BA5188A14
:10A71000F8A7354BF0DDD4251DF8A6F44BE4045919
:10A72000E6637EA70CA9D28E40E377C6C8755E8625
:10A730006FBE75CF9C2117944DC139F8F76A8B0411
:10A74000957B00FE920742B30E9AD6EAEB2DBF032B
:10A750007C1FFEEE065D5BE802E52959C46060409F
:10A76000B2403C4906E39BD9531AF65F4E5CACE419
:10A77000E05B2E7ACC5B0C9733072EB1D1537C0C67
:10A78000E1D80B203E0B19934766ED33814D639E54
:10A7900019358DF4D42DAC5957CEC163006B5A7C5A
:10A7A00027984F25378D4E117E5EB0425DA9D78226
:10A7B000D8397B845BCE789C493A273B1CC4154B27
:10A7C0002B801E65BBA0932AB9385193FE91B51911
:10A7D00095D7353A242E3B2A3A4E38AD21EE15CC8A
:10A7E0001B7DB42BAA362E7B74651C6C51A660AC05
:10A7F00005046BC89DB14D5B52C63E5DF8341A77B7
:10A80000BFF3F650BEBF7D866D336ABA61C639DBD1
:10A8100051232CB400C867C9E0872B2835D3D94809
:10A82000FCBD9FDC5649A8BCBDA0817CC5B2AEB2C0
:10A8300049A71CF5579E3D7709C95820E08D23385C
:10A840006874C48FE5E05A47FC100EAE76C48B38AE
:10A85000D28E617CE299A6285304195BED64FF7CDB
:10A860004113598DED9E6D3A932F95329388FD4794
:10A870004A3377795A9D399B393AC374D10D9B3A43
:10A880009EE827025BF92F7C62C43841AE9220C259
:10A8900063897D7E92E8D7CF6593E454C07CD1DF95
:10A8A0001DF725A1F34B377C34816F26F035089EC8
:10A8B0000E5842FCE311F8931EF8B104FE0481AF78
:10A8C000964DCA934FCA24F02709FC49377C14815E
:10A8D0003F4AE03F41F0CCA4D709FC09027FC20DFA
:10A8E0004FBCB76D3F42E0B72178C5A4A504FE1860
:10A8F000813FE6860F23F00709FC5604CF4E7A9776
:10A90000C093BE3DD9E8861F49E0F711F80A04EF6D
:10A91000F58244FF11027FC40DFF3881DF43E0CB95
:10A9200010BCF20589FE4304FE901B3E88C0EF2256
:10A93000F0A508DEFB0589FE0304FE801B3E80C0F7
:10A94000FF8BC06F44F0835E90E8DF47E0F7B9E12A
:10A95000FD08FC67047E03821FFCAE44FF5E02BF5D
:10A96000D70D3F8CC07F4AE0D723F821EF4AF4EFA0
:10A9700026F0BBDDF04309FC0E025F80E44116B017
:10A980009CC0EF22F0BBDCF08309FCC7043E1FC172
:10A990003F16F00181AF95FC91BAE19504BE92C0DB
:10A9A0001B11FCD07725FC5F10F82FDCF0C47BE98D
:10A9B000F62D043EF7DD0F4418C5E7EEF12523E33D
:10A9C000EB3371E6D3FF9D68CD2C329E6D3D7BC588
:10A9D000B54EE6FF5DD8EB1ECFDBEDBE4CE3B923F1
:10A9E00066D3B587E11C7CDD95A6D10867147FF49A
:10A9F000F821F74925A76457AB57C483C2946F4D1C
:10AA0000506191CBC6CB5583897F79FD8AD7B26AD5
:10AA10004C438E1B27E2BC505E77957CEBDC48FCF8
:10AA2000FDBD6757327B7BF6AA578C07D0CB82746B
:10AA30003EF96EF9CF26ECCB0A98DF310D15DF6BAE
:10AA4000D24FB004C02A5EC7D396733677AC81F775
:10AA5000CD2B0281DC6BDB37E615A3817AC1643034
:10AA6000D3586C5726E3D81A2E5699756DC3101615
:10AA70004D65DE43B250BAC6410766A91513015CA5
:10AA8000DFECCD2C1CA280EB9ABDFD705AD8ACDA5D
:10AA90009F55C85EDB002D0EB9D230A26024F3387A
:10AAA00033326DFA4EDC961D3CB15B175FC92AFF4D
:10AAB00006B744775558698BDF6279E2FF6DE98804
:10AAC000061CF56208A74CB6173BEECC34EE695075
:10AAD000B2B0C481D61639A067DDD7BFE39AB33BC5
:10AAE000E7DED65D2DE67437F059B41977CACDFC90
:10AAF0003ADDFD671B7CB2E0660790DEEC9386676B
:10AB000081C93B95AC7D93E3BE58DFE93A6AF349CE
:10AB10003370232B95B85446B7195235FF87383315
:10AB2000F4EDE5B6C76840DFA8F73A00A899B24946
:10AB300043417DBE1C6407BC109DFDC563D1C66F3B
:10AB4000BC40B6EAB1E86CD50BD193C0388B16B8CF
:10AB5000A8D7B2FC9A313543B274578FADC0FE9E70
:10AB6000F0AD00C41F60E020A30447987A4738A5E1
:10AB7000BB33BA4199B6D2C633412606D8F5CDF7D4
:10AB800042B37C0CEA1C7E28F669115A5A9FE1D226
:10AB9000075FC678A8549D591B3D5FF5F361468A4F
:10ABA0003D304FEC973DC7A57E294E2DB617A49A90
:10ABB00033FC28B3CB34B40AD99BCA2C1CFB45D731
:10ABC00026F615E2BD11F713CE833CF64627FCB7F7
:10ABD000C6316C72168EC48CCA2B1C72734638D860
:10ABE000B26E1BFB218B31E8DA46A6153ED247FA3E
:10ABF000597DFA485CC3BF21F651DA0BD30F8A7D29
:10AC000054906AAF707417A7F2B88FAC0E20F2F8A8
:10AC1000E7E30A06B72FB43478DE1CDB535970AB78
:10AC200043D1F78DB80F2CAF226C1FFEFAF24419F6
:10AC30000D26019D25D6EB1E90CD64C18E7CFA8633
:10AC4000619A6CCF63620FF8CD89EE1A258BD6829C
:10AC50002FA9EC222FD40373A25FCB1A7B5C86A8AA
:10AC60002B5C187F75EA0A38B8058F541A7AB5003C
:10AC70004AE43C1BEB88A4E2EF14DB7AD355DEEC0C
:10AC8000A1EB7083478ECAFBC8D1649B32ADD0C69E
:10AC9000B3F8FEB83DA5B95BEC9B23A5DAE8DDAAC5
:10ACA0009EC329F3D50A2033A47A791927CBBD2C6A
:10ACB000B384115F1CC1D36D644FE0D3B1A782731D
:10ACC0000E3787E60778C581337C048F5748AAA3DF
:10ACD00051F9EAFD25008E70825EA3F8ACE839F4E4
:10ACE000EDCEE77EBF9C019F77D2334D3B247DB3F1
:10ACF00097F8034D25FA66E2AAB9B866F4557C7E4A
:10AD0000E0B60AAA9477AAB2126FBCDDB9C1454D6C
:10AD10005F39F782AD14ADB0A1F12E90A230B42608
:10AD200079DE84DB87D6F69DB885736FCFB8A3BB79
:10AD30002FBE1BCC247E27C7AF3A227A51F073AFC7
:10AD4000305B2713AB4AD473AF079ECA569DF715E5
:10AD50002CAE4A2E5A5A098B1EF34DC956D8F39D74
:10AD6000F5FD9BDF85F29E15E1B906C3CD518B3D04
:10AD7000FEE0F5F7442F1AA27D37629968E3624B33
:10AD8000661B47B7C2EBD5C362F2BC99F87CA2AB95
:10AD9000D6C597060BBE6846917BA4FA6E2A55B4B9
:10ADA000E1B1D52E4B9533226F42F6B4DB081DD1AD
:10ADB00056B86ACEADFF5A575CFEEF6ACBB986EC47
:10ADC000A553E26ED946BDBED6AD7D705F403F272C
:10ADD000C0BE92E6348831D322E38A92E905067C2C
:10ADE000AE5F94FFB7173578EAE8B3701DBB97F3F1
:10ADF000BEFB6CB40D9F32363D85BD1409E7A3F54B
:10AE000002BFA6D10B04FF4AA24FF995E5BD70E041
:10AE100043F50887C27927710939C5BC14F5BF8885
:10AE200067DC825E9099990224E5EC4690042E71CD
:10AE3000B9EE8608CB462FB319F0AD6BA14F1A932C
:10AE400056CE693AFCE8D742ECA149E40517614DBA
:10AE5000B62F7302C157CB90F6BF8BB98E102B1C47
:10AE6000971753F02D5EDDCF760D47D66C4C85924B
:10AE70000163C04C5E27F57C2C64990F700EB931CC
:10AE80005669489D2DFDCF4139E35F613AFF701946
:10AE900007DF76F906F1CA18339B9B0869E7CBF008
:10AEA000DFD55166561F0FBD9CB3E0091C4F3124FE
:10AEB000160E75FE0D9EA9F632B3453150EE5C0AB2
:10AEC000BFAC969BD959319071BE054F55D36636AC
:10AED0003A062A9D4BE0E9EA25486E6220702E89E9
:10AEE00092D68B1F92EF48AD640CDC31B34B63E01C
:10AEF00063CEC5F052F5E2AEF0DC98739566F66C61
:10AF00000CA450FDAFAA8199AD8D41EF5E0CBFC37B
:10AF1000A58D31AFA0D24E3127D9897A1EC4A2B7F0
:10AF2000620988B53FE1BCD315AE8A7D1E41D4C607
:10AF300022DA97C06398AECC58F4FEC5222E3DE2CB
:10AF400082F375F86DF5EB5DE1B3623FDD895A2957
:10AF5000E64C75BE8E5A138B5A83D2CA587BA0F327
:10AF6000765778656C3882E8C46F785DAC7F3616AA
:10AF70000E762E842DD50BBBC25B6347A352553C86
:10AF80002AD5212EA1378178FB086767573888EFCB
:10AF9000C2EB464BA40C4E63413EC31B880D125AB4
:10AFA0009585F761E06025601604314C6D151F4EE4
:10AFB000EC93C6106AFAA32707468ADF0030E7271A
:10AFC000218EC6A3F65DEF0A8F8E9F63436D4A8084
:10AFD000DECE44C477D40767E3517F4C12DB9A1B63
:10AFE0000F87382788B466C6A3D64C80FFAD8EEB9A
:10AFF0000A5F1A7F18D5AA14739E73C6210EC52343
:10B000000E4F30B38DF176B5B3037136BE0E41A845
:10B010001210DF48FDCE78D48771F03CAE0F12924B
:10B0200050697482909382EBEB13A002A7B3125085
:10B03000FD2B889B094F611F52095086EA0BB454BF
:10B0400026A037C489B87213502B62501FC674856E
:10B0500017257CBD07BD57CC497622493B9B80789C
:10B0600088D2D604C4BF9F1067138E2288E844F4A8
:10B070008618B1BE2A11B52B1A7E5F1DDD151E92F2
:10B08000F82C2A9D25E64C7346A39626226EA074C2
:10B090006922AAFF3D6A6DE2140451AB43B4C4A314
:10B0A0009E51A19E4D42FFC7C146CC2F9084DE1C0D
:10B0B0008D6413C96963226AD138F11D9589484EA0
:10B0C000C6C11FABC77485D726261D46F4F4CAE94E
:10B0D0004C1C8F70EA311E021F9284DE3A065EC05D
:10B0E000A5D149935169A69893EA1C836849427295
:10B0F00085D2DC24C49FB348AE939CF80E950EF520
:10B10000C038913F679310AFC710194F4274442164
:10B110005E47A19E483A85203BC59C14271A7D4076
:10B1200087388152950EB5EF3492715D2A82C8D46A
:10B13000A1374411B9D6A111340A8DA051A82774A2
:10B14000D3EB71B4032167BA73146ABD0E0EC269E2
:10B1500025AE7F12C9B58EAFE7B3D426472D54B6BE
:10B160008F81CF557BA94D19B5F0B176045F2D576E
:10B17000B39D3A38B43D023E2D483C7E77043C579F
:10B180001D81FA45175EAF3645D642192A9D5E8D60
:10B19000F7446BEDBECE63483E6A27A39289185FE1
:10B1A00018D252B568FC347685EB6BDBF7AB4D9665
:10B1B0005AE8DD1E266033ADA8453211067FAA0E7F
:10B1C000451CA9BD864A6D2807953ED31EAA465642
:10B1D0003FA221D46C6AC1F50F75859FAD5D8020BB
:10B1E00056D4C14108622AA2CC145987DE102AE243
:10B1F00062EB50EF84A2DE09411CA95B59A73671AE
:10B20000280797B687A0F6D421FD18623665D521A8
:10B21000FEEFEB0ACFACDB83206C75E80D21627D7D
:10B220004B1D92BA107816D7AFACDB8F4A5B500E2D
:10B230002AD5E3FA8E3A48E3FA2E5C7F37EAFFBA62
:10B24000F175E83DF123D033249E414F7DFCE8FDAC
:10B2500088DBF13EE899193F19E5E4C68F44CFA297
:10B2600078257A56C63B8F20398AFF193DCFC637DD
:10B27000A1676BFCCDBD084FFC05F45425DC4539B6
:10B28000210997D1333AE1147AEA136EA1FCCC84F8
:10B290004BE8B934E1287AE626BC89F22B13E66044
:10B2A0003C09AB504E63C202F43C9BF02CC693B0F9
:10B2B0000CE583C417D153953805E3495C84F2F556
:10B2C00089CFA3E7ACC4C3282733713B7AE626169F
:10B2D000A26751E21E945F99B805E349E4319EC428
:10B2E0004F315589C5184FD27E4C55D236F40C4992
:10B2F0002AC07892C6A3FC594923309E24063D9764
:10B30000268D45F945497E184FD2644C55D248DC0C
:10B31000BA2425C693F414A62A29103D818EC2783A
:10B320007437511F46EB2EA0A75ED7837898A96B80
:10B3300047CFA5BAAFD13357770BE517E92EA167F1
:10B34000ADEE287A36EAAEA1FCB3BA7398DBBA55F3
:10B350002827A47601C650FB2C7ACEAACDC1186A44
:10B360005FC1186A53D1B3A87611CAAFAC7D1E6312
:10B37000A85D89721A6BE7A1676BED748CA1760FDB
:10B38000CA07755B309E3A1EE3A9FB1CE5EBEB4A4E
:10B39000D17356DD7E94B3B46E1B7AE6D615604A3F
:10B3A000EAEA507E6D5D39C65367C094D48D45F985
:10B3B000AD757E184F4C12CA898E09C71862866017
:10B3C0000C314FA1FCCC98408C2786C2186246A352
:10B3D000FCCA181F8C27A6E700C210D38E9EAD3181
:10B3E0005FA367678C7317C213FB337A86C436A1D9
:10B3F0006774EC3594AF8F3D879E99B17751CED26B
:10B40000D8CBE8991B7B0A3D8B6273507E6DEC2B89
:10B41000E8D9189B8AB1C5BE89F23B63E7ECCA79CB
:10B42000F1D281052F9E3A307E59E835C5CDBE1E3A
:10B43000083ADAAEB7BE75BF945B990E6FD814E2C6
:10B44000ED5DAE5BF402B8B700DB5EC4AEDA969B8E
:10B450003C250CCE90CBF15EEAA795D18B835805A5
:10B46000E88A906C0DD3766B724E3A7CCF45F31C14
:10B47000645D3489A3B4D59A0C97BA144214ADC64E
:10B48000BA8FBED5E4549C338F704C74C9C0A50DDF
:10B49000DADABBC2AEEC1FDDD8DFB144F1E6955578
:10B4A000F8DE3E8E0B846CC1D20038C1F2C25F6CF4
:10B4B000FEF71FF6F8AF9AA85EE192C5B0CE0D6F09
:10B4C00036582285F71BAD30B501EF781B13F31901
:10B4D00059BC42214BCC57E05B710B250B6C27B15B
:10B4E0007F36CBFEC982574BA9D1660DDEC9CD4947
:10B4F000B7FFC3D96D4E1F4C55780F06668BB7EC5E
:10B50000F01A863B6A86EBDAC0E17F2B39686CF370
:10B510004AE2EC5BDA6EBFC8F13BD52D1341458B97
:10B520000614AE2B4C433557B7DC2EE7F814FBAFAF
:10B530008EFF99570C07FB7F3BCCC1D2DB8F99194B
:10B54000201FA55A78DB9229CCD6F3893D56A80E48
:10B5500056D2B2CF59A07E79308D579FB183EFD3A9
:10B56000C299C4C19D324B210DCC85859B5665C0C7
:10B570001FD72B56A6B7EF19CBE5A41BC2EC6D8ED7
:10B580007BB70E33DC8506B346497BBCD36A4CF8E7
:10B59000ABBE09D1FF1FC1336D59724F86DDDB751C
:10B5A0003D286F10B875C3BC220A147F25DA0D86BA
:10B5B000D491C46ED06F51BF3703D887785FC15E16
:10B5C000F782DCD1A7F42F8FD873D0B40EC05FAA56
:10B5D0002978378BAA67D783B5ECAF16D47BF90EE1
:10B5E000053EE728B6486C8FFE394CF33661A71C40
:10B5F000DF31C01EAA8D8EAC7FD8BB7FBF8D7ADFB6
:10B60000EB3E28C0911B99FB20275DB9934A31A4DA
:10B61000BE446CC7D68F99A3C49FF5BB681558214B
:10B620008B7C1A7B2F38EFC0117F62EC69F2CE3F22
:10B630006A23C75759C498BB19D408DB61D417B71C
:10B640002FE2F66D69167135AFB0261F646FEBB14E
:10B6500087075C9F32DF321EB07CC8E268296A36F9
:10B660008B3E207C6D155A0EBCCFD381E68C4B945B
:10B67000E69A10A7AC51574EE8C9B62627201CA25F
:10B680000776FC9D1AC967F45D30B95E365AC1E091
:10B69000158AF04D598C31F1C161CE1086A43DC0A0
:10B6A000498BB5ABDFB626AFF6BD959BA0BCABA76B
:10B6B00003D52F2AE9D3251FCA71342E34A7DC3BCA
:10B6C00052223B204792AEAD9D4E290F8E7A0B49F8
:10B6D00027639C9CAF904D5628A26E138F137FB7A3
:10B6E000EC415C6C6796CD2E4572F5CE9E33A3542B
:10B6F000F896A1C8F14A7DC52025081AC480A46720
:10B700002C0784F82AAF5B6EE04827EB7733CF5ADB
:10B710006E62C9B9D925D2E258624DAE900F02F6D9
:10B72000DBB74F1F643783C12A1D7F244F2779B6AB
:10B73000580653187955167C8267A42F611020A9EA
:10B74000ACF60609A636BDDA9FA5A98D6A0B07627D
:10B750002C8FB16F59B4D113295CF621DB6129B765
:10B7600096C17ADF2DA82597D6E7D983144140A446
:10B77000B9698124199563318DDB1B5ECD3FC3EB25
:10B78000A42FF013A2F2CE3524BE25C363138D4B34
:10B790005D273EDD49E71846E7A493D81C6F8978FA
:10B7A00052E7BD546A5FB9E7889724674F895144CF
:10B7B000F148A92FB84B077933C07250F04BF22AE9
:10B7C000BEA9A9F980C6DF38A0E510CA5BBFE42F87
:10B7D000C6EA412048E90DEC2BEE1E3828FF13B5D0
:10B7E000C42B828F2820B103E6C1298C028DCE6044
:10B7F000A7C2ED1757948F4A9D45E41CF7176B328B
:10B800009572305F948216E00BF1D70EE786603BAD
:10B81000347AD3674AD6CA7B32AE94581B977115D7
:10B82000ECA58770910BE031A48C11D726B9594152
:10B830008AE18423DBD3A536E40663AAB7D8B0AF88
:10B8400075996D30E2DD01CBF7C93C676F71DCCBD8
:10B8500046321F7F5BF4DC6E7A3A00E94FFBFDB69F
:10B860003BF6B5B7EF8C51451059D3FF352A2FF071
:10B870009AF05B8CA4F764D50ABC2A386C9B978E2F
:10B880004FB2E393586A269A114EFA8BEB860B4F10
:10B8900035E175BB7447BD7289CF51E58243F3D55D
:10B8A0000BC243F1B82D58679617A90CCD9FCF371F
:10B8B000E795883755C56F71DFFA34D9D84E6C2BB0
:10B8C000E97F5E9FAD8A8BCE2E0A8B16CF3E889E77
:10B8D000E0C5B3C78ADBE2BD42CB6EE19C5BA2351B
:10B8E000332AAFC682BF661B3F65A5136C5F2BAFC3
:10B8F000095FAFC56F0DFFA6A6FB1C0D5C24C44CF1
:10B9000014CBBF0A3CAA5EA4CCCC5629A331F5E4E3
:10B91000ACC729EA943553F8EAFC7227C83E0B55A8
:10B92000E497FB1B34FEFDBDF09DDAE1FE4EBDEA5F
:10B9300025C3686AFA7BC3E1B0C9CAC254693F51E2
:10B94000FF0A73347B746374813B27E4E5F1A77EBF
:10B95000CEB8AE895D741764AB4E115C051CFCCE8D
:10B96000417785554617BB21735FE4399FA33D1985
:10B97000F734881743F10DDC4F84884D1E4AF50DCE
:10B980008147B3678180BEA72C8398C931DFF24419
:10B990001ED298D17B6CEDE88D3D9AD8957701C683
:10B9A000F7BC4DDC6351E23D16D167E24CB78FDA4C
:10B9B000EBE4A6CB03E535AF77B1BFD12994F8FD11
:10B9C0004B7645DA6B11FD86D498A854CA6130E3F2
:10B9D000138348E7C9A69803ED53C28F1AD52ED713
:10B9E000D040FBC8F06DF83F1068F7092F16BE0B6A
:10B9F00007DA95E105467E5DB19D09C7DFC276DCB9
:10BA0000C73B58357986546F5ED11E7A197F15B3BE
:10BA1000440BD2359FE8B3C7ADF04889555F7EFC33
:10BA20006DD5D969DADD72A0DD89FE2AE534D9FB4E
:10BA30000A20F0F344FF419F86F806887709624D9B
:10BA4000A277EA6C95221E7BA5BEB202E308895A52
:10BA500035578418BDBA17448207028C12CBDDA576
:10BA600061A05769488471B21204B6BEADCA0D9781
:10BA7000F855F99B325C8C236FBD114A464BE36845
:10BA800026FCCB2FD7E6D36D674C6E4C1122A6AAAD
:10BA90002C8C2977E4DAFC47DEA392F72AAD7C22CE
:10BAA000DB5F9100E5F9E06D55EBE3D66918131FF4
:10BAB00069FDF2911A11AADEF882FBE2F3ED8D6FB7
:10BAC00078B6BFBF842F70207C21BDF169FAE20BEC
:10BAD000EB8DCF2FDB3F42C2E73B10BEE8DEF8869E
:10BAE000F5C517D71B9F2ADB7F82846FE840F8F4E7
:10BAF000BDF10DE98B2FA537BE41D9FE69123EEF8E
:10BB000081F0CDEA8DCFAB2FBEF4DEF814D9FE73F1
:10BB1000257CCC40F8327BE393F5C537BF373E2A0E
:10BB2000DB7FA1840F0C846F29A9612F65FFDE17CD
:10BB3000DB72A9CCC27E90EDFF4E825D9DFFC140BD
:10BB4000787225D862F63D0CF128A63CA97423FB37
:10BB50006EB67F7E82FDF1FC7706C25424C15AD9AD
:10BB6000E57D292A91CAB6B27FCBF6DF94601F9E8D
:10BB7000FFB781F0544AB065ECD2BE783E91CA3628
:10BB8000B36F65FBEF48B0FBE7BF35109E5A09B6AF
:10BB9000845DD217CF6EA96C13BB38DB7F6F827DBB
:10BBA00058FE620F1ED9041116F56B345EA366AB06
:10BBB000E646572DB417295E5F9BDFBB2C5B7542B1
:10BBC0002ADBA858D855DA9460DFCACF2F9946B738
:10BBD00061283EA2048D720F9EB312AC55F15A5FDC
:10BBE0003CE7A5B2AD8ACCAED20B09F6CD7CE640DF
:10BBF000785A25D832C5AB7DF1B449659B152F77AE
:10BC000095B627D837F12F0F84A753822D51BCD476
:10BC100017CF6DA96C93E285AE5267827D23FFC278
:10BC2000407840A29B3F73FBE29127BAF993DE551F
:10BC3000CA2422FECC1E088F2AD1CD9F597DF1F84F
:10BC400026BAF933B3ABD42F11F167E6407842122C
:10BC5000DDFC7906F7E8A398C2A4D272C58CAED2F7
:10BC6000F0447B293F63204CD112AC5931AD2F45B4
:10BC7000715259A922ADAB747CA2BD984F1B088F9D
:10BC80005E82FD4831B52F9E14A9AC5831B5AB3456
:10BC900035D1BE85D70F846796045BA1D0F5C593D7
:10BCA0002E956D51247695CE49B497F38903E1C959
:10BCB00094602D8AF8BE78E67BF833A9AB7401E670
:10BCC000CFA481F02CF5F067425F3CCB3DFC89EBC3
:10BCD0002ACDC1FC891B084FAE873FD17D476A5EE4
:10BCE000A25B3F457795F2983FE3061AA9451EFEF1
:10BCF0008CE94B4F89873F515DA5A5983F5103D1F2
:10BD000053E9E1CFA8BE783EF1F027A2AB743BE641
:10BD10004FC440786A3DFC09EB8B67B7873FA15D54
:10BD2000A57B307F4207C2D3E8E1CFE3FD25FA844B
:10BD300067FC3D8E7450A2DDCA070FA88312DDFA9E
:10BD400061783F1DE4197F01480725DACBF88001AF
:10BD50007550A25B3FF8F7D3419EF1E78B7450A278
:10BD6000BD84F71D500779F4C3B07E3A28D1AD9F4A
:10BD700054480725DA8B78D5803A28C9AD1F06F7D5
:10BD8000D341496EFE0C463A2809F1C77B401D9409
:10BD9000E4E68F573F1D94E4E68F02E9A024C41F18
:10BDA000C5803A28C9CD1F795F3C61496EFED048F5
:10BDB000032521FED0036AA024377F403F0D44CAEB
:10BDC0006089E2EF480325C122FEEF036A2009766D
:10BDD000ABE2BD7E1A482A2B52BC87345012B4F213
:10BDE000EF0EA88124D8CD8A77FA6920A9CCAA5869
:10BDF0008E3450122CE397974CC3A3198D55371EE0
:10BE0000312A4C669238AAE126F66FFD257ABE8467
:10BE1000C9A2588A74501234F34B07D441126CB142
:10BE2000E2AD7E3A482A332B96201D94043FE21758
:10BE30000FA88324D82DFD67F93CA9EC233CCBF354
:10BE400049B0825F38109E2209B65C31BF9F0E92C6
:10BE5000CA2A14AF211D94042DFC6B03EA2009B6F5
:10BE60005491D94F0779F8F32AD241983FAF0EA8E1
:10BE7000833CFC79B99F0EF2F0E725A483307F065E
:10BE80009CE51B3DFCE937CB9FF0F007CDF24D98C8
:10BE90003FE9036A200F7F66F7D3401EFECC421AAB
:10BEA00008F367D6801AC8C39F99FD3490873FCFA7
:10BEB000200D84F9F3CC801AC8C39F19FD349087F4
:10BEC0003FD39006C2FC19708E073A377F52FA4B67
:10BED000B45CE71E7F6896677470333F75401D241D
:10BEE000C19629F4FD7490CE3DFE744807E9E02622
:10BEF0005E37A00ED2B9F543623F1D24956D52C442
:10BF0000231DA4831BF9F8017590CEAD1F26F55BA8
:10BF1000A7E9C838DEC84E403A4807B7F27103CDEA
:10BF2000CE7A9D5B3FC4F4D3411EFEA0593E15F36B
:10BF3000277A401DE4E1CFB87E3AC8C39F31480755
:10BF400061FE8C19D00AF2F027AA9F15E4E1CF28F0
:10BF5000A481307F460DA8813CFC89E8A781A4B26A
:10BF60008D8A30A481307F069CE5733DFC09E9A7EA
:10BF7000813CFC41733C8FF9F3F8801AC8C39FE001
:10BF80007E1AC8C39FE1480361FE0C1F500379F875
:10BF900013D05FA23FD1B9C79F3FD2413A58CCFBE3
:10BFA0000FA883746EFDD06F96DFAD738FBF6148AD
:10BFB00007E9E0968167F94602DB73BD9F062225FB
:10BFC000B77E45FA4787F4CFE001F50F81FCBA1F31
:10BFD0008EF3A4E428C2714107CB79AF01750F81BC
:10BFE0003CDCD14FF39092BAEB48EFE890FE920F11
:10BFF000A87708646147DF31759B8C29C32F48E718
:10C00000E860290FACD3F068EABB3AC7DF11DDEB7B
:10C010007C7A6D3E93F6289E09B5EE75344063B385
:10C02000D65ED204ACB3C4BD3184EFAC5780E8CF48
:10C03000A2F54971576BD5DCBE75AFAC40EB6345DB
:10C040009F3D2FF2D62BEF1838FB1A85FCA7B3FDC6
:10C05000760D22F4E4CDB0827D776D3E9FFA48697B
:10C0600051AA546A65DFC9F64FAB85017BDFB1CEBB
:10C07000223AE3AC713C812D9D13DD15390BC1CE05
:10C0800011C721DE53E85586B827959529FE8630DD
:10C09000D7C292E6BF95CC7273FBEC2363BDD63D4D
:10C0A0000E97F6E9B3A2AC5AB79CBF85C67A2D2C81
:10C0B00072BED58B9E47775D24DAB7B28B05883E7A
:10C0C0006DCBF194BF9EEDFF4E2D1CBEF7F581DACE
:10C0D00096EBA17F61DFB6E54B659B15F3BB2CA604
:10C0E0005AB8A979FE406D2BF2D0DF775FA1C85214
:10C0F000EBD6639968BCD7C28DCE4C0F3D8FE8E775
:10C10000C8CA5AB71EEBBBAF50B4DDC3BF97BB2C38
:10C11000D5B57C1ADCD2F212A608D3EDA148A03E18
:10C12000A256A2BE42F1429F9615D9A4326447643A
:10C13000FBEFAD8581DD7307E250A3046B51A4F7DB
:10C14000E5D049A90CD9115D96E65A58DA3C7B2016
:10C150000E9DAD75CFE37D77168A5A6A3D76041A37
:10C16000F7B5B0D839D3438F78169B3D5C047B8DEF
:10C17000FE5AB79E46160393EA29CB56B5D7BAF5B1
:10C1800034B218DA6BE1E6EDD330556B602F9AFCD0
:10C19000308F3A6BF1195181FEB4B5F96BA0BBA495
:10C1A000C82995581529D9FEDD787CA4601CEB615F
:10C1B0001F3E87833A377FA6AECD5F0F3DDC51D45B
:10C1C000B9E5479FEDC7D441FF263DC65104FBF2B8
:10C1D0004655E76EBF0EB7FAD1F6F8D5B9E5271187
:10C1E000D91B7570E3F6C43F6E4F481DA1BA18EF16
:10C1F00029F46E4FB85452A29894ED1F5107557B05
:10C2000027FD717BA225AA3F52C43DDA9E0952C97F
:10C2100046455CB6DFF83AF87853CC1FE288D0D7B1
:10C22000B9E52BFA511CA9524991221AE99D3A24E9
:10C23000C34117C7FD516BF0690A42F366BC93D046
:10C24000AB35AAB95289B08F30A70E963745FD316C
:10C25000473225C832BC8BD09B230BA4920A45449D
:10C26000B6FFC23AA8D91BF1C71C595AE7D67F615D
:10C270008FB6E69D3AB7FC8766FBE5D441BFA6D0F2
:10C280003FEEE1DC3AB77E08E92BAFBCA77FB15D9A
:10C2900081FBF7F13F6E4D91A77F831F6D4DA9A7DD
:10C2A0007F8767FB6FC2FD3BFC8F5B53E9E95FFF54
:10C2B000475BB3C3D3BFFED97EDB71FFFA96CCB226
:10C2C0004261E578B6F7CAB1B68E68D82DEC307108
:10C2D00074461AFBCBED9E3AB79DA34256451DDC32
:10C2E000B45DF5C7ED6A24D4DFEC78B4554D24FF76
:10C2F000DAF56CFF9368FCEC1DFCC76D3A4B28FF28
:10C30000BAE3D1165D24F9A7AE67FB5DC0E3CFEBBE
:10C310008FE5B595C07DDEA77E3BC9FF14BDBF0389
:10C32000CBAADF45F91F53D049207984C10A3D7358
:10C3300078779D644764FB39B17CA0D91FEBB4FECC
:10C34000F3756634F9FA60E7B99F1AFB978318B161
:10C35000BCD8F1931EA67782823F84AA14B12CFC2C
:10C3600049BFADA3229F054C1A9C75515EF8C718B2
:10C370007F10316EB15BE79B1D1A606D7B6AE7AA87
:10C3800039249AC28A0AD60FBCDDB9E19E21B220B7
:10C39000CD7EACFB7EFFFAAA46B17E8103D78F44E7
:10C3A000F5FFE01DBFF786E110CC797D01077F68BE
:10C3B00091F7873DEBDB1B96A508ECF9165AB4CE36
:10C3C000E8360F6C63746F5813C22BC62E2F70F0B3
:10C3D0009CB5914A9D5C79E86DEB3F9C3FE233F55B
:10C3E000AB2E78EEDFE17B772F36E1AFE1D8035259
:10C3F000E8D5A8BC081E47791D5760D10BDF0A633A
:10C40000B0F7A5E2DF2278F23B1ADFA0EB1DE30BC9
:10C41000FB6DC29E9C704CC583A6661A9F8B3852DA
:10C420004ACE7FA7E3DAD82754CF44ECBD09C3F145
:10C430009138F6B336F036806D0EA00D940309776F
:10C440006B1495FA8A0DDF61147DC910FFEB29B9D1
:10C4500030AA640C707FED752A9BB06F15EC4F65A8
:10C460001489AB01E29A6CFDFDCFBCDAD685CFD83A
:10C4700088F1A792ADC9CE74FE17CD64FCD575BA0C
:10C48000B72C5EA9B00C97E1F320F39DE930F825B5
:10C49000CA522EC41F9926FB44090E7351EBE01DAE
:10C4A000931CBF27829FBAF2CA72C98B4B95E0C713
:10C4B000E55BC18F957002E3B311478D13D602D9A6
:10C4C0008475C0D28EFDDB3087354EC19F5B84D82A
:10C4D000AACC27AFA52F6898E78DEFBB5E76A9FDA4
:10C4E000E4F4E514AA389629A57FE099B07969B2F9
:10C4F000038364ABFECA3F3D97F00C4C113CBA5726
:10C500009AF4B42F55142B2FA1E796604F289678F4
:10C51000214ECA03ECDD8CDCE26EA8C91B71B42687
:10C520005FF46097FF80BC7F8FF87E464BDE1F393B
:10C53000B64116A754A83203AFDCEA4CB2CD93FB48
:10C54000663A7FC067D08CE3E50F2B580DA8D788DB
:10C55000B7536F6EB8F530787EACE51730CE620F0A
:10C5600074DDB75B4EDE974DCC7B18FCBA7D98EB43
:10C570003EAFD0C69D7F10CA07CF2BFE057B51E58D
:10C58000537A260A11D4FEE48A9B6343D243CD4BEF
:10C59000936EC134C645F0971B7AF7C8D826D107E9
:10C5A000DF27EDF24C26CBCCBA1EF6ACCF99B3A761
:10C5B000357D9A6ABED9A2A0EF1AE1926EB96A9A45
:10C5C00018F1BE590E9D1D728AB3F809F7930FC377
:10C5D000D20E39339D5FF477E5E0F9D0B19B44C5C5
:10C5E00073445961C12FA2BEAD3E25D092E41A45D5
:10C5F000E26088717E94BD6329E39E3BC876087E25
:10C60000E2BFC07EE22317D8F842D8B51FF00BBCBA
:10C6100032E3C08CFC885291678D5B47917BFFE0D1
:10C62000C779B7CE942CB249372E4EB7E21BC6D28B
:10C63000CDE2856D8B5BBBA2F4B784D37C623CB04A
:10C6400011D6E49C17F7DBC5F8C1CD4D07F282E1A6
:10C65000FE5F44D91A1D24437CEBE1C6AD8DCA832D
:10C66000DD0EB95AC153629FA596897D96FA507C1A
:10C670007FC860B532FA28BEAF3183EF7BEBBA6A70
:10C6800009FD26BEC33192B5AB9DF716BD78ADA1AD
:10C69000865FF31E89FBB135AA60089208C10B883A
:10C6A0008079FB461173382D62CE55BC69C3BD87B6
:10C6B0007DAACCE6834C1A10DC88F9B103F1431B48
:10C6C0002707DA4948D2709C80AA0E15A971C310B9
:10C6D000A51E9C072AF069BB419DAC66900CC7392A
:10C6E000FAD2721FE15FFF99D37EB3E2F69825522A
:10C6F000AC8DCC33A34F99CBE5B470FAC83219FC9A
:10C7000060590F830AE5A0BC691BB35882D9F0A118
:10C71000F287F22BFC621E9F882452DF0DB7A453D0
:10C7200089E970AD050CD647E42F243A21F7F7B01C
:10C73000F341F91E6F81B3253DF403A6E7795BE071
:10C74000B257EF5B1045E675EB2CA73BCFDCF8F654
:10C75000EAC5B61F5A5FBBB3F0F6E2CEFCFB5577D5
:10C7600076DC7EEB864589A34214ECC9F9EB7FD6D3
:10C770006B0EE1934FFF8E542B8152138FBD427984
:10C78000EF669E357B03B9EC93A71F5BF9EFFA21A7
:10C7900061B27AF6105596BCE817735E21A50E5A61
:10C7A0000EAE94D4F34BA8CA16B5A25316E1BEE957
:10C7B00091AB303383988E52EC61B42A4B5BCBB192
:10C7C000BE59062ED6BF07C09C8B8067ED15190F8A
:10C7D00063E561327C1B527BB8FBB30058AFE911B3
:10C7E000A278DCDDB0B002FB24D64E707D86A55762
:10C7F000BB97FDCC38719DFCB5126DD827CAC43BE0
:10C80000C68983E4636EC43287A8C4FBC6AC418A80
:10C81000975BC93DEAEFA3D6F97D1D914FC679AE6E
:10C82000E837928926DAF36AC7D2B4E52FF13B964E
:10C830002B56762C4A5BBC63B1E28D2BEF4FFDA0EB
:10C84000EA037AD5953795F896C3BA415EF62D2B53
:10C850006F5D6EC0E791A8B4A83C1C8158713BE2A3
:10C860008645258CDA3408981032B63ACB928DA9D9
:10C87000060083D861DB38F8A17314BC69F32AE49D
:10C88000A0D1390EDA6D729E8379CE283182E3FC15
:10C89000DB019966B6550E2F3B82A954115765509E
:10C8A00070A631CD00341A7CD3BE99D25944CF85BD
:10C8B000C2288D7775BE5853CCC17CE7A852CEBE36
:10C8C000D5794FE387BDC42D7848EED0D024EEE46F
:10C8D000AF7B52DDF8FCC58865DB9DE2EF569558CD
:10C8E00027FCFEA29A3D1C343901A6EA53CE6E7194
:10C8F000764B7532D5246EE5F52228D0D7D31CC0EF
:10C9000028449DB2FD0EA9DF43FC677E59CC053754
:10C9100052553739B8DE1982B5907DA3F37FA47DD7
:10C920001DC1993DC77B3402ED89AE3691129E70D0
:10C930004DEF159069D160CF25595D072CDA5C1653
:10C94000BCB953CD46CBE186766FF8B60DB55E2502
:10C9500087A6765ACD86C8E1FA762F014B24FB8351
:10C960001241E9E5D0D8FE989AAD65ECA5ED0FAC83
:10C97000C9F675ECD53D3B45CAF85FC9C8F89FC0FC
:10C980008DDAEAFF78B8D1C8883434B589BF012080
:10C99000710F7F2C827E27C516F2BF897898EB62D3
:10C9A0000B730F90DFD7088EFBA32B31DDDA0D6CF4
:10C9B00087F086CFD9B31E3F8242CE27EC59112F84
:10C9C00077D10AD58883F64CD7039E155A30C9759E
:10C9D0005EEC5BB6ED8045D6CC02A543CD025A9BFA
:10C9E000EB20B1E5F84B843FDD6FDA884C9DB3C294
:10C9F0004B3F123E4E729D25702D7C83C55788AFEC
:10CA0000F6DF7AD3098039681FA16823FD63279177
:10CA1000B32E0B141DAEFEB75AE107C4162EB81C78
:10CA2000C117EC11FB28ECDFC1999F7E4770C7BB93
:10CA30004E13FE9CAB3B2C700DE736B05F12D9B99C
:10CA40002596B69FB5CC12C6D50F230985CDCD56F8
:10CA500068DFCAFEDA9321E099E03A2970E843F6EC
:10CA6000FCD7F5BC182F34CA75E49A706F0C8D8012
:10CA70008FBA81567E8E1EE3F57C5A3C2F7239E4C4
:10CA8000932B4BA9547CA788F65FB97A94577C9B6B
:10CA9000564ED16259665568D6B90634C6E63EB5DB
:10CAA0004CD1137A37C239E3D6CC9BB3AFCD6D7F6F
:10CAB000E9F27FEE5FB9D371FB7AE7AF37B0DD966D
:10CAC000FB0664E401E2694BCB6D2166DA32A7D143
:10CAD000AC4C013B2C3379EC854BA4BCF5F920051B
:10CAE0004357E17BA6C26FFD5F22DAE0738C5CD412
:10CAF000100B6EA17CE12C65C8E81A1E2633725516
:10CB000040284F7F4FCE88D6D7E4C134064CCD4065
:10CB10002D91B9404FBAE53AC0F6D06FC800C0FABF
:10CB2000F4B721CF143FA341FFAB073DFD9B7AC86B
:10CB30005A007F94AB44CC4D6ECCB9E7C93CE3CEF0
:10CB4000C9FC4ED301B03D724BF0982CE61D87AF67
:10CB500032A07F7EEB51F82C43D7F0BE0162D9C9D9
:10CB60004EA9A4720B73F458468149F7BDE11BB37B
:10CB70003C1550D395333E9FB1EAAFC7320E3673A2
:10CB800032F8DCDDE1983BA15978EE3A204429C027
:10CB90007CC3987557C9D9F12A436AD45A095FE30F
:10CBA00047356B67122EE5EA10D7F41EAEB5FE19B5
:10CBB000A63301623BC2AFBB69F3433C9BCD4CB88B
:10CBC000BE74C6F29AE5DE2BAF2F9AB1B866B1F704
:10CBD0001B1DEFA77DB0E303C5AA8E37A9D4D1A84A
:10CBE0009F25DA153F0AF77DC5B71547152C683A1A
:10CBF00096E13C3E975844957BA2F22F622FA262A9
:10CC0000CCB7D245EDBE01AFE67B6A547E98FAF50B
:10CC1000B10CF8DE7D6F68B4503E8C712C037C0340
:10CC20005EEA0591BB3EAA607293A8F39B2E12FBAD
:10CC3000BA368ACC06DB2F48B82B373004AAFD3C25
:10CC4000D1A79F4B504DDF4950FAC291EDBE2A91BA
:10CC5000F28E6F3D6F09C98F2A804F78D32286D418
:10CC60006F893DF769105AFD583A70BC32C5394298
:10CC700095C0BBCA577BB5DAA726EFD6C1B7A49239
:10CC8000F0EB3CB2C3441DF66CEA253BABBCB73AB3
:10CC9000A3A9E568C31A3DE9072D150E7DE750DA13
:10CCA000CAF914337A9BDC6F8F4865FB3937577AA2
:10CCB000908C66305E84CE731EC9C1BE99ED1CD3C4
:10CCC00056C3E3B852A4FCAC7B1CCCB14F67AE0496
:10CCD000F1DED238098EFADE87937AAAE34C2FFA76
:10CCE00067DB5398D6204682D40FEF0D99F6B5072F
:10CCF00012CCB23FC7FCC4CF305BEE5178F5B085A3
:10CD0000353CADBB6129447AA3F0D97F18277B035A
:10CD1000FB06E50F3802CC6B597737C0CDAC6A6A99
:10CD200096D13604609A0F58AC4FCB26AF05C87623
:10CD30001071AD8C5A27B445FCF58E394349D7ACF8
:10CD40000F2A6401351A9E5D3CE8DC37A74D8B4DF8
:10CD5000FFC927F43621CB87C6274705AE65AA024F
:10CD60007AF1FCC7A8F568647B57659D3B0E8F2D53
:10CD70001EA41E42D13324391FA20DF91CD497C71B
:10CD8000536AE5B300FEB499525F504E15CB1A07B3
:10CD9000A99585401BFA3908E295A4EDB9DE096C26
:10CDA00005A50DF91404692281241D8A7F5D71F3A4
:10CDB000A0F1CF6377CEF0D075B8375D2063BBADFF
:10CDC000776F280E4BB53213ED7F61BAF93FCDF383
:10CDD000BE7678B184491675563D640A5DDC4074B0
:10CDE00092C889C57D7592E61AC0EBB57DF6AFE5B0
:10CDF0002731EE19BD64AF75827D2A73B2172FAE4D
:10CE0000D5E45D6EC01ED9823278AA42C3539736EC
:10CE1000A83378A05EE11A3AC510A46129758E7313
:10CE2000E8A50D417E3C78A5900A5F9D8BE390CBF1
:10CE3000383F50613151B8FCD20619371EC852C371
:10CE4000416FA895CB2290B44D61423B45EFD1B3E1
:10CE50005BC7E5ED2A20F7AAEF072971FCF4A5349A
:10CE6000EC8E64D57C1E593734DE3BC88451F804FF
:10CE70003B9302330FC8D5FC0952127217D73858AA
:10CE8000309D82F327CBD47C0AC9AF74E133E66AC4
:10CE90005E4E93DFDD094C38151BF7095AF9F63D54
:10CEA0002DCDA4386DD8EB5C4DDE4826F48EE80914
:10CEB0003A682D0314F767DEF8626D0CA12DF77F39
:10CEC00018E3413685A252E1316F056CE5D8830540
:10CED0009114BC7157EE796F48278E3087202E4F02
:10CEE0006450AE14FBFB572AFC2807FF574D272838
:10CEF000A370FDD7A6635A096DAD37481D47248539
:10CF000057B454F1DCD288D2FE9EED5E5926AEC5F0
:10CF1000A575205E935FCED855107CCC270D7BF392
:10CF200026EFEA0ABC1C3E7DCB4EAF291579DE20E8
:10CF3000284FA20CB45DC8C0BCD256DE0515ECDD8E
:10CF40008778FF6624677FA3E5FE6A8DC605F0FD3E
:10CF5000969CBB46C9170893568556C615725FC97D
:10CF600063DBAF732EE0FE8DC8EBE94A50A44F118E
:10CF7000D6CDE2FB6E4CBF34246C5999B6B24088D2
:10CF8000F83883EFEDA7555CE1FB08D808FCB5B194
:10CF9000E7BCA6D485917EF9A16210EA276606E176
:10CFA00054C84F54F8612E21AF02D86F56DFD9C252
:10CFB000D9EFADB8BB65CDA5F33E618B6C8FC6D202
:10CFC0008D2A189757383D7C4671CA5250C54B7E02
:10CFD000A24210A7E1E0F1544C0AF44FA520270724
:10CFE00073D24756DA8796DE5F951ECAF7F5F68E3E
:10CFF0007DD68D3B092F3260D99C2B9982FF52D769
:10D0000078E0FC7D2969B5FE1A155EC8D987391FFD
:10D01000C4A436D9FE7FD0991D5438DF0B1AEFFF18
:10D02000F830D8332C293F635EB11C1CFDA5428C1F
:10D030002629D2FBB58D7DEC6C10EA7FB3A9E557AC
:10D04000F8848B563392D4647E85F379EEC539F03B
:10D050008103F1288FE4B79EC2F94D38FF8E83F625
:10D06000F8A2B5B1FF7B12AD997D5E9963F7773D6C
:10D07000407824F93A89E56BC19CBB3FDA58906B44
:10D080006E763C9C37C7DE6EB98FA3FE9DB28D9F36
:10D09000B3AA97075BD22BB7B17DE3A1A4F118A681
:10D0A000F9287EA3CB427B30EB8FA2B91F1C4D75B4
:10D0B0009F853F46DD6CE2207F1BA037F9BCFCA5B5
:10D0C00087B6E7E75C68589DBB3A37780A1F197C3A
:10D0D000741B873D2B6827BB42916DCC09FEB4A31E
:10D0E000CADEC03E0903BF2A7B5B489B45FFDAE5E9
:10D0F000C7713C535CB3404885580C7B4D0F03729D
:10D100006CDC600AF16CCD17EC010BBCDD020A850A
:10D1100072115B75B8F50DB1B6584BF432CBA5075B
:10D1200067E15C9550E62BBC6770367EC64E6C148A
:10D13000A242DEDD103BF12C7A967F557C0A59A87D
:10D14000089736D615863DFF6F13F024E6181D2C80
:10D15000C0714745DFB491CF611F7D65760C816951
:10D16000A4381BB394522B1A1F2B4D336B58FA9CC7
:10D17000F10B7CE78BD6EE6641D12F4CA4DDBFE5E9
:10D1800081C881D5B9C51C9F2644531DE50AC6B781
:10D190001DB41B5A6A6C9A9010594BA48F3A8BA5F8
:10D1A000B4E50E15BE93A395B56C92B564A13C0D84
:10D1B000ADAD70A856E7167242BD31AE004423866D
:10D1C000A05D2513514D6346968FD981A0825C1EC8
:10D1D000A8D12E7F0235D4F5890815E983F73FB52C
:10D1E00081184A7C631698AA9962CEA9C04FADD91E
:10D1F00001B4E5AC4A5BC3A21253EF9212545281C0
:10D200004AAAD810319640F5FFACF0509641F0EEA6
:10D21000B9DA5295C9083E3518346788E591B78464
:10D22000B8F42A175DC0692229F03170D114A7F62D
:10D2300002B48123FE3EA8213BC73BB65DF1946F4B
:10D2400011FF1B842418AD8030AC78B332EB8158C9
:10D25000A3E3E1E46BCA54B871BB5C1BA2A0F69ACD
:10D26000B01F51B8A95B7AC350D73D82C1DB75FFAF
:10D27000510CDCFD6536BA88E2A8690634F7BDD9E1
:10D28000B0250D6EBA008AED7451C0B1371B0CDCAD
:10D290002B0DB49F39A3899AE81712A22B35662C5F
:10D2A000509DD43499F1DEB5568DE3B661CFC35F9E
:10D2B0009876F1D0B703D045A89D1C2C7278A9FDB3
:10D2C00019EC5557930630777516C45F95D9C5EAA2
:10D2D000F77F25DE61C92A50072C04BA32E3A82F54
:10D2E0002958EC25378EF292C1422F5AF6821775D3
:10D2F000F00EFADF82FF8F54A9DF0D00F660AF0752
:10D30000C315BB2C652BCAB79EFF51E4A1E3472B85
:10D3100014BC892A655EB451C08E29F2C1BD77F86C
:10D3200037F1ED647FEC2DB3662140F6FBCE660A43
:10D330000EF352C876B232F8187AE3F72C95F06EF5
:10D34000800C479595ED33D107F31553CEFF88290F
:10D35000B6F987841CD9646C59A85297A175C0D3BB
:10D360005E00FF8F7794EF5608FBCAE66E954885FE
:10D37000E93B4C8589860A1918AE88B1CCFA2B6D29
:10D38000947AB919AD44AD6F171EC752302EBF86BF
:10D39000176389B4776289A0C257F9611FFC82CFF5
:10D3A000752C17D5825CBC56C67D7F7C75AE208FF0
:10D3B0009C0DE0FDFD8F1917104BB9CCEF93CB9A64
:10D3C0000305089C83D6A9EF08E9E73631FD27FB62
:10D3D000486A6C895C0EBB9CE00B13E683769C6B01
:10D3E000B988A779D94F4FFB70D0E200984EB4FEB0
:10D3F0003EB63AD759E127E41488A323CAD588B4A6
:10D40000C30E214EF80B85DCCBC77C38B12EFB96C2
:10D4100056A5005A4A01BEFF4A3B5821704AD6EC35
:10D420000F489C143BF6481D94C10135A701CCBAA6
:10D4300080D35836B4650E34A36A2B59A02D407F93
:10D440009FA1BFDD2C5DF65FAD09612A5760DE82CA
:10D450006DA942EF99A5F880F07F78568BCA7B8A38
:10D46000C1D154C4B9ED0BECF176EDDC36F1DE221E
:10D470007803CFDA6A065932E2EFC5094A64C998DF
:10D480000AF4CBE6C0A37245BDA90DCD47F0864393
:10D490006E1EAEA4CD3F78D3B0E39E1CB615C82B4C
:10D4A0005834FF9BE4E0A0E22E80373AE8F28F90F8
:10D4B000E60609C866211E8A17E07921670EFC3549
:10D4C00092AAE7CB41AC229D1AF2612C3F9D2277B4
:10D4D00015BFFCA32889BD237F4421CB6D6F9EE43B
:10D4E000C53CAA60C435616E10EF5BFEDFC1BCB8FD
:10D4F00029E15B88D79E97A79D553327C83DDFC696
:10D5000057A4FCCA97A69DC0F618B21ADCD10BF13D
:10D510000DF119972FDEC6F7C2DFBA8FEF8AE39BB2
:10D52000E23F74E23BE25105BB0AF7AE3BB056B7AF
:10D530009ECC9FA6A83C389D0135BCE46919FC3DF2
:10D540002ACFCC16005D2B9E59F1ACAABB2ACD8CFC
:10D55000BA1B66F6145A3798D9E99479B092D67501
:10D56000C2A7E5A2F52072E41F687D049E4D879B4B
:10D57000BD8751330A6AE80584DED9EAE10CAD7E45
:10D58000C99B0EDD3C6333CCF31E2C0B9F41DA921A
:10D590003B535B59E3896F614036F70C0695AF0545
:10D5A000863082F5197C1B3594E002330F2A175020
:10D5B00015262580DD16EF0A7610AAABBB4DEE3F8F
:10D5C0003F33350B730DEFF1225BD9D75054B502C1
:10D5D000AADA15F028EB45E790FA33045BB2AB9A70
:10D5E0005E28DD66C6BE7597FE53913068C1148C07
:10D5F0000F3AAB29B3EF20DA50A42E55226B7246B6
:10D60000694D498D096EB0D0C693D8F3BB067C7ABC
:10D61000E680A9A9C1EEEF7D7B74C36B5970583BBE
:10D620000DCFB274C2A04E3DAEBFD0434F72D50AEB
:10D630002ADCFEAEF39E8747216F46E5D953991B3E
:10D640001E8EB72E8CCA5BB0475BB916DCDA53F07E
:10D65000D1CA4BF6CDBFDF7F35FF57E996F2B665ED
:10D66000B7A07C30D086AC07F886FD6C7EE03BF638
:10D670002B977D00C4BB9D359225F2DFA8BC21A766
:10D68000044B5A7C7B3CB60F614735BD8BAB63B70F
:10D69000AC2B3C3E4D4FF832810ADFC2C1BBD56096
:10D6A0008A5CB2F1B1343D25FFBA41B40AB84FAC3F
:10D6B000C2FC5FD88C6F3F1AB8A83CBC06A2D2BE91
:10D6C0004E65F03D4831FE4108B2371AA57B8E7891
:10D6D0009686DDD5F4141F8B4288CBA7D62884F814
:10D6E00046FBCC4C2BD9355CA0C65EA504DA5E3572
:10D6F00070D429A22F4D5618C3D458F0EC84358D20
:10D700009ACDE2E37202A075EA1007C27612AFFD6D
:10D71000D36E89D84E1E32338DA3344DC277AE5BA3
:10D720001236FD8B3D13F1D73FB5227758BDA9992D
:10D730004696F98AF2E3DA2F14B4A477B95C2B9CED
:10D740009453E8C17783E0FB9799A97D9CE0BBE106
:10D75000C6975E92BDD712FC8B68F5624FCDD9613A
:10D76000FA5B4C6A855C0E488CA9CF57FB12BBE66E
:10D77000ABBBB9F8DEE5A95FF0F7CEEC59203E7BF4
:10D780005648BC99054AF5F2DB4363E5B7690B2BB4
:10D79000CCFF415596B237B2556C42D9DBD92A4DF0
:10D7A000425976B62A32A16C45B66A6242D9FBD993
:10D7B0002A2EA1EC1FD9AA8C847D305B9595B02FC1
:10D7C0002B5BB522611F823725EC43F096847D08E0
:10D7D000BE3A611F82B725EC43F0CD09FB107C4BAC
:10D7E000C2F708DE91F03D827725586176111B6FF4
:10D7F0008B042148B37A118B52B807DC373A0D9964
:10D800002FD719BF60018E434645ECE2A96914A7E2
:10D81000D92EF453845A96EBE53713D21D8A832D03
:10D82000BF027EDDA7DF7C6182CB9B4185C9F950B9
:10D83000F0C49C6F1ABB5651B3C9B8331F71B3798A
:10D840001CFE5FF6AF7C00954FC8B49FF853F5F906
:10D850005974F1346A1AC9950D05CCA89E49D8E3CC
:10D860009BBDCCEB41BD298BAEB1A05946C94C63E1
:10D87000228BC3EDC1CD77F17D7D38C84B6E088B0F
:10D8800028A0523435F80BC9F51166EF5CAFD2E928
:10D89000705D1E7D1ABDBF44588DE1F7D79B326481
:10D8A000DF5A8CD526AF826FF6087B33827E1956FD
:10D8B000E7FEBFD18709F3196D57C7F5F4D7CB89B8
:10D8C000397CEA9A640DC49ED493870ABECE049F25
:10D8D0007021F38782CEA1E23D59FD5A640B4EA41C
:10D8E000711C8CE5D866ADCA1C22586C92CF751C91
:10D8F000E107F374F6D59A028D52881B52A319845E
:10D90000A37AACFB9C4F393A4316560056C5D1BE9C
:10D910002B736796C8A2F2E410BC249B4D68D3FF1A
:10D920005893479D927E357EA70D4B67A628ED9AAA
:10D930003FF5C83E51CAA64C875498CCDDA6EFAF40
:10D94000AD378419BE947EB79ED5EE1C2DC36D8A6B
:10D95000E0E99555CB7B47014ACC59F37F1A9910E2
:10D96000D1E579443D8E84F1A4EB75311245F51B68
:10D9700035FC1AA8E97A804AB54F18335271A47061
:10D98000952C231C7F6951495EF58D9C1F1A7FAD34
:10D990004377E58DCB8385D83B62E7506874C80D2B
:10D9A0005C6F8FFA2246536A190CF8870FB20991FF
:10D9B0004DF38FF2E6D59655E385E81B1BAAE7E306
:10D9C000B12042452E086EE5B9533659C60260E0D3
:10D9D0009E7D2840EC643385B48AA49FB1AF5AF091
:10D9E0002AA7869D29A49FB0337971DDA375CDEC5C
:10D9F0004915637AB0AF6A1821A6CF8778E4A1BA37
:10DA0000625A49D22FD8F542FA19496B48BA93A401
:10DA10003B485A4252034A31DE5AF62577DAF9007A
:10DA2000F7CE104303F6BD8FD751020FC7BAD2030A
:10DA30002F632B56E4DEC75D8562FE4857FA9E547D
:10DA40008D9F103F20592CB3DF22BC996D4DF6E11C
:10DA50000C91F6D75D311A07DE31C85A2E7A0F7D48
:10DA600074240ADE5AC4FE79CE9AACC4352A1C83CB
:10DA70007BF0B7206C77610E84BA74446B476FDF1C
:10DA80004EF6E4FFFEBDDEE2A281B1D9F5F7D12961
:10DA9000167F6CDF75C497E827664C4D56B319E3C3
:10DAA000E1D68EE1C693E701A652C6B1CFC2852D5D
:10DAB000C365CD6DE0709AE0856528FCB52340F420
:10DAC000D7D73C3180F3394E17A9D9681A6E704404
:10DAD000C0375D5E43B00FE334F41F7DF33891A28D
:10DAE00050579AC0A303AC987EC2A6958AD4295CED
:10DAF000D857182DFCCFB8E2942986AAE96855EBCF
:10DB000018BC88B36F74DCE73921965F55F7545120
:10DB10000BB2F1C2EFBDDD538B8512B4469982235F
:10DB2000C968FFD4ADB74ED5A036C938D7B21129D0
:10DB3000864864A53D669D1A88FF5BE51A76B35258
:10DB4000CDE6D24822A3E0DB68DDCFCEA2ED66476A
:10DB500037E9371D918F4442ED9F5CF146D3094070
:10DB60001FA34FC06656B54DCC8D72C56FD9A9663F
:10DB70002B69B8CE9188E49A46F4FD4FA8F9313B61
:10DB800049480F92743B3BC99AE29372ED78E94E93
:10DB900077FB2790F64F20ED9F606C09A382D09A07
:10DBA0002FA8DC0462175D03F88D41814AAAE24583
:10DBB0002535B3007EC90201F25F1363FD52C657DB
:10DBC000627CD03C5126F65A35C411F902EDE129A8
:10DBD00005BF9038312AB43A84A58E2129D69455B0
:10DBE0007178E6207DFFF848CEBEC4F41F71077C33
:10DBF000E1F3DEF2092501FA0916DA3406689C8899
:10DC00005BA97B5E5D6D597441A4BF7A4C1507AF6B
:10DC10004EA4C4B11539964979B641A07F8C2B6AC0
:10DC200044CA2B3663F3722A3C855F77EEA1F8D69F
:10DC30002CA515A237669D6B8906CF48F85E5C6DF2
:10DC4000B1A0FF8C4D7E2F3E955A6FDA4E0FE33414
:10DC5000DD34DE937E71D5C48AB9266A97459BDB95
:10DC6000022AE6B2D4C728FDD8E040FF9B802CC32F
:10DC700080C6540BD0E5E35F411A1398B3A12A0D77
:10DC8000AF904B9A83BECFA72A2E2A28ED6A5467FD
:10DC9000758BC899DDCDA1DBA4F11552DE606C99BE
:10DCA0004FE11E93782A52C83DB442CCDDA981D6FB
:10DCB0002CF58B4A99E12B0FA57ECFAD462BC829B9
:10DCC00060440AAE536131814B1B867198C2A00C2F
:10DCD00096C2346B075F9C6141E9C76B3A6660D9B5
:10DCE000D2FAB96618119D1E7859C63620401474B0
:10DCF0004C1320FC5DD3489F8F72F9E3DE42322B38
:10DD0000FE4E74F9D789D2BCBDDBBF9413A356B2C3
:10DD1000FEC2E8337663EF80B4F0FFEA6E797032CA
:10DD20001AC73722ED42FAFADD2BDB0F0B2D6E609E
:10DD300087F1922CAAC4365C985A8763C9D1E29BBA
:10DD40002293357751EEF4FD5382020B28BAED8011
:10DD5000A58C2312A3AF400308FBC1107F37FFD966
:10DD6000F3BF4B87DB827FD381782705D9412F2AE8
:10DD7000E958E55D1AF3B4E2226A2BE267FDB54B80
:10DD80002845F279494989BC6515096BAFD156F828
:10DD90006D01EC8E1465666F2483E5984941E34676
:10DDA000925FD60FC9243472944F0AA9D781F47DAB
:10DDB000365CCB06A0557D405BC0B7F933F2C70097
:10DDC000B482CD42B6F506D65F68E178971CBE9F57
:10DDD0002A62FDBC9A16DB1F291B522F8E9F89B227
:10DDE0001E9BAC594E61DE1B4F5E8CD96B62D68593
:10DDF000A7D887B1671921B2947674C703514355E8
:10DE0000FF2AFC4EEA7850DC21D4DDC13EF03B38DD
:10DE10009DB367B7FC24BC695CCBFDC0946B756E89
:10DE20005D7DEF298EC8C7D87A453B8D7B55CD9A4D
:10DE3000C69279E79ED84E4F4A9F10B9B8224A94AD
:10DE40007A260A4B8E2C6DD368CD1D944E1B357AE5
:10DE500082C59793214E3229152F205E06625E06F9
:10DE600052122F13D65EA2658867888B19ACA071F9
:10DE7000B5E19CD32FA52C05CA30CF443969FE36B5
:10DE80000006AC083FCE4F834FF83241E50C857752
:10DE9000FE63AF455241FEF9A8EF94A86F4FA1FE73
:10DEA0005BED8FFBCEB0315679898E06A779DAE229
:10DEB000D724505A1729CC2CDAFDD5BFA231EEE277
:10DEC00028E14D21AE5F8F1E11F2FF39F1E6A5BDAD
:10DED000435288FEBA21A4F59EF4CDBDC2BCFA1906
:10DEE000FB3D1957D7F06C03AD0E9ACC57D7D6240B
:10DEF00053E16405F701B62E889E1379FE05DBD643
:10DF00007B2F18F5FB46A9A6A37D7D32C1D1BE06A5
:10DF10001AC2C92EE8FA9C06B8890D21BBB385AB9D
:10DF20006C85E27CF127D75962175C1628A870002F
:10DF300091435997F168D97EDC2B797B03C25FE668
:10DF40000816F31DFFC5F9DB9A07272F6A20EFF9A2
:10DF500059A8592251D08C7EA35962031B4066CC2C
:10DF6000D1AED364BDD938A241A05598ED906C7C58
:10DF7000495699472737F09CD3C670C288DDD6F141
:10DF8000657B0B967BFB51F60159A71DBAD420BEC9
:10DF9000BFFAA26F72412A2CDD4B137AD06F434433
:10DFA000F9159E7BBE01FF67EF68B9C38B783EEF22
:10DFB0003E568070424B07818D3CAF4AA62256FEEA
:10DFC000809FD0D50C441BC7D6F87983F0DFF69636
:10DFD000C6B136E1BF4A47A3F0FE1636777F43014C
:10DFE0005720BDFB4C70329F86DAB6B14565F1C54E
:10DFF000BE7B4E1CFA3EA5300DAA5BC41155C99ECE
:10E0000011D223ECBFDDA94690F303810DA9BF888F
:10E01000F1ED4E7C15A0B7A65091F017071DA02F6B
:10E02000FF48E045B86B5F490A2FF6EEE7EC9764CE
:10E03000FEF3A4027DEC5EC31EBAE8B2C4F71D561F
:10E0400058960D19B63B582F467FEB3839F8356C8A
:10E050008D7F61C1F180B50DCE13AAD7A479693C3B
:10E06000526A652978D7042E7701BA28A75E90D81E
:10E0700048D7B1D00583F5047FAD90F7E7EA464372
:10E08000F8E57AFBE3AEFB447E1B89DCBAD36D7BFB
:10E0900082938760EBC8EAB8A72CB003E6E22A1B9C
:10E0A000E1F1A1E0E402CCA3D296C7880FE29A97EF
:10E0B000B9C2B40305F60D2D372E101EE41D0CE673
:10E0C00002F4020FBCDC3CD0BA76A296AC14E2F6A5
:10E0D00096E173ADD6F7613E7BD5B21C733A6CFF07
:10E0E000FA4C955E6C4BCE552A02CD35D505C0BE97
:10E0F00086BD11AC2FCBA44FE0761FB008F4C7BA91
:10E10000F60A9E7452AD2B0C5FADCF8C96E6A776C7
:10E11000B14E2807FFE612FB6BA76397A877AA7793
:10E12000113BB7D24B3FAF8E2EDADE40E69CDA26AB
:10E130002441F622C797A47F6B49BF7E21A5ABEA95
:10E140008205CBF2E7C364DC7C4664C4DAE225B422
:10E150002ACAB599D8D69F89F32CFB594F2AA648CD
:10E16000CD84FF28CC71E1EC0F42AA25E948923E0C
:10E17000C97E2FA46349FA27928E26A986A4729499
:10E180000AFC634BC471C56E2472F309E9BF2A4BC4
:10E190002BB6A42B5F78E508E9378BE300EA373923
:10E1A0007380F8D22F7A81B30F731D9977B058B26C
:10E1B000D9B6BEDDF9AF737411D1D35B491BB692EA
:10E1C00098212E2718C7977F53CCEDE2451DEBB25F
:10E1D00092B13C5DDA4B2FE02ED844D87001B69056
:10E1E00033A4123B7D33D9414B936079044B6CBF10
:10E1F000323206360969354A45D9CC17D27FB17912
:10E20000940F99B547B39BC4DD8019AD640CE5113B
:10E210007E9D20FC3A41F825A691240D27A996A4BD
:10E220002349FA047B4C4807A314E34F608BA414E2
:10E23000163BBD3568C4CB527C8D980E63B36975AF
:10E24000906F1E78653D7EB38CD3AC1673AB0DA278
:10E250001DA329C752BCE8A12C4249F1696A168462
:10E2600040DF8B00EFB456F02C804B6D717491241D
:10E27000054D07C4DE69D4191134C39931744907B7
:10E2800040A93C482107B0B35985FA418C5D968579
:10E29000E67A587E9C4A5D6D719FBD1676140ADB46
:10E2A000357281BEF7B1658FE87B8FD0C70AF4BDA8
:10E2B00027E656AFE4F177841403B7BF8189E48D74
:10E2C00078F5716947F96F788FB8566F6C51C43122
:10E2D0005C82A619B540D8432FEA8E7B6A1B5D3459
:10E2E000729BEC62966AD50A35EBFAC7B20DEA2C3E
:10E2F000BC0BEC50E1BC952B56693C3954DAF39FCA
:10E300004A5893AA44ACD1086BC4A3588BBBE34AC8
:10E310006BE822BE46D612A9C25F67107C83F095D7
:10E32000A618638D446FC258F12F2AADBD4AEDE7A0
:10E330000FEA23770073B3463C3548B9E447787257
:10E340000A6B345E7D8068E1A42AD6F316410EC4C0
:10E35000F4719308FF0449BDD847D33F9374240B4D
:10E36000949C80E108B27270CE63AE07787F5F1B29
:10E37000C8AA8C73237D6EADE8D11CF33FBAF1E6D9
:10E3800066FCD406B608B9F8FFC3FD72CCDDDD3DEE
:10E39000BDF39C1BF0D72A9E83C93BD00AF220D73D
:10E3A0004D8FE0E05F5C34C6CFA769D9165068A4F2
:10E3B0003873B706D88D8A1B1B996737E0EF5A5A16
:10E3C000834341CEB3DD4AD4977F83A99265386EEB
:10E3D000E368E198AB5A533730674C04DA8DDD0AB5
:10E3E0007C62CDD8ECF81FD25316C7D568BDF06556
:10E3F000626E641CF6ECD50C44FF7B5A1F575C9C84
:10E400001E9FAF3698EB4E5B4A518D0B7CA7DA9579
:10E410000326DB35A8E5B2B41D9DAB26A873BA87E9
:10E42000AEE4E0E26A5A5DCA09DF84A22C53FDB56E
:10E430002A563565A356D5AC92CD655541FE7BC1B4
:10E44000547FCFEF73855A954D85BD1D62BA0F5825
:10E45000709FCAD23E91ABB35839EE4134FF0EEFF4
:10E46000A0A39F5172F6C08E565CCA2C44657AA157
:10E47000AFD1AFE7857E66D226A5BF9EC2A78A230D
:10E4800021B353F866912697E3EF0E8FC88EB91B20
:10E49000FCBC5F5DEA07626DDB852F1842BFADE90A
:10E4A00038139FCF887D58D971C6AC002A0BE29EE5
:10E4B00076EBF97F0B79E5DD62BA99A4468598562B
:10E4C000927483E2B490EE25BF772A4E17A4091800
:10E4D000F69C174BF88ED38244046189C8F211A5CB
:10E4E000C1DCE10FB4412DEE1CD4F7BFFF415E8FBC
:10E4F00094277B21CBE7D63B3DFEF5DD0AAA775E6C
:10E50000CF1FE45D7E8757D47728284196501EE2BE
:10E51000A37D3B92D383CD8E8125C8A438364CF1A0
:10E52000BC2041681DA8C02D30E7C9F71F724B50B1
:10E53000F3A17E12649624A8F90092A00AC7915A0A
:10E540002241ECA312A472C5ED2612F42991A00574
:10E55000FBB63561191A4D6468E1BE551C7CA3D920
:10E560002D3DAB2608F2334C909F61585E388FFCEE
:10E5700090DF487E86D954187A238BA5274B253BFC
:10E5800089A547E325E818F41B6B8695D2F75DCC87
:10E5900087273AE85A2C4FFE1D7BB10EC2F1393461
:10E5A000B9CF6F9020709E328B61916461F8B47D19
:10E5B000E957530C44B21A4F0B9275124B56FEA3F7
:10E5C0009255D20D0EEF16CE876E633F99E2837996
:10E5D000A868D396B0007F63C67E17997578F54C0E
:10E5E000BCF64D50334B19F1FF9009A26E668708B7
:10E5F000DF19016465A02A53CD740E9D42D14631C6
:10E600007A96300FAE180F0ABF112259EE65A3C4D7
:10E610003ACD68C56F7D1FC7DC2BE6C81D8A5D55E6
:10E6200099DB52350B847DDF5153288D1DEF1F7E02
:10E630009C804BD13C5D9BFE74390737757BA5FFF1
:10E6400035F8AFF076B73C6085C0FB850B771DCC05
:10E650006FD1C758F02F6D4C47ADD8DFDC177B4D1D
:10E6600030BB051C3055650AF8C7BABE10DAF84F42
:10E67000F60B8C1BEF91C153847E4AA245804076F5
:10E680008A9412DAC6BA760AD4DBD8C7051D656249
:10E69000417183A77DA1ADB885A5620BF7B0C122FA
:10E6A000D6EADFF16E64AF1646B93E71B76F38F146
:10E6B000D128B4118E8DCA137BA9B5999CD7DE766B
:10E6C000F6E92D693A13F4BBE8FDE55FAD7F8523DC
:10E6D00090112BCE83DDC21EE7711C2943A2458316
:10E6E000DF3B99F5F511F5C08E8EAD6A3657AE2D2C
:10E6F0007780290D7099538EE1906640392D60F036
:10E700005F05996FE1AC07F3B7EBF7F2F814069EDB
:10E710009945DED8AC42FA296B0D5E2146A0DFD6C2
:10E7200020B4EA00FB186945A4AB0CCD3B0AE1DD3F
:10E73000E80DD25717BAE867124D926EA31B8714E3
:10E74000304D04FE49578980613FEB2DB59EF72679
:10E75000118646ECA9217A6F1F391F5D5CF27F2379
:10E76000B9233CDCDC31BF54AA2F5800C6E648561A
:10E77000ED62159AF9C2797405F461338D69BE6052
:10E780002C07614B0AE6009AEB19CB45BC3B75722E
:10E79000B4373BC112908C77A7C8779C779E4956B7
:10E7A000A61DC887ABF6EA2B4A4D54C5057E0A6CF8
:10E7B00061F43DEBD0DA7038A64A362795AAC8E056
:10E7C00041CF44F526563665632007B39A759A16ED
:10E7D000BC63DA1C69D64400E994153E41070399ED
:10E7E0004481AA16F60134B389448EFE836D14B8B1
:10E7F0008E8DF746BD13D5D6BB7F6419A6DF11CD2C
:10E800002FE19EA18F61CEB9F9B35AC6F982520E9B
:10E810000E73D17C167DCC6C5A316918875608F777
:10E820001CE9987A19675A2C60CA75000C59C8D926
:10E83000035CD7459C6C770167F7715D7FA4DEFFB1
:10E840001CB345DAB8DBDB8C687DFAA163165AA9E4
:10E850006D6899C5A7C14D2DC26CF5B1C901B01540
:10E8600025ECA18B72F52DA2FD0D58C88E5BCBE374
:10E8700016AEB6186C6249E4396B322C66C709EDE6
:10E880001EC18C11719B7E8516768C08613A83EAD5
:10E8900066A1756FD49A196B51CB03494DD35702BA
:10E8A0004E231B5532C33BBF2015DB6E37F790F16B
:10E8B000FF15C2BA891D25601DC68C12B1465E8344
:10E8C0005636828C9F66A1761E1B816B6F493D6711
:10E8D00043F49B5BC838686E124A7936CCB240D09C
:10E8E000C8EDBE4F7BE76F3330A9CB1AE0E6E650A8
:10E8F000319769DB6680462694D0734CA8B38E0DA1
:10E90000C1B0CAD4C2062317064AD3D0CCC00A2746
:10E910000B86BA661379F9CB0BC976AAA50DF16DF2
:10E92000780BB0AF67AF148B670F425CB3C7EEF1E3
:10E9300049B3AB9BAFD88BD92BC219851D2DB30220
:10E940000F93EF58CF7D9F5C98264B0D0376BAA5A9
:10E95000D5928F67D81D338BD3A06F0B6D5732FFC5
:10E96000F1E384BCCF3B9EC1FD87DEB33F00064090
:10E97000FB60F6A7F54FD396A307FDD2ECFECD3F83
:10E980008965D5B60098734B78C3F69619C159F6C8
:10E9900002F687D5969C7A634618EAF914A4BDED71
:10E9A00045EC0F22DF9A2FA0192CD0F5BD487DF33E
:10E9B000B4F8365DE3F47AF157755A7AB24F9A2873
:10E9C0002FDC7770F349B9712EC23037059CFBD02C
:10E9D000FE91E23C856F7306B59CEF59C76329F140
:10E9E0002EFEC65EE2388FDF6B6C665FC227AC041A
:10E9F000FD32C2756674A53092CB5ACE48FDAE6B1F
:10EA00002BE05E6C4054579C3C6B59886A5CECF878
:10EA1000B7BD547156C0E9D372D6DCEDA29005B8EB
:10EA2000B65BBEE58CBDBCE30CA1F674103E6D9ADE
:10EA3000619A82EB98F315A7E10BAC1CF7C266B4A0
:10EA4000BC44239D9AD0E67EAF8FEBCB650D22357B
:10EA5000A6840A1C8FCCA101876D627B224F8A2578
:10EA60002B26D9AFA3952A862F674F14DA36B362C7
:10EA7000DB1D930E58521BC8F83BEEF39B48E38E08
:10EA800063412605BE07AB68A6B79D2C488354CBCF
:10EA900060D2BFA35C33042CBBD8463C4EB0A6C3A7
:10EAA00063F5DCFE9E75771F92F3534F9D4F4663CF
:10EAB000F04ECB7DA16F0C8E18BA281095A37979F2
:10EAC000ABE31E79C321B5AB7BE89C16F25D79DC24
:10EAD00097C9A51C8E1A5381BABFA2C534055E60C2
:10EAE0006964FBB366FF2C506FBA00B405CD6018A3
:10EAF0006BF39C45C267BD7C5CAA5547440C5963C7
:10EB000086B33ACB4651EB2A9B8178FE473837666D
:10EB1000EE56CD3BD2B36E5B97914B417610BB6FF7
:10EB200084D4DEDD7E2E910BA68874B4F6B5FFA3E7
:10EB3000A5532CA9DE457DC3A7D9352D9D3DEBEC12
:10EB40005BD9DD423B0AD930C311A115A58EDD6228
:10EB50002BD26A712BEC43D85D6EBA7F24746BB2F2
:10EB6000C017167C62A637D5D89A382C9E4142B47D
:10EB70009376C8C31BC8B9B210DC06AD92051B154D
:10EB8000D8EA9980EA64097550CFF78827B670AD46
:10EB90002CDC2E2FFCFFD1DD58D6711B3E1EEC1A4B
:10EBA000FEEC21118F6BB8AE8DE7987ABCCF0D8348
:10EBB0005C602D3F0A10EFC7BBEC43982B8B76E3CC
:10EBC000F523D291573C2521753FA3D5DF53878785
:10EBD000714C64FCB167778BE9A94398761FEE6BA3
:10EBE0002165B89BBB851341A8BF8DAC1C842E80CA
:10EBF000DFB18A72E9DCDE289FCB7411CD1109DE0A
:10EC00000ABB1C40D75895458B237A6FF7285117BC
:10EC1000384691734B8FA4481787C36C17B24604CC
:10EC20006C91AE08CB59E10BDF94CF0F6D11DFF083
:10EC30002757E8EAD4F6DAF0A3F8865937284E9336
:10EC40004D621485D3D4B24E19335336D10BF838F4
:10EC5000D4CCC587F85CD6EA5CE3442F0AFAF953B2
:10EC60006AA7098C38251BBF06C085763A56F32B58
:10EC7000303FE67CF88E055EDE4EE39B57412D2E3D
:10EC80008A4AA57E736E28DDA0DEA301E2792EBB41
:10EC900073FB83795E39B6D5B9068E9986DB5C1F26
:10ECA0007007C0EBFBD08AD2F990493E506AF60259
:10ECB000F2D8802E10CB82298B36C045ED20BE0CB9
:10ECC000BEC350B0AD1DC13114CFDA8B350F4756DE
:10ECD000A2D4ECB84F71651DD62B45D7D15C224428
:10ECE000C4623F2883CC37F846F5FF23EFDD039A53
:10ECF0003AB6C5E1D93BD90941543462B0D0361295
:10ED000001C9A91401C18272400911EAAB2AD8FADB
:10ED100028E0263C94973CA4B6B505929D18D18A6C
:10ED20000D182D784AB182727B3C2A6A5AB5025A74
:10ED3000A5DAAAADB76A1FB64503A2AD56B4206ADC
:10ED4000797C33B367837ADA73EFEFFB7EFF7DE87C
:10ED5000CCCECCACBD66CD9A356B1E7B660D1A0F42
:10ED60001C35B8E772C77DB46A033BAA0D4C827D9F
:10ED700040658207372DE96A427512DA23C724D22B
:10ED8000FAC13DA7C58523DAFC397E9F95FE8FA287
:10ED900053651170DCABBB042A23CCB78B0B5D131E
:10EDA0002D1205187545059A817B223A27D5D6552F
:10EDB0005CD81B5CD984BE87F35F33F93BC867DF3F
:10EDC0005CD482F657EF330419E43228298BBEA2B3
:10EDD0008BB468FF34270D3076C231FBBDFE8C87C3
:10EDE000EC3746DAA5D252E00D10CCD6E3D0175955
:10EDF0000A4C00FFA2999222AD4B7BB579CC4E2AEA
:10EE0000F24E438C7170FFB4F25EEF0BF6197EFD8B
:10EE10001E2676BE1850DA0AA9148CA93C6CB68658
:10EE2000533B1FD965FD3B2786236E105AB21564EC
:10EE3000DCAB36B0D34A690F0EBF81F76885323A32
:10EE40006A703F00FFE5FCD15C1A6FF706DEB18DFA
:10EE50005959D389CE751E32A0D39C6AF36EF33410
:10EE600053D1E7BB34ACF5A0031B2B71089034865B
:10EE70006F9752E2E8ABC886904ADA24968BAF8847
:10EE8000E5ABB48039D9A4914B3AFBD98A83C0222F
:10EE90007116B3E5DF3A582485CCF6E1DFF4F91BAF
:10EEA000E08850847EAD1955DEF8E939CB2A6FB081
:10EEB000E3AC5CF2157D968BE160FF414E5C16B6CB
:10EEC00017A778A4F4067B1851FC51A37097353A24
:10EED00069E9B94DB2BA26EF5A1A3A59591479A0CC
:10EEE000412EBE23F69CE1A64FEDA9CFBF4807C433
:10EEF0005EA4D9DC8FC17BE56B4655708C4805F666
:10EF000003BBEEE23DB5F18C0D5223B1977E7B1F22
:10EF10005223DDD06081B9224A8A22D78C4A6C18EC
:10EF2000B3129D5945E758BF6F79B5079D62CDBCB7
:10EF300069EC39DD71B175D97D748F31ACD1122A8C
:10EF4000D232642E6D71F2A37D6659CF0074FE2417
:10EF50005ADF2C061BEC1E1CA2ECAF4F80B2DB0A62
:10EF60003C45CDA340E2CF16D328C032059E28777A
:10EF70002A9A75B90425771C60A2D1493ED6C50AE4
:10EF8000655C9E160D8E1AD00D0222889B75E8C610
:10EF9000DFD6F06F49B7989AB9230AE5E96692F689
:10EFA000CA57750F673B4E8AE5523F29FB6EBB5827
:10EFB000143404581C4BC088AB99C618D35523BED3
:10EFC0002799DF6B76D1A79213C795981B38B13C70
:10EFD000CD072CB5A1A71964D842451B449C38D451
:10EFE0002905FE964BC325AC11ED7A2895B096768F
:10EFF0005AE4C5E383ED5214B3F6AA89D1EE8A1A16
:10F00000C419FE533E7CA350CA6E6B2750CE120427
:10F0100045699BA244C943C0770D3095413B2849BF
:10F02000AAF80C849F2B45DF3C1E87DF15D50461B1
:10F03000C19F6382655A09DF03FF86A951F2FD3A39
:10F0400018E7A0877C45F10812DD14A96F1E077030
:10F050003EEFB503B3F8D15C36F1F43E11DF143561
:10F06000C98629DD4CE2C56D903B8365BE82A996B9
:10F0700097C07A7BAFFD317C83BC283CE353F9BD5C
:10F0800001D59145EA27B1BB755FD7D73A0254073E
:10F090007E0041A9C477C07631259CFCF8545EB24D
:10F0A0000EC037D61D38802982BAFF517A74981E57
:10F0B0004489DDD4DEF7E7DC4F38E95319D170D449
:10F0C000805AFA23F5BC9F1997812DF64B5A7D0D76
:10F0D000EC5B07C59685C9409E27E979472A5F758D
:10F0E0004F54672DDAC01CDBC2AE890D7039015652
:10F0F0006F904B3B44EC4A1BEDD3F681D4C2313DBB
:10F10000E83EEC7AC97E20EF667A020C07C35DEC1C
:10F110004567D6B2A8670B35D9C27B17D65F6A0799
:10F120006B368CB8E55BE6C10973B00FA4A203A6E9
:10F130007EAA0DBD7FC5C6EFE40394BAEC41033F40
:10F140004BF535590AA4105B5BF8B6F6A1C7112E32
:10F1500087C450533BC17663E3B6E36164FF5F55F8
:10F16000AFFA11BC63197D30D7DFF5BB5C2AED59CE
:10F17000D3E06BF8D1361C388BF40B19C079AB9CFB
:10F18000BB60AFD294223775F7FFCBAB4B22BF28C1
:10F19000A156BF53DF750DB691836054C470E0472C
:10F1A0009F69282E7C65A5478762015ED7F341677A
:10F1B000893C3849E7A1EB476F1EEB38D9E9DBB34F
:10F1C000AFE520396FD1F847A0AB9711DD52182475
:10F1D0009CC068104E2A8007C412C9EF4FAF9474C8
:10F1E000AA5B837A0EB51C6D3D76FDE44DDF63238B
:10F1F0006E984FF127F63C7F23ADE241A0EB4C30F7
:10F200001E04DD247B5D0F556723AB01AFC0773D46
:10F210003AF83C050AD0C9C9232B26BB86DC344307
:10F22000DDB2ED0B75AB2216CFD39F2134DCBD9A36
:10F23000EC918CEF4EE4E5E6A0DAC04368DC496E61
:10F24000B7F9FD8BBAC447CB9AF4D47F2A2BB8F513
:10F250006459ABF6206892C72F089F17773509E1EC
:10F260001CB3F2744770F470507D9F3FE13FA819C2
:10F270006B3AD1697FEB1734B094AC88577C08792E
:10F28000206EBD603B0568B94C36CE25C67A1A9D06
:10F29000698D996ABD89AC157C59A8B8052186CEBF
:10F2A0002AB2DEC27AB350942216890E0E01FA8376
:10F2B000E6FE00A9B7C8DFCABE758916851A601FA9
:10F2C000F919352A5BE43D04886784C6350337277E
:10F2D00009309F0CE83E097F411DB9E23D60D93CF1
:10F2E0000E5CDC5C36EDE2E662E38219EC6F46917F
:10F2F0005C6C10596B011A2707594A86D0F6119D8C
:10F300000FFFB3461E35D3BEEA724F8D716815C428
:10F3100060370E85E1B72E3FE4A2643B17CCB06F97
:10F3200035FEF1A36DEE8C1AA35D6CFC43545302C1
:10F33000825AEDC38D0F20BD54F1A8AE4246A2FA09
:10F34000F80BC08FA55AC2876AF85F0953790A4C37
:10F35000DCD1B2D204A78464C2D1966B1481080FA9
:10F360001560AB42AA93D9B551D4CC1999820669DC
:10F370004576198834DA8537949347E56D3DB6882C
:10F380002BDE8CF8A4FAB08452EDF901C81AF435DA
:10F390002554D14944D9DE0646ABFAE857D0FB697B
:10F3A00051D4D686477757A13D9BBB9A7C5B0975A4
:10F3B0004102CE16FF6A1DBFE3B36D11C9EFF240E3
:10F3C0007E1307770BF2A7A9A9714C0BA1DE5FA0F2
:10F3D000BED1B748C363D02C5AD31064DE7695DF14
:10F3E000557A6DB1E2223E9FF887856991F0103B16
:10F3F00096F06B2DE05F455A4ACB451DD0D419F6E7
:10F4000099D54698235ECD03C882058F15DD28CF98
:10F41000AF1AEE914B19873AD337D3D9759BD1C820
:10F420008E861AB54FE4AD71B08FB0DE43BBE609EE
:10F43000B53E02DD559EA73992DF42C2CF7303E588
:10F4400055FDEE197EC7AC2DF2640D5D8EEC97C4B0
:10F45000868244E04CE3B881FA192B7046134B5A6C
:10F46000C317425AE1B37C19BD62F9327AB55B9891
:10F4700070310FAD5B30B1018E9FD7758937C1797F
:10F480004CD7431B3A8FBF530A7CAAF0AF6A7C4625
:10F49000DA6F9B9E2BC92D95E27B594690D2273C73
:10F4A000B06C46FB1D628CF8542ACE0954E2B73E7C
:10F4B00094821B36FCAB460A9A6C4B57BEDA6A5DE7
:10F4C0008C6E122A39A1B70D014FDADCD966E757E5
:10F4D000A1BC4E13FA7EB630A5C31417307DA70920
:10F4E0005F378B42B904DF757219A3AC670ED37511
:10F4F000E67DEB92A295BA45C618AED8EAD346F897
:10F500002117EA39DC390E8E21781C3B9A89F638AE
:10F5100024702461D8A3365E1E3DC38776A3078876
:10F52000D785D71B16C0366E4E08102789020C8669
:10F530007036FD3360619E02F5DC091A9521803931
:10F54000058AADD11702183358DA50A4B59E40A7EA
:10F5500090B95163A302A45D401F250501261BDA63
:10F56000C107D8B66BA358F6D22834F26FEE43E742
:10F570000A90F50C574D530A1CDFCBBBC5A2E4CF54
:10F58000A0B6A8E654E3D12897D4FB6F150C03C4AA
:10F590009FFBB6B285FB2584B712A16C85B4975149
:10F5A000A86DDD08A68AA48B07D281536444324932
:10F5B0007722DAB66E40DEFA28CDE0BE71D7742825
:10F5C00051926E9AF0AF7F807F3D4EE94C148FC30D
:10F5D0007318E15F4D7EC3B8243394964E01BE6725
:10F5E00000FE8153BA8CC0EF184AE0B70FF0BBDBC6
:10F5F000ACA534F6F2CEFB02B490D2D845DA33C9CA
:10F60000A3F1FD81F6DCA9D78A1319FE248943678B
:10F61000C25E1B9A89E11DBF7C79BB06E4FB0EA983
:10F62000E70F49FBA918E0E36DE1ABF1D32B91257E
:10F630001E648747B0C2535762BC79BA25AE53F1F6
:10F640000DD6FF378A22298D395AF103B25D50E277
:10F65000E232F383992362DC23B97135EB0E5FFA52
:10F66000037025E673A217C440EF2D032C174CB18D
:10F67000671ED01FD8554A1980F8C5F6CA985EB4DF
:10F68000EB9546762476A33DC7FCBDC94F5AE141B0
:10F69000BD29A3B1AF35F5DAF5D65E42FD75818798
:10F6A000A04DEF29035EC64542EFBD71807FF6573E
:10F6B000C888446D20DC691BD0C7579C52F9F27B87
:10F6C000DE22E52F1928FFCF684739A3FDF68B6DA1
:10F6D0008FECF7E7E77D921E6147B9E8054E526768
:10F6E000B03085234530FFE09380B6C6E17BEED78E
:10F6F00056C0D9AD9B410AF87DDB365A146CEC2F0D
:10F700005BB6A5F3A0B5B2A0E8D722A209C2EBB7B9
:10F7100069A377DAE266023D4CB71825FB83ACECAF
:10F720001BDD0EA47CDF0F94EFD29ED4F584D63679
:10F73000CAFA1D6C31E6B4F3443E0B07E4F31BEB4D
:10F74000F7A8FF3DFD4D448CE8436127764CD9F87E
:10F7500048D64143911C7B54E322992699BDF495E8
:10F760007E48B32802A671E47B4BE143D57833BDD4
:10F77000435BD9F8EFBBC763C8BD5E8DCFE67F6D35
:10F780000B024A7D6D9433FAB26312BEEC54DF7300
:10F7900076C1966EDC0C5DFDE8FC8FA473762B3D84
:10F7A0004A0F394495A2BBBFC6518ECCEC725F3371
:10F7B000F99E039EBEC2EBAE6BDDBCEE4ADE03F9E2
:10F7C000E8A32807BC1D12BEDC2FCAA562CA513AA5
:10F7D000DBEAA085A3E39101E256DAAAC5EB5C3926
:10F7E000956C5899286A94481F2516B9E6C9574957
:10F7F000C47A9B4CEC733A22EA34477A19D7A76F44
:10F8000090DA3C31D05F1F5B9F1A63E43979A283A1
:10F810009C19491F680F8DA8F483E7BF513BD7445B
:10F820006960B95079D0C99329F9FC4D52E6E5A534
:10F83000D3D1FE17A88137A352182FF2A590ECB4AC
:10F84000308D13F8529CB848EA25CC4D7CAF1FD9B7
:10F850001713CA508DCE6A7C41E75567A37CF671B9
:10F860009A4472DA0B8EE0FC492BAD1AD0B94A9B50
:10F870003E48063C92D7A70695B9E6F1B433DF902F
:10F880009D200902164A03B1FC37DEE9BE9F977836
:10F890009E53EDF1CAFC2DAC1EEAC8A709AD27BFE7
:10F8A000E0698DAAB030CAE7785A992F09A7022AD1
:10F8B0004CF7F16903B9033A5722151DB296BE3DC4
:10F8C000F15869C1D8634B966CD0B057BAC4C58A99
:10F8D0003B7AD2EFD41DB4AED7B2851FD3C219097B
:10F8E000F44698D5BD801D7D4F98F7FCBC6409E7B0
:10F8F000BDE4B2D086B66ADD9B2E3CC2D1D9AD3C08
:10F9000047D362C7E5238E16860B3C8D6AE2E93C3D
:10F91000B9D6C2CC1DCBD3C935917AF441D2FD18EA
:10F9200047DFDE71BCCE4C4A5133D0FEB7235BAF0C
:10F93000FA0332CA221533619B89BEFB2FB2576E80
:10F94000E6407BAF427729BA678594A98E88D1F7C4
:10F950009756D57E311D9880766007482FA1D33504
:10F96000AD8FCB053A1381C65D822E104E1EBBE7CC
:10F97000076B87A35DB2E30E59EB0C4843B07F5C85
:10F98000222D3A619B20872D5B075BB4E630DFA216
:10F99000A3CB893C4E1F90472BDFA2EBAC7FDDA2AF
:10F9A000950D7FDDA2133EFD4F2D5A344E06F856BD
:10F9B0009D7055F7F5E3FCE465C77B0A6A657AED4F
:10F9C00028D107255B8F6FD3EAE08827B6811A819B
:10F9D0006C16A23D41CAFC26ADDAECFA323BBADB2A
:10F9E000511C5EAE953362115B06FB382C1D517BBA
:10F9F0001427B19CBD6E61F6CC26F5B783706228E2
:10FA00004F615503758B874EB6F1D0C905701C390F
:10FA1000FB5483C3CB68EC5814254376EEF8F6FC10
:10FA2000C3C42B847B6B07EA97AB216395B63A720C
:10FA300026EDF9017DA87778995FFB43B613150190
:10FA4000F8E4CB4768FDCFAC55291F00C1A6E2D230
:10FA500095FC980A8DAE045B86A2104ED2A4B546E2
:10FA6000E2FD877FD3AB1D816AFC43DA02B95361A3
:10FA70007ED8EF669401FECEC77AD303BA2C416DCF
:10FA80002ED21CB46E799B6A5E5F503F690FA0470F
:10FA9000A3D643BD1B209188C839AB02C571F814A9
:10FAA00089DE8898CDCDB67E0C67506B671C5734C5
:10FAB000D0403EFCDCE7DC9C0DD3AC76C805BDDE57
:10FAC0002F68F39A05EE1A3738C7AD180207820A75
:10FAD000CA221F22A51C87CCAB508DFB82DA752A67
:10FAE000402A150559452F2A44F2378688596A88D5
:10FAF0007391B7DC5A00A2AC2A0FA944354E2A6193
:10FB00003B73443C4F6B3A789E7A25C196FE14199C
:10FB100017FE4E46125DEBA4FFB0161E8F60EC631D
:10FB2000B6DF673730A3E46258F706335DBD59DFAF
:10FB30003C5A64E9968AD977A5A3AC8D78B4B11202
:10FB40007215FF0ACF2C4DD07BC588F49364945C6A
:10FB50002C663C489B6ABB4DF8AF1020AB56E8833F
:10FB60001DC55F7F1166B6A0336AE6EFE82D091563
:10FB700026472052C788EA191350ECA7D1F861DF55
:10FB80006CAB3E462A12859A68915621B2AC96D249
:10FB9000112596BCEEE1A8542165AFCDB53C783077
:10FBA0009C7580BD22DF5FFCC697E9DA2238167F9C
:10FBB00066928D353D04E85DD75576B75FEF8ABC18
:10FBC0006344A1157DE01FD28094144AA5FE850EE2
:10FBD00030DD072A8F8552D578A9E4A155B5BF9BA2
:10FBE0007AC1C6D357983482500A125169889D95BC
:10FBF000A74979DA48791C07CAF32A6F1FE5941BD5
:10FC0000D3403F85ECD37970E8CC273919E8AEF2C0
:10FC10004B625481E318D5E44846A55C2055A903FE
:10FC2000A5E32EFFF96899D7F7C7BFE59FD3BFB506
:10FC30004AF15E7877DECAC1CAE64A6C7DE0CE71D1
:10FC4000C1F202698FA22DACDA30E91C3EED5627D5
:10FC50000558E7D84CFDE3F21187DDBB2AC3F93321
:10FC600081F526A4B1F4CD0A5C8BDC17A4BCB12EBF
:10FC70004279E7C1910F964B6605D9FBFBC740FD62
:10FC8000CE754A957370668D670F85BEE8BCE3E05C
:10FC90009A390FD3327728814E9825606A4B25FC1C
:10FCA000EA1EE0D78B3BB45FDBD01AC5D9D6B89E2D
:10FCB00045F7936F2EBF9ED96AECACEEA8B979FADE
:10FCC000FAF996573B977514CDB2C9B229B26E10A6
:10FCD000CECD549C412B0613A62BBE80B231E46FCF
:10FCE000516EEB8702F928271A6A26C56760B65558
:10FCF000F482941685988065D5A9616D272DABCCCB
:10FD00000E7B4FBBAE78E1B8DC3A152CB2BAB2EC40
:10FD1000335A11C93D4AA051399D7D77E8B08B1CFB
:10FD20001335CF74DA48CA1D42FACF9B02B58DE174
:10FD30007C0EAAC952C045A213A915D05D2C61251D
:10FD40004EC0FA05B2D1F5C5247FB1E2267CDBE9CD
:10FD5000B9AF6797E9BD9D407DDC03C0ADFBE0A472
:10FD60003EC889AAB7F6E05D3C9C4435F932189547
:10FD7000DDB5D1BD83703B4CA0A430441FB41E8EB2
:10FD8000537F42B37E3EFFD681FC27273A59DBD111
:10FD90005A42F379FBC89E871658A2EFADAA3D5A86
:10FDA0008A1B5AAEB557F6FE56932DC9BB961495CD
:10FDB000569326597EF5F5696F54BF41BF79357D5D
:10FDC0005A4675065AB55966E46752BABFF9E0114A
:10FDD0002FA9CDA001FCFE8A03B89E96931DEF9734
:10FDE0008514E54461ACCFDFFAA9D0E0F5A82E096F
:10FDF00039611E7E4AA48133AC5B681F099FB6E35C
:10FE0000F7084AF13B3E737792DC459AC2886FC08F
:10FE10009EC1B7B53A25ECFAB1947F05770D0BBBBF
:10FE2000B94C87ADA0480BA7B00E5D2FB35FD47A55
:10FE300059A4E121ECB0AE99ECF1DA5116A9328067
:10FE400065BAB2D9C65A478BB4D49F75EC4A674F8E
:10FE5000D78A2DD2B9FEEC90AEE5101E6A5C3F7FCA
:10FE60007678572A84596E91027F56D2951A31427C
:10FE70004DCAEAD9ABD881C78BBB045AAB1A2DD275
:10FE80006C7F96866FFC589B9C5BCAF9A3FCBFF203
:10FE900087F9A4427CC022DDE3CF3A7525B39750A1
:10FEA000EA099CDAC1C768BB92610E01AC0C3D9DAA
:10FEB00003EC4F77DDCF2D750940107B0250BEEC6F
:10FEC00031445B42002B86D018577800A43389BD9B
:10FED000589B945B1A8B210BF998A8AE2458A2006A
:10FEE000586AF8AC0AB02BBA3A734B7760880E9414
:10FEF0004312FFFE57012C80BF7FA85D965BDA8618
:10FF0000539D43606A087B0AA58210BB5B57476E0E
:10FF1000291382529421900F93213F42ECCE2876F0
:10FF2000128E4D0865A9AE30F6F35A07882D04529B
:10FF300019C253591802A99CCCE7921002690A828F
:10FF40005406E596E6E3B7AAF898A8AE2058B6108E
:10FF500048257C3686D84775FD027982219C43214D
:10FF60001D41FCFB1D2190CA20486520A42514A535
:10FF7000FA85E29817BBD039B85076287ACE0D852D
:10FF8000EF5F837CC0101DA1B03683785AAA42610E
:10FF90000E813CAEC250580A7FF6FB5AFFDCD2728B
:10FFA0000CD9C8C7C474F9C31284C29A80CF9650C2
:10FFB000FB335D2D90277C6E53600EFEFCFBCE5311
:10FFC00060B9FCD99F6B9155F92928752E1F33A76D
:10FFD000CB0F96740AE4067C3F7B0A7CFF322C2D03
:10FFE00086D81306690961BFAC7586753215FE0E99
:10FFF00084D204F905A6C29CFDA0C441296B9C02D1
:020000042023B7
:100000004BE4C7E75135859576F9B2E76B7D734BC5
:100010000F600C2D8FC474E1987084C79787574E7A
:1000200085B9FAB2976B9F83B53215D70A1F33B3E0
:10003000EB3948CB5428EFF0593815F2E71B2891DB
:10004000184219066BC097E7CF575321AF9F23D2B1
:100050003915D2F11CE4B51AD60486ECE0635EECE7
:1000600052438AC32027E0D3390C96EF2C94CE302C
:100070009C5B18CC414D24320C4ABA9AFD0ABD1F34
:100080008B530BF99870F45E69186C19F05985DE82
:100090003F0D25124270297253FB1E16B4F9B2D3DC
:1000A0006A1DE5A6857B58A64DCDC620CA3AC2A0DA
:1000B000448D27B28AF2F662BFADF582F542DEF3D7
:1000C000DEC3CADABCD8E85AB45EB70796EF249408
:1000D000903DC5857253F01E7678DB388B49BBC7DF
:1000E0003EA6EB3374E307A4C56485F9401C5FD6D4
:1000F000022EC5622AD803B18F63BFAE1D07B9B205
:1001000087C76843B98F63C3DBC6C94DCD7B581A17
:10011000E1B8B407B69FC6DCD20B1873C15E8499F0
:100120008D84F499BCF7429A3C047CD2BDAC08861D
:100130007EAA5542CEECE5F169F7421C1EECAC36C6
:10014000252C197A536931A5ECB53FDB7508D9E048
:100150004734D9F6429A067058F7429A9490268806
:100160006307C171692FA44909698238DA113E8891
:10017000A37B2FD40F07A1344018985B08F23DB140
:10018000AFC17E2CF675D8E7B05F8EFD1DD83F80DD
:10019000FD0BD86FC37E17F65D42311EEC4FC2BE19
:1001A00006FB3AECE7639FC3FE0EEC1FC0FE09ECB2
:1001B0005FC07E17F69929181BF627615F83FD58EB
:1001C000ECEBB0CF61BF1CFB3BB07F02FB17B0DF95
:1001D000867D662AC6837D4FEC6BB01F8B7D1DF636
:1001E000F3B15F8EFD1DD83F80FD0BD86FC37E1726
:1001F000F699308C07FB93B0AFC1BE0EFBF9D8E780
:10020000B05F8EFD03D83F81FD0BD8EFE231ECC12A
:1002100018B01F8B7D1DF6F3B15F8EFD1DD83F809A
:10022000FD13D86FC37E17F6195C6B9ED89F847D33
:100230000DF663B19F8F7D0EFBE5D83F80FD13D88F
:10024000BF80FD36EC33FE1803F635D88FC5BE0EE1
:10025000FBF9D82FC7FE0EEC1FC0FE05ECB761BF3F
:100260000BFB4C00A607FB93B0AFC1BE0EFBF9D849
:10027000E7B05F8EFD03D83F81FD0BD8EF82FEEF24
:10028000DECE7EDC393749D71F96FC7BC3DBA2D894
:100290001B0701A3097539016E6C74E3A4A0B8D0E3
:1002A0004DDAF5007F3FEE3C09D09A204C55B481E1
:1002B000071BCFD878FBF55D978E64212B3E765ACD
:1002C000D447EBFFEFDAF5CB5FE971E56CE7F90EA8
:1002D000495B4DCFE9FB176F7E7FFDA7D6AB2DC9DC
:1002E0003DCBEF6776AA0DBBCDFEEB88FD4C5F36AC
:1002F0008271B5388A29C19A674B8F9B1303E463D7
:100300009CE8DEC5F22191009F168CB4FC3084AECF
:1003100090CA007BC5245A4420C31FA29DA4F505A2
:10032000ABA9081756D705EAA5E3A80BBF5E59305D
:10033000907E9FB795134971E3F81865B75B652404
:1003400040F6D29AB4570DECDDF661D8420D4E4B13
:10035000E8529FBDFB22B2C7F8AA91D815BDC78E3F
:10036000649CF363D970C7611E02752A369A7112B4
:100370007250DE4516CF283584C93CED88EC6857AD
:10038000A3EFB4D8D242556C8E06D93D53D53D204B
:1003900076B81B6FAAAA77D1F3044CBFC210AC97F2
:1003A000E8AA2D29C80A7784CC126712591426D1DD
:1003B000858DF017B0DCBB37FCD868F45B4AA1DF51
:1003C000D5F0373AF95BCCC7D128EEAA04C3E2DFF7
:1003D00011966312546B17367A48BFDB687F47FA71
:1003E000DB3EC38303AFC4B223BA69FAEC8E17EFC6
:1003F0006AB21D845254F5509E76D7FCFE1C8D7D4A
:1004000021D331786381E4F56BCBA356D4AC90A4AF
:100410005F7D73DA9AEA35E80603F910315DB17E43
:100420000810CADC72B562C37ABA0296FBF0866D18
:10043000D0FD08F263ED730EFD516FFA84620B3A42
:1004400047D263508D796C65EFF8C803A49F50F5CF
:10045000A668CA7EBBFD7E1C1744AC7B37FE647168
:1004600061E8A24DCB8CD5E572C64C137E4D83DC82
:100470001AAF1AFF00D9B6231C535E76DB60A011B9
:1004800074BDE32EAA68D3ABF08D3881BF7F5F2E99
:10049000D4F325D5B85D209984122EAA3C76D1D804
:1004A000BA104FEFA5EAE4C3E235148F652B28DAC2
:1004B00014F40896F0502FA15CE7555EBB064A592C
:1004C000F88D605F35E1EB4CE3694EA5DC450B35FB
:1004D0000B26DB147DB7600FF423B29E38509F6764
:1004E00085DA864F6754B7AA8F50593EA3089E738A
:1004F00002C6F02F55BB77813107669BBB0EA076F5
:1005000052D3835ACAC59B575B246DA7EFA396C2EB
:10051000B7933ADC4E82D61F12DA8A047D0961460F
:10052000CE237428A3D4066C0B87C77F0ADBC2F9DD
:10053000B5167CB730EC6C4E64EF427678E7C83580
:10054000D7A9E8A29D45DAD71C2A246230CF789635
:100550001B28EF72B539EDC79C28B7124750210907
:100560000543BDEEBCB7F23D0B73021479515E0238
:1005700054C232B5417743E04A5523E42DA022D935
:100580004247C738E3554ECE9C023C2D097F5B594C
:10059000956C3CCFC570412D2182AD11559DA93878
:1005A000993AC1C83C527CAA5989CCF9B02C2D2269
:1005B000AC853D2B73C0D63C793A3E45AD1851A170
:1005C0002E437404980DE0CE7B7BBDA8A8D303B462
:1005D00082456A43718ACF09AE59287B4290DAFC82
:1005E000AA7023C2276B2685329E1184E2836BBFDB
:1005F000F2E0FEB34CC31A12A135216C9F95CFA136
:100600001EC9D0D886D986AF6DBD0BE198BB679067
:10061000538D57D4C81EEE436C6794E7C33ECB1886
:10062000861668A99A6029816DC4C905081455ED1C
:1006300041ED03AD18B96D90808092402A40BA2DEB
:10064000E2DA8645D64566FB1AEF5BF2AD121AB5C3
:10065000927ACE87BA66A4A26ACA07F81D5E672E90
:10066000D2DA9F616E0AB85AFE2B943940EAB86A12
:10067000E7DAAF10970398BF517CDE2DF25FCC9C78
:1006800036FF005A8B571BFC3949A7EFCDA0EBFE74
:10069000A406C03844870747E74D4BF148BEAAABD4
:1006A000CED6242AEAF1E987E5D4883C80D6F5C87D
:1006B0003E849E316DFBB00514DEFE897FE408EDBB
:1006C000A98576D7D63E07C2D7962ACA13C6647DB7
:1006D000D8834EBC7E07679D0A235EAF9D23217B96
:1006E0000CC2FF803227EF82BD9070828187A8996B
:1006F0002D40281F50A778181981898E6D6BE057FF
:10070000E4D07A1CFFA5933EA936EF33B0DF31B4B5
:1007100039DA33868BF18FCC06315CB5C08F3D94CE
:10072000273B74928865348C5D1EDB6FFEB2329C71
:10073000F3AE6C94ED24E927D527617DCD677A3C33
:10074000B8C75763D04ACC856FD1AA4965A3DC2AC4
:10075000A5ED0BA40FFD236F34F847B2716270054D
:1007600096B6B3E74EE79A05576C4B570A5F5E8D16
:10077000AD75665F83BF993E7B6601A561177C08F6
:1007800056C6FAECBCAB652DDE549D817DF643B0B8
:10079000E958E5B135B1EC716FCA8B7BFC3E8C3A00
:1007A0002EDB613627ECC00077AB93ED73991E28E2
:1007B0005DC3BB1EDE59687FAAAB2736F6810DD517
:1007C0001C5A1DF7BAA936F89A89F6F9949DCD807E
:1007D0003C80DAC0C0AE8DEE11A7D8E90C98152B7D
:1007E000AC4CA375E97D915E9CFD7371DF40FFF415
:1007F000893D82E973E33AFB613E4E5D3D6A63D118
:1008000023385AEE7E6D7B6565CDCDB3ADE75BD009
:10081000CACCE9EB68A506ADCCC052B60A7D72D54C
:100820000158B20886AED65151C2AE23E5B53A831F
:10083000F5105EB74958B398FD590CD0FA841717D4
:1008400095762DE9D1150AB43691E71067AC19D821
:10085000AFD478516DCE891CD1566D62E39344D5E7
:10086000862BB601FDF510597B755BEF06D83979FB
:10087000D432A8658594C29F5D4ED54BCCE0B409B7
:10088000D9812FD2A2738A4D3FD4708FD0F3639D4C
:10089000E19F0DC87A9928AABB5F76F290E9BB0662
:1008A0004E7BA521C0EC1DB12630543C2E22C49CA9
:1008B000615BB9D222D5008F3BB3DB245D5EB762AA
:1008C0006ECCBB72B1E7FBFB3F755EEDB876F3977C
:1008D000EBBFB5428E5F2F8A0EBB392DF9EC008F2E
:1008E000127EAB33B32F31745DB663DE2F493169AD
:1008F00075698ECBAFBD1EF546CD1B9237AFA547B0
:1009000065D464CC4A44A32F643FBE4BAFA8C5B6A0
:1009100017361CB28A8E4881E6F2209E96AB6AB3E7
:100920003D9279583788F99CBAC4BEB8EAFE23755F
:10093000FA65DD7AFB34E67EA02BDF5224C306DFA6
:100940000F3F5E57E27961D9C20D5AFB9DF67B4598
:1009500031700C6455839FAC6BA7738EC5A3C8B769
:10096000031DD29D6895F5D47A7B534AFF20E6AAF1
:10097000CFEBD6B10BAA860DC6249C506F605F6486
:100980009CF2485E27E583698547EA8CB25B5EEBA3
:100990000663C025B5F9BCC1FE32F37056D5DD85BE
:1009A000F6F91D7D94B668967CB43708DAEC302DE4
:1009B000A435A88558EC59EA9142BB143FCD48A113
:1009C0000E9748417DC601AA38D93E33AED7CDF443
:1009D000B01FAD6733528BC21B84B51CB486B516ED
:1009E0004551DAEA14F9662F402BC2109ECE20F250
:1009F00055AEF0E5E2551E05B40B2781788C121038
:100A0000BD11E1A0A2284D854402D8633522B66D00
:100A10003FE555CEB6FE53CCAF6C9D98447660FF53
:100A20008B8AA6341FEC2C4EB18CF60296A718FACE
:100A3000E8E6EA94904EFF8EA39BD74E23EB44F357
:100A4000E855885301BA588A917814E4DBEA0DFB23
:100A50002302D6B582176CF5D2BF51EBA43F592DB6
:100A6000A3187AED744646E89983E0351BD098D3F5
:100A70007ECEDA6B1FEE78D93E94B92C0A7272D80A
:100A800010759E5B46BE9082BFD947329797116B17
:100A90007E55B307EE0CE0B933D73E9DF95EC1E158
:100AA000EF3EBFF3B2DD781ADB7B37627BEF77492D
:100AB000BDDF3E3BF04EF8DB1B0E0B3B73CF5F47B9
:100AC0003B73D1AD2BAFF6A07B57D4B8951E34F352
:100AD0007BE9946FC076FA2233AC5A479FB50C314C
:100AE00083DD06B9533455EF1442A13B57E4433A32
:100AF00068A8A74E899DD86FA4A077C19D2A066AD1
:100B0000AD76C718B2132FBC809DC938BC4A428548
:100B10001A64CFBA8613520B73D8598C047D235AAA
:100B2000466212A67B95C594A131C60831DB524BB3
:100B30007B90B6DAF8A947399A13B0B91F8AD9F76A
:100B4000534472B10B10D2C011CA73E8E7EC8C4960
:100B5000A2D9B0D71262AB3E18736B7699482B06B8
:100B6000CCB9F326F6DD1E9A552CA42655AD71D1CD
:100B700035D88B527A6BA0DE142C2856FDA3CE30CC
:100B8000A18193EA4F76F7DB2BE27A2FD8EC5F480E
:100B9000EFA27D5F5E1CBF47F8D19D5F32FC7D27D1
:100BA000EE66DD3A7F0E6970A4BF63EECFEBC03610
:100BB000C5F9FE725F9D214EB045B872D60DB7756E
:100BC0006270DE38DB58CDC509395E6717338EB0E9
:100BD0009772EB7240B6A405E88468DEFEF2AC586A
:100BE000F6996E0913E91F9D0DE2B8D302BFB4F95F
:100BF00093EC051FF6C9B97580C0FBC9A14451A586
:100C00009BC6C594DDD91257F6C1B81AD8D3637CF8
:100C1000FCA8E24B971B701C42B93756489F021B39
:100C2000A4772A903D4E0F53B5955574D368A446CA
:100C3000F85BEE5586F708F976F6C5FC498FA6A253
:100C4000A58091DEB1AD8EBD607B61654C079411CE
:100C5000CEE33EB21F3AFBA66F0BD1A7DBD506A1B0
:100C6000661B17C27A17D3C9D4388BB4831669258B
:100C7000C0BF0CF66CD26EC93E03B21945EDD49FCD
:100C80001403BC8799BB068E1AEC63CAFA0E1B3F8D
:100C90000BB71EC0EBCD540CE78F5A3FAF531ED499
:100CA00071C5C91EC9EC220664C40E7E75C4BBCAD8
:100CB000B431429F64AFE332BE1EB0C97DCFCB6872
:100CC0009175D053AB18895DFA598F1E52602F0968
:100CD000EE873DFE8832BADA80F2AA1BB0E0DD78FA
:100CE000CECB88B4A83DC3D8A3B1E1DDB79032FB29
:100CF000B0E0DEA386A686D52B39AD602132EC2488
:100D000003C7095E825DCA37EA3828C1609F965DD5
:100D1000D401EC65A63EBED7F4E550AFD91B7BA647
:100D200061C096E341FC3DF29EE220FE1EB4D5C2B6
:100D30007C4534CC8E7B70DCB2077FF788B016F42C
:100D4000F55B4CA61D952CEDF25211B228AC9AD849
:100D5000BD5CA6ADB37EFCABC2D6DF2F97D6FEB48A
:100D6000A55F6143A7FA6A1F6CF94391D207E3A418
:100D7000595BECC45E714A251B566EB5A115FFF692
:100D8000CCAD1BDDDB487C0EBE670BC77BDFC578B7
:100D90005FE8CE2E2E9CB0F2FC03C96F1EBF785DBB
:100DA0008BB97AB6F762D7F7777EBA75F5C6B5B65E
:100DB0005FAE64F6FAAEFBDD27FC4EC53A19D87576
:100DC0008AA7AFF1E0500DFF2BBC7E9EF122C7AF8A
:100DD00093EFF88DE8A8A514494DD87B37615ED212
:100DE000BEA49169BFAD9EFDFAEED787BDF1DB8A47
:100DF000D9E9BBD38765FCB286D2B8A05DECE58E9D
:100E0000340F5BB857C009761769788CDC773CC61D
:100E100096856B6C45DA031AB501ED99571BB9A895
:100E20001033A5A1B4E4C69C5BB0A557F15F39901F
:100E3000B4E35F1307F7FB19F9FD7E15EDFC7E3F68
:100E40008589DFEF87F9D1BE600B6BD97C1A045915
:100E5000739DA5815B58B4CF2CC8AA9A9242897F12
:100E60000F33289A317F97B122198831592FE1EF3A
:100E7000279107AD5B7E7D72F79DD09AC15558CF03
:100E80009D0B45D61AAC6FAFF0B52C29B33073DD8E
:100E9000F85AD68CE52954AA145B69F4BDEFBAA5BB
:100EA000FC7570BA5CF521230109E8063274631100
:100EB000B29ECFDEB2D2E83B703405B557A8188E8B
:100EC0004087D035E8B63A5EB37CA7F71EC2C0B102
:100ED000E9EB5DC03D1BEADA75ED60C3F1A15AB6DE
:100EE000B89DCC705B26C8193F86F42FAD23DA8AF3
:100EF000A23D77CA99B94CAF4DE46D1EA6F7364BAB
:100F00003E791FFE1A3DF57DF8FB19EC7B7DF2FE64
:100F10008D7E9E33CD8BB8E87F7D123CDCF2C91804
:100F2000A00F2E6190CD8A62EBD23B76836CB21E0D
:100F30005243452B2AF1FD5B91F221C0A1422603C9
:100F4000ECFA21F459EE5581BE73FADA210CDA2F4E
:100F5000C77674D1EE6F16BB146D427B022D8A17D3
:100F6000C055EB5ABBEC049242D5CEE0598CCC3E36
:100F700022ADD729C921C15A43A3EFCA701CA87852
:100F80008E82B8D7CF14BD2016F132107E4CE4E922
:100F900004125FB4EE8230E61B3A748723EE6319C5
:100FA0009D2831CABA8346F7682DC3123DBE7BC661
:100FB000EC726B386F9D56EFE5049E8EEA8DAD3076
:100FC0008D06C5A38BDEAD37268B280D861BD71D5E
:100FD000A5F80895C129E1EC6622698751E9F5ED8C
:100FE000ED91F526D8B7C0921DDDAADA03676D50E2
:100FF0001254555647F7D4A2682415AAB06E07F7C5
:1010000074FC6B2AFC958D7F4DE976809282CF9D92
:10101000909EA741EF2D4375F45A17B88A46A8E170
:10102000FC2C89F3B157A6F5F2346B5EE6BF199E2E
:10103000E8E56F212C1C6D1FC1B48ED5901EED3DCF
:10104000448FAAA136C82E61AECA1940EAB6700B09
:101050008EB7D58EB33B322D455A6B392EFF73BCFC
:10106000BC9D0C46F38D7CBDAFD5951DD3ACB69A17
:10107000A358BD157051A3ECAED3386F7B4E771FCC
:10108000BB6E08D0DB60ADA6989B194DB1D5AE60A4
:101090002ECB994231195734C94E59BDB1EEE842B1
:1010A0003A4615DCED0F5349DE8DA538EF03B5CF79
:1010B000D99D986F61DBCBC6F533C4EEF2488886C4
:1010C00073CA8BEEAF6D6D3E927524ABA819E630F6
:1010D0009AB988EEF3737F0DAD9299517C0A3A5319
:1010E000AEF81BB2F0F9ABB73E18D922AEB656CE69
:1010F0007733058333DEC8DEBA6AFB3535AEA9E740
:10110000BB7D0947ABE52E32DA22054EA8E6BB6867
:101110006B3BDEAF1510568E2CF5F72E5CD264D6E5
:10112000BA9F9892CA956CB3CBA238A247988FC841
:101130004E1439D12B427824A71918259C551B47EA
:101140009CB1EEC0FB45C308DC112215C3D7EC1DD2
:10115000844C3803214FF1906DA13CA4EE089C0F04
:101160000C40284D6AF398536A230FB3E305F21D30
:10117000F1C8AC86B11AD11428D1580EC2DFC47C94
:10118000FCB4F6993AF32BA706DF6E8980DC57F49E
:1011900043FDAF1D8E4B3FA57B54359642D6D109FA
:1011A000B6C5F5CC65526B6AE3842B7C7F72ED9AF1
:1011B000E2639887C3F55FC877DA8F2B97D94BA482
:1011C00081A5596B57D8536A02B714D8C550BF25AB
:1011D000B2236DE24A7B65BB73CA16FB0792D276D7
:1011E000F7ABEEEDF60A49AFFB6BDB6E5BA7405E3B
:1011F000AE9F69B36EA3D17EFA66DD4EB944D9C401
:10120000974137812F43DBDEDE03A20013A59F2C1D
:10121000A5D8A4EDC0BE7AF4F3AE6C860DD6267BBD
:10122000E5BF21451B66FD38506E1529F75E9E8B84
:10123000857F2C2729DC78522F3D9A03A28FCC1270
:101240007C5364AB89D11F3033CB8439D9C9A74FC4
:1012500059144E7497FE376B25CB963FA02D9C19E1
:1012600008A9559F5167F407CD5276B3811975537C
:101270006F9339B877405FEA7EFD0327FD274EC0A4
:101280005E2E7BC8614BFC2ACF6EC0160D91606943
:101290005FF1C1399E6F6385FA7B96D4DF3FC77CCF
:1012A0008ADE17414CCBF89DD37C5D37A8372CBD27
:1012B000A036598C663863E4DFF11C4DFABB1AD2B4
:1012C000DFFDE66983B5CAC8DF7407EC334E1E48FC
:1012D0003B5ACBF1BD7E6FB28621F059024879EBC3
:1012E000883CFD52A4954B8103BB7688C328D7A3C5
:1012F0009B5585127CCB20ECA13E2D11B34E439F14
:101300002B8A36CFE4B432745B8183752740FB7936
:10131000762AB6A33D3ED37772B3EA57F5825DC70E
:10132000D8D276B1BBEB49E353C6C3CCE488002ED8
:10133000989AD64A28FA81D530F461F32E201FD628
:1013400021F548E5DFDCFE218F69E77699968D0966
:10135000F3346BD9F2239E2C27F3721F7374EBF6D0
:101360008DB27B4EAE84CEEDA47DB414695009F4E9
:101370003B8630844F24A5F127329EB85DC9F265C3
:101380003D91B1E9F851EE89F72FF350D2BB0294A9
:101390006E4551339CB9D247B965461E5653CDC3ED
:1013A000567D47FA9D56017647EA20461D810ABFC1
:1013B00044FAED36014A93FC48BE04AAE51B3E8D73
:1013C0004B22ED98C427FC779186D1F0ADAFEA228D
:1013D000797FD988A6BA27DFFF0A9F90C1704A8219
:1013E000EB44FC201CF701C177D629E109FACE387D
:1013F000913C4F6CDF5554E449F07D410DE8A21358
:101400001F92F29EE6F7AC69B691F029A4B5CCED37
:10141000FC4826613F9AF14349622C7FB801B664CB
:1014200088133AA90425DA13DB9D68217AE127BEE7
:1014300037948D202D6CBFE213BC87E812FB4E243D
:101440007576607DA371D38813036B1DEFA0BDD2A9
:101450008CDADEAFEDE5B1EDF88150F02F9EB7DE0E
:101460005F57B22360B56C6119291C4F62FBDDA088
:1014700053186315D68ECA764E774A95C3911BB51D
:10148000898F039BB99907EA2D32E0B0F4B093EB52
:10149000D17255611B926773F3F701A64B78B77D44
:1014A00046776C3DECA5F0CECB9A37E512E0F0A381
:1014B000AD58A1B0A2D58CDA427CEFDB1174A6C185
:1014C000D98FDD221D49EE3BBEDDFBCA59C2F13684
:1014D0000BE1AF2DAB63CEDD2359956F74416D5396
:1014E00067B6CFF5EBAF11C69F04061CB030EB29F1
:1014F000522F65445EEB51FF22231418A7575B2F30
:101500004FEF0D76334A01BBBC19DF22ABB0629BB3
:10151000C27F1CB296B10A2FBC8E7817DD52EAE06A
:101520004A30EC105A87E726C2EDDDBA28A2CFF682
:101530003B38F0A3BA96AA6D299083292AD73B3469
:101540006C5F850FD03D9B450F1C382DBB15FE866B
:1015500069C12AD5983BF4A6686AE69559F2A1C0FC
:10156000C1DDE1AA55FFA5147D4FE06D8944CB4E46
:1015700059AC32BAC8E23A06DD41697DC0F9B0AE75
:1015800047A416A42F4C0F24FCCE40D4625585B23C
:10159000FB7B77FEEEE1EC27DF4E0389C8485BAAB0
:1015A00069506F5E06E018ED6691CF850328BF9401
:1015B000E9110DE8A9C0F95AA4852295E31DBA3CAA
:1015C0003AC2365BD0D34709FFC81A43F8BB8C93A5
:1015D000BD7C57B750DE1D4652DEF745A14300AF34
:1015E000B91ED75A1E15708408D842E9684525DA15
:1015F000C1B4BEB528DA02CBC6F3D47BA9CB2C94F8
:101600005E7F2998E24AB873FA294E80353BD1EEC5
:10161000AE21C6C3DC04A8B9BCA96B248F848DC9D4
:10162000649414DEC0F884CA76011E47FBCB9CCFBD
:101630005827FBB65D7FB04365C3DCC7846DDD3ED4
:101640001CEB2B7EDFE75BE4ED72850FB61BBE1D46
:10165000EDF525FBA4DFAAB6AE7F91A45B06E335CA
:101660006FC3F82CD23E37E1785E1F15565BBF146E
:10167000E04B07E34FC0F8F5F309FC3B7864CDD7A6
:1016800097AF5DC49CFCDDCBCF4F5183F7A316F21F
:101690005C3D5148F01591D655F2BB97D24FB11928
:1016A000CF07DE22FAE92DA24F0A497E669F4F9CA2
:1016B0005D5FDDAC02F70037C45EF4C3DD7AD3AF03
:1016C000C87A05B8D53DA281E744F30C0B6C3D6D9B
:1016D00036A27FAB2A59B497EFC1718B554CCB2FF3
:1016E0005DA2AC26B4D72FE5C54356FD2752383F3F
:1016F000457D2ACFD18497865EE1E55FF2064FAB48
:1017000064AF8549207B9F356BB23A361E447DAC71
:1017100017A98184D9D42D02FF1681DF6D610AC714
:101720003635E86BCD12F63DABF83FCD23D877A523
:10173000AE350363DEC625B035505DB4D0C7A2BE5A
:10174000DB8BEF67C9389D1DCDEC87F34C3F264DF1
:101750002E3317E62AA3FD78ED746213B9213B9965
:101760008C978F79911DBB8559447F6D243726B3A3
:10177000482B42797BC79D45A7355983D499E8CB3F
:101780000D3C44E132324F383A5046110FA12B2123
:10179000F719C7E79646FBC19928D67A551F0EACB4
:1017A000BB9A90A692061DB2AE656BC8BB8573D876
:1017B00099CCCE4D5ADE8E68643A3BAACBA93261F1
:1017C0008CB6DA3A1CCC1DFEFC41E928D6A506FCF5
:1017D000EB60BB7BD743CA8B8C372CAC738D045921
:1017E0001AB4986A5757B245CDBC65A501DBF42100
:1017F000845FB3D967986A87D788757B7F56C15451
:101800003F89FB1AC42DC5B859E9359AE0DFA8C84D
:10181000C77A4F97D591F54D2E98EBBCF753E4C39B
:101820007204D6777B535D3F5C385099C0DF9BA034
:10183000F5ABCCB2747BD3B9A5DAC011A4C485E5ED
:1018400043F72BC660FB9DD948F6F570FEC59AA5F7
:10185000EFA1777EF782B59322979A60ED68FD64D9
:10186000DA522C79908E61B9A5517EEC3A086D332D
:10187000E31905B28F03E9DF3C50AA6848FF6028EE
:101880009C756636A3DB098AC609F5A06C2B1E85FC
:1018900046F545A5F5864EDA7A09F743AB907C1CF0
:1018A0002D4396EF7B175E6E346B2B3F23D222675E
:1018B0009F654A07A5277C14C4FF4858790EA6BF28
:1018C000C373B939AD92757D8D3549DFA946B761CE
:1018D0008131CD53B22EA7A01909FB34B37E80EA23
:1018E00015846A39B31E95DB831BE8FF4AF95393CD
:1018F0000F301F27DAF2E3C8B8E14DD26EE6657506
:101900009CFB54D82BEB5B1E30099D23562CECCB53
:1019100087F2124745B1996DC09A825673BC4D95B6
:101920006C983520B8165BBD43ABD724DE08E500C4
:10193000C275017E15A79673650F59EB6DB5D85E1C
:1019400022B2F410A0BB08D04AE39327F4881C45C8
:1019500057B2C2A986E439BC86495E6E61C2953C25
:10196000853BE6905EDA5D1FCC24A2AF3E5CC93EAB
:10197000331C69609DA37C471F2C4E7CA8E8B522D0
:10198000BB727BDB8B22A9187D8A98616F758AA751
:10199000CC64DFD70E21FDBE158E88783C65042F00
:1019A0006999204C484978179D0D43F729A1936107
:1019B000A21019288A5454A0935B2B4CD6F7D0D789
:1019C0009CE5A61175FA9448463FC990E065AC378E
:1019D00059690FAEFE928D7E2EE96839C15650C707
:1019E0000DBDC1E30B2F1D4A3037AEE7F3D4198884
:1019F000360812F25496509A8C2A517224338FE38F
:101A0000C47C6D25E4A1DB1A2734F0102D25029645
:101A100084B57E33CF73A4DE8A794C4A7F0153A10B
:101A200031CDF69F690BCF103462B281E7F3B5B9BF
:101A30001626DB35F153F6B748111A61B82686B57C
:101A4000B0AEDD50161C81AB8E9577432D2403AAD2
:101A50003DBB80CA6F2B60FEED74235A51E5C488EC
:101A6000DF767BE77DBB9BE35D9E96AA4248332FE2
:101A7000796BAC263413D7E66D61B7258F49B6E98B
:101A800052C75A8CF7AEC9259B23D1C9467EB5BF34
:101A9000ED6D42A167DB01FEE609748A429FA261F7
:101AA000D0D74474464C3F894BF030D619708974B6
:101AB00042899409FA76311310DC09D8FC4EE0BE55
:101AC00052E5F70008564943F0975972DA074B9AE6
:101AD0005435286927C7F31C3839C5C2CC1D4ACEF6
:101AE000F9F8103E778982B804B5611F576C959D4F
:101AF000F2E0888DB8E3E84BB02A852F57618E500D
:101B00004290C597614701918031144949C840E727
:101B10007A28BC7B18ADF5C091876B80B48DB62652
:101B2000E3716481EFE6226DD38C20AB683C9C8D21
:101B30003A39D0A2C9703CF73923823354F0D41615
:101B400076BE4454AC48D4A21DEBED347E9769A315
:101B5000EBAC07ADA2135ACA2DD6053066C87DEF8F
:101B600044A9BD54D18BEE8D7BF24E9745A4DCA6E3
:101B700011CA7CD49B8AD462C096C9686B1C3E9FF4
:101B8000B486E7404D9485F1532962B17CAE219231
:101B9000DB56217DD85FAC40275EF8FCD5E6B3D696
:101BA0002D6F439532D235FD480A7BABDD599C54ED
:101BB0009ACECA24CEFA3A3190773DEC8683EE2154
:101BC000A2C362EA7BE18BDC9D88530E79EB93E044
:101BD00068D9B96EEBD9F245E5444E4165B8A55BCD
:101BE000EAB0EDDC94840DB7794E552D1578A65CDE
:101BF0005496EA9C8E4F1CF0E39F5748EF28122022
:101C0000C0CB95A9535ADCF3607D3ABB776E496728
:101C1000DFE806EEE9AA4031CD49DD6FBA27C1F20F
:101C2000D2EEAD8F9FE9E16DBAB0953122925FDCC3
:101C3000807CCE4779791949FB8C25EDB367809E6E
:101C400097D6D8486DCE1F41E25AE694853FFA16E2
:101C500047DE4A7870C3568E4FCF44DBB669DB1A35
:101C6000062559B11F9D0635FC6C854F8BC1704D03
:101C70006146F31CF3051E5FE32C21B7F018E7540F
:101C8000A7A4182E514CDA43A7905235C3FE5459DD
:101C9000CF80C55DB4735CC1C051F607D275526484
:101CA00051B2E2652F40690F5A2BA05E66AF8E16C7
:101CB0002179B3149CEC1FCB142B1C1964E7A9C821
:101CC0001252EE6682A91970C65028DA290596D1FB
:101CD000DE60F7666ABCAA4A4231D2EF6CFA280687
:101CE0000498BAE0A858052E81AF1BF81C2AE2BC64
:101CF000C007D263A3D749835D954A4ADBF4EE312E
:101D0000AB9B03C4B3EC5B1AE540BBA0D53A6A13A6
:101D10006519CB1C2AE7F30A29676FA25CE4AEDEE3
:101D2000C0778B68BC0360A4AA2A2975C5266A46B9
:101D3000D62A384605DAC09D86974EED5EDB748A5A
:101D4000B7CE81BEFF30D3A952D6395922BFE70999
:101D5000461CA34B8B47A3FB04EF14178DAFDB3C52
:101D600052ACFA70F4585994BA8C7569A6450BC7F1
:101D70003933C92F6D548D687556D5DC43672E9560
:101D800045DEF8546FF53DA5709E0E41F516F42A18
:101D90001E40B84E0827197BA5619A51B893165971
:101DA0009B1A290E2BD34328FE5EC04EE7EF6CE84A
:101DB00066524FB0CB2E87A5A72C8A286CD7BC10B3
:101DC00059DADA67D59FAC05DC0C76DB6891A8BDE3
:101DD00019DF6B077B497A24B272A82D2B382CB9F6
:101DE00014FECD0F958B59FD25409792FEFBBFC980
:101DF0000D844E22475A2FDAA91595C58B769BA8DC
:101E000050D1B7E09B9F557529B46C86DD6D582F76
:101E1000BE6F304344B1A345327407A17D846BEF9C
:101E20008F3FE92F4929FBCD7B0FF9DC55BBA5740A
:101E3000D9E2CB8BD9DFEF41FCC866D9BECD958BFB
:101E4000BE5CA4BF28A142D7DAC2A771ECEF122A68
:101E500088E353D6FEE4E6C080B5D36CB0D62CA39D
:101E6000614DBEDB2479577272B3FE5B2F60B93FC0
:101E70001ED82B1DFA9E92866CD64F36D2C52EAE3A
:101E8000B3174489A26A40D1A693E5FCB99BEDD76C
:101E9000E8D244C80D6606FBAC648870EFD560CD0F
:101EA000DC290E1E05A5CAB37A33FA16ACFAF0A0E7
:101EB00052165554CA3ED32C965B238187551F9BDF
:101EC000822CED4A4617CE7A07DB5B95373BA3B8E9
:101ED000C4558CE4F11859328A41215493455F3C32
:101EE0005E978F9CAF29E5BF1C10FC7129B06E2D49
:101EF000A6EEB7BB360E582D83710F607D0FC69CC2
:101F0000B2A153DAE884765CA7F1263AAD7DBA45F2
:101F100038AB6D79D005906D2A762DD489B8B6DAB4
:101F20003F263735BA88DCFFFAACB5C58DA1D10E96
:101F30004B4BE58B20D85DA9BC5A29FA21DDD91A73
:101F400088C7D131F237DC003B7A88C4625D016A10
:101F5000AC5B507DA5778F96C39097D57DF1CCC5AE
:101F6000A2382915CAD9C2EB8C6C6E0DD86794972C
:101F7000C394F2513FAB7C19D80370745492EBAC0C
:101F8000051A51D40E702DE1DFF32F76718828DA0F
:101F900074ACDC939C8AD55F9397C1F7CB44DA0F7E
:101FA00081E8BBF5C8CEF333DD0EA24BE9CEFA943F
:101FB000CF600BD78ADE955EB5B2DF4924A25AAD59
:101FC00092F25E5DA1AA6E57F29C0C3F81609C90DC
:101FD00026A5DF958655EABDD7830DEF2FF9961D0F
:101FE00029A3BF37EB218E476FB3EC71B69B6477A3
:101FF00039ADBDECC16FA73E4527A9628C47CB0523
:102000001B5985B6252F73D1E87E44957A9CE86BE1
:102010009BAAC67B2CCAD11C4D7963EBDC30D7352B
:10202000369696D1708C2272CA43EF929D1FF54B63
:102030005E56F98E1309EFF27C2B9B23D3B2EF5D32
:10204000A3BF9CC3447DBBB86C31FBFE09C0AEBED0
:1020500004F4BB9A45A855D47FF2007CD260DF70AF
:10206000AD932EDDDA60375FEBB4A75EEABCD0F04B
:102070006D3C6E3377DA3BDB6C7469DA018BC2112D
:10208000CE2B6B296B309E6FFA45251DB20A7C154D
:1020900078FAD56264EBABFAF569AF7B26D2FA47E2
:1020A0007BD1A7C98CF3DA3FC978E9081C978A1459
:1020B0002E781DE5B4301210BDC0506A033B1ACE15
:1020C000B5B7027CEFD7A8708BB8909E925E6FD8A0
:1020D0004CBF1C7EB4ACE826C15347C6B71FC33EF5
:1020E00057AC6B280D67875E047C9AD77F91FEF80A
:1020F00020B2A3B1B2019D98D7BF60EC77CE1B731D
:1021000055151828524D0E14B1924B6276A6941EA6
:1021100015C9BE7289B6480AE97AC925FAA0B56C14
:102120003ABBE11AC153B38BC7E3B5CFC228994D6F
:102130000D9559BC95DACA54FEE91EAE9A2C162F9D
:1021400069ACCCE6C353525DDFE4A453AE0B73809D
:102150007A5370C49456361FF6AA3D4BC2A7344E2C
:1021600099FBCFE34BC24785B3EF5C12C3F9335DF4
:102170006F3C484F4E4763B243D6206B69CAA814E0
:10218000FC859BEF2DAF8C11FAAB1FD197EED3647A
:10219000B4DA564DFA33D3B4BCABD983D654141643
:1021A0007C47D6F78F7F0B27F3A76DFC39BFF22F43
:1021B00050FF30224A6D2822776B711F485A497EA2
:1021C000171F087762553D7EF7A09CA2B6D471AA6E
:1021D000C94550038164B5C1C141356544B25063FE
:1021E000304E56A49133D4ABF45724EEEB25E108DE
:1021F00072AB1DFA894E0E03FDEE61F71968576048
:10220000502BA3811CA049ECF981F1C339D719D512
:10221000300F71723529AB673ED995F69A80A3E5E8
:102220004B4AA3F72B4A1105522990AED4C15B0447
:102230005D6E117C6706F09DE64762273E227B7A41
:10224000F3042C859F53911EDCA036748DB0354B62
:10225000F7409D35B4CEC0826E42193825602A3CC5
:1022600041C6A5ED4B1BC85E82DB6AC3D3A748EA13
:10227000C981F1D4710B6798C9C3EADAC96E8BF4CE
:1022800081F14F131399464640E1C705DC8D0D04DB
:10229000FE1A814F1B803FBAB7E1E995A75BF81B97
:1022A000F06EA4A1D928AF77791D2CE8DEBDED240E
:1022B000F7A303F41E22F47E4BF89734C0BF8FA916
:1022C00018A48DE7717FAE8F2B640C08137640FC49
:1022D000C2B491F1DAC702E696FD673942EF37845E
:1022E000DE57636D1C9C293233AD95C81A537ABDF5
:1022F000C5B17024F362F98BF58A4A50DF1D4C1585
:1023000079371D773375F65730FC39E300E9421110
:102310003A2DAFD882BE53A57E54A4F5B78A3CD7D8
:1023200002962EA72B245DFDFCB7D938D1BECDFA7D
:102330008F8DF4A80276F3B720D4E5BFC0A98D45F0
:10234000DE110E76B72DBDA1A32A40D34664F7C295
:102350006245E32A746361D866F7B78ABE80F37E6C
:102360007E7DE7F0882626461ED9D95FBF3A90E2E7
:10237000C6D9DFCBEB1ECBDF6081564F9FBD07D6A2
:102380004F23EBBC1FF23605EEA03BE75917ED9645
:10239000E3FC6D6AEDF3D6B25067E1DD525E4D4469
:1023A0009FBC6B61C06432BE6F2035E95DAE654B8A
:1023B000BA003ADB18E07200C0D90D7FE656B0F5DE
:1023C00075912192093E1CA89FAA720DCF45EE0877
:1023D000D97D1B23D450E33F28B243D56AC5DF5DC6
:1023E000E7AE9D4E5AFCEE804955E0824D90789EB6
:1023F000CE941995ECB87C3817C33311E37EB2AF95
:10240000EB750B93F02C91FFFDA465B817A6BAA746
:10241000EE6A760DAF0C67DDBA698724B2EFEB9EEA
:10242000EC94B519AF1F2CE2EF2BDF74CE39D52118
:10243000A948A0B6AC32F58AB4F2FA98AA4471E180
:10244000F5C156B349EBDE74A641AD3F58CC4C57AD
:10245000552D03D47455F532E0AF57ED5F06D47AAD
:10246000D5C7CB80AF5E7564197013750C97CBF52B
:10247000144A1D8A21D14D90C58575C5A2ED3490B1
:10248000E7AA80DD5DD4A7AAA2E12857ADDFAD1F82
:1024900071520572C19AD18C48D7876264A7F57AC8
:1024A0000608711C93F190C4C2CA5039E782D5A3C3
:1024B0006522F360EC7618ABCC052B478F106D1AB4
:1024C0008CAD87B17EB92071F458D1072476B75E00
:1024D000FD8ECA4F04F4612274625E6C8FC9ED0BED
:1024E0001651B4CAEFF858F9B06162FBCCB770FE70
:1024F000BFABC2EF70B3EBFFF116A8EFCB04AC6932
:102500001878B02CB78AF6638B459062F87B0FED94
:10251000575C08C85FAEB773E096ABB9DECAC02D92
:10252000D772BDFD02B7FCA23A2281F37E09ADDA73
:102530002FA151EA0869AEB322301728FDE47F0AC3
:102540009FEBBD2770CB6FB9DE55815BEEE67A035A
:10255000BF3116A664CBBDC7DF84EF8103CBA0F6E5
:1025600083CF2AF264C81390E7010F924E9E0C7934
:10257000028F416A0158FB625FFF16E83E82AE118E
:10258000BA6FA0DB3CA7AFFF3DE8FE015D357435B7
:10259000D089757DFDE793FAFAABA03340A7846E2E
:1025A000328C2B5ED1D7BFF67FE194D0F942170869
:1025B000DD72E8DE842E28BDAFBF12BADDD0354211
:1025C000771EBA19197DFDAF43F70E74D5D01D845F
:1025D0006E464E5FFF22E8D2A1F3CA793C1C08FB8D
:1025E0003DF7B2BEFE8FA18B2BEFEBEFAC86F8E18F
:1025F000F31FD07D49C2499BFBFAC75B61FC163EC5
:102600008CDC4FE4B7BAB2AF7F1D74CF6D1B4C8B1F
:1026100022BF43FED1D79F0A9D01CEB6AF4337E319
:10262000834118C13D479EBF41D7B2B5AFFF08A453
:102630006319847B1DE6F91BC97F2774DF57FFFBF5
:10264000BB4F3A7FF8CEABD01D85EFFF04C377A117
:102650001BB6BDAFDF15BADDD07D0C5DE181BE7E5E
:10266000A783308F8F79B705FEAE84EE247497A1CF
:102670007BCE06EB05BA6FA1CB86E953A0FB1EBA51
:10268000AB0D7DFD7DD03536F6F5B742B7A509D641
:102690004B337C0F3AC7CFFBFAE742970EDD7EE85B
:1026A000469EEAEB7F19BAD4D3B01CD0ADFF12D24C
:1026B00004DD67D07D0FDD9B67212EE89E3AD7D7DA
:1026C0001F0E5D0274E95F4159806E0B74BBA1FB64
:1026D0000CBA2FA17B08DD375FF1B4AE3AFB7FEE79
:1026E0006E7EDDD7DF039DF3F9BEFE71D04D862EE1
:1026F000EE87BEFE6BD03D75B9AF3F06BAD7A15B82
:102700007F03F207BAA3D07D06DD69E8907CCFF89D
:102710008C72C482EE40D1E83197841D483895848C
:102720009D49B890845D49780B092B49780F09FBC6
:10273000917023094F26E1AF48389C845B487806A6
:10274000097790F05C120627F8F0CB24EC4CC20914
:1027500024AC24E15412F623E16C120E27E1F1249B
:10276000ECB6387072E8A4D0899327672831BD731E
:10277000689CFE1579EE24CF6FC9F373F26C244F79
:10278000009E4258A09341471327C43D459CF04703
:102790003DF24470B0EB03621CA38CD4CC8FD6CE38
:1027A0008E8E0C513E1A8ED3CCE3233CFDFC5F434E
:1027B0008E640A94D322A6BF385313A799C9A72BB6
:1027C000A767E5A727657AE72973748949CA485D31
:1027D0006E5A4AA6323A33392B2723312F2D2B93A9
:1027E000BCA89CAFCB494B4C57CECECF58A6CB09FB
:1027F000510AF810EE3FC1F31834824DCB4CCB8B0D
:10280000CACF6411CADCC5694B7D53133393D275AB
:1028100039420913B3B3D3D3589CE3F3A989397967
:102820007ECFA7E6E6C6E7E625E6E9E23312D9D48D
:10283000B44C9D2F8BF2F1CC1DEF03F3C8CBCFC965
:10284000D425293D930821D110BF3239312D5D9710
:10285000F49C323B47979BAB4C54AED0AD56E665EB
:10286000A1E02A5D26A20CE2CBC9E3E56C6EBA2E8C
:102870003157A7D465E6E6E7E89479A98979CAE5EE
:10288000F919D9BA9C5C654C40E0F3318101CA4426
:1028900098C066E5E4E858883A2B4739D177729CAE
:1028A00072D6ACE9CA5559E97989293A5F5FDF01E7
:1028B0003E281101B0C869AFA765A628A76565E5E0
:1028C00029A333208C1202219847621024502EC86D
:1028D000598D20217929BA3CE532949C869357A5DD
:1028E00025C2420AEFB92DF68F715B3CC36DB15F13
:1028F00006CFEF5C3EBFC8C8793C22F2E7B638028B
:10290000BE148519E038109E9B989BAB4BC2F48D8A
:10291000577AA6E72B33727D06DFCFCB4984D502E9
:1029200089807909789433FD95D321BF75CA85894B
:10293000AB95B3127357E486207C0589AB51604197
:10294000E2B2741DAABECCC40C1DF893F8EC857CD1
:102950008480CF533931383744E9F79A272F829151
:10296000B322707CC4CBD181F1F36746C469E2E73E
:10297000CE99B720DE8FC03F193FF12FE2FDFF2235
:102980003E80C46B264D8C8F9E1E317D86860FC780
:102990004E0A8C9F181F3910C387A31F0BFB3F9152
:1029A000EEFF447AC013E9014FA4073E911EF84898
:1029B0003AA227F2117A06F93C3D2B33392D253FF7
:1029C00007CB7E88204F90AFF1BA4CC455E594A94F
:1029D000CA8941F9241EB523DC34929272E2510077
:1029E000B70A0058842B1EBE95FB38BC12FECDF4EE
:1029F0009F309F85F8D9D4ECC4A410A5A7D23F5F1F
:102A000009213D59E578CF7CE58B69D37C1C319C4D
:102A1000920063BAFE27380C39337AD65FC079C585
:102A200093F69B93A79C3A55E9151F9FEECF077924
:102A3000BAC6E7A765E665E7E5C4E7F9F0A0BACC52
:102A40002444797A1A541859081846F07A2725032D
:102A500035DE3F6713F09C1808C56BBE46EB991432
:102A6000EF090B97959C9C0BDB139437BF897EE98C
:102A7000AF415D90BA3A172A9674259278143D3981
:102A80001D49E262D81AD0FBBE9E7E93D2F39742D4
:102A90007D90959E98139596A31B3FCF47393F6B2A
:102AA000BA7206227D7E56725E01D20350A1AD4AF3
:102AB0006375B9CAF133E6CFF7514E50AE829A0230
:102AC000520235902FFE3F6195BF9F7FA0AFDF0B75
:102AD0008EB3E646CD57CE8898F96F20CAE73111FC
:102AE0009139693065303517C6CF4A9B10A78C9E47
:102AF00031FDCFDE993627625EE4D4BCD5B95919D1
:102B000013E0BFECE45CFF497E798EE3591FC89463
:102B1000ECD5396929A9794A7FBF89C113100510FD
:102B2000159B93051566B6326AAE3642A9811A38EE
:102B30002909AACAF9AB73F37419B9B048E9F9586D
:102B40000BFB3A3AA66542FD969D85980AD5C09C36
:102B50006C5DE6FC69D14F16EEDF737A01E5E4AFF8
:102B60005C08F5A92E2753199996929607393C5D72
:102B7000C0959509710BFD4D7E5A7A9272B07F42D5
:102B8000E13C65415A5E2A54BA3AA857D3D3B30AF6
:102B9000784D98959E3B50B190889CB45C7655508A
:102BA000E084FCCC15995905991374E9C91352585E
:102BB0002864AFCD4D645728B5B36395F3A2E74FB2
:102BC000878C1B28A376FA74E578CC805C5D461A66
:102BD000AE3D2837B959B0152D4374F83CA7840889
:102BE00097A5E5F92827FB06F8FA39A27C102248B8
:102BF000E2FF1DB4FEBE01FEA8EC8FF70742F53AD6
:102C0000024123F39A1A00D49D3CAAC7951179B0CA
:102C100096B2F348DF90AB4B47BDCF7CA83AE64570
:102C2000223DADFC8F703A840E438D1F9F9BF6BAF8
:102C30000EB6AEDC1C760EDF26BCB0ECC64390F8B8
:102C4000F99AE90BE6CC8B9F1FBD483361A28F0F29
:102C50006AA17EBCC618782F7B3A1C0BE0975044C3
:102C600056326EB001FE30E5B13796ADCED3C1AE6F
:102C70001F36D029CA3FC10E94B348642EA4345DD8
:102C800017BF2C3D8B5D118FC608B01BCFCFD4BDB5
:102C9000960DE9D625A5AF7EA24F1FA0232937EFB9
:102CA000FF84FE5CD24E9FCFC860918B4FCC4E43C9
:102CB0002AF29172CDCF61FFC76281F18305FB5F7C
:102CC000E55B47FE500B9F30135608C4AE4CCB85D6
:102CD000CA311076BBB3D2A611C19EA5CB5800F95C
:102CE0003A1E8205F8FBA0F11A849F91F6BF810F6E
:102CF0000A44F00B73D2F2903A828C9A9B9887DB4D
:102D00001FACFFC4F47425AB4B4FCF1D683F5095EB
:102D1000C1EA43E216A29C9EAA8392AD836A5D0932
:102D2000D9FFE8B00EE957362B33E97F0424632B33
:102D300092174AD329E1602959C9E6E5E0C1515803
:102D40009867EE9429037A392D3349F71A948988C4
:102D500079F3225EC10C1B8FC0A7E7E5F023908CAE
:102D6000ACA4FC74584D49BA65F929B84343C9105D
:102D700019E9CF94FF1FFF860EF47F9ECA807C4F17
:102D8000CF81F6B558182FF1E3F789194A3CB65AA6
:102D90004A5E589096A1CBCA876331A8FCF261B312
:102DA00042CCF1845C85AC49CC4984A29A83E2F19F
:102DB00000130FB49469423BD729315C3EECF851C3
:102DC00047B430310D374EC41BD8F943B8DCBC9C36
:102DD0007C5660E9F88CD5A883894E52864DC50D86
:102DE0006746041CBDE051898FD20B8ADC40FA94FF
:102DF00027D20331FFC6A7FEC7B753FFD3BB7F3629
:102E0000DE9E3821F079443A1E71C33A286CE2E71D
:102E100029D7C973EE31FEF931792A8F93798C184D
:102E2000CCC54F19790E234F3979BA92279AB588B4
:102E3000F8990B72C349DC33D08D20331B8AA4610F
:102E4000F9C84D89CF5B9D0D473FCADCECC4CC3936
:102E5000C9D1D969F37429699089AB1F4B874D306B
:102E60006D3069B110BFD457F845EA3D334B49A6E0
:102E70001CB04AF2A1C4A38A899E1B0D470C4A8C40
:102E8000C833FF3914C7C2313F9C1AE4C0BA4305A6
:102E900054F29C0C7944B43CF351BD67400980C3A3
:102EA000F578DC1A72513A1C51380EC627E9D25116
:102EB000370F531E8F4FCED1E93038898702969B4A
:102EC0009FA18363B93C38CC41297C3C2C547C2E97
:102ED0001C03E50E648DE207DA171C49A179C3943F
:102EE000C1FA9D1D3B2B7EAE46336F3E78B47DE527
:102EF000E6662C7B1EE2C23FE2D3786538F8FED846
:102F0000A9CADCAC7C58E8C7DAED9C7C9C323B76E5
:102F1000E6CC27DAF354C4B2F859112FE3ECE6C437
:102F20002E98BF20627664F46C6DFCF439B3E6CE63
:102F3000D42CD0CC7FBCFDFF2FC101828B8C5810CC
:102F4000E18BCACD666564A7EBF27470A288D02CC1
:102F5000F5CD27B39827FB55547F2FE5EBF2D1B879
:102F60000C4D6F90D2CE55862B3DB37DC8FC693C8D
:102F700029E8A3ED043647BE95084CFC9356A29C65
:102F80009D85040F4A03D4042B5116CAC5709017AF
:102F9000E699B414D781085052E4C1062095304018
:102FA0002405144D89C4344351B488C69E18501268
:102FB000290D3D002304B9C6DDE1DCD8F8D8F9D3EA
:102FC0001E0BC3DE852F1F1C0E4E402A0615459989
:102FD0000D2526F7B98120EE3CF9304E41721835A7
:102FE0003362FE8CF8C879D170068474D1A3B3E340
:102FF000E4C4F45C1DCF08883704A9253C7D8E808D
:10300000CA2B07357DA2D5431C659EA4E7408C8062
:103010007DCD5C28FF7933FDF14C00CEE872F9D10B
:10302000F75FA6E379222F77BA0C367B753C9CC4F8
:10303000C6672765246278C4D3F9BABCF948B508D5
:10304000F2F4647CBC062F238079F999D18F2E1578
:1030500008F06C3ACC103688BCF859F3A3E7127923
:103060004943537308B5200BF776B37253A233B1BB
:1030700038F0F8E7F21D4EFCCCC4ECC7C25A5D1E16
:1030800052F30372379D6F82D1B8053E228FB3F899
:10309000261B815A38F8F7F848BE85FF5B3CEE44A2
:1030A000A393A71321FEB7F428A8018030A29807A4
:1030B0004742D350B53EC217148FBB799C301F4F87
:1030C00099A19CA22504BC82109593958160703BC8
:1030D0004ECB4C4E87CA063519D42909740690BFC9
:1030E000E1E4EFC9F52A211C38E9F1B09FFF63E163
:1030F000492F6428C1FF9BBFAF7A28C73F8B1FF5BC
:10310000773E5E58D1BAFE17708E8564FDAE9F7F04
:10311000D293C063700924DEFDB9C7E3B349FC91C3
:10312000BF3D1EBF96C4F7043C1EBF85C47FE4F3B9
:1031300078FC4E12FFDE137884BFF12AFA4FE37D4C
:10314000DF7EBC7C85BD7CD8EBEDC7CBF9FD1BA435
:103150005C245C4AE0FCC31E876B799D22FA86D012
:1031600045E0DED43E0E77F7101F1693F0C704EE4D
:1031700019F2FE3324FFB8DDFC9321709F1338351C
:10318000C1F7E56B04FF6AFE292170DF12B8917F59
:103190007F3CDF6F56F161A9C04F02D7F944393E39
:1031A00022610712BE4FEA3D35E671B8D2683E2C67
:1031B00013CADFFBE7F2B18EE44BC69D68E89C9929
:1031C00095A74CC94984AD384999C8B2680910EA35
:1031D0006EB2A2F9F2AC995811DE3EFACF9FFEFF13
:1031E000ECFE27F9FD28EA71F94DF80BFE6F0E7B16
:1031F0005C7EEFFF453B5E15F6B8FCA6FE05BE6C97
:103200000257F8360A00108E9EE900F8A1672A1FBF
:10321000EF07E38F50F5335CA880D52F50015D4751
:10322000A880B45D20D43C9E0A959D02A143CF00A6
:10323000B7D802E036DA4ABDB4C1ED656FCA6D7425
:103240003B084896501337B8C50583891B766D0B2C
:10325000DDD846B95D1C495594DF056E17FCA959A8
:10326000EF54949F07A7364C78A7E27C35A89F16A9
:10327000078257CDFD3074783CA83FF13D70931C18
:103280003C1B2A3907EABB7650F52762A950C728AC
:10329000E80EC11CFE4955C466003797A5D4D71067
:1032A000F7A720FA9DBD1BDC62B7C11CD7E0DF8702
:1032B00019047583725BE403A120ADCB4F03B7B84B
:1032C000EF605A400CFC159B0621779150C0B50960
:1032D000B02CD0ADDA4C45BF13EA08D32FC0526CE6
:1032E000B6E2BC0E9B3F012F6DA8286F076E17BD7D
:1032F00021BD3EEF545C080613DEB1ED7870B48258
:10330000CBFFFB84F727BE7F7848012CD5B3949B75
:10331000B51F545CF83BF5D246B7CD3F8359EF4C0F
:10332000DC58F1F3BF40FD9C6E2AA0B9863ABCF18F
:103330000F2AA020989AB4F1F0BA78EAF0BA5F6048
:103340001EBB28B74B69A0A2FC15F4CEC54FF87779
:103350002E6CA5DC36AFC6BF434D106AF42F54C5A2
:103360002235A87009A1EA7F41E5F81EA6D59F3E47
:103370000D2A6297C372D49150407234559F1F0D2D
:10338000CB7110D27978DD6980F238BCFE26C4504A
:1033900041B92D7C03BCB4B122F66FF08D5F316E64
:1033A000B7C5A120E0C5142AD8B4F2A49BD47BE30E
:1033B00027EF1F36A5509F56BA29602916C2D2C4DE
:1033C000FD9D5ABAB142F133F87AE3D48D6EF1FF24
:1033D000020173DAA900ED542A74632B2C8915FEBF
:1033E000AEA50E4B7E069FFCA3E2523A70B37E045C
:1033F000E95E427DB7D1EDD21198D727B0449590C0
:10340000276FE2DF9FFEC3CD0ACB71490D4B1D82B2
:1034100061BE2730B00CD63AFC3B206511A41EBA21
:10342000026FC88F4FDEF748F9E47D3AE5C0FBEE46
:10343000CD57530EAF5B481D2B50792DA442D76951
:10344000A9AB05AAF15A0AEDFF3A96A2527B53871F
:1034500037D8A8E282C3C61FC1A87387D75BA9EA81
:103460000295AF953A6C0EA68C292A65B028744354
:103470002DA5F2A815A9F3D6E52D4F3B9DA65EBE5E
:103480006E79F21B27DFF07AD3F86672C6496C7149
:10349000C8D62E5B6E311524BB9FB0D9520E5B4C43
:1034A0000BAF2F3961EBCE9C62317907BB9FB275B0
:1034B000CFD96131D5CE5F72CAB670D84B1653B72B
:1034C000B7FB195B0153613135AF5D72C6D6AE7F74
:1034D000D662B2BDE7FEB5ED52CB628BC9FAB54AF2
:1034E000C900950703967C5D5CB8FAECE00D97E89F
:1034F0007E4BB4CFDA3DA2CEE06B0E95DE03AE4D2F
:10350000FE06F9C36E119BDF0C964470DE4B9AD811
:10351000E18EB44506C487CDD11115261960533A02
:10352000915D8475061A9D843BCDCD36067031D4ED
:10353000EDB9E0C55071247591F3E26E379EEB76DC
:10354000138B7B666FA5624E9B43879881C5B14301
:10355000F442D5599C36FC9EC52C131F968646D83E
:10356000AF3FECAB589804E412D0132AB94757C4C4
:103570002681F798D3E563FF512195800DC7A7E514
:10358000C939032DECB742BBA0E7954F5B8EEC2EFB
:103590008E4DCC9A0B22FF6C8F342CDF4ADE46888E
:1035A000339C3FEC36542CBC48556C0E0217A024BB
:1035B0001BA98A8B126ABBF86B60B9C85B5CAC96BE
:1035C000BA29509ACAE50E943213A592A0A7941A6C
:1035D000ABDF0E7F21FB8A16C541B074A34ABC172E
:1035E000A8145700BA71CF22CD16A90D6C7BF348F1
:1035F000749A2FD4D81CEEC15963D1B9266ECCED84
:103600008EF85F9E031EDCD8A8DB1D0D37F4DAFDB3
:103610004055D809F40B3F04DBE1D33DB2E29209F7
:10362000A88AD0AFEDD0D76B3B81AA18A5B782EDA1
:10363000F0B9844FD7A35FDBF5283D90521950FABB
:10364000386A3B7CBACFC0E91CFAB59D43E995299D
:10365000A27AA9D82E16F509BBFC693DBF1BD97DFE
:103660008DDA60BE3D2589D2201813CD0E1581411B
:10367000982329952947526EFD77B175F58FC29E23
:10368000B3293A8C4DC4C28939AD4716449F5EE9CF
:10369000DBF99CB3E4A6FFFD476EC86BBD1D3ED2AF
:1036A000EB6A8267226F511CE694A8361C99B3A975
:1036B000797CE2EDECAC6D2A3FB1784A52654ACF95
:1036C0007C18937A3B7B4E25DAADE7FEA6F9DC1633
:1036D00076F27C593BCAB967214C4BBF9DBDF13D89
:1036E000D514B158EF2D96AD2958A378B0B13A4111
:1036F00035BED381A746B8112AE6FAECD6792D3E1D
:103700000B569FD27B33B23A0315C995DC68D6BFFE
:10371000C0005FF3ED8EFE4EB521F616BA6B0B4A74
:10372000164870521B86DE12D9CCB4FCF531C0E7C6
:103730000B7DAD4C5A5FF00058BAA509F5ED5AEA79
:1037400083E35E1C6D1D7AA63489D86B98AE384130
:10375000A3FD40B6DB1D6FDF81183ADEBEA9364CF3
:103760003A31901E41D28FC094DB9B7656BEB9EDA4
:1037700078257B640507F1145BD5066A00932E8CCF
:10378000876C3B78BBE3E79BFA1D3269C0EA4F8048
:103790007CB52C21202D9A6287CA00C2FEF75BBD42
:1037A0000B551F753AE86BC5B20715AA9D9D0ED53E
:1037B000D9C85A1F7FEF08BD1CD9AAE1EDC3CD6E51
:1037C00045659FBCBACEE46B16B3FBCC72467ADF7C
:1037D0006210DF971BA4528B947160CB4C80D2BCDB
:1037E000B093759401F744D6E44D5D4EF0E22C069B
:1037F000E9FD33B6B330A7F89BBAEF1EBFD184BF43
:103800006B406D70C8DF10E568B4766179CDBD0D91
:103810000A678CB8E101DF185E58AC756F7A57EB18
:103820007EA25ABBA409C53CFFAB70B33BB28FC7A5
:103830005BC7F3EA11EED098A2DB6D2E82B2A536FB
:10384000F89B0D2CE48F11D5A3DA6891009A2BD93F
:103850007ADC22D943BB27D4700A8D08EDDBA2B7EE
:10386000B0670D8A18F8DBB18EB91D4EBF6585BFF4
:103870002DEB968B152F8AD0F92491153E2D252BF3
:1038800068F62BB1D829497101F3FD9ADB9831E034
:1038900076B8C71BE35EE37CE462B114F1C0621248
:1038A0003BB0EE9D343ACB4345D57090D63D77166C
:1038B000D41991CDA945DCEDAA79332A4AC680797D
:1038C000469CD211BFEB27730D17634450D4AA3A1C
:1038D000C39AC3D5F9B321D45D4DDAA7E8964D0854
:1038E000AFB972E0374EA1C3742E64F58E0061B992
:1038F0003B9D4FCD99CEA9C7D87EE392392165DE95
:10390000343EE57C04A7F66C60B768A938881DB61C
:103910008B8EFEADD5BA57714E895975DC56DBCB0F
:1039200011C112D87BC599A80A8589821A68B40981
:10393000DC79E7C2C6A6648B51D2E1B6D004F23777
:103940007EB711ED440E2B47A75FD0A9177433AD96
:103950003F67855C83F2F711D2D2E816628FFBFBDA
:10396000D605990F196E97DE052FB43525237B51A7
:103970006AC3ED427F6AD08EAF0DE6E5A6E030CE99
:103980008814B7580E9D98EC58BD61E906957217DA
:10399000D884EF89F1E09EBC29C6DA86726A5B188A
:1039A000C7DD2EF578436D90DD684A8EC1F7CCDE19
:1039B00006E783BFD6DEB0F1109A380441AF561B3C
:1039C000460C4284D3E826517AA9CDCA607A1723DF
:1039D0009863AB1EC3D2D134B249FB926DCD8268DD
:1039E000DBC4951E0FBCBA62EECCBE35EF465CDB85
:1039F000A22B3FF55CBD7FADF3978EDF6E06992558
:103A0000BDBCFDD3DB7BAE24A90D8A15482A4A46EE
:103A10005B8650B4620AFCED34F3A0C59112599C48
:103A20009A28F9D022DA32B488A27CD857911D475F
:103A300056D2092E2C6434AC4BE730459A08ED5F22
:103A4000768BDD896C6FC136B7E7A50075EB224434
:103A5000795E758ADAF83D17067F57678EBDF1FFEC
:103A6000B4F735C0711567826F4623EBC736088EF1
:103A70001F2764F1332022198D3423FF20B4B6D1DF
:103A8000DFC81AD0C813CD089C60183FCD3C691E12
:103A90009E99379E37234BAC6F7158E263AFB27B70
:103AA0005C2A97707B771C95BD4D652996F5529BD6
:103AB0008573726060778F647D59EA36CB51A910A7
:103AC0007C24502475875DD4155009F15C7FDD5F3F
:103AD000F7EBF7E68D6C25CE5E5DD56BFBE99BEED3
:103AE000FEBEFEFFF9BAFBEBAFEF3B4EFDCFFDF99B
:103AF000DBD96B5B2F7BA8364F6AF4999B5E3B7ECC
:103B0000ED420BC8376F61D47F51DBF89DB1BBFF2D
:103B1000F5DEEC351F063F35FA1F5E66ADE40B2A75
:103B2000691F5BD8EFBF51CF9EBAFD4D863D7ACF5E
:103B3000D687BFF9EC3BC7EFC7B0CDB746DF0E2E37
:103B400095FEC56B54D7E1D9739BDFDAFDF65B7B3D
:103B50002B93D9CD1F84BE5683B2AA04126FB03402
:103B60007FE7EAAF7D213009A1447BC8C83249E72D
:103B7000CA13873FFDE4F11B0835C6FB49D21E3F3F
:103B80001988FDAC7C47F5C96AE7CACF8C3BEE7F4C
:103B9000F2FECE43EFFCCEE4D1AF1F5DF7CFDF29BD
:103BA000F6C2EB232CBC2B622FB05F7F7AE5BDCF32
:103BB000B25FBFBFF130BAFDB433FEC2CAE1ED4A15
:103BC000E7713657DEF1EED6879F7EF8ECB9B37F0A
:103BD000F75BFF2D3009373949DE376FFD7DD1BFE7
:103BE000AE7FF2F81DC7BFAA432DFF499DA5A63B96
:103BF00070F6892F5DC15FCD63FA29BFB6105C6096
:103C0000FDEEC1FFF9F6B3F71EFE6A0D28BEF0F611
:103C1000CD1FC3DD49FBE6E4930F9F3DF56220FB1A
:103C2000B9D6E0D9535BB66F3DCEF05A7FCC426E29
:103C3000BD8294EFFA80E76DBDAD0F7F1D4BA3FBF6
:103C40008FCF3E3187E6349AFAE575A57EFAE5D343
:103C50002FEF3A5D3F5F3F7FB6FE66FD8DFA2FEA9C
:103C6000BF78A1FE60FDC887FFE56CFD5CFDDCE56B
:103C70001F9FDE757ADBE9BFAF9FADBF57FF65FDC4
:103C8000976FD65FA87FABFE61FDC3077FE74775DF
:103C9000424E3EF28704B60D3EF8439CDE830FFE93
:103CA000BC011FFCF9167CF0E7087C47EA47BEF52B
:103CB00006F8FF7A01D8A7B5F1126C328963E8944F
:103CC000990D4F16342B4F8F8B95E8E0B6ED3B7670
:103CD000DE3A74DBE8D8F8446C32BA23BA3D0A867F
:103CE000AF9FC627F786A752200753D52B0B5A56EE
:103CF0000F275213B0942A8B6D23A7FC00489C48D1
:103D000002046AB2A297E9AE371CF164CDF28ABA16
:103D100050318B54DC8538C0B9355D3F975355B36E
:103D2000C20303BA3938D8538B5AA9A6150A2B2ACD
:103D30001CD49170AA06DD5EA4DBB76C9DBE3799DA
:103D4000CE4C123B2427A567492871F0ECE9C53D0C
:103D500048715E0C9230491102DBABD7AA2C28B611
:103D6000372EC21368F15CDA9C1E1B65078522485A
:103D700035ACD668EA50284010379E9F52A12526C0
:103D80007F93273FF58ADAD39D63DBC9BD5C148737
:103D9000D1356CDC3973404A62D1C8D293BCC8D0EB
:103DA000B2BA64A9FC88933998150A9DE1419E3303
:103DB00077E91563612501E4529092DC1054051CEB
:103DC000C32B286F55A60244F6B637C94664B9BB63
:103DD00080E50D5528AA3E6D920ACCC829E5EBF581
:103DE00076DCE7EA42A8221C42388270AAEE5CB771
:103DF00037DBDF9BDA7371FB7B27CD06F7248AB8AC
:103E0000311844D882B0D53E4752D8C614B3B72132
:103E10006C47D88970BD0B7F03DA3722BC1C611751
:103E2000C22B5CF857A2FD2A845723BC06E1B54E8D
:103E3000FC200D8A9D65FDB38BD827BCFE595739F0
:103E400035D9177968CAE97EF4F34EBABE93CE7DB0
:103E500098937B9DFB2D1C3FE4B2B7BAEC7C9FAFDF
:103E6000F282E2D8CFE3FEED2E7B87CBDEE9B2AF64
:103E700077D937F07DC4DD0C75A3CB7E990BFF722B
:103E800097BD0BEDF71F66F62B78A3F9B7B82FE9AE
:103E9000C2E775F038EE27AA70F841A582769677CA
:103EA000EF663F0A05670715AE705E7224672E66DF
:103EB000509A402D9A64A034E9E888E1DE0387A592
:103EC000D17B550A07116E43B8FD5EBB7F13BB4A19
:103ED0004F38E004B9B4A87339987BBAAD7B0116AA
:103EE0004CB34C3B71D5340FB11F46F650B7A5F615
:103EF00014B565C9DECB82ECC982F8C22D6A490DC2
:103F0000477BD55D6A16A434A4F3BEA2616507B2EF
:103F100019AB5A9BB7A8DC0345900908BD1C4EADF0
:103F20009861C3C72AE1C17CE13AD8C16344297CC6
:103F300077402C1E321EC2F109197A204964145FA1
:103F4000320FE9397B4455E13CB4A92F4CABF53A2B
:103F5000690B9B7DE8C37F0AD8D5D51E6A6F0F8594
:103F6000DA831777DEB3D335DF35DB07DF8E7807EB
:103F7000D32C9CC867187C0261D72C83C7102A9F5A
:103F800063F091BB193C87EE9BD09EDFCFE0A39FEF
:103F900045B9F224869762F023C40B48695324493B
:103FA000F316498A3C84F3412BCE03EB70FC6FC3BC
:103FB00071BF1DC7F3F5388E6FC0F17BA387843ABC
:103FC0009F77F8FCD2A638E46D06A3B73ACE170760
:103FD000A311A73DB2CD791E79DB4E660FD18C407F
:103FE000CA0390DC36089F96680052D5427D21EEC8
:103FF0008E568E62FB0603DC2D68FB02726B2BFF74
:104000001568E5C1B75164C872ABF865071510C9EA
:104010006869E5B32E0DA04504404B82FDA2054A18
:104020002960BA0C40B906DA4472DB855B47631C31
:104030007678B4448322A5CC1A12E9A3D707D6F127
:1040400040837678B6AFF8D5D2EEF06D6DE6DB94AE
:1040500082B979846C8727E5431453C85924B46D19
:10406000D8251E12A5E199FA75A2AC02CE02A35181
:10407000AE73FE6A775A3DF002A2AC685548B1793A
:10408000056567A6A5B1F9B06CB9ACA235D9D96AF6
:1040900069E32107DB44C86D8E7883A281B43A734B
:1040A000190C38293A3CB2D0EEF0F00CA059569BCE
:1040B0004764E73CE4A8AD80D2588D5285B6782499
:1040C000CD8EC8D5E49B16449B331FED3C7DC1F6D5
:1040D0000B9781A07535815F21D32D8E2E1E083957
:1040E0009B72A8B165B7B8B24A7BF23A477B762596
:1040F00023E895E6C01A72299550C79A1B7550643B
:10410000A1D569F568E32D1EDD4FAAD0F60BE712A5
:104110007E853A1A5B4470D5F662D3BA1ABA2BA8D8
:10412000968B68E87678A20C5A15471BF71AAA5A9C
:104130009A359A9666EDCA6BCCB16983762E21B911
:10414000A175DC634DA314FBE59A3514E7502526D1
:104150000CA9138744A3569A4C6DD43764CF6FC112
:1041600066F39B6B86B5A7D4104769F5988EEDC9A9
:104170007ABD7316F79CE39DB424F620C951885488
:104180004C1B59836E24EBC04F285B94A832AA685D
:10419000CAE79517492E3E1F0049BC4028B02ED0D3
:1041A0001ED810E80A6C0AA8814860247050F02AD2
:1041B0008160B0A525146A6D5DB7AEADADBDBDA380
:1041C000A3B373FDFA0D1B366E5430EC7524F476F0
:1041D000127E27E1793692B5E815643D79AD729D7E
:1041E000B259B951B945D9A6FCB632AEA494AC6265
:1041F00029BFA7FCB1F2B2F2635602C0C75D71A538
:10420000D2DED6B1AEB3757D6843CBC6E06581CB57
:104210001D7C602000B143FC900248432B6B810160
:1042200056B27C9DDE87702B422EB8DB833F5674DE
:1042300026EA553215495E5A5126CCA26694BA73C5
:10424000EA8C56D485E42848A132013FE14F3796E5
:1042500040E491FBE79CFEE06549F4FCBE8DD59DF2
:10426000833B68020F246FCD52776430C7317119D8
:10427000BD1CE63F80B63B9B60F4D938C2598477B9
:1042800023DCAF38E29FD197ABEA682E07426D720C
:10429000A8C85DBBF02A8B5157EC9E780933A73B29
:1042A000F393089395AEDEA9A410CE71C82E9D0895
:1042B0005E5E84935AB16675D84D7496EBB10795DE
:1042C0006391B272EC427271271EA438C79E40C837
:1042D000DD9FB3F7D78EB9EC74EFE3946D3FA5384B
:1042E000EDCA55B01F67DB5F559C766513C851B9A1
:1042F000F6EFDEAD7BAF539AEDEBBDF494E258E7F9
:104300009C6982F7F47714C77E54B9C9BE56E83B5E
:10431000CA45ED279E79C319EFEB4DF09E7FCA1970
:104320006FB3F49D423C03EFDCC03638B5E70A3A80
:10433000939BE63B3D28B789EE20CE3F6956E65277
:104340006353266C908C66ABB02DAF942B3A0D2244
:1043500067B2906023B96094C4FE7859AB58BAE450
:1043600050B3E673452BABD4B44A3563D52A15BD9B
:10437000940319D234DCC504F9579DDECA54C8DF52
:1043800092B5A057784A527AB5564E26C49E23B7A6
:104390003BA54CC9B251AF98F27DA209D2880BA6B9
:1043A00096E376BCE32550205FF47E62A562822806
:1043B0006BC2957F7A65AF56E63B614A5ED70AD5F8
:1043C0003C2925E1C2CCBC5E73B8548DD24AB6609C
:1043D000083793C46BCDDB76B8BE28E35B8BB9A2FC
:1043E00026B9C8DB6FBC9EB8BDA7665F656870DF85
:1043F000D6C47DB0897B94B983D879D92C145CD983
:10440000E2F5259C61D884C2216548EF67F07224EB
:10441000766C22E36621C75B159567862BB650BF85
:1044200065B04F6A55AD8072BE5057E978C2E272EE
:10443000BFB44E33C9E9F8B86C1FAB59B472E66823
:1044400054B67B22398774C9F1B8CE1342E5AA4924
:104450006278BAA88436A9FD19B314CEE26F30B6DB
:104460005DBD7B7C8CB63F9A6938E8A162E628D8AE
:10447000DC8903E516BABF6754B98071356F547291
:1044800070D0B33250247DE901F6B75FC849B7B6A2
:10449000B2992CD8D286773FD65FD43853768D33F5
:1044A0009B9A8C1F07BEE5ECEF6A13BCAB108FEF35
:1044B0004BF420DEAE93CCFD79849D51E73EF9505C
:1044C00093F0EEFAB1E2D83F9F6A82577D4E71ECCD
:1044D000AB279BE09530BF5D2F32FFC7503FC0C870
:1044E00039947F4678106119E1A97F60F05584679F
:1044F000109E43F82886F3581FDED7719CEFD9F23F
:10450000E28EC33D76AE54C4DB4D78EC64586AD17C
:10451000B0F0940FCEB696B4424D577BF8F916C062
:104520005E7BBFBB817E5A2F2D56F3F4444C3E7FF9
:104530006BC0C333BBF1D971350B12F478CE372180
:10454000924A6F53C19964771952DD5DA6F773ECF7
:10455000ACD0AB83781626B690F14A7CE33DFB3EA7
:1045600035AB954064D80EA0539C3FB214C1FD9763
:104570003ED5582C99FC3610BB4721E354E8C5239F
:10458000BD42A2A071AA73C052E9D06159BB229D5D
:1045900051852943CD1956D62C95E85183BCC3BD0E
:1045A000FAFEE2F3FDCA45ED2F7EA5DFD91F146C9C
:1045B0006F5F7BDC39CFE6869DFDA10BF1BE8CF4ED
:1045C0001FEC637027E289E4DB69775C6DB37305E8
:1045D000D74E7BC6D3B3D3617A627CB8665449B3F5
:1045E00090714558F48479152216EF4422359E893E
:1045F0007B5D69E9BCF03832DB7F71FC4AD0556ED7
:10460000CDCE2B9F0F33BC837F71BE7E3FF996C802
:10461000F745F21D25DF43E43B4EBEAB5E3A5FAF8C
:10462000BE78BEFE9517D96FF86E20DF4D7F77BE3E
:10463000FE3CF9BE4FBE3CF966C9F738F98E91EFE2
:10464000775F2376F255C8F747AF92F0087C867CF7
:10465000CF91EFBEF709FCE07CFD7502BF4E60F91B
:10466000FF30086E1B24B8FFC3F3F512F98E92EFEA
:104670004BE47B8C7CA7C9D7F5D1F9FA30F916C881
:104680007742A9D7FF967C0702F5BA12AAD73F2036
:10469000DF89967A5DB9C466A3DA9D95CEA48F545E
:1046A0008C6A552FF5494EC02191714C9C4D3B6F42
:1046B0009A89FBBBD0536D410574B6E717D27B0BCB
:1046C000D0AF7B1C8C433FBDBE48C79A1A6B47E5F1
:1046D0000CE1FB81C7CA65E66B0B84A1CA1825D023
:1046E0009DE0BEDF26E2A5E10D3843CDBAF8138C7C
:1046F00066F76E35B57722319A894F4CC7843E9460
:10470000A1E5613A34AA7C5D26F4A4B07510C647D1
:1047100078211DF290712A42B1E82DFD8C59CE927C
:10472000650849AB5592F08BB5025C95CA5A950C59
:104730002BC5467728701DDD090F49B2CF183B4BBA
:10474000837B730FE8991C5DC8283C8C0C99D76D4E
:10475000FE4BE63A9D09A37C07CB6C92703EC207E4
:10476000E2614166F850A8B8DDA102B55C0E8E107A
:104770002B74B588FE79AB98C9533EB86A96152755
:10478000BF09FCB99C02277ECD2A33F51094CF1CBB
:104790009F8E6760B99B36C78B392A559261E93D78
:1047A00064D06696895B8465C27BA5E5050B1366BC
:1047B000650C9B51BE91DF87E9413D3E08DFC7791B
:1047C000FC26F46FEFC5F31A0E5F66FEDD627D8E88
:1047D000E73B082BCF33FF3338BEABFD38BF233C5C
:1047E000C7C7FD9B183C88EEFC3C3BF269661F4244
:1047F000B8E745C571BEBD1FDDF308FFEA6F98FF3E
:10480000557C3189EE8F207CF23F33FFABD1FF091D
:1048100074FF06C2EB91FE1ABE5E42F757107EF19E
:1048200025E67F2DFA9F43F78F10FE11E6F7139CC4
:104830007FC372541156FE2BF3E7DA8D86D07D04C8
:1048400061FA59E67F1DCF1FBA1F44F839A4FF143F
:10485000CF1FBA3F82F0664CFF6FF1FCA1FB37100F
:104860001690DF02FEA3489A17DCB72C6A2B643837
:10487000A959BA5AAE98F30550925186690A469ED4
:10488000FE4E541444EF081B55555B244D47351616
:10489000D415B34678870568437A61453DA295E80B
:1048A000C4A62FEBD91A8C41557A59F7DC0D2CDEB2
:1048B000FB75D73D32ACF789B2D3BD0BDD83834E98
:1048C0007715DD1FAD39E7A708BA0F959CF823E8E7
:1048D0001E329DEE4974DF79A7EBDE1CBADF5474FB
:1048E000DD9BE3F11E72DD8F43F7BF8C3BDD5FE1A3
:1048F000EDD9959E9FFC776677C3CBFEC1DBFDFFAC
:1049000037B8E91F57F7EFC2FE1DEA52F6F07506F9
:10491000E74D3E21FD2EB9CE937B389D125813DD15
:10492000C8AF18DF41115FD7D05AE88E21DD55AAF4
:10493000A2CAEB28F7F930A7E3EBA7C790EE2689C8
:10494000AE63B34D57DFEC4D7702E9CEAD31BE57C4
:10495000904ED9E24D57BFDD9BEE75A46B47BA561A
:1049600017DDE626F19D43BA0D6BA46BEFC6F96522
:104970008D742AD25DB546BA21A4DBB446BA24D2DE
:104980007D6A8D7479A453D748770CE9A69AD0D55F
:10499000B1C1B8E99E40BA69A9DEDBDA24BA36EFC4
:1049A000F89E43BA7493F6126CD6CE90EEC01AD32A
:1049B00079A69BF7BFF65BBDE2BBAC593B13748194
:1049C00021777C9F58A53F74DDCCE9826BA28B08D0
:1049D000BAD09AE89282AE7D4D746541A7AE89EE59
:1049E000514137B226BA1382EED89AE85E45BAF63C
:1049F00000D313D958EFCCB8C7CF734837B546BAF0
:104A00002ECEFFAD910EF4400CAB1EDCBB2D3D0D48
:104A10004B76AE164219C8966BB0F797D361016416
:104A20002B5621CE4C6E545FE4FC7B1510CD431AFF
:104A300015543651B141B1580BDBDA584838860568
:104A4000CAEDC4BE3455F6D5A781521AC96E142DCD
:104A5000234BB71C2D63C158D2FBC03F1CED8FF414
:104A6000471C74E01C41F97692874AAD5CB5C27C64
:104A7000E1C7D25FD161F1A6E7C2641562321D328F
:104A80002CDD4EE70AC86892186F04854C61AA5263
:104A900089B16B1A3B8AE24E4538262285662D7510
:104AA000E746BA97FBBA97793E1DEE4AC90C1761E3
:104AB000E717F50291D56FD9AC80B069EAB3A97454
:104AC0002CA14E8EC6A7E76663B63E3BB24EEEB64D
:104AD000E0DFAFA677C137BEF18D6F7CE31BDFFC53
:104AE000FA068E7B5016441D4FCDAADD372E0BF7EC
:104AF0006EBA4F6419A0A4974AD21435EB106C3EDD
:104B0000C3C672A77201BCBC06FA6996B48291A3AF
:104B10004AE698040EE2B37D52CB0E0CDD65228688
:104B2000A3CE6B96BE9B5EFC52CD4A4EAFEC0616F2
:104B300062A1A02D5ABBEDEB609C3E67EA4C514E42
:104B40005E5BD2D505A352A4DA6D59509D365ED670
:104B50002C2D109EAAAACEEBD523BA5E1209EAB973
:104B60005074BD2AECAA5D18CD593E2590CE9967A8
:104B700067EBAA05CAB55564B8D89D3638ACFB7446
:104B8000956FAE6139CD986AC5348B0E46B551BE6E
:104B9000293EC1D4FAD13340A12F1CE80D2BC3B25A
:104BA0009511D9A5278F9C01C698D10F2E0A110EF9
:104BB0001912E82A57BAB7BEC2682D27F7ACF6D04B
:104BC000FD77122FCFF0397AF2762C363B3BCCCFE3
:104BD0002661FB9B35817BBA6BF7DAE1529C745EF0
:104BE000677E065567C42B9F9D40D8F8B0D76F2BC2
:104BF0003844E5B2C00F170AFAA25690D54F7AA1F1
:104C00002945C28F178C453862037191061CC99FD4
:104C100024B7A2BB116A25E690A38A43213EE4C3D0
:104C2000A57E14C7B4F322A165442A1EDBC942AD98
:104C300094154D16F021DB4C675D6331CAFE45BA11
:104C400079BB5B889B15AB249EDD4E4130073EF857
:104C50000FCAF8503A4E0207BE5ECE4AD86C89E3BE
:104C60000ADFC2038C8AD698BE6E1B59FE4D09AB73
:104C700048B788D0C21BBD162E7034B46BDC8E0AC8
:104C8000CE355480AEED40B81DE1AD08776238886E
:104C90006F21BE85F816E25B886F71FCDB100EF1A8
:104CA000F44411B20454313D554C4F15C3AF62F872
:104CB000550CBF8AE15777AE5A1E62DD53A677695D
:104CC00027742BEB3C99ABE845A6A41ECEEDB2545D
:104CD0005EAACA9408834AC76CBE563A9481A51A44
:104CE0000F67B160CE6B8578D3D706EC733E76D074
:104CF00034E01270E2278C707E149F1A177234A071
:104D0000BF8F699A8C0B399C6973D194E56E928937
:104D10006446B68F995A25870E60071DF0635AA91D
:104D200004E99860EB68F64E4286BD93909104B713
:104D3000643D8B297DF102FA176DFD8C4CDD195C09
:104D4000260605DE1978C8410ED64ED734193F2401
:104D50000F6DDE5C826710C8909B370B39453F5C56
:104D600023BDB86A0A3915329ACA6EF17DA9F1B12C
:104D70004C727A3A9348A58601C229BEEC4E52E99C
:104D8000E99EDA9B88C7251F94B3E3FEC3E5422161
:104D9000533A92893851C8727936B677786CDFBE4B
:104DA0007406D6CC99F159D97D2276577C3C964928
:104DB000A547D37329C91D546BDE15DF373D9A8E85
:104DC000EF9BC9A466B97B6C62741CAC0EFBF84CFB
:104DD0005AE8E174BB93DC8C7BB92746C7234DDCD2
:104DE000A35EEE5CEFA7DB7D7C7426D2C45D0E274C
:104DF000311A9F49C76646674866C92F9A05393CEC
:104E00005AC0B410D08BD3C5538EFC4EB8F168F99C
:104E10008F4FEE1DC62274D687A5BBEBA3C13FBA48
:104E20009A7FE902F4A50BD11F59DDDF3A7281F4B4
:104E300035D04F0F0EB33E331C1B1F9F302A93C635
:104E400032D5F6CDDBA3D35FAB6A2E84467F320F1B
:104E50004A0863B139B6CF05FAADD5B19AA552214A
:104E60003E15A4F8F87562DA1F63A3D3E9A9C4BE9E
:104E700019BE2F46F19994A58C974AC8FE6CF6C7C7
:104E800077512C1C9F247FD2CB25DDB8540E707631
:104E90007C1B0CD1646ECE52690195BAA8263C45A4
:104EA000C0F6BE5471384FD3B57F622E91847DBA5F
:104EB00072415BE12884FDCCEBCB6AAE56C4F96A43
:104EC0005F3236931A8B63BCFC05014BA87A4DC543
:104ED000F6F2FD3E1A8EA52F0A99298B96237B1494
:104EE00083FB1706A95422E89100564BE8334DC6C0
:104EF000662749E5093CA67B1CCA9B8573F7C4BE9F
:104F0000BD723C47E0B98B9CC98A0AD836B68DA8D9
:104F1000C46726F7C9780619205532F8D508EFC7B7
:104F20006697C28A2CD4650B8C61BDC753697A8E93
:104F30006CE001B1ADEDC262F99D8E8DA7619EA1BD
:104F40000AF9352A26EC42A4ED830C64003F532372
:104F5000ED21CD841828E7CC249D984E8A455253E4
:104F60001524AE98A0D152BCD3321B4BC5200026CD
:104F70008B2EB486C0CB15FDACFEA6A9ACF004E622
:104F8000338BC7DD568D40529103C225AF17CAB48B
:104F900018F0C11F16C55DB1D9141932053D934BE8
:104FA000110F4334E0CF25D3F144CC8E8F707E4671
:104FB000516FC49B888DCDED95D2C5DA4D039A9281
:104FC0008825D23152D493B5027BBA031B6055B702
:104FD000AA809262E54BCB065ECCF94C2A1907F702
:104FE000180EE06E7F7819C18B8EBDAC30C0BD1538
:104FF000666F86D7AF24473F3BBD6F74A2C1BFAC7D
:10500000AD00DF2CEAA7819E258FCBB529B165D8ED
:1050100007660F36904E05CEF0DA8EA5A27E157586
:10502000BCA0417593D185951BE9712AB1D0F64C8E
:10503000DC819FB2451B51DD292E5051730BBDC938
:1050400020AF6381FF3272C081F155044801956A37
:10505000C5DDE2791E780FA04AEF8EE0CD0614DFA1
:1050600044FDE64C848BCA49DE450390DE2D020EDA
:10507000C1EE389CB19B038DC7C39D1D14113BC568
:105080002ED1133254ABCB9ECE4E363E49EF047137
:10509000BA6C254B46A9C8F22ECAA7811851650FD4
:1050A000580B34597B844274AB36CFCABD56C60DFB
:1050B000F66E0B5B387D544445250C093666621646
:1050C00013DAB21A236B4A15F441933EC17086D5A8
:1050D000698DF4EE09BD50D5B8CF381B1C1806D524
:1050E000A71DBD0D96AE6A741B2996017A1B441D3F
:1050F000243FA9DB0E875B271DE754CF89061E7C62
:10510000D821B4BECB78309FD44C8E88EE0D13914D
:10511000E4EE988054D60061B51AC336C6AA806AF8
:105120007B97E463718EB1325AA5A2AD505E7AD8F6
:105130005E262BEA149B8AEC7B012A8DC4821158CF
:10514000AD568CC545BD420A785E2F984724FE9126
:10515000ACD976EF81951BD428F08F031AB643C9DA
:105160005DDDB57B0F2264A9720C323E192592BC1D
:1051700002943F1571E3F88A5D5E3B235CA9BED4BF
:105180004EC8AC0493D2055B8A542ED8F5A1747A2C
:1051900016B442615ECB1EEA6D5650D8D9B68872FD
:1051A000610FB9087B396D1ED24BD2FA022F4070C5
:1051B000C8DF21E1E740C3C354038858FF24D9F86E
:1051C000A1F494C880D74BF33944DFEB527BD82F3E
:1051D000D00262C1C3436CA743BE7B44D333870371
:1051E0002E9E1BE5D8F19B9227D960EBFB520DA6B2
:1051F00064F6A2059977528C6168288F260580E8AD
:105200000AEDE696E8640699A9F2244EFA0C0E7DA2
:105210004A81CCDD84FBE8EFB43B220DADA8430D01
:105220001B56119FF8E119119B6B7C3A427DCE3DD4
:105230004C250A2953A6F904AE78D5E02128CC756F
:10524000D2F9C49B0E7C804AE6D03E3596A2A2C419
:10525000D6210304C4C10D4729BE23A156D91B1F63
:105260002C1D6990EB82D992EE46D069DD5CE0A9F5
:10527000B1CBF7BA7BC6114E70A8C2EF3D7B58790F
:10528000F3B52D836AB530AF2E1884B55820D5D923
:10529000299DBB26512E703FC2E59F38E58F1F45E3
:1052A000F7C710AAA79CF2DA27D0FD3984F7BDAD65
:1052B00038EE2D9C43F78F104E3FEBBCAFA06E65D0
:1052C000EE3D086FFAB6F39EC214BA27113EFF13E3
:1052D000A73EA032BA2F23FC39CAE371FD40AF0EBE
:1052E000A0BC18FA3F8DF72BB8BEA06FA0FB0984B5
:1052F000D7A33C21BF1DF22ECACBBC82FE7F89F210
:105300008EBC22DE45F7730827D19FEB176ABF05D5
:10531000E566103E7ED2A96F4889A07C26FAFFE19F
:1053200049A7FEA129744F22FC4FFC7E06FA2FA349
:10533000FB3184FD583FCFB7D7EB3F20DF860E0609
:105340008FBA3E70FBC1A67AFDCA1BEAF5F754027C
:105350006FACD75F275FDFE67A7D84D87F44FCEEB1
:1053600023F035F29D236E4F6D666EBB88BD12A98A
:10537000D7EF1FACD71F8FD6EB0F4419FCF240BDFF
:10538000BE14AED7DF27DF14F1FF11B18F6DABD79D
:10539000B793EF31E2F6EDFE7A3D4FBE52947D0FAA
:1053A00091DFAF93EFCBBBEAF5D3E47B8D7CEF903D
:1053B000EF3DF2FDCBDD24CE19948BC27B23ED08AB
:1053C000BB10AAFC3D4BC43B83F05D84535A7E4B1B
:1053D0003C47A6AB195DCFC526E3F1C9584ED76748
:1053E000AA544F1BE515C8BC29F4B5C54A64E6D0DC
:1053F0002D4921195F8E2C48DAE37486C595A9F5ED
:10540000356853EBE47C88062E242649711C46C17E
:10541000C72F4806A86C732461656C8529A12BEF02
:105420002D57FBEC98A9639F7A73D989DD4BC75937
:10543000F6281F19611608F322A516868FBD73F191
:10544000099AB2707764BBF8236F7449F454E71C6F
:10545000DBCA02DAE9B151352AC61B52846A72747A
:10546000362DC677C81DAAA6ABE84B06E3C29B68DB
:1054700099EB74E2B3A25D0599878F2B209A14767D
:105480005FC7890DEFD2001E9D6161CA004452655D
:105490009475685E771EC1B8EB6D8AA5D4BE17E31C
:1054A000525BA8A84B0CDF7EB484161A9D4D697818
:1054B000D28502F904A6091D7DDC6FDEA8D29318FF
:1054C0006039E53B3DA8C28FF1C8AE0B400C8F712F
:1054D000BCB0F22A513EF2866EEB062C47C9DFBE05
:1054E000D144C227136FAD02C70465B3606457F897
:1054F000A3A490FF7DE97DA44E0FD740911665DDF2
:10550000198FC0E2E3EF497104B210CC1B24E530DF
:10551000B1F2C03A3DEE39B82E3808BE64D1AC9A2B
:10552000F48F73C7935FB57688305B78C94A91E68C
:10553000697A1601AD9CF15F11B8051175EB1F2357
:10554000CB0A5856EA157161833D3C839736C26198
:10555000D7AD2A85DFB756C2E130B5E3A37F8DF919
:10556000A70584BC0999689B14077B1FCBA0EF6338
:10557000457A557C118BD81D2F92D1CB04244184C0
:1055800085EDC57BF59D7C0B6389BD7D28FA9FAABF
:105590006688F17A6A2C433DC49F4CA74A787F62A3
:1055A00039D0883A40318E121AF500849539DAA93B
:1055B0001E25FFE00F50B3D054FAF3A8DA93A1E010
:1055C00068A6573D4A808DAA7E1A421F8050D8CFC8
:1055D0000380798086BB4BE5A810115243B0032AA3
:1055E000B312D32B850AC905F2CCC051B51FB0C088
:1055F000721448331497B8D3BFF43709180D8D844B
:10560000FF26EE9DD23AD3A81CA61A4D0DFB4DDE07
:1056100086031C8A57369AE2803F3051ABFA133E1C
:10562000AEB26A2C2C9E7241ABC2FE822ADFFBB066
:10563000E5DC1C44806F3F75C7DE2F9D17AA12BAA8
:105640009B9EEB39E22133033D025B2561498E2BA2
:10565000EB69A08631B8453D4718F345126E1FEE41
:10566000BFB32BE4826E52D7AA35D2635D74C29F5A
:10567000A6973D6028FC6B923F6C0FB243086FFA0F
:10568000342D5C09839EC38DC0683EF58084C71F9E
:10569000C21498EE74A412ABC6934CCCADEA3F4B47
:1056A000EFD74B282EFF54BE56CDC1C0C43198FF52
:1056B000243FDA1E83CB1BCEF2958E6F6DBC14BCDB
:1056C000E0E7AA879C7A277F8771961424ACAF60A5
:1056D00068C0C31509CF1E2962FC6C73916D60AA66
:1056E00089786A54DD3F1D9B6108B6DA0D3286BAAF
:1056F000E3AB754AFEEC24DBDD2E6CFF64C55892EB
:1057000093C2FC65790538B3ED4FEC9F269371D6B3
:10571000CC5165B142DED20E87161024B2493CE06E
:105720001583B9C5A202008DE94824DDED2CE7F60A
:10573000DF5BD14AB09709F3DFB0E31EB0138F4FA0
:10574000426346D5728793984A26E48898BF289E7C
:1057500086F078FF4FC42762D3B1BD2EDD20C43D53
:10576000E6E54EEF99914E0F8C4106361BA90D6769
:105770008F3E1841C27BB83007F5C207B5A5FBF0D4
:10578000A8EA60A060CC0F00842085A2E50B847F8E
:10579000338D40B32C7AD42E4500C964C3171B5DEA
:1057A000A0B5361BBFE8BDC20B8C8B865ED41672CB
:1057B00087B385F9FBABE5A552FE905939B2BCF22F
:1057C000C0A298EF1CEFEC91BAC1A57085AB3D9ECD
:1057D0002C25AB1293E1BCB7B958E6EF52AFCEEF30
:1057E000026BD8E3641A57C0D1BE4FBE8BA63C5C97
:1057F0002B01A395DBA39471238EEFE3F104707763
:10580000BA3FD7788CDCE81FDE232E7166252F7116
:105810001E0D5B805EC8C0B749983028E25E8E1AC4
:10582000DE63EFE940DFCB5855A148633C359B1957
:10583000877725D9F375623DC2185FD8C777AF4D1A
:10584000E2A5AA39C6AEACB2F187C68AF956409530
:10585000B6C027CB985CC63EDF0586D2754D53692E
:10586000A27E5BBEA7C9DB15E317E5FB96A44FC27A
:105870001395D2F3DD9EFE7017CECA337F711715D4
:105880002F98D2FB9C595B3506EF14BCBC857E106B
:10589000F65039BCF4578323A64286758D0C30AC84
:1058A000CC8FE2D35BC10FC053E12C641004B03243
:1058B00058744DFDED0BA5D43F87CA511AC9BDFDE3
:1058C000A5FBA8D49F279A46211143FECD22284943
:1058D000A168AE274157BCE99DF7803DC35F769F25
:1058E000E3139C599D56CBB859D11DEEA4CB523D24
:1058F00021B38C6FE6748EFBAFA4E5E1863D2D6588
:10590000E15FD42A8758CD6AECFEB52DA7EFA0172A
:10591000D434B5340860D7014FDF21D60D59B30216
:10592000EF34D26180F666BA73093C3D8E4A053287
:105930000A6855B6D6409FB1D89C4AD7470475FB34
:105940000E32F6707DA97C1F8DEB4DE5FB665C7F0A
:105950002ADF27E37A5443F6FA63181EC0D44A5963
:10596000A35030E0088CAC0A355BBF3C9E3C503CF9
:10597000B8385C86718FD63BE89BC8D5E810C6CF97
:105980004DC8CA86EAC4201362A7147E533AD28E49
:10599000C8440D3C316714287E921DEA01857D9034
:1059A00022AF2611AF73EBAF6F3AB7AA778FCECE87
:1059B000C467F6A2FE0AC6A984557AE79B0E23A8FF
:1059C0001C046EB37BBEA9BCF592A443CA97CAC49B
:1059D00039A647F7665277C693193C4C66952295CF
:1059E00053C78CE9AD73A393F9E33BAEF4DA7F9F21
:1059F0006B27A0BBDC47F78269BDD0C52FEF51B440
:105A0000C1517AFEE8B3B640DF7726CD910C5CEC4D
:105A1000217B5EBFF67BB9E2A9D851985C7007C2C2
:105A2000B16820CB70FEDC2F89DBA42AAEC5FE81D5
:105A300043E493CD2ADDAEBD0C916FE0D147C7EFB3
:105A4000542F227D300417AA488769121995DE2742
:105A5000E0D173E94A5AFB05FBA56FD085426CF390
:105A6000059CDF0608366110A5F3170BFE2BF4F832
:105A700006D6D9F0834CD76279CD1FFB85224A49DF
:105A80007C01E78A5C8AA0F806011D57C884D24CC5
:105A90000EF707B80FFBEE69EFF738835433A0A277
:105AA000D8EF698833F19ED95E3816BF38795F3EEA
:105AB0009ED0FD7292C1AEB8532FCBD041A7FDBD91
:105AC0003F63E939BEDD792FFBADA7BCD3C9CDF764
:105AD00007BCF58CFC3586D7F767AEFBD96127FE8E
:105AE0008F30FC4F7ECF89F75DAE07EDBBABC7FFB4
:105AF000FFCAFCC726F7D3FCF4F8E9B91823F6F57A
:105B000056D9D6636309B02F54BC60D0C8F58A77E4
:105B1000EF1BC623BE69C3D72B307ECEE2040353EE
:105B2000062EBA604E66B131E97D1CF6183E7B0345
:105B300007CE40AB617872363D861C4559F4416909
:105B4000ABF11EC12D19B97BFB296B8036585F481C
:105B50009E4077F03E3C4F43780AE139846A06CF95
:105B6000AB101E437802E1198474C82D95416C7402
:105B7000816FC31E31AA79BA4652C9E452AEC174CC
:105B800044B30CC7B0DC05D699F8B62E70D3223FCB
:105B900071499E9C496C91192C9E4EA80DDC1EE209
:105BA000A7E309B5E6E005419A45604C83D0390981
:105BB000820997A7C97C356D10166ABE66C9A128EF
:105BC0000A483A60844DC372E1AD12ABA22C45FB8A
:105BD000A96433C028429093B3ACACB9502E2EF0D8
:105BE000F0AAF860B8455A8346219DBBF5126F575D
:105BF0005695EDA3D3D7BF49E172463C2E3F2A0408
:105C0000CACD7ABACBE13DDDE5DE6155C8E2E556A5
:105C10003999095095B114065B424AA47F7B7F6491
:105C200070BB72DD3D91223B87660AF4D9F31C609C
:105C30008FFEF6B66891C06DDB8AE8CFF088FBF680
:105C4000228383D47FB0C8DD09E640F8C0517A1EB4
:105C50008BF901BEF92AE4A7F7CECC29FF6BE6C188
:105C6000D881F40F363F73F496B7B6CD6FFABD3BCB
:105C7000FFDDD5DF5E4BBF1DD9D8423210BA32D41A
:105C8000D211D2A571846BC74DBE0C5A843B9401CE
:105C9000B4733E7FBFE2740030821F3C0DFCE8B756
:105CA000F19D2289F76F66203EA12FF07CE092CC17
:105CB0008F3DDF77DEABE6A61DE3E391BC7289E2A0
:105CC0006BFF47677CAFE27B12EEF84EFC86E2EB9F
:105CD00099F38EEFB1DF507CC79AC477EC3714DFAD
:105CE000EB7341C7DB33BC4D252F517CAFFC0FEF6D
:105CF00070AE64ECEBC855579394444857C7041DE5
:105D000047FD7405845FD1501E621DC30F3469DFE7
:105D1000ED97AA7CDEF56EDFEEF88F928E7C05356E
:105D20007565829AD38F6CDB76CF3715C95F8CCDC2
:105D30001EFEEEF49FB944E98FFCD43BFD8135860D
:105D4000D325A5F162D60F973ADC96DF50B8A1DFD4
:105D500050B8C72EFB29430E3AE57A8E7E95B5DF03
:105D60003BB20C3EF56F70BDF32506CF6F70AE5B96
:105D70007ADBD7F6AFA7A3F9BF3585A75E5C78EECF
:105D8000763B7289DAED47EF350F471E970E5EA21C
:105D9000F8CEFCE2E2E2FBE8979726BEFD1F7BF718
:105DA0004B1E1F97378B5CA2FC4D29DEFA557F886E
:105DB000E3EAA706505F17DACF201C9EC17D07B427
:105DC0003F9F407D5F1B191C41BAD924B6DB63A1FC
:105DD00020F0638914E1338991DEF31CCF14AD1CEC
:105DE000BCE349C7F1BB59BEFEF67606AF1F61F0B2
:105DF0004B7730783FFAEFB97BF57AE1FDF7A34BAB
:105E0000544EFB5B82ABD60B6F07E54B14DFA3212F
:105E1000EF7AD1B205B2540917AD238627DD334F8F
:105E2000B3F2FE5D844FE07B591CC27DBDA9D1E970
:105E3000F4C5A6E367EF2B822E95D83711BB48BA7D
:105E4000E0338CAE58ACD987231EE6039433FCDED6
:105E500073ABEFCB8CB8EC6D17889FAE7541894D55
:105E600093B8FBB07C769D6D1A6FD01D71AB54FE5C
:105E700054C66295F827FF9C85FB0EC6730DDA4762
:105E8000C6D884FFD10B2CFC763B83D4FED183CEC5
:105E9000F8D6301F5351CF939CEF3C80F2B207826B
:105EA000AB966B456864FF15C78FB11093DB4578DF
:105EB00021C3F303ED293D3DD614EFF419565E3DA1
:105EC0003F64F0C95B9CE3227F71A5C5355F7379A0
:105ED000DE75523B0960390750DE368072B5019499
:105EE0009F0D60E105501E368072AF01695E17E7B5
:105EF0002933CEF2E4F18FB8DC793A0EBADC79BA04
:105F00001E71B9F3F67C6266F5FAEA72412127FF49
:105F100057DEED38919A7240B13FDBA4DDC793960E
:105F20000372B3E99BABF7CF7697FDBB1F7BE3CF43
:105F3000E1530D1C2E61FF185AE73D6E8ECF4CCEFB
:105F4000CA50C4F7AA77F8E9D46C4A86E7DFC4716F
:105F5000F07D6FFC58229E9621374F7FDC34BF1DA9
:105F600038E6537807A67FF069A1173C25239F6385
:105F700060BDD79C1150EC370779FBED20B364204E
:105F8000103A35D811820791D6255BDB5A3F1F1C8A
:105F900051EA6DAD0100DEFE4A90FA13F0EAC6F355
:105FA000FF9BB45EB8533544A27D17BA90C29E855C
:105FB000ED624D3A3849DC4FACD235E5E4C8C9BB97
:105FC0005CB2835AE0EB3CCE14C2643A57E35923E7
:105FD0005BD0D53BF15416F0A1EEB614397E1F8C80
:105FE000CE6183A2852BFA825ED14B59F2AB5A580F
:105FF0001A1C8C46146FC443243CA70FA61B55B033
:10600000B9D31E70A55DF6EF532E1F1B41DA91A880
:10601000ED07F9DA823AD56A3BB6878B59AE61ADA6
:10602000026F3F54234CB19A23ACDB51D75B0BD6A4
:10603000F39D4CF79AB5B4ED36075E5A4A13E0ED7E
:10604000AF2CEDDC6E80B84956E0C1F0304FDDED8D
:106050003441FD1D3694A2A2290B4A4EC92A0F18BD
:10606000D952B502C082BF0B507806F9912F17396B
:106070000D74C7E3AE3A8521E90FB8FE39F0133746
:106080003FC25993046816EC63769EE62FBBCA7133
:10609000B57285DF5B58DE49898449E859C710F934
:1060A0002712DD49C57E72937F81A26591C6902D2E
:1060B0001CB2C3846179CB82B1ACE7C25990909194
:1060C000D3F6922BAD7FDF667D76C415077FA92EB0
:1060D0006099D98B6DDBEB591B80F763C2F3D8B2A3
:1060E000781EDEA46D06588091C10835761A2E936D
:1060F000DA0E4591FCBAB0FEA575F029D9EF1D293D
:10610000FE204E074116D7A1ECC2228D6C1063030E
:106110009C6B3CFA1343B5E354799CA80A56CC1AFD
:106120007B9CB3082F83E38AF3F9D3975C75FD73E7
:1061300097FD24DA83CDDAD248562E224A77A55429
:10614000466E9D858E72DAE09CD7576B8F523DD29A
:1061500047E14E7AB439B98CD723EC70E52524DABF
:1061600061314B0B7CC89976D5A3CCADDCF67C565F
:10617000C9E64A561FFBE9CE872A9EB292CB3A70F7
:1061800025C6C7ED37E296AEBBEFAE9370FA251A7F
:10619000F01E927E8F4BBFD3D2EF05E9B725FD7E6F
:1061A00048FAFDAFA4DFFF5EFAFDA7A2EF50651C21
:1061B000A448A2A23A5BB0FCB694ACE8CE1D3B2248
:1061C0009AE251876A97633785E7E35957DEFFDA2A
:1061D00055875E65738F64FF9E1278C96B9CEB6870
:1061E00032CED13CE8D5BC5E29E9D06DA3D1414780
:1061F000BFBDDEA35E8B5A769E552BFDE591B72B76
:10620000789F52D730EF38F2B609F3360947097450
:10621000294ED82E6029600EB1E783C00F5DEC6671
:106220009794E756A90FB6307636F05E1986D0BC43
:10623000631C7597090FFBE7D662D1301C690CB659
:1062400070B6999759B89C5F19699CCBDCFDA7CDB6
:106250005DD6946EA881AEDD31E66B4661DE5C1ED4
:10626000D9762B1DDFE4FE76AD67BD50748113E156
:10627000F571AB3DB0EE67B512FDA2BC74BC35D86C
:106280002EB339ABB5B58352595C26D5A75719F251
:10629000BCB78ABEB262B92753C0EBF51A3B562C85
:1062A00079E275CD38ABB7A980DDFE839F94961B4C
:1062B000CDDA3F4D9B24B282E51BDC324026C6017D
:1062C000EFCE013857139C5B288EC72020E6A8BC70
:1062D00069E1815F0BE33583DB187A74381ADD419D
:1062E000022C0DC9F84C65C1C85024E2184FA0FD1E
:1062F000DC2E69A175F4B763CE7D80A6FD1CC38E2C
:1063000046B647DCF3F36AE1778D5C64F81EEA7207
:106310002F86A710BC03D32532323639EEC8BBC84E
:10632000E70BA71C0941DAE0ED2E5EA9C3A577575C
:1063300056CB0BEA0D0AB2C012EC5580DEB9F00262
:10634000BD2C54CAAE38D4150B15C4A0AB18F50B30
:106350005B9AFD2B0CB492551742EF0AE5C92CAE9F
:10636000DCF8468909A029F16430CB4CA053B991DF
:10637000122326FB6DA70FD50D7B692DBE91EEEA8A
:10638000201D4B15715F92222B6B20B62C112BA474
:1063900053858F18B96A9EEB570E1F292B59AD4CA8
:1063A000E6EF70DE58CC5B659D840C0E64EE975C66
:1063B000C046CA391CCD0C2D514BDE22AD9959096E
:1063C000692D0F1C40253A2859067748961D11194A
:1063D0002DB21D8A386C989816B0587963A1AAA07E
:1063E000A47598C54A35C5C11414C64AC6E2015100
:1063F0006F8B94DF0AD360013F785916C9A0C8ABF0
:106400009FFC2468BC4F4714EC8AA49672660D4A20
:106410008744CDD52FFBC637BEF18D6F7CE31BDFE4
:10642000F8C637BEF18D6F7CE31BDFF8C637BEF1CF
:106430008D6F7CE31BDFF8C637BEF18D6F7CE31BED
:10644000DFF8C637BEF18D6F7CE31BDFF8C637BEC1
:10645000F18D6F7CE31BDFF8C637BEF18D6F7CE3F7
:106460001BDFF8C637BEF18D6F7CE31BDFF8C63744
:10647000BEF18D6F7CE31BDFF8C637BEF18D6F7CFC
:10648000E39B7F02F37F014080CB76000000000099
:10649000131705020193972700009387272C931663
:1064A0004700BE9694426383A6000290B726002060
:1064B0001207BA9703A74608DC47014501275D8FFD
:1064C00023A2E60803A7860893C7F7FF0127F98FE1
:1064D00023A4F60882804111F32700C09387C712D6
:1064E0003EE4732700C0A267E36DF7FE410182809E
:1064F000B7270020D847C176FD160127758FD8C76A
:106500001307D007D8C7D847C1660127558FD8C70A
:10651000828082803386C50297A7DCE0938787AEAE
:1065200088632A9690E382801C610347D50083C765
:10653000470193F7F70F5D8FA306E50013F50706F4
:106540008280A1E9029082800338050083474801D8
:106550000347D50093F7F70F5D8FA306E50093F788
:106560000702EDD71B08060132879B0808001C6153
:106570002380D7009B0717001B8707008217819392
:10658000AE9783C6070089CA4686E31207FFCDFE91
:10659000828083C6050001473A86D5BF97A7DCE015
:1065A000938747DD6315F516B70700201CE197A711
:1065B000DCE083C727D193F7E70F17A7DCE02303BD
:1065C000F7D01C61238207001C6123840700186137
:1065D0008347870093E727002304F7001861834768
:1065E000870093E747002304F7001861834787007B
:1065F00093E717002304F70018618347070193F717
:10660000F70E2308F70018618347070193F7F70D8A
:106610002308F70018618347470393F7D70F230A2E
:10662000F70218618347470393F7E70F230AF7023E
:1066300018618347870393F7D70F230CF70218617C
:106640008347070393F7F70D2308F7021861834781
:10665000070393F7F70B2308F70218618347070333
:1066600093F7F7072308F70218618347870393F727
:10667000770F230CF7021C61139705020193238205
:1066800007041C61238407041C6123860704B79751
:106690008647938707C033D7E7020CC5B70780004A
:1066A0006369F71E02901C612386C70018610CC540
:1066B0002306C50023380500233C050023300502CE
:1066C0002334050223380502233C05022330050448
:1066D0002334050423380504233C05042330050630
:1066E000A30605008347070393F7770F2308F702F4
:1066F00018618347470393F7B70F230AF70218611E
:106700008347870393F7E70F230CF702828097A74D
:10671000DCE0938727D4631CF500B70710201CE149
:1067200097A7DCE083C707BA93F7D70F79B597A788
:10673000DCE0938727E0631CF500B72710201CE1FD
:1067400097A7DCE083C707B893F7B70FBDB597A746
:10675000DCE0938727EC631CF500B74710201CE1B1
:1067600097A7DCE083C707B693F7770FB9B597A76C
:10677000DCE0938727F8631CF500B76710201CE165
:1067800097A7DCE083C707B493F7F70E3DB597A74B
:10679000DCE0938727B7631CF500B70700281CE1EE
:1067A00097A7DCE083C707B293E7170039B597A72F
:1067B000DCE0938727C3631CF500B70710281CE1B2
:1067C00097A7DCE083C707B093E72700FDB397A73F
:1067D000DCE0938727CF631CF500B72710281CE166
:1067E00097A7DCE083C707AE93E74700F9B397A705
:1067F000DCE0938727DB631CF500B74710281CE11A
:1068000097A7DCE083C707AC93E787007DB397A722
:10681000DCE0938727E7631FF500B767102817A709
:10682000DCE02331F7E697A7DCE083C7A7A993E76D
:10683000070161B3029071B31BD717009B986800E2
:10684000BB0817410347C80093F7F707BB871741F9
:10685000136707082306E80018612302D7001861B0
:1068600023006700146103C7C6001377F707238668
:10687000E600146103C70603136707082388E602CE
:106880006373FE000290186193F7F70F230EF7026F
:1068900019BD9B0707001BD377009BD6F700130E8B
:1068A000F00F9A880338050093F6F60FE366EEF8CA
:1068B0008347C80093E707082306F8001C6123827A
:1068C000D7001C612380670018618347C70093F7D6
:1068D000F7072306F70018618347070393F7F707C5
:1068E0002308F702C9B3397106FC22F826F44AF0EE
:1068F0004EEC52E897000000E780C0BFB7A7080041
:1069000037070837938707081CC7372400208547B7
:10691000232CF408B7273F0037770020938707F030
:106920001CC7B78700201307F04723AEE7C07146A6
:1069300097A5DCE09385858E130504209720000041
:10694000E78000C8714697A5DCE093852592130582
:10695000442397200000E780A0C61306000397A5F4
:10696000DCE09385A58D1305442597200000E78082
:1069700020C5371708003734002013077790B71762
:1069800004002322E41C9387D7A02324F41C232291
:10699000E41C85642324F41C938704F0232EF41A4A
:1069A0009384048097000000E78020B3232E941A7C
:1069B00097000000E78060B2896793870780232EE5
:1069C000F41A97000000E78040B191679387078031
:1069D000232EF41A99643774D0B785693779B0B724
:1069E000130404779384F407138AE9FF13090977E2
:1069F00097A7DCE09387878D9843B94763E6E7085C
:106A000097A7DCE083E7878C17270000130787C36D
:106A10008A07BA979C43BA97828705479797DCE025
:106A200023A6E75EB78700209306101023A0D7C0E7
:106A3000B7F6800823A0E7C09386F62F23A2D7C01D
:106A4000B776F0379386067723A6D7C023A8D7C09A
:106A500089669386860C23AAD7C0B75600F0938622
:106A6000C60C23ACD7C0B70600FF23A2D7C2B70617
:106A700014809386161023A4D7C0B707403E98C34E
:106A800097A7DCE023A4E7849797DCE09387075877
:106A90009C43B9FF9797DCE09387D76B1797DCE0AF
:106AA0001307576B9796DCE09386D66A639AE734B0
:106AB0000D47B707013E98C3B717003E98C3370785
:106AC000000193066703D4C39306005094C71307CD
:106AD000071098CB3707004B13070730D8CB056753
:106AE0001307070298CF23A6070023A2070223A4B7
:106AF000070213070006D8D7054798DB11670D0773
:106B000098D3B727003E1307501598C70D67130792
:106B100007C3B706203E98CA13078020D8C323AA0C
:106B2000070023AC070023AE070002C41307700C54
:106B3000A24781276379F72CB70700019386770373
:106B40003717003E54C3FD173EC23716003EB70646
:106B5000000258420127758F630B072AB7070540CB
:106B6000372700209507232CF70A0F00F00F02C6E5
:106B70008327870B93F707046385072A930740024F
:106B80001CC7B727003E0D47D8C797000000E78015
:106B90006096E2704274A2740279E269426A014529
:106BA000216182809797DCE09387C7729C43852799
:106BB0001797DCE02320F772B787002083A707C26E
:106BC00093F70704E38207EC9797DCE023A40770B0
:106BD00089471797DCE0232BF76E7DB59797DCE0AC
:106BE0009387476F9C4339479B861700B687636737
:106BF000D7001797DCE0232FF76C79B59797DCE087
:106C000023AA076C8D47F1B7B737002023A00710E0
:106C10003707103E85471CC3370750361CC337075C
:106C200051361CC39306F04737870020232ED7C068
:106C30009306F007232ED7C03707803E1CC32320BE
:106C40000700914779B7B787002083A707C213973A
:106C500017039547E34F07F605BD378700208327C5
:106C600007C2B70600408127D58F2320F7C2370718
:106C7000803E5C4391668127D58F5CC3994791BF65
:106C800085473707203E1CC33707083E1CC397972C
:106C9000DCE023A107649D472DBFB787002083A7B1
:106CA00087C093F70708E38107DEA1471DB7B787C1
:106CB000002083A747C113978702A547E34B07F03E
:106CC000E1B3414597F0FFFFE780C07C414597F075
:106CD000FFFFE780207CB70611209846138609C085
:106CE0000127518F98C6372711201C478127D18F44
:106CF0001CC7A947F9BDB787002003A747C183A6D2
:106D000087C2012713960602635506020547979628
:106D1000DCE023AFE65A370700DB23A2E7C2377770
:106D2000F0B71307077723A6E7C023A8E7C0AD474E
:106D30004DB51B5707011377F707B14663E0E6022D
:106D400009479796DCE023A5E658370700DB23A226
:106D5000E7C223A627C123A827C1D1BF0D47979615
:106D6000DCE023A7E656370700FF23A2E7C223A6ED
:106D700087C023A887C065BFB787002023AE97C010
:106D80001307F00723AEE7C09797DCE093874754DB
:106D900098438547631AF7049797DCE023AC0752C2
:106DA000B14705BD9797DCE09387C7529C431B878B
:106DB0001700BA87E37FEAE29797DCE023AC07503D
:106DC000B54701BDB787002003A787C2370700FF7B
:106DD00023A2E7C223A687C023A887C023AE97C0FB
:106DE0001307F00723AEE7C0B947E5B39797DCE098
:106DF00023AE072051B910439107110723AEC7FEF8
:106E0000E3EBD7FE75B1A24785273EC415B3124701
:106E1000012709C712477D373AC225BB3EC20290FF
:106E20000DBBB24785273EC6A1B38947630EF50265
:106E300063CFA70005479797DCE09387A7616306B8
:106E4000E5009797DCE09387E7523E8582800D4707
:106E50009797DCE09387077CE309E5FE114797A746
:106E6000DCE093872789E1BF9797DCE09387876C05
:106E7000E9BF2A96AA876393C70082802380B70060
:106E80008507D5BF9307F6FF63F8A5003387F500A4
:106E900081476362A70201A03307F5008147636C55
:106EA000B70001A0B386F50083C606003307F500DE
:106EB00085072300D700E317F6FE82804D713EF46C
:106EC000A2774AFA5AEA5EE662E2E6FD86E6A2E2C6
:106ED00026FE4EF652F256EEEAF9EEF53A8B9C6338
:106EE000186236E893764800338CE5003307FB00E0
:106EF0003AE01B87060032F03AEC2A89AE8CFD5B43
:106F000011E74267FD17B30BEB40BE9B13861B00D6
:106F1000B377760181E7C2676378FB02A277755584
:106F200023B00700827723B00700B6601664F274BE
:106F30005279B279127AF26A526BB26B126CEE7CB1
:106F40004E7DAE7D716182808337090483260900FE
:106F5000930550033EE40324490083398903832DBC
:106F60000902032A4902032D8902E3E9D57A171E93
:106F70000000130EEE701395260072950C41F295E9
:106F800082858547232EF900233409002328F90040
:106F90001374180071E4DA8AE6848149014D014ACC
:106FA000814D094663F7841F850483C6F4FFB396B9
:106FB00086002124B3E9D900E37686FEA1AA1377DF
:106FC0002800054511E3715505472320E900DA8AB9
:106FD000E68405476305E50071576318E510A2676D
:106FE0007D5723228900331487002330F90413448A
:106FF000F4FF8277B3793401233C39032320B903AA
:10700000232249032324A903B384944184E3A27770
:10701000B38A6A4123B05701E34905F0856593853A
:10702000055B33F3BA028327C901416E453E1396CF
:10703000070341929BD70701E39B0A769B970701C1
:107040003B87C700232EE900E31105EE13781800F3
:10705000E30D08EC83270901E389E7EC7955F1B5E5
:107060008149368D368AB68D3684E3FA8CF583C530
:107070000C0093861C002324B90063FB860703C51C
:10708000060093841600832689002326A900054A5A
:107090009B958600A99D7D45BBF5A50291E98335A9
:1070A0008900161A3D0A33FA4501611A333A400144
:1070B000E267012A8DE39BD64600A1268545BB9554
:1070C000D500216E05456366BE00B356D60013B5E4
:1070D0001600336A4501DA8A630B0A02029013072D
:1070E00040022320E900DA8A7D551D476F00D063F6
:1070F00013772800054511E3715509472320E9005E
:10710000DA8AB684F9B5E6868DBFE684C1BF8946C2
:10711000E3F986E893F679009BD516001B06D4FFA9
:10712000232AD900232CB90093D939001B04060067
:10713000639B05201D8A6363C40893767400B3D9EA
:10714000D9006198014A61CC9D4663F3860A931683
:107150000A0281923306D9008D66B2962384369353
:10716000613493D98900052A8D46E3FE46FD8D667C
:10717000CA9603DA869283D6A69293C6F6FFC21603
:10718000C192630FDA0C0290130770022320E9000A
:10719000A1BF13772800054511E371550D47232042
:1071A000E90005BDDA8AE684EDBB137728000545C2
:1071B00011E371551547E5B7DA8AE684E3F784FFF2
:1071C000850483C6F4FFB3968600B3E9D9009B0615
:1071D00084001B8406009D8AE362D4FEB9BF137746
:1071E0002800054511E37155194755BFDA8AE68431
:1071F0001D46E3F684FF850483C6F4FFB39686003C
:107200002124B3E9D900E37686FE91B713772800ED
:10721000054511E371551D4759B7DA8AE684E3F74E
:1072200084FF93160A0283C5040081923306D900B5
:107230008D66B2962384B692850435B7DA8AE684E1
:1072400099B79D4663F0860493FDF90F613493D995
:107250008900826763F6FA042380BA017D3A850AC1
:1072600063070A0A79FC826763E2FA0625471DA8CC
:1072700013772800054511E371551307300305B74F
:10728000DA8AE6841D46E3F584FF850483C6F4FFAD
:10729000B39686002124B3E9D900E37686FE6DB764
:1072A000130740032320E900094581B5DA8AE68403
:1072B0004DB7DA8AE68445BF13772800054511E308
:1072C000715513076002E1BDDA8AE684E3F684FFB4
:1072D0008267B3069C40338657416373D600B286FB
:1072E00013160A0201926373D600B2863686A6850B
:1072F000568542FC36F897000000E780E0B8C27679
:1073000062783B0ADA40B694B69AE31E0AF4832602
:107310004901858AE38D06DE93767400E36ED432EC
:1073200093767400B3D6D900619863F49C00E3159A
:107330000434FD59B399890093C9F9FFB3F9D90011
:10734000E300043401A08D466398D50002902947DC
:1073500035BDDA8AE684DDBF8546639DD508130610
:10736000001205652326C902130585DE13060002F7
:10737000930689042328C90295454A9542FC36F8AC
:1073800097000000E78020AF6278C2761306890D6F
:10739000A1458506A38FB6FEE39DC6FE130689149C
:1073A000A5458506A38FB6FEE39DC6FE1306091606
:1073B0009D458506A38FB6FEE39DC6FE130689167E
:1073C000A1458506A38FB6FEE39DC6FE032E890167
:1073D000635C0E140D45054EF54EB3069C40635E8E
:1073E000D5588267B38657416347DE6AB94663FC66
:1073F0008658C5AB014A13160A020192971600007F
:107400009386C668B29683C606006367D408931550
:107410000A0281919716000093864667AE9603C6CE
:1074200006008546052A1B050600BB96A600FD360C
:10743000B3F6D900119CB3D9A9001386850017159E
:1074400000001305A5638A05AA958C410A064A9691
:10745000AD9E54C68946E3F046FB0965130585B821
:107460001306001281454A9542F897000000E78014
:1074700080A04278014A832649036366DA04CD4638
:10748000232AD902A1B713772800054511E37155C6
:107490002D4731B3DA8AE68493160A0281921716D1
:1074A00000001306A65EB296E3FF84FD850403C6C2
:1074B000F4FF33168600B3E9C90003C60600212491
:1074C000E364C4FEA9B7894663F2860493150A02F1
:1074D0008191971600009386E656AE9683C6060005
:1074E00013F679007534B305D9008966AE96238406
:1074F000C6B893D93900052ABDBF137728000545C2
:1075000011E37155394761B9DA8AE6840946E3F631
:1075100084FF850483C6F4FFB39686002124B3E973
:10752000D900E37686FE5DB7130600048145A808FE
:10753000C2E472F897000000E780E093427E856E17
:1075400013860EDA93180E0293D80802B386C80287
:10755000814513860E80F2E046FC138586164A9517
:1075600036F897000000E7800091C276856E13859B
:107570008E9636951306004881454A95970000007F
:10758000E780608F83278901C276E278139607022D
:10759000019221060A064A96066E2668832FC600C7
:1075A0003306D900B285814E85056394DF0502ED6F
:1075B000930281052C099303410D814F014583A658
:1075C000420091059102359DBB86F6019B9F1600F6
:1075D00023A2F501E395B3FEC1666384DF128546FD
:1075E00063F1A6120290130730022320E9007D55B3
:1075F000CDB283C675049811852E8A06BA9603A566
:1076000086F7052523ACA6F645B7DA8AE684D9BF06
:10761000034E86049B050E00B9C9130F010E939605
:107620002500FA9603AF86FB81439B021F0023AC23
:1076300056FAAE8293761F009B931300B3E3760055
:10764000FD3281231B5F1F00E39602FEA94663E61D
:10765000B604260E33EECF011B1E0E0185461B5EBF
:107660000E41BB95B6009306F03F63FB7600852F75
:107670000506E39FFEF989466395D718014A1DAABE
:10768000939603028192BA969386060B8606CA9653
:107690002394C601BB837500F9B793F6F33FC696F2
:1076A0008606CA96039E861663160E002394A616B7
:1076B0002A8E79359BD393009BD3130093F6130046
:1076C0003B0EDE40134EFEFF012E639A65003A9E8C
:1076D000130E0E4B060E4A9E2314FE0149BFB3063D
:1076E0001E018606056ECA96F296039F86961B0EAD
:1076F0000F0063160F002394A6962A8E7935FD3568
:1077000065BF021E9306006D135E0E02814F7D550C
:10771000B388D8022D433307DE02A1BFB94663E721
:107720008604B3069C4005466349D612856593F6E8
:10773000F93F138605E5B2968606CA96039E860033
:1077400063470E0C9B569E4099C26371D40263FC42
:10775000840F83C6040013861400B284B396860097
:10776000B3E9D9002124B946E3F286FC856593F696
:10777000F93F138605E5B2968606CA96839686007B
:107780001B850600634B050E1356954013F5F61F37
:10779000BD469B0D0500B3D9C900119C63C3A6105B
:1077A00093160A0281923306D9008D66B29623861B
:1077B000A692052A0326C90283260903B19EE36F18
:1077C000DAF46399461B8D669386C692CA960216B2
:1077D000B68501921305890442FC36F897F0FFFF45
:1077E000E780806A8365C902C2760366090305657E
:1077F000130585DEB6954A9597F0FFFFE780C068D0
:10780000627883268901FD36232CD900C1B6A946AA
:10781000E3FF86F2294693850525B3D6C900134EAA
:10782000FEFF858AF296AE968606CA96039E86006D
:107830001B051600E35C0EF29B0626001B060500E6
:10784000E37DD4FC29B713772800054511E3715572
:107850004147B1B2DA8AE684DDBD83C614001B0657
:1078600084008904B396C60003C6E4FF331686007D
:10787000D18EB3E9D9004124D5BDA946938505250C
:107880001B861600B3D6D9001345F5FF858AAA9644
:10789000AE968606CA9603958600B286E34205FE3A
:1078A000C5BDC146631BD50063190A00C14D0290D6
:1078B000454725BBDA8AE684DDBF9B870DFF93969B
:1078C00007028192971700009387C71CB69703CDD4
:1078D00007006364A4091B860DFF931506028191BE
:1078E000171600001306861B2E96854603460600D3
:1078F000BB96A601FD36B3F6D9000D6EB19E1305F9
:10790000CE9213160A0201924A9532954146B3D996
:10791000A9013B04A4418145639ACD001B06FAFFEF
:10792000021601924A9672968345C69213960602F3
:10793000019242FC36F897F0FFFFE780C053C27611
:1079400062783B8A4601BDB513772800054511E3EF
:1079500071554947A9B0DA8AE684E3F784FF8504C4
:1079600083C6F4FFB3968600B3E9D900212495B706
:10797000DA8AE684029055478DB9394663638606F4
:1079800005466352D60283C614001B068400890490
:10799000B396C60003C6E4FF33168600D18EB3E962
:1079A000D90041243DA893F6F93F9386060B86063D
:1079B000CA9603958600634605069B56954099C274
:1079C0006371D40263F8840983C60400138614002B
:1079D000B284B3968600B3E9D9002124B946E3F412
:1079E00086FC93F6F93F9386060B8606CA96839625
:1079F00086009B85060063CA050613D6954093F55D
:107A0000F61F9306F00F1B8A0500B3D9C900119C1D
:107A100063C8B610826763FBFA0623804A01850AB1
:107A200055BAA946E3F086FA2946B3D6C900858A35
:107A3000898E9386F64A8606CA96039586009B052C
:107A40001600E35005FA9B0626001B860500E37E20
:107A5000D4FC8DBF13772800054511E371555D47B0
:107A60006FF0EFF3DA8AE684B1BFA9461B861600F1
:107A7000B3D6D900858A8D8E9386F64A8606CA9635
:107A800083958600B286E3C305FEA5BF614719B89A
:107A9000DA8AE68441B763E78E0203C6140083C620
:107AA000040091042206558E83C6E4FFC206558E5B
:107AB00083C6F4FFE206D18EB3968600B3E9D900FF
:107AC0001B04040293F6F93F9386060B8606CA96BA
:107AD0008395860063CB05161BD695401B8A05004F
:107AE000119C93760A10B3D9C900228695EA93F6C1
:107AF000F93F9386060B8606CA96039F8600634865
:107B00000F161B549F402380BA0093760F10B3D9F1
:107B100089003B048640638E0616850A1B0A0F0007
:107B2000137AFA1F930600106303DAFE1B0AFAEFBA
:107B3000021A135A0A0297170000938727F2D29766
:107B400003CD0700060A971600009386A6EB369A27
:107B5000031A0A0063000D02636CA4158546BB96E8
:107B6000A601FD36B3F6D9003B04A441B3D9A9015F
:107B70003B8A4601B94663E58604B3069C40054648
:107B8000634BD61893F6F93F938606788606CA9615
:107B9000039E860063490E129B569E4099C26371F4
:107BA000D40263FF841583C6040013861400B284D4
:107BB000B3968600B3E9D9002124B946E3F486FCE4
:107BC00093F7F93F938707788607CA9783978700CB
:107BD0009B86070063C1061613D6964093F6F71FDF
:107BE00082168192971700009387C7DFB69703CD5F
:107BF0000700B3D9C900119C8606171600001306AA
:107C000066DAB296839D060063000D026364A417D2
:107C10008546BB96A601FD36B3F6D9003B04A441C8
:107C2000B3D9A901BB8DB601C26793960D028192AB
:107C3000B387FA403EE463FDD714E267638A071412
:107C40000290130750026FF06FD4A9461B861600EE
:107C5000B3D6D900858AB385B6409385F54A8605A3
:107C6000CA9583958500B286E3C205FE85BDA94607
:107C70001B841600B3D6D900858AB386E641938665
:107C8000F64A8606CA96039F8600A286E3420FFE46
:107C90009DBDA380EA01890A6FF02FF413772800B5
:107CA000054511E3715565476FF06FCFDA8AE684B9
:107CB000E3F684FF850483C6F4FFB3968600B3E938
:107CC000D900212451BDA946E3FD86EC85652946EE
:107CD000938505B8B3D6C900134EFEFF858AF29688
:107CE000AE968606CA96039E86001B051600E359CB
:107CF0000EEC9B0626001B060500E37DD4FC55B563
:107D000013772800054511E3715569476FF02FC9B6
:107D1000DA8AE68479B583C714009B068400890457
:107D2000B397D70083C6E4FFB3968600D58FB3E937
:107D3000F900412471B58565A947938505B81B866F
:107D40001700B3D7F90093C6F6FF858BB697AE97A9
:107D50008607CA9783968700B287E3C206FE49B5B5
:107D600013772800054511E371556D476FF02FC358
:107D7000DA8AE684E3F684FF850483C6F4FFB396CB
:107D80008600B3E9D900212451B5DA8AE6844DBDD5
:107D9000A2675686B386D740C267B3F67601BE9611
:107DA00063F3DA00368693150A02826781912E9674
:107DB00063E2C706094663664607630D0AE083C5AA
:107DC00006002380BA006316CA0083C61600A3808B
:107DD000DA0093160A028192B69A6FF0AFDF1307AA
:107DE00050036FF02FCCDA8AE6848267E3F9FAFE5B
:107DF000A26793960D028192B386D740C267B3F60D
:107E00007601850ABE96A26783C606008507A38F02
:107E1000DAFE3EE4D2867D5A638E06DA1B8AF6FFCE
:107E2000E9B783C506008D0A8D06A38EBAFE83C509
:107E3000E6FF753A238FBAFE83C5F6FFA38FBAFE1D
:107E40009DBF13772800054511E371551307000204
:107E50006FF0EFB4DA8AE684E3F584FF850483C625
:107E6000F4FFB3968600B3E9D9009B0684001B8417
:107E700006009D8A6FF08FCAFD1461346FF0EFCA5F
:107E800093761800D9E6130720022320E900014564
:107E90006FF0AFA52DC89D4663FE860293F6F90FDD
:107EA000613493D9890003260901052A1B1686002F
:107EB000D18E2328D9008D46E3E746FDE1BF137735
:107EC0002800054511E37155130790026FF02FAD9F
:107ED000DA8AE6841D46E3F484FF850483C6F4FF52
:107EE000B39686002124B3E9D900E37686FE7DB7F8
:107EF00013772800054511E371551307A0026FF0B1
:107F00000FAADA8AE684E3F584FF83C604008504B9
:107F100059BF014ACDBFDA8AE684B5B7DA8AE6846A
:107F20006FF0EFECFD14613463FB9C8AE36C87FE19
:107F30006FF0EF8A03470B00A128210B319F034606
:107F40009BFF399EBB06C700BD9E8347ABFF3B87A7
:107F5000C7008347BBFFB99EB99F0347CBFFBD9EB8
:107F6000B99F0347DBFFBD9E3D9F8347EBFFB99E53
:107F70003D9F8347FBFFB99E3B86E700BB87C6005A
:107F80001B87780002170193E36667FA3B87684115
:107F9000BB0667018216819263ED6600B38A6A4070
:107FA0003B76C6032E83BBF7C7036FF0EF8881488B
:107FB000C1BF050B8346FBFF359EB19FD1BF117139
:107FC000A2F9A6F5CAF12A842E89B2848145130646
:107FD0000007081036E086FDCEEDD2E9D6E5DAE1FD
:107FE0005EFD62F966F56AF16EED97F0FFFFE780DE
:107FF00080E8033709008266FD5781933366D70016
:1080000063E7C72A867726F036D422FCBAC082DC22
:1080100002E182E802F882E402E591E797E7FFFFD8
:108020009387874FBEF0A67791E797E7FFFF938787
:10803000874EBEF446758677AD64138604B18545D8
:108040008297715463050522AAEC23200500854719
:10805000330795000D6A2326F7B05295E669233061
:10806000F5B0BD47233C05AE2324F5B0638B092250
:1080700033844901832A84B0032704B0CE9423209B
:1080800004B083A7C4B0B32A5001A10AA25B63C4A1
:108090000722832744B093E717002322F4B03DCB97
:1080A0008367010462778275821BBA863EEC13E80F
:1080B0004A003C08100893DB0B024E855EE897F0FF
:1080C000FFFFE780E0DF4267A256FD5593D7050228
:1080D0003378F700999E4277027623A6A4B04297A0
:1080E0003AF803E7C901429632F03AE16266064780
:1080F00036D4E276119FBAC02667F18FBE96BA9742
:1081000036FCBEE46349051A6306051823A6B4B01D
:108110006D5499A28327C4AF130ACAB04E9AF1EBEB
:108120007D5CA16C216D135C0C02FD1C854D836789
:108130008102032784AF82753EE8BB07ED408217BA
:108140000217819301933EEC52973C08D2861008A7
:1081500056884E8597F0FFFFE78080D6C267A2560B
:1081600023A6A4B0B3F587019D9EC2770276064B85
:10817000AE973EF883E7C9012E9636D43EE1E2473A
:1081800032F09B060B00232EF4AE2A8763F3D70050
:108190003E8B836584AF93160B026275819236869F
:1081A000D2953AE436E097F0FFFFE780E0CD8266B3
:1081B000E27726662267B6973EFC86473696B2E49B
:1081C000BB8567418327C4AFAEC0BB8667418327A9
:1081D00084AF232ED4AE3B8B6701337B9B01232CD2
:1081E00064AF634A070C6314B70BE3830BF2A1F18E
:1081F00005B786441B87040063F3E700BE840D6463
:108200004E94836584AF939A0402627593DA0A02EE
:108210005686D29597F0FFFFE78000C7E277266683
:10822000D6973EFC86475696B2E4859FBEC083270C
:10823000C4AF3B879740832784AF232EE4AEA59F2E
:10824000C617C593232CF4AEAD67BE9983A7C9B0FA
:10825000D98F8127A1C30144E66581C54675A677FC
:108260008297ED576315F400A25791E37554228568
:10827000EE704E74AE740E79EE694E6AAE6A0E6B95
:10828000EA7B4A7CAA7C0A7DEA6D1161828025F333
:10829000E39006E8A667E6652330F90089E5014426
:1082A000F9B7795455BF4675A6778297CDBF7974D3
:1082B0001304048F6DBF755445B71787DCE71307A8
:1082C00067D49787E4E79387E7D3998F3707080048
:1082D0006373F7000290B70701022D47A1072FB083
:1082E000E708B727002023AA07161787DCE913073A
:1082F00067D1B706000A9787E4E99387A7D063732D
:10830000D7000290B706000C63E3D700029063F336
:10831000E70002903387E740935717019316F7025F
:1083200093F7F70F81C6852793F7F70F114763730C
:10833000F7000290B71701021307F00F938607802A
:108340002FB0E608938687802FB0E60893860781D2
:108350002FB0E608938687812FB0E60893860782C0
:108360002FB0E608938607832FB0E60893868783AD
:108370002FB0E608938607842FB0E608938687849B
:108380002FB0E608938607852FB0E6089386878589
:108390002FB0E608938607862FB0E6089386878677
:1083A0002FB0E608938707872FB0E70897070000EC
:1083B0009387C75E83B807003707020A9306001049
:1083C000017537180102B705020037060A0AB3071C
:1083D000A700130388822F30D3080F00F00F23B0BB
:1083E000170193870704E39CE7FE86060F00F00F52
:1083F0003387B700E31DC7FCB71701021307F00F5F
:10840000938787822FB0E7080F00F00F828037052F
:10841000080A8280411106E4372700208327870855
:10842000B7060080130500028127F58FB7060040CC
:10843000F9162324D70881272324F708FD57232280
:10844000F70885471CCB97E0FFFFE780A0041305E2
:10845000100297E0FFFFE780E0031305200297E09A
:10846000FFFFE78020031305300297E0FFFFE7805E
:108470006002A2600545410182801787DCE0130796
:10848000A7E418439787FEFF9387C70183B8870245
:108490003E8831EB85471787DCE02327F7E23785F5
:1084A000B8ED0547130505321783DCE01303832B72
:1084B0009B0707002146BE8613FE17009BD51700B9
:1084C0009B87050063050E00B347B50081277D3605
:1084D0001376F60F81276DF28A069A9605279CC2BD
:1084E0001377F70F71F77D579786DCE9938686B18E
:1084F0007D569785DCE09385E52631A883C7060085
:108500008506B98F93F7F70F8A07AE9788431B57F5
:108510008700298F0127FD18E392C8FE03258801F3
:108520001347F7FF198D13351500828000000000F6
:108530002A83B682054323A06200014323A262007E
:10854000328323B462002A8323B862002E8323BCC3
:1085500062001B03F00F1313830123A262000D437B
:1085600023A062000F00F00F8280AA8203A3020002
:1085700013732300E31C03FE23A0020082802A83DE
:10858000AE8311C6230073007D16050365FE82804D
:108590002A8309CA83830500230073007D1605031F
:1085A00085056DFA82802A8309CA8393050023100A
:1085B00073007916090389056DFA82802A8309CA36
:1085C00083A30500232073007116110391056DFA32
:1085D00082802A8309CA83B30500233073006116A1
:1085E0002103A1056DFA82802A83AE832A8E23306F
:1085F0000300833E030013030304E34A73FE3703BF
:1086000001022330C321130E0E04E34C7EFE828050
:108610002A83F32340F1854EB39E7E00B3FE6E00A5
:1086200063870E00F96273A00230638203008280C8
:10863000F96273B002308280000000000000000088
:10864000DAE3FFFF64E5FFFF9CE5FFFFC8E5FFFFFE
:1086500006E6FFFF1AE6FFFF40E6FFFF5AE6FFFFD0
:108660006EE6FFFF82E6FFFFB6E6FFFF38E7FFFF9B
:1086700064E7FFFF84E7FFFFACE7FFFF06E9FFFFCA
:10868000EEE9FFFF8AEAFFFF28EBFFFFA0F8FFFFFC
:108690003CEBFFFF70EBFFFF9EEBFFFFA0F8FFFF3F
:1086A00036ECFFFFD6ECFFFF18EEFFFFA0F8FFFF50
:1086B000A0F8FFFF8CEEFFFFA0F8FFFFD8F1FFFF4F
:1086C00038F2FFFFDAF2FFFFA0F8FFFFA0F8FFFF8C
:1086D000F4F2FFFFA0F8FFFFE8F3FFFF14F4FFFF41
:1086E00030F6FFFF94F6FFFFF4F6FFFFA0F8FFFF60
:1086F000A0F8FFFFA0F8FFFFA0F8FFFFD8F7FFFFEB
:10870000A0F8FFFF9AF8FFFF8EEFFFFF8EEAFFFF52
:108710000EF7FFFF4CECFFFFC0EBFFFFA0F8FFFFE1
:1087200054F8FFFF86F8FFFFA0F8FFFFA0F8FFFF57
:10873000A0F8FFFFA0F8FFFFA0F8FFFFA0F8FFFFE1
:10874000A0F8FFFFA0F8FFFF04ECFFFF30ECFFFFF5
:108750006AF7FFFF000000000000000000000000BA
:1087600001000000200000000100000000000000E7
:1087700002000000400000000200000000000000B5
:108780000400000080000000030000000000000062
:1087900008000000000100000400000000000000CC
:1087A00010000000000200000500000000000000B2
:1087B0002000000000000000060000000000000093
:1087C0004000000000000000070000000000000062
:1087D0008000000000000000080000000000000011
:1087E000000100000000000009000000000000007F
:1087F00000020000000000000A000000000000006D
:1088000000040000000400000B0000000000000055
:1088100000080000000800000C000000000000003C
:1088200000100000001000000D000000000000001B
:1088300000200000002000000E00000000000000EA
:1088400000400000004000000F0000000000000099
:108850000080000000800000100000000000000008
:1088600000000100020000001100000000000000F4
:1088700000000200040000001200000000000000E0
:1088800000000400100000001300000000000000C1
:1088900000000800000010001400000000000000AC
:1088A0000000100000002000150000000000000083
:1088B0000000200000004000160000000000000042
:1088C000000040000000040017000000000000004D
:1088D0000000800000000000180000000000000000
:1088E000000000010000001019000000000000005E
:1088F00000000002000001001A000000000000005B
:1089000000000004000008001B0000000000000040
:1089100000000008000000101C0000000000000023
:1089200000000040080000001D00000000000000E2
:1089300000000040080000001E00000000000000D1
:1089400000000040080000001F00000000000000C0
:108950000000008000000020200000000100000056
:1089600001000000000000012100000001000000E3
:1089700002000000000000022200000001000000D0
:1089800004000000000000042300000001000000BB
:108990000800000000000008000001C0BEEEFFC09B
:1089A00001000200030004000500070009000D009B
:1089B0001100190021003100410061008100C10057
:1089C0000101810101020103010401060108010CFA
:1089D0000110011801200130014001600000000079
:1089E000000000000101020203030404050506065D
:1089F0000707080809090A0A0B0B0C0C0D0D0000EB
:108A000003000400050006000700080009000A0032
:108A10000B000D000F001100130017001B001F00BA
:108A200023002B0033003B0043005300630073001E
:108A30008300A300C300E300020100000000000067
:108A400010111200080709060A050B040C030D0299
:108A50000E010F00000000000000000000000000F8
:108A600001010101020202020303030304040404DE
:108A700005050505000000000101000001000000DF
:108A800004000000000000000505040000000000D4
:108A9000020307000000000003030B0000000000B9
:108AA000040000001400000003000000474E5500C1
:108AB00011D6423BBC80F9CDE658627F88307B11ED
:108AC0009E84400A0000000000000000000000003A
:108AD0000000000000000000000000000000000096
:108AE0000000000000000000000000000000000086
:108AF0000000000000000000000000000000000076
:108B0000004001080000000001000000000000001B
:108B10000000000000000000000000000000000055
:108B20000000000000000000000000000000000045
:108B30000000000000000000000000000000000035
:108B40001B5B324A1B5B481B5B306D0D0A4853535D
:108B50003A206465636F6D7072657373696E672028
:108B600066726F6D20654E564D20746F204C32201A
:108B700053637261746368202E2E2E2000005061B2
:108B8000737365640D0A004661696C65640D0A00C3
:108B900000000000000000000000000000000000D5
:108BA00000000000000000000000000000000000C5
:108BB00000000000000000000000000000000000B5
:108BC00000000000000000000000000000000000A5
:108BD0000000000000000000000000000000000095
:108BE0000000000000000000000000000000000085
:108BF0000000000000000000000000000000000075
:108C00000000000000000000000000000000000064
:108C10000000000000000000000000000000000054
:108C20000000000000000000000000000000000044
:108C30000000000000000000000000000000000034
:108C40000000000000000000000000000000000024
:108C500000000000000000007C0F00000000000089
:108C600000000000444444444444CC8833335BB5A2
:108C70000000000000000000290829082908290830
:108C8000290829082908290829082908290829085C
:108C9000290829082908290829082908290829084C
:108CA0002920290829082908280928092809280924
:108CB000280928092809280928092809280928092C
:108CC0002809280900000000000000000000000042
:00000001FF
