:020000042022B8
:100000006F000010907C01000001222000012220DE
:100010000001222000012220000122200000000017
:1000200000000000000000000000000000000000D0
:1000300000000000000000000000000000000000C0
:1000400000000000000000000000000000000000B0
:1000500000000000000000000000000000000000A0
:100060000000000000000000000000000000000090
:100070000000000000000000000000000000000080
:100080000000000000000000000000000000000070
:100090000000000000000000000000000000000060
:1000A0000000000000000000000000000000000050
:1000B0000000000000000000000000000000000040
:1000C0000000000000000000000000000000000030
:1000D000FFFFFFFF424F4F54204D4F44452031203A
:1000E00044554D4D5920534249430000FFFFFFFF47
:1000F0000000000000000000000000000000000000
:1001000097020000938202247390523081400F10B6
:100110000000814101410142814201438143014488
:10012000814481460147814701488148014981490D
:10013000014A814A014B814B014C814C014D814D5B
:10014000014E814E014F814F735000340145970598
:10015000DEE09385250C88E1174CDEDF130C8CEA7A
:10016000732540F11702DEE71302C2E91302F2031E
:10017000137202FC85453306AC0232921741DEDF72
:10018000130141E81291731040307310403401C9DB
:100190009705DEE09385050888617DD9A9AA977047
:1001A0000100E780005097000000E780402897009A
:1001B0000000E780A02697000000E7800025970058
:1001C0000000E780401B97700100E780205F976088
:1001D0000100E78040D21705DEE01305A519B7C579
:1001E00001009B8505200D461705DEE013058526D9
:1001F00097600100E780809B1705DEE013058533DB
:1002000097600100E780809A1705DEE013058540BE
:1002100097600100E78080991705DEE01305854DA2
:1002200097600100E78080981705DEE013058514CC
:1002300097600100E78080979705DEE0938585EC65
:1002400097600100E780E090170500001305852006
:100250004C4109466383C50001A0147110652A96BC
:1002600008759705DEE09385E5F988E11705DEE975
:10027000130545D997700100E780802C09A097707D
:100280000100E78080568545630AB5021705DEE068
:100290001305450E9705DEE0938535EB9760010069
:1002A000E780208B1705DEE01305C50C9760010081
:1002B000E78080881375050475D501A01705DEE079
:1002C0001305450B9705DEE09385A5E797600100D0
:1002D000E78020881705DEE01305C5099760010057
:1002E000E78080851375050475D505459705DEE023
:1002F000938545F288E10F1000000100010097008E
:10030000DEE9E78020D01705DEE91305A5CF7310DD
:10031000153473104030732500301375F5F7B7E5C9
:10032000FFFF9B85F57F6D8DB72500009B850580C0
:100330004D8D73100530732540F1814573002030D9
:1003400001A000000000000000000000000000000C
:100350006306B500233005002105DDBF8280638977
:10036000A5006387C500146194E12105A105D5BFEF
:100370008280411106E4178501001305A5849705C5
:10038000DEE0938525C81706DEE01306A6C89700B1
:100390000000E78000FD178501001305A58697057D
:1003A000DEE0938525D61706DEE01306A6EE97005D
:1003B0000000E78000FB1705DEE01305A5F09705B8
:1003C000DEE0938525F297000000E780A0F817058E
:1003D000DEE0130525F39705DEE09385A578A2609E
:1003E0004101170300006700E3F68147630CF60044
:1003F0003387F500834607003307F50085072300A0
:10040000D700EDB782801707DEE91307A7BF97076C
:10041000E6E9938727BF15A01707DEE7130787BE16
:100420009707E6E7938707BE09A81707DEE01307DB
:1004300067BD9727DEE09387E7BC233007002107DD
:10044000E34DF7FE82800000000000000000000085
:1004500055838BC002000000700000000000000007
:10046000E5E089EB08AC28FF83820356000000001A
:10047000FC5501000000000050AE0200000000002A
:10048000000000000000000000000000000000006C
:10049000000000000000000000000000000000005C
:1004A000000000000000000000000000000000004C
:1004B000000000000000000000000000000000003C
:1004C00078DA8CBD0D5C1347FA383EBB9BDD2520E6
:1004D0006F460888B68105523DCFB3A262D552500F
:1004E00092157CE9CB1539BD6BBFE816A8DA5A5FC7
:1004F000E1B4478F1036312822AE1029D8222A289D
:10050000D7522BC554AD025AA0EA695FEE94BE5C87
:100510007B6880A8558B0A449097DFCCEE06B0E745
:10052000DDFFEFE7137667E699679E79DE677676FB
:10053000B50200844C00ACF0EAC8CC1CA74EC481C4
:100540008AA6771857D3A47A21E8568D5A38B02155
:100550002CFAAE7A3D095478D64A157E8F50ADC735
:10056000FB785D04F5013E75973A06C26058DFE8F6
:100570007CF50AD8135FD1C2CFC3E66DF0899E0225
:100580007FD3B8A59B68A9FEDA4F7C6AB5B9028F04
:10059000DAB5C1079F86307A36A86900C76A22A5F6
:1005A000B14B890D2F808060FD061F3DEC4B4DF94E
:1005B000A5F448CA06F0824F57AD0CE72FC1693049
:1005C0000833859AF25669C7EB1B7C12A7DCD7BEAD
:1005D00030C53ECE399095A982ED520F0C6C188D26
:1005E0004F63A6BDA4B81F02A608DF1C05C2BDA9A3
:1005F0004038331570661C54E318506159772694BF
:100600004A77863BFED78D53B314FE9DA8D7FD10C5
:100610009F69FED7503FFF76FC26D5EA756B74C7FD
:10062000D8074FF495B594B7565EAFBA75B4E35892
:10063000E78907A7FBE65ED5B7C5DF587CFBA5BBFE
:100640004BBA96F5BCDA7FED6A7BDBCD1B776EDFAC
:10065000BBDBDDD5DB33D0BF214C330D0BE35812B0
:10066000588F20BAA3E3943722480CDC0F03D3AC95
:100670003E18AC69092B4BBAB61C5F3F77C3B50D6A
:10068000D46BE5AFE993DB93A9B4F2347D7A7BBAFE
:10069000FBEB95AFC7AFBCB9D27D4BE596F8B76F12
:1006A000BEEDF546D51B8BDFBCF3A6D73B55EF2C33
:1006B000FEEB9DBFEE5AB161E7E86947E15F7C4A16
:1006C000D9FAB9CB3700CD14347F6F1F000C3158E5
:1006D0000C36D730179B679887C51A620D7A8C3510
:1006E000B0D87CC37C2CCE1087C51BE2B105860533
:1006F000D842C3426C916111B6D8B0187BDEF03C91
:10070000E4FEB4AC4C897F1C550398292408267F4D
:10071000ACCDCAE42C0721DF1AC098E5BBAF069325
:10072000FBC8CBB02EC6976A552740C992BACFAC4A
:10073000F02AF00D27D54B6099D2D74B7202FD728B
:10074000FB19B9BD5E9D22B69F96DB1FAA6BC4F64E
:100750003A6B8DD87E53D68307523D2C6F2261BDF4
:100760006E6E59520CA626004805F66EAB1638057B
:10077000335DA08657156DDECDED70006B38AC3360
:10078000350ADCD666E0336FE7D97CDA97B6DF6AE4
:10079000861AA1A6A0E650E1DF400D1A50D1155FE0
:1007A000738A76DC4ABB0D0866C757CA43B016E2A7
:1007B00060BF927036E5315368104CDB17215D0243
:1007C000C3FF70D78D8F7449437F5E78157777D5D7
:1007D0003FB38EEA0B799009986907FAAACC4C4886
:1007E000679F3132BBAFE46D665AE700313DBBCF46
:1007F000DA21CE6B4E256A1B306A63070C5A4B9385
:10080000A403490A58EE3BCD8B70D162CDD78F83BC
:100810006BC18275D616518F82269AAD36C831B318
:10082000B6668F5DBA337F52C2591C1264F420C27F
:1008300048EA659C525DC7E37096422B86300356AA
:10084000208ED0F658FA7A45983EAB46EC617F1C74
:100850008CE68108B116DDD7A91E0701BA652C22E6
:100860002792221E0753771F71EDB3D551BC444F19
:10087000DD0723A9CB6C1ED9876F42D72893B5011A
:10088000831A72F05B35BCAAC88327241AC05FE5BF
:10089000F9DD9147153144EFF8EF18F87F4A18F861
:1008A000E31286962D1286CC9B320691F399F7FEC1
:1008B0003B86E4AF240CC936990F6932FFDA4762F0
:1008C00048F2FEEF18747F9730E86A240CA5EB65B8
:1008D000D95D93F4021CFC1FF47F21F5253F91E9BB
:1008E0005F23D3FFD3AFB5ABF495FF8E25EC73092F
:1008F0004BD851094BE62A59BEDFCB9E77C3FF98F0
:100900007F9DD4B7ED883CFF1479FE57464A31E904
:10091000F4FF98FF67F2FC3F92E7BF429EFF37C3A8
:10092000322CDDF1A88E945A46CC4FA23501D5B8B1
:10093000DAC164D93EB24A3802F63C6165E688D62F
:10094000D95FC2A9CC6A80EEF6D87D75D65234BF85
:10095000BAB7453C53D07DCB674472AC68C7DB5710
:10096000A3BF3BDF126D7A03C69E36C9B6B0EB7FDC
:10097000D9BDB5028D4BBF3D6C97750D8832EC111A
:10098000BBAC3BF6587B3A6B18C9B30F1EEB0FEAB2
:100990000C23EC5253F958FB3E6D186175A0EFB172
:1009A000F6FDD9C8B134FB1E4BCF899178EA963E4B
:1009B000961E9B61849EB7D43E969E9A9130A53F29
:1009C0003D969E6A49D792163EAE35F3E391D466C2
:1009D000163D0E26FA2389F72CF7BF643E2CE9E872
:1009E000F7AEAD9DBB31787956E6E675546748079A
:1009F0000860E61CE883EDFD3245AF8BF7229F418E
:100A0000261C311C8DF8F948FE1C92ED23E671ADD1
:100A1000D1E5C3B84A5F295B8B6FD4FD6A2CA83B34
:100A2000132185DAD87EA8B7228F335FB8AF8DBE89
:100A30007B3AD3643668D5152823736CCE521B8459
:100A40001DF4092B9C15843CC14358097FF1C85102
:100A5000B92B349075EB3D541364A6413ECB053A57
:100A60008148854867CB5DDF4368345113E5BAD2CE
:100A70007FB8AC206901D4FC7EC42551F3FB45CD81
:100A8000EF97355FF2E6DC2BEB4CAD652D996E9060
:100A9000FA5E265C31C0842A065C148B1289CC7EF7
:100AA00008ED608E382B910681EEA0B9DB0E80CA6E
:100AB000F2B89236FDB5D23CA41F82D86F03C9723A
:100AC000390EC03779B2DC7B0E9C67D1EC0CA52ABD
:100AD000720A69DD298E3FBBD29CDB24D587C1FA1F
:100AE00017E4FACC672ACD4517A47AEC902CBD1DEB
:100AF00018F02DC580C49DDC2649F7347910F24BDF
:100B00005EA73E88328DB059D64C717C7DA5D9E068
:100B100080FD431137B3217CFE85217A1FCA7C32C8
:100B2000487DDA66487DEA622BCDDC56DA47929240
:100B3000F9FF8CA9B1039294989948EB14FD9FBEDC
:100B4000857088F292B416C6D0BD76EB31E8F34CCE
:100B5000264E0DAF2ACAF4A640966AD435C8FF3592
:100B6000245BA3C591B6A3DE2AB319FCAAFFBF4735
:100B7000F44F96FBAF14C83A57FFE572FFADE2E8B9
:100B800089927570BC031C2C45D99DF52BD11B4057
:100B9000BEDFFEC1353B45BF8C3BADD21C65B6B058
:100BA0009CB71347BD3FF92BFAFB2D87FE7EF63627
:100BB000110E31E9445E48B1E40B51F3A08C3FEFD4
:100BC00013F55D8AB3E9FFC1B3AF37AF0BE9040199
:100BD000107A72679F649DA9134AB822BB819D7EDB
:100BE000486D13F57B9B31F5F37E9973D3440D1A51
:100BF00040ED4F1F92E1C3456B1E80D63C05B52AE0
:100C0000064AB8283EE43F6C69480BC3451CFD50BA
:100C10000BA748B621CE7340CE40FE206A9D44EF1C
:100C20001B23EA7F3FAC99A547C47BC957E50ED784
:100C3000B750C3F09A45C3F7A58B87ED1C4CC4741D
:100C4000599988165F967BC349A96D503274C50BBC
:100C500039687EF36CE160D4096B96B9441F49830F
:100C6000C10CB541DB9357D2989569AC30B90DD71B
:100C70003007BADDC4BA8047EA02C4BAA71EA97B0E
:100C80004AAC9BF948DDCCAC4C03EB77B1D2AC6EEF
:100C900042FC4D2D7EA694C19AC17E8C063CADA42B
:100CA0008D8D3468EB8D3057449374905A0DAC8D14
:100CB0003860B6B6EFF164D1DD7E63FB9E081EB6E8
:100CC00091417E7E40B5A9CD3B2B538AA48E446EC4
:100CD0006C57808D069A715791648C4DAC87E07487
:100CE0007823FD67144EF771CB992C1AC0BFD93405
:100CF00008586E64CD40706851CB50897DA4A41E05
:100D00002AD198E0747A316E234A9EAE124B08CEF7
:100D1000666FC6DD89BB4A8EA192596A1B2595680C
:100D200042EE375CF278A444BB4AA85FBAD84FA41D
:100D30005921D28CFE9A68C598E5775361F4D68C18
:100D40006B209A1A812A9576634CED901281F221DC
:100D5000191CCD8C01CD703D24B6A6439CB01595D1
:100D6000284284DDDA0E47B8AA67BC9AF131CB3D40
:100D700059D4CACC2401E3DF867ACE21D1DA0A67BE
:100D8000A6C1DF4CF89B037F5348052C2B6059010B
:100D9000CB0A58A6C6354814431ADD86E76D7B6436
:100DA000DE0E917E976CB40BB9715DC046FB0CC929
:100DB000C67C17F1A6A0466EFF83D8AE1DD1FE0BF0
:100DC000C298EF6A7F4D6C6747B4DF46E3FBB9DA40
:100DD000D78AEDA923DA7F4632F375B5FF4E1A1F85
:100DE0003C35D47E0349F872B5DC3E5BA66FB8DDB6
:100DF00081B4E36B573B2BD337DCDE86F425C1D5BA
:100E0000FE7B99BEE176BBE03083175DEDFFC73D09
:100E100029D2F714F229CCD3CE572528ED55C1415C
:100E200063C74FE23B73AB091D893D6BC9CAB499D7
:100E300081C65841873EAB3368554E2711FCA5E06B
:100E4000A4DD5454F4934517043A336AB6D9814764
:100E500096D3D0B752A367273A71036B4939A59B44
:100E60007DB91DE75696035E0BE7ED5D5CE80FE08C
:100E7000026C20D2043484B631C446DD1DECF7C7C1
:100E8000B49BF2CED0DFE531E1DD21CF402F509F82
:100E90001A09C782DAA460429C9A48D61BEDAF8437
:100EA000DA4C687C7D08B2D740BB12C2E56E6B7B22
:100EB00068A36751CC817208AD0D4490C1294C796B
:100EC000B706C147F2400369C18D5A92417D36375A
:100ED0009F36DDCDBBFD83E0A470C397829954207B
:100EE0008C440515924F32556D03F6E2AE01798EB2
:100EF000CCF2743F5D4F1E8C66671374363A7350A4
:100F0000A2C769679E728664658E5FC7A7965F8772
:100F100039F2493EF67CEBA59697FA963C58D6698D
:100F2000BA5569996C89BA7472F7E7C02F9E8FCF52
:100F300058709E5FCC4F6D95339DFB5818375E47B8
:100F4000106C2066604352389F44825B730146AA4E
:100F5000735850B3197C9727F2C76A066D79D591FB
:100F60001D603D9B1139EBD27A16D3FA9E6D185C49
:100F7000AF6B4F6A7C0D0B8B985E0AC2579A56AEC8
:100F8000D872664BC8DBBE6418F4E52A0CFB89995D
:100F900099AF61A60507172B4830D134D112490209
:100FA0002CC62F87D7E532539E0E66E6F86A242AB0
:100FB000EA3A8B95242860B9CC1E5C5044E3C629DC
:100FC00086E0709E78C6A0314EC3828DCF601A88AD
:100FD0000DCED09D97E350CB29D63EAAAB0FE2337E
:100FE000C4F8E972E34D393C1626EF4674A0D1EC03
:100FF0007BA73D7441D7FD68773BDC2B285EC0E1C1
:101000009A4E8C418E1325F3C69D1175AA597B7299
:101010005C7D493DD4232DE23AEB866955A966C033
:101020009439DC880AB3AB74C0557AA518DDA35D8A
:1010300093FB5A5087FB61F95105135BD17D48AA98
:10104000FDB6632006CBCA84F35075017C276A1570
:10105000A84C3C82BA8CABD4D381B5094363DF443E
:1010600091D1DA8EA27E795F9459E0CDF8D14266B3
:101070000AADD8B92298DE4731739A0698100AD87B
:10108000D5B601C17F3A5037A18843DF9C610DE09E
:10109000DCC93D4E268496EB9A6E4DB406CCDBF34C
:1010A00083544ABD39AB2020E6DB1FB232C9D705D5
:1010B0003A9A32E86D5BA1A6B9B97D4154CC0F21B3
:1010C000B72DFA19690CD2968C19CCA10721AAB4B4
:1010D0006EEF60D6C072AB9A804A1D0EAC36449D4E
:1010E000390CC5B5E2421E43BA75398F09ADD01827
:1010F000B44CB853B32FC5A5F1488379CAA5BF81B5
:1011000067BBF2BAA0F6D60C92BA822F4FB1DCF6CA
:101110002E1CF525C268665F2A4F636119B93CCB66
:101120008DEE52706F3540BDA28323CD03FD30C3D9
:1011300072336833F2FC1CD05A7DF2A1DDFCA73E6D
:1011400073EDDDA0D8AA065CCA03C087FFB616D32C
:10115000DDAD45D178880E682736CA07E274591F7D
:101160006AEDCA6BFB01F30DBF6E8BF506F1AD8B1B
:101170005BA85B42B6225419673D0C256F892BE7AB
:101180007CC208E2A01290FA1A5D901F89C976709D
:10119000BB7F0C16D6D581E9AE259D792D6465D629
:1011A0004A12EA30B2C492C5EBD255B4D3DBA00DDB
:1011B000F2E3414FDEB9BCE0E473798886924B2EAE
:1011C0002AF6A58C5BECE245FF4348219C477F2231
:1011D0009A457DEAC5BCFF5FDE0204F99B30E42D31
:1011E0005ED981853307280D53DEA8913C8738CA24
:1011F0005697D77093BCC63F86BD46D197C597C357
:10120000C019BFFA7C342EE47048FFF4337EE3EA61
:10121000EBF37DC9DB3D8FF51DB02E239139E480C2
:101220005CEE4FCC988EF4352BB3AD165A59333350
:10123000CDF729664AFE53CC9C602D33F3692D33DC
:101240002D46CB4C7951CBCC591EC6CC5C17C64C25
:101250003384C1F63066CE3E8699F9310365EBD909
:10126000052CACA0006E583C37BE0BA86F427D74B5
:101270005F95F54C29AC53A8BF47A59C0CD5BF4240
:10128000011667082D5868CB059A480F40918B04CA
:101290008F4C5CB5A9C75BDEB3BEA1223BE47BE00B
:1012A00014DC31E28AD910C74F604AE1AAA3A7C76C
:1012B0003B9FB68F9D3398A02FE797C896DD7203AA
:1012C0007AAF3105DE734084498B31A01CFA30A11E
:1012D000500BBE29DC3ED758EE0EB8BCCBEE0CA0AE
:1012E00080B1E26288415BED48C598F2FE10526918
:1012F000F7DFDC63D0637A038BB1E47C81CCC40577
:10130000370338B6C7F8851B5075757B73856E1E1D
:10131000A416E603DEDC030718BF97D7AAD2BABC2F
:101320009127E4297BF1B1BEE2663598CD43BBD964
:10133000D4E5EDF2316472869F741FFD7339EF16A8
:1013400090A0977DD5BFA1377B0AFAB1A7A03FD364
:10135000425FA6256619C28DB3B07062B621CC3843
:101360001B0B23E618428D73B050E25903637C16C1
:1013700063B03028870959993C2D743BBDF3DDEDEE
:101380008E19F73FB63D3A8739E0BC95C9A4815F15
:101390002DC6D6D8627CC35BA85649FAE690E3B165
:1013A000062DECF90B13DA1C620CA743FDCE658801
:1013B0001ADC9347A6AA28BACE10CE291A14F0AE8A
:1013C00085C31B70782DAD89E5880645CCD00C34DB
:1013D000FF2E4B0AE7B35E43DE4C559886D7C442D6
:1013E0001DECB0BF400D7C97874661429D7094FA1A
:1013F0005A55618AD4F6953D961AA8B7A90A97E07E
:10140000F657A85E5873E4BB5A899E2648F5ED62EC
:10141000E841445A50442EBE62024277B777B5A9DC
:101420001BFFFA0C012162D2545437816937EF1047
:10143000C896BF92ECC966189D6F5600AEA0029C7C
:1014400074B6E38626526BF7B70D0425AA417D4A90
:1014500090DA0CFAFD8B132BC0A6BC17617CA24757
:101460008951AA1FCE1AE628227D70341BB41D189C
:10147000AB438DE14D21969CFCF388124C87606054
:10148000DE1A8EFC4BBFBAEB3EB240522746AB1F72
:10149000A1C607438D0F861A1F0C351E5E7D43A023
:1014A000A68788F3086D629087EA571B42FBB7DB7B
:1014B000E868F0E37666B23544A5DC8917C447E6F0
:1014C000404FA48C068BF4020914EE7CC633B27E26
:1014D000D6AA36F778431DC59538A74A208CA1E7D0
:1014E000194368B5731AD6F350B066E37E3AEE0B33
:1014F00098999049787069016BA7BB06A0AE8440AB
:101500005D0981BA82E25E30D4150DD41514FF183E
:10151000981D8A5143EF8EB1C7CC4FCF371ED2836F
:10152000208A06DCCE43941775D46A6CA2814D0FD5
:10153000676DA244AF04A3A322201EE53105975690
:10154000E6653C2C2EE0C1C5BC71E703E26D14C01A
:101550006CB015D326E4A11E01E75D7D24F8FCC61E
:1015600037F3327E18779E798A827E81D4EEA3EC9F
:1015700063E91E03BBC806E9F83E3715C674E80BDD
:101580005E6460040F85313E144673E80F6218668E
:10159000DA728699B20ED61B2027F32107F7414E47
:1015A0007E1C2C9859CFCA9C17E3B83E1B880C248C
:1015B000409052F9CFD94B8FE34181810071C8A58A
:1015C00029902E8A5F6DD05ECE536DF7E84052C2EF
:1015D000E20DB1D802439CB0CD6327973F812CBE6A
:1015E0003C069CE49331A1ABCBDBE505C02F3AC4AC
:1015F000778D2BDE671E1A890F0B43F810AE7587A7
:101600002E0D798EBA9F1FED137D100B2B40592B99
:101610004E4E546DE9F5E6EEC71223B19CE48BA261
:101620000D5A3E1452F6107A82CE4E6F84919F80EE
:10163000FCD2415B64BC37C0742A77F750DB28408A
:10164000A9F7C2759AE787CF85B50D61809C45B62D
:101650006BC5502F572C3056348A71C0F317A50E26
:10166000CA3D0CCA3D0CCA3D14CA3D14CA9D8172C4
:1016700067A08F08813E2204FA8860E82382A18F48
:10168000D0401F81F4213C2BB3DA69C52E0E227F96
:101690004A8479FE2AA201B892F40CCE188BE66F28
:1016A00007EEBD246B0F68EBAE769A31FBBBE9FD0C
:1016B000587CBE6DF33A1B7D9C08EF88BF45752EA4
:1016C000BE1ED52852DB940008E843787D6536CCF1
:1016D0001A794CCB1534E3428A56B22BE8513C5967
:1016E0002EAF95E25658F1DCBFFBEACAD6666D5CB8
:1016F000B1F2CC4AB47A57EA85B4E67E7B49539F6F
:101700009042E3F5B570C5CCB7BAC7B0F6BDAD7DB4
:101710009170243867CDACC6BBCDFB4AD1B8845696
:1017200009A21A8BD0EA6CA9FD96A3D746DB081450
:101730006195FA22DD2BB9D68EC14128A50D58D866
:101740008B3FCAF33160614571E7C4BEB08F4F541F
:10175000E3E37A94AEC5C27E7B59BA6FC9C0C27842
:10176000D6FE4457E7541D828119A2589FB4060B38
:101770007BE66B19FE6D2C6C6F5C4DA94C9FCFAC5A
:101780004625CB991D00726B97E35E419C6F6951B2
:10179000DCA3BD33576161983C425DBA38C2F8AEF4
:1017A0003BC545161049DA080419D17618C8EDA9C9
:1017B0005898DD8BBC25D3B3110BDB1707E1FDBABD
:1017C0006E216E8E7BDEA85F090CDAABC597F3C67F
:1017D0007D498429E567B72D1FD4B35C6E2730C2DD
:1017E0009AC5AE48F705D24F7B40D7753FDDBA1A90
:1017F000B5150704DBE40563AF9713201FA6D45D7E
:101800005B7B6663C8E6ACCD2B569D5915B21AEDCD
:10181000823EB32EFC01CA821677BC746BC9F56593
:10182000AD545F7C679565620ECA87D4C550473D4D
:1018300056FB59E289091E92E6042AB1785EA23469
:10184000FA4FFD638A69125CFCA7DD903848B22A22
:10185000B20EB7EF8432CA46B9C4E7219134A05022
:10186000AC3668E1EAA8BC33449EEDDBF5E25A1BD6
:10187000E93753D6A991743C56D4F1B07FE46EEBAE
:101880007AD89FC88DEF85D9B44203331E3794EDC3
:10189000C0DE1A81066E86D29E442EA077547DEA61
:1018A0003E1AF525F5F5BA609D2CAFDF93D056D7DB
:1018B000122EEA925E82BD23C4DE1013C2606191D3
:1018C00017DB972C7A31989D0A3C8913303F45BE2F
:1018D000CC6EA4EECC32BD9997FC832A9DC2B12F69
:1018E0002FF1AEF5557FE419F59EFA7A219FBCFDE4
:1018F00070384B4239D2BE9F11DF109F2C71883750
:10190000AE91EBE225BED82D8AEBF6EC48C819E87B
:10191000C1B31D00F1E7D7F92B7F4A9EA76F706D09
:1019200082EEA24D8C30309A885106451639D24845
:101930003CCD0E996841B189C699039D21C6B86412
:10194000B41A7ABFC7CDA5532A92D4C8FA3717C69E
:1019500013053956D6DFE783DC4900F520A8372088
:10196000923CFE2BD8BAE720AC17E92FEBDF4258A8
:1019700052EBD4250B91CEA13858F2F761ADCBE4F0
:101980009532BF41125A4171C234B852CB4890FDD2
:10199000E377B06F60C1E89F58A47BD08BB58F18F8
:1019A000CD47C63F13C2D0A40FC1AE04452C37CAE1
:1019B0000910A7236998A1C38C17ED66B5FD5B7963
:1019C0004882D5C422CBE17CBABC9E4E8618A6CBF9
:1019D0007A97E1CA61604C74936335CC35648C842A
:1019E0001304EA1E67F5D14F433F714EE64F145A78
:1019F0004B42DCBB7ADC106F4B164A2348738E8453
:101A00007396E1D246CC608ACCAF4958D8D30D3218
:101A10001766C1D9F84C274B16222BF563517FB8B6
:101A20006C53A81C890069CB1EC962A57EEBE0FA45
:101A30005327E77B8D887B507AC64E901F8BE2B987
:101A4000B8920D4651DD15D1A5681EA8C7587B7107
:101A500063AFCA910A32907EFC1009D7A05037427A
:101A6000A18EC0380AE3EACCA7614C8571750A8A59
:101A7000B5CB614C5D077506E2D29ADD90BEFC588D
:101A80000CB9E32673F4981549A69ABE245ECDF4EA
:101A9000DF2D2E59FD9D97EE18E715D1EFCC439918
:101AA0009E942D8D3B2BCF367AE40AA5642EB25935
:101AB0003B45CFE4A1D5DAE829E05F674A161BF57C
:101AC00071D02F8A7CD8DD0E0447BA1813C67D2941
:101AD000AD74609C63508667D0AA0A67E05C2205FB
:101AE00060DC9C0223EF64988BA50E7ACBB6F10BD9
:101AF00033D119C24CA2659F91D98AC95AA77919C5
:101B0000F1EDB8C8374BAC648F2CD41A95D58173DE
:101B10007A1A3CC372422BA88F4554401FFD6E3B7E
:101B200050599D620BEC237482865897EEC0993908
:101B30009BFB25BD89439AF084D30BC294408FCA86
:101B40006E06712C97E97057D13E38B7C3E16E89A4
:101B50008D59A5227B07656BFA9D311EF688E3DE61
:101B60009FF5DC71D65ED0190ED7083A17852DEE99
:101B700048B386A1EB26D9DF5F1AE6ABE78720EAF8
:101B8000DCA0CE784C571E8CFDB537807A102AEA3F
:101B90000103F500457806EA41088CF02130C207C0
:101BA000C3081F0C233CD28B30986F217D2D9531BB
:101BB000426BB73F51D0A92241A02CA905C763E1D0
:101BC0006A005A8492BD1B89D624F6779CF7C43EDE
:101BD0002D324FA1D543EA555DF76ED8E07567E722
:101BE000BD8B36D9BF051BF58803066DA4FB946831
:101BF000AE084AD149BB1DFE21D21D44C3ECC5CD60
:101C00001607BD9E45191AB90D68D0BC5E72C58312
:101C10008746AD47707F6031F435062DB75B0925E7
:101C2000F44C2DD74003FB5EF73E652D8C69D6DE64
:101C30000E71FD20C93208C17BEA2D439CD138E1E9
:101C40003C82125428534279921C7F3E348AD12719
:101C500057575CA4C416BBFC7B67C6583492DDCBD7
:101C6000FD01C4FC7E6F9FA7FEA0CED59A790F79A7
:101C70003C2E6819E19A13C92EE68B9B1DE0D4B661
:101C8000936A27C4B657276AFB3867898CEF1724F5
:101C9000372E3B0EFB31F6600DB278E4556589DFD7
:101CA0008674B993AD32B77B116EFBE8596D30374E
:101CB0000C0C74D1FEA26CD1EF75BA6CEDB8ACAB64
:101CC000059D6E7C1C8A55503E1AD1EEB64516C84D
:101CD00072BA2E7AD19DD38286BD684BB698658E36
:101CE000EFF227E20D1EC6B8985142FA58907B36A3
:101CF00092DCF72B5FAA69C5C294B2274ABA8BA4BB
:101D0000EDC7F688D2E6929D6EEA0AB4E3633E27F9
:101D10003D85404F20AEB2F6ED9DDD2BAB851EA577
:101D200082CB565250EB7D7B29825D0A57E6DC3828
:101D3000A722DE952BEF112950752944AA248EBEC7
:101D40002DD60576E1B277D73AB71AD97C8F7C07C2
:101D5000F2BB7B517F20CE6D1FBDD5103B5E1CC3F7
:101D60002E287BC53A236D92BD4B88D33401B561D3
:101D7000F66CE5C0793EC6154D96497B7BF6A29E72
:101D80003E42B7D4E5317B20DF7DA6F77F582BF4A8
:101D9000C401FB3665EF79DED765674B447A882E40
:101DA00010A71B61D3722CB0D804E70460F9F23C91
:101DB000EFE982FFBD981B7974F505EAEA21BE4080
:101DC00060372ABB47B4BFF8B4ED3CF4CF176BAD16
:101DD0006648670EBD45BC565AB71C3E2EDE19E458
:101DE0009A7D916F7F935DF431E4D89EDE1451BAF1
:101DF000298FD8FF7924D111F67F8B2B9AC685E9DC
:101E0000F721E9CB722B85799A7D4CC11D4937CDDD
:101E1000A102F5024CAB0CDA20A89FAAF4A6E73881
:101E200027B239A7770E1D71A25B8C234405F49964
:101E3000F1827F22CE7D4B0163251B2AF46E01D5F2
:101E4000B35EC0A4ACC7353A382BC5357B41CF75DE
:101E50005FD8B21377B524D5C331C74E17A5E5B205
:101E600089E59168F702DA2AD7060CF12A6B05CECC
:101E700045D3B8CA6AC3B9387A92CADA8C730BE010
:101E8000CA13FA569B12071C0B578E4A0D283A6448
:101E9000532A80E84BEA5C163192037527823CC4D2
:101EA000D8AA7E880F5B7BF4BF1EE541D2A7909E27
:101EB000D1C9FF76D162A3413497ED8E9E27C454D9
:101EC000DFE8011C25DEFBA0FBC805DEA07EB5CA4D
:101ED000C323B43F28723BD0BC2A5B39687E74F6BA
:101EE0009A6A39CF09ECC55D3075FF94F8E0F20CC1
:101EF0002D478CDA51C1194141A297B2631E57ECAC
:101F0000DFD1BD360BA242196CFC9B125182197EA7
:101F100053FDF021C2B4D5639CFDC9DE6F8CD04661
:101F2000ECC5EC3F8C15961052FFA1B843A0853943
:101F30006A4FC8107FFF86F8ABFBDA58710E66BE99
:101F40001D40DCCF28EF093156C489598D7D177D9E
:101F500089A838C744BABB8198D598362295C598C8
:101F6000AA1B308779286B8AE6FCF07DD2398887F6
:101F700081AB41278BD979FA3CC22AC56209E7B9FE
:101F800010CBB6DBFF4657579466C516D9561BD003
:101F9000A812153D79E86ADFEB681CE969334BC587
:101FA00035C9E8AEC660E857311D9ABFCC9FF788A7
:101FB0004A6530922036B138D11D53239D9FE07C75
:101FC00099DBE3318A33B98F42BBF3397C9C9FB5EF
:101FD00045C4B34EB4C2B15DEE708D2CD644AFB4DF
:101FE000A07D5C77C4291B9C6BFDEA615E217A555C
:101FF000FCC341176F103F102712454EC8F23A8EAE
:102000002064F91E77712111DB7741E4AC19AD91A1
:102010005D7C7874F726B711ADA247F003AEA2E558
:10202000D97EA2843AEB03D69DB47BF5DE3975AC3C
:102030005FDDE384B3573D3C56BFB97AF32C6C6443
:10204000E468D921EF8F06F37AA42372CCB076032B
:10205000AB09726277F72C384A30CC61428A9B53C5
:10206000B1DC6D962FEDEFA77E6CD4B2C170451C2C
:102070009CA33E2CF0DA626B05200FA1BAA02BA91D
:1020800018F44C105E6A472D5FE7155F4903DFA81F
:10209000BF1654CE34C06B95DA93560710F9FC5B2B
:1020A000E7544897BAF703258C4F2E8AEA78A85947
:1020B0009E64A54CDF2E58F2D7FD0D455FE3C405A5
:1020C0008C38DF8982B317E64C0F5DF33D28D98544
:1020D0000B43A90165A9BA20A4C54A1D6764314C08
:1020E00047C2482249ACEEAFA22E8CEB3A80DAB957
:1020F000E20A30D29F6A457F8AF483A95CCAF06CF9
:102100000EBF3941A455E97C4AA6488CF8D0B716D1
:10211000F796A21814187F55CA38B8DE52B5563C47
:1021200027E171C24AC03C401A4FB31CCEC02FE118
:102130007D042B43AEE92D413BB252C4D296CDB0C3
:102140008E9927F54C85B10B6909D1087D0FFDD516
:1021500020A6ED5767E4216D21A07E61DAA71B550B
:10216000A950D2076E84A07D29A3B69189A47BE4EF
:10217000A7E228ABEC0E19917F1F47BE0F7A6C8740
:10218000C34D50C3D1ACE23393A5AEE8F86671728B
:102190002D5A4D0FAD70FE79B814953D750D62BD89
:1021A0002BF2647E23E79DA14128D3B36A0968011D
:1021B0002FD30A7B50CF4E9923A7907F0FCB6FF878
:1021C000542E7F26C69EA0AE1D3D9F224C7EBACDCA
:1021D00022464CB754BC92BACD3666E21F99AF3F47
:1021E000B57BF7E4F41C11E38C851E2D5E0F47AA26
:1021F000F8D8B73ADEFA512CEDA07D60C62EE98AF8
:10220000CF5B1DDE370FC3B68F7ED80BFF3EFF833B
:1022100005FEFDE507699FB7325BF6BBCF6261E360
:102220002FCAD6FAB2AD09E0469B79F0E95438F3EB
:10223000E9B6468043FEDA4C83F601C740B8AC2DC0
:102240001AB8A6514DF7036549D2DE2EA9FBB13667
:102250009202A3781D33F9D8B8FBE1D177ADCDE870
:102260002990F6FC0EEA74E19E1568C7662A3DD5F2
:102270003AEAEC066DF4DD7C3D676FC7AD85680F0B
:102280009262DDE919D6807933ACE80C046EFE5613
:102290001F4965024CFB62DEB78D08D68B8EB206F5
:1022A00070700530AA3E59C232C33A7F9ECD0DC62A
:1022B0001C37E0838545568079FD7E7BDDA06CE789
:1022C000A9BC4A3D220930EAB76DF228ADED5ED2D5
:1022D00028ED31D22891708C1956DC4C5434BAB99F
:1022E000C661CADBDD96D6C29A801135012FDA604D
:1022F000CD53236A9ECA45303347D4CCE46D631274
:1023000017361BC2F3CF8C691EF3C7853F88773F12
:10231000404F33666F4ED119265CED670CD70730FE
:102320001A2AC0100ECB2157028CE18D014CA85CFB
:102330000EBF128038C56DA802F84EC4A7DD2B323F
:1023400066428E688E52EF167E71C6EEE5760FB548
:102350004B2D43F5308F276D7FD0DBA84CF9C9F2A8
:102360001F643EA1A78191341885E482764F8EC206
:102370001AF4C483994C8FCBCA24B48D6EC37D9854
:10238000F076B71B365817F0485DC02BB5B0EEA9F4
:1023900047EA9E5A84E0663E523773B30D4A4B8338
:1023A0004EA7C4A40F9F4D89616D6A8D86A97244A2
:1023B000A19D701E4A722D56A053591BC1542B3338
:1023C00093068295C2993934F8DAC84CA3F1A35622
:1023D000E608A46E0A8D339FD0800FB7971CEB439D
:1023E000FD627CEFA72BA6A0BD9CFB70C1B8E18568
:1023F00068F49B86B148BF04EA8887A0A6F11E2333
:10240000EC5D4603526B0F6C1EC0581B09468DD7FE
:102410001FD4A3368320CDBECABAF32C6C57A37643
:10242000D4D7925CA477F5AD9238534ABBC19F0FC5
:10243000FC05C09F06FE9E82BF29F03713FEA261F5
:10244000EF80E63E24037533F203ECDE1DD489C22F
:1024500092150259EAF1AC4E1AE5A8F55FF3107631
:102460008336EAF332B81E3238481DB28832BD21B5
:102470001C9DF6E1EE5F46D215A5E3EAF1CFB3135A
:102480001B8F42D8FC5F10C4A36DFF9A8730BD52EA
:102490007B94ED8F8C6ABC511BE3AB2E40A7CBF82D
:1024A00060AA55B250704EAA499E2C97BF90CBB3EC
:1024B000E572935C9E2F971BE572825C6E284B92AF
:1024C0006844DE029D7B2F99F7F159746F6CD27EC0
:1024D000A5726A81B22912FA0022D23CA872B28F88
:1024E00094CC234AF5DB2C4D2E5F6161C7A127DF19
:1024F0006AA0F996FDE7829D0BBE9A6708275330C4
:102500002D77BF11FCF302CA96EAD5DC750740109F
:10251000B6EE41EFDD17BE6D42F731ECB767F7B0AD
:10252000BEDB7C1D914D1FFEA4A21D9E7BCEF22220
:102530002EDC4F48BC8CA9DBC4F3BF645441C0F20D
:10254000712CDAA7C8771C4F15CCCD37C77D99956C
:102550000957FF202B133BA70E13E777E3308B9E21
:10256000BF4B25DE71B1F61CC42495C2DAB232A18C
:10257000468A98A559D3674A38251B55E00D5EF069
:10258000FE28921CC31538C04733C8715DBD30D7D3
:10259000DDEA00E86D06F984B687F46E8398631F60
:1025A000A4D153353549707F82FA73A82284F9800B
:1025B0000EC997BC6DB8F344D12155BA1F083B4BE7
:1025C000B2E89928817256D340BF6032B921CBC19D
:1025D0002E20E8AF25E8DF398FA12BC13AE08C39F6
:1025E000959342F8517B81ABFD13D19BE7D17512D6
:1025F000C5A93525DCDE2FB3ACBF85638481E02619
:1026000034BA84A1F9E8F2669215738FADEDA75143
:102610001DD4D5CF02E605A9698C39E0D044D26338
:102620004731E50E8D8CE7C8D6796549E889A3F86E
:10263000542E9D076493B1DC1C4654348505EBB3DE
:10264000FC0DBB7075425E3185E6D7148259990F37
:102650009A43A14D879EB3A9D47E84FD55BA178DA8
:102660000CE7168369E12CA385341618CE4B7C1039
:102670006928EBAE546E7BF107F999C55CF1A9FFAF
:102680005C49BF1CE5FD623417E132BBCB4F39D149
:102690000E4E015B5FF3CC3A358924457A873F883B
:1026A000EF1CDE69C6E2AC49E2C9C2438658F5793F
:1026B000F404F8E61B05F18272ED58F5CFB0E4B1F1
:1026C000CD16412F255EB21AE1CA83FBA5139013E4
:1026D00038BF67C847F7B0491DDAC536EAB5C0C884
:1026E000AA011F5A46FDB8C3C84602F4F4E50C8D92
:1026F000EE59708DBE9CB783FEDEBA9593C7DB970B
:102700006C33C426D8AAC99A68740AA29AEFC23751
:10271000AF0BEFA03AE36F2DBEFE52EB9296EACBE1
:1027200007F1E26CB832CFEFC45D4F2F425665AD72
:10273000521F14CFDD1FD72D5773184805C45EAB49
:1027400016F1BD625BC93CCE68A5CA790922F9645D
:10275000D0F763807C927F137A56A4526A08A9ED61
:10276000E089D9CAB818891250849E6C19E2AC95D8
:102770003092E5E41CE78AE208431CF7FE041936B0
:10278000F9B804975988C6610E5BB34752839EA778
:102790002CE1F909124CF46EF49C29A35645B6E0DD
:1027A000B04E1AFB21AAD3D5221D0F6FB91F1A7D77
:1027B000B7D8AC007BA16F0253F61AF96D1B764AAD
:1027C0005E18AE0BC4F3ADD1D9B2DFC8DFCA658DD8
:1027D000F93A33BC40C213DDA56C90DF47F916E52A
:1027E00005928F89F15551C04D3ACFDF303A320111
:1027F00068D028B697E15A423CA1AB2918D11EA057
:10280000E2153E527DA900EB15F27B004FC27A170C
:10281000FC2E588FCBF01EB07E8A0CBF7304BC0612
:10282000D647CBF079C3F50D7065A1784186CF1DF1
:10283000C6A39B04EB9364F8ED23F033B07EAD0C9C
:102840009F637B0D9D9C70E12243615BA6D4D6B251
:1028500015DEEF8CD1CBEF3D84CB678FCD23B91044
:10286000ACB31E14FBE1D0AF887CD43CE7F2C3A22A
:10287000AFF94ACCAB3E70D579830E6F140D5DD79E
:10288000F1EB4CB7CAAF0F9FC67AB563C52D143DA7
:10289000D4E7A00E280F47ECA0CFCBF1DF15FB3F0C
:1028A0009F27D06B49432897DDE925D0992467E914
:1028B0007417E824922BEA8C4271DA7898D664BCBB
:1028C0008D2D44D2C7E26D63351A7E75461097A3ED
:1028D00074139C8180CBA2E7A8D4EEF83AE3122BC4
:1028E0005CA5C015554F313A7F82EE0527EDBD9F9F
:1028F000BC0BADE963600C633570E5A241566D0811
:1029000013BA291FAE849A610C376B2C967CA321D5
:102910002C88A701CC8B2EEEA2AF588966AD4F4410
:102920007A3A16D824DDFD0C987C878FB1C99DCAF0
:10293000DFC6BD4B4F5B61AA9E7E0448E7EA9372F7
:102940002DE5F23EF821344F155DEAC16DB08AB134
:1029500034AAC818A9048FCCF52C598EE6443455F6
:10296000A0D397DEFB1557011C03CC55C7088C3F3D
:10297000BA67A57B35BC67F3210C8D7B36114D34CE
:10298000C5EBC71B1912D5EE035C493B209A6C00BE
:10299000AD17F6F30E609D22EAF5EF446E41D8FCC8
:1029A0006D077F36C2DE1618F9242AA3ADA8CC0F16
:1029B000953562397FDBBE26311332D3323E358EF8
:1029C000F0A9D3514E4EBFC4409E40EA30F1646836
:1029D0009143BC47D4BD592CD2086BE4F749DE358E
:1029E00026D643EC7B2F0C63A329DF6DE3EDA8878C
:1029F000EFB68CB3E8AAD4FDAAAF48B5663EEA7B31
:102A0000465D2FF41443DE8E36265E954B760B7DA5
:102A1000D3B8F42A20174442999F0914BE5312FCDC
:102A200002FB0EE575E1BB4080647FAEE9E4BBAB21
:102A3000312231079C192B7CEF4E084DBD8330C3EA
:102A40001BD30B8C3A282BCBF1DB82DA03BF6BFC58
:102A5000064A34D5C7775BE00574E5653AE06C015A
:102A600023387C501DE4B342F925BA13DAC2440975
:102A700040E93C74411861FDBE6D456785361D58BF
:102A8000C64B56D172D308C7ADBED90B9831CB30E7
:102A9000F237076D688E3170CE887B2ABAE9B9317A
:102AA00030B7E0CF8F9947C20C8B2B6E44BB579247
:102AB0009CC63E637B84AB97E1BDAE6B90B4F4D70C
:102AC00018613DA6E3B7D977D177DA6A02E659F4FF
:102AD000303719DF8C4EED61B0761B7DCB85A58537
:102AE000B95A83EFFCBA06714FE690C835F497F1F6
:102AF000873ABF144A6481C435BB4979D3C5B353FF
:102B00005F4A3C5BF528CF542E9E1DBE31CC33ADC1
:102B1000CC33ED10CF44D9E5239E6911CF70C43377
:102B2000ED489EF5BB205C7C4A3A698463897C52FF
:102B3000213E15D422CB548D020AF4D4C2F90BB233
:102B4000557222A2EED98FED3B157FB7A68B3128A7
:102B5000C2F639C0A19F485C088CC7B207E18AEA77
:102B6000931356AEAF19486F7A64261B6DD983A2B2
:102B70009E463AA7A03399C3A731B3DE5EF106A6FD
:102B8000432732255C8E8925F38AEC28A792DEC480
:102B90009C774CAA4F9D5032AFE02C5A615666ABE1
:102BA0002F4BEF1F40FFF68228A349B96C499DB413
:102BB0006A94DFDF3C2AE52BE60D3E9C510F25C2CF
:102BC000EAD1396FEF1F7758791CEC375D5ECF6F14
:102BD000CB3D6B6429C0802E308E83D90E5C0B1BDD
:102BE0009B58ECBB3CD4733FE95C0B73409D943124
:102BF0003660917E1A4D548151ABD31417EAC5D378
:102C000041306BDCC1845CD68875057E20C83F1CD2
:102C10005CCC835949489758F7F5887BF1C969120C
:102C20002A31A16D433566806AE0BCCB71B4968CC5
:102C3000229AF48A2A33AFE3543660D1917AF1A410
:102C4000FB6F9AA2C5EBEC8AB952D9295D27D04314
:102C5000D74F172BE7738134A1867888258D51DCF7
:102C60009A6E1CDD3313BAA3894326BA535FC98B0E
:102C70006D7AFDB3A44E6D44D98351F09CCF3D498C
:102C800063529FF039B3A963B8BDBDA9CF7A10F6DE
:102C9000FBB061CE559B5DD5D477513CB9653D0005
:102CA000E9CB6E9D56124DB51EFF79FB46BEA16461
:102CB00061817DE79F5C91BB74EB9E3FA1B3AACC81
:102CC0007EC78C7FFDE1F8FB125DCE69DFCE2F62FF
:102CD00039B513F0AC28F9494EB76FFF50F207EE43
:102CE0001D2788449E2F518B897B3C81CEA1F53EC8
:102CF000F24713586465FD36744692BAC5A831E0B0
:102D0000F252121DAF4DDA131D6CDFBEB1E0A2B15D
:102D1000D90CAD0F9DB4479265D477E14CAE02E972
:102D20009DBEE8CD04F44C43D4843827214F25DEE2
:102D30006B9C93D0194A747EB2CAEC7B15DF29F3E1
:102D40003740E66F80CCD7E1EB21A8496ED77D8A6A
:102D50002EA01A2291F5E3DA1C38921A73A8DDBF6F
:102D60009227B45B4963F8170A22CC4D21F1B9715F
:102D7000B4C465CE2AE208738EB9512BBD1DD1941F
:102D80006960059809F8CCE37CCBF12CF5D3AC4114
:102D9000A8363B70E9DD14ED345277C2EA89B2FC03
:102DA00078B8AED03E4DDB4B9AFB309D1CCBA5676F
:102DB000340F5DB13CF8DCB4759EF305B70E829C10
:102DC00057B222DFA122AF0CA2557A56E69E559C3F
:102DD0001F85A9369981DFB9AD295CFB03BC5A7DFB
:102DE0001FA8BCBA06EF59B9AB0771EE171B406BB1
:102DF000564CC7FD9D06AA042D202D92B6DBBB0EB6
:102E00000E5CA516C9EF5D87B78C5B5EF4F3B86402
:102E1000744E524502B77C874B5286D8285EB6ED79
:102E200079E105B7A1B4269B3602838EBA157E5D83
:102E30007E37B630B0ED288B381DC5235E1F8DF56B
:102E400065CF25DAF7B40EB8C91968E92D2C0CD670
:102E5000FC72A00F9D59F80EBDC98756EE70D5AE15
:102E6000A23BE8C93CC7DAC0695E7D56B4674356E9
:102E7000267A17ACBC45F206745736370954EE0E65
:102E800097DF554ABAED77F52997B779611270D572
:102E9000B7FCECDBE6AA07CF9727995E5B3EE469B7
:102EA0009A7ED9C3291DA26ECEACB8B315FA001212
:102EB0008CFF19B5413AEE206E70C50DD03FD0A001
:102EC00084E369116E9AF316940B656CA040D75D8C
:102ED00092B6A6C1BA13ED37F770849E06BED7200E
:102EE000E62B685F28FCD39E5A690C735BC93C14BF
:102EF0002D0C5F1ACE4D2E54B3045A437DCAED6C8F
:102F0000A0502D5A3B8A789F725E8B347E7A9B64E8
:102F100055043155BD184279DDA929A669103CFF39
:102F2000B449185083E26FE1CFEC0638DE0B54B39E
:102F30002ACCA0CD98A9FAF303E885ECBE6E03393C
:102F4000D4BD42525B7206E5282B9D4B6B8D4D2400
:102F5000285EC2039E3C9C273DCD3961DD3A6F7AE5
:102F60002E16B6D426ED3D9A5F0EE08444BFE89E4F
:102F70003C792F1296C7E70A8961B066736EA55532
:102F800075998D8E2AB05AD16E5BD34B255C066C39
:102F900023E7A27A3A26AA4048E4612B5CEBD15998
:102FA00099C9F38D906F87CF1270CC096703AF2159
:102FB000BE159B6848ADF321F7DA03B41787A399D0
:102FC00004D1A87C1DC90EE7CE76E35C23F4B824B7
:102FD0004F66F8D7DB50268AE9B0F6ACCC95DF9087
:102FE0003A8429E1DF17073312B2322716569A398D
:102FF000A109A0D3A6FBF36C03976B8BE9AE4184C8
:10300000DF8F55FB89EFC71DE15635832CB59A1725
:10301000DFAB8EEA3256C2D596FAF7C8FECE9EC70F
:103020007C95A24EC6CBD693D917790EE0C6E99609
:1030300041D7099AEACB05B8BA408C2726F96DB377
:103040007DA8FD5A52C8CAEAAE02FCCC6B526B3264
:10305000D462F53C8475FFFBE83DB0F08EC9B72A19
:10306000B3A75E9F2163AEEBF1944F584477CF4DE9
:10307000B9961C927AD424BF27F79BC9A6725EC268
:10308000DD528C5651980EAEE2C43865BCBF799DB6
:103090008AD210069D5A4720FABB45FDCBA34FA00C
:1030A00011A435A18CFF171B8D473E58A0DC9661FB
:1030B0008F8C446748E900A47FC6C6F0E324CB099F
:1030C000ED208CFDF442248499B380DFD63588EE60
:1030D000FEB2C002EF6C6A3CD2AA27D079FE0E95F0
:1030E00099CE9C91036560401A4BD23CB53FAF71BD
:1030F000C03ED63980B0F72D286EA6B1EFEC7286AF
:103100007CCB4F9E91E686C4DDB0A9D22C32F35C15
:10311000A749321D8658AB056A89E5C6D3689D5913
:103120004DBF0B8C0D3458CCF30A09B66EBBBD30C5
:103130007450DD25AE3FFDE5FEDB8662C227656B80
:10314000E5B8FFC9D679AEF5255A5DCA6FE7B6BABC
:10315000B8DAD222D1D0F61B795D6876D110FDEFB6
:103160004DB54822936F216984775466BBDEC270E7
:10317000F5D5FC382411519607DD86255297E5C216
:1031800053F73D568ABC5E3ECB7556C8FBC8A69B1E
:10319000EA42F1BD479540967A4BBD753FCB587BCF
:1031A000B0DB1254F82D092ADC57208F78DFA8CD28
:1031B000980EB3063AD307CB8F20BBF0B224E9AD0B
:1031C0008EA62B31585401F2ACBE3A4A7EA29FD44F
:1031D000EC7A0A5C77C5B5FBAFB942BAF6FB2F0FA4
:1031E0003DDBFD27562AE741EF9770934D16875533
:1031F0002DFA97AB90E5B8FC5D8B78DC28C168F7B9
:103200008E8461FF4D549B316E0C01909DC15C40DA
:10321000FCEA451B8B1BD16C05BA7B90731EC4ABBB
:10322000ACDCB50A85F4B667F9283585BEA051BE79
:10323000592001216971DB28994B372AADDC6D1BC0
:103240009020294F09924A17480DF15DADF8058D80
:10325000FD48B3F7ABFF1B76BD87C4ADC61E816CBE
:103260002125ECA48CBDC53E127BB8A7CC5727A462
:103270008392B18B7673B633C657DE83DF2FC1B42A
:10328000770BA40F2DCBF7C050B4FCA93F91A3BB83
:1032900014A758AEBB0277F5292F95FA94DF13C80F
:1032A00029946CDFFB5C7D4A7F40FB8F84CD3C081A
:1032B000658823095A230924BF6951050177B33270
:1032C00017AD8B7A70267D71EFAB3757B4A75C339F
:1032D000B5975F8B1F78A97BC9BD65776EF6DFE96F
:1032E0009971AB841BB3626AA72A6D3E88D87E1998
:1032F00054534E30A3B598A2C08C8E4A4BD5F6FEDF
:103300003FE6B75F4BE957577B34479F2E16F820AF
:1033100050EDDC84191CD752B974277E267D5302E8
:103320008A8265E9E8EFB1A4C2D7D66FFE66F3D40E
:103330002DBBB6AC5FFDCDEAA96FEC7A634DC6A597
:103340008C7568DFC9A65410E54A48F90B44D4755A
:10335000E38138409CB010C60F95B8B1320E273EBD
:10336000B4E0F6371BDEB1EE80F3DD51F5A9EA8952
:103370007090F61E11E605D20A709E6799AA1E1873
:1033800069953083E901C2C600D0D33A6B5B8A05E8
:103390008BC71619E20D8B2C3A6EB3E5495249E8FA
:1033A0007B0623FC0BC1BED08855E781BDBB60E026
:1033B000E34A21ED29A847F9D7D625F07AA6F43BB0
:1033C00080FAF17A8EBC0CEE2EE1C65EF63993DA05
:1033D000BF84292B02D5BB0B611CED51089F770ED2
:1033E00096A547F4C662CC677104537A9C60CA966E
:1033F00012CC81C34484B2288639A2C5CEA44778B2
:10340000FC1CCD1C49C5ECF3C90EFE7561ABDB1F7E
:1034100023DE09228C15E7B0FA350D5142014DD457
:10342000E723CF641FE7B1A5D84A63B3CD36C054B4
:10343000DD00761FF28EEACF01C03ECAED96B142A2
:1034400089D9B73A6E6D4EB85183C54FCD3D9A7349
:1034500034F768B6BD677B17D1300AA84CE3001C6F
:1034600013707F31D1C4620AA894FE8028B700A6E9
:10347000FC1CC6C707F999C06CB201CB583C7B5302
:1034800003E17B83A8B180C2B1A7DCABB72460574E
:10349000C7A2B30E59E98689B9F6A0257A101C4E49
:1034A000EA66FB35807D6BC8C55C7B1588B8D200A9
:1034B0005451FEA07AD5ABD8AC6DDC36771CDF2931
:1034C00050D1B8C49B8C84BDFAB74047EA30D72CA2
:1034D00032D7A65A6ED4A498F8DA144B7DAD526F49
:1034E0004F2FBCAE4ADB028212FC4131FFCF41A616
:1034F000F21C603E380C54CB66017137F0493264DF
:10350000AF85B37FE2A6EADE0822969D0757F7183B
:10351000E2AFFE7DBC9EDB50E8AE2A74C7B15DD53C
:10352000FC39E09932B99051E885ABD354CB7200A5
:103530003FD1536F7F6749BF67CAE242E332D32E60
:103540006249F92E95BE7B70AE7FCC2E2EEFFC2803
:1035500044E95A91D27DB5C314E68A144EAF419224
:10356000FDF1E4707D81BECD86EAECE996C161DDB6
:10357000409A1164CA06C50A0A8CCFB15FFB7CE091
:10358000F8085C45FA845AD467AFCE9E36B2D7B0FD
:1035900046E5DB86A1F7EA970E8D80E644E8946065
:1035A000E4BCCA7791CAE92244910DCE7C6DA14258
:1035B000C8E8F596E65A96CAA53D5430E024D63FB1
:1035C0008BF4E02CEEEE3D7DB06EC543EAA07EFCB0
:1035D000A1E131046A0A41DA649A363D9EA6376D4C
:1035E000508204E282526710F9B048ECA1AB1D8909
:1035F0002709BF7A4AA416CEAC2C35C26B524C8434
:10360000293586DBD0884DDD214944BA5F6F3ACF3A
:103610002FE3CFB49E6859DF277BA5432BDEA15251
:10362000C35F3F99733E667DD1FA627B897B2751E8
:103630001E879139760FEA272461FBEDCF678892C8
:103640005E8224CD754EC2ECBB15333396458C7D1E
:1036500017A8E27B0723B6404AF31433F8646BA340
:1036600018A79E90E3548DC06FAA92BF6FF284ECAE
:10367000CF7678EAB9800680EF3CACF71529FEB129
:1036800096D4734F36B8A928309A4C863680C3CC6E
:10369000E327B443A9DA61513087CEE105BAC50505
:1036A00032C552FC81D452A92BDE51992C9EFB7459
:1036B000A4D77EEFD303F6F197066079CCC147CA51
:1036C0004AFFBD8FB6FB8F8427AA2C18F7AAD7987C
:1036D000DCC5E4F35DCF47509362B8E64BCB20F7EF
:1036E00010E7E67EF9C6337A6E53E132E54143BC1A
:1036F00050E08E1BF2D58DA29F564D2E24F414E07F
:103700006E7CEE267156FE8ECCE8A3054403097844
:103710001D3F31C88B04270B1AB0FEE9D59B4E0024
:103720004B09B4114C459A80FA12C4E0E56570A7C4
:10373000D617FACC752717177CBC776103B4B8B5D8
:103740004B1E2A93E1BC3F455C30A0F9B6CC926792
:103750000B96AE48A75E37C44399105CFB79C5222F
:103760003DB4477CA4A67EA8BF7B1C717224353A69
:10377000E5E442FB5F2DFDA4D2A8EB19AC2E288016
:10378000B67102187514D42C7BEB27034536A59E21
:103790005B5FA850C19961F9D2F714A88D13C59940
:1037A000099BB680AE691150D3952913A1A61FFBC2
:1037B00014593E3FF1D4088D3BAE3FF8311AD3F295
:1037C0005F6DE9151BDA4936E80EF99CB975E2BA66
:1037D0004B769A852BDEE1DF1276787FAF5279E166
:1037E000AADF1378B5D73F0895C93BD3A0BBD7FA5A
:1037F0006E8B8ADFE1BFB8204D868E8EBB06A15549
:103800007C5E611ADA439F8F38239FE5608D151621
:10381000ECDA3B14A72A846BC75DC1943B05FDCA53
:10382000EF1A41F81A7D6ACAEBD5A6EFB063BC6106
:10383000314F72BBFF4DE25D026EA026F90A448C47
:1038400097E1794C4794CF05F9643EFEF4DED954F4
:103850003756FCA43F60CABA307B41F5404C0AC7DA
:103860007F391A6AE4FAF2D1C8234D113D5246C29B
:103870009B4789C64D8AAD81FC64770A7229CCE4E6
:1038800024C39849E5DD3AD116BFAB252E9914C55E
:10389000A417387E4EE58D79AB0AC3C09642E27715
:1038A000A6878679C5F89330B75CD25B95A54A7B2D
:1038B00012140B2A50CDA581FEA90626E8FF9E040E
:1038C000F6427C60829E4B39A608F78AB8F325162B
:1038D000F4841746EA835EF58A39E9770CCAA4E3D3
:1038E00039EEED34C0FF8EA7ECEF0FF44099599BF1
:1038F000020CF1E32B5585049CB5BE104ACD8382A2
:103900003367C63462278D9B408F4DD57DFFB9B19B
:1039100085A88E78C2E4CFF97B01664CB9FFC41D3F
:103920009BA717FF4300C5FF500155B70ACCF6BA55
:1039300014AD5A3C30F85B3D36997BB701E8DF8324
:103940007AB980F25AFC1E3366008BA98DA0D6008E
:103950008A22D72C2E5C5F483C692A0CF2F2069C26
:10396000BF37C2558870F54F7FA5167F02CAE44D58
:10397000D5AB5EB8E1F98C8408E22C5EED7609DF08
:10398000570BED26B55081EC89D771171AA055ABAE
:10399000D27A9F1348B26DB24897F10913E0CE79FD
:1039A0008D0ABAF25E74E019EEEEE738F78EC59B29
:1039B000D02B81400682C9169727DF17FA8CDEBE0E
:1039C000BEB0EFD7FD097F1308F28216B8C8CB4B03
:1039D00048782F5AF54EF793CFEA8B3DBD602C3ACD
:1039E00001724B385DA3EFAFA210D528F01309E8A0
:1039F0005B8C0795C4C77BEDBF9CE8E4DE4B08F207
:103A00005CA3F2BAB46BF17BB8FF3D1EDBA5E22DDF
:103A10008A917E263AD1D8760E5FF10ED1AE24D0AF
:103A2000393FFEA77B052EFDCB4C403E08466D2C52
:103A30006306F3C13990707A82DE9E5178EF303A96
:103A4000971A16B1E404102E0D0C9239698513876C
:103A5000E61CB4C30FD8BFF7BA17640A034857EC83
:103A6000FD9FF7058EB0E37ABDEF09A44D174F1106
:103A7000FA401879B3815219E17F0C5AED0DD182C9
:103A800017ED405CA90F6D3835418F462926FD455D
:103A90009F8CE448E6AC9747825207934DF6B95E97
:103AA000035D35317A2EE812E08ADC41FD227C6725
:103AB00083DEEFA4E4718BCD9E8392DDC8EF59378E
:103AC0001EB5121769C0390E288B79D8564042AFFF
:103AD000207F67ACA1B280D413974830DBBF1CCEE7
:103AE0003622ED3CC85D03F507A8F84BBB243E2FFA
:103AF0002E985A10A38F5856899DCC3E1063D071D2
:103B0000EF5E8471B87710F7876D856985465DE350
:103B10002E95BF17841CC9DF240F39F2B8BF8A1550
:103B2000D40CF3E19CFEE9238F8FEDFB428F8B11C8
:103B30001CDF7919FA9FE33ACE5E40411DFBA601D6
:103B4000FFDF1C7BF610D22097AD200E717A2F2A52
:103B500068C990FE6DB628FF8BFE6D2CEC7BA42F00
:103B6000D23D12EADE029212120AA2559BBA9F843B
:103B700056EA8DCE7EC9DA175FEE0363FD5F1E52F3
:103B80000CF823467A2C3A0A35636D61EF611DD239
:103B90000A3227826A8C5151DDF12E4A8278A815AB
:103BA000FFE7F540D20A52D40A7E84A7FD51FF56A2
:103BB000C72FBFA0591FAE9DA077C99CCC51EE184E
:103BC000C2E2274A7C1E39B0B7F62A847EAB1F4179
:103BD000D7D4728EF771A32E10A099F92ACBC8AF53
:103BE0007309FD8DC1B914BAF60CAEA02077E49923
:103BF00016672BF0FFE0D0022FFF62685DC5EE5E16
:103C00007056AA6E771F34BF72DEEFE62390706C99
:103C10006E3EE95FFC724134032E60AA3412C2BDCD
:103C20000B4E661744735E943FE9813823F4F642E5
:103C30002E011F2EFB7C6F714EEF2F59E8F9012EDC
:103C4000BD45AFF5BA22EA9EC95D8A42E5F4D17757
:103C50008DEFBA030E78E2DCAD037EA47E58EF90C0
:103C600076895AE6BE04835E267984970990A9FA7C
:103C7000F3080F337A8487F9ABC5EFBF4B584887F9
:103C8000FEC54CFFD9445FB21AAD66809EE8713123
:103C9000A4BF6A09947097F349F4750289DAA6877C
:103CA0009522B528EBCD2FA14889E694EEA905C64B
:103CB000F1A44473EB01F56369F63C865D4B551541
:103CC0007A22BF443F8C8EBACEF5378DC94AE7724F
:103CD000E83128D2BC80BFD5F1FC5723251CE10573
:103CE00035C56B201E7965E2891DB255F3D0FA8B7C
:103CF0001543306479B48AEC8AA7602E41F8F1202C
:103D00001CC2403D38B51FFC0D283DDEEAF8F2DE4E
:103D1000B026B541DD78FE822B4BFCB565BD784AF7
:103D2000F460B7C864D1877DFA3F7CD8775EB74628
:103D3000FAB08411B67B038EE1DD80C6D85C636483
:103D400003C56C5CA9ACB63601A47B68B4AFF322A2
:103D500056F5429B5C57C3271F66059EFC34C8A4DA
:103D600006D589BD00ED42F2DB2AAD55562407A2E7
:103D7000C00C8E9AD16CE246E0BF8DF0D7FED739E9
:103D800048F9F1A933A9DFF311A6A6E86BA91169D7
:103D900069585421B7E10238CAA35CA72C15CBAFF0
:103DA0002CE0AED928B8AE6C4FA0B92CF7164287DC
:103DB0009EBCFC0D7085272095FE603FB80024BF97
:103DC00036B51872EC27281B028EFA05C25D966A7A
:103DD000DFFC70E08C2CC7E131488FA8C233A928E2
:103DE0007BE2E9FDDE1706A2AE2F31F52FE308EAEC
:103DF000FB62F7EEC11B363486A78727B5DFEB6F72
:103E00000384AE7DB06B16E38DEEBA07F7C3EBDE2D
:103E10004772790035E14BC9036EFAEFAB9BB73AB5
:103E20003E6ACC08BC3A0D52D6A44A0B004BDB05C7
:103E30004A23662B98EEAD8EBC7D1F7E015725EF81
:103E40001422BB96572530F661FC44F466F3A21D9C
:103E500030AF06703D96BAA4FFEA2363EF84637B1C
:103E60001F9657241B1F9FD965D846F628853D7E8F
:103E700039E8A216D918A95C5A6B88BF284AA94606
:103E8000CC8F20CE5B8856EEC124B3FD56E100A452
:103E9000CF64D4D390DB6A10CC7CF8DEF4F73E7E9E
:103EA000AFE67D747A2598FEF83D426F1BAC791F12
:103EB0005D9BE075FA7B467DF3E0C7E2D501AF1F5D
:103EC000BF37DB849EA139074FF2CDE0247D0C146F
:103ED000531B003AD36377343E9C4DD9A34F52ED28
:103EE0006299BBDD8845785C8839D97599D0EF38FF
:103EF000E96C8652FC321B9B575F4BD246BD73B0B8
:103F000066EF87EF7F5D5BC072572B7CD4E9E27769
:103F1000413E732767158C8B91CE8E9EB056656798
:103F200099F3D9927A69C7907FC5F5C441DAA52182
:103F3000DFB21E11F384A55BEBD49BC4F3599D3D06
:103F4000B5F2BEDC9ACB366BA2F83C72ED1EEEB435
:103F500069FACF52897DAB645E4D933A12EDBDD3C1
:103F60000730FD2CA3358A00C28E4BEFFBCD7F7A44
:103F700071B5F912406FA60B9759E8839207D109E2
:103F80002661EB2682DB7808085B49E2D4B6623E04
:103F90007590016AF19D6E159F0E5B3E85719826A6
:103FA000F6830A40524ADAFE64E3433412733CF566
:103FB000F5AD2B789BB46BEE48415F38669E73A6D7
:103FC00074D9E4FDE5D47CF9EE60EA6F6B99521286
:103FD0004833D05DCFCA0C8839A5B76AD12E53AA11
:103FE0001777A71D88DF65A19BF113D6AD0B5EACDB
:103FF000DF9AEA992B3DD9C9480CA83F6DC2D81861
:104000003D7188C2B8D16E3882ACA69AF163565E13
:10401000BFFBC276073A596B3C661ADCFD4B403D4C
:10402000DAEF23B5707588DB039BFA305FEAD6E4DC
:1040300056D75973D7BE63D2B6B264F526917F6F57
:10404000C8E7039E76ED3A965AAE25613AF4F40637
:104050007DFB2CBCC3FA327A0217BBA4241A9D57ED
:10406000E28AE971FD89D64DE2F993A8D74154A3BC
:10407000BCDEBC6FAD136524E76D9AAD7E2E7CD996
:10408000D2486173E4AF1CFE66E8ED1163E404A05E
:1040900059A7B77689EBBA4D2A52A9919E12691297
:1040A000612D89F63775EFA9C83846AAAD4B90EA5D
:1040B000C877618C23607D987C12E9659BDA0DA03E
:1040C000FD71C19CBE9309718EB3A91590ABCDA5AE
:1040D0004C28BCA7C10B24CB943A3A24ED0A7B466A
:1040E0003A1FD3324D94DFC18AF9D26CC2A628DBC5
:1040F000E4794D919F2B544814B73C59127DF767D2
:10410000E9C463E9163FF91CBB265D9ED7D3125460
:10411000E6784C6EC9DC34725E079387E7551AE780
:104120009A57C3B6E17945CF97EA78F3A3F3AAD3B8
:10413000FF7FCD8B29A5E559354C906695A915676C
:104140005559314B9A4B43886B560743E4FDFC7736
:10415000657A474F75ED387F58B6766BF48A955976
:10416000E2F7EEA4D38A228756BB6694F4BA34D71A
:10417000E47152DF3A2F574B5D8AB407A1DF8CB14F
:10418000D63FC371B63E95A2DE006B08E675951763
:10419000D452F375B09D3B6AAA32ABB6F238738441
:1041A000566C5DB10F7D51E8B38A012604666156F5
:1041B0007AB09AB683122E98565126BCA40B9DC590
:1041C000B5FB35F5C31144ABAFDB48CA779A8D4ACE
:1041D000F92E7383A77CD7B2DE57BE8B5EEF7A468B
:1041E000AA5C77E95E95D93450DE7BBEFB9B3B57DA
:1041F0006E7EDFFED3B5150329BDABBAD7DC9BD8E5
:1042000082774EF2C9B2565A365D2C4B270ED3C078
:1042100066DE56279813A773813DEEF26CFFE49A91
:104220005DCB1FE47DF0D9F2199D41574B7462D9E3
:1042300046282D7A2BCCD464EBCA31B19C51EB29A2
:104240006BC71F5C90A52F9B74F1F253A1B66764F6
:10425000FEF50EF1EF2543AC7C963661487F5E2C6F
:10426000E765F81819DE3904FF3C97A99853C07622
:10427000D3519D65E9A2B799E91C2753FBC290BCB5
:104280001665A5CACFA19EDBCEC9F2BE3F847F4191
:10429000F7DAC5FC958D3336176E4E5B7565D58C98
:1042A000D585ABD7FFE59BBF4CCDD89511889EC275
:1042B00048F42C1C829F6FDA24D323EB7ADD9D21F6
:1042C0007AF4880BFAB8ED301A667D21F79C82DE0D
:1042D000063F8CCBBD59172C8895F7FDA7C8E7B2D0
:1042E0006EDE3E25735337842F46C856D07E712A22
:1042F000FFEF301717F8DFC9F08EA1F93D87462D83
:10430000DF42FDD1A0730B94B13FDB9F18E15885CC
:104310001904EE67C75397D2D394E13DCB7E3CDFBF
:1043200076E51C138AF9E037B3EE665DCDBA8DDF12
:10433000C97758D500F95CE3E99E3BE9B044A31284
:10434000FBD7D3FDA3932FA5FF76A58A527ECCEB96
:10435000B2AC775FB62BC8F6CA2E4683DEF18AA0D0
:10436000C330CFD54CB8F3C8B282AA2DCC94AE23BB
:10437000A758660E59C584761DE10CEE21D5D9AB40
:1043800030E3A1EC234485E2C89222A65471C4A86C
:104390003D772462A20F16EC7EF38FDC17B4C6586B
:1043A000117B447C93A8ACF3C8B3178CA998E7E4BD
:1043B000D4F39BB2824E98A2FA54AFC78339013E20
:1043C00001C20F1EF812FED507B20E6D9E9B7E73C2
:1043D000497F82D04CE2117F7682A2F7BC52E3D3B0
:1043E00098F0C347E65A4F5C251CE7B1B985537B6B
:1043F00066DD5C91B6989DF163558AEFFB27CEADE3
:1044000049BD9B77BAF084F558DBE9DBDC223280CA
:104410001B45FA33E1C78FDC7EF97899B1E2F38F5F
:10442000541E178E2C29BEFA4BC69FF6BD11FCA652
:10443000EA4FA3F0FE71FC2263AAC183A8C8FEE87C
:10444000FCA6A80727E9DBD1596A5C6D103021AAC8
:104450006F99754EC0F7269F8097B62E91DFB8AA48
:104460007BEB4CFAAA4444457597191BFFFE0E4896
:10447000D3AC1FABACA7AF1A21452B12271746DDD3
:10448000BCC44EED61AA5AAB824C34A834711B9A5D
:10449000C009B3B12DFB23D51E1A9F9CACFA831B18
:1044A0003ED7F47DC18C5B51D7E7BA4EA2274E4E62
:1044B0000D79FD4CEA9A1438B7B6C5ECDCC2A3B747
:1044C0004F92CE6802D27C2DA5EADC6C0ADD677FB4
:1044D000C4547D5E75FC7DF48D11E683CE2AEEEF2B
:1044E000943BB7E798D26EF0B857D0FF74EDE2B8BE
:1044F000205A09B8FB0E1065C97DEDCA6E34A610AE
:10450000A4846322CEBE0AC79439FB42151CE92756
:10451000EBE9B64BECAB6824B336E6F439C49FD96B
:10452000F0CE288ED35A056BB14675838046FA309B
:10453000F5F4BBC68AF347BECB33680BCE1A62AB29
:1045400036191A4627DF49CFB2DE4EB4EFECFCFC39
:1045500066A27D2F7DA6EB65BFE30707EC63A9EBA1
:10456000559BECD9E41909E299E33D2FD7D7F66CB6
:10457000849A9DE77B1CEFDCF771D7CBF536149955
:10458000C3AFCBFAEF37A4FFBEEA64D16E65ABD5FB
:104590007CEA6AD1F8C0B89B2CC6A7D7C4B82BC692
:1045A000E5CF7F747D33A42429B7A9647596F5D926
:1045B00086AD49A392E5E7761F55664F75F57FFEF8
:1045C0005A52382F9D8191FD85E7903DB95B3B3173
:1045D00074DE27687B923CFEABF2F84786C6772BE9
:1045E00079BDE86C9635B061FB6B52CC210357D690
:1045F0001A627536F4A56A74CE1A9DB20E7FF0D297
:104600002D59A26EAE4899A99070927F96E369E504
:10461000907FC56D348613E7CCC0A6C6D0E9FFAC49
:10462000208F40909130DB2F593C6F97912BAE0833
:10463000A5F13BEB59F4B6E9C99CD4987AF6243934
:104640003B86EB4C25AC2968273C65A33A4D7C1E84
:10465000384920EB6869B4831B653A9EE07E8CC4C0
:1046600024B876192E65A2407E455FADE5D9C539DF
:1046700055D94B2C68179CCBEE822D53E8E2C28DA6
:1046800040C2C06F90E97D9F6725881E09C27F0BDD
:10469000B8C4CB7C92614AF7BA607A6598CDE08A5B
:1046A0000C436E2CDE3D0693F9599C35C6B0D35AA7
:1046B00031382898CD97D4F00AF3D34BA777739E5F
:1046C0004E20D158BE41A2315C2390A56E7EB556D6
:1046D00027CA2CE9435C7FA70C619221A82704F22A
:1046E000889BB2F67127D4D1195FD7E9DE94EBAB82
:1046F0005AD7B448277E57C8D2D1DC7149A7F4A64F
:10470000CCAFB5727E968FE96256E7AF96F5F1BAF7
:10471000BA129D948FFFAD213E2328FF0DF59BB06B
:10472000E479FB2D21F7E1A0FAB0785EF877DF5845
:104730000CB1C10B8DE54A50ED4CC1722F10911692
:1047400010D15D8819A72BA1DDFB9EAF761EC3D0CB
:10475000F7A5ABCD0FA3AFD1D5B433BADCB4C4B495
:104760008A97C7CBE143F395314AFBCEEC7E95BBEC
:104770003BCEED76077C7C82ED3F4F0C9E7923E4A7
:10478000CDAC3749F1DCE070969279D5D7155F7ED4
:1047900092F9FD1B395E640FE9F7BF5CB9C1A367ED
:1047A0009FE5D61F5DBC68F98E67AD0F5016F38587
:1047B00059E5F602A56405CA0787F2A40CBA28E8F1
:1047C000ADA25AF10E038BB7C8E3BC267F9D3C63B4
:1047D000489F2F233B32B6B6E6C8DC6B76618EFE6F
:1047E000A7D44797269D0D4D2A857D7AD0198A0931
:1047F0005B731532FDDF109571E0EE9E8F15589CAE
:1048000075153AA17F33A818F9B31BAC8774FAB1B8
:104810000D93BFBE9D26E3FF7A08FF2519FF3A19C5
:10482000FFBB43F9C7DFA596B0F5524BDD1E59DE3D
:10483000E972D92A6961C541492BB507B900A71C9E
:10484000BBEB2EB8781BFD85ACEF9BE5AF69AF19CC
:10485000C2DF3852529274AAE92270C98ACE842CDF
:10486000E149A5FC75F5D57EF27B01AE778986F22C
:104870008B33FC6B029FBD456D42A70AC2CFCA793C
:10488000758BFCB5E3D787F2873A95297B8B41A7D7
:10489000E6D10AEA609DDCFB14AF476F83A1F7FD08
:1048A00055345BCBD3CC34E71B302B7A8399D4FCC3
:1048B00046599240FBF8886FC14C727E367C86DE8A
:1048C000A53DA5A73C5DFEED84B44E0B73D19B5472
:1048D00006D7413198DA3E38980AE67D3ADC27E976
:1048E00084AB4FCB31A94F1B217F2DFD95A1FCB08F
:1048F00046EA9D9529F9F94835D08C638B9BB580A4
:10490000DF96EFB0357DF8135C2D7A8E3B6B83D943
:10491000BDF120EB638D15CF5BFEA524BAF8B20E76
:10492000F4E7F658CE5D9CEC1AAF7A68BC8FE0BA1B
:104930004DCAEB4EC95F875F32E49FAB8C4D0A6076
:10494000D9967F01E6CBE209D9A42F5CEF54A1965A
:104950007CD8A2945BEA1A47B6EC832D9E728BA694
:1049600061644B3D6CF1955B32CFBA5A5C272931BB
:10497000F6D9F9E3961BF597D1779AE593B6FBA99B
:10498000CBE8FB1D78FE857A96E3BE0047CD27B7BE
:104990003A00E7A7C6C6BFB7AE372B53F0A771C31F
:1049A000AEAA42228204C6460A905A06FC0334D8B4
:1049B00002AFE13BE17A5F3AC7DB6B4D157DDE5715
:1049C0009BD7EDE14A52C33BAAB2F30D3905A41EB1
:1049D000AD4067B54CB444B5BAFE1718A1AB13E4AB
:1049E00014C4F3A47EE8A4A4F8C68A4EF481C8D205
:1049F0005FEA5BD56ABA75A9C5F5A643CAF5352D38
:104A0000F9ECC49CC996A9B93D2F735BBB0077DD57
:104A1000E62E64B70D0A9F8C01197F24177E9363DD
:104A200088B32C50FDD103B72E8252C9CD4D92765A
:104A30002DCC2D569378FE65A930AE0FE37C323C29
:104A400018CDBBC0D7BDBAF3358C2B50E2440DFA5C
:104A5000DE9995179F0B26CAE785EE487D1A132429
:104A60001CECBFF6B19CA2C79D6BD3D21CD8ACCCBA
:104A70006739ACC78D5359305EC14FB0D138B0EFF4
:104A8000EEE9FD6FBE4F3A335D8FBE670A041AE050
:104A90008658FB9EAE4E6B3AE256C59509A556B3B5
:104AA000C8B7E7B3B9B05AE6C8BB609FFB411B82E9
:104AB000E3943D38BC2A38BA07AF67EDE37A1E6449
:104AC000AF88ABE5B2761326C54A9BD0D439C8C7A8
:104AD00072D9564CD8AD06E8ECC6DE5A05970B6382
:104AE000FB291B1FFBA16DDF0D241B622694183BC5
:104AF0001F23D8CBE2D7225EC9DB4FB589B2BEDD1A
:104B00001CE4466153CDC56E6EE8DBDC99CDA09800
:104B10005603F45D7EE4F5ABACE86BE096F37A9374
:104B20007D343D7871202BD3D848028C9D65BA5CCA
:104B30002BD9467C2BCC522CF23E428F906021C266
:104B400079B4EFE2FA56A590A07CA426F327088357
:104B50008FAC49FA11C23C5213FDAFE2040B162E82
:104B60007F6124E907D88E3DD2FE3DC40146D66858
:104B7000BEBB96246CEAF10EE7435622FD96CF1C8D
:104B80003507AE3BDF79E5BAA9AFFCC1A58E6F6EE4
:104B90007DDFFA53CB8ABE9407AB3AD7744C6D09CC
:104BA000662BA11E71D96D0A2EC5862B59C8456387
:104BB0009BC297857A95D786ABE868C210CB8DBD2E
:104BC00081ABC8BAD1F21AD6E4571AC372A6B6D1CD
:104BD0002A2817FBFB6D7D925E349D20CBD0FF8988
:104BE00084561B86D8FEA542B31227172CC95D92A6
:104BF00083FE2725A8EF71E84BB1372285A087589F
:104C000056AA92E58A1D5E65A9448A3BE8DF3EF517
:104C100016B77714206AD0F763A5B57EDB35799691
:104C20008D2B52B85185D4B37AEE75136D3CA50423
:104C3000AB4C1284EEEA1A99379AEBE1721D697750
:104C4000D5B5B4AF4891E186EA4ADB88199E40C6E3
:104C50003FD43BBA75B8966F19EA7F8D9C14AC0FA0
:104C6000F6F475E7DCCEB971AF87931696237B28EF
:104C70005F3D479DA338D54AA4ED932229A8EDEFC7
:104C8000FEFD5EFBDA157CE3C6F0CDA6CD29AB1A9E
:104C90005785AF36AD5EF197337F09C9C8CA504218
:104CA0006D579B45FE042BB8DB35682C65AD9867C6
:104CB00029CE29D0736FCEEB1C1EA3B78F3DD72B07
:104CC000E93EFBE4F843DCF68D50AF753655A3A8FA
:104CD000D78A344C18E32FEAF53A1B73C41D30A56C
:104CE000EE6049CE925C436C4DAD643B8EB26C8EEF
:104CF000AFE5636B6CFFA991995F8DD4A4BA63C5CE
:104D0000BFD2A4D29AE25F6952E6278FD324A67A53
:104D1000E9BAF28EF3B72E5DFFA6F5D5072B3A530D
:104D20003A56DD5A73DDD479A565599F3A1E475F1F
:104D3000201A4B4C7707D2BB5D0DF70B62F9376435
:104D4000EDFD828C5379FA282C6F0A45A1B86AFBD5
:104D5000C25AC30203FB8E52D8BEFD9D144F21D709
:104D6000739D7537CADEB3BF57AF465F30DA566EF4
:104D7000A300B1423C8102356715D49C9CF3AFC9B6
:104D80009E3FC0E68FDAC4AF4E8A35A5EA481210BE
:104D9000B28F1F1BE9E7BAAF0B5C61BAC2A37744BD
:104DA000444F2B94A56E6A30C40AF457BF338679FA
:104DB00000027DC9766BC32862963B8837C9EFA392
:104DC000DD7CC925FF33E1A6AC313D99523D7FC35F
:104DD000559F7933BCC8051D36540BEAAC29E86DE4
:104DE00008D3B2F2C29D73A556DD75576BB4439DCF
:104DF0002A9E932F0AB7FACC935A93875A93DA884C
:104E000070A5CC337EA816B45EDABD33FAD7E3942E
:104E10005E2375E56B4D1B535636AE0C5F655AB578
:104E2000E2ED336F87FC25EB2F2BDE3CF36632D4AB
:104E3000343ED4D723DFDD9EDF79EF6A6D045D84D5
:104E400071E915E48AA26B4586785ECBF5F7E3C479
:104E50006C977492C72C73E1AC12AC1E7897B1DCDE
:104E6000BA9D5BC6F3BF9169FE5089BE62BD211D2C
:104E7000332CB09BDCDB31DD721B922DB4CF8392DF
:104E8000FD44B5F2F1AEAFD815C4E504AA8A7AB1F3
:104E9000B2D4E5A247B4B16E1AE6001DCD94C15F4D
:104EA000A52D9A64B9A0F627980F9A60898E673E5F
:104EB000A0E35F64459852C7DC8C44A6CA110FEF8B
:104EC000163265F07700FECA1D0BD19BC3CF34119B
:104ED000154D0BFAD34E519856954E772038A28235
:104EE0005E28BE770FE1890A76617D9A60EAF61640
:104EF0006BCA508D79A1CDBFC3F56EFE0154D304AA
:104F0000E11146213D0CECFB128D8AB08EE827633F
:104F10001DD14FC66DA330578D0B37E5D3F178DC2B
:104F20003A70BCC9857B443F17EEE17E32EE1075C6
:104F3000B0E0C23A5AED2B0CE38B299630F260DFD9
:104F40001046C403B1878C4FEC2163127BC8986470
:104F50003E0DE182E3415C3196A71B863149F31E89
:104F6000E625EC3D844995EEEC18C6353CCB8634FD
:104F7000997A884D929B245B9285D0D1786B24AC32
:104F8000435FBF356ACD73F96D860B44183B97B408
:104F9000781E82928E7EA6A62C95A7A35ACB52EDA0
:104FA000579B07FE1F616F1FD0C4913E8ECF26D93D
:104FB0006C8250C18801C13612084AADA582E04B0F
:104FC000CB811256F0E55A7BEAA7F67A87AE906A53
:104FD0005FD4A2F56C6B9B103621BC2874C185820E
:104FE00077481590560F4B3555AB8056A97AF5ADDD
:104FF0002AB52F160D106DD162052356E537B33B48
:105000001BF4DAFB7DFFD86477E699679E9979E611
:105010009967DE9E87A785F3BF6DB98C3A455C0B17
:1050200030C6E11EF7A9DA78391D69659CC7001CF6
:105030006E7CD2FC3B64393ADBFCC24A5BAF247B1A
:1050400090BC91A40FB2B3F2B7DBF29A540BE6EB2B
:1050500063F53984217E2DC036F0CDFF961B8EEA94
:10506000703F3A6660356FDEA2707EDB0763D8A3BF
:10507000063664FE9B6030167C2CAF399A2FC66EC4
:10508000FDD2C012068CAF5E6E708C1E0C8729E4B8
:10509000D2E9B8C11816C64C19F1DCFBB87FD40EA2
:1050A000C6647C8972321083E9D2B70EC69242ACD4
:1050B000ED8158F38704EE71875B0DACBE5A8D4FBE
:1050C00098836ADC0F61E8A857935EC12BB82B2D3B
:1050D000B38854643799DF4E20BDEF84C6D7F77983
:1050E000F1AE74DA09CD90213DF17E60401FFE8162
:1050F000456EC8335F6707CB05362D66F92A719573
:10510000C46A3866390FE32C86389B744F005458B4
:10511000C7A6650BA163E7D8F04852CEFDD63F94F1
:10512000A5197608A8CE6C741B88C65B4B89E2CBA8
:105130002C1D4F0D80C65B57017A6FBCB58DB01822
:10514000D05B4207CC55C021E55A552A371C7B2835
:10515000C45C2237F8581F0C49E7E486B487421232
:10516000DF87A9ACD5268DC33100C3C47A6836B0B9
:1051700031937544CCD5486CA9B77D03C494F360D2
:10518000BAE6F510D343215585ECB852DA5576F7D7
:105190007AC8770E10F2BD9AC0EDF7B981DDF4AA96
:1051A000E6EDDF86E2DDA6BF6ADEB93BB4E28283CC
:1051B0002066A3DAE50A7C9F3F3D5BACD7639FE99D
:1051C000C3EB85FA8423ACC8674E2F7E7B26AED511
:1051D000E65F999BEB083295B9F99AF05B28FC3EA3
:1051E00023FC0E86438AD987E8B3428A6D0FD54FD8
:1051F00036CCE9A1907498F7B1874212CD30442A99
:10520000A7B897F51EF9042C67E8BDDE9A1569EC7E
:10521000FF1E3F822F2DD7B5CF9EB752ECA5A60A11
:105220005B67CDA5B47B73FAE7F6CDBFB1F0DADFEB
:10523000AE2EEECCBCF4D3DDEBB7D1AE03B292DB35
:105240008FECE03DD22F73D05A5AB8AF568652EA4F
:105250006BA82D3BD2451C915B72A7AF5FB26CED82
:10526000B1B5516FE5BDB5EC9563AF44BD9AF76A32
:10527000E6BA23EB96A2553C01A6B634673A4755E9
:10528000C9996E7E2E3F5F989F5CD1F0E1208E0F12
:105290009D1ED5BD9BCFB6234F10F1574F52CFA8BF
:1052A000857C2679AA847C7644FECBE946FB49F1CD
:1052B000F385F0284F11A624D253896ED297D2706D
:1052C000AE2D78D9CC3820845398C28FA802E1FF44
:1052D000436A3DBE8B59969422C16E3D2486015E81
:1052E00080D94E6DC46529C865E0D82F48ADCE1968
:1052F00078E76969318DF3CE15A0EBF8920027812C
:10530000651B998AE55D6E2E83E133597A7BBD3743
:105310007EC6612FAC71C6E926E99D9D71C91B7ED1
:1053200078C6EAA6417C46EFBB3175DE603E698BEC
:10533000BCE187D3567AC3D9994983F867950EE2C1
:1053400099BD7510FFEC9D83F9CEB134F1F142DBCC
:10535000AF93EFA1803359A56353252B87BA3A6FDA
:10536000FA3992ED5EF30B6486BE2A56AEDF114B1E
:105370006848769FC8EDED87E2E70D03FA7A144698
:10538000DE16C3AA0E8A75D19A5D399DF4D251E119
:10539000D0823456A8C1B1F11661376874FC767CAE
:1053A000B7E4F939B8B6D959DEFCE6A276955A8A3F
:1053B000DC8CA8859AC60AE1FF63F82FFA087DDB2A
:1053C00049A975FA3A4AA1FF5821136C89D451664C
:1053D000D852F1C2BDC6D7FBB794D2E77049A9D75E
:1053E00011374BEF832D7C3805F7FD99DB4D904746
:1053F000AB9DAB80EEFB660D99A8C4E5D9550E4771
:10540000BFF0E0D54EE71AA013F667A3E133093EDB
:10541000899BE8179A10BC3A55BF257CAABE267C0A
:105420006A409A7E4BF20BFA1A056053C5BC68932A
:10543000BE2ED664DD4B414D5461C2E54C9CEFED70
:10544000B3EDD361F8585C4FD306C3D3A7417C3486
:10545000C4F406CC7D32C43F197E4FD6D725C3FF96
:1054600058A3BE4E912CE26F7DB572BAFEE3DE9773
:1054700037D3639D70569E40D26587B6D2F7F667E4
:105480007F19BF46B056A66BC967D653FED95F4E8B
:10549000A68FD09648E61D8F3F2A49300D75039D93
:1054A0009352082990652098027E85D2C5F97D2700
:1054B000D1C86A8D74E88AF33B4FCA23537537D637
:1054C000686C9E012272E506A75291A00FBBAAFB51
:1054D0007E1A5F2AF0DBF396C81B1BBE3F88A00232
:1054E00032052B5142AC25F2340CC5F5BD20874165
:1054F000A3301E97C5F2C50AE3B280837CF68171A2
:10550000596CFF095E7E9E20D9DF4A7CCACBBFDE84
:105510003010ED858B91C29AC77BE1BC61E627BC58
:10552000FDC01B96386E1B7D61DF119A8D3CF0E546
:10553000A5FDE27F3FFEBF86FFFBF63B2922C10FA0
:10554000D6503C05084EE9969F3DC429817F492BE2
:10555000D483645082F9971CE79494FFD9E36C26B6
:10556000BA4B5872924C719EF7684EB5C2AFEEB30B
:105570005F439E959D4B39DB569C59F45DA1B2E487
:105580006B0DE5917F73A8C5744F2BF0E8939E6770
:1055900077D28E7D288FEFA76B7893606712F3CD5B
:1055A000B395D32B723C0302DCE3FC1CC71796E4D3
:1055B00017766FA7031B39AA485E7A00EF27DC2B0A
:1055C00059EC34019DD624DC93BC1BC4E83F6D6BC1
:1055D00017E30C774B16EB1BDCA720CF7ED6D60E3D
:1055E0005BFB14F2D263ADA1052B6016C3E9F5FA9B
:1055F000EA36C1338F64E7EAB90D83BE7A04AD5051
:10560000B58B9EB7C71939A809226D3F60BABEC6CF
:10561000943816F2602DD2F31391F6A7DF019F2A7A
:105620006A1A8499066120EFC2A70E3EF5D4340DA4
:1056300005863BE385598019BEFB405DD20C61CCE9
:1056400010C68CFA2B8431431C6688C38CFA1795DC
:105650000D21B277CED06FD15AF535F0A9A3B2B1F2
:1056600036DA0CF137C3B4CD306D330C6F86699BDD
:1056700061DA6698B619C61F84F10761FC41187F8C
:1056800010C61FD4D7BB0FC2F88330FE208CFF0298
:10569000C67F01E3BF80F15FC0F82F60FC1730FECA
:1056A0000B18FF058C3FA2AF361D299DAEDFB2E679
:1056B000088438A2AF731FE937C299CD11FDC7A680
:1056C00023FA1D6B8E14FE595FE5395A0ECBB9E0F3
:1056D000CBD17F863574F4891910F2E83373F475F1
:1056E000AD4739B2EA1108FD25C4F8A53322D70227
:1056F000B17E0973FC0FC706E6EAAB9C27B666705D
:10570000EB590BACF593CE7F466D2BCCE4D6FF3333
:105710004ABFA5ED24B7DEB04D5F0343130A0E72F6
:10572000EBC717E8EB50180BA987613BC6FFC4AD68
:10573000DF315EFFB100F7937E070C9B5324E7D661
:105740002714E9ABDA4E73EB4BE510E369E7810907
:105750008F73EB0F4C80F86058DCE310DF69E7DFF4
:105760004A92B9F5734A20BED31C5B9A0C693BE59B
:105770003C1CF72AEC0571FA8F9DA73836EE55FDD3
:105780000E189651C672ECBC3248E3996D90C65221
:10579000A881B67DEDBC38657B00A4F1E21488F3E6
:1057A0006BEE91B8ED10E7D7CE772B8F70EB5FAF34
:1057B0008438BF869047208D5F3BAF275CE7D65F7C
:1057C0004F803422B8EB90C6AF9DEBAB286EFDBB8B
:1057D0005590C673DCFAAD14C478CE797FDA93DCC9
:1057E000FAFB904360D823294F427CE79CFFDC32D0
:1057F000835BBF7E0BC4770EEADA33208D679D246E
:10580000BD024A055AA34C5901E93CABDFD17A16D7
:10581000B6CE795897E761EB9D87357E1EB6DE7967
:10582000D8FAE7615D7F03E5D7160AE923705C8645
:105830004F3D85C608A83708D6CE6430950CF54391
:10584000182F8371321827FBECD0A5399022B2AE05
:105850007593B1BBB5EEB846E92FEB396E4C69389C
:10586000A951A6533D27F5556B945760EF7553101A
:10587000A352836E4CD57BA8861FF5555AB57E4B37
:10588000AB5A9DA2AF6955C13657410E52C119AFEF
:105890001AD2A8D257B522EEF6D16F71FAB4C05E13
:1058A000B2C607A6F68179FAC03C610CE5CB66402A
:1058B0004A7C397657B2BEC6E9EB0C144E09B1FAF0
:1058C0003AA7AFBEBED617E2F1D3EF30F942AA1F16
:1058D00081D08F40D84720D58F402C90AFE0F33156
:1058E0007C76C0A78A1A06E387C1F861307E188CDF
:1058F0001F06E387C1F861307E188C1F01E347C0A3
:10590000F811307E040C1F01C347C01E1804C38366
:1059100060FD076BE46028ECC741C8F632ECC94172
:10592000FA7A5310840B8270C130FD48083712A6F2
:105930001FA9AFF18440FC2321FE91307E249423E3
:1059400023219F84C2F8508E042A58D650984728A5
:10595000EC2BA1102614A60F85E91F85F18FC2F448
:105960008FC2B84761FA4761DCA330FDA330FE5116
:1059700064770ECA47389F6DD341690AA54A9B4E8A
:105980005F530BE970EA20DC68580F3AD8DB508F80
:105990000FDB9A02A1C2A02CD0434C61C8C218846C
:1059A000088358C2600EE1308770181E0E3187C31D
:1059B000B0705842030C37C070030C37C09C0D10F8
:1059C000DE00E30D30DE007393438E1C0361C6409E
:1059D0009831100659BF8B82DFB027C2A7063E75EB
:1059E000F0A987CF0EF85451E360DC3818370EC6A3
:1059F0008D8371E360DC38886F1C8C1F07E3C7C39D
:105A0000F8F1307E3C8C1F0FF12F819C3C1EC2C0F0
:105A10001E0B9F1DF041D6F5AAE1B3053E35F0A956
:105A2000834FBDFB2918FF148C4796F726C078D802
:105A300073E153039F3AF40D358C1D548273C1FFFB
:105A40005BEE951DFA46E0FF6F5A3965CFD092E3C1
:105A50000FF1BE20B7DD894E93287FE1770EC49504
:105A600003E173204C8E80FB01D90EF12742FC83A9
:105A7000721DCB70F83E0DC24F83B0C9103619C2EB
:105A8000420E864F1D7CEA85F7B9F0FD2F4EFB03D1
:105A9000F4E2FE783A0569692587A0CC0465ADDF9C
:105AA000B47AFBA844631D7C7608B42A603A05D218
:105AB000E79CF16ADD83721D8EB66624DBB923B7DD
:105AC00006A094E981E13DB01D7F8561BF4238C8E1
:105AD0002D822543C413883F9E8561CF6ECE849866
:105AE0005E6695CED6213077544B65AD024D386F4A
:105AF000585BB292AFE1AF5C1CA705F98068A96F53
:105B0000932319F1CD8F12457BE8E53DBF7C8BF4E3
:105B10004B35ADFFD86DC6A311409AD37E18F7E47C
:105B20000514578C38354F80B069A86628F1DC79A8
:105B30001AA519FEB7E6898F3B0F414069A244DFE1
:105B40001A2A5D89C2387205FC77E278E9BF558070
:105B50005D87B4B45CC1DB582EA42D17D29D2BBD3C
:105B60006B20E550E2E4414AF2CA8D509E14E86B86
:105B7000DCB9FBE1B8ECCC856511E16BDA84D08748
:105B8000C3A802291D2CA7AD059660E857A2D6111F
:105B90007934673AD62BF7E53206AC2393D5787E75
:105BA000592EEAD87C81578319EFF9E2304A7F34C5
:105BB0002053F388D28CF5F34FB2AF647767F76464
:105BC000F712330863610A41938C9FD2491209CEC0
:105BD000F54037FACF9C0A4CA8D03AC13EBB0954D5
:105BE0003C6607DCC0D0158D9E56A2D1ED212C91CC
:105BF0008DBFB442BEE8930BFE264EA3376BED89F2
:105C00003CD4F2156DADA030FFDEFAF263DC9B6B85
:105C1000409E3227A866A3F5DFCAFBEC93FAAA5B85
:105C200003DC5082B44CB3A4583F1C0A98BE3740E2
:105C30001CFBCF6C72066B281EEAE2BB06C84864E8
:105C400097C115A8ED67942A611E00A55EDD514835
:105C5000FB9FF7E3B2D7554E0F30416DCE1C623338
:105C600081CD9121236CA0827742AD54B9A26F03FC
:105C7000B29893D0C151F120CCC4C7A23DD02DDB46
:105C8000C4DAD95A7C61433CD4E042BFAECED40CD6
:105C9000012ACED75FC575C581E15F877E2DDFA361
:105CA000005EBF306CB0A4976E90C2400ED2C5E5C6
:105CB000B574341139A5C75A4B0791342A65C2B758
:105CC000A26544B72D5E7B7780A33C03862B0977C2
:105CD000A1F6A4DA479992127A9D6FC2D8EA5B4B7B
:105CE000F435B7962C7E35338F482D4D760E09024C
:105CF0001CE5AF6286DF011A1FA072AA6509683F22
:105D0000475FA5067C9130D7B822CE09E8A0CB6FBB
:105D1000A2184B64DF868A8D5F807348AB87BFC84B
:105D20002690274884D575B15017EB07C28E901086
:105D3000023A4FCFE67C818A98EDCC83B96FF1812E
:105D4000DC849EB71CC2FF16FC8FBF07D3992FEDD2
:105D500037122996D41D1D9FB4EBAB20441584A89F
:105D60007A1022FD476BCDB13C65664D06F26E564A
:105D700098C7E4A86553C9B8A4CDE85E7CF4091BB4
:105D800073731BF1932DA45009D0FBD34497ADA29C
:105D90004009C6D67147FB061AFB2F0066937AFCB2
:105DA0006E9634B89667F6BBCAD577EF3DE32AF610
:105DB000BB1541EF536E4A62189E206605D24C7A9D
:105DC000DB78E6ED0F9E986A9F951498C298BA808A
:105DD000E03F6B693020C61E3485BDC9CF13E6FB9A
:105DE0006BAC703EBCB76377FB1C7C8AAC7D29EC46
:105DF00005425CC41A29ACEAE565382CE34D292C30
:105E0000DD9429C179C37499737158E76A2FBE254F
:105E1000B6CC41B8381B3E1BC0184C62E86108394B
:105E20000587EA16A749F90CA64F176C070AA1A423
:105E300037D4FC77CD9AC9A0308591B5E9D8F0B5B3
:105E400074489E2F707DD07111F91564B4BEE0B511
:105E5000A91A4AA774F9FFFC3DB231CB587A1F95B5
:105E60004A7578A58423F145347F44726DB0659AF4
:105E70000F0BF045BDA1884FAD5BE82027E447C973
:105E80008F1B097E2840E1FA6A3EE881F63E28CE63
:105E900043E34B15A0EC109CBD2760FE6941BE3664
:105EA000E574E42B85B05DDD82474F7D36B50CFD92
:105EB0005B5B5B97B291DA05829DEB7309BC9C8EAC
:105EC000978D4E4536EDA774A354FA473C99C5A665
:105ED000422AE16E053516202ED61B3C4BF461910B
:105EE0001985B47EDC5D9B246F2CC9445A05E503FB
:105EF000127AF5E1BEB9FA31BEB94E2A08E8C7DC1C
:105F000015DEF5E1F81F7F87992AB451E046FE853A
:105F10000D8BD7A0193F31B3B1CB0D505F1EFE35AD
:105F2000923EA15F0FFF5AA43D7197651631FB1990
:105F3000BA74E6DE76BD0E63D5412CF07DB0E4ED9B
:105F40009FC80DFFC9938FFF4F9ED21432DF06FC0E
:105F5000F234EFDE078CC2CFC7B5DEF7AD7DCA8F56
:105F600092461B2D46E6CD73601F5991D4387117A8
:105F7000D8A7AC480A30321B6B00237F97B0CCFA0D
:105F800035BF2B6F47812BD4EF1F1CED1988B9D774
:105F90000A98603FE504FB72FF767931ED7AACEF49
:105FA00094E670DFC0EA42D748F29425F5A9C64FBF
:105FB0001C631BA7521F243DD32870336CABC07DDC
:105FC000670A26EF1AE411E33C7297D07650B620A8
:105FD00059225A2EAE28F902B51DA580BF96F08928
:105FE000FBCF1744385DACEF0A8B71BF9398ED522D
:105FF0000D796761A18BF5796739E87983989DE41C
:106000002C3FB4DC3F5175D91466722A890428B735
:10601000890A3E52A8B900931FF5D286B23382B4E2
:106020003E5326D80087A3A930D2C4A35A9246AEC5
:106030002DF81F7F3365EB867A61E128B450E2C703
:10604000055E7E9C20F128BB500A034FBD2EC1BDCA
:106050002885353F09E7F622DC5FBDFD617CBC2465
:10606000FD7492F403E56716A0D51A796D7290F36A
:10607000961CCAF656D0B7C139E22EDEC541525C35
:10608000012E6CD057F73EC0CD55A5500EEA1E9498
:1060900083E692EC351026FA2B1AD962D78FF6CC0C
:1060A000106D9D46CEC33376141AC6FF85A312E544
:1060B000E5EDCBDB9B3E5FDEB31C695A50F2C1B20B
:1060C000C37FF609B5136B13356EB3C0CD3A6A19A9
:1060D0009A034BEB5924FDD97141CB807A48D98F73
:1060E000C2681B29AC77CE392DE66AF0248AB9D272
:1060F00049B98CD680EC7AD5A462B9F22CAEBF47F0
:1061000097B70FDC4518BF7F91CDDF731CC327C441
:10611000AB8904B41E934A88F05BE7082BC862FD84
:1061200086C80D6A1C1E317B30DC1C7C4ECC37CA05
:1061300033C94B8DCE9322E2B41B1F2879049FCC28
:106140005166A1E48F6D5FDEFE632FB60A6F61F3C7
:106150002D27BD69C33CD32E48F5178BEB2FE9A142
:10616000FA4BE4A868B1FEEA96B7BFD7F383947FF1
:10617000B493F207FD2296273D4FC3F8EB520EC5AC
:10618000F98E9328D64BDFD397680C374ECCC33D9E
:10619000E5813C74FC14385E0A79BC57BDBCFD4FE8
:1061A0003F8930A6C7CBA68B52CD1D24B4D024097D
:1061B000FFE6074B30DA13D749E37CC68829A98963
:1061C0000F601FCDC742D92960FF57E5F2F6BF77B0
:1061D00048585A1EC432DE137D55C4F284270CDBA6
:1061E000CC8D7E00CB787E3C47F5C810963F95C19C
:1061F000F6FC11B5A7B5DE2EE7EE8C044C814F10EE
:10620000F2F0188FBC548C45E72E96EAB42F09E7BC
:106210001E638A67F12FA1BDA1AF26B233C71A79D9
:10622000B3209F5E1E6BD4872FB5885FE0656B64DB
:10623000AAEDE1C7F15FCF51CB58A325F287029CAD
:106240007E0984B28E46AB881BDC007290159DE5FA
:10625000E03A8603C2F0136B09C7FDF1963552CDC3
:106260004298EB77218C9A4530D7212721383C7E04
:10627000F6CAA3D4D9F2C8D46C6296E6AD2982F5E9
:10628000523FD7FC02E6311FE17488B73F3F319897
:1062900026FD06820F5960C7D0E438E6B1B7087C06
:1062A0009644E4E3A84168F375119A221074A04B58
:1062B0004D23F89F04EC6A093EF201F89F317622E3
:1062C000D0E5F700AC1F86ED0C1F846DBEC2F4E66E
:1062D00013E89B7CBC94760DFBEDA76B346A9F277B
:1062E000EF7354BB0CB67419479D82FF3FF24F64A5
:1062F0006A9435D588974E1DC2BCA5CC61B05C0EA2
:106300003348F2CB25BD99A3A592679C97C2DA2F9B
:10631000DDA0614FE210F78C16E616BC019D4148E6
:1063200021E4DB9420EE0AA355EBF838743F48399A
:106330001EC51E3655D8B5019659095F681F4767B7
:106340002C660EF09311671C1DC7BF0831E7CF7C88
:10635000AC34AD9A964F1C02D26CFB14FD325CBE7D
:1063600091B8FF7F87F221D3C859FA1D7C5E88DF80
:106370009D817DA33E26B8DE7B43BB6CC8978D44D0
:10638000555578852F0998F77D43891487375437F9
:1063900050A1244154CF8390202C7B0D91C21A8FA1
:1063A0000AB6DE0ED80C6C420F6E511D8A71FC418C
:1063B0004CF3A328A6F00F6274A3504CF11FC498AD
:1063C00043504CE91FC4B407A3984D7F1093188421
:1063D0006236FF414CD588EC352F15A2DB76C8FA22
:1063E000DFD26BD65A3568BCE5242C06CB756E44DB
:1063F0001438B1515F65201AAF3809612651ABD509
:106400005A638700492B2455DED21F4156902EB285
:10641000DEEFC3E8DB92B24FFB3DB801F5ED4B2751
:106420005983EB83F90302962A6AB8364EB0573582
:10643000CC9272DAF8D76901CA7D7C1B8871DF05BE
:10644000C5CA0A5F387BE177DF17203FE203503B84
:106450006D4E8173611B6CA97CC10A7615D57ED007
:106460009433BDA5439CCFD4FA15FD19CBA51F735A
:1064700031D77512B8B63EEF875C35F4EB03050FE4
:10648000D13DE0E5C4BD0FD36DDE43FA94D3AEA099
:106490003B17C9B1FB69977FFFF7428EB5FC052C0E
:1064A00057CF574E87FA9B2817CF6F6FBAFC6A4BAE
:1064B0009383663EE80502DC87D479B4F3B7BC7DEC
:1064C0004397F0FD1175B60FE6FFEF4EBCCB33518D
:1064D000D88F9389E77CC1C57828E342E9C2147458
:1064E0000F98B97504CE6A56C0B4272FFBB7E2F2F5
:1064F0009CC1F2E1562E7375CF3D54924B988E930A
:1065000070FE2ABCB59E14E6AF225C1FE69EEDE845
:106510008C21EAABCB0FB14D18EE3F25D311BF3E16
:10652000239DDDF5209EF47E9D411C5D9FF320445C
:106530007BEFD1026445BDC686F85A0A35DF1C0CD4
:106540001D4CAFFB7530B4D01BDADC33185AEC0DA0
:106550004DFF6530B4749082EB83A19BBCA155DDE7
:1065600083A19BBDA1893F4BA1E483F45E1D0C7DFB
:1065700080DE2B83A10FD0EB1E0C7D80DECEC1D040
:1065800007E8ED180C7D805ED760E803F45E1A0C16
:106590007D80DE763134C4A610F9E4DFAD9FE0766D
:1065A0006CCC658ABBBDE3C07798BA62385E43C9DC
:1065B000BAA116F3EBF750EA6E2B4CB5245BD2D898
:1065C00099DA71908B7C6735F07F857105B3BEBF1A
:1065D000A31E35731F147A2179143A072ADF7952E2
:1065E0003ED117CCB775B1C8EE3CA6B6C02FE50CAE
:1065F0000BB546F1A6258D3CD73C18A27B652A1920
:10660000416CAB543F1066363EFCDDFEF2B64A36B6
:10661000CA55B1AC5F28C376BE86A37402970DDD60
:10662000C451CF42CE7DD289F9B606ED80470B71B9
:106630007FAEE0A87418B77C9738721FDD82C61B46
:106640008D8F3F96C8C6D36CF2321F72A99847F35C
:10665000DCFB0A4BDACA91C1B334EAD426ED8BC80D
:106660000BC0E3DFF15391447F45C6F99A13B4DBC5
:10667000D1B8FF5A1753944C214CB8BF9FC0E9E7DB
:106680000867E7C473F435C2D939B1AFD5C44748F8
:10669000EF895BE3274AEFE62DB81D3E4014270A39
:1066A000143F5904FBE0FB9C6715D4AF18D35D90F1
:1066B000475DE42BA75FE4B3ED83B8C16674A2CF56
:1066C000C0A6D9BE65D9286C95BBF25889EBDC5FB2
:1066D0003D882AA825A489145519CB9B06E9306F5B
:1066E00042A7FD2E3907A949AF741A80FCA5A6411F
:1066F0009A122B9C71403ECF895BE64D3E5CB857A9
:106700005424D47A756D11C6BBAA32510B6B54A3B5
:106710001E5BF152A110B7A5763D6EA93772128F9C
:10672000C2F90EF6195080F5CEC24DDD68D68F3411
:10673000AB221AD75BC31CA4FB8A75B75438B927A0
:106740008ECB9F4BAD9EFE326C5BD9F2533FDEB7D2
:1067500086AB81245F33F6429923C66722ECD65676
:106760007B2149338C4789A5A3C25310621F0E8A2F
:1067700069C6E55608746C7517216FCE484B18959D
:106780000147F097851118AF22B6CBE19C4158A97B
:1067900013C77E389B7E5ED4C574FF81FC0565AC53
:1067A0008055EF29582DC8337D0E6573D04843D0EE
:1067B0006FBB95872C2CEA37BBDF353A455B8BD412
:1067C000BBA835D3516B9EFAFBCDE5A706FAB09D69
:1067D000C67750F80A21FCC71BCB4FBDD78BE1DF32
:1067E00046E16611BE07C2FF8AE1D7A2F02211FE80
:1067F0003A84BF01A53BEC97FFCEE5A806F8FF64FD
:106800006E96013463F99A5389EB666BFDA8F54ED9
:10681000585288F79D98F9B7847D4EFDDED67A11DF
:1068200067EBAA1C863018A43E36179F4FD826B5B2
:10683000C8E13A29AEF959EFA8B409CB076F5CA2B9
:106840004EC4E67EAD72FA26374F0BF644C655327B
:10685000F126A02352F5D19E539B4D1A1BF51BA484
:10686000E18E7E92A71DCEED625BDBA1167E8A5B78
:10687000120CC79966D8A24D974A69A6E4B791BF92
:10688000E65BD296F7FCDB5E9AC270DF095FFBC85D
:106890008FD06C9DDF0A38A367E046216325D7338C
:1068A000D93E3E8CE22382F9E732F541136F14E4BE
:1068B00052FADE76C451BF760CCA0CC3EB629CF16F
:1068C000EF73D837308FE892FF6613433BFFE695AE
:1068D00026D396E1B0ADDEB0AAA4F9BF834B4F5CDE
:1068E00088C322FEEE95567F0A7BF377F89E519A75
:1068F000B8DBA150576536AA80266E888A19A9345C
:106900002FB333599B80C15EA1A000E3E707987CB9
:106910001FE4ABF20A4D70DA28501684BC282D18FB
:10692000207D5A68467107C079C74F1A3F82B4CCA0
:106930001A3D931BD233944F11F69717F269E8640E
:1069400054D48BA3D3AC917EC836D550E64A2F9849
:106950006AEB4D6456BD4964E67F927FD0B49B0DCF
:10696000F04375E1A52736D376DE2B3B412C3B4E19
:10697000C49632CFF5CF59BF69A81E74D22CE767F1
:10698000C039FF0246C3DC7F86B9FFFD76B90BCE66
:10699000A2DAA17E3D94F929D2123876AABA1C86D1
:1069A000BFF7A3EBD1FB1DA533BFCD83B3A36BAE64
:1069B000C72E0AEFDBF6C35EA115E656B3841E5060
:1069C0004D2DC43CF642EE7474DBC298C24F14F8ED
:1069D000E6D218F0B087097C93FBB371403B51B805
:1069E0002FF32DF6EE1185FD8E7C8ABFC7DE5B206E
:1069F000E2305E9801120E8A3605DAAF951A038DE1
:106A0000F87CDDC7D8BE295DC6A87F466BE51ACAEB
:106A10005EC28F40F69BBB5290AFE25CC61A49AB98
:106A2000B0DFEA308F0AF92516ECD8DF13FC12AF7D
:106A300010F866B2F7D6CC5674A7306B2C6876DAAD
:106A400039E4C37D4542B9360469F81FFDA9382DE4
:106A500021EF440EF2DDC9D8D40A476E636C11C829
:106A60005358BCB4A47FB8F53F52898C27C512E8AF
:106A700046599287E11BE9E0B3AE74036B587A6420
:106A800089749303DDDE20254D6113CA199DCD72F3
:106A90005D8FECB7C60F01AC91E9B8034A8D9B0A34
:106AA000A51C123709E19450EFB19E3844E7DCF29F
:106AB0005D4E2987F69DDEFCBFC4F907BE4FAF5B74
:106AC000C014BA15CFD0CC9B1E80E13ED650E82E24
:106AD000BE5BA6750B7EEEDC7BF982ACCAE59B0A39
:106AE000A11C4A405E511ACFF5C9444C5BBF60936C
:106AF000B1B7227FB175D80FF0F7D0514E8BB1DF0F
:106B000009A56C7BAD8CA5F7F1B580BBE5060174DA
:106B100071574B3E4997BB109F4D61B3CDA534894A
:106B20003CFCDD0FA0BF6AFA6F6852800E78083A0D
:106B300040802621F4DA95E33B442BC851D2F9FB7F
:106B40007EE4E1543A4565FE4DC32B6404C7C72378
:106B50001964FA3B37221E1CD84844142DE646908F
:106B600032CBFB9AB238306DA3FFE2EA0CF99823DE
:106B700042DF21C630DC17405624F4230DB288884A
:106B8000FC9B69F83850C2200F5C5F4E271DA3AEF6
:106B90007D09B5D5D10E22826C218D641D1764004C
:106BA000D9DA1D6516CE5AA7023BA93CC1FF9996BA
:106BB0002095159412942D76B553037F9D2E7A86D9
:106BC000FCEBA1C11B47C8BB4800CDBCE6516A2302
:106BD000D19AABFB3DD11BEE3A07F24887BCFE557C
:106BE000A690F4D4C05AF0522111917B24DB8CFC86
:106BF0009E0D86E8B7D4A884B0A087C28284B03145
:106C00000F858D11C2263D143609D94B9F737B6EBB
:106C10002FB2999E76777ECFC26E6ECDADC7EA1D3C
:106C2000E3F32CC7593A5B0BE7403AC8E3EDEBD6E8
:106C3000739EFEC7361DE2E384F3821A6D8A709F4D
:106C40003497238B86637E0AC4FD6D19B7660AB03C
:106C50009C1421330345C84C9623AB865F6842D809
:106C600037FDA20D467AC1B6A185C956380E592204
:106C7000190BAF401C2BA7DD7E2CF290AE501B6B86
:106C8000D25F0BB42D59BCF6E0DAB0B7B2DF5AFCD4
:106C90000AB26C22586517F0760DD3C609F777DF74
:106CA000E3C886E1FB9B2674E055C2D961992E9F0B
:106CB000D2FB194E8C399B1F865A40E3F13C36D1EA
:106CC00038CF1362F70C38E1DC83B37B7EDC9BE3C7
:106CD000BAEEBEEDF2F5B92DF6F17461FD2A3E75FE
:106CE00028DA390BD3A8D5E162BF7E65A8234D1EF3
:106CF000813C3CEF3286049204869EBF2E988870B9
:106D0000F9AA7B5DB27903A21778B4FE638D44FEC5
:106D100055815243F60CB5445ED8A037F4878929D3
:106D2000746FCA231D61156D25A022470B88C851B9
:106D300015FAF0AB6121940FD08FBB1A3E0A793C53
:106D4000D455F00AE2C206CD429F69FAF1A9116852
:106D50001FA85F8756D2B653FA71FD611AD24CE272
:106D6000D3B6DF3B5386A2960817BDEFD26168ED1C
:106D7000D4C52ABBFDF25FFB8DBB508E7C9C8F651A
:106D80000A3A6448D27D68EDBA1D4F4D09D66F8925
:106D90001FADA1E265C81F57A1289BA33CB70A936A
:106DA000F1AAF964589E21A5F75FD885623E545335
:106DB000BD304D104AE347F53BD1982CA418EDE9BE
:106DC000D590CD3276D7E4950F7BCB425CF3498EDC
:106DD00058D6AA0B7F5C971FDDF9A3BAAC4A42755F
:106DE000C98422DF960FDF4D4637935DAA79F7906D
:106DF000B7DE3EDFFF47FDA65B61FD86D87A07421E
:106E0000E66F846DBF09D66F7F588550BFFDE1C81E
:106E100032D72613F2D913B25141BCB45EAA63C271
:106E200080EB37ECA8EEE13AAE3AF24775BCE7A248
:106E30005FFEEADFA02EC9E2BA65BB2EC37A1A86CE
:106E4000EB56FE40DD8EF3B4FB19C926A13665541E
:106E50003B840A4050B3A91B4DDEDA8CF25C44B58A
:106E600039D629FA2D48BB8B7A23EA877FBBB2B883
:106E700023B39DF3F4797B5DCD4991E70D7F867D4A
:106E8000C90F8F8B3FE0F3CE13B8351301BA5BF611
:106E900089A37096D4FB94A7C414CA59B097F8F587
:106EA0003BF12E5F88CBB774406C8F9FCFCB693896
:106EB0005ED08E64669847A10D4533B771E7ADE1AA
:106EC000BE40F34239A8C8877D289C18ABB933A4CB
:106ED0009DC92F2151CF09A1EE0CA0DEC374B801CA
:106EE00053E623DB2596D5E039B32BB9265DC37E67
:106EF0003AB078AD6D89D46B0FBE12F66AF6AB521C
:106F0000DF9D0B350EAF5CFE1E49E9C25910AF5C28
:106F10003612B686AC946E74A426B9FED97BC755DA
:106F2000A0BEC3513D8F31BDF1722C478E8825C95B
:106F3000FC134782A101B824CD8F201CEB9ABC65BD
:106F400018E59121DA2DE1E8A662C8B90A9802E8AD
:106F5000F84EC12E900BCD20F1C9F4B3289D5F2AC5
:106F600053188E7CA35A7A15F81CED809F3452DF9B
:106F7000AD61C51A3EDC2C8E6555D5048EABBA3397
:106F8000BA09E7AF44785E6B9A6313F3207F886198
:106F9000D3088C6BC257FB350451AE8F0DC8D44754
:106FA0001767EA9F1E9DA19FF454863E362963D33E
:106FB00025F1DCB5ED186E9F491C796A98769E2004
:106FC000478FE15C027738EA733035B7A4BCDB7FCA
:106FD00015A1328E62FDA75C8A49BC21EBB674E331
:106FE000F3DC18AF6D0247266A329C95AB66A85653
:106FF000005F55366F35251163FCF5B1C462FDA401
:107000001B8B2B5F15DA2EDA73C04A5B984B157A0F
:10701000DF1B8BF11DEA764649FA8B9A536443E5F0
:1070200074590FC35206F1BB76472593D083F9AE4E
:107030003B40CAFF2AA6FF10AEAF0DDEFA7267AF63
:107040008E568DF1C7B7A4CFCD3E2A8683AB12846E
:107050001979AACF14D31F3E86D3E77BD3BBAC19D3
:1070600049C46593386A1C7D03B66926F28897C6C1
:10707000A6E5E19EFA9FFA9CE73A2568A90D75ED11
:1070800022C6085C57669B37BF8B9D5598FE7609D4
:107090003AF1079CFF1E9CBFD59BFF7798DE8B5271
:1070A00059CDDF5ECE10A13BF789D0CD6609BAF984
:1070B0001B3F61EC893F4235C0F1C98F296C5539BE
:1070C0006DF9CD9C6DFE44C6DEA6C2B95D907035EB
:1070D0009F431E76059B42B605139DAD3095CDEDC1
:1070E0002762679BF85382B47FCBDBFE6770FA732D
:1070F00012DDCDA731DD1856F70F095677CA926C0D
:107100008DB6641A58F9644B863596C8B44E26324B
:10711000E4532C4B205F9AE0482AAE6F1CB8B7604E
:107120008C7FC2596C1369CA65937549121198DA3C
:1071300098D32BC3A53D216104C7AD13F3FE8A2C60
:10714000ED8879929F63FA5678E9FB521E97F7D73C
:107150001A56137841BA17F2497D4ED8BC37D5FA82
:1071600086B1B86754A9B7F74AD0DEFE7618D7E7DC
:1071700067C5FB89145F7F895B74452E5FB203E7A7
:107180007EC4DB7E07B357E37EB059A4A0F9E5D4F3
:107190007D786EB1A19271B8459B90D41979232561
:1071A000673472906D16FD18E0FE7FAF3A5DB4193A
:1071B000D0D99844686FA29B4F4C1EB635206031E1
:1071C000E5E7308E0EFE53744B72CB57952F8B3EF6
:1071D0006DB0E752B176F77BF9634F41BA282BC8FF
:1071E0008F717DFCDD5B1F4E79A38210ADD3C9ACDE
:1071F000AFAD84BC3B948F10EABDCB875576192E7A
:107200001FBB77A21FC35EC5A5734ADA3CF8541BA7
:1072100021E00D10F1A62F94F0A67F9297A35113B1
:1072200043F9B1C822847A78413A942906E1DEF81C
:1072300050B1EFA75C82BA990F4E1F89539DAA5C8B
:1072400062F905C33D22C21DB90847139F4B4D4546
:10725000CC1CB64581E97FDE5516FEDB27E9EF2F12
:10726000797DED89B5A4F1B945E846D8B16E349E73
:10727000A3B17CE1DD98FC08794DCFF976F15EAAE7
:10728000AD17DD135BD62D7844D86B1FA8CFDF91E7
:1072900033A1808F12EE91EEE7DF11D6012BE75676
:1072A0008C917680532DA9130F5B9D3E40DEFA2D05
:1072B00010FD69711EB71AADA17C3884DACBBAA172
:1072C0003C026CB2DEFC1BA85961603397DA56FDB4
:1072D000F70D1A747F06D7D716898BC0E64C16F3C4
:1072E00003EDED8FFF62531995AF2CFE2B20B3C633
:1072F000170EC4505104B3C223437B44C80BF90D8D
:10730000309FFD90BA01C49923F84D3EA570803995
:10731000AA002D6705EB057BEC038D93A7122EAB1E
:10732000BAD7925CDA84AC81A059AAE6C2448066DE
:10733000AAF58E9A2BC84A006EC10A6FFB94893554
:10734000DFB912D393E0A567A3C5E897762D8DCB5F
:107350000984E367046931C21151DCCF6EC1E5E1F4
:10736000BDFDAD04B7DF0ADCFE53BCF8DF87F3AA2E
:10737000857E33AFCDE46C10CFFB119425797B1D56
:10738000C74F0427F81C5723B92751C2AAFBDC6258
:10739000245234E40DA93FBA6AD8E74E5BE91B04D6
:1073A0005342CB2DC969ACC588F3DFF3DFB3CF6C93
:1073B00061FEE9AA58D077A9892B81B84BE47B15E7
:1073C0008019F2ADA228BD869524587BF160191270
:1073D0007761F9E495DECD76B10CC64C2C9FC67B67
:1073E000E593ED748FC5B8766161DA6B33B75735C5
:1073F000DAF72656B63F48B9B9E161CA13BF39C3B7
:10740000AA2F20CA5DACA9CF55B2E686C329C2C750
:1074100061ED3F7DFBC32974E7AA3377B3C187854C
:1074200034F90B6EB81CA61BA8BE5C6CC40DB13C35
:1074300065E98DD4DE44979FE70E2A91D4EF9A73C5
:10744000AEED1AB5B2D032B822F1B71E5BF7C25E0C
:10745000640BA2DEC1E5F70DC0196F145A735936DB
:10746000DB2FF5B5B446CF2AA2D0A57D9A40EBDE3E
:107470002DD6785FC8BB7E69FA867EF0DA4C14B7E9
:10748000F96722757F951CF23BC7C7C2162A73A104
:107490007D0C4827C0E3D7313F4423608A22E5446E
:1074A0006A577A1AFB7B6B0E424B64D30336456AEC
:1074B00093A63C16CC11FC505A77FB00C6DA2693F3
:1074C000C7A9C13196C42DD9FC0FD4B750FEAE91D7
:1074D000EA3BE4CC6BB34AEB1ECED17C48A815E066
:1074E00072D0FD2EBBA9DFA6D8DCC468D5323639F0
:1074F000B58A2B853496562E12703BDA948C7D0912
:1075000055B4C8CF38D781E7096F10332DC9FF852F
:10751000EF007114E1F3A35D1677AF6B037F53396E
:10752000A471CDDB44E977A8363423A782391FE85C
:10753000A3EF00AB53A4D995D7765BCCA76891DABB
:107540008B39F1B500A74D816A6CD78050029862E3
:1075500091D7E6039EE16510B894BAC5FC02C1FE5E
:10756000CCF21C06F79389DCB964C21221729A9995
:107570009220CD7F17652E3911FBC70D1147BBF443
:10758000E31A0A28589A9F3FB01AEAD793B4F05FDB
:10759000FFD4AD49458B99805BB275F1366A9D0782
:1075A000EA81F30656C3F155BA377B918B0D04017E
:1075B000559664BE56B01F3022773AE6E74A9CDB08
:1075C0008B52BEE0FF440AA94C74BB4BA4F1F013EC
:1075D000DCBC542F8D89F724D8C479228D879FC0B5
:1075E000340660FB0F2D220E7A512E23521B7A692E
:1075F000F822A6A20D20FA56FF764CBAD77E2EA00E
:10760000C54B939F4453FBFBC8869768550059961A
:1076100041F5A8EC9EE0D89123EA2D2084A5B599E8
:10762000C278718FD9D80BB436416F7C0B963A0271
:10763000DB3114E5D7AFC86B2FDF2CBCBF57C3922B
:1076400029921EDFFECFFA9CC0AF3067CC944A93DC
:107650003EC36A54E31223FB99427B5CF7B6478A28
:1076600035590D4A87A3F531D1C664C61A4CCFB03F
:1076700087E9457EBC94DD7AC54EF0A18200E8E43E
:10768000A81FF6E865FC3FECD14BC8232347F4E87C
:10769000357C91B535E5F7164714D7DAC661095F31
:1076A000B55BBCF51C023117D2C8471FA78D00E29D
:1076B000CE27F98C2522A1F449DD2E956F0B4F09B9
:1076C0007A801F493FD9E056210B40E2B8993251E8
:1076D0006B10C6CDD7E1F8AAC47C374989B933719C
:1076E000613D8BD6740A5390A5EA7BF14CD72D20CF
:1076F000DEAC66FA250C8627440C86A51CB94286AA
:10770000EB3946C2A09B9F144018254DC5FC1BC6F3
:107710001B27D55DF3849B11893770BE06898F9A2C
:10772000BFC1B68738647BC81A3D6A255E7F8E303C
:107730001A7FEFBB57B4EF85F5F103C87F97F0369A
:1077400003516E8974B4F2E982549A8E5B6BBC97D4
:107750009F1FD71AB11D2B713C3AED6DEFB1624CF2
:10776000068E693E89EACFDAEAFE95F3681FE1DC0E
:107770006E223ECA00B4304CEFE7E9114F403C5E48
:107780000F050E5A07FA9557A39D37F8EF833486F5
:10779000A85BDAA7D13CF4D5087E16D21CC6C56812
:1077A0007C7C16DE0C070D78BFAD0A9D9A183D044F
:1077B000CF549A5CE5AF0C2059C85202FE673CDDFD
:1077C0005906D080244DA36263223193F1F0005119
:1077D000A3FF94EF266722B972BA15F3AB2E58A215
:1077E0007F14A67F21A6FF90B7BE4324185D88F6BC
:1077F00019193AD3333298E667A3333D7E2FA0F5AB
:10780000768BD112C96478C07AAA8B2F605EC71AB2
:10781000485553805F30EDF22F1CF0CA2BEC7D6E83
:10782000EB0CDC1FF63FD9E0A34294377A68B9E34A
:10783000B86BE8901E4C8D36C0F85415967723022D
:10784000A5F41A964616D244FB4029898CCD6BDFED
:10785000AD45EE14CEDF08164D6A1318652B102DBA
:1078600022B99B0C36B16487E7E0F177B7979E4762
:1078700056EF9205EEA445FF63E8EC0A9C673FC211
:107880009AE24A134AE5916C9A9F5BE258E5189197
:107890006395CF71A42E128FE7A3248E058FEBC3BF
:1078A000C9B42CC83B322DC169049BC4ADB2387E2B
:1078B0002F2F7752CB494AFF99FBF56C74E34CC6E6
:1078C000BC2978D712F5CF50DC8F52E11C351CF360
:1078D000739084B339A2DE4E1A991C37F27E694444
:1078E00096E06A655AA3D0EF15F5BC7CAB3D2DE060
:1078F000B07C2B35736D60CCC42A20DD6CA666C3CA
:10790000D11FE653327DEB754EAB94497E33C5B241
:10791000D5003683A477F33B78FD16F720BD14F528
:10792000A20F15C707A11366696AC1AB26EA07C88B
:107930001211C4F8621EB59B2FA3C9C8B256FF1618
:10794000311CAD8C8B7849E3818D3B365A9DCAD76B
:10795000594ADF700B969234ECA45C015DB7256F39
:107960009C59FAC41B843E24480FF6A9EA0093F5FB
:1079700021B837293B88FB4625D3A8CCFE31B92A4C
:10798000B93606964AEEBA355A35B24CF388CADF94
:107990003A5E05E7228FF868542A996BE49703B89A
:1079A000FFDFF293F8F1573C8E68717B967BDBF337
:1079B00006618CA8426B34E83E84E05B4E26B66DCF
:1079C0001447664471D678F90AD208298DBEB902E7
:1079D000F948CB368BB0DF1C3ADD8453B55E75E2D7
:1079E000B0D616FC5676FCA5262CB7FCB0DC0AE710
:1079F000C867FDB0DCBA8BA9F2E17273FF2F4FA507
:107A00007FFA36D0EB3E03FAB02F817ED215A00F5D
:107A1000FF067C50A6DFF22528A65DD76AEFF0238B
:107A200084B61FA6813217DD3747B7CD8980F1B9FB
:107A3000CAEE4F583436AD4B6156D5C8C4FC6AEE19
:107A400089F9D5C0FC747A9C5F1FCE4FAE1941CA2C
:107A500088F79F32C6286B64DAC9821CB9CC2E49DC
:107A6000DB68403E60D2C8A372C391B469920D1E18
:107A700037D922B5A9B4AF718C3F506275E6A09694
:107A8000FBB4F77564A12C6C291A1726AF4CEB9D3B
:107A9000DBADBC6BB82DDAA7FC5B7B94637C1EE28C
:107AA0001622B20252BD2FC70DDBB113DC8BCD1EE7
:107AB0008EBCF7598AD04CD948E37DD26F0F383647
:107AC0002B0E9430AB68391E2FDA319F8FE0C886B9
:107AD00060B114EC55DCCF3D9CD647A6696B25C43C
:107AE0001D527BFF5EBE6C3AE34713625ADB45DCF6
:107AF000EF341CD91C7CDA69DD6B079A7C853FFF6B
:107B000038929F1FFD5899C87C40CB19DE4781E50C
:107B1000D9D71297A49F3AC3FE8D15C76BB0C62B59
:107B2000BF4FEAAB14C89FA5CCC52D819AC7C36BC4
:107B3000ADD9C26AEB7FF3F831F604CF2E3D01FBDD
:107B4000B21DF5E5CFDDAF97BD5AF27251F29789BC
:107B5000D91F5426923411713A9E79CB2373D08C5D
:107B60005F1F8023AAA24F762AD14233C33B65040C
:107B7000CDA6EC82920C7D13B42365A751D21AAA2C
:107B80004E204A48E3FE2682B6A4DC684A0A7018F2
:107B9000D1A807E7DFA2FD8B2BF5392D46C9E722D7
:107BA0003A0D73D8FB95D8559D6E0937161211A260
:107BB000CD7771DEEE34A0539D3655D21AF164B5FF
:107BC0007ECB2D95777745A6D50AF6D8BAC5DD15B3
:107BD000B4AFE28C04E87E1FDA9504FF7D6BD149D7
:107BE000E98438D65461A7CC376BE968A702F81648
:107BF000D2FA8F7B87EB77F40ED790E9243E7BB3E4
:107C00004443AEC0EF558C83D657F58ED057F78ED0
:107C1000105691C5B3358B3564117E372F12CF0CBA
:107C2000A497C4530A997301D0ADD3C21A4DBF971C
:107C3000F2E186B674F8B602FEAF906CD913B49335
:107C400004BEEACCF214E485B7DFBA83FF8487541C
:107C5000A9E0E34F46BA46B4DD776A453A9D913ACA
:107C6000DF51B0CF5B9AFE479A2074D30FA789C724
:107C700069689DEF0DE7FF804777F1A231FC020CA8
:107C80006FD2F9AEFC5FF827A1BB6B187E0D86B7EB
:107C9000EB7C773907D75C006C356C47F263A8A79B
:107CA0007C2D58B8CA42AB0A27AE9C6F47D666CE29
:107CB000742CBC3B68E74A5CEDBB5ACDE709F3ACDA
:107CC000D36CAA35560DCABBFFFFEC31152472B632
:107CD0001C423B5FD067BFC4EB915F8ABDA02AE521
:107CE000D3BF14248A71B623787D0DC7B5274B31D5
:107CF0005D5FE075281C9338BDEE5562B666480F8F
:107D0000855B6E65880F09340539403CDDF4EA97E0
:107D1000CCDA9901D84EFA71DCDF12ADFB144A229D
:107D20004DE3DB2317A10A9AC4D3C07E47440D2636
:107D3000FF73F14C70E1E7D6DD4340412253A41CB0
:107D4000F6E93B2205473EC7EB799802DDD44FFFA9
:107D50002151A7DC87E93E2AC6A54F966232F7E09B
:107D6000F5B06358478FFF3E1DE339CE64C7CB7132
:107D7000BAE39693507F16C38F323637C0E1385539
:107D80007AACB53647559028AE221B1A1D6EBC9EA4
:107D9000DC88F36F7CB8DED29FC276EFF7E1EFE8C4
:107DA000D1EA6DFBC5B2CDDECE68FCC0F9C2CBEC2A
:107DB0005C967F56A8E5BB18EFC70197CEDBE6DAE5
:107DC000AEB3995842B58F0B518E0475AF22AF44B4
:107DD000E82E2B0E1D8EEA9A7C62ED7EB9331FDCF5
:107DE0005BC098BE078D1B2F00740B6B37DF05310E
:107DF0002C93D28F913B8710167A743E719223CDCB
:107E000032BCEEFB096E8F489646F16CCA7DE5EAFE
:107E10000DA30E85D8B500CA5359B96B10B6F3DF60
:107E2000533A707D878799F6DA113C99FFC7B05BAA
:107E3000B74BB0E9A32558F5FF80CDF84882AD7A5D
:107E400054820DC80F3C8E20CA0F21680CB70DF369
:107E50005BE8B778E675B81AD31342465D1A7269C3
:107E6000DFB76CA7E73A7B4EF0822C3D7A9D12A0DB
:107E7000199FD5EDF668E1BFDCE4F62099CD743B9F
:107E800081850EEEDC6C0AC556404C3F27B0D966A2
:107E90000B7DAD89BC24CE115B7BCBA693C6B2967D
:107EA0004A3AF4209C037A08B45F152BFAF746B8D7
:107EB000D557D179B3CA167136DA192AC6205FD4DC
:107EC000A12DD9E6D02436F2C17F6C73785A09B35C
:107ED000FDBAE8C5C048972DC276262BB4B7847189
:107EE0007C8626900650B74476212729812A23A52F
:107EF0008C79BD0EF819492A660DD4EF603A7D429F
:107F0000E7348196042AB96CD13028AD913DCFF287
:107F10000DA587FC17B319C51B989B7D502A4FE010
:107F2000B9D278B0B79459EE049FF0027C9C671ADE
:107F3000ABE46EDD1A8A28D1EF6B9B946D5631A3AA
:107F4000A97EA4D97838FB9A7B09A5A26F0CC22818
:107F50003E59CF2AA2B39E4D8E869AA9D208864F4B
:107F6000B318829288C8D0699648D7076DF73581D3
:107F700014D43C89E2970AB3CD48C39C4A5625AA3B
:107F80000E22BBEA1A2A05841EF23D08F14389E35A
:107F90007B592A7BEB9F2A1979A35D26B38AB3A864
:107FA000C04BECCF289F10DE00548B91A619C50F53
:107FB000058984EFA1A04C56E95ADD76FFB0D39233
:107FC000A2AD11E4D14D8BF19A53C36B652E9ABAD1
:107FD000CBD7087AC3AF4599216576200B0ACC46EA
:107FE000F6CF49A5C5A8662C33CA168FE4A7099811
:107FF000424A2300B2761DC5EB755A82255DAEC399
:10800000F74B1657F06D209ED2C199711C6FE1F6A7
:108010000A90686C286DC2AD1CE1318814D74654B3
:10802000328E9F456E709F15E2623CE18866BFAF5D
:10803000C450EABBCAAC4DAD88B33414FD53288399
:1080400028D3EFE9FA1E85E89FF27C2FC6D47E275D
:1080500084EFECBA52E646A9351327C27AE6A81E89
:108060008A71D7C2D935ACB3B636827722CB41A656
:108070008BA845838F873288AEA099C19B64816BA2
:108080002D09A51681ABFE384DE4777F9C46E4C4EC
:108090007A36CB00753303D2F707D3B8B5709C6737
:1080A000207F2F90375264F03FCB96CB46ACCE9ECC
:1080B000B25166FD23682A1041DF9BF747F0A23ECC
:1080C000D467D542480D651A8620613B2B724D322C
:1080D0002BF63B7CA7DEEEBF58FF290988194E9589
:1080E0000F68B491206BC4FCE8AC3A55B4FC1C0595
:1080F000346B2682D55AB55BDE1609A651534AB3B6
:10810000FC55D159FEF3A3CB3276A530BE6DE05CB1
:108110000A33A40D94A630816DE8267367E5D56C0B
:10812000F3537467D373F4B9A6AC08FF66A4931A2B
:108130007AD37AE674CFBD32BF436C19D369E5DDDB
:10814000B0DB66262A6F479E2595483D90C38496EE
:1081500080CB2BA6AD4A63AB57C9D65E5E3A6D594C
:10816000F532A4CF59E31503C5C7CF43299CCD07EA
:108170001C66CE6D83A3AAE25EBD03A4F73B453E19
:10818000881C210B2C994E147314F06DA4FA64DA38
:108190005674E2A7357EDDFCBDBC1F5D4C31996D88
:1081A000C8166CB4304B14BCCF50FF48286DA135B5
:1081B000144B90E48743C9FBAE519DF7EFC577FEA2
:1081C000966D2E6A2523FB9DA8CE64818BE0CC3270
:1081D0005B1B4376CA90D60DA291644A281531B82C
:1081E000B3124A43532DADA1192C15DA29CE96228C
:1081F000BCAB1EE97787FA0320CE51D0EA5FD815D1
:1082000043876211C878026B80E9771ADD39A0B81C
:10821000F5DE7C0B4D9A9847CF822C80568EA62D8A
:10822000A916D68D1A6D3CC8322B615BB97EB6DFBC
:10823000EF744A38D2DA1116F96492982879F3EE7D
:1082400043981C3F0FA69709B3008C7924C2ACD386
:10825000FCE014311A3422C60B505F0D6B8FCA0933
:10826000F4529C7843AC4BD300EC53AD956F971F01
:108270000A83F58D4EB96735D0E8FE912AAB8A8E18
:10828000AE4E97099A9D777EA9049095DA641AC834
:10829000EF04ECAB799458F7946EAF20D520BFDD96
:1082A0000D9A5E399D79AF13AC5BB07A1E53E00630
:1082B0001A9E922771C8CF71598BA6CF037BDAEA39
:1082C00079A8E700C53EBA4FB69E3A505AB928E69B
:1082D0005C2D201DC29C1B86760AA1FB4C9D70BEA6
:1082E0001A13D8072A178996F2732F418805A44CD0
:1082F000A6ADB76BC81E79B02B5BBBCEA869A3E453
:10830000D3B4C1AEA48907294D9B5DBE18BE2F9A78
:10831000580DDF5BE56FC0F79513DF87EF6EF95BF4
:10832000F07DEDC43C8A3944817513B3CD0147A378
:1083300057EFB0FB1D1C934AD0151405988E5A3880
:1083400066ABEB488A1B11093ED968AD3932E02A89
:10835000D97D1F8D4398EFBA2A99E256E4999C91F2
:10836000CB81CC0A65727A121C8142D7B2C7B5B5EF
:10837000A8B7D9DFB6D07B6DC86AAB2F53DEA9E1B1
:10838000A1CCDF987B196160234753AE8DADF739DF
:108390002ABAE57053DF823E27941D72A6BBD5072B
:1083A000F5ECB52B85BE5D8BFA36BD662FAFEC0DB7
:1083B000EB3174A75D99D331B75DBE97027D0B1881
:1083C000B58F92E3B19411E5F7B8BDFCF89C02A615
:1083D0006FC19EA3583E7E97C358E37D64F58E0916
:1083E0008E1D259B7E26536246188827777F913203
:1083F00014F8E354EE0B950CFB4BB0E47DFE943C7B
:108400003E4F66A1038ECF6165BC857EAA2ACC96BD
:10841000CDD7DB5DCF9377AB57C8565D5E326D69C4
:10842000F552D9B204169DFDAACCBAD486B8E4A8F8
:10843000B36FC160ADD05F573284B1B8B52C8B68D3
:10844000CD5D835737045F51A6C6B2E9FA6864016F
:108450001B8D268CA7D3A791722672C8A66DEF2D0F
:10846000A0B1930A4BCAA8AFB86F3200C74F02F54C
:108470007C894973B34F1EA29283C6F34A8291C985
:10848000654C914AA65A7A6F41234F115CAB67E065
:10849000EA060D0914534932A991AF053FAC1FCF2D
:1084A000B233B437912F1E5788F63EF288FBBA9349
:1084B00059D2893CB598D1FD9BA9B9CEC498321543
:1084C000D1F8EE3780611F9121B9F8019487E52733
:1084D000AD098F805BF06D28A8F2B95661892C76C2
:1084E000872E8EB94211905E28235637211E7D6952
:1084F00065DAED39BDB68EEA76C3DDB93DF3BB175B
:108500005E99E0D8ED10FB82C8EDF6B37DD6BD3C98
:10851000B2D195150562EF2D2092990D7DCAA8FC68
:1085200068309FDD9183678EBF1057C332625667F4
:1085300010511DD526CB2F84B1265DB9E4F2AA696E
:108540006BABD7CADEBABC6CDA2BE8A4099B5F7CA4
:10855000FC842DCD56C12A80D72EECC56A13AB60A2
:10856000AD091D979C7F18FFBD145F6DEABCA95132
:108570002814D1A01A59BDC5568F5FE8AFCEF9C1F6
:1085800019FAC685934480284D94DD5A0AA011F04B
:10859000D3A89C4F72C63B461B610F558861EE4FB6
:1085A000C71A1956FAA23F7BCAC8AC77C37928FA12
:1085B000323D3AD9C8D8A5AF5A7D9291314B5F91DF
:1085C0008FA71A1907D4CC852FFA29867783E72439
:1085D000FEAA1739C1CE85B1D3965C4EAFB1154D09
:1085E000AF5E728C45320BDB0CFE09D534E6DFED55
:1085F000954C42A96AD16B8522174D5E39A71B8D18
:108600001A682CA977DC0C07B12CBDEE2FCC2F4EAD
:10861000D9788781751827486BCE778964E26856C8
:10862000787A74582671E466647AFABA0274368BE2
:10863000357AAD63DF09F80A86FBAF2B8899174BB3
:10864000A051471C7348071A7188E46B700400B18D
:10865000500AB67EBE1CF66FB5D8BFD7CE43920F78
:10866000C496C15E1D7CF2E9E5DF98E0FF71D1DFC1
:10867000988CAFCEC8BD24F911ABBC84386EED4ADE
:10868000A9D72A7BC73B88644B7261AAC54B836E0E
:1086900043400B19CE86BBF8D881985833D0473B5E
:1086A000C0601F238CA8877D62775C13AD419BDE81
:1086B000F39FFEF1F2BA57A0C625D4D3876D881A6E
:1086C000CBB531CB0667A8BA0F250BFC280EB5B188
:1086D000B25BD6313E67740B5E577DBB92D1C72A21
:1086E00081C518AF928146A512DCE41744DF8C5097
:1086F000455BA1469B55444667152D880ECD4CE938
:10870000D090FE2D85AD683C21BD2B2A508310787A
:108710009CAED9CBE732D1100BE6E783D526C21841
:10872000DA7E14EA6762B9FD5FF35D5A6F675EDF58
:108730002D0B5ABD7ADEA8E3FC46411F0C2A5BCC08
:1087400084B4814A57A57BB8A9CC45184BDC9597D2
:1087500043DDC8CEBA9D50BDC22CF90C30AB6A4087
:10876000107355E86D5A5E384F3A3C94614ADD709B
:108770003680244CC92B4CC63950B2DC75A7E67E36
:1087800025D3E92CA7999F9D4AF1B63F7D388FDC10
:108790005B5A9984D6460AE9CACB8812166A212DFB
:1087A000A6734D3723FD6FDC836DAABBD1097FA370
:1087B0006F7CE544B5A35BA6EC8EEB089378A2BF73
:1087C0003A23B853DF4002A9DCF21852C650722097
:1087D000F22AB94866154B78D889EA3734236811EC
:1087E0002441C6A6346EEC82D2AB6F208E278CCC8F
:1087F0003D37B8A7DDCD33FD7DA031DE033487B52D
:108800008088C05ABBD0EB20B7E41464D4636900FD
:10881000EE12570B964834E87E0B389CFB72E8CB7F
:10882000A3043F7883FA001CCB67A0B1B031E836CF
:10883000607EFA0CEAF07D03E4F4BDA59C0A286290
:10884000826E82180A242DDDC02CED0453CA98379D
:108850004982E9E8847024C152AE62EDC0E82AF88A
:10886000CFB9EF12745957E5E5A29F1EF406A1BBDC
:10887000509DCEBB0964C706FB0B796165754F4DF2
:10888000F7898E33EDF3EF2EBCBDB827B37BD91536
:108890005BEFB12B7FEB7DBD232A1F9DE94A4A2365
:1088A00092456F1D3E8F6B43D19E71413AE7DB438A
:1088B0008A6B04B37F669262E5352B94ABBA96A4BB
:1088C0002CAD59AA5C76F9AD696F57BF2D7BE7F2E5
:1088D000ABD35EAB16D639D03D2DEE9C621A9E8F7F
:1088E00076F10D42BF9D6499D9323BC69E0FC21CE2
:1088F0008B59E62FF1F218FB2AC26AA4F02C3FA292
:10890000538403711ACF54B452A7F540B92A86355F
:10891000C7B2435CDCBE7BDEEF182665B25CFA6A48
:108920009F40AA5D41A903E29999AD9FE3FC9E4A4D
:108930005224F9B4282C4D8DD4E304F2DD51612783
:10894000EFA37D37A6F72E9C09B7CB9649E9C7B7A9
:1089500038D7AE3474A37118FB3D6C29994ED2F50B
:10896000398CA34B360624E053A3E6C8512DE8E426
:10897000871F0D2527788D662ADD202891A519A54A
:1089800007207ED6EB3D07200F358BFDDC28EC1051
:108990006EA3C701A83EA1F2F1FAE13780B21BEF46
:1089A000C6DE46ED02C753A69261D27A80D04A8DC8
:1089B000D462A4F1EB375025E22EA010FA19854FAE
:1089C00003B1FDDA43827448155A585C5B9821C69E
:1089D0001DBE8EBF69B1047441757A0183D3DD4831
:1089E00022B48D28E5741DD43D9437A0ACC4EB0AA5
:1089F0002724DD03AF068E09BC864FABAE258CF86D
:108A0000F42B3ECBB4F5045EBB499262C02A49A266
:108A100091823CC3B5B4DA1BFF063E87F5155E2B89
:108A2000489062D257683B608C62C95CD1D27BC7E8
:108A300087DA72E47B67697D68E2390FB2BC288C03
:108A40007843D2F05B954FA7534E93C847847C6C14
:108A50000AA3F1C8AC7420E84C413E192AEC9EDF11
:108A6000988E5B482F85F3003325C483A4148E545D
:108A70000E1034318393A72B3899BF92FDB36668EB
:108A8000BA927BC44C354E6C80BA83BF82539D92A0
:108A9000454CB742BC4CD74D1573A775882B4F3B3F
:108AA000C0A6305D5A35D4A03B46D7E1381933D043
:108AB0004AE2B82B5AA2C24EDDD3F4423E5A6D951B
:108AC000912A92BC7A316CC91416F52E36C575659B
:108AD000C17DE6DD01E02A6983D0AE80DB033B6C1B
:108AE000379A62A82E9925328157D7352ABB64154B
:108AF00076FE0ED493A14E0DE7C029EB9AE0F75D08
:108B000038134130DC8D2694FF02C0AC1D40A71BFA
:108B1000E408FF9E8BE856C1EF539E73A234626A4D
:108B20000B97C0DF73C21C836EDFDB61BBEA14B935
:108B3000CB145DC63868A6DF2D1338468BE6369118
:108B40004B725FC11AC5CFD5E970D68D786CBC6702
:108B5000A4C06BBB6B470A7E4A457F4026CC6F6141
:108B60006B57C675889CB203F705DD022F7F3CAFBB
:108B70002D416DB9C5EC9B88DBFB9F62BF4AEFF7C7
:108B8000B6F773D5999B2E8BEB6B35FF1457EB6AB9
:108B90009C1CD9ACC67CF82F112E7185D09F90EF0C
:108BA000280136B30AAF7B7ECA91A7D4A79B041ACB
:108BB0006BF830E1BFA16D3CE23F078DC6507D846C
:108BC000E71F9797887CA821088B3E36E05D7DB42F
:108BD000E55DFDD3C5EFE8278D5EA78F7D6A9D3EDD
:108BE0003A699DFEE9E7DED64F5AF4B6583FEE11DA
:108BF000E8E40384DFC98C5003AD43F0FFF47FEC5D
:108C00009275AB3476C5311F5EA34C8E9BB2517CFE
:108C1000E7C89C386BBC43B6B714C7915FC44D29F5
:108C200085B328F895C71BEC8D397660757F118761
:108C30004EAE423842A3CE99844EB2F25D90BA0352
:108C4000B7FC07CFB072140553249443EE16EFB867
:108C5000C418BF225FE1A821C7343E8A7818F30107
:108C60007ACFE339754EFC81F2B9B6136C1AABFFBB
:108C70005C112742B7AB04488562521E5F9F975034
:108C800082DBC3DBB7AAA65877E5C4E37307C158F4
:108C90005EB64BB1CD93980A1FA5F8DE3EC54F6A6C
:108CA0001F0C0F273122FC0F5EF88956674E3CA23D
:108CB00081A51015BD980A33A8CF7BE106ACB93F5A
:108CC0005B612DCB638977ADB19675F2C9C43AEB80
:108CD00064CB3BF229C43BD62996B7E55389B7212B
:108CE000CC7B709E0F690AB3794BFCD8EC7356A706
:108CF00062927522C1A0F3B21A925882CECCE27B66
:108D00006CC1CF9D9347124BD06953E4558851797C
:108D1000BC5E2D5DC19E5B58BA3C29D1687E9C35F6
:108D200041ADB3A191BC0165AD500E3FB11C89A707
:108D300023041F4D626B5343CA98512E714FFA881A
:108D40000CAFC31722BB6AE21E34BB06D70B1DFA59
:108D500067E6474A815A0EF2ABBA72319C2FBCA229
:108D600045ED18774B45663259B7006B2A59CCDC74
:108D7000BB8577B83307F03A772E4746AB66373571
:108D8000DA6F25E2765794BB91641238D6E996895A
:108D9000AB06686D480839408992FF63AAF7072738
:108DA0009AB5435A056DAEF587DCE99CD2EC9F90ED
:108DB00023CEBE91775C741A1A6AE08FC6F1F2482E
:108DC000BB7F406BB974E7EB4FA1898134ECCB9149
:108DD000FB3C6E996C89D01F9EF07C23FA07ABBEDA
:108DE00032E7AEADBBA6E358FBDCDBA5A9E3739885
:108DF000963DB2427A770EF34DDFA36BE731174908
:108E000059577ACA929A25CAA597D74E7B4BF4C771
:108E1000B3769E6B63DF7D953FDE171A2E9B8776B8
:108E2000C82C29E8BE38BE11FDE44B55F22825C9EF
:108E3000D2935EAF50EE1D583DCF75ADED0E53D8B9
:108E4000A784FD512DF4A3614C4E9F2A2B22F106DD
:108E500011816F647E1CA220D17C46BCE1F711A772
:108E600055A0B517386F9E522E8F570359E06ACB25
:108E70009452FE4D80F4C9A4D84BC3D7E4515A4A4A
:108E8000D013D1BAD6F4EF0F062D126F29D1E0AF6F
:108E900087A4774AF6D743C1757B59096FE2363408
:108EA000175C39AFD0A36F50C0B9A19F734AC78375
:108EB00054A46F415484497726AB10157DD604E144
:108EC000BC1A1111662A62D06A2BD37501FC05FE0B
:108ED000EFFAE02F0791BD4497CFB93BA5292EB7F4
:108EE000ED4EC98BE48CA923EAC08DF516C3858BA2
:108EF000056B424604820AD508B02F288890D7B166
:108F000020E61F4104318651AB80BC8E96E3AF2032
:108F100095824D99BAF108283186A89442DAED6716
:108F2000CEBE88FE5DA3BEE9B5A4209F6C2ED5E120
:108F30005ECD7052B6DA9C50E29B2E9FA4509C32BC
:108F40001206CB093685634999AC2C281D95787F8C
:108F50000501C78896A6EF931CF9E53F5A1E8AEBD8
:108F6000AB483895BD40F057D59ABD00D58E1DA0B1
:108F7000104BE48DFDF2542549D215D49E0166892B
:108F8000C7374DBA71CA15D34404E3DBAB60FC624A
:108F9000D5B89F1CAE6436B9F07DCB67C41B524771
:108FA0005E8112381EF79367B0D4085C3711ADF0BC
:108FB0006A28F330B48E96500A476579A1956BD52F
:108FC0000236BFB2FDB95D026F6FA93DFFB20ADB89
:108FD00018F825F8D2BA7949FBDE305A8471474334
:108FE000B59EE5944035C8576675708B853EED7C1F
:108FF000C37BF7BFA589A3743DBEFE696CC2297C03
:109000007F359F8858F943069C479437225F8D68C7
:10901000CE78D39078C3629056CDB912A5CC52C405
:10902000F3C2FAEC640DBF0A24F0AF3ECF7C704E61
:1090300039E9C5841C38C28CF4C8C67760E9F1935D
:10904000240581BB3AC33B1E89F2A3509231899D0E
:109050001CC452CDDF5DB0A995A4998D6E8065C505
:1090600050A96CBACBA8540FF792AABBCB75039F3B
:10907000AF5D39B8C2933516C48AB55CDB6466D27D
:109080004A6E8627DE1885FD16B7EF1663EC07D00B
:10909000CA53E51A4B6B089CFF67F361E80CACB848
:1090A00057B4232AC792CC972BD079A4E7892B8376
:1090B000334A34EE716B8683F2E31C8FF8F9042F88
:1090C000ADF4A5B1D93C6966C38F361101D2A94868
:1090D000A8858AF76A9FB8B720B8059D8CBC9C9E6E
:1090E000C04A1A27D41B76544EAF672DC7C57E23BE
:1090F0007A8CB316A3393A5AE39566E973BAADB1DF
:10910000ACBFE6DB55B2ED66EE4E2C70E4329B143C
:1091100023A27234A459B1C381CF7F709AB746821B
:1091200028C7A8162295217C64F23D0EA83F7354EF
:10913000EA80C1C12CF500323526B81F68D6EE0191
:10914000C85F83353EC77FDD8247B5EBB4FD1B08A2
:109150009A51A801493FAABDB0411FDBEB8FB0E295
:10916000F3DF85494719CA47C568D52A38634F27B1
:1091700069A8D5FFC294FC043805F0FFA180EB502C
:10918000A8B28A14E956A783C82A8A5F6275AA65BD
:109190005945B5E81F7D0F4767AFB28AB4F0DF01CC
:1091A000FF2387DF8C7CD65F1FDDEB8F725FBB46B2
:1091B000437996F76F806D6CFEC98744B7DECC6249
:1091C000FE7218CBADF1DC53E7BFE046DF08BAAF63
:1091D00002BD1556B9E4EA3B187B38C61E8EB1872E
:1091E00043ECBA87B0BF07B13F80179640F74009FC
:1091F000DC94BFC6E3B907FBF6218D8992ADAEC8FA
:10920000F2A774E82C84B48A21AD9C0B388A4A9D5D
:109210004802B24D6BE7F537A1BE207792FE3BECDA
:1092200051DD533AC601359C554FB922EB91F5E219
:1092300095938ECB2B50CA07F9513E99048A8C67BF
:10924000300736AF6F3495A395EB054432BB9429B4
:10925000E995C9A08E2F71987813E1C39218329CBA
:10926000505BB08ECECD2971BD5C72FF614E7C30FB
:1092700087B9ED621ED6C92C61C4F924E6A27C2C04
:10928000BF0C62972DF3E25F8F72279731FC60EE7F
:10929000B26573D8410AACF9888213AC4403C89B09
:1092A0005BE2323D4803C2F6DF54582115F2C92C67
:1092B00000AFCD962C9EBCE7F40CC8B3B51386AFB7
:1092C0002BC81AAE78B9D13D964065B7A0DCB5FD84
:1092D000323CF7B067F92B5EFE6FDC316C2C21C697
:1092E000EBD83325AEABE103579B245924ED8548D9
:1092F00039CAA740A5E4B5799284FBC7EF73655DD1
:1093000022AE7633CAEBF76D8D68629731FEFDB2FF
:10931000B958834A5C77A109D170067F37BF7DBEFB
:10932000C475257CA0C589D6D1B8170E03CEE31825
:109330008AA8117B6C5ACFC2766E611FD8C1D7E75D
:109340008CCFE3EEDC2190E61BF217239115096226
:10935000E5BB597FA843D93CCDDCBCDD60D4FB859F
:109360000E328F0167A7312EDB30CE666A66869E8D
:109370001DCFFC6C5371B6C866C6EFEC18F8AE8012
:10938000E3443323EF0D677EB68773D4B3E9CCD0C3
:10939000DE47D1EE9578B2F3F0AFD536C280E71153
:1093A000557C9540F38469AB2EAF40E5AA5E267BE1
:1093B000E50C6B6061F9568DC66B83D6B370D6DA57
:1093C000CC9F17EECFBEC290BD06E6577B78E5E294
:1093D000043EF4CF817461A4EB0DCFDD40CC3F554A
:1093E000FB5FBA9015F16CC34BD59CADB699A1CE7D
:1093F0008E63BA6D322839A5F42638A28D61FAED54
:1094000006317D8498FE7684947ECF33307D51C3BF
:109410002698BEB5992160E9969D8DE26C6DCDB020
:10942000D4D150E76C7685F4FECAB709FB0070868C
:109430008E704C463856787A27631CE9BBFC208E28
:10944000F6063F88634D0B233FFB34F3934DA96130
:10945000E35B441A6AFECE28B7C4324B594897B62C
:1094600005D64E3473D73E5EA42715E17ACB733D03
:1094700055A2A7C12527AF6745E8769EAE835A6EF1
:109480000B33A43796B96D9F2042BF80A0B33CDD5B
:109490002F48BD74BBCB97FC292B227DE74B559CF5
:1094A000CDD9C2F89E9DC25C43E5E771DE5D0B1825
:1094B000A2771273DF1E2B62582A96FFCA5229BF69
:1094C0006DAE2164575644D5CE5288A1AD85212179
:1094D000F5AF9F9DC4D9DC2D8CE26C0267F7B4B860
:1094E00046F65E166B807A5EAC817508CB7B9ECBB0
:1094F000EBA45EBCD5A5222F6745F4EC9C5CC7D2DB
:10950000AEF7FBDA5DFECA76C44F38DDFF55326830
:109510003591EB5F0BEE0597D3AE4BF197B4B4608A
:10952000BB332F4FBDB71C59CB42EB798484AFCAF4
:1095300005C88B5911A0A1DF296270A7F91DCC7A4B
:109540001CC46ADB04BF05CF073168F7614A45F1E7
:10955000A16C1E591248289DE74421177ECCE6973E
:1095600036A9A5FAA980F5F30DACCD86179C62F952
:10957000FDC4F27FE32795BF1C96FF7C56447443DD
:1095800029860840102B3DE70330849977F99067CE
:10959000E1F8D7E0C0B4D44E136B211841BEE339D3
:1095A000132C8DDA252E923C035BA3617493886B98
:1095B000148278DB734A1AD79BDF7729C853591175
:1095C0002B1A7ED82F428C16DBFFC468899E22D8C6
:1095D000FE27B222CC0DA7F78BB9B54E15731B8BA6
:1095E00020577BFE33164382F5AE47C863B0E51AB9
:1095F0005EDB85F973B208F984C89FC79E90F83383
:10960000DFA526BFCC8A686848C290F63811F229D7
:1096100091BE234F49F4E542FA8E6445343794E312
:10962000DCDD3122E44404F9A6E78B891852677324
:109630000D250F66459C6A988871D24F8990CF8816
:10964000F577501A49CC56587FCD90371AD4BBC401
:10965000322789F4352749F459207D07606BEF3CA8
:10966000DC28421845FEFADC28E97EEF41FEFA3C90
:109670002BC27FE7BA7D22C46C04F1AE67AF24C170
:1096800075EB5C14B917B6E3CE9518E23904B1CE88
:10969000F3D973D23CE56D9792FC0CB6E3CEED188E
:1096A000629ED87EBB2579DCFE0FD87EBBA134D963
:1096B000B9791FE6DB70B14C2F21C8359E4F5F9200
:1096C000E87913F2E7A7B01D773E83295E24D6CF51
:1096D000278B247A56C1FA6980EDB8F3290C9121C1
:1096E000B65F438644CF1BB0FD7640D9B3F3DA4E64
:1096F000DC7EA3C4DC5E13EB67C76B92DDACE5B028
:109700007E3E86EDB7B30543DA478A902BC5F6ABAC
:109710005F29D9DD7A15B65F3D6CBF9D2FECC1ED99
:10972000A71521578BF4D5AD96E85B06E9AB81ED23
:10973000B77317C649078A906BC5F6AB592B8D5284
:1097400026D87E5BA07CDBE9D819B3741B6036F9A0
:10975000C88ACD5C6FCED03325B9EDD6781F7F3463
:109760004A1553FAE83BFE836395EC1542F0D6ADFB
:1097700049ED1F8859BB0D5C75CE7758E3F3FC3972
:10978000E5B3E99A3627D8C4F9E5B3F98CF6AC8C81
:109790004D6186B7C94A5D83D2223210490B7D43A1
:1097A00024B1A829E66A3D58EBD41CBD33F05AD346
:1097B000E098426E4063CAEA4F8800B4CE1E760538
:1097C000F74B8D99A9CF892AB118C3F07A6ED56F5E
:1097D00001870757D70D2C9F2ED492AABF49DC359D
:1097E0003174706B5603A849B76A56B103A315A22A
:1097F0002FEA08421CA5DA9BF1B9A08E1C863435ED
:10980000DA730093E15120AFA6FAA99ECB226CC671
:109810007D1156B7BF1043DB5D45D345291539D7B8
:109820009212CA387E610DA329D73BE7EF234A0C79
:109830002C5EE94F6E71D6F08DAC1DB82C7DF759BA
:10984000EAC30DD4FD1FFE4B6FB839D62B3F072A54
:10985000A7333FD5FAB074948351F6F98CCF9BC3EC
:10986000161B27E4604E9AF5CC61A83B4EA8805A9F
:10987000F23860409E31C53987FAB916F48D5BDC49
:1098800067B3D16B137AC6A8A315D48581953463C9
:10989000F2C82A7214C83F8E38CF597C3332315601
:1098A000C347CA99340A70818180B54871E0A76ABC
:1098B0005356113581F80F991142920D6758E1A660
:1098C000BA98EE0A911CC63EA8AFA0D65FFD973E9F
:1098D00067C65F3A9D68EDA1A6C3D67DAC7D47CE35
:1098E000849CACB189370A698DFDDC0073C32D0BF4
:1098F000A6FB173019BC4C1B2FCCEFA3F2147B4BEB
:109900002A132B48714410747D71CDF864FF829541
:10991000FDD20A45028BD627641DB22BB26E590FB9
:10992000EF46378F5ABB544109BD621B9BAF8C7BFE
:1099300075CCCBD192FDD027EBED179C4FAF40B04B
:10994000091D4FAF4AB8C27B500AD3B3FD42A818D5
:10995000F6F43F127AC4706ADE4B4DB0465F9EB497
:10996000E203EA2837A563D2AA841E59F7149CCAD9
:10997000FEE2A2DFC58A31EEF4295726FD634AF7DD
:10998000D6A687F212A8335D2C4479F578F3EA164F
:10999000C3232F6D13D67BB467D1DA69C78FAA743E
:1099A000E7BC5988C73F5576E0DB2B4703AEE17E25
:1099B000DF85C7BFF64A268851A55FD8B0DF85EEA0
:1099C000870A3CE9E7F90CA6350E4569C3F1ED902D
:1099D000C3A3BEC272E0FB1206F7F3CB450CF26ADA
:1099E0006B3DBC75B7781B38E2199187C1BF243F26
:1099F000D82817FD64CF79E91CC8C358D39B937E40
:109A0000C07CF96D25237AF975D7221BDC1460A977
:109A1000C27CFE4D98DAD6D5206049F09CDFEE1C62
:109A2000DB29F6B7CDA60939CCCD56307A092ECF31
:109A3000854A46369C28AAE6C77708D0319E6FF043
:109A40008AF42F6119D5527F1D25ECD4093BAE68ED
:109A50007FED894B68C755D9BBD9343E6737CBDC1E
:109A60006C039B3330BE13954C858D04D98196E2EF
:109A70001D7CDC9509DD186FBCE73FF81CCDD5C512
:109A800099D5191330E6F491D86ED992D0F683990E
:109A900048B38F134E3CC4A1530E76E17CD6C4CF9D
:109AA00016C8B7DA1F99BC495E6B1F31F65FF0FD2F
:109AB00051E1D7307993784E4F5C95AB87BA0BE183
:109AC000B6701A12C8C4932FC1AEA488162B9CC1BD
:109AD0000D0D768D8ED88CDE40B02B20A218BEC521
:109AE000C3377584C3CAE617BBC808690FD7D0113E
:109AF0009573EE2BC5DAD1D269F2DDA854FA9DB583
:109B000047561F5E24EDAC7F2A8435D5362CFA0AE1
:109B1000E6158AE7738D42E8A7B50797B688275DF3
:109B20003BADB8D79FAFB73349A40F924DFA2DB5CF
:109B30001F90198E2F3E7FF5F3B791DE24A4395084
:109B40007B00EB191F9731A2CE6868C2F2747FC9FF
:109B5000E24A268CAFE6E34A9C6F02383356808B8C
:109B6000CA50D770B77E0C0534762A54945BAE4D3C
:109B7000EEFB167A621DE6AF7D954CE949DC1EB519
:109B8000950C7B1CE3FF0C861F126524F57EC974BF
:109B90000DD52347A7625C2BDB6E8B325A5C77E0D6
:109BA000285DCBE126F561EC317D2B5A6B10A5A227
:109BB00038974AEB095D599FC3E5E4C8B27949A2D9
:109BC0009BABD14A1EA7EEA1B4DFC2D2FBE4DDE11C
:109BD000BF45FB96799F30BF39C0EF6751E24ADF3E
:109BE000197422E4B87C8F0F482867D1897F71AF40
:109BF000A26C757F88723890CEF8C23C8A843A9EF7
:109C00008FF230E2BA317D54C9149EAC7C6F9370F0
:109C10002E20AA239B0FCB78E81455031D1DBAD61E
:109C2000715C3857A0624839107796B127D3DF416D
:109C3000168B271054AEC7E477077790D3DAA37258
:109C400076E4C059B37CFB51892B9A4B8476DB5D5B
:109C50005BADBEAA21752D0F9E066B41239FA809FF
:109C6000FCA43E8AA5A24DE801719E8DB87DFE053B
:109C7000C7F912D4968C522DB3C63B4879A39D6286
:109C8000805C8676BF654BC5114A66C5E5ACAC64A1
:109C90002E7916351146F8D00CE89235529D80A4E5
:109CA0001A6D9DC0DA4A01EB915B032EB6EDFE54AE
:109CB000B62D51EC9DCC905D80C9DC25E394B706B0
:109CC0002C748CB23911DD5185F3647B1FB0A65022
:109CD0002086EA8352420FDA804B7BEB3EDAF3EECA
:109CE0006C8AB1DF0231B99D403E4305A2F87B5A30
:109CF0003DA088AB4E0BCD686E813F4AD909E7B6CF
:109D0000693D832B5073BA17B6D7E74DC88B73DC08
:109D100084630B2EE7FB6599958C652CF21C706FA4
:109D200081BE41092ABB98E254B9355E2D432B61AF
:109D3000EBE63DCC1732E15609F22D80EC0D5632A0
:109D400031397D8053E480E02F250E68FF93F4962F
:109D50009880CFC78FF66B96C2408275BE82902FD7
:109D6000E8004C49974C0AFDFF18FBF6B8A88AF6A4
:109D7000F13967F7EC61F1B6B8C0826021CB25A953
:109D80008C57505388502E27A9ECF20529BBBCD81C
:109D900088E4ADF445322B0BD83DAC8B92E0020742
:109DA000722DA404E32DD308F00E5E10B5B2B2906C
:109DB000B41BBAC86A5A695C564CF477E6CC9C6509
:109DC000E1C5CFE7F707CCD933CF79E699679E791C
:109DD000E699DBF35444CD95754D0EDA3B9947DE99
:109DE00007CC3AD360480DA244BE01082F00DFCD56
:109DF0008AB947807FDA09714CADA2D15A6A4C0901
:109E0000393970D590AAA442783E54EFD30D48F961
:109E100053A904B3C81FC411A4757D6DD25933B6BC
:109E2000F97F561EE6B58F27BB6D47DD89BF85D10B
:109E300016A69DF8ED10F502A66DB745C98349EB4E
:109E400026E7D7E7871873662BA62B9D7EC9C08DA2
:109E5000B0BC53C81B0E867C9739A7DF31836212D2
:109E600086E3DE01F399068BC917CC57DAFCFEB9FD
:109E700045C553B39D11AA7BC2F2D6A69D22584078
:109E80003E7541BF238C629416D6179C53426122C3
:109E9000A565BA6F238D9ADE1063BE24B5EF40AF7F
:109EA000C7AD12BAC20A45FB27F9AABBAE4489C6A0
:109EB000AD8F04A502F9BD10842725ABE6552ABE57
:109EC000CAAC75CFA67D0F428FF81152BC887A5369
:109ED000DA43C714F56AA08B94C6573A12EC4E9039
:109EE000CF6164FF31AAB932633E373D51F220277A
:109EF0008D64DC4F7BF2628ADD6273B8917190AD44
:109F000053F1EC4CD6B6A9E516A63C76AD3847C55C
:109F1000A392D150A796EF25DC24121226E7B6E7CC
:109F2000221F9D660E7A39008E0730D4365ADB4EDA
:109F300025304A4C79EC822DCA9D0D1BD97AC19AE5
:109F4000912B9C6918B502DD27CEFBB3F2F7AACEA0
:109F500013E7E7DC7AFAC6DCDE797FBFF827BA5769
:109F60003C85B3C1B6985C1DB697AACBFB0CF24DED
:109F700021CCA596A78A21C31D300B91D27E7A17DA
:109F80005CDDE6A6532B907F539E890FC93F9784D3
:109F900065F7D102C55433F0D4EC4E70B6D1CF5E24
:109FA000C70927D19EBFF494F65AEEAA797CAD2951
:109FB000555125142E599F81EB99E6EFCC5F8956B8
:109FC0003919E504B56D51F70D727E632BB6279AEA
:109FD0001EEE4D9BBBA07E81F7A2BF573FFDC6E79B
:109FE0006F8C7DF3EF255350DC7B7CDF250F43A581
:109FF0003D244C47BE4166DFDA9DF45052592C890E
:10A000005B7F888A8F3117C7D936744E659407599C
:10A010009B5FF2ED87E2D72E20D6F60C38229E1AEF
:10A02000AB4C2A7E3EB6A845A6A562091A7DCF296B
:10A03000495B7C607B2FF21F22E756FC5DC5D4DDB7
:10A040008DF87E4C764151A3EC05A4A1BB42E4D42B
:10A050001797EB95B5C9EFD1D3E2C78872A20C6A06
:10A06000453EB87C2C4C932222399FAE3575D3E304
:10A07000D7F319E2A877AE36B583F633B300EDB562
:10A0800023B919BFBE36E50BDAC23629369919B0A5
:10A09000D7344D31DE4AB893EE45686B9F4FEEEDF5
:10A0A000BE4E7AB09B4C756C1ABE53C7655A21746C
:10A0B000700A9E4367FDC8FD9FF5E8EE2CB99737FF
:10A0C0000A6348C8221A4489F437CF917D71715EC2
:10A0D000D0472043469CE0C9FE4C26692F0AE60D76
:10A0E000C08698609E0CBBD0ED24816D5E4134D655
:10A0F0002D19AECA085572E99D4C25814B584ECAA0
:10A10000BFA9DE3FE025267D8D9B86F4EDB5580E78
:10A11000B98946C873F09610ABEBA6458EC6BFA0B2
:10A120005910E9F671820887C7B13A0898D8F3192F
:10A13000C11C5CEA88C15E05B9E503F7DE742BA596
:10A14000FEFA9EB05292E32DBAD9D2B99045986BDF
:10A150004D4F38F9F798E6E5910B92F8F9A4DD2B0D
:10A16000FE76CA4392ED3DE3CDBA5AF2EB31B92DFA
:10A170000266E39A6C4D2723FB5FF217D99CCE133E
:10A18000956A3C2278A2528D2770A9EA97497B3EB6
:10A19000E26CCFF8916949FC04A575E6AEF42F6630
:10A1A00016AE59BF08E36AFA5DC6D534CBE65D7CCE
:10A1B000B37F273A55A7F3441C08DA99132F3C8A3A
:10A1C0006E448E58A87B14F5C11119D823AAFBCB75
:10A1D000BA2464B7B82F12664B7E721693729790AA
:10A1E000D262E572D31EAA42F725F188D3219705E2
:10A1F000A2496E8C93BE1923D3E6F17C1069FF73DC
:10A20000CEFE3A9D50172543C63E3872C15C5EAC07
:10A21000334DF8F7AB937F5309F6E9326CF614C36C
:10A220001463FFD372F93F3BCB8F24D8A73ACB9F5F
:10A230006C98A2BC3D8740A69D7196FF2F527E84EC
:10A24000B3FC7011E7ED2402D974DAC9BF49259C2B
:10A25000ADA8FB6A56BDA845F96EA5DBCB643DA24F
:10A26000A980ABE145C9D3C0FC6E10D6EEB694CC44
:10A27000821B73D3C3F29CE5786D621840DAF9193A
:10A2800042EF777C3DE917CF341F207BCFB94237AF
:10A290006AE9A07B9878DF24C11DB546CD54DC0A5D
:10A2A000139FF59A4D6A738F136FB035964A44F732
:10A2B000E86F8077D9D34221ACE4E55A822F458DEF
:10A2C0001E44BE082C52DAC606F5F77F61E68445C7
:10A2D00008DBF176B8B15B49EC8BDB65108D1E1E97
:10A2E0009775BADB595AD6F4CFA80DC251741FA87E
:10A2F000F3E65A38A9441AB9EAAA6FDADC981A5B6D
:10A300001E5343569DF8842F642E04EC90606AAB74
:10A310006F14A0358175DD40E643F67674A35EB414
:10A32000EB7F4425D85875958D67AA92F8AC46B254
:10A33000577BDFC7FBC87EE758ECB9237BFE962F1F
:10A3400074C548428D16A118F9C856EED5AAB36354
:10A350003017662761D93C31D1FF919D87FD976AFF
:10A36000968F7FD7C224DE5DDB1AAC98DC31A99DC5
:10A37000B496B7B33F6A3D17E4A6072E2C3A7F2A5E
:10A38000CFD9FEBB9DFCF3409266F32BBEF1DD1EE0
:10A39000A24F12C96ACBCF40A374C7726F4E1CDCA8
:10A3A000A7D3EA6C65C65B8F7F4E4A983E7F8FA825
:10A3B000A350FD431D7FAEF85CABCA5612BF29F116
:10A3C000A276C1B2FB30E6B45D9C2933F17065F72B
:10A3D00068C121F979F62CCC88742B405A08AF3D1E
:10A3E0002EA38E9FCF80EB4CA30BBE517370BD7D0F
:10A3F00034A6EA4234A62AFB7BA0F94883A99AF83E
:10A40000D060AAC02788AA4515BA234867C49FF21E
:10A410004F2B8B1BEEA40A1CE75091DA2B653EB440
:10A4200083916944EF3E88E2589331ABCA997F8BA0
:10A43000D49572F6877E7FF2C5D6A9863AD3F3A467
:10A44000BF7CE8CCFF878A9764E253D3CF5B7791D8
:10A45000F2FA9DF8FAC8F81349C69F8A730D449220
:10A46000B6CB4F4D9BD73462AE99BE461E9845ED94
:10A470007D7BDA085D1FBADFBA88524C314BBBAA2C
:10A48000E4ABB5662ECC08CD7D4031454D6244B479
:10A49000E7D51889E79776CF3468C19E69B2FEA9DF
:10A4A000E2D17A1C3E41485D1AF8153077CAD7844C
:10A4B000BABF47C9F2F117A1F33E52BF1267FDFEC2
:10A4C00020DAFBAA0C5B7185F0238CB487C5A98FB9
:10A4D0002EBF7AF55507F194659ADF2AE8A4951600
:10A4E000C77AA8F3423E72F823FB1B097F2FCB7A71
:10A4F000A8C94EDA23E4F146FC141C4A4E192C7EFE
:10A50000F5EA86BF09FC45273D1D447E83C978B81E
:10A510004ECE09B0619F16D5DD928C4E77EC10BF00
:10A52000FF93C855505603A62BFB6ED2FBF4D09D6B
:10A5300009237CDF9E0DD51DBA05489E8E5CF55F14
:10A5400059F40DF67993B780C4AC5E40F6D116E4A9
:10A55000129B37F637273D3FE1525BE697C5FD106A
:10A5600057C8C9F29570D734CF8000225FD94E7991
:10A57000F85192956AB682F8DF4891688D727C8EA8
:10A58000EDAF0C03F98DF5CC7FD91DE4BD99BCDF8F
:10A590002EAC5202FD076C8094AE27E9C7628AE1B7
:10A5A000717E351B50846FF3DDE33820E554B0A590
:10A5B0000DBA808051DC871BEC2A03D7CDA273B87B
:10A5C0007A708D3670148D9E7B1CE8D6BA9E51022F
:10A5D000E2E3EA75E9E63AF633F6BADE53090CA986
:10A5E0000B00BF4EAFED4696B56777A481F344BB31
:10A5F000E5CA0F41B76871EB50B9C10E1F14E15A9B
:10A60000FF804359C0494F818E5BAF5E7DE034A926
:10A61000FD974E7D748CE8892A2B24FC1AAD1538E1
:10A6200080BD309B6EEC11D643215B6ADF65CEF6B0
:10A630006D26A3A1D3F20447885EDFBA9E60491F4E
:10A6400081BF6A5AE46C9F83E4EB23CEF1B589CCD9
:10A650006BCAE5AF7835FE2A6DE1F8BD6144B306FB
:10A660001C74C2EF178E487EFE2C8569B9E9449EA2
:10A6700058269ED0079DF4EDC57D76E251328EB905
:10A6800059D36066F75192BBCF896F974517094E32
:10A6900088359CC38B33114CEF8B4E7AEB2F35589A
:10A6A00074F162FECF71D0C81EF390F57BDDAB571D
:10A6B0003F6B21DC6B90FB627B2DA9378DF1C4CE03
:10A6C000738E079FEFDF3F7D45E07579BE8E667420
:10A6D000CAD56166515B9D40A3ED89DF50ECC94D41
:10A6E0006A25D87CEC242FFBE50755FB1E41233857
:10A6F000BCD683D6281468454FBAA926527C5A582E
:10A700006B53370BA962AB6E9DB68C11C7D9F8FE9F
:10A71000C1B351BCF720DFA6CB0C8ABD4605951C02
:10A72000F75F5D6334B7EC7BD5FA8EB4FA85DB9DB9
:10A73000B7C203C5D6C7FC4CA1E078A834066FE9C0
:10A740005C2BC9F844C7BBA2A692FA6ADAEBB4271D
:10A75000BA7548154628BB694190FCB4EFA0126257
:10A760008A455DD7D49FFA7C9399F33F32B0D3806A
:10A770004E1A06B6A3728B12A82072BEEC3B8F66EF
:10A78000E4A9FA9C0EADA1F7A76616668407F2F459
:10A7900002740E5077189DAB51FC47BE0717958E7B
:10A7A000EFC2F11CBAEFB476FE0BD21DB8AC158126
:10A7B000E75417AA6E9EB87EB2FBD4D5D357CE5EAF
:10A7C000FCB5E37CFBC29B8BAF9770AB936167C317
:10A7D000B8A9E67C86F84039505F5236F373D354FB
:10A7E0008136611F932D6F64C7CD0C82714A1F742F
:10A7F00003858AAFAB095FECC7AA40578868BD6183
:10A8000039CCB6C66525C3FF38BC45CD3FC6E18906
:10A81000BFE35659E360BB5D29F99868DAF9C129AD
:10A820005DD6A6EF2CBEF6690E058A7D17DE0752AF
:10A830001A750DD27EC70A1F385578E6091C216F9C
:10A84000CD34ED2A876232DBB3E15223EE4DD533AE
:10A85000ACF060A3224AC528A2F318C374952AE875
:10A86000B5AE7B63AF45F82FA55E92CF02E6E0520E
:10A87000335615C759CE2A29BFFC11C022A8E81C9F
:10A880008BE5C60D205297D933D2E2F0055B0F4B12
:10A890001E4958A0C073309D20DD4714CE0A6806BB
:10A8A0005116D79F0A473BDCFC942300FCC05D6334
:10A8B000714C04455FE25D8B9C84099BC978F182F1
:10A8C000A56F36B099D47FA2D3507E48E3604BF297
:10A8D000E54BFBF77370F30D15A62534A32C6E130F
:10A8E0003B0268BD599ADA08172CA436B13A90EBAE
:10A8F00067F96904A26064EDBACBB4AE548AC3B4FC
:10A90000A13F65E236AD100A5E14260B3E71D0BB46
:10A910000144A4AE07CCBAFB6D3CEB676481EDA5A6
:10A920001F6EAD4E0EE46BD2DC1774AE4C5C5DB5A1
:10A930005AF546E7E2C425554B544BCFBF356BCD96
:10A940006C720FA7EB5EB1551AD08D79EEDFB68B26
:10A9500019C8AFB4A19B3673EA7898DD4D67251707
:10A9600025BC28C770F8C4F720DAFD81CF29C10BB8
:10A970000D54FC16674E76CDA2FEE1B8546DAC9432
:10A98000B8643CDC5AB79FB309377E3DE48938741C
:10A99000B070F361AD084F59CE711615088F60DBAA
:10A9A000A4792FBAE3299D373DBC47D07FC10289E6
:10A9B0006BEBD567CF71F438E45306F94496EEDDBE
:10A9C000BADFA0B195656A3A557C40EC1BD663337B
:10A9D000F70625DDA7C94A0E213D29F639DB2CE60D
:10A9E000AAC85D9F1E3A3015DF384265E558681DDC
:10A9F000BA612A969D88CA95CBB4EF15E783198B67
:10AA0000F6F21C156FE3BBAFE0360CDE4CD60E1A27
:10AA10005ED8BFED55C5F43C55F8E28F32B39223B2
:10AA2000BC9AC1E48EB06E5C56C00B429DC8C10B8F
:10AA30005B9FB6BD5E773170E13D1A7E2DD1727D90
:10AA40007EEB94A066FDFE47853EE4D1CB5C373FAC
:10AA5000C9E20EC299C730CF4D4FD86EDFECF02B54
:10AA60001809466A1613CA2B9E808F3334F4C962C4
:10AA70007253D119C35C5DAE778E2567A3F95884F4
:10AA8000895344E4CD554C16E608FAC850AA56FC42
:10AA90004DC5D78A6FEA8593827E9B89D2E6F903FA
:10AAA0004CCB85D9F768300DD9D76AD6CF6E9C9735
:10AAB00077825F2C4727890D339E690C5F2CD668FF
:10AAC0000FAB42E701497DAE92FA3C49EA939013FD
:10AAD00094956C7BBBEE6CE042374DAE27C1772579
:10AAE000A710DD8A402D52634667ED847CC9AF69AB
:10AAF000BA6E2F9A6B7E3903D7AD65A6ED5ADF8FFC
:10AB00007E663558EA9644EAD63E13C6322AB155D7
:10AB1000C6F5A8FEE632A556399738D026A885A8EE
:10AB200078D776C9A81465611B0BA0D25D949148B3
:10AB30002A5F9C0BAD492D3B4C7615173900EA5125
:10AB4000EAC9C47E0FD1E6F9120E344F77231C48B0
:10AB50003B5763AE6BC80C0691450944CFBE1366E4
:10AB60007CA11549734CB7217484D8DF6DEDA1FF2A
:10AB7000F09C6D54DFF5FB3432B501D16146DF4BFB
:10AB8000D26FBC42F969E52AA4534B1AE727F38D2B
:10AB9000783D3E73797C38E91F8B02D3E595789335
:10ABA0006AE84ABCBCD25E639C64DCFFF50479CFE2
:10ABB000FB2EC42BFD8EEA10E45D425E63C7FB13DF
:10ABC000D802BBD0426889AD31D96632B7A4D1E88A
:10ABD000936A1AE7F224BE476C8C983B8BB929E53F
:10ABE000FEB71A607D521D608555827E070BACAFA3
:10ABF0006FB165A6C587E770AB1B719EFD2E2B3C20
:10AC0000D386E045B85B2EBB24AFB6F5E2B76C7FC8
:10AC1000719CF4E68DB61B5B1BF6BDBA2FF397DF74
:10AC2000D0C858639AD89FD238B09324CA4F38C23C
:10AC3000ADAB93E8253CAFF85EF25D70D904B02768
:10AC4000F00BA9F25A684519864C188D21C1B758E6
:10AC5000AB73FF207F06E1F4C75F92FC9124FF9B5A
:10AC6000C19812FE4F1E2DB3F51872AB6CCD7C99B6
:10AC700059181F8E76172A178C4A60E6EB6AD1683E
:10AC800007AF6782273568B779CBBAFE9F56343253
:10AC900066F5053C0E7E68CECD66CCE32FCCF44045
:10ACA000F1D2C87D84B7541DA4063F54A6117F8DF0
:10ACB0006BC491D320F92CFC3E37FBA915793D9547
:10ACC000D7AAFE3871E9E48553E7E6F6CFEB7BB10E
:10ACD000E7A56B0BFF587CE9950B8AE90CA35DEDAA
:10ACE0000BA0B73A50B91AC761695E57DE64E18DAF
:10ACF000A0C64CFCA7AF23F84FE670282EEEF1AFAC
:10AD00006A55D7803E5B0578D6B6C97ECBB0C7A85A
:10AD100084A5EE740E873DBD1F5D8762D14598DA2C
:10AD2000A415F8292DE8CE813EFB02822E6DB9B51F
:10AD3000739B3A898AE739F3A3DA91C04D8846DEDE
:10AD4000753E31E91E4237E73E3559465D65994704
:10AD5000231C3780D76158B44AD199B7386F2FB3C5
:10AD60003E3682C901C49AFB143EC280895678B22D
:10AD7000C0C7CC41DFC5BE337FF0A7628A3F1CA3AA
:10AD8000ECCD271EDF838DA4E71FCE49286AFAE4A5
:10AD900011520FF236E01019BF6F58219E1D07AFF8
:10ADA000293A7C807C9B4EA09A88DC65DC92A19A33
:10ADB000DFC86951EC66E9037C521E899B62202D35
:10ADC000BE9FC8EF151996797D00633381AAD843D9
:10ADD000CABD26436DCD72299740C5EECA49604869
:10ADE000AF07BF10FA323D0ED610B80BB984BEBA09
:10ADF0001CE44F0BCBD559826FF9005C3A818BADC7
:10AE00009556E3315F647A3F37D499815CDF8F7365
:10AE1000728209BF768C4A443104A5F73CF9FE33AF
:10AE2000F27B3AF9BD7DFBF2D12BFF5C3067D1F6A6
:10AE300045A317FFFE46D29B356FBABFF5FBD2A4E0
:10AE40006535CB96A133B749E63AAD12B8D5D5F9F9
:10AE500036472F13350B23FB06A08EA3DF2C03955B
:10AE60000A3089A70D684F8CC050320CFECD52833A
:10AE7000BF3101D76F089E41EF98667C3324CC48E0
:10AE8000C6A4AEE847D01E3D151C31A5076813BC0B
:10AE900000158CF6EB915F9CE1ADC58F964D32F2BB
:10AEA000EDDA3C9E22F7821E10BCA4F5DBE709BF59
:10AEB000DF5FB6ADC62C8ED6B152CB7C8DA2196A9F
:10AEC000D5623F7FF38C2A7A794CDEB52FB5CCB7AB
:10AED0008A35CFF8BC946E43332D2DDBE2E509357E
:10AEE000192397E43C4A71C86701F470D7C011ACCC
:10AEF000C66FDD3FB7CF256D52BA03F8D7028FC8B2
:10AF0000B79E4C0BE4EBF9A95730E6EC8339DCF93A
:10AF100085132E6955460A5390904CFC09CD20F2BA
:10AF20005BCA6CABE7E7A02FB07EBA7A7EE1A8AF30
:10AF30005DE09F22F0A455032C3DA9C35955313C37
:10AF4000B2A9F8106DA98A76EEE82E97F4D26A5469
:10AF5000BBF10D033899C788DF3BFDD7FB2D4CDBD8
:10AF60006DCF8570711DA8F5BA082CCD3DB77B0A51
:10AF7000CACFCD57F936F82FC6D0C1B3D197443FC9
:10AF80004D20FCCBFFB4119627526B33A07733587A
:10AF9000BB046AEB00C3F1F79E635BEB06CA91B595
:10AFA0001A1FB8A88E0FF25BAF04B99E11EA798A16
:10AFB0009CC2E8E5B5C664454C395CF016C5B81FBF
:10AFC000AF334C57AA4EF055E573642B64866197F6
:10AFD0001AA03B32A38E2BEAD59462971918A6A922
:10AFE00029C35433C0B89B1F9EDC4EF4E3DD528965
:10AFF000589E73BEAE83BF5F0470F3455AD180BEC6
:10B000003103B8CA41CF4F3CC9DF43D674D226CEF4
:10B010004F3CC13B2362DF333F511A63F1099A5021
:10B02000E6BE73CA4FA5E81FC82F02F290807D23A9
:10B03000BCD821DBAAE2D8F489385728653D75CF02
:10B040004AF77EFEA398A156096F28452BE4F79E88
:10B050009E64E83F8F12765392BDA5F8480DF673B3
:10B0600061EB60AF89467E1142F859ABCFAF943D9A
:10B0700023544ABE114EA1DD523C8EDEBBE6D27C8B
:10B0800077C33477D0E3D07A29E973F1C85F6409D4
:10B090007D966782E6272AF68C50AC798E7F746E97
:10B0A000095987F29746EF8F4DDBD1D99208653168
:10B0B0003D57DAEF16E6A1F966D222E463869CB02A
:10B0C0003859631C7FB0268FEC8B2C22ED1A81F946
:10B0D000B775299693EC65BB1B15916A9526CDF73C
:10B0E000FCB5ABE6C6F94ACFB49EB368EE84D6B8D9
:10B0F000D15CA056F70F407E2AFED870EDB6FF82D5
:10B1000008E1329824D87C1D376DC2D19B8A69C66C
:10B11000DBFE2FDBC63A6EF22A7DE40FB70279FF21
:10B12000F94597D189573EBE7F1A1A63F5418E8F34
:10B13000521A2C4A9E9A9F5825F35B13C29F6BECC0
:10B14000496EAD73E5F8FDCDBA64B436A47C52996E
:10B15000C66420FF62FDEBB352EADA931FD12C40A4
:10B16000B3A43E035CDAABD43C82FD13B528614F37
:10B17000A792E28474A5D45F6049A79299CD2F7AF3
:10B180005B3D7201B47FA1247ABA4CF2AE846D0BA0
:10B190004AA2E7414729B92785632DBCE2EABB02F1
:10B1A000B5CC5EB613204F01DB856C1B139ADEC055
:10B1B00017C0AEDD804F774B8B0449792125445F62
:10B1C0006BEF215EB7C12FF3AF9D2C5ED4307EC5EF
:10B1D0009C9B4F5FE717314995174FB4CFED9E7792
:10B1E00015DD470B3346A8EBC496E9BBADF5BB4173
:10B1F000C165411495E07A13ADF20D5AF2EF5EBBD2
:10B200002A99E2BF944F38B41FABF5AC01817C247E
:10B2100098975725CFD347CA25B6B7BED01F529CA3
:10B22000D258AB34C7DA6E95DFE4179C19666F1CF1
:10B230002A180DAE7946ECFA2531C6AC1468647C48
:10B2400014DB5A68C8B8016B262C60BD7D1664A556
:10B25000D4DA2F80CDEB44C9F6D62CB5AC7A0DC02C
:10B2600022D6DB73B9C5213E59594FC33D465AE238
:10B2700078A7CE8BCF8099D7C599B374E24BBA5BD0
:10B28000AD9FDE13437E274ABFA7F4C4F83F537037
:10B2900018BFABC6EFA6F544E3DF76FC4D444F3450
:10B2A00095A083A27E551CCE829EDB34B5EC69004E
:10B2B0007D1C9AFA92C9B2BD7679C51F3E69987A0B
:10B2C0005338DAE3D7EFE89C8C6D36538E0F1C654C
:10B2D00097DA72AA231B7BBF6A79CD07FA5EB6AEF6
:10B2E000327F894B323D2C79C79AE15889661A39E9
:10B2F00041E8B690E4652643F27FF5CA1E211B5251
:10B3000009C15F3DFFCCEEBF14D38D0A3852ADE4C6
:10B3100013B48C5269986E048A196662A9A4A58F29
:10B32000FF237AC11C1E9DC3362B6BF291FFA6E84A
:10B330000561E63938CD9FC32BA2944CAE10566EF2
:10B34000393B0E44A89F9D69491907E6E4218FF80F
:10B350005402BD49931CFD32935064D52CCDF5ECBD
:10B36000C90E29ED4FC915A8614F17EC356D03D8EB
:10B37000938B2875C17FD4D59A2E00E8D50BEA4B64
:10B3800066F03D7533E43E7D76C5B591CBDD965EC6
:10B39000DA8FDBA41A607BF3F0EBD85747D2457CF9
:10B3A00017644E4798790CD028780E7B8E6B7E51AF
:10B3B000E2C764C763543CEEF7ED01C225C9DFF371
:10B3C00056215EDA834C80A3CDE0241F38E05DA4D3
:10B3D000595ECB6E5A638D65826C574DB7066EB25F
:10B3E00060BC09CF26CCD7654A6799C641C0BCF876
:10B3F000AF15AAFEC0BE909EA46B73FE78FAD2DC95
:10B400000BF3CEFD7AF3FCF5CEEEDFAFFE790579D6
:10B410001DC95E02C728EF22DE663E96F4E8B21E22
:10B42000C309018DAD8AC47860E0924125EFE79DA4
:10B43000476D1258EA85770DDC4AB117A07401D820
:10B440002498C00BEFFAA9543439D1B71EC6312A5B
:10B45000322EF889B4E27DF9D01A1E728C52E313B1
:10B46000C8D33F921DF5CB354698C88059A9525C88
:10B4700033D09F2C8C43DAF2771F9D1F9A3D2ED13B
:10B48000097E68E7F2B2CFA8C78A1ED38D97EC5821
:10B490001FCBA87C007F547AEBBC25FD394E3A794E
:10B4A0008B6F78FC055F64C0FFBE6FFA03CDA26BA3
:10B4B000784F1F9CB7D057CE69FF8D397828D56C4F
:10B4C0008AF931E71B8B3201E4CC56277D9AB4E62A
:10B4D000B943A97B5B38056CEEBB4BF64F12532E7C
:10B4E0008E2B28BE6024AED956EF403EE6A2102E29
:10B4F000B5437C98198E64FCFB53A1B607A86793EB
:10B50000F1D64B2C05E7CFEA4FAD31A33C7EF6FFD9
:10B51000373763C90AFF2AF814E383EEED917A798D
:10B52000F4A738EBDB2EF2EF05662A294F23BF077D
:10B530001E12AF69575EA7FD3094D73A5F724FF67F
:10B5400017E583BF2F4F5A59B3D27DF5EF8B921673
:10B55000D72C765FD2F966E25B556FA9D6742EA31D
:10B5600012268ABDC0D3676E9EB48782F7A7BEAA93
:10B57000313F7BFC50EAF12FE7C911C31BE7940868
:10B580003A69DDEA26347F0C142D6A60382ADA65C0
:10B590003E6DAA297F79FABCE8F275C5B1895F1FB3
:10B5A0004A856FDE544283407930FE333D358BA5AA
:10B5B000FC980E82FF688DB932037AB92B755E92C2
:10B5C000BD78838C4FBBFC582F80BD2487F4617EEF
:10B5D00054F5B9D0F5FEC073D3981AE3A5BDBC9A53
:10B5E00067F9C618F90495EE4F5E1C5FB0AE6E4E5B
:10B5F000F9CE96A3BE919BFADD6F971AD6CADCF6F8
:10B60000A282A1670AA5AF5840F113B7282FEC9D7D
:10B61000FDECA8FD84BF379CFCFD47E4652AE3866A
:10B6200029C8BB31206915976A8CB624A6A3864722
:10B630003731497E9F93BE62DB63CC793F5E2D9F9D
:10B64000A81A1DF6A307274B65DEDF03D4B717D969
:10B6500038A6DD8F91212B46B84276FE390019BB02
:10B66000419CEBFFCA3F6A11FEA11451EEAACD2CFA
:10B67000F558CC15E153E46574D9DD861923802D86
:10B68000D7FD67C3B411D44B197D1BE02676ACA15E
:10B690006114989541ECD9DF03F93D829553CC585C
:10B6A0000744EE4BD2DAAE0B33CF3F3E58969B2F7A
:10B6B000CAB20CBC0764D992EA4EFB15B0800A836B
:10B6C000A7EE1DD17CF89469B1E97C1E6997DF452E
:10B6D000AB9776F321D64C8BC6C785E6B69AF53084
:10B6E0008171AFCC38D8028FDC3B423B8AA29DFBF4
:10B6F000FBFDFA804F41ED7BCF515AF7C701FC3972
:10B700008AD2B6BACF22FCFA47EB5E00F4819F02E0
:10B710003FDE9D7006DC88324DA4F40135C04F1722
:10B720000A3C35B8F4A3AD9DA834DCA66B1EDA360E
:10B73000FBD9E0C6A79DB42D3CEF4A5BD3FE9286B1
:10B7400041ED754EFE327BB5ED29A697B96FFE88A7
:10B75000F4FD8B65FABAC2BED58E9A49E7348AB336
:10B7600041095EF59B0CDFFE0A699FDFAA9CA55785
:10B770002CAB227079EDF2BBB4A55BA4939F92BD74
:10B78000926AF3608E90EFBE19F82E60F1FD3B11C6
:10B790004D497903EFB2978BF273C445DECFD518CC
:10B7A000CD3BD1088322EFA0D3EE27DA91AD836C95
:10B7B0009C17AFBC747161C7E2F6AEB0D86BD26AA9
:10B7C0003B8E7DD1678DCB7A76B70D8FD8F6BBF6E1
:10B7D00018FDE1EECBC2C7D29EBB4321DA87FDDC68
:10B7E000A4FC3023ECB52BB52A9ECC1CD2F3C87C2C
:10B7F000E300E1D861AD3AFC20B2969278577BE93C
:10B80000FC92594B2B97D2CB90DD3481B5697B6E7E
:10B810002C7AF692C8A7B56F905B397785994789DE
:10B8200096EFC09CA4399BF8CBDF8F31071C58D60C
:10B8300080ACD4A7F99C30E431D6BF09E9DE2A7187
:10B84000ECD5472A451B51B4A79137CD8F3AAF604D
:10B85000698CFD5D3BD208509C39CB88ABACEEBF08
:10B86000D2F9165AB84FF22B5C67FB6B53F77D4B3E
:10B87000659F584D79138F5BCA95B4E58C9AB608CD
:10B88000D3C159613DF42B5082F2E62DCC62797719
:10B89000F8F6BBEAB3E5E7F9C5BC7E8799ACCCA75F
:10B8A000BD02372753D1C9305F00236343F216CA64
:10B8B00033B9DAA01FFCF206CEEC3E4DDEC76E4275
:10B8C000F43CD5E0BBE2C59BC2734A347E3D73E2D3
:10B8D000EAC92BA72E9EEE38DBFED2F585DD8BAFB5
:10B8E000E6DDACBC5ED5FDCA15E1597497FAD26BA2
:10B8F00059CFFDBA5EF7B3145F3054AB066ADD3C36
:10B9000074FA617121F3B8C51D28151F3D3A7AF507
:10B9100057B5A382C4A9F93EAA2C6ED1658BB1801C
:10B92000D2FAAD04E78B6BF9A554459B56755521AA
:10B93000DDC1C0AB8FC9166604D359826EB7546699
:10B94000E87770AC67460E17E1DD0F60D669696570
:10B9500029F57684324881EDB7DE7C1F58ABEB07C2
:10B96000B5ECD5D8BE0D0B37218F57FAE98EB5D27D
:10B97000FAE16E76AD61DA3AE54BC5FAA08FD4D123
:10B98000D7453DA2BCEF4A04B38F8ABE69C818A14F
:10B990007A9E78244FFB316C9DD7D721790223C939
:10B9A000CB7F88DE2E23F252D1B93C71E53CBE6AD2
:10B9B000A56A75E7A2C4C5558B554BCEBF39EBAD13
:10B9C000CAB7E835E797A9D1D9E47523DC6C9B5752
:10B9D0005F3BD7883D9E4D3C894ED5915D39C9DF8F
:10B9E000AAFE8BEA26AD2AE020F375653A39BBF64C
:10B9F00045619C6E9B588EDBC5C01C0EF9A5C932F3
:10BA0000CC12447BB3254C30274283A8A1123D6D54
:10BA10007CA82DB3F71695783E6D32BE618EFDFB86
:10BA2000EE45DEDFC4B15D5AAD54739EF3916F3EB7
:10BA300071AE02320BB9F0EF1AD12A614F037509CA
:10BA4000F90ACB4A916F24A0759049460BC38BA38A
:10BA5000B5AA839CE5989FFE1DED49FC8E8E43BEE2
:10BA600013FCD3FADAB0F59B51E723DD4044B8A9C3
:10BA7000E0658D333D7C914F4CBCC3FC995446230B
:10BA8000F28895D75D75E5C445D92B165A450D88C2
:10BA9000ACCAEF9A181E29DD44C17DBF6A427366A5
:10BAA000D88EC8CC891591B04DA9B4BCE709906D6A
:10BAB0005BC0C17537E8CD1C7CEFC6DBF2C96EE90F
:10BAC000A477051719C80FF59485FC6351B3A9A491
:10BAD000358D64667FEB5AA3C5D4713B98832F3BA9
:10BAE0005EC7DE2E38C5C079380F121939A04EEB6B
:10BAF000980E0AE24F9AA0BB10AD98A2D4DC476220
:10BB00002183CA59193526C8B0330CD3D05B6914C8
:10BB1000C73331B22B98670EFE055BFB6126594295
:10BB20009AA348BFB790682A6FCF319DCE93732FE9
:10BB30004C27EB4424B7E9AD013E8052E66092E920
:10BB400094133698F88ED94A60C11BE8A6BC61AA46
:10BB50005223433053C8BA473186685FA5785049AD
:10BB6000F92C1042257BA594EC5D963AE12713F859
:10BB70001202BF5284A77D9662F86A025F3500FF09
:10BB80000081DF48E057281E342A1F4C23F0C504EB
:10BB9000BED8097F1F81DF40E05F11E199075F2672
:10BBA000F01B09FC4627FC4402BF9EC02F11E15543
:10BBB0000F2E27F08504BED0091F42E0CD04FE659C
:10BBC000119E7DF07502FF2E817FD7094FA247F0AD
:10BBD00079043E5D84777B46A67F3D815FEF840FCD
:10BBE00020F00602FF9208AF7E46A63F9FC0E73BCB
:10BBF000E1C713F86C02FF6F11DEFD1999FEB50461
:10BC00007EAD137E1CD61EFC1A02FFBC083FE21953
:10BC100099FE3C02EF94004647E0DF20F0CF8AF027
:10BC2000235F97E9371278A313DE93C0AF22F07336
:10BC300045F851AFCBF4E712F85C27BC07815F49A8
:10BC4000E0FF4F940785CF4A029F4DE0B39DF0A3DC
:10BC500009FC0A02FFA4083FDAE72D6C1F57BF8DCD
:10BC6000EDD7AAB79DF02308FC2B04FE71117ECC02
:10BC7000EB2B09FC5B04FE2D27BC1B815F42E0938C
:10BC80005E27309D6F38FB17836112084F2A1E21F3
:10BC9000379C76217FCBD04D10E71F641DFCC2C7B7
:10BCA000BBB5820E585E338DC1FD9FBD7FAAA845EE
:10BCB0002BF9189E161EDAED8CB6976559E52B8E7A
:10BCC000AE3960CB3796551381367D3AA85A5B64FE
:10BCD000333F82E2063B5875C6A50DA35868B4BB36
:10BCE0008FCA10D3B576DA3743AB9A06A0A9C59DA3
:10BCF00059384A05F35ADCBD50BAAE45B33BA38070
:10BD0000BDB4016EB6D3EA9CF1E609CC5DCC84C427
:10BD1000F91548AB9CE549D4C8E70F65985B904698
:10BD200089E960B6A1E8BDA338F323B64DF6EB551B
:10BD30006B6736AA59586EA72DA959A07F5D5F176A
:10BD4000829A73E5E9AB311D455CCCC5A4EEB3BC6A
:10BD5000F304C57EC297B8FD073C32E07B7620979E
:10BD6000E7918874E4F46D6AD65664BF8931F5387A
:10BD70005E68F448CCE12654A851AE826EA7E27406
:10BD80000F8B1C19F3D7E30DA369405F8C58BB08D8
:10BD900050730C53C6805AD508D05592129EB97D67
:10BDA00074B821DE0D646A46876716A68447B0F32F
:10BDB000811E08A27DFDAF2E46E1C72A802DA1E598
:10BDC000269DE191A3CDE2C744E81C20B0A436D55E
:10BDD00011EB7F0E514D251C28D3877B7A7CDCA884
:10BDE0004E9CDFC0C8D10B5F449C0E027587653E38
:10BDF0007B2416D9449A52BD288BC334A652B04234
:10BE000075068A541DD38E792FF2D26C771B25BD0F
:10BE100083BC9D66F0D37ABB667A86859D06C4FC9A
:10BE200022BBD2921A0C36AFDBC2BECB220C31ED54
:10BE30005BB8DDDB10CFAB08CFD31206787EA6024D
:10BE4000F35C9D682BB15FF7487CAA41E4B9D50E3D
:10BE500030A70E7EA362507D024BFCE7A737FE2B76
:10BE6000030A76D550EC4528C6648CC8FD7747CFC9
:10BE700098A6A04104BB0544AC156786735850953D
:10BE8000475FCC79C450371AD4E629253E76DDA326
:10BE900008D783635466A19BC4C75919C1B719C693
:10BEA0008F65802DDE7113F32AA6541F7E4413BCC8
:10BEB000CD9592F296014A56340C4842B924095560
:10BEC0004E4968B26249480C2ED963E63637C42F12
:10BED000304C57BAD11D213CBECB4977D3ED644DD0
:10BEE000E5C043CDFE599FB604E63D08F2F3D0D934
:10BEF00020E4A95A73302C4FBBBB1840FF1E30748E
:10BF00009C03C2FC5DE752E1533DF41C5315E97FED
:10BF100009C748FF0B24FD4FB3662EFA2EFC22BA48
:10BF2000B3DCADB169D579B919D15776EFA266AF57
:10BF30009EFB4B4309A74E80866EE08CCE1B335090
:10BF40004AC84554A724F97C4121D1076397EDC025
:10BF50004FAA71AB5312762C5BA1EA0C3C5FD57FE4
:10BF6000A2EF64CFA96BA7FF387BE9D70BE7CF2DF2
:10BF7000EC5FDC8756309C7B9163D5937275D8FB60
:10BF8000A9E909E44FB8C6884E5D76856AC2FBFE12
:10BF9000227E69FF5A935CC913FA7F21F42B898FA3
:10BFA0008495FB5E9DD4615DD5F75BAE50991E66AE
:10BFB000B43D9F7D13436EFD998CBFB4853753C448
:10BFC000FE235F3781658964BEF9B79B1B9965AE17
:10BFD00047B21B9AA1F7B986A2E38CEE568996CC9C
:10BFE000986E158A65DEED5620E64DD3EB7DAFD118
:10BFF0001EF139B3173D2A5AC16EFE6E2705C509D9
:10C000001679F0C26B805EEAE3D887978FEF1E4106
:10C010009FCDF53141B074118BAC20C874ABD03AD0
:10C02000BCBF6F4CB11E28AF7FBCAD2B5013AEFD13
:10C0300090062A451E6DA914E5D1F812A07EA682AD
:10C040001E6A446565C43D25A53AA94C0B9BADD03D
:10C05000BB5FA3BDE29F6A08242DBAF5135CA7E07D
:10C0600053B84ED91779B54D97EC18E943DE7F4F99
:10C07000EAFF37DEC9F5F439503AB08F2B94A31993
:10C08000D6A210746FA54A30EC65012C1921C7DDCA
:10C09000D98E7C50D5B297A4BB6D9F7EA3F1492A5F
:10C0A000D5835EC0A86DDE676E7D5A519244C5335C
:10C0B000490F3D268C94F67373C83A584DADE35141
:10C0C000AAE01B0B7BE3365C7C9346F1D51408AFEA
:10C0D0007204EDEF13C19BC0D9BCC57952BC108965
:10C0E000AEB46FE6C91ECA3E6282265AFB67A8DC60
:10C0F0006D1FB8DF98F233E211DAE1956BC21F23AE
:10C100005F5C40D41239385E25ACE7C878631B7891
:10C11000DF8CDE937128EDBCCBFB1355C257327C0C
:10C12000BBA24E0D6A8AD73F86F3982F09FC6F5A3F
:10C13000269C21FBB7D72736778584879379F0092A
:10C1400032EFFC127F71817C11FB7357480081A98B
:10C150003A46F64D8E13FE131870F6F3B4B10BFE8B
:10C160005C3967F5F6D5A3DFF873F19C25DB978C76
:10C170005EFAFB5B496B509C5EE2F7F71F7F589EAF
:10C1800058238C014F8E79A09EF5845EA7C16775F8
:10C19000AC7F4F1F150295A75114363C8FF9809440
:10C1A000FFA368B54BD8037E203E2BE2FCC5F98384
:10C1B000FF22345BF05F667184D2E253A4EC8BDC27
:10C1C000DE6385BE5C4C491127953095F1442BC642
:10C1D0009F4DBDE0DF730395D0EB2C214120FC3A4D
:10C1E0002597004E129F1C0FC927FA30CEEAAB5696
:10C1F00008B2468958F94484F5B36922D6123B78CF
:10C20000606AAB7FD68D9C5058682711A99BEE1FA2
:10C21000759CF844075698D3625D854E1E4A71118D
:10C2200031FF4FE404137EB6101F2253E9E2E60605
:10C23000144741DEA3407B16495779AE267F52FE54
:10C24000E7E67AE38C7530B757B5FF84D8474B7A69
:10C250005599134178DF2A71E4792762751FB00878
:10C260005F8088457D00D9E8DA957D0EB2DFFD93C9
:10C270004733548D50F2DCFBBA17D6676A94A25E3E
:10C28000F78D147BB7A55B9959F8AC26F349E09973
:10C29000F9642C4A7DE6F2A7F84C1010EE220F6DDF
:10C2A0004FF5139F1FF76B9927993F1AD624DFE5A7
:10C2B000A955763B22569AC1E38D7DDD5AA69D9CF9
:10C2C0001E6DFF61FE7722462062528A18C55C749B
:10C2D0001E05F9018B55A2532949ED445F9C427715
:10C2E00057D3C857D9DFE5C47B1C2C5F2045ABC2B0
:10C2F000F9DF52CD0D6C36F5CBFACC42A50B2DED06
:10C30000273D8EF3D20A9F34AB89F63D98F92DD4A0
:10C31000989D6FD2A2A8667CB2B2C8F92E6086EB57
:10C32000B94B912A577CC7450C62AD117D64FFF66D
:10C3300098FA6B51F786FB66F46DC84A29FACBF57B
:10C3400076ED00C5694757F4232C8AE94A05D95F81
:10C350006D5E7D668BB3CCF6C916654020D56C5EEC
:10C3600060310605A27D11ADB250635E97D372FFB6
:10C3700002ADB2187B30C3E51DF4106B7A15EDBD2C
:10C38000C58A6D5318199EA9090AA712E637F8AE97
:10C390003841D626D07A4598D9F63EE34DE4EF6C85
:10C3A00036C4B7FB94FBE9F6A462D90B02DAE3D4F6
:10C3B00007897FF72981388A5EA76FE6B6E776445A
:10C3C0006AAC69546284097B01CFD4A86620EFDF90
:10C3D0008756D9D6B3DEF9797487354DCEEB0A0E80
:10C3E000DF81F22A33E007ECDBF9794CE2405EA60C
:10C3F00066AA9C57C4BEDD55326507DCDCFC96FF9F
:10C4000063A81C3ED4FFAB81B2D6CC1DFACDA1559A
:10C41000E5875FD57C1B83729D79A4AC43AFE57043
:10C42000E5E75FD5681E7AFEABC1D46486C4CA2531
:10C4300096B1AFE5E7F1092E79850972DE7BECCA8A
:10C440004CEFC41DD0BB7EA5FF630803A2663D86EA
:10C4500044D64CE8933B901553B91096A8FE939F91
:10C46000379093A9992BE794A9968B5877C0E296B9
:10C47000E59E8FD11D85697C88A7480D8244F151C6
:10C48000BA82D376A0382822A445F54A7E5E619A06
:10C490009C234A9A9C53AA5ADA5592BE036EEC59D1
:10C4A0003A40876B6D960FF06FB1943FA83E59727A
:10C4B000EE46F6E54CEFD776C0BBEA170E5F9F6CF1
:10C4C00099EACDAA0583EB9327E714AA167409A667
:10C4D0001DD0DAF2D2F0F52994A9DEA44A1B5C1F24
:10C4E00041CE795FF5625749C90EF85ECF8B037470
:10C4F0000C40768556C890E5AAE707E3D82AE758A6
:10C5000055F3BA84EA1D7C2214DAE6214AD6BB50E0
:10C5100022D11CB243A6B954F5CCA0DA1436C839DE
:10C52000E5AAB999DEF53B44BD3D77788E34C990D4
:10C53000C5AAE4C11C392AE708AAA7BB84961DD066
:10C54000D2F2F4F01CF956A679A3EAC9C1B56993F1
:10C55000734A5473BA4A5A77C0A29E390374907BC7
:10C5600002C6423880AB7DA0FE49622F4A18C8CB74
:10C57000D45C18E0EF235D251744FE6E7D0451B4B2
:10C5800016BA50E4853873558424F54FCCCF5B0B35
:10C590009D39853D728E55159FE9DDBB03FAD4C7E1
:10C5A0004BDC8543B81B0C763AEB3F4BE40C1CE0AC
:10C5B0008C4ACE794F159BE9C5EC84DECDB112676C
:10C5C000E050CE68763AEB1F836A3DB83E5E3B9DF5
:10C5D000F21FDD55E2B5136EDC1A3D7C7D0276124A
:10C5E000AA8B543306D72758CE29563D98E91DB259
:10C5F000136AEA1F1CBE3EE132D51FA82207D76787
:10C60000AA9CB3511599E9356527BCAB79F2B038CE
:10C610004262773AFB4FF8601C093B9DFD275CD4D2
:10C62000293B45B9F53B3D69B8DA74053F29D3FC90
:10C630009EEABE41B5D1CC957336ABC244BC3B61DA
:10C640007973D8F01C499321CB54F70CE648BA9C77
:10C65000B3491592E9BD7027D4D5870CCF91E53B3E
:10C660009DFD2768706D5EDBE9EC3F81995E593B6B
:10C67000A15773E0F02D9C2DB761B12A60A8BCF2E0
:10C6800003ED7B5757098FDAF7AEE16B5338D0BE15
:10C69000FE836B5332D0BEE332BD4B51FB8E1BBECB
:10C6A000361503EDEB3DB8365503EDEB9DE9B515B9
:10C6B000B5AFA7E7635628F6C2011CD218B66327A8
:10C6C000D1A49BD9B1645D28E97FE5B64EAED77B96
:10C6D0002A4D5749DD4E58BA55337CBD9A08F57F2F
:10C6E000740EAE5533797FE9F74CEFA362FFA91FB3
:10C6F000397C9DBE25947FDD39B846A7C9FBE3BFD1
:10C70000677AB5A2FEE736BCBCB613B84F877C7F0C
:10C7100081BCFF582CBF13C9AAD769E5F0145C256A
:10C7200090BC88C10A0746E75EC2A99CCB995E3DD2
:10C73000483E80FF6348A70D1D87D33418AEC0263E
:10C740007EEF62112C24EFCD76FF348B5D07FCDB8E
:10C75000FFE7CBF03B7C19EEFA65E8305F82C9C396
:10C760007FA99AECFA25277EE99F569E58BE0E5A5D
:10C77000DAE8FFC171D615D62495624DA33B062099
:10C78000344DAE102CE5DFAE4E20FE0126A188030D
:10C79000D21C2DF9A16D92BD86F74F42D4A2450F50
:10C7A000D09E472CBAB3AE9FEA0892F647F00A7CB7
:10C7B000548D0945BDD6D756C522DF2CA2E5D281BE
:10C7C000F65BE4DD16B4BFB2662EB28326E6BAD4B9
:10C7D000290A5B49B09CED1C6423850139C7CA76E0
:10C7E00018762B017473EF789AEC8FB5BFAE0EE616
:10C7F000B9BD4235F0BF88766CA5F2E730C18F1C19
:10C80000417C386972E14314E911E56CFB106ECA92
:10C810003956F6D72E9D2A0AFAF4FEEA1F4FC6B6FD
:10C8200023AEBCD4C89002FBF3601CDE514E4BEC2F
:10C830006C97CE3B0A7AF79E1D1E47800C59C2FEAC
:10C840003818474894D3D23BDDA50B89829EBDA7FB
:10C8500087C7112E435AD81F06E3982AE794B2A738
:10C86000BA7453A3E0D8DE53C3E3888D725A62DFF3
:10C870000EC69128E714B327BB74895150D37B723D
:10C88000781C4F46392DE51343E44E337700FF897A
:10C890002EDDDC2838BEF7D8F058D206F87F744871
:10C8A0000F19C07FA44BB7300AFAF51E191EC7F244
:10C8B00001FE1F1A8CE3B528A7266CEAD2BD160527
:10C8C0007D7B9B86C7913DC0FF038371E4C9399B83
:10C8D000D87D5DBABC28A8EBDD378083E8D76E57DA
:10C8E000EBA730CA6949ED112DA9019D5B5812E5EE
:10C8F000B4247675959644C1A2D65D9EF164443AFF
:10C90000E23A2255C89085AAFAC138B646392DF1C7
:10C910002FBA4AB746C10F5A3F1F1EC78E28A7A578
:10C92000B563308E3A39A748B5A3ABB42E0A6E6E04
:10C93000DD3E3C8EA628A725F7C9601CCD72CE0728
:10C94000AA9AAED2E628B8A9B566781CDF46394760
:10C950009A6D8371B4CA399B55555DA5AD51B0BC74
:10C96000B56A781CED326499EAA3C1382E44392D9A
:10C97000F9CAAED20B515068AD1C1EC7D528E74886
:10C980005E81DACF154BCF00FEF7BB4A7BA2607108
:10C99000EBFBC36301D14EFE5B0753C2443BF1BFC7
:10C9A000D755CA44C38DADEF0D8F4313EDE47FD946
:10C9B000601C5ED14E4BA4B4ABD42B1A16B6960EA7
:10C9C0008F2320DAC9FF8D837104473BE56F6357DE
:10C9D0006970347CBFB570781CE1D14EFEBF3B1846
:10C9E000C79468A7FCBDDB553A251A5A5BD70F8F51
:10C9F0002336DAC9FFFCC13812A29DF2B7B6AB34B8
:10CA0000211ABED7BA76781C4F463B6752798346C7
:10CA1000E8C29468A77E30760929D1B0ACC738B493
:10CA2000F7B5EC73ED7D6903ED933B989EF481F6C9
:10CA3000C9EE2A4D47ED933D3C3DCB0964F9A15722
:10CA4000DBEFBE35184B964BDEBF6F7695664543E0
:10CA5000632B78B5FD837F86C795ED0ADF371817FE
:10CA6000EF92F781A3AB9427B87EEB1D1E57A12B45
:10CA70007CF750192E71C96DFC5BD42F04DBED6B74
:10CA800077D031AEF07F0DD1322E79B7FF10F50C93
:10CA9000C1F5F01F77D035AEF0BF0FD1362E790F2C
:10CAA0005F12F50DC1F5CEC53BE81C57F8CE215AF3
:10CAB000C725EF9D0E51EF105C8DB63BE81E57F871
:10CAC0007343B48F6BFD7F13F58FCCAF5FEFA08303
:10CAD0005CE17F1EA2855CEB7F56D44332BFCEDE85
:10CAE0004117B9C2B70DC6D5E35AFFD3A23692F9A2
:10CAF000D57A078DF4900BFCF74374924BDE3BDF45
:10CB0000895AE921C2AF6FEFA0995CE14F0ED14D78
:10CB10002E798D5F89DA89E0BAFDE51D34942BFC0E
:10CB2000F1213ACA25EF768BA8A508AE875B3CE3D6
:10CB3000C99CE688EB9C26FC21AC07CA0F8BF0470A
:10CB4000F06E34B766680F98E282F58343A2DE2266
:10CB5000587F3B7807DDE50ADF38447BB9E4FDB652
:10CB60005FD45F04D7DDFBEFA0C35CE1878CFB29BA
:10CB70002E7977EFEE2A4D21B8FE7D87D13FCD1576
:10CB80007EC8F89FEE92F76FD1024827B83EA8BD45
:10CB9000832E7385DF394497B9D6FF335197C9FC8B
:10CBA000BA833590ED0A3FC41EE05DEB2F5A04BCFA
:10CBB000CCAF3B580585AEF0D543EC24D7FA8B9625
:10CBC0004189CCAFAD77D064AEF01F0ED164AEF525
:10CBD000DF226A32995F1577D064AEF0EF0FD1642F
:10CBE000AEF5B78A9A4CE6D7A63B683257F8F221E1
:10CBF0009ACCB5FE82A8C9647E0977D064AEF0C530
:10CC00004325BFD5B53F89A37EABDC9F36DE419778
:10CC1000B9C26F18A2CB5CF58938FA5F20B8DE295B
:10CC2000B8832E73855F374497B9EA13B3A8CB64F2
:10CC3000FD73074B00C4B8C00FB1059898011DD013
:10CC4000285A034C0C34F620FD6370B108F0399576
:10CC500028578B40E382F3E19C213ACD25EFD5DBC9
:10CC6000A24E8BC1F47D76EB0E3ACD15FEE6109DFB
:10CC7000E692F7D90D51A7115C7FF5DDC1FA7285F7
:10CC8000770CB1BF5CF2FEEA113519C1F540CF1D3A
:10CC900034992BFCDF4334994BDE03D7444D467067
:10CCA000BD7AF50E9ACC15FECF219ACCB5FE57442D
:10CCB0004D26F3EBF21D34992BFCA5219ACCB5FE41
:10CCC000765193C9FCEABC83267385EF18DA03B268
:10CCD0005C72BF392FEA32826DCCF93BE83257F8EB
:10CCE000DF86E83297BC31BF8ABA8CE07AE2973BA4
:10CCF000E83257F89F86E83297BC27CE88BA8CE096
:10CD0000DAF0E31D74992BFCE921BACC256FC30F2F
:10CD1000A22E23B8BEF9FE0EBACC15FEBB21BACCAA
:10CD2000B5FEDF88BA4CE6D73777D065AEF05F0D39
:10CD3000D165AEF5FF52D46532BF4EDC4197B9C222
:10CD40001F1BDCCB5B5D7AF91347BB8456D2CB3714
:10CD500034FBC79373DAFDF979A8AFD31DD6F90375
:10CD600033F87697EFBE41EB0003799A4E97BC31CA
:10CD700007BB749D3150D98BE8735D0D70C175D5BB
:10CD800015FEC0605CBDAEF4EDEBD2F5125C1BF697
:10CD9000FAC7233CA2FCEE599382D7D0028237B166
:10CDA0005E28EFD0B3CDC8533FF2318B7683437802
:10CDB00014917A92598895767F4F20FFB6457FA1CE
:10CDC0003BC7D2EF635AE66A93EBBE2BF28C8B7CA7
:10CDD000E5228F8B7B4D2D34F2BB79A084ECEEBE27
:10CDE0008DBE465E77FBA721FFB8088E0F3DA43BA2
:10CDF00068D1FB7603D861077A5F259071371DA251
:10CE0000125E68C031BED1AD4AECD32AB43F1B8656
:10CE100015A3133EC42B6C8FBA19DD7744371DEF71
:10CE2000215EA8029E696E98E941EED56E46BE0865
:10CE30007094CAA72E91F3F825A4CEAFCE3E47EE4C
:10CE400025AFC36FC02BC10406DDA39756EE964EE7
:10CE5000FFC379CE537AD3B4E45F17C839DB62FCE1
:10CE6000A662F12802935040562417310426D88C2C
:10CE7000DFA4BDEC7B49F68570A114F94290BC0893
:10CE800065E0C882AEB71DD13982A72FD61827AD6D
:10CE900053CC601423D3DDE60B5395E8BCD20C2AA7
:10CEA0009150F03AF1BBFA4F76DCB92461BA1457CD
:10CEB0006C06BA6B8B6EDAA628E6270A53D02DD201
:10CEC0000B53FDD441600EE17EECC24D2A4F20F998
:10CED00016AF0CEDCBF5A67D73366A9F55D3C8F718
:10CEE000C9F8C4FE142A818A8F503FAB38594A28AA
:10CEF000FE0F9AB3EA3FC9689853AE0F5703EBCBC6
:10CF00003AB124AD5A1D21ADA5463AEAAD4BA5A7CD
:10CF100008F169B94509DCA45FE18EFA4A74671724
:10CF20009FBAD2F85E38E1F42117BB8C09B28D2D7F
:10CF3000BE85E209B9DE17C4D4F2F763EE303513CB
:10CF4000E6EBBE9762977522DFF161C67B80AA3B54
:10CF5000E48A00245ED740772688F8B16FF78C43C7
:10CF6000917DC559BBF7040EAEB387C3858E91A3DF
:10CF70003868B44F852F3B940C0773ED93B16FD293
:10CF8000A08B3E6916B65D092FDB0398C4FB00F643
:10CF9000BC9EE02B0448AD9CE69F6648CC01BA6974
:10CFA000E8967C866F8C807D574BBEFA231C1DCD86
:10CFB000951E1CF66DFA914DC419EEC5D94AEC3791
:10CFC0007453906763DE9BF0F72589B7FBAADB9962
:10CFD00044A115A0733067897FF7B1B894A6145D9A
:10CFE0000FC07E659FC4BDA73016D73D612CA147F9
:10CFF00043E849DD5F398583263B40F598C8D9DE93
:10D00000B7FF3D40F58551182A3B85F8793B5B0811
:10D01000A5BADD6CF167541863F0284CDD560FCCCF
:10D02000B7B48966CEBF6942CD320E6EB00769D9FA
:10D03000ABACADD8FE27E6CD82D3FE69FDDFF4EBC5
:10D04000A4DA463B7E189F28F420FA2F2C25E5A968
:10D0500008FDB37DD28469E8C629C7A293632C3842
:10D06000576151852BE1BAB691F0AF5E605169947A
:10D07000D0D4465B54014A68687397620B7CA43A2B
:10D08000AADE6651C52AA1B14D6351ED606C256DD4
:10D09000B77CE26C6E6CC7A20A4C633A39811330DC
:10D0A00047E41CA2614FF557988309473105CDB776
:10D0B000300515333107131660CA8F9CC09C6CAFC6
:10D0C000D5A44D3F44E488C658997E5CF3265F0D95
:10D0D000E1F2857F487DFA08FF664AA57DC8EE1B10
:10D0E00088FD8CEAA7CF67AFFFD220E56D152B8AAC
:10D0F000F5CE112BD48A3CB62D71DCE4598953D37B
:10D100001C8788BCF4EE11142D2C50DBB52CA0F537
:10D11000D976E04138D89C4AE8FF9BD03FE5D94614
:10D1200082AFD10A8F7FDFAF9321B7A660C8E0AB93
:10D1300012EEE98E7D84C6C93B1B8548253A3F72B5
:10D14000B5D6740420AEDBEE52B5E33A367791D310
:10D150003533246A0F54EFD2AABC00AE2DF3770802
:10D16000EF5187F914BFCB3FADE837D2C2518E7A69
:10D17000B9D48427A6EF97A595FF0C53C05C947093
:10D18000ED62BFC014A485619E338F635E076C3E61
:10D19000BEDF9A6613D82BFDA9A47F7C2E716D0388
:10D1A000DBB1622FCF49EF263AAAB2EA9056E339B3
:10D1B000F8412FD02BBFA3EF737B2A11DDFB95E83D
:10D1C00005E79763BF6FB4F7EADC7BDC6674E8952C
:10D1D000144DDAEB5660C67752FC577C8734C76231
:10D1E000299D06708F6F714C153CE1FBAC2E14F13C
:10D1F000DDEEBD4760B85D6D9FFC74B14D8E213989
:10D2000055D43CB7245FA1E86B248196BC8585C5C5
:10D210002FA1FB50116C2BC06F126BEB052BDCD2D6
:10D22000824A2920A7CD584FAAF3B3A90EFFFE1BAF
:10D230005488D721CC93E67B751724795B2A844BDD
:10D24000E7AB32FA532AD3264951A32FFC824B6A0B
:10D250005AD89F32894777C9D01D32F93E997C97B9
:10D26000ACC63C291FDDE2D894AF04E49EB05493D1
:10D27000D0FFA253A4E8E421BAA39AEB49C5E7146E
:10D28000F28FEA46A2C8ED9FAC0E0795C89F021E1A
:10D29000819ABD8EE72438FD27751942D7B9E57C00
:10D2A000730AF97EC0F90675B37F16FA9D2B249197
:10D2B000DA67BF002F1B4160C65E537E6CAD80FDF8
:10D2C0001DF46D88E9084C571F57848C04398995E3
:10D2D000E4EBB4AFB44AA57266E3EE73D18BD51C10
:10D2E0007CC541DFF70AC365A5C0A50DF44C8F9C32
:10D2F000603F9E05C88BC96412411AACF16DBEEF48
:10D30000B17BC8B9F8806BE88ECFEA14C40F3452F1
:10D31000AF4E19B853876ABD85A3DBE1EFD563270C
:10D320001BDD991979BA3680EEC97C3FA3C47F26EC
:10D33000BA2573CFCBA40685B20F0174034E91A01A
:10D340006430B7B37FBDD0807B0B976D856B52AED9
:10D35000FD665D75EEB75CE1BBC6CCE53323AF354A
:10D36000DCF372BECC83DFD15963E8D523B695E6F2
:10D37000604AA3C04A7A31BD308E4ECF41713DF133
:10D3800038BD7F51E3C0371576F48DCDADE7A633B8
:10D3900032CD2AC9F3E81AE4D35B8A4E7315F1B291
:10D3A000E26D3A3D1CC8389A9ACB5D70A4D9241C12
:10D3B000AA9EEBD14B490C99E53117099E37D25DF6
:10D3C000209BDA2548AAA757842470D12B63AE602E
:10D3D000D8EA37573448BE73F08DBB9F56A734EF59
:10D3E000E71348548DEFD10943D90F02B213E6B5C4
:10D3F000D7983F374E35CFC83F905FD03CC938995A
:10D40000DFC29033D523E75FCA4A1E1CDB47BE91BB
:10D41000EFF41980F5CF61E43360C58FD8A328F706
:10D420006219E413D58981023E23C97AC29236F08B
:10D43000D99416FF9EBE9CD0BA2F6DA56D37428839
:10D440006CB5FF4BFF6032A58F0EA2F4E1F18A307C
:10D450006239B597871991EF4E2D6B5AAABEE40F2A
:10D460004BBE2CCEE44F585795D8A1D708DA1F1AD7
:10D47000EACC34FFA5A296A521A3A0E5888298BA9C
:10D48000101EC513A40D2132AF0C0F352E4ABEBF9E
:10D490007175F2F8C6A7F324FB416A09F0AC57FF97
:10D4A000B2E4510DE3570CF4B33937714F9B2AF6B0
:10D4B0003210894E03F289F0DDD6B19F4A915BFEAE
:10D4C000683627C282D6B10589AB93A1D0AA41FEA6
:10D4D0000C035E3144A9549BD42380E419CEBB27AE
:10D4E00017FB6D55FDE7F3D2B52FE1C8D0898F2B1F
:10D4F00076AB407D7E4839048C8FA5D497E6374EB5
:10D5000053014DFFD4D5DE70D5696FF89B1A98D7BB
:10D51000C18DACF78CBC4A7E4607A1EF89C00CD107
:10D520003AF1D4EF5A49655F29BB4ACEB146AA3DCC
:10D53000A98E07A6F5F9AFF9870A5A7124300FEBC7
:10D5400016E62FAC5BF8102CEDED135624CB275FBD
:10D55000D5D2C9D707A6A9FDB3FEA14220D3AB24DB
:10D56000FAE832D1477AA28FEE226793DF95EFDB9C
:10D5700013DFB3E9074A225F89FECFFAF9E149F2E6
:10D580003D4EF073981126887A3A3C1FA0F84F431D
:10D59000BD769C5F128CE36E61BBFA93E38D445FB2
:10D5A00049AD1A9A86F4D57D496B21B92B99FB7840
:10D5B000A3453782CEB1E823FB00FC450D0C0DEEF0
:10D5C000A04AC80C8D0D2FBB9C89E252AD0AA5CB99
:10D5D000FE22F2F5A815AE5F99F31734AAE90616F4
:10D5E00064434B1F6D5D896EF2E50AFF6AB0BE7938
:10D5F000A10D69AFBE541BE8B91566FC633FCA694B
:10D60000DDBF3AB9797F567279E3B26473E30B2BCD
:10D61000E674CFBD227B5779FA2AF265E3BFBAC61A
:10D62000BC3DBFC0AE7B438A2393AE1D719515965A
:10D6300020CF078FA62822DDC1F40E1EFB930D73A9
:10D6400044E7C40757EC7BD5FAE6B59F72851AE329
:10D65000EAD630D20AC1DF618E06DF223A477D2743
:10D660000F378A89461584F732F72D75FAB66B1D88
:10D670007FDCA253D33D865FC5D1047A75D316C62D
:10D6800008E4DCD8EFA9AF23DF82D6304ABFEF0C25
:10D69000783E4DBFA38F8E7E5DBFAB0F4C702F6861
:10D6A000887EFD99B4A4BC1C14E50B6BD24335C62F
:10D6B000F4D630934565A492086DE92D98B67407A9
:10D6C000A6ADE976498381638082F342FE0E283F4E
:10D6D0001D4B9DD9A0E0A60045423038B3C1CF8B89
:10D6E000072F1450C1C87346C8951AE34C26F02A78
:10D6F0008AA2AAEA7EBA7D92F17333B9CB74D34F72
:10D70000CD000BBB9C86BDA1AC9637122F2C4D379C
:10D71000F63241949F3B03987898B647A9E58F90DD
:10D720009C803EF4C55EF36C0A2E98AED0F2F1E414
:10D730007D850345D9D1F24A9AFCEE4531C62222B5
:10D740003F1267674323AF32F13DD249E91AE30440
:10D7500046F62FEB97CF00D5CD3957B6E74F26B415
:10D7600065FF8D30EE65E3292A011E7257C1768E62
:10D77000DD6B0EA5E0953EE540B9015751AC701147
:10D78000E2DC34467C4B11FAFFA4820F72F0EF6AA0
:10D790003A4A1D86BE7F6936A295D0D67E857C63C7
:10D7A0000FA5F04C696E4948C9FF461BC267A03DF2
:10D7B0001874029AF0EB9265D54A70F0F2261C7F3D
:10D7C0001CF7A58B0DECE86FD13D1B8BA9ED4F78B5
:10D7D000B783D632321DB19DE83DCF3D9B026FD954
:10D7E000C5D633CAF475A0F7CDE8FD753B3DE07FA3
:10D7F000B681FDFB01511F7BBC9062F376DC12F118
:10D80000108A9BCE218AD353FA7E423DC6D262BF94
:10D810003D3FC57641B889A24B1F6F9892B2C6C5ED
:10D820007F20E17F378C6394039454FC82683E88A8
:10D830004A7408F400E6809FFD54E2FB81C82ABFC9
:10D84000507F3423BFFD402CC9E3F96303B43D95F9
:10D85000D2DA989B9D9BED3F930FF53F989BCD733C
:10D86000E8BF1479ACDE74DB27AB811B49891C58F7
:10D87000BB5D349361771B30730350222FB906666A
:10D8800039A555358D2E49B4E858FA3BC376E4499D
:10D8900091467E490B2F33A136EFB65B32E6228EDE
:10D8A0004F24BE9F3DD1C9693DDF360EF99E56B467
:10D8B000857A6833584A5F6ED7A05B087A759B52A9
:10D8C000D19621BED3D1FA4D764D6E36F1191DE2B7
:10D8D000D088BD1D41B839E869E29786D40C0F8B1A
:10D8E0005D84F2730C40E91DA30914E3F0C450A158
:10D8F0001EE83491DE1741E11233C02CDD4C4BD6CB
:10D9000026F45F6FB1037D39ABD1D7B0628EC935D4
:10D91000A758CCD924E654B20158CB65F459E1BEDE
:10D920008C9C2F9155992B54A63109B27F37E2B7C1
:10D93000DB511627DAC31A076DE6D01D960FDD1DE1
:10D94000A7294EEB06909F427CCFEAF4A86D53ECDA
:10D950005BCE0FE46FC64F8CE30734B740B064DD95
:10D96000F87BE2CFA375FA257502DCB855A90F50F4
:10D9700051F526145B0896F6CA25A81DDF120C4A3D
:10D98000C7A9C1184CDFAD68A00B298E7A2487CBBC
:10D99000495CD6B8391196B682221B5DE873685986
:10D9A000630EF74223ED65496DA6A6790504C4947C
:10D9B0001852D3354775CD1674764CAFED11798575
:10D9C000FC1F6F377DCE43CF4E40178AF5E460A130
:10D9D000DD4DEBCD20CF6DBA4480B81B2388FCD53C
:10D9E000581C6CECEE2FF179F8D0EB5A9F8520A6ED
:10D9F000CC70CF310A16B9290DF7B82960811BAD5B
:10DA000078C68DDA7B5D7C16D073A846FBBA0FB062
:10DA1000F9BBDD1AA7FA5C285B55FEFE0FC4637ADA
:10DA2000F5792B94AC08B5C28D3648D811451EA89F
:10DA3000F5F6FF854B27F7B47EB1E81602D1C6DEB6
:10DA4000D642C1B16E2AC5365601478B25FEC85253
:10DA500051AFFB28A08F9B52B1CB44EFCD53CDFCEF
:10DA6000E1274471837740C0815243DB428DB68CFD
:10DA700053C047DD007A46EB537D9BA4552A4BAF3C
:10DA8000868C67671115261AAA14609C6AB2F0E4A6
:10DA900073C83320CE33FD6885D6570B0E232998E3
:10DAA0009457C3632FA3C117914450C16BBC50DC82
:10DAB000242417C8FF84A093FC373D52C6FD783854
:10DAC000375B9247AE01A05376628B039C6B4AFC96
:10DAD00031AEACC55782907A466D75A7947ED880DA
:10DAE000D32DECA0D4D0663F0FBB7AC0769324E749
:10DAF000418E0ECC7953FBCF8F7A7050B00329E65C
:10DB00004425BB2B37BB679397F4C68C7BC73D8EF0
:10DB1000FADC6C9DB712F9CB79B8807BFE90078751
:10DB2000BF6DF959AF51013DA5023F7EA91FA992D2
:10DB300038A568F106B86EE967F5E10CF04BE580B1
:10DB400096D301669DCF09241BFA323B98C0E92B7E
:10DB500058A0378B7F9F887F5FB074D96F7A938886
:10DB6000A95C85780BB62448AD67E905D8D6857FD2
:10DB700023EFE361C67F31C8F738B679B7235B3747
:10DB80007F2ED1C66985682CD232F29893B6214A8D
:10DB90002D8E392673EC8A147850A9AA357500F1B8
:10DBA000E98A5D6919A7A62D67DD69D87943093B24
:10DBB000CCCA4DAC3BF03329C15E9568AF5CE9A49B
:10DBC000CB3F10352288124717A26FF391BE15671D
:10DBD0003E7F8652B57C3988502553A3DE8DE067A1
:10DBE00053F8BC5EC5FDC3C5732FE2606F35BA97AD
:10DBF000D40B50FF9DA91353ADEAE82F16E62A83F4
:10DC0000E7CDFC4C15B10F9BFA7338EA389692D0E9
:10DC1000FF5AE164A64640FD155B58ECC791593E9A
:10DC2000D03A6B945DC4761461EB0CC0D890DF954C
:10DC3000E521BA66C94E9920636BBFDE3F0DCD8EDC
:10DC4000B5AAECB1B5A6167A8F605D557E58BF5D5A
:10DC5000453BF5CD8756F86056C1003E3F82AFD5B3
:10DC6000C2B4FB137CFE4E7C5DC599F582FFE5C115
:10DC7000AB91689C26727DC0B05D9CAD8A36331531
:10DC8000F2394F3D4271BA12695DF45BAD225BE33C
:10DC90003507D29DAABD6D7F027EDDC7DF6C37C11F
:10DCA000952D6093A9E7B6347FCF333D93AFAA2972
:10DCB000356CCB13A96879163D2B3ECB03507DB74D
:10DCC00042FF9137559B97416F79847A84BC558C7C
:10DCD00001CC3DFD0F5AF254B4ADCCED56AD2983C5
:10DCE000AE11F41FB11ECC234C6851B0CDBFA50FAF
:10DCF000CD2DE10837654E5088998AD7BD27C5E3F9
:10DD0000396671CFD694CC86EB8CF409B1FC62B045
:10DD100089EDBB8DE33EA52A4E09866A93C6FC4D6C
:10DD20001D1AF5A4D84701F69DCEE7B44E26C86368
:10DD3000A24D1BD9FFBF2D1C9DC527AC8DD341B46F
:10DD40002269B3A13117C77C307E1AD2E1915863A2
:10DD5000445E8C5457300F03F6F771FED27A38CFF9
:10DD6000599B5CFDCB93780FF9561890B5D946DADC
:10DD70008326ED71C0C2148E27EDA12073899FFC0C
:10DD80005F2E5CE275A838CE2716967582B519E22B
:10DD90000C14B753BDFFCBE758FF8BB2778D2271C0
:10DDA000B46D6D74F59FCF246C522A01890CF05626
:10DDB000AEA7108AF4087BBD2FFB40B135F6F8659D
:10DDC000445BE6936046E69301332C2C506B577608
:10DDD0008F917CE53BD05959F6FE4AA16C49A68645
:10DDE0008D2A7B3553A38B2ACBCCD4844695ADCAE0
:10DDF000D44C8B2A7B3353C34595BD93A9498DDA07
:10DE00000533351951BB323235ABA27689F0A6A85D
:10DE10005D22BC10B54B84AF8EDA25C23744ED12BB
:10DE2000E15BA27689F06D513F8AF0F6A81F457834
:10DE30004794156616B2331A424180A81FDC88BD8C
:10DE400021C50C95E7BAF26DBAA72FD698757D005B
:10DE5000C59939ACFB07203F352D7CBCC51DD08A48
:10DE600020335813497BAECE9E53AC08332A2198F9
:10DE7000A7789AB467FBFB3546EAB8FC2B4DD00770
:10DE8000253333D536DDBDFD8A8FD40AAD1AD09047
:10DE90000A52C8AD0FAC97D6E704E51C734A43B1EC
:10DEA0007EDB44059284109E5E5DB9D275161D9D81
:10DEB000B5F6DFBAAE5B6875FA3C995D4C74AC257B
:10DEC000FD2DBF865F0B7536940B5F32A42600F8DC
:10DED0003EAB51A40603E8C76A64EFD506D17AD7F2
:10DEE000B2ED633E374E32C202D14264AF8E81063C
:10DEF000BB328773F55C8D7D05722BCBA0CF3B1EAB
:10DF0000E2982C8E29EF94B7E40A6BA648DADB5C22
:10DF10006D44AD48EC0EA37F3BCF1D6F50A4A6838C
:10DF20001CEEF1DB44BF67633FD7ECDB525A25A6FA
:10DF30002C5A8F651F93D2ED6C92483F7ABADF91CD
:10DF4000D49F20C17CC4BEAD0B96D64EBF453223B4
:10DF50007E7B524A6B48BA8DA45524FD88A4952433
:10DF6000AD20E9FBEC5752BA4E4C11DE3DECEBCE46
:10DF7000B45D5A9F7A3247B43090EE13479E5429CD
:10DF800036D04ADF73C88AC0DCB34D2DC0EFEF75C1
:10DF9000FCA72E41C7487A2616E7E9A760DEB4AC95
:10DFA000B0C6797039A1B6971D937576B4B294C195
:10DFB000600F2C83F597146D4FFAC2FE8A354E8D93
:10DFC000BED8641FD9CFC1F53D68DC431CB8CF3142
:10DFD00083C4697F66EB562108ADB67634FE188B94
:10DFE000EA606899D634315E50A1B5E0CE078B6304
:10DFF000A7A5CE8AD3B2A953E0FB9DE30C477F00CF
:10E00000884A05C72D850BDBC6295A3AC0FE44292C
:10E0100096C218F867A70FF10B31C587F3384C1774
:10E020006AD9701A6EB087C0650EB7519CD8E28964
:10E03000E213FDC7611ED7F43EC70289475FB00BEC
:10E04000A5743BBBA00453071C932D6C2C2D3D8F56
:10E050007184ABE3732A678BD6BA7DE422CEB6D146
:10E060007E93E7247F449FF4A6E1FECB4D23FE89F7
:10E070005E2AE27034C990F9C867AA3EB837CD3A33
:10E080000BAD9C2AB869B5E3E37342C55172B47510
:10E09000962F7A5AE318FB478596CDA645890C83BF
:10E0A000AF8AF319F649DA66B1F792767B9EC8C754
:10E0B000F384DA60C73C83E908A00FD147600BAB5B
:10E0C000D982DF0639E66DDEA6652B68B8CE1E2D37
:10E0D000CA352DD2F7B7F4E5A7EC5C29AD639F9163
:10E0E000D2CFD8B9D6788FF84B874BB639EB9F4C47
:10E0F000EA3F97D43FD9D026CE47459BDBAFDC041F
:10E1000022165D02A8443F5F35B5E9593535C70C85
:10E110008FB14082FC78DAFF79C54FA940F8A0653D
:10E120009A02B79AFD23AD43077C6DC1F1B2BF548B
:10E13000D3C3A2750E4BECA3E2ADF16B2291CE23BB
:10E140006D3F6E02675B6AFA55E8443A79E1797788
:10E15000E5D4629F58148BE33E807A8322A1E78343
:10E160005C61512BA6BFFAB14A0E5E9C46E1BE151A
:10E17000FA2813FF78A3447F8823697CFC0B0D8663
:10E18000969554703CBFEEBBDBB8D4D007AD502C95
:10E1900031E3BBB670F0988CEFBD5C41109F0CCDA5
:10E1A00029EFFD2BA1D6B4951ECBE94290D595F76A
:10E1B000DE9A699BE69AA8CF057D761BD83497A591
:10E1C0003E14D30F73ECE2B309285273803EA70DBF
:10E1D000C4E4A15F7E3A1348D95099886628C52DBA
:10E1E0007E3FE6519B4EAB287DAEF84D6E1BE6CCD4
:10E1F0008196D82D72FF8A2D6F34B42DA0508BC913
:10E200003C257E64275921E2EE2C5F6B86F659B5DA
:10E2100022E7CB014A530A73450B7E26181F8FBE97
:10E22000413E16CF6C18CB210AFD52590AD1AC578A
:10E230009D5E2F88E987B99DEB916CE9EF76E41B31
:10E24000443A07E015A95B800461E8CC9720348E3E
:10E250007CD2E6818EA9786CE2D64ABFA73AA6EEB8
:10E26000C4D2FC596F648904A365B92952EF2BE825
:10E2700005C8F788F4BCBE17F8C789FDF84AA84D51
:10E280004A5FEE3BBF753FF1BB35999765311CD7AF
:10E29000C1CBB813C55EA571491946DD44F1EDEC5B
:10E2A000BE5C3F5F334577EC11CA38223139C8ABC9
:10E2B00024BA918D7FB33903CFD3B2515DD06FDAD9
:10E2C00017CD6445ABEB59351DA1EEA3114F379D1A
:10E2D00016EB2AF2B3F6D2193115E5F38C9A223AED
:10E2E0002A242AFF126D85A7CCB03714CBCCBED020
:10E2F0006024C74CBCD86F64F90DF51265121A384A
:10E30000CA239E7CE729EAFB4C98CFFA88B32A9F60
:10E310000E9F53794979F7017106914105C30DAC00
:10E32000B754C3871D81F0CD048CB5BA3A10D73FDE
:10E33000543FAA16F79F6913FA1B142D4A4A10ED91
:10E3400079C351EF95F526665D70BC6D2CFB2D23CE
:10E35000C58CD4EB3BEFC21ACA7E59FA3DADF3AE81
:10E36000A24EE9DB0AF62EAFBDB3395B66DBCF52B6
:10E3700049F7B4F9FBC65FDAE9D4D5E3FEC5E9BCD9
:10E3800024F978A5567581D6E924DFE2AF48DF5637
:10E39000B2E3A474C7404A1F413319434BC312C1AF
:10E3A0000B497DC21234C750249E5EACF311D34793
:10E3B0005E5E3C55F0E414222799F84DCF88BCF4FA
:10E3C00045BCF4A5645E46E59FA11522CF442EA668
:10E3D000B292C6D53FC069BDE2CBE2A102F10CCB3F
:10E3E0008989F2813EAB820FF38FC0BB3D19BF72AA
:10E3F00086426B64119742293FEF3CB1EDD462DB5A
:10E400001E17DB2FD71BB55DCEC608F5193A1C9C2D
:10E41000E069C10BC727DA1B3A464A6BAB478B7DD5
:10E42000DCC1515249618E91070F90F845A3CED4BB
:10E430008F8A27FACB5D4AF70FA4CBEAA571B58A7C
:10E440003D4DF48D1B1A6DA0D54E9336755B1B4761
:10E4500005133F086F21EB82E839A5946E6395AEF2
:10E460001167C576DF287F19CAAC8F2338946B619A
:10E470000EF1C4D9B43EAB1196B201641E54B0A6DD
:10E48000A1008F17C18E93C44F329028D86407988B
:10E4900043D552AFD97AD82D6E6BA388BFCCEE8FFF
:10E4A000DF87DE46EFB7B48C8C5BD448CAB9297DD0
:10E4B000592C53C0F65B450851F27CC888A9771CDB
:10E4C00023BE092F8E6F946895463B51368E12FFFE
:10E4D0006E97A637F25C4F03C3493DF6BF9D472EAA
:10E4E000B421B9B71D646F11EF091D671A71F9F6F0
:10E4F0001ECF3873022CA9A7093DBD9E713921E5B5
:10E50000A27DF554237AB275B65DE7319EEADE2628
:10E51000B388130A9D0436A34B134785AC3E8BFE8C
:10E5200043470BC0364EC3814FA53D20FD676DFBB1
:10E53000EE6F909E6AECFBA4F2DBD8ECDD8D66CE2C
:10E540002C97FD877F1C8F62446E6CD3084AE99E2E
:10E55000FE9E1FE30B12A1B64DAABB68FB5C91D2D5
:10E560005D2E298BE7CFBE8D0997898FEFCB3EB10A
:10E57000D6782A145EB6D33EB1E51F48BC78C0F108
:10E5800045713C8F7B54357B918C7F03A9441FFBE5
:10E59000794E1D5D788EF09D6BB5C2B24CC8B0BD92
:10E5A000FEB1C4CF79E7C897D01C66BB20205FD3EB
:10E5B000BB7B3A342F89E392D4FBB2A6D242593CBA
:10E5C0009AB5C2950E401766D54A123BC1713E30CE
:10E5D0007D642CC1FF09F64B58DD9E137CAED676C8
:10E5E00097E32691DF5F89DC3AD32D75FE71A39006
:10E5F0007564B5DF509B6D8039BDA681F0F827FFAB
:10E600003833E25149DB68AC315AAA9FE70A12F766
:10E61000986D1BDAAEB4121E1C39EBCFF9C44A3C1C
:10E620007073F2E07EC747624D240FF3C847921A19
:10E6300058DF847962DD9311A717FCB83E4D138B28
:10E64000EB5237910A11C79A6A33B0AD65AFF8C77C
:10E6500096A5D14750BDF70812FD0F397E405F5394
:10E6600009D655395FAE4F0B271C4821DF0472F0E5
:10E670003F0EDC5E95F65358EF549F2276AED52DB3
:10E6800076FE4EBA706B231973BE6D1625C8566898
:10E690003F46DAF724695767BA66A7BF6459FEB2E6
:10E6A0009FF49B2F898C58DBDCA45A0539CA886DEE
:10E6B0007D028FB3EC89FE0444919649F747DA5006
:10E6C000FF003B4E4AEF27E9BD249D48D2509206F9
:10E6D00093544F520F928E66717FBA9F2DC4FD8A5C
:10E6E0002D24727384B45F13B6A4DB37BD7080B47D
:10E6F0009B60DF23B69B92D983DBC854F00C671B69
:10E70000EB38307F6F916CB31D78F5EA67DFD18508
:10E71000444F1F2075D887E7A816470F98C4977FE6
:10E7200053C47DCE631DEBD843FAF26C792DD3CC64
:10E73000B53660D86009B680CB492076FA2EE27FE4
:10E74000255186E5455862FBD5933E80D32D6C3D1F
:10E7500091CD5C29FD98CDA53CC8A8AD67EBF13CF7
:10E7600036A99DF4A16CC22F15E1978AF00BA7136F
:10E7700048FA00AB24FC56127EE3D497A42A314514
:10E78000F8A7B03BE41416F5B8EBC41EAF884FCE23
:10E790004696B3A1A5E51D3F4F237861BD4EFCA56C
:10E7A000E052DFC16FED6F633B46A746A79F3E1E59
:10E7B000A50851537CA2960501D0F334402B5D9BF4
:10E7C0007816C0E50D9174A12C05CC4DDC3A20D70C
:10E7D0002042339C05411777220B46E9A752027865
:10E7E000B54583DB41D4ADA5E2580FCB0F5309B932
:10E7F00082F3249D34172EB8A0EB0688BED7097D7E
:10E80000AB06D1B78AD0F71A8FD671E373B8DD8D16
:10E810004C286F40B38F3355E57FA135BA1DB186C3
:10E82000365524C345E95AC41A486B9885BD91FFF3
:10E83000DA42174ED8A2389DA159B34ACB3ADE59D5
:10E84000B1419B8156E1EC1AF46EF5AA35BA8137D5
:10E8500054E2531FCB581FAAC458C345AC2183B1FF
:10E860001689F65A0D5DC8D728DA423568755C847A
:10E870006F9456C98B10D650B1248415FDA2122F67
:10E88000546ABDBC416D6815B0B4E880CE24B607AB
:10E89000EB78EF002FCA80496AF33291ABE1D2DD09
:10E8A000DCCD9D65D2BB7B1D38F534E1D48BA4A3B0
:10E8B000D9D241E91416BF0F654BD59C84E18B4E2C
:10E8C0009CA37494A2F55551223486B9A11ED75643
:10E8D000F5EB0E791FDCF8C77BE8BFDEB74D7A8B0E
:10E8E0009EF7FFCF1B4B6F6FBFEBBB9E0D68B780D2
:10E8F000E7605C953883DCCBF5D2E339F87F78D7D5
:10E90000814FD4B36DA0C04071965E1DB0195457AD
:10E9100036328F6F40FB0AFA1CBB4A6794E2649B55
:10E92000A263CBBF41542952ABD7A1389A88AB7AA6
:10E930009368E1A64E03FA8DBD2AD170115BB6DA59
:10E940002CEA29C17E313C565A199E1B1A89EE10B9
:10E95000B748A739441A3C1C9191B138DEDECE137A
:10E96000022F7ED19A60D23AB2C0749B4EACB922CB
:10E9700071A169CD546D56EF98D51C5C5C4D6B4B05
:10E9800038694D3E4C98E5ADD7B09A991BF59A166B
:10E990008D622EABF1F3AE07B3BC077E7F57A0D7D5
:10E9A000346850644D44F71E01B5A922F123A53601
:10E9B0008355A21614C7DF719D74F8636ACEE6DB37
:10E9C000D98E729985625EACD4D6E2AFA7A4766682
:10E9D000121F4C7E399E4F10BE954E5144486BC657
:10E9E000894A255AF71D243B965EF0CB6E6D891738
:10E9F0008868D82AAD204BE7C6DEED5C30234FB4E3
:10EA00001ED07355E7028B0A68D0093C7DF10F0BCD
:10EA1000A4771FF4BE24A585BDF8B759857F57910B
:10EA20009427E93E926E57A59913250C7B7F489356
:10EA3000DEACEB4C9324C20F4944860796064BA7E5
:10EA400037D0FBB539DF886DFFCF30EFFAE5778A35
:10EA500067323CAEBDD6EF5DDBABA25CDFF50FF3FA
:10EA6000EEDC6BBCAAB6534549B224BE13F968DB91
:10EA70000AD4DCDE16FB9D25C8A43A3456F594244E
:10EA800041E23C50854F211E79621F92A055488279
:10EA90004CFFF73F1264112568159220D353A2044E
:10EAA0006DB21FD84124881D2C411A47E4174482B7
:10EAB0003E3E216421090A7E624B3392A18936DDF4
:10EAC0006B4886429E58C3C1252D4EE95933559255
:10EAD0009FB192FC8C45F2C20DC80FF92DCACFD858
:10EAE000060D82DEC822E9C9D0288E22E9D1B949B3
:10EAF0003A46FC8D34C36A797F0DF1E1EE4E7A0718
:10EB00009227EFCE7AA4839027465DF6531B6408C4
:10EB1000F44E9DC1B0A26421F8C45DC917E37388A7
:10EB20006481D192641D4592953758B28A7BC1FEAB
:10EB30002F045689CEF87D3ED303F150D5A12F6620
:10EB400001DAE3431EAC987568F64C3CB48F9262D0
:10EB5000D762FFD823B1AFE49628699F07405601DA
:10EB60002AD3B4CCD5313329DA80CFEC4AE3E0AAFA
:10EB700029A0E01B042BCE7392F0372671C66F7D5F
:10EB800013F90E2BC267E12638922AD3B62490F8E7
:10EB9000C7DC4C4A679322A7417C128CE5921F2D5B
:10EBA000E76069AF5BF273FECFC1EE5EA5CF2A8945
:10EBB000F70B4366EFCD6B8B9D2CA05FFA073B13E1
:10EBC000717BB309F52698D906F6982AD324FC7AE6
:10EBD000073E35B9854D14717F8FD6C83E94E97FC5
:10EBE00040A6059FAB6467C929A14DEF8895A8DFB2
:10EBF000C9C6483ACAC482A2C681FA05B6A31A9603
:10EC0000E01A36B23330D68C30B41AE952C300471A
:10EC1000B4B37ED3499454A98E3025CC885B296047
:10EC2000043977F4E0B78F6E4E8C3141AFD3EEC725
:10EC30009EB33E07C78B3373092B1B2CAD711E4649
:10EC4000F1F1645A74A8DC0836D203EB814F3A2301
:10EC5000B56CB6525F6E07331BE18A1E25821335F1
:10EC600083F8A60D8C7C4E92F93636626FDED6D8CC
:10EC70007A1EED47A39119F3A621524A3F6327FF5D
:10EC80003FDADE04208A236B00AE9EAB19BCD05164
:10EC9000D140929691732341C023A02C083323C402
:10ECA00083A848A249009B01895C7248D8C40D30F2
:10ECB00097834131038E0A6E085935F2ED6655A2ED
:10ECC0006CD4082651A2498C66A3E4D824E8804479
:10ECD000A31113107555FE57D5D503986BFFEFFBA5
:10ECE0007FB45E4F57BD7AF5EAD5AB5747D7E159A8
:10ECF0002419C76C8AA87EAD99E4EA2D3690E662A5
:10ED00004A5F20B43B0A9236A420CEAF4B2ABFA65E
:10ED1000B3EB920E49CB08ABFC18C5F7EE7B8450E1
:10ED2000686403C4DC1FF3A7F7DD68F63750BBF750
:10ED30001F21DFBBFCAA9226E98E98F86D17F1BC63
:10ED40009E10DF0FC737B4A6FBA8FAA01F1383DB02
:10ED500086BF7AF3A3D96483762C9AA2E3F9B61816
:10ED60002C0168EB27DBCFE1D9A9E3075DD9E9F6F0
:10ED700009D17876CA9D9591FB41E7452BB507CD22
:10ED8000FCDA039135D516A6E6AC298A6F9347DEE7
:10ED9000C537E03C80B9922698B89A4413BA3B43F1
:10EDA000B5999546BD3251C7A7B746086BF15AFFD2
:10EDB0006973F741E2A9D5AAC2DE51FC44F92CC21D
:10EDC000559BEE41DEC6CEA27A341CF751F8F56CA5
:10EDD000982B944E40C7E0F29126B63E003C2FC3DC
:10EDE000252379174BCE299F07A4BAB1A85AC78FFC
:10EDF000E99398D225EFDA2C4533C7E8608470BBDD
:10EE00006B897B9F14F2D5FA3CA154D2853066857C
:10EE1000CE31A1EFB2405337CEAA738CEEBB3C2467
:10EE2000DE8F5D8B04DE2CAAD70C303EDDD0150FB3
:10EE300023B58D6DF1262DBFB98DB456AF5BBA10D9
:10EE4000EE4591397441AF18E07D155FC106969B80
:10EE5000700ECBECA54D4248577F6D34BF890D2411
:10EE6000F97E50FE8840BB75046F671FA167A5DF60
:10EE700085B8E930EE0D5817570E399F4863E27B8D
:10EE8000FA80A6810DA88A73355B35B8EF76753F99
:10EE9000ADFFB7C9BD5A7E84EA18B950C66DE92ED8
:10EEA0007C2DEB43EBCF0D12DBC8FAE0D8DB3567E6
:10EEB0009A807F5B1BAD07961E126A6227DB35D8EE
:10EEC00022EF908D7DDCD5FC5AA95CB3BA99DFD6D0
:10EED000EA25F86AA4AF95F206B917E5E73A89B3CF
:10EEE0009EE530AE5253D16CD04D46D55A68195874
:10EEF0002C6935D3B7023F415F529E8C76306D1D31
:10EF000020B707DA90E365F602BEF35B8AC745C90E
:10EF100053F68FD63A54AD171C9BD80B76ECF746B8
:10EF2000DBB313DFC1BFA0DE3EFB79748556AA991F
:10EF30008C1C92B676FB0D082DDDF9EC262D3FB624
:10EF40004DE250CABF19A7237EFFB8B80C971F8C9B
:10EF5000E1BF9BC04FE01DC3D97FBFFCB8C47EF4A6
:10EF6000D038AD637CEBBF85B0F48B13F8C2EB24D3
:10EF7000855D6D4F7AA63BACEC9765F6C24643E2E1
:10EF80006428F918B0DE8E4AF64B416E6C2FB460DF
:10EF900013FB3E17B86713C33A225A621B85B7AEFC
:10EFA000254BA2476B057DB1FCC86F3B2E332C056A
:10EFB0000A4B63D0990D8E57159F31BE56ADC3A332
:10EFC000EDB3BBEB4D584B5C377DE2A8EAFA4C68D9
:10EFD000195BBB1B67740BF6C5BDEF07FF3A529375
:10EFE0005F69FB81EAFBD5880EABEEA966E0BAE665
:10EFF000F869BB16629CF3B9E2A8569C263447B761
:10F000009DB6DDE863A007587E43B6FD9463EBC56B
:10F010005394DBCB1E785D56A2250AC7B199B597EC
:10F02000F82759192E856DEC9B7643AB2F33BDC362
:10F0300099AE47DFC5D5CD580AC04D6C0D3E4BBAD1
:10F04000CB1DBDD324E427BD530869D23A2EC34853
:10F0500015E3DBD88E8AA66DACD06AECFAE4A05D2D
:10F06000D34CEBDF85D1D7041E2F9EF7B028905CE0
:10F07000CB2B5A25AF1DB76A79A66D38AD8D817D32
:10F08000ED84CA61F61B5C4FB0A5C375F5CCDB7788
:10F09000D7DFEA17CAB8EB8F9F45431DBCD97687E7
:10F0A000948DA12B52523911C29578FFC16D9AC22D
:10F0B00057AABE1BA312DA8418ADB33E88AED63968
:10F0C0001EEEBD59039DED9A364B147F969540DF99
:10F0D0009FB58D4F478D96B3D02F6B4563D8A681D2
:10F0E000B52078ADCDE83EB7B547C475A80FB011CF
:10F0F000F65704ABAB6C45C2FA0BB26EC776C32DA4
:10F10000E5C8DDF5AFFD64D0C5403F88FDE783620B
:10F110007EFF35AE4FD080D6D02530F675BCD4D624
:10F120002D84749D613E31691DEE6DDD77D73BFE08
:10F13000C2BE45F2B1910D2E3D427251DDF5969061
:10F140000BF32738178E11EC3E27DF5F51BEDDD35E
:10F15000D19B76BC626130D7B837F18EB0060478A7
:10F16000A7F99079D3B5FC5D07701ED44A16BDA2ED
:10F17000C0BD9EE910279DC48192BF2BAC98C1B140
:10F18000D271BE5CF0EFA36F615DC779787D649F3B
:10F19000DFFCC3823467F847749874F2463CCFCDE5
:10F1A0007BF4A172931FBD4BA3E54BC708F9858C77
:10F1B000B7F0F8116CE4858110EE8BAF61F437F590
:10F1C0009D313AB96FD8BBF3DF129E270E63DE473D
:10F1D000EB3E264FB9EEEA5B64450694B7015A0D43
:10F1E0002F3DFF2F56B155D00BAFBE96D1E72595D9
:10F1F000121DD5E023FC4F5D28A2A53E5D22B4B9C7
:10F20000876F909252FFAD4B7836B0439E10E3303B
:10F210009FDF07BD11DA861E16DABD12E3DF0F6F1E
:10F2200017FB3F07CB349D7B3C8BB7B6927B7D654C
:10F23000C24D9A64FD8B600FEBB7F0F24FF0AE3326
:10F24000DCCA1E317AE69BDEF3D70518F9B19D685A
:10F250001A58D6DA642F9370232D5EF923DC072C1D
:10F26000AE502B2B19716C428AFCC3D28FABA236E5
:10F270009D54A356046FEC84F3B5517767D41E2DCB
:10F280002B19F0292B093609AB4CA4B7F07766E1AE
:10F290000BA1B0A67AC19565ED01E56F96EF334EEF
:10F2A0003792AFC3CB4E4B4A7535661699D810735B
:10F2B0000FF4836FF467DDE63F334BC6D5DA8A7C03
:10F2C00011C6D9FA1E40A9ADC882C82F897C7DA974
:10F2D0006E5C57BD75E21B4CCCF5E638F3C0CD85AE
:10F2E0009137EE3EE6981BD4EF65E117CB10A3AB48
:10F2F000615934B1F690D51EC9BC3180D5FE934911
:10F3000006BD5814BE7E2BCABA516FE4E7544ABCFE
:10F310004C24065977122ED733F7AFE91E9C4AFBCF
:10F32000B5BBA1D79B26AEDED9836F4D3968C4E744
:10F33000910658DFB4CEB1947EB05BC3DB0FB8F05A
:10F34000090A9710454BE4EB2C238BBDA05220A952
:10F350009A3D2A53C9CECB546B74487EFCA846A56F
:10F36000E8E9E76B0E083B79AA3F77B1294AE4AF99
:10F370008FFAEC5EB0117A5952FC6BEDD8EA9677B1
:10F380003EB1ADF1453B4EA914A725A74C7126B05F
:10F39000C9F43E93BAAEB274AFF4BB33BCCCD8FF61
:10F3A0008899FA5EC2E76A796F5714EF2CB8988192
:10F3B000CFD52A8DD9DFAC925D9779CFF530ACBC33
:10F3C000D358784E1292704EC2E7FF136DAB5E3B7E
:10F3D000B6C62497AAD15BC8A13F7723C0FC71139E
:10F3E00070A370547E7E13B8612B9A6D902AE6A4A8
:10F3F0003466EDD894E689ABF1A9ABC23D315FB676
:10F400003F7BE7B9EEEC2BE63BE73AF07D3178EF56
:10F410000594E87A268689B50D8B97F8CFB77F0CCF
:10F42000BDA88AAB4D865619DADEC59BF1AA6525C3
:10F43000D953E3651A7CF6D7CF6F5AE1B7154D91D2
:10F44000B68E45ABDB6C96B18897144DC17C94CEDB
:10F45000E3C7B581064F46A6797807904D1124C1C0
:10F460003E26D676651E3A62C4E7E14B212D9EED1D
:10F4700093E15A4D7ECBFB64CCBC1D5ACC8387856F
:10F48000BDAB5AD3378AEF3F2E51B1412C3E6F5E50
:10F490003A7D18B2B9AE4793FC475FC836A7592EDC
:10F4A00098C95E0F61DDE959FF5AEB1B2699EDCA39
:10F4B0002348DF849F2FA3C2A6F0911552932C7C82
:10F4C000782B53D8A4622315BC19AF2AA854F0F6A0
:10F4D0002E89D447A066738101C5BA0B16B96EB7E1
:10F4E00076805EC9D7FEB5A3FD4DB2A5EBEFEE87E2
:10F4F000FE1BCB6FEFA2D86E0A8CCDE88E6AA56991
:10F50000C3D02DA05B22C72BC568A8EC63F0896728
:10F51000F1B785A1F8BBB5479BC1D6909C90BBA124
:10F52000CE91F550A1032B9D5B3E1063E09C8AA910
:10F530000CF014F9997FED24FFFD401FC9795B970A
:10F5400064804A5AD00095E4F7454EB220BD16C5F6
:10F5500097E5C0BBAB014A08FB43EA2E35AC12A9C4
:10F560008A8B85F70794120FAB05DAD3C908F38DA0
:10F5700053C65F37ACB2C19C0F92F34729EF78585E
:10F580007568E97A4C1DE4B2AD0B0DC63DAA3DD3BA
:10F590004C24B299FACB3A716938659CD02CA6A25A
:10F5A0005A0FDA52D3F52BE9941CF3AFFDD288B58C
:10F5B000C2C606291C9E7D170DBB5C112EF320844C
:10F5C000B1D4B2EBE8751923AE7BDEAF5A5F8E7013
:10F5D000897D59BE9794D7247F1E6CFA60BE12486D
:10F5E00049618E1C96AE7BBF5CEADC11FFDAD54D1B
:10F5F000478CD8DA0CF8B6FF8F7CB2BEE9C1D501D2
:10F600001DD3EF04BE1B3A611EC2FB2E0FB61FE9CD
:10F6100078F7BBE357C49B7D934FD4E77AA708776D
:10F62000FA283A028DFC9F0FC86C89694855A0B82A
:10F63000B38155ADB9216DB09756C8DFDDC2AF4D6E
:10F640000819770C1557E05BD1F9D54D12FFCED7CD
:10F65000589B497E07EF376A54BC85547DF23B21A5
:10F66000C60391E31CA51FAFE371CB166E698ABC7C
:10F670009BD8D8D685D6568CBE1A58E56512C76079
:10F68000AFB1D2FD967EA613C73FDF24EC44AA3368
:10F690000454DD6AC6B7421A12E5C8E4AB76EB45FE
:10F6A000652547D35596BEFE7FF8F42A54E7144CDF
:10F6B000F186C6DE8B88571C4063A3F0BDE81F3778
:10F6C00097953CB5DAABDB3D94EC7B9C8F57C97BBF
:10F6D000992097DF1DB9F26EF7F19EC03BFBDA0F60
:10F6E000D095862DFF099DE063C6BB72A6539FBAD5
:10F6F000B79DEBBF6F096B025BD63CB51ADF502993
:10F70000C413A9E0FB000EAF9A3921EC8A156CCF27
:10F71000F60F033AE87DD55A2AFF1B17D2BCD20652
:10F72000F6FB706F0518050C4D8CB8CB4B58418F0C
:10F73000EF1D1AC4EF9CDFE4B7FB67FCBE89B1691B
:10F74000E95EC5F47C4C1752F5294357F8E115637F
:10F75000BB8F067608BB7B5002BEC19BB4E04FD482
:10F76000EB853569FA1134853E31AC65E1C03A3933
:10F77000611F1F3359DE4EF707C58FA058C9F34BE1
:10F7800035028563C3D7364FB76EBF20AC7B4B1BAA
:10F79000E97E1CD7E78B513679BB82AE7B1B455384
:10F7A0005DD5602CD5313A9376BF669F35C00C2964
:10F7B0000AF71EC48BFB8F4A54F4BE5B81DF2C1505
:10F7C0002B776BB07C16CD976FC6A33D89C3A3EF93
:10F7D0009ED457E3E678D8DE83579FD2583A917784
:10F7E0001473D224A4D9A9A416E7B2181639079F16
:10F7F000F76ED5957AF3A65E57FEA32619F4F18D20
:10F80000BD0A513A5CB48859F747513A26964AB82E
:10F81000530C6B9F4DF3C90AF94C0BB4C923650215
:10F82000F60EC5A4667CF754AF6C13F4477B6F37B4
:10F83000E11DA36FB0C8BF8EFCAAC7774AA0A0ED98
:10F8400006D3FAFC4A36089F803E9A4A8043B6CDDA
:10F850004A6C0D5FC1FB469CE7AA4F20F1FECAA28D
:10F86000F34DE4D74E16AD6D7E66F5B31DF670BC54
:10F8700013E67FE486A661E8FE7BA0C515885AA53D
:10F88000C0A1D6C726AF1C49F3A3A4B958240D378D
:10F89000250796AB9472AE517E48D260DD579E1A12
:10F8A000CBE99799E36024ECDF49A5192C967649BA
:10F8B000E05268A968792BA8067EE694D72383EFE7
:10F8C000251EBCAFA66C6C696588AC3C12DFA52D0B
:10F8D0003D604D0E91A54A438CC6483EF37D64932E
:10F8E0003F801A4DC724380F21F213A8CC1E7B3657
:10F8F000446E45CF3497EAECC7C8BED96393B421B0
:10F900006C2F32685914626942521D8BF8CE8B639A
:10F9100079BE6DAC8975D85AEFE13DE478FFF80403
:10F92000CDD174E853AAFA64D2B4F7916C6EBD4994
:10F93000ED87FB56B46447D4C8E548F64160075FDD
:10F94000F296826AC364316F2D9C8FD959DEEFCA5B
:10F95000EB68B89733FCA1E131516934FC1DAA0F63
:10F96000EF3BF5C193D10CEC309E90093AA5E8939A
:10F9700050F93DE494DF03C333E55A8186A699CA62
:10F98000AFA5B07972AA15C6993D22BE8713DF7D57
:10F9900078A692E21F3B42F1DF71CA7B9C1534DEF0
:10F9A00051DD7353C476EAFF58218EBC855AF48327
:10F9B0006248F218834E962217D664BBF424EF6D8A
:10F9C000C27D743C0F48F3AB72D6FF51345D07B56E
:10F9D00060079C721C297EFF5331CC9606937A6691
:10F9E000691AF434D3028C2E2EEA59A3D328379106
:10F9F000E0A72CD5A8E4CCB392D33475E5D3D8379F
:10FA00006DAB0360CA7017A71DFAC9732EBEFB7DCC
:10FA10007A875CC36F68A372287115E580D8097373
:10FA2000EB210D595ABDC9FD2CB1576F527BF537EB
:10FA300027BF324663082A4D978632E9C0D74ABCB1
:10FA40004B15EF1F14770FE23B1F1BCACD574EB665
:10FA50002FBAE9FE3EC2F3709EA5318CA6FA71E57D
:10FA6000BCEDF3DC3F24EB4EFFB129D633C634D9CD
:10FA7000A7FC50DB6D645A5FFA89F43119926B0C64
:10FA8000BE4AC49B8B18BECA2255734A1425733CC8
:10FA90001876F7E7BBEBF01D8FB8E5DCFA1EBFD98F
:10FAA000CE604CB9E64C332DADBB626EB8DB066F51
:10FAB00025F2312F137B08754E39DC6434094DC2B1
:10FAC000AC6C8051C416E3D5DD18BE92EA1F5D11FF
:10FAD000D25EEBD4BF9EED3ACF16B12D15463E8ACD
:10FAE0003BE2EA6EE963264583D1262F19238594EC
:10FAF000671C4712FB74723F4E4B0DDBDBEF6164FA
:10FB000091B086BA49229D61EEAF5AB1A5E780BD9A
:10FB1000B6A8F4FB52D12EEDDDAE7BEA8DA6A5F39F
:10FB20009001C221DE5BD3EDFCDA3E175A3ADD4E7E
:10FB30007DBDB267E5CB94474DB4FD04C2776752F3
:10FB40003BC1BDE2D49FCBF6931052DEE0A2C26B64
:10FB50007CFF2AAEF18DABF28BE15D340C9D9FFFF3
:10FB6000523D39467E54E9A80CEB07AEA52A198C04
:10FB7000D95C4C74263FF973B59F55F29AAEB6E541
:10FB8000E7ABB9E3E86D2EED8F159E699A8E38C309
:10FB90002EAD1BFE666011BF19D4DF70A3FAD8E149
:10FBA000945FBB93EF30CAAFC5C9EFB7CAFBCAA415
:10FBB000BDDD599FBE16CBE4D863B47E1AF0EC3895
:10FBC00003F5C3FD3D3C4F1FFD15DEA9877B107873
:10FBD0009FDEA276E1A688D4370C5026B5C9D2DDC7
:10FBE0004A04967A33B6D43E9C60A97776429B1934
:10FBF000E05E4DF49CA3F5F2A687EC563FBEB70736
:10FC0000FA7E6342641D9280F27A2823BE82755385
:10FC1000999452412A25FF62AED276690C6D7FDB42
:10FC2000A15DFA4302F4A1BA478D7243A836B9DE4A
:10FC30006E687597DAFA58D98E0F69F9392D78C937
:10FC4000E9DA64C3345726CE5C6FAF2AA2F21849B2
:10FC50006F1B59E394C729E07B87521AA58DA89A98
:10FC60005000A32B99412B939E146FC1ED5ADD29AF
:10FC7000F0E0E34AF3F3B94D1EF4889CD603EE633B
:10FC8000A7FD3AF1F3D43A5DE829CF39CEF6BA555B
:10FC9000484DF38BA971ED8FD11C6BA5426AC7CF7C
:10FCA00080F41E39B19FC63EEEB40FEF56D1D4A6F4
:10FCB000031D6A1FE9DD4DC92B076E09973CC76814
:10FCC000342942D9199AEFDFE3886BD6C0BE15BC40
:10FCD000829DF6DBD6E3F29C906CD8A1440F8AE5B6
:10FCE0004939DA791CF2EF4BCB534AF9FAAAC6D854
:10FCF000DB8FDB459B6BC918DC2E36421FA3EA2540
:10FD0000DEA2985059C4CB14130CBB4E482BB4013F
:10FD1000E5FC77372694B95F37D0723D73C02EFD6E
:10FD20001F0BE237E8C77928FFD32F9948CE7771A8
:10FD30007D4ABAD4EE59C4AB6E8C55C9FD1957F93A
:10FD4000826A5A4FF6891AA1BD4EE5F30E68845FA8
:10FD500045B3677294F248158CA6882EBC43752172
:10FD6000B2D129AF7F7812792D339F73968EE9AA8D
:10FD7000AB92968FB30F19F977CFE4055BA5DE56EA
:10FD800074649BB4A95C424AE8B82B68C797B48CEA
:10FD9000DA8F3D4335427149E0C1BCDF26EFF6BB47
:10FDA0004BCB08396D78C91B3F4FF35817D5BF05AA
:10FDB0004EFDDBE999AC1AE78F16540F4DD145A3E0
:10FDC00071A6597764C45511DB693FEB05DA54AF6E
:10FDD000BFA1AB59E63AF5B1EE359D9ABB8DB0E4C3
:10FDE00061ACF1E62DC92FEDB1DFAAF33CDAD934CD
:10FDF000F8DE7A777FBCF62976D5E442BC7EA9246A
:10FE0000D2599F1DB4FCEB6C72EE615AFE0E2AB5FE
:10FE100043D8E60DD466A8CB2FED78AFC14AEDCB21
:10FE200036A77DB14BA72B9161BF92B1B13279C496
:10FE300066AAB747E8FABA594EFB552585B43D7313
:10FE4000C2AAD48765F86B4F87FA2D99243419AF6D
:10FE5000F70E61DBF0CEA18E015DD6D05D18C25DDC
:10FE60004682268B3B3E3D0B67E846E179F8C9F8B0
:10FE70000634DC72F077DBA8A54FDE24CAB2BD627F
:10FE8000C0D2EFE8102CFDEE5D74BD6088B33CD7A6
:10FE90000B96DEB5E1572CBD7062CA0BA2A57F6A36
:10FEA000A8A5174EA429FE2D4B2F9DAC44F42EDCA3
:10FEB000AFF46786CA949EC7FB442D1F5165D08D51
:10FEC00095BEB67EEB7BDB757AE89B273433A3F1D6
:10FED00099577815125788676D02AC139EE4C7F7DF
:10FEE000B9CA22AB752AB94CCA57416F8CE8ECF1FC
:10FEF00063B4FFBC01EC4AAC508AF2562A85BF08B5
:10FF00003CA217C55A76F1201D0FACB7C9DDE24EF1
:10FF100034BB3C89473AA55AA576A7681FABA79E74
:10FF2000B7EF21D27911E4447EA1E29DB457AD6FC1
:10FF3000A1F5EB61312CB2C8E5496166149FBEE5BD
:10FF4000AE26A726ADC4B3A356D0D65B483C95EBEE
:10FF500099D5F5EDB8EF6FEEC0A3003C0278B6631B
:10FF600032C99BDD9FDC611D25DD2D43B59FDB4044
:10FF70003AB82DA9518098415A8D6C8F447A4089A6
:10FF800002CA4B35FBEC5B5E625A5F2E6A9CB60779
:10FF9000958D57B9948C297DA5D1AC90D272B6BA03
:10FFA000BF074FA9BA423512494C0BECDF49916D9E
:10FFB000DD0787DDAF49916AD4C2774D0B2BE6D8B8
:10FFC000FF055230187CF66DBEBBCC53E301E3F461
:10FFD0009A61C0823B63530D6319D7613E35EAC90C
:10FFE0001F327B4F84B0AC34D82E7DDC5DAA7A61A1
:10FFF000988C1F316C64A9AFCA5E84B476B517AB18
:020000042023B7
:10000000504F66157C4F9E94B623FBDC0F6099FA27
:100010003C6F93C73F40DB89B7A8953297B37FB158
:10002000ABEB129928B96382FE266F92BB89E51F5C
:10003000C29A914127B47557BFA7D2D48B726D492C
:10004000C1B9C616E1B3276DAE32F9525AB7347B47
:10005000A9BD61454C2E49DAA44478AEC9B03B46EF
:10006000DA284F64BCECD238562A0DB748A440DFDA
:1000700070502673EF90E235A27F5315B392A8F526
:10008000B682BE5138376155CFC7AB8A6F8DC2F388
:1000900081D47EBF29E4252DC726470F8E6BE6D974
:1000A0005B08D3D9B2C6E1F67DCFE74F86D7DC43F4
:1000B0007F6143D2D399CF3F0FB1DC446A2F5F56A3
:1000C000EDC72A6EDBD56FF531539BCB26E2FBAC37
:1000D000BD4CF8A66EBAB369973A2855AE0E5D22AC
:1000E00057CF0C95ABB918561D30999DFCEF5F1E8C
:1000F0008989FBC985BAC1725BF800E3B40F49DD99
:100100006FB2F483BE284AC678F6D6460AFB0E1BA9
:100110002DD87288FD05D387545B9F18472553322D
:100120005FECFD741AE9AAE79F9CF27D7CF84A9582
:10013000C92815BE1544FED34477CD0973FA024E83
:10014000F2BC1114BB7DAEB31F5546E57FCD297FB0
:10015000DD6BBA334D4FADC637417FDABEECE6B347
:100160003D2BBAD3AE987BEABB4F752CBD531A33E7
:10017000C3359771FF37C41DFEF216D33CF7FF401D
:10018000490CFB7E9DFBDB7847D9A565D58FE3B392
:100190005E545572095369838EFFA776C3DBACC4E6
:1001A00070D082547D2746C6B6AAFAAC2EFEADB5F5
:1001B000ABAA3FB1D943D197F89487AD89D2C00E8D
:1001C000AA2F73440E5B22EAF5E7CC0BCCE23D1478
:1001D0005CA793BFD9025DF53F59142C13BEBAA793
:1001E000AF5B54E519DD78EE1632956F3D397655E3
:1001F000A3FD0E599163528CFD7E6C6EEF46CFEEDF
:1002000014D6E176E59E90A67A4F226392396A0B66
:100210007AEFBF95BAFE05C98B1732F5748F219519
:10022000FF6362CA25D3DCF7937699A1EDC15762CB
:10023000487B883846C3B37801467ABE9DA7783795
:1002400037F791540323E3ABB8AF4ACFC77B007AAB
:10025000AC3F91151D27E817A954B9EC1258CAC034
:100260008EFAF488EFDE4DFFC78CDE91115756E809
:10027000E5448F7EC9D785DC155E5602366616EFDB
:10028000D2FB24FFE12E1F1B1B19C68FEC9DC7BF9D
:10029000B76BAC8DE54278796F2EDFB2CBD5C65601
:1002A00006F3AEBD99FCC95D321B1B1FCC0FEB7D65
:1002B0000EF025363628981FD5BB12709E03EB151D
:1002C000CC2B7A57468D0E30DBF793F3CAD4D44E3D
:1002D0003A6F19AF3B6A6373837909C4F87A575A46
:1002E0007EA52918A77F3A18D25909F4908DDD13FD
:1002F000CC0FEF4DE3DB70E83112DA2DF8E87AD35A
:100300002085105E899F6E218E077B6FE6578E0BCE
:10031000C1187B4270BAFCBB98B7E4105E06D88463
:10032000566408F099CA9FDB959A5F9940304B0458
:100330001F6D6F2AE42804720DCFBA10877B6F4FB0
:100340007EE50E82D18D534815E29F0EE111FCFE31
:100350006AD78AFCCA4E12EA1606A161FC091C8AF9
:10036000C21C1EBDDDF995F2301CC285811C66825F
:100370003CC21C6ED8771AF14D0EE799DE08FE8359
:100380005D2E402D0CB80C13B82C09032E670AA95A
:100390002487014FD381CBE9F9958524569DE0A3AD
:1003A000ED9D0E790B032EE1D912E618DB7B196463
:1003B0004230DCC2818FE942FCEE30E0723A7019C3
:1003C0000ABC84E3D0A070E2F3786F28C8209C1F99
:1003D000819FF1E110FF22C88160748743694E1745
:1003E00078A90B871442055A25E1908B60FECB5DFE
:1003F000C1F8C6098CD922F8C4F506430EC2A1245F
:10040000E0D91EEE78A8B71DDF9F40529B05290456
:100410000BF1DD6641BE82F96F7791BB047068BC59
:10042000E0B3B03708723A0BA401F1736741FC7F67
:10043000E3F3F049E945002F61FC47BBDCA04C66C3
:10044000C3EF50D02690179A0D290781C68196B523
:10045000CC821C050969D4CDE2D9DE40FED35D8192
:10046000F87C784CA17D904F2FF189C47402057CF3
:100470006E36A41AC8FF7BD723F8946F522A82CF16
:10048000BCDE478097D9A0EFF02C990DF2F90C9FB4
:10049000454D4A33024A205090CFE9D920EB47A876
:1004A00076CE063E1E015907E053988924059FC762
:1004B0007B0380E30890043CDD22207FA7F009C184
:1004C00024B5084821806A6404687A007F1AC74FFF
:1004D00020A125824F248E57190135039E7538FEC1
:1004E000497C666B5989295D65E9DAC3A3CE407EF4
:1004F000CE2E579525710F2FEF0CE0E33067DD11FD
:10050000A0517E545771DA3EFCE7BB7CA05C683C8E
:10051000DF3DBCB2D3878FDD855B8F3D90BFE3A00D
:10052000217BCA4A5496197BF8519D936D16DD1EA6
:10053000C7C4DEF7F18D80C08BC50EE9008D8F76C4
:100540002153BACD52B407A84FE6CFEC9A0C52D93A
:1005500023506CC2A94FE6233B27AB2CAD7B780917
:10056000A6D1B607EA4F4B7EE55942B9682FA6CC13
:10057000C7007F16DFBDC09397488FDDCB4BE1ED01
:100580009B5D1C4866AF404FB7176878F1F33B3965
:10059000C8198EC9D92CE97B1D0FF71EC4F77861E5
:1005A0009E9AF6024F4E1AF6BDC013073C018D1DF0
:1005B0009446DB5EE089039E804617A60734FAF670
:1005C000827D3800DA0038905A1886DE046A084CBA
:1005D00020504FA089C06A027710B89FC0B304763C
:1005E00012D84BE0B8704287C069046A08D4135827
:1005F00048A089C01D04EE27F018816709EC25503A
:100600003E8B5023701A811A021308D4136822B04B
:100610009AC01D041E23F02C819D04CA67133A045E
:100620007A13A8213081403D8185045613B883C0D8
:10063000FD049E25B093C05E02E511840E81D308AF
:10064000D410A827B090401381D504EE27F018816C
:100650006709EC1528EC2114084C20504F602181CB
:10066000D504EE20703F81C708EC24B097403929AB
:10067000356F02A711A8213081C042024D045613E4
:10068000B89FC063049E25B093407930A140A086F6
:10069000C00402F5041612584DE00E02F7137896C6
:1006A000C04E027B099487107E089C46A086403D80
:1006B0008185049A08AC26703F81C7083C4B606F67
:1006C000C8FFAFED6C83D0B3E81C09EDACB00AE510
:1006D000F121EDAC77C96FB5B3DE2DBFD7CE7ABBB4
:1006E000FDB7EDAC77FCEFB5B3DE75BFD5CE7AB70D
:1006F000FF5A3BEB8D7EA99DF50EFADFB4B3DEB950
:10070000BFD7CE7AB7FC563BEB8D7EAF9DF58EFF03
:100710006FDB59EFCADF6B67BDDB7FAB9DF5E67E14
:10072000AF9DF5CEFDBFB6B3DE7BEE6F67BDBB7F81
:10073000AB9DF50EFABD76D6BBE4BF6D67BD5B7EA3
:10074000AF9DF576FBAD76D63BFEF7DA59EFBAFFF3
:100750005D3BEBDDFEEBEDAC37FAA576D63BF2B7B1
:10076000DB59EF92DF6F67BD4FFFF7EDACB7DBEF03
:10077000B7B3DEC9BFDDCE7AD7FD7E3BEBDD8DEDB5
:10078000ADB71B6E25BD390223098C273099C012E5
:10079000022B09AC23700F81A7096C27B09B40B7CF
:1007A000704287C0200223094C263097C01202EB0A
:1007B00008DC43600B81A709EC2610CD22D4080C7D
:1007C000223092C0780293092C21B092C03A025B89
:1007D000083C4D603B816836A1432047602481F18D
:1007E000042613984B6025817504EE21F03481EDC9
:1007F0000476138822081D0283088C243099C05C7B
:10080000024B08AC24700F812D049E26B05BA0B073
:10081000875020309EC064027309AC24B08EC03D66
:1008200004B610D84E60378188941A4760108191C1
:1008300004C613984B6009819504EE21B085C0D39E
:1008400004B613888209050223098C273099C05CFD
:10085000022B09AC23700F81A7096C27B09B4014B1
:1008600042F8213088C048029309CC25B084C04AA0
:1008700002F710D842E06902BB01FEE4EB1664FA0D
:10088000C443D1FB1F5BE18D519D5AFED20124D799
:10089000848F3B862E6DC4A7E7969578B0BDB7C808
:1008A0002AAF9EE3087F518550F74E746BE3C74D26
:1008B00078A548ED0BBD6D785D242B7148A4F72415
:1008C000068F441353E36E62BED8A84A3421BCEFAE
:1008D0002EAA149FF488D7930F3EE3F1BFC5C3DF60
:1008E000BF7DAE08E7400618F1ADF4C269EC2DB14A
:1008F00001D6072F91530185F72F0F1943A3BCB7DA
:10090000D3EF8EB7E79E56C9DF47F4AECC2F447FB6
:10091000746BEEFB78AE38CE34305B8CCFE6C4EB34
:100920000AC455067876F17CE23EABE7BBA3B57806
:1009300055A540A3A47DE279EFD8ED6FB844D51852
:100940005D9187513CCDB1FDA7B389F84C2F75DD82
:100950002D7262135E753949E758D576A7CCDD7DD7
:10096000179E2FF1DD73CB20EE51906BF1E9F2353C
:10097000B2B19433EEAB84B3F84C4C1FE3DD9FC2AD
:10098000154BA2C87A4821BD2F62BF183179F516E0
:10099000759D15E1F92EE0F867335EA309358A7F6E
:1009A0006ECA1997A8BD9369FE2FD70CC3E78CC5F3
:1009B00031F406CF0F18EF7774E1C61AE4B8BAEB3A
:1009C000E6769DE376D1ADEDEBBEF86CF4E48C26D3
:1009D000712D299E2B57DC09B0061A2B62BDE33618
:1009E000C5E4A27A93786E33F703E3CD0F9FC60474
:1009F000C7F0E3350CAF93A1842593EA1CA3AAEFBB
:100A0000ACBDEFBC5EE1144AC595C0E3FC39395A70
:100A10009D702119CF9ED8FAA6A1DEFFE422F14CE9
:100A20004AC6BB42E718D37B2F5873ACE9F7B093A3
:100A30002F32DE2627F6B4D55E97E2CE9FEBF9E69D
:100A4000CA85EFB2EF28AEFA749EBAF3E9CD2FBB98
:100A50002F765C6E0FB0EEAB38B0FE6079C4CBE29F
:100A600099A001463E568E1A9CF9A8BB1E60B4B1EF
:100A70005614D18E4FC0C4A75F467C279E60197163
:100A8000C5C69E40111D363696B10D574A22BAF999
:100A9000C7658364807EE213E568FE127E9BEB18D7
:100AA00026CEDA20D1D3326C543D2097A896B94A8D
:100AB000BCB6C56DE38DAEC3A5DE719477F4A9BA5B
:100AC000AE019FA92A94D1F106231F2787F0725403
:100AD0004A4BAAFD130F28292F4A2BF9CD434A3D33
:100AE00053635122FE86DDB5861D0671237A84B0DC
:100AF000BABFCD49C73AEE5121435033C69656D6B8
:100B000017F16E9D0AFE28EB2229A4F11BC829A229
:100B10003FED92A489B716EC8692CBFD1F45F830C5
:100B20007D14A6C7F7EE626C6387494A2B55D54AF8
:100B300009B329AEBAA1AAC1C26FB44B0CC759A45C
:100B4000B2B8A3DDA70E5A8E353BC6BBF6F837AF59
:100B500048E7C7744AF8D3AC247C5877248E9F3674
:100B6000C0CFEBF5458CB7E3F9DEDB03326A690FE2
:100B7000303A34F22B03122FF932C0A8DFAFAE2B7C
:100B800047D7F75B5F2DFEC2B1ED3F779E35FF6023
:100B9000B24712BD8C5A7D9D970D476AEE65743938
:100BA000392E7591A921D535E362B1F64F3BFFA4EB
:100BB00078E1E22A6DE6CE4C45D685B52352B025C4
:100BC0007811615BA0E869104F0CFD36C038E20473
:100BD00039435590EF36ACE5FCC55D927DBABDEC6E
:100BE000F6F515EFCD8DA45CBCCD786FD7F1B77657
:100BF000A1289978BA2BAEFB53651F3717AEF63A8A
:100C00007FAAE7D36E45E7CE3B276F9EBBF2E57721
:100C1000DF745C684FBBF3DCCD6CB0386F5A83A9CE
:100C200005A86BE0A3E4136CAE3266A9589E368F1C
:100C3000E150CB260E97DC5DAE1A1683C8C91C3175
:100C4000B6AF8649F08C3A7FDE225D26DEA05B8956
:100C5000776D3516153351E3787D2F6A6427336736
:100C6000BF3FBFC419BE4138173086314DA6F6AC20
:100C7000C2A33606E133578FEA2E18F91FBB460E82
:100C8000D83AF472C0A91F1FBF60F2323D6BA6A50F
:100C90005CC18F91BB1526F091AE23C5FB2AEA5E9D
:100CA00005DD1F2EA6D0B20E9F9ACA04004EF6494B
:100CB00057C978E6957ABC765228853FE469F0D921
:100CC000A9EA865B546F4B76AAEB774BC4B5D9750E
:100CD0003BE00D6C7F6CDD96740FF35814A5B42DBA
:100CE000B5486DEE16E9D98DF00BD96EDC18F5EE2E
:100CF00078FC9B65F0EF7AF88D4FD92913FC24D846
:100D0000EF8282E092DF51B67715D8E29FDDE8C529
:100D10007EB1D1B181FD619FF1D6FEA712F8D17DE0
:100D200012C9A91D8FFFA8C975719EEEBA13746C04
:100D300042617F9EC69128EF6E48764DBD58A02D2A
:100D4000DE59ACF8D3C5E7B4AB76AE52645E7871C9
:100D5000CEDAFAB5B1509AAA613249CDCBC3D032BE
:100D6000717559714DC5CB12BCFAE650C576705FEE
:100D7000A3C204C7C283FF69B4BCCDF0453D638400
:100D80002FCC5E5BF9EBFEAA10F66DA6D112CB3824
:100D9000AE75DD5C6A9ADE2150482EB48D934B4AC5
:100DA00037AD30D757ABE4560995175EB5E6A7F6D1
:100DB000BB85CFC7A5B7B6B4E47954182518BBD105
:100DC000753753BAE95988B15494EFB8E7441BB268
:100DD000493D7937D4216A552BD55EBB25A49D1298
:100DE000F8CDAE4F3B245BCB0854B6A2D24DD3070F
:100DF0005129192D9E6E5DF7B2DA67B73397DC2A59
:100E0000869EA9C2ADCF369F34A9B9DD12B1642345
:100E10004736B9DFBB0ABDDCAF71FBE42CCF75628E
:100E200069C3D30D97ADFA6F382FEF33024594267F
:100E3000524466F59BBBD1C4FD0BACBDFBC5F501AF
:100E400001C6C08EE0766AFB8C0F764AD282696A50
:100E5000E8A1062339BF9750A94BC1B5519256AFAF
:100E6000E72FEF425F24469CCAA32750E236A254E4
:100E7000F7BC4B8D59E63C93B8BDBEC1A43F93A7C8
:100E80002DD57A9946F8ACDE36D5875AFF92EB4DD0
:100E9000B886EEBC83EBE8B92B17DA159D276FE215
:100EA0003A2AD4D0065243A7BF7CB09CF2FE025E21
:100EB00025271FB388F2D43236C0482C84509E4F69
:100EC000120BF13DE527E66E223FAA67CCDAEF98D8
:100ED000D8D23708470A195A643E65729E23BE3538
:100EE000C09AF1759ED663BD2BAA5184A3113ED73B
:100EF000B7ADDE66931F43A53E8C8F8FF8BD640DA2
:100F0000D8B84BCBE85B4B1E942A6262F81257D7D5
:100F1000A5E60B2695FC04A2F2B9BDBA2ECDFC299C
:100F2000D8C6E9ED611D94BFEB0D96B234E6985C2E
:100F3000E995EE5FCF2B946E8794195111EDFC2942
:100F4000A50B39DD9AF0DD3E0FDB0FCC454015E6F1
:100F500023C46A44D7B7EDF561B4274D22172D5944
:100F600001C6B274FF63A65631EF481E607D966AD3
:100F700049CBDCB5D3C2E5DE51F43BF6CA75A7BD5B
:100F80004CBF5D9B4037A4F82BAC874989683EF580
:100F9000587B27352F309E69BA9BE870EBBD332014
:100FA000296404CBAF93DF26E76E0BE51F659B2812
:100FB0009788BC44DEB1AD87DA397C1C1239AAFBB4
:100FC00023AE99F86B9F47850285AC0F6542D8ED3B
:100FD00051172B96D997591D6B7DAFAAB62A246459
:100FE0000588C99FB96866B43BAB7DA82D430D0D3C
:100FF000D6529DE321F91591567B58B87C3FFD529E
:10100000D4B26CDD692CE510F91F185A732E5CB64A
:101010009A7485FB85FB78824D8A9EC02BD3BF0BCB
:10102000A62550F723E6C3CB24299893EE95764165
:101030005F9FAB491176DA446F7D6635EE11E29E13
:10104000A1D047941C873E8691FF422EB1421FC912
:1010500014170CBDA43853BD5802CBA1AD1D314DA2
:10106000CACB3572872AA1DFFA516DA4C9B7B6453C
:10107000F9060D5F1D701CA4B4587EC7CB34F41B59
:1010800026EECD9DFD1C7F9BAC6D51D9A12FBD845B
:10109000BD1D1C73A919FA5B4B65E87CA26342CFA6
:1010A0009DEB3D6B979C27DF0A4F757CDA8EBF1155
:1010B0009EFC6EE91DE19B618315EA24AD015C2471
:1010C000F432A2E4927A3DA375AE8EFF09DACC0623
:1010D000B25EE1FCDAE5FCB73284BFC6F998B41918
:1010E0001753077F8FC35FE30A5C969A770EACB6FF
:1010F000BF1A60CD8B19DD596FE19352A5F5C6F388
:101100004D628972DFE23EA6C7CB1E885F58C0AC35
:1011100000CB238694BC3FEE44A3C28A4E5AF0ED26
:1011200029A53A7C4EC6D1AF769A06F173B9C1F8BB
:10113000F766DCDB906AFBFA95C70F5ABE6836E9A2
:10114000CE3787587DA3D68686CB26478559B39C54
:10115000BB813EFD0EEF063AD78177C8E09D310195
:1011600024B707AC34BF5321BF8FCB47D6EB25A79D
:101170006CC3ACE84DA36A782CD3383C8CB1B9224F
:10118000996A58B7E4471D7F42369CFF8C45779794
:101190005CAF93EB785B976B1CD59CC829FC3CB982
:1011A0008BA847C9E3F109EE3B4DE297D0BAA5FC05
:1011B0007CB902AF255821E28FF5A98AABC25664EB
:1011C000B48C6FDF25F112F5FB945735EEC9F3F9B6
:1011D0007F95F1AFA64B55B271480C2BF988F11EE3
:1011E000F1013F779A7401E8A5E8CBED9B78754152
:1011F0009514FAD2F24F3EB5F0AFDC91F0EE89CC07
:10120000B4BAB5E3F4CD8ED2F4BB3B4DB92E622F08
:10121000AABDADC138A5D9C41A8EF7F53B6A96DED2
:101220003DDBE4F890FD11EFF9F13109FB9206EF97
:10123000FA519251CDD22B0DE5C1263CA659D0636F
:10124000EEC0B70E9053F449DAC9EF3518978A7596
:10125000C777FE258F7219FAD4BCC05C6F5A2AB6C4
:1012600011DFF1CBE5AE601F3D7A5DF04860299556
:1012700048C914E17CF8F909FC437D0A794C706C8B
:101280002E5A6A3A29CAEB0F85D31C457FBDA73277
:1012900095532B10C9A8C6E2EFD39B26C7555DDF37
:1012A000B2B4EAB5C93BA12E0FD04BF61A77092C80
:1012B0000DE3D952C33E802AD8EB35F85C632F4B3F
:1012C000BD9D77EF93605B4CE5BBD3A78AAC100F55
:1012D000ECB917F70BB5472D61919CBDDE549C709E
:1012E00016463471DDA02326A1BD5A7025B09DDAC3
:1012F000C3B7028C62B9B78C80729749D298C9364D
:10130000B65B22D529507015A3E1D93EC53E233ED8
:10131000FB9179C3701C9FB83716F1A68BE888D172
:1013200031B1EADE21F3FB91F61D64DDF6DFE34C1B
:10133000C11DD3E9BEB1E45B0DA6B234AF347E99D2
:101340001C65250C8C86C8584827EA52F292065331
:10135000D619E788EA868FD9A6EC96CCAE932B1CDB
:10136000ECFB770CC08163FD8C7EB02EA3AB24F523
:10137000469CD6402FBAE5131FB323467EDB91650A
:10138000BEA369223B6E8033C7C819778F188F368A
:1013900017AF36E9C49E71C47139D824D12A27BF4A
:1013A000D560020D46FB74FCB26EE4A8B2DC13FA01
:1013B000BE8126DCFBBD9BF071B3F304E89D643D68
:1013C000CA6BEE9BC97A94593679BBCC7D07F91E5E
:1013D000FD9AA2C35E4956913D634FBCD76FB3B42B
:1013E000C6D5F292714F9492338E42FA5C95BA064A
:1013F000FB3FBF77DFD5DFAF6275CBB7F40BE3DE22
:10140000AED7B7FCC71DF0C16FEC168770A7CD2E05
:10141000B6968FA8B6EFC2277DFA5EDBBAD1B3537A
:10142000F0F71D57CB5BBF17FCBB6A09DD3FF68D9C
:10143000A167F53759FA03AB43A6E1FD31C25D7AE6
:1014400083F702D0F8D25A5E5C9B769115F2903603
:10145000C5268FE484554DDE2E420E4A9E30CC9038
:10146000A7400FC66A5ABFCF6AED12D65795B0860D
:1014700019B294DBEE77EDF82C92BD5DA5314C9C52
:10148000215D26E7AFF6C866CDE35FD50D13627325
:101490008F321A2A893F50BA87E90AAD4FC5101416
:1014A0008057A1E333D0F11A7469981295C6B8D762
:1014B000E015D8DFEFB56FC316F8F2DED10D86F474
:1014C00018B9619A31D9C7DC68B1830D696C6B9228
:1014D0003C927AA45AA096DCDD601A7149A0D7EE3E
:1014E0003B82524E9E2CA4D9F9A680D572524CB3A1
:1014F000C58BD164D549D362E48B4C2619E563389A
:10150000BE0B634A33CDB75AA482B8A0799F9A0420
:101510004AC7FE466F43392E52E21ECA68FA6DDE94
:10152000EA2E3257A99CDF14E47C718C4D9E3B213E
:10153000E51DFE8718A961C6303421057A2F13FAFC
:1015400024F84695097A5ED527E18D4AA4DE03BDCD
:10155000CCA0AD48FEB37D14B8F69A6458DE0E47B1
:10156000CF4D8787EB8F022F9113449E5BC6DAED38
:1015700058335AFFB285DF9E3631AD49BF7292CDE6
:101580007CE3A24AB139C666328DA5EB0F1BE86D2C
:10159000326F77EE174E2BC6EBE00CE91A79A031CB
:1015A000D88A57801BA69992BDCC0D469223BD9830
:1015B000A3922F0C5D3279C88C1EC417F620CFD5AC
:1015C000EAA05B483CC92ACC34E80C6CA269967F3F
:1015D0000F689AF6BC2001ED5D9B3C7E84C085E9D6
:1015E0003C2DB700E974537280719FA9CCAE3C01C9
:1015F000BD0BE15C11E166C0762A6D573187750A33
:10160000AA4FF5549FFEEED427395EF9CE90F52E01
:10161000B80FA862D18410B653625F43EA6B73E0DF
:10162000E652DDD1B9D3ED523F96E187BB48A433F2
:1016300059C47F20974A432CE8812DFC6285B4CCA5
:101640003D4587D73B7549485C79A7A4C17EC02E2C
:101650003DA6633C12C621B915A4EF9BC23A2ADD10
:10166000EFE2BB1EEE3F3D7D19CD37FB2157687879
:101670001BBA840132C4572925F6349CFECE39D4D6
:101680005E486C7234C95D4FF4730E2DB5076AD88D
:10169000DBFD65EE78CD9A907E80F5947DCB4BBCDA
:1016A0009C1D3321F3703A7FB5CB4D965A99C92BC7
:1016B000156E86061952F5DEEEE3476B86490FC9B3
:1016C000982FC5DD94D7A34EB814BC9CAA5220B75E
:1016D00086ADA7AA975553DD08AC8DB4F5B12EDBC6
:1016E0003F99955C718DFAF53AEBC3F5AA956E9921
:1016F00086694A86EAF928AABB7667FDBD56BB72A1
:1017000056BB6701E4CBCDB3674B26FF421FF2CC3B
:101710005487CA2426D6F38A672A94B3C4B3E397BE
:10172000D6C8F2B571529ADE0F4EFDBC8CD3F231A1
:10173000533D1C46EB67A5939FEFD636D1D2FC7E76
:1017400034F52BE9AA8A1C1CCB446325575C6AAA92
:1017500026AB1F639BB6EB3AC96A4E77255E857B45
:10176000699F4F87215489F02AB700E3DFA94D6EA6
:10177000EF74DA870BD43EBC42D35FE74C5FD437BB
:101780008753DFBEADA736C0B495EE283089D8EDBB
:101790005F339AC177A26E896C6A65F7805D1EC15E
:1017A000A33E09E5FE1BA73DF98AD2A9C868F2A1AC
:1017B000BB13EA3EF23E4143FF3D4ECCEFE7229E93
:1017C00070BF50FB9F9DE99DA3F2FCC2C9EF599BDE
:1017D000C9388FAE477D99E2BFE0C4FF57B58E1F71
:1017E000DF23115A0B8B655DB4A68EE6EFAC337F19
:1017F00067687D2A3FFB4E0DDBD38F4FD2014D949E
:101800000B9AB84B82571EBB6F010C1797CBEE3665
:10181000BCF2D370B574AE7CC13EBBD4771DE2651B
:101820001D921A455F7FD978BC4674A764DF66C3F2
:1018300011B3A4AA88DFF20D0A77FF0185747D87B2
:101840006A5C5814E5E29828BD6BB3CBF189BA2CD9
:10185000BEC7A04BC26822367BFED951C25E31E9B9
:10186000C2AB2C28A4731D5DC5CB1D0B9956879E5A
:10187000D96F63910BFFF00DF4F21C773B6927CF12
:101880000B370D5CC7B3C4FC38DD96F702E94EFF99
:10189000D7DB6DEE98F66B6C398B4F89AA79D2073E
:1018A00031BA03F61A05D4F10BE3A5D81ED88A8EF7
:1018B000F74F9297B9BBCAF1D90DA5B6B06A0F0B15
:1018C0008466B5426B297D8345B6F1BEE8CDCD8CEB
:1018D0009FBA4EC1C8D92F9A0C5A390AB1F422E1E5
:1018E00086D033CD420A354B7DD06BECBBE3CBD9F0
:1018F0001913388ED11D7DE55DBB07E4905FF1B90A
:1019000004A72019874725CC26C636497EB05A48F9
:101910002BAC9ABF8253514DF045815BA47E2ED0F3
:10192000FF52D7B1CC79E89FE01DAD26B91A75A258
:10193000EBCD4F9C7873DDD113C28E5BDC179447DF
:101940003395BC5B9A4275C31B8D7E575259361E28
:10195000DFD172BDACD4AF61F31899FAAFE3272998
:10196000B50155FCB856893471B29B3CED898DEABE
:10197000D11D6EEA9D37F06E17AED497ECEFAABF7B
:10198000C1893B8230D6DDA2BBEEB700AF07F014B1
:1019900093CE37CF318B3732E11324C6C822AA0C3D
:1019A0008025DCB5D2E3F645139E63F646BB1D2ABF
:1019B000C83D63739F8ECF2A4DDB864FCFD86737E4
:1019C0001CDF854C73F9EDE3A5D2AE567257888AB9
:1019D000652563F0C945BAAAA2438AB6C8CFBEAA94
:1019E0005DCE1BDA90A452B08D3A13BDD565B8D444
:1019F000556290BEA193562549DFB430E1D2CFD1D4
:101A000067DFAA1BD225CAB90E8F9177C91D2E593F
:101A100052861F2F55E27B5D1CA327DCFDFA1B437A
:101A20001BCB38AEDCB82DA4AE7E9395542DFFF7BA
:101A300072FEA71B401F9F43B26F73EDB28F9619C2
:101A4000CE2998F0754D91734CFC4F0A66BA49083F
:101A500059F78D878B1CAD9BD304A5661B0F25F909
:101A6000CA51C52B8AE39B0D9FFB20DB4D3FE4A8A9
:101A700075B9F7001BB6D930D32C291B3761C112B9
:101A8000AD54BB13956E3A5E4D35ECA2A43205A45D
:101A9000219FCB3FAC1826DEC2305032D7CB668CAC
:101AA00005ADF2AEDF6C839253FFF500A7D49656D6
:101AB000F20FB5CA5476E8A5DB0D09E9F8F43CC588
:101AC000F892F91BC8196AAA5637EC97B246AE18B5
:101AD000EAA34CC33EF80D9764E98743CB72D0EA82
:101AE00059616EC048E92F4D87B2B559FA5EEADDFB
:101AF000E83C8904FC6E41790FF89C6812EFAF5CFA
:101B0000DA23DEAC27EE8BB3DDEA45F82B0EBF4EB1
:101B1000496F88487F8EDE7E334EEAF9EBFBDC6C42
:101B20001E72099EC9B5D53E8E667872DC855AE96B
:101B300057996EF6C9E4FC3A5EF5028C7AC70F53EA
:101B4000D8ECABD04EFB165C5E997DE355F0E663B6
:101B5000F75C3E6FB97429CB849B9A221BCC7CFE28
:101B60004EB4CFACAA8690EAB1DFAA03E5D0429B7F
:101B700024DAD409F39768A4DA1DE862F2CFD32FF0
:101B80001BE71255BAE9DD6A6F3A0F61B8A8AA825D
:101B9000F83056FC2B927EF1323EBBF1A13E176924
:101BA0005BA69B21FD7DA8E13AE92BEC053BFF8577
:101BB0004221DDA5E318DFE21A757D1727ECF14617
:101BC000B91867386EE924AFB011B506DF9751C573
:101BD000AB4F7FCE8F514ABEB41A80C6E01B82EE57
:101BE000B8392CCA1F4D3A47D5AD1F4EBC83D749D3
:101BF000C7998F548BF386254D4F3F698AC577CEA1
:101C0000A803264BCF34A977FA4EC2295A63195F2D
:101C100072E226A4BAB689972825D087940E2FC0E1
:101C200071E9F8B5F1E927D58193A5625C416E555C
:101C30000B953A7EDB45C9470BE5DACF97572DE781
:101C40005F3D86F8E23664D8DD2AC5B5A2F1ED5BCA
:101C5000E8ED6647C5C51E49E5D66687F5628F6320
:101C6000655BCFD9E6CF93489DB9DED5D3D924A9FA
:101C7000CCD86F737795A8DA7631C2CAEFAE586DBB
:101C8000EA41BB285751A6A797E36F6BF57F9AF3FC
:101C900027EF1489E1E7DFBC4A63EC56BCD3C3BA33
:101CA000D0BD1CE1FBF8E2F96D9399FBBF6C79A6FE
:101CB00042DFCF8C7B3EE6B9EE66B2DF27D5264FFA
:101CC0001EE56E22EBEB63693BB4BECCFED8257BF0
:101CD0000969AD56419B447E25AF1C9E4C664084ED
:101CE000F66C2443FDDBD360C4C0E0F3FE47BFC7FE
:101CF000D459D76FFA44A5B88EAA358BE8BD919117
:101D0000E39913763712E77B932C45B6A3C91E4996
:101D1000E2457CDC3CB8B7F6E07981B38B94B38BB9
:101D20004B61FC231538DBF147DA0A974A1F9333DE
:101D300001467E3CB47F56BC8A5CA9191B69939509
:101D4000486665361A374B9E8C3C52557A85D2D1FF
:101D50000874D216D9E441327D7365243FE21C1227
:101D6000C27CB442D8CE78BC377C7533DE776978D4
:101D7000CCDCEF5630F1823A3454AA9E192AE5158C
:101D80006D327E1E2B191BC33F856F552E91342A51
:101D9000DA2407EC55D17CC5454A67678C40C76794
:101DA0009E4DCEC93735D7E60827E8D5AE149E9E9E
:101DB00091EA9932D9D32DB5B9C2FBAC95135E34F3
:101DC000B1B3BE13C7858D961951B33AF842E8BD39
:101DD000DD793A7256CBACF8BFBFF774E4D8487ED1
:101DE000439BCC268714CD0724333371DFFFA07DBE
:101DF000BABD327D6C3A19B513B9472E9A484BA03B
:101E000065011EBD9F3409B2EA9C2D94504BCFC092
:101E10004DDFF894007703DE37279D37747C7FFF12
:101E20008814DFEDE36194A1DDC7023B28F5C745C7
:101E30000D889C5BAF17D2F01E1F68AE176F5AFC5F
:101E400041D48448EDD0B111A3C1632339A513A9AE
:101E500013E9B444976A281D29BD39F5726173A945
:101E60006EBF26C0BACF7AA03CC06CD28695331A1A
:101E700046476FE3898D330931EB8679D15FC9FA23
:101E80008193077C1872F2404D9770F2C043BE7D7B
:101E9000F8E4017A6FCD70BCF34BE5FE3E3A68CFB3
:101EA000AF6443F15BD9443C6B7BD0AE3E9CC8A889
:101EB000F7CC90D271FB6DF0F9A78EB9FF04002F1B
:101EC0007176F4D6261DDF6391D0FAA3A4F5270E10
:101ED000CAC943E8AD69286F5CA2749A123D24B365
:101EE0003749C99D07656323AACE94A827CB143E22
:101EF000D5F678A2C7FB100CB40F94C9A3D5752BE7
:101F00001013ADAE5F81820DEAB75680AFFA9F2BFA
:101F100050A0417D7805F290768F52A90C0C0E1DD1
:101F20004130F15ED1B2928632E9EB12A4CA572356
:101F300087A7F49EBA4E02BD9800C39B86D1C7D531
:101F4000281FAD1D2F97EAEF611FE54983418E449D
:101F50003F933CEB36F585C18EDA2D1F158F574A1E
:101F6000AD03BEAF832F978F568F1F2DDD34E0DB7F
:101F700008BE41F92865FC24E96BC417D1BF7C5F1A
:101F8000B7D02D17F27DB9D02D17F37D8342B75C02
:101F9000561F56C0385921C121A3D97C37F7D07CB0
:101FA00018AEFF1C2FDF774FE8961FF27DEB42B78C
:101FB000FC381497D045FB57949530F0ACA34F39BB
:101FC0007D22FADCEF45C3E9534E9FC80B73E79DB2
:101FD0001FC6E566A614A4E5E465711979ABF99509
:101FE00019B95C4676460197969291A94FE5FCF4A3
:101FF000797939799C77AABF2B4E0FE367E466FCA9
:102000002A0A0E2FC85CF1DBE11959FABCDF4A84B9
:10201000A6A3E7533233FF0BBCD49CAC948C6C2E3C
:102020002D233B2533E34FFA5F44C678F1F3E339C0
:102030003E273B2D23BD304FFF1BF973CA8350FC55
:102040006D06F2576424AD4CC92BC84AC95F95543C
:10205000A0CF2F206F7E1864A43E82599B12919BC3
:10206000939F9FB122534F82F2FD49BC829519790B
:10207000A9B9F05EFC684EAE3E1BC83C9A99B1E22D
:1020800051FCC424719A81FCEFD3F72109A400FD0F
:10209000F46C7DEAA0043081243E273375454E4E12
:1020A00001A583FDD0C05F1906C31FBFD7EF092E5E
:1020B000085C0CB827C1A5A5DEEB0F0527017791B9
:1020C000BFD75F066E1BFCFEE1B97BFD37FE0B67D9
:1020D000045705AE16DC67E02E82DBB9EA5EFFF03E
:1020E000CC7BFD0F810B023707DC3FC15D06770F0C
:1020F000DC98AC7BFD3EE05E36DEEB5F63BAD73F3B
:10210000D67CAF7F1FB8CCAA7BFDC7E1791B9C9F13
:1021100045786F81E7BA75F7FA3FB50AEFD869CB12
:1021200085E7B60AC00557BF6120EC30FDBD6FE3FF
:10213000BDFE76707736DDEB4F7E05E8BC3280233E
:10214000BABFDA84671AB879EBEFF54F8074BF0431
:10215000BC7390661C4D9F03B7A8EAE771EF771B2D
:1021600000FF20B8E9407309BCAF0467C4FEE02655
:1021700057DFEB0F04B7792FC8B9F15EFF5B070497
:10218000F71DFCBE022EF42D480FDC397017C00578
:1021900040D8BBE036807BA409C28FDCEB8F0737C9
:1021A000A619780137B205CAE938C8135C662BE472
:1021B00015DC2970E33FB8D75F00EE20B8B493E098
:1021C0000F6EDDC7F7FA3F02F72938D929F8FDC9A4
:1021D000BDFEDCD3207B7087CFDCEBEFFEF45EBF6F
:1021E000CBBF209FE066828B07F724B8E47F093CD1
:1021F0006AF7012D7079E0FE0CAE1CDC6670F5E02C
:10220000DE047710DC71709F82FB06DC657037C0DE
:102210006D03FA7F037704DC8AD343DF1FF81CF2D7
:10222000082E02DC227069E0A6FF0078E032C1AD22
:102230000157022EEE3AC8071CF723F005AE041C26
:10224000D6E3A0A9C121A1D3A6CF98F958D49CE880
:10225000188DB6E40346A8A12E8C043FD6D177177B
:10226000FA5E47DFDDE8FB3FE9FB04FA7E9ABE73C6
:10227000F4FD3BFA1E44DF6FD2F799F4DDE584F0FC
:102280001E49DF27D0F7B9F4DD8FBEC7D3F799F425
:10229000FD49FA3E97BE27D3F727E9FB4AFABE92DB
:1022A000BEE7D2F7E7E9BB1F7DF7581E3A337C5AE9
:1022B000F8D49933B338127FBE84843F4F9FF1F432
:1022C00059429FB9F4B9923ED7BD4FDF8F09CFB9BC
:1022D000C785A75FAB845ABA07702AE094E024D47C
:1022E000897E0F5027FE31839E180F063648467CA4
:1022F000B8C5FABC0C30AA0B0AB356E8F3C238A72B
:102300001D0F0A7E9E8447E71466A666FB16707949
:10231000FA94D4A1D818978BCFD4A7E4EB3930998D
:10232000D88817AC4C29E09E2BCCCAD5E7E5737151
:1023300021A18FC68586702910C0E7E4E5E979B050
:10234000DB60ADA706CE5CCACD9F1FCDADC9C92C41
:102350004849D70706063AD3E562C12866E07623E6
:10236000233B9D9B03C6928BCD021C0E9030CE204A
:102370001F8C89B82579C518B32087C396955B93C0
:1023800091C279E78BD8B8FD10E8C6C42C1222D0D0
:102390003F8FE55180A625AD88ABF33D1E2CB73E9F
:1023A00095F0E1C77967167259B47920F10BF2A064
:1023B00059C3890175910E372F988B4EE157EAB9B1
:1023C000C494626E3EB40AF961985E514A317E59F6
:1023D0009202EDCCF28C6702B353B2F4E817FC73AF
:1023E00013050F919E37377506347941CF7B3F4FE8
:1023F0003210333F8AF8473D191B9AB4785ED452A5
:102400004D52FCC2454B928228FEFDFE537FC53FD4
:10241000F857FC43A8BF66DAD4A4D8E8A8E8B91AEC
:10242000E13D615A68D2D4A418A78FF01E3BE43D69
:10243000F8BEF0E0FBC243EE0B0FB92F3CF4BEF048
:10244000D041E1989F9841FC0CC8399AF618520A7D
:102450003272B2C344BD01B926E9B3B154B959B31C
:10246000B9A9D30BA93F6E631F5D999F9F949A9A58
:1024700037D08A23C4635A49102B7F283E077FF345
:1024800082A72CE6813EBF323725358CF3E6820BDE
:1024900039C0F4E6393FEF42EEF18C39D0D9E0C4CF
:1024A0003F40267CFD1E1EC19C173BFF57F07C92CF
:1024B0003093F905D061E066CFE67C929232838555
:1024C00057812FBFC28CEC82DC82BCA4027F0155F5
:1024D0009F9D8A39874E8A3E2F07238387509FD33B
:1024E000B3F4D905BF2226E43D3514D46BB146E7D9
:1024F0009D9AE40D99CB494BCBD717607D0B9A1A67
:1025000094F9FC235CEECAE2FC0CE8E87158E3B1F4
:10251000F7CC4CAC89CBA136E0F881DE41D3320B4D
:102520009F817A9F939992A7CDC8D3FB2DF2E7168E
:10253000E744737331EB8B73D20A8A707D0743B122
:102540002683D7E7737E73172FF6E7A6706BC0223A
:102550000027D0550B24FFA7A4EAD74C59519891D6
:1025600099EA3A3F5EBB989B1B35EF6738DCA38442
:102570008B98BC0C081908CD07FFF919539672B156
:1025800073A37F29CE9C85518B62661714E7435F46
:102590000CFEE5A6E5074F0B2A70F5E3FD412AB9CD
:1025A000C57919E92B0BB8E0A0A933A604070507E4
:1025B00003293E2F87F4B3B5F1BA284E03A62D3573
:1025C00015FA968B8BF30BF459F990A7CC422CC4D7
:1025D000FC4057D78C6C3064B93958AA6007164252
:1025E0004F71F19CD8FB73F7F3941E13524A84FE8B
:1025F000A23E2F9B8BC948CF280011478BB472B2E3
:1026000081B6A07F73B048B8D898306EE0BD802BFB
:10261000CA285809C6157AC9399999394582C5CB4E
:10262000C9CC77162CF0909791CFAF991E3AA53070
:102630007B55764E51F6147D66DA94741E94ECF94F
:10264000F8147E15A75B90C02D8A5D1C0D72736611
:1026500051171DCDF991FCE7EBB33248E981DEE477
:10266000E7402D2245E3FF080704576414F873334D
:10267000034302835C713A9810B0F8FF0DD9E0C0B3
:1026800090609C756EC1C225B1D19A306E51613691
:10269000B1B169793959B8D20FD44422A1A1ED83DF
:1026A000A805AE48B4DC82454708372F83ED3D17B7
:1026B000550085995B40DB8A7C7D266E8D1683896B
:1026C000591483ED39F79B787A4C8E60F9F9E5C39C
:1026D00090066A617E1EBF50A83B3E44C79300250A
:1026E00069B1267AC9C245498B639769A64CF5F74B
:1026F000C7353948B02CCE78B9D131A0053812F69B
:10270000C84923153B24184286C458515CA087A6AB
:10271000172AF22CEE17A8236E3EF5CC074E61283F
:10272000B32233875F9584DB683F7FAE305BFF7CED
:102730002EF0AD4FCD2C8676BBA0300F0623A09B8C
:10274000AE83F848CD2FF87FC37F3EADCF8F66654F
:10275000F1D825A5E46660533A285F8BF3F8DFCD06
:1027600016F21BC8D87F956E03FDC38660CA3C284D
:10277000103CA0CCC807231A0ACDF3FC8C39B40254
:10278000CCD7672D01B9FA015A4830B4D9047F6E0D
:10279000C67F833F3D14E327E6651460B305828A54
:1027A0004F2920D514CA1F0F78797D6666BEB39E67
:1027B00081C983E2C3EA16C645AFD4430DD083F97D
:1027C000E740FCA41E3BF116EB61689BFABB88E274
:1027D0004056480B87E939E83CA5717C411EE92C3D
:1027E000454478E7CF9AE5B4DF19D9A9FAE741273C
:1027F000A2162D8A7A8A08CC0FA34717E4093D95C3
:10280000AC9CD4C24C28A654FD8AC274D2F0E160BC
:102810002046DB3DEEFFF837C2D94E7A732185DEC4
:10282000DECEFAB55CEC5709FDDEA9599CC7F2A0D3
:102830002CF40C8DB024234B9F53580083770EDA71
:10284000BC7C221C6F902A8826252F0554350FFB4F
:10285000E7E6E97135C6F62043ACE77A8EE015422B
:1028600007013758892919A47262D9402701F0F26B
:102870000BF20A7951A47E59C5B8218A4DE522662A
:10288000938A33370A7A39A4F7E2CFF980CA39C379
:1028900067DD171E4AE44746F2BF1E7BE56FC5C5DC
:1028A0007F29B9B9991942093F8A91A74E097D1428
:1028B000B30E4D79811ECA20F26DA1FFFE067DBACE
:1028C0001DA4E302FA6CA74FE89EC793A7923E4768
:1028D000D2A78A3E27D027EECD4B851E3D76A3A8F2
:1028E000DF43E046D31E3F43C3887EE4A727151489
:1028F000E7422F89CBCF4DC95E98169B9BB1489F6D
:102900009E01422C1E120E5530632068B9E8FF4C20
:10291000A0F88B967B760EB732253B35538FD5B515
:1029200010341E174C6C7C2CF42C3842C8BBF011B0
:10293000ECC7C31800860A7950763883D0B349D7DC
:102940008BC68DC87141C2FCA4788D66D1623458A3
:102950008FF3F3B3563C0A8C901F491982D1198822
:102960003F6936979F5308C4EFAB1FB3310B49F350
:10297000A39E246417262C59BC246A414CEC025DAA
:1029800052F4C2F9F1F3344B348B87D6A7FF121DF2
:1029900061BC98A8255181C04A129F93959BA92F8D
:1029A000D0E72F27649E092CA4A387FBDB292C8F5B
:1029B000270AF585B83F848715D808E673919C7778
:1029C000AE3F1DA9F8D10C0DD63B506F41EB4461D1
:1029D000FD82D6710B7270418274A166ADC6494CFE
:1029E000227FA2C1701D9155C07378A28A235365BE
:1029F00061A2CE2086C500148D55C89194458C44A3
:102A0000269549E40C23914A08902146C14A0020AA
:102A1000F010F5072A6318AE86DEF9D0CE44416582
:102A2000CDC3AA4EAD5898ABD29B5A4ACC28D8D623
:102A30007828EF8279C1A4870C239D7CA157FAAB3B
:102A4000E164FCE48C8FF3B8585FB018571DB17C7B
:102A5000EFF74FD23C2FE88B3E8BCF2D4E82E15FBC
:102A6000526E6A560AC18B170C63D2BC94DC21EFFC
:102A70003A7D013647C2382013184882663069FE15
:102A8000E2D8785ABE1978A80AD95A9243ACFDFC0C
:102A9000FCF4D86C527C42FAB8C55A042DED1CDC0B
:102AA000E60EE20BFB936684042C2643374C0FF7AB
:102AB0007D0AB3F4B1D905D0311FA447F3C1D8C101
:102AC0004036469F89FBB7823F94331EE29211AE97
:102AD00016BA4098E67DF8A431894D8BA6CAF73323
:102AE0007ADA3CBD1E818D4CCB4C4AD56315C54668
:102AF00055945F02FD0BA17FA3E8DFFDF315E27B98
:102B0000E8B4A1EF41C143DEA73D96C5A1C17FA7AF
:102B100059892BFA85BFE7170AF323E24CC4E7BFB4
:102B20008277A142C05B374C08DF30030DC1DB4226
:102B3000FD4B8286FABF41FDE7DEE7DF42FD174C21
:102B40001FEA7F9AFA5FD93AD4BF9DFA9BEF4BB741
:102B50009BFACF0C1CEA8F860BFE3EF7A52BFEB925
:102B6000B8FE723EFD2A86CA23D745C093AC67865D
:102B7000E007950BEF12FA5E42F122160EC50BB676
:102B80000AEF623DDD42F17E5C3214EFCF4B857778
:102B90009928378A97BB4EF05F43E966EF139E7220
:102BA0008AF74F8A5747E9D51AE97C9859782A2835
:102BB000DE07142FD93834DD9106E19DA5EF376982
:102BC000F9CF7B72285E04E5CF452C27975F96DF0F
:102BD0004765025E9ED3CE718B3451318F72898BE3
:102BE000629768B8A8E868CDE2C59C362A769E262A
:102BF000868B5AC24581B1C1D32AA2B62A390DEDBE
:102C0000227331290529CE102521C361133F18FDF8
:102C100077CB33F73EFDBEF92BFA1DBF706879C63E
:102C2000FF4AFEE2285EC94B98384291F89909FAAA
:102C3000809F2B05FFA05C92EFC564D2409C9C0A4C
:102C4000E496C4C627456B7549F1518BA2E62F0E59
:102C500073CA67F1FCE0A4A59A45B1DAA7606C4994
:102C6000DE075EE97BCC13F07FF1C0FBA2185DD4D8
:102C700012CDC07BE2A2794BE79191A9F00E528D63
:102C80009E1F43C3E744CF7B7C31B8A4C5894F85E1
:102C90007103E532C8DFE98DFD4382E7C442B31F0B
:102CA0009D143D5713FD380D72FA93B99F8120F0A2
:102CB0009F1FBB20691EB0B320FAA92174A0AD8666
:102CC00006713011C13F7EDE3C6EDEC2E8C7891658
:102CD0008821E00F9A90B4386A41EC92A784488B1F
:102CE00007234078C0FFE20FE251CA4B1645C52EBC
:102CF000C03D87C1A90AFAA9878E1447C63E43FC86
:102D00005373F924180BE753B9820F2E3DC2A56EF9
:102D10007E6C6C52FCDCA7A644E4E5F253A74D0F91
:102D2000141EDCEC41F1B10472F1940BD0E0D6A496
:102D30006416EAA9BC52F094179F959AE4F414D251
:102D40005BC167AE4ACAC74098FCB93F1CF3B306E3
:102D50003A1CD9496B9206D31BF05FF92BFE6BF23C
:102D60009D01E05F90919BC4A7A52701732959F9A4
:102D7000F7A59FBB12CF1AFF223F422606CA8B4FF0
:102D80004982EE158C6449FF634D9E3E0D7E71298C
:102D9000D392C02F292BE579A2E1CEF78CECFBDF93
:102DA000933253F20BC47E0F9797929DAE4F4A9980
:102DB000463DB8547D26F423C29CE318C02F82E41C
:102DC000728A042F925E524A767E919EF49D809F75
:102DD000413E429797F2191D95B47491463B304D90
:102DE0002C748A2671349CE3F29E8784E1298CC37B
:102DF000E00D06851C278ECBC83B6116FCE01DE864
:102E000064E767E07E883316BACF7F48FC581844E1
:102E100009B37D427CE005D7BAF8B9518BA10A739A
:102E20004EF9735C6A465A9A3E4F9F0DBD466E60DE
:102E3000DE73303E37187F7ED48284A8799C50D9C7
:102E40003951C1419FF30B33416D47B80E0C0F71DF
:102E50009D5BA8D52ED62C09E306F24DFF8664882B
:102E6000941C37B81E38FFA2A3B8858505B9305A1F
:102E700084AE514A31C112EA4F611E112C99A70349
:102E80002C226E1FFC2B154F11E24134F4C0F3606D
:102E9000785980C788811069483D1172902430C8E4
:102EA0000DF8E7666662854C7D2E29250D8498B461
:102EB000B228C9598843EA99683189C5E052572731
:102EC000A5AECE4F827E75526A4EB69E13EA03E0DF
:102ED000693332818CA80285D0FFE2629E00C3CAAA
:102EE0002512CDCAC713120539D071CFC2F30BBF5B
:102EF0004A3FBD2089540D7D261736840F3C29AAF0
:102F00008D5D10352F69FEC2180DB51BD130D85814
:102F100021288038AB8B87234EFB3F2F0558CC25CB
:102F2000D36461789E0B52CE04AF7C0E0F4D0BF331
:102F300087E2D1FE3C4DAF280F2A2150E7F248919D
:102F40003BED14F8179169934CE88967F3C5DC20D1
:102F5000FE8658D8B0A1E5204CD671F3974473692A
:102F6000857886854C8F0C840B9378BF12AE14E75E
:102F70006770FB8C46B8CECB494925B375788C93E6
:102F80002B048D70B6A9235CB5508EF92B815CE6BD
:102F90006F2142AA605B93A64E9F9E9496919643A2
:102FA0004DD1503B9D9A27D46DB26082F3CBCAF7C6
:102FB0001F122E7C14C3E3DE3C3DC1CB2776F0FE0E
:102FC00076213E6AF120791C661AE78E63428A1FD9
:102FD00063427A0F332119BB51B8D58F09579E40F0
:102FE000E1233E461E0945C863BC9D79A2C2E34960
:102FF0005FC6637C170A495330532B3C96CE40532F
:103000002B766F0FDFD8C9789C1BC3D454FF883C44
:10301000CE0633F337D4547F8A4E544CD950F369DB
:103020003D6A9CB314CD5813FFD7F05149A8F1D88D
:1030300097C84371E054B8E213D4D8BB83693C9677
:10304000C084BB6AC11D8414FECED42464218F7158
:10305000CF306780F63B2876C3DE0A8F84ED90E29E
:103060005AF2FB901C635D623C96F90316F0FADCA1
:1030700049E4B1F40B080B89835F091980B99BBE41
:10308000855C9C027901B7663313BB21DC15C2CF86
:10309000422E36DB495A87AC6FA3272A6AAABB9017
:1030A000C7395FE0D77F43CDD91968CA86A61DB757
:1030B0008ED4980AFF38E5D5A9AF1E1A5604B97AFE
:1030C00098F1B0F7A39AB37F649ED8E8B1F95B3466
:1030D0007FC3D48D35DFFE03352EEC63425A773241
:1030E0008736FE8709299AC14CDB78A83C89395478
:1030F0007E19D2D8CD78B465A09AEAA7709C736F78
:103100000B71CE6E653C361793DFE116C01A7F99BE
:10311000A95916806AC685318D97713EBE84B0C6A6
:103120009327514DC273908F06FA169216CB341620
:10313000C6423E0E009F87CA4F229CC6A197AF0091
:10314000851AC623F105F4C4C69A843F408CEF0962
:103150006D8FE5E128E4F174668665F5710FD67729
:10316000E3DBAF1EB2A433EFD47AB8432E1221377B
:103170004BFFC83CB3B1C6FD5B7466E3EC8D1E49E2
:10318000FF40210BBB9810DD6C267C6307E4C40E66
:10319000BF77318714DFA2B7FF52D396893CEC7F0B
:1031A00003BE9F66BED8E8D17618D27A1B72540B44
:1031B000327991FC7EE72F1E76C8475B00E43A8C9B
:1031C000E07C4971200FF606F23B247D19700FAEAA
:1031D000C817E4F1F6AB5EE96FBF2A49DFFFAA67C3
:1031E000EB85F443E589CCBB456A9F4426BC5CC7AC
:1031F0005C2852FBE918BC3EF4DD7475802F73A87F
:10320000A289292B3A64FE1A8DFDE4D0CB76A6BEA6
:10321000481D68670E596730E6743537431A5EB14A
:103220008B517BED92061494173C97713223E0B9D1
:10323000F2E7D25E38FE82CF8BE617D3B28E67CD2F
:10324000C73B98BB94CFD92C45699EC79A9AD20F99
:10325000D92C89DF3D7DACA92F7B96CDE23BC3F312
:103260004453DFC21D36CBAEC54F9F684A1CF9845C
:10327000CDD2E7EBF9715391BCC666695DF7F4C72F
:103280004D5D86876D96A66D9E679ADADA97DB2C80
:10329000F6336A4E8ED45E72F4F499B292E253031E
:1032A00037F0E1FBF7F03E19CFA80663A0359CBDCF
:1032B00081261C0D36AA6EF749F9C256F47494C9DA
:1032C000F7E9A3FC2857894D896487ACB151E474B0
:1032D0008FF41E49D9445BB9518257D29D342D30A9
:1032E0008798E2986BF1E8F170590C73CEE463BAF9
:1032F000D6F2499F874C7667C15626EEA4357C9856
:1033000015D95CBBA58FD59D2261A36ED8AC4AD9D7
:1033100021363CCAF1DDED7B3589A948A54077C24D
:103320001537243509A9689BFC64F5A4BFD4B00AFD
:1033300054F1DE9C0295C92811D731E25D2C8BAA8D
:10334000E73C87CF7F989492138F627E698F8B784A
:10335000EA8EA2C70D06216F1A6B12CF31359BA7DB
:10336000A3B3A0C966A6E69C82795D7606D9CE098C
:10337000273FD4B31EEE384C3DEE3A689985512B69
:10338000F0936526195E875FF89C079BFB01F4CCE0
:1033900046B56C2F52BB9F47F8962D1B9B2B0D30CB
:1033A000F25DAD636C6C8934DCDC1AE965B22748E8
:1033B00090CD649A78AD3BE9F223C8CB34497BAD1C
:1033C000BBF99241F7165297F42043E25FD1EBF03C
:1033D000F48CA969B3207529FEF53A4083AE07A99C
:1033E000CB7078077A1D9E4F0BE106FCEB75030E40
:1033F0000F65D4461C3E99791D9E9E7349B809FFFE
:103400007ADD84C36BD3A58DACCC2193DE137769B1
:10341000490CC26E05CFB50146EBB559A98C06E340
:103420005824FC08291AC0399C5E9B7E38FDEABFEF
:10343000CAECC55F8B7B1166E90935E9C01D910FA8
:10344000AE0EEC79C44D7125F8E6F43BE26D648173
:103450001DD722C7F85C481EB889CC3325C07878C0
:10346000E1A656BF946BB939DBD54132D9ACD4DA79
:10347000F43B8BC167E5B5DC85B57815ACE78BD639
:103480004FB6F033172BBB70CA7712212CF35AEECC
:10349000C66DEA593299C157A65C5BB4D6FDD6C653
:1034A000FA64B55F8F8BC08D787790703B87FF9201
:1034B000E213065FB9B2C1C8C498D65F6A353C262C
:1034C0004781D66BDDFD3D01C684ABF85626D02C76
:1034D000943C3CC038E2AAB4C92A51FD6922F2FFEB
:1034E000D0B04BC93616DD42B63E36B9B14BC7BC7B
:1034F000F69E8F49621FF17165AABD1A97973CDA53
:10350000FD9804EFEB69BAD6FDD275A0D0FDD29537
:1035100000E3B463CEF0281A7E1842AE6D7AA3F6AB
:10352000C5EDEFD5F2875799804E993DC0C838292F
:10353000E92304CCCE03D7BABFBD62D8A164438AC5
:10354000DF46AA62657248462CC38F50224CFD8F1D
:1035500057EF26AAFFD6E362D82553DEAA51BFD182
:10356000E3529F8BF7EE0FBEC902E75B3831CAE723
:10357000CACCE2064BA055C6EFB3AAE4EC4D9B5172
:1035800076536564591B2B77E1AB2C88D13CF6064A
:10359000EFAA449E29BCC597F977B28FC966646FBC
:1035A0007EDC740A524ABAA2FF62E8BD02C209E395
:1035B000014697C20AADABD9DE4BF435FF1A2A9902
:1035C0003BFA9217C4185552A6F33CFA8ACEF35828
:1035D000BDEEE9A3D8E7D1EFC5DB9CF119F6788DF4
:1035E000303EC35ED8B9FA6CC72CFD9BD652D0AD25
:1035F0000063B0D5C8837CCCB81C03CC3605929848
:10360000D66F7DCFA6D823F14CDE6972D748F1BEC4
:1036100032C916FE94D13D0E7EBB36C8AF454AFE78
:103620006C87DFB6F2E764EE8FE373C15749EDF0C4
:10363000B4AD5F25E14FCB64C353DDCF12B95FF466
:103640009838115D8BF47A61F2F3267F954CC6624F
:1036500019D82C3217DEB34782D71B33DA9D26E008
:1036600075CFF5250D66BC3F7D99E95ADDA2B935C8
:10367000EB27A2456612D29DB4FB1BEB4E539C195F
:1036800063316B1A8C6B0FD5172E00AC1F3519EFF9
:10369000E01BF8005F737EFF0F26773DE133913723
:1036A000B8224CE5C76821342FDA1430B1E907534A
:1036B0009A490C59344708F934CA14E0DDCC6FD16B
:1036C000314B813AD48BEEFEADF5FA67494A293980
:1036D0000DA6AD4D4F46CD5040EBB5D4C2D4B85B2E
:1036E00018B040E32DE8FA86B31B8FA6D9CC8A6EBA
:1036F0008F440B2ADCF8C546BC5321A21AEF5EC4E6
:103700002BFAF1CD99C1263B480DF4EF6FD84AE36F
:103710005B52BD6EEE2B9F6E3D68BC56F9237AACB2
:10372000F3681ADE5B1E60BC5612CC0C9C45D604B6
:103730006979B89B08CDA8748F0413BE2DA2BBB8BD
:10374000E2990A35B71B6D2237357899EEBFABC1C8
:10375000DE8953EA4C5C6ABA56E9F542805179E950
:10376000685A1CB9F7F21AFA74C619DDA526014386
:10377000B31463488A038CA307302225F8F640C9A6
:10378000334D7639E17739C67977CD102ADD47C7D1
:103790001CD53DD1B476496CD3D4D55EB77C7AE3E1
:1037A000AE2FB8BAE8D2D2CE65E7BFB973E1E6C5AD
:1037B0009ECBDD3F5C996E55DC154E43B9B6E77C78
:1037C0006A80D17D15D68AF5E36DC31889FB2CF884
:1037D0003D7CDE019B2B23B50D3FCAA846944A6C65
:1037E000234A19C69F7F169F2FC12B7AD0D944B97F
:1037F000861FD733D23D438AF7057824BC81F7E989
:10380000439DDBF3444840C732CC79417D7A80F94F
:103810004B5304FCAECF9E74E9593309EFFE4727A2
:10382000EF2E1F5956B8024A74DFE47366F7342945
:10383000DE37304988BDB770C48939899B74FCF87C
:103840003E8967D4F6F7042D3171A01F9384DFC73A
:10385000B86B2D7FFC56C08E5A1E60DCDF74D1FC25
:103860001CA59D7321AA53B226DB728E9C2F71ADCD
:10387000FBE10BB33B2FE8F2B4FCC33764F585588A
:103880005679CCFCAF059E4F8CAB37315A4C65AAAC
:103890001F58162D692BF7ACF66D307B416C9AEEF4
:1038A00003A08F0F309ACBB971050D05AEC59733C4
:1038B000E29E6B78CE75D5C517B42FEE7C51B1F66C
:1038C00062963F9428A5375AD32CFCDA3DE6992618
:1038D000E19775C46AEA77C935B6B9787528723543
:1038E0000B6D65DC7701C6378DD7BAAF7DF8E0C7C1
:1038F0008C16DF7107797F38C0EAAC5F0F3598E32B
:10390000CC763D2EE51DFD0237DECCB5BA57468B91
:10391000F7ABCD2156A63E4D9226D4BB97CE773637
:103920003DB3DA5E8863983A7DEEE09D06033BDFA7
:103930001B8CD75A8E32FC32B9E45ACBA4D000B3D8
:103940008027770894E5A341BEC3985FDC6D1D60B6
:10395000DC49A5E1FDFAB5BA8FE85F111D0FF48FC0
:10396000EA47FD1FBDF7D17BB33EEABFD77FEF5AD1
:10397000FFB7FD5FF7FFA7FF3FCDFD2FF517F5BDA3
:1039800073ADBFBBBF7BD49D8F667D14F2D127FD85
:10399000D7FA7FE8BFDB7FF7DBFEE6FE43FD7DFD68
:1039A0007D2FBDF04D3F4407070088866087017872
:1039B000FD801D065F6387C121EC3028C2AEA8BF21
:1039C000E8D0D738FCFF466060314D6C36FE52E7D8
:1039D0005C26B438879FA2CD4CC95F4956F3A0FB43
:1039E00096874E9D3635742AFE13C745D15ADD940D
:1039F000B98B11C21F4DF2D25278FD94F98B63F04E
:103A00005468AEF3F3C8D0F55D78F5DFA0055E5CD1
:103A10007C9E3E977C6DC4B3027C4E6EB1B0A20416
:103A20002FE4000F3C42255FDE721717E4E489C4DF
:103A300070BC04BCA082CB4AC92E84B179319E4AA5
:103A4000E0F0B270326DC191CF7CC23A545DFC920D
:103A500024185AA6627616EB79A0128B03FDFCE9B6
:103A6000D859FCBE4F162CC63B2908DF48530A0420
:103A700052788D215DF783E939D1625397E4CC9B6D
:103A800013252CD07092E4A6C0881E734787F7CE0A
:103A9000C83F5FB742166B669065922BE1270C4BCF
:103AA000FDBC5385CF8EFE038B2371BC9F7DD01A46
:103AB0009A0390447A064F565004CD7C9E5B93CF78
:103AC000894B4B040FBCF81E9E43E9E13C272DD5E2
:103AD000E765A415CFC7D107911CB47E1317055E07
:103AE0002585E83AD35CB29073E0F3286423E87943
:103AF000EF4C2A6F5C84CEA25F928387D48339FD1A
:103B00004E29CCA3E7DDF7DD06D1F9FA0D5387FA8C
:103B1000BB51FF9BD386FA73D47FC97D7482A8FF03
:103B20009AD0A1FE91D4FF95D4A1FEF1D47F42F4A6
:103B300050FF5CEAFFA7FFA7BD678B8DEBB8EEEEE9
:103B4000F2BD926CD9715217499B6B27744847CBD1
:103B5000A72CD38CA5505C2EC5AD496AC3256DC674
:103B600096BD5AEE5E926BEDCB7B7725D2501BB99A
:103B70000902211F8111F4C31F696AA445E08F2047
:103B8000105A270DD2C4715EAEEAA6AE80A6B6EA80
:103B9000A689E30489E32FA3E887FB00B7E79C39F4
:103BA0003377E6EE2E25C7725014F710976767E655
:103BB000DC79DD79CF79644DFFF3ECFFCB8CEF5EE0
:103BC0008BFD6FFAB2EF5E8BFDEFF7A57B99FD9F42
:103BD000FDB8E9FF1AFB7FF7795FFDF0BDD6D30F83
:103BE000F8EA87FDF7AFFBEA87FD8F3CE6BBA762EB
:103BF000FFF771FEC3BE7B9029793FC77895718529
:103C0000F196BCD7DBD3741F9264D66581C38C3B1D
:103C10001877797C1096B88812EE1EC6BD8C238C5E
:103C2000F7F8E8F7B27B1FE3EB19EF677C838FFEB1
:103C30004676DFC4F8DD8CDFC3F8777CF457B837FD
:103C40009ABFD7772FDAE63E6864C5ACEF573F6B73
:103C5000BE77E9ABE6BDD22FEE35EF03257DA7CFCA
:103C6000DDE573CB7BBC377F6819F77532BCD7E7CE
:103C7000EEF3B9233EF71E9F7BAFBCE7FBA820DD28
:103C8000E7735FE7A3BFDEE7DE2F3FC31F0AF70D31
:103C9000ECFEC2B7583E009913889BF550E5F061E1
:103CA000F1A35030072EE58B7C466772E58D3473A7
:103CB000B7D9C5324C20E5AA76EE4BBC3F367137FA
:103CC000D3FF71FA7FD01BEFEA771CB48913013957
:103CD000994A1BF21EC57EA0DF7D1071A15CAED09B
:103CE000A0562B974F891FF9ECA97ED71E2866B6E0
:103CF00034370B300D64918DEEC376C98E8E0EDA9B
:103D000077DB59E416D4F8618A79373B9C4DBBB513
:103D1000FA9A4BFC7744A0BF00EFEBF1D48B6931EA
:103D20009CEE121FCE9F3E060A66B3D1E2F74724EF
:103D3000D2B18BC4B6064331660966B5D3E5534E9E
:103D4000CE9B6160D6759CB6A1B8CC6834E01BBF31
:103D50003FC001FE6DE02B8DC7D357798F3FC574EF
:103D60004F7C4C84BFB1C87C0FC705BEC4782AC93C
:103D7000F3DCBD02DB2B025F60FFA965811F677F5B
:103D80008BE92EB0FF398E37A4E5C9D2247E3A34B0
:103D9000699E4E1ECFBB781CEFE6F1BB87C7ED5E78
:103DA0001E8FF7F038BC97C7DF7D2D2485E4BC213A
:103DB000E707390F2499DF6595F149C6CC0F3436F2
:103DC0007AA7C11F34363A62BA47C64D7EA2BB0EEF
:103DD00009772715104B14C262F460BA47C80FA3C5
:103DE0000F61963BC88919EBEB9274874D9270482E
:103DF00006841509BDD1D5257F85BA64423D448C22
:103E000095D2A57E0D99F18554AE3ABAE4E44AB153
:103E100074A858A8C2C42FAA777A0367C510567F22
:103E2000A84765BC57F96168B445425EA454FB617C
:103E30009567E1EC54392591AF6E197358451AF224
:103E400042D5AF8E5E23B4AB5D68DB37845F8B9861
:103E5000BDF842BEC2A80AEB342B871A93F7013A89
:103E600055BDB42C42B7AAB590517522DD6EF357FB
:103E7000AFE96C41175215461F454BAD55545E6175
:103E80003A9A5B932896CFA91A9757AC8E1E19734E
:103E9000B847C5DC63A41B564DA5CB2C653864BE62
:103EA000D1D7A208BD4640CB08DA15B57D425EC920
:103EB0003B8DAF15B29A3FA3F6413B5A64CD4BC838
:103EC0006CFCED2BA2C72C47AFCC5FB8F7CA75A02E
:103ED000DEF53581DFA0D01D46670F759A4DB9B369
:103EE000B96577F88A4ADDB9DB68CFBE6C845BE5DB
:103EF00039F4164AA9D550DF5B6ED46155842ED3B0
:103F0000D9A28D77B4E87EDA07EDBD7229F1576743
:103F10005F738B08EFDA5EBC777D0DDD1755C755F3
:103F20003474155FD81CAABA2CA3A1B71AAF3ADA19
:103F3000B59C8E768DABD5C0E3BD1BF68A8A79EE33
:103F4000EC96016F69A8D27ABC6F12B1CC414BCD0F
:103F50001F5A77EE54CD1BFF4DB69BF388A4D39B1D
:103F6000F8C26D26BEC95693B037EB764A3ACFF900
:103F7000917633FB1E24B9DB0C6DB5346835F9F34B
:103F8000FA250CC5ED844FD7037BD37DB03FFC5D94
:103F9000EB166BD43A6A65ACC7ACEF40E91E0B85F3
:103FA000C2A18E5067A83BD41BDA1BDA1FBA396452
:103FB00087464253A1932A8E5038DCD1D1D9D9D526
:103FC000D5DDDDD3D3DBDBD71789ECD9B377EFBEF3
:103FD0007D16C7DD0DB1F742FC11584BED833DEA6C
:103FE0000DD6BB60E3FF5E585E7EC0FAB0356E7DD5
:103FF000C48A59292B6BB9D627AD3FB7BE67FD5C84
:10400000540AEE5F6FB8D1EAEDE9EB8E74EDE9DCAE
:10401000DBB12F7C5DE87A635D190A61EA983EE6C0
:1040200000F3D025DA6848D4B8DCBF1F607C3B635E
:10403000298032C03FB61DC1F25D2A5B9ADC8F65D4
:10404000CD906E8EFE9CBD98293A92E10A956C3017
:10405000E3BE0AA7833A143590E139331C835CED43
:104060007DA5FFA33F8732D78A0E2548CAA5FE91BA
:10407000B19CA4E4EDF75654FEC077FBB30BE2FD10
:104080006C82F112E3FB18AF5A46FA8BCE56CD3E46
:104090009ACB2173BB1E2BAFD67D74D58D515FEAB1
:1040A0002DE916CA39C72CCF421476CA4EC44A31FC
:1040B0005E91580859AABD818A27B5ED2E39783A04
:1040C0006BD6EB95F8E39FFA1BCBD877BCD686EE80
:1040D000EB4C77EE13D6B9918A75CEBA025CF80430
:1040E000D19C7B92B13ADFDBABE23FE773D319CBD4
:1040F000CD9EFB59CB745B37613BF3DC972CD36DC2
:10410000DD8C7CF27BCDFC4FED6D5D9E76F571C153
:10411000571FAB6DCEC51EBA649E379E6C43F7F435
:104120003F0A3AA973C53BE961BD31D96A7D6D4D3E
:1041300039AD44AE407702286E365BAEAEA4A6E73A
:10414000CA787072345BC3EB0B0B0FD80BF992BAC1
:1041500037A864AAAEA379D4DDB55CD1CD5AF54CAD
:10416000B59676EBD5AA53CAA18CC792600DB3F26F
:104170001C3FF144AE3B5599939453AB57920BEAD5
:104180000C51BA4D690FCBBADFA99675F9D61968EB
:104190008CC8E026DD2C9AAC48B01C24578F4240D6
:1041A000D8AE7DE55F73EAF214CCAB0FCD87CBA31D
:1041B0007C6AF9D276B690576E569AA3DCC87B6CAF
:1041C000C4B7912B66341FFDD88DD2C72B03760F51
:1041D000D43D91BA26FFF136FE636DFC47853F8AD8
:1041E0006B55CA858291298BE48495FC0E56567ACC
:1041F000E93EE4FD4F4FA7529EBC110C75B222D18F
:10420000ADD7ADB8EEC854734C80EEF9F24659A75D
:10421000475D06D3995209BFFF8C83A9A7851E8DE0
:10422000B460194C6B1F52978B4A391B57909732C9
:10423000E5A958A615C866336ECD8B8FF2379FA9B6
:1042400039BE74A0ECCA07DDCBF04D63F309BC8620
:1042500072A53C12D5CB9C4787724642924D78910D
:104260005CD54232AD9797AE69D88DBFB191417D93
:1042700091DCA58C07DCDCB5629E52240016FFB6EB
:1042800096AB990ABA6733B54C81E3C536BF9C58E3
:1042900070653AD437D2C9F9444C774FD75D6AE498
:1042A0002B2A7FC27F21B9E2D5A3516E8C17FC94D3
:1042B0003B194B387A79A0F32B7AAA79E8658BE51C
:1042C0005234CBBF49BE48B9EDFB62D316E69F1A04
:1042D000195E34926C3657E8593E6C19661C651CA1
:1042E000B125BF2A8973E00934F19BC2F7241E551A
:1042F000DB5EC8BB4594843F806CAFE0660E55E141
:10430000047746CC8593D2AD8EBB074A2A6F831CB7
:104310008AE1E226D21E304390399C14B570617058
:104320009C532FE9E15EA4068DC6864E25BA85CE44
:104330008DF3352980A6E9D92AC258FCA8F82F4F59
:104340009B718D285638E18E1E966DDD7355F3C531
:10435000177DF3C5CD52AE89EFBB46187FE3A87930
:104360004F32D066BE38F96BCBB83F996843F7F24D
:10437000DF59C6BDCA541BBA27397FC40FAC98CBCE
:1043800005EB358A73205774ECF84C5C8A76203F35
:10439000B1CF7DDF52ECE87C623ABD144FADCC2F3B
:1043A0007BF2146EB59C469104B7E09CA9DAFC82BE
:1043B000CF7FDDE76FD0FAFCD76DBF7C09CC51A76A
:1043C000F002604D8E0AE00FDEC83E9E660D097D4C
:1043D000C8AD8E9CF0D972714DB86A5B28B4413F6C
:1043E000DD9A5371D3A31323D289F7257DF619944F
:1043F000502C64B6D3E89F7BC460A6971E9296E4C7
:104400003446E48F512DDF2CB7C5725D7D1A1FB97C
:1044100096C13EBBEAC55777C7FAB0BFA0708C7093
:104420008FF8DCA3CA2D043D46F5EC4070449E99FC
:104430004E3CC77AA6586FD3C07FB31E2AC6738C72
:104440005719BFF6A2C06F32EE7D89F55C319E90A0
:104450007AA0EEE0F362838FC193E7349818C4FD2D
:104460007991A5E7F97A3DEFDAC5BCCBDC0C78870A
:104470002FC46A06E43D3EE241EF1EABE9FD79A799
:10448000B451DBA49B7F9DCFA0898E7913624B3101
:10449000C1A7CFFC0C332AAB4A9B477F0573DD5F76
:1044A0008908B99BAC1793E44DF0581368EDAC3113
:1044B0000B544910DDA90231D1D838290B9166D1AE
:1044C000AF6090B6718906E3939B2DC3648B639FA5
:1044D0007ED3B4FBB9FFCB63D6559DFB5F1E33D7AC
:1044E0009B16F7F74B7F6DDE934FDE6D8E1FFB7DC6
:1044F000E3C2892F89F05B994E65DFCBBBA1EAC08F
:104500002B15AA2119882D2FCD478993E5917ABEC5
:10451000069F51A7557111E7CB2E2F89C5BEE830F4
:10452000FBF70B3CC238C9B8C278BF35C074034C26
:1045300037C074034C4718320D73142CEEECCD0CBD
:1045400034D26A7E63833E5AD4468D62912B8EE3C9
:10455000936357B7EE7F7DD4FC0EEDE4893B3704BF
:10456000DD337FB5D3780E9EE7E179059E17E0F93C
:10457000113C2FC393FCFB9DC68DF0CCC073E207AA
:104580003B8D45C09F82E733F07CFA1F761AF60B0D
:104590003B8D43F03C0FBF9F86C782DFAF02CEFD4D
:1045A000DB4EA302CFFDF06CBDB8D3F8C24B3B8D00
:1045B000A7E079FDF24EE39B3FD9697CF7A73B8DDD
:1045C00017F979CF2B100F3C9FFFD94EE3BA7FD953
:1045D00069ACC2F3223C37FF2B60784AF09CFCF1B7
:1045E0004EE36178CEC2F35D886FE4173B8D397876
:1045F0009E81E7BA5FED347E02CF577E09B801EFA6
:10460000F7341AAF74341AB380FFA04B60F4FB5A2E
:10461000B7877F3CD668FC3B3CD678A3F11E78DE9A
:10462000074F129E3F81E719785E1F6F34D47C7765
:10463000278F3B77868DFA3FCFEEC719CBFA7E8A5C
:10464000DD1718CB767E91DD9718CB79F14D765B2F
:10465000136183EFC066F70063C97F30C5EE39C6CA
:10466000F2FEE924BB37194B7E84F3EC7E9CB1E467
:104670004B788ADD1726CCF67189DD9727CCF2EED0
:10468000BF8BF976EE32CB3BC2EE098947A4BCB9A9
:1046900019EFEA48EB762861F30AE157822D7E7F15
:1046A0009FDD9FD578A5500CABE6940E685EB82AC6
:1046B000836EA978A65057C6E2CAFCBC65EAF3C16E
:1046C000A5B7C740C7DEDE7A0C05BF48D1AAB181C5
:1046D0001B12B332CE0D75318E54D2CE560DF7B8B3
:1046E000B9F45A1DA50BD3F912EA5C3353D5D2A500
:1046F000F886CD58B3BE7D222773F8B09D3A36B305
:1047000070349D98998F2BFD84135B933495D94A0F
:104710005FA13847E27B4A9A2433F629671B073C9E
:1047200007D9086DD8DC1CB0E3291A02DD53799C47
:1047300088D04F680ECC2349B55EA9917857B95EF1
:1047400013F3EA32EA30998BCF2769682DC02484AD
:10475000125E30771533A59C77B6837B5FD28F9B33
:10476000666D2852DF4ADE85E2D4D4469BE88A751E
:1047700014984B67DD6A5A7CA5667F92AB637F58BD
:104780002E56D28ED8B8BB19D42BF2A893164A76DF
:10479000B9BEF453043303B4FF119597841D980AEE
:1047A000C17845146939B57AFA73DD2269AE857C22
:1047B000972B5AF9243D3614581D21CB48954EF7B6
:1047C000CC70A9F7B7393E141F2C3ABA5ABB96E100
:1047D000EB24B1D722DCADBB15A1E68ECE1F70AFA6
:1047E0008AC798CBE57B9C6DE2BE4C8BF2C2A725B5
:1047F00016C4840B5B3FFE0E95759733E8EA8A7703
:1048000065BF9F1B65BD9CA366BF3FEFF397E3DCCD
:10481000E3EC7E62D41CE79E62F78551739C7B8D2E
:10482000DD6F8C9AE3DCCD63BCCE1B33C7B9297630
:10483000CF8D99E3DC26BB2B63E638973CC47A43E3
:10484000D95F36CC27D9FD1463B99B7AA5CFF497ED
:10485000EBD967D97D91B1E4D73AC7F1BFC1FE92D8
:104860004FAB779CF904197FE145EBFF35FE8BCB0D
:10487000BB87A35E9C49BB45EFF2B878711C51A77A
:10488000C2D98AD073360C3F708F9C13E7434AC15C
:1048900012BC2EDA6FB11EF5B42E011D8C2B6B05E8
:1048A000479DF7897D09E0FC7AFEB4730095504579
:1048B00047874686A49E50520E48DE23CC37CDA3B0
:1048C0009D1B950337F97F808F11A2A4F50CDCA8FE
:1048D000404D3ABC788A525FE63010C360EDE4A2E6
:1048E000301A94850E29916FD39BC4EE5D2C473905
:1048F000E760473FDD9F9BEADF3AD0CF270B3E7F43
:10490000AB548E16F10448A4E79C86013C5A03BFC1
:10491000CD4A318B1A149CAA9E1F239C1C9651EEE3
:104920006AE64CB4751CAC570C66CB4AB98AA7250D
:10493000A98FA796E30B2480BDB2147F5B7375002B
:1049400001041040000104F0B68197C0BD72291C1B
:1049500091277AFABD342E556FB284DD907ED796BA
:10496000A63E0427031AEDC04D2B6E4823925FA18B
:104970001D1D9E5FE54BA7612B93B371F721382076
:10498000985EEC7B5C2F32F6D75F1234F65AC67510
:104990000E9320935DAEE69CEA61DCA2AF17321B5A
:1049A000EE614FBC49BE9F2BC3CEBD04BBD1CDCC65
:1049B00069C75ECF578BA44D5B4415F1E8D06C0AF4
:1049C000ACE56AF69A533BE3382595A1812B253750
:1049D00068C326F02AC8CCFA292177C49AB8CBC379
:1049E0005B8B0D47DE3709192D3B9B411B01CE9692
:1049F00093ADD71C78372275639F162AB1BDFB2370
:104A00003B0DD04AB56C9A02D4BF74C4B687E19707
:104A10007DA299749828CEC23BF6098C2B7D366214
:104A20009F853FFC876F8BD86CFA79D61E48133A66
:104A30009B1EB4CF02F248ED0F61ECC3188BF879DE
:104A400002294F50BC77DB921413E2B731DA615B75
:104A5000380106B55831BBF87A7AF8AC3D8454E891
:104A6000388BAFA68916FCE93FFD3EAB5426512298
:104A7000F237F8CB8A62FE122B1A8D8AFD9DB48123
:104A8000A3F3ED10081693A293730AB057E8770FBB
:104A900030DF8F604550EFCD3AB041404D44E67B6A
:104AA0002A9C1ABE50CCACC2EB5A38AA301597D704
:104AB000ADDF5F2623421A05B59B293C909A7B54B3
:104AC000A3938AC015A53F1FA9855DD35972E8B489
:104AD000C623F185A736EBB51CD49CA210E1B3B276
:104AE0002B4DA3DE31B3FEB46EE8D1A550F3B0AFC9
:104AF0009E73F63D527FF41254146A01C2267E2F33
:104B00002B7FF7E8BC161F67FB44F686D049652F5C
:104B1000245247EDD5F9F8A220F0D8AC1233B63FB5
:104B2000BD7A440B171C46FEEF8EFD93DB0A5EF741
:104B300064861656E76DA7942D93AAA37EB53FD43D
:104B4000D281F49BDB8F17EE6F28FE70B4DAE46B32
:104B500027397FF831D8EED50B996ABEB68DE1DAE8
:104B6000FD9149C7FC5BF634A9BF33E359984B2E3E
:104B7000E809897095EDA6F8E478B5909889CFC7D3
:104B80008FF978BDC03FDECA3FEF1433EBB947B2AF
:104B900085B5876B95D325B7BE79AA5C3DB3B5FDC6
:104BA000E88637FE29FB53FAF991B79F6FB26BE5A0
:104BB000A9F416F61CD6541EFBE5EEBFC97015BE4F
:104BC000B758B6ABE572D1382068E6C7837642EABB
:104BD000942901D5CEF07D3A1BDC16B770AE79DA98
:104BE000D06C28EB0D3AC93A175F5A9A94FAB6F08E
:104BF000B84F4C750FF4D71FF4F24534CB9B8E0899
:104C0000CBE30CA726397142EBD1E359A5A7109A43
:104C100095F1E3794301462732DEA5D475B722A387
:104C2000F3D20219CF227D5D4D345A3864B7EAF8C9
:104C300009EA25E191B3F158A32AEC85F151872CBB
:104C40004F82F32EAB84EA08C8793E5CAF97B26A14
:104C50006A467A2CB6D079DC5C8D7A78319BA98B48
:104C60005955B035166B90CE6193E1D0A0C7F031A5
:104C70009D1E6BC77CC1A0772A598D5A1CF9F8E29A
:104C800077F9C0B69A69CE5FBF47ACFFA6176BFC39
:104C9000DE0663976FD85D3E409237EE19E966C332
:104CA0003119362C93B983F141C677323EC4F130C5
:104CB000BDCBF42ED3BB4CEF32BD2BE9EF623C21D0
:104CC000F333CA5864A0C6F9A9717E6A1C7F8DE3CC
:104CD000AF71FC358EBF7668D7FA50E3538564E038
:104CE000671C376BDE5C549DA2E0D9C07B8D2CF134
:104CF000F3D584D10554D99DDDAC974EA55D79E8F7
:104D00004DFC73E284C92971BB6EE9CE9736F36B13
:104D10007416EDC20BEB95E2BA7CBFC60AAA135A11
:104D20007F21761B94B84F2C2F48834A64F186EF7D
:104D300006887E39B160D74B7A683C16F328505B01
:104D40001E46213ACF32F499F97CE994BD5677F5A5
:104D50005860DC41A5B822C1B671F9E87649D5B2F0
:104D60003EB69258265CCFD76C6634A395A8304FD8
:104D70002174166CE09C2186CB4AB59C859941D95B
:104D8000599A3E7E9CDE5F8AA7E2F843F0D8A2459E
:104D900094F81DA340853734949FBC0BC3F5B6BC73
:104DA000A0B1DD3AE0EA362CF2A4CFA653408B8ABC
:104DB00038A00BCB2B14FFBDF1A554E2F8A27ADF8B
:104DC00025E32FCAAE4B13FD4A122A3AEEA507C3BC
:104DD0000B2E079AE866E2D32BC7B47C915D8666FA
:104DE000326B21BEB01C4F2D5BB3A8EF10193BC432
:104DF000B92931800D111F28B1D9281B571F4B2508
:104E000013E81F6706467F38780F315FC1CC422A0E
:104E100066C5B7F07C531832813D0A7AA3B52AD70C
:104E200066FD1776AC90C1EAF6C7C3C958A9D8D2B7
:104E3000CA3496A35EACA04D96FA9A2D85A6711C35
:104E4000521F4AF6AF7C0E7B989C25F046AB542F40
:104E50001E5666ADAC15D4543E19E9A3849887E874
:104E60006EA568234DDA318EC06AB8917EE9F78865
:104E7000DF18D6138541E60BD178AA53F50A1FDC5B
:104E8000C6F84A0E22C57DC60A7F1097EF07617BE0
:104E900093CB6CC3F2D8736F96EB55E941C6BEF263
:104EA00025D8BC081F744B2B15821FC53E780724DC
:104EB0002D1733360B7D2F40D3CF971C5A964F8238
:104EC0006BCB8EC31E8856C3D0E604CDA43D8F4A5B
:104ED0005D6790714986C4C4102228F01EB27FF429
:104EE0002E2C993D3A0E290F13F7B83D063FC9EF16
:104EF0000EC38FD217962826B5851C2E172D68371E
:104F0000A4043E4D62D998619163E59F13DAE6DD12
:104F1000499F3FCA691339FB6785D2FA749EB4D69C
:104F2000AB92A35188B4EB603DAB74C15F7D8FD869
:104F3000526C7C4CB35F26BF73B69A1D1F03EFBB48
:104F4000694984D787D523E82C1097D11115813C66
:104F50008F9F9C24097A6FDFD86F4F903D367B403E
:104F6000FC42A979170D4B89C6E0B58372858C3553
:104F7000B165A43E98B4A35A83B153306C888F4571
:104F80009ECCE6C4F524AECEA97EEFA5862B6E8618
:104F9000E9FA1C77E51E1792670F86548CDFE2B999
:104FA00085D25FE516BA4E951BFB2DE703DB3CED82
:104FB000084497143D818C59681A5A981CDB3D9619
:104FC00043E4D0AE4086A0994A27CD43C24D21A2EA
:104FD0001D14E9E8014BA66D7024DB287D39DD1F27
:104FE0003E72759B9553EBFE727321874FF8360323
:104FF000429DC129A7E42A063214B1A8A3E1315980
:10500000AFB3F3475373E999A5C4BD71B95E569622
:1050100088D63305D711659C8EAF88FB2C1A17A74D
:10502000611A123B26E4DE95EA18A81E162C8D4E56
:10503000AC3A8BA2EFB9CC97AC85CFA5529ACD0DE7
:10504000D52EF1BE2D53C8D22DBB4D3E76192D8BDA
:10505000F158AB2EB3F1DE35BE3AB3B290C47B3615
:105060001AB79904BED3A6B365E76014643EFB6427
:105070007C11F6809CAE3CF47095C98A54FC98BCB7
:10508000AF13F38AB3A15A11666C7E4C18B993E141
:1050900085313199B20A6365B721195F9A8D2D2F39
:1050A000293A6123C8BB09BB6FE6F8313D9D3392B5
:1050B0000D0BB302A9E5B322AAC4E2EC719D0E6701
:1050C000223BB386A679785553D8D699EDBC0E20ED
:1050D000F2319F48D13C4C8C1062A69683B62BCA05
:1050E0003B1F8F2D239F070DE9191297F011D23A1C
:1050F0006B19DB8FC60FC20205124BFB52D4ED5C5D
:10510000D5B951F9EE268CE964468C4CCC405DC192
:10511000D71E8A780300255674B2B011C8BB451E4D
:1051200008E420D0D49E857D25697ECD7AEF0331B9
:10513000C63312DBF8DB668F2347C4FC21D790020D
:10514000938965D41B4CFA8A31AAE7DFDF688407AC
:105150001B8D9F7C08F0ED8DC64578DE775BA33113
:1051600002EE17206C11F073F0BC027E9FBF4DF869
:105170001D00F7DA9D8DC6FD77351A9F9D68341E98
:105180009E10F853871A8DF5838DC6ABF04C40F80E
:105190000BE01E9B6C343E08CF79F0FBF21D8DC6F0
:1051A0002A3C0F4D88A70ABF2FC2B3DF8138E179AF
:1051B00088F10B39F341BFB9CCE62D895CB9545B5A
:1051C000749C5C7C3691988DE71C67B146FAA868A0
:1051D0000C8496ACF452C56190C83BAEA678497673
:1051E000A3754D4B9623A8A4D2A8034D5AA32272AF
:1051F0007CCDA00FA4A429C8E224E41088D940D50E
:10520000544616B6A705BBC740E558A576C04B99CE
:105210003C0FD8B7554CEA41318ED1B214D699EB38
:10522000B0B8D0728B9BBF632BB0ABC69C45FB471D
:105230000EAA7FFAC6407B9F746B89A53FBE3B3F99
:105240007DD41E55F31454A19D845DBA9AB7B074F1
:10525000AC82ABEA9CCE8BD5641B6D5A11935E5425
:10526000ED2EC4327EEEB99415C1AF6B52E3BC8D06
:1052700074AE142D4042F864996A158680B6DFAE8C
:105280004534FEEF362772AAE97B318ECCC538CD86
:105290003B6C9AD9EB865E34C19886BBAC03366C06
:1052A000EACBD23A9419CE2AC844C43E424127667A
:1052B00068A1DC1CAB2D62F8E34EA14453FEADFDAA
:1052C000EEAD7AFC791F0733BC775A94CF336A640A
:1052D000E61D1785753AD7AA940BF9EC369A2C433C
:1052E000C602AC8FE3CBC7E11B3F52478539C4F000
:1052F0002CD632116D5D33A9086083437B3F1CB00F
:10530000646491167C743E063A355E6E946B65FA61
:1053100067F2ECA92335647A13A7F1F42D2B11CB96
:105320009CCFE9FB60AB175F6404B9EC46FD7A865D
:1053300060D98EDB25A7AA180285E127660A8C466C
:105340007D5FAD4539A9227859030DA14DB12DB12D
:1053500067300DDB11CF17A4B3E154957D35D3AE83
:10536000567221C92BBBAA545F375B4AD6B44A3365
:10537000F91C372AD2FEEBEEFD199BFE80D929B627
:10538000D17350B3C397AFCDC28E97263E34E46B32
:10539000B2FD35D9811B1966FBAE3527CDEB16CA98
:1053A00089A84FD346A3D8F72B23F70784593C8FFE
:1053B00099919B1C6AE3C70E4D6FDC4D7BED68BD78
:1053C000840D3D77C4AAF00643EE4F6485487FDA2A
:1053D00077341F733487478F2826CCAC16A4CE4B66
:1053E000706BD38A1833A951E2FA95D7F476F48812
:1053F000B7B68FA596D231B40B27CC6FA9F15E0C4E
:105400002CB8CFF78FFD8952AD3C2D584CC5393C97
:10541000A5C2E524FE3FEC883E76470B5535AA78B9
:1054200060FAC8A5D5397E42FF94B25C923713B7B3
:10543000AD16E7AB85BA474BF16A32A19283146689
:105440004BD1B2581D978A85B468E169ECB022CC83
:1054500093577C144DF8628B4AD341929BE6A2B6D7
:105460000DF71A1B85E758F8B3F9F5D6E15A5BA595
:105470007099694A427BB965B8D9D05BBEBFE5C9AE
:10548000A52A7590D055490E6F498C0B32DCE0CBC4
:10549000842FCE2B4FAA2D155ECC544F090ED08CE5
:1054A000E053F6F8DE8CF7D5DB942B8A02FA79D339
:1054B00049196C5D7997199567C005E8F0999A3795
:1054C0004C2A7D4E923F54EA75927CA152BF93E4E0
:1054D00007957A9E3ABD7172120DE5654AD97CA195
:1054E00090C723A81C1E9529FD9FBC43263A6458EB
:1054F000ADE07846DF07E56472751A9AE4640A2322
:1055000030C9F240038D68F1B77D0FBE376C0B5088
:105510000BAB1C50883E290ED5F00D6F5DAFCF8AC6
:105520004C17B9FDED43E476FBBEA34B68F182E571
:1055300078C4BE2EAA598161A126E4EA6E696BF493
:10554000F66B920FAD5C369E22A661677A2C9DBAEF
:1055500027914CF3E64D7C14AD9EFA16CBAD658FCA
:1055600022225CAC06266593D7F5A50A0B29964145
:1055700087B3B46C5A2DDFF79A9D08677B8FC45EA2
:105580000FA3BFC7C24F33F901E25DA7EF4E8B00F7
:10559000231ACF2EA63215791407775EC1189753B8
:1055A00068429C8F7F20CE32A9EA9353F9004FC8FE
:1055B00047EC91419B0D9FFAE767EA7BD42DE9B850
:1055C0006E2C9F1B1C6CE2F3E7B161585EA2C9F917
:1055D00017CBB9C4154BD2AEE27A13DBA2484D709B
:1055E000616037C159575B0B3CA07A773EF7E010FA
:1055F000357576E1BCA305AA74A4F159B2EE4393C4
:105600007B5E0AA91AFD892C2B4A292A3C3F381AAD
:10561000BB07060BF83F4C8D147E18FDA40D7DD4FE
:105620008E7AF6D6B5FB5998EBECFE0F0886571428
:105630007E830CAC15787E1C867E9E711D35FFA87E
:10564000FA964649F153A65AD4AB4FF05E2ED4C415
:10565000B7718BED9869D6BE29F8673EF74F7EBBD0
:1056600085211AE33C3DCE7E43EF57C7AC23C749A3
:10567000E27F872DF3C98429F7F2C6836C67F15B5B
:1056800022FD431153BFE9C3DF6C6D4FF12B37840B
:105690005AFA9FE078BEEF7BEFE16E937E9DC39F49
:1056A000EE31FD97D8FF2F2F59FF27797EFFCCE7EA
:1056B0006E3004F909F273352025F88529729800B7
:1056C00094A2065D49380AF10EF457A247FA2B83DB
:1056D00093B63A2BCDED72021122954584C31D9DE0
:1056E000D6C8D0C1A191D1098B8C7FD3F999500034
:1056F00029D4CBA27BF423E3A345C0E3E3450E17F3
:1057000074E07FB028F018858F15A53F500E474FE5
:105710009C45BADFF795AB93F9FE701D766C71C5A9
:10572000DA73CF0385CF35963FF9474F8F5D7EFE05
:10573000D5C7CBFFBC5E4CBF9D7A9BDAD7819691D3
:105740006FECECE8EB74B4EF28B53625BF870AAFF1
:10575000FAAC6176AF5AA66011A2297ED074E7E553
:105760006FB3BCB8B676BC12607A723C7DAD377C44
:105770004DC6A781974C3DA7127A383D295774A191
:10578000EFDAA43771D94CAF77C99377D2D37BE2E4
:105790001D4AEF649BF4CEBD43E97DBD4D7A9BEF7E
:1057A000507AFB53E148ABF632718DD2EB7DB9F5FF
:1057B000BC7BA3582E4CDDF46EC8C9080C019CA11B
:1057C00048B7F097F9F3BBCF4207BA81A061CD107B
:1057D000FCF0FCF8F8035FB5B470C563D022DC5F61
:1057E000CE8BD7A89C53FFD1BA5F84DE623CB696BD
:1057F000C7AB59275DEB783BDEA1783BDFA178A5ED
:105800003CE20B5FB40CFB05FFF5A4C0D53F15F8D7
:10581000B67799EBB3C1DEABFCB3051EE86BFFF7BF
:105820004EC4E76FA703D7A89D5EFACF50E46AE69F
:105830008B37AFD17C31D71D8EB4EB07989E6C6F40
:1058400073D7A87CAB3DE15DCB27E56A6FBE46E927
:105850009DDFB77B7AB2DDF75EA3F42EDE7075F5BF
:10586000B97A8DD24BBEAB753C996C215FAA458B42
:10587000EE997CCBF776785FF5FCB74C7D1BE77C27
:105880007A0C647E2FF8FCE577BAE4F35776267C31
:10589000FE52FED91E35FDA5FEF3875EF7F2A1BBD1
:1058A0003B7C6EF9BDA4BBCBE7EEF6B97B7CEE5E2C
:1058B0005F7C7D3E77C4E7DEE373EFF5B9F7F9DC93
:1058C000D7F9D2F3C37E1F9650FA5B41FFC46AD862
:1058D000C07E5848CD19588D1B89D6E34622E91A57
:1058E00058C2E273BBEF877BFDF93BD63AFE1556F3
:1058F0006928F1FF70BCB5375BC71F5B9C5DD2B1F7
:1059000084A19FB5A65F4E2DA574BC97E3FF609B55
:10591000FCC417043FA2C42AFFEDCBDBC77D93F084
:105920002B3F107417193FCF7A6B2E30DEBB2A3015
:10593000EACB9B3B3ABF7CB5FDF46B7321F55E0A65
:10594000AD3B5FE57B3BDF61BDA0D7FD5A341AEE6E
:10595000A8C562DD53B6D0025EFD11EBC7F9D1EEEA
:10596000DF79AAC53E6137A0F32714026F93F6F7DB
:10597000793C793ADE761E0BFB13EED2C62B64EE31
:10598000ABEE92FEE79E11F18F315E633C352D1632
:10599000966F7E5BC4DFEB1590DC6F7EC24CEF2D03
:1059A000ACFB4855C237E4BAFB04EB8939B1FBF8CC
:1059B0005D559A0F7F33D8AA7509BD0F8CAF0421AE
:1059C000D5DF13E9E5F9E9B674E77E25EAEBD33FC5
:1059D000E5F5D847C577BA95F5D8AD31BE9DF16DDF
:1059E0008CCFFE5CE021760FB1FBD3ECFE0CE32FF5
:1059F0005DE4F676AE336CD338158B910179CF5ECA
:105A00005C2C5D747368270EC91E7544FAB72705B0
:105A1000FE63C6A757055EE4F05B9D36E34F6A3A26
:105A2000659C3F0AB4A7D5DC1BB23CDB1A721EE9A9
:105A3000835C86429DCF8EF575A20AEFEE64574FC8
:105A4000D763E129ABD1D31542D43ADC0A533820CD
:105A50002B8000020820800002082080000208201D
:105A600080000208208000020820800002082080B8
:105A70000002082080000208208000020820800028
:105A80000208208000020820800002082080000216
:105A90000820800002082080000208208000020800
:105AA00020800002082080000208208000020820D8
:105AB000800002F8ADC1FF0207375BA000000000C4
:105AC0004111F32700C09387C7123EE4732700C03B
:105AD000A267E36DF7FE410182803727002083270C
:105AE00047080145812793E727002322F7088327EA
:105AF00087088127F59B2324F7088280B727002099
:105B0000D847C176FD160127758FD8C71307D00770
:105B1000D8C7D847C1660127558FD8C782808280F1
:105B20003386C50297A7DCE09387C74D88632A9622
:105B300090E382801C610347D50083C7470193F738
:105B4000F70F5D8FA306E50013F507068280A1E934
:105B50000290828003380500834748010347D5003F
:105B600093F7F70F5D8FA306E50093F70702EDD7D4
:105B70001B08060132879B0808001C612380D700A0
:105B80009B0717001B87070082178193AE9783C678
:105B9000070089CA4686E31207FFCDFE828083C6CE
:105BA000050001473A86D5BF97A7DCE09387877C3D
:105BB0006315F516B70700201CE197A7DCE083C743
:105BC000677093F7E70F17A7DCE0230DF76E1C61F2
:105BD000238207001C612384070018618347870024
:105BE00093E727002304F70018618347870093E7B2
:105BF00047002304F70018618347870093E71700E5
:105C00002304F70018618347070193F7F70E230871
:105C1000F70018618347070193F7F70D2308F70092
:105C200018618347470393F7D70F230AF7021861D8
:105C30008347470393F7E70F230AF7021861834767
:105C4000870393F7D70F230CF702186183470703E5
:105C500093F7F70D2308F70218618347070393F7BB
:105C6000F70B2308F70218618347070393F7F70739
:105C70002308F70218618347870393F7770F230CF4
:105C8000F7021C61139705020193238207041C612C
:105C9000238407041C6123860704B79786479387EC
:105CA00007C033D7E7020CC5B70780006369F71E4A
:105CB00002901C612386C70018610CC52306C5002D
:105CC00023380500233C0500233005022334050258
:105CD00023380502233C0502233005042334050440
:105CE00023380504233C050423300506A3060500DC
:105CF0008347070393F7770F2308F7021861834759
:105D0000470393F7B70F230AF70218618347870306
:105D100093F7E70F230CF702828097A7DCE09387C5
:105D20006773631CF500B70710201CE197A7DCE040
:105D300083C7475993F7D70F79B597A7DCE09387C7
:105D4000677F631CF500B72710201CE197A7DCE0F4
:105D500083C7475793F7B70FBDB597B7DCE0938775
:105D6000678B631CF500B74710201CE197A7DCE0A8
:105D700083C7475593F7770FB9B597B7DCE093879B
:105D80006797631CF500B76710201CE197A7DCE05C
:105D900083C7475393F7F70E3DB597A7DCE093878A
:105DA0006756631CF500B70700281CE197A7DCE0E5
:105DB00083C7475193E7170039B597A7DCE093876E
:105DC0006762631CF500B70710281CE197A7DCE0A9
:105DD00083C7474F93E72700FDB397A7DCE093877E
:105DE000676E631CF500B72710281CE197A7DCE05D
:105DF00083C7474D93E74700F9B397A7DCE0938744
:105E0000677A631CF500B74710281CE197A7DCE010
:105E100083C7474B93E787007DB397B7DCE0938751
:105E20006786631FF500B767102817B7DCE0233BD0
:105E3000F78497A7DCE083C7E74893E7070161B3DE
:105E4000029071B31BD717009B986800BB081741DD
:105E50000347C80093F7F707BB8717411367070885
:105E60002306E80018612302D700186123006700A9
:105E7000146103C7C6001377F7072386E600146191
:105E800003C70603136707082388E6026373FE004F
:105E90000290186193F7F70F230EF70219BD9B07C5
:105EA00007001BD377009BD6F700130EF00F9A88DC
:105EB0000338050093F6F60FE366EEF88347C80053
:105EC00093E707082306F8001C612382D7001C61B2
:105ED0002380670018618347C70093F7F7072306FD
:105EE000F70018618347070393F7F7072308F702C2
:105EF000C9B3397106FC22F826F44AF04EEC52E898
:105F000097000000E780C0BFB7A708003707083731
:105F1000938707081CC7372400208547232CF408E3
:105F2000B7273F0037770020938707F01CC7B78754
:105F300000201307F04723AEE7C0714697A5DCE0C9
:105F40009385C52D1305042097200000E780C09D90
:105F5000714697A5DCE093856531130544239720AE
:105F60000000E780609C1306000397A5DCE09385A2
:105F7000E52C1305442597200000E780E09A3717A9
:105F800008003734002013077790B7170400232246
:105F9000E41C9387D7A02324F41C2322E41C8564EB
:105FA0002324F41C938704F0232EF41A9384048092
:105FB00097000000E78000B1232E941A970000009C
:105FC000E78040B0896793870780232EF41A9700F3
:105FD0000000E78020AF916793870780232EF41A93
:105FE00099643774D0B785693779B0B713040477EB
:105FF0009384F407138AE9FF1309097797A7DCE074
:106000009387C72C9843B94763E6E70897A7DCE076
:1060100083E7C72B172700001307C7948A07BA978F
:106020009C43BA978287054797A7DCE023A0E7FE49
:10603000B78700209306101023A0D7C0B7F68008BA
:1060400023A0E7C09386F62F23A2D7C0B776F037F8
:106050009386067723A6D7C023A8D7C089669386E0
:10606000860C23AAD7C0B75600F09386C60C23AC83
:10607000D7C0B70600FF23A2D7C2B7061480938605
:10608000161023A4D7C0B707403E98C397A7DCE0FB
:1060900023AEE72297A7DCE0938747F79C43B9FF3D
:1060A00097A7DCE09387170B17A7DCE01307970A85
:1060B00097A6DCE09386160A6398E7340D47B70786
:1060C000013E98C3B717003E98C3370700019306F7
:1060D0006703D4C39306005094C71307071098CBE7
:1060E0003707004B13070730D8CB056713070702A4
:1060F00098CF23A6070023A2070223A407021307B1
:106100000006D8D7054798DB11670D0798D3B72746
:10611000003E1307501598C70D67130707C3B7064E
:10612000203E98CA13078020D8C323AA070023ACB7
:10613000070023AE070002C41307700CA247812793
:106140006377F72CB7070001938677033717003E74
:1061500054C3FD173EC23716003EB7060002584230
:106160000127758F6309072AB707054037270020E5
:106170009507232CF70A0F00F00F02C68327870B21
:1061800093F707046383072A930740021CC7B727C6
:10619000003E0D47D8C797000000E7806096E27088
:1061A0004274A2740279E269426A014521618280E7
:1061B00097A7DCE0938707129C43852717A7DCE0AD
:1061C000232AF710B787002083A707C293F7070495
:1061D000E38207EC97A7DCE023AE070E894717A7F9
:1061E000DCE02325F70E7DB597A7DCE09387870ECB
:1061F0009C4339479B861700B6876367D70017A76C
:10620000DCE02329F70C79B597A7DCE023A4070C81
:106210008D47F1B7B737002023A007103707103E8E
:1062200085471CC3370750361CC3370751361CC37C
:106230009306F04737870020232ED7C09306F00738
:10624000232ED7C03707803E1CC323200700914769
:1062500079B7B787002083A707C21397170395471D
:10626000E34F07F605BD37870020832707C2B7062F
:1062700000408127D58F2320F7C23707803E5C433B
:1062800091668127D58F5CC3994791BF85473707B2
:10629000203E1CC33707083E1CC397A7DCE023AB96
:1062A00007029D472DBFB787002083A787C093F7BC
:1062B0000708E38107DEA1471DB7B787002083A742
:1062C00047C113978702A547E34B07F0E1B3970057
:1062D0000000E780C08097000000E7804080B7069C
:1062E00011209846138609C00127518F98C6372779
:1062F00011201C478127D18F1CC7A947CDB5B7876F
:10630000002003A747C183A687C201271396060270
:1063100063550602054797A6DCE023ABE6FA37078C
:1063200000DB23A2E7C23777F0B71307077723A66E
:10633000E7C023A8E7C0AD475DB51B57070113773A
:10634000F707B14663E0E602094797A6DCE023A120
:10635000E6F8370700DB23A2E7C223A627C123A85C
:1063600027C1D1BF0D4797A6DCE023A3E6F6370788
:1063700000FF23A2E7C223A687C023A887C065BF6A
:10638000B787002023AE97C01307F00723AEE7C0FE
:1063900097A7DCE09387C7F398438547631AF70410
:1063A00097A7DCE023A807F2B14715BD97A7DCE06B
:1063B000938747F29C431B871700BA87E371EAE48F
:1063C00097A7DCE023A807F0B54711BDB7870020E9
:1063D00003A787C2370700FF23A2E7C223A687C00F
:1063E00023A887C023AE97C01307F00723AEE7C0EA
:1063F000B947F5B397A7DCE023AA07C061B91043FA
:106400009107110723AEC7FEE3EBD7FE45B9A247BC
:1064100085273EC425B31247012709C712477D3798
:106420003AC235BB3EC202901DBBB24785273EC66D
:10643000B1B39307F6FF63F8A5003387F5008147F2
:106440006362A70201A03307F5008147636CB700C0
:1064500001A0B386F50083C606003307F500850763
:106460002300D700E317F6FE828029713EECE26735
:106470004AF25AE2DEFDEAF106FE22FA26F64EEE76
:1064800052EA56E6E2F9E6F5EEED9C633A8B833C80
:106490000600B308F7001377480001273AE47D5758
:1064A0003AE0226732E82A89AE8B428DAE9C11E732
:1064B0003308DB40FD17C2973EE082671387170061
:1064C000F98F99E36378DB02E267755523B0070023
:1064D000C26723B00700F2705274B2741279F26985
:1064E000526AB26A126BEE7B4E7CAE7C0E7DEE6D14
:1064F0003161828083270900130650030324490079
:1065000083398903832D0902032A4902032C890256
:10651000033E0904E363F6781715000013054548A8
:1065200093952700AA9590412A9602860546232E28
:10653000C900233409002328C90013741D0069E42D
:10654000DA8ADE848149014C014A814D094763F6AC
:10655000941F850483C7F4FFB39787002124B3E910
:10656000F900E37687FE99AA93772D00054591E31C
:10657000715585472320F900DA8ADE848547630553
:10658000F500F1576317F510FD5723228900339466
:1065900087001344F4FFC267B3793401233C390305
:1065A0002320B90323224903232489032330C90567
:1065B000B384744184E3E267B38A6A4123B057012C
:1065C000E34B05F085659385055BB3F8BA02832735
:1065D000C901416345331396070341929BD70701D5
:1065E000E3960A749B9707013B87C700232EE900B7
:1065F000E31305EE137D1D00E30F0DEC8327090166
:10660000E38BE7EC7955C1BD81493E8C3E8ABE8D56
:106610003E84E3FB9BF503C60B0093871B002324FA
:10662000C90063FB970783C507009384170083277E
:1066300089002326B900054A1B9687002D9EFD453B
:106640003B76B60211EA03368900161A3D0A337A00
:106650004601611A333A40012266012A0DE29BD7B6
:106660004700A12705463B16F60021658545636670
:10667000C500B357F70093B5170033EA4501DA8A2E
:10668000630B0A020290930740022320F900DA8A82
:106690007D559D476F00306113772D00054511E34F
:1066A000715509472320E900DA8ABE84C1BDDE871F
:1066B0008DBFDE84C1BF8947E3FA87E893F779008D
:1066C0001BD617001B07D4FF232AF900232CC9006F
:1066D00093D939001B040700631C06201D8B6363DC
:1066E000E40893777400B3D9F9006198014A61CC4A
:1066F0009D4763F3870A93170A0281933307F900D2
:106700008D67BA9723843793613493D98900052A1A
:106710008D47E3FE47FD8D67CA9703DA879283D7DB
:10672000A79293C7F7FFC217C193630EFA0C0290AA
:10673000930770022320F900A1BF93772D00054530
:1067400091E371558D472320F9000DBDDA8ADE846F
:10675000F5BB93772D00054591E371559547E5B756
:10676000DA8ADE84E3F794FF850483C7F4FFB397E6
:106770008700B3E9F9009B0784001B8407009D8B09
:10678000E362F4FEB9BF93772D00054591E371559F
:10679000994755BFDA8ADE841D47E3F694FF8504E6
:1067A00083C7F4FFB39787002124B3E9F900E376A8
:1067B00087FE91B793772D00054591E371559D476D
:1067C00059B7DA8ADE84E3F794FF93170A0203C607
:1067D000040081933307F9008D67BA972384C79229
:1067E000850435B7DA8ADE8499B79D4763FE870250
:1067F00093FDF90F613493D9890063F51A0523805D
:10680000BA017D3A850A63090A0A65F063E21A074C
:10681000A5471DA893772D00054591E37155930772
:10682000300315B7DA8ADE841D47E3F594FF85044B
:1068300083C7F4FFB39787002124B3E9F900E37617
:1068400087FE7DB7930740032320F900094591B5E2
:10685000DA8ADE845DB7DA8ADE844DBF93772D0055
:10686000054591E3715593076002F1BDDA8ADE8434
:10687000E3F694FF33875841B3879C406373F70076
:10688000BA8713170A0201936373F700BA873E862B
:10689000A685568536FC72F846F43EF09700000057
:1068A000E78060B98277A278427E3B0AFA40BE94C4
:1068B000BE9AE276E31C0AF483274901858BE38CB8
:1068C00007DE93777400E368F43093777400B3D7EE
:1068D000F900619863F49B00E31F0430FD59B399FC
:1068E000890093C9F9FFB3F9F900E30A043001A064
:1068F0008D476318F6000290A9472DBDDA8ADE8421
:10690000DDBF8547631CF608130700122326E90242
:10691000130700022328E9020567130687DE130721
:1069200087E0930789044A964A9795452300B60065
:106930000506E31DE6FE1307890D21468507A38F93
:10694000C7FEE39DE7FE1307891425468507A38F3D
:10695000C7FEE39DE7FE130709161D468507A38FB3
:10696000C7FEE39DE7FE1307891621468507A38F1F
:10697000C7FEE39DE7FE03268901635A06148D4591
:106980000545F54EB3879C4063D3F558B38758410E
:10699000634CF568B94763F28758F1AB014A1317A6
:1069A0000A020193971700009387C71CBA9783C701
:1069B00007006366F40813160A0201929717000095
:1069C0009387471BB29703C707008547052A9B0596
:1069D0000700BB97B700FD37B3F7F900199CB3D98F
:1069E000B90013078600971500009385A5170A06BE
:1069F0002E9610420A074A97B19F5CC78947E3F079
:106A000047FB8967138787B8938787CA4A97CA97CE
:106A1000230007000507E31DF7FE014A832749030A
:106A20006366FA04CD47232AF902B1B793772D00A4
:106A3000054591E37155AD4739B3DA8ADE84931782
:106A40000A028193171700001307C712BA97E3FFD2
:106A500094FD850403C7F4FF33178700B3E9E90009
:106A600003C707002124E364E4FEB1B7894763F25A
:106A7000870413160A020192971700009387070BE9
:106A8000B29783C7070013F7790075343306F9000E
:106A90008967B2972384E7B893D93900052ABDBF27
:106AA00093772D00054591E37155B94769B9DA8AA5
:106AB000DE840947E3F694FF850483C7F4FFB397A8
:106AC00087002124B3E9F900E37687FE5DB7BC00B7
:106AD0003801238007008507E39DE7FE8565931253
:106AE0000602138705DA93D202023387E202938506
:106AF000058093078716CA97BE95238007008507F0
:106B0000E39DB7FE856793878796BA97CA97938563
:106B10000748238007008507E39DB7FE032389010B
:106B20004A97BA85931703028193A1078A07CA97E8
:106B300003AFC700814E85056314DF0502E5930F9F
:106B400081042C019303410C014F014583A74F00A1
:106B50009105910F3D9DBB87E7011B9F170023A265
:106B6000E501E395B3FEC1676305FF12854763F254
:106B7000A7120290930730022320F9007D55FDBA39
:106B800083C775048809852E8A07AA9703A587F706
:106B9000052523ACA7F645B7DA8ADE84D9BF0345BD
:106BA00087041B06050039CA930F010D93172600B1
:106BB000FE9783AF87FB81439B821F0023AC57FA6C
:106BC000B28293F71F009B931300B3E37700FD326B
:106BD00081239BDF1F00E39602FEA94763E7C704FA
:106BE00026053365AF001B15050185471B5505417B
:106BF0003B96C7009307F03F63FB7700052F05071F
:106C0000E39FEEF989476319F318014A1DAA827FB1
:106C1000939703028193FE979387070B8607CA9782
:106C20002394A700BB037600F1B793F7F33FC29715
:106C30008607CA970395871609E52394B7162E850C
:106C4000F9359BD393009BD3130093F713001D9D3D
:106C50001345F5FFAD470125631BF60082773E958E
:106C60001305054B06054A952314E50141BFB307FB
:106C7000050186070565CA97AA97839F87961B8596
:106C80000F0063960F002394B7962E85F9357D3655
:106C90005DBF02169307006D01923388F202014F27
:106CA000FD55B307F6023EF0A1BFB94763E787047D
:106CB000B3879C400547634DF712056693F7F93F8C
:106CC000130706E5BA978607CA9703958700634BB3
:106CD000050C9B57954099C36371F40263F09411BE
:106CE00083C7040013871400BA84B3978700B3E9FD
:106CF000F9002124B947E3F287FC056693F7F93FD1
:106D0000130706E5BA978607CA97839787009B857E
:106D1000070063CF050E13D7954093F5F71FBD47C6
:106D20009B8D0500B3D9E900199C63C7B710931771
:106D30000A0281933307F9008D67BA972386B792C9
:106D4000052A0326C90283270903B19FE36FFAF4DA
:106D5000639C471B8D679387C792CA970216BE85AF
:106D600001921305890436FC72F846F43EF097F060
:106D7000FFFFE780406C8365C902827703660903E1
:106D80000565130585DEBE954A9597F0FFFFE78000
:106D9000806AE276427EA27883278901FD37232C20
:106DA000F900D1BEA947E3FB87F229471306062560
:106DB000B3D7E9001345F5FF858BAA97B2978607ED
:106DC000CA97039587009B051700E35805F29B07B8
:106DD00027001B870500E37DF4FC09B793772D009E
:106DE000054591E37155C147B9BADA8ADE84FDB52C
:106DF00083C714001B0784008904B397E70003C707
:106E0000E4FF33178700D98FB3E9F9004124F5B5C2
:106E1000A947130606251B871700B3D7F90093C5AA
:106E2000F5FF858BAE97B2978607CA978395870043
:106E3000BA87E3C205FEE5B5C147639BF500631958
:106E40000A00C14D0290C54705BBDA8ADE84DDBF6A
:106E50009B870DFF139707020193971700009387F5
:106E6000E7D1BA9703CC0700636F84071B870DFF38
:106E7000131607020192171700001307A7D03297C5
:106E8000854703470700BB978701FD37B3F7F90034
:106E90008D65B99F13160A021387C59201924A970E
:106EA00032974146B3D989013B0484410145639A35
:106EB000CD001B06FAFF021601924A962E96034554
:106EC000C6921396070201923A966319C7023B8A4B
:106ED000470185BD93772D00054591E37155C9475D
:106EE0009DB0DA8ADE84E3F794FF850483C7F4FF5C
:106EF000B3978700B3E9F9002124BDB72300A700A9
:106F00000507E1B7DA8ADE840290D547B5B1394783
:106F10006363870605476352F70283C714001B07A4
:106F200084008904B397E70003C7E4FF33178700A1
:106F3000D98FB3E9F90041243DA893F7F93F93872E
:106F4000070B8607CA978395870063C505069BD7FD
:106F5000954099C36371F40263F7940983C70400F1
:106F600013871400BA84B3978700B3E9F90021248A
:106F7000B947E3F487FC93F7F93F9387070B86073C
:106F8000CA97839787001B86070063490606135735
:106F9000964013F6F71F9307F00F1B0A0600B3D9AC
:106FA000E900199C63C7C71063FB1A0723804A01D5
:106FB000850AF1B2A947E3F187FA2947B3D7E90077
:106FC000858B8D8F9387F74A8607CA9783958700AD
:106FD0001B061700E3D105FA9B0727001B070600D5
:106FE000E37EF4FC95BF93772D00054591E3715541
:106FF000DD476FF04FF5DA8ADE84B9BFA9471B87FA
:107000001700B3D7F900858B918F9387F74A8607CE
:10701000CA9703968700BA87E34306FEADBFE147F0
:1070200025B0DA8ADE8449B763E78E0203C714000D
:1070300083C70400910422075D8F83C7E4FFC20762
:107040005D8F83C7F4FFE207D98FB3978700B3E959
:10705000F9001B04040293F7F93F9387070B860797
:10706000CA9703968700634906161B5796401B0A6A
:107070000600199C93770A10B3D9E900228795EB93
:1070800093F7F93F9387070B8607CA97039F8700FB
:1070900063460F161B549F402380CA0093770F103E
:1070A000B3D989003B048740638C0716850A1B0A05
:1070B0000F00137AFA1F93070010630FFAFE1B0AE2
:1070C000FAEF021A135A0A0297170000938787A74C
:1070D000D29703CC0700060A97170000938707A1F1
:1070E0003E9A031A0A0063000C02636A84158547FE
:1070F000BB978701FD37B3F7F9003B048441B3D94F
:1071000089013B8A4701B94763E58704B3879C40FF
:1071100005476349F71893F7F93F93870778860780
:10712000CA9703958700634705129B57954099C3FB
:107130006371F40263FD941583C704001387140080
:10714000BA84B3978700B3E9F9002124B947E3F47F
:1071500087FC93F7F93F938707788607CA97839749
:1071600087001B870700634F07141356974013F7D8
:10717000F71F021701939717000093872795BA9777
:1071800003CC0700060797170000938727903E97C8
:10719000B3D9C900119C831D070063000C02636210
:1071A00084178547BB978701FD37B3F7F9003B0488
:1071B0008441B3D98901BB8DB70193970D02338EFA
:1071C000DA408193637DFE142267630A07140290FC
:1071D000930750026FF00FD6A9471B871700B3D74C
:1071E000F900858B3386C7401306F64A06064A9691
:1071F00003168600BA87E34206FE95BDA9471B84A5
:107200001700B3D7F900858BB387E7419387F74A17
:107210008607CA97039F8700A287E3420FFEADBD92
:10722000A380EA01890A6FF0EFF593772D000545F9
:1072300091E37155E5476FF00FD1DA8ADE84E3F60A
:1072400094FF850483C7F4FFB3978700B3E9F9007F
:10725000212461BDA947E3FF87EC05662947130692
:1072600006B8B3D7E9001345F5FF858BAA97B29707
:107270008607CA97039587009B051700E35B05EC1B
:107280009B0727001B870500E37DF4FC65B593771A
:107290002D00054591E37155E9476FF0CFCADA8AB1
:1072A000DE8449BD83C714001B0784008904B3979B
:1072B000E70003C7E4FF33178700D98FB3E9F9006C
:1072C000412441BD8565A947938505B81B861700F4
:1072D000B3D7F9001347F7FF858BBA97AE978607A8
:1072E000CA9703978700B287E34207FE59B59377A1
:1072F0002D00054591E37155ED476FF0CFC4DA8A53
:10730000DE84E3F694FF850483C7F4FFB397870018
:10731000B3E9F900212461B5DA8ADE844DBD026744
:10732000B307FE40F98FB697568763F3FA003E879E
:1073300013160A020192329763EDE804094763616C
:107340004707630E0AE203C607002380CA006316DC
:10735000EA0083C71700A380FA0093170A028193FB
:10736000BE9A6FF0CFE1930750036FF0EFCDDA8A4A
:10737000DE84E3FA1AFF93970D0202678193B30745
:10738000FE40F98FB69783C70700050E850AA38FC5
:10739000FAFED2877D5A638407DE1B8AF7FFD1BFCE
:1073A00003C607008D0A8D07A38ECAFE03C6E7FF3A
:1073B000753A238FCAFE03C6F7FFA38FCAFE41B7F3
:1073C00093772D00054591E37155930700026FF007
:1073D0008FB7DA8ADE84E3F594FF850483C7F4FF70
:1073E000B3978700B3E9F9009B0784001B8407006B
:1073F0009D8B6FF04FCDFD1461346FF0AFCD93775F
:107400001D00D9E7930720022320F90001456FF002
:107410004FA82DC89D4763FE870293F7F90F61348B
:1074200093D9890003270901052A1B178700D98FE3
:107430002328F9008D47E3E747FDE1BF93772D004F
:10744000054591E37155930790026FF0CFAFDA8A4B
:10745000DE841D47E3F494FF850483C7F4FFB397EC
:1074600087002124B3E9F900E37687FE7DB793779F
:107470002D00054591E371559307A0026FF0AFAC65
:10748000DA8ADE84E3F594FF83C70400850459BFDC
:10749000014ACDBFDA8ADE84B5B7DA8ADE846FF0BE
:1074A000EFEDFD14613463F19B8EE3EC87FE6FF02A
:1074B000AF8D03470B002128210B319F03469BFF13
:1074C000399EBB06C700BD9E8347ABFF3B87C70005
:1074D0008347BBFFB99EB99F0347CBFFBD9EB99FB2
:1074E0000347DBFFBD9E3D9F8347EBFFB99E3D9F5A
:1074F0008347FBFFB99E3B86E700BB87C6001B079F
:10750000780002170193E36617FB3B076841BB064F
:1075100067018216819263ED1601B38A1A413B76A8
:107520006602AE88BBF767026FF08F8B0148C1BF60
:10753000050B8346FBFF359EB19FD1BF517186F588
:10754000A2F1A6EDCAE9CEE5D2E156FD5AF95EF503
:1075500062F166ED6AE96EE51C08238007001801F8
:107560008507E39CE7FE03BD0500FD578193336764
:10757000DD0063E2E712C6679B8C06009B0B0D00E3
:1075800032E866CC2AF45ED882D482F882E002F037
:1075900002FC82FC91E797E7FFFF9387A758BEE8BC
:1075A000E66791E797E7FFFF9387A757BEEC867DD5
:1075B000C6672D6BB28A2E8CAA8913060BB185453E
:1075C0006E85368A8297AA84715445C523200500AA
:1075D0002A9B0547FD588D672326EBB0AA9713D940
:1075E00008020217B3762A0123B0E7B03D4723A46F
:1075F000E7B023BC07AE4E8736E0337D2D013C005B
:10760000CE86D68535480A86AAE46AE497F0FFFF5D
:10761000E780E0E502672326ABB02A84B377270131
:10762000BE9A3EF083E7C4013B8AEC4056E8BEF8C0
:10763000A26752CC33F92701BB8BFB40CA994EF4A9
:107640005ED84AFCE66763460504FD5811CD232643
:107650001BB16D54A6856E858297ED57631BF400B0
:1076600063190A00755431A023302C01A6856E855C
:1076700082972285AE700E74EE644E69AE690E6A12
:10768000EA7A4A7BAA7B0A7CEA6C4A6DAA6D6D6134
:1076900082807554C1B779741304048FD9BF1797CA
:1076A000DCE7130727969797E4E79387A795998FC9
:1076B000370708006374F70002900290B7070102D1
:1076C0002D472384E700B727002023AA0716179722
:1076D000DCE913072793B706000A9797E4E9938735
:1076E00067926373D7000290B706000C63E3D7007C
:1076F000029063F3E70002903387E7409357170146
:107700009316F70293F7F70F81C6852793F7F70FC4
:1077100011476373F7000290B71701021307F00FC8
:1077200023B0E78023B4E78023B8E78023BCE78059
:1077300023B0E78223B8E78223BCE78223B0E78443
:1077400023B4E78423B8E78423BCE78423B0E78627
:1077500023B4E78623B8E7861707000013078732AC
:107760000333070093060010B707000AB718010299
:10777000170800001308883037050200B705080A0B
:1077800023B4D8820F00F00F033708003E8618E2BA
:10779000050713060604E31C67FEAA9786060F007A
:1077A000F00FE39FB7FCB71701021307F00F23B4E4
:1077B000E7820F00F00F8280372700208327870899
:1077C000B706008005458127F58FB7060040F916FA
:1077D0002324D70881272324F708FD572322F708FD
:1077E00085471CCB82801797DCE01307E7AD184371
:1077F0009797FEFF938707C683B887023E8831EBD1
:1078000085471797DCE02321F7AC3785B8ED0547AE
:10781000130505321793DCE01303C3F49B0707003D
:107820002146BE8613FE17009BD517009B870500D7
:1078300063050E00B347B50081277D361376F60F3A
:1078400081276DF28A069A9605279CC21377F70F57
:1078500071F77D579786DCE99386C67A7D569795B2
:10786000DCE0938525F031A883C706008506B98F33
:1078700093F7F70F8A07AE9788431B578700298F26
:107880000127FD18E392C8FE032588011347F7FF7F
:10789000198D1335150082802A83B682054323A0F3
:1078A0006200014323A26200328323B462002A8370
:1078B00023B862002E8323BC62001B03F00F131356
:1078C000830123A262000D4323A062000F00F00F8A
:1078D0008280AA8203A3020013732300E31C03FE29
:1078E00023A0020082802A83AE8311C62300730086
:1078F0007D16050365FE82802A8309CA83830500FD
:10790000230073007D16050385056DFA82802A83A6
:1079100009CA8393050023107300791609038905AA
:107920006DFA82802A8309CA83A30500232073008D
:107930007116110391056DFA82802A8309CA83B3F7
:1079400005002330730061162103A1056DFA8280C2
:107950000000000000000000000000000000000027
:10796000C6E6FFFF50E8FFFF88E8FFFFB4E8FFFF2F
:10797000F2E8FFFF06E9FFFF2CE9FFFF46E9FFFF02
:107980005AE9FFFF6EE9FFFF9EE9FFFF20EAFFFFD4
:107990004CEAFFFF6CEAFFFF94EAFFFF90EBFFFF6A
:1079A00076ECFFFF12EDFFFFB0EDFFFFFEFAFFFFE9
:1079B000C4EDFFFFF8EDFFFF26EEFFFFFEFAFFFF2D
:1079C000BAEEFFFF60EFFFFF9EF0FFFFFEFAFFFF42
:1079D000FEFAFFFF12F1FFFFFEFAFFFF4EF4FFFF7A
:1079E000AEF4FFFF46F5FFFFFEFAFFFFFEFAFFFFD2
:1079F00068F5FFFFFEFAFFFF5AF6FFFF86F6FFFF6E
:107A00009EF8FFFF02F9FFFF62F9FFFFFEFAFFFF9A
:107A1000FEFAFFFFFEFAFFFFFEFAFFFF36FAFFFF56
:107A2000FEFAFFFFF8FAFFFFFCF1FFFF16EDFFFF84
:107A30007CF9FFFFD0EEFFFF48EEFFFFFEFAFFFFED
:107A4000B2FAFFFFE4FAFFFFFEFAFFFFFEFAFFFFC4
:107A5000FEFAFFFFFEFAFFFFFEFAFFFFFEFAFFFF4E
:107A6000FEFAFFFFFEFAFFFF88EEFFFFB4EEFFFF16
:107A7000D2F9FFFF00000000000001C0BEEEFFC011
:107A8000000801C0BEEEFFC00100020003000400B8
:107A90000500070009000D00110019002100310048
:107AA000410061008100C100010181010102010367
:107AB000010401060108010C011001180120013028
:107AC000014001600000000000000000010102020E
:107AD00003030404050506060707080809090A0A3E
:107AE0000B0B0C0C0D0D000003000400050006003C
:107AF0000700080009000A000B000D000F0011002C
:107B0000130017001B001F0023002B0033003B0055
:107B100043005300630073008300A300C300E3002D
:107B20000201000000000000101112000807090601
:107B30000A050B040C030D020E010F0000000000EB
:107B40000000000000000000010101010202020229
:107B500003030303040404040505050500000000F5
:107B6000010100000100000004000000000000000E
:107B700005050400000000000203070000000000EB
:107B800003030B00000000000000000000000000E4
:107B9000040000001400000003000000474E5500E0
:107BA000A042C8D284987BDD0945BC5AC7CECE8B93
:107BB000A5AD601F000000000000000000000000F4
:107BC000004001080000000001000000000000006B
:107BD00000000000000000000000000000000000A5
:107BE0000000000000000000000000000000000095
:107BF0000000000000000000000000000000000085
:107C00001B5B324A1B5B481B5B306D0D0A485353AC
:107C10003A206465636F6D7072657373696E672077
:107C200066726F6D20654E564D20746F204C322069
:107C300053637261746368202E2E2E200000506101
:107C4000737365640D0A004661696C65640D0A0012
:107C50000000000000000000000000000000000024
:107C60000000000000000000000000000000000014
:107C70000000000000000000000000000000000004
:107C800000000000000000000000000000000000F4
:107C900000000000000000000000000000000000E4
:107CA00000000000000000000000000000000000D4
:107CB00000000000000000000000000000000000C4
:107CC00000000000000000000000000000000000B4
:107CD00000000000000000000000000000000000A4
:107CE0000000000000000000000000000000000094
:107CF0000000000000000000000000000000000084
:107D00000000000000000000000000000000000073
:107D100000000000000000007C0F000000000000D8
:107D200000000000444444444444CC8833335BB5F1
:107D3000000000000000000029082908290829087F
:107D400029082908290829082908290829082908AB
:107D5000290829082908290829082908290829089B
:107D60002920290829082908280928092809280973
:107D7000280928092809280928092809280928097B
:107D80002809280900000000000000000000000091
:00000001FF
