   1              		.file	"mss_pll.c"
   2              		.option nopic
   3              		.attribute arch, "rv64i2p0_m2p0_a2p0_f2p0_d2p0_c2p0"
   4              		.attribute unaligned_access, 0
   5              		.attribute stack_align, 16
   6              		.text
   7              	.Ltext0:
   8              		.cfi_sections	.debug_frame
   9              		.section	.text.set_RTC_divisor,"ax",@progbits
  10              		.align	1
  11              		.globl	set_RTC_divisor
  13              	set_RTC_divisor:
  14              	.LFB19:
  15              		.file 1 "../src/platform/mpfs_hal/common/nwc/mss_pll.c"
   1:../src/platform/mpfs_hal/common/nwc/mss_pll.c **** /*******************************************************************************
   2:../src/platform/mpfs_hal/common/nwc/mss_pll.c ****  * Copyright 2019-2022 Microchip FPGA Embedded Systems Solutions.
   3:../src/platform/mpfs_hal/common/nwc/mss_pll.c ****  *
   4:../src/platform/mpfs_hal/common/nwc/mss_pll.c ****  * SPDX-License-Identifier: MIT
   5:../src/platform/mpfs_hal/common/nwc/mss_pll.c ****  *
   6:../src/platform/mpfs_hal/common/nwc/mss_pll.c ****  * MPFS HAL Embedded Software
   7:../src/platform/mpfs_hal/common/nwc/mss_pll.c ****  *
   8:../src/platform/mpfs_hal/common/nwc/mss_pll.c ****  */
   9:../src/platform/mpfs_hal/common/nwc/mss_pll.c **** 
  10:../src/platform/mpfs_hal/common/nwc/mss_pll.c **** /*******************************************************************************
  11:../src/platform/mpfs_hal/common/nwc/mss_pll.c ****  * @file mss_pll.c
  12:../src/platform/mpfs_hal/common/nwc/mss_pll.c ****  * @author Microchip-FPGA Embedded Systems Solutions
  13:../src/platform/mpfs_hal/common/nwc/mss_pll.c ****  * @brief MPSS PLL setup
  14:../src/platform/mpfs_hal/common/nwc/mss_pll.c ****  *
  15:../src/platform/mpfs_hal/common/nwc/mss_pll.c ****  */
  16:../src/platform/mpfs_hal/common/nwc/mss_pll.c **** 
  17:../src/platform/mpfs_hal/common/nwc/mss_pll.c **** #include "mpfs_hal/mss_hal.h"
  18:../src/platform/mpfs_hal/common/nwc/mss_pll.c **** #include "mss_pll.h"
  19:../src/platform/mpfs_hal/common/nwc/mss_pll.c **** 
  20:../src/platform/mpfs_hal/common/nwc/mss_pll.c **** /**
  21:../src/platform/mpfs_hal/common/nwc/mss_pll.c ****  * We do it this way to avoid multiple LDRA warnings
  22:../src/platform/mpfs_hal/common/nwc/mss_pll.c ****  * alternate it to
  23:../src/platform/mpfs_hal/common/nwc/mss_pll.c ****  * #define MSS_SCB_MSS_PLL      (IOSCB_CFM_MSS *) )x7xxxxxxx    The actual
  24:../src/platform/mpfs_hal/common/nwc/mss_pll.c ****  * address * but above results in error every time we use the function
  25:../src/platform/mpfs_hal/common/nwc/mss_pll.c ****  */
  26:../src/platform/mpfs_hal/common/nwc/mss_pll.c **** 
  27:../src/platform/mpfs_hal/common/nwc/mss_pll.c **** PLL_TypeDef * const MSS_SCB_MSS_PLL = ((PLL_TypeDef *) MSS_SCB_MSS_PLL_BASE);
  28:../src/platform/mpfs_hal/common/nwc/mss_pll.c **** PLL_TypeDef * const MSS_SCB_DDR_PLL = ((PLL_TypeDef *) MSS_SCB_DDR_PLL_BASE);
  29:../src/platform/mpfs_hal/common/nwc/mss_pll.c **** PLL_TypeDef * const MSS_SCB_SGMII_PLL = ((PLL_TypeDef *) MSS_SCB_SGMII_PLL_BASE);
  30:../src/platform/mpfs_hal/common/nwc/mss_pll.c **** IOSCB_CFM_MSS * const MSS_SCB_CFM_MSS_MUX          =\
  31:../src/platform/mpfs_hal/common/nwc/mss_pll.c ****         ((IOSCB_CFM_MSS *) MSS_SCB_MSS_MUX_BASE);
  32:../src/platform/mpfs_hal/common/nwc/mss_pll.c **** IOSCB_CFM_SGMII * const MSS_SCB_CFM_SGMII_MUX =\
  33:../src/platform/mpfs_hal/common/nwc/mss_pll.c ****         ((IOSCB_CFM_SGMII *) MSS_SCB_SGMII_MUX_BASE);
  34:../src/platform/mpfs_hal/common/nwc/mss_pll.c **** IOSCB_IO_CALIB_STRUCT * const IOSCB_IO_CALIB_SGMII =\
  35:../src/platform/mpfs_hal/common/nwc/mss_pll.c ****         (IOSCB_IO_CALIB_STRUCT *)IOSCB_IO_CALIB_SGMII_BASE;
  36:../src/platform/mpfs_hal/common/nwc/mss_pll.c **** IOSCB_IO_CALIB_STRUCT * const IOSCB_IO_CALIB_DDR   =\
  37:../src/platform/mpfs_hal/common/nwc/mss_pll.c ****         (IOSCB_IO_CALIB_STRUCT *)IOSCB_IO_CALIB_DDR_BASE;
  38:../src/platform/mpfs_hal/common/nwc/mss_pll.c **** 
  39:../src/platform/mpfs_hal/common/nwc/mss_pll.c **** 
  40:../src/platform/mpfs_hal/common/nwc/mss_pll.c **** /*******************************************************************************-
  41:../src/platform/mpfs_hal/common/nwc/mss_pll.c ****  * Symbols from the linker script used to locate the text, data and bss
  42:../src/platform/mpfs_hal/common/nwc/mss_pll.c ****  * sections.
  43:../src/platform/mpfs_hal/common/nwc/mss_pll.c ****  ******************************************************************************/
  44:../src/platform/mpfs_hal/common/nwc/mss_pll.c **** #ifndef  MPFS_HAL_HW_CONFIG
  45:../src/platform/mpfs_hal/common/nwc/mss_pll.c **** uint32_t __sc_load;
  46:../src/platform/mpfs_hal/common/nwc/mss_pll.c **** uint32_t __sc_start;
  47:../src/platform/mpfs_hal/common/nwc/mss_pll.c **** uint32_t __sc_end;
  48:../src/platform/mpfs_hal/common/nwc/mss_pll.c **** #else
  49:../src/platform/mpfs_hal/common/nwc/mss_pll.c **** extern uint32_t __sc_load;
  50:../src/platform/mpfs_hal/common/nwc/mss_pll.c **** extern uint32_t __sc_start;
  51:../src/platform/mpfs_hal/common/nwc/mss_pll.c **** extern uint32_t __sc_end;
  52:../src/platform/mpfs_hal/common/nwc/mss_pll.c **** 
  53:../src/platform/mpfs_hal/common/nwc/mss_pll.c **** /*******************************************************************************
  54:../src/platform/mpfs_hal/common/nwc/mss_pll.c ****  * Local Defines                                                               *
  55:../src/platform/mpfs_hal/common/nwc/mss_pll.c ****  ******************************************************************************/
  56:../src/platform/mpfs_hal/common/nwc/mss_pll.c **** 
  57:../src/platform/mpfs_hal/common/nwc/mss_pll.c **** /*******************************************************************************
  58:../src/platform/mpfs_hal/common/nwc/mss_pll.c ****  * Local function declarations
  59:../src/platform/mpfs_hal/common/nwc/mss_pll.c ****  */
  60:../src/platform/mpfs_hal/common/nwc/mss_pll.c **** __attribute__((weak)) void copy_switch_code(void);
  61:../src/platform/mpfs_hal/common/nwc/mss_pll.c **** 
  62:../src/platform/mpfs_hal/common/nwc/mss_pll.c **** 
  63:../src/platform/mpfs_hal/common/nwc/mss_pll.c **** /*******************************************************************************
  64:../src/platform/mpfs_hal/common/nwc/mss_pll.c ****  * Instance definitions                                                        *
  65:../src/platform/mpfs_hal/common/nwc/mss_pll.c ****  ******************************************************************************/
  66:../src/platform/mpfs_hal/common/nwc/mss_pll.c **** 
  67:../src/platform/mpfs_hal/common/nwc/mss_pll.c **** void sgmii_mux_config(uint8_t option);
  68:../src/platform/mpfs_hal/common/nwc/mss_pll.c **** 
  69:../src/platform/mpfs_hal/common/nwc/mss_pll.c **** /*******************************************************************************
  70:../src/platform/mpfs_hal/common/nwc/mss_pll.c ****  Local functions                                 *
  71:../src/platform/mpfs_hal/common/nwc/mss_pll.c **** *******************************************************************************/
  72:../src/platform/mpfs_hal/common/nwc/mss_pll.c **** 
  73:../src/platform/mpfs_hal/common/nwc/mss_pll.c **** 
  74:../src/platform/mpfs_hal/common/nwc/mss_pll.c **** /***************************************************************************//**
  75:../src/platform/mpfs_hal/common/nwc/mss_pll.c ****  * set_RTC_divisor()
  76:../src/platform/mpfs_hal/common/nwc/mss_pll.c ****  * Set the RTC divisor based on MSS Configurator setting
  77:../src/platform/mpfs_hal/common/nwc/mss_pll.c ****  * Note: This will always be calculated so RTC clock is 1MHz.
  78:../src/platform/mpfs_hal/common/nwc/mss_pll.c ****  */
  79:../src/platform/mpfs_hal/common/nwc/mss_pll.c **** void set_RTC_divisor(void)
  80:../src/platform/mpfs_hal/common/nwc/mss_pll.c **** {
  16              		.loc 1 80 1
  17              		.cfi_startproc
  81:../src/platform/mpfs_hal/common/nwc/mss_pll.c **** 
  82:../src/platform/mpfs_hal/common/nwc/mss_pll.c ****     SYSREG->RTC_CLOCK_CR &= ~(0x01U<<16); /* disable RTC clock */
  18              		.loc 1 82 5
  19              		.loc 1 82 26 is_stmt 0
  20 0000 B7270020 		li	a5,536879104
  21 0004 D847     		lw	a4,12(a5)
  22 0006 C176     		li	a3,-65536
  23 0008 FD16     		addi	a3,a3,-1
  24 000a 0127     		sext.w	a4,a4
  25 000c 758F     		and	a4,a4,a3
  26 000e D8C7     		sw	a4,12(a5)
  83:../src/platform/mpfs_hal/common/nwc/mss_pll.c **** 
  84:../src/platform/mpfs_hal/common/nwc/mss_pll.c ****     SYSREG->RTC_CLOCK_CR = (LIBERO_SETTING_MSS_EXT_SGMII_REF_CLK / \
  27              		.loc 1 84 5 is_stmt 1
  28              		.loc 1 84 26 is_stmt 0
  29 0010 1307D007 		li	a4,125
  30 0014 D8C7     		sw	a4,12(a5)
  85:../src/platform/mpfs_hal/common/nwc/mss_pll.c ****             LIBERO_SETTING_MSS_RTC_TOGGLE_CLK);
  86:../src/platform/mpfs_hal/common/nwc/mss_pll.c **** 
  87:../src/platform/mpfs_hal/common/nwc/mss_pll.c ****     SYSREG->RTC_CLOCK_CR |= (0x01U<<16); /* enable RTC clock */
  31              		.loc 1 87 5 is_stmt 1
  32              		.loc 1 87 26 is_stmt 0
  33 0016 D847     		lw	a4,12(a5)
  34 0018 C166     		li	a3,65536
  35 001a 0127     		sext.w	a4,a4
  36 001c 558F     		or	a4,a4,a3
  37 001e D8C7     		sw	a4,12(a5)
  88:../src/platform/mpfs_hal/common/nwc/mss_pll.c **** 
  89:../src/platform/mpfs_hal/common/nwc/mss_pll.c **** }
  38              		.loc 1 89 1
  39 0020 8280     		ret
  40              		.cfi_endproc
  41              	.LFE19:
  43              		.section	.text.sgmii_mux_config,"ax",@progbits
  44              		.align	1
  45              		.globl	sgmii_mux_config
  47              	sgmii_mux_config:
  48              	.LFB22:
  90:../src/platform/mpfs_hal/common/nwc/mss_pll.c **** 
  91:../src/platform/mpfs_hal/common/nwc/mss_pll.c **** 
  92:../src/platform/mpfs_hal/common/nwc/mss_pll.c **** /***************************************************************************//**
  93:../src/platform/mpfs_hal/common/nwc/mss_pll.c ****  * mss_mux_pre_mss_pll_config()
  94:../src/platform/mpfs_hal/common/nwc/mss_pll.c ****  *
  95:../src/platform/mpfs_hal/common/nwc/mss_pll.c ****  * Feed through required reference clks to PLL, configure PLL and wait for lock
  96:../src/platform/mpfs_hal/common/nwc/mss_pll.c ****  ******************************************************************************/
  97:../src/platform/mpfs_hal/common/nwc/mss_pll.c **** static void mss_mux_pre_mss_pll_config(void)
  98:../src/platform/mpfs_hal/common/nwc/mss_pll.c **** {
  99:../src/platform/mpfs_hal/common/nwc/mss_pll.c ****     /*
 100:../src/platform/mpfs_hal/common/nwc/mss_pll.c ****      * PLL RF clk mux selections
 101:../src/platform/mpfs_hal/common/nwc/mss_pll.c ****      *  [31:15] Reserved
 102:../src/platform/mpfs_hal/common/nwc/mss_pll.c ****      *  [14:10] pll1_fdr_sel
 103:../src/platform/mpfs_hal/common/nwc/mss_pll.c ****      *  [9:8]   pll1_rfclk1_sel
 104:../src/platform/mpfs_hal/common/nwc/mss_pll.c ****      *  [7:6]   pll1_rfclk0_sel
 105:../src/platform/mpfs_hal/common/nwc/mss_pll.c ****      *  [5:4]   pll0_rfclk1_sel
 106:../src/platform/mpfs_hal/common/nwc/mss_pll.c ****      *  [3:2]   pll0_rfclk0_sel
 107:../src/platform/mpfs_hal/common/nwc/mss_pll.c ****      *  [1:0]   clk_in_mac_tsu_sel
 108:../src/platform/mpfs_hal/common/nwc/mss_pll.c ****      *
 109:../src/platform/mpfs_hal/common/nwc/mss_pll.c ****      *  Each mux uses 2 configuration bits. These are decoded as follows:
 110:../src/platform/mpfs_hal/common/nwc/mss_pll.c ****      *  00  vss
 111:../src/platform/mpfs_hal/common/nwc/mss_pll.c ****      *  01  refclk_p,refclk_n
 112:../src/platform/mpfs_hal/common/nwc/mss_pll.c ****      *  10  scb_clk
 113:../src/platform/mpfs_hal/common/nwc/mss_pll.c ****      *  10  serdes_refclk_crn_mss<0>, serdes_refclk_crn_mss<1>
 114:../src/platform/mpfs_hal/common/nwc/mss_pll.c ****      *
 115:../src/platform/mpfs_hal/common/nwc/mss_pll.c ****      *  e.g.
 116:../src/platform/mpfs_hal/common/nwc/mss_pll.c ****      *  PLL_CKMUX = 0x00000154
 117:../src/platform/mpfs_hal/common/nwc/mss_pll.c ****      *    pll0_rfclk0_sel = 1 => refclk_p is used for pll0 ref0 and refclk_n is
 118:../src/platform/mpfs_hal/common/nwc/mss_pll.c ****      *    fed to MSS PLL ref1
 119:../src/platform/mpfs_hal/common/nwc/mss_pll.c ****      */
 120:../src/platform/mpfs_hal/common/nwc/mss_pll.c ****     /* CFM_MSS 0x3E002000   - 0x08 */
 121:../src/platform/mpfs_hal/common/nwc/mss_pll.c ****     MSS_SCB_CFM_MSS_MUX->PLL_CKMUX = LIBERO_SETTING_MSS_PLL_CKMUX;
 122:../src/platform/mpfs_hal/common/nwc/mss_pll.c ****     /*
 123:../src/platform/mpfs_hal/common/nwc/mss_pll.c ****      * MSS Clock mux selections
 124:../src/platform/mpfs_hal/common/nwc/mss_pll.c ****      *  [31:5]  Reserved
 125:../src/platform/mpfs_hal/common/nwc/mss_pll.c ****      *  [4]     clk_standby_sel
 126:../src/platform/mpfs_hal/common/nwc/mss_pll.c ****      *  [3:2]   mssclk_mux_md
 127:../src/platform/mpfs_hal/common/nwc/mss_pll.c ****      *  step 7: 7)  MSS Processor writes mssclk_mux_sel_int<0>=1 to select the
 128:../src/platform/mpfs_hal/common/nwc/mss_pll.c ****      *  MSS PLL clock.
 129:../src/platform/mpfs_hal/common/nwc/mss_pll.c ****      *  [1:0]   mssclk_mux_sel        MSS glitchless mux select
 130:../src/platform/mpfs_hal/common/nwc/mss_pll.c ****      *                                      00 - msspll_fdr_0=clk_standby
 131:../src/platform/mpfs_hal/common/nwc/mss_pll.c ****      *                                           msspll_fdr_1=clk_standby
 132:../src/platform/mpfs_hal/common/nwc/mss_pll.c ****      *                                      01 - msspll_fdr_0=pllout0
 133:../src/platform/mpfs_hal/common/nwc/mss_pll.c ****      *                                           msspll_fdr_1=clk_standby
 134:../src/platform/mpfs_hal/common/nwc/mss_pll.c ****      *                                      10 - msspll_fdr_0=clk_standby
 135:../src/platform/mpfs_hal/common/nwc/mss_pll.c ****      *                                           msspll_fdr_1=pllout1
 136:../src/platform/mpfs_hal/common/nwc/mss_pll.c ****      *                                      11 - msspll_fdr_0=pllout0
 137:../src/platform/mpfs_hal/common/nwc/mss_pll.c ****      *                                           msspll_fdr_1=pllout1
 138:../src/platform/mpfs_hal/common/nwc/mss_pll.c ****      *
 139:../src/platform/mpfs_hal/common/nwc/mss_pll.c ****      *
 140:../src/platform/mpfs_hal/common/nwc/mss_pll.c ****      */
 141:../src/platform/mpfs_hal/common/nwc/mss_pll.c ****     /*
 142:../src/platform/mpfs_hal/common/nwc/mss_pll.c ****      * We will not set as already set to 0, we feed through after we have setup
 143:../src/platform/mpfs_hal/common/nwc/mss_pll.c ****      * clock
 144:../src/platform/mpfs_hal/common/nwc/mss_pll.c ****      * MSS_SCB_CFM_MSS_MUX->MSSCLKMUX           = LIBERO_SETTING_MSS_MSSCLKMUX;
 145:../src/platform/mpfs_hal/common/nwc/mss_pll.c ****      */
 146:../src/platform/mpfs_hal/common/nwc/mss_pll.c **** 
 147:../src/platform/mpfs_hal/common/nwc/mss_pll.c ****     /*
 148:../src/platform/mpfs_hal/common/nwc/mss_pll.c ****      * Clock_Receiver
 149:../src/platform/mpfs_hal/common/nwc/mss_pll.c ****      *  [13]    en_rdiff
 150:../src/platform/mpfs_hal/common/nwc/mss_pll.c ****      *  [12]    clkbuf_en_pullup
 151:../src/platform/mpfs_hal/common/nwc/mss_pll.c ****      *  [11:10] en_rxmode_n
 152:../src/platform/mpfs_hal/common/nwc/mss_pll.c ****      *  [9:8]   en_term_n
 153:../src/platform/mpfs_hal/common/nwc/mss_pll.c ****      *  [7]     en_ins_hyst_n
 154:../src/platform/mpfs_hal/common/nwc/mss_pll.c ****      *  [6]     en_udrive_n
 155:../src/platform/mpfs_hal/common/nwc/mss_pll.c ****      *  [5:4]   en_rxmode_p
 156:../src/platform/mpfs_hal/common/nwc/mss_pll.c ****      *  [3:2]   en_term_p
 157:../src/platform/mpfs_hal/common/nwc/mss_pll.c ****      *  [1]     en_ins_hyst_p
 158:../src/platform/mpfs_hal/common/nwc/mss_pll.c ****      *  [0]     en_udrive_p
 159:../src/platform/mpfs_hal/common/nwc/mss_pll.c ****      */
 160:../src/platform/mpfs_hal/common/nwc/mss_pll.c ****     MSS_SCB_CFM_SGMII_MUX->CLK_XCVR         = LIBERO_SETTING_SGMII_CLK_XCVR;
 161:../src/platform/mpfs_hal/common/nwc/mss_pll.c **** 
 162:../src/platform/mpfs_hal/common/nwc/mss_pll.c ****     /*
 163:../src/platform/mpfs_hal/common/nwc/mss_pll.c ****      * 29:25    bclk5_sel
 164:../src/platform/mpfs_hal/common/nwc/mss_pll.c ****      * 24:20    bclk4_sel
 165:../src/platform/mpfs_hal/common/nwc/mss_pll.c ****      * 19:15    bclk3_sel
 166:../src/platform/mpfs_hal/common/nwc/mss_pll.c ****      * 14:10    bclk2_sel
 167:../src/platform/mpfs_hal/common/nwc/mss_pll.c ****      * 9:5  bclk1_sel
 168:../src/platform/mpfs_hal/common/nwc/mss_pll.c ****      * 4:0  bclk0_sel
 169:../src/platform/mpfs_hal/common/nwc/mss_pll.c ****      *
 170:../src/platform/mpfs_hal/common/nwc/mss_pll.c ****      * From SAC spec:
 171:../src/platform/mpfs_hal/common/nwc/mss_pll.c ****      * Table 9 1: Each gbim bank clock mux programming in MSS corner
 172:../src/platform/mpfs_hal/common/nwc/mss_pll.c ****      * The DDRPHY bank clocks bclk_horz<5:0> and bclk_vert<5:0> are driven
 173:../src/platform/mpfs_hal/common/nwc/mss_pll.c ****      * from mux's gbim<5:0> in the MSS corner. Each mux uses 5 configuration
 174:../src/platform/mpfs_hal/common/nwc/mss_pll.c ****      * bits.
 175:../src/platform/mpfs_hal/common/nwc/mss_pll.c ****      *
 176:../src/platform/mpfs_hal/common/nwc/mss_pll.c ****      * BCLK mux selections
 177:../src/platform/mpfs_hal/common/nwc/mss_pll.c ****      *  bclk0_sel=0x8 (pll0_out_1k<2> selected)
 178:../src/platform/mpfs_hal/common/nwc/mss_pll.c ****      *  bclk1_sel=0x10 (pll0_out_1k<3> selected)
 179:../src/platform/mpfs_hal/common/nwc/mss_pll.c ****      *  bclk2_sel=0x1 (vss selected)
 180:../src/platform/mpfs_hal/common/nwc/mss_pll.c ****      *  bclk3_sel=0x1 (vss selected)
 181:../src/platform/mpfs_hal/common/nwc/mss_pll.c ****      *  bclk4_sel=0x1 (vss selected)
 182:../src/platform/mpfs_hal/common/nwc/mss_pll.c ****      *  bclk5_sel=0x1 (vss selected)
 183:../src/platform/mpfs_hal/common/nwc/mss_pll.c ****      *
 184:../src/platform/mpfs_hal/common/nwc/mss_pll.c ****      */
 185:../src/platform/mpfs_hal/common/nwc/mss_pll.c ****     MSS_SCB_CFM_MSS_MUX->BCLKMUX        =   LIBERO_SETTING_MSS_BCLKMUX;
 186:../src/platform/mpfs_hal/common/nwc/mss_pll.c **** 
 187:../src/platform/mpfs_hal/common/nwc/mss_pll.c ****     /*  MSS_SCB_CFM_MSS_MUX->SPARE0         =   BCLKMUX_USER_CONFIG;       */
 188:../src/platform/mpfs_hal/common/nwc/mss_pll.c ****     MSS_SCB_CFM_MSS_MUX->FMETER_ADDR    =   LIBERO_SETTING_MSS_FMETER_ADDR;
 189:../src/platform/mpfs_hal/common/nwc/mss_pll.c **** 
 190:../src/platform/mpfs_hal/common/nwc/mss_pll.c ****     MSS_SCB_CFM_MSS_MUX->FMETER_DATAW   =   LIBERO_SETTING_MSS_FMETER_DATAW;
 191:../src/platform/mpfs_hal/common/nwc/mss_pll.c **** 
 192:../src/platform/mpfs_hal/common/nwc/mss_pll.c ****     MSS_SCB_CFM_MSS_MUX->FMETER_DATAR   =   LIBERO_SETTING_MSS_FMETER_DATAR;
 193:../src/platform/mpfs_hal/common/nwc/mss_pll.c **** 
 194:../src/platform/mpfs_hal/common/nwc/mss_pll.c ****     /*
 195:../src/platform/mpfs_hal/common/nwc/mss_pll.c ****      *
 196:../src/platform/mpfs_hal/common/nwc/mss_pll.c ****      */
 197:../src/platform/mpfs_hal/common/nwc/mss_pll.c ****     volatile uint32_t i;
 198:../src/platform/mpfs_hal/common/nwc/mss_pll.c ****     for(i = 0U; i < 200U; i++)
 199:../src/platform/mpfs_hal/common/nwc/mss_pll.c ****     {
 200:../src/platform/mpfs_hal/common/nwc/mss_pll.c ****         ; //i++;
 201:../src/platform/mpfs_hal/common/nwc/mss_pll.c ****     }
 202:../src/platform/mpfs_hal/common/nwc/mss_pll.c **** }
 203:../src/platform/mpfs_hal/common/nwc/mss_pll.c **** 
 204:../src/platform/mpfs_hal/common/nwc/mss_pll.c **** 
 205:../src/platform/mpfs_hal/common/nwc/mss_pll.c **** /***************************************************************************//**
 206:../src/platform/mpfs_hal/common/nwc/mss_pll.c ****  * mss_mux_post_mss_pll_config(void)
 207:../src/platform/mpfs_hal/common/nwc/mss_pll.c ****  *
 208:../src/platform/mpfs_hal/common/nwc/mss_pll.c ****  * Once MSS locked, feed through to MSS
 209:../src/platform/mpfs_hal/common/nwc/mss_pll.c ****  * We must run this code from RAM, as we need to modify the clock of the eNVM
 210:../src/platform/mpfs_hal/common/nwc/mss_pll.c ****  * The first thing we do is change the eNVM clock, to prevent L1 cache accessing
 211:../src/platform/mpfs_hal/common/nwc/mss_pll.c ****  * eNVM as it will do as we approach the return instruction
 212:../src/platform/mpfs_hal/common/nwc/mss_pll.c ****  * The mb() makes sure order of processing is not changed by the compiler
 213:../src/platform/mpfs_hal/common/nwc/mss_pll.c ****  ******************************************************************************/
 214:../src/platform/mpfs_hal/common/nwc/mss_pll.c **** __attribute__((section(".ram_codetext"))) \
 215:../src/platform/mpfs_hal/common/nwc/mss_pll.c ****         static void mss_mux_post_mss_pll_config(void)
 216:../src/platform/mpfs_hal/common/nwc/mss_pll.c **** {
 217:../src/platform/mpfs_hal/common/nwc/mss_pll.c ****    /*
 218:../src/platform/mpfs_hal/common/nwc/mss_pll.c ****     * Modify the eNVM clock, so it now matches new MSS clock
 219:../src/platform/mpfs_hal/common/nwc/mss_pll.c ****     *
 220:../src/platform/mpfs_hal/common/nwc/mss_pll.c ****     * [5:0]
 221:../src/platform/mpfs_hal/common/nwc/mss_pll.c ****     * Sets the number of AHB cycles used to generate the PNVM clock,.
 222:../src/platform/mpfs_hal/common/nwc/mss_pll.c ****     * Clock period = (Value+1) * (1000/AHBFREQMHZ)
 223:../src/platform/mpfs_hal/common/nwc/mss_pll.c ****     * Value must be 1 to 63 (0 defaults to 15)
 224:../src/platform/mpfs_hal/common/nwc/mss_pll.c ****     * e.g.
 225:../src/platform/mpfs_hal/common/nwc/mss_pll.c ****     * 7 will generate a 40ns period 25MHz clock if the AHB clock is 200MHz
 226:../src/platform/mpfs_hal/common/nwc/mss_pll.c ****     * 11 will generate a 40ns period 25MHz clock if the AHB clock is 250MHz
 227:../src/platform/mpfs_hal/common/nwc/mss_pll.c ****     * 15 will generate a 40ns period 25MHz clock if the AHB clock is 400MHz
 228:../src/platform/mpfs_hal/common/nwc/mss_pll.c ****     *
 229:../src/platform/mpfs_hal/common/nwc/mss_pll.c ****     */
 230:../src/platform/mpfs_hal/common/nwc/mss_pll.c ****     SYSREG->ENVM_CR = LIBERO_SETTING_MSS_ENVM_CR;
 231:../src/platform/mpfs_hal/common/nwc/mss_pll.c **** 
 232:../src/platform/mpfs_hal/common/nwc/mss_pll.c ****     mb();  /* make sure we change clock in eNVM first so ready by the time we
 233:../src/platform/mpfs_hal/common/nwc/mss_pll.c ****              leave */
 234:../src/platform/mpfs_hal/common/nwc/mss_pll.c **** 
 235:../src/platform/mpfs_hal/common/nwc/mss_pll.c ****     /*
 236:../src/platform/mpfs_hal/common/nwc/mss_pll.c ****     * When you're changing the eNVM clock frequency, there is a bit
 237:../src/platform/mpfs_hal/common/nwc/mss_pll.c ****     * (ENVM_CR_clock_okay) in the eNVM_CR which can be polled to check that
 238:../src/platform/mpfs_hal/common/nwc/mss_pll.c ****     * the frequency change has happened before bumping up the AHB frequency.
 239:../src/platform/mpfs_hal/common/nwc/mss_pll.c ****     */
 240:../src/platform/mpfs_hal/common/nwc/mss_pll.c ****     volatile uint32_t wait_for_true = 0U;
 241:../src/platform/mpfs_hal/common/nwc/mss_pll.c ****     while ((SYSREG->ENVM_CR & ENVM_CR_CLOCK_OKAY_MASK) !=\
 242:../src/platform/mpfs_hal/common/nwc/mss_pll.c ****             ENVM_CR_CLOCK_OKAY_MASK)
 243:../src/platform/mpfs_hal/common/nwc/mss_pll.c ****     {
 244:../src/platform/mpfs_hal/common/nwc/mss_pll.c **** #ifdef RENODE_DEBUG
 245:../src/platform/mpfs_hal/common/nwc/mss_pll.c ****         break;
 246:../src/platform/mpfs_hal/common/nwc/mss_pll.c **** #endif
 247:../src/platform/mpfs_hal/common/nwc/mss_pll.c ****         wait_for_true++; /* need something here to stop debugger freezing */
 248:../src/platform/mpfs_hal/common/nwc/mss_pll.c ****     }
 249:../src/platform/mpfs_hal/common/nwc/mss_pll.c **** 
 250:../src/platform/mpfs_hal/common/nwc/mss_pll.c ****    /*
 251:../src/platform/mpfs_hal/common/nwc/mss_pll.c ****     * Change the MSS clock as required.
 252:../src/platform/mpfs_hal/common/nwc/mss_pll.c ****     *
 253:../src/platform/mpfs_hal/common/nwc/mss_pll.c ****     * CLOCK_CONFIG_CR
 254:../src/platform/mpfs_hal/common/nwc/mss_pll.c ****     * [5:0]
 255:../src/platform/mpfs_hal/common/nwc/mss_pll.c ****     * Sets the master synchronous clock divider
 256:../src/platform/mpfs_hal/common/nwc/mss_pll.c ****     * bits [1:0] CPU clock divider
 257:../src/platform/mpfs_hal/common/nwc/mss_pll.c ****     * bits [3:2] AXI clock divider
 258:../src/platform/mpfs_hal/common/nwc/mss_pll.c ****     * bits [5:4] AHB/APB clock divider
 259:../src/platform/mpfs_hal/common/nwc/mss_pll.c ****     * 00=/1 01=/2 10=/4 11=/8 (AHB/APB divider may not be set to /1)
 260:../src/platform/mpfs_hal/common/nwc/mss_pll.c ****     * Reset = 0x3F
 261:../src/platform/mpfs_hal/common/nwc/mss_pll.c ****     *
 262:../src/platform/mpfs_hal/common/nwc/mss_pll.c ****     * SYSREG->CLOCK_CONFIG_CR = (0x0U<<0U) | (0x1U<<2U) | (0x2U<<4U);
 263:../src/platform/mpfs_hal/common/nwc/mss_pll.c ****     * MSS clk= 80Mhz, implies CPU = 80Mhz, AXI = 40Mhz, AHB/APB = 20Mhz
 264:../src/platform/mpfs_hal/common/nwc/mss_pll.c ****     * Until we switch in MSS PLL clock (MSS_SCB_CFM_MSS_MUX->MSSCLKMUX = 0x01)
 265:../src/platform/mpfs_hal/common/nwc/mss_pll.c ****     * e.g. If MSS clk 800Mhz
 266:../src/platform/mpfs_hal/common/nwc/mss_pll.c ****     * MSS clk= 800Mhz, implies CPU = 800Mhz, AXI = 400Mhz, AHB/APB = 200Mhz
 267:../src/platform/mpfs_hal/common/nwc/mss_pll.c ****    */
 268:../src/platform/mpfs_hal/common/nwc/mss_pll.c ****   SYSREG->CLOCK_CONFIG_CR = LIBERO_SETTING_MSS_CLOCK_CONFIG_CR;
 269:../src/platform/mpfs_hal/common/nwc/mss_pll.c **** 
 270:../src/platform/mpfs_hal/common/nwc/mss_pll.c ****    /*
 271:../src/platform/mpfs_hal/common/nwc/mss_pll.c ****     * Feed clock from MSS PLL to MSS, using glitch-less mux
 272:../src/platform/mpfs_hal/common/nwc/mss_pll.c ****     *
 273:../src/platform/mpfs_hal/common/nwc/mss_pll.c ****     * MSS Clock mux selections
 274:../src/platform/mpfs_hal/common/nwc/mss_pll.c ****     *   [31:5]  Reserved
 275:../src/platform/mpfs_hal/common/nwc/mss_pll.c ****     *   [4]    clk_standby_sel
 276:../src/platform/mpfs_hal/common/nwc/mss_pll.c ****     *   [3:2]  mssclk_mux_md
 277:../src/platform/mpfs_hal/common/nwc/mss_pll.c ****     *   step 7: 7)  MSS Processor writes mssclk_mux_sel_int<0>=1 to select the
 278:../src/platform/mpfs_hal/common/nwc/mss_pll.c ****     *   MSS PLL clock.
 279:../src/platform/mpfs_hal/common/nwc/mss_pll.c ****     *   [1:0]  mssclk_mux_sel        MSS glitchless mux select
 280:../src/platform/mpfs_hal/common/nwc/mss_pll.c ****     *                    00 - msspll_fdr_0=clk_standby
 281:../src/platform/mpfs_hal/common/nwc/mss_pll.c ****     *                          msspll_fdr_1=clk_standby
 282:../src/platform/mpfs_hal/common/nwc/mss_pll.c ****     *                    01 - msspll_fdr_0=pllout0
 283:../src/platform/mpfs_hal/common/nwc/mss_pll.c ****     *                          msspll_fdr_1=clk_standby
 284:../src/platform/mpfs_hal/common/nwc/mss_pll.c ****     *                    10 - msspll_fdr_0=clk_standby
 285:../src/platform/mpfs_hal/common/nwc/mss_pll.c ****     *                           msspll_fdr_1=pllout1
 286:../src/platform/mpfs_hal/common/nwc/mss_pll.c ****     *                    11 - msspll_fdr_0=pllout0
 287:../src/platform/mpfs_hal/common/nwc/mss_pll.c ****     *                          msspll_fdr_1=pllout1
 288:../src/platform/mpfs_hal/common/nwc/mss_pll.c ****     *
 289:../src/platform/mpfs_hal/common/nwc/mss_pll.c ****     *
 290:../src/platform/mpfs_hal/common/nwc/mss_pll.c ****     */
 291:../src/platform/mpfs_hal/common/nwc/mss_pll.c ****     MSS_SCB_CFM_MSS_MUX->MSSCLKMUX   = LIBERO_SETTING_MSS_MSSCLKMUX;
 292:../src/platform/mpfs_hal/common/nwc/mss_pll.c **** 
 293:../src/platform/mpfs_hal/common/nwc/mss_pll.c ****    /*
 294:../src/platform/mpfs_hal/common/nwc/mss_pll.c ****     * Change the RTC clock divisor, so RTC clock is 1MHz
 295:../src/platform/mpfs_hal/common/nwc/mss_pll.c ****     */
 296:../src/platform/mpfs_hal/common/nwc/mss_pll.c ****     set_RTC_divisor();
 297:../src/platform/mpfs_hal/common/nwc/mss_pll.c **** }
 298:../src/platform/mpfs_hal/common/nwc/mss_pll.c **** 
 299:../src/platform/mpfs_hal/common/nwc/mss_pll.c **** /***************************************************************************//**
 300:../src/platform/mpfs_hal/common/nwc/mss_pll.c ****  * sgmii_mux_config(uint8_t option)
 301:../src/platform/mpfs_hal/common/nwc/mss_pll.c ****  * @param option 1 => soft reset, load RPC settings
 302:../src/platform/mpfs_hal/common/nwc/mss_pll.c ****  *               0 => write values using SCB
 303:../src/platform/mpfs_hal/common/nwc/mss_pll.c ****  ******************************************************************************/
 304:../src/platform/mpfs_hal/common/nwc/mss_pll.c **** void sgmii_mux_config(uint8_t option)
 305:../src/platform/mpfs_hal/common/nwc/mss_pll.c **** {
  49              		.loc 1 305 1 is_stmt 1
  50              		.cfi_startproc
  51              	.LVL0:
 306:../src/platform/mpfs_hal/common/nwc/mss_pll.c ****     switch(option)
  52              		.loc 1 306 5
  53 0000 8547     		li	a5,1
  54 0002 630CF500 		beq	a0,a5,.L3
 307:../src/platform/mpfs_hal/common/nwc/mss_pll.c ****     {
 308:../src/platform/mpfs_hal/common/nwc/mss_pll.c ****         default:
 309:../src/platform/mpfs_hal/common/nwc/mss_pll.c ****         case SCB_UPDATE:   /* write to   SCB register */
 310:../src/platform/mpfs_hal/common/nwc/mss_pll.c **** 
 311:../src/platform/mpfs_hal/common/nwc/mss_pll.c ****                 /*
 312:../src/platform/mpfs_hal/common/nwc/mss_pll.c ****                  * SCB address: 0x3E20 0008
 313:../src/platform/mpfs_hal/common/nwc/mss_pll.c ****                  * MSS Clock mux selections
 314:../src/platform/mpfs_hal/common/nwc/mss_pll.c ****                  *
 315:../src/platform/mpfs_hal/common/nwc/mss_pll.c ****                  * [31:0] SGMII_CLKMUX
 316:../src/platform/mpfs_hal/common/nwc/mss_pll.c ****                  */
 317:../src/platform/mpfs_hal/common/nwc/mss_pll.c ****                 /* CFM_ETH - 0x3E200000 - - 0x08 */
 318:../src/platform/mpfs_hal/common/nwc/mss_pll.c ****                 MSS_SCB_CFM_SGMII_MUX->SGMII_CLKMUX =\
  55              		.loc 1 318 17
  56              		.loc 1 318 53 is_stmt 0
  57 0006 B707203E 		li	a5,1042284544
  58 000a 9546     		li	a3,5
 319:../src/platform/mpfs_hal/common/nwc/mss_pll.c ****                     LIBERO_SETTING_SGMII_SGMII_CLKMUX;
 320:../src/platform/mpfs_hal/common/nwc/mss_pll.c ****                 /*
 321:../src/platform/mpfs_hal/common/nwc/mss_pll.c ****                  * SCB address: 0x3E20 0010
 322:../src/platform/mpfs_hal/common/nwc/mss_pll.c ****                  * Clock_Receiver
 323:../src/platform/mpfs_hal/common/nwc/mss_pll.c ****                  *
 324:../src/platform/mpfs_hal/common/nwc/mss_pll.c ****                  * [13]    en_rdiff
 325:../src/platform/mpfs_hal/common/nwc/mss_pll.c ****                  * [12]    clkbuf_en_pullup
 326:../src/platform/mpfs_hal/common/nwc/mss_pll.c ****                  * [11:10] en_rxmode_n
 327:../src/platform/mpfs_hal/common/nwc/mss_pll.c ****                  * [9:8]   en_term_n
 328:../src/platform/mpfs_hal/common/nwc/mss_pll.c ****                  * [7]     en_ins_hyst_n
 329:../src/platform/mpfs_hal/common/nwc/mss_pll.c ****                  * [6]     en_udrive_n
 330:../src/platform/mpfs_hal/common/nwc/mss_pll.c ****                  * [5:4]   en_rxmode_p
 331:../src/platform/mpfs_hal/common/nwc/mss_pll.c ****                  * [3:2]   en_term_p
 332:../src/platform/mpfs_hal/common/nwc/mss_pll.c ****                  * [1]     en_ins_hyst_p
 333:../src/platform/mpfs_hal/common/nwc/mss_pll.c ****                  * [0]     en_udrive_p
 334:../src/platform/mpfs_hal/common/nwc/mss_pll.c ****                  */
 335:../src/platform/mpfs_hal/common/nwc/mss_pll.c ****                 MSS_SCB_CFM_SGMII_MUX->CLK_XCVR =\
  59              		.loc 1 335 49
  60 000c 0D67     		li	a4,12288
 318:../src/platform/mpfs_hal/common/nwc/mss_pll.c ****                     LIBERO_SETTING_SGMII_SGMII_CLKMUX;
  61              		.loc 1 318 53
  62 000e 94C7     		sw	a3,8(a5)
  63              		.loc 1 335 17 is_stmt 1
  64              		.loc 1 335 49 is_stmt 0
  65 0010 130707C3 		addi	a4,a4,-976
  66 0014 98CB     		sw	a4,16(a5)
 336:../src/platform/mpfs_hal/common/nwc/mss_pll.c ****                         LIBERO_SETTING_SGMII_CLK_XCVR;   /* 0x2011 */
 337:../src/platform/mpfs_hal/common/nwc/mss_pll.c ****                 /*
 338:../src/platform/mpfs_hal/common/nwc/mss_pll.c ****                  * SCB address: 0x3E20 0004
 339:../src/platform/mpfs_hal/common/nwc/mss_pll.c ****                  * PLL RF clk mux selections
 340:../src/platform/mpfs_hal/common/nwc/mss_pll.c ****                  *
 341:../src/platform/mpfs_hal/common/nwc/mss_pll.c ****                  * [3:2] pll0_rfclk1_sel
 342:../src/platform/mpfs_hal/common/nwc/mss_pll.c ****                  *             00 => vss
 343:../src/platform/mpfs_hal/common/nwc/mss_pll.c ****                  *             01 => refclk_p muxed to DDR PLL
 344:../src/platform/mpfs_hal/common/nwc/mss_pll.c ****                  *                   and SGMII PLL ( see
 345:../src/platform/mpfs_hal/common/nwc/mss_pll.c ****                  *             10 => scb_clk
 346:../src/platform/mpfs_hal/common/nwc/mss_pll.c ****                  *             11 => serdes_refclk_crn_mss<1>
 347:../src/platform/mpfs_hal/common/nwc/mss_pll.c ****                  * [1:0] pll0_rfclk0_sel
 348:../src/platform/mpfs_hal/common/nwc/mss_pll.c ****                  *             00 => vss
 349:../src/platform/mpfs_hal/common/nwc/mss_pll.c ****                  *             01 => refclk_n muxed to DDR PLL
 350:../src/platform/mpfs_hal/common/nwc/mss_pll.c ****                  *                   and SGMII PLL
 351:../src/platform/mpfs_hal/common/nwc/mss_pll.c ****                  *             10 => scb_clk
 352:../src/platform/mpfs_hal/common/nwc/mss_pll.c ****                  *             11 => serdes_refclk_crn_mss<1>
 353:../src/platform/mpfs_hal/common/nwc/mss_pll.c ****                  *
 354:../src/platform/mpfs_hal/common/nwc/mss_pll.c ****                  *
 355:../src/platform/mpfs_hal/common/nwc/mss_pll.c ****                  */
 356:../src/platform/mpfs_hal/common/nwc/mss_pll.c ****                 /* 0x05 => ref to SGMII and DDR */
 357:../src/platform/mpfs_hal/common/nwc/mss_pll.c ****                 MSS_SCB_CFM_SGMII_MUX->RFCKMUX  =\
  67              		.loc 1 357 17 is_stmt 1
  68              		.loc 1 357 49 is_stmt 0
  69 0016 D4C3     		sw	a3,4(a5)
 358:../src/platform/mpfs_hal/common/nwc/mss_pll.c ****                         LIBERO_SETTING_SGMII_REFCLKMUX;
 359:../src/platform/mpfs_hal/common/nwc/mss_pll.c ****                 break;
  70              		.loc 1 359 17 is_stmt 1
  71 0018 8280     		ret
  72              	.L3:
 360:../src/platform/mpfs_hal/common/nwc/mss_pll.c **** 
 361:../src/platform/mpfs_hal/common/nwc/mss_pll.c ****         case RPC_REG_UPDATE:
 362:../src/platform/mpfs_hal/common/nwc/mss_pll.c ****             /*
 363:../src/platform/mpfs_hal/common/nwc/mss_pll.c ****              * set the NV map reset
 364:../src/platform/mpfs_hal/common/nwc/mss_pll.c ****              * This will load the APB registers, set via SGMII TIP.
 365:../src/platform/mpfs_hal/common/nwc/mss_pll.c ****              * */
 366:../src/platform/mpfs_hal/common/nwc/mss_pll.c ****             MSS_SCB_CFM_SGMII_MUX->SOFT_RESET = 1U;
  73              		.loc 1 366 13
  74              		.loc 1 366 47 is_stmt 0
  75 001a B707203E 		li	a5,1042284544
  76 001e 88C3     		sw	a0,0(a5)
 367:../src/platform/mpfs_hal/common/nwc/mss_pll.c ****             break;
  77              		.loc 1 367 13 is_stmt 1
 368:../src/platform/mpfs_hal/common/nwc/mss_pll.c ****     }
 369:../src/platform/mpfs_hal/common/nwc/mss_pll.c **** }
  78              		.loc 1 369 1 is_stmt 0
  79 0020 8280     		ret
  80              		.cfi_endproc
  81              	.LFE22:
  83              		.section	.text.flag_mss_pll_lock_error,"ax",@progbits
  84              		.align	1
  85              		.weak	flag_mss_pll_lock_error
  87              	flag_mss_pll_lock_error:
  88              	.LFB24:
 370:../src/platform/mpfs_hal/common/nwc/mss_pll.c **** 
 371:../src/platform/mpfs_hal/common/nwc/mss_pll.c **** /***************************************************************************//**
 372:../src/platform/mpfs_hal/common/nwc/mss_pll.c ****  *
 373:../src/platform/mpfs_hal/common/nwc/mss_pll.c ****  * On startup, MSS supplied with 80MHz SCB clock
 374:../src/platform/mpfs_hal/common/nwc/mss_pll.c **** 
 375:../src/platform/mpfs_hal/common/nwc/mss_pll.c ****   9.2  Power on procedure for the MSS PLL clock
 376:../src/platform/mpfs_hal/common/nwc/mss_pll.c **** 
 377:../src/platform/mpfs_hal/common/nwc/mss_pll.c ****   During POR:
 378:../src/platform/mpfs_hal/common/nwc/mss_pll.c ****   Keep PLL in power down mode. powerdown_int_b=0
 379:../src/platform/mpfs_hal/common/nwc/mss_pll.c **** 
 380:../src/platform/mpfs_hal/common/nwc/mss_pll.c ****   After POR, Power-On steps:
 381:../src/platform/mpfs_hal/common/nwc/mss_pll.c ****   1)  mssclk_mux_sel_int<0>=0 & powerdown_int_b=0 & clk_standby_sel=0
 382:../src/platform/mpfs_hal/common/nwc/mss_pll.c ****   MSS PLL is powered down and selects clk_standby=scb_clk
 383:../src/platform/mpfs_hal/common/nwc/mss_pll.c ****   2)  PFC Processor writes powerdown_int_b=1 & divq0_int_en=1
 384:../src/platform/mpfs_hal/common/nwc/mss_pll.c ****   MSS PLL powers up, then lock asserts when locked.
 385:../src/platform/mpfs_hal/common/nwc/mss_pll.c ****   3)  PFC Processor switches mssclk_mux_sel_int<0>=1
 386:../src/platform/mpfs_hal/common/nwc/mss_pll.c ****   MSS PLL clock is now sent to MSS.
 387:../src/platform/mpfs_hal/common/nwc/mss_pll.c ****   4)  When BOOT authentication is complete
 388:../src/platform/mpfs_hal/common/nwc/mss_pll.c ****   a.  PFC processor writes mssclk_mux_sel_int<0>=0 to select clk_standby.
 389:../src/platform/mpfs_hal/common/nwc/mss_pll.c ****   b.  PFC Processor writes powerdown_int_b=0 to power down the PLL
 390:../src/platform/mpfs_hal/common/nwc/mss_pll.c ****   >>>>>>>> G5 Soc User code >>>>>>>>>>>>>>
 391:../src/platform/mpfs_hal/common/nwc/mss_pll.c ****   c.  MSS Processor writes new parameters to the MSS PLL
 392:../src/platform/mpfs_hal/common/nwc/mss_pll.c ****   5)  MSS Processor writes powerdown_int_b=1
 393:../src/platform/mpfs_hal/common/nwc/mss_pll.c ****   Start up the PLL with NEW parameters.
 394:../src/platform/mpfs_hal/common/nwc/mss_pll.c ****   Wait for LOCK
 395:../src/platform/mpfs_hal/common/nwc/mss_pll.c ****   6)  MSS Processor enables all 4 PLL outputs.
 396:../src/platform/mpfs_hal/common/nwc/mss_pll.c ****   7)  MSS Processor writes mssclk_mux_sel_int<0>=1 to select the MSS PLL
 397:../src/platform/mpfs_hal/common/nwc/mss_pll.c ****       clock.
 398:../src/platform/mpfs_hal/common/nwc/mss_pll.c ****  *
 399:../src/platform/mpfs_hal/common/nwc/mss_pll.c ****  ******************************************************************************/
 400:../src/platform/mpfs_hal/common/nwc/mss_pll.c **** void mss_pll_config(void)
 401:../src/platform/mpfs_hal/common/nwc/mss_pll.c **** {
 402:../src/platform/mpfs_hal/common/nwc/mss_pll.c ****     copy_switch_code(); /* copy switch code to RAM */
 403:../src/platform/mpfs_hal/common/nwc/mss_pll.c **** 
 404:../src/platform/mpfs_hal/common/nwc/mss_pll.c ****     MSS_SCB_DDR_PLL->SOFT_RESET     = PLL_INIT_AND_OUT_OF_RESET;
 405:../src/platform/mpfs_hal/common/nwc/mss_pll.c ****     MSS_SCB_MSS_PLL->SOFT_RESET     = PLL_INIT_AND_OUT_OF_RESET;
 406:../src/platform/mpfs_hal/common/nwc/mss_pll.c **** 
 407:../src/platform/mpfs_hal/common/nwc/mss_pll.c ****     /*
 408:../src/platform/mpfs_hal/common/nwc/mss_pll.c ****         Enable the PLL by removing the reset-
 409:../src/platform/mpfs_hal/common/nwc/mss_pll.c ****         PERIPH / periph_reset_b  - This asserts the functional reset of the
 410:../src/platform/mpfs_hal/common/nwc/mss_pll.c ****             block.
 411:../src/platform/mpfs_hal/common/nwc/mss_pll.c ****         It is asserted at power up. When written is stays asserted until written
 412:../src/platform/mpfs_hal/common/nwc/mss_pll.c ****         to 0.
 413:../src/platform/mpfs_hal/common/nwc/mss_pll.c ****     */
 414:../src/platform/mpfs_hal/common/nwc/mss_pll.c ****     /*
 415:../src/platform/mpfs_hal/common/nwc/mss_pll.c ****      * 4. c.    MSS Processor writes new parameters to the MSS PLL
 416:../src/platform/mpfs_hal/common/nwc/mss_pll.c ****      */
 417:../src/platform/mpfs_hal/common/nwc/mss_pll.c ****     /*
 418:../src/platform/mpfs_hal/common/nwc/mss_pll.c ****      *  [0] REG_BYPASS_GO_B
 419:../src/platform/mpfs_hal/common/nwc/mss_pll.c ****      *  [0] BYPCK_SEL
 420:../src/platform/mpfs_hal/common/nwc/mss_pll.c ****      *  [0] RESETONLOCK
 421:../src/platform/mpfs_hal/common/nwc/mss_pll.c ****      *  [0] REG_RFCLK_SEL
 422:../src/platform/mpfs_hal/common/nwc/mss_pll.c ****      *  [0] REG_DIVQ3_EN
 423:../src/platform/mpfs_hal/common/nwc/mss_pll.c ****      *  [0] REG_DIVQ2_EN
 424:../src/platform/mpfs_hal/common/nwc/mss_pll.c ****      *  [0] REG_DIVQ1_EN
 425:../src/platform/mpfs_hal/common/nwc/mss_pll.c ****      *  [0] REG_DIVQ0_EN
 426:../src/platform/mpfs_hal/common/nwc/mss_pll.c ****      *  [0] REG_RFDIV_EN
 427:../src/platform/mpfs_hal/common/nwc/mss_pll.c ****      *  [0] REG_POWERDOWN_B
 428:../src/platform/mpfs_hal/common/nwc/mss_pll.c ****      */
 429:../src/platform/mpfs_hal/common/nwc/mss_pll.c **** 
 430:../src/platform/mpfs_hal/common/nwc/mss_pll.c ****     MSS_SCB_MSS_PLL->PLL_CTRL       = LIBERO_SETTING_MSS_PLL_CTRL & ~(PLL_CTRL_REG_POWERDOWN_B_MASK
 431:../src/platform/mpfs_hal/common/nwc/mss_pll.c **** 
 432:../src/platform/mpfs_hal/common/nwc/mss_pll.c ****     /*
 433:../src/platform/mpfs_hal/common/nwc/mss_pll.c ****      * PLL calibration register
 434:../src/platform/mpfs_hal/common/nwc/mss_pll.c ****      * This value is factory set, do not overwrite
 435:../src/platform/mpfs_hal/common/nwc/mss_pll.c ****      * MSS_SCB_MSS_PLL->PLL_CAL        = LIBERO_SETTING_MSS_PLL_CAL;
 436:../src/platform/mpfs_hal/common/nwc/mss_pll.c ****      *
 437:../src/platform/mpfs_hal/common/nwc/mss_pll.c ****      */
 438:../src/platform/mpfs_hal/common/nwc/mss_pll.c **** 
 439:../src/platform/mpfs_hal/common/nwc/mss_pll.c ****     MSS_SCB_MSS_PLL->PLL_REF_FB     = LIBERO_SETTING_MSS_PLL_REF_FB;
 440:../src/platform/mpfs_hal/common/nwc/mss_pll.c **** 
 441:../src/platform/mpfs_hal/common/nwc/mss_pll.c ****     MSS_SCB_MSS_PLL->PLL_DIV_0_1    = LIBERO_SETTING_MSS_PLL_DIV_0_1;
 442:../src/platform/mpfs_hal/common/nwc/mss_pll.c **** 
 443:../src/platform/mpfs_hal/common/nwc/mss_pll.c ****     MSS_SCB_MSS_PLL->PLL_DIV_2_3    = LIBERO_SETTING_MSS_PLL_DIV_2_3;
 444:../src/platform/mpfs_hal/common/nwc/mss_pll.c **** 
 445:../src/platform/mpfs_hal/common/nwc/mss_pll.c ****     MSS_SCB_MSS_PLL->PLL_CTRL2      = LIBERO_SETTING_MSS_PLL_CTRL2;
 446:../src/platform/mpfs_hal/common/nwc/mss_pll.c **** 
 447:../src/platform/mpfs_hal/common/nwc/mss_pll.c ****     MSS_SCB_MSS_PLL->PLL_FRACN      = LIBERO_SETTING_MSS_PLL_FRACN;
 448:../src/platform/mpfs_hal/common/nwc/mss_pll.c ****     MSS_SCB_MSS_PLL->SSCG_REG_0     = LIBERO_SETTING_MSS_SSCG_REG_0;
 449:../src/platform/mpfs_hal/common/nwc/mss_pll.c ****     MSS_SCB_MSS_PLL->SSCG_REG_1     = LIBERO_SETTING_MSS_SSCG_REG_1;
 450:../src/platform/mpfs_hal/common/nwc/mss_pll.c **** 
 451:../src/platform/mpfs_hal/common/nwc/mss_pll.c ****     MSS_SCB_MSS_PLL->SSCG_REG_2     = LIBERO_SETTING_MSS_SSCG_REG_2;
 452:../src/platform/mpfs_hal/common/nwc/mss_pll.c ****     MSS_SCB_MSS_PLL->SSCG_REG_3     = LIBERO_SETTING_MSS_SSCG_REG_3;
 453:../src/platform/mpfs_hal/common/nwc/mss_pll.c **** 
 454:../src/platform/mpfs_hal/common/nwc/mss_pll.c ****     /* PLL phase registers */
 455:../src/platform/mpfs_hal/common/nwc/mss_pll.c ****     MSS_SCB_MSS_PLL->PLL_PHADJ      = LIBERO_SETTING_MSS_PLL_PHADJ;
 456:../src/platform/mpfs_hal/common/nwc/mss_pll.c **** 
 457:../src/platform/mpfs_hal/common/nwc/mss_pll.c ****     /*
 458:../src/platform/mpfs_hal/common/nwc/mss_pll.c ****      * 5)   MSS Processor writes powerdown_int_b=1
 459:../src/platform/mpfs_hal/common/nwc/mss_pll.c ****      *      Start up the PLL with NEW parameters.
 460:../src/platform/mpfs_hal/common/nwc/mss_pll.c ****             Wait for LOCK
 461:../src/platform/mpfs_hal/common/nwc/mss_pll.c ****      */
 462:../src/platform/mpfs_hal/common/nwc/mss_pll.c ****     mss_mux_pre_mss_pll_config(); /* feed required inputs */
 463:../src/platform/mpfs_hal/common/nwc/mss_pll.c ****     /* bit 0 == REG_POWERDOWN_B */
 464:../src/platform/mpfs_hal/common/nwc/mss_pll.c ****     MSS_SCB_MSS_PLL->PLL_CTRL       = (LIBERO_SETTING_MSS_PLL_CTRL) | 0x01U;
 465:../src/platform/mpfs_hal/common/nwc/mss_pll.c ****     /*
 466:../src/platform/mpfs_hal/common/nwc/mss_pll.c ****      * Start up the PLL with NEW parameters.
 467:../src/platform/mpfs_hal/common/nwc/mss_pll.c ****      * Wait for LOCK
 468:../src/platform/mpfs_hal/common/nwc/mss_pll.c ****      *  todo: make wait clock based
 469:../src/platform/mpfs_hal/common/nwc/mss_pll.c ****      */
 470:../src/platform/mpfs_hal/common/nwc/mss_pll.c ****     volatile uint32_t timer_out=0x00FFFFFFU;
 471:../src/platform/mpfs_hal/common/nwc/mss_pll.c ****     while((MSS_SCB_MSS_PLL->PLL_CTRL & PLL_CTRL_LOCK_BIT) == 0U)
 472:../src/platform/mpfs_hal/common/nwc/mss_pll.c ****     {
 473:../src/platform/mpfs_hal/common/nwc/mss_pll.c **** #ifdef RENODE_DEBUG
 474:../src/platform/mpfs_hal/common/nwc/mss_pll.c ****         break;
 475:../src/platform/mpfs_hal/common/nwc/mss_pll.c **** #endif
 476:../src/platform/mpfs_hal/common/nwc/mss_pll.c ****         if (timer_out != 0U)
 477:../src/platform/mpfs_hal/common/nwc/mss_pll.c ****         {
 478:../src/platform/mpfs_hal/common/nwc/mss_pll.c ****             timer_out--;
 479:../src/platform/mpfs_hal/common/nwc/mss_pll.c ****         }
 480:../src/platform/mpfs_hal/common/nwc/mss_pll.c ****         else
 481:../src/platform/mpfs_hal/common/nwc/mss_pll.c ****         {
 482:../src/platform/mpfs_hal/common/nwc/mss_pll.c ****             timer_out=0x00FFFFFFU;
 483:../src/platform/mpfs_hal/common/nwc/mss_pll.c ****             flag_mss_pll_lock_error();
 484:../src/platform/mpfs_hal/common/nwc/mss_pll.c ****         }
 485:../src/platform/mpfs_hal/common/nwc/mss_pll.c ****     }
 486:../src/platform/mpfs_hal/common/nwc/mss_pll.c **** 
 487:../src/platform/mpfs_hal/common/nwc/mss_pll.c ****     /*
 488:../src/platform/mpfs_hal/common/nwc/mss_pll.c ****      * 6)   MSS Processor enables all 4 PLL outputs.
 489:../src/platform/mpfs_hal/common/nwc/mss_pll.c ****      * 7)   MSS Processor writes mssclk_mux_sel_int<0>=1 to select the MSS PLL
 490:../src/platform/mpfs_hal/common/nwc/mss_pll.c ****      *      clock.
 491:../src/platform/mpfs_hal/common/nwc/mss_pll.c ****      */
 492:../src/platform/mpfs_hal/common/nwc/mss_pll.c ****     mss_mux_post_mss_pll_config();
 493:../src/platform/mpfs_hal/common/nwc/mss_pll.c **** }
 494:../src/platform/mpfs_hal/common/nwc/mss_pll.c **** 
 495:../src/platform/mpfs_hal/common/nwc/mss_pll.c **** /**
 496:../src/platform/mpfs_hal/common/nwc/mss_pll.c ****  * flag_mss_pll_lock_error(void)
 497:../src/platform/mpfs_hal/common/nwc/mss_pll.c ****  *
 498:../src/platform/mpfs_hal/common/nwc/mss_pll.c ****  * Implement platform specific function for lock failure feedback
 499:../src/platform/mpfs_hal/common/nwc/mss_pll.c ****  *
 500:../src/platform/mpfs_hal/common/nwc/mss_pll.c ****  */
 501:../src/platform/mpfs_hal/common/nwc/mss_pll.c **** __attribute__((weak)) void flag_mss_pll_lock_error(void)
 502:../src/platform/mpfs_hal/common/nwc/mss_pll.c **** {
  89              		.loc 1 502 1 is_stmt 1
  90              		.cfi_startproc
 503:../src/platform/mpfs_hal/common/nwc/mss_pll.c ****     ASSERT(0U);
  91              		.loc 1 503 15
 504:../src/platform/mpfs_hal/common/nwc/mss_pll.c **** }
  92              		.loc 1 504 1 is_stmt 0
  93 0000 8280     		ret
  94              		.cfi_endproc
  95              	.LFE24:
  97              		.section	.text.ddr_pll_config,"ax",@progbits
  98              		.align	1
  99              		.globl	ddr_pll_config
 101              	ddr_pll_config:
 102              	.LFB25:
 505:../src/platform/mpfs_hal/common/nwc/mss_pll.c **** 
 506:../src/platform/mpfs_hal/common/nwc/mss_pll.c **** /**
 507:../src/platform/mpfs_hal/common/nwc/mss_pll.c ****  *
 508:../src/platform/mpfs_hal/common/nwc/mss_pll.c ****  * @param option choose between SCB or RPC and soft reset  update method.
 509:../src/platform/mpfs_hal/common/nwc/mss_pll.c ****  */
 510:../src/platform/mpfs_hal/common/nwc/mss_pll.c **** void ddr_pll_config(REG_LOAD_METHOD option)
 511:../src/platform/mpfs_hal/common/nwc/mss_pll.c **** {
 103              		.loc 1 511 1 is_stmt 1
 104              		.cfi_startproc
 105              	.LVL1:
 512:../src/platform/mpfs_hal/common/nwc/mss_pll.c **** 
 513:../src/platform/mpfs_hal/common/nwc/mss_pll.c ****     switch(option)
 106              		.loc 1 513 5
 107 0000 8546     		li	a3,1
 108 0002 630CD504 		beq	a0,a3,.L7
 514:../src/platform/mpfs_hal/common/nwc/mss_pll.c ****     {
 515:../src/platform/mpfs_hal/common/nwc/mss_pll.c ****         default:
 516:../src/platform/mpfs_hal/common/nwc/mss_pll.c ****         case SCB_UPDATE:   /* write to   SCB register */
 517:../src/platform/mpfs_hal/common/nwc/mss_pll.c ****             /* PERIPH / periph_reset_b  - This asserts the functional reset of
 518:../src/platform/mpfs_hal/common/nwc/mss_pll.c ****              * the block. It is asserted at power up. When written is stays
 519:../src/platform/mpfs_hal/common/nwc/mss_pll.c ****              * asserted until written to 0.
 520:../src/platform/mpfs_hal/common/nwc/mss_pll.c ****              * First set periph_reset_b, than remove reset. As may be called
 521:../src/platform/mpfs_hal/common/nwc/mss_pll.c ****              * more than one.
 522:../src/platform/mpfs_hal/common/nwc/mss_pll.c ****              * */
 523:../src/platform/mpfs_hal/common/nwc/mss_pll.c ****             MSS_SCB_DDR_PLL->SOFT_RESET       = PLL_INIT_AND_OUT_OF_RESET;
 109              		.loc 1 523 13
 110              		.loc 1 523 47 is_stmt 0
 111 0006 B707013E 		li	a5,1040252928
 112 000a 0D47     		li	a4,3
 113 000c 98C3     		sw	a4,0(a5)
 524:../src/platform/mpfs_hal/common/nwc/mss_pll.c **** 
 525:../src/platform/mpfs_hal/common/nwc/mss_pll.c ****             MSS_SCB_DDR_PLL->PLL_CTRL         = LIBERO_SETTING_DDR_PLL_CTRL & ~(PLL_CTRL_REG_POWERD
 114              		.loc 1 525 13 is_stmt 1
 115              		.loc 1 525 47 is_stmt 0
 116 000e 37070001 		li	a4,16777216
 117 0012 1306E703 		addi	a2,a4,62
 118 0016 D0C3     		sw	a2,4(a5)
 526:../src/platform/mpfs_hal/common/nwc/mss_pll.c ****             /* PLL calibration register */
 527:../src/platform/mpfs_hal/common/nwc/mss_pll.c **** 
 528:../src/platform/mpfs_hal/common/nwc/mss_pll.c ****             /*
 529:../src/platform/mpfs_hal/common/nwc/mss_pll.c ****              * PLL calibration register
 530:../src/platform/mpfs_hal/common/nwc/mss_pll.c ****              * This value is factory set, do not overwrite
 531:../src/platform/mpfs_hal/common/nwc/mss_pll.c ****              * MSS_SCB_DDR_PLL->PLL_CAL        = LIBERO_SETTING_MSS_PLL_CAL;
 532:../src/platform/mpfs_hal/common/nwc/mss_pll.c ****              *
 533:../src/platform/mpfs_hal/common/nwc/mss_pll.c ****              */
 534:../src/platform/mpfs_hal/common/nwc/mss_pll.c **** 
 535:../src/platform/mpfs_hal/common/nwc/mss_pll.c ****             MSS_SCB_DDR_PLL->PLL_REF_FB    = LIBERO_SETTING_DDR_PLL_REF_FB;
 119              		.loc 1 535 13 is_stmt 1
 120              		.loc 1 535 44 is_stmt 0
 121 0018 13060010 		li	a2,256
 122 001c 90C7     		sw	a2,8(a5)
 536:../src/platform/mpfs_hal/common/nwc/mss_pll.c **** 
 537:../src/platform/mpfs_hal/common/nwc/mss_pll.c **** 
 538:../src/platform/mpfs_hal/common/nwc/mss_pll.c ****             MSS_SCB_DDR_PLL->PLL_DIV_0_1   = LIBERO_SETTING_DDR_PLL_DIV_0_1;
 123              		.loc 1 538 13 is_stmt 1
 124              		.loc 1 538 44 is_stmt 0
 125 001e 37060002 		li	a2,33554432
 126 0022 13060610 		addi	a2,a2,256
 127 0026 90CB     		sw	a2,16(a5)
 539:../src/platform/mpfs_hal/common/nwc/mss_pll.c **** 
 540:../src/platform/mpfs_hal/common/nwc/mss_pll.c ****             MSS_SCB_DDR_PLL->PLL_DIV_2_3   = LIBERO_SETTING_DDR_PLL_DIV_2_3;
 128              		.loc 1 540 13 is_stmt 1
 129              		.loc 1 540 44 is_stmt 0
 130 0028 13060710 		addi	a2,a4,256
 131 002c D0CB     		sw	a2,20(a5)
 541:../src/platform/mpfs_hal/common/nwc/mss_pll.c **** 
 542:../src/platform/mpfs_hal/common/nwc/mss_pll.c **** 
 543:../src/platform/mpfs_hal/common/nwc/mss_pll.c ****             MSS_SCB_DDR_PLL->PLL_CTRL2     = LIBERO_SETTING_DDR_PLL_CTRL2;
 132              		.loc 1 543 13 is_stmt 1
 133              		.loc 1 543 44 is_stmt 0
 134 002e 0566     		li	a2,4096
 135 0030 13060602 		addi	a2,a2,32
 136 0034 90CF     		sw	a2,24(a5)
 544:../src/platform/mpfs_hal/common/nwc/mss_pll.c **** 
 545:../src/platform/mpfs_hal/common/nwc/mss_pll.c ****             MSS_SCB_DDR_PLL->PLL_FRACN     = LIBERO_SETTING_DDR_PLL_FRACN;
 137              		.loc 1 545 13 is_stmt 1
 546:../src/platform/mpfs_hal/common/nwc/mss_pll.c ****             MSS_SCB_DDR_PLL->SSCG_REG_0    = LIBERO_SETTING_DDR_SSCG_REG_0;
 138              		.loc 1 546 44 is_stmt 0
 139 0036 37D6F713 		li	a2,335007744
 545:../src/platform/mpfs_hal/common/nwc/mss_pll.c ****             MSS_SCB_DDR_PLL->SSCG_REG_0    = LIBERO_SETTING_DDR_SSCG_REG_0;
 140              		.loc 1 545 44
 141 003a D4C7     		sw	a3,12(a5)
 142              		.loc 1 546 13 is_stmt 1
 143              		.loc 1 546 44 is_stmt 0
 144 003c 130606EC 		addi	a2,a2,-320
 145 0040 D0D3     		sw	a2,36(a5)
 547:../src/platform/mpfs_hal/common/nwc/mss_pll.c ****             MSS_SCB_DDR_PLL->SSCG_REG_1    = LIBERO_SETTING_DDR_SSCG_REG_1;
 146              		.loc 1 547 13 is_stmt 1
 147              		.loc 1 547 44 is_stmt 0
 148 0042 23A40702 		sw	zero,40(a5)
 548:../src/platform/mpfs_hal/common/nwc/mss_pll.c **** 
 549:../src/platform/mpfs_hal/common/nwc/mss_pll.c ****             MSS_SCB_DDR_PLL->SSCG_REG_2    = LIBERO_SETTING_DDR_SSCG_REG_2;
 149              		.loc 1 549 13 is_stmt 1
 150              		.loc 1 549 44 is_stmt 0
 151 0046 5546     		li	a2,21
 152 0048 D0D7     		sw	a2,44(a5)
 550:../src/platform/mpfs_hal/common/nwc/mss_pll.c ****             MSS_SCB_DDR_PLL->SSCG_REG_3    = LIBERO_SETTING_DDR_SSCG_REG_3;
 153              		.loc 1 550 13 is_stmt 1
 154              		.loc 1 550 44 is_stmt 0
 155 004a 94DB     		sw	a3,48(a5)
 551:../src/platform/mpfs_hal/common/nwc/mss_pll.c **** 
 552:../src/platform/mpfs_hal/common/nwc/mss_pll.c ****             /* PLL phase registers */
 553:../src/platform/mpfs_hal/common/nwc/mss_pll.c **** 
 554:../src/platform/mpfs_hal/common/nwc/mss_pll.c ****             MSS_SCB_DDR_PLL->PLL_PHADJ     = LIBERO_SETTING_MSS_PLL_PHADJ;
 156              		.loc 1 554 13 is_stmt 1
 157              		.loc 1 554 44 is_stmt 0
 158 004c 9166     		li	a3,16384
 159 004e 8D06     		addi	a3,a3,3
 160 0050 94D3     		sw	a3,32(a5)
 555:../src/platform/mpfs_hal/common/nwc/mss_pll.c **** 
 556:../src/platform/mpfs_hal/common/nwc/mss_pll.c ****             MSS_SCB_DDR_PLL->PLL_CTRL      = (LIBERO_SETTING_DDR_PLL_CTRL)\
 161              		.loc 1 556 13 is_stmt 1
 162              		.loc 1 556 44 is_stmt 0
 163 0052 1307F703 		addi	a4,a4,63
 164 0056 D8C3     		sw	a4,4(a5)
 557:../src/platform/mpfs_hal/common/nwc/mss_pll.c ****                     | 0x01U;  /* bit 0 == REG_POWERDOWN_B */
 558:../src/platform/mpfs_hal/common/nwc/mss_pll.c **** 
 559:../src/platform/mpfs_hal/common/nwc/mss_pll.c ****             break;
 165              		.loc 1 559 13 is_stmt 1
 166 0058 8280     		ret
 167              	.L7:
 560:../src/platform/mpfs_hal/common/nwc/mss_pll.c **** 
 561:../src/platform/mpfs_hal/common/nwc/mss_pll.c ****         case RPC_REG_UPDATE:
 562:../src/platform/mpfs_hal/common/nwc/mss_pll.c ****             /* CFG_DDR_SGMII_PHY->SOFT_RESET_MAIN_PLL; */
 563:../src/platform/mpfs_hal/common/nwc/mss_pll.c ****             CFG_DDR_SGMII_PHY->PLL_CTRL_MAIN.PLL_CTRL_MAIN        =\
 168              		.loc 1 563 13
 169              		.loc 1 563 30 is_stmt 0
 170 005a 97070000 		lla	a5,CFG_DDR_SGMII_PHY
 170      93870700 
 171 0062 9C63     		ld	a5,0(a5)
 172              		.loc 1 563 67
 173 0064 37070001 		li	a4,16777216
 174 0068 9306F703 		addi	a3,a4,63
 175 006c 23A2D708 		sw	a3,132(a5)
 564:../src/platform/mpfs_hal/common/nwc/mss_pll.c ****                                         LIBERO_SETTING_DDR_PLL_CTRL | 0x01U;
 565:../src/platform/mpfs_hal/common/nwc/mss_pll.c ****             CFG_DDR_SGMII_PHY->PLL_REF_FB_MAIN.PLL_REF_FB_MAIN      =\
 176              		.loc 1 565 13 is_stmt 1
 177              		.loc 1 565 69 is_stmt 0
 178 0070 93060010 		li	a3,256
 179 0074 23A4D708 		sw	a3,136(a5)
 566:../src/platform/mpfs_hal/common/nwc/mss_pll.c ****                                                 LIBERO_SETTING_DDR_PLL_REF_FB;
 567:../src/platform/mpfs_hal/common/nwc/mss_pll.c ****             /* Read only in RPC
 568:../src/platform/mpfs_hal/common/nwc/mss_pll.c ****              * CFG_DDR_SGMII_PHY->PLL_FRACN_MAIN.PLL_FRACN_MAIN      =\
 569:../src/platform/mpfs_hal/common/nwc/mss_pll.c ****              *  LIBERO_SETTING_DDR_PLL_FRACN; */
 570:../src/platform/mpfs_hal/common/nwc/mss_pll.c ****             CFG_DDR_SGMII_PHY->PLL_DIV_0_1_MAIN.PLL_DIV_0_1_MAIN    =\
 180              		.loc 1 570 13 is_stmt 1
 181              		.loc 1 570 69 is_stmt 0
 182 0078 B7060002 		li	a3,33554432
 183 007c 93860610 		addi	a3,a3,256
 184 0080 23A8D708 		sw	a3,144(a5)
 571:../src/platform/mpfs_hal/common/nwc/mss_pll.c ****                                                 LIBERO_SETTING_DDR_PLL_DIV_0_1;
 572:../src/platform/mpfs_hal/common/nwc/mss_pll.c ****             CFG_DDR_SGMII_PHY->PLL_DIV_2_3_MAIN.PLL_DIV_2_3_MAIN  =\
 185              		.loc 1 572 13 is_stmt 1
 186              		.loc 1 572 67 is_stmt 0
 187 0084 13070710 		addi	a4,a4,256
 188 0088 23AAE708 		sw	a4,148(a5)
 573:../src/platform/mpfs_hal/common/nwc/mss_pll.c ****                                                 LIBERO_SETTING_DDR_PLL_DIV_2_3;
 574:../src/platform/mpfs_hal/common/nwc/mss_pll.c ****             CFG_DDR_SGMII_PHY->PLL_CTRL2_MAIN.PLL_CTRL2_MAIN      =\
 189              		.loc 1 574 13 is_stmt 1
 190              		.loc 1 574 67 is_stmt 0
 191 008c 0567     		li	a4,4096
 192 008e 13070702 		addi	a4,a4,32
 193 0092 23ACE708 		sw	a4,152(a5)
 575:../src/platform/mpfs_hal/common/nwc/mss_pll.c ****                                                    LIBERO_SETTING_DDR_PLL_CTRL2;
 576:../src/platform/mpfs_hal/common/nwc/mss_pll.c ****             /* Read only in RPC  todo: verify this is correct
 577:../src/platform/mpfs_hal/common/nwc/mss_pll.c ****              * CFG_DDR_SGMII_PHY->PLL_CAL_MAIN.PLL_CAL_MAIN  =\
 578:../src/platform/mpfs_hal/common/nwc/mss_pll.c ****              *                                   LIBERO_SETTING_DDR_PLL_CAL; */
 579:../src/platform/mpfs_hal/common/nwc/mss_pll.c ****             CFG_DDR_SGMII_PHY->PLL_PHADJ_MAIN.PLL_PHADJ_MAIN      =\
 194              		.loc 1 579 13 is_stmt 1
 195              		.loc 1 579 67 is_stmt 0
 196 0096 1567     		li	a4,20480
 197 0098 0D07     		addi	a4,a4,3
 198 009a 23A0E70A 		sw	a4,160(a5)
 580:../src/platform/mpfs_hal/common/nwc/mss_pll.c ****                                                    LIBERO_SETTING_DDR_PLL_PHADJ;
 581:../src/platform/mpfs_hal/common/nwc/mss_pll.c ****             /*__I  CFG_DDR_SGMII_PHY_SSCG_REG_0_MAIN_TypeDef SSCG_REG_0_MAIN; */
 582:../src/platform/mpfs_hal/common/nwc/mss_pll.c ****             /*__I  CFG_DDR_SGMII_PHY_SSCG_REG_1_MAIN_TypeDef SSCG_REG_1_MAIN; */
 583:../src/platform/mpfs_hal/common/nwc/mss_pll.c ****             CFG_DDR_SGMII_PHY->SSCG_REG_2_MAIN.SSCG_REG_2_MAIN       =\
 199              		.loc 1 583 13 is_stmt 1
 200              		.loc 1 583 70 is_stmt 0
 201 009e 5547     		li	a4,21
 202 00a0 23A6E70A 		sw	a4,172(a5)
 584:../src/platform/mpfs_hal/common/nwc/mss_pll.c ****                                                 LIBERO_SETTING_DDR_SSCG_REG_2;
 585:../src/platform/mpfs_hal/common/nwc/mss_pll.c ****             /*__I  CFG_DDR_SGMII_PHY_SSCG_REG_3_MAIN_TypeDef SSCG_REG_3_MAIN; */
 586:../src/platform/mpfs_hal/common/nwc/mss_pll.c ****             /*
 587:../src/platform/mpfs_hal/common/nwc/mss_pll.c ****              * set the NV map reset
 588:../src/platform/mpfs_hal/common/nwc/mss_pll.c ****              * This will load the APB registers, set via SGMII TIP.
 589:../src/platform/mpfs_hal/common/nwc/mss_pll.c ****              * */
 590:../src/platform/mpfs_hal/common/nwc/mss_pll.c ****             /* bit 0 == REG_POWERDOWN_B */
 591:../src/platform/mpfs_hal/common/nwc/mss_pll.c ****             MSS_SCB_DDR_PLL->SOFT_RESET  = PLL_INIT_AND_OUT_OF_RESET;
 203              		.loc 1 591 13 is_stmt 1
 204              		.loc 1 591 42 is_stmt 0
 205 00a4 B707013E 		li	a5,1040252928
 206 00a8 0D47     		li	a4,3
 207 00aa 98C3     		sw	a4,0(a5)
 592:../src/platform/mpfs_hal/common/nwc/mss_pll.c ****             break;
 208              		.loc 1 592 13 is_stmt 1
 593:../src/platform/mpfs_hal/common/nwc/mss_pll.c ****     }
 594:../src/platform/mpfs_hal/common/nwc/mss_pll.c **** }
 209              		.loc 1 594 1 is_stmt 0
 210 00ac 8280     		ret
 211              		.cfi_endproc
 212              	.LFE25:
 214              		.section	.text.ddr_pll_lock_scb,"ax",@progbits
 215              		.align	1
 216              		.globl	ddr_pll_lock_scb
 218              	ddr_pll_lock_scb:
 219              	.LFB26:
 595:../src/platform/mpfs_hal/common/nwc/mss_pll.c **** 
 596:../src/platform/mpfs_hal/common/nwc/mss_pll.c **** /**
 597:../src/platform/mpfs_hal/common/nwc/mss_pll.c ****  * ddr_pll_lock_scb(void)
 598:../src/platform/mpfs_hal/common/nwc/mss_pll.c ****  * checks to see if lock has occurred
 599:../src/platform/mpfs_hal/common/nwc/mss_pll.c ****  * @return => lock has occurred, 1=> no lock
 600:../src/platform/mpfs_hal/common/nwc/mss_pll.c ****  */
 601:../src/platform/mpfs_hal/common/nwc/mss_pll.c **** uint8_t ddr_pll_lock_scb(void)
 602:../src/platform/mpfs_hal/common/nwc/mss_pll.c **** {
 220              		.loc 1 602 1 is_stmt 1
 221              		.cfi_startproc
 603:../src/platform/mpfs_hal/common/nwc/mss_pll.c ****     uint8_t result = 1U;
 222              		.loc 1 603 5
 223              	.LVL2:
 604:../src/platform/mpfs_hal/common/nwc/mss_pll.c **** #ifndef RENODE_DEBUG
 605:../src/platform/mpfs_hal/common/nwc/mss_pll.c ****     if((MSS_SCB_DDR_PLL->PLL_CTRL & PLL_CTRL_LOCK_BIT) == PLL_CTRL_LOCK_BIT)
 224              		.loc 1 605 5
 225              		.loc 1 605 24 is_stmt 0
 226 0000 B707013E 		li	a5,1040252928
 227 0004 C843     		lw	a0,4(a5)
 228 0006 0125     		sext.w	a0,a0
 229              	.LVL3:
 606:../src/platform/mpfs_hal/common/nwc/mss_pll.c ****     {
 607:../src/platform/mpfs_hal/common/nwc/mss_pll.c ****         result = 0U; /* PLL lock has occurred */
 608:../src/platform/mpfs_hal/common/nwc/mss_pll.c ****     }
 609:../src/platform/mpfs_hal/common/nwc/mss_pll.c **** #else
 610:../src/platform/mpfs_hal/common/nwc/mss_pll.c ****     result = 0U;
 611:../src/platform/mpfs_hal/common/nwc/mss_pll.c **** #endif
 612:../src/platform/mpfs_hal/common/nwc/mss_pll.c ****     return (result);
 230              		.loc 1 612 5 is_stmt 1
 605:../src/platform/mpfs_hal/common/nwc/mss_pll.c ****     {
 231              		.loc 1 605 7 is_stmt 0
 232 0008 1B559541 		sraiw	a0,a0,25
 233              	.LVL4:
 234 000c 13451500 		xori	a0,a0,1
 613:../src/platform/mpfs_hal/common/nwc/mss_pll.c **** }
 235              		.loc 1 613 1
 236 0010 0589     		andi	a0,a0,1
 237 0012 8280     		ret
 238              		.cfi_endproc
 239              	.LFE26:
 241              		.section	.text.ddr_pll_config_scb_turn_off,"ax",@progbits
 242              		.align	1
 243              		.globl	ddr_pll_config_scb_turn_off
 245              	ddr_pll_config_scb_turn_off:
 246              	.LFB27:
 614:../src/platform/mpfs_hal/common/nwc/mss_pll.c **** 
 615:../src/platform/mpfs_hal/common/nwc/mss_pll.c **** /***************************************************************************//**
 616:../src/platform/mpfs_hal/common/nwc/mss_pll.c ****  *
 617:../src/platform/mpfs_hal/common/nwc/mss_pll.c ****  ******************************************************************************/
 618:../src/platform/mpfs_hal/common/nwc/mss_pll.c **** void ddr_pll_config_scb_turn_off(void)
 619:../src/platform/mpfs_hal/common/nwc/mss_pll.c **** {
 247              		.loc 1 619 1 is_stmt 1
 248              		.cfi_startproc
 620:../src/platform/mpfs_hal/common/nwc/mss_pll.c ****     /* PERIPH / periph_reset_b */
 621:../src/platform/mpfs_hal/common/nwc/mss_pll.c ****     MSS_SCB_DDR_PLL->PLL_CTRL       &= (uint32_t)~0x00000001UL;
 249              		.loc 1 621 5
 250              		.loc 1 621 37 is_stmt 0
 251 0000 3707013E 		li	a4,1040252928
 252 0004 5C43     		lw	a5,4(a4)
 253 0006 8127     		sext.w	a5,a5
 254 0008 F99B     		andi	a5,a5,-2
 255 000a 5CC3     		sw	a5,4(a4)
 622:../src/platform/mpfs_hal/common/nwc/mss_pll.c **** }
 256              		.loc 1 622 1
 257 000c 8280     		ret
 258              		.cfi_endproc
 259              	.LFE27:
 261              		.section	.text.sgmii_pll_config_scb,"ax",@progbits
 262              		.align	1
 263              		.globl	sgmii_pll_config_scb
 265              	sgmii_pll_config_scb:
 266              	.LFB28:
 623:../src/platform/mpfs_hal/common/nwc/mss_pll.c **** 
 624:../src/platform/mpfs_hal/common/nwc/mss_pll.c **** 
 625:../src/platform/mpfs_hal/common/nwc/mss_pll.c **** /***************************************************************************//**
 626:../src/platform/mpfs_hal/common/nwc/mss_pll.c ****  * sgmii_pll_config_scb(uint8_t option)
 627:../src/platform/mpfs_hal/common/nwc/mss_pll.c ****  * @param option 1 => soft reset, load RPC settings
 628:../src/platform/mpfs_hal/common/nwc/mss_pll.c ****  *               0 => write values using SCB
 629:../src/platform/mpfs_hal/common/nwc/mss_pll.c ****  ******************************************************************************/
 630:../src/platform/mpfs_hal/common/nwc/mss_pll.c **** void sgmii_pll_config_scb(uint8_t option)
 631:../src/platform/mpfs_hal/common/nwc/mss_pll.c **** {
 267              		.loc 1 631 1 is_stmt 1
 268              		.cfi_startproc
 269              	.LVL5:
 632:../src/platform/mpfs_hal/common/nwc/mss_pll.c **** 
 633:../src/platform/mpfs_hal/common/nwc/mss_pll.c ****     switch(option)
 270              		.loc 1 633 5
 271 0000 0546     		li	a2,1
 634:../src/platform/mpfs_hal/common/nwc/mss_pll.c ****     {
 635:../src/platform/mpfs_hal/common/nwc/mss_pll.c ****         default:
 636:../src/platform/mpfs_hal/common/nwc/mss_pll.c ****         case SCB_UPDATE:   /* write to   SCB register */
 637:../src/platform/mpfs_hal/common/nwc/mss_pll.c ****             /* PERIPH / periph_reset_b  - This asserts the functional reset of
 638:../src/platform/mpfs_hal/common/nwc/mss_pll.c ****              * the block. It is asserted at power up. When written is stays
 639:../src/platform/mpfs_hal/common/nwc/mss_pll.c ****              * asserted until written to 0.
 640:../src/platform/mpfs_hal/common/nwc/mss_pll.c ****              * First set periph_reset_b, than remove reset. As may be called
 641:../src/platform/mpfs_hal/common/nwc/mss_pll.c ****              * more than one.
 642:../src/platform/mpfs_hal/common/nwc/mss_pll.c ****              * */
 643:../src/platform/mpfs_hal/common/nwc/mss_pll.c ****             MSS_SCB_SGMII_PLL->SOFT_RESET      = PLL_INIT_AND_OUT_OF_RESET;
 272              		.loc 1 643 48 is_stmt 0
 273 0002 B707083E 		li	a5,1040711680
 633:../src/platform/mpfs_hal/common/nwc/mss_pll.c ****     {
 274              		.loc 1 633 5
 275 0006 6305C504 		beq	a0,a2,.L12
 276              		.loc 1 643 13 is_stmt 1
 277              		.loc 1 643 48 is_stmt 0
 278 000a 0D47     		li	a4,3
 279 000c 98C3     		sw	a4,0(a5)
 644:../src/platform/mpfs_hal/common/nwc/mss_pll.c **** 
 645:../src/platform/mpfs_hal/common/nwc/mss_pll.c ****             MSS_SCB_SGMII_PLL->PLL_CTRL      = LIBERO_SETTING_SGMII_PLL_CTRL & ~(PLL_CTRL_REG_POWER
 280              		.loc 1 645 13 is_stmt 1
 281              		.loc 1 645 46 is_stmt 0
 282 000e 37070001 		li	a4,16777216
 283 0012 9306E703 		addi	a3,a4,62
 284 0016 D4C3     		sw	a3,4(a5)
 646:../src/platform/mpfs_hal/common/nwc/mss_pll.c ****             /* PLL calibration register */
 647:../src/platform/mpfs_hal/common/nwc/mss_pll.c **** 
 648:../src/platform/mpfs_hal/common/nwc/mss_pll.c ****             /*
 649:../src/platform/mpfs_hal/common/nwc/mss_pll.c ****              * PLL calibration register
 650:../src/platform/mpfs_hal/common/nwc/mss_pll.c ****              * This value is factory set, do not overwrite
 651:../src/platform/mpfs_hal/common/nwc/mss_pll.c ****              * MSS_SCB_SGMII_PLL->PLL_CAL        = LIBERO_SETTING_MSS_PLL_CAL;
 652:../src/platform/mpfs_hal/common/nwc/mss_pll.c ****              *
 653:../src/platform/mpfs_hal/common/nwc/mss_pll.c ****              */
 654:../src/platform/mpfs_hal/common/nwc/mss_pll.c **** 
 655:../src/platform/mpfs_hal/common/nwc/mss_pll.c ****             MSS_SCB_SGMII_PLL->PLL_REF_FB    = LIBERO_SETTING_SGMII_PLL_REF_FB;
 285              		.loc 1 655 13 is_stmt 1
 286              		.loc 1 655 46 is_stmt 0
 287 0018 93060010 		li	a3,256
 288 001c 94C7     		sw	a3,8(a5)
 656:../src/platform/mpfs_hal/common/nwc/mss_pll.c **** 
 657:../src/platform/mpfs_hal/common/nwc/mss_pll.c **** 
 658:../src/platform/mpfs_hal/common/nwc/mss_pll.c ****             MSS_SCB_SGMII_PLL->PLL_DIV_0_1   = LIBERO_SETTING_SGMII_PLL_DIV_0_1;
 289              		.loc 1 658 13 is_stmt 1
 290              		.loc 1 658 46 is_stmt 0
 291 001e 93060710 		addi	a3,a4,256
 292 0022 94CB     		sw	a3,16(a5)
 659:../src/platform/mpfs_hal/common/nwc/mss_pll.c **** 
 660:../src/platform/mpfs_hal/common/nwc/mss_pll.c ****             MSS_SCB_SGMII_PLL->PLL_DIV_2_3   = LIBERO_SETTING_SGMII_PLL_DIV_2_3;
 293              		.loc 1 660 13 is_stmt 1
 294              		.loc 1 660 46 is_stmt 0
 295 0024 D4CB     		sw	a3,20(a5)
 661:../src/platform/mpfs_hal/common/nwc/mss_pll.c **** 
 662:../src/platform/mpfs_hal/common/nwc/mss_pll.c **** 
 663:../src/platform/mpfs_hal/common/nwc/mss_pll.c ****             MSS_SCB_SGMII_PLL->PLL_CTRL2     = LIBERO_SETTING_SGMII_PLL_CTRL2;
 296              		.loc 1 663 13 is_stmt 1
 297              		.loc 1 663 46 is_stmt 0
 298 0026 8566     		li	a3,4096
 299 0028 93860602 		addi	a3,a3,32
 300 002c 94CF     		sw	a3,24(a5)
 664:../src/platform/mpfs_hal/common/nwc/mss_pll.c **** 
 665:../src/platform/mpfs_hal/common/nwc/mss_pll.c ****             MSS_SCB_SGMII_PLL->PLL_FRACN     = LIBERO_SETTING_SGMII_PLL_FRACN;
 301              		.loc 1 665 13 is_stmt 1
 302              		.loc 1 665 46 is_stmt 0
 303 002e 23A60700 		sw	zero,12(a5)
 666:../src/platform/mpfs_hal/common/nwc/mss_pll.c ****             MSS_SCB_SGMII_PLL->SSCG_REG_0    = LIBERO_SETTING_SGMII_SSCG_REG_0;
 304              		.loc 1 666 13 is_stmt 1
 305              		.loc 1 666 46 is_stmt 0
 306 0032 23A20702 		sw	zero,36(a5)
 667:../src/platform/mpfs_hal/common/nwc/mss_pll.c ****             MSS_SCB_SGMII_PLL->SSCG_REG_1    = LIBERO_SETTING_SGMII_SSCG_REG_1;
 307              		.loc 1 667 13 is_stmt 1
 308              		.loc 1 667 46 is_stmt 0
 309 0036 23A40702 		sw	zero,40(a5)
 668:../src/platform/mpfs_hal/common/nwc/mss_pll.c **** 
 669:../src/platform/mpfs_hal/common/nwc/mss_pll.c ****             MSS_SCB_SGMII_PLL->SSCG_REG_2    = LIBERO_SETTING_SGMII_SSCG_REG_2;
 310              		.loc 1 669 13 is_stmt 1
 311              		.loc 1 669 46 is_stmt 0
 312 003a E546     		li	a3,25
 313 003c D4D7     		sw	a3,44(a5)
 670:../src/platform/mpfs_hal/common/nwc/mss_pll.c ****             MSS_SCB_SGMII_PLL->SSCG_REG_3    = LIBERO_SETTING_SGMII_SSCG_REG_3;
 314              		.loc 1 670 13 is_stmt 1
 671:../src/platform/mpfs_hal/common/nwc/mss_pll.c **** 
 672:../src/platform/mpfs_hal/common/nwc/mss_pll.c ****             /* PLL phase registers */
 673:../src/platform/mpfs_hal/common/nwc/mss_pll.c **** 
 674:../src/platform/mpfs_hal/common/nwc/mss_pll.c ****             MSS_SCB_SGMII_PLL->PLL_PHADJ     = LIBERO_SETTING_SGMII_PLL_PHADJ;
 315              		.loc 1 674 46 is_stmt 0
 316 003e 9D66     		li	a3,28672
 670:../src/platform/mpfs_hal/common/nwc/mss_pll.c ****             MSS_SCB_SGMII_PLL->SSCG_REG_3    = LIBERO_SETTING_SGMII_SSCG_REG_3;
 317              		.loc 1 670 46
 318 0040 90DB     		sw	a2,48(a5)
 319              		.loc 1 674 13 is_stmt 1
 320              		.loc 1 674 46 is_stmt 0
 321 0042 93863644 		addi	a3,a3,1091
 322 0046 94D3     		sw	a3,32(a5)
 675:../src/platform/mpfs_hal/common/nwc/mss_pll.c **** 
 676:../src/platform/mpfs_hal/common/nwc/mss_pll.c ****             MSS_SCB_SGMII_PLL->PLL_CTRL      = (LIBERO_SETTING_SGMII_PLL_CTRL)\
 323              		.loc 1 676 13 is_stmt 1
 324              		.loc 1 676 46 is_stmt 0
 325 0048 1307F703 		addi	a4,a4,63
 326 004c D8C3     		sw	a4,4(a5)
 677:../src/platform/mpfs_hal/common/nwc/mss_pll.c ****                     | 0x01U;  /* bit 0 == REG_POWERDOWN_B */
 678:../src/platform/mpfs_hal/common/nwc/mss_pll.c **** 
 679:../src/platform/mpfs_hal/common/nwc/mss_pll.c ****             break;
 327              		.loc 1 679 13 is_stmt 1
 328 004e 8280     		ret
 329              	.L12:
 680:../src/platform/mpfs_hal/common/nwc/mss_pll.c **** 
 681:../src/platform/mpfs_hal/common/nwc/mss_pll.c ****         case RPC_REG_UPDATE:
 682:../src/platform/mpfs_hal/common/nwc/mss_pll.c ****             /*
 683:../src/platform/mpfs_hal/common/nwc/mss_pll.c ****              * set the NV map reset
 684:../src/platform/mpfs_hal/common/nwc/mss_pll.c ****              * This will load the APB registers, set via SGMII TIP.
 685:../src/platform/mpfs_hal/common/nwc/mss_pll.c ****              * */
 686:../src/platform/mpfs_hal/common/nwc/mss_pll.c ****             /* bit 0 == REG_POWERDOWN_B */
 687:../src/platform/mpfs_hal/common/nwc/mss_pll.c ****             MSS_SCB_SGMII_PLL->SOFT_RESET  = 0x01U;
 330              		.loc 1 687 13
 331              		.loc 1 687 44 is_stmt 0
 332 0050 88C3     		sw	a0,0(a5)
 688:../src/platform/mpfs_hal/common/nwc/mss_pll.c ****             break;
 333              		.loc 1 688 13 is_stmt 1
 689:../src/platform/mpfs_hal/common/nwc/mss_pll.c ****     }
 690:../src/platform/mpfs_hal/common/nwc/mss_pll.c **** }
 334              		.loc 1 690 1 is_stmt 0
 335 0052 8280     		ret
 336              		.cfi_endproc
 337              	.LFE28:
 339              		.section	.text.sgmii_pll_lock_scb,"ax",@progbits
 340              		.align	1
 341              		.globl	sgmii_pll_lock_scb
 343              	sgmii_pll_lock_scb:
 344              	.LFB29:
 691:../src/platform/mpfs_hal/common/nwc/mss_pll.c **** 
 692:../src/platform/mpfs_hal/common/nwc/mss_pll.c **** /**
 693:../src/platform/mpfs_hal/common/nwc/mss_pll.c ****  * sgmii_pll_lock_scb(void)
 694:../src/platform/mpfs_hal/common/nwc/mss_pll.c ****  * checks to see if lock has occurred
 695:../src/platform/mpfs_hal/common/nwc/mss_pll.c ****  * @return => lock has occurred, 1=> no lock
 696:../src/platform/mpfs_hal/common/nwc/mss_pll.c ****  */
 697:../src/platform/mpfs_hal/common/nwc/mss_pll.c **** uint8_t sgmii_pll_lock_scb(void)
 698:../src/platform/mpfs_hal/common/nwc/mss_pll.c **** {
 345              		.loc 1 698 1 is_stmt 1
 346              		.cfi_startproc
 699:../src/platform/mpfs_hal/common/nwc/mss_pll.c ****     uint8_t result = 1U;
 347              		.loc 1 699 5
 348              	.LVL6:
 700:../src/platform/mpfs_hal/common/nwc/mss_pll.c **** #ifndef RENODE_DEBUG
 701:../src/platform/mpfs_hal/common/nwc/mss_pll.c ****     if((MSS_SCB_SGMII_PLL->PLL_CTRL & PLL_CTRL_LOCK_BIT) == PLL_CTRL_LOCK_BIT)
 349              		.loc 1 701 5
 350              		.loc 1 701 26 is_stmt 0
 351 0000 B707083E 		li	a5,1040711680
 352 0004 C843     		lw	a0,4(a5)
 353 0006 0125     		sext.w	a0,a0
 354              	.LVL7:
 702:../src/platform/mpfs_hal/common/nwc/mss_pll.c ****     {
 703:../src/platform/mpfs_hal/common/nwc/mss_pll.c ****         result = 0U; /* PLL lock has occurred */
 704:../src/platform/mpfs_hal/common/nwc/mss_pll.c ****     }
 705:../src/platform/mpfs_hal/common/nwc/mss_pll.c **** #else
 706:../src/platform/mpfs_hal/common/nwc/mss_pll.c ****     result = 0U;
 707:../src/platform/mpfs_hal/common/nwc/mss_pll.c **** #endif
 708:../src/platform/mpfs_hal/common/nwc/mss_pll.c ****     return (result);
 355              		.loc 1 708 5 is_stmt 1
 701:../src/platform/mpfs_hal/common/nwc/mss_pll.c ****     {
 356              		.loc 1 701 7 is_stmt 0
 357 0008 1B559541 		sraiw	a0,a0,25
 358              	.LVL8:
 359 000c 13451500 		xori	a0,a0,1
 709:../src/platform/mpfs_hal/common/nwc/mss_pll.c **** }
 360              		.loc 1 709 1
 361 0010 0589     		andi	a0,a0,1
 362 0012 8280     		ret
 363              		.cfi_endproc
 364              	.LFE29:
 366              		.section	.text.copy_switch_code,"ax",@progbits
 367              		.align	1
 368              		.weak	copy_switch_code
 370              	copy_switch_code:
 371              	.LFB30:
 710:../src/platform/mpfs_hal/common/nwc/mss_pll.c **** 
 711:../src/platform/mpfs_hal/common/nwc/mss_pll.c **** 
 712:../src/platform/mpfs_hal/common/nwc/mss_pll.c **** /***************************************************************************//**
 713:../src/platform/mpfs_hal/common/nwc/mss_pll.c ****  * Copy switch code routine to RAM.
 714:../src/platform/mpfs_hal/common/nwc/mss_pll.c ****  * Copy locations have been defined in the linker script
 715:../src/platform/mpfs_hal/common/nwc/mss_pll.c ****  ******************************************************************************/
 716:../src/platform/mpfs_hal/common/nwc/mss_pll.c **** __attribute__((weak)) void copy_switch_code(void)
 717:../src/platform/mpfs_hal/common/nwc/mss_pll.c **** {
 372              		.loc 1 717 1 is_stmt 1
 373              		.cfi_startproc
 718:../src/platform/mpfs_hal/common/nwc/mss_pll.c ****     uint32_t * sc_lma = &__sc_load;
 374              		.loc 1 718 5
 375              	.LVL9:
 719:../src/platform/mpfs_hal/common/nwc/mss_pll.c ****     uint32_t * end_sc_vma = &__sc_end;
 376              		.loc 1 719 5
 720:../src/platform/mpfs_hal/common/nwc/mss_pll.c ****     uint32_t * sc_vma = &__sc_start;
 377              		.loc 1 720 5
 721:../src/platform/mpfs_hal/common/nwc/mss_pll.c **** 
 722:../src/platform/mpfs_hal/common/nwc/mss_pll.c ****     if ( sc_vma != sc_lma )
 378              		.loc 1 722 5
 379              		.loc 1 722 8 is_stmt 0
 380 0000 97070000 		lla	a5,__sc_start
 380      93870700 
 381 0008 17070000 		lla	a4,__sc_load
 381      13070700 
 382              	.LBB4:
 383              	.LBB5:
 723:../src/platform/mpfs_hal/common/nwc/mss_pll.c ****     {
 724:../src/platform/mpfs_hal/common/nwc/mss_pll.c ****         while ( sc_vma < end_sc_vma )
 384              		.loc 1 724 15
 385 0010 97060000 		lla	a3,__sc_end
 385      93860600 
 386              	.LBE5:
 387              	.LBE4:
 722:../src/platform/mpfs_hal/common/nwc/mss_pll.c ****     {
 388              		.loc 1 722 8
 389 0018 6398E700 		bne	a5,a4,.L16
 390 001c 8280     		ret
 391              	.LVL10:
 392              	.L17:
 393              	.LBB7:
 394              	.LBB6:
 725:../src/platform/mpfs_hal/common/nwc/mss_pll.c ****         {
 726:../src/platform/mpfs_hal/common/nwc/mss_pll.c ****             *sc_vma = *sc_lma;
 395              		.loc 1 726 13 is_stmt 1
 396              		.loc 1 726 21 is_stmt 0
 397 001e 1043     		lw	a2,0(a4)
 727:../src/platform/mpfs_hal/common/nwc/mss_pll.c ****             sc_vma++ ; sc_lma++;
 398              		.loc 1 727 19
 399 0020 9107     		addi	a5,a5,4
 400              	.LVL11:
 401              		.loc 1 727 30
 402 0022 1107     		addi	a4,a4,4
 403              	.LVL12:
 726:../src/platform/mpfs_hal/common/nwc/mss_pll.c ****             sc_vma++ ; sc_lma++;
 404              		.loc 1 726 21
 405 0024 23AEC7FE 		sw	a2,-4(a5)
 406              		.loc 1 727 13 is_stmt 1
 407              	.LVL13:
 408              		.loc 1 727 24
 409              	.L16:
 724:../src/platform/mpfs_hal/common/nwc/mss_pll.c ****         {
 410              		.loc 1 724 15 is_stmt 0
 411 0028 E3EBD7FE 		bltu	a5,a3,.L17
 412              	.LBE6:
 413              	.LBE7:
 728:../src/platform/mpfs_hal/common/nwc/mss_pll.c ****          }
 729:../src/platform/mpfs_hal/common/nwc/mss_pll.c ****     }
 730:../src/platform/mpfs_hal/common/nwc/mss_pll.c **** }
 414              		.loc 1 730 1
 415 002c 8280     		ret
 416              		.cfi_endproc
 417              	.LFE30:
 419              		.section	.text.mss_pll_config,"ax",@progbits
 420              		.align	1
 421              		.globl	mss_pll_config
 423              	mss_pll_config:
 424              	.LFB23:
 401:../src/platform/mpfs_hal/common/nwc/mss_pll.c ****     copy_switch_code(); /* copy switch code to RAM */
 425              		.loc 1 401 1 is_stmt 1
 426              		.cfi_startproc
 402:../src/platform/mpfs_hal/common/nwc/mss_pll.c **** 
 427              		.loc 1 402 5
 401:../src/platform/mpfs_hal/common/nwc/mss_pll.c ****     copy_switch_code(); /* copy switch code to RAM */
 428              		.loc 1 401 1 is_stmt 0
 429 0000 7971     		addi	sp,sp,-48
 430              		.cfi_def_cfa_offset 48
 431 0002 06F4     		sd	ra,40(sp)
 432 0004 22F0     		sd	s0,32(sp)
 433 0006 26EC     		sd	s1,24(sp)
 434 0008 4AE8     		sd	s2,16(sp)
 435              		.cfi_offset 1, -8
 436              		.cfi_offset 8, -16
 437              		.cfi_offset 9, -24
 438              		.cfi_offset 18, -32
 402:../src/platform/mpfs_hal/common/nwc/mss_pll.c **** 
 439              		.loc 1 402 5
 440 000a 97000000 		call	copy_switch_code
 440      E7800000 
 441              	.LVL14:
 404:../src/platform/mpfs_hal/common/nwc/mss_pll.c ****     MSS_SCB_MSS_PLL->SOFT_RESET     = PLL_INIT_AND_OUT_OF_RESET;
 442              		.loc 1 404 5 is_stmt 1
 404:../src/platform/mpfs_hal/common/nwc/mss_pll.c ****     MSS_SCB_MSS_PLL->SOFT_RESET     = PLL_INIT_AND_OUT_OF_RESET;
 443              		.loc 1 404 37 is_stmt 0
 444 0012 0D47     		li	a4,3
 445 0014 B707013E 		li	a5,1040252928
 446 0018 98C3     		sw	a4,0(a5)
 405:../src/platform/mpfs_hal/common/nwc/mss_pll.c **** 
 447              		.loc 1 405 5 is_stmt 1
 405:../src/platform/mpfs_hal/common/nwc/mss_pll.c **** 
 448              		.loc 1 405 37 is_stmt 0
 449 001a B717003E 		li	a5,1040191488
 450 001e 98C3     		sw	a4,0(a5)
 430:../src/platform/mpfs_hal/common/nwc/mss_pll.c **** 
 451              		.loc 1 430 5 is_stmt 1
 430:../src/platform/mpfs_hal/common/nwc/mss_pll.c **** 
 452              		.loc 1 430 37 is_stmt 0
 453 0020 37070001 		li	a4,16777216
 454 0024 93066702 		addi	a3,a4,38
 455 0028 D4C3     		sw	a3,4(a5)
 439:../src/platform/mpfs_hal/common/nwc/mss_pll.c **** 
 456              		.loc 1 439 5 is_stmt 1
 439:../src/platform/mpfs_hal/common/nwc/mss_pll.c **** 
 457              		.loc 1 439 37 is_stmt 0
 458 002a 93060050 		li	a3,1280
 459 002e 94C7     		sw	a3,8(a5)
 441:../src/platform/mpfs_hal/common/nwc/mss_pll.c **** 
 460              		.loc 1 441 5 is_stmt 1
 441:../src/platform/mpfs_hal/common/nwc/mss_pll.c **** 
 461              		.loc 1 441 37 is_stmt 0
 462 0030 13070710 		addi	a4,a4,256
 463 0034 98CB     		sw	a4,16(a5)
 443:../src/platform/mpfs_hal/common/nwc/mss_pll.c **** 
 464              		.loc 1 443 5 is_stmt 1
 443:../src/platform/mpfs_hal/common/nwc/mss_pll.c **** 
 465              		.loc 1 443 37 is_stmt 0
 466 0036 3707004B 		li	a4,1258291200
 467 003a 13070710 		addi	a4,a4,256
 468 003e D8CB     		sw	a4,20(a5)
 445:../src/platform/mpfs_hal/common/nwc/mss_pll.c **** 
 469              		.loc 1 445 5 is_stmt 1
 445:../src/platform/mpfs_hal/common/nwc/mss_pll.c **** 
 470              		.loc 1 445 37 is_stmt 0
 471 0040 0567     		li	a4,4096
 472 0042 13070702 		addi	a4,a4,32
 473 0046 98CF     		sw	a4,24(a5)
 447:../src/platform/mpfs_hal/common/nwc/mss_pll.c ****     MSS_SCB_MSS_PLL->SSCG_REG_0     = LIBERO_SETTING_MSS_SSCG_REG_0;
 474              		.loc 1 447 5 is_stmt 1
 447:../src/platform/mpfs_hal/common/nwc/mss_pll.c ****     MSS_SCB_MSS_PLL->SSCG_REG_0     = LIBERO_SETTING_MSS_SSCG_REG_0;
 475              		.loc 1 447 37 is_stmt 0
 476 0048 23A60700 		sw	zero,12(a5)
 448:../src/platform/mpfs_hal/common/nwc/mss_pll.c ****     MSS_SCB_MSS_PLL->SSCG_REG_1     = LIBERO_SETTING_MSS_SSCG_REG_1;
 477              		.loc 1 448 5 is_stmt 1
 448:../src/platform/mpfs_hal/common/nwc/mss_pll.c ****     MSS_SCB_MSS_PLL->SSCG_REG_1     = LIBERO_SETTING_MSS_SSCG_REG_1;
 478              		.loc 1 448 37 is_stmt 0
 479 004c 23A20702 		sw	zero,36(a5)
 449:../src/platform/mpfs_hal/common/nwc/mss_pll.c **** 
 480              		.loc 1 449 5 is_stmt 1
 449:../src/platform/mpfs_hal/common/nwc/mss_pll.c **** 
 481              		.loc 1 449 37 is_stmt 0
 482 0050 23A40702 		sw	zero,40(a5)
 451:../src/platform/mpfs_hal/common/nwc/mss_pll.c ****     MSS_SCB_MSS_PLL->SSCG_REG_3     = LIBERO_SETTING_MSS_SSCG_REG_3;
 483              		.loc 1 451 5 is_stmt 1
 451:../src/platform/mpfs_hal/common/nwc/mss_pll.c ****     MSS_SCB_MSS_PLL->SSCG_REG_3     = LIBERO_SETTING_MSS_SSCG_REG_3;
 484              		.loc 1 451 37 is_stmt 0
 485 0054 13070006 		li	a4,96
 486 0058 D8D7     		sw	a4,44(a5)
 452:../src/platform/mpfs_hal/common/nwc/mss_pll.c **** 
 487              		.loc 1 452 5 is_stmt 1
 452:../src/platform/mpfs_hal/common/nwc/mss_pll.c **** 
 488              		.loc 1 452 37 is_stmt 0
 489 005a 0547     		li	a4,1
 490 005c 98DB     		sw	a4,48(a5)
 455:../src/platform/mpfs_hal/common/nwc/mss_pll.c **** 
 491              		.loc 1 455 5 is_stmt 1
 455:../src/platform/mpfs_hal/common/nwc/mss_pll.c **** 
 492              		.loc 1 455 37 is_stmt 0
 493 005e 1167     		li	a4,16384
 494 0060 0D07     		addi	a4,a4,3
 495 0062 98D3     		sw	a4,32(a5)
 462:../src/platform/mpfs_hal/common/nwc/mss_pll.c ****     /* bit 0 == REG_POWERDOWN_B */
 496              		.loc 1 462 5 is_stmt 1
 497              	.LBB12:
 498              	.LBB13:
 121:../src/platform/mpfs_hal/common/nwc/mss_pll.c ****     /*
 499              		.loc 1 121 5
 121:../src/platform/mpfs_hal/common/nwc/mss_pll.c ****     /*
 500              		.loc 1 121 36 is_stmt 0
 501 0064 B727003E 		li	a5,1040195584
 502 0068 13075015 		li	a4,341
 503 006c 98C7     		sw	a4,8(a5)
 160:../src/platform/mpfs_hal/common/nwc/mss_pll.c **** 
 504              		.loc 1 160 5 is_stmt 1
 160:../src/platform/mpfs_hal/common/nwc/mss_pll.c **** 
 505              		.loc 1 160 45 is_stmt 0
 506 006e 0D67     		li	a4,12288
 507 0070 130707C3 		addi	a4,a4,-976
 508 0074 B706203E 		li	a3,1042284544
 509 0078 98CA     		sw	a4,16(a3)
 185:../src/platform/mpfs_hal/common/nwc/mss_pll.c **** 
 510              		.loc 1 185 5 is_stmt 1
 185:../src/platform/mpfs_hal/common/nwc/mss_pll.c **** 
 511              		.loc 1 185 41 is_stmt 0
 512 007a 13078020 		li	a4,520
 513 007e D8C3     		sw	a4,4(a5)
 188:../src/platform/mpfs_hal/common/nwc/mss_pll.c **** 
 514              		.loc 1 188 5 is_stmt 1
 188:../src/platform/mpfs_hal/common/nwc/mss_pll.c **** 
 515              		.loc 1 188 41 is_stmt 0
 516 0080 23AA0700 		sw	zero,20(a5)
 190:../src/platform/mpfs_hal/common/nwc/mss_pll.c **** 
 517              		.loc 1 190 5 is_stmt 1
 190:../src/platform/mpfs_hal/common/nwc/mss_pll.c **** 
 518              		.loc 1 190 41 is_stmt 0
 519 0084 23AC0700 		sw	zero,24(a5)
 192:../src/platform/mpfs_hal/common/nwc/mss_pll.c **** 
 520              		.loc 1 192 5 is_stmt 1
 192:../src/platform/mpfs_hal/common/nwc/mss_pll.c **** 
 521              		.loc 1 192 41 is_stmt 0
 522 0088 23AE0700 		sw	zero,28(a5)
 197:../src/platform/mpfs_hal/common/nwc/mss_pll.c ****     for(i = 0U; i < 200U; i++)
 523              		.loc 1 197 5 is_stmt 1
 198:../src/platform/mpfs_hal/common/nwc/mss_pll.c ****     {
 524              		.loc 1 198 5
 198:../src/platform/mpfs_hal/common/nwc/mss_pll.c ****     {
 525              		.loc 1 198 11 is_stmt 0
 526 008c 02C4     		sw	zero,8(sp)
 198:../src/platform/mpfs_hal/common/nwc/mss_pll.c ****     {
 527              		.loc 1 198 5
 528 008e 1307700C 		li	a4,199
 529              	.L21:
 198:../src/platform/mpfs_hal/common/nwc/mss_pll.c ****     {
 530              		.loc 1 198 19
 531 0092 A247     		lw	a5,8(sp)
 532 0094 8127     		sext.w	a5,a5
 198:../src/platform/mpfs_hal/common/nwc/mss_pll.c ****     {
 533              		.loc 1 198 5
 534 0096 6374F706 		bleu	a5,a4,.L22
 535              	.LBE13:
 536              	.LBE12:
 464:../src/platform/mpfs_hal/common/nwc/mss_pll.c ****     /*
 537              		.loc 1 464 5 is_stmt 1
 464:../src/platform/mpfs_hal/common/nwc/mss_pll.c ****     /*
 538              		.loc 1 464 37 is_stmt 0
 539 009a B7070001 		li	a5,16777216
 540 009e 93867702 		addi	a3,a5,39
 541 00a2 3717003E 		li	a4,1040191488
 470:../src/platform/mpfs_hal/common/nwc/mss_pll.c ****     while((MSS_SCB_MSS_PLL->PLL_CTRL & PLL_CTRL_LOCK_BIT) == 0U)
 542              		.loc 1 470 23
 543 00a6 FD17     		addi	a5,a5,-1
 464:../src/platform/mpfs_hal/common/nwc/mss_pll.c ****     /*
 544              		.loc 1 464 37
 545 00a8 54C3     		sw	a3,4(a4)
 470:../src/platform/mpfs_hal/common/nwc/mss_pll.c ****     while((MSS_SCB_MSS_PLL->PLL_CTRL & PLL_CTRL_LOCK_BIT) == 0U)
 546              		.loc 1 470 5 is_stmt 1
 470:../src/platform/mpfs_hal/common/nwc/mss_pll.c ****     while((MSS_SCB_MSS_PLL->PLL_CTRL & PLL_CTRL_LOCK_BIT) == 0U)
 547              		.loc 1 470 23 is_stmt 0
 548 00aa 3EC2     		sw	a5,4(sp)
 471:../src/platform/mpfs_hal/common/nwc/mss_pll.c ****     {
 549              		.loc 1 471 5 is_stmt 1
 471:../src/platform/mpfs_hal/common/nwc/mss_pll.c ****     {
 550              		.loc 1 471 27 is_stmt 0
 551 00ac 3719003E 		li	s2,1040191488
 471:../src/platform/mpfs_hal/common/nwc/mss_pll.c ****     {
 552              		.loc 1 471 38
 553 00b0 B7040002 		li	s1,33554432
 482:../src/platform/mpfs_hal/common/nwc/mss_pll.c ****             flag_mss_pll_lock_error();
 554              		.loc 1 482 22
 555 00b4 3E84     		mv	s0,a5
 556              	.L23:
 471:../src/platform/mpfs_hal/common/nwc/mss_pll.c ****     {
 557              		.loc 1 471 27
 558 00b6 83274900 		lw	a5,4(s2)
 559 00ba 8127     		sext.w	a5,a5
 471:../src/platform/mpfs_hal/common/nwc/mss_pll.c ****     {
 560              		.loc 1 471 10
 561 00bc E58F     		and	a5,a5,s1
 562 00be A1C7     		beq	a5,zero,.L26
 492:../src/platform/mpfs_hal/common/nwc/mss_pll.c **** }
 563              		.loc 1 492 5 is_stmt 1
 564              	.LBB15:
 565              	.LBB16:
 230:../src/platform/mpfs_hal/common/nwc/mss_pll.c **** 
 566              		.loc 1 230 5
 230:../src/platform/mpfs_hal/common/nwc/mss_pll.c **** 
 567              		.loc 1 230 21 is_stmt 0
 568 00c0 B7070540 		li	a5,1074069504
 569 00c4 37270020 		li	a4,536879104
 570 00c8 9507     		addi	a5,a5,5
 571 00ca 232CF70A 		sw	a5,184(a4)
 232:../src/platform/mpfs_hal/common/nwc/mss_pll.c ****              leave */
 572              		.loc 1 232 5 is_stmt 1
 573              	 #APP
 574              	# 232 "../src/platform/mpfs_hal/common/nwc/mss_pll.c" 1
 240:../src/platform/mpfs_hal/common/nwc/mss_pll.c ****     while ((SYSREG->ENVM_CR & ENVM_CR_CLOCK_OKAY_MASK) !=\
 575              		fence
 576              	# 0 "" 2
 577              		.loc 1 240 5
 240:../src/platform/mpfs_hal/common/nwc/mss_pll.c ****     while ((SYSREG->ENVM_CR & ENVM_CR_CLOCK_OKAY_MASK) !=\
 578              		.loc 1 240 23 is_stmt 0
 579              	 #NO_APP
 580 00d2 02C6     		sw	zero,12(sp)
 241:../src/platform/mpfs_hal/common/nwc/mss_pll.c ****             ENVM_CR_CLOCK_OKAY_MASK)
 581              		.loc 1 241 5 is_stmt 1
 582              	.L27:
 241:../src/platform/mpfs_hal/common/nwc/mss_pll.c ****             ENVM_CR_CLOCK_OKAY_MASK)
 583              		.loc 1 241 19 is_stmt 0
 584 00d4 8327870B 		lw	a5,184(a4)
 241:../src/platform/mpfs_hal/common/nwc/mss_pll.c ****             ENVM_CR_CLOCK_OKAY_MASK)
 585              		.loc 1 241 29
 586 00d8 93F70704 		andi	a5,a5,64
 241:../src/platform/mpfs_hal/common/nwc/mss_pll.c ****             ENVM_CR_CLOCK_OKAY_MASK)
 587              		.loc 1 241 11
 588 00dc B1C3     		beq	a5,zero,.L28
 268:../src/platform/mpfs_hal/common/nwc/mss_pll.c **** 
 589              		.loc 1 268 3 is_stmt 1
 268:../src/platform/mpfs_hal/common/nwc/mss_pll.c **** 
 590              		.loc 1 268 27 is_stmt 0
 591 00de 93074002 		li	a5,36
 592              	.LBE16:
 593              	.LBE15:
 493:../src/platform/mpfs_hal/common/nwc/mss_pll.c **** 
 594              		.loc 1 493 1
 595 00e2 0274     		ld	s0,32(sp)
 596              		.cfi_remember_state
 597              		.cfi_restore 8
 598              	.LBB21:
 599              	.LBB17:
 268:../src/platform/mpfs_hal/common/nwc/mss_pll.c **** 
 600              		.loc 1 268 27
 601 00e4 1CC7     		sw	a5,8(a4)
 291:../src/platform/mpfs_hal/common/nwc/mss_pll.c **** 
 602              		.loc 1 291 5 is_stmt 1
 603              	.LBE17:
 604              	.LBE21:
 493:../src/platform/mpfs_hal/common/nwc/mss_pll.c **** 
 605              		.loc 1 493 1 is_stmt 0
 606 00e6 A270     		ld	ra,40(sp)
 607              		.cfi_restore 1
 608 00e8 E264     		ld	s1,24(sp)
 609              		.cfi_restore 9
 610 00ea 4269     		ld	s2,16(sp)
 611              		.cfi_restore 18
 612              	.LBB22:
 613              	.LBB18:
 291:../src/platform/mpfs_hal/common/nwc/mss_pll.c **** 
 614              		.loc 1 291 38
 615 00ec B727003E 		li	a5,1040195584
 616 00f0 0D47     		li	a4,3
 617 00f2 D8C7     		sw	a4,12(a5)
 296:../src/platform/mpfs_hal/common/nwc/mss_pll.c **** }
 618              		.loc 1 296 5 is_stmt 1
 619              	.LBE18:
 620              	.LBE22:
 493:../src/platform/mpfs_hal/common/nwc/mss_pll.c **** 
 621              		.loc 1 493 1 is_stmt 0
 622 00f4 4561     		addi	sp,sp,48
 623              		.cfi_def_cfa_offset 0
 624              	.LBB23:
 625              	.LBB19:
 296:../src/platform/mpfs_hal/common/nwc/mss_pll.c **** }
 626              		.loc 1 296 5
 627 00f6 17030000 		tail	set_RTC_divisor
 627      67000300 
 628              	.LVL15:
 629              	.L22:
 630              		.cfi_restore_state
 631              	.LBE19:
 632              	.LBE23:
 633              	.LBB24:
 634              	.LBB14:
 200:../src/platform/mpfs_hal/common/nwc/mss_pll.c ****     }
 635              		.loc 1 200 9 is_stmt 1
 198:../src/platform/mpfs_hal/common/nwc/mss_pll.c ****     {
 636              		.loc 1 198 28 is_stmt 0
 637 00fe A247     		lw	a5,8(sp)
 638 0100 8527     		addiw	a5,a5,1
 639 0102 3EC4     		sw	a5,8(sp)
 640 0104 79B7     		j	.L21
 641              	.L26:
 642              	.LBE14:
 643              	.LBE24:
 476:../src/platform/mpfs_hal/common/nwc/mss_pll.c ****         {
 644              		.loc 1 476 9 is_stmt 1
 476:../src/platform/mpfs_hal/common/nwc/mss_pll.c ****         {
 645              		.loc 1 476 23 is_stmt 0
 646 0106 9247     		lw	a5,4(sp)
 647 0108 8127     		sext.w	a5,a5
 476:../src/platform/mpfs_hal/common/nwc/mss_pll.c ****         {
 648              		.loc 1 476 12
 649 010a 89C7     		beq	a5,zero,.L24
 478:../src/platform/mpfs_hal/common/nwc/mss_pll.c ****         }
 650              		.loc 1 478 13 is_stmt 1
 478:../src/platform/mpfs_hal/common/nwc/mss_pll.c ****         }
 651              		.loc 1 478 22 is_stmt 0
 652 010c 9247     		lw	a5,4(sp)
 653 010e FD37     		addiw	a5,a5,-1
 654 0110 3EC2     		sw	a5,4(sp)
 655 0112 55B7     		j	.L23
 656              	.L24:
 482:../src/platform/mpfs_hal/common/nwc/mss_pll.c ****             flag_mss_pll_lock_error();
 657              		.loc 1 482 13 is_stmt 1
 482:../src/platform/mpfs_hal/common/nwc/mss_pll.c ****             flag_mss_pll_lock_error();
 658              		.loc 1 482 22 is_stmt 0
 659 0114 22C2     		sw	s0,4(sp)
 483:../src/platform/mpfs_hal/common/nwc/mss_pll.c ****         }
 660              		.loc 1 483 13 is_stmt 1
 661 0116 97000000 		call	flag_mss_pll_lock_error
 661      E7800000 
 662              	.LVL16:
 663 011e 61BF     		j	.L23
 664              	.L28:
 665              	.LBB25:
 666              	.LBB20:
 247:../src/platform/mpfs_hal/common/nwc/mss_pll.c ****     }
 667              		.loc 1 247 9
 247:../src/platform/mpfs_hal/common/nwc/mss_pll.c ****     }
 668              		.loc 1 247 22 is_stmt 0
 669 0120 B247     		lw	a5,12(sp)
 670 0122 8527     		addiw	a5,a5,1
 671 0124 3EC6     		sw	a5,12(sp)
 672 0126 7DB7     		j	.L27
 673              	.LBE20:
 674              	.LBE25:
 675              		.cfi_endproc
 676              	.LFE23:
 678              		.globl	IOSCB_IO_CALIB_DDR
 679              		.globl	IOSCB_IO_CALIB_SGMII
 680              		.globl	MSS_SCB_CFM_SGMII_MUX
 681              		.globl	MSS_SCB_CFM_MSS_MUX
 682              		.globl	MSS_SCB_SGMII_PLL
 683              		.globl	MSS_SCB_DDR_PLL
 684              		.globl	MSS_SCB_MSS_PLL
 685              		.section	.sdata2.IOSCB_IO_CALIB_DDR,"a"
 686              		.align	3
 689              	IOSCB_IO_CALIB_DDR:
 690 0000 0000043E 		.dword	1040449536
 690      00000000 
 691              		.section	.sdata2.IOSCB_IO_CALIB_SGMII,"a"
 692              		.align	3
 695              	IOSCB_IO_CALIB_SGMII:
 696 0000 0000803E 		.dword	1048576000
 696      00000000 
 697              		.section	.sdata2.MSS_SCB_CFM_MSS_MUX,"a"
 698              		.align	3
 701              	MSS_SCB_CFM_MSS_MUX:
 702 0000 0020003E 		.dword	1040195584
 702      00000000 
 703              		.section	.sdata2.MSS_SCB_CFM_SGMII_MUX,"a"
 704              		.align	3
 707              	MSS_SCB_CFM_SGMII_MUX:
 708 0000 0000203E 		.dword	1042284544
 708      00000000 
 709              		.section	.sdata2.MSS_SCB_DDR_PLL,"a"
 710              		.align	3
 713              	MSS_SCB_DDR_PLL:
 714 0000 0000013E 		.dword	1040252928
 714      00000000 
 715              		.section	.sdata2.MSS_SCB_MSS_PLL,"a"
 716              		.align	3
 719              	MSS_SCB_MSS_PLL:
 720 0000 0010003E 		.dword	1040191488
 720      00000000 
 721              		.section	.sdata2.MSS_SCB_SGMII_PLL,"a"
 722              		.align	3
 725              	MSS_SCB_SGMII_PLL:
 726 0000 0000083E 		.dword	1040711680
 726      00000000 
 727              		.text
 728              	.Letext0:
 729              		.file 2 "/home/makro/microchip/SoftConsole-v2022.2-RISC-V-747/riscv-unknown-elf-gcc/riscv64-unknow
 730              		.file 3 "/home/makro/microchip/SoftConsole-v2022.2-RISC-V-747/riscv-unknown-elf-gcc/riscv64-unknow
 731              		.file 4 "/home/makro/softconsole_2022/led-hdmi-uart-switches/src/platform/mpfs_hal/common/nwc/../m
 732              		.file 5 "/home/makro/softconsole_2022/led-hdmi-uart-switches/src/platform/mpfs_hal/common/nwc/mss_
 733              		.file 6 "/home/makro/softconsole_2022/led-hdmi-uart-switches/src/platform/mpfs_hal/common/nwc/mss_
 734              		.file 7 "/home/makro/softconsole_2022/led-hdmi-uart-switches/src/platform/mpfs_hal/common/nwc/mss_
 735              		.file 8 "/home/makro/softconsole_2022/led-hdmi-uart-switches/src/platform/mpfs_hal/common/nwc/mss_
 736              		.file 9 "/home/makro/softconsole_2022/led-hdmi-uart-switches/src/platform/mpfs_hal/common/mss_mpu.
 737              		.file 10 "/home/makro/softconsole_2022/led-hdmi-uart-switches/src/platform/mpfs_hal/common/mss_pli
 738              		.file 11 "/home/makro/softconsole_2022/led-hdmi-uart-switches/src/platform/mpfs_hal/startup_gcc/sy
DEFINED SYMBOLS
                            *ABS*:0000000000000000 mss_pll.c
     /tmp/ccal6mT6.s:13     .text.set_RTC_divisor:0000000000000000 set_RTC_divisor
     /tmp/ccal6mT6.s:17     .text.set_RTC_divisor:0000000000000000 .L0 
     /tmp/ccal6mT6.s:18     .text.set_RTC_divisor:0000000000000000 .L0 
     /tmp/ccal6mT6.s:19     .text.set_RTC_divisor:0000000000000000 .L0 
     /tmp/ccal6mT6.s:20     .text.set_RTC_divisor:0000000000000000 .L0 
     /tmp/ccal6mT6.s:28     .text.set_RTC_divisor:0000000000000010 .L0 
     /tmp/ccal6mT6.s:29     .text.set_RTC_divisor:0000000000000010 .L0 
     /tmp/ccal6mT6.s:32     .text.set_RTC_divisor:0000000000000016 .L0 
     /tmp/ccal6mT6.s:33     .text.set_RTC_divisor:0000000000000016 .L0 
     /tmp/ccal6mT6.s:39     .text.set_RTC_divisor:0000000000000020 .L0 
     /tmp/ccal6mT6.s:40     .text.set_RTC_divisor:0000000000000022 .L0 
     /tmp/ccal6mT6.s:47     .text.sgmii_mux_config:0000000000000000 sgmii_mux_config
     /tmp/ccal6mT6.s:50     .text.sgmii_mux_config:0000000000000000 .L0 
     /tmp/ccal6mT6.s:52     .text.sgmii_mux_config:0000000000000000 .L0 
     /tmp/ccal6mT6.s:53     .text.sgmii_mux_config:0000000000000000 .L0 
     /tmp/ccal6mT6.s:56     .text.sgmii_mux_config:0000000000000006 .L0 
     /tmp/ccal6mT6.s:57     .text.sgmii_mux_config:0000000000000006 .L0 
     /tmp/ccal6mT6.s:60     .text.sgmii_mux_config:000000000000000c .L0 
     /tmp/ccal6mT6.s:62     .text.sgmii_mux_config:000000000000000e .L0 
     /tmp/ccal6mT6.s:64     .text.sgmii_mux_config:0000000000000010 .L0 
     /tmp/ccal6mT6.s:65     .text.sgmii_mux_config:0000000000000010 .L0 
     /tmp/ccal6mT6.s:68     .text.sgmii_mux_config:0000000000000016 .L0 
     /tmp/ccal6mT6.s:69     .text.sgmii_mux_config:0000000000000016 .L0 
     /tmp/ccal6mT6.s:71     .text.sgmii_mux_config:0000000000000018 .L0 
     /tmp/ccal6mT6.s:74     .text.sgmii_mux_config:000000000000001a .L0 
     /tmp/ccal6mT6.s:75     .text.sgmii_mux_config:000000000000001a .L0 
     /tmp/ccal6mT6.s:78     .text.sgmii_mux_config:0000000000000020 .L0 
     /tmp/ccal6mT6.s:79     .text.sgmii_mux_config:0000000000000020 .L0 
     /tmp/ccal6mT6.s:80     .text.sgmii_mux_config:0000000000000022 .L0 
     /tmp/ccal6mT6.s:87     .text.flag_mss_pll_lock_error:0000000000000000 flag_mss_pll_lock_error
     /tmp/ccal6mT6.s:90     .text.flag_mss_pll_lock_error:0000000000000000 .L0 
     /tmp/ccal6mT6.s:91     .text.flag_mss_pll_lock_error:0000000000000000 .L0 
     /tmp/ccal6mT6.s:92     .text.flag_mss_pll_lock_error:0000000000000000 .L0 
     /tmp/ccal6mT6.s:93     .text.flag_mss_pll_lock_error:0000000000000000 .L0 
     /tmp/ccal6mT6.s:94     .text.flag_mss_pll_lock_error:0000000000000002 .L0 
     /tmp/ccal6mT6.s:101    .text.ddr_pll_config:0000000000000000 ddr_pll_config
     /tmp/ccal6mT6.s:104    .text.ddr_pll_config:0000000000000000 .L0 
     /tmp/ccal6mT6.s:106    .text.ddr_pll_config:0000000000000000 .L0 
     /tmp/ccal6mT6.s:107    .text.ddr_pll_config:0000000000000000 .L0 
     /tmp/ccal6mT6.s:110    .text.ddr_pll_config:0000000000000006 .L0 
     /tmp/ccal6mT6.s:111    .text.ddr_pll_config:0000000000000006 .L0 
     /tmp/ccal6mT6.s:115    .text.ddr_pll_config:000000000000000e .L0 
     /tmp/ccal6mT6.s:116    .text.ddr_pll_config:000000000000000e .L0 
     /tmp/ccal6mT6.s:120    .text.ddr_pll_config:0000000000000018 .L0 
     /tmp/ccal6mT6.s:121    .text.ddr_pll_config:0000000000000018 .L0 
     /tmp/ccal6mT6.s:124    .text.ddr_pll_config:000000000000001e .L0 
     /tmp/ccal6mT6.s:125    .text.ddr_pll_config:000000000000001e .L0 
     /tmp/ccal6mT6.s:129    .text.ddr_pll_config:0000000000000028 .L0 
     /tmp/ccal6mT6.s:130    .text.ddr_pll_config:0000000000000028 .L0 
     /tmp/ccal6mT6.s:133    .text.ddr_pll_config:000000000000002e .L0 
     /tmp/ccal6mT6.s:134    .text.ddr_pll_config:000000000000002e .L0 
     /tmp/ccal6mT6.s:138    .text.ddr_pll_config:0000000000000036 .L0 
     /tmp/ccal6mT6.s:139    .text.ddr_pll_config:0000000000000036 .L0 
     /tmp/ccal6mT6.s:141    .text.ddr_pll_config:000000000000003a .L0 
     /tmp/ccal6mT6.s:143    .text.ddr_pll_config:000000000000003c .L0 
     /tmp/ccal6mT6.s:144    .text.ddr_pll_config:000000000000003c .L0 
     /tmp/ccal6mT6.s:147    .text.ddr_pll_config:0000000000000042 .L0 
     /tmp/ccal6mT6.s:148    .text.ddr_pll_config:0000000000000042 .L0 
     /tmp/ccal6mT6.s:150    .text.ddr_pll_config:0000000000000046 .L0 
     /tmp/ccal6mT6.s:151    .text.ddr_pll_config:0000000000000046 .L0 
     /tmp/ccal6mT6.s:154    .text.ddr_pll_config:000000000000004a .L0 
     /tmp/ccal6mT6.s:155    .text.ddr_pll_config:000000000000004a .L0 
     /tmp/ccal6mT6.s:157    .text.ddr_pll_config:000000000000004c .L0 
     /tmp/ccal6mT6.s:158    .text.ddr_pll_config:000000000000004c .L0 
     /tmp/ccal6mT6.s:162    .text.ddr_pll_config:0000000000000052 .L0 
     /tmp/ccal6mT6.s:163    .text.ddr_pll_config:0000000000000052 .L0 
     /tmp/ccal6mT6.s:166    .text.ddr_pll_config:0000000000000058 .L0 
     /tmp/ccal6mT6.s:169    .text.ddr_pll_config:000000000000005a .L0 
     /tmp/ccal6mT6.s:170    .text.ddr_pll_config:000000000000005a .L0 
     /tmp/ccal6mT6.s:173    .text.ddr_pll_config:0000000000000064 .L0 
     /tmp/ccal6mT6.s:177    .text.ddr_pll_config:0000000000000070 .L0 
     /tmp/ccal6mT6.s:178    .text.ddr_pll_config:0000000000000070 .L0 
     /tmp/ccal6mT6.s:181    .text.ddr_pll_config:0000000000000078 .L0 
     /tmp/ccal6mT6.s:182    .text.ddr_pll_config:0000000000000078 .L0 
     /tmp/ccal6mT6.s:186    .text.ddr_pll_config:0000000000000084 .L0 
     /tmp/ccal6mT6.s:187    .text.ddr_pll_config:0000000000000084 .L0 
     /tmp/ccal6mT6.s:190    .text.ddr_pll_config:000000000000008c .L0 
     /tmp/ccal6mT6.s:191    .text.ddr_pll_config:000000000000008c .L0 
     /tmp/ccal6mT6.s:195    .text.ddr_pll_config:0000000000000096 .L0 
     /tmp/ccal6mT6.s:196    .text.ddr_pll_config:0000000000000096 .L0 
     /tmp/ccal6mT6.s:200    .text.ddr_pll_config:000000000000009e .L0 
     /tmp/ccal6mT6.s:201    .text.ddr_pll_config:000000000000009e .L0 
     /tmp/ccal6mT6.s:204    .text.ddr_pll_config:00000000000000a4 .L0 
     /tmp/ccal6mT6.s:205    .text.ddr_pll_config:00000000000000a4 .L0 
     /tmp/ccal6mT6.s:209    .text.ddr_pll_config:00000000000000ac .L0 
     /tmp/ccal6mT6.s:210    .text.ddr_pll_config:00000000000000ac .L0 
     /tmp/ccal6mT6.s:211    .text.ddr_pll_config:00000000000000ae .L0 
     /tmp/ccal6mT6.s:218    .text.ddr_pll_lock_scb:0000000000000000 ddr_pll_lock_scb
     /tmp/ccal6mT6.s:221    .text.ddr_pll_lock_scb:0000000000000000 .L0 
     /tmp/ccal6mT6.s:222    .text.ddr_pll_lock_scb:0000000000000000 .L0 
     /tmp/ccal6mT6.s:224    .text.ddr_pll_lock_scb:0000000000000000 .L0 
     /tmp/ccal6mT6.s:225    .text.ddr_pll_lock_scb:0000000000000000 .L0 
     /tmp/ccal6mT6.s:226    .text.ddr_pll_lock_scb:0000000000000000 .L0 
     /tmp/ccal6mT6.s:231    .text.ddr_pll_lock_scb:0000000000000008 .L0 
     /tmp/ccal6mT6.s:232    .text.ddr_pll_lock_scb:0000000000000008 .L0 
     /tmp/ccal6mT6.s:236    .text.ddr_pll_lock_scb:0000000000000010 .L0 
     /tmp/ccal6mT6.s:238    .text.ddr_pll_lock_scb:0000000000000014 .L0 
     /tmp/ccal6mT6.s:245    .text.ddr_pll_config_scb_turn_off:0000000000000000 ddr_pll_config_scb_turn_off
     /tmp/ccal6mT6.s:248    .text.ddr_pll_config_scb_turn_off:0000000000000000 .L0 
     /tmp/ccal6mT6.s:249    .text.ddr_pll_config_scb_turn_off:0000000000000000 .L0 
     /tmp/ccal6mT6.s:250    .text.ddr_pll_config_scb_turn_off:0000000000000000 .L0 
     /tmp/ccal6mT6.s:251    .text.ddr_pll_config_scb_turn_off:0000000000000000 .L0 
     /tmp/ccal6mT6.s:257    .text.ddr_pll_config_scb_turn_off:000000000000000c .L0 
     /tmp/ccal6mT6.s:258    .text.ddr_pll_config_scb_turn_off:000000000000000e .L0 
     /tmp/ccal6mT6.s:265    .text.sgmii_pll_config_scb:0000000000000000 sgmii_pll_config_scb
     /tmp/ccal6mT6.s:268    .text.sgmii_pll_config_scb:0000000000000000 .L0 
     /tmp/ccal6mT6.s:270    .text.sgmii_pll_config_scb:0000000000000000 .L0 
     /tmp/ccal6mT6.s:271    .text.sgmii_pll_config_scb:0000000000000000 .L0 
     /tmp/ccal6mT6.s:273    .text.sgmii_pll_config_scb:0000000000000002 .L0 
     /tmp/ccal6mT6.s:275    .text.sgmii_pll_config_scb:0000000000000006 .L0 
     /tmp/ccal6mT6.s:277    .text.sgmii_pll_config_scb:000000000000000a .L0 
     /tmp/ccal6mT6.s:278    .text.sgmii_pll_config_scb:000000000000000a .L0 
     /tmp/ccal6mT6.s:281    .text.sgmii_pll_config_scb:000000000000000e .L0 
     /tmp/ccal6mT6.s:282    .text.sgmii_pll_config_scb:000000000000000e .L0 
     /tmp/ccal6mT6.s:286    .text.sgmii_pll_config_scb:0000000000000018 .L0 
     /tmp/ccal6mT6.s:287    .text.sgmii_pll_config_scb:0000000000000018 .L0 
     /tmp/ccal6mT6.s:290    .text.sgmii_pll_config_scb:000000000000001e .L0 
     /tmp/ccal6mT6.s:291    .text.sgmii_pll_config_scb:000000000000001e .L0 
     /tmp/ccal6mT6.s:294    .text.sgmii_pll_config_scb:0000000000000024 .L0 
     /tmp/ccal6mT6.s:295    .text.sgmii_pll_config_scb:0000000000000024 .L0 
     /tmp/ccal6mT6.s:297    .text.sgmii_pll_config_scb:0000000000000026 .L0 
     /tmp/ccal6mT6.s:298    .text.sgmii_pll_config_scb:0000000000000026 .L0 
     /tmp/ccal6mT6.s:302    .text.sgmii_pll_config_scb:000000000000002e .L0 
     /tmp/ccal6mT6.s:303    .text.sgmii_pll_config_scb:000000000000002e .L0 
     /tmp/ccal6mT6.s:305    .text.sgmii_pll_config_scb:0000000000000032 .L0 
     /tmp/ccal6mT6.s:306    .text.sgmii_pll_config_scb:0000000000000032 .L0 
     /tmp/ccal6mT6.s:308    .text.sgmii_pll_config_scb:0000000000000036 .L0 
     /tmp/ccal6mT6.s:309    .text.sgmii_pll_config_scb:0000000000000036 .L0 
     /tmp/ccal6mT6.s:311    .text.sgmii_pll_config_scb:000000000000003a .L0 
     /tmp/ccal6mT6.s:312    .text.sgmii_pll_config_scb:000000000000003a .L0 
     /tmp/ccal6mT6.s:315    .text.sgmii_pll_config_scb:000000000000003e .L0 
     /tmp/ccal6mT6.s:316    .text.sgmii_pll_config_scb:000000000000003e .L0 
     /tmp/ccal6mT6.s:318    .text.sgmii_pll_config_scb:0000000000000040 .L0 
     /tmp/ccal6mT6.s:320    .text.sgmii_pll_config_scb:0000000000000042 .L0 
     /tmp/ccal6mT6.s:321    .text.sgmii_pll_config_scb:0000000000000042 .L0 
     /tmp/ccal6mT6.s:324    .text.sgmii_pll_config_scb:0000000000000048 .L0 
     /tmp/ccal6mT6.s:325    .text.sgmii_pll_config_scb:0000000000000048 .L0 
     /tmp/ccal6mT6.s:328    .text.sgmii_pll_config_scb:000000000000004e .L0 
     /tmp/ccal6mT6.s:331    .text.sgmii_pll_config_scb:0000000000000050 .L0 
     /tmp/ccal6mT6.s:332    .text.sgmii_pll_config_scb:0000000000000050 .L0 
     /tmp/ccal6mT6.s:334    .text.sgmii_pll_config_scb:0000000000000052 .L0 
     /tmp/ccal6mT6.s:335    .text.sgmii_pll_config_scb:0000000000000052 .L0 
     /tmp/ccal6mT6.s:336    .text.sgmii_pll_config_scb:0000000000000054 .L0 
     /tmp/ccal6mT6.s:343    .text.sgmii_pll_lock_scb:0000000000000000 sgmii_pll_lock_scb
     /tmp/ccal6mT6.s:346    .text.sgmii_pll_lock_scb:0000000000000000 .L0 
     /tmp/ccal6mT6.s:347    .text.sgmii_pll_lock_scb:0000000000000000 .L0 
     /tmp/ccal6mT6.s:349    .text.sgmii_pll_lock_scb:0000000000000000 .L0 
     /tmp/ccal6mT6.s:350    .text.sgmii_pll_lock_scb:0000000000000000 .L0 
     /tmp/ccal6mT6.s:351    .text.sgmii_pll_lock_scb:0000000000000000 .L0 
     /tmp/ccal6mT6.s:356    .text.sgmii_pll_lock_scb:0000000000000008 .L0 
     /tmp/ccal6mT6.s:357    .text.sgmii_pll_lock_scb:0000000000000008 .L0 
     /tmp/ccal6mT6.s:361    .text.sgmii_pll_lock_scb:0000000000000010 .L0 
     /tmp/ccal6mT6.s:363    .text.sgmii_pll_lock_scb:0000000000000014 .L0 
     /tmp/ccal6mT6.s:370    .text.copy_switch_code:0000000000000000 copy_switch_code
     /tmp/ccal6mT6.s:373    .text.copy_switch_code:0000000000000000 .L0 
     /tmp/ccal6mT6.s:374    .text.copy_switch_code:0000000000000000 .L0 
     /tmp/ccal6mT6.s:376    .text.copy_switch_code:0000000000000000 .L0 
     /tmp/ccal6mT6.s:377    .text.copy_switch_code:0000000000000000 .L0 
     /tmp/ccal6mT6.s:378    .text.copy_switch_code:0000000000000000 .L0 
     /tmp/ccal6mT6.s:379    .text.copy_switch_code:0000000000000000 .L0 
     /tmp/ccal6mT6.s:380    .text.copy_switch_code:0000000000000000 .L0 
     /tmp/ccal6mT6.s:385    .text.copy_switch_code:0000000000000010 .L0 
     /tmp/ccal6mT6.s:389    .text.copy_switch_code:0000000000000018 .L0 
     /tmp/ccal6mT6.s:396    .text.copy_switch_code:000000000000001e .L0 
     /tmp/ccal6mT6.s:397    .text.copy_switch_code:000000000000001e .L0 
     /tmp/ccal6mT6.s:399    .text.copy_switch_code:0000000000000020 .L0 
     /tmp/ccal6mT6.s:402    .text.copy_switch_code:0000000000000022 .L0 
     /tmp/ccal6mT6.s:405    .text.copy_switch_code:0000000000000024 .L0 
     /tmp/ccal6mT6.s:408    .text.copy_switch_code:0000000000000028 .L0 
     /tmp/ccal6mT6.s:410    .text.copy_switch_code:0000000000000028 .L0 
     /tmp/ccal6mT6.s:411    .text.copy_switch_code:0000000000000028 .L0 
     /tmp/ccal6mT6.s:415    .text.copy_switch_code:000000000000002c .L0 
     /tmp/ccal6mT6.s:416    .text.copy_switch_code:000000000000002e .L0 
     /tmp/ccal6mT6.s:423    .text.mss_pll_config:0000000000000000 mss_pll_config
     /tmp/ccal6mT6.s:426    .text.mss_pll_config:0000000000000000 .L0 
     /tmp/ccal6mT6.s:427    .text.mss_pll_config:0000000000000000 .L0 
     /tmp/ccal6mT6.s:428    .text.mss_pll_config:0000000000000000 .L0 
     /tmp/ccal6mT6.s:429    .text.mss_pll_config:0000000000000000 .L0 
     /tmp/ccal6mT6.s:430    .text.mss_pll_config:0000000000000002 .L0 
     /tmp/ccal6mT6.s:435    .text.mss_pll_config:000000000000000a .L0 
     /tmp/ccal6mT6.s:436    .text.mss_pll_config:000000000000000a .L0 
     /tmp/ccal6mT6.s:437    .text.mss_pll_config:000000000000000a .L0 
     /tmp/ccal6mT6.s:438    .text.mss_pll_config:000000000000000a .L0 
     /tmp/ccal6mT6.s:440    .text.mss_pll_config:000000000000000a .L0 
     /tmp/ccal6mT6.s:443    .text.mss_pll_config:0000000000000012 .L0 
     /tmp/ccal6mT6.s:444    .text.mss_pll_config:0000000000000012 .L0 
     /tmp/ccal6mT6.s:448    .text.mss_pll_config:000000000000001a .L0 
     /tmp/ccal6mT6.s:449    .text.mss_pll_config:000000000000001a .L0 
     /tmp/ccal6mT6.s:452    .text.mss_pll_config:0000000000000020 .L0 
     /tmp/ccal6mT6.s:453    .text.mss_pll_config:0000000000000020 .L0 
     /tmp/ccal6mT6.s:457    .text.mss_pll_config:000000000000002a .L0 
     /tmp/ccal6mT6.s:458    .text.mss_pll_config:000000000000002a .L0 
     /tmp/ccal6mT6.s:461    .text.mss_pll_config:0000000000000030 .L0 
     /tmp/ccal6mT6.s:462    .text.mss_pll_config:0000000000000030 .L0 
     /tmp/ccal6mT6.s:465    .text.mss_pll_config:0000000000000036 .L0 
     /tmp/ccal6mT6.s:466    .text.mss_pll_config:0000000000000036 .L0 
     /tmp/ccal6mT6.s:470    .text.mss_pll_config:0000000000000040 .L0 
     /tmp/ccal6mT6.s:471    .text.mss_pll_config:0000000000000040 .L0 
     /tmp/ccal6mT6.s:475    .text.mss_pll_config:0000000000000048 .L0 
     /tmp/ccal6mT6.s:476    .text.mss_pll_config:0000000000000048 .L0 
     /tmp/ccal6mT6.s:478    .text.mss_pll_config:000000000000004c .L0 
     /tmp/ccal6mT6.s:479    .text.mss_pll_config:000000000000004c .L0 
     /tmp/ccal6mT6.s:481    .text.mss_pll_config:0000000000000050 .L0 
     /tmp/ccal6mT6.s:482    .text.mss_pll_config:0000000000000050 .L0 
     /tmp/ccal6mT6.s:484    .text.mss_pll_config:0000000000000054 .L0 
     /tmp/ccal6mT6.s:485    .text.mss_pll_config:0000000000000054 .L0 
     /tmp/ccal6mT6.s:488    .text.mss_pll_config:000000000000005a .L0 
     /tmp/ccal6mT6.s:489    .text.mss_pll_config:000000000000005a .L0 
     /tmp/ccal6mT6.s:492    .text.mss_pll_config:000000000000005e .L0 
     /tmp/ccal6mT6.s:493    .text.mss_pll_config:000000000000005e .L0 
     /tmp/ccal6mT6.s:499    .text.mss_pll_config:0000000000000064 .L0 
     /tmp/ccal6mT6.s:500    .text.mss_pll_config:0000000000000064 .L0 
     /tmp/ccal6mT6.s:501    .text.mss_pll_config:0000000000000064 .L0 
     /tmp/ccal6mT6.s:505    .text.mss_pll_config:000000000000006e .L0 
     /tmp/ccal6mT6.s:506    .text.mss_pll_config:000000000000006e .L0 
     /tmp/ccal6mT6.s:511    .text.mss_pll_config:000000000000007a .L0 
     /tmp/ccal6mT6.s:512    .text.mss_pll_config:000000000000007a .L0 
     /tmp/ccal6mT6.s:515    .text.mss_pll_config:0000000000000080 .L0 
     /tmp/ccal6mT6.s:516    .text.mss_pll_config:0000000000000080 .L0 
     /tmp/ccal6mT6.s:518    .text.mss_pll_config:0000000000000084 .L0 
     /tmp/ccal6mT6.s:519    .text.mss_pll_config:0000000000000084 .L0 
     /tmp/ccal6mT6.s:521    .text.mss_pll_config:0000000000000088 .L0 
     /tmp/ccal6mT6.s:522    .text.mss_pll_config:0000000000000088 .L0 
     /tmp/ccal6mT6.s:524    .text.mss_pll_config:000000000000008c .L0 
     /tmp/ccal6mT6.s:525    .text.mss_pll_config:000000000000008c .L0 
     /tmp/ccal6mT6.s:526    .text.mss_pll_config:000000000000008c .L0 
     /tmp/ccal6mT6.s:528    .text.mss_pll_config:000000000000008e .L0 
     /tmp/ccal6mT6.s:531    .text.mss_pll_config:0000000000000092 .L0 
     /tmp/ccal6mT6.s:534    .text.mss_pll_config:0000000000000096 .L0 
     /tmp/ccal6mT6.s:538    .text.mss_pll_config:000000000000009a .L0 
     /tmp/ccal6mT6.s:539    .text.mss_pll_config:000000000000009a .L0 
     /tmp/ccal6mT6.s:543    .text.mss_pll_config:00000000000000a6 .L0 
     /tmp/ccal6mT6.s:545    .text.mss_pll_config:00000000000000a8 .L0 
     /tmp/ccal6mT6.s:547    .text.mss_pll_config:00000000000000aa .L0 
     /tmp/ccal6mT6.s:548    .text.mss_pll_config:00000000000000aa .L0 
     /tmp/ccal6mT6.s:550    .text.mss_pll_config:00000000000000ac .L0 
     /tmp/ccal6mT6.s:551    .text.mss_pll_config:00000000000000ac .L0 
     /tmp/ccal6mT6.s:553    .text.mss_pll_config:00000000000000b0 .L0 
     /tmp/ccal6mT6.s:555    .text.mss_pll_config:00000000000000b4 .L0 
     /tmp/ccal6mT6.s:558    .text.mss_pll_config:00000000000000b6 .L0 
     /tmp/ccal6mT6.s:561    .text.mss_pll_config:00000000000000bc .L0 
     /tmp/ccal6mT6.s:566    .text.mss_pll_config:00000000000000c0 .L0 
     /tmp/ccal6mT6.s:567    .text.mss_pll_config:00000000000000c0 .L0 
     /tmp/ccal6mT6.s:568    .text.mss_pll_config:00000000000000c0 .L0 
../src/platform/mpfs_hal/common/nwc/mss_pll.c:232    .text.mss_pll_config:00000000000000ce .L0 
     /tmp/ccal6mT6.s:578    .text.mss_pll_config:00000000000000d2 .L0 
     /tmp/ccal6mT6.s:580    .text.mss_pll_config:00000000000000d2 .L0 
     /tmp/ccal6mT6.s:583    .text.mss_pll_config:00000000000000d4 .L0 
     /tmp/ccal6mT6.s:584    .text.mss_pll_config:00000000000000d4 .L0 
     /tmp/ccal6mT6.s:586    .text.mss_pll_config:00000000000000d8 .L0 
     /tmp/ccal6mT6.s:588    .text.mss_pll_config:00000000000000dc .L0 
     /tmp/ccal6mT6.s:590    .text.mss_pll_config:00000000000000de .L0 
     /tmp/ccal6mT6.s:591    .text.mss_pll_config:00000000000000de .L0 
     /tmp/ccal6mT6.s:595    .text.mss_pll_config:00000000000000e2 .L0 
     /tmp/ccal6mT6.s:596    .text.mss_pll_config:00000000000000e4 .L0 
     /tmp/ccal6mT6.s:597    .text.mss_pll_config:00000000000000e4 .L0 
     /tmp/ccal6mT6.s:601    .text.mss_pll_config:00000000000000e4 .L0 
     /tmp/ccal6mT6.s:605    .text.mss_pll_config:00000000000000e6 .L0 
     /tmp/ccal6mT6.s:606    .text.mss_pll_config:00000000000000e6 .L0 
     /tmp/ccal6mT6.s:607    .text.mss_pll_config:00000000000000e8 .L0 
     /tmp/ccal6mT6.s:609    .text.mss_pll_config:00000000000000ea .L0 
     /tmp/ccal6mT6.s:611    .text.mss_pll_config:00000000000000ec .L0 
     /tmp/ccal6mT6.s:615    .text.mss_pll_config:00000000000000ec .L0 
     /tmp/ccal6mT6.s:621    .text.mss_pll_config:00000000000000f4 .L0 
     /tmp/ccal6mT6.s:622    .text.mss_pll_config:00000000000000f4 .L0 
     /tmp/ccal6mT6.s:623    .text.mss_pll_config:00000000000000f6 .L0 
     /tmp/ccal6mT6.s:627    .text.mss_pll_config:00000000000000f6 .L0 
     /tmp/ccal6mT6.s:630    .text.mss_pll_config:00000000000000fe .L0 
     /tmp/ccal6mT6.s:636    .text.mss_pll_config:00000000000000fe .L0 
     /tmp/ccal6mT6.s:637    .text.mss_pll_config:00000000000000fe .L0 
     /tmp/ccal6mT6.s:645    .text.mss_pll_config:0000000000000106 .L0 
     /tmp/ccal6mT6.s:646    .text.mss_pll_config:0000000000000106 .L0 
     /tmp/ccal6mT6.s:649    .text.mss_pll_config:000000000000010a .L0 
     /tmp/ccal6mT6.s:651    .text.mss_pll_config:000000000000010c .L0 
     /tmp/ccal6mT6.s:652    .text.mss_pll_config:000000000000010c .L0 
     /tmp/ccal6mT6.s:658    .text.mss_pll_config:0000000000000114 .L0 
     /tmp/ccal6mT6.s:659    .text.mss_pll_config:0000000000000114 .L0 
     /tmp/ccal6mT6.s:661    .text.mss_pll_config:0000000000000116 .L0 
     /tmp/ccal6mT6.s:668    .text.mss_pll_config:0000000000000120 .L0 
     /tmp/ccal6mT6.s:669    .text.mss_pll_config:0000000000000120 .L0 
     /tmp/ccal6mT6.s:675    .text.mss_pll_config:0000000000000128 .L0 
     /tmp/ccal6mT6.s:689    .sdata2.IOSCB_IO_CALIB_DDR:0000000000000000 IOSCB_IO_CALIB_DDR
     /tmp/ccal6mT6.s:695    .sdata2.IOSCB_IO_CALIB_SGMII:0000000000000000 IOSCB_IO_CALIB_SGMII
     /tmp/ccal6mT6.s:707    .sdata2.MSS_SCB_CFM_SGMII_MUX:0000000000000000 MSS_SCB_CFM_SGMII_MUX
     /tmp/ccal6mT6.s:701    .sdata2.MSS_SCB_CFM_MSS_MUX:0000000000000000 MSS_SCB_CFM_MSS_MUX
     /tmp/ccal6mT6.s:725    .sdata2.MSS_SCB_SGMII_PLL:0000000000000000 MSS_SCB_SGMII_PLL
     /tmp/ccal6mT6.s:713    .sdata2.MSS_SCB_DDR_PLL:0000000000000000 MSS_SCB_DDR_PLL
     /tmp/ccal6mT6.s:719    .sdata2.MSS_SCB_MSS_PLL:0000000000000000 MSS_SCB_MSS_PLL
     /tmp/ccal6mT6.s:43     .text.set_RTC_divisor:0000000000000022 .L0 
     /tmp/ccal6mT6.s:83     .text.sgmii_mux_config:0000000000000022 .L0 
     /tmp/ccal6mT6.s:97     .text.flag_mss_pll_lock_error:0000000000000002 .L0 
     /tmp/ccal6mT6.s:214    .text.ddr_pll_config:00000000000000ae .L0 
     /tmp/ccal6mT6.s:241    .text.ddr_pll_lock_scb:0000000000000014 .L0 
     /tmp/ccal6mT6.s:261    .text.ddr_pll_config_scb_turn_off:000000000000000e .L0 
     /tmp/ccal6mT6.s:339    .text.sgmii_pll_config_scb:0000000000000054 .L0 
     /tmp/ccal6mT6.s:366    .text.sgmii_pll_lock_scb:0000000000000014 .L0 
     /tmp/ccal6mT6.s:419    .text.copy_switch_code:000000000000002e .L0 
     /tmp/ccal6mT6.s:685    .text.mss_pll_config:0000000000000128 .L0 
                     .debug_frame:0000000000000000 .L0 
     /tmp/ccal6mT6.s:72     .text.sgmii_mux_config:000000000000001a .L3
     /tmp/ccal6mT6.s:170    .text.ddr_pll_config:000000000000005a .L0 
     /tmp/ccal6mT6.s:167    .text.ddr_pll_config:000000000000005a .L7
     /tmp/ccal6mT6.s:329    .text.sgmii_pll_config_scb:0000000000000050 .L12
     /tmp/ccal6mT6.s:380    .text.copy_switch_code:0000000000000000 .L0 
     /tmp/ccal6mT6.s:381    .text.copy_switch_code:0000000000000008 .L0 
     /tmp/ccal6mT6.s:385    .text.copy_switch_code:0000000000000010 .L0 
     /tmp/ccal6mT6.s:409    .text.copy_switch_code:0000000000000028 .L16
     /tmp/ccal6mT6.s:392    .text.copy_switch_code:000000000000001e .L17
     /tmp/ccal6mT6.s:629    .text.mss_pll_config:00000000000000fe .L22
     /tmp/ccal6mT6.s:641    .text.mss_pll_config:0000000000000106 .L26
     /tmp/ccal6mT6.s:664    .text.mss_pll_config:0000000000000120 .L28
     /tmp/ccal6mT6.s:529    .text.mss_pll_config:0000000000000092 .L21
     /tmp/ccal6mT6.s:656    .text.mss_pll_config:0000000000000114 .L24
     /tmp/ccal6mT6.s:556    .text.mss_pll_config:00000000000000b6 .L23
     /tmp/ccal6mT6.s:582    .text.mss_pll_config:00000000000000d4 .L27
     /tmp/ccal6mT6.s:68436  .debug_abbrev:0000000000000000 .Ldebug_abbrev0
     /tmp/ccal6mT6.s:105027  .debug_str:0000000000046f76 .LASF9403
     /tmp/ccal6mT6.s:89547  .debug_str:0000000000007d98 .LASF9404
     /tmp/ccal6mT6.s:98101  .debug_str:000000000002a7f1 .LASF9405
     /tmp/ccal6mT6.s:69452  .debug_ranges:0000000000000000 .Ldebug_ranges0
     /tmp/ccal6mT6.s:87693  .debug_line:0000000000000000 .Ldebug_line0
     /tmp/ccal6mT6.s:69500  .debug_macro:0000000000000000 .Ldebug_macro0
     /tmp/ccal6mT6.s:104895  .debug_str:0000000000046609 .LASF5722
     /tmp/ccal6mT6.s:93601  .debug_str:00000000000181a6 .LASF5723
     /tmp/ccal6mT6.s:106341  .debug_str:000000000004cacc .LASF5724
     /tmp/ccal6mT6.s:99533  .debug_str:000000000003063e .LASF5725
     /tmp/ccal6mT6.s:104459  .debug_str:00000000000449a4 .LASF5726
     /tmp/ccal6mT6.s:88771  .debug_str:0000000000004a5e .LASF5730
     /tmp/ccal6mT6.s:92345  .debug_str:000000000001315b .LASF5727
     /tmp/ccal6mT6.s:102723  .debug_str:000000000003d6a5 .LASF5728
     /tmp/ccal6mT6.s:98849  .debug_str:000000000002d8c3 .LASF5729
     /tmp/ccal6mT6.s:96055  .debug_str:0000000000022678 .LASF5731
     /tmp/ccal6mT6.s:88431  .debug_str:00000000000032ed .LASF5732
     /tmp/ccal6mT6.s:91745  .debug_str:000000000001098c .LASF5733
     /tmp/ccal6mT6.s:104217  .debug_str:00000000000439b4 .LASF5734
     /tmp/ccal6mT6.s:89083  .debug_str:0000000000005f26 .LASF9406
     /tmp/ccal6mT6.s:101659  .debug_str:0000000000038efa .LASF5735
     /tmp/ccal6mT6.s:101661  .debug_str:0000000000038f00 .LASF5736
     /tmp/ccal6mT6.s:93295  .debug_str:0000000000016e98 .LASF5737
     /tmp/ccal6mT6.s:89577  .debug_str:0000000000007fef .LASF5738
     /tmp/ccal6mT6.s:99349  .debug_str:000000000002fab2 .LASF5739
     /tmp/ccal6mT6.s:94317  .debug_str:000000000001b001 .LASF5740
     /tmp/ccal6mT6.s:98721  .debug_str:000000000002d045 .LASF5741
     /tmp/ccal6mT6.s:103721  .debug_str:0000000000041a41 .LASF5742
     /tmp/ccal6mT6.s:103931  .debug_str:00000000000427f5 .LASF5743
     /tmp/ccal6mT6.s:89643  .debug_str:0000000000008459 .LASF5744
     /tmp/ccal6mT6.s:88655  .debug_str:0000000000004284 .LASF5745
     /tmp/ccal6mT6.s:100513  .debug_str:00000000000349c4 .LASF5746
     /tmp/ccal6mT6.s:100515  .debug_str:00000000000349d5 .LASF5747
     /tmp/ccal6mT6.s:100517  .debug_str:00000000000349e6 .LASF5748
     /tmp/ccal6mT6.s:100519  .debug_str:00000000000349f7 .LASF5749
     /tmp/ccal6mT6.s:100521  .debug_str:0000000000034a08 .LASF5750
     /tmp/ccal6mT6.s:106271  .debug_str:000000000004c6f1 .LASF5751
     /tmp/ccal6mT6.s:106273  .debug_str:000000000004c701 .LASF5752
     /tmp/ccal6mT6.s:106275  .debug_str:000000000004c711 .LASF5753
     /tmp/ccal6mT6.s:94917  .debug_str:000000000001d825 .LASF5754
     /tmp/ccal6mT6.s:100955  .debug_str:0000000000036595 .LASF5755
     /tmp/ccal6mT6.s:94699  .debug_str:000000000001c866 .LASF5756
     /tmp/ccal6mT6.s:100523  .debug_str:0000000000034a19 .LASF5757
     /tmp/ccal6mT6.s:95689  .debug_str:0000000000020ddf .LASF5758
     /tmp/ccal6mT6.s:105121  .debug_str:00000000000475f6 .LASF5759
     /tmp/ccal6mT6.s:95701  .debug_str:0000000000020e3f .LASF5760
     /tmp/ccal6mT6.s:93857  .debug_str:0000000000019341 .LASF5761
     /tmp/ccal6mT6.s:93859  .debug_str:0000000000019353 .LASF5762
     /tmp/ccal6mT6.s:102315  .debug_str:000000000003bb61 .LASF5763
     /tmp/ccal6mT6.s:102319  .debug_str:000000000003bb94 .LASF5764
     /tmp/ccal6mT6.s:93865  .debug_str:0000000000019398 .LASF5765
     /tmp/ccal6mT6.s:102321  .debug_str:000000000003bba6 .LASF5766
     /tmp/ccal6mT6.s:96895  .debug_str:0000000000025967 .LASF5767
     /tmp/ccal6mT6.s:102957  .debug_str:000000000003e4f5 .LASF5768
     /tmp/ccal6mT6.s:104149  .debug_str:000000000004358d .LASF5769
     /tmp/ccal6mT6.s:102247  .debug_str:000000000003b6ba .LASF5770
     /tmp/ccal6mT6.s:88217  .debug_str:00000000000023bf .LASF5771
     /tmp/ccal6mT6.s:88581  .debug_str:0000000000003cde .LASF5772
     /tmp/ccal6mT6.s:89009  .debug_str:0000000000005ab9 .LASF5773
     /tmp/ccal6mT6.s:104613  .debug_str:0000000000045395 .LASF5774
     /tmp/ccal6mT6.s:88583  .debug_str:0000000000003cf0 .LASF5775
     /tmp/ccal6mT6.s:100351  .debug_str:0000000000033e38 .LASF5776
     /tmp/ccal6mT6.s:88219  .debug_str:00000000000023c9 .LASF5777
     /tmp/ccal6mT6.s:90897  .debug_str:000000000000d89e .LASF5778
     /tmp/ccal6mT6.s:97143  .debug_str:00000000000269c0 .LASF5779
     /tmp/ccal6mT6.s:89543  .debug_str:0000000000007d60 .LASF5780
     /tmp/ccal6mT6.s:87937  .debug_str:0000000000001079 .LASF5781
     /tmp/ccal6mT6.s:93379  .debug_str:000000000001742e .LASF5782
     /tmp/ccal6mT6.s:98187  .debug_str:000000000002adbb .LASF5783
     /tmp/ccal6mT6.s:95981  .debug_str:0000000000022136 .LASF5784
     /tmp/ccal6mT6.s:91677  .debug_str:0000000000010537 .LASF5785
     /tmp/ccal6mT6.s:93871  .debug_str:000000000001940e .LASF5786
     /tmp/ccal6mT6.s:93873  .debug_str:0000000000019420 .LASF5787
     /tmp/ccal6mT6.s:93931  .debug_str:0000000000019815 .LASF5788
     /tmp/ccal6mT6.s:93933  .debug_str:0000000000019827 .LASF5789
     /tmp/ccal6mT6.s:93935  .debug_str:0000000000019839 .LASF5790
     /tmp/ccal6mT6.s:93937  .debug_str:000000000001984b .LASF5791
     /tmp/ccal6mT6.s:93939  .debug_str:000000000001985d .LASF5792
     /tmp/ccal6mT6.s:93941  .debug_str:000000000001986f .LASF5793
     /tmp/ccal6mT6.s:93943  .debug_str:0000000000019881 .LASF5794
     /tmp/ccal6mT6.s:90707  .debug_str:000000000000cca7 .LASF5795
     /tmp/ccal6mT6.s:99109  .debug_str:000000000002eac2 .LASF5796
     /tmp/ccal6mT6.s:103245  .debug_str:000000000003f9c6 .LASF5797
     /tmp/ccal6mT6.s:91099  .debug_str:000000000000e404 .LASF5798
     /tmp/ccal6mT6.s:93541  .debug_str:0000000000017e20 .LASF5799
     /tmp/ccal6mT6.s:105289  .debug_str:00000000000480cc .LASF5800
     /tmp/ccal6mT6.s:92837  .debug_str:0000000000015070 .LASF5801
     /tmp/ccal6mT6.s:100283  .debug_str:00000000000339bc .LASF5802
     /tmp/ccal6mT6.s:88105  .debug_str:0000000000001c2b .LASF5803
     /tmp/ccal6mT6.s:88107  .debug_str:0000000000001c39 .LASF5804
     /tmp/ccal6mT6.s:93797  .debug_str:0000000000018f1d .LASF5805
     /tmp/ccal6mT6.s:96443  .debug_str:0000000000023eec .LASF5806
     /tmp/ccal6mT6.s:96445  .debug_str:0000000000023efa .LASF5807
     /tmp/ccal6mT6.s:88869  .debug_str:0000000000005091 .LASF5808
     /tmp/ccal6mT6.s:93945  .debug_str:0000000000019893 .LASF5809
     /tmp/ccal6mT6.s:93947  .debug_str:00000000000198a5 .LASF5810
     /tmp/ccal6mT6.s:93949  .debug_str:00000000000198b7 .LASF5811
     /tmp/ccal6mT6.s:94019  .debug_str:0000000000019e55 .LASF5812
     /tmp/ccal6mT6.s:94021  .debug_str:0000000000019e67 .LASF5813
     /tmp/ccal6mT6.s:94023  .debug_str:0000000000019e79 .LASF5814
     /tmp/ccal6mT6.s:89949  .debug_str:00000000000098fc .LASF5815
     /tmp/ccal6mT6.s:94195  .debug_str:000000000001a85f .LASF5816
     /tmp/ccal6mT6.s:94827  .debug_str:000000000001d1b5 .LASF5817
     /tmp/ccal6mT6.s:88365  .debug_str:0000000000002f0c .LASF5818
     /tmp/ccal6mT6.s:94221  .debug_str:000000000001a976 .LASF5819
     /tmp/ccal6mT6.s:97131  .debug_str:00000000000268f3 .LASF5820
     /tmp/ccal6mT6.s:97543  .debug_str:0000000000028409 .LASF5821
     /tmp/ccal6mT6.s:102427  .debug_str:000000000003c3c8 .LASF5822
     /tmp/ccal6mT6.s:94025  .debug_str:0000000000019e8b .LASF5823
     /tmp/ccal6mT6.s:94027  .debug_str:0000000000019e9d .LASF5824
     /tmp/ccal6mT6.s:90967  .debug_str:000000000000dcb1 .LASF5825
     /tmp/ccal6mT6.s:95409  .debug_str:000000000001fafe .LASF5826
     /tmp/ccal6mT6.s:104707  .debug_str:00000000000459f2 .LASF5827
     /tmp/ccal6mT6.s:99539  .debug_str:0000000000030697 .LASF5828
     /tmp/ccal6mT6.s:94029  .debug_str:0000000000019eaf .LASF5829
     /tmp/ccal6mT6.s:94031  .debug_str:0000000000019ec1 .LASF5830
     /tmp/ccal6mT6.s:94033  .debug_str:0000000000019ed3 .LASF5831
     /tmp/ccal6mT6.s:94035  .debug_str:0000000000019ee5 .LASF5832
     /tmp/ccal6mT6.s:94037  .debug_str:0000000000019ef7 .LASF5833
     /tmp/ccal6mT6.s:94111  .debug_str:000000000001a38f .LASF5834
     /tmp/ccal6mT6.s:94113  .debug_str:000000000001a3a1 .LASF5835
     /tmp/ccal6mT6.s:102735  .debug_str:000000000003d78f .LASF5836
     /tmp/ccal6mT6.s:102739  .debug_str:000000000003d7c6 .LASF5837
     /tmp/ccal6mT6.s:94119  .debug_str:000000000001a3c9 .LASF5838
     /tmp/ccal6mT6.s:94121  .debug_str:000000000001a3db .LASF5839
     /tmp/ccal6mT6.s:94123  .debug_str:000000000001a3ed .LASF5840
     /tmp/ccal6mT6.s:94125  .debug_str:000000000001a3ff .LASF5841
     /tmp/ccal6mT6.s:94127  .debug_str:000000000001a411 .LASF5842
     /tmp/ccal6mT6.s:92505  .debug_str:0000000000013afa .LASF5843
     /tmp/ccal6mT6.s:94201  .debug_str:000000000001a8b1 .LASF5844
     /tmp/ccal6mT6.s:102883  .debug_str:000000000003e09f .LASF5845
     /tmp/ccal6mT6.s:94205  .debug_str:000000000001a8dc .LASF5846
     /tmp/ccal6mT6.s:92721  .debug_str:000000000001484d .LASF5847
     /tmp/ccal6mT6.s:94209  .debug_str:000000000001a90a .LASF5848
     /tmp/ccal6mT6.s:94211  .debug_str:000000000001a91c .LASF5849
     /tmp/ccal6mT6.s:94213  .debug_str:000000000001a92e .LASF5850
     /tmp/ccal6mT6.s:94215  .debug_str:000000000001a940 .LASF5851
     /tmp/ccal6mT6.s:94217  .debug_str:000000000001a952 .LASF5852
     /tmp/ccal6mT6.s:94219  .debug_str:000000000001a964 .LASF5853
     /tmp/ccal6mT6.s:94283  .debug_str:000000000001ae39 .LASF5854
     /tmp/ccal6mT6.s:94285  .debug_str:000000000001ae4b .LASF5855
     /tmp/ccal6mT6.s:94287  .debug_str:000000000001ae5d .LASF5856
     /tmp/ccal6mT6.s:103045  .debug_str:000000000003eb83 .LASF5857
     /tmp/ccal6mT6.s:94291  .debug_str:000000000001ae82 .LASF5858
     /tmp/ccal6mT6.s:94293  .debug_str:000000000001ae94 .LASF5859
     /tmp/ccal6mT6.s:94295  .debug_str:000000000001aea6 .LASF5860
     /tmp/ccal6mT6.s:103053  .debug_str:000000000003ec0f .LASF5861
     /tmp/ccal6mT6.s:94299  .debug_str:000000000001aec2 .LASF5862
     /tmp/ccal6mT6.s:99611  .debug_str:0000000000030c68 .LASF5863
     /tmp/ccal6mT6.s:106309  .debug_str:000000000004c8c0 .LASF5864
     /tmp/ccal6mT6.s:94297  .debug_str:000000000001aeb8 .LASF5865
     /tmp/ccal6mT6.s:101157  .debug_str:0000000000037166 .LASF5866
     /tmp/ccal6mT6.s:88953  .debug_str:0000000000005721 .LASF5867
     /tmp/ccal6mT6.s:95857  .debug_str:00000000000218d5 .LASF5868
     /tmp/ccal6mT6.s:102609  .debug_str:000000000003ced1 .LASF5869
     /tmp/ccal6mT6.s:94301  .debug_str:000000000001aed4 .LASF5870
     /tmp/ccal6mT6.s:94371  .debug_str:000000000001b39f .LASF5871
     /tmp/ccal6mT6.s:94373  .debug_str:000000000001b3b1 .LASF5872
     /tmp/ccal6mT6.s:94375  .debug_str:000000000001b3c3 .LASF5873
     /tmp/ccal6mT6.s:94377  .debug_str:000000000001b3d5 .LASF5874
     /tmp/ccal6mT6.s:95113  .debug_str:000000000001e5f6 .LASF5875
     /tmp/ccal6mT6.s:105343  .debug_str:000000000004847b .LASF5876
     /tmp/ccal6mT6.s:104059  .debug_str:0000000000042fdf .LASF5877
     /tmp/ccal6mT6.s:89797  .debug_str:0000000000008efd .LASF5878
     /tmp/ccal6mT6.s:91687  .debug_str:00000000000105af .LASF5879
     /tmp/ccal6mT6.s:93395  .debug_str:00000000000174e5 .LASF5880
     /tmp/ccal6mT6.s:97835  .debug_str:00000000000296e6 .LASF5881
     /tmp/ccal6mT6.s:96225  .debug_str:0000000000023226 .LASF5882
     /tmp/ccal6mT6.s:93225  .debug_str:0000000000016984 .LASF5883
     /tmp/ccal6mT6.s:90655  .debug_str:000000000000c981 .LASF5884
     /tmp/ccal6mT6.s:89303  .debug_str:0000000000006e93 .LASF5885
     /tmp/ccal6mT6.s:94961  .debug_str:000000000001daf0 .LASF5886
     /tmp/ccal6mT6.s:95991  .debug_str:00000000000221bc .LASF5887
     /tmp/ccal6mT6.s:97711  .debug_str:0000000000028f8e .LASF5888
     /tmp/ccal6mT6.s:105463  .debug_str:0000000000048dd7 .LASF5889
     /tmp/ccal6mT6.s:97977  .debug_str:000000000002a064 .LASF5890
     /tmp/ccal6mT6.s:90309  .debug_str:000000000000b20b .LASF5891
     /tmp/ccal6mT6.s:101895  .debug_str:0000000000039e38 .LASF5892
     /tmp/ccal6mT6.s:94361  .debug_str:000000000001b2c0 .LASF5893
     /tmp/ccal6mT6.s:103095  .debug_str:000000000003ef12 .LASF5894
     /tmp/ccal6mT6.s:92205  .debug_str:00000000000128d1 .LASF5895
     /tmp/ccal6mT6.s:94379  .debug_str:000000000001b3e7 .LASF5896
     /tmp/ccal6mT6.s:103203  .debug_str:000000000003f762 .LASF5897
     /tmp/ccal6mT6.s:94383  .debug_str:000000000001b429 .LASF5898
     /tmp/ccal6mT6.s:94385  .debug_str:000000000001b43b .LASF5899
     /tmp/ccal6mT6.s:94387  .debug_str:000000000001b44d .LASF5900
     /tmp/ccal6mT6.s:94389  .debug_str:000000000001b45f .LASF5901
     /tmp/ccal6mT6.s:94453  .debug_str:000000000001b8c1 .LASF5902
     /tmp/ccal6mT6.s:94455  .debug_str:000000000001b8d3 .LASF5903
     /tmp/ccal6mT6.s:103337  .debug_str:0000000000040007 .LASF5904
     /tmp/ccal6mT6.s:105297  .debug_str:000000000004814f .LASF5905
     /tmp/ccal6mT6.s:91633  .debug_str:00000000000101a3 .LASF5906
     /tmp/ccal6mT6.s:90095  .debug_str:000000000000a2ea .LASF5907
     /tmp/ccal6mT6.s:96515  .debug_str:000000000002428a .LASF5908
     /tmp/ccal6mT6.s:103293  .debug_str:000000000003fd15 .LASF5909
     /tmp/ccal6mT6.s:91151  .debug_str:000000000000e5f2 .LASF5910
     /tmp/ccal6mT6.s:98133  .debug_str:000000000002aa1a .LASF5911
     /tmp/ccal6mT6.s:104825  .debug_str:0000000000046191 .LASF5912
     /tmp/ccal6mT6.s:94459  .debug_str:000000000001b901 .LASF5913
     /tmp/ccal6mT6.s:94461  .debug_str:000000000001b913 .LASF5914
     /tmp/ccal6mT6.s:93101  .debug_str:00000000000160f5 .LASF5915
     /tmp/ccal6mT6.s:92071  .debug_str:0000000000011f1b .LASF5916
     /tmp/ccal6mT6.s:93087  .debug_str:000000000001603d .LASF5917
     /tmp/ccal6mT6.s:89765  .debug_str:0000000000008c70 .LASF5918
     /tmp/ccal6mT6.s:94895  .debug_str:000000000001d658 .LASF5919
     /tmp/ccal6mT6.s:101111  .debug_str:0000000000036e73 .LASF5920
     /tmp/ccal6mT6.s:93533  .debug_str:0000000000017d91 .LASF5921
     /tmp/ccal6mT6.s:105157  .debug_str:0000000000047887 .LASF5922
     /tmp/ccal6mT6.s:92177  .debug_str:000000000001262b .LASF5923
     /tmp/ccal6mT6.s:91531  .debug_str:000000000000fbc9 .LASF5924
     /tmp/ccal6mT6.s:97913  .debug_str:0000000000029b4f .LASF5925
     /tmp/ccal6mT6.s:95217  .debug_str:000000000001eccd .LASF5926
     /tmp/ccal6mT6.s:95785  .debug_str:0000000000021399 .LASF5927
     /tmp/ccal6mT6.s:89737  .debug_str:0000000000008abb .LASF5928
     /tmp/ccal6mT6.s:88525  .debug_str:00000000000038fd .LASF5929
     /tmp/ccal6mT6.s:99421  .debug_str:000000000002ff4a .LASF5930
     /tmp/ccal6mT6.s:98183  .debug_str:000000000002ad4a .LASF5931
     /tmp/ccal6mT6.s:88561  .debug_str:0000000000003b49 .LASF5932
     /tmp/ccal6mT6.s:105813  .debug_str:000000000004a656 .LASF5933
     /tmp/ccal6mT6.s:102561  .debug_str:000000000003ccb3 .LASF5934
     /tmp/ccal6mT6.s:98863  .debug_str:000000000002d9c1 .LASF5935
     /tmp/ccal6mT6.s:87795  .debug_str:00000000000006ca .LASF5936
     /tmp/ccal6mT6.s:99633  .debug_str:0000000000030d96 .LASF5937
     /tmp/ccal6mT6.s:104125  .debug_str:0000000000043404 .LASF5938
     /tmp/ccal6mT6.s:93493  .debug_str:0000000000017bb9 .LASF5939
     /tmp/ccal6mT6.s:99679  .debug_str:00000000000310c0 .LASF5940
     /tmp/ccal6mT6.s:99623  .debug_str:0000000000030d1e .LASF5941
     /tmp/ccal6mT6.s:95593  .debug_str:0000000000020783 .LASF5942
     /tmp/ccal6mT6.s:99423  .debug_str:000000000002ff61 .LASF5943
     /tmp/ccal6mT6.s:100093  .debug_str:0000000000032c7e .LASF5944
     /tmp/ccal6mT6.s:100311  .debug_str:0000000000033bf3 .LASF5945
     /tmp/ccal6mT6.s:99647  .debug_str:0000000000030e7c .LASF5946
     /tmp/ccal6mT6.s:105659  .debug_str:0000000000049b12 .LASF5947
     /tmp/ccal6mT6.s:101743  .debug_str:0000000000039416 .LASF5948
     /tmp/ccal6mT6.s:92965  .debug_str:00000000000157ce .LASF5949
     /tmp/ccal6mT6.s:95569  .debug_str:000000000002061e .LASF5950
     /tmp/ccal6mT6.s:88709  .debug_str:00000000000045c1 .LASF5951
     /tmp/ccal6mT6.s:98573  .debug_str:000000000002c5d1 .LASF5952
     /tmp/ccal6mT6.s:100353  .debug_str:0000000000033e40 .LASF5953
     /tmp/ccal6mT6.s:98207  .debug_str:000000000002af52 .LASF5954
     /tmp/ccal6mT6.s:98877  .debug_str:000000000002db23 .LASF5955
     /tmp/ccal6mT6.s:99569  .debug_str:00000000000308b5 .LASF5956
     /tmp/ccal6mT6.s:98595  .debug_str:000000000002c749 .LASF5957
     /tmp/ccal6mT6.s:104611  .debug_str:000000000004537a .LASF5958
     /tmp/ccal6mT6.s:89505  .debug_str:0000000000007af6 .LASF5959
     /tmp/ccal6mT6.s:91895  .debug_str:00000000000112f4 .LASF5960
     /tmp/ccal6mT6.s:94457  .debug_str:000000000001b8e5 .LASF5961
     /tmp/ccal6mT6.s:87833  .debug_str:000000000000095b .LASF5962
     /tmp/ccal6mT6.s:101797  .debug_str:000000000003989e .LASF5963
     /tmp/ccal6mT6.s:103119  .debug_str:000000000003f081 .LASF5964
     /tmp/ccal6mT6.s:104883  .debug_str:000000000004652b .LASF5965
     /tmp/ccal6mT6.s:97569  .debug_str:00000000000285d1 .LASF5966
     /tmp/ccal6mT6.s:99665  .debug_str:0000000000030feb .LASF5967
     /tmp/ccal6mT6.s:87931  .debug_str:0000000000001020 .LASF5968
     /tmp/ccal6mT6.s:90035  .debug_str:0000000000009e6d .LASF5969
     /tmp/ccal6mT6.s:92775  .debug_str:0000000000014bc3 .LASF5970
     /tmp/ccal6mT6.s:88021  .debug_str:00000000000015be .LASF5971
     /tmp/ccal6mT6.s:101061  .debug_str:0000000000036bf7 .LASF5972
     /tmp/ccal6mT6.s:98897  .debug_str:000000000002dca3 .LASF5973
     /tmp/ccal6mT6.s:92247  .debug_str:0000000000012b9a .LASF5974
     /tmp/ccal6mT6.s:105177  .debug_str:00000000000479c3 .LASF5975
     /tmp/ccal6mT6.s:87953  .debug_str:0000000000001178 .LASF5976
     /tmp/ccal6mT6.s:95939  .debug_str:0000000000021e3e .LASF5977
     /tmp/ccal6mT6.s:93339  .debug_str:0000000000017178 .LASF5978
     /tmp/ccal6mT6.s:104325  .debug_str:000000000004403e .LASF5979
     /tmp/ccal6mT6.s:94647  .debug_str:000000000001c4b7 .LASF5980
     /tmp/ccal6mT6.s:98597  .debug_str:000000000002c770 .LASF5981
     /tmp/ccal6mT6.s:106033  .debug_str:000000000004b72f .LASF5982
     /tmp/ccal6mT6.s:103925  .debug_str:00000000000427a9 .LASF5983
     /tmp/ccal6mT6.s:91853  .debug_str:0000000000010ffb .LASF5984
     /tmp/ccal6mT6.s:102839  .debug_str:000000000003ddf9 .LASF5985
     /tmp/ccal6mT6.s:93155  .debug_str:000000000001644a .LASF5986
     /tmp/ccal6mT6.s:88795  .debug_str:0000000000004bb1 .LASF5987
     /tmp/ccal6mT6.s:87867  .debug_str:0000000000000b59 .LASF5988
     /tmp/ccal6mT6.s:94241  .debug_str:000000000001aae7 .LASF5989
     /tmp/ccal6mT6.s:104637  .debug_str:0000000000045530 .LASF5990
     /tmp/ccal6mT6.s:106125  .debug_str:000000000004bd73 .LASF5991
     /tmp/ccal6mT6.s:101105  .debug_str:0000000000036de5 .LASF5992
     /tmp/ccal6mT6.s:90687  .debug_str:000000000000cb6f .LASF5993
     /tmp/ccal6mT6.s:90863  .debug_str:000000000000d612 .LASF5994
     /tmp/ccal6mT6.s:105923  .debug_str:000000000004adef .LASF5995
     /tmp/ccal6mT6.s:103643  .debug_str:00000000000414db .LASF5996
     /tmp/ccal6mT6.s:105345  .debug_str:0000000000048495 .LASF5997
     /tmp/ccal6mT6.s:88411  .debug_str:00000000000031b9 .LASF5998
     /tmp/ccal6mT6.s:106333  .debug_str:000000000004ca4a .LASF5999
     /tmp/ccal6mT6.s:93073  .debug_str:0000000000015f49 .LASF6000
     /tmp/ccal6mT6.s:102053  .debug_str:000000000003a99f .LASF6001
     /tmp/ccal6mT6.s:89707  .debug_str:00000000000088c6 .LASF6002
     /tmp/ccal6mT6.s:88929  .debug_str:000000000000553f .LASF6003
     /tmp/ccal6mT6.s:88775  .debug_str:0000000000004a76 .LASF6004
     /tmp/ccal6mT6.s:100883  .debug_str:000000000003613d .LASF6005
     /tmp/ccal6mT6.s:101329  .debug_str:0000000000037a57 .LASF6006
     /tmp/ccal6mT6.s:88675  .debug_str:000000000000435f .LASF6007
     /tmp/ccal6mT6.s:97279  .debug_str:000000000002729c .LASF6008
     /tmp/ccal6mT6.s:105479  .debug_str:0000000000048f02 .LASF6009
     /tmp/ccal6mT6.s:97809  .debug_str:00000000000294ea .LASF6010
     /tmp/ccal6mT6.s:92925  .debug_str:000000000001555b .LASF6011
     /tmp/ccal6mT6.s:91167  .debug_str:000000000000e6fc .LASF6012
     /tmp/ccal6mT6.s:88965  .debug_str:0000000000005807 .LASF6013
     /tmp/ccal6mT6.s:103157  .debug_str:000000000003f3bd .LASF6014
     /tmp/ccal6mT6.s:102057  .debug_str:000000000003aa00 .LASF6015
     /tmp/ccal6mT6.s:91625  .debug_str:0000000000010131 .LASF6016
     /tmp/ccal6mT6.s:90917  .debug_str:000000000000d99f .LASF6017
     /tmp/ccal6mT6.s:95511  .debug_str:00000000000201cb .LASF6018
     /tmp/ccal6mT6.s:88187  .debug_str:00000000000021db .LASF6019
     /tmp/ccal6mT6.s:89007  .debug_str:0000000000005a85 .LASF6020
     /tmp/ccal6mT6.s:93459  .debug_str:000000000001795b .LASF6021
     /tmp/ccal6mT6.s:99773  .debug_str:000000000003174a .LASF6022
     /tmp/ccal6mT6.s:89889  .debug_str:000000000000956b .LASF6023
     /tmp/ccal6mT6.s:97679  .debug_str:0000000000028d4d .LASF6024
     /tmp/ccal6mT6.s:91651  .debug_str:000000000001030a .LASF6025
     /tmp/ccal6mT6.s:102133  .debug_str:000000000003aee1 .LASF6026
     /tmp/ccal6mT6.s:105947  .debug_str:000000000004b03f .LASF6027
     /tmp/ccal6mT6.s:103065  .debug_str:000000000003ecb7 .LASF6028
     /tmp/ccal6mT6.s:100079  .debug_str:0000000000032bbe .LASF6029
     /tmp/ccal6mT6.s:96403  .debug_str:0000000000023ca6 .LASF6030
     /tmp/ccal6mT6.s:100081  .debug_str:0000000000032bca .LASF6031
     /tmp/ccal6mT6.s:101473  .debug_str:000000000003822b .LASF6032
     /tmp/ccal6mT6.s:97941  .debug_str:0000000000029df3 .LASF6033
     /tmp/ccal6mT6.s:94997  .debug_str:000000000001dd01 .LASF6034
     /tmp/ccal6mT6.s:95103  .debug_str:000000000001e50c .LASF6035
     /tmp/ccal6mT6.s:99325  .debug_str:000000000002f942 .LASF6036
     /tmp/ccal6mT6.s:89835  .debug_str:0000000000009129 .LASF6037
     /tmp/ccal6mT6.s:94893  .debug_str:000000000001d650 .LASF6038
     /tmp/ccal6mT6.s:90005  .debug_str:0000000000009cc1 .LASF6039
     /tmp/ccal6mT6.s:94751  .debug_str:000000000001cc4e .LASF6040
     /tmp/ccal6mT6.s:89805  .debug_str:0000000000008f64 .LASF6041
     /tmp/ccal6mT6.s:97811  .debug_str:0000000000029506 .LASF6042
     /tmp/ccal6mT6.s:94591  .debug_str:000000000001c133 .LASF6043
     /tmp/ccal6mT6.s:104833  .debug_str:000000000004620e .LASF6044
     /tmp/ccal6mT6.s:89201  .debug_str:0000000000006723 .LASF6045
     /tmp/ccal6mT6.s:100653  .debug_str:000000000003525d .LASF6046
     /tmp/ccal6mT6.s:105545  .debug_str:0000000000049373 .LASF6047
     /tmp/ccal6mT6.s:105841  .debug_str:000000000004a7ee .LASF6048
     /tmp/ccal6mT6.s:88653  .debug_str:000000000000426f .LASF6049
     /tmp/ccal6mT6.s:105855  .debug_str:000000000004a8ae .LASF6050
     /tmp/ccal6mT6.s:90421  .debug_str:000000000000ba15 .LASF6051
     /tmp/ccal6mT6.s:96033  .debug_str:00000000000224f3 .LASF6052
     /tmp/ccal6mT6.s:90907  .debug_str:000000000000d932 .LASF6053
     /tmp/ccal6mT6.s:96149  .debug_str:0000000000022c6e .LASF6054
     /tmp/ccal6mT6.s:98421  .debug_str:000000000002bbbb .LASF6055
     /tmp/ccal6mT6.s:106163  .debug_str:000000000004bfee .LASF6056
     /tmp/ccal6mT6.s:96091  .debug_str:00000000000228cf .LASF6057
     /tmp/ccal6mT6.s:98451  .debug_str:000000000002bd71 .LASF6058
     /tmp/ccal6mT6.s:93633  .debug_str:0000000000018401 .LASF6059
     /tmp/ccal6mT6.s:93635  .debug_str:0000000000018410 .LASF6060
     /tmp/ccal6mT6.s:93813  .debug_str:000000000001905e .LASF6061
     /tmp/ccal6mT6.s:92941  .debug_str:0000000000015625 .LASF6062
     /tmp/ccal6mT6.s:99967  .debug_str:000000000003249a .LASF6063
     /tmp/ccal6mT6.s:94969  .debug_str:000000000001db88 .LASF6064
     /tmp/ccal6mT6.s:91241  .debug_str:000000000000eafb .LASF6065
     /tmp/ccal6mT6.s:91243  .debug_str:000000000000eb0a .LASF6066
     /tmp/ccal6mT6.s:93287  .debug_str:0000000000016e28 .LASF6067
     /tmp/ccal6mT6.s:96477  .debug_str:0000000000024052 .LASF6068
     /tmp/ccal6mT6.s:103369  .debug_str:0000000000040231 .LASF6069
     /tmp/ccal6mT6.s:102815  .debug_str:000000000003dca5 .LASF6070
     /tmp/ccal6mT6.s:94971  .debug_str:000000000001db92 .LASF6071
     /tmp/ccal6mT6.s:89633  .debug_str:00000000000083cf .LASF6072
     /tmp/ccal6mT6.s:96587  .debug_str:00000000000245c4 .LASF6073
     /tmp/ccal6mT6.s:104793  .debug_str:0000000000045f80 .LASF6074
     /tmp/ccal6mT6.s:94133  .debug_str:000000000001a486 .LASF6075
     /tmp/ccal6mT6.s:96263  .debug_str:00000000000234ab .LASF6076
     /tmp/ccal6mT6.s:101387  .debug_str:0000000000037d51 .LASF6077
     /tmp/ccal6mT6.s:98725  .debug_str:000000000002d096 .LASF6078
     /tmp/ccal6mT6.s:104509  .debug_str:0000000000044c62 .LASF6079
     /tmp/ccal6mT6.s:88611  .debug_str:0000000000003f1a .LASF6080
     /tmp/ccal6mT6.s:91559  .debug_str:000000000000fe08 .LASF6081
     /tmp/ccal6mT6.s:101545  .debug_str:000000000003870b .LASF6082
     /tmp/ccal6mT6.s:104361  .debug_str:00000000000442d0 .LASF6083
     /tmp/ccal6mT6.s:96173  .debug_str:0000000000022e1e .LASF6084
     /tmp/ccal6mT6.s:102961  .debug_str:000000000003e531 .LASF6085
     /tmp/ccal6mT6.s:103871  .debug_str:0000000000042399 .LASF6086
     /tmp/ccal6mT6.s:94557  .debug_str:000000000001bed7 .LASF6087
     /tmp/ccal6mT6.s:106203  .debug_str:000000000004c223 .LASF6088
     /tmp/ccal6mT6.s:95609  .debug_str:00000000000208f1 .LASF6089
     /tmp/ccal6mT6.s:98291  .debug_str:000000000002b4b8 .LASF6090
     /tmp/ccal6mT6.s:90161  .debug_str:000000000000a756 .LASF6091
     /tmp/ccal6mT6.s:89113  .debug_str:00000000000060d9 .LASF6092
     /tmp/ccal6mT6.s:88989  .debug_str:0000000000005945 .LASF6093
     /tmp/ccal6mT6.s:90677  .debug_str:000000000000cae2 .LASF6094
     /tmp/ccal6mT6.s:103877  .debug_str:0000000000042426 .LASF6095
     /tmp/ccal6mT6.s:99757  .debug_str:0000000000031635 .LASF6096
     /tmp/ccal6mT6.s:103585  .debug_str:000000000004102e .LASF6097
     /tmp/ccal6mT6.s:105173  .debug_str:0000000000047981 .LASF6098
     /tmp/ccal6mT6.s:98297  .debug_str:000000000002b4f2 .LASF6099
     /tmp/ccal6mT6.s:104491  .debug_str:0000000000044b3b .LASF6100
     /tmp/ccal6mT6.s:105829  .debug_str:000000000004a72a .LASF6101
     /tmp/ccal6mT6.s:100759  .debug_str:000000000003598f .LASF6102
     /tmp/ccal6mT6.s:97605  .debug_str:0000000000028857 .LASF6103
     /tmp/ccal6mT6.s:97617  .debug_str:000000000002891f .LASF6104
     /tmp/ccal6mT6.s:90747  .debug_str:000000000000cf60 .LASF6105
     /tmp/ccal6mT6.s:104069  .debug_str:000000000004308f .LASF6106
     /tmp/ccal6mT6.s:103841  .debug_str:00000000000421e8 .LASF6107
     /tmp/ccal6mT6.s:104071  .debug_str:0000000000043099 .LASF6108
     /tmp/ccal6mT6.s:92373  .debug_str:000000000001331c .LASF6109
     /tmp/ccal6mT6.s:104077  .debug_str:00000000000430eb .LASF6110
     /tmp/ccal6mT6.s:103307  .debug_str:000000000003fe02 .LASF6111
     /tmp/ccal6mT6.s:102329  .debug_str:000000000003bc3c .LASF6112
     /tmp/ccal6mT6.s:90503  .debug_str:000000000000bf13 .LASF6113
     /tmp/ccal6mT6.s:99293  .debug_str:000000000002f74f .LASF6114
     /tmp/ccal6mT6.s:104079  .debug_str:00000000000430f5 .LASF6115
     /tmp/ccal6mT6.s:90911  .debug_str:000000000000d981 .LASF6116
     /tmp/ccal6mT6.s:95671  .debug_str:0000000000020d10 .LASF6117
     /tmp/ccal6mT6.s:90499  .debug_str:000000000000bea9 .LASF6118
     /tmp/ccal6mT6.s:106293  .debug_str:000000000004c801 .LASF6119
     /tmp/ccal6mT6.s:92265  .debug_str:0000000000012cad .LASF6120
     /tmp/ccal6mT6.s:90913  .debug_str:000000000000d98b .LASF6121
     /tmp/ccal6mT6.s:88321  .debug_str:0000000000002b47 .LASF6122
     /tmp/ccal6mT6.s:90915  .debug_str:000000000000d995 .LASF6123
     /tmp/ccal6mT6.s:92857  .debug_str:00000000000151d0 .LASF6124
     /tmp/ccal6mT6.s:100665  .debug_str:0000000000035321 .LASF6125
     /tmp/ccal6mT6.s:90995  .debug_str:000000000000deb5 .LASF6126
     /tmp/ccal6mT6.s:95185  .debug_str:000000000001ea62 .LASF6127
     /tmp/ccal6mT6.s:90997  .debug_str:000000000000debf .LASF6128
     /tmp/ccal6mT6.s:87823  .debug_str:00000000000008cc .LASF6129
     /tmp/ccal6mT6.s:91257  .debug_str:000000000000ec02 .LASF6130
     /tmp/ccal6mT6.s:101303  .debug_str:00000000000378d8 .LASF6131
     /tmp/ccal6mT6.s:89991  .debug_str:0000000000009c02 .LASF6132
     /tmp/ccal6mT6.s:104225  .debug_str:0000000000043a35 .LASF6133
     /tmp/ccal6mT6.s:102857  .debug_str:000000000003df29 .LASF6134
     /tmp/ccal6mT6.s:91001  .debug_str:000000000000dee2 .LASF6135
     /tmp/ccal6mT6.s:90585  .debug_str:000000000000c501 .LASF6136
     /tmp/ccal6mT6.s:98341  .debug_str:000000000002b74d .LASF6137
     /tmp/ccal6mT6.s:91003  .debug_str:000000000000deec .LASF6138
     /tmp/ccal6mT6.s:89775  .debug_str:0000000000008d5d .LASF6139
     /tmp/ccal6mT6.s:102871  .debug_str:000000000003dfea .LASF6140
     /tmp/ccal6mT6.s:106253  .debug_str:000000000004c5cd .LASF6141
     /tmp/ccal6mT6.s:105375  .debug_str:0000000000048765 .LASF6142
     /tmp/ccal6mT6.s:99229  .debug_str:000000000002f365 .LASF6143
     /tmp/ccal6mT6.s:89561  .debug_str:0000000000007ec4 .LASF6144
     /tmp/ccal6mT6.s:91005  .debug_str:000000000000def6 .LASF6145
     /tmp/ccal6mT6.s:105269  .debug_str:0000000000047fd6 .LASF6146
     /tmp/ccal6mT6.s:91007  .debug_str:000000000000df00 .LASF6147
     /tmp/ccal6mT6.s:99747  .debug_str:0000000000031589 .LASF6148
     /tmp/ccal6mT6.s:88551  .debug_str:0000000000003abc .LASF6149
     /tmp/ccal6mT6.s:91009  .debug_str:000000000000df0a .LASF6150
     /tmp/ccal6mT6.s:97345  .debug_str:0000000000027719 .LASF6151
     /tmp/ccal6mT6.s:93795  .debug_str:0000000000018ef4 .LASF6152
     /tmp/ccal6mT6.s:89207  .debug_str:000000000000678f .LASF6153
     /tmp/ccal6mT6.s:92845  .debug_str:000000000001513b .LASF6154
     /tmp/ccal6mT6.s:103783  .debug_str:0000000000041de5 .LASF6155
     /tmp/ccal6mT6.s:91011  .debug_str:000000000000df14 .LASF6156
     /tmp/ccal6mT6.s:97583  .debug_str:00000000000286dc .LASF6157
     /tmp/ccal6mT6.s:92707  .debug_str:0000000000014792 .LASF6158
     /tmp/ccal6mT6.s:104193  .debug_str:0000000000043807 .LASF6159
     /tmp/ccal6mT6.s:92969  .debug_str:000000000001583a .LASF6160
     /tmp/ccal6mT6.s:94093  .debug_str:000000000001a2bc .LASF6161
     /tmp/ccal6mT6.s:98663  .debug_str:000000000002cc1a .LASF6162
     /tmp/ccal6mT6.s:87891  .debug_str:0000000000000d12 .LASF6163
     /tmp/ccal6mT6.s:97155  .debug_str:0000000000026a82 .LASF6164
     /tmp/ccal6mT6.s:103195  .debug_str:000000000003f6b0 .LASF6165
     /tmp/ccal6mT6.s:97281  .debug_str:00000000000272df .LASF6166
     /tmp/ccal6mT6.s:91185  .debug_str:000000000000e863 .LASF6167
     /tmp/ccal6mT6.s:104185  .debug_str:0000000000043774 .LASF6168
     /tmp/ccal6mT6.s:104437  .debug_str:00000000000447f3 .LASF6169
     /tmp/ccal6mT6.s:91073  .debug_str:000000000000e2a1 .LASF6170
     /tmp/ccal6mT6.s:90215  .debug_str:000000000000ab2f .LASF6171
     /tmp/ccal6mT6.s:89583  .debug_str:0000000000008025 .LASF6172
     /tmp/ccal6mT6.s:92175  .debug_str:0000000000012624 .LASF6173
     /tmp/ccal6mT6.s:92055  .debug_str:0000000000011e0f .LASF6174
     /tmp/ccal6mT6.s:103881  .debug_str:0000000000042469 .LASF6175
     /tmp/ccal6mT6.s:102533  .debug_str:000000000003ca94 .LASF6176
     /tmp/ccal6mT6.s:97377  .debug_str:0000000000027975 .LASF6177
     /tmp/ccal6mT6.s:90273  .debug_str:000000000000af40 .LASF6178
     /tmp/ccal6mT6.s:103229  .debug_str:000000000003f8f8 .LASF6179
     /tmp/ccal6mT6.s:95249  .debug_str:000000000001ef74 .LASF6180
     /tmp/ccal6mT6.s:90815  .debug_str:000000000000d3a7 .LASF6181
     /tmp/ccal6mT6.s:106059  .debug_str:000000000004b8ad .LASF6182
     /tmp/ccal6mT6.s:92263  .debug_str:0000000000012c83 .LASF6183
     /tmp/ccal6mT6.s:91337  .debug_str:000000000000f13d .LASF6184
     /tmp/ccal6mT6.s:102661  .debug_str:000000000003d28d .LASF6185
     /tmp/ccal6mT6.s:98081  .debug_str:000000000002a6d0 .LASF6186
     /tmp/ccal6mT6.s:98551  .debug_str:000000000002c497 .LASF6187
     /tmp/ccal6mT6.s:98223  .debug_str:000000000002b034 .LASF6188
     /tmp/ccal6mT6.s:97157  .debug_str:0000000000026a9c .LASF6189
     /tmp/ccal6mT6.s:99285  .debug_str:000000000002f6dd .LASF6190
     /tmp/ccal6mT6.s:87787  .debug_str:0000000000000661 .LASF6191
     /tmp/ccal6mT6.s:88447  .debug_str:000000000000339c .LASF6192
     /tmp/ccal6mT6.s:105311  .debug_str:0000000000048289 .LASF6193
     /tmp/ccal6mT6.s:90957  .debug_str:000000000000dc26 .LASF6194
     /tmp/ccal6mT6.s:90819  .debug_str:000000000000d3db .LASF6195
     /tmp/ccal6mT6.s:90821  .debug_str:000000000000d3e5 .LASF6196
     /tmp/ccal6mT6.s:94183  .debug_str:000000000001a7ac .LASF6197
     /tmp/ccal6mT6.s:103991  .debug_str:0000000000042ba4 .LASF6198
     /tmp/ccal6mT6.s:98027  .debug_str:000000000002a2fc .LASF6199
     /tmp/ccal6mT6.s:99685  .debug_str:0000000000031172 .LASF6200
     /tmp/ccal6mT6.s:97099  .debug_str:00000000000266fd .LASF6201
     /tmp/ccal6mT6.s:90001  .debug_str:0000000000009ca5 .LASF6202
     /tmp/ccal6mT6.s:104181  .debug_str:0000000000043741 .LASF6203
     /tmp/ccal6mT6.s:94483  .debug_str:000000000001ba96 .LASF6204
     /tmp/ccal6mT6.s:90937  .debug_str:000000000000db05 .LASF6205
     /tmp/ccal6mT6.s:101139  .debug_str:000000000003702f .LASF6206
     /tmp/ccal6mT6.s:97765  .debug_str:0000000000029222 .LASF6207
     /tmp/ccal6mT6.s:90399  .debug_str:000000000000b8d5 .LASF6208
     /tmp/ccal6mT6.s:91149  .debug_str:000000000000e5c9 .LASF6209
     /tmp/ccal6mT6.s:101317  .debug_str:00000000000379b6 .LASF6210
     /tmp/ccal6mT6.s:99491  .debug_str:000000000003038d .LASF6211
     /tmp/ccal6mT6.s:95617  .debug_str:0000000000020989 .LASF6212
     /tmp/ccal6mT6.s:94905  .debug_str:000000000001d73b .LASF6213
     /tmp/ccal6mT6.s:89659  .debug_str:000000000000856c .LASF6214
     /tmp/ccal6mT6.s:101973  .debug_str:000000000003a402 .LASF6215
     /tmp/ccal6mT6.s:94493  .debug_str:000000000001bb0b .LASF6216
     /tmp/ccal6mT6.s:89985  .debug_str:0000000000009b7f .LASF6217
     /tmp/ccal6mT6.s:103831  .debug_str:000000000004216e .LASF6218
     /tmp/ccal6mT6.s:105275  .debug_str:0000000000047ffa .LASF6219
     /tmp/ccal6mT6.s:101355  .debug_str:0000000000037b1e .LASF6220
     /tmp/ccal6mT6.s:95015  .debug_str:000000000001de2f .LASF6221
     /tmp/ccal6mT6.s:89079  .debug_str:0000000000005efc .LASF6222
     /tmp/ccal6mT6.s:100329  .debug_str:0000000000033cf0 .LASF6223
     /tmp/ccal6mT6.s:98343  .debug_str:000000000002b758 .LASF6224
     /tmp/ccal6mT6.s:95235  .debug_str:000000000001ee69 .LASF6225
     /tmp/ccal6mT6.s:87709  .debug_str:0000000000000105 .LASF6226
     /tmp/ccal6mT6.s:92695  .debug_str:0000000000014675 .LASF6227
     /tmp/ccal6mT6.s:96075  .debug_str:00000000000227d1 .LASF6228
     /tmp/ccal6mT6.s:89569  .debug_str:0000000000007f3e .LASF6229
     /tmp/ccal6mT6.s:104379  .debug_str:000000000004438a .LASF6230
     /tmp/ccal6mT6.s:88879  .debug_str:0000000000005147 .LASF6231
     /tmp/ccal6mT6.s:103427  .debug_str:0000000000040653 .LASF6232
     /tmp/ccal6mT6.s:96949  .debug_str:0000000000025cd8 .LASF6233
     /tmp/ccal6mT6.s:102551  .debug_str:000000000003cc0a .LASF6234
     /tmp/ccal6mT6.s:95139  .debug_str:000000000001e7c0 .LASF6235
     /tmp/ccal6mT6.s:90189  .debug_str:000000000000a912 .LASF6236
     /tmp/ccal6mT6.s:99503  .debug_str:0000000000030441 .LASF6237
     /tmp/ccal6mT6.s:93001  .debug_str:00000000000159e3 .LASF6238
     /tmp/ccal6mT6.s:106195  .debug_str:000000000004c1c4 .LASF6239
     /tmp/ccal6mT6.s:101027  .debug_str:00000000000369a6 .LASF6240
     /tmp/ccal6mT6.s:96861  .debug_str:00000000000256ae .LASF6241
     /tmp/ccal6mT6.s:97971  .debug_str:0000000000029ff7 .LASF6242
     /tmp/ccal6mT6.s:100635  .debug_str:000000000003518e .LASF6243
     /tmp/ccal6mT6.s:100801  .debug_str:0000000000035c6c .LASF6244
     /tmp/ccal6mT6.s:97993  .debug_str:000000000002a165 .LASF6245
     /tmp/ccal6mT6.s:100651  .debug_str:000000000003524e .LASF6246
     /tmp/ccal6mT6.s:88973  .debug_str:0000000000005860 .LASF6247
     /tmp/ccal6mT6.s:97309  .debug_str:00000000000274db .LASF6248
     /tmp/ccal6mT6.s:95089  .debug_str:000000000001e40b .LASF6249
     /tmp/ccal6mT6.s:91081  .debug_str:000000000000e302 .LASF6250
     /tmp/ccal6mT6.s:90427  .debug_str:000000000000ba53 .LASF6251
     /tmp/ccal6mT6.s:90461  .debug_str:000000000000bc57 .LASF6252
     /tmp/ccal6mT6.s:97989  .debug_str:000000000002a11e .LASF6253
     /tmp/ccal6mT6.s:95907  .debug_str:0000000000021c6c .LASF6254
     /tmp/ccal6mT6.s:99677  .debug_str:00000000000310ac .LASF6255
     /tmp/ccal6mT6.s:93661  .debug_str:000000000001858f .LASF6256
     /tmp/ccal6mT6.s:105775  .debug_str:000000000004a39b .LASF6257
     /tmp/ccal6mT6.s:104177  .debug_str:00000000000436f1 .LASF6258
     /tmp/ccal6mT6.s:104701  .debug_str:000000000004599e .LASF6259
     /tmp/ccal6mT6.s:93671  .debug_str:0000000000018693 .LASF6260
     /tmp/ccal6mT6.s:99007  .debug_str:000000000002e3c7 .LASF6261
     /tmp/ccal6mT6.s:90169  .debug_str:000000000000a7e3 .LASF6262
     /tmp/ccal6mT6.s:98405  .debug_str:000000000002bade .LASF6263
     /tmp/ccal6mT6.s:92551  .debug_str:0000000000013e09 .LASF6264
     /tmp/ccal6mT6.s:92613  .debug_str:00000000000140e7 .LASF6265
     /tmp/ccal6mT6.s:102299  .debug_str:000000000003ba5f .LASF6266
     /tmp/ccal6mT6.s:97813  .debug_str:0000000000029516 .LASF6267
     /tmp/ccal6mT6.s:97631  .debug_str:0000000000028a18 .LASF6268
     /tmp/ccal6mT6.s:89623  .debug_str:0000000000008305 .LASF6269
     /tmp/ccal6mT6.s:96441  .debug_str:0000000000023ed7 .LASF6270
     /tmp/ccal6mT6.s:90757  .debug_str:000000000000d004 .LASF6271
     /tmp/ccal6mT6.s:95753  .debug_str:0000000000021222 .LASF6272
     /tmp/ccal6mT6.s:95127  .debug_str:000000000001e6b9 .LASF6273
     /tmp/ccal6mT6.s:101455  .debug_str:0000000000038124 .LASF6274
     /tmp/ccal6mT6.s:101453  .debug_str:0000000000038114 .LASF6275
     /tmp/ccal6mT6.s:99713  .debug_str:0000000000031355 .LASF6276
     /tmp/ccal6mT6.s:90305  .debug_str:000000000000b1de .LASF6277
     /tmp/ccal6mT6.s:104321  .debug_str:0000000000044017 .LASF6278
     /tmp/ccal6mT6.s:90205  .debug_str:000000000000aa5f .LASF6279
     /tmp/ccal6mT6.s:95585  .debug_str:000000000002070d .LASF6280
     /tmp/ccal6mT6.s:93615  .debug_str:00000000000182a8 .LASF6281
     /tmp/ccal6mT6.s:95755  .debug_str:000000000002122b .LASF6282
     /tmp/ccal6mT6.s:100687  .debug_str:00000000000354b2 .LASF6283
     /tmp/ccal6mT6.s:104515  .debug_str:0000000000044ce1 .LASF6284
     /tmp/ccal6mT6.s:98881  .debug_str:000000000002db6a .LASF6285
     /tmp/ccal6mT6.s:102747  .debug_str:000000000003d816 .LASF6286
     /tmp/ccal6mT6.s:97073  .debug_str:00000000000264ff .LASF6287
     /tmp/ccal6mT6.s:106265  .debug_str:000000000004c69c .LASF6288
     /tmp/ccal6mT6.s:95757  .debug_str:0000000000021234 .LASF6289
     /tmp/ccal6mT6.s:102081  .debug_str:000000000003ab9f .LASF6290
     /tmp/ccal6mT6.s:102749  .debug_str:000000000003d824 .LASF6291
     /tmp/ccal6mT6.s:100267  .debug_str:00000000000338c4 .LASF6292
     /tmp/ccal6mT6.s:104949  .debug_str:0000000000046a12 .LASF6293
     /tmp/ccal6mT6.s:101887  .debug_str:0000000000039dc4 .LASF6294
     /tmp/ccal6mT6.s:97223  .debug_str:0000000000026e86 .LASF6295
     /tmp/ccal6mT6.s:97211  .debug_str:0000000000026dc1 .LASF6296
     /tmp/ccal6mT6.s:104653  .debug_str:000000000004568d .LASF6297
     /tmp/ccal6mT6.s:96389  .debug_str:0000000000023ba4 .LASF6298
     /tmp/ccal6mT6.s:90823  .debug_str:000000000000d3ef .LASF6299
     /tmp/ccal6mT6.s:95759  .debug_str:000000000002123d .LASF6300
     /tmp/ccal6mT6.s:96053  .debug_str:0000000000022655 .LASF6301
     /tmp/ccal6mT6.s:96087  .debug_str:00000000000228a2 .LASF6302
     /tmp/ccal6mT6.s:90495  .debug_str:000000000000be78 .LASF6303
     /tmp/ccal6mT6.s:104165  .debug_str:000000000004365b .LASF6304
     /tmp/ccal6mT6.s:99105  .debug_str:000000000002eaab .LASF6305
     /tmp/ccal6mT6.s:88271  .debug_str:00000000000027cc .LASF6306
     /tmp/ccal6mT6.s:89179  .debug_str:00000000000065c4 .LASF6307
     /tmp/ccal6mT6.s:88517  .debug_str:0000000000003898 .LASF6308
     /tmp/ccal6mT6.s:91487  .debug_str:000000000000f99b .LASF6309
     /tmp/ccal6mT6.s:89067  .debug_str:0000000000005e23 .LASF6310
     /tmp/ccal6mT6.s:97851  .debug_str:0000000000029823 .LASF6311
     /tmp/ccal6mT6.s:102487  .debug_str:000000000003c7a5 .LASF6312
     /tmp/ccal6mT6.s:90825  .debug_str:000000000000d3f9 .LASF6313
     /tmp/ccal6mT6.s:95761  .debug_str:0000000000021246 .LASF6314
     /tmp/ccal6mT6.s:89963  .debug_str:0000000000009a15 .LASF6315
     /tmp/ccal6mT6.s:103473  .debug_str:0000000000040868 .LASF6316
     /tmp/ccal6mT6.s:103449  .debug_str:000000000004075d .LASF6317
     /tmp/ccal6mT6.s:105207  .debug_str:0000000000047b9e .LASF6318
     /tmp/ccal6mT6.s:105191  .debug_str:0000000000047aaf .LASF6319
     /tmp/ccal6mT6.s:90827  .debug_str:000000000000d403 .LASF6320
     /tmp/ccal6mT6.s:95763  .debug_str:000000000002124f .LASF6321
     /tmp/ccal6mT6.s:102943  .debug_str:000000000003e475 .LASF6322
     /tmp/ccal6mT6.s:89375  .debug_str:0000000000007355 .LASF6323
     /tmp/ccal6mT6.s:106509  .debug_str:000000000004d6cc .LASF6324
     /tmp/ccal6mT6.s:90829  .debug_str:000000000000d40d .LASF6325
     /tmp/ccal6mT6.s:95765  .debug_str:0000000000021258 .LASF6326
     /tmp/ccal6mT6.s:93631  .debug_str:00000000000183de .LASF6327
     /tmp/ccal6mT6.s:88787  .debug_str:0000000000004b5f .LASF6328
     /tmp/ccal6mT6.s:104837  .debug_str:0000000000046246 .LASF6329
     /tmp/ccal6mT6.s:96693  .debug_str:0000000000024b5c .LASF6330
     /tmp/ccal6mT6.s:103905  .debug_str:0000000000042627 .LASF6331
     /tmp/ccal6mT6.s:90133  .debug_str:000000000000a554 .LASF6332
     /tmp/ccal6mT6.s:93751  .debug_str:0000000000018c15 .LASF6333
     /tmp/ccal6mT6.s:92369  .debug_str:00000000000132e8 .LASF6334
     /tmp/ccal6mT6.s:88441  .debug_str:0000000000003352 .LASF6335
     /tmp/ccal6mT6.s:99445  .debug_str:00000000000300dc .LASF6336
     /tmp/ccal6mT6.s:102263  .debug_str:000000000003b7e0 .LASF6337
     /tmp/ccal6mT6.s:89245  .debug_str:0000000000006aa1 .LASF6338
     /tmp/ccal6mT6.s:88679  .debug_str:00000000000043b9 .LASF6339
     /tmp/ccal6mT6.s:100139  .debug_str:000000000003305c .LASF6340
     /tmp/ccal6mT6.s:105535  .debug_str:00000000000492e4 .LASF6341
     /tmp/ccal6mT6.s:95353  .debug_str:000000000001f7d3 .LASF6342
     /tmp/ccal6mT6.s:97337  .debug_str:0000000000027697 .LASF6343
     /tmp/ccal6mT6.s:94479  .debug_str:000000000001ba49 .LASF6344
     /tmp/ccal6mT6.s:97363  .debug_str:0000000000027880 .LASF6345
     /tmp/ccal6mT6.s:91815  .debug_str:0000000000010d4e .LASF6346
     /tmp/ccal6mT6.s:97611  .debug_str:00000000000288d3 .LASF6347
     /tmp/ccal6mT6.s:95871  .debug_str:00000000000219c3 .LASF6348
     /tmp/ccal6mT6.s:87813  .debug_str:0000000000000824 .LASF6349
     /tmp/ccal6mT6.s:105731  .debug_str:000000000004a016 .LASF6350
     /tmp/ccal6mT6.s:94759  .debug_str:000000000001ccce .LASF6351
     /tmp/ccal6mT6.s:103303  .debug_str:000000000003fdd4 .LASF6352
     /tmp/ccal6mT6.s:105429  .debug_str:0000000000048b20 .LASF6353
     /tmp/ccal6mT6.s:89417  .debug_str:00000000000075e1 .LASF6354
     /tmp/ccal6mT6.s:101641  .debug_str:0000000000038ded .LASF6355
     /tmp/ccal6mT6.s:96957  .debug_str:0000000000025d5a .LASF6356
     /tmp/ccal6mT6.s:103987  .debug_str:0000000000042b82 .LASF6357
     /tmp/ccal6mT6.s:97575  .debug_str:0000000000028625 .LASF6358
     /tmp/ccal6mT6.s:103579  .debug_str:0000000000040ffa .LASF6359
     /tmp/ccal6mT6.s:102423  .debug_str:000000000003c391 .LASF6360
     /tmp/ccal6mT6.s:94265  .debug_str:000000000001ad05 .LASF6361
     /tmp/ccal6mT6.s:96959  .debug_str:0000000000025d63 .LASF6362
     /tmp/ccal6mT6.s:104783  .debug_str:0000000000045ef2 .LASF6363
     /tmp/ccal6mT6.s:93885  .debug_str:00000000000194ca .LASF6364
     /tmp/ccal6mT6.s:100537  .debug_str:0000000000034ae2 .LASF6365
     /tmp/ccal6mT6.s:95931  .debug_str:0000000000021dda .LASF6366
     /tmp/ccal6mT6.s:101019  .debug_str:0000000000036905 .LASF6367
     /tmp/ccal6mT6.s:94945  .debug_str:000000000001d9b7 .LASF6368
     /tmp/ccal6mT6.s:99571  .debug_str:00000000000308f5 .LASF6369
     /tmp/ccal6mT6.s:96961  .debug_str:0000000000025d6c .LASF6370
     /tmp/ccal6mT6.s:95389  .debug_str:000000000001f9e8 .LASF6371
     /tmp/ccal6mT6.s:90927  .debug_str:000000000000da49 .LASF6372
     /tmp/ccal6mT6.s:105561  .debug_str:00000000000494ab .LASF6373
     /tmp/ccal6mT6.s:98799  .debug_str:000000000002d59e .LASF6374
     /tmp/ccal6mT6.s:96963  .debug_str:0000000000025d75 .LASF6375
     /tmp/ccal6mT6.s:88385  .debug_str:0000000000002ffd .LASF6376
     /tmp/ccal6mT6.s:90323  .debug_str:000000000000b32c .LASF6377
     /tmp/ccal6mT6.s:97625  .debug_str:00000000000289bc .LASF6378
     /tmp/ccal6mT6.s:93791  .debug_str:0000000000018ed1 .LASF6379
     /tmp/ccal6mT6.s:101539  .debug_str:00000000000386ab .LASF6380
     /tmp/ccal6mT6.s:101817  .debug_str:00000000000399dc .LASF6381
     /tmp/ccal6mT6.s:92509  .debug_str:0000000000013b21 .LASF6382
     /tmp/ccal6mT6.s:95059  .debug_str:000000000001e1e5 .LASF6383
     /tmp/ccal6mT6.s:97667  .debug_str:0000000000028c94 .LASF6384
     /tmp/ccal6mT6.s:96967  .debug_str:0000000000025d98 .LASF6385
     /tmp/ccal6mT6.s:89311  .debug_str:0000000000006f2f .LASF6386
     /tmp/ccal6mT6.s:106151  .debug_str:000000000004bf00 .LASF6387
     /tmp/ccal6mT6.s:98609  .debug_str:000000000002c879 .LASF6388
     /tmp/ccal6mT6.s:99251  .debug_str:000000000002f4cb .LASF6389
     /tmp/ccal6mT6.s:100639  .debug_str:00000000000351cc .LASF6390
     /tmp/ccal6mT6.s:95467  .debug_str:000000000001fe95 .LASF6391
     /tmp/ccal6mT6.s:93175  .debug_str:00000000000165fb .LASF6392
     /tmp/ccal6mT6.s:92971  .debug_str:0000000000015844 .LASF6393
     /tmp/ccal6mT6.s:103417  .debug_str:00000000000405b9 .LASF6394
     /tmp/ccal6mT6.s:89771  .debug_str:0000000000008cb8 .LASF6395
     /tmp/ccal6mT6.s:100663  .debug_str:00000000000352ed .LASF6396
     /tmp/ccal6mT6.s:102603  .debug_str:000000000003ce9b .LASF6397
     /tmp/ccal6mT6.s:103363  .debug_str:00000000000401fa .LASF6398
     /tmp/ccal6mT6.s:95437  .debug_str:000000000001fca0 .LASF6399
     /tmp/ccal6mT6.s:105443  .debug_str:0000000000048c55 .LASF6400
     /tmp/ccal6mT6.s:97121  .debug_str:000000000002684f .LASF6401
     /tmp/ccal6mT6.s:90633  .debug_str:000000000000c7d2 .LASF6402
     /tmp/ccal6mT6.s:98409  .debug_str:000000000002bafb .LASF6403
     /tmp/ccal6mT6.s:90171  .debug_str:000000000000a810 .LASF6404
     /tmp/ccal6mT6.s:104781  .debug_str:0000000000045ecf .LASF6405
     /tmp/ccal6mT6.s:90727  .debug_str:000000000000ce08 .LASF6406
     /tmp/ccal6mT6.s:99835  .debug_str:0000000000031b99 .LASF6407
     /tmp/ccal6mT6.s:100207  .debug_str:000000000003347d .LASF6408
     /tmp/ccal6mT6.s:96865  .debug_str:00000000000256f1 .LASF6409
     /tmp/ccal6mT6.s:96529  .debug_str:0000000000024356 .LASF6410
     /tmp/ccal6mT6.s:98413  .debug_str:000000000002bb3f .LASF6411
     /tmp/ccal6mT6.s:87911  .debug_str:0000000000000e88 .LASF6412
     /tmp/ccal6mT6.s:89785  .debug_str:0000000000008e33 .LASF6413
     /tmp/ccal6mT6.s:103043  .debug_str:000000000003eb52 .LASF6414
     /tmp/ccal6mT6.s:102205  .debug_str:000000000003b410 .LASF6415
     /tmp/ccal6mT6.s:102569  .debug_str:000000000003cd50 .LASF6416
     /tmp/ccal6mT6.s:104163  .debug_str:0000000000043638 .LASF6417
     /tmp/ccal6mT6.s:103179  .debug_str:000000000003f5a3 .LASF6418
     /tmp/ccal6mT6.s:105387  .debug_str:0000000000048815 .LASF6419
     /tmp/ccal6mT6.s:99387  .debug_str:000000000002fccd .LASF6420
     /tmp/ccal6mT6.s:101933  .debug_str:000000000003a151 .LASF6421
     /tmp/ccal6mT6.s:89389  .debug_str:000000000000741d .LASF6422
     /tmp/ccal6mT6.s:94715  .debug_str:000000000001c9b2 .LASF6423
     /tmp/ccal6mT6.s:89791  .debug_str:0000000000008e7b .LASF6424
     /tmp/ccal6mT6.s:93701  .debug_str:00000000000188c2 .LASF6425
     /tmp/ccal6mT6.s:87863  .debug_str:0000000000000b2a .LASF6426
     /tmp/ccal6mT6.s:103257  .debug_str:000000000003fa72 .LASF6427
     /tmp/ccal6mT6.s:95241  .debug_str:000000000001eeea .LASF6428
     /tmp/ccal6mT6.s:104131  .debug_str:000000000004346e .LASF6429
     /tmp/ccal6mT6.s:106255  .debug_str:000000000004c5de .LASF6430
     /tmp/ccal6mT6.s:92001  .debug_str:0000000000011adb .LASF6431
     /tmp/ccal6mT6.s:99531  .debug_str:000000000003061b .LASF6432
     /tmp/ccal6mT6.s:90567  .debug_str:000000000000c3bd .LASF6433
     /tmp/ccal6mT6.s:100991  .debug_str:000000000003684c .LASF6434
     /tmp/ccal6mT6.s:94687  .debug_str:000000000001c780 .LASF6435
     /tmp/ccal6mT6.s:98167  .debug_str:000000000002ac38 .LASF6436
     /tmp/ccal6mT6.s:103789  .debug_str:0000000000041e3f .LASF6437
     /tmp/ccal6mT6.s:89919  .debug_str:0000000000009791 .LASF6438
     /tmp/ccal6mT6.s:98169  .debug_str:000000000002ac48 .LASF6439
     /tmp/ccal6mT6.s:87793  .debug_str:00000000000006c1 .LASF6440
     /tmp/ccal6mT6.s:104269  .debug_str:0000000000043d47 .LASF6441
     /tmp/ccal6mT6.s:94495  .debug_str:000000000001bb1d .LASF6442
     /tmp/ccal6mT6.s:91587  .debug_str:000000000000ff9d .LASF6443
     /tmp/ccal6mT6.s:104693  .debug_str:0000000000045915 .LASF6444
     /tmp/ccal6mT6.s:99407  .debug_str:000000000002fe78 .LASF6445
     /tmp/ccal6mT6.s:94563  .debug_str:000000000001bf39 .LASF6446
     /tmp/ccal6mT6.s:100129  .debug_str:0000000000032f47 .LASF6447
     /tmp/ccal6mT6.s:94413  .debug_str:000000000001b5a3 .LASF6448
     /tmp/ccal6mT6.s:93929  .debug_str:0000000000019804 .LASF6449
     /tmp/ccal6mT6.s:97171  .debug_str:0000000000026ba3 .LASF6450
     /tmp/ccal6mT6.s:101069  .debug_str:0000000000036c5d .LASF6451
     /tmp/ccal6mT6.s:96715  .debug_str:0000000000024cde .LASF6452
     /tmp/ccal6mT6.s:90073  .debug_str:000000000000a194 .LASF6453
     /tmp/ccal6mT6.s:99921  .debug_str:00000000000321e1 .LASF6454
     /tmp/ccal6mT6.s:93433  .debug_str:00000000000177ee .LASF6455
     /tmp/ccal6mT6.s:106099  .debug_str:000000000004bbb5 .LASF6456
     /tmp/ccal6mT6.s:99923  .debug_str:00000000000321ed .LASF6457
     /tmp/ccal6mT6.s:102583  .debug_str:000000000003ce11 .LASF6458
     /tmp/ccal6mT6.s:100223  .debug_str:0000000000033594 .LASF6459
     /tmp/ccal6mT6.s:99925  .debug_str:00000000000321f9 .LASF6460
     /tmp/ccal6mT6.s:102585  .debug_str:000000000003ce17 .LASF6461
     /tmp/ccal6mT6.s:96169  .debug_str:0000000000022de7 .LASF6462
     /tmp/ccal6mT6.s:98011  .debug_str:000000000002a26e .LASF6463
     /tmp/ccal6mT6.s:94065  .debug_str:000000000001a0e4 .LASF6464
     /tmp/ccal6mT6.s:102343  .debug_str:000000000003bd7f .LASF6465
     /tmp/ccal6mT6.s:98013  .debug_str:000000000002a278 .LASF6466
     /tmp/ccal6mT6.s:102589  .debug_str:000000000003ce29 .LASF6467
     /tmp/ccal6mT6.s:89525  .debug_str:0000000000007c21 .LASF6468
     /tmp/ccal6mT6.s:104863  .debug_str:00000000000463bc .LASF6469
     /tmp/ccal6mT6.s:102591  .debug_str:000000000003ce2f .LASF6470
     /tmp/ccal6mT6.s:95179  .debug_str:000000000001e9ea .LASF6471
     /tmp/ccal6mT6.s:98017  .debug_str:000000000002a297 .LASF6472
     /tmp/ccal6mT6.s:93451  .debug_str:00000000000178ce .LASF6473
     /tmp/ccal6mT6.s:95841  .debug_str:00000000000217ac .LASF6474
     /tmp/ccal6mT6.s:105877  .debug_str:000000000004a9f3 .LASF6475
     /tmp/ccal6mT6.s:102595  .debug_str:000000000003ce3c .LASF6476
     /tmp/ccal6mT6.s:102127  .debug_str:000000000003ae54 .LASF6477
     /tmp/ccal6mT6.s:102877  .debug_str:000000000003e03d .LASF6478
     /tmp/ccal6mT6.s:102597  .debug_str:000000000003ce42 .LASF6479
     /tmp/ccal6mT6.s:94635  .debug_str:000000000001c3e0 .LASF6480
     /tmp/ccal6mT6.s:88249  .debug_str:000000000000260f .LASF6481
     /tmp/ccal6mT6.s:92561  .debug_str:0000000000013e9b .LASF6482
     /tmp/ccal6mT6.s:91871  .debug_str:0000000000011152 .LASF6483
     /tmp/ccal6mT6.s:88251  .debug_str:000000000000261a .LASF6484
     /tmp/ccal6mT6.s:93501  .debug_str:0000000000017c23 .LASF6485
     /tmp/ccal6mT6.s:104779  .debug_str:0000000000045eae .LASF6486
     /tmp/ccal6mT6.s:102405  .debug_str:000000000003c25e .LASF6487
     /tmp/ccal6mT6.s:91577  .debug_str:000000000000fee3 .LASF6488
     /tmp/ccal6mT6.s:103793  .debug_str:0000000000041e7c .LASF6489
     /tmp/ccal6mT6.s:102407  .debug_str:000000000003c267 .LASF6490
     /tmp/ccal6mT6.s:93505  .debug_str:0000000000017c31 .LASF6491
     /tmp/ccal6mT6.s:92827  .debug_str:0000000000014f6e .LASF6492
     /tmp/ccal6mT6.s:102409  .debug_str:000000000003c270 .LASF6493
     /tmp/ccal6mT6.s:93507  .debug_str:0000000000017c38 .LASF6494
     /tmp/ccal6mT6.s:105677  .debug_str:0000000000049c58 .LASF6495
     /tmp/ccal6mT6.s:102411  .debug_str:000000000003c279 .LASF6496
     /tmp/ccal6mT6.s:92575  .debug_str:0000000000013f44 .LASF6497
     /tmp/ccal6mT6.s:99817  .debug_str:0000000000031a93 .LASF6498
     /tmp/ccal6mT6.s:102215  .debug_str:000000000003b4d1 .LASF6499
     /tmp/ccal6mT6.s:92579  .debug_str:0000000000013f74 .LASF6500
     /tmp/ccal6mT6.s:93759  .debug_str:0000000000018c82 .LASF6501
     /tmp/ccal6mT6.s:102991  .debug_str:000000000003e76e .LASF6502
     /tmp/ccal6mT6.s:100765  .debug_str:00000000000359f9 .LASF6503
     /tmp/ccal6mT6.s:89875  .debug_str:0000000000009436 .LASF6504
     /tmp/ccal6mT6.s:93421  .debug_str:0000000000017701 .LASF6505
     /tmp/ccal6mT6.s:100767  .debug_str:00000000000359ff .LASF6506
     /tmp/ccal6mT6.s:102843  .debug_str:000000000003de48 .LASF6507
     /tmp/ccal6mT6.s:91089  .debug_str:000000000000e39f .LASF6508
     /tmp/ccal6mT6.s:100769  .debug_str:0000000000035a05 .LASF6509
     /tmp/ccal6mT6.s:96917  .debug_str:0000000000025ac9 .LASF6510
     /tmp/ccal6mT6.s:99899  .debug_str:0000000000032006 .LASF6511
     /tmp/ccal6mT6.s:100827  .debug_str:0000000000035e4d .LASF6512
     /tmp/ccal6mT6.s:100733  .debug_str:000000000003580e .LASF6513
     /tmp/ccal6mT6.s:88145  .debug_str:0000000000001e9f .LASF6514
     /tmp/ccal6mT6.s:100829  .debug_str:0000000000035e53 .LASF6515
     /tmp/ccal6mT6.s:102859  .debug_str:000000000003df32 .LASF6516
     /tmp/ccal6mT6.s:103241  .debug_str:000000000003f9a4 .LASF6517
     /tmp/ccal6mT6.s:100831  .debug_str:0000000000035e59 .LASF6518
     /tmp/ccal6mT6.s:96935  .debug_str:0000000000025c1b .LASF6519
     /tmp/ccal6mT6.s:95435  .debug_str:000000000001fc92 .LASF6520
     /tmp/ccal6mT6.s:100833  .debug_str:0000000000035e5f .LASF6521
     /tmp/ccal6mT6.s:90807  .debug_str:000000000000d340 .LASF6522
     /tmp/ccal6mT6.s:95439  .debug_str:000000000001fcc3 .LASF6523
     /tmp/ccal6mT6.s:100835  .debug_str:0000000000035e65 .LASF6524
     /tmp/ccal6mT6.s:103813  .debug_str:0000000000042018 .LASF6525
     /tmp/ccal6mT6.s:98553  .debug_str:000000000002c4a7 .LASF6526
     /tmp/ccal6mT6.s:100837  .debug_str:0000000000035e6b .LASF6527
     /tmp/ccal6mT6.s:97933  .debug_str:0000000000029d65 .LASF6528
     /tmp/ccal6mT6.s:105857  .debug_str:000000000004a8b7 .LASF6529
     /tmp/ccal6mT6.s:100839  .debug_str:0000000000035e71 .LASF6530
     /tmp/ccal6mT6.s:91847  .debug_str:0000000000010fa5 .LASF6531
     /tmp/ccal6mT6.s:99439  .debug_str:00000000000300a4 .LASF6532
     /tmp/ccal6mT6.s:100841  .debug_str:0000000000035e77 .LASF6533
     /tmp/ccal6mT6.s:105989  .debug_str:000000000004b3e3 .LASF6534
     /tmp/ccal6mT6.s:99865  .debug_str:0000000000031db3 .LASF6535
     /tmp/ccal6mT6.s:97887  .debug_str:00000000000299ec .LASF6536
     /tmp/ccal6mT6.s:98875  .debug_str:000000000002db03 .LASF6537
     /tmp/ccal6mT6.s:93183  .debug_str:000000000001663d .LASF6538
     /tmp/ccal6mT6.s:100845  .debug_str:0000000000035e9e .LASF6539
     /tmp/ccal6mT6.s:92807  .debug_str:0000000000014e2b .LASF6540
     /tmp/ccal6mT6.s:99831  .debug_str:0000000000031b62 .LASF6541
     /tmp/ccal6mT6.s:100917  .debug_str:00000000000363ce .LASF6542
     /tmp/ccal6mT6.s:104775  .debug_str:0000000000045e85 .LASF6543
     /tmp/ccal6mT6.s:100655  .debug_str:000000000003526c .LASF6544
     /tmp/ccal6mT6.s:100919  .debug_str:00000000000363d4 .LASF6545
     /tmp/ccal6mT6.s:98891  .debug_str:000000000002dc28 .LASF6546
     /tmp/ccal6mT6.s:88527  .debug_str:0000000000003939 .LASF6547
     /tmp/ccal6mT6.s:100921  .debug_str:00000000000363da .LASF6548
     /tmp/ccal6mT6.s:92825  .debug_str:0000000000014f4e .LASF6549
     /tmp/ccal6mT6.s:91629  .debug_str:000000000001018f .LASF6550
     /tmp/ccal6mT6.s:100923  .debug_str:00000000000363e0 .LASF6551
     /tmp/ccal6mT6.s:105673  .debug_str:0000000000049c22 .LASF6552
     /tmp/ccal6mT6.s:91631  .debug_str:0000000000010199 .LASF6553
     /tmp/ccal6mT6.s:100925  .debug_str:00000000000363e6 .LASF6554
     /tmp/ccal6mT6.s:88547  .debug_str:0000000000003a67 .LASF6555
     /tmp/ccal6mT6.s:97267  .debug_str:00000000000271cd .LASF6556
     /tmp/ccal6mT6.s:98045  .debug_str:000000000002a425 .LASF6557
     /tmp/ccal6mT6.s:90775  .debug_str:000000000000d113 .LASF6558
     /tmp/ccal6mT6.s:106051  .debug_str:000000000004b827 .LASF6559
     /tmp/ccal6mT6.s:100929  .debug_str:00000000000363fb .LASF6560
     /tmp/ccal6mT6.s:87801  .debug_str:0000000000000748 .LASF6561
     /tmp/ccal6mT6.s:106055  .debug_str:000000000004b860 .LASF6562
     /tmp/ccal6mT6.s:100931  .debug_str:0000000000036401 .LASF6563
     /tmp/ccal6mT6.s:100747  .debug_str:00000000000358fe .LASF6564
     /tmp/ccal6mT6.s:91419  .debug_str:000000000000f642 .LASF6565
     /tmp/ccal6mT6.s:100933  .debug_str:0000000000036407 .LASF6566
     /tmp/ccal6mT6.s:94739  .debug_str:000000000001cb68 .LASF6567
     /tmp/ccal6mT6.s:106445  .debug_str:000000000004d29a .LASF6568
     /tmp/ccal6mT6.s:100935  .debug_str:000000000003640d .LASF6569
     /tmp/ccal6mT6.s:88701  .debug_str:0000000000004513 .LASF6570
     /tmp/ccal6mT6.s:99841  .debug_str:0000000000031bef .LASF6571
     /tmp/ccal6mT6.s:100995  .debug_str:000000000003688f .LASF6572
     /tmp/ccal6mT6.s:100773  .debug_str:0000000000035a35 .LASF6573
     /tmp/ccal6mT6.s:97013  .debug_str:000000000002609f .LASF6574
     /tmp/ccal6mT6.s:100997  .debug_str:0000000000036895 .LASF6575
     /tmp/ccal6mT6.s:94761  .debug_str:000000000001ccde .LASF6576
     /tmp/ccal6mT6.s:88571  .debug_str:0000000000003c14 .LASF6577
     /tmp/ccal6mT6.s:100999  .debug_str:000000000003689b .LASF6578
     /tmp/ccal6mT6.s:88717  .debug_str:0000000000004699 .LASF6579
     /tmp/ccal6mT6.s:92851  .debug_str:0000000000015180 .LASF6580
     /tmp/ccal6mT6.s:101001  .debug_str:00000000000368a1 .LASF6581
     /tmp/ccal6mT6.s:101777  .debug_str:00000000000396b8 .LASF6582
     /tmp/ccal6mT6.s:92853  .debug_str:000000000001518c .LASF6583
     /tmp/ccal6mT6.s:101003  .debug_str:00000000000368a7 .LASF6584
     /tmp/ccal6mT6.s:95741  .debug_str:0000000000021150 .LASF6585
     /tmp/ccal6mT6.s:93067  .debug_str:0000000000015ed1 .LASF6586
     /tmp/ccal6mT6.s:101005  .debug_str:00000000000368ad .LASF6587
     /tmp/ccal6mT6.s:89639  .debug_str:0000000000008428 .LASF6588
     /tmp/ccal6mT6.s:88395  .debug_str:000000000000308a .LASF6589
     /tmp/ccal6mT6.s:101007  .debug_str:00000000000368b3 .LASF6590
     /tmp/ccal6mT6.s:102605  .debug_str:000000000003cea6 .LASF6591
     /tmp/ccal6mT6.s:88399  .debug_str:00000000000030d6 .LASF6592
     /tmp/ccal6mT6.s:101009  .debug_str:00000000000368b9 .LASF6593
     /tmp/ccal6mT6.s:96675  .debug_str:00000000000249f6 .LASF6594
     /tmp/ccal6mT6.s:96785  .debug_str:0000000000025171 .LASF6595
     /tmp/ccal6mT6.s:101011  .debug_str:00000000000368bf .LASF6596
     /tmp/ccal6mT6.s:90571  .debug_str:000000000000c3fc .LASF6597
     /tmp/ccal6mT6.s:96283  .debug_str:00000000000235e9 .LASF6598
     /tmp/ccal6mT6.s:101013  .debug_str:00000000000368c5 .LASF6599
     /tmp/ccal6mT6.s:103553  .debug_str:0000000000040e0a .LASF6600
     /tmp/ccal6mT6.s:106117  .debug_str:000000000004bd14 .LASF6601
     /tmp/ccal6mT6.s:101075  .debug_str:0000000000036cc0 .LASF6602
     /tmp/ccal6mT6.s:96699  .debug_str:0000000000024be1 .LASF6603
     /tmp/ccal6mT6.s:95895  .debug_str:0000000000021ba8 .LASF6604
     /tmp/ccal6mT6.s:98337  .debug_str:000000000002b71b .LASF6605
     /tmp/ccal6mT6.s:90593  .debug_str:000000000000c588 .LASF6606
     /tmp/ccal6mT6.s:101749  .debug_str:00000000000394a1 .LASF6607
     /tmp/ccal6mT6.s:101079  .debug_str:0000000000036cd1 .LASF6608
     /tmp/ccal6mT6.s:103577  .debug_str:0000000000040fda .LASF6609
     /tmp/ccal6mT6.s:92237  .debug_str:0000000000012aec .LASF6610
     /tmp/ccal6mT6.s:101081  .debug_str:0000000000036cd7 .LASF6611
     /tmp/ccal6mT6.s:97665  .debug_str:0000000000028c74 .LASF6612
     /tmp/ccal6mT6.s:92933  .debug_str:00000000000155f1 .LASF6613
     /tmp/ccal6mT6.s:101083  .debug_str:0000000000036cdd .LASF6614
     /tmp/ccal6mT6.s:91561  .debug_str:000000000000fe15 .LASF6615
     /tmp/ccal6mT6.s:92937  .debug_str:000000000001560e .LASF6616
     /tmp/ccal6mT6.s:101085  .debug_str:0000000000036ce3 .LASF6617
     /tmp/ccal6mT6.s:104503  .debug_str:0000000000044be2 .LASF6618
     /tmp/ccal6mT6.s:102607  .debug_str:000000000003cec6 .LASF6619
     /tmp/ccal6mT6.s:101087  .debug_str:0000000000036ce9 .LASF6620
     /tmp/ccal6mT6.s:98643  .debug_str:000000000002caa9 .LASF6621
     /tmp/ccal6mT6.s:87875  .debug_str:0000000000000bf4 .LASF6622
     /tmp/ccal6mT6.s:101089  .debug_str:0000000000036cef .LASF6623
     /tmp/ccal6mT6.s:92547  .debug_str:0000000000013db2 .LASF6624
     /tmp/ccal6mT6.s:88473  .debug_str:0000000000003531 .LASF6625
     /tmp/ccal6mT6.s:101091  .debug_str:0000000000036cf5 .LASF6626
     /tmp/ccal6mT6.s:105407  .debug_str:000000000004898c .LASF6627
     /tmp/ccal6mT6.s:99749  .debug_str:0000000000031592 .LASF6628
     /tmp/ccal6mT6.s:98355  .debug_str:000000000002b83d .LASF6629
     /tmp/ccal6mT6.s:99557  .debug_str:00000000000307be .LASF6630
     /tmp/ccal6mT6.s:98033  .debug_str:000000000002a35f .LASF6631
     /tmp/ccal6mT6.s:101175  .debug_str:0000000000037226 .LASF6632
     /tmp/ccal6mT6.s:92739  .debug_str:000000000001495c .LASF6633
     /tmp/ccal6mT6.s:98035  .debug_str:000000000002a36d .LASF6634
     /tmp/ccal6mT6.s:101177  .debug_str:000000000003722c .LASF6635
     /tmp/ccal6mT6.s:105597  .debug_str:0000000000049719 .LASF6636
     /tmp/ccal6mT6.s:91747  .debug_str:0000000000010994 .LASF6637
     /tmp/ccal6mT6.s:101179  .debug_str:0000000000037232 .LASF6638
     /tmp/ccal6mT6.s:99741  .debug_str:000000000003153b .LASF6639
     /tmp/ccal6mT6.s:93441  .debug_str:0000000000017848 .LASF6640
     /tmp/ccal6mT6.s:101181  .debug_str:0000000000037238 .LASF6641
     /tmp/ccal6mT6.s:93673  .debug_str:00000000000186a3 .LASF6642
     /tmp/ccal6mT6.s:93445  .debug_str:0000000000017890 .LASF6643
     /tmp/ccal6mT6.s:101183  .debug_str:000000000003723e .LASF6644
     /tmp/ccal6mT6.s:87717  .debug_str:000000000000019e .LASF6645
     /tmp/ccal6mT6.s:92999  .debug_str:00000000000159cf .LASF6646
     /tmp/ccal6mT6.s:101185  .debug_str:0000000000037244 .LASF6647
     /tmp/ccal6mT6.s:103231  .debug_str:000000000003f8fd .LASF6648
     /tmp/ccal6mT6.s:91407  .debug_str:000000000000f5a4 .LASF6649
     /tmp/ccal6mT6.s:101187  .debug_str:000000000003724a .LASF6650
     /tmp/ccal6mT6.s:94673  .debug_str:000000000001c695 .LASF6651
     /tmp/ccal6mT6.s:99027  .debug_str:000000000002e54e .LASF6652
     /tmp/ccal6mT6.s:101189  .debug_str:0000000000037250 .LASF6653
     /tmp/ccal6mT6.s:88625  .debug_str:0000000000004021 .LASF6654
     /tmp/ccal6mT6.s:104425  .debug_str:0000000000044727 .LASF6655
     /tmp/ccal6mT6.s:101191  .debug_str:0000000000037256 .LASF6656
     /tmp/ccal6mT6.s:101695  .debug_str:0000000000039140 .LASF6657
     /tmp/ccal6mT6.s:105843  .debug_str:000000000004a7f3 .LASF6658
     /tmp/ccal6mT6.s:101193  .debug_str:000000000003725c .LASF6659
     /tmp/ccal6mT6.s:95653  .debug_str:0000000000020c06 .LASF6660
     /tmp/ccal6mT6.s:95813  .debug_str:0000000000021588 .LASF6661
     /tmp/ccal6mT6.s:101253  .debug_str:0000000000037690 .LASF6662
     /tmp/ccal6mT6.s:88647  .debug_str:0000000000004212 .LASF6663
     /tmp/ccal6mT6.s:97859  .debug_str:000000000002986e .LASF6664
     /tmp/ccal6mT6.s:101255  .debug_str:0000000000037696 .LASF6665
     /tmp/ccal6mT6.s:101713  .debug_str:0000000000039218 .LASF6666
     /tmp/ccal6mT6.s:102187  .debug_str:000000000003b2fc .LASF6667
     /tmp/ccal6mT6.s:101257  .debug_str:000000000003769c .LASF6668
     /tmp/ccal6mT6.s:95667  .debug_str:0000000000020ce0 .LASF6669
     /tmp/ccal6mT6.s:102191  .debug_str:000000000003b322 .LASF6670
     /tmp/ccal6mT6.s:101259  .debug_str:00000000000376a2 .LASF6671
     /tmp/ccal6mT6.s:89567  .debug_str:0000000000007f1e .LASF6672
     /tmp/ccal6mT6.s:100177  .debug_str:000000000003327c .LASF6673
     /tmp/ccal6mT6.s:101261  .debug_str:00000000000376a8 .LASF6674
     /tmp/ccal6mT6.s:102525  .debug_str:000000000003ca19 .LASF6675
     /tmp/ccal6mT6.s:94097  .debug_str:000000000001a2e2 .LASF6676
     /tmp/ccal6mT6.s:101263  .debug_str:00000000000376ae .LASF6677
     /tmp/ccal6mT6.s:96579  .debug_str:0000000000024532 .LASF6678
     /tmp/ccal6mT6.s:94101  .debug_str:000000000001a30f .LASF6679
     /tmp/ccal6mT6.s:101265  .debug_str:00000000000376b4 .LASF6680
     /tmp/ccal6mT6.s:90487  .debug_str:000000000000be24 .LASF6681
     /tmp/ccal6mT6.s:94081  .debug_str:000000000001a1de .LASF6682
     /tmp/ccal6mT6.s:101267  .debug_str:00000000000376ba .LASF6683
     /tmp/ccal6mT6.s:103459  .debug_str:00000000000407b1 .LASF6684
     /tmp/ccal6mT6.s:88227  .debug_str:0000000000002436 .LASF6685
     /tmp/ccal6mT6.s:101269  .debug_str:00000000000376c0 .LASF6686
     /tmp/ccal6mT6.s:97571  .debug_str:00000000000285ea .LASF6687
     /tmp/ccal6mT6.s:104481  .debug_str:0000000000044ad6 .LASF6688
     /tmp/ccal6mT6.s:101271  .debug_str:00000000000376c6 .LASF6689
     /tmp/ccal6mT6.s:99365  .debug_str:000000000002fb80 .LASF6690
     /tmp/ccal6mT6.s:102853  .debug_str:000000000003dede .LASF6691
     /tmp/ccal6mT6.s:101333  .debug_str:0000000000037ac9 .LASF6692
     /tmp/ccal6mT6.s:103493  .debug_str:0000000000040998 .LASF6693
     /tmp/ccal6mT6.s:106317  .debug_str:000000000004c925 .LASF6694
     /tmp/ccal6mT6.s:101335  .debug_str:0000000000037acf .LASF6695
     /tmp/ccal6mT6.s:97591  .debug_str:000000000002875d .LASF6696
     /tmp/ccal6mT6.s:102651  .debug_str:000000000003d1dc .LASF6697
     /tmp/ccal6mT6.s:101337  .debug_str:0000000000037ad5 .LASF6698
     /tmp/ccal6mT6.s:91483  .debug_str:000000000000f95d .LASF6699
     /tmp/ccal6mT6.s:88995  .debug_str:00000000000059a0 .LASF6700
     /tmp/ccal6mT6.s:101339  .debug_str:0000000000037adb .LASF6701
     /tmp/ccal6mT6.s:104431  .debug_str:0000000000044776 .LASF6702
     /tmp/ccal6mT6.s:97743  .debug_str:0000000000029117 .LASF6703
     /tmp/ccal6mT6.s:101341  .debug_str:0000000000037ae1 .LASF6704
     /tmp/ccal6mT6.s:98565  .debug_str:000000000002c563 .LASF6705
     /tmp/ccal6mT6.s:101221  .debug_str:0000000000037481 .LASF6706
     /tmp/ccal6mT6.s:101343  .debug_str:0000000000037ae7 .LASF6707
     /tmp/ccal6mT6.s:92471  .debug_str:000000000001393a .LASF6708
     /tmp/ccal6mT6.s:96941  .debug_str:0000000000025c7c .LASF6709
     /tmp/ccal6mT6.s:101345  .debug_str:0000000000037aed .LASF6710
     /tmp/ccal6mT6.s:105327  .debug_str:000000000004834a .LASF6711
     /tmp/ccal6mT6.s:93177  .debug_str:0000000000016610 .LASF6712
     /tmp/ccal6mT6.s:101347  .debug_str:0000000000037af3 .LASF6713
     /tmp/ccal6mT6.s:99473  .debug_str:000000000003029f .LASF6714
     /tmp/ccal6mT6.s:93181  .debug_str:0000000000016631 .LASF6715
     /tmp/ccal6mT6.s:101349  .debug_str:0000000000037af9 .LASF6716
     /tmp/ccal6mT6.s:93417  .debug_str:00000000000176c6 .LASF6717
     /tmp/ccal6mT6.s:96991  .debug_str:0000000000025ec2 .LASF6718
     /tmp/ccal6mT6.s:101351  .debug_str:0000000000037aff .LASF6719
     /tmp/ccal6mT6.s:106301  .debug_str:000000000004c853 .LASF6720
     /tmp/ccal6mT6.s:97291  .debug_str:0000000000027394 .LASF6721
     /tmp/ccal6mT6.s:101419  .debug_str:0000000000037f77 .LASF6722
     /tmp/ccal6mT6.s:99495  .debug_str:00000000000303c6 .LASF6723
     /tmp/ccal6mT6.s:100241  .debug_str:000000000003370c .LASF6724
     /tmp/ccal6mT6.s:101421  .debug_str:0000000000037f7d .LASF6725
     /tmp/ccal6mT6.s:93435  .debug_str:00000000000177f4 .LASF6726
     /tmp/ccal6mT6.s:99555  .debug_str:00000000000307b0 .LASF6727
     /tmp/ccal6mT6.s:98953  .debug_str:000000000002e069 .LASF6728
     /tmp/ccal6mT6.s:93847  .debug_str:0000000000019287 .LASF6729
     /tmp/ccal6mT6.s:102767  .debug_str:000000000003d9a2 .LASF6730
     /tmp/ccal6mT6.s:101425  .debug_str:0000000000037fa0 .LASF6731
     /tmp/ccal6mT6.s:100421  .debug_str:00000000000343a7 .LASF6732
     /tmp/ccal6mT6.s:88463  .debug_str:0000000000003498 .LASF6733
     /tmp/ccal6mT6.s:98959  .debug_str:000000000002e0c2 .LASF6734
     /tmp/ccal6mT6.s:94433  .debug_str:000000000001b6db .LASF6735
     /tmp/ccal6mT6.s:94013  .debug_str:0000000000019df7 .LASF6736
     /tmp/ccal6mT6.s:101429  .debug_str:0000000000037fc4 .LASF6737
     /tmp/ccal6mT6.s:88425  .debug_str:00000000000032a1 .LASF6738
     /tmp/ccal6mT6.s:92289  .debug_str:0000000000012dac .LASF6739
     /tmp/ccal6mT6.s:101431  .debug_str:0000000000037fca .LASF6740
     /tmp/ccal6mT6.s:99687  .debug_str:0000000000031185 .LASF6741
     /tmp/ccal6mT6.s:102281  .debug_str:000000000003b90b .LASF6742
     /tmp/ccal6mT6.s:101433  .debug_str:0000000000037fd0 .LASF6743
     /tmp/ccal6mT6.s:95417  .debug_str:000000000001fb73 .LASF6744
     /tmp/ccal6mT6.s:88383  .debug_str:0000000000002ff2 .LASF6745
     /tmp/ccal6mT6.s:101435  .debug_str:0000000000037fd6 .LASF6746
     /tmp/ccal6mT6.s:89315  .debug_str:0000000000006f52 .LASF6747
     /tmp/ccal6mT6.s:96233  .debug_str:00000000000232d9 .LASF6748
     /tmp/ccal6mT6.s:101437  .debug_str:0000000000037fdc .LASF6749
     /tmp/ccal6mT6.s:102303  .debug_str:000000000003ba98 .LASF6750
     /tmp/ccal6mT6.s:101127  .debug_str:0000000000036f8a .LASF6751
     /tmp/ccal6mT6.s:91035  .debug_str:000000000000e0ab .LASF6752
     /tmp/ccal6mT6.s:89283  .debug_str:0000000000006d1c .LASF6753
     /tmp/ccal6mT6.s:101131  .debug_str:0000000000036fd1 .LASF6754
     /tmp/ccal6mT6.s:92267  .debug_str:0000000000012cb8 .LASF6755
     /tmp/ccal6mT6.s:102279  .debug_str:000000000003b8ea .LASF6756
     /tmp/ccal6mT6.s:93855  .debug_str:0000000000019334 .LASF6757
     /tmp/ccal6mT6.s:92271  .debug_str:0000000000012cde .LASF6758
     /tmp/ccal6mT6.s:94145  .debug_str:000000000001a557 .LASF6759
     /tmp/ccal6mT6.s:96617  .debug_str:00000000000247f0 .LASF6760
     /tmp/ccal6mT6.s:92275  .debug_str:0000000000012ced .LASF6761
     /tmp/ccal6mT6.s:90193  .debug_str:000000000000a967 .LASF6762
     /tmp/ccal6mT6.s:96619  .debug_str:00000000000247ff .LASF6763
     /tmp/ccal6mT6.s:91043  .debug_str:000000000000e124 .LASF6764
     /tmp/ccal6mT6.s:103159  .debug_str:000000000003f3fe .LASF6765
     /tmp/ccal6mT6.s:95669  .debug_str:0000000000020d00 .LASF6766
     /tmp/ccal6mT6.s:91045  .debug_str:000000000000e12b .LASF6767
     /tmp/ccal6mT6.s:97253  .debug_str:00000000000270a4 .LASF6768
     /tmp/ccal6mT6.s:93481  .debug_str:0000000000017aed .LASF6769
     /tmp/ccal6mT6.s:91047  .debug_str:000000000000e132 .LASF6770
     /tmp/ccal6mT6.s:91139  .debug_str:000000000000e520 .LASF6771
     /tmp/ccal6mT6.s:90331  .debug_str:000000000000b3e4 .LASF6772
     /tmp/ccal6mT6.s:91049  .debug_str:000000000000e139 .LASF6773
     /tmp/ccal6mT6.s:104147  .debug_str:000000000004356c .LASF6774
     /tmp/ccal6mT6.s:96839  .debug_str:0000000000025581 .LASF6775
     /tmp/ccal6mT6.s:91051  .debug_str:000000000000e140 .LASF6776
     /tmp/ccal6mT6.s:98235  .debug_str:000000000002b0d9 .LASF6777
     /tmp/ccal6mT6.s:96841  .debug_str:0000000000025592 .LASF6778
     /tmp/ccal6mT6.s:91053  .debug_str:000000000000e147 .LASF6779
     /tmp/ccal6mT6.s:92159  .debug_str:000000000001251a .LASF6780
     /tmp/ccal6mT6.s:103535  .debug_str:0000000000040ca7 .LASF6781
     /tmp/ccal6mT6.s:91107  .debug_str:000000000000e43a .LASF6782
     /tmp/ccal6mT6.s:104169  .debug_str:0000000000043682 .LASF6783
     /tmp/ccal6mT6.s:92307  .debug_str:0000000000012f06 .LASF6784
     /tmp/ccal6mT6.s:91109  .debug_str:000000000000e441 .LASF6785
     /tmp/ccal6mT6.s:98251  .debug_str:000000000002b1bb .LASF6786
     /tmp/ccal6mT6.s:92309  .debug_str:0000000000012f17 .LASF6787
     /tmp/ccal6mT6.s:91111  .debug_str:000000000000e448 .LASF6788
     /tmp/ccal6mT6.s:92173  .debug_str:0000000000012603 .LASF6789
     /tmp/ccal6mT6.s:89377  .debug_str:0000000000007365 .LASF6790
     /tmp/ccal6mT6.s:92427  .debug_str:0000000000013654 .LASF6791
     /tmp/ccal6mT6.s:105049  .debug_str:000000000004716d .LASF6792
     /tmp/ccal6mT6.s:99371  .debug_str:000000000002fbbf .LASF6793
     /tmp/ccal6mT6.s:91115  .debug_str:000000000000e473 .LASF6794
     /tmp/ccal6mT6.s:99187  .debug_str:000000000002f095 .LASF6795
     /tmp/ccal6mT6.s:99377  .debug_str:000000000002fc08 .LASF6796
     /tmp/ccal6mT6.s:91117  .debug_str:000000000000e47a .LASF6797
     /tmp/ccal6mT6.s:93109  .debug_str:00000000000161a8 .LASF6798
     /tmp/ccal6mT6.s:89939  .debug_str:0000000000009896 .LASF6799
     /tmp/ccal6mT6.s:91119  .debug_str:000000000000e481 .LASF6800
     /tmp/ccal6mT6.s:88641  .debug_str:00000000000041bc .LASF6801
     /tmp/ccal6mT6.s:87773  .debug_str:000000000000058c .LASF6802
     /tmp/ccal6mT6.s:91121  .debug_str:000000000000e488 .LASF6803
     /tmp/ccal6mT6.s:100119  .debug_str:0000000000032e8a .LASF6804
     /tmp/ccal6mT6.s:89479  .debug_str:000000000000797b .LASF6805
     /tmp/ccal6mT6.s:91123  .debug_str:000000000000e48f .LASF6806
     /tmp/ccal6mT6.s:94077  .debug_str:000000000001a1b2 .LASF6807
     /tmp/ccal6mT6.s:99419  .debug_str:000000000002ff39 .LASF6808
     /tmp/ccal6mT6.s:91125  .debug_str:000000000000e496 .LASF6809
     /tmp/ccal6mT6.s:88081  .debug_str:0000000000001a74 .LASF6810
     /tmp/ccal6mT6.s:95299  .debug_str:000000000001f2d3 .LASF6811
     /tmp/ccal6mT6.s:91203  .debug_str:000000000000e9a8 .LASF6812
     /tmp/ccal6mT6.s:105497  .debug_str:0000000000048ffb .LASF6813
     /tmp/ccal6mT6.s:99513  .debug_str:00000000000304ce .LASF6814
     /tmp/ccal6mT6.s:91205  .debug_str:000000000000e9af .LASF6815
     /tmp/ccal6mT6.s:94099  .debug_str:000000000001a2ee .LASF6816
     /tmp/ccal6mT6.s:92581  .debug_str:0000000000013f7b .LASF6817
     /tmp/ccal6mT6.s:91207  .debug_str:000000000000e9b6 .LASF6818
     /tmp/ccal6mT6.s:88099  .debug_str:0000000000001ba1 .LASF6819
     /tmp/ccal6mT6.s:95019  .debug_str:000000000001de86 .LASF6820
     /tmp/ccal6mT6.s:91209  .debug_str:000000000000e9bd .LASF6821
     /tmp/ccal6mT6.s:105107  .debug_str:000000000004754b .LASF6822
     /tmp/ccal6mT6.s:95021  .debug_str:000000000001de95 .LASF6823
     /tmp/ccal6mT6.s:91211  .debug_str:000000000000e9c4 .LASF6824
     /tmp/ccal6mT6.s:95085  .debug_str:000000000001e3bc .LASF6825
     /tmp/ccal6mT6.s:88639  .debug_str:00000000000041af .LASF6826
     /tmp/ccal6mT6.s:91213  .debug_str:000000000000e9cb .LASF6827
     /tmp/ccal6mT6.s:89027  .debug_str:0000000000005b6c .LASF6828
     /tmp/ccal6mT6.s:103515  .debug_str:0000000000040b27 .LASF6829
     /tmp/ccal6mT6.s:93913  .debug_str:00000000000196f6 .LASF6830
     /tmp/ccal6mT6.s:102043  .debug_str:000000000003a8e5 .LASF6831
     /tmp/ccal6mT6.s:88109  .debug_str:0000000000001c47 .LASF6832
     /tmp/ccal6mT6.s:91217  .debug_str:000000000000e9fa .LASF6833
     /tmp/ccal6mT6.s:88027  .debug_str:0000000000001649 .LASF6834
     /tmp/ccal6mT6.s:106405  .debug_str:000000000004cfce .LASF6835
     /tmp/ccal6mT6.s:91219  .debug_str:000000000000ea01 .LASF6836
     /tmp/ccal6mT6.s:106295  .debug_str:000000000004c80c .LASF6837
     /tmp/ccal6mT6.s:102531  .debug_str:000000000003ca89 .LASF6838
     /tmp/ccal6mT6.s:91221  .debug_str:000000000000ea08 .LASF6839
     /tmp/ccal6mT6.s:102901  .debug_str:000000000003e1c8 .LASF6840
     /tmp/ccal6mT6.s:94663  .debug_str:000000000001c5d1 .LASF6841
     /tmp/ccal6mT6.s:92731  .debug_str:000000000001490f .LASF6842
     /tmp/ccal6mT6.s:102719  .debug_str:000000000003d66b .LASF6843
     /tmp/ccal6mT6.s:94839  .debug_str:000000000001d28b .LASF6844
     /tmp/ccal6mT6.s:91279  .debug_str:000000000000ed85 .LASF6845
     /tmp/ccal6mT6.s:89911  .debug_str:0000000000009719 .LASF6846
     /tmp/ccal6mT6.s:103239  .debug_str:000000000003f996 .LASF6847
     /tmp/ccal6mT6.s:91281  .debug_str:000000000000ed8c .LASF6848
     /tmp/ccal6mT6.s:102925  .debug_str:000000000003e34d .LASF6849
     /tmp/ccal6mT6.s:92323  .debug_str:0000000000012fc7 .LASF6850
     /tmp/ccal6mT6.s:91283  .debug_str:000000000000ed93 .LASF6851
     /tmp/ccal6mT6.s:97019  .debug_str:00000000000260f1 .LASF6852
     /tmp/ccal6mT6.s:100221  .debug_str:000000000003358b .LASF6853
     /tmp/ccal6mT6.s:91285  .debug_str:000000000000ed9a .LASF6854
     /tmp/ccal6mT6.s:90873  .debug_str:000000000000d6f4 .LASF6855
     /tmp/ccal6mT6.s:89219  .debug_str:00000000000068a8 .LASF6856
     /tmp/ccal6mT6.s:91287  .debug_str:000000000000eda1 .LASF6857
     /tmp/ccal6mT6.s:103869  .debug_str:0000000000042378 .LASF6858
     /tmp/ccal6mT6.s:92713  .debug_str:00000000000147da .LASF6859
     /tmp/ccal6mT6.s:92755  .debug_str:0000000000014a8e .LASF6860
     /tmp/ccal6mT6.s:97991  .debug_str:000000000002a144 .LASF6861
     /tmp/ccal6mT6.s:100763  .debug_str:00000000000359ed .LASF6862
     /tmp/ccal6mT6.s:91291  .debug_str:000000000000edd6 .LASF6863
     /tmp/ccal6mT6.s:89159  .debug_str:000000000000641b .LASF6864
     /tmp/ccal6mT6.s:101135  .debug_str:0000000000037009 .LASF6865
     /tmp/ccal6mT6.s:91293  .debug_str:000000000000eddd .LASF6866
     /tmp/ccal6mT6.s:104813  .debug_str:00000000000460d7 .LASF6867
     /tmp/ccal6mT6.s:99011  .debug_str:000000000002e3f0 .LASF6868
     /tmp/ccal6mT6.s:92763  .debug_str:0000000000014b24 .LASF6869
     /tmp/ccal6mT6.s:101623  .debug_str:0000000000038c74 .LASF6870
     /tmp/ccal6mT6.s:95457  .debug_str:000000000001fdbe .LASF6871
     /tmp/ccal6mT6.s:91363  .debug_str:000000000000f345 .LASF6872
     /tmp/ccal6mT6.s:99975  .debug_str:000000000003252a .LASF6873
     /tmp/ccal6mT6.s:92483  .debug_str:00000000000139c7 .LASF6874
     /tmp/ccal6mT6.s:91365  .debug_str:000000000000f34c .LASF6875
     /tmp/ccal6mT6.s:104831  .debug_str:00000000000461ed .LASF6876
     /tmp/ccal6mT6.s:88993  .debug_str:0000000000005995 .LASF6877
     /tmp/ccal6mT6.s:91367  .debug_str:000000000000f353 .LASF6878
     /tmp/ccal6mT6.s:98961  .debug_str:000000000002e0c8 .LASF6879
     /tmp/ccal6mT6.s:92947  .debug_str:000000000001569d .LASF6880
     /tmp/ccal6mT6.s:91369  .debug_str:000000000000f35a .LASF6881
     /tmp/ccal6mT6.s:92871  .debug_str:0000000000015261 .LASF6882
     /tmp/ccal6mT6.s:92927  .debug_str:000000000001559d .LASF6883
     /tmp/ccal6mT6.s:91371  .debug_str:000000000000f361 .LASF6884
     /tmp/ccal6mT6.s:105739  .debug_str:000000000004a09e .LASF6885
     /tmp/ccal6mT6.s:91931  .debug_str:0000000000011599 .LASF6886
     /tmp/ccal6mT6.s:91373  .debug_str:000000000000f368 .LASF6887
     /tmp/ccal6mT6.s:92911  .debug_str:000000000001544a .LASF6888
     /tmp/ccal6mT6.s:94535  .debug_str:000000000001bdc7 .LASF6889
     /tmp/ccal6mT6.s:92897  .debug_str:00000000000153d8 .LASF6890
     /tmp/ccal6mT6.s:99171  .debug_str:000000000002ef4e .LASF6891
     /tmp/ccal6mT6.s:98311  .debug_str:000000000002b5b1 .LASF6892
     /tmp/ccal6mT6.s:92899  .debug_str:00000000000153df .LASF6893
     /tmp/ccal6mT6.s:87855  .debug_str:0000000000000aaf .LASF6894
     /tmp/ccal6mT6.s:100049  .debug_str:0000000000032a35 .LASF6895
     /tmp/ccal6mT6.s:92901  .debug_str:00000000000153e6 .LASF6896
     /tmp/ccal6mT6.s:100803  .debug_str:0000000000035c7a .LASF6897
     /tmp/ccal6mT6.s:88985  .debug_str:0000000000005928 .LASF6898
     /tmp/ccal6mT6.s:92903  .debug_str:00000000000153ed .LASF6899
     /tmp/ccal6mT6.s:94801  .debug_str:000000000001cfcd .LASF6900
     /tmp/ccal6mT6.s:103173  .debug_str:000000000003f52d .LASF6901
     /tmp/ccal6mT6.s:91449  .debug_str:000000000000f822 .LASF6902
     /tmp/ccal6mT6.s:87869  .debug_str:0000000000000b79 .LASF6903
     /tmp/ccal6mT6.s:93727  .debug_str:0000000000018a7e .LASF6904
     /tmp/ccal6mT6.s:91451  .debug_str:000000000000f829 .LASF6905
     /tmp/ccal6mT6.s:103237  .debug_str:000000000003f975 .LASF6906
     /tmp/ccal6mT6.s:104471  .debug_str:0000000000044a16 .LASF6907
     /tmp/ccal6mT6.s:91453  .debug_str:000000000000f830 .LASF6908
     /tmp/ccal6mT6.s:94823  .debug_str:000000000001d17c .LASF6909
     /tmp/ccal6mT6.s:90067  .debug_str:000000000000a11f .LASF6910
     /tmp/ccal6mT6.s:91455  .debug_str:000000000000f837 .LASF6911
     /tmp/ccal6mT6.s:104511  .debug_str:0000000000044c90 .LASF6912
     /tmp/ccal6mT6.s:98587  .debug_str:000000000002c6ca .LASF6913
     /tmp/ccal6mT6.s:91457  .debug_str:000000000000f83e .LASF6914
     /tmp/ccal6mT6.s:101827  .debug_str:0000000000039a26 .LASF6915
     /tmp/ccal6mT6.s:91865  .debug_str:00000000000110f0 .LASF6916
     /tmp/ccal6mT6.s:91459  .debug_str:000000000000f845 .LASF6917
     /tmp/ccal6mT6.s:95805  .debug_str:0000000000021509 .LASF6918
     /tmp/ccal6mT6.s:105337  .debug_str:000000000004840d .LASF6919
     /tmp/ccal6mT6.s:91461  .debug_str:000000000000f84c .LASF6920
     /tmp/ccal6mT6.s:89691  .debug_str:0000000000008768 .LASF6921
     /tmp/ccal6mT6.s:93919  .debug_str:0000000000019760 .LASF6922
     /tmp/ccal6mT6.s:91463  .debug_str:000000000000f853 .LASF6923
     /tmp/ccal6mT6.s:102673  .debug_str:000000000003d357 .LASF6924
     /tmp/ccal6mT6.s:106135  .debug_str:000000000004be06 .LASF6925
     /tmp/ccal6mT6.s:91465  .debug_str:000000000000f85a .LASF6926
     /tmp/ccal6mT6.s:96751  .debug_str:0000000000024f26 .LASF6927
     /tmp/ccal6mT6.s:88127  .debug_str:0000000000001d5a .LASF6928
     /tmp/ccal6mT6.s:91467  .debug_str:000000000000f861 .LASF6929
     /tmp/ccal6mT6.s:90629  .debug_str:000000000000c79b .LASF6930
     /tmp/ccal6mT6.s:89419  .debug_str:00000000000075f1 .LASF6931
     /tmp/ccal6mT6.s:91511  .debug_str:000000000000fb69 .LASF6932
     /tmp/ccal6mT6.s:102849  .debug_str:000000000003dea4 .LASF6933
     /tmp/ccal6mT6.s:98217  .debug_str:000000000002afdf .LASF6934
     /tmp/ccal6mT6.s:91513  .debug_str:000000000000fb70 .LASF6935
     /tmp/ccal6mT6.s:96923  .debug_str:0000000000025b1f .LASF6936
     /tmp/ccal6mT6.s:101807  .debug_str:000000000003993a .LASF6937
     /tmp/ccal6mT6.s:91515  .debug_str:000000000000fb77 .LASF6938
     /tmp/ccal6mT6.s:90791  .debug_str:000000000000d220 .LASF6939
     /tmp/ccal6mT6.s:102799  .debug_str:000000000003dba5 .LASF6940
     /tmp/ccal6mT6.s:94875  .debug_str:000000000001d538 .LASF6941
     /tmp/ccal6mT6.s:103795  .debug_str:0000000000041e9d .LASF6942
     /tmp/ccal6mT6.s:102565  .debug_str:000000000003cd24 .LASF6943
     /tmp/ccal6mT6.s:91519  .debug_str:000000000000fb9f .LASF6944
     /tmp/ccal6mT6.s:97915  .debug_str:0000000000029b68 .LASF6945
     /tmp/ccal6mT6.s:93039  .debug_str:0000000000015c8d .LASF6946
     /tmp/ccal6mT6.s:91521  .debug_str:000000000000fba6 .LASF6947
     /tmp/ccal6mT6.s:87907  .debug_str:0000000000000e45 .LASF6948
     /tmp/ccal6mT6.s:101709  .debug_str:00000000000391ef .LASF6949
     /tmp/ccal6mT6.s:91523  .debug_str:000000000000fbad .LASF6950
     /tmp/ccal6mT6.s:94069  .debug_str:000000000001a103 .LASF6951
     /tmp/ccal6mT6.s:99693  .debug_str:000000000003122a .LASF6952
     /tmp/ccal6mT6.s:91525  .debug_str:000000000000fbb4 .LASF6953
     /tmp/ccal6mT6.s:98861  .debug_str:000000000002d9a0 .LASF6954
     /tmp/ccal6mT6.s:98851  .debug_str:000000000002d8d6 .LASF6955
     /tmp/ccal6mT6.s:91527  .debug_str:000000000000fbbb .LASF6956
     /tmp/ccal6mT6.s:106349  .debug_str:000000000004cb80 .LASF6957
     /tmp/ccal6mT6.s:94545  .debug_str:000000000001be4f .LASF6958
     /tmp/ccal6mT6.s:91529  .debug_str:000000000000fbc2 .LASF6959
     /tmp/ccal6mT6.s:105639  .debug_str:000000000004999a .LASF6960
     /tmp/ccal6mT6.s:88047  .debug_str:00000000000017e9 .LASF6961
     /tmp/ccal6mT6.s:93337  .debug_str:0000000000017171 .LASF6962
     /tmp/ccal6mT6.s:98883  .debug_str:000000000002db74 .LASF6963
     /tmp/ccal6mT6.s:89941  .debug_str:00000000000098a2 .LASF6964
     /tmp/ccal6mT6.s:93341  .debug_str:00000000000171ac .LASF6965
     /tmp/ccal6mT6.s:92817  .debug_str:0000000000014ed0 .LASF6966
     /tmp/ccal6mT6.s:89945  .debug_str:00000000000098c4 .LASF6967
     /tmp/ccal6mT6.s:91599  .debug_str:000000000001002a .LASF6968
     /tmp/ccal6mT6.s:105665  .debug_str:0000000000049b72 .LASF6969
     /tmp/ccal6mT6.s:101297  .debug_str:0000000000037877 .LASF6970
     /tmp/ccal6mT6.s:91601  .debug_str:0000000000010031 .LASF6971
     /tmp/ccal6mT6.s:91597  .debug_str:0000000000010009 .LASF6972
     /tmp/ccal6mT6.s:101275  .debug_str:00000000000376ef .LASF6973
     /tmp/ccal6mT6.s:91603  .debug_str:0000000000010038 .LASF6974
     /tmp/ccal6mT6.s:93735  .debug_str:0000000000018ae8 .LASF6975
     /tmp/ccal6mT6.s:101279  .debug_str:0000000000037739 .LASF6976
     /tmp/ccal6mT6.s:91605  .debug_str:000000000001003f .LASF6977
     /tmp/ccal6mT6.s:87783  .debug_str:000000000000061d .LASF6978
     /tmp/ccal6mT6.s:101591  .debug_str:0000000000038a19 .LASF6979
     /tmp/ccal6mT6.s:91607  .debug_str:0000000000010046 .LASF6980
     /tmp/ccal6mT6.s:100731  .debug_str:00000000000357ed .LASF6981
     /tmp/ccal6mT6.s:96765  .debug_str:000000000002500b .LASF6982
     /tmp/ccal6mT6.s:91609  .debug_str:000000000001004d .LASF6983
     /tmp/ccal6mT6.s:94729  .debug_str:000000000001cad1 .LASF6984
     /tmp/ccal6mT6.s:96769  .debug_str:000000000002505a .LASF6985
     /tmp/ccal6mT6.s:91611  .debug_str:0000000000010054 .LASF6986
     /tmp/ccal6mT6.s:88687  .debug_str:000000000000443e .LASF6987
     /tmp/ccal6mT6.s:102553  .debug_str:000000000003cc34 .LASF6988
     /tmp/ccal6mT6.s:93359  .debug_str:00000000000172ac .LASF6989
     /tmp/ccal6mT6.s:90735  .debug_str:000000000000ce6f .LASF6990
     /tmp/ccal6mT6.s:94331  .debug_str:000000000001b0f9 .LASF6991
     /tmp/ccal6mT6.s:91685  .debug_str:00000000000105a8 .LASF6992
     /tmp/ccal6mT6.s:94741  .debug_str:000000000001cb88 .LASF6993
     /tmp/ccal6mT6.s:94335  .debug_str:000000000001b124 .LASF6994
     /tmp/ccal6mT6.s:93495  .debug_str:0000000000017bd4 .LASF6995
     /tmp/ccal6mT6.s:88703  .debug_str:0000000000004533 .LASF6996
     /tmp/ccal6mT6.s:101759  .debug_str:0000000000039558 .LASF6997
     /tmp/ccal6mT6.s:93499  .debug_str:0000000000017c1c .LASF6998
     /tmp/ccal6mT6.s:101763  .debug_str:0000000000039593 .LASF6999
     /tmp/ccal6mT6.s:89751  .debug_str:0000000000008bd6 .LASF7000
     /tmp/ccal6mT6.s:93503  .debug_str:0000000000017c2a .LASF7001
     /tmp/ccal6mT6.s:95723  .debug_str:0000000000020fc5 .LASF7002
     /tmp/ccal6mT6.s:89755  .debug_str:0000000000008c01 .LASF7003
     /tmp/ccal6mT6.s:91693  .debug_str:0000000000010617 .LASF7004
     /tmp/ccal6mT6.s:89625  .debug_str:0000000000008319 .LASF7005
     /tmp/ccal6mT6.s:92887  .debug_str:000000000001533d .LASF7006
     /tmp/ccal6mT6.s:91695  .debug_str:000000000001061e .LASF7007
     /tmp/ccal6mT6.s:102581  .debug_str:000000000003cdf0 .LASF7008
     /tmp/ccal6mT6.s:95259  .debug_str:000000000001f033 .LASF7009
     /tmp/ccal6mT6.s:91697  .debug_str:0000000000010625 .LASF7010
     /tmp/ccal6mT6.s:96659  .debug_str:0000000000024911 .LASF7011
     /tmp/ccal6mT6.s:95261  .debug_str:000000000001f041 .LASF7012
     /tmp/ccal6mT6.s:91699  .debug_str:000000000001062c .LASF7013
     /tmp/ccal6mT6.s:90553  .debug_str:000000000000c2b4 .LASF7014
     /tmp/ccal6mT6.s:98765  .debug_str:000000000002d393 .LASF7015
     /tmp/ccal6mT6.s:93519  .debug_str:0000000000017ca4 .LASF7016
     /tmp/ccal6mT6.s:103539  .debug_str:0000000000040ce2 .LASF7017
     /tmp/ccal6mT6.s:90647  .debug_str:000000000000c906 .LASF7018
     /tmp/ccal6mT6.s:91703  .debug_str:000000000001065d .LASF7019
     /tmp/ccal6mT6.s:97635  .debug_str:0000000000028a48 .LASF7020
     /tmp/ccal6mT6.s:90651  .debug_str:000000000000c949 .LASF7021
     /tmp/ccal6mT6.s:91777  .debug_str:0000000000010b94 .LASF7022
     /tmp/ccal6mT6.s:90581  .debug_str:000000000000c4ba .LASF7023
     /tmp/ccal6mT6.s:93993  .debug_str:0000000000019cac .LASF7024
     /tmp/ccal6mT6.s:91779  .debug_str:0000000000010b9b .LASF7025
     /tmp/ccal6mT6.s:103561  .debug_str:0000000000040eb3 .LASF7026
     /tmp/ccal6mT6.s:104817  .debug_str:000000000004610b .LASF7027
     /tmp/ccal6mT6.s:91781  .debug_str:0000000000010ba2 .LASF7028
     /tmp/ccal6mT6.s:97653  .debug_str:0000000000028b5a .LASF7029
     /tmp/ccal6mT6.s:104821  .debug_str:0000000000046138 .LASF7030
     /tmp/ccal6mT6.s:95619  .debug_str:0000000000020999 .LASF7031
     /tmp/ccal6mT6.s:104877  .debug_str:00000000000464a6 .LASF7032
     /tmp/ccal6mT6.s:93097  .debug_str:00000000000160b4 .LASF7033
     /tmp/ccal6mT6.s:91785  .debug_str:0000000000010bd3 .LASF7034
     /tmp/ccal6mT6.s:104493  .debug_str:0000000000044b42 .LASF7035
     /tmp/ccal6mT6.s:104631  .debug_str:00000000000454e5 .LASF7036
     /tmp/ccal6mT6.s:91787  .debug_str:0000000000010bda .LASF7037
     /tmp/ccal6mT6.s:98625  .debug_str:000000000002c995 .LASF7038
     /tmp/ccal6mT6.s:104635  .debug_str:0000000000045521 .LASF7039
     /tmp/ccal6mT6.s:91789  .debug_str:0000000000010be1 .LASF7040
     /tmp/ccal6mT6.s:92527  .debug_str:0000000000013c69 .LASF7041
     /tmp/ccal6mT6.s:102949  .debug_str:000000000003e4b5 .LASF7042
     /tmp/ccal6mT6.s:91791  .debug_str:0000000000010be8 .LASF7043
     /tmp/ccal6mT6.s:91721  .debug_str:0000000000010781 .LASF7044
     /tmp/ccal6mT6.s:97791  .debug_str:00000000000293ee .LASF7045
     /tmp/ccal6mT6.s:91793  .debug_str:0000000000010bef .LASF7046
     /tmp/ccal6mT6.s:99537  .debug_str:0000000000030676 .LASF7047
     /tmp/ccal6mT6.s:101163  .debug_str:000000000003718d .LASF7048
     /tmp/ccal6mT6.s:91795  .debug_str:0000000000010bf6 .LASF7049
     /tmp/ccal6mT6.s:93477  .debug_str:0000000000017a94 .LASF7050
     /tmp/ccal6mT6.s:100947  .debug_str:000000000003652b .LASF7051
     /tmp/ccal6mT6.s:96285  .debug_str:00000000000235f6 .LASF7052
     /tmp/ccal6mT6.s:101173  .debug_str:0000000000037205 .LASF7053
     /tmp/ccal6mT6.s:100951  .debug_str:0000000000036562 .LASF7054
     /tmp/ccal6mT6.s:96287  .debug_str:00000000000235fd .LASF7055
     /tmp/ccal6mT6.s:95159  .debug_str:000000000001e8ad .LASF7056
     /tmp/ccal6mT6.s:101205  .debug_str:0000000000037333 .LASF7057
     /tmp/ccal6mT6.s:96289  .debug_str:0000000000023604 .LASF7058
     /tmp/ccal6mT6.s:89093  .debug_str:0000000000005fa3 .LASF7059
     /tmp/ccal6mT6.s:96427  .debug_str:0000000000023e1a .LASF7060
     /tmp/ccal6mT6.s:96291  .debug_str:000000000002360b .LASF7061
     /tmp/ccal6mT6.s:102111  .debug_str:000000000003ad86 .LASF7062
     /tmp/ccal6mT6.s:96431  .debug_str:0000000000023e39 .LASF7063
     /tmp/ccal6mT6.s:96293  .debug_str:0000000000023612 .LASF7064
     /tmp/ccal6mT6.s:96089  .debug_str:00000000000228ae .LASF7065
     /tmp/ccal6mT6.s:92987  .debug_str:000000000001596c .LASF7066
     /tmp/ccal6mT6.s:96295  .debug_str:0000000000023619 .LASF7067
     /tmp/ccal6mT6.s:106365  .debug_str:000000000004cccc .LASF7068
     /tmp/ccal6mT6.s:94885  .debug_str:000000000001d5c7 .LASF7069
     /tmp/ccal6mT6.s:96297  .debug_str:0000000000023620 .LASF7070
     /tmp/ccal6mT6.s:105767  .debug_str:000000000004a300 .LASF7071
     /tmp/ccal6mT6.s:101171  .debug_str:00000000000371f5 .LASF7072
     /tmp/ccal6mT6.s:96299  .debug_str:0000000000023627 .LASF7073
     /tmp/ccal6mT6.s:97061  .debug_str:000000000002643c .LASF7074
     /tmp/ccal6mT6.s:104735  .debug_str:0000000000045bca .LASF7075
     /tmp/ccal6mT6.s:96301  .debug_str:000000000002362e .LASF7076
     /tmp/ccal6mT6.s:90923  .debug_str:000000000000d9f4 .LASF7077
     /tmp/ccal6mT6.s:102229  .debug_str:000000000003b5a7 .LASF7078
     /tmp/ccal6mT6.s:96303  .debug_str:0000000000023635 .LASF7079
     /tmp/ccal6mT6.s:103923  .debug_str:0000000000042788 .LASF7080
     /tmp/ccal6mT6.s:89515  .debug_str:0000000000007ba3 .LASF7081
     /tmp/ccal6mT6.s:96359  .debug_str:0000000000023a5d .LASF7082
     /tmp/ccal6mT6.s:97083  .debug_str:0000000000026598 .LASF7083
     /tmp/ccal6mT6.s:89517  .debug_str:0000000000007bb2 .LASF7084
     /tmp/ccal6mT6.s:96361  .debug_str:0000000000023a64 .LASF7085
     /tmp/ccal6mT6.s:90951  .debug_str:000000000000dbdb .LASF7086
     /tmp/ccal6mT6.s:89761  .debug_str:0000000000008c39 .LASF7087
     /tmp/ccal6mT6.s:96363  .debug_str:0000000000023a6b .LASF7088
     /tmp/ccal6mT6.s:103949  .debug_str:00000000000428ef .LASF7089
     /tmp/ccal6mT6.s:104007  .debug_str:0000000000042cbc .LASF7090
     /tmp/ccal6mT6.s:96365  .debug_str:0000000000023a72 .LASF7091
     /tmp/ccal6mT6.s:98069  .debug_str:000000000002a5f0 .LASF7092
     /tmp/ccal6mT6.s:104011  .debug_str:0000000000042cd5 .LASF7093
     /tmp/ccal6mT6.s:102779  .debug_str:000000000003da8c .LASF7094
     /tmp/ccal6mT6.s:91993  .debug_str:0000000000011a29 .LASF7095
     /tmp/ccal6mT6.s:93675  .debug_str:00000000000186c3 .LASF7096
     /tmp/ccal6mT6.s:96369  .debug_str:0000000000023ab8 .LASF7097
     /tmp/ccal6mT6.s:104875  .debug_str:0000000000046485 .LASF7098
     /tmp/ccal6mT6.s:90003  .debug_str:0000000000009cb6 .LASF7099
     /tmp/ccal6mT6.s:96371  .debug_str:0000000000023abf .LASF7100
     /tmp/ccal6mT6.s:99003  .debug_str:000000000002e36e .LASF7101
     /tmp/ccal6mT6.s:90007  .debug_str:0000000000009cca .LASF7102
     /tmp/ccal6mT6.s:96373  .debug_str:0000000000023ac6 .LASF7103
     /tmp/ccal6mT6.s:92915  .debug_str:00000000000154ae .LASF7104
     /tmp/ccal6mT6.s:102545  .debug_str:000000000003cbbe .LASF7105
     /tmp/ccal6mT6.s:96375  .debug_str:0000000000023acd .LASF7106
     /tmp/ccal6mT6.s:105789  .debug_str:000000000004a486 .LASF7107
     /tmp/ccal6mT6.s:100787  .debug_str:0000000000035b62 .LASF7108
     /tmp/ccal6mT6.s:96377  .debug_str:0000000000023ad4 .LASF7109
     /tmp/ccal6mT6.s:99931  .debug_str:0000000000032246 .LASF7110
     /tmp/ccal6mT6.s:96355  .debug_str:0000000000023a42 .LASF7111
     /tmp/ccal6mT6.s:96451  .debug_str:0000000000023f8d .LASF7112
     /tmp/ccal6mT6.s:90043  .debug_str:0000000000009f49 .LASF7113
     /tmp/ccal6mT6.s:104487  .debug_str:0000000000044b25 .LASF7114
     /tmp/ccal6mT6.s:96453  .debug_str:0000000000023f94 .LASF7115
     /tmp/ccal6mT6.s:96281  .debug_str:00000000000235c8 .LASF7116
     /tmp/ccal6mT6.s:104489  .debug_str:0000000000044b30 .LASF7117
     /tmp/ccal6mT6.s:102939  .debug_str:000000000003e446 .LASF7118
     /tmp/ccal6mT6.s:99957  .debug_str:00000000000323d5 .LASF7119
     /tmp/ccal6mT6.s:104801  .debug_str:0000000000045fe8 .LASF7120
     /tmp/ccal6mT6.s:96457  .debug_str:0000000000023fd0 .LASF7121
     /tmp/ccal6mT6.s:93887  .debug_str:00000000000194ee .LASF7122
     /tmp/ccal6mT6.s:88987  .debug_str:0000000000005937 .LASF7123
     /tmp/ccal6mT6.s:96459  .debug_str:0000000000023fd7 .LASF7124
     /tmp/ccal6mT6.s:87915  .debug_str:0000000000000ec6 .LASF7125
     /tmp/ccal6mT6.s:98733  .debug_str:000000000002d137 .LASF7126
     /tmp/ccal6mT6.s:96461  .debug_str:0000000000023fde .LASF7127
     /tmp/ccal6mT6.s:100879  .debug_str:00000000000360da .LASF7128
     /tmp/ccal6mT6.s:89579  .debug_str:0000000000007ffc .LASF7129
     /tmp/ccal6mT6.s:96463  .debug_str:0000000000023fe5 .LASF7130
     /tmp/ccal6mT6.s:94865  .debug_str:000000000001d4b0 .LASF7131
     /tmp/ccal6mT6.s:99855  .debug_str:0000000000031d0a .LASF7132
     /tmp/ccal6mT6.s:96465  .debug_str:0000000000023fec .LASF7133
     /tmp/ccal6mT6.s:88819  .debug_str:0000000000004d78 .LASF7134
     /tmp/ccal6mT6.s:98617  .debug_str:000000000002c925 .LASF7135
     /tmp/ccal6mT6.s:96467  .debug_str:0000000000023ff3 .LASF7136
     /tmp/ccal6mT6.s:101863  .debug_str:0000000000039c30 .LASF7137
     /tmp/ccal6mT6.s:98667  .debug_str:000000000002cc5b .LASF7138
     /tmp/ccal6mT6.s:96469  .debug_str:0000000000023ffa .LASF7139
     /tmp/ccal6mT6.s:95845  .debug_str:00000000000217e0 .LASF7140
     /tmp/ccal6mT6.s:99937  .debug_str:00000000000322c9 .LASF7141
     /tmp/ccal6mT6.s:96541  .debug_str:00000000000243f6 .LASF7142
     /tmp/ccal6mT6.s:101543  .debug_str:00000000000386ea .LASF7143
     /tmp/ccal6mT6.s:93093  .debug_str:0000000000016091 .LASF7144
     /tmp/ccal6mT6.s:96543  .debug_str:00000000000243fd .LASF7145
     /tmp/ccal6mT6.s:101885  .debug_str:0000000000039da3 .LASF7146
     /tmp/ccal6mT6.s:102013  .debug_str:000000000003a721 .LASF7147
     /tmp/ccal6mT6.s:96545  .debug_str:0000000000024404 .LASF7148
     /tmp/ccal6mT6.s:95861  .debug_str:0000000000021914 .LASF7149
     /tmp/ccal6mT6.s:100823  .debug_str:0000000000035e25 .LASF7150
     /tmp/ccal6mT6.s:96547  .debug_str:000000000002440b .LASF7151
     /tmp/ccal6mT6.s:89747  .debug_str:0000000000008b96 .LASF7152
     /tmp/ccal6mT6.s:105377  .debug_str:0000000000048790 .LASF7153
     /tmp/ccal6mT6.s:96549  .debug_str:0000000000024412 .LASF7154
     /tmp/ccal6mT6.s:93023  .debug_str:0000000000015b57 .LASF7155
     /tmp/ccal6mT6.s:98271  .debug_str:000000000002b34a .LASF7156
     /tmp/ccal6mT6.s:96551  .debug_str:0000000000024419 .LASF7157
     /tmp/ccal6mT6.s:96803  .debug_str:0000000000025264 .LASF7158
     /tmp/ccal6mT6.s:98273  .debug_str:000000000002b356 .LASF7159
     /tmp/ccal6mT6.s:96553  .debug_str:0000000000024420 .LASF7160
     /tmp/ccal6mT6.s:90685  .debug_str:000000000000cb4e .LASF7161
     /tmp/ccal6mT6.s:98275  .debug_str:000000000002b362 .LASF7162
     /tmp/ccal6mT6.s:96555  .debug_str:0000000000024427 .LASF7163
     /tmp/ccal6mT6.s:103691  .debug_str:0000000000041818 .LASF7164
     /tmp/ccal6mT6.s:93133  .debug_str:000000000001632a .LASF7165
     /tmp/ccal6mT6.s:96557  .debug_str:000000000002442e .LASF7166
     /tmp/ccal6mT6.s:97797  .debug_str:0000000000029437 .LASF7167
     /tmp/ccal6mT6.s:89331  .debug_str:000000000000704c .LASF7168
     /tmp/ccal6mT6.s:96559  .debug_str:0000000000024435 .LASF7169
     /tmp/ccal6mT6.s:91673  .debug_str:00000000000104e1 .LASF7170
     /tmp/ccal6mT6.s:93139  .debug_str:0000000000016381 .LASF7171
     /tmp/ccal6mT6.s:96631  .debug_str:0000000000024887 .LASF7172
     /tmp/ccal6mT6.s:103717  .debug_str:00000000000419e8 .LASF7173
     /tmp/ccal6mT6.s:96979  .debug_str:0000000000025e32 .LASF7174
     /tmp/ccal6mT6.s:96633  .debug_str:000000000002488e .LASF7175
     /tmp/ccal6mT6.s:97817  .debug_str:000000000002953e .LASF7176
     /tmp/ccal6mT6.s:100163  .debug_str:00000000000331b9 .LASF7177
     /tmp/ccal6mT6.s:96635  .debug_str:0000000000024895 .LASF7178
     /tmp/ccal6mT6.s:91707  .debug_str:0000000000010674 .LASF7179
     /tmp/ccal6mT6.s:90841  .debug_str:000000000000d4dd .LASF7180
     /tmp/ccal6mT6.s:96637  .debug_str:000000000002489c .LASF7181
     /tmp/ccal6mT6.s:104629  .debug_str:00000000000454c4 .LASF7182
     /tmp/ccal6mT6.s:97365  .debug_str:000000000002788a .LASF7183
     /tmp/ccal6mT6.s:96639  .debug_str:00000000000248a3 .LASF7184
     /tmp/ccal6mT6.s:90149  .debug_str:000000000000a692 .LASF7185
     /tmp/ccal6mT6.s:90845  .debug_str:000000000000d50c .LASF7186
     /tmp/ccal6mT6.s:96641  .debug_str:00000000000248aa .LASF7187
     /tmp/ccal6mT6.s:100147  .debug_str:00000000000330f5 .LASF7188
     /tmp/ccal6mT6.s:106277  .debug_str:000000000004c721 .LASF7189
     /tmp/ccal6mT6.s:96643  .debug_str:00000000000248b1 .LASF7190
     /tmp/ccal6mT6.s:105547  .debug_str:000000000004937e .LASF7191
     /tmp/ccal6mT6.s:106279  .debug_str:000000000004c72b .LASF7192
     /tmp/ccal6mT6.s:96645  .debug_str:00000000000248b8 .LASF7193
     /tmp/ccal6mT6.s:89741  .debug_str:0000000000008b11 .LASF7194
     /tmp/ccal6mT6.s:106281  .debug_str:000000000004c735 .LASF7195
     /tmp/ccal6mT6.s:96647  .debug_str:00000000000248bf .LASF7196
     /tmp/ccal6mT6.s:93609  .debug_str:0000000000018239 .LASF7197
     /tmp/ccal6mT6.s:106283  .debug_str:000000000004c73f .LASF7198
     /tmp/ccal6mT6.s:96649  .debug_str:00000000000248c6 .LASF7199
     /tmp/ccal6mT6.s:106493  .debug_str:000000000004d5d8 .LASF7200
     /tmp/ccal6mT6.s:92097  .debug_str:00000000000120f0 .LASF7201
     /tmp/ccal6mT6.s:96725  .debug_str:0000000000024d8c .LASF7202
     /tmp/ccal6mT6.s:100585  .debug_str:0000000000034e37 .LASF7203
     /tmp/ccal6mT6.s:99945  .debug_str:000000000003234e .LASF7204
     /tmp/ccal6mT6.s:91093  .debug_str:000000000000e3e0 .LASF7205
     /tmp/ccal6mT6.s:99061  .debug_str:000000000002e7a6 .LASF7206
     /tmp/ccal6mT6.s:99947  .debug_str:000000000003235a .LASF7207
     /tmp/ccal6mT6.s:91097  .debug_str:000000000000e3fc .LASF7208
     /tmp/ccal6mT6.s:92979  .debug_str:00000000000158d3 .LASF7209
     /tmp/ccal6mT6.s:99949  .debug_str:0000000000032366 .LASF7210
     /tmp/ccal6mT6.s:92439  .debug_str:0000000000013710 .LASF7211
     /tmp/ccal6mT6.s:105867  .debug_str:000000000004a936 .LASF7212
     /tmp/ccal6mT6.s:102821  .debug_str:000000000003dcec .LASF7213
     /tmp/ccal6mT6.s:93153  .debug_str:0000000000016440 .LASF7214
     /tmp/ccal6mT6.s:96037  .debug_str:0000000000022520 .LASF7215
     /tmp/ccal6mT6.s:102033  .debug_str:000000000003a864 .LASF7216
     /tmp/ccal6mT6.s:101501  .debug_str:0000000000038390 .LASF7217
     /tmp/ccal6mT6.s:99191  .debug_str:000000000002f0d4 .LASF7218
     /tmp/ccal6mT6.s:91077  .debug_str:000000000000e2e5 .LASF7219
     /tmp/ccal6mT6.s:103715  .debug_str:00000000000419c2 .LASF7220
     /tmp/ccal6mT6.s:102951  .debug_str:000000000003e4c7 .LASF7221
     /tmp/ccal6mT6.s:91037  .debug_str:000000000000e0b2 .LASF7222
     /tmp/ccal6mT6.s:94957  .debug_str:000000000001da95 .LASF7223
     /tmp/ccal6mT6.s:102837  .debug_str:000000000003ddeb .LASF7224
     /tmp/ccal6mT6.s:89435  .debug_str:00000000000076af .LASF7225
     /tmp/ccal6mT6.s:92057  .debug_str:0000000000011e16 .LASF7226
     /tmp/ccal6mT6.s:102947  .debug_str:000000000003e4a9 .LASF7227
     /tmp/ccal6mT6.s:100275  .debug_str:000000000003394a .LASF7228
     /tmp/ccal6mT6.s:101823  .debug_str:0000000000039a08 .LASF7229
     /tmp/ccal6mT6.s:103947  .debug_str:00000000000428e1 .LASF7230
     /tmp/ccal6mT6.s:96905  .debug_str:00000000000259f8 .LASF7231
     /tmp/ccal6mT6.s:94519  .debug_str:000000000001bca7 .LASF7232
     /tmp/ccal6mT6.s:97869  .debug_str:000000000002990c .LASF7233
     /tmp/ccal6mT6.s:99639  .debug_str:0000000000030dfe .LASF7234
     /tmp/ccal6mT6.s:101731  .debug_str:0000000000039363 .LASF7235
     /tmp/ccal6mT6.s:91021  .debug_str:000000000000df80 .LASF7236
     /tmp/ccal6mT6.s:104745  .debug_str:0000000000045c66 .LASF7237
     /tmp/ccal6mT6.s:104101  .debug_str:0000000000043262 .LASF7238
     /tmp/ccal6mT6.s:95325  .debug_str:000000000001f512 .LASF7239
     /tmp/ccal6mT6.s:93815  .debug_str:000000000001906c .LASF7240
     /tmp/ccal6mT6.s:88731  .debug_str:000000000000476b .LASF7241
     /tmp/ccal6mT6.s:90587  .debug_str:000000000000c50c .LASF7242
     /tmp/ccal6mT6.s:95507  .debug_str:0000000000020192 .LASF7243
     /tmp/ccal6mT6.s:103621  .debug_str:000000000004130c .LASF7244
     /tmp/ccal6mT6.s:88565  .debug_str:0000000000003b9c .LASF7245
     /tmp/ccal6mT6.s:103131  .debug_str:000000000003f1af .LASF7246
     /tmp/ccal6mT6.s:94079  .debug_str:000000000001a1d3 .LASF7247
     /tmp/ccal6mT6.s:102705  .debug_str:000000000003d56a .LASF7248
     /tmp/ccal6mT6.s:88237  .debug_str:00000000000024f9 .LASF7249
     /tmp/ccal6mT6.s:102341  .debug_str:000000000003bd72 .LASF7250
     /tmp/ccal6mT6.s:91729  .debug_str:000000000001082f .LASF7251
     /tmp/ccal6mT6.s:100165  .debug_str:00000000000331c1 .LASF7252
     /tmp/ccal6mT6.s:104777  .debug_str:0000000000045ea5 .LASF7253
     /tmp/ccal6mT6.s:101273  .debug_str:00000000000376cc .LASF7254
     /tmp/ccal6mT6.s:88841  .debug_str:0000000000004ed6 .LASF7255
     /tmp/ccal6mT6.s:97113  .debug_str:000000000002680c .LASF7256
     /tmp/ccal6mT6.s:87727  .debug_str:0000000000000231 .LASF7257
     /tmp/ccal6mT6.s:97871  .debug_str:0000000000029934 .LASF7258
     /tmp/ccal6mT6.s:97595  .debug_str:0000000000028790 .LASF7259
     /tmp/ccal6mT6.s:91995  .debug_str:0000000000011a4a .LASF7260
     /tmp/ccal6mT6.s:97177  .debug_str:0000000000026be6 .LASF7261
     /tmp/ccal6mT6.s:89015  .debug_str:0000000000005b03 .LASF7262
     /tmp/ccal6mT6.s:103355  .debug_str:0000000000040155 .LASF7263
     /tmp/ccal6mT6.s:103315  .debug_str:000000000003fe6f .LASF7264
     /tmp/ccal6mT6.s:90313  .debug_str:000000000000b252 .LASF7265
     /tmp/ccal6mT6.s:105035  .debug_str:00000000000470ae .LASF7266
     /tmp/ccal6mT6.s:105679  .debug_str:0000000000049c79 .LASF7267
     /tmp/ccal6mT6.s:103247  .debug_str:000000000003f9d7 .LASF7268
     /tmp/ccal6mT6.s:88941  .debug_str:000000000000563c .LASF7269
     /tmp/ccal6mT6.s:92761  .debug_str:0000000000014afd .LASF7270
     /tmp/ccal6mT6.s:93173  .debug_str:00000000000165e9 .LASF7271
     /tmp/ccal6mT6.s:99281  .debug_str:000000000002f6c1 .LASF7272
     /tmp/ccal6mT6.s:100189  .debug_str:0000000000033328 .LASF7273
     /tmp/ccal6mT6.s:98099  .debug_str:000000000002a7e4 .LASF7274
     /tmp/ccal6mT6.s:106305  .debug_str:000000000004c8a9 .LASF7275
     /tmp/ccal6mT6.s:95849  .debug_str:000000000002181a .LASF7276
     /tmp/ccal6mT6.s:104159  .debug_str:0000000000043607 .LASF7277
     /tmp/ccal6mT6.s:101369  .debug_str:0000000000037c1c .LASF7278
     /tmp/ccal6mT6.s:95831  .debug_str:00000000000216b1 .LASF7279
     /tmp/ccal6mT6.s:93555  .debug_str:0000000000017eaa .LASF7280
     /tmp/ccal6mT6.s:101997  .debug_str:000000000003a623 .LASF7281
     /tmp/ccal6mT6.s:91135  .debug_str:000000000000e4e9 .LASF7282
     /tmp/ccal6mT6.s:99627  .debug_str:0000000000030d41 .LASF7283
     /tmp/ccal6mT6.s:101371  .debug_str:0000000000037c23 .LASF7284
     /tmp/ccal6mT6.s:89719  .debug_str:000000000000899b .LASF7285
     /tmp/ccal6mT6.s:102151  .debug_str:000000000003b067 .LASF7286
     /tmp/ccal6mT6.s:99523  .debug_str:00000000000305a5 .LASF7287
     /tmp/ccal6mT6.s:100607  .debug_str:0000000000034fac .LASF7288
     /tmp/ccal6mT6.s:98641  .debug_str:000000000002ca95 .LASF7289
     /tmp/ccal6mT6.s:104281  .debug_str:0000000000043dd0 .LASF7290
     /tmp/ccal6mT6.s:99135  .debug_str:000000000002ec72 .LASF7291
     /tmp/ccal6mT6.s:88507  .debug_str:00000000000037c0 .LASF7292
     /tmp/ccal6mT6.s:104283  .debug_str:0000000000043dde .LASF7293
     /tmp/ccal6mT6.s:93051  .debug_str:0000000000015d43 .LASF7294
     /tmp/ccal6mT6.s:97007  .debug_str:0000000000026016 .LASF7295
     /tmp/ccal6mT6.s:104285  .debug_str:0000000000043dec .LASF7296
     /tmp/ccal6mT6.s:105939  .debug_str:000000000004af71 .LASF7297
     /tmp/ccal6mT6.s:96079  .debug_str:0000000000022824 .LASF7298
     /tmp/ccal6mT6.s:101941  .debug_str:000000000003a1e5 .LASF7299
     /tmp/ccal6mT6.s:100065  .debug_str:0000000000032ab9 .LASF7300
     /tmp/ccal6mT6.s:89897  .debug_str:000000000000962f .LASF7301
     /tmp/ccal6mT6.s:104289  .debug_str:0000000000043e3c .LASF7302
     /tmp/ccal6mT6.s:94015  .debug_str:0000000000019e05 .LASF7303
     /tmp/ccal6mT6.s:93041  .debug_str:0000000000015c9a .LASF7304
     /tmp/ccal6mT6.s:104291  .debug_str:0000000000043e4a .LASF7305
     /tmp/ccal6mT6.s:101665  .debug_str:0000000000038f20 .LASF7306
     /tmp/ccal6mT6.s:103453  .debug_str:0000000000040771 .LASF7307
     /tmp/ccal6mT6.s:98817  .debug_str:000000000002d678 .LASF7308
     /tmp/ccal6mT6.s:98819  .debug_str:000000000002d68a .LASF7309
     /tmp/ccal6mT6.s:98823  .debug_str:000000000002d6c8 .LASF7310
     /tmp/ccal6mT6.s:101871  .debug_str:0000000000039cad .LASF7311
     /tmp/ccal6mT6.s:104537  .debug_str:0000000000044e60 .LASF7312
     /tmp/ccal6mT6.s:103461  .debug_str:00000000000407d1 .LASF7313
     /tmp/ccal6mT6.s:103463  .debug_str:00000000000407e3 .LASF7314
     /tmp/ccal6mT6.s:103465  .debug_str:00000000000407f5 .LASF7315
     /tmp/ccal6mT6.s:103467  .debug_str:0000000000040807 .LASF7316
     /tmp/ccal6mT6.s:101873  .debug_str:0000000000039cbc .LASF7317
     /tmp/ccal6mT6.s:98675  .debug_str:000000000002ccde .LASF7318
     /tmp/ccal6mT6.s:100849  .debug_str:0000000000035eac .LASF7319
     /tmp/ccal6mT6.s:104683  .debug_str:00000000000458a4 .LASF7320
     /tmp/ccal6mT6.s:96817  .debug_str:00000000000253a3 .LASF7321
     /tmp/ccal6mT6.s:100599  .debug_str:0000000000034f2e .LASF7322
     /tmp/ccal6mT6.s:101911  .debug_str:0000000000039f8e .LASF7323
     /tmp/ccal6mT6.s:104249  .debug_str:0000000000043bc6 .LASF7324
     /tmp/ccal6mT6.s:102803  .debug_str:000000000003dbe4 .LASF7325
     /tmp/ccal6mT6.s:106327  .debug_str:000000000004c9e1 .LASF7326
     /tmp/ccal6mT6.s:92973  .debug_str:000000000001585a .LASF7327
     /tmp/ccal6mT6.s:104255  .debug_str:0000000000043c20 .LASF7328
     /tmp/ccal6mT6.s:88003  .debug_str:0000000000001492 .LASF7329
     /tmp/ccal6mT6.s:105241  .debug_str:0000000000047dda .LASF7330
     /tmp/ccal6mT6.s:102395  .debug_str:000000000003c1a4 .LASF7331
     /tmp/ccal6mT6.s:87747  .debug_str:000000000000037d .LASF7332
     /tmp/ccal6mT6.s:97419  .debug_str:0000000000027cc4 .LASF7333
     /tmp/ccal6mT6.s:89301  .debug_str:0000000000006e84 .LASF7334
     /tmp/ccal6mT6.s:89141  .debug_str:00000000000062ea .LASF7335
     /tmp/ccal6mT6.s:98315  .debug_str:000000000002b5cf .LASF7336
     /tmp/ccal6mT6.s:98317  .debug_str:000000000002b5e7 .LASF7337
     /tmp/ccal6mT6.s:98319  .debug_str:000000000002b5ff .LASF7338
     /tmp/ccal6mT6.s:98321  .debug_str:000000000002b617 .LASF7339
     /tmp/ccal6mT6.s:103801  .debug_str:0000000000041f3a .LASF7340
     /tmp/ccal6mT6.s:106209  .debug_str:000000000004c282 .LASF7341
     /tmp/ccal6mT6.s:98323  .debug_str:000000000002b62f .LASF7342
     /tmp/ccal6mT6.s:91375  .debug_str:000000000000f36f .LASF7343
     /tmp/ccal6mT6.s:91377  .debug_str:000000000000f38d .LASF7344
     /tmp/ccal6mT6.s:91379  .debug_str:000000000000f3ab .LASF7345
     /tmp/ccal6mT6.s:91381  .debug_str:000000000000f3c9 .LASF7346
     /tmp/ccal6mT6.s:91383  .debug_str:000000000000f3e7 .LASF7347
     /tmp/ccal6mT6.s:95169  .debug_str:000000000001e966 .LASF7348
     /tmp/ccal6mT6.s:91065  .debug_str:000000000000e245 .LASF7349
     /tmp/ccal6mT6.s:95173  .debug_str:000000000001e993 .LASF7350
     /tmp/ccal6mT6.s:95175  .debug_str:000000000001e9b0 .LASF7351
     /tmp/ccal6mT6.s:95177  .debug_str:000000000001e9cd .LASF7352
     /tmp/ccal6mT6.s:106387  .debug_str:000000000004ce9f .LASF7353
     /tmp/ccal6mT6.s:106389  .debug_str:000000000004ceb9 .LASF7354
     /tmp/ccal6mT6.s:106391  .debug_str:000000000004ced3 .LASF7355
     /tmp/ccal6mT6.s:106393  .debug_str:000000000004ceed .LASF7356
     /tmp/ccal6mT6.s:106395  .debug_str:000000000004cf07 .LASF7357
     /tmp/ccal6mT6.s:101017  .debug_str:00000000000368eb .LASF7358
     /tmp/ccal6mT6.s:103193  .debug_str:000000000003f699 .LASF7359
     /tmp/ccal6mT6.s:103803  .debug_str:0000000000041f52 .LASF7360
     /tmp/ccal6mT6.s:102841  .debug_str:000000000003de16 .LASF7361
     /tmp/ccal6mT6.s:100373  .debug_str:000000000003404a .LASF7362
     /tmp/ccal6mT6.s:89381  .debug_str:00000000000073a4 .LASF7363
     /tmp/ccal6mT6.s:89383  .debug_str:00000000000073c1 .LASF7364
     /tmp/ccal6mT6.s:100383  .debug_str:00000000000340db .LASF7365
     /tmp/ccal6mT6.s:88295  .debug_str:0000000000002923 .LASF7366
     /tmp/ccal6mT6.s:98193  .debug_str:000000000002ae1a .LASF7367
     /tmp/ccal6mT6.s:89387  .debug_str:0000000000007400 .LASF7368
     /tmp/ccal6mT6.s:98523  .debug_str:000000000002c2ba .LASF7369
     /tmp/ccal6mT6.s:98525  .debug_str:000000000002c2dd .LASF7370
     /tmp/ccal6mT6.s:98527  .debug_str:000000000002c300 .LASF7371
     /tmp/ccal6mT6.s:98529  .debug_str:000000000002c323 .LASF7372
     /tmp/ccal6mT6.s:98531  .debug_str:000000000002c346 .LASF7373
     /tmp/ccal6mT6.s:95441  .debug_str:000000000001fcd1 .LASF7374
     /tmp/ccal6mT6.s:95443  .debug_str:000000000001fcf3 .LASF7375
     /tmp/ccal6mT6.s:96505  .debug_str:00000000000241e7 .LASF7376
     /tmp/ccal6mT6.s:95447  .debug_str:000000000001fd26 .LASF7377
     /tmp/ccal6mT6.s:95449  .debug_str:000000000001fd48 .LASF7378
     /tmp/ccal6mT6.s:98119  .debug_str:000000000002a963 .LASF7379
     /tmp/ccal6mT6.s:98121  .debug_str:000000000002a982 .LASF7380
     /tmp/ccal6mT6.s:98123  .debug_str:000000000002a9a1 .LASF7381
     /tmp/ccal6mT6.s:101251  .debug_str:0000000000037671 .LASF7382
     /tmp/ccal6mT6.s:98127  .debug_str:000000000002a9ce .LASF7383
     /tmp/ccal6mT6.s:98241  .debug_str:000000000002b120 .LASF7384
     /tmp/ccal6mT6.s:103347  .debug_str:00000000000400a5 .LASF7385
     /tmp/ccal6mT6.s:88297  .debug_str:0000000000002940 .LASF7386
     /tmp/ccal6mT6.s:95423  .debug_str:000000000001fbe2 .LASF7387
     /tmp/ccal6mT6.s:99977  .debug_str:000000000003254b .LASF7388
     /tmp/ccal6mT6.s:99979  .debug_str:0000000000032563 .LASF7389
     /tmp/ccal6mT6.s:99981  .debug_str:000000000003257b .LASF7390
     /tmp/ccal6mT6.s:99983  .debug_str:0000000000032593 .LASF7391
     /tmp/ccal6mT6.s:94623  .debug_str:000000000001c347 .LASF7392
     /tmp/ccal6mT6.s:94135  .debug_str:000000000001a495 .LASF7393
     /tmp/ccal6mT6.s:99985  .debug_str:00000000000325ab .LASF7394
     /tmp/ccal6mT6.s:93081  .debug_str:0000000000015fe3 .LASF7395
     /tmp/ccal6mT6.s:93083  .debug_str:0000000000016001 .LASF7396
     /tmp/ccal6mT6.s:93085  .debug_str:000000000001601f .LASF7397
     /tmp/ccal6mT6.s:98389  .debug_str:000000000002b9e2 .LASF7398
     /tmp/ccal6mT6.s:93089  .debug_str:000000000001604f .LASF7399
     /tmp/ccal6mT6.s:96843  .debug_str:00000000000255a3 .LASF7400
     /tmp/ccal6mT6.s:96845  .debug_str:00000000000255c0 .LASF7401
     /tmp/ccal6mT6.s:96847  .debug_str:00000000000255dd .LASF7402
     /tmp/ccal6mT6.s:96849  .debug_str:00000000000255fa .LASF7403
     /tmp/ccal6mT6.s:96851  .debug_str:0000000000025617 .LASF7404
     /tmp/ccal6mT6.s:89191  .debug_str:00000000000066a1 .LASF7405
     /tmp/ccal6mT6.s:89193  .debug_str:00000000000066bb .LASF7406
     /tmp/ccal6mT6.s:89195  .debug_str:00000000000066d5 .LASF7407
     /tmp/ccal6mT6.s:89197  .debug_str:00000000000066ef .LASF7408
     /tmp/ccal6mT6.s:89199  .debug_str:0000000000006709 .LASF7409
     /tmp/ccal6mT6.s:92499  .debug_str:0000000000013ac1 .LASF7410
     /tmp/ccal6mT6.s:100197  .debug_str:00000000000333d2 .LASF7411
     /tmp/ccal6mT6.s:94627  .debug_str:000000000001c37b .LASF7412
     /tmp/ccal6mT6.s:88131  .debug_str:0000000000001d91 .LASF7413
     /tmp/ccal6mT6.s:91817  .debug_str:0000000000010d58 .LASF7414
     /tmp/ccal6mT6.s:91819  .debug_str:0000000000010d6f .LASF7415
     /tmp/ccal6mT6.s:91821  .debug_str:0000000000010d86 .LASF7416
     /tmp/ccal6mT6.s:105995  .debug_str:000000000004b460 .LASF7417
     /tmp/ccal6mT6.s:92585  .debug_str:0000000000013f98 .LASF7418
     /tmp/ccal6mT6.s:96397  .debug_str:0000000000023c2c .LASF7419
     /tmp/ccal6mT6.s:91825  .debug_str:0000000000010dae .LASF7420
     /tmp/ccal6mT6.s:102789  .debug_str:000000000003db14 .LASF7421
     /tmp/ccal6mT6.s:102791  .debug_str:000000000003db31 .LASF7422
     /tmp/ccal6mT6.s:102793  .debug_str:000000000003db4e .LASF7423
     /tmp/ccal6mT6.s:102795  .debug_str:000000000003db6b .LASF7424
     /tmp/ccal6mT6.s:102797  .debug_str:000000000003db88 .LASF7425
     /tmp/ccal6mT6.s:92625  .debug_str:00000000000141f6 .LASF7426
     /tmp/ccal6mT6.s:92627  .debug_str:0000000000014212 .LASF7427
     /tmp/ccal6mT6.s:88231  .debug_str:0000000000002487 .LASF7428
     /tmp/ccal6mT6.s:92631  .debug_str:000000000001425e .LASF7429
     /tmp/ccal6mT6.s:92633  .debug_str:000000000001427a .LASF7430
     /tmp/ccal6mT6.s:98511  .debug_str:000000000002c203 .LASF7431
     /tmp/ccal6mT6.s:98513  .debug_str:000000000002c21c .LASF7432
     /tmp/ccal6mT6.s:98515  .debug_str:000000000002c235 .LASF7433
     /tmp/ccal6mT6.s:98517  .debug_str:000000000002c24e .LASF7434
     /tmp/ccal6mT6.s:98519  .debug_str:000000000002c267 .LASF7435
     /tmp/ccal6mT6.s:99777  .debug_str:0000000000031788 .LASF7436
     /tmp/ccal6mT6.s:101717  .debug_str:0000000000039261 .LASF7437
     /tmp/ccal6mT6.s:92587  .debug_str:0000000000013faf .LASF7438
     /tmp/ccal6mT6.s:93679  .debug_str:0000000000018702 .LASF7439
     /tmp/ccal6mT6.s:92661  .debug_str:000000000001442d .LASF7440
     /tmp/ccal6mT6.s:92663  .debug_str:0000000000014450 .LASF7441
     /tmp/ccal6mT6.s:92665  .debug_str:0000000000014473 .LASF7442
     /tmp/ccal6mT6.s:92667  .debug_str:0000000000014496 .LASF7443
     /tmp/ccal6mT6.s:92669  .debug_str:00000000000144b9 .LASF7444
     /tmp/ccal6mT6.s:106249  .debug_str:000000000004c5a0 .LASF7445
     /tmp/ccal6mT6.s:103491  .debug_str:0000000000040962 .LASF7446
     /tmp/ccal6mT6.s:104963  .debug_str:0000000000046aff .LASF7447
     /tmp/ccal6mT6.s:103477  .debug_str:0000000000040888 .LASF7448
     /tmp/ccal6mT6.s:103479  .debug_str:00000000000408ac .LASF7449
     /tmp/ccal6mT6.s:104161  .debug_str:0000000000043614 .LASF7450
     /tmp/ccal6mT6.s:103483  .debug_str:00000000000408dc .LASF7451
     /tmp/ccal6mT6.s:103485  .debug_str:0000000000040900 .LASF7452
     /tmp/ccal6mT6.s:98979  .debug_str:000000000002e1de .LASF7453
     /tmp/ccal6mT6.s:106161  .debug_str:000000000004bfc0 .LASF7454
     /tmp/ccal6mT6.s:95333  .debug_str:000000000001f607 .LASF7455
     /tmp/ccal6mT6.s:90713  .debug_str:000000000000cd0d .LASF7456
     /tmp/ccal6mT6.s:98419  .debug_str:000000000002bba2 .LASF7457
     /tmp/ccal6mT6.s:105619  .debug_str:0000000000049874 .LASF7458
     /tmp/ccal6mT6.s:98793  .debug_str:000000000002d55d .LASF7459
     /tmp/ccal6mT6.s:95343  .debug_str:000000000001f722 .LASF7460
     /tmp/ccal6mT6.s:89353  .debug_str:0000000000007190 .LASF7461
     /tmp/ccal6mT6.s:101125  .debug_str:0000000000036f83 .LASF7462
     /tmp/ccal6mT6.s:91297  .debug_str:000000000000edfb .LASF7463
     /tmp/ccal6mT6.s:90125  .debug_str:000000000000a4f1 .LASF7464
     /tmp/ccal6mT6.s:94597  .debug_str:000000000001c15a .LASF7465
     /tmp/ccal6mT6.s:89969  .debug_str:0000000000009a9c .LASF7466
     /tmp/ccal6mT6.s:89449  .debug_str:0000000000007800 .LASF7467
     /tmp/ccal6mT6.s:97615  .debug_str:0000000000028913 .LASF7468
     /tmp/ccal6mT6.s:104307  .debug_str:0000000000043f71 .LASF7469
     /tmp/ccal6mT6.s:98177  .debug_str:000000000002acde .LASF7470
     /tmp/ccal6mT6.s:89135  .debug_str:000000000000626e .LASF7471
     /tmp/ccal6mT6.s:93071  .debug_str:0000000000015f31 .LASF7472
     /tmp/ccal6mT6.s:106461  .debug_str:000000000004d396 .LASF7473
     /tmp/ccal6mT6.s:90925  .debug_str:000000000000da15 .LASF7474
     /tmp/ccal6mT6.s:105823  .debug_str:000000000004a6cd .LASF7475
     /tmp/ccal6mT6.s:105825  .debug_str:000000000004a6ec .LASF7476
     /tmp/ccal6mT6.s:105827  .debug_str:000000000004a70b .LASF7477
     /tmp/ccal6mT6.s:102927  .debug_str:000000000003e36e .LASF7478
     /tmp/ccal6mT6.s:94521  .debug_str:000000000001bcb5 .LASF7479
     /tmp/ccal6mT6.s:93397  .debug_str:00000000000174ff .LASF7480
     /tmp/ccal6mT6.s:105831  .debug_str:000000000004a738 .LASF7481
     /tmp/ccal6mT6.s:101215  .debug_str:00000000000373fc .LASF7482
     /tmp/ccal6mT6.s:100863  .debug_str:0000000000035fd2 .LASF7483
     /tmp/ccal6mT6.s:96969  .debug_str:0000000000025da1 .LASF7484
     /tmp/ccal6mT6.s:96971  .debug_str:0000000000025dbe .LASF7485
     /tmp/ccal6mT6.s:96973  .debug_str:0000000000025ddb .LASF7486
     /tmp/ccal6mT6.s:96975  .debug_str:0000000000025df8 .LASF7487
     /tmp/ccal6mT6.s:96977  .debug_str:0000000000025e15 .LASF7488
     /tmp/ccal6mT6.s:88501  .debug_str:000000000000374d .LASF7489
     /tmp/ccal6mT6.s:105735  .debug_str:000000000004a04f .LASF7490
     /tmp/ccal6mT6.s:100439  .debug_str:00000000000344c1 .LASF7491
     /tmp/ccal6mT6.s:98441  .debug_str:000000000002bcfe .LASF7492
     /tmp/ccal6mT6.s:100167  .debug_str:00000000000331ce .LASF7493
     /tmp/ccal6mT6.s:87765  .debug_str:00000000000004f5 .LASF7494
     /tmp/ccal6mT6.s:101769  .debug_str:000000000003960e .LASF7495
     /tmp/ccal6mT6.s:100279  .debug_str:0000000000033984 .LASF7496
     /tmp/ccal6mT6.s:100281  .debug_str:00000000000339a0 .LASF7497
     /tmp/ccal6mT6.s:91425  .debug_str:000000000000f684 .LASF7498
     /tmp/ccal6mT6.s:100285  .debug_str:00000000000339ca .LASF7499
     /tmp/ccal6mT6.s:106451  .debug_str:000000000004d2f2 .LASF7500
     /tmp/ccal6mT6.s:97531  .debug_str:0000000000028349 .LASF7501
     /tmp/ccal6mT6.s:100287  .debug_str:00000000000339e6 .LASF7502
     /tmp/ccal6mT6.s:98097  .debug_str:000000000002a7cd .LASF7503
     /tmp/ccal6mT6.s:104859  .debug_str:0000000000046375 .LASF7504
     /tmp/ccal6mT6.s:89677  .debug_str:00000000000086b8 .LASF7505
     /tmp/ccal6mT6.s:101929  .debug_str:000000000003a11e .LASF7506
     /tmp/ccal6mT6.s:105589  .debug_str:0000000000049680 .LASF7507
     /tmp/ccal6mT6.s:97537  .debug_str:00000000000283a9 .LASF7508
     /tmp/ccal6mT6.s:102811  .debug_str:000000000003dc5e .LASF7509
     /tmp/ccal6mT6.s:102727  .debug_str:000000000003d6c0 .LASF7510
     /tmp/ccal6mT6.s:95289  .debug_str:000000000001f23f .LASF7511
     /tmp/ccal6mT6.s:97283  .debug_str:00000000000272f0 .LASF7512
     /tmp/ccal6mT6.s:92747  .debug_str:00000000000149fd .LASF7513
     /tmp/ccal6mT6.s:97705  .debug_str:0000000000028f15 .LASF7514
     /tmp/ccal6mT6.s:106417  .debug_str:000000000004d0a5 .LASF7515
     /tmp/ccal6mT6.s:93275  .debug_str:0000000000016d64 .LASF7516
     /tmp/ccal6mT6.s:99821  .debug_str:0000000000031ac6 .LASF7517
     /tmp/ccal6mT6.s:104213  .debug_str:0000000000043976 .LASF7518
     /tmp/ccal6mT6.s:88981  .debug_str:00000000000058df .LASF7519
     /tmp/ccal6mT6.s:106511  .debug_str:000000000004d6dd .LASF7520
     /tmp/ccal6mT6.s:90339  .debug_str:000000000000b447 .LASF7521
     /tmp/ccal6mT6.s:101041  .debug_str:0000000000036ab1 .LASF7522
     /tmp/ccal6mT6.s:99663  .debug_str:0000000000030fc2 .LASF7523
     /tmp/ccal6mT6.s:96833  .debug_str:000000000002550b .LASF7524
     /tmp/ccal6mT6.s:89347  .debug_str:0000000000007133 .LASF7525
     /tmp/ccal6mT6.s:92349  .debug_str:000000000001318d .LASF7526
     /tmp/ccal6mT6.s:89421  .debug_str:00000000000075ff .LASF7527
     /tmp/ccal6mT6.s:93653  .debug_str:0000000000018518 .LASF7528
     /tmp/ccal6mT6.s:105715  .debug_str:0000000000049f02 .LASF7529
     /tmp/ccal6mT6.s:101853  .debug_str:0000000000039baa .LASF7530
     /tmp/ccal6mT6.s:96737  .debug_str:0000000000024e47 .LASF7531
     /tmp/ccal6mT6.s:92171  .debug_str:00000000000125f2 .LASF7532
     /tmp/ccal6mT6.s:93213  .debug_str:00000000000168c4 .LASF7533
     /tmp/ccal6mT6.s:96107  .debug_str:00000000000229eb .LASF7534
     /tmp/ccal6mT6.s:91771  .debug_str:0000000000010b3d .LASF7535
     /tmp/ccal6mT6.s:103723  .debug_str:0000000000041a50 .LASF7536
     /tmp/ccal6mT6.s:99263  .debug_str:000000000002f58c .LASF7537
     /tmp/ccal6mT6.s:95005  .debug_str:000000000001dd87 .LASF7538
     /tmp/ccal6mT6.s:88011  .debug_str:00000000000014e8 .LASF7539
     /tmp/ccal6mT6.s:101861  .debug_str:0000000000039c25 .LASF7540
     /tmp/ccal6mT6.s:94837  .debug_str:000000000001d280 .LASF7541
     /tmp/ccal6mT6.s:90489  .debug_str:000000000000be44 .LASF7542
     /tmp/ccal6mT6.s:99667  .debug_str:0000000000031027 .LASF7543
     /tmp/ccal6mT6.s:100643  .debug_str:00000000000351fb .LASF7544
     /tmp/ccal6mT6.s:95843  .debug_str:00000000000217cc .LASF7545
     /tmp/ccal6mT6.s:98361  .debug_str:000000000002b86c .LASF7546
     /tmp/ccal6mT6.s:92861  .debug_str:00000000000151ec .LASF7547
     /tmp/ccal6mT6.s:97331  .debug_str:000000000002762d .LASF7548
     /tmp/ccal6mT6.s:89929  .debug_str:0000000000009821 .LASF7549
     /tmp/ccal6mT6.s:91359  .debug_str:000000000000f2eb .LASF7550
     /tmp/ccal6mT6.s:95527  .debug_str:00000000000202d2 .LASF7551
     /tmp/ccal6mT6.s:91355  .debug_str:000000000000f2c1 .LASF7552
     /tmp/ccal6mT6.s:95525  .debug_str:00000000000202b9 .LASF7553
     /tmp/ccal6mT6.s:93975  .debug_str:0000000000019af0 .LASF7554
     /tmp/ccal6mT6.s:95117  .debug_str:000000000001e61b .LASF7555
     /tmp/ccal6mT6.s:105145  .debug_str:0000000000047783 .LASF7556
     /tmp/ccal6mT6.s:93743  .debug_str:0000000000018b76 .LASF7557
     /tmp/ccal6mT6.s:92355  .debug_str:00000000000131db .LASF7558
     /tmp/ccal6mT6.s:90789  .debug_str:000000000000d20a .LASF7559
     /tmp/ccal6mT6.s:92149  .debug_str:000000000001247d .LASF7560
     /tmp/ccal6mT6.s:94515  .debug_str:000000000001bc68 .LASF7561
     /tmp/ccal6mT6.s:102915  .debug_str:000000000003e2bc .LASF7562
     /tmp/ccal6mT6.s:102919  .debug_str:000000000003e2ea .LASF7563
     /tmp/ccal6mT6.s:98473  .debug_str:000000000002bf12 .LASF7564
     /tmp/ccal6mT6.s:90903  .debug_str:000000000000d8e5 .LASF7565
     /tmp/ccal6mT6.s:93013  .debug_str:0000000000015aa1 .LASF7566
     /tmp/ccal6mT6.s:99551  .debug_str:000000000003076b .LASF7567
     /tmp/ccal6mT6.s:105261  .debug_str:0000000000047f6d .LASF7568
     /tmp/ccal6mT6.s:95077  .debug_str:000000000001e34a .LASF7569
     /tmp/ccal6mT6.s:96523  .debug_str:000000000002431f .LASF7570
     /tmp/ccal6mT6.s:92955  .debug_str:000000000001570f .LASF7571
     /tmp/ccal6mT6.s:89063  .debug_str:0000000000005de6 .LASF7572
     /tmp/ccal6mT6.s:104973  .debug_str:0000000000046bc6 .LASF7573
     /tmp/ccal6mT6.s:92541  .debug_str:0000000000013d81 .LASF7574
     /tmp/ccal6mT6.s:88691  .debug_str:0000000000004478 .LASF7575
     /tmp/ccal6mT6.s:90769  .debug_str:000000000000d0cf .LASF7576
     /tmp/ccal6mT6.s:96565  .debug_str:0000000000024495 .LASF7577
     /tmp/ccal6mT6.s:101991  .debug_str:000000000003a5a5 .LASF7578
     /tmp/ccal6mT6.s:99783  .debug_str:00000000000317fd .LASF7579
     /tmp/ccal6mT6.s:98283  .debug_str:000000000002b3fc .LASF7580
     /tmp/ccal6mT6.s:101485  .debug_str:00000000000382b3 .LASF7581
     /tmp/ccal6mT6.s:88889  .debug_str:000000000000522a .LASF7582
     /tmp/ccal6mT6.s:100469  .debug_str:000000000003467b .LASF7583
     /tmp/ccal6mT6.s:103343  .debug_str:0000000000040072 .LASF7584
     /tmp/ccal6mT6.s:93111  .debug_str:00000000000161c9 .LASF7585
     /tmp/ccal6mT6.s:91411  .debug_str:000000000000f5c2 .LASF7586
     /tmp/ccal6mT6.s:103913  .debug_str:00000000000426cc .LASF7587
     /tmp/ccal6mT6.s:97137  .debug_str:000000000002694d .LASF7588
     /tmp/ccal6mT6.s:100961  .debug_str:00000000000365e7 .LASF7589
     /tmp/ccal6mT6.s:105353  .debug_str:000000000004854e .LASF7590
     /tmp/ccal6mT6.s:101293  .debug_str:000000000003782e .LASF7591
     /tmp/ccal6mT6.s:98023  .debug_str:000000000002a2d2 .LASF7592
     /tmp/ccal6mT6.s:88845  .debug_str:0000000000004f04 .LASF7593
     /tmp/ccal6mT6.s:103263  .debug_str:000000000003fadb .LASF7594
     /tmp/ccal6mT6.s:104073  .debug_str:00000000000430a3 .LASF7595
     /tmp/ccal6mT6.s:106183  .debug_str:000000000004c128 .LASF7596
     /tmp/ccal6mT6.s:95079  .debug_str:000000000001e358 .LASF7597
     /tmp/ccal6mT6.s:96605  .debug_str:00000000000246f7 .LASF7598
     /tmp/ccal6mT6.s:88037  .debug_str:0000000000001715 .LASF7599
     /tmp/ccal6mT6.s:100013  .debug_str:00000000000327bd .LASF7600
     /tmp/ccal6mT6.s:88895  .debug_str:0000000000005279 .LASF7601
     /tmp/ccal6mT6.s:88287  .debug_str:00000000000028bc .LASF7602
     /tmp/ccal6mT6.s:96773  .debug_str:0000000000025090 .LASF7603
     /tmp/ccal6mT6.s:89653  .debug_str:0000000000008505 .LASF7604
     /tmp/ccal6mT6.s:93463  .debug_str:0000000000017994 .LASF7605
     /tmp/ccal6mT6.s:93527  .debug_str:0000000000017d27 .LASF7606
     /tmp/ccal6mT6.s:96279  .debug_str:00000000000235bb .LASF7607
     /tmp/ccal6mT6.s:97479  .debug_str:0000000000027f7e .LASF7608
     /tmp/ccal6mT6.s:88459  .debug_str:000000000000345c .LASF7609
     /tmp/ccal6mT6.s:94005  .debug_str:0000000000019d96 .LASF7610
     /tmp/ccal6mT6.s:102703  .debug_str:000000000003d545 .LASF7611
     /tmp/ccal6mT6.s:92219  .debug_str:00000000000129b9 .LASF7612
     /tmp/ccal6mT6.s:104025  .debug_str:0000000000042dbd .LASF7613
     /tmp/ccal6mT6.s:92215  .debug_str:000000000001298f .LASF7614
     /tmp/ccal6mT6.s:103759  .debug_str:0000000000041c49 .LASF7615
     /tmp/ccal6mT6.s:99311  .debug_str:000000000002f877 .LASF7616
     /tmp/ccal6mT6.s:94539  .debug_str:000000000001be14 .LASF7617
     /tmp/ccal6mT6.s:99813  .debug_str:0000000000031a35 .LASF7618
     /tmp/ccal6mT6.s:102623  .debug_str:000000000003cfeb .LASF7619
     /tmp/ccal6mT6.s:101241  .debug_str:00000000000375d7 .LASF7620
     /tmp/ccal6mT6.s:95545  .debug_str:0000000000020464 .LASF7621
     /tmp/ccal6mT6.s:97643  .debug_str:0000000000028afb .LASF7622
     /tmp/ccal6mT6.s:104739  .debug_str:0000000000045bf1 .LASF7623
     /tmp/ccal6mT6.s:101043  .debug_str:0000000000036ac0 .LASF7624
     /tmp/ccal6mT6.s:104749  .debug_str:0000000000045c92 .LASF7625
     /tmp/ccal6mT6.s:92671  .debug_str:00000000000144dc .LASF7626
     /tmp/ccal6mT6.s:87845  .debug_str:0000000000000a39 .LASF7627
     /tmp/ccal6mT6.s:104533  .debug_str:0000000000044e35 .LASF7628
     /tmp/ccal6mT6.s:105637  .debug_str:000000000004998a .LASF7629
     /tmp/ccal6mT6.s:102543  .debug_str:000000000003cbb1 .LASF7630
     /tmp/ccal6mT6.s:103035  .debug_str:000000000003ea95 .LASF7631
     /tmp/ccal6mT6.s:106323  .debug_str:000000000004c9aa .LASF7632
     /tmp/ccal6mT6.s:98073  .debug_str:000000000002a62c .LASF7633
     /tmp/ccal6mT6.s:105187  .debug_str:0000000000047a55 .LASF7634
     /tmp/ccal6mT6.s:92311  .debug_str:0000000000012f28 .LASF7635
     /tmp/ccal6mT6.s:89673  .debug_str:000000000000868e .LASF7636
     /tmp/ccal6mT6.s:106455  .debug_str:000000000004d310 .LASF7637
     /tmp/ccal6mT6.s:88735  .debug_str:00000000000047a6 .LASF7638
     /tmp/ccal6mT6.s:103727  .debug_str:0000000000041a8b .LASF7639
     /tmp/ccal6mT6.s:93157  .debug_str:0000000000016495 .LASF7640
     /tmp/ccal6mT6.s:95393  .debug_str:000000000001fa35 .LASF7641
     /tmp/ccal6mT6.s:90859  .debug_str:000000000000d5e4 .LASF7642
     /tmp/ccal6mT6.s:90599  .debug_str:000000000000c611 .LASF7643
     /tmp/ccal6mT6.s:96921  .debug_str:0000000000025b16 .LASF7644
     /tmp/ccal6mT6.s:98763  .debug_str:000000000002d370 .LASF7645
     /tmp/ccal6mT6.s:92919  .debug_str:00000000000154fa .LASF7646
     /tmp/ccal6mT6.s:95711  .debug_str:0000000000020ec3 .LASF7647
     /tmp/ccal6mT6.s:98059  .debug_str:000000000002a4e3 .LASF7648
     /tmp/ccal6mT6.s:90227  .debug_str:000000000000abcc .LASF7649
     /tmp/ccal6mT6.s:96743  .debug_str:0000000000024e9f .LASF7650
     /tmp/ccal6mT6.s:96711  .debug_str:0000000000024cb4 .LASF7651
     /tmp/ccal6mT6.s:96717  .debug_str:0000000000024cf4 .LASF7652
     /tmp/ccal6mT6.s:89275  .debug_str:0000000000006c9c .LASF7653
     /tmp/ccal6mT6.s:98507  .debug_str:000000000002c1d9 .LASF7654
     /tmp/ccal6mT6.s:98491  .debug_str:000000000002c04a .LASF7655
     /tmp/ccal6mT6.s:102829  .debug_str:000000000003dd9a .LASF7656
     /tmp/ccal6mT6.s:88761  .debug_str:00000000000049c4 .LASF7657
     /tmp/ccal6mT6.s:105489  .debug_str:0000000000048fa9 .LASF7658
     /tmp/ccal6mT6.s:99073  .debug_str:000000000002e84c .LASF7659
     /tmp/ccal6mT6.s:105131  .debug_str:0000000000047689 .LASF7660
     /tmp/ccal6mT6.s:101699  .debug_str:000000000003918d .LASF7661
     /tmp/ccal6mT6.s:96915  .debug_str:0000000000025aa4 .LASF7662
     /tmp/ccal6mT6.s:92493  .debug_str:0000000000013a46 .LASF7663
     /tmp/ccal6mT6.s:88967  .debug_str:0000000000005823 .LASF7664
     /tmp/ccal6mT6.s:103543  .debug_str:0000000000040d26 .LASF7665
     /tmp/ccal6mT6.s:97715  .debug_str:0000000000028fd3 .LASF7666
     /tmp/ccal6mT6.s:97717  .debug_str:0000000000028fe1 .LASF7667
     /tmp/ccal6mT6.s:97719  .debug_str:0000000000028fef .LASF7668
     /tmp/ccal6mT6.s:97721  .debug_str:0000000000028ffd .LASF7669
     /tmp/ccal6mT6.s:97723  .debug_str:000000000002900b .LASF7670
     /tmp/ccal6mT6.s:97725  .debug_str:0000000000029019 .LASF7671
     /tmp/ccal6mT6.s:97727  .debug_str:0000000000029027 .LASF7672
     /tmp/ccal6mT6.s:97729  .debug_str:0000000000029035 .LASF7673
     /tmp/ccal6mT6.s:97731  .debug_str:0000000000029043 .LASF7674
     /tmp/ccal6mT6.s:97733  .debug_str:0000000000029051 .LASF7675
     /tmp/ccal6mT6.s:105403  .debug_str:0000000000048948 .LASF7676
     /tmp/ccal6mT6.s:90247  .debug_str:000000000000ad9f .LASF7677
     /tmp/ccal6mT6.s:100533  .debug_str:0000000000034ab1 .LASF7678
     /tmp/ccal6mT6.s:96309  .debug_str:0000000000023698 .LASF7679
     /tmp/ccal6mT6.s:88813  .debug_str:0000000000004d48 .LASF7680
     /tmp/ccal6mT6.s:103695  .debug_str:0000000000041862 .LASF7681
     /tmp/ccal6mT6.s:95719  .debug_str:0000000000020f58 .LASF7682
     /tmp/ccal6mT6.s:92993  .debug_str:000000000001599a .LASF7683
     /tmp/ccal6mT6.s:103705  .debug_str:00000000000418d1 .LASF7684
     /tmp/ccal6mT6.s:88699  .debug_str:00000000000044ef .LASF7685
     /tmp/ccal6mT6.s:87777  .debug_str:00000000000005ba .LASF7686
     /tmp/ccal6mT6.s:94947  .debug_str:000000000001d9be .LASF7687
     /tmp/ccal6mT6.s:91563  .debug_str:000000000000fe35 .LASF7688
     /tmp/ccal6mT6.s:106137  .debug_str:000000000004be16 .LASF7689
     /tmp/ccal6mT6.s:90369  .debug_str:000000000000b6c4 .LASF7690
     /tmp/ccal6mT6.s:97769  .debug_str:0000000000029282 .LASF7691
     /tmp/ccal6mT6.s:100647  .debug_str:0000000000035228 .LASF7692
     /tmp/ccal6mT6.s:104155  .debug_str:00000000000435e1 .LASF7693
     /tmp/ccal6mT6.s:104605  .debug_str:00000000000452f5 .LASF7694
     /tmp/ccal6mT6.s:92145  .debug_str:000000000001243f .LASF7695
     /tmp/ccal6mT6.s:104157  .debug_str:00000000000435f4 .LASF7696
     /tmp/ccal6mT6.s:98747  .debug_str:000000000002d248 .LASF7697
     /tmp/ccal6mT6.s:93561  .debug_str:0000000000017ed8 .LASF7698
     /tmp/ccal6mT6.s:88793  .debug_str:0000000000004b9f .LASF7699
     /tmp/ccal6mT6.s:104351  .debug_str:0000000000044227 .LASF7700
     /tmp/ccal6mT6.s:93563  .debug_str:0000000000017eea .LASF7701
     /tmp/ccal6mT6.s:100577  .debug_str:0000000000034db3 .LASF7702
     /tmp/ccal6mT6.s:98475  .debug_str:000000000002bf1b .LASF7703
     /tmp/ccal6mT6.s:93565  .debug_str:0000000000017efc .LASF7704
     /tmp/ccal6mT6.s:88797  .debug_str:0000000000004bdd .LASF7705
     /tmp/ccal6mT6.s:92383  .debug_str:00000000000133a8 .LASF7706
     /tmp/ccal6mT6.s:95921  .debug_str:0000000000021d44 .LASF7707
     /tmp/ccal6mT6.s:100583  .debug_str:0000000000034e25 .LASF7708
     /tmp/ccal6mT6.s:105239  .debug_str:0000000000047db4 .LASF7709
     /tmp/ccal6mT6.s:92033  .debug_str:0000000000011cdf .LASF7710
     /tmp/ccal6mT6.s:105541  .debug_str:0000000000049329 .LASF7711
     /tmp/ccal6mT6.s:90053  .debug_str:000000000000a027 .LASF7712
     /tmp/ccal6mT6.s:92035  .debug_str:0000000000011cf1 .LASF7713
     /tmp/ccal6mT6.s:106127  .debug_str:000000000004bd93 .LASF7714
     /tmp/ccal6mT6.s:103031  .debug_str:000000000003ea2d .LASF7715
     /tmp/ccal6mT6.s:92037  .debug_str:0000000000011d03 .LASF7716
     /tmp/ccal6mT6.s:106129  .debug_str:000000000004bda5 .LASF7717
     /tmp/ccal6mT6.s:97127  .debug_str:00000000000268a4 .LASF7718
     /tmp/ccal6mT6.s:92935  .debug_str:00000000000155fe .LASF7719
     /tmp/ccal6mT6.s:87831  .debug_str:000000000000094b .LASF7720
     /tmp/ccal6mT6.s:98537  .debug_str:000000000002c3a2 .LASF7721
     /tmp/ccal6mT6.s:101143  .debug_str:0000000000037062 .LASF7722
     /tmp/ccal6mT6.s:93879  .debug_str:0000000000019476 .LASF7723
     /tmp/ccal6mT6.s:99389  .debug_str:000000000002fcf0 .LASF7724
     /tmp/ccal6mT6.s:93141  .debug_str:000000000001638b .LASF7725
     /tmp/ccal6mT6.s:103921  .debug_str:0000000000042772 .LASF7726
     /tmp/ccal6mT6.s:88313  .debug_str:0000000000002ac1 .LASF7727
     /tmp/ccal6mT6.s:98233  .debug_str:000000000002b0c6 .LASF7728
     /tmp/ccal6mT6.s:89725  .debug_str:0000000000008a0e .LASF7729
     /tmp/ccal6mT6.s:92341  .debug_str:000000000001311d .LASF7730
     /tmp/ccal6mT6.s:93159  .debug_str:00000000000164a9 .LASF7731
     /tmp/ccal6mT6.s:99509  .debug_str:0000000000030499 .LASF7732
     /tmp/ccal6mT6.s:96705  .debug_str:0000000000024c4d .LASF7733
     /tmp/ccal6mT6.s:103469  .debug_str:0000000000040819 .LASF7734
     /tmp/ccal6mT6.s:87993  .debug_str:0000000000001404 .LASF7735
     /tmp/ccal6mT6.s:106159  .debug_str:000000000004bfa0 .LASF7736
     /tmp/ccal6mT6.s:103481  .debug_str:00000000000408d0 .LASF7737
     /tmp/ccal6mT6.s:95537  .debug_str:00000000000203b7 .LASF7738
     /tmp/ccal6mT6.s:96143  .debug_str:0000000000022c17 .LASF7739
     /tmp/ccal6mT6.s:96709  .debug_str:0000000000024ca8 .LASF7740
     /tmp/ccal6mT6.s:88601  .debug_str:0000000000003e48 .LASF7741
     /tmp/ccal6mT6.s:98935  .debug_str:000000000002df16 .LASF7742
     /tmp/ccal6mT6.s:104037  .debug_str:0000000000042ebd .LASF7743
     /tmp/ccal6mT6.s:105513  .debug_str:000000000004914c .LASF7744
     /tmp/ccal6mT6.s:89669  .debug_str:0000000000008648 .LASF7745
     /tmp/ccal6mT6.s:90175  .debug_str:000000000000a830 .LASF7746
     /tmp/ccal6mT6.s:92879  .debug_str:00000000000152e8 .LASF7747
     /tmp/ccal6mT6.s:100799  .debug_str:0000000000035c3c .LASF7748
     /tmp/ccal6mT6.s:97431  .debug_str:0000000000027d61 .LASF7749
     /tmp/ccal6mT6.s:89607  .debug_str:0000000000008212 .LASF7750
     /tmp/ccal6mT6.s:95063  .debug_str:000000000001e206 .LASF7751
     /tmp/ccal6mT6.s:92589  .debug_str:0000000000013fc6 .LASF7752
     /tmp/ccal6mT6.s:93429  .debug_str:0000000000017798 .LASF7753
     /tmp/ccal6mT6.s:104501  .debug_str:0000000000044bbf .LASF7754
     /tmp/ccal6mT6.s:88177  .debug_str:000000000000211e .LASF7755
     /tmp/ccal6mT6.s:106225  .debug_str:000000000004c3c2 .LASF7756
     /tmp/ccal6mT6.s:100965  .debug_str:0000000000036633 .LASF7757
     /tmp/ccal6mT6.s:99989  .debug_str:00000000000325e4 .LASF7758
     /tmp/ccal6mT6.s:87961  .debug_str:00000000000011f4 .LASF7759
     /tmp/ccal6mT6.s:95793  .debug_str:0000000000021401 .LASF7760
     /tmp/ccal6mT6.s:101449  .debug_str:00000000000380c2 .LASF7761
     /tmp/ccal6mT6.s:100885  .debug_str:000000000003615b .LASF7762
     /tmp/ccal6mT6.s:104961  .debug_str:0000000000046ad7 .LASF7763
     /tmp/ccal6mT6.s:104705  .debug_str:00000000000459dc .LASF7764
     /tmp/ccal6mT6.s:99001  .debug_str:000000000002e358 .LASF7765
     /tmp/ccal6mT6.s:94007  .debug_str:0000000000019da1 .LASF7766
     /tmp/ccal6mT6.s:105283  .debug_str:000000000004807a .LASF7767
     /tmp/ccal6mT6.s:95883  .debug_str:0000000000021aa7 .LASF7768
     /tmp/ccal6mT6.s:105009  .debug_str:0000000000046e65 .LASF7769
     /tmp/ccal6mT6.s:101805  .debug_str:0000000000039922 .LASF7770
     /tmp/ccal6mT6.s:98917  .debug_str:000000000002de48 .LASF7771
     /tmp/ccal6mT6.s:102245  .debug_str:000000000003b68e .LASF7772
     /tmp/ccal6mT6.s:88301  .debug_str:0000000000002988 .LASF7773
     /tmp/ccal6mT6.s:96259  .debug_str:0000000000023480 .LASF7774
     /tmp/ccal6mT6.s:97129  .debug_str:00000000000268ca .LASF7775
     /tmp/ccal6mT6.s:92161  .debug_str:000000000001253b .LASF7776
     /tmp/ccal6mT6.s:102369  .debug_str:000000000003bf5e .LASF7777
     /tmp/ccal6mT6.s:98195  .debug_str:000000000002ae51 .LASF7778
     /tmp/ccal6mT6.s:99283  .debug_str:000000000002f6cd .LASF7779
     /tmp/ccal6mT6.s:93351  .debug_str:0000000000017249 .LASF7780
     /tmp/ccal6mT6.s:104979  .debug_str:0000000000046c06 .LASF7781
     /tmp/ccal6mT6.s:97049  .debug_str:0000000000026363 .LASF7782
     /tmp/ccal6mT6.s:91623  .debug_str:0000000000010121 .LASF7783
     /tmp/ccal6mT6.s:88739  .debug_str:00000000000047ef .LASF7784
     /tmp/ccal6mT6.s:103331  .debug_str:000000000003ffaa .LASF7785
     /tmp/ccal6mT6.s:88743  .debug_str:000000000000483c .LASF7786
     /tmp/ccal6mT6.s:92917  .debug_str:00000000000154cf .LASF7787
     /tmp/ccal6mT6.s:90671  .debug_str:000000000000ca89 .LASF7788
     /tmp/ccal6mT6.s:105603  .debug_str:000000000004975e .LASF7789
     /tmp/ccal6mT6.s:101625  .debug_str:0000000000038c95 .LASF7790
     /tmp/ccal6mT6.s:95277  .debug_str:000000000001f163 .LASF7791
     /tmp/ccal6mT6.s:97017  .debug_str:00000000000260d7 .LASF7792
     /tmp/ccal6mT6.s:96147  .debug_str:0000000000022c40 .LASF7793
     /tmp/ccal6mT6.s:92865  .debug_str:0000000000015219 .LASF7794
     /tmp/ccal6mT6.s:95595  .debug_str:00000000000207c4 .LASF7795
     /tmp/ccal6mT6.s:98637  .debug_str:000000000002ca60 .LASF7796
     /tmp/ccal6mT6.s:87941  .debug_str:00000000000010a2 .LASF7797
     /tmp/ccal6mT6.s:90881  .debug_str:000000000000d781 .LASF7798
     /tmp/ccal6mT6.s:104127  .debug_str:000000000004342b .LASF7799
     /tmp/ccal6mT6.s:94429  .debug_str:000000000001b696 .LASF7800
     /tmp/ccal6mT6.s:102141  .debug_str:000000000003af94 .LASF7801
     /tmp/ccal6mT6.s:92135  .debug_str:0000000000012379 .LASF7802
     /tmp/ccal6mT6.s:99807  .debug_str:00000000000319d2 .LASF7803
     /tmp/ccal6mT6.s:89327  .debug_str:000000000000702e .LASF7804
     /tmp/ccal6mT6.s:93707  .debug_str:000000000001890d .LASF7805
     /tmp/ccal6mT6.s:98087  .debug_str:000000000002a70d .LASF7806
     /tmp/ccal6mT6.s:100529  .debug_str:0000000000034a70 .LASF7807
     /tmp/ccal6mT6.s:94685  .debug_str:000000000001c75f .LASF7808
     /tmp/ccal6mT6.s:103861  .debug_str:0000000000042311 .LASF7809
     /tmp/ccal6mT6.s:91897  .debug_str:000000000001131c .LASF7810
     /tmp/ccal6mT6.s:98845  .debug_str:000000000002d890 .LASF7811
     /tmp/ccal6mT6.s:92883  .debug_str:000000000001531c .LASF7812
     /tmp/ccal6mT6.s:103701  .debug_str:00000000000418b9 .LASF7813
     /tmp/ccal6mT6.s:103325  .debug_str:000000000003ff23 .LASF7814
     /tmp/ccal6mT6.s:97785  .debug_str:00000000000293ac .LASF7815
     /tmp/ccal6mT6.s:105469  .debug_str:0000000000048e35 .LASF7816
     /tmp/ccal6mT6.s:92615  .debug_str:00000000000140f6 .LASF7817
     /tmp/ccal6mT6.s:93311  .debug_str:0000000000016ffe .LASF7818
     /tmp/ccal6mT6.s:102157  .debug_str:000000000003b094 .LASF7819
     /tmp/ccal6mT6.s:102641  .debug_str:000000000003d105 .LASF7820
     /tmp/ccal6mT6.s:91471  .debug_str:000000000000f889 .LASF7821
     /tmp/ccal6mT6.s:100429  .debug_str:000000000003441c .LASF7822
     /tmp/ccal6mT6.s:94785  .debug_str:000000000001cebe .LASF7823
     /tmp/ccal6mT6.s:98683  .debug_str:000000000002cd65 .LASF7824
     /tmp/ccal6mT6.s:95225  .debug_str:000000000001ed9d .LASF7825
     /tmp/ccal6mT6.s:104013  .debug_str:0000000000042ce4 .LASF7826
     /tmp/ccal6mT6.s:104347  .debug_str:00000000000441da .LASF7827
     /tmp/ccal6mT6.s:87933  .debug_str:0000000000001045 .LASF7828
     /tmp/ccal6mT6.s:105499  .debug_str:000000000004901c .LASF7829
     /tmp/ccal6mT6.s:106489  .debug_str:000000000004d5b9 .LASF7830
     /tmp/ccal6mT6.s:96245  .debug_str:000000000002338f .LASF7831
     /tmp/ccal6mT6.s:91085  .debug_str:000000000000e34d .LASF7832
     /tmp/ccal6mT6.s:103743  .debug_str:0000000000041b4b .LASF7833
     /tmp/ccal6mT6.s:90993  .debug_str:000000000000deab .LASF7834
     /tmp/ccal6mT6.s:87733  .debug_str:0000000000000280 .LASF7835
     /tmp/ccal6mT6.s:103735  .debug_str:0000000000041af8 .LASF7836
     /tmp/ccal6mT6.s:93647  .debug_str:00000000000184a4 .LASF7837
     /tmp/ccal6mT6.s:91797  .debug_str:0000000000010bfd .LASF7838
     /tmp/ccal6mT6.s:93241  .debug_str:0000000000016af0 .LASF7839
     /tmp/ccal6mT6.s:95679  .debug_str:0000000000020d5f .LASF7840
     /tmp/ccal6mT6.s:93587  .debug_str:0000000000018065 .LASF7841
     /tmp/ccal6mT6.s:94771  .debug_str:000000000001cd8f .LASF7842
     /tmp/ccal6mT6.s:92951  .debug_str:00000000000156ed .LASF7843
     /tmp/ccal6mT6.s:98309  .debug_str:000000000002b588 .LASF7844
     /tmp/ccal6mT6.s:97027  .debug_str:0000000000026156 .LASF7845
     /tmp/ccal6mT6.s:99367  .debug_str:000000000002fba0 .LASF7846
     /tmp/ccal6mT6.s:103589  .debug_str:000000000004105e .LASF7847
     /tmp/ccal6mT6.s:97947  .debug_str:0000000000029e2d .LASF7848
     /tmp/ccal6mT6.s:104085  .debug_str:0000000000043131 .LASF7849
     /tmp/ccal6mT6.s:96937  .debug_str:0000000000025c3b .LASF7850
     /tmp/ccal6mT6.s:97937  .debug_str:0000000000029da5 .LASF7851
     /tmp/ccal6mT6.s:104081  .debug_str:00000000000430ff .LASF7852
     /tmp/ccal6mT6.s:101051  .debug_str:0000000000036b36 .LASF7853
     /tmp/ccal6mT6.s:103849  .debug_str:000000000004223d .LASF7854
     /tmp/ccal6mT6.s:91103  .debug_str:000000000000e41f .LASF7855
     /tmp/ccal6mT6.s:94679  .debug_str:000000000001c6f8 .LASF7856
     /tmp/ccal6mT6.s:103839  .debug_str:00000000000421de .LASF7857
     /tmp/ccal6mT6.s:91101  .debug_str:000000000000e415 .LASF7858
     /tmp/ccal6mT6.s:92279  .debug_str:0000000000012d35 .LASF7859
     /tmp/ccal6mT6.s:87731  .debug_str:000000000000026f .LASF7860
     /tmp/ccal6mT6.s:87699  .debug_str:0000000000000058 .LASF7861
     /tmp/ccal6mT6.s:89553  .debug_str:0000000000007e1a .LASF7862
     /tmp/ccal6mT6.s:90811  .debug_str:000000000000d383 .LASF7863
     /tmp/ccal6mT6.s:90777  .debug_str:000000000000d133 .LASF7864
     /tmp/ccal6mT6.s:106399  .debug_str:000000000004cf5e .LASF7865
     /tmp/ccal6mT6.s:94267  .debug_str:000000000001ad15 .LASF7866
     /tmp/ccal6mT6.s:88773  .debug_str:0000000000004a68 .LASF7867
     /tmp/ccal6mT6.s:93249  .debug_str:0000000000016b80 .LASF7868
     /tmp/ccal6mT6.s:101225  .debug_str:00000000000374a4 .LASF7869
     /tmp/ccal6mT6.s:102015  .debug_str:000000000003a72a .LASF7870
     /tmp/ccal6mT6.s:101755  .debug_str:0000000000039520 .LASF7871
     /tmp/ccal6mT6.s:90985  .debug_str:000000000000de4b .LASF7872
     /tmp/ccal6mT6.s:90799  .debug_str:000000000000d2ba .LASF7873
     /tmp/ccal6mT6.s:95715  .debug_str:0000000000020f1a .LASF7874
     /tmp/ccal6mT6.s:101237  .debug_str:000000000003759d .LASF7875
     /tmp/ccal6mT6.s:102023  .debug_str:000000000003a7c3 .LASF7876
     /tmp/ccal6mT6.s:102577  .debug_str:000000000003cdc2 .LASF7877
     /tmp/ccal6mT6.s:90865  .debug_str:000000000000d633 .LASF7878
     /tmp/ccal6mT6.s:90387  .debug_str:000000000000b7e8 .LASF7879
     /tmp/ccal6mT6.s:87997  .debug_str:0000000000001420 .LASF7880
     /tmp/ccal6mT6.s:100813  .debug_str:0000000000035d5c .LASF7881
     /tmp/ccal6mT6.s:88279  .debug_str:000000000000284a .LASF7882
     /tmp/ccal6mT6.s:96907  .debug_str:00000000000259fe .LASF7883
     /tmp/ccal6mT6.s:100815  .debug_str:0000000000035d74 .LASF7884
     /tmp/ccal6mT6.s:95487  .debug_str:000000000002001f .LASF7885
     /tmp/ccal6mT6.s:103005  .debug_str:000000000003e846 .LASF7886
     /tmp/ccal6mT6.s:105905  .debug_str:000000000004ac8d .LASF7887
     /tmp/ccal6mT6.s:93447  .debug_str:000000000001789e .LASF7888
     /tmp/ccal6mT6.s:99143  .debug_str:000000000002ed10 .LASF7889
     /tmp/ccal6mT6.s:105907  .debug_str:000000000004aca5 .LASF7890
     /tmp/ccal6mT6.s:93449  .debug_str:00000000000178b6 .LASF7891
     /tmp/ccal6mT6.s:93057  .debug_str:0000000000015dec .LASF7892
     /tmp/ccal6mT6.s:93259  .debug_str:0000000000016c22 .LASF7893
     /tmp/ccal6mT6.s:98735  .debug_str:000000000002d14b .LASF7894
     /tmp/ccal6mT6.s:91743  .debug_str:0000000000010960 .LASF7895
     /tmp/ccal6mT6.s:92223  .debug_str:00000000000129e6 .LASF7896
     /tmp/ccal6mT6.s:98737  .debug_str:000000000002d163 .LASF7897
     /tmp/ccal6mT6.s:104659  .debug_str:00000000000456f7 .LASF7898
     /tmp/ccal6mT6.s:97473  .debug_str:0000000000027f26 .LASF7899
     /tmp/ccal6mT6.s:103805  .debug_str:0000000000041f6a .LASF7900
     /tmp/ccal6mT6.s:103537  .debug_str:0000000000040cb6 .LASF7901
     /tmp/ccal6mT6.s:97475  .debug_str:0000000000027f3e .LASF7902
     /tmp/ccal6mT6.s:103807  .debug_str:0000000000041f82 .LASF7903
     /tmp/ccal6mT6.s:90121  .debug_str:000000000000a489 .LASF7904
     /tmp/ccal6mT6.s:102573  .debug_str:000000000003cd92 .LASF7905
     /tmp/ccal6mT6.s:99123  .debug_str:000000000002eb85 .LASF7906
     /tmp/ccal6mT6.s:96421  .debug_str:0000000000023d9a .LASF7907
     /tmp/ccal6mT6.s:102575  .debug_str:000000000003cdaa .LASF7908
     /tmp/ccal6mT6.s:90029  .debug_str:0000000000009e0d .LASF7909
     /tmp/ccal6mT6.s:90349  .debug_str:000000000000b567 .LASF7910
     /tmp/ccal6mT6.s:88829  .debug_str:0000000000004e0b .LASF7911
     /tmp/ccal6mT6.s:95345  .debug_str:000000000001f74a .LASF7912
     /tmp/ccal6mT6.s:89091  .debug_str:0000000000005f77 .LASF7913
     /tmp/ccal6mT6.s:88831  .debug_str:0000000000004e23 .LASF7914
     /tmp/ccal6mT6.s:95347  .debug_str:000000000001f762 .LASF7915
     /tmp/ccal6mT6.s:102109  .debug_str:000000000003ad5a .LASF7916
     /tmp/ccal6mT6.s:94043  .debug_str:0000000000019f4d .LASF7917
     /tmp/ccal6mT6.s:100485  .debug_str:00000000000347bf .LASF7918
     /tmp/ccal6mT6.s:97547  .debug_str:000000000002842f .LASF7919
     /tmp/ccal6mT6.s:94045  .debug_str:0000000000019f65 .LASF7920
     /tmp/ccal6mT6.s:100487  .debug_str:00000000000347d7 .LASF7921
     /tmp/ccal6mT6.s:94941  .debug_str:000000000001d948 .LASF7922
     /tmp/ccal6mT6.s:99287  .debug_str:000000000002f6e9 .LASF7923
     /tmp/ccal6mT6.s:105573  .debug_str:0000000000049586 .LASF7924
     /tmp/ccal6mT6.s:93749  .debug_str:0000000000018be9 .LASF7925
     /tmp/ccal6mT6.s:99289  .debug_str:000000000002f701 .LASF7926
     /tmp/ccal6mT6.s:105575  .debug_str:000000000004959e .LASF7927
     /tmp/ccal6mT6.s:87797  .debug_str:00000000000006e4 .LASF7928
     /tmp/ccal6mT6.s:104393  .debug_str:0000000000044483 .LASF7929
     /tmp/ccal6mT6.s:91915  .debug_str:0000000000011465 .LASF7930
     /tmp/ccal6mT6.s:105299  .debug_str:000000000004815d .LASF7931
     /tmp/ccal6mT6.s:104395  .debug_str:000000000004449b .LASF7932
     /tmp/ccal6mT6.s:91917  .debug_str:000000000001147d .LASF7933
     /tmp/ccal6mT6.s:99453  .debug_str:000000000003014c .LASF7934
     /tmp/ccal6mT6.s:90609  .debug_str:000000000000c690 .LASF7935
     /tmp/ccal6mT6.s:97153  .debug_str:0000000000026a6a .LASF7936
     /tmp/ccal6mT6.s:98339  .debug_str:000000000002b721 .LASF7937
     /tmp/ccal6mT6.s:90611  .debug_str:000000000000c6a8 .LASF7938
     /tmp/ccal6mT6.s:94157  .debug_str:000000000001a620 .LASF7939
     /tmp/ccal6mT6.s:92251  .debug_str:0000000000012bd5 .LASF7940
     /tmp/ccal6mT6.s:106035  .debug_str:000000000004b751 .LASF7941
     /tmp/ccal6mT6.s:92079  .debug_str:0000000000011fba .LASF7942
     /tmp/ccal6mT6.s:94431  .debug_str:000000000001b6ae .LASF7943
     /tmp/ccal6mT6.s:106037  .debug_str:000000000004b76a .LASF7944
     /tmp/ccal6mT6.s:92081  .debug_str:0000000000011fd3 .LASF7945
     /tmp/ccal6mT6.s:88423  .debug_str:0000000000003274 .LASF7946
     /tmp/ccal6mT6.s:92351  .debug_str:00000000000131a9 .LASF7947
     /tmp/ccal6mT6.s:101747  .debug_str:0000000000039488 .LASF7948
     /tmp/ccal6mT6.s:106123  .debug_str:000000000004bd46 .LASF7949
     /tmp/ccal6mT6.s:92353  .debug_str:00000000000131c2 .LASF7950
     /tmp/ccal6mT6.s:97311  .debug_str:00000000000274e4 .LASF7951
     /tmp/ccal6mT6.s:100243  .debug_str:000000000003371c .LASF7952
     /tmp/ccal6mT6.s:95661  .debug_str:0000000000020ca1 .LASF7953
     /tmp/ccal6mT6.s:102439  .debug_str:000000000003c47e .LASF7954
     /tmp/ccal6mT6.s:99119  .debug_str:000000000002eb2e .LASF7955
     /tmp/ccal6mT6.s:95663  .debug_str:0000000000020cba .LASF7956
     /tmp/ccal6mT6.s:102441  .debug_str:000000000003c497 .LASF7957
     /tmp/ccal6mT6.s:93029  .debug_str:0000000000015bfd .LASF7958
     /tmp/ccal6mT6.s:105917  .debug_str:000000000004ad81 .LASF7959
     /tmp/ccal6mT6.s:88683  .debug_str:000000000000440c .LASF7960
     /tmp/ccal6mT6.s:91713  .debug_str:00000000000106de .LASF7961
     /tmp/ccal6mT6.s:102713  .debug_str:000000000003d5f5 .LASF7962
     /tmp/ccal6mT6.s:88685  .debug_str:0000000000004425 .LASF7963
     /tmp/ccal6mT6.s:104633  .debug_str:00000000000454f4 .LASF7964
     /tmp/ccal6mT6.s:88969  .debug_str:000000000000582e .LASF7965
     /tmp/ccal6mT6.s:93881  .debug_str:0000000000019487 .LASF7966
     /tmp/ccal6mT6.s:103507  .debug_str:0000000000040aad .LASF7967
     /tmp/ccal6mT6.s:88971  .debug_str:0000000000005847 .LASF7968
     /tmp/ccal6mT6.s:102221  .debug_str:000000000003b50b .LASF7969
     /tmp/ccal6mT6.s:97603  .debug_str:000000000002882a .LASF7970
     /tmp/ccal6mT6.s:94203  .debug_str:000000000001a8c3 .LASF7971
     /tmp/ccal6mT6.s:99151  .debug_str:000000000002edab .LASF7972
     /tmp/ccal6mT6.s:96393  .debug_str:0000000000023bf4 .LASF7973
     /tmp/ccal6mT6.s:88839  .debug_str:0000000000004ebd .LASF7974
     /tmp/ccal6mT6.s:99153  .debug_str:000000000002edc4 .LASF7975
     /tmp/ccal6mT6.s:90319  .debug_str:000000000000b2bd .LASF7976
     /tmp/ccal6mT6.s:100581  .debug_str:0000000000034e07 .LASF7977
     /tmp/ccal6mT6.s:93163  .debug_str:00000000000164d6 .LASF7978
     /tmp/ccal6mT6.s:99165  .debug_str:000000000002eed1 .LASF7979
     /tmp/ccal6mT6.s:100055  .debug_str:0000000000032a76 .LASF7980
     /tmp/ccal6mT6.s:89801  .debug_str:0000000000008f2e .LASF7981
     /tmp/ccal6mT6.s:99497  .debug_str:00000000000303e6 .LASF7982
     /tmp/ccal6mT6.s:100057  .debug_str:0000000000032a83 .LASF7983
     /tmp/ccal6mT6.s:91953  .debug_str:000000000001172a .LASF7984
     /tmp/ccal6mT6.s:93437  .debug_str:0000000000017814 .LASF7985
     /tmp/ccal6mT6.s:100059  .debug_str:0000000000032a90 .LASF7986
     /tmp/ccal6mT6.s:89807  .debug_str:0000000000008f72 .LASF7987
     /tmp/ccal6mT6.s:100425  .debug_str:00000000000343e3 .LASF7988
     /tmp/ccal6mT6.s:98661  .debug_str:000000000002cc0e .LASF7989
     /tmp/ccal6mT6.s:89273  .debug_str:0000000000006c90 .LASF7990
     /tmp/ccal6mT6.s:94543  .debug_str:000000000001be2f .LASF7991
     /tmp/ccal6mT6.s:102587  .debug_str:000000000003ce1d .LASF7992
     /tmp/ccal6mT6.s:94275  .debug_str:000000000001adad .LASF7993
     /tmp/ccal6mT6.s:105581  .debug_str:0000000000049613 .LASF7994
     /tmp/ccal6mT6.s:91873  .debug_str:0000000000011173 .LASF7995
     /tmp/ccal6mT6.s:101891  .debug_str:0000000000039e16 .LASF7996
     /tmp/ccal6mT6.s:92245  .debug_str:0000000000012b6b .LASF7997
     /tmp/ccal6mT6.s:100379  .debug_str:00000000000340a1 .LASF7998
     /tmp/ccal6mT6.s:94487  .debug_str:000000000001bac3 .LASF7999
     /tmp/ccal6mT6.s:87821  .debug_str:00000000000008a5 .LASF8000
     /tmp/ccal6mT6.s:95455  .debug_str:000000000001fdac .LASF8001
     /tmp/ccal6mT6.s:99543  .debug_str:00000000000306e9 .LASF8002
     /tmp/ccal6mT6.s:104189  .debug_str:00000000000437be .LASF8003
     /tmp/ccal6mT6.s:93283  .debug_str:0000000000016ddf .LASF8004
     /tmp/ccal6mT6.s:97469  .debug_str:0000000000027ef7 .LASF8005
     /tmp/ccal6mT6.s:102251  .debug_str:000000000003b6d8 .LASF8006
     /tmp/ccal6mT6.s:103645  .debug_str:00000000000414f5 .LASF8007
     /tmp/ccal6mT6.s:100271  .debug_str:00000000000338ed .LASF8008
     /tmp/ccal6mT6.s:100633  .debug_str:0000000000035164 .LASF8009
     /tmp/ccal6mT6.s:88117  .debug_str:0000000000001ca1 .LASF8010
     /tmp/ccal6mT6.s:101771  .debug_str:0000000000039635 .LASF8011
     /tmp/ccal6mT6.s:94697  .debug_str:000000000001c841 .LASF8012
     /tmp/ccal6mT6.s:103187  .debug_str:000000000003f64a .LASF8013
     /tmp/ccal6mT6.s:106187  .debug_str:000000000004c145 .LASF8014
     /tmp/ccal6mT6.s:103261  .debug_str:000000000003fab6 .LASF8015
     /tmp/ccal6mT6.s:92475  .debug_str:000000000001396d .LASF8016
     /tmp/ccal6mT6.s:98427  .debug_str:000000000002bc15 .LASF8017
     /tmp/ccal6mT6.s:98345  .debug_str:000000000002b769 .LASF8018
     /tmp/ccal6mT6.s:102699  .debug_str:000000000003d533 .LASF8019
     /tmp/ccal6mT6.s:98655  .debug_str:000000000002cbab .LASF8020
     /tmp/ccal6mT6.s:100211  .debug_str:00000000000334d9 .LASF8021
     /tmp/ccal6mT6.s:88469  .debug_str:0000000000003508 .LASF8022
     /tmp/ccal6mT6.s:98443  .debug_str:000000000002bd12 .LASF8023
     /tmp/ccal6mT6.s:98263  .debug_str:000000000002b286 .LASF8024
     /tmp/ccal6mT6.s:94881  .debug_str:000000000001d5a2 .LASF8025
     /tmp/ccal6mT6.s:97901  .debug_str:0000000000029a74 .LASF8026
     /tmp/ccal6mT6.s:87847  .debug_str:0000000000000a4a .LASF8027
     /tmp/ccal6mT6.s:96749  .debug_str:0000000000024f16 .LASF8028
     /tmp/ccal6mT6.s:100027  .debug_str:0000000000032887 .LASF8029
     /tmp/ccal6mT6.s:97181  .debug_str:0000000000026c0d .LASF8030
     /tmp/ccal6mT6.s:94105  .debug_str:000000000001a354 .LASF8031
     /tmp/ccal6mT6.s:106491  .debug_str:000000000004d5cf .LASF8032
     /tmp/ccal6mT6.s:95323  .debug_str:000000000001f4f5 .LASF8033
     /tmp/ccal6mT6.s:90127  .debug_str:000000000000a508 .LASF8034
     /tmp/ccal6mT6.s:100153  .debug_str:0000000000033141 .LASF8035
     /tmp/ccal6mT6.s:106495  .debug_str:000000000004d5f9 .LASF8036
     /tmp/ccal6mT6.s:89689  .debug_str:000000000000875d .LASF8037
     /tmp/ccal6mT6.s:89463  .debug_str:00000000000078c4 .LASF8038
     /tmp/ccal6mT6.s:95737  .debug_str:0000000000021106 .LASF8039
     /tmp/ccal6mT6.s:105103  .debug_str:0000000000047527 .LASF8040
     /tmp/ccal6mT6.s:91239  .debug_str:000000000000eaeb .LASF8041
     /tmp/ccal6mT6.s:99465  .debug_str:0000000000030217 .LASF8042
     /tmp/ccal6mT6.s:95181  .debug_str:000000000001ea0a .LASF8043
     /tmp/ccal6mT6.s:89473  .debug_str:000000000000792c .LASF8044
     /tmp/ccal6mT6.s:93829  .debug_str:0000000000019105 .LASF8045
     /tmp/ccal6mT6.s:92391  .debug_str:0000000000013421 .LASF8046
     /tmp/ccal6mT6.s:105425  .debug_str:0000000000048ad9 .LASF8047
     /tmp/ccal6mT6.s:101677  .debug_str:0000000000038fda .LASF8048
     /tmp/ccal6mT6.s:106453  .debug_str:000000000004d308 .LASF8049
     /tmp/ccal6mT6.s:90853  .debug_str:000000000000d593 .LASF8050
     /tmp/ccal6mT6.s:88651  .debug_str:0000000000004253 .LASF8051
     /tmp/ccal6mT6.s:88725  .debug_str:0000000000004719 .LASF8052
     /tmp/ccal6mT6.s:92117  .debug_str:0000000000012246 .LASF8053
     /tmp/ccal6mT6.s:105063  .debug_str:000000000004726b .LASF8054
     /tmp/ccal6mT6.s:91397  .debug_str:000000000000f50c .LASF8055
     /tmp/ccal6mT6.s:90921  .debug_str:000000000000d9ed .LASF8056
     /tmp/ccal6mT6.s:93401  .debug_str:0000000000017574 .LASF8057
     /tmp/ccal6mT6.s:91387  .debug_str:000000000000f41c .LASF8058
     /tmp/ccal6mT6.s:101415  .debug_str:0000000000037f27 .LASF8059
     /tmp/ccal6mT6.s:95675  .debug_str:0000000000020d2f .LASF8060
     /tmp/ccal6mT6.s:100983  .debug_str:00000000000367a1 .LASF8061
     /tmp/ccal6mT6.s:104279  .debug_str:0000000000043dc8 .LASF8062
     /tmp/ccal6mT6.s:92397  .debug_str:0000000000013470 .LASF8063
     /tmp/ccal6mT6.s:87843  .debug_str:0000000000000a31 .LASF8064
     /tmp/ccal6mT6.s:106185  .debug_str:000000000004c13d .LASF8065
     /tmp/ccal6mT6.s:101461  .debug_str:0000000000038185 .LASF8066
     /tmp/ccal6mT6.s:95401  .debug_str:000000000001fabe .LASF8067
     /tmp/ccal6mT6.s:92273  .debug_str:0000000000012ce5 .LASF8068
     /tmp/ccal6mT6.s:99113  .debug_str:000000000002eaec .LASF8069
     /tmp/ccal6mT6.s:91829  .debug_str:0000000000010ddf .LASF8070
     /tmp/ccal6mT6.s:101825  .debug_str:0000000000039a1f .LASF8071
     /tmp/ccal6mT6.s:98991  .debug_str:000000000002e297 .LASF8072
     /tmp/ccal6mT6.s:95967  .debug_str:000000000002203a .LASF8073
     /tmp/ccal6mT6.s:99345  .debug_str:000000000002fa8a .LASF8074
     /tmp/ccal6mT6.s:89033  .debug_str:0000000000005bcd .LASF8075
     /tmp/ccal6mT6.s:104615  .debug_str:000000000004539d .LASF8076
     /tmp/ccal6mT6.s:90367  .debug_str:000000000000b6bb .LASF8077
     /tmp/ccal6mT6.s:100251  .debug_str:00000000000337c9 .LASF8078
     /tmp/ccal6mT6.s:91911  .debug_str:0000000000011425 .LASF8079
     /tmp/ccal6mT6.s:101033  .debug_str:0000000000036a0c .LASF8080
     /tmp/ccal6mT6.s:87897  .debug_str:0000000000000d97 .LASF8081
     /tmp/ccal6mT6.s:101101  .debug_str:0000000000036dae .LASF8082
     /tmp/ccal6mT6.s:104375  .debug_str:000000000004435f .LASF8083
     /tmp/ccal6mT6.s:104713  .debug_str:0000000000045a5e .LASF8084
     /tmp/ccal6mT6.s:90213  .debug_str:000000000000ab28 .LASF8085
     /tmp/ccal6mT6.s:100237  .debug_str:00000000000336c3 .LASF8086
     /tmp/ccal6mT6.s:95579  .debug_str:00000000000206c7 .LASF8087
     /tmp/ccal6mT6.s:94843  .debug_str:000000000001d2cf .LASF8088
     /tmp/ccal6mT6.s:104137  .debug_str:00000000000434ca .LASF8089
     /tmp/ccal6mT6.s:87871  .debug_str:0000000000000b9a .LASF8090
     /tmp/ccal6mT6.s:96663  .debug_str:000000000002494b .LASF8091
     /tmp/ccal6mT6.s:101741  .debug_str:0000000000039403 .LASF8092
     /tmp/ccal6mT6.s:105957  .debug_str:000000000004b11d .LASF8093
     /tmp/ccal6mT6.s:101299  .debug_str:0000000000037887 .LASF8094
     /tmp/ccal6mT6.s:94337  .debug_str:000000000001b133 .LASF8095
     /tmp/ccal6mT6.s:94951  .debug_str:000000000001da05 .LASF8096
     /tmp/ccal6mT6.s:101869  .debug_str:0000000000039c9b .LASF8097
     /tmp/ccal6mT6.s:103029  .debug_str:000000000003ea1b .LASF8098
     /tmp/ccal6mT6.s:96321  .debug_str:00000000000237ac .LASF8099
     /tmp/ccal6mT6.s:90441  .debug_str:000000000000bb2a .LASF8100
     /tmp/ccal6mT6.s:93921  .debug_str:0000000000019772 .LASF8101
     /tmp/ccal6mT6.s:97045  .debug_str:0000000000026311 .LASF8102
     /tmp/ccal6mT6.s:95237  .debug_str:000000000001ee94 .LASF8103
     /tmp/ccal6mT6.s:97911  .debug_str:0000000000029b38 .LASF8104
     /tmp/ccal6mT6.s:92595  .debug_str:0000000000013fef .LASF8105
     /tmp/ccal6mT6.s:105693  .debug_str:0000000000049d6b .LASF8106
     /tmp/ccal6mT6.s:101841  .debug_str:0000000000039b0d .LASF8107
     /tmp/ccal6mT6.s:102987  .debug_str:000000000003e717 .LASF8108
     /tmp/ccal6mT6.s:94999  .debug_str:000000000001dd0a .LASF8109
     /tmp/ccal6mT6.s:103205  .debug_str:000000000003f774 .LASF8110
     /tmp/ccal6mT6.s:90963  .debug_str:000000000000dc7c .LASF8111
     /tmp/ccal6mT6.s:90983  .debug_str:000000000000de39 .LASF8112
     /tmp/ccal6mT6.s:103957  .debug_str:000000000004296e .LASF8113
     /tmp/ccal6mT6.s:89407  .debug_str:0000000000007528 .LASF8114
     /tmp/ccal6mT6.s:100707  .debug_str:0000000000035649 .LASF8115
     /tmp/ccal6mT6.s:104027  .debug_str:0000000000042dd4 .LASF8116
     /tmp/ccal6mT6.s:100551  .debug_str:0000000000034baf .LASF8117
     /tmp/ccal6mT6.s:90139  .debug_str:000000000000a5a5 .LASF8118
     /tmp/ccal6mT6.s:100161  .debug_str:00000000000331b2 .LASF8119
     /tmp/ccal6mT6.s:96493  .debug_str:0000000000024112 .LASF8120
     /tmp/ccal6mT6.s:102593  .debug_str:000000000003ce35 .LASF8121
     /tmp/ccal6mT6.s:100319  .debug_str:0000000000033c85 .LASF8122
     /tmp/ccal6mT6.s:94351  .debug_str:000000000001b1f0 .LASF8123
     /tmp/ccal6mT6.s:93331  .debug_str:000000000001713c .LASF8124
     /tmp/ccal6mT6.s:93143  .debug_str:00000000000163a1 .LASF8125
     /tmp/ccal6mT6.s:96885  .debug_str:0000000000025887 .LASF8126
     /tmp/ccal6mT6.s:101839  .debug_str:0000000000039b05 .LASF8127
     /tmp/ccal6mT6.s:89467  .debug_str:00000000000078ec .LASF8128
     /tmp/ccal6mT6.s:96153  .debug_str:0000000000022c8e .LASF8129
     /tmp/ccal6mT6.s:100419  .debug_str:0000000000034397 .LASF8130
     /tmp/ccal6mT6.s:87947  .debug_str:0000000000001118 .LASF8131
     /tmp/ccal6mT6.s:96801  .debug_str:0000000000025240 .LASF8132
     /tmp/ccal6mT6.s:101491  .debug_str:0000000000038317 .LASF8133
     /tmp/ccal6mT6.s:88723  .debug_str:000000000000470d .LASF8134
     /tmp/ccal6mT6.s:102099  .debug_str:000000000003ac83 .LASF8135
     /tmp/ccal6mT6.s:99467  .debug_str:000000000003023b .LASF8136
     /tmp/ccal6mT6.s:96787  .debug_str:000000000002517d .LASF8137
     /tmp/ccal6mT6.s:93775  .debug_str:0000000000018d8c .LASF8138
     /tmp/ccal6mT6.s:94559  .debug_str:000000000001bee3 .LASF8139
     /tmp/ccal6mT6.s:101047  .debug_str:0000000000036af8 .LASF8140
     /tmp/ccal6mT6.s:104061  .debug_str:0000000000042ff9 .LASF8141
     /tmp/ccal6mT6.s:103867  .debug_str:0000000000042368 .LASF8142
     /tmp/ccal6mT6.s:106361  .debug_str:000000000004cc9c .LASF8143
     /tmp/ccal6mT6.s:96411  .debug_str:0000000000023d1d .LASF8144
     /tmp/ccal6mT6.s:93135  .debug_str:0000000000016334 .LASF8145
     /tmp/ccal6mT6.s:95445  .debug_str:000000000001fd15 .LASF8146
     /tmp/ccal6mT6.s:100865  .debug_str:0000000000036008 .LASF8147
     /tmp/ccal6mT6.s:97745  .debug_str:0000000000029123 .LASF8148
     /tmp/ccal6mT6.s:104357  .debug_str:00000000000442aa .LASF8149
     /tmp/ccal6mT6.s:98827  .debug_str:000000000002d6e5 .LASF8150
     /tmp/ccal6mT6.s:97747  .debug_str:0000000000029136 .LASF8151
     /tmp/ccal6mT6.s:104359  .debug_str:00000000000442bd .LASF8152
     /tmp/ccal6mT6.s:94399  .debug_str:000000000001b4dd .LASF8153
     /tmp/ccal6mT6.s:97749  .debug_str:0000000000029149 .LASF8154
     /tmp/ccal6mT6.s:97117  .debug_str:0000000000026829 .LASF8155
     /tmp/ccal6mT6.s:105605  .debug_str:000000000004976b .LASF8156
     /tmp/ccal6mT6.s:97179  .debug_str:0000000000026bfa .LASF8157
     /tmp/ccal6mT6.s:104363  .debug_str:00000000000442dd .LASF8158
     /tmp/ccal6mT6.s:99753  .debug_str:00000000000315cb .LASF8159
     /tmp/ccal6mT6.s:97753  .debug_str:000000000002917d .LASF8160
     /tmp/ccal6mT6.s:104365  .debug_str:00000000000442f0 .LASF8161
     /tmp/ccal6mT6.s:93683  .debug_str:000000000001873f .LASF8162
     /tmp/ccal6mT6.s:97755  .debug_str:0000000000029190 .LASF8163
     /tmp/ccal6mT6.s:104367  .debug_str:0000000000044303 .LASF8164
     /tmp/ccal6mT6.s:87723  .debug_str:00000000000001e1 .LASF8165
     /tmp/ccal6mT6.s:97757  .debug_str:00000000000291a3 .LASF8166
     /tmp/ccal6mT6.s:104369  .debug_str:0000000000044316 .LASF8167
     /tmp/ccal6mT6.s:100673  .debug_str:000000000003539e .LASF8168
     /tmp/ccal6mT6.s:97759  .debug_str:00000000000291b6 .LASF8169
     /tmp/ccal6mT6.s:104371  .debug_str:0000000000044329 .LASF8170
     /tmp/ccal6mT6.s:94681  .debug_str:000000000001c716 .LASF8171
     /tmp/ccal6mT6.s:97997  .debug_str:000000000002a1b5 .LASF8172
     /tmp/ccal6mT6.s:94923  .debug_str:000000000001d88d .LASF8173
     /tmp/ccal6mT6.s:100677  .debug_str:00000000000353e6 .LASF8174
     /tmp/ccal6mT6.s:104041  .debug_str:0000000000042ee9 .LASF8175
     /tmp/ccal6mT6.s:94925  .debug_str:000000000001d8a0 .LASF8176
     /tmp/ccal6mT6.s:98651  .debug_str:000000000002cb4e .LASF8177
     /tmp/ccal6mT6.s:88189  .debug_str:00000000000021f4 .LASF8178
     /tmp/ccal6mT6.s:94927  .debug_str:000000000001d8b3 .LASF8179
     /tmp/ccal6mT6.s:92557  .debug_str:0000000000013e57 .LASF8180
     /tmp/ccal6mT6.s:88191  .debug_str:0000000000002207 .LASF8181
     /tmp/ccal6mT6.s:94929  .debug_str:000000000001d8c6 .LASF8182
     /tmp/ccal6mT6.s:105417  .debug_str:0000000000048a49 .LASF8183
     /tmp/ccal6mT6.s:104049  .debug_str:0000000000042f35 .LASF8184
     /tmp/ccal6mT6.s:94931  .debug_str:000000000001d8d9 .LASF8185
     /tmp/ccal6mT6.s:94419  .debug_str:000000000001b5f3 .LASF8186
     /tmp/ccal6mT6.s:88195  .debug_str:000000000000225a .LASF8187
     /tmp/ccal6mT6.s:94933  .debug_str:000000000001d8ec .LASF8188
     /tmp/ccal6mT6.s:93781  .debug_str:0000000000018e02 .LASF8189
     /tmp/ccal6mT6.s:88197  .debug_str:000000000000226d .LASF8190
     /tmp/ccal6mT6.s:94935  .debug_str:000000000001d8ff .LASF8191
     /tmp/ccal6mT6.s:106385  .debug_str:000000000004ce78 .LASF8192
     /tmp/ccal6mT6.s:88199  .debug_str:0000000000002280 .LASF8193
     /tmp/ccal6mT6.s:94937  .debug_str:000000000001d912 .LASF8194
     /tmp/ccal6mT6.s:100475  .debug_str:00000000000346c4 .LASF8195
     /tmp/ccal6mT6.s:105333  .debug_str:00000000000483b9 .LASF8196
     /tmp/ccal6mT6.s:97663  .debug_str:0000000000028c61 .LASF8197
     /tmp/ccal6mT6.s:105447  .debug_str:0000000000048c7e .LASF8198
     /tmp/ccal6mT6.s:95827  .debug_str:000000000002168b .LASF8199
     /tmp/ccal6mT6.s:87971  .debug_str:000000000000129a .LASF8200
     /tmp/ccal6mT6.s:92401  .debug_str:00000000000134a1 .LASF8201
     /tmp/ccal6mT6.s:94651  .debug_str:000000000001c4f1 .LASF8202
     /tmp/ccal6mT6.s:99669  .debug_str:0000000000031038 .LASF8203
     /tmp/ccal6mT6.s:98575  .debug_str:000000000002c5e9 .LASF8204
     /tmp/ccal6mT6.s:96339  .debug_str:00000000000238ce .LASF8205
     /tmp/ccal6mT6.s:101583  .debug_str:00000000000389af .LASF8206
     /tmp/ccal6mT6.s:105785  .debug_str:000000000004a449 .LASF8207
     /tmp/ccal6mT6.s:96653  .debug_str:00000000000248e3 .LASF8208
     /tmp/ccal6mT6.s:93567  .debug_str:0000000000017f0e .LASF8209
     /tmp/ccal6mT6.s:89535  .debug_str:0000000000007cd9 .LASF8210
     /tmp/ccal6mT6.s:100199  .debug_str:00000000000333e9 .LASF8211
     /tmp/ccal6mT6.s:106315  .debug_str:000000000004c91b .LASF8212
     /tmp/ccal6mT6.s:89913  .debug_str:000000000000973a .LASF8213
     /tmp/ccal6mT6.s:100757  .debug_str:000000000003597b .LASF8214
     /tmp/ccal6mT6.s:99605  .debug_str:0000000000030be7 .LASF8215
     /tmp/ccal6mT6.s:88997  .debug_str:00000000000059ae .LASF8216
     /tmp/ccal6mT6.s:102679  .debug_str:000000000003d3bf .LASF8217
     /tmp/ccal6mT6.s:98925  .debug_str:000000000002de94 .LASF8218
     /tmp/ccal6mT6.s:91943  .debug_str:0000000000011640 .LASF8219
     /tmp/ccal6mT6.s:100465  .debug_str:000000000003465e .LASF8220
     /tmp/ccal6mT6.s:103773  .debug_str:0000000000041d36 .LASF8221
     /tmp/ccal6mT6.s:94735  .debug_str:000000000001cb3c .LASF8222
     /tmp/ccal6mT6.s:105635  .debug_str:0000000000049983 .LASF8223
     /tmp/ccal6mT6.s:101893  .debug_str:0000000000039e31 .LASF8224
     /tmp/ccal6mT6.s:88799  .debug_str:0000000000004bef .LASF8225
     /tmp/ccal6mT6.s:104009  .debug_str:0000000000042ccb .LASF8226
     /tmp/ccal6mT6.s:88817  .debug_str:0000000000004d6e .LASF8227
     /tmp/ccal6mT6.s:103567  .debug_str:0000000000040f38 .LASF8228
     /tmp/ccal6mT6.s:100847  .debug_str:0000000000035ea4 .LASF8229
     /tmp/ccal6mT6.s:104175  .debug_str:00000000000436e9 .LASF8230
     /tmp/ccal6mT6.s:98143  .debug_str:000000000002aad9 .LASF8231
     /tmp/ccal6mT6.s:92075  .debug_str:0000000000011f84 .LASF8232
     /tmp/ccal6mT6.s:104577  .debug_str:00000000000450f3 .LASF8233
     /tmp/ccal6mT6.s:96001  .debug_str:000000000002225d .LASF8234
     /tmp/ccal6mT6.s:91545  .debug_str:000000000000fcf5 .LASF8235
     /tmp/ccal6mT6.s:90335  .debug_str:000000000000b411 .LASF8236
     /tmp/ccal6mT6.s:105069  .debug_str:00000000000472b9 .LASF8237
     /tmp/ccal6mT6.s:105803  .debug_str:000000000004a5c6 .LASF8238
     /tmp/ccal6mT6.s:89999  .debug_str:0000000000009c99 .LASF8239
     /tmp/ccal6mT6.s:90751  .debug_str:000000000000cf93 .LASF8240
     /tmp/ccal6mT6.s:95563  .debug_str:00000000000205e2 .LASF8241
     /tmp/ccal6mT6.s:91903  .debug_str:0000000000011381 .LASF8242
     /tmp/ccal6mT6.s:103367  .debug_str:0000000000040214 .LASF8243
     /tmp/ccal6mT6.s:90901  .debug_str:000000000000d8da .LASF8244
     /tmp/ccal6mT6.s:104725  .debug_str:0000000000045b3c .LASF8245
     /tmp/ccal6mT6.s:87837  .debug_str:00000000000009e2 .LASF8246
     /tmp/ccal6mT6.s:90085  .debug_str:000000000000a254 .LASF8247
     /tmp/ccal6mT6.s:104673  .debug_str:0000000000045805 .LASF8248
     /tmp/ccal6mT6.s:102629  .debug_str:000000000003d047 .LASF8249
     /tmp/ccal6mT6.s:97077  .debug_str:0000000000026547 .LASF8250
     /tmp/ccal6mT6.s:88777  .debug_str:0000000000004aa0 .LASF8251
     /tmp/ccal6mT6.s:104597  .debug_str:000000000004523a .LASF8252
     /tmp/ccal6mT6.s:93951  .debug_str:00000000000198c9 .LASF8253
     /tmp/ccal6mT6.s:97369  .debug_str:00000000000278cf .LASF8254
     /tmp/ccal6mT6.s:95049  .debug_str:000000000001e112 .LASF8255
     /tmp/ccal6mT6.s:87819  .debug_str:0000000000000895 .LASF8256
     /tmp/ccal6mT6.s:88555  .debug_str:0000000000003ae9 .LASF8257
     /tmp/ccal6mT6.s:97843  .debug_str:000000000002978d .LASF8258
     /tmp/ccal6mT6.s:104785  .debug_str:0000000000045efc .LASF8259
     /tmp/ccal6mT6.s:96429  .debug_str:0000000000023e29 .LASF8260
     /tmp/ccal6mT6.s:88327  .debug_str:0000000000002b8c .LASF8261
     /tmp/ccal6mT6.s:92009  .debug_str:0000000000011b1c .LASF8262
     /tmp/ccal6mT6.s:98707  .debug_str:000000000002cf64 .LASF8263
     /tmp/ccal6mT6.s:93869  .debug_str:00000000000193eb .LASF8264
     /tmp/ccal6mT6.s:92847  .debug_str:0000000000015147 .LASF8265
     /tmp/ccal6mT6.s:101849  .debug_str:0000000000039b7d .LASF8266
     /tmp/ccal6mT6.s:93659  .debug_str:0000000000018568 .LASF8267
     /tmp/ccal6mT6.s:96657  .debug_str:0000000000024901 .LASF8268
     /tmp/ccal6mT6.s:90659  .debug_str:000000000000c9ba .LASF8269
     /tmp/ccal6mT6.s:99849  .debug_str:0000000000031c9f .LASF8270
     /tmp/ccal6mT6.s:97885  .debug_str:00000000000299d8 .LASF8271
     /tmp/ccal6mT6.s:98299  .debug_str:000000000002b4fc .LASF8272
     /tmp/ccal6mT6.s:102373  .debug_str:000000000003bfb8 .LASF8273
     /tmp/ccal6mT6.s:100753  .debug_str:0000000000035944 .LASF8274
     /tmp/ccal6mT6.s:104239  .debug_str:0000000000043b60 .LASF8275
     /tmp/ccal6mT6.s:97009  .debug_str:0000000000026031 .LASF8276
     /tmp/ccal6mT6.s:99239  .debug_str:000000000002f415 .LASF8277
     /tmp/ccal6mT6.s:89973  .debug_str:0000000000009aaf .LASF8278
     /tmp/ccal6mT6.s:101245  .debug_str:00000000000375fe .LASF8279
     /tmp/ccal6mT6.s:92411  .debug_str:0000000000013523 .LASF8280
     /tmp/ccal6mT6.s:92711  .debug_str:00000000000147bf .LASF8281
     /tmp/ccal6mT6.s:94523  .debug_str:000000000001bcd1 .LASF8282
     /tmp/ccal6mT6.s:94009  .debug_str:0000000000019dcb .LASF8283
     /tmp/ccal6mT6.s:94347  .debug_str:000000000001b1b7 .LASF8284
     /tmp/ccal6mT6.s:89379  .debug_str:0000000000007375 .LASF8285
     /tmp/ccal6mT6.s:91403  .debug_str:000000000000f557 .LASF8286
     /tmp/ccal6mT6.s:98967  .debug_str:000000000002e12e .LASF8287
     /tmp/ccal6mT6.s:91923  .debug_str:00000000000114f8 .LASF8288
     /tmp/ccal6mT6.s:92989  .debug_str:000000000001597d .LASF8289
     /tmp/ccal6mT6.s:95419  .debug_str:000000000001fb93 .LASF8290
     /tmp/ccal6mT6.s:92385  .debug_str:00000000000133ce .LASF8291
     /tmp/ccal6mT6.s:89611  .debug_str:0000000000008242 .LASF8292
     /tmp/ccal6mT6.s:97899  .debug_str:0000000000029a66 .LASF8293
     /tmp/ccal6mT6.s:99585  .debug_str:0000000000030a02 .LASF8294
     /tmp/ccal6mT6.s:106499  .debug_str:000000000004d64c .LASF8295
     /tmp/ccal6mT6.s:88457  .debug_str:000000000000344e .LASF8296
     /tmp/ccal6mT6.s:97343  .debug_str:00000000000276f7 .LASF8297
     /tmp/ccal6mT6.s:105915  .debug_str:000000000004ad74 .LASF8298
     /tmp/ccal6mT6.s:89203  .debug_str:0000000000006741 .LASF8299
     /tmp/ccal6mT6.s:97241  .debug_str:0000000000026fdb .LASF8300
     /tmp/ccal6mT6.s:90455  .debug_str:000000000000bc13 .LASF8301
     /tmp/ccal6mT6.s:100121  .debug_str:0000000000032eab .LASF8302
     /tmp/ccal6mT6.s:98535  .debug_str:000000000002c37e .LASF8303
     /tmp/ccal6mT6.s:95145  .debug_str:000000000001e832 .LASF8304
     /tmp/ccal6mT6.s:104587  .debug_str:0000000000045174 .LASF8305
     /tmp/ccal6mT6.s:98269  .debug_str:000000000002b326 .LASF8306
     /tmp/ccal6mT6.s:105599  .debug_str:0000000000049739 .LASF8307
     /tmp/ccal6mT6.s:99269  .debug_str:000000000002f5e2 .LASF8308
     /tmp/ccal6mT6.s:93415  .debug_str:00000000000176a9 .LASF8309
     /tmp/ccal6mT6.s:91593  .debug_str:000000000000ffd5 .LASF8310
     /tmp/ccal6mT6.s:95263  .debug_str:000000000001f04f .LASF8311
     /tmp/ccal6mT6.s:101987  .debug_str:000000000003a548 .LASF8312
     /tmp/ccal6mT6.s:94725  .debug_str:000000000001caa1 .LASF8313
     /tmp/ccal6mT6.s:90445  .debug_str:000000000000bb5a .LASF8314
     /tmp/ccal6mT6.s:89343  .debug_str:00000000000070eb .LASF8315
     /tmp/ccal6mT6.s:103405  .debug_str:00000000000404e0 .LASF8316
     /tmp/ccal6mT6.s:96629  .debug_str:0000000000024871 .LASF8317
     /tmp/ccal6mT6.s:88585  .debug_str:0000000000003d02 .LASF8318
     /tmp/ccal6mT6.s:93825  .debug_str:00000000000190c8 .LASF8319
     /tmp/ccal6mT6.s:106021  .debug_str:000000000004b63e .LASF8320
     /tmp/ccal6mT6.s:88481  .debug_str:00000000000035f6 .LASF8321
     /tmp/ccal6mT6.s:98007  .debug_str:000000000002a24b .LASF8322
     /tmp/ccal6mT6.s:91173  .debug_str:000000000000e743 .LASF8323
     /tmp/ccal6mT6.s:99437  .debug_str:000000000003007a .LASF8324
     /tmp/ccal6mT6.s:100727  .debug_str:00000000000357ae .LASF8325
     /tmp/ccal6mT6.s:104047  .debug_str:0000000000042f2d .LASF8326
     /tmp/ccal6mT6.s:93357  .debug_str:0000000000017290 .LASF8327
     /tmp/ccal6mT6.s:100735  .debug_str:000000000003582e .LASF8328
     /tmp/ccal6mT6.s:104055  .debug_str:0000000000042fa4 .LASF8329
     /tmp/ccal6mT6.s:104241  .debug_str:0000000000043b6e .LASF8330
     /tmp/ccal6mT6.s:102899  .debug_str:000000000003e1b6 .LASF8331
     /tmp/ccal6mT6.s:99339  .debug_str:000000000002fa1c .LASF8332
     /tmp/ccal6mT6.s:97523  .debug_str:00000000000282d2 .LASF8333
     /tmp/ccal6mT6.s:105467  .debug_str:0000000000048e2e .LASF8334
     /tmp/ccal6mT6.s:101821  .debug_str:0000000000039a01 .LASF8335
     /tmp/ccal6mT6.s:97065  .debug_str:0000000000026470 .LASF8336
     /tmp/ccal6mT6.s:99227  .debug_str:000000000002f35e .LASF8337
     /tmp/ccal6mT6.s:99635  .debug_str:0000000000030dd3 .LASF8338
     /tmp/ccal6mT6.s:98557  .debug_str:000000000002c4ee .LASF8339
     /tmp/ccal6mT6.s:105509  .debug_str:0000000000049121 .LASF8340
     /tmp/ccal6mT6.s:105025  .debug_str:0000000000046f62 .LASF8341
     /tmp/ccal6mT6.s:103843  .debug_str:00000000000421ee .LASF8342
     /tmp/ccal6mT6.s:105959  .debug_str:000000000004b144 .LASF8343
     /tmp/ccal6mT6.s:101381  .debug_str:0000000000037cd6 .LASF8344
     /tmp/ccal6mT6.s:100875  .debug_str:000000000003608a .LASF8345
     /tmp/ccal6mT6.s:91773  .debug_str:0000000000010b48 .LASF8346
     /tmp/ccal6mT6.s:96601  .debug_str:00000000000246d5 .LASF8347
     /tmp/ccal6mT6.s:88317  .debug_str:0000000000002b06 .LASF8348
     /tmp/ccal6mT6.s:90999  .debug_str:000000000000dec9 .LASF8349
     /tmp/ccal6mT6.s:93779  .debug_str:0000000000018de9 .LASF8350
     /tmp/ccal6mT6.s:96049  .debug_str:0000000000022605 .LASF8351
     /tmp/ccal6mT6.s:102323  .debug_str:000000000003bbb8 .LASF8352
     /tmp/ccal6mT6.s:100907  .debug_str:000000000003632d .LASF8353
     /tmp/ccal6mT6.s:100411  .debug_str:0000000000034305 .LASF8354
     /tmp/ccal6mT6.s:105625  .debug_str:00000000000498ce .LASF8355
     /tmp/ccal6mT6.s:100317  .debug_str:0000000000033c6e .LASF8356
     /tmp/ccal6mT6.s:92751  .debug_str:0000000000014a55 .LASF8357
     /tmp/ccal6mT6.s:96271  .debug_str:0000000000023516 .LASF8358
     /tmp/ccal6mT6.s:97305  .debug_str:00000000000274b1 .LASF8359
     /tmp/ccal6mT6.s:97381  .debug_str:00000000000279b8 .LASF8360
     /tmp/ccal6mT6.s:91095  .debug_str:000000000000e3e8 .LASF8361
     /tmp/ccal6mT6.s:97677  .debug_str:0000000000028d39 .LASF8362
     /tmp/ccal6mT6.s:106101  .debug_str:000000000004bbd5 .LASF8363
     /tmp/ccal6mT6.s:92737  .debug_str:0000000000014945 .LASF8364
     /tmp/ccal6mT6.s:92693  .debug_str:000000000001465e .LASF8365
     /tmp/ccal6mT6.s:95955  .debug_str:0000000000021f2e .LASF8366
     /tmp/ccal6mT6.s:89681  .debug_str:00000000000086e8 .LASF8367
     /tmp/ccal6mT6.s:93905  .debug_str:00000000000196a0 .LASF8368
     /tmp/ccal6mT6.s:94491  .debug_str:000000000001baeb .LASF8369
     /tmp/ccal6mT6.s:106173  .debug_str:000000000004c0be .LASF8370
     /tmp/ccal6mT6.s:89981  .debug_str:0000000000009b2c .LASF8371
     /tmp/ccal6mT6.s:103979  .debug_str:0000000000042af2 .LASF8372
     /tmp/ccal6mT6.s:93627  .debug_str:00000000000183a3 .LASF8373
     /tmp/ccal6mT6.s:103939  .debug_str:000000000004287d .LASF8374
     /tmp/ccal6mT6.s:104925  .debug_str:0000000000046851 .LASF8375
     /tmp/ccal6mT6.s:99077  .debug_str:000000000002e8a2 .LASF8376
     /tmp/ccal6mT6.s:92357  .debug_str:00000000000131e9 .LASF8377
     /tmp/ccal6mT6.s:90111  .debug_str:000000000000a3c1 .LASF8378
     /tmp/ccal6mT6.s:92283  .debug_str:0000000000012d6d .LASF8379
     /tmp/ccal6mT6.s:103423  .debug_str:0000000000040623 .LASF8380
     /tmp/ccal6mT6.s:98719  .debug_str:000000000002d01a .LASF8381
     /tmp/ccal6mT6.s:95429  .debug_str:000000000001fc47 .LASF8382
     /tmp/ccal6mT6.s:99823  .debug_str:0000000000031ad5 .LASF8383
     /tmp/ccal6mT6.s:105623  .debug_str:00000000000498af .LASF8384
     /tmp/ccal6mT6.s:100495  .debug_str:000000000003486e .LASF8385
     /tmp/ccal6mT6.s:105667  .debug_str:0000000000049b93 .LASF8386
     /tmp/ccal6mT6.s:105969  .debug_str:000000000004b22b .LASF8387
     /tmp/ccal6mT6.s:90661  .debug_str:000000000000c9ca .LASF8388
     /tmp/ccal6mT6.s:98789  .debug_str:000000000002d523 .LASF8389
     /tmp/ccal6mT6.s:102557  .debug_str:000000000003cc6f .LASF8390
     /tmp/ccal6mT6.s:100973  .debug_str:00000000000366d3 .LASF8391
     /tmp/ccal6mT6.s:89073  .debug_str:0000000000005e9a .LASF8392
     /tmp/ccal6mT6.s:105559  .debug_str:0000000000049486 .LASF8393
     /tmp/ccal6mT6.s:89717  .debug_str:0000000000008990 .LASF8394
     /tmp/ccal6mT6.s:104311  .debug_str:0000000000043fa0 .LASF8395
     /tmp/ccal6mT6.s:95913  .debug_str:0000000000021cb2 .LASF8396
     /tmp/ccal6mT6.s:98705  .debug_str:000000000002cf59 .LASF8397
     /tmp/ccal6mT6.s:94261  .debug_str:000000000001acbe .LASF8398
     /tmp/ccal6mT6.s:103847  .debug_str:000000000004221e .LASF8399
     /tmp/ccal6mT6.s:105699  .debug_str:0000000000049dda .LASF8400
     /tmp/ccal6mT6.s:101495  .debug_str:0000000000038344 .LASF8401
     /tmp/ccal6mT6.s:99587  .debug_str:0000000000030a24 .LASF8402
     /tmp/ccal6mT6.s:103833  .debug_str:000000000004217e .LASF8403
     /tmp/ccal6mT6.s:98179  .debug_str:000000000002ad12 .LASF8404
     /tmp/ccal6mT6.s:93471  .debug_str:0000000000017a21 .LASF8405
     /tmp/ccal6mT6.s:91959  .debug_str:0000000000011799 .LASF8406
     /tmp/ccal6mT6.s:96317  .debug_str:0000000000023761 .LASF8407
     /tmp/ccal6mT6.s:90705  .debug_str:000000000000cc83 .LASF8408
     /tmp/ccal6mT6.s:97779  .debug_str:0000000000029354 .LASF8409
     /tmp/ccal6mT6.s:93327  .debug_str:0000000000017112 .LASF8410
     /tmp/ccal6mT6.s:90721  .debug_str:000000000000cd97 .LASF8411
     /tmp/ccal6mT6.s:102349  .debug_str:000000000003bdff .LASF8412
     /tmp/ccal6mT6.s:94409  .debug_str:000000000001b559 .LASF8413
     /tmp/ccal6mT6.s:105155  .debug_str:0000000000047861 .LASF8414
     /tmp/ccal6mT6.s:102579  .debug_str:000000000003cddf .LASF8415
     /tmp/ccal6mT6.s:94549  .debug_str:000000000001be82 .LASF8416
     /tmp/ccal6mT6.s:105613  .debug_str:000000000004980b .LASF8417
     /tmp/ccal6mT6.s:89735  .debug_str:0000000000008aa2 .LASF8418
     /tmp/ccal6mT6.s:95791  .debug_str:00000000000213e8 .LASF8419
     /tmp/ccal6mT6.s:101399  .debug_str:0000000000037e29 .LASF8420
     /tmp/ccal6mT6.s:103135  .debug_str:000000000003f23a .LASF8421
     /tmp/ccal6mT6.s:91573  .debug_str:000000000000fec5 .LASF8422
     /tmp/ccal6mT6.s:101035  .debug_str:0000000000036a13 .LASF8423
     /tmp/ccal6mT6.s:88453  .debug_str:0000000000003410 .LASF8424
     /tmp/ccal6mT6.s:98125  .debug_str:000000000002a9c0 .LASF8425
     /tmp/ccal6mT6.s:105745  .debug_str:000000000004a112 .LASF8426
     /tmp/ccal6mT6.s:102495  .debug_str:000000000003c7f3 .LASF8427
     /tmp/ccal6mT6.s:100749  .debug_str:000000000003591e .LASF8428
     /tmp/ccal6mT6.s:105341  .debug_str:0000000000048455 .LASF8429
     /tmp/ccal6mT6.s:91823  .debug_str:0000000000010d9d .LASF8430
     /tmp/ccal6mT6.s:89617  .debug_str:0000000000008273 .LASF8431
     /tmp/ccal6mT6.s:102969  .debug_str:000000000003e58b .LASF8432
     /tmp/ccal6mT6.s:90739  .debug_str:000000000000cec0 .LASF8433
     /tmp/ccal6mT6.s:106107  .debug_str:000000000004bc48 .LASF8434
     /tmp/ccal6mT6.s:92921  .debug_str:0000000000015508 .LASF8435
     /tmp/ccal6mT6.s:89837  .debug_str:0000000000009133 .LASF8436
     /tmp/ccal6mT6.s:97239  .debug_str:0000000000026fca .LASF8437
     /tmp/ccal6mT6.s:89733  .debug_str:0000000000008a7d .LASF8438
     /tmp/ccal6mT6.s:93643  .debug_str:000000000001847e .LASF8439
     /tmp/ccal6mT6.s:90217  .debug_str:000000000000ab3e .LASF8440
     /tmp/ccal6mT6.s:92797  .debug_str:0000000000014d8c .LASF8441
     /tmp/ccal6mT6.s:93353  .debug_str:0000000000017259 .LASF8442
     /tmp/ccal6mT6.s:90219  .debug_str:000000000000ab50 .LASF8443
     /tmp/ccal6mT6.s:105649  .debug_str:0000000000049a51 .LASF8444
     /tmp/ccal6mT6.s:90701  .debug_str:000000000000cc5f .LASF8445
     /tmp/ccal6mT6.s:90259  .debug_str:000000000000ae59 .LASF8446
     /tmp/ccal6mT6.s:90497  .debug_str:000000000000be84 .LASF8447
     /tmp/ccal6mT6.s:94825  .debug_str:000000000001d19d .LASF8448
     /tmp/ccal6mT6.s:102041  .debug_str:000000000003a8cd .LASF8449
     /tmp/ccal6mT6.s:100231  .debug_str:000000000003365f .LASF8450
     /tmp/ccal6mT6.s:98021  .debug_str:000000000002a2bc .LASF8451
     /tmp/ccal6mT6.s:93317  .debug_str:0000000000017088 .LASF8452
     /tmp/ccal6mT6.s:101153  .debug_str:0000000000037123 .LASF8453
     /tmp/ccal6mT6.s:98407  .debug_str:000000000002bae8 .LASF8454
     /tmp/ccal6mT6.s:95685  .debug_str:0000000000020da3 .LASF8455
     /tmp/ccal6mT6.s:103313  .debug_str:000000000003fe48 .LASF8456
     /tmp/ccal6mT6.s:88815  .debug_str:0000000000004d59 .LASF8457
     /tmp/ccal6mT6.s:100501  .debug_str:00000000000348c5 .LASF8458
     /tmp/ccal6mT6.s:104907  .debug_str:00000000000466d9 .LASF8459
     /tmp/ccal6mT6.s:95095  .debug_str:000000000001e45b .LASF8460
     /tmp/ccal6mT6.s:98833  .debug_str:000000000002d75c .LASF8461
     /tmp/ccal6mT6.s:89357  .debug_str:00000000000071d9 .LASF8462
     /tmp/ccal6mT6.s:97353  .debug_str:00000000000277a4 .LASF8463
     /tmp/ccal6mT6.s:105643  .debug_str:00000000000499d4 .LASF8464
     /tmp/ccal6mT6.s:103961  .debug_str:000000000004299f .LASF8465
     /tmp/ccal6mT6.s:96425  .debug_str:0000000000023dfb .LASF8466
     /tmp/ccal6mT6.s:97985  .debug_str:000000000002a0cd .LASF8467
     /tmp/ccal6mT6.s:90673  .debug_str:000000000000ca96 .LASF8468
     /tmp/ccal6mT6.s:94181  .debug_str:000000000001a795 .LASF8469
     /tmp/ccal6mT6.s:93117  .debug_str:000000000001620a .LASF8470
     /tmp/ccal6mT6.s:100691  .debug_str:00000000000354de .LASF8471
     /tmp/ccal6mT6.s:100621  .debug_str:00000000000350bd .LASF8472
     /tmp/ccal6mT6.s:103509  .debug_str:0000000000040ada .LASF8473
     /tmp/ccal6mT6.s:91975  .debug_str:00000000000118da .LASF8474
     /tmp/ccal6mT6.s:88311  .debug_str:0000000000002ab3 .LASF8475
     /tmp/ccal6mT6.s:95313  .debug_str:000000000001f41f .LASF8476
     /tmp/ccal6mT6.s:94527  .debug_str:000000000001bd34 .LASF8477
     /tmp/ccal6mT6.s:98895  .debug_str:000000000002dc8f .LASF8478
     /tmp/ccal6mT6.s:102819  .debug_str:000000000003dcd8 .LASF8479
     /tmp/ccal6mT6.s:105781  .debug_str:000000000004a401 .LASF8480
     /tmp/ccal6mT6.s:101579  .debug_str:0000000000038962 .LASF8481
     /tmp/ccal6mT6.s:101359  .debug_str:0000000000037b45 .LASF8482
     /tmp/ccal6mT6.s:102993  .debug_str:000000000003e77a .LASF8483
     /tmp/ccal6mT6.s:105281  .debug_str:0000000000048068 .LASF8484
     /tmp/ccal6mT6.s:94315  .debug_str:000000000001afef .LASF8485
     /tmp/ccal6mT6.s:101467  .debug_str:00000000000381dc .LASF8486
     /tmp/ccal6mT6.s:88825  .debug_str:0000000000004ddb .LASF8487
     /tmp/ccal6mT6.s:102511  .debug_str:000000000003c90e .LASF8488
     /tmp/ccal6mT6.s:96589  .debug_str:00000000000245ed .LASF8489
     /tmp/ccal6mT6.s:94141  .debug_str:000000000001a50e .LASF8490
     /tmp/ccal6mT6.s:92321  .debug_str:0000000000012fb2 .LASF8491
     /tmp/ccal6mT6.s:93211  .debug_str:000000000001689b .LASF8492
     /tmp/ccal6mT6.s:99603  .debug_str:0000000000030bd0 .LASF8493
     /tmp/ccal6mT6.s:98083  .debug_str:000000000002a6da .LASF8494
     /tmp/ccal6mT6.s:97165  .debug_str:0000000000026b19 .LASF8495
     /tmp/ccal6mT6.s:93769  .debug_str:0000000000018d64 .LASF8496
     /tmp/ccal6mT6.s:95153  .debug_str:000000000001e87a .LASF8497
     /tmp/ccal6mT6.s:101857  .debug_str:0000000000039bca .LASF8498
     /tmp/ccal6mT6.s:88933  .debug_str:0000000000005596 .LASF8499
     /tmp/ccal6mT6.s:90857  .debug_str:000000000000d5cd .LASF8500
     /tmp/ccal6mT6.s:101729  .debug_str:0000000000039338 .LASF8501
     /tmp/ccal6mT6.s:90753  .debug_str:000000000000cfb3 .LASF8502
     /tmp/ccal6mT6.s:90181  .debug_str:000000000000a86a .LASF8503
     /tmp/ccal6mT6.s:97845  .debug_str:00000000000297b1 .LASF8504
     /tmp/ccal6mT6.s:105045  .debug_str:0000000000047158 .LASF8505
     /tmp/ccal6mT6.s:89851  .debug_str:0000000000009247 .LASF8506
     /tmp/ccal6mT6.s:104819  .debug_str:000000000004611a .LASF8507
     /tmp/ccal6mT6.s:105067  .debug_str:00000000000472af .LASF8508
     /tmp/ccal6mT6.s:89879  .debug_str:000000000000948e .LASF8509
     /tmp/ccal6mT6.s:104507  .debug_str:0000000000044c44 .LASF8510
     /tmp/ccal6mT6.s:88559  .debug_str:0000000000003b3c .LASF8511
     /tmp/ccal6mT6.s:97411  .debug_str:0000000000027c2e .LASF8512
     /tmp/ccal6mT6.s:101313  .debug_str:0000000000037986 .LASF8513
     /tmp/ccal6mT6.s:90615  .debug_str:000000000000c6dd .LASF8514
     /tmp/ccal6mT6.s:102741  .debug_str:000000000003d7d8 .LASF8515
     /tmp/ccal6mT6.s:103937  .debug_str:0000000000042854 .LASF8516
     /tmp/ccal6mT6.s:98277  .debug_str:000000000002b36e .LASF8517
     /tmp/ccal6mT6.s:103651  .debug_str:0000000000041568 .LASF8518
     /tmp/ccal6mT6.s:87903  .debug_str:0000000000000deb .LASF8519
     /tmp/ccal6mT6.s:92957  .debug_str:0000000000015724 .LASF8520
     /tmp/ccal6mT6.s:90183  .debug_str:000000000000a88f .LASF8521
     /tmp/ccal6mT6.s:93577  .debug_str:0000000000017fa0 .LASF8522
     /tmp/ccal6mT6.s:98855  .debug_str:000000000002d90b .LASF8523
     /tmp/ccal6mT6.s:88827  .debug_str:0000000000004def .LASF8524
     /tmp/ccal6mT6.s:90157  .debug_str:000000000000a710 .LASF8525
     /tmp/ccal6mT6.s:100825  .debug_str:0000000000035e30 .LASF8526
     /tmp/ccal6mT6.s:88339  .debug_str:0000000000002c8f .LASF8527
     /tmp/ccal6mT6.s:93349  .debug_str:0000000000017218 .LASF8528
     /tmp/ccal6mT6.s:100571  .debug_str:0000000000034d55 .LASF8529
     /tmp/ccal6mT6.s:99111  .debug_str:000000000002ead9 .LASF8530
     /tmp/ccal6mT6.s:89481  .debug_str:0000000000007989 .LASF8531
     /tmp/ccal6mT6.s:106039  .debug_str:000000000004b783 .LASF8532
     /tmp/ccal6mT6.s:97183  .debug_str:0000000000026c31 .LASF8533
     /tmp/ccal6mT6.s:89957  .debug_str:000000000000998e .LASF8534
     /tmp/ccal6mT6.s:99643  .debug_str:0000000000030e32 .LASF8535
     /tmp/ccal6mT6.s:105707  .debug_str:0000000000049e72 .LASF8536
     /tmp/ccal6mT6.s:98621  .debug_str:000000000002c953 .LASF8537
     /tmp/ccal6mT6.s:95691  .debug_str:0000000000020df0 .LASF8538
     /tmp/ccal6mT6.s:96683  .debug_str:0000000000024aa4 .LASF8539
     /tmp/ccal6mT6.s:88031  .debug_str:0000000000001699 .LASF8540
     /tmp/ccal6mT6.s:88851  .debug_str:0000000000004f61 .LASF8541
     /tmp/ccal6mT6.s:105705  .debug_str:0000000000049e65 .LASF8542
     /tmp/ccal6mT6.s:101915  .debug_str:0000000000039fd6 .LASF8543
     /tmp/ccal6mT6.s:100325  .debug_str:0000000000033cc8 .LASF8544
     /tmp/ccal6mT6.s:100453  .debug_str:000000000003458c .LASF8545
     /tmp/ccal6mT6.s:95461  .debug_str:000000000001fe0d .LASF8546
     /tmp/ccal6mT6.s:102455  .debug_str:000000000003c5a8 .LASF8547
     /tmp/ccal6mT6.s:93277  .debug_str:0000000000016d77 .LASF8548
     /tmp/ccal6mT6.s:91195  .debug_str:000000000000e91f .LASF8549
     /tmp/ccal6mT6.s:98973  .debug_str:000000000002e190 .LASF8550
     /tmp/ccal6mT6.s:89485  .debug_str:00000000000079c7 .LASF8551
     /tmp/ccal6mT6.s:89989  .debug_str:0000000000009be3 .LASF8552
     /tmp/ccal6mT6.s:91883  .debug_str:000000000001122d .LASF8553
     /tmp/ccal6mT6.s:105227  .debug_str:0000000000047cdb .LASF8554
     /tmp/ccal6mT6.s:94281  .debug_str:000000000001ae15 .LASF8555
     /tmp/ccal6mT6.s:96943  .debug_str:0000000000025c86 .LASF8556
     /tmp/ccal6mT6.s:93599  .debug_str:0000000000018196 .LASF8557
     /tmp/ccal6mT6.s:105889  .debug_str:000000000004aaea .LASF8558
     /tmp/ccal6mT6.s:95959  .debug_str:0000000000021f93 .LASF8559
     /tmp/ccal6mT6.s:103165  .debug_str:000000000003f48b .LASF8560
     /tmp/ccal6mT6.s:106329  .debug_str:000000000004c9f6 .LASF8561
     /tmp/ccal6mT6.s:103763  .debug_str:0000000000041c84 .LASF8562
     /tmp/ccal6mT6.s:94091  .debug_str:000000000001a2af .LASF8563
     /tmp/ccal6mT6.s:99549  .debug_str:000000000003074a .LASF8564
     /tmp/ccal6mT6.s:90949  .debug_str:000000000000dbce .LASF8565
     /tmp/ccal6mT6.s:106285  .debug_str:000000000004c749 .LASF8566
     /tmp/ccal6mT6.s:98679  .debug_str:000000000002cd2f .LASF8567
     /tmp/ccal6mT6.s:102479  .debug_str:000000000003c71c .LASF8568
     /tmp/ccal6mT6.s:105595  .debug_str:000000000004970d .LASF8569
     /tmp/ccal6mT6.s:91153  .debug_str:000000000000e600 .LASF8570
     /tmp/ccal6mT6.s:91565  .debug_str:000000000000fe68 .LASF8571
     /tmp/ccal6mT6.s:101959  .debug_str:000000000003a329 .LASF8572
     /tmp/ccal6mT6.s:101637  .debug_str:0000000000038d82 .LASF8573
     /tmp/ccal6mT6.s:91567  .debug_str:000000000000fe78 .LASF8574
     /tmp/ccal6mT6.s:101961  .debug_str:000000000003a339 .LASF8575
     /tmp/ccal6mT6.s:88863  .debug_str:000000000000502d .LASF8576
     /tmp/ccal6mT6.s:93077  .debug_str:0000000000015fb0 .LASF8577
     /tmp/ccal6mT6.s:94671  .debug_str:000000000001c685 .LASF8578
     /tmp/ccal6mT6.s:89323  .debug_str:0000000000006ff4 .LASF8579
     /tmp/ccal6mT6.s:102089  .debug_str:000000000003ac2e .LASF8580
     /tmp/ccal6mT6.s:97185  .debug_str:0000000000026c43 .LASF8581
     /tmp/ccal6mT6.s:102313  .debug_str:000000000003bb3d .LASF8582
     /tmp/ccal6mT6.s:102091  .debug_str:000000000003ac3e .LASF8583
     /tmp/ccal6mT6.s:93385  .debug_str:000000000001747e .LASF8584
     /tmp/ccal6mT6.s:96307  .debug_str:0000000000023674 .LASF8585
     /tmp/ccal6mT6.s:102093  .debug_str:000000000003ac4e .LASF8586
     /tmp/ccal6mT6.s:93387  .debug_str:000000000001748e .LASF8587
     /tmp/ccal6mT6.s:98839  .debug_str:000000000002d80f .LASF8588
     /tmp/ccal6mT6.s:102095  .debug_str:000000000003ac5e .LASF8589
     /tmp/ccal6mT6.s:93389  .debug_str:000000000001749e .LASF8590
     /tmp/ccal6mT6.s:103217  .debug_str:000000000003f7e2 .LASF8591
     /tmp/ccal6mT6.s:95555  .debug_str:0000000000020519 .LASF8592
     /tmp/ccal6mT6.s:98681  .debug_str:000000000002cd50 .LASF8593
     /tmp/ccal6mT6.s:92459  .debug_str:0000000000013814 .LASF8594
     /tmp/ccal6mT6.s:92771  .debug_str:0000000000014b78 .LASF8595
     /tmp/ccal6mT6.s:102087  .debug_str:000000000003ac1e .LASF8596
     /tmp/ccal6mT6.s:92519  .debug_str:0000000000013bf4 .LASF8597
     /tmp/ccal6mT6.s:99081  .debug_str:000000000002e8c2 .LASF8598
     /tmp/ccal6mT6.s:90521  .debug_str:000000000000c0a3 .LASF8599
     /tmp/ccal6mT6.s:105761  .debug_str:000000000004a290 .LASF8600
     /tmp/ccal6mT6.s:88657  .debug_str:000000000000428e .LASF8601
     /tmp/ccal6mT6.s:90523  .debug_str:000000000000c0b9 .LASF8602
     /tmp/ccal6mT6.s:98853  .debug_str:000000000002d8e1 .LASF8603
     /tmp/ccal6mT6.s:88659  .debug_str:00000000000042a4 .LASF8604
     /tmp/ccal6mT6.s:90525  .debug_str:000000000000c0cf .LASF8605
     /tmp/ccal6mT6.s:92783  .debug_str:0000000000014c84 .LASF8606
     /tmp/ccal6mT6.s:88661  .debug_str:00000000000042ba .LASF8607
     /tmp/ccal6mT6.s:90527  .debug_str:000000000000c0e5 .LASF8608
     /tmp/ccal6mT6.s:105633  .debug_str:0000000000049959 .LASF8609
     /tmp/ccal6mT6.s:88663  .debug_str:00000000000042d0 .LASF8610
     /tmp/ccal6mT6.s:90529  .debug_str:000000000000c0fb .LASF8611
     /tmp/ccal6mT6.s:99953  .debug_str:0000000000032377 .LASF8612
     /tmp/ccal6mT6.s:88665  .debug_str:00000000000042e6 .LASF8613
     /tmp/ccal6mT6.s:90531  .debug_str:000000000000c111 .LASF8614
     /tmp/ccal6mT6.s:93883  .debug_str:00000000000194a0 .LASF8615
     /tmp/ccal6mT6.s:88667  .debug_str:00000000000042fc .LASF8616
     /tmp/ccal6mT6.s:90533  .debug_str:000000000000c127 .LASF8617
     /tmp/ccal6mT6.s:87913  .debug_str:0000000000000e9c .LASF8618
     /tmp/ccal6mT6.s:88669  .debug_str:0000000000004312 .LASF8619
     /tmp/ccal6mT6.s:90535  .debug_str:000000000000c13d .LASF8620
     /tmp/ccal6mT6.s:100877  .debug_str:00000000000360b0 .LASF8621
     /tmp/ccal6mT6.s:95047  .debug_str:000000000001e103 .LASF8622
     /tmp/ccal6mT6.s:98585  .debug_str:000000000002c6bb .LASF8623
     /tmp/ccal6mT6.s:102175  .debug_str:000000000003b1e9 .LASF8624
     /tmp/ccal6mT6.s:92435  .debug_str:00000000000136df .LASF8625
     /tmp/ccal6mT6.s:101323  .debug_str:00000000000379ed .LASF8626
     /tmp/ccal6mT6.s:96189  .debug_str:0000000000022f48 .LASF8627
     /tmp/ccal6mT6.s:99343  .debug_str:000000000002fa71 .LASF8628
     /tmp/ccal6mT6.s:89597  .debug_str:0000000000008159 .LASF8629
     /tmp/ccal6mT6.s:96487  .debug_str:00000000000240ca .LASF8630
     /tmp/ccal6mT6.s:95375  .debug_str:000000000001f91b .LASF8631
     /tmp/ccal6mT6.s:100047  .debug_str:0000000000032a1e .LASF8632
     /tmp/ccal6mT6.s:105277  .debug_str:0000000000048024 .LASF8633
     /tmp/ccal6mT6.s:102677  .debug_str:000000000003d3af .LASF8634
     /tmp/ccal6mT6.s:97115  .debug_str:0000000000026819 .LASF8635
     /tmp/ccal6mT6.s:101551  .debug_str:0000000000038781 .LASF8636
     /tmp/ccal6mT6.s:103749  .debug_str:0000000000041b8e .LASF8637
     /tmp/ccal6mT6.s:103595  .debug_str:00000000000410e1 .LASF8638
     /tmp/ccal6mT6.s:93897  .debug_str:00000000000195cc .LASF8639
     /tmp/ccal6mT6.s:96129  .debug_str:0000000000022b61 .LASF8640
     /tmp/ccal6mT6.s:91761  .debug_str:0000000000010a8c .LASF8641
     /tmp/ccal6mT6.s:92141  .debug_str:00000000000123ec .LASF8642
     /tmp/ccal6mT6.s:96199  .debug_str:000000000002300e .LASF8643
     /tmp/ccal6mT6.s:91891  .debug_str:00000000000112a5 .LASF8644
     /tmp/ccal6mT6.s:98109  .debug_str:000000000002a8bb .LASF8645
     /tmp/ccal6mT6.s:92599  .debug_str:0000000000014052 .LASF8646
     /tmp/ccal6mT6.s:92007  .debug_str:0000000000011b12 .LASF8647
     /tmp/ccal6mT6.s:90327  .debug_str:000000000000b3aa .LASF8648
     /tmp/ccal6mT6.s:103421  .debug_str:0000000000040618 .LASF8649
     /tmp/ccal6mT6.s:103675  .debug_str:0000000000041708 .LASF8650
     /tmp/ccal6mT6.s:97801  .debug_str:000000000002946c .LASF8651
     /tmp/ccal6mT6.s:102139  .debug_str:000000000003af7e .LASF8652
     /tmp/ccal6mT6.s:106339  .debug_str:000000000004cab6 .LASF8653
     /tmp/ccal6mT6.s:101575  .debug_str:0000000000038920 .LASF8654
     /tmp/ccal6mT6.s:103433  .debug_str:000000000004069c .LASF8655
     /tmp/ccal6mT6.s:97303  .debug_str:00000000000274a2 .LASF8656
     /tmp/ccal6mT6.s:97195  .debug_str:0000000000026cd4 .LASF8657
     /tmp/ccal6mT6.s:91469  .debug_str:000000000000f868 .LASF8658
     /tmp/ccal6mT6.s:105769  .debug_str:000000000004a321 .LASF8659
     /tmp/ccal6mT6.s:105755  .debug_str:000000000004a1e6 .LASF8660
     /tmp/ccal6mT6.s:102293  .debug_str:000000000003b9fc .LASF8661
     /tmp/ccal6mT6.s:97751  .debug_str:000000000002915c .LASF8662
     /tmp/ccal6mT6.s:97839  .debug_str:000000000002973a .LASF8663
     /tmp/ccal6mT6.s:99991  .debug_str:00000000000325f2 .LASF8664
     /tmp/ccal6mT6.s:106191  .debug_str:000000000004c176 .LASF8665
     /tmp/ccal6mT6.s:97483  .debug_str:0000000000027fb8 .LASF8666
     /tmp/ccal6mT6.s:91421  .debug_str:000000000000f654 .LASF8667
     /tmp/ccal6mT6.s:102211  .debug_str:000000000003b48c .LASF8668
     /tmp/ccal6mT6.s:106447  .debug_str:000000000004d2aa .LASF8669
     /tmp/ccal6mT6.s:102807  .debug_str:000000000003dc1e .LASF8670
     /tmp/ccal6mT6.s:89483  .debug_str:00000000000079b0 .LASF8671
     /tmp/ccal6mT6.s:97713  .debug_str:0000000000028fa8 .LASF8672
     /tmp/ccal6mT6.s:102113  .debug_str:000000000003ada7 .LASF8673
     /tmp/ccal6mT6.s:88373  .debug_str:0000000000002f75 .LASF8674
     /tmp/ccal6mT6.s:88619  .debug_str:0000000000003f9e .LASF8675
     /tmp/ccal6mT6.s:102115  .debug_str:000000000003adc0 .LASF8676
     /tmp/ccal6mT6.s:88375  .debug_str:0000000000002f8e .LASF8677
     /tmp/ccal6mT6.s:94781  .debug_str:000000000001ce58 .LASF8678
     /tmp/ccal6mT6.s:102117  .debug_str:000000000003add9 .LASF8679
     /tmp/ccal6mT6.s:88377  .debug_str:0000000000002fa7 .LASF8680
     /tmp/ccal6mT6.s:95647  .debug_str:0000000000020bbe .LASF8681
     /tmp/ccal6mT6.s:102119  .debug_str:000000000003adf2 .LASF8682
     /tmp/ccal6mT6.s:88379  .debug_str:0000000000002fc0 .LASF8683
     /tmp/ccal6mT6.s:89541  .debug_str:0000000000007d33 .LASF8684
     /tmp/ccal6mT6.s:102121  .debug_str:000000000003ae0b .LASF8685
     /tmp/ccal6mT6.s:88381  .debug_str:0000000000002fd9 .LASF8686
     /tmp/ccal6mT6.s:102507  .debug_str:000000000003c8ad .LASF8687
     /tmp/ccal6mT6.s:104093  .debug_str:00000000000431b1 .LASF8688
     /tmp/ccal6mT6.s:103581  .debug_str:0000000000041009 .LASF8689
     /tmp/ccal6mT6.s:98201  .debug_str:000000000002aecc .LASF8690
     /tmp/ccal6mT6.s:93543  .debug_str:0000000000017e28 .LASF8691
     /tmp/ccal6mT6.s:96103  .debug_str:00000000000229b0 .LASF8692
     /tmp/ccal6mT6.s:96127  .debug_str:0000000000022b40 .LASF8693
     /tmp/ccal6mT6.s:98139  .debug_str:000000000002aa82 .LASF8694
     /tmp/ccal6mT6.s:92313  .debug_str:0000000000012f45 .LASF8695
     /tmp/ccal6mT6.s:96181  .debug_str:0000000000022eb9 .LASF8696
     /tmp/ccal6mT6.s:90813  .debug_str:000000000000d394 .LASF8697
     /tmp/ccal6mT6.s:99425  .debug_str:000000000002ff88 .LASF8698
     /tmp/ccal6mT6.s:99563  .debug_str:000000000003084b .LASF8699
     /tmp/ccal6mT6.s:94445  .debug_str:000000000001b7fc .LASF8700
     /tmp/ccal6mT6.s:104201  .debug_str:00000000000438b5 .LASF8701
     /tmp/ccal6mT6.s:99897  .debug_str:0000000000031fe4 .LASF8702
     /tmp/ccal6mT6.s:98957  .debug_str:000000000002e0b6 .LASF8703
     /tmp/ccal6mT6.s:92487  .debug_str:0000000000013a04 .LASF8704
     /tmp/ccal6mT6.s:96237  .debug_str:00000000000232fe .LASF8705
     /tmp/ccal6mT6.s:93655  .debug_str:0000000000018525 .LASF8706
     /tmp/ccal6mT6.s:92995  .debug_str:00000000000159aa .LASF8707
     /tmp/ccal6mT6.s:102339  .debug_str:000000000003bd51 .LASF8708
     /tmp/ccal6mT6.s:93553  .debug_str:0000000000017e96 .LASF8709
     /tmp/ccal6mT6.s:93047  .debug_str:0000000000015d1c .LASF8710
     /tmp/ccal6mT6.s:101727  .debug_str:0000000000039310 .LASF8711
     /tmp/ccal6mT6.s:88613  .debug_str:0000000000003f2a .LASF8712
     /tmp/ccal6mT6.s:88293  .debug_str:000000000000290f .LASF8713
     /tmp/ccal6mT6.s:95557  .debug_str:000000000002052e .LASF8714
     /tmp/ccal6mT6.s:88671  .debug_str:0000000000004328 .LASF8715
     /tmp/ccal6mT6.s:99047  .debug_str:000000000002e6ce .LASF8716
     /tmp/ccal6mT6.s:105921  .debug_str:000000000004adc5 .LASF8717
     /tmp/ccal6mT6.s:89519  .debug_str:0000000000007bc1 .LASF8718
     /tmp/ccal6mT6.s:98363  .debug_str:000000000002b879 .LASF8719
     /tmp/ccal6mT6.s:105355  .debug_str:000000000004855f .LASF8720
     /tmp/ccal6mT6.s:100091  .debug_str:0000000000032c76 .LASF8721
     /tmp/ccal6mT6.s:104975  .debug_str:0000000000046bd4 .LASF8722
     /tmp/ccal6mT6.s:98025  .debug_str:000000000002a2e0 .LASF8723
     /tmp/ccal6mT6.s:89401  .debug_str:00000000000074ca .LASF8724
     /tmp/ccal6mT6.s:105023  .debug_str:0000000000046f4f .LASF8725
     /tmp/ccal6mT6.s:94813  .debug_str:000000000001d0b7 .LASF8726
     /tmp/ccal6mT6.s:89403  .debug_str:00000000000074dd .LASF8727
     /tmp/ccal6mT6.s:94967  .debug_str:000000000001db75 .LASF8728
     /tmp/ccal6mT6.s:104381  .debug_str:000000000004439b .LASF8729
     /tmp/ccal6mT6.s:100337  .debug_str:0000000000033d9f .LASF8730
     /tmp/ccal6mT6.s:88923  .debug_str:0000000000005503 .LASF8731
     /tmp/ccal6mT6.s:103359  .debug_str:0000000000040199 .LASF8732
     /tmp/ccal6mT6.s:100339  .debug_str:0000000000033db3 .LASF8733
     /tmp/ccal6mT6.s:88925  .debug_str:0000000000005517 .LASF8734
     /tmp/ccal6mT6.s:97477  .debug_str:0000000000027f56 .LASF8735
     /tmp/ccal6mT6.s:100341  .debug_str:0000000000033dc7 .LASF8736
     /tmp/ccal6mT6.s:88927  .debug_str:000000000000552b .LASF8737
     /tmp/ccal6mT6.s:91507  .debug_str:000000000000fb0b .LASF8738
     /tmp/ccal6mT6.s:100343  .debug_str:0000000000033ddb .LASF8739
     /tmp/ccal6mT6.s:95651  .debug_str:0000000000020bf2 .LASF8740
     /tmp/ccal6mT6.s:91055  .debug_str:000000000000e14e .LASF8741
     /tmp/ccal6mT6.s:100345  .debug_str:0000000000033def .LASF8742
     /tmp/ccal6mT6.s:88931  .debug_str:0000000000005582 .LASF8743
     /tmp/ccal6mT6.s:98455  .debug_str:000000000002bdce .LASF8744
     /tmp/ccal6mT6.s:93123  .debug_str:0000000000016255 .LASF8745
     /tmp/ccal6mT6.s:90459  .debug_str:000000000000bc45 .LASF8746
     /tmp/ccal6mT6.s:88289  .debug_str:00000000000028ca .LASF8747
     /tmp/ccal6mT6.s:89495  .debug_str:0000000000007a55 .LASF8748
     /tmp/ccal6mT6.s:96101  .debug_str:000000000002299e .LASF8749
     /tmp/ccal6mT6.s:96621  .debug_str:000000000002480e .LASF8750
     /tmp/ccal6mT6.s:89497  .debug_str:0000000000007a67 .LASF8751
     /tmp/ccal6mT6.s:90463  .debug_str:000000000000bc63 .LASF8752
     /tmp/ccal6mT6.s:106175  .debug_str:000000000004c0cf .LASF8753
     /tmp/ccal6mT6.s:88055  .debug_str:000000000000184e .LASF8754
     /tmp/ccal6mT6.s:89019  .debug_str:0000000000005b25 .LASF8755
     /tmp/ccal6mT6.s:104809  .debug_str:0000000000046076 .LASF8756
     /tmp/ccal6mT6.s:88057  .debug_str:0000000000001860 .LASF8757
     /tmp/ccal6mT6.s:89021  .debug_str:0000000000005b37 .LASF8758
     /tmp/ccal6mT6.s:98931  .debug_str:000000000002ded0 .LASF8759
     /tmp/ccal6mT6.s:103827  .debug_str:0000000000042132 .LASF8760
     /tmp/ccal6mT6.s:89023  .debug_str:0000000000005b49 .LASF8761
     /tmp/ccal6mT6.s:92849  .debug_str:000000000001515a .LASF8762
     /tmp/ccal6mT6.s:104969  .debug_str:0000000000046ba0 .LASF8763
     /tmp/ccal6mT6.s:98921  .debug_str:000000000002de6f .LASF8764
     /tmp/ccal6mT6.s:95431  .debug_str:000000000001fc52 .LASF8765
     /tmp/ccal6mT6.s:103667  .debug_str:0000000000041681 .LASF8766
     /tmp/ccal6mT6.s:105181  .debug_str:0000000000047a21 .LASF8767
     /tmp/ccal6mT6.s:99045  .debug_str:000000000002e6a8 .LASF8768
     /tmp/ccal6mT6.s:88159  .debug_str:0000000000001fb6 .LASF8769
     /tmp/ccal6mT6.s:100113  .debug_str:0000000000032e08 .LASF8770
     /tmp/ccal6mT6.s:100525  .debug_str:0000000000034a2a .LASF8771
     /tmp/ccal6mT6.s:92107  .debug_str:0000000000012179 .LASF8772
     /tmp/ccal6mT6.s:105439  .debug_str:0000000000048c17 .LASF8773
     /tmp/ccal6mT6.s:97039  .debug_str:0000000000026256 .LASF8774
     /tmp/ccal6mT6.s:94593  .debug_str:000000000001c142 .LASF8775
     /tmp/ccal6mT6.s:104729  .debug_str:0000000000045b71 .LASF8776
     /tmp/ccal6mT6.s:93237  .debug_str:0000000000016a83 .LASF8777
     /tmp/ccal6mT6.s:97669  .debug_str:0000000000028c9e .LASF8778
     /tmp/ccal6mT6.s:103661  .debug_str:0000000000041636 .LASF8779
     /tmp/ccal6mT6.s:102071  .debug_str:000000000003ab19 .LASF8780
     /tmp/ccal6mT6.s:92399  .debug_str:000000000001348c .LASF8781
     /tmp/ccal6mT6.s:96697  .debug_str:0000000000024bcc .LASF8782
     /tmp/ccal6mT6.s:96955  .debug_str:0000000000025d31 .LASF8783
     /tmp/ccal6mT6.s:96563  .debug_str:0000000000024478 .LASF8784
     /tmp/ccal6mT6.s:90255  .debug_str:000000000000adf3 .LASF8785
     /tmp/ccal6mT6.s:104341  .debug_str:0000000000044167 .LASF8786
     /tmp/ccal6mT6.s:95093  .debug_str:000000000001e43e .LASF8787
     /tmp/ccal6mT6.s:88805  .debug_str:0000000000004c86 .LASF8788
     /tmp/ccal6mT6.s:106091  .debug_str:000000000004baf0 .LASF8789
     /tmp/ccal6mT6.s:88575  .debug_str:0000000000003c66 .LASF8790
     /tmp/ccal6mT6.s:96665  .debug_str:000000000002495e .LASF8791
     /tmp/ccal6mT6.s:100359  .debug_str:0000000000033ef4 .LASF8792
     /tmp/ccal6mT6.s:96599  .debug_str:00000000000246c1 .LASF8793
     /tmp/ccal6mT6.s:103631  .debug_str:00000000000413ca .LASF8794
     /tmp/ccal6mT6.s:97585  .debug_str:00000000000286e7 .LASF8795
     /tmp/ccal6mT6.s:103091  .debug_str:000000000003eebb .LASF8796
     /tmp/ccal6mT6.s:88695  .debug_str:00000000000044c5 .LASF8797
     /tmp/ccal6mT6.s:97709  .debug_str:0000000000028f66 .LASF8798
     /tmp/ccal6mT6.s:105105  .debug_str:0000000000047537 .LASF8799
     /tmp/ccal6mT6.s:103975  .debug_str:0000000000042aa8 .LASF8800
     /tmp/ccal6mT6.s:105765  .debug_str:000000000004a2d8 .LASF8801
     /tmp/ccal6mT6.s:89087  .debug_str:0000000000005f3e .LASF8802
     /tmp/ccal6mT6.s:100245  .debug_str:0000000000033749 .LASF8803
     /tmp/ccal6mT6.s:96805  .debug_str:0000000000025285 .LASF8804
     /tmp/ccal6mT6.s:90989  .debug_str:000000000000de6d .LASF8805
     /tmp/ccal6mT6.s:97025  .debug_str:0000000000026141 .LASF8806
     /tmp/ccal6mT6.s:103853  .debug_str:0000000000042287 .LASF8807
     /tmp/ccal6mT6.s:94499  .debug_str:000000000001bb55 .LASF8808
     /tmp/ccal6mT6.s:99619  .debug_str:0000000000030cf3 .LASF8809
     /tmp/ccal6mT6.s:97389  .debug_str:0000000000027a6f .LASF8810
     /tmp/ccal6mT6.s:90101  .debug_str:000000000000a32f .LASF8811
     /tmp/ccal6mT6.s:103943  .debug_str:00000000000428b8 .LASF8812
     /tmp/ccal6mT6.s:105409  .debug_str:00000000000489ac .LASF8813
     /tmp/ccal6mT6.s:91013  .debug_str:000000000000df1e .LASF8814
     /tmp/ccal6mT6.s:95397  .debug_str:000000000001fa74 .LASF8815
     /tmp/ccal6mT6.s:98873  .debug_str:000000000002dadc .LASF8816
     /tmp/ccal6mT6.s:92673  .debug_str:00000000000144e9 .LASF8817
     /tmp/ccal6mT6.s:104297  .debug_str:0000000000043e85 .LASF8818
     /tmp/ccal6mT6.s:104415  .debug_str:000000000004465e .LASF8819
     /tmp/ccal6mT6.s:90423  .debug_str:000000000000ba21 .LASF8820
     /tmp/ccal6mT6.s:93095  .debug_str:000000000001609c .LASF8821
     /tmp/ccal6mT6.s:106049  .debug_str:000000000004b7fb .LASF8822
     /tmp/ccal6mT6.s:103863  .debug_str:000000000004231f .LASF8823
     /tmp/ccal6mT6.s:100025  .debug_str:0000000000032878 .LASF8824
     /tmp/ccal6mT6.s:98741  .debug_str:000000000002d1b1 .LASF8825
     /tmp/ccal6mT6.s:94061  .debug_str:000000000001a0b9 .LASF8826
     /tmp/ccal6mT6.s:101949  .debug_str:000000000003a274 .LASF8827
     /tmp/ccal6mT6.s:95463  .debug_str:000000000001fe32 .LASF8828
     /tmp/ccal6mT6.s:90353  .debug_str:000000000000b5c0 .LASF8829
     /tmp/ccal6mT6.s:106015  .debug_str:000000000004b5e8 .LASF8830
     /tmp/ccal6mT6.s:101935  .debug_str:000000000003a158 .LASF8831
     /tmp/ccal6mT6.s:105511  .debug_str:0000000000049135 .LASF8832
     /tmp/ccal6mT6.s:91295  .debug_str:000000000000ede4 .LASF8833
     /tmp/ccal6mT6.s:99561  .debug_str:0000000000030820 .LASF8834
     /tmp/ccal6mT6.s:88315  .debug_str:0000000000002aeb .LASF8835
     /tmp/ccal6mT6.s:100679  .debug_str:000000000003540d .LASF8836
     /tmp/ccal6mT6.s:97861  .debug_str:000000000002987c .LASF8837
     /tmp/ccal6mT6.s:100913  .debug_str:00000000000363b2 .LASF8838
     /tmp/ccal6mT6.s:98639  .debug_str:000000000002ca85 .LASF8839
     /tmp/ccal6mT6.s:101211  .debug_str:000000000003739c .LASF8840
     /tmp/ccal6mT6.s:93261  .debug_str:0000000000016c3a .LASF8841
     /tmp/ccal6mT6.s:88141  .debug_str:0000000000001e46 .LASF8842
     /tmp/ccal6mT6.s:92537  .debug_str:0000000000013d20 .LASF8843
     /tmp/ccal6mT6.s:91017  .debug_str:000000000000df4e .LASF8844
     /tmp/ccal6mT6.s:101031  .debug_str:00000000000369f8 .LASF8845
     /tmp/ccal6mT6.s:103747  .debug_str:0000000000041b66 .LASF8846
     /tmp/ccal6mT6.s:93637  .debug_str:000000000001841f .LASF8847
     /tmp/ccal6mT6.s:98313  .debug_str:000000000002b5bc .LASF8848
     /tmp/ccal6mT6.s:89591  .debug_str:00000000000080d8 .LASF8849
     /tmp/ccal6mT6.s:97315  .debug_str:0000000000027520 .LASF8850
     /tmp/ccal6mT6.s:96161  .debug_str:0000000000022d53 .LASF8851
     /tmp/ccal6mT6.s:105861  .debug_str:000000000004a8d4 .LASF8852
     /tmp/ccal6mT6.s:97317  .debug_str:000000000002753d .LASF8853
     /tmp/ccal6mT6.s:96163  .debug_str:0000000000022d70 .LASF8854
     /tmp/ccal6mT6.s:99993  .debug_str:000000000003260a .LASF8855
     /tmp/ccal6mT6.s:106325  .debug_str:000000000004c9c4 .LASF8856
     /tmp/ccal6mT6.s:101423  .debug_str:0000000000037f83 .LASF8857
     /tmp/ccal6mT6.s:104053  .debug_str:0000000000042f73 .LASF8858
     /tmp/ccal6mT6.s:102449  .debug_str:000000000003c51e .LASF8859
     /tmp/ccal6mT6.s:89059  .debug_str:0000000000005db3 .LASF8860
     /tmp/ccal6mT6.s:92795  .debug_str:0000000000014d5b .LASF8861
     /tmp/ccal6mT6.s:104463  .debug_str:00000000000449bd .LASF8862
     /tmp/ccal6mT6.s:92155  .debug_str:00000000000124e6 .LASF8863
     /tmp/ccal6mT6.s:102875  .debug_str:000000000003e00e .LASF8864
     /tmp/ccal6mT6.s:104465  .debug_str:00000000000449d8 .LASF8865
     /tmp/ccal6mT6.s:101107  .debug_str:0000000000036e2e .LASF8866
     /tmp/ccal6mT6.s:96951  .debug_str:0000000000025ce8 .LASF8867
     /tmp/ccal6mT6.s:90679  .debug_str:000000000000cae7 .LASF8868
     /tmp/ccal6mT6.s:97397  .debug_str:0000000000027b24 .LASF8869
     /tmp/ccal6mT6.s:95659  .debug_str:0000000000020c72 .LASF8870
     /tmp/ccal6mT6.s:90681  .debug_str:000000000000cb02 .LASF8871
     /tmp/ccal6mT6.s:92489  .debug_str:0000000000013a10 .LASF8872
     /tmp/ccal6mT6.s:89559  .debug_str:0000000000007e95 .LASF8873
     /tmp/ccal6mT6.s:96433  .debug_str:0000000000023e48 .LASF8874
     /tmp/ccal6mT6.s:95205  .debug_str:000000000001ebbd .LASF8875
     /tmp/ccal6mT6.s:87811  .debug_str:00000000000007f3 .LASF8876
     /tmp/ccal6mT6.s:96435  .debug_str:0000000000023e65 .LASF8877
     /tmp/ccal6mT6.s:95207  .debug_str:000000000001ebda .LASF8878
     /tmp/ccal6mT6.s:97767  .debug_str:0000000000029251 .LASF8879
     /tmp/ccal6mT6.s:101721  .debug_str:00000000000392ac .LASF8880
     /tmp/ccal6mT6.s:100375  .debug_str:0000000000034067 .LASF8881
     /tmp/ccal6mT6.s:99469  .debug_str:000000000003024d .LASF8882
     /tmp/ccal6mT6.s:101723  .debug_str:00000000000392c9 .LASF8883
     /tmp/ccal6mT6.s:100377  .debug_str:0000000000034084 .LASF8884
     /tmp/ccal6mT6.s:93409  .debug_str:0000000000017616 .LASF8885
     /tmp/ccal6mT6.s:106433  .debug_str:000000000004d1ba .LASF8886
     /tmp/ccal6mT6.s:90059  .debug_str:000000000000a093 .LASF8887
     /tmp/ccal6mT6.s:93731  .debug_str:0000000000018aa2 .LASF8888
     /tmp/ccal6mT6.s:106435  .debug_str:000000000004d1d3 .LASF8889
     /tmp/ccal6mT6.s:90061  .debug_str:000000000000a0ac .LASF8890
     /tmp/ccal6mT6.s:87781  .debug_str:00000000000005f0 .LASF8891
     /tmp/ccal6mT6.s:89641  .debug_str:0000000000008448 .LASF8892
     /tmp/ccal6mT6.s:102103  .debug_str:000000000003acd8 .LASF8893
     /tmp/ccal6mT6.s:91311  .debug_str:000000000000eee9 .LASF8894
     /tmp/ccal6mT6.s:90601  .debug_str:000000000000c61f .LASF8895
     /tmp/ccal6mT6.s:94343  .debug_str:000000000001b18c .LASF8896
     /tmp/ccal6mT6.s:105383  .debug_str:00000000000487bf .LASF8897
     /tmp/ccal6mT6.s:89787  .debug_str:0000000000008e4a .LASF8898
     /tmp/ccal6mT6.s:106337  .debug_str:000000000004caaa .LASF8899
     /tmp/ccal6mT6.s:88171  .debug_str:00000000000020aa .LASF8900
     /tmp/ccal6mT6.s:105171  .debug_str:000000000004796e .LASF8901
     /tmp/ccal6mT6.s:91273  .debug_str:000000000000ed45 .LASF8902
     /tmp/ccal6mT6.s:103941  .debug_str:0000000000042891 .LASF8903
     /tmp/ccal6mT6.s:95269  .debug_str:000000000001f0b0 .LASF8904
     /tmp/ccal6mT6.s:99079  .debug_str:000000000002e8b0 .LASF8905
     /tmp/ccal6mT6.s:92741  .debug_str:000000000001497c .LASF8906
     /tmp/ccal6mT6.s:89943  .debug_str:00000000000098ad .LASF8907
     /tmp/ccal6mT6.s:96573  .debug_str:00000000000244ee .LASF8908
     /tmp/ccal6mT6.s:91177  .debug_str:000000000000e7b0 .LASF8909
     /tmp/ccal6mT6.s:98977  .debug_str:000000000002e1cd .LASF8910
     /tmp/ccal6mT6.s:94553  .debug_str:000000000001beaa .LASF8911
     /tmp/ccal6mT6.s:97897  .debug_str:0000000000029a41 .LASF8912
     /tmp/ccal6mT6.s:96043  .debug_str:0000000000022597 .LASF8913
     /tmp/ccal6mT6.s:103283  .debug_str:000000000003fc57 .LASF8914
     /tmp/ccal6mT6.s:105163  .debug_str:0000000000047900 .LASF8915
     /tmp/ccal6mT6.s:99943  .debug_str:0000000000032338 .LASF8916
     /tmp/ccal6mT6.s:98191  .debug_str:000000000002ae04 .LASF8917
     /tmp/ccal6mT6.s:91345  .debug_str:000000000000f1a7 .LASF8918
     /tmp/ccal6mT6.s:98031  .debug_str:000000000002a34a .LASF8919
     /tmp/ccal6mT6.s:104145  .debug_str:0000000000043557 .LASF8920
     /tmp/ccal6mT6.s:95285  .debug_str:000000000001f1fb .LASF8921
     /tmp/ccal6mT6.s:98593  .debug_str:000000000002c735 .LASF8922
     /tmp/ccal6mT6.s:94803  .debug_str:000000000001cfee .LASF8923
     /tmp/ccal6mT6.s:101207  .debug_str:0000000000037340 .LASF8924
     /tmp/ccal6mT6.s:96475  .debug_str:0000000000024046 .LASF8925
     /tmp/ccal6mT6.s:102881  .debug_str:000000000003e093 .LASF8926
     /tmp/ccal6mT6.s:105655  .debug_str:0000000000049ac9 .LASF8927
     /tmp/ccal6mT6.s:98401  .debug_str:000000000002bab8 .LASF8928
     /tmp/ccal6mT6.s:93863  .debug_str:0000000000019388 .LASF8929
     /tmp/ccal6mT6.s:104063  .debug_str:000000000004301d .LASF8930
     /tmp/ccal6mT6.s:105833  .debug_str:000000000004a757 .LASF8931
     /tmp/ccal6mT6.s:92421  .debug_str:00000000000135ee .LASF8932
     /tmp/ccal6mT6.s:90723  .debug_str:000000000000cdbc .LASF8933
     /tmp/ccal6mT6.s:105019  .debug_str:0000000000046f1c .LASF8934
     /tmp/ccal6mT6.s:89061  .debug_str:0000000000005dd0 .LASF8935
     /tmp/ccal6mT6.s:94051  .debug_str:0000000000019ff4 .LASF8936
     /tmp/ccal6mT6.s:97001  .debug_str:0000000000025fa3 .LASF8937
     /tmp/ccal6mT6.s:91735  .debug_str:00000000000108c3 .LASF8938
     /tmp/ccal6mT6.s:103059  .debug_str:000000000003ec7f .LASF8939
     /tmp/ccal6mT6.s:95413  .debug_str:000000000001fb48 .LASF8940
     /tmp/ccal6mT6.s:89537  .debug_str:0000000000007cf6 .LASF8941
     /tmp/ccal6mT6.s:106215  .debug_str:000000000004c313 .LASF8942
     /tmp/ccal6mT6.s:104499  .debug_str:0000000000044bab .LASF8943
     /tmp/ccal6mT6.s:97037  .debug_str:0000000000026242 .LASF8944
     /tmp/ccal6mT6.s:89539  .debug_str:0000000000007d0b .LASF8945
     /tmp/ccal6mT6.s:104337  .debug_str:0000000000044123 .LASF8946
     /tmp/ccal6mT6.s:105323  .debug_str:0000000000048309 .LASF8947
     /tmp/ccal6mT6.s:90135  .debug_str:000000000000a55d .LASF8948
     /tmp/ccal6mT6.s:92005  .debug_str:0000000000011af5 .LASF8949
     /tmp/ccal6mT6.s:89465  .debug_str:00000000000078cf .LASF8950
     /tmp/ccal6mT6.s:101611  .debug_str:0000000000038ba0 .LASF8951
     /tmp/ccal6mT6.s:93509  .debug_str:0000000000017c3f .LASF8952
     /tmp/ccal6mT6.s:93511  .debug_str:0000000000017c4e .LASF8953
     /tmp/ccal6mT6.s:93513  .debug_str:0000000000017c5d .LASF8954
     /tmp/ccal6mT6.s:95589  .debug_str:000000000002072f .LASF8955
     /tmp/ccal6mT6.s:93901  .debug_str:000000000001963c .LASF8956
     /tmp/ccal6mT6.s:93729  .debug_str:0000000000018a89 .LASF8957
     /tmp/ccal6mT6.s:95541  .debug_str:0000000000020406 .LASF8958
     /tmp/ccal6mT6.s:103141  .debug_str:000000000003f29c .LASF8959
     /tmp/ccal6mT6.s:92123  .debug_str:000000000001229c .LASF8960
     /tmp/ccal6mT6.s:101141  .debug_str:0000000000037044 .LASF8961
     /tmp/ccal6mT6.s:91031  .debug_str:000000000000e06f .LASF8962
     /tmp/ccal6mT6.s:91971  .debug_str:0000000000011888 .LASF8963
     /tmp/ccal6mT6.s:95531  .debug_str:0000000000020327 .LASF8964
     /tmp/ccal6mT6.s:88893  .debug_str:0000000000005261 .LASF8965
     /tmp/ccal6mT6.s:89269  .debug_str:0000000000006c6b .LASF8966
     /tmp/ccal6mT6.s:92601  .debug_str:000000000001405c .LASF8967
     /tmp/ccal6mT6.s:92255  .debug_str:0000000000012c27 .LASF8968
     /tmp/ccal6mT6.s:103099  .debug_str:000000000003ef37 .LASF8969
     /tmp/ccal6mT6.s:105583  .debug_str:0000000000049633 .LASF8970
     /tmp/ccal6mT6.s:103097  .debug_str:000000000003ef2e .LASF8971
     /tmp/ccal6mT6.s:103397  .debug_str:000000000004047d .LASF8972
     /tmp/ccal6mT6.s:102967  .debug_str:000000000003e586 .LASF8973
     /tmp/ccal6mT6.s:93369  .debug_str:0000000000017350 .LASF8974
     /tmp/ccal6mT6.s:99051  .debug_str:000000000002e71a .LASF8975
     /tmp/ccal6mT6.s:92379  .debug_str:0000000000013352 .LASF8976
     /tmp/ccal6mT6.s:96395  .debug_str:0000000000023c21 .LASF8977
     /tmp/ccal6mT6.s:102659  .debug_str:000000000003d27e .LASF8978
     /tmp/ccal6mT6.s:102351  .debug_str:000000000003be11 .LASF8979
     /tmp/ccal6mT6.s:93517  .debug_str:0000000000017c95 .LASF8980
     /tmp/ccal6mT6.s:97807  .debug_str:00000000000294df .LASF8981
     /tmp/ccal6mT6.s:88979  .debug_str:00000000000058cb .LASF8982
     /tmp/ccal6mT6.s:99095  .debug_str:000000000002e9cf .LASF8983
     /tmp/ccal6mT6.s:97649  .debug_str:0000000000028b3a .LASF8984
     /tmp/ccal6mT6.s:96539  .debug_str:00000000000243e8 .LASF8985
     /tmp/ccal6mT6.s:95865  .debug_str:0000000000021971 .LASF8986
     /tmp/ccal6mT6.s:89411  .debug_str:0000000000007588 .LASF8987
     /tmp/ccal6mT6.s:103703  .debug_str:00000000000418c7 .LASF8988
     /tmp/ccal6mT6.s:98481  .debug_str:000000000002bf97 .LASF8989
     /tmp/ccal6mT6.s:97519  .debug_str:00000000000282ac .LASF8990
     /tmp/ccal6mT6.s:95575  .debug_str:00000000000206a2 .LASF8991
     /tmp/ccal6mT6.s:93113  .debug_str:00000000000161d7 .LASF8992
     /tmp/ccal6mT6.s:102975  .debug_str:000000000003e62f .LASF8993
     /tmp/ccal6mT6.s:103109  .debug_str:000000000003f00c .LASF8994
     /tmp/ccal6mT6.s:88051  .debug_str:000000000000182a .LASF8995
     /tmp/ccal6mT6.s:94467  .debug_str:000000000001b95f .LASF8996
     /tmp/ccal6mT6.s:100173  .debug_str:0000000000033248 .LASF8997
     /tmp/ccal6mT6.s:91805  .debug_str:0000000000010c79 .LASF8998
     /tmp/ccal6mT6.s:95985  .debug_str:0000000000022161 .LASF8999
     /tmp/ccal6mT6.s:90099  .debug_str:000000000000a329 .LASF9000
     /tmp/ccal6mT6.s:96125  .debug_str:0000000000022b29 .LASF9001
     /tmp/ccal6mT6.s:97501  .debug_str:0000000000028138 .LASF9002
     /tmp/ccal6mT6.s:92319  .debug_str:0000000000012fab .LASF9003
     /tmp/ccal6mT6.s:94339  .debug_str:000000000001b144 .LASF9004
     /tmp/ccal6mT6.s:104909  .debug_str:0000000000046702 .LASF9005
     /tmp/ccal6mT6.s:89055  .debug_str:0000000000005d71 .LASF9006
     /tmp/ccal6mT6.s:98369  .debug_str:000000000002b8e1 .LASF9007
     /tmp/ccal6mT6.s:97691  .debug_str:0000000000028e58 .LASF9008
     /tmp/ccal6mT6.s:91169  .debug_str:000000000000e724 .LASF9009
     /tmp/ccal6mT6.s:90401  .debug_str:000000000000b8e4 .LASF9010
     /tmp/ccal6mT6.s:91299  .debug_str:000000000000ee07 .LASF9011
     /tmp/ccal6mT6.s:90177  .debug_str:000000000000a84c .LASF9012
     /tmp/ccal6mT6.s:105271  .debug_str:0000000000047fde .LASF9013
     /tmp/ccal6mT6.s:104563  .debug_str:0000000000045009 .LASF9014
     /tmp/ccal6mT6.s:103573  .debug_str:0000000000040fbc .LASF9015
     /tmp/ccal6mT6.s:89049  .debug_str:0000000000005d0a .LASF9016
     /tmp/ccal6mT6.s:90977  .debug_str:000000000000dd9e .LASF9017
     /tmp/ccal6mT6.s:102155  .debug_str:000000000003b08a .LASF9018
     /tmp/ccal6mT6.s:91861  .debug_str:0000000000011084 .LASF9019
     /tmp/ccal6mT6.s:97421  .debug_str:0000000000027cd8 .LASF9020
     /tmp/ccal6mT6.s:89271  .debug_str:0000000000006c86 .LASF9021
     /tmp/ccal6mT6.s:93253  .debug_str:0000000000016bcc .LASF9022
     /tmp/ccal6mT6.s:90261  .debug_str:000000000000ae6a .LASF9023
     /tmp/ccal6mT6.s:99463  .debug_str:00000000000301f0 .LASF9024
     /tmp/ccal6mT6.s:87721  .debug_str:00000000000001d7 .LASF9025
     /tmp/ccal6mT6.s:102933  .debug_str:000000000003e3c9 .LASF9026
     /tmp/ccal6mT6.s:93817  .debug_str:0000000000019072 .LASF9027
     /tmp/ccal6mT6.s:98043  .debug_str:000000000002a3ff .LASF9028
     /tmp/ccal6mT6.s:96797  .debug_str:000000000002520d .LASF9029
     /tmp/ccal6mT6.s:101585  .debug_str:00000000000389c3 .LASF9030
     /tmp/ccal6mT6.s:89085  .debug_str:0000000000005f32 .LASF9031
     /tmp/ccal6mT6.s:99459  .debug_str:00000000000301c9 .LASF9032
     /tmp/ccal6mT6.s:97349  .debug_str:000000000002773f .LASF9033
     /tmp/ccal6mT6.s:88643  .debug_str:00000000000041dd .LASF9034
     /tmp/ccal6mT6.s:105185  .debug_str:0000000000047a48 .LASF9035
     /tmp/ccal6mT6.s:96913  .debug_str:0000000000025a96 .LASF9036
     /tmp/ccal6mT6.s:94171  .debug_str:000000000001a71b .LASF9037
     /tmp/ccal6mT6.s:96611  .debug_str:0000000000024759 .LASF9038
     /tmp/ccal6mT6.s:94001  .debug_str:0000000000019d62 .LASF9039
     /tmp/ccal6mT6.s:105525  .debug_str:0000000000049212 .LASF9040
     /tmp/ccal6mT6.s:94147  .debug_str:000000000001a578 .LASF9041
     /tmp/ccal6mT6.s:97125  .debug_str:0000000000026893 .LASF9042
     /tmp/ccal6mT6.s:102243  .debug_str:000000000003b67d .LASF9043
     /tmp/ccal6mT6.s:88221  .debug_str:00000000000023d1 .LASF9044
     /tmp/ccal6mT6.s:88429  .debug_str:00000000000032e2 .LASF9045
     /tmp/ccal6mT6.s:97957  .debug_str:0000000000029ed8 .LASF9046
     /tmp/ccal6mT6.s:94151  .debug_str:000000000001a5bc .LASF9047
     /tmp/ccal6mT6.s:100915  .debug_str:00000000000363c2 .LASF9048
     /tmp/ccal6mT6.s:97429  .debug_str:0000000000027d55 .LASF9049
     /tmp/ccal6mT6.s:100083  .debug_str:0000000000032bd6 .LASF9050
     /tmp/ccal6mT6.s:87749  .debug_str:000000000000038e .LASF9051
     /tmp/ccal6mT6.s:96251  .debug_str:00000000000233e5 .LASF9052
     /tmp/ccal6mT6.s:93725  .debug_str:0000000000018a78 .LASF9053
     /tmp/ccal6mT6.s:87989  .debug_str:00000000000013ba .LASF9054
     /tmp/ccal6mT6.s:95695  .debug_str:0000000000020e0f .LASF9055
     /tmp/ccal6mT6.s:90965  .debug_str:000000000000dca6 .LASF9056
     /tmp/ccal6mT6.s:99455  .debug_str:0000000000030178 .LASF9057
     /tmp/ccal6mT6.s:104541  .debug_str:0000000000044ec1 .LASF9058
     /tmp/ccal6mT6.s:95649  .debug_str:0000000000020beb .LASF9059
     /tmp/ccal6mT6.s:101291  .debug_str:0000000000037822 .LASF9060
     /tmp/ccal6mT6.s:95387  .debug_str:000000000001f9e1 .LASF9061
     /tmp/ccal6mT6.s:95645  .debug_str:0000000000020bb7 .LASF9062
     /tmp/ccal6mT6.s:103755  .debug_str:0000000000041bfd .LASF9063
     /tmp/ccal6mT6.s:97535  .debug_str:0000000000028381 .LASF9064
     /tmp/ccal6mT6.s:90155  .debug_str:000000000000a706 .LASF9065
     /tmp/ccal6mT6.s:89471  .debug_str:0000000000007906 .LASF9066
     /tmp/ccal6mT6.s:97857  .debug_str:0000000000029867 .LASF9067
     /tmp/ccal6mT6.s:104389  .debug_str:000000000004443a .LASF9068
     /tmp/ccal6mT6.s:103213  .debug_str:000000000003f7ac .LASF9069
     /tmp/ccal6mT6.s:95197  .debug_str:000000000001eb26 .LASF9070
     /tmp/ccal6mT6.s:96035  .debug_str:0000000000022519 .LASF9071
     /tmp/ccal6mT6.s:103527  .debug_str:0000000000040c35 .LASF9072
     /tmp/ccal6mT6.s:99217  .debug_str:000000000002f284 .LASF9073
     /tmp/ccal6mT6.s:99661  .debug_str:0000000000030fb7 .LASF9074
     /tmp/ccal6mT6.s:89111  .debug_str:00000000000060ca .LASF9075
     /tmp/ccal6mT6.s:105865  .debug_str:000000000004a930 .LASF9076
     /tmp/ccal6mT6.s:104469  .debug_str:0000000000044a0f .LASF9077
     /tmp/ccal6mT6.s:88785  .debug_str:0000000000004b36 .LASF9078
     /tmp/ccal6mT6.s:94643  .debug_str:000000000001c48e .LASF9079
     /tmp/ccal6mT6.s:103699  .debug_str:00000000000418b0 .LASF9080
     /tmp/ccal6mT6.s:102489  .debug_str:000000000003c7b7 .LASF9081
     /tmp/ccal6mT6.s:95359  .debug_str:000000000001f81b .LASF9082
     /tmp/ccal6mT6.s:95361  .debug_str:000000000001f825 .LASF9083
     /tmp/ccal6mT6.s:105057  .debug_str:0000000000047203 .LASF9084
     /tmp/ccal6mT6.s:95365  .debug_str:000000000001f868 .LASF9085
     /tmp/ccal6mT6.s:100259  .debug_str:000000000003384d .LASF9086
     /tmp/ccal6mT6.s:99067  .debug_str:000000000002e80a .LASF9087
     /tmp/ccal6mT6.s:104333  .debug_str:00000000000440f9 .LASF9088
     /tmp/ccal6mT6.s:97647  .debug_str:0000000000028b2f .LASF9089
     /tmp/ccal6mT6.s:93841  .debug_str:000000000001920f .LASF9090
     /tmp/ccal6mT6.s:89461  .debug_str:00000000000078bc .LASF9091
     /tmp/ccal6mT6.s:88367  .debug_str:0000000000002f1a .LASF9092
     /tmp/ccal6mT6.s:93629  .debug_str:00000000000183b7 .LASF9093
     /tmp/ccal6mT6.s:90013  .debug_str:0000000000009d12 .LASF9094
     /tmp/ccal6mT6.s:91919  .debug_str:0000000000011495 .LASF9095
     /tmp/ccal6mT6.s:90015  .debug_str:0000000000009d1d .LASF9096
     /tmp/ccal6mT6.s:98165  .debug_str:000000000002ac11 .LASF9097
     /tmp/ccal6mT6.s:90017  .debug_str:0000000000009d28 .LASF9098
     /tmp/ccal6mT6.s:94629  .debug_str:000000000001c393 .LASF9099
     /tmp/ccal6mT6.s:90019  .debug_str:0000000000009d33 .LASF9100
     /tmp/ccal6mT6.s:88589  .debug_str:0000000000003d3f .LASF9101
     /tmp/ccal6mT6.s:100401  .debug_str:000000000003424d .LASF9102
     /tmp/ccal6mT6.s:88937  .debug_str:00000000000055e7 .LASF9103
     /tmp/ccal6mT6.s:97449  .debug_str:0000000000027e65 .LASF9104
     /tmp/ccal6mT6.s:103895  .debug_str:0000000000042567 .LASF9105
     /tmp/ccal6mT6.s:97451  .debug_str:0000000000027e6f .LASF9106
     /tmp/ccal6mT6.s:104661  .debug_str:0000000000045723 .LASF9107
     /tmp/ccal6mT6.s:97453  .debug_str:0000000000027e79 .LASF9108
     /tmp/ccal6mT6.s:91939  .debug_str:00000000000115f8 .LASF9109
     /tmp/ccal6mT6.s:97455  .debug_str:0000000000027e83 .LASF9110
     /tmp/ccal6mT6.s:104829  .debug_str:00000000000461c7 .LASF9111
     /tmp/ccal6mT6.s:97457  .debug_str:0000000000027e8d .LASF9112
     /tmp/ccal6mT6.s:102913  .debug_str:000000000003e296 .LASF9113
     /tmp/ccal6mT6.s:97459  .debug_str:0000000000027e97 .LASF9114
     /tmp/ccal6mT6.s:92867  .debug_str:000000000001522a .LASF9115
     /tmp/ccal6mT6.s:97461  .debug_str:0000000000027ea1 .LASF9116
     /tmp/ccal6mT6.s:105737  .debug_str:000000000004a078 .LASF9117
     /tmp/ccal6mT6.s:96481  .debug_str:000000000002409c .LASF9118
     /tmp/ccal6mT6.s:90941  .debug_str:000000000000db31 .LASF9119
     /tmp/ccal6mT6.s:93651  .debug_str:00000000000184ef .LASF9120
     /tmp/ccal6mT6.s:97981  .debug_str:000000000002a096 .LASF9121
     /tmp/ccal6mT6.s:91867  .debug_str:0000000000011104 .LASF9122
     /tmp/ccal6mT6.s:92689  .debug_str:000000000001462a .LASF9123
     /tmp/ccal6mT6.s:104205  .debug_str:00000000000438e6 .LASF9124
     /tmp/ccal6mT6.s:91571  .debug_str:000000000000fe9f .LASF9125
     /tmp/ccal6mT6.s:103117  .debug_str:000000000003f07a .LASF9126
     /tmp/ccal6mT6.s:105237  .debug_str:0000000000047da8 .LASF9127
     /tmp/ccal6mT6.s:102421  .debug_str:000000000003c369 .LASF9128
     /tmp/ccal6mT6.s:92523  .debug_str:0000000000013c2c .LASF9129
     /tmp/ccal6mT6.s:88087  .debug_str:0000000000001aef .LASF9130
     /tmp/ccal6mT6.s:98423  .debug_str:000000000002bbcb .LASF9131
     /tmp/ccal6mT6.s:105351  .debug_str:0000000000048527 .LASF9132
     /tmp/ccal6mT6.s:101725  .debug_str:00000000000392e6 .LASF9133
     /tmp/ccal6mT6.s:99493  .debug_str:00000000000303b8 .LASF9134
     /tmp/ccal6mT6.s:103829  .debug_str:0000000000042144 .LASF9135
     /tmp/ccal6mT6.s:95379  .debug_str:000000000001f967 .LASF9136
     /tmp/ccal6mT6.s:99359  .debug_str:000000000002fb3c .LASF9137
     /tmp/ccal6mT6.s:92019  .debug_str:0000000000011ba8 .LASF9138
     /tmp/ccal6mT6.s:92227  .debug_str:0000000000012a11 .LASF9139
     /tmp/ccal6mT6.s:94237  .debug_str:000000000001aaa5 .LASF9140
     /tmp/ccal6mT6.s:95407  .debug_str:000000000001faf2 .LASF9141
     /tmp/ccal6mT6.s:96859  .debug_str:000000000002569d .LASF9142
     /tmp/ccal6mT6.s:89615  .debug_str:0000000000008267 .LASF9143
     /tmp/ccal6mT6.s:98633  .debug_str:000000000002ca1f .LASF9144
     /tmp/ccal6mT6.s:93803  .debug_str:0000000000018f84 .LASF9145
     /tmp/ccal6mT6.s:93035  .debug_str:0000000000015c73 .LASF9146
     /tmp/ccal6mT6.s:104245  .debug_str:0000000000043ba0 .LASF9147
     /tmp/ccal6mT6.s:93773  .debug_str:0000000000018d82 .LASF9148
     /tmp/ccal6mT6.s:97401  .debug_str:0000000000027b77 .LASF9149
     /tmp/ccal6mT6.s:87887  .debug_str:0000000000000cd5 .LASF9150
     /tmp/ccal6mT6.s:94427  .debug_str:000000000001b685 .LASF9151
     /tmp/ccal6mT6.s:100927  .debug_str:00000000000363ec .LASF9152
     /tmp/ccal6mT6.s:99369  .debug_str:000000000002fbb5 .LASF9153
     /tmp/ccal6mT6.s:96017  .debug_str:00000000000223bb .LASF9154
     /tmp/ccal6mT6.s:97107  .debug_str:00000000000267cb .LASF9155
     /tmp/ccal6mT6.s:95811  .debug_str:0000000000021582 .LASF9156
     /tmp/ccal6mT6.s:88085  .debug_str:0000000000001acb .LASF9157
     /tmp/ccal6mT6.s:90691  .debug_str:000000000000cbc2 .LASF9158
     /tmp/ccal6mT6.s:90437  .debug_str:000000000000bb08 .LASF9159
     /tmp/ccal6mT6.s:98623  .debug_str:000000000002c987 .LASF9160
     /tmp/ccal6mT6.s:94497  .debug_str:000000000001bb2b .LASF9161
     /tmp/ccal6mT6.s:98383  .debug_str:000000000002b9c6 .LASF9162
     /tmp/ccal6mT6.s:98385  .debug_str:000000000002b9cb .LASF9163
     /tmp/ccal6mT6.s:89431  .debug_str:00000000000076a5 .LASF9164
     /tmp/ccal6mT6.s:89433  .debug_str:00000000000076aa .LASF9165
     /tmp/ccal6mT6.s:105527  .debug_str:0000000000049227 .LASF9166
     /tmp/ccal6mT6.s:102169  .debug_str:000000000003b15a .LASF9167
     /tmp/ccal6mT6.s:103445  .debug_str:0000000000040751 .LASF9168
     /tmp/ccal6mT6.s:103447  .debug_str:0000000000040757 .LASF9169
     /tmp/ccal6mT6.s:103451  .debug_str:000000000004076b .LASF9170
     /tmp/ccal6mT6.s:103455  .debug_str:0000000000040783 .LASF9171
     /tmp/ccal6mT6.s:93757  .debug_str:0000000000018c56 .LASF9172
     /tmp/ccal6mT6.s:103891  .debug_str:0000000000042541 .LASF9173
     /tmp/ccal6mT6.s:88515  .debug_str:000000000000386e .LASF9174
     /tmp/ccal6mT6.s:95581  .debug_str:00000000000206e2 .LASF9175
     /tmp/ccal6mT6.s:98135  .debug_str:000000000002aa28 .LASF9176
     /tmp/ccal6mT6.s:103389  .debug_str:00000000000403cb .LASF9177
     /tmp/ccal6mT6.s:91887  .debug_str:0000000000011274 .LASF9178
     /tmp/ccal6mT6.s:98435  .debug_str:000000000002bcb6 .LASF9179
     /tmp/ccal6mT6.s:88343  .debug_str:0000000000002ccc .LASF9180
     /tmp/ccal6mT6.s:88401  .debug_str:00000000000030e2 .LASF9181
     /tmp/ccal6mT6.s:96203  .debug_str:0000000000023054 .LASF9182
     /tmp/ccal6mT6.s:98437  .debug_str:000000000002bcbf .LASF9183
     /tmp/ccal6mT6.s:98015  .debug_str:000000000002a282 .LASF9184
     /tmp/ccal6mT6.s:94107  .debug_str:000000000001a35d .LASF9185
     /tmp/ccal6mT6.s:89399  .debug_str:00000000000074b8 .LASF9186
     /tmp/ccal6mT6.s:98963  .debug_str:000000000002e0e9 .LASF9187
     /tmp/ccal6mT6.s:88843  .debug_str:0000000000004eec .LASF9188
     /tmp/ccal6mT6.s:96133  .debug_str:0000000000022b96 .LASF9189
     /tmp/ccal6mT6.s:106047  .debug_str:000000000004b7ef .LASF9190
     /tmp/ccal6mT6.s:95091  .debug_str:000000000001e42e .LASF9191
     /tmp/ccal6mT6.s:106307  .debug_str:000000000004c8b6 .LASF9192
     /tmp/ccal6mT6.s:89757  .debug_str:0000000000008c10 .LASF9193
     /tmp/ccal6mT6.s:88281  .debug_str:0000000000002862 .LASF9194
     /tmp/ccal6mT6.s:103495  .debug_str:00000000000409b8 .LASF9195
     /tmp/ccal6mT6.s:102801  .debug_str:000000000003dbb7 .LASF9196
     /tmp/ccal6mT6.s:97063  .debug_str:000000000002645d .LASF9197
     /tmp/ccal6mT6.s:101589  .debug_str:0000000000038a06 .LASF9198
     /tmp/ccal6mT6.s:104691  .debug_str:0000000000045902 .LASF9199
     /tmp/ccal6mT6.s:93423  .debug_str:0000000000017711 .LASF9200
     /tmp/ccal6mT6.s:90079  .debug_str:000000000000a201 .LASF9201
     /tmp/ccal6mT6.s:102333  .debug_str:000000000003bc99 .LASF9202
     /tmp/ccal6mT6.s:99743  .debug_str:000000000003155b .LASF9203
     /tmp/ccal6mT6.s:98303  .debug_str:000000000002b54d .LASF9204
     /tmp/ccal6mT6.s:92553  .debug_str:0000000000013e13 .LASF9205
     /tmp/ccal6mT6.s:95017  .debug_str:000000000001de57 .LASF9206
     /tmp/ccal6mT6.s:101609  .debug_str:0000000000038b98 .LASF9207
     /tmp/ccal6mT6.s:103063  .debug_str:000000000003ecaf .LASF9208
     /tmp/ccal6mT6.s:94165  .debug_str:000000000001a6ed .LASF9209
     /tmp/ccal6mT6.s:94175  .debug_str:000000000001a734 .LASF9210
     /tmp/ccal6mT6.s:98213  .debug_str:000000000002afcc .LASF9211
     /tmp/ccal6mT6.s:100789  .debug_str:0000000000035b71 .LASF9212
     /tmp/ccal6mT6.s:98307  .debug_str:000000000002b580 .LASF9213
     /tmp/ccal6mT6.s:92045  .debug_str:0000000000011d78 .LASF9214
     /tmp/ccal6mT6.s:94817  .debug_str:000000000001d0f4 .LASF9215
     /tmp/ccal6mT6.s:94391  .debug_str:000000000001b471 .LASF9216
     /tmp/ccal6mT6.s:106413  .debug_str:000000000004d079 .LASF9217
     /tmp/ccal6mT6.s:87859  .debug_str:0000000000000ae9 .LASF9218
     /tmp/ccal6mT6.s:87981  .debug_str:0000000000001361 .LASF9219
     /tmp/ccal6mT6.s:93985  .debug_str:0000000000019bc3 .LASF9220
     /tmp/ccal6mT6.s:89151  .debug_str:00000000000063a5 .LASF9221
     /tmp/ccal6mT6.s:96625  .debug_str:0000000000024859 .LASF9222
     /tmp/ccal6mT6.s:103061  .debug_str:000000000003eca8 .LASF9223
     /tmp/ccal6mT6.s:94173  .debug_str:000000000001a72a .LASF9224
     /tmp/ccal6mT6.s:97873  .debug_str:0000000000029943 .LASF9225
     /tmp/ccal6mT6.s:93709  .debug_str:0000000000018937 .LASF9226
     /tmp/ccal6mT6.s:87983  .debug_str:000000000000136c .LASF9227
     /tmp/ccal6mT6.s:88015  .debug_str:000000000000152a .LASF9228
     /tmp/ccal6mT6.s:100905  .debug_str:0000000000036326 .LASF9229
     /tmp/ccal6mT6.s:94973  .debug_str:000000000001db9c .LASF9230
     /tmp/ccal6mT6.s:94975  .debug_str:000000000001dba6 .LASF9231
     /tmp/ccal6mT6.s:94977  .debug_str:000000000001dbb0 .LASF9232
     /tmp/ccal6mT6.s:94979  .debug_str:000000000001dbba .LASF9233
     /tmp/ccal6mT6.s:94981  .debug_str:000000000001dbc4 .LASF9234
     /tmp/ccal6mT6.s:100015  .debug_str:00000000000327cb .LASF9235
     /tmp/ccal6mT6.s:94983  .debug_str:000000000001dbce .LASF9236
     /tmp/ccal6mT6.s:91129  .debug_str:000000000000e4c8 .LASF9237
     /tmp/ccal6mT6.s:91131  .debug_str:000000000000e4d3 .LASF9238
     /tmp/ccal6mT6.s:105931  .debug_str:000000000004aeef .LASF9239
     /tmp/ccal6mT6.s:103209  .debug_str:000000000003f796 .LASF9240
     /tmp/ccal6mT6.s:89287  .debug_str:0000000000006d6d .LASF9241
     /tmp/ccal6mT6.s:95937  .debug_str:0000000000021e35 .LASF9242
     /tmp/ccal6mT6.s:89459  .debug_str:00000000000078b0 .LASF9243
     /tmp/ccal6mT6.s:103211  .debug_str:000000000003f7a1 .LASF9244
     /tmp/ccal6mT6.s:102283  .debug_str:000000000003b915 .LASF9245
     /tmp/ccal6mT6.s:88151  .debug_str:0000000000001f14 .LASF9246
     /tmp/ccal6mT6.s:93557  .debug_str:0000000000017eb7 .LASF9247
     /tmp/ccal6mT6.s:96257  .debug_str:0000000000023459 .LASF9248
     /tmp/ccal6mT6.s:102477  .debug_str:000000000003c711 .LASF9249
     /tmp/ccal6mT6.s:102125  .debug_str:000000000003ae49 .LASF9250
     /tmp/ccal6mT6.s:88133  .debug_str:0000000000001dc3 .LASF9251
     /tmp/ccal6mT6.s:92183  .debug_str:00000000000126a8 .LASF9252
     /tmp/ccal6mT6.s:95191  .debug_str:000000000001eabd .LASF9253
     /tmp/ccal6mT6.s:96325  .debug_str:0000000000023807 .LASF9254
     /tmp/ccal6mT6.s:91767  .debug_str:0000000000010adb .LASF9255
     /tmp/ccal6mT6.s:96327  .debug_str:0000000000023812 .LASF9256
     /tmp/ccal6mT6.s:103887  .debug_str:00000000000424d6 .LASF9257
     /tmp/ccal6mT6.s:92655  .debug_str:000000000001440c .LASF9258
     /tmp/ccal6mT6.s:105985  .debug_str:000000000004b380 .LASF9259
     /tmp/ccal6mT6.s:92657  .debug_str:0000000000014417 .LASF9260
     /tmp/ccal6mT6.s:100105  .debug_str:0000000000032d92 .LASF9261
     /tmp/ccal6mT6.s:92659  .debug_str:0000000000014422 .LASF9262
     /tmp/ccal6mT6.s:94059  .debug_str:000000000001a092 .LASF9263
     /tmp/ccal6mT6.s:95655  .debug_str:0000000000020c26 .LASF9264
     /tmp/ccal6mT6.s:101053  .debug_str:0000000000036b54 .LASF9265
     /tmp/ccal6mT6.s:92455  .debug_str:00000000000137fe .LASF9266
     /tmp/ccal6mT6.s:89699  .debug_str:0000000000008802 .LASF9267
     /tmp/ccal6mT6.s:92457  .debug_str:0000000000013809 .LASF9268
     /tmp/ccal6mT6.s:102681  .debug_str:000000000003d3cb .LASF9269
     /tmp/ccal6mT6.s:92791  .debug_str:0000000000014d41 .LASF9270
     /tmp/ccal6mT6.s:104005  .debug_str:0000000000042c95 .LASF9271
     /tmp/ccal6mT6.s:101077  .debug_str:0000000000036cc6 .LASF9272
     /tmp/ccal6mT6.s:98107  .debug_str:000000000002a894 .LASF9273
     /tmp/ccal6mT6.s:92799  .debug_str:0000000000014db2 .LASF9274
     /tmp/ccal6mT6.s:103767  .debug_str:0000000000041cac .LASF9275
     /tmp/ccal6mT6.s:99215  .debug_str:000000000002f27a .LASF9276
     /tmp/ccal6mT6.s:87965  .debug_str:0000000000001216 .LASF9277
     /tmp/ccal6mT6.s:94115  .debug_str:000000000001a3b3 .LASF9278
     /tmp/ccal6mT6.s:106423  .debug_str:000000000004d0de .LASF9279
     /tmp/ccal6mT6.s:94117  .debug_str:000000000001a3be .LASF9280
     /tmp/ccal6mT6.s:99765  .debug_str:0000000000031698 .LASF9281
     /tmp/ccal6mT6.s:90377  .debug_str:000000000000b76c .LASF9282
     /tmp/ccal6mT6.s:89601  .debug_str:000000000000819c .LASF9283
     /tmp/ccal6mT6.s:90379  .debug_str:000000000000b777 .LASF9284
     /tmp/ccal6mT6.s:96021  .debug_str:00000000000223e5 .LASF9285
     /tmp/ccal6mT6.s:90381  .debug_str:000000000000b782 .LASF9286
     /tmp/ccal6mT6.s:89915  .debug_str:0000000000009758 .LASF9287
     /tmp/ccal6mT6.s:102701  .debug_str:000000000003d53b .LASF9288
     /tmp/ccal6mT6.s:93801  .debug_str:0000000000018f5e .LASF9289
     /tmp/ccal6mT6.s:97437  .debug_str:0000000000027dcc .LASF9290
     /tmp/ccal6mT6.s:97439  .debug_str:0000000000027de0 .LASF9291
     /tmp/ccal6mT6.s:97441  .debug_str:0000000000027df4 .LASF9292
     /tmp/ccal6mT6.s:96483  .debug_str:00000000000240a8 .LASF9293
     /tmp/ccal6mT6.s:96485  .debug_str:00000000000240b9 .LASF9294
     /tmp/ccal6mT6.s:88167  .debug_str:0000000000002077 .LASF9295
     /tmp/ccal6mT6.s:96489  .debug_str:00000000000240f7 .LASF9296
     /tmp/ccal6mT6.s:104271  .debug_str:0000000000043d6a .LASF9297
     /tmp/ccal6mT6.s:89429  .debug_str:0000000000007693 .LASF9298
     /tmp/ccal6mT6.s:96571  .debug_str:00000000000244d9 .LASF9299
     /tmp/ccal6mT6.s:92769  .debug_str:0000000000014b69 .LASF9300
     /tmp/ccal6mT6.s:92793  .debug_str:0000000000014d4c .LASF9301
     /tmp/ccal6mT6.s:105847  .debug_str:000000000004a833 .LASF9302
     /tmp/ccal6mT6.s:91261  .debug_str:000000000000ec72 .LASF9303
     /tmp/ccal6mT6.s:99869  .debug_str:0000000000031e07 .LASF9304
     /tmp/ccal6mT6.s:105075  .debug_str:0000000000047358 .LASF9305
     /tmp/ccal6mT6.s:103817  .debug_str:0000000000042060 .LASF9306
     /tmp/ccal6mT6.s:91979  .debug_str:000000000001191c .LASF9307
     /tmp/ccal6mT6.s:94585  .debug_str:000000000001c0cb .LASF9308
     /tmp/ccal6mT6.s:98327  .debug_str:000000000002b677 .LASF9309
     /tmp/ccal6mT6.s:100869  .debug_str:0000000000036045 .LASF9310
     /tmp/ccal6mT6.s:103737  .debug_str:0000000000041b02 .LASF9311
     /tmp/ccal6mT6.s:88821  .debug_str:0000000000004d99 .LASF9312
     /tmp/ccal6mT6.s:95769  .debug_str:000000000002128f .LASF9313
     /tmp/ccal6mT6.s:94677  .debug_str:000000000001c6e7 .LASF9407
     /tmp/ccal6mT6.s:99625  .debug_str:0000000000030d36 .LASF9314
     /tmp/ccal6mT6.s:89649  .debug_str:00000000000084d3 .LASF9315
     /tmp/ccal6mT6.s:89235  .debug_str:00000000000069c6 .LASF9316
     /tmp/ccal6mT6.s:94329  .debug_str:000000000001b0f0 .LASF9317
     /tmp/ccal6mT6.s:98131  .debug_str:000000000002aa0f .LASF9318
     /tmp/ccal6mT6.s:96793  .debug_str:00000000000251f4 .LASF9319
     /tmp/ccal6mT6.s:98811  .debug_str:000000000002d632 .LASF9320
     /tmp/ccal6mT6.s:90093  .debug_str:000000000000a2de .LASF9321
     /tmp/ccal6mT6.s:95997  .debug_str:000000000002221e .LASF9322
     /tmp/ccal6mT6.s:99233  .debug_str:000000000002f3b1 .LASF9323
     /tmp/ccal6mT6.s:95295  .debug_str:000000000001f2b2 .LASF9324
     /tmp/ccal6mT6.s:101643  .debug_str:0000000000038dfa .LASF9325
     /tmp/ccal6mT6.s:101645  .debug_str:0000000000038e05 .LASF9326
     /tmp/ccal6mT6.s:101647  .debug_str:0000000000038e10 .LASF9327
     /tmp/ccal6mT6.s:101649  .debug_str:0000000000038e1b .LASF9328
     /tmp/ccal6mT6.s:88443  .debug_str:000000000000335d .LASF9329
     /tmp/ccal6mT6.s:95155  .debug_str:000000000001e88c .LASF9330
     /tmp/ccal6mT6.s:100459  .debug_str:000000000003460a .LASF9331
     /tmp/ccal6mT6.s:91639  .debug_str:0000000000010200 .LASF9332
     /tmp/ccal6mT6.s:106077  .debug_str:000000000004ba16 .LASF9333
     /tmp/ccal6mT6.s:104111  .debug_str:0000000000043335 .LASF9334
     /tmp/ccal6mT6.s:89921  .debug_str:00000000000097b4 .LASF9335
     /tmp/ccal6mT6.s:103635  .debug_str:0000000000041421 .LASF9336
     /tmp/ccal6mT6.s:105461  .debug_str:0000000000048dc7 .LASF9337
     /tmp/ccal6mT6.s:96755  .debug_str:0000000000024f5a .LASF9338
     /tmp/ccal6mT6.s:91669  .debug_str:0000000000010491 .LASF9339
     /tmp/ccal6mT6.s:94243  .debug_str:000000000001ab31 .LASF9340
     /tmp/ccal6mT6.s:98939  .debug_str:000000000002df6f .LASF9341
     /tmp/ccal6mT6.s:87741  .debug_str:0000000000000320 .LASF9342
     /tmp/ccal6mT6.s:97517  .debug_str:00000000000282a0 .LASF9343
     /tmp/ccal6mT6.s:102269  .debug_str:000000000003b844 .LASF9344
     /tmp/ccal6mT6.s:92111  .debug_str:00000000000121cc .LASF9345
     /tmp/ccal6mT6.s:105653  .debug_str:0000000000049ab6 .LASF9346
     /tmp/ccal6mT6.s:92181  .debug_str:0000000000012698 .LASF9347
     /tmp/ccal6mT6.s:95405  .debug_str:000000000001fadf .LASF9348
     /tmp/ccal6mT6.s:92259  .debug_str:0000000000012c46 .LASF9349
     /tmp/ccal6mT6.s:95491  .debug_str:0000000000020060 .LASF9350
     /tmp/ccal6mT6.s:92329  .debug_str:0000000000013036 .LASF9351
     /tmp/ccal6mT6.s:95565  .debug_str:00000000000205eb .LASF9352
     /tmp/ccal6mT6.s:92413  .debug_str:000000000001353e .LASF9353
     /tmp/ccal6mT6.s:95635  .debug_str:0000000000020b1e .LASF9354
     /tmp/ccal6mT6.s:104247  .debug_str:0000000000043bae .LASF9355
     /tmp/ccal6mT6.s:102669  .debug_str:000000000003d321 .LASF9356
     /tmp/ccal6mT6.s:92515  .debug_str:0000000000013ba8 .LASF9357
     /tmp/ccal6mT6.s:89133  .debug_str:0000000000006261 .LASF9358
     /tmp/ccal6mT6.s:101613  .debug_str:0000000000038bbd .LASF9359
     /tmp/ccal6mT6.s:105195  .debug_str:0000000000047acd .LASF9360
     /tmp/ccal6mT6.s:105231  .debug_str:0000000000047d22 .LASF9361
     /tmp/ccal6mT6.s:89451  .debug_str:000000000000780a .LASF9362
     /tmp/ccal6mT6.s:89849  .debug_str:000000000000923d .LASF9363
     /tmp/ccal6mT6.s:89341  .debug_str:00000000000070de .LASF9364
     /tmp/ccal6mT6.s:105817  .debug_str:000000000004a683 .LASF9365
     /tmp/ccal6mT6.s:92051  .debug_str:0000000000011dc9 .LASF9366
     /tmp/ccal6mT6.s:100549  .debug_str:0000000000034ba3 .LASF9367
     /tmp/ccal6mT6.s:105379  .debug_str:000000000004879b .LASF9368
     /tmp/ccal6mT6.s:104343  .debug_str:0000000000044198 .LASF9369
     /tmp/ccal6mT6.s:90145  .debug_str:000000000000a65a .LASF9370
     /tmp/ccal6mT6.s:101115  .debug_str:0000000000036ec3 .LASF9371
     /tmp/ccal6mT6.s:92991  .debug_str:000000000001598a .LASF9372
     /tmp/ccal6mT6.s:94765  .debug_str:000000000001cd23 .LASF9373
     /tmp/ccal6mT6.s:94289  .debug_str:000000000001ae6f .LASF9374
     /tmp/ccal6mT6.s:92239  .debug_str:0000000000012afb .LASF9375
     /tmp/ccal6mT6.s:104571  .debug_str:0000000000045098 .LASF9376
     /tmp/ccal6mT6.s:100853  .debug_str:0000000000035ee9 .LASF9377
     /tmp/ccal6mT6.s:96059  .debug_str:000000000002269b .LASF9378
     /tmp/ccal6mT6.s:96781  .debug_str:0000000000025129 .LASF9379
     /tmp/ccal6mT6.s:105815  .debug_str:000000000004a670 .LASF9380
     /tmp/ccal6mT6.s:92647  .debug_str:000000000001436d .LASF9381
     /tmp/ccal6mT6.s:106119  .debug_str:000000000004bd1f .LASF9382
     /tmp/ccal6mT6.s:90407  .debug_str:000000000000b93d .LASF9383
     /tmp/ccal6mT6.s:89971  .debug_str:0000000000009aa6 .LASF9384
     /tmp/ccal6mT6.s:101365  .debug_str:0000000000037bd2 .LASF9408
     /tmp/ccal6mT6.s:94731  .debug_str:000000000001caf2 .LASF9385
     /tmp/ccal6mT6.s:98825  .debug_str:000000000002d6da .LASF9386
     /tmp/ccal6mT6.s:89727  .debug_str:0000000000008a21 .LASF9387
     /tmp/ccal6mT6.s:92225  .debug_str:00000000000129fe .LASF9388
     /tmp/ccal6mT6.s:344    .text.sgmii_pll_lock_scb:0000000000000000 .LFB29
     /tmp/ccal6mT6.s:364    .text.sgmii_pll_lock_scb:0000000000000014 .LFE29
     /tmp/ccal6mT6.s:90635  .debug_str:000000000000c7f5 .LASF9390
     /tmp/ccal6mT6.s:69341  .debug_loc:0000000000000000 .LLST1
     /tmp/ccal6mT6.s:103295  .debug_str:000000000003fd23 .LASF9391
     /tmp/ccal6mT6.s:266    .text.sgmii_pll_config_scb:0000000000000000 .LFB28
     /tmp/ccal6mT6.s:337    .text.sgmii_pll_config_scb:0000000000000054 .LFE28
     /tmp/ccal6mT6.s:94541  .debug_str:000000000001be28 .LASF9393
     /tmp/ccal6mT6.s:99461  .debug_str:00000000000301d4 .LASF9394
     /tmp/ccal6mT6.s:246    .text.ddr_pll_config_scb_turn_off:0000000000000000 .LFB27
     /tmp/ccal6mT6.s:259    .text.ddr_pll_config_scb_turn_off:000000000000000e .LFE27
     /tmp/ccal6mT6.s:104627  .debug_str:00000000000454b3 .LASF9389
     /tmp/ccal6mT6.s:219    .text.ddr_pll_lock_scb:0000000000000000 .LFB26
     /tmp/ccal6mT6.s:239    .text.ddr_pll_lock_scb:0000000000000014 .LFE26
     /tmp/ccal6mT6.s:69364  .debug_loc:0000000000000042 .LLST0
     /tmp/ccal6mT6.s:104995  .debug_str:0000000000046d84 .LASF9392
     /tmp/ccal6mT6.s:102    .text.ddr_pll_config:0000000000000000 .LFB25
     /tmp/ccal6mT6.s:212    .text.ddr_pll_config:00000000000000ae .LFE25
     /tmp/ccal6mT6.s:99267  .debug_str:000000000002f5ca .LASF9395
     /tmp/ccal6mT6.s:88     .text.flag_mss_pll_lock_error:0000000000000000 .LFB24
     /tmp/ccal6mT6.s:95     .text.flag_mss_pll_lock_error:0000000000000002 .LFE24
     /tmp/ccal6mT6.s:93011  .debug_str:0000000000015a92 .LASF9396
     /tmp/ccal6mT6.s:424    .text.mss_pll_config:0000000000000000 .LFB23
     /tmp/ccal6mT6.s:676    .text.mss_pll_config:0000000000000128 .LFE23
     /tmp/ccal6mT6.s:96491  .debug_str:0000000000024108 .LASF9397
     /tmp/ccal6mT6.s:497    .text.mss_pll_config:0000000000000064 .LBB12
     /tmp/ccal6mT6.s:564    .text.mss_pll_config:00000000000000c0 .LBB15
     /tmp/ccal6mT6.s:628    .text.mss_pll_config:00000000000000fe .LVL15
     /tmp/ccal6mT6.s:441    .text.mss_pll_config:0000000000000012 .LVL14
     /tmp/ccal6mT6.s:662    .text.mss_pll_config:000000000000011e .LVL16
     /tmp/ccal6mT6.s:104497  .debug_str:0000000000044b9a .LASF9398
     /tmp/ccal6mT6.s:48     .text.sgmii_mux_config:0000000000000000 .LFB22
     /tmp/ccal6mT6.s:81     .text.sgmii_mux_config:0000000000000022 .LFE22
     /tmp/ccal6mT6.s:92697  .debug_str:00000000000146a0 .LASF9400
     /tmp/ccal6mT6.s:101831  .debug_str:0000000000039a69 .LASF9399
     /tmp/ccal6mT6.s:105127  .debug_str:0000000000047632 .LASF9401
     /tmp/ccal6mT6.s:103927  .debug_str:00000000000427bf .LASF9402
     /tmp/ccal6mT6.s:14     .text.set_RTC_divisor:0000000000000000 .LFB19
     /tmp/ccal6mT6.s:41     .text.set_RTC_divisor:0000000000000022 .LFE19
     /tmp/ccal6mT6.s:371    .text.copy_switch_code:0000000000000000 .LFB30
     /tmp/ccal6mT6.s:417    .text.copy_switch_code:000000000000002e .LFE30
     /tmp/ccal6mT6.s:382    .text.copy_switch_code:0000000000000010 .LBB4
     /tmp/ccal6mT6.s:69387  .debug_loc:0000000000000084 .LLST2
     /tmp/ccal6mT6.s:69404  .debug_loc:00000000000000cf .LLST3
     /tmp/ccal6mT6.s:348    .text.sgmii_pll_lock_scb:0000000000000000 .LVL6
     /tmp/ccal6mT6.s:354    .text.sgmii_pll_lock_scb:0000000000000008 .LVL7
     /tmp/ccal6mT6.s:358    .text.sgmii_pll_lock_scb:000000000000000c .LVL8
     /tmp/ccal6mT6.s:223    .text.ddr_pll_lock_scb:0000000000000000 .LVL2
     /tmp/ccal6mT6.s:229    .text.ddr_pll_lock_scb:0000000000000008 .LVL3
     /tmp/ccal6mT6.s:233    .text.ddr_pll_lock_scb:000000000000000c .LVL4
     /tmp/ccal6mT6.s:391    .text.copy_switch_code:000000000000001e .LVL10
     /tmp/ccal6mT6.s:403    .text.copy_switch_code:0000000000000024 .LVL12
     /tmp/ccal6mT6.s:407    .text.copy_switch_code:0000000000000028 .LVL13
     /tmp/ccal6mT6.s:400    .text.copy_switch_code:0000000000000022 .LVL11
     /tmp/ccal6mT6.s:740    .debug_info:0000000000000000 .Ldebug_info0
     /tmp/ccal6mT6.s:387    .text.copy_switch_code:0000000000000018 .LBE4
     /tmp/ccal6mT6.s:393    .text.copy_switch_code:000000000000001e .LBB7
     /tmp/ccal6mT6.s:413    .text.copy_switch_code:000000000000002c .LBE7
     /tmp/ccal6mT6.s:536    .text.mss_pll_config:000000000000009a .LBE12
     /tmp/ccal6mT6.s:633    .text.mss_pll_config:00000000000000fe .LBB24
     /tmp/ccal6mT6.s:643    .text.mss_pll_config:0000000000000106 .LBE24
     /tmp/ccal6mT6.s:593    .text.mss_pll_config:00000000000000e2 .LBE15
     /tmp/ccal6mT6.s:598    .text.mss_pll_config:00000000000000e4 .LBB21
     /tmp/ccal6mT6.s:604    .text.mss_pll_config:00000000000000e6 .LBE21
     /tmp/ccal6mT6.s:612    .text.mss_pll_config:00000000000000ec .LBB22
     /tmp/ccal6mT6.s:620    .text.mss_pll_config:00000000000000f4 .LBE22
     /tmp/ccal6mT6.s:624    .text.mss_pll_config:00000000000000f6 .LBB23
     /tmp/ccal6mT6.s:632    .text.mss_pll_config:00000000000000fe .LBE23
     /tmp/ccal6mT6.s:665    .text.mss_pll_config:0000000000000120 .LBB25
     /tmp/ccal6mT6.s:674    .text.mss_pll_config:0000000000000128 .LBE25
     /tmp/ccal6mT6.s:70149  .debug_macro:0000000000000000 .Ldebug_macro2
     /tmp/ccal6mT6.s:97405  .debug_str:0000000000027bdc .LASF326
     /tmp/ccal6mT6.s:71132  .debug_macro:0000000000000000 .Ldebug_macro3
     /tmp/ccal6mT6.s:71296  .debug_macro:0000000000000000 .Ldebug_macro4
     /tmp/ccal6mT6.s:94041  .debug_str:0000000000019f42 .LASF385
     /tmp/ccal6mT6.s:102929  .debug_str:000000000003e38d .LASF386
     /tmp/ccal6mT6.s:100619  .debug_str:00000000000350ac .LASF387
     /tmp/ccal6mT6.s:71316  .debug_macro:0000000000000000 .Ldebug_macro5
     /tmp/ccal6mT6.s:71336  .debug_macro:0000000000000000 .Ldebug_macro6
     /tmp/ccal6mT6.s:71401  .debug_macro:0000000000000000 .Ldebug_macro7
     /tmp/ccal6mT6.s:71442  .debug_macro:0000000000000000 .Ldebug_macro8
     /tmp/ccal6mT6.s:71564  .debug_macro:0000000000000000 .Ldebug_macro9
     /tmp/ccal6mT6.s:71620  .debug_macro:0000000000000000 .Ldebug_macro10
     /tmp/ccal6mT6.s:93645  .debug_str:0000000000018490 .LASF541
     /tmp/ccal6mT6.s:71832  .debug_macro:0000000000000000 .Ldebug_macro11
     /tmp/ccal6mT6.s:71843  .debug_macro:0000000000000000 .Ldebug_macro12
     /tmp/ccal6mT6.s:73642  .debug_macro:0000000000000000 .Ldebug_macro13
     /tmp/ccal6mT6.s:73668  .debug_macro:0000000000000000 .Ldebug_macro14
     /tmp/ccal6mT6.s:94789  .debug_str:000000000001cf19 .LASF1175
     /tmp/ccal6mT6.s:73751  .debug_macro:0000000000000000 .Ldebug_macro15
     /tmp/ccal6mT6.s:102835  .debug_str:000000000003ddd0 .LASF3366
     /tmp/ccal6mT6.s:80326  .debug_macro:0000000000000000 .Ldebug_macro16
     /tmp/ccal6mT6.s:80343  .debug_macro:0000000000000000 .Ldebug_macro17
     /tmp/ccal6mT6.s:80375  .debug_macro:0000000000000000 .Ldebug_macro18
     /tmp/ccal6mT6.s:80392  .debug_macro:0000000000000000 .Ldebug_macro19
     /tmp/ccal6mT6.s:80421  .debug_macro:0000000000000000 .Ldebug_macro20
     /tmp/ccal6mT6.s:80483  .debug_macro:0000000000000000 .Ldebug_macro21
     /tmp/ccal6mT6.s:80506  .debug_macro:0000000000000000 .Ldebug_macro22
     /tmp/ccal6mT6.s:80565  .debug_macro:0000000000000000 .Ldebug_macro23
     /tmp/ccal6mT6.s:83324  .debug_macro:0000000000000000 .Ldebug_macro24
     /tmp/ccal6mT6.s:83368  .debug_macro:0000000000000000 .Ldebug_macro25
     /tmp/ccal6mT6.s:83454  .debug_macro:0000000000000000 .Ldebug_macro26
     /tmp/ccal6mT6.s:83483  .debug_macro:0000000000000000 .Ldebug_macro27
     /tmp/ccal6mT6.s:83542  .debug_macro:0000000000000000 .Ldebug_macro28
     /tmp/ccal6mT6.s:83604  .debug_macro:0000000000000000 .Ldebug_macro29
     /tmp/ccal6mT6.s:83666  .debug_macro:0000000000000000 .Ldebug_macro30
     /tmp/ccal6mT6.s:83728  .debug_macro:0000000000000000 .Ldebug_macro31
     /tmp/ccal6mT6.s:83790  .debug_macro:0000000000000000 .Ldebug_macro32
     /tmp/ccal6mT6.s:83852  .debug_macro:0000000000000000 .Ldebug_macro33
     /tmp/ccal6mT6.s:83908  .debug_macro:0000000000000000 .Ldebug_macro34
     /tmp/ccal6mT6.s:83964  .debug_macro:0000000000000000 .Ldebug_macro35
     /tmp/ccal6mT6.s:83996  .debug_macro:0000000000000000 .Ldebug_macro36
     /tmp/ccal6mT6.s:84016  .debug_macro:0000000000000000 .Ldebug_macro37
     /tmp/ccal6mT6.s:84048  .debug_macro:0000000000000000 .Ldebug_macro38
     /tmp/ccal6mT6.s:84080  .debug_macro:0000000000000000 .Ldebug_macro39
     /tmp/ccal6mT6.s:84100  .debug_macro:0000000000000000 .Ldebug_macro40
     /tmp/ccal6mT6.s:84120  .debug_macro:0000000000000000 .Ldebug_macro41
     /tmp/ccal6mT6.s:84152  .debug_macro:0000000000000000 .Ldebug_macro42
     /tmp/ccal6mT6.s:84166  .debug_macro:0000000000000000 .Ldebug_macro43
     /tmp/ccal6mT6.s:84186  .debug_macro:0000000000000000 .Ldebug_macro44
     /tmp/ccal6mT6.s:84287  .debug_macro:0000000000000000 .Ldebug_macro45
     /tmp/ccal6mT6.s:84388  .debug_macro:0000000000000000 .Ldebug_macro46
     /tmp/ccal6mT6.s:84405  .debug_macro:0000000000000000 .Ldebug_macro47
     /tmp/ccal6mT6.s:84443  .debug_macro:0000000000000000 .Ldebug_macro48
     /tmp/ccal6mT6.s:84466  .debug_macro:0000000000000000 .Ldebug_macro49
     /tmp/ccal6mT6.s:84594  .debug_macro:0000000000000000 .Ldebug_macro50
     /tmp/ccal6mT6.s:84608  .debug_macro:0000000000000000 .Ldebug_macro51
     /tmp/ccal6mT6.s:84622  .debug_macro:0000000000000000 .Ldebug_macro52
     /tmp/ccal6mT6.s:84678  .debug_macro:0000000000000000 .Ldebug_macro53
     /tmp/ccal6mT6.s:85793  .debug_macro:0000000000000000 .Ldebug_macro54
     /tmp/ccal6mT6.s:85825  .debug_macro:0000000000000000 .Ldebug_macro55
     /tmp/ccal6mT6.s:85845  .debug_macro:0000000000000000 .Ldebug_macro56
     /tmp/ccal6mT6.s:85889  .debug_macro:0000000000000000 .Ldebug_macro57
     /tmp/ccal6mT6.s:85936  .debug_macro:0000000000000000 .Ldebug_macro58
     /tmp/ccal6mT6.s:85983  .debug_macro:0000000000000000 .Ldebug_macro59
     /tmp/ccal6mT6.s:86018  .debug_macro:0000000000000000 .Ldebug_macro60
     /tmp/ccal6mT6.s:86041  .debug_macro:0000000000000000 .Ldebug_macro61
     /tmp/ccal6mT6.s:87789  .debug_str:000000000000066d .LASF5201
     /tmp/ccal6mT6.s:86058  .debug_macro:0000000000000000 .Ldebug_macro62
     /tmp/ccal6mT6.s:104921  .debug_str:00000000000467fd .LASF5383
     /tmp/ccal6mT6.s:86606  .debug_macro:0000000000000000 .Ldebug_macro63
     /tmp/ccal6mT6.s:86623  .debug_macro:0000000000000000 .Ldebug_macro64
     /tmp/ccal6mT6.s:86637  .debug_macro:0000000000000000 .Ldebug_macro65
     /tmp/ccal6mT6.s:86936  .debug_macro:0000000000000000 .Ldebug_macro66
     /tmp/ccal6mT6.s:86989  .debug_macro:0000000000000000 .Ldebug_macro67
     /tmp/ccal6mT6.s:87009  .debug_macro:0000000000000000 .Ldebug_macro68
     /tmp/ccal6mT6.s:98547  .debug_str:000000000002c449 .LASF5549
     /tmp/ccal6mT6.s:87131  .debug_macro:0000000000000000 .Ldebug_macro69
     /tmp/ccal6mT6.s:87193  .debug_macro:0000000000000000 .Ldebug_macro70
     /tmp/ccal6mT6.s:97243  .debug_str:0000000000026ffc .LASF5571
     /tmp/ccal6mT6.s:87204  .debug_macro:0000000000000000 .Ldebug_macro71
     /tmp/ccal6mT6.s:87233  .debug_macro:0000000000000000 .Ldebug_macro72
     /tmp/ccal6mT6.s:101703  .debug_str:00000000000391bd .LASF5599
     /tmp/ccal6mT6.s:87295  .debug_macro:0000000000000000 .Ldebug_macro73
     /tmp/ccal6mT6.s:94011  .debug_str:0000000000019de6 .LASF5619
     /tmp/ccal6mT6.s:87357  .debug_macro:0000000000000000 .Ldebug_macro74
     /tmp/ccal6mT6.s:87425  .debug_macro:0000000000000000 .Ldebug_macro75
     /tmp/ccal6mT6.s:87448  .debug_macro:0000000000000000 .Ldebug_macro76
     /tmp/ccal6mT6.s:87528  .debug_macro:0000000000000000 .Ldebug_macro77
     /tmp/ccal6mT6.s:87659  .debug_macro:0000000000000000 .Ldebug_macro78
     /tmp/ccal6mT6.s:87679  .debug_macro:0000000000000000 .Ldebug_macro79
     /tmp/ccal6mT6.s:92389  .debug_str:0000000000013416 .LASF0
     /tmp/ccal6mT6.s:99089  .debug_str:000000000002e976 .LASF1
     /tmp/ccal6mT6.s:96337  .debug_str:00000000000238bc .LASF2
     /tmp/ccal6mT6.s:96405  .debug_str:0000000000023cb5 .LASF3
     /tmp/ccal6mT6.s:90953  .debug_str:000000000000dbfc .LASF4
     /tmp/ccal6mT6.s:91133  .debug_str:000000000000e4de .LASF5
     /tmp/ccal6mT6.s:101633  .debug_str:0000000000038d2b .LASF6
     /tmp/ccal6mT6.s:89909  .debug_str:0000000000009703 .LASF7
     /tmp/ccal6mT6.s:88269  .debug_str:00000000000027b8 .LASF8
     /tmp/ccal6mT6.s:87955  .debug_str:0000000000001199 .LASF9
     /tmp/ccal6mT6.s:101159  .debug_str:0000000000037170 .LASF10
     /tmp/ccal6mT6.s:104733  .debug_str:0000000000045bb7 .LASF11
     /tmp/ccal6mT6.s:98783  .debug_str:000000000002d494 .LASF12
     /tmp/ccal6mT6.s:94579  .debug_str:000000000001c06b .LASF13
     /tmp/ccal6mT6.s:90703  .debug_str:000000000000cc70 .LASF14
     /tmp/ccal6mT6.s:91589  .debug_str:000000000000ffa7 .LASF15
     /tmp/ccal6mT6.s:98775  .debug_str:000000000002d431 .LASF16
     /tmp/ccal6mT6.s:89937  .debug_str:000000000000987f .LASF17
     /tmp/ccal6mT6.s:103845  .debug_str:0000000000042216 .LASF18
     /tmp/ccal6mT6.s:91689  .debug_str:00000000000105c9 .LASF19
     /tmp/ccal6mT6.s:93491  .debug_str:0000000000017ba8 .LASF20
     /tmp/ccal6mT6.s:104687  .debug_str:00000000000458ce .LASF21
     /tmp/ccal6mT6.s:104421  .debug_str:00000000000446f6 .LASF22
     /tmp/ccal6mT6.s:95683  .debug_str:0000000000020d90 .LASF23
     /tmp/ccal6mT6.s:89259  .debug_str:0000000000006bab .LASF24
     /tmp/ccal6mT6.s:91071  .debug_str:000000000000e28d .LASF25
     /tmp/ccal6mT6.s:103249  .debug_str:000000000003f9e7 .LASF26
     /tmp/ccal6mT6.s:101561  .debug_str:0000000000038806 .LASF27
     /tmp/ccal6mT6.s:90621  .debug_str:000000000000c71c .LASF28
     /tmp/ccal6mT6.s:89679  .debug_str:00000000000086cf .LASF29
     /tmp/ccal6mT6.s:103129  .debug_str:000000000003f192 .LASF30
     /tmp/ccal6mT6.s:101445  .debug_str:0000000000038075 .LASF31
     /tmp/ccal6mT6.s:93203  .debug_str:00000000000167f0 .LASF32
     /tmp/ccal6mT6.s:100555  .debug_str:0000000000034be0 .LASF33
     /tmp/ccal6mT6.s:89369  .debug_str:00000000000072d3 .LASF34
     /tmp/ccal6mT6.s:98229  .debug_str:000000000002b092 .LASF35
     /tmp/ccal6mT6.s:97909  .debug_str:0000000000029b18 .LASF36
     /tmp/ccal6mT6.s:90449  .debug_str:000000000000bbb1 .LASF37
     /tmp/ccal6mT6.s:92609  .debug_str:00000000000140c9 .LASF38
     /tmp/ccal6mT6.s:97133  .debug_str:00000000000268fb .LASF39
     /tmp/ccal6mT6.s:106401  .debug_str:000000000004cf83 .LASF40
     /tmp/ccal6mT6.s:96195  .debug_str:0000000000022fc2 .LASF41
     /tmp/ccal6mT6.s:97327  .debug_str:00000000000275ef .LASF42
     /tmp/ccal6mT6.s:92571  .debug_str:0000000000013f04 .LASF43
     /tmp/ccal6mT6.s:89123  .debug_str:0000000000006193 .LASF44
     /tmp/ccal6mT6.s:102051  .debug_str:000000000003a985 .LASF45
     /tmp/ccal6mT6.s:88421  .debug_str:000000000000325b .LASF46
     /tmp/ccal6mT6.s:102999  .debug_str:000000000003e80b .LASF47
     /tmp/ccal6mT6.s:89095  .debug_str:0000000000005fc4 .LASF48
     /tmp/ccal6mT6.s:101557  .debug_str:00000000000387cf .LASF49
     /tmp/ccal6mT6.s:98505  .debug_str:000000000002c1b6 .LASF50
     /tmp/ccal6mT6.s:94835  .debug_str:000000000001d263 .LASF51
     /tmp/ccal6mT6.s:90457  .debug_str:000000000000bc23 .LASF52
     /tmp/ccal6mT6.s:89321  .debug_str:0000000000006fd4 .LASF53
     /tmp/ccal6mT6.s:93581  .debug_str:0000000000018020 .LASF54
     /tmp/ccal6mT6.s:100291  .debug_str:0000000000033a46 .LASF55
     /tmp/ccal6mT6.s:88111  .debug_str:0000000000001c52 .LASF56
     /tmp/ccal6mT6.s:90579  .debug_str:000000000000c497 .LASF57
     /tmp/ccal6mT6.s:104419  .debug_str:00000000000446cd .LASF58
     /tmp/ccal6mT6.s:102891  .debug_str:000000000003e13b .LASF59
     /tmp/ccal6mT6.s:105553  .debug_str:000000000004940d .LASF60
     /tmp/ccal6mT6.s:104065  .debug_str:0000000000043041 .LASF61
     /tmp/ccal6mT6.s:98471  .debug_str:000000000002befa .LASF62
     /tmp/ccal6mT6.s:104129  .debug_str:0000000000043456 .LASF63
     /tmp/ccal6mT6.s:97445  .debug_str:0000000000027e23 .LASF64
     /tmp/ccal6mT6.s:102787  .debug_str:000000000003daf3 .LASF65
     /tmp/ccal6mT6.s:96813  .debug_str:000000000002534a .LASF66
     /tmp/ccal6mT6.s:98129  .debug_str:000000000002a9ed .LASF67
     /tmp/ccal6mT6.s:99485  .debug_str:0000000000030338 .LASF68
     /tmp/ccal6mT6.s:94887  .debug_str:000000000001d5d8 .LASF69
     /tmp/ccal6mT6.s:104191  .debug_str:00000000000437e4 .LASF70
     /tmp/ccal6mT6.s:101945  .debug_str:000000000003a214 .LASF71
     /tmp/ccal6mT6.s:106403  .debug_str:000000000004cf9c .LASF72
     /tmp/ccal6mT6.s:93115  .debug_str:00000000000161f3 .LASF73
     /tmp/ccal6mT6.s:88215  .debug_str:00000000000023ac .LASF74
     /tmp/ccal6mT6.s:104639  .debug_str:000000000004555c .LASF75
     /tmp/ccal6mT6.s:96713  .debug_str:0000000000024cc7 .LASF76
     /tmp/ccal6mT6.s:93161  .debug_str:00000000000164b5 .LASF77
     /tmp/ccal6mT6.s:96039  .debug_str:000000000002252b .LASF78
     /tmp/ccal6mT6.s:89723  .debug_str:00000000000089f5 .LASF79
     /tmp/ccal6mT6.s:99709  .debug_str:0000000000031329 .LASF80
     /tmp/ccal6mT6.s:97803  .debug_str:000000000002948b .LASF81
     /tmp/ccal6mT6.s:99247  .debug_str:000000000002f492 .LASF82
     /tmp/ccal6mT6.s:92363  .debug_str:0000000000013263 .LASF83
     /tmp/ccal6mT6.s:89891  .debug_str:000000000000959e .LASF84
     /tmp/ccal6mT6.s:89917  .debug_str:000000000000977f .LASF85
     /tmp/ccal6mT6.s:91575  .debug_str:000000000000fed1 .LASF86
     /tmp/ccal6mT6.s:98173  .debug_str:000000000002ac9f .LASF87
     /tmp/ccal6mT6.s:99871  .debug_str:0000000000031e1f .LASF88
     /tmp/ccal6mT6.s:96385  .debug_str:0000000000023b79 .LASF89
     /tmp/ccal6mT6.s:105007  .debug_str:0000000000046e52 .LASF90
     /tmp/ccal6mT6.s:89187  .debug_str:0000000000006674 .LASF91
     /tmp/ccal6mT6.s:97059  .debug_str:0000000000026427 .LASF92
     /tmp/ccal6mT6.s:93833  .debug_str:0000000000019162 .LASF93
     /tmp/ccal6mT6.s:96051  .debug_str:0000000000022632 .LASF94
     /tmp/ccal6mT6.s:105029  .debug_str:000000000004703d .LASF95
     /tmp/ccal6mT6.s:105441  .debug_str:0000000000048c30 .LASF96
     /tmp/ccal6mT6.s:94191  .debug_str:000000000001a835 .LASF97
     /tmp/ccal6mT6.s:95643  .debug_str:0000000000020ba3 .LASF98
     /tmp/ccal6mT6.s:90959  .debug_str:000000000000dc31 .LASF99
     /tmp/ccal6mT6.s:99705  .debug_str:00000000000312ee .LASF100
     /tmp/ccal6mT6.s:101681  .debug_str:000000000003903c .LASF101
     /tmp/ccal6mT6.s:101095  .debug_str:0000000000036d16 .LASF102
     /tmp/ccal6mT6.s:88391  .debug_str:0000000000003063 .LASF103
     /tmp/ccal6mT6.s:98333  .debug_str:000000000002b6e3 .LASF104
     /tmp/ccal6mT6.s:90627  .debug_str:000000000000c779 .LASF105
     /tmp/ccal6mT6.s:98211  .debug_str:000000000002afb9 .LASF106
     /tmp/ccal6mT6.s:96261  .debug_str:0000000000023495 .LASF107
     /tmp/ccal6mT6.s:98019  .debug_str:000000000002a2a1 .LASF108
     /tmp/ccal6mT6.s:88759  .debug_str:00000000000049a0 .LASF109
     /tmp/ccal6mT6.s:100745  .debug_str:00000000000358e6 .LASF110
     /tmp/ccal6mT6.s:99197  .debug_str:000000000002f137 .LASF111
     /tmp/ccal6mT6.s:101553  .debug_str:00000000000387a5 .LASF112
     /tmp/ccal6mT6.s:90771  .debug_str:000000000000d0e2 .LASF113
     /tmp/ccal6mT6.s:101503  .debug_str:000000000003839f .LASF114
     /tmp/ccal6mT6.s:87857  .debug_str:0000000000000ad0 .LASF115
     /tmp/ccal6mT6.s:103411  .debug_str:000000000004053f .LASF116
     /tmp/ccal6mT6.s:104805  .debug_str:000000000004603d .LASF117
     /tmp/ccal6mT6.s:96607  .debug_str:000000000002470b .LASF118
     /tmp/ccal6mT6.s:92139  .debug_str:00000000000123c4 .LASF119
     /tmp/ccal6mT6.s:92679  .debug_str:000000000001457b .LASF120
     /tmp/ccal6mT6.s:100739  .debug_str:0000000000035879 .LASF121
     /tmp/ccal6mT6.s:98509  .debug_str:000000000002c1ea .LASF122
     /tmp/ccal6mT6.s:91505  .debug_str:000000000000fafc .LASF123
     /tmp/ccal6mT6.s:92905  .debug_str:00000000000153f4 .LASF124
     /tmp/ccal6mT6.s:91705  .debug_str:0000000000010664 .LASF125
     /tmp/ccal6mT6.s:93787  .debug_str:0000000000018e6f .LASF126
     /tmp/ccal6mT6.s:101243  .debug_str:00000000000375e9 .LASF127
     /tmp/ccal6mT6.s:102783  .debug_str:000000000003dab3 .LASF128
     /tmp/ccal6mT6.s:102433  .debug_str:000000000003c434 .LASF129
     /tmp/ccal6mT6.s:101675  .debug_str:0000000000038fbd .LASF130
     /tmp/ccal6mT6.s:97637  .debug_str:0000000000028a69 .LASF131
     /tmp/ccal6mT6.s:102307  .debug_str:000000000003bada .LASF132
     /tmp/ccal6mT6.s:91881  .debug_str:0000000000011215 .LASF133
     /tmp/ccal6mT6.s:95795  .debug_str:0000000000021423 .LASF134
     /tmp/ccal6mT6.s:97703  .debug_str:0000000000028efd .LASF135
     /tmp/ccal6mT6.s:92229  .debug_str:0000000000012a1d .LASF136
     /tmp/ccal6mT6.s:104561  .debug_str:0000000000044ff1 .LASF137
     /tmp/ccal6mT6.s:93523  .debug_str:0000000000017cd2 .LASF138
     /tmp/ccal6mT6.s:102781  .debug_str:000000000003da93 .LASF139
     /tmp/ccal6mT6.s:94755  .debug_str:000000000001cc7f .LASF140
     /tmp/ccal6mT6.s:100811  .debug_str:0000000000035d33 .LASF141
     /tmp/ccal6mT6.s:92811  .debug_str:0000000000014e70 .LASF142
     /tmp/ccal6mT6.s:105579  .debug_str:00000000000495ff .LASF143
     /tmp/ccal6mT6.s:97551  .debug_str:00000000000284a3 .LASF144
     /tmp/ccal6mT6.s:96525  .debug_str:000000000002432d .LASF145
     /tmp/ccal6mT6.s:91937  .debug_str:00000000000115e0 .LASF146
     /tmp/ccal6mT6.s:90555  .debug_str:000000000000c2d5 .LASF147
     /tmp/ccal6mT6.s:91517  .debug_str:000000000000fb7e .LASF148
     /tmp/ccal6mT6.s:92287  .debug_str:0000000000012d96 .LASF149
     /tmp/ccal6mT6.s:95171  .debug_str:000000000001e983 .LASF150
     /tmp/ccal6mT6.s:99245  .debug_str:000000000002f47e .LASF151
     /tmp/ccal6mT6.s:102831  .debug_str:000000000003dda9 .LASF152
     /tmp/ccal6mT6.s:93875  .debug_str:0000000000019432 .LASF153
     /tmp/ccal6mT6.s:96661  .debug_str:0000000000024932 .LASF154
     /tmp/ccal6mT6.s:89869  .debug_str:00000000000093da .LASF155
     /tmp/ccal6mT6.s:103243  .debug_str:000000000003f9b0 .LASF156
     /tmp/ccal6mT6.s:92257  .debug_str:0000000000012c30 .LASF157
     /tmp/ccal6mT6.s:104617  .debug_str:00000000000453a6 .LASF158
     /tmp/ccal6mT6.s:98347  .debug_str:000000000002b78e .LASF159
     /tmp/ccal6mT6.s:88935  .debug_str:00000000000055ad .LASF160
     /tmp/ccal6mT6.s:89183  .debug_str:00000000000065f2 .LASF161
     /tmp/ccal6mT6.s:105853  .debug_str:000000000004a899 .LASF162
     /tmp/ccal6mT6.s:89655  .debug_str:000000000000851e .LASF163
     /tmp/ccal6mT6.s:105371  .debug_str:0000000000048714 .LASF164
     /tmp/ccal6mT6.s:92003  .debug_str:0000000000011ae4 .LASF165
     /tmp/ccal6mT6.s:92819  .debug_str:0000000000014ef1 .LASF166
     /tmp/ccal6mT6.s:105125  .debug_str:0000000000047623 .LASF167
     /tmp/ccal6mT6.s:99545  .debug_str:00000000000306fb .LASF168
     /tmp/ccal6mT6.s:92085  .debug_str:000000000001201d .LASF169
     /tmp/ccal6mT6.s:88205  .debug_str:00000000000022ea .LASF170
     /tmp/ccal6mT6.s:98563  .debug_str:000000000002c54c .LASF171
     /tmp/ccal6mT6.s:101765  .debug_str:00000000000395b4 .LASF172
     /tmp/ccal6mT6.s:100239  .debug_str:00000000000336ca .LASF173
     /tmp/ccal6mT6.s:99023  .debug_str:000000000002e4f3 .LASF174
     /tmp/ccal6mT6.s:90191  .debug_str:000000000000a922 .LASF175
     /tmp/ccal6mT6.s:101953  .debug_str:000000000003a2a5 .LASF176
     /tmp/ccal6mT6.s:99481  .debug_str:0000000000030309 .LASF177
     /tmp/ccal6mT6.s:92295  .debug_str:0000000000012e20 .LASF178
     /tmp/ccal6mT6.s:92221  .debug_str:00000000000129ce .LASF179
     /tmp/ccal6mT6.s:101065  .debug_str:0000000000036c2f .LASF180
     /tmp/ccal6mT6.s:90159  .debug_str:000000000000a740 .LASF181
     /tmp/ccal6mT6.s:100265  .debug_str:00000000000338b4 .LASF182
     /tmp/ccal6mT6.s:92331  .debug_str:0000000000013046 .LASF183
     /tmp/ccal6mT6.s:105493  .debug_str:0000000000048fc4 .LASF184
     /tmp/ccal6mT6.s:89935  .debug_str:0000000000009868 .LASF185
     /tmp/ccal6mT6.s:104737  .debug_str:0000000000045bd8 .LASF186
     /tmp/ccal6mT6.s:95941  .debug_str:0000000000021e53 .LASF187
     /tmp/ccal6mT6.s:93105  .debug_str:0000000000016144 .LASF188
     /tmp/ccal6mT6.s:96807  .debug_str:00000000000252ab .LASF189
     /tmp/ccal6mT6.s:88809  .debug_str:0000000000004ce9 .LASF190
     /tmp/ccal6mT6.s:88693  .debug_str:0000000000004489 .LASF191
     /tmp/ccal6mT6.s:92203  .debug_str:0000000000012890 .LASF192
     /tmp/ccal6mT6.s:106087  .debug_str:000000000004bab2 .LASF193
     /tmp/ccal6mT6.s:102515  .debug_str:000000000003c968 .LASF194
     /tmp/ccal6mT6.s:95073  .debug_str:000000000001e2ee .LASF195
     /tmp/ccal6mT6.s:88697  .debug_str:00000000000044d9 .LASF196
     /tmp/ccal6mT6.s:102861  .debug_str:000000000003df52 .LASF197
     /tmp/ccal6mT6.s:104295  .debug_str:0000000000043e6c .LASF198
     /tmp/ccal6mT6.s:96113  .debug_str:0000000000022a3c .LASF199
     /tmp/ccal6mT6.s:87755  .debug_str:00000000000003d2 .LASF200
     /tmp/ccal6mT6.s:88415  .debug_str:00000000000031fa .LASF201
     /tmp/ccal6mT6.s:103431  .debug_str:0000000000040684 .LASF202
     /tmp/ccal6mT6.s:98745  .debug_str:000000000002d20d .LASF203
     /tmp/ccal6mT6.s:104965  .debug_str:0000000000046b24 .LASF204
     /tmp/ccal6mT6.s:101451  .debug_str:00000000000380d6 .LASF205
     /tmp/ccal6mT6.s:88873  .debug_str:00000000000050c1 .LASF206
     /tmp/ccal6mT6.s:104933  .debug_str:00000000000468d5 .LASF207
     /tmp/ccal6mT6.s:96249  .debug_str:00000000000233cc .LASF208
     /tmp/ccal6mT6.s:103415  .debug_str:000000000004059f .LASF209
     /tmp/ccal6mT6.s:94867  .debug_str:000000000001d4d1 .LASF210
     /tmp/ccal6mT6.s:97979  .debug_str:000000000002a080 .LASF211
     /tmp/ccal6mT6.s:93217  .debug_str:0000000000016912 .LASF212
     /tmp/ccal6mT6.s:90883  .debug_str:000000000000d798 .LASF213
     /tmp/ccal6mT6.s:106201  .debug_str:000000000004c207 .LASF214
     /tmp/ccal6mT6.s:103533  .debug_str:0000000000040c90 .LASF215
     /tmp/ccal6mT6.s:93289  .debug_str:0000000000016e36 .LASF216
     /tmp/ccal6mT6.s:96517  .debug_str:0000000000024298 .LASF217
     /tmp/ccal6mT6.s:94853  .debug_str:000000000001d394 .LASF218
     /tmp/ccal6mT6.s:93061  .debug_str:0000000000015e47 .LASF219
     /tmp/ccal6mT6.s:100137  .debug_str:000000000003301d .LASF220
     /tmp/ccal6mT6.s:90505  .debug_str:000000000000bf1c .LASF221
     /tmp/ccal6mT6.s:95903  .debug_str:0000000000021c3c .LASF222
     /tmp/ccal6mT6.s:106009  .debug_str:000000000004b58c .LASF223
     /tmp/ccal6mT6.s:102465  .debug_str:000000000003c645 .LASF224
     /tmp/ccal6mT6.s:92473  .debug_str:000000000001395a .LASF225
     /tmp/ccal6mT6.s:103989  .debug_str:0000000000042b8c .LASF226
     /tmp/ccal6mT6.s:105727  .debug_str:0000000000049fc0 .LASF227
     /tmp/ccal6mT6.s:93845  .debug_str:000000000001926b .LASF228
     /tmp/ccal6mT6.s:102393  .debug_str:000000000003c186 .LASF229
     /tmp/ccal6mT6.s:96511  .debug_str:0000000000024259 .LASF230
     /tmp/ccal6mT6.s:101093  .debug_str:0000000000036cfb .LASF231
     /tmp/ccal6mT6.s:89925  .debug_str:00000000000097e5 .LASF232
     /tmp/ccal6mT6.s:90197  .debug_str:000000000000a9a7 .LASF233
     /tmp/ccal6mT6.s:93981  .debug_str:0000000000019b67 .LASF234
     /tmp/ccal6mT6.s:91725  .debug_str:00000000000107b9 .LASF235
     /tmp/ccal6mT6.s:88945  .debug_str:0000000000005664 .LASF236
     /tmp/ccal6mT6.s:102075  .debug_str:000000000003ab52 .LASF237
     /tmp/ccal6mT6.s:99301  .debug_str:000000000002f7cb .LASF238
     /tmp/ccal6mT6.s:91413  .debug_str:000000000000f5d7 .LASF239
     /tmp/ccal6mT6.s:91069  .debug_str:000000000000e276 .LASF240
     /tmp/ccal6mT6.s:105393  .debug_str:000000000004888c .LASF241
     /tmp/ccal6mT6.s:93393  .debug_str:00000000000174ca .LASF242
     /tmp/ccal6mT6.s:94721  .debug_str:000000000001ca58 .LASF243
     /tmp/ccal6mT6.s:89153  .debug_str:00000000000063ad .LASF244
     /tmp/ccal6mT6.s:92281  .debug_str:0000000000012d53 .LASF245
     /tmp/ccal6mT6.s:104143  .debug_str:000000000004353d .LASF246
     /tmp/ccal6mT6.s:100431  .debug_str:000000000003442f .LASF247
     /tmp/ccal6mT6.s:93371  .debug_str:0000000000017358 .LASF248
     /tmp/ccal6mT6.s:103197  .debug_str:000000000003f6c1 .LASF249
     /tmp/ccal6mT6.s:96041  .debug_str:0000000000022552 .LASF250
     /tmp/ccal6mT6.s:100427  .debug_str:0000000000034404 .LASF251
     /tmp/ccal6mT6.s:94799  .debug_str:000000000001cfb3 .LASF252
     /tmp/ccal6mT6.s:105017  .debug_str:0000000000046f01 .LASF253
     /tmp/ccal6mT6.s:94187  .debug_str:000000000001a7e9 .LASF254
     /tmp/ccal6mT6.s:100959  .debug_str:00000000000365cf .LASF255
     /tmp/ccal6mT6.s:88495  .debug_str:00000000000036fb .LASF256
     /tmp/ccal6mT6.s:101979  .debug_str:000000000003a48c .LASF257
     /tmp/ccal6mT6.s:89223  .debug_str:00000000000068ce .LASF258
     /tmp/ccal6mT6.s:89509  .debug_str:0000000000007b4e .LASF259
     /tmp/ccal6mT6.s:105315  .debug_str:00000000000482b4 .LASF260
     /tmp/ccal6mT6.s:103277  .debug_str:000000000003fbf1 .LASF261
     /tmp/ccal6mT6.s:91271  .debug_str:000000000000ed06 .LASF262
     /tmp/ccal6mT6.s:94899  .debug_str:000000000001d696 .LASF263
     /tmp/ccal6mT6.s:104391  .debug_str:0000000000044442 .LASF264
     /tmp/ccal6mT6.s:102143  .debug_str:000000000003afac .LASF265
     /tmp/ccal6mT6.s:98157  .debug_str:000000000002abaa .LASF266
     /tmp/ccal6mT6.s:90425  .debug_str:000000000000ba39 .LASF267
     /tmp/ccal6mT6.s:95877  .debug_str:0000000000021a14 .LASF268
     /tmp/ccal6mT6.s:98631  .debug_str:000000000002ca0a .LASF269
     /tmp/ccal6mT6.s:95187  .debug_str:000000000001ea6b .LASF270
     /tmp/ccal6mT6.s:101021  .debug_str:0000000000036926 .LASF271
     /tmp/ccal6mT6.s:99579  .debug_str:0000000000030987 .LASF272
     /tmp/ccal6mT6.s:91247  .debug_str:000000000000eb64 .LASF273
     /tmp/ccal6mT6.s:105483  .debug_str:0000000000048f38 .LASF274
     /tmp/ccal6mT6.s:92387  .debug_str:00000000000133ef .LASF275
     /tmp/ccal6mT6.s:94815  .debug_str:000000000001d0de .LASF276
     /tmp/ccal6mT6.s:101475  .debug_str:000000000003823b .LASF277
     /tmp/ccal6mT6.s:97055  .debug_str:00000000000263d3 .LASF278
     /tmp/ccal6mT6.s:87841  .debug_str:0000000000000a1a .LASF279
     /tmp/ccal6mT6.s:100783  .debug_str:0000000000035b02 .LASF280
     /tmp/ccal6mT6.s:99673  .debug_str:000000000003106d .LASF281
     /tmp/ccal6mT6.s:105609  .debug_str:00000000000497ac .LASF282
     /tmp/ccal6mT6.s:97889  .debug_str:00000000000299f2 .LASF283
     /tmp/ccal6mT6.s:102981  .debug_str:000000000003e6a2 .LASF284
     /tmp/ccal6mT6.s:88073  .debug_str:00000000000019a4 .LASF285
     /tmp/ccal6mT6.s:106505  .debug_str:000000000004d69e .LASF286
     /tmp/ccal6mT6.s:99689  .debug_str:00000000000311a5 .LASF287
     /tmp/ccal6mT6.s:99475  .debug_str:00000000000302bf .LASF288
     /tmp/ccal6mT6.s:93055  .debug_str:0000000000015da7 .LASF289
     /tmp/ccal6mT6.s:106197  .debug_str:000000000004c1d9 .LASF290
     /tmp/ccal6mT6.s:104931  .debug_str:00000000000468be .LASF291
     /tmp/ccal6mT6.s:93307  .debug_str:0000000000016fbc .LASF292
     /tmp/ccal6mT6.s:102123  .debug_str:000000000003ae24 .LASF293
     /tmp/ccal6mT6.s:103859  .debug_str:00000000000422ec .LASF294
     /tmp/ccal6mT6.s:100871  .debug_str:0000000000036057 .LASF295
     /tmp/ccal6mT6.s:89423  .debug_str:0000000000007635 .LASF296
     /tmp/ccal6mT6.s:97541  .debug_str:00000000000283e7 .LASF297
     /tmp/ccal6mT6.s:89385  .debug_str:00000000000073de .LASF298
     /tmp/ccal6mT6.s:102905  .debug_str:000000000003e201 .LASF299
     /tmp/ccal6mT6.s:90269  .debug_str:000000000000aefd .LASF300
     /tmp/ccal6mT6.s:103079  .debug_str:000000000003eddb .LASF301
     /tmp/ccal6mT6.s:92787  .debug_str:0000000000014ce7 .LASF302
     /tmp/ccal6mT6.s:103017  .debug_str:000000000003e93a .LASF303
     /tmp/ccal6mT6.s:104651  .debug_str:0000000000045669 .LASF304
     /tmp/ccal6mT6.s:96893  .debug_str:0000000000025946 .LASF305
     /tmp/ccal6mT6.s:101593  .debug_str:0000000000038a25 .LASF306
     /tmp/ccal6mT6.s:99729  .debug_str:0000000000031464 .LASF307
     /tmp/ccal6mT6.s:96069  .debug_str:0000000000022764 .LASF308
     /tmp/ccal6mT6.s:104959  .debug_str:0000000000046ac2 .LASF309
     /tmp/ccal6mT6.s:104971  .debug_str:0000000000046bb2 .LASF310
     /tmp/ccal6mT6.s:99149  .debug_str:000000000002ed94 .LASF311
     /tmp/ccal6mT6.s:89445  .debug_str:00000000000077b2 .LASF312
     /tmp/ccal6mT6.s:87849  .debug_str:0000000000000a6b .LASF313
     /tmp/ccal6mT6.s:101469  .debug_str:0000000000038202 .LASF314
     /tmp/ccal6mT6.s:99877  .debug_str:0000000000031eac .LASF315
     /tmp/ccal6mT6.s:100723  .debug_str:0000000000035772 .LASF316
     /tmp/ccal6mT6.s:87917  .debug_str:0000000000000ee7 .LASF317
     /tmp/ccal6mT6.s:94737  .debug_str:000000000001cb58 .LASF318
     /tmp/ccal6mT6.s:95909  .debug_str:0000000000021c88 .LASF319
     /tmp/ccal6mT6.s:95255  .debug_str:000000000001f001 .LASF320
     /tmp/ccal6mT6.s:105199  .debug_str:0000000000047b07 .LASF321
     /tmp/ccal6mT6.s:102745  .debug_str:000000000003d7fb .LASF322
     /tmp/ccal6mT6.s:99309  .debug_str:000000000002f85f .LASF323
     /tmp/ccal6mT6.s:92939  .debug_str:000000000001561b .LASF324
     /tmp/ccal6mT6.s:97259  .debug_str:0000000000027136 .LASF325
     /tmp/ccal6mT6.s:106467  .debug_str:000000000004d402 .LASF327
     /tmp/ccal6mT6.s:93681  .debug_str:0000000000018733 .LASF328
     /tmp/ccal6mT6.s:96853  .debug_str:0000000000025634 .LASF329
     /tmp/ccal6mT6.s:102167  .debug_str:000000000003b14e .LASF330
     /tmp/ccal6mT6.s:89709  .debug_str:00000000000088e3 .LASF331
     /tmp/ccal6mT6.s:105115  .debug_str:00000000000475b2 .LASF332
     /tmp/ccal6mT6.s:104583  .debug_str:0000000000045145 .LASF333
     /tmp/ccal6mT6.s:95125  .debug_str:000000000001e6ac .LASF334
     /tmp/ccal6mT6.s:93575  .debug_str:0000000000017f8f .LASF335
     /tmp/ccal6mT6.s:92681  .debug_str:000000000001458f .LASF336
     /tmp/ccal6mT6.s:104545  .debug_str:0000000000044ede .LASF337
     /tmp/ccal6mT6.s:98249  .debug_str:000000000002b1a6 .LASF338
     /tmp/ccal6mT6.s:103583  .debug_str:000000000004101d .LASF339
     /tmp/ccal6mT6.s:102241  .debug_str:000000000003b671 .LASF340
     /tmp/ccal6mT6.s:102647  .debug_str:000000000003d1a7 .LASF341
     /tmp/ccal6mT6.s:96145  .debug_str:0000000000022c37 .LASF342
     /tmp/ccal6mT6.s:105477  .debug_str:0000000000048ef3 .LASF343
     /tmp/ccal6mT6.s:103003  .debug_str:000000000003e83c .LASF344
     /tmp/ccal6mT6.s:99413  .debug_str:000000000002fee1 .LASF345
     /tmp/ccal6mT6.s:102357  .debug_str:000000000003be76 .LASF346
     /tmp/ccal6mT6.s:90693  .debug_str:000000000000cbc8 .LASF347
     /tmp/ccal6mT6.s:105013  .debug_str:0000000000046eb2 .LASF348
     /tmp/ccal6mT6.s:102953  .debug_str:000000000003e4cc .LASF349
     /tmp/ccal6mT6.s:89371  .debug_str:0000000000007300 .LASF350
     /tmp/ccal6mT6.s:88285  .debug_str:00000000000028a6 .LASF351
     /tmp/ccal6mT6.s:92195  .debug_str:00000000000127c4 .LASF352
     /tmp/ccal6mT6.s:95305  .debug_str:000000000001f348 .LASF353
     /tmp/ccal6mT6.s:99107  .debug_str:000000000002eab5 .LASF354
     /tmp/ccal6mT6.s:89635  .debug_str:00000000000083de .LASF355
     /tmp/ccal6mT6.s:94581  .debug_str:000000000001c07e .LASF356
     /tmp/ccal6mT6.s:89675  .debug_str:00000000000086aa .LASF357
     /tmp/ccal6mT6.s:100061  .debug_str:0000000000032a9d .LASF358
     /tmp/ccal6mT6.s:98009  .debug_str:000000000002a261 .LASF359
     /tmp/ccal6mT6.s:93319  .debug_str:000000000001709e .LASF360
     /tmp/ccal6mT6.s:98983  .debug_str:000000000002e209 .LASF361
     /tmp/ccal6mT6.s:106479  .debug_str:000000000004d4f3 .LASF362
     /tmp/ccal6mT6.s:105095  .debug_str:00000000000474b3 .LASF363
     /tmp/ccal6mT6.s:100797  .debug_str:0000000000035c31 .LASF364
     /tmp/ccal6mT6.s:95787  .debug_str:00000000000213bf .LASF365
     /tmp/ccal6mT6.s:89493  .debug_str:0000000000007a42 .LASF366
     /tmp/ccal6mT6.s:104873  .debug_str:0000000000046473 .LASF367
     /tmp/ccal6mT6.s:88789  .debug_str:0000000000004b79 .LASF368
     /tmp/ccal6mT6.s:105491  .debug_str:0000000000048fb2 .LASF369
     /tmp/ccal6mT6.s:97299  .debug_str:000000000002744e .LASF370
     /tmp/ccal6mT6.s:103441  .debug_str:000000000004071e .LASF371
     /tmp/ccal6mT6.s:91657  .debug_str:000000000001038c .LASF372
     /tmp/ccal6mT6.s:102847  .debug_str:000000000003de96 .LASF373
     /tmp/ccal6mT6.s:101779  .debug_str:00000000000396d8 .LASF374
     /tmp/ccal6mT6.s:98459  .debug_str:000000000002be1a .LASF375
     /tmp/ccal6mT6.s:96945  .debug_str:0000000000025c96 .LASF376
     /tmp/ccal6mT6.s:91409  .debug_str:000000000000f5b6 .LASF377
     /tmp/ccal6mT6.s:94363  .debug_str:000000000001b2dc .LASF378
     /tmp/ccal6mT6.s:100433  .debug_str:000000000003446d .LASF379
     /tmp/ccal6mT6.s:90919  .debug_str:000000000000d9e1 .LASF380
     /tmp/ccal6mT6.s:93691  .debug_str:0000000000018806 .LASF381
     /tmp/ccal6mT6.s:97893  .debug_str:0000000000029a26 .LASF382
     /tmp/ccal6mT6.s:97533  .debug_str:0000000000028379 .LASF383
     /tmp/ccal6mT6.s:106189  .debug_str:000000000004c156 .LASF384
     /tmp/ccal6mT6.s:93785  .debug_str:0000000000018e59 .LASF388
     /tmp/ccal6mT6.s:100593  .debug_str:0000000000034ea3 .LASF389
     /tmp/ccal6mT6.s:97879  .debug_str:000000000002998a .LASF390
     /tmp/ccal6mT6.s:92479  .debug_str:000000000001399c .LASF391
     /tmp/ccal6mT6.s:101249  .debug_str:0000000000037659 .LASF392
     /tmp/ccal6mT6.s:98453  .debug_str:000000000002bd7a .LASF393
     /tmp/ccal6mT6.s:89075  .debug_str:0000000000005eab .LASF394
     /tmp/ccal6mT6.s:102529  .debug_str:000000000003ca79 .LASF395
     /tmp/ccal6mT6.s:87807  .debug_str:00000000000007a7 .LASF396
     /tmp/ccal6mT6.s:92641  .debug_str:0000000000014300 .LASF397
     /tmp/ccal6mT6.s:94847  .debug_str:000000000001d31c .LASF398
     /tmp/ccal6mT6.s:94271  .debug_str:000000000001ad5d .LASF399
     /tmp/ccal6mT6.s:92715  .debug_str:00000000000147e6 .LASF400
     /tmp/ccal6mT6.s:97787  .debug_str:00000000000293c6 .LASF401
     /tmp/ccal6mT6.s:102725  .debug_str:000000000003d6af .LASF402
     /tmp/ccal6mT6.s:103143  .debug_str:000000000003f2b4 .LASF403
     /tmp/ccal6mT6.s:101319  .debug_str:00000000000379c7 .LASF404
     /tmp/ccal6mT6.s:92821  .debug_str:0000000000014f05 .LASF405
     /tmp/ccal6mT6.s:93719  .debug_str:00000000000189e7 .LASF406
     /tmp/ccal6mT6.s:96651  .debug_str:00000000000248cd .LASF407
     /tmp/ccal6mT6.s:98801  .debug_str:000000000002d5a5 .LASF408
     /tmp/ccal6mT6.s:90847  .debug_str:000000000000d518 .LASF409
     /tmp/ccal6mT6.s:94303  .debug_str:000000000001aee6 .LASF410
     /tmp/ccal6mT6.s:93953  .debug_str:00000000000198d1 .LASF411
     /tmp/ccal6mT6.s:90765  .debug_str:000000000000d096 .LASF412
     /tmp/ccal6mT6.s:93361  .debug_str:00000000000172b3 .LASF413
     /tmp/ccal6mT6.s:103901  .debug_str:00000000000425de .LASF414
     /tmp/ccal6mT6.s:91637  .debug_str:00000000000101f0 .LASF415
     /tmp/ccal6mT6.s:88543  .debug_str:0000000000003a31 .LASF416
     /tmp/ccal6mT6.s:92441  .debug_str:0000000000013718 .LASF417
     /tmp/ccal6mT6.s:104215  .debug_str:000000000004399f .LASF418
     /tmp/ccal6mT6.s:93547  .debug_str:0000000000017e5c .LASF419
     /tmp/ccal6mT6.s:91435  .debug_str:000000000000f748 .LASF420
     /tmp/ccal6mT6.s:98971  .debug_str:000000000002e175 .LASF421
     /tmp/ccal6mT6.s:102217  .debug_str:000000000003b4d8 .LASF422
     /tmp/ccal6mT6.s:99599  .debug_str:0000000000030b71 .LASF423
     /tmp/ccal6mT6.s:99479  .debug_str:0000000000030303 .LASF424
     /tmp/ccal6mT6.s:104001  .debug_str:0000000000042c53 .LASF425
     /tmp/ccal6mT6.s:88053  .debug_str:0000000000001832 .LASF426
     /tmp/ccal6mT6.s:100641  .debug_str:00000000000351f4 .LASF427
     /tmp/ccal6mT6.s:98227  .debug_str:000000000002b089 .LASF428
     /tmp/ccal6mT6.s:92563  .debug_str:0000000000013ea2 .LASF429
     /tmp/ccal6mT6.s:97499  .debug_str:0000000000028132 .LASF430
     /tmp/ccal6mT6.s:106233  .debug_str:000000000004c463 .LASF431
     /tmp/ccal6mT6.s:99195  .debug_str:000000000002f12d .LASF432
     /tmp/ccal6mT6.s:99951  .debug_str:0000000000032372 .LASF433
     /tmp/ccal6mT6.s:88157  .debug_str:0000000000001fac .LASF434
     /tmp/ccal6mT6.s:90511  .debug_str:000000000000bfc8 .LASF435
     /tmp/ccal6mT6.s:99057  .debug_str:000000000002e795 .LASF436
     /tmp/ccal6mT6.s:97215  .debug_str:0000000000026e1a .LASF437
     /tmp/ccal6mT6.s:105047  .debug_str:0000000000047162 .LASF438
     /tmp/ccal6mT6.s:101281  .debug_str:0000000000037747 .LASF439
     /tmp/ccal6mT6.s:100149  .debug_str:0000000000033116 .LASF440
     /tmp/ccal6mT6.s:104251  .debug_str:0000000000043bf0 .LASF441
     /tmp/ccal6mT6.s:100451  .debug_str:000000000003457b .LASF442
     /tmp/ccal6mT6.s:94405  .debug_str:000000000001b535 .LASF443
     /tmp/ccal6mT6.s:100509  .debug_str:0000000000034989 .LASF444
     /tmp/ccal6mT6.s:99711  .debug_str:000000000003134c .LASF445
     /tmp/ccal6mT6.s:93583  .debug_str:000000000001803f .LASF446
     /tmp/ccal6mT6.s:105265  .debug_str:0000000000047fb1 .LASF447
     /tmp/ccal6mT6.s:90943  .debug_str:000000000000db3e .LASF448
     /tmp/ccal6mT6.s:101161  .debug_str:0000000000037183 .LASF449
     /tmp/ccal6mT6.s:89171  .debug_str:000000000000651c .LASF450
     /tmp/ccal6mT6.s:91749  .debug_str:00000000000109a0 .LASF451
     /tmp/ccal6mT6.s:94477  .debug_str:000000000001ba3b .LASF452
     /tmp/ccal6mT6.s:101409  .debug_str:0000000000037ed7 .LASF453
     /tmp/ccal6mT6.s:106421  .debug_str:000000000004d0d0 .LASF454
     /tmp/ccal6mT6.s:100123  .debug_str:0000000000032ebb .LASF455
     /tmp/ccal6mT6.s:95523  .debug_str:00000000000202a7 .LASF456
     /tmp/ccal6mT6.s:101705  .debug_str:00000000000391cd .LASF457
     /tmp/ccal6mT6.s:92885  .debug_str:000000000001532a .LASF458
     /tmp/ccal6mT6.s:104759  .debug_str:0000000000045d42 .LASF459
     /tmp/ccal6mT6.s:95163  .debug_str:000000000001e8e4 .LASF460
     /tmp/ccal6mT6.s:102491  .debug_str:000000000003c7c4 .LASF461
     /tmp/ccal6mT6.s:97693  .debug_str:0000000000028e7f .LASF462
     /tmp/ccal6mT6.s:87963  .debug_str:0000000000001202 .LASF463
     /tmp/ccal6mT6.s:96989  .debug_str:0000000000025eae .LASF464
     /tmp/ccal6mT6.s:103955  .debug_str:000000000004295b .LASF465
     /tmp/ccal6mT6.s:96235  .debug_str:00000000000232ea .LASF466
     /tmp/ccal6mT6.s:103623  .debug_str:0000000000041318 .LASF467
     /tmp/ccal6mT6.s:105193  .debug_str:0000000000047ab9 .LASF468
     /tmp/ccal6mT6.s:99117  .debug_str:000000000002eb19 .LASF469
     /tmp/ccal6mT6.s:87853  .debug_str:0000000000000a9b .LASF470
     /tmp/ccal6mT6.s:100563  .debug_str:0000000000034cc2 .LASF471
     /tmp/ccal6mT6.s:104641  .debug_str:0000000000045570 .LASF472
     /tmp/ccal6mT6.s:99157  .debug_str:000000000002ee1d .LASF473
     /tmp/ccal6mT6.s:91925  .debug_str:000000000001151a .LASF474
     /tmp/ccal6mT6.s:100263  .debug_str:000000000003389a .LASF475
     /tmp/ccal6mT6.s:89035  .debug_str:0000000000005be9 .LASF476
     /tmp/ccal6mT6.s:102817  .debug_str:000000000003dcbf .LASF477
     /tmp/ccal6mT6.s:95583  .debug_str:00000000000206f4 .LASF478
     /tmp/ccal6mT6.s:87719  .debug_str:00000000000001be .LASF479
     /tmp/ccal6mT6.s:95137  .debug_str:000000000001e79f .LASF480
     /tmp/ccal6mT6.s:95923  .debug_str:0000000000021d56 .LASF481
     /tmp/ccal6mT6.s:103751  .debug_str:0000000000041ba8 .LASF482
     /tmp/ccal6mT6.s:105077  .debug_str:0000000000047366 .LASF483
     /tmp/ccal6mT6.s:97199  .debug_str:0000000000026d04 .LASF484
     /tmp/ccal6mT6.s:95317  .debug_str:000000000001f463 .LASF485
     /tmp/ccal6mT6.s:99249  .debug_str:000000000002f4a2 .LASF486
     /tmp/ccal6mT6.s:98257  .debug_str:000000000002b21e .LASF487
     /tmp/ccal6mT6.s:94355  .debug_str:000000000001b244 .LASF488
     /tmp/ccal6mT6.s:105979  .debug_str:000000000004b317 .LASF489
     /tmp/ccal6mT6.s:91277  .debug_str:000000000000ed6b .LASF490
     /tmp/ccal6mT6.s:104483  .debug_str:0000000000044ae3 .LASF491
     /tmp/ccal6mT6.s:97557  .debug_str:00000000000284fd .LASF492
     /tmp/ccal6mT6.s:89099  .debug_str:0000000000006018 .LASF493
     /tmp/ccal6mT6.s:104479  .debug_str:0000000000044aae .LASF494
     /tmp/ccal6mT6.s:92137  .debug_str:00000000000123a5 .LASF495
     /tmp/ccal6mT6.s:95911  .debug_str:0000000000021c98 .LASF496
     /tmp/ccal6mT6.s:104685  .debug_str:00000000000458b2 .LASF497
     /tmp/ccal6mT6.s:88247  .debug_str:00000000000025e4 .LASF498
     /tmp/ccal6mT6.s:99361  .debug_str:000000000002fb45 .LASF499
     /tmp/ccal6mT6.s:106407  .debug_str:000000000004cfd7 .LASF500
     /tmp/ccal6mT6.s:102909  .debug_str:000000000003e24f .LASF501
     /tmp/ccal6mT6.s:88791  .debug_str:0000000000004b85 .LASF502
     /tmp/ccal6mT6.s:89345  .debug_str:0000000000007117 .LASF503
     /tmp/ccal6mT6.s:104889  .debug_str:00000000000465ad .LASF504
     /tmp/ccal6mT6.s:100937  .debug_str:0000000000036413 .LASF505
     /tmp/ccal6mT6.s:104253  .debug_str:0000000000043bf8 .LASF506
     /tmp/ccal6mT6.s:90935  .debug_str:000000000000dade .LASF507
     /tmp/ccal6mT6.s:91987  .debug_str:00000000000119a3 .LASF508
     /tmp/ccal6mT6.s:105053  .debug_str:00000000000471a7 .LASF509
     /tmp/ccal6mT6.s:88017  .debug_str:0000000000001551 .LASF510
     /tmp/ccal6mT6.s:96003  .debug_str:000000000002227d .LASF511
     /tmp/ccal6mT6.s:88101  .debug_str:0000000000001bc2 .LASF512
     /tmp/ccal6mT6.s:89279  .debug_str:0000000000006cd9 .LASF513
     /tmp/ccal6mT6.s:98601  .debug_str:000000000002c7e7 .LASF514
     /tmp/ccal6mT6.s:98381  .debug_str:000000000002b9a0 .LASF515
     /tmp/ccal6mT6.s:99721  .debug_str:00000000000313c4 .LASF516
     /tmp/ccal6mT6.s:105457  .debug_str:0000000000048d7c .LASF517
     /tmp/ccal6mT6.s:99933  .debug_str:0000000000032267 .LASF518
     /tmp/ccal6mT6.s:102067  .debug_str:000000000003aad6 .LASF519
     /tmp/ccal6mT6.s:104387  .debug_str:000000000004441d .LASF520
     /tmp/ccal6mT6.s:92477  .debug_str:000000000001397e .LASF521
     /tmp/ccal6mT6.s:94169  .debug_str:000000000001a703 .LASF522
     /tmp/ccal6mT6.s:98761  .debug_str:000000000002d344 .LASF523
     /tmp/ccal6mT6.s:103997  .debug_str:0000000000042c05 .LASF524
     /tmp/ccal6mT6.s:100409  .debug_str:00000000000342e7 .LASF525
     /tmp/ccal6mT6.s:104523  .debug_str:0000000000044d43 .LASF526
     /tmp/ccal6mT6.s:98433  .debug_str:000000000002bc9c .LASF527
     /tmp/ccal6mT6.s:97227  .debug_str:0000000000026ede .LASF528
     /tmp/ccal6mT6.s:95641  .debug_str:0000000000020b8b .LASF529
     /tmp/ccal6mT6.s:100437  .debug_str:00000000000344a9 .LASF530
     /tmp/ccal6mT6.s:106043  .debug_str:000000000004b7c0 .LASF531
     /tmp/ccal6mT6.s:105875  .debug_str:000000000004a9db .LASF532
     /tmp/ccal6mT6.s:102869  .debug_str:000000000003dfd2 .LASF533
     /tmp/ccal6mT6.s:100719  .debug_str:000000000003573f .LASF534
     /tmp/ccal6mT6.s:92931  .debug_str:00000000000155d9 .LASF535
     /tmp/ccal6mT6.s:100615  .debug_str:0000000000035054 .LASF536
     /tmp/ccal6mT6.s:105165  .debug_str:000000000004792a .LASF537
     /tmp/ccal6mT6.s:104423  .debug_str:000000000004470d .LASF538
     /tmp/ccal6mT6.s:96005  .debug_str:00000000000222a1 .LASF539
     /tmp/ccal6mT6.s:92395  .debug_str:0000000000013454 .LASF540
     /tmp/ccal6mT6.s:89251  .debug_str:0000000000006b28 .LASF542
     /tmp/ccal6mT6.s:96627  .debug_str:0000000000024862 .LASF543
     /tmp/ccal6mT6.s:94587  .debug_str:000000000001c0f5 .LASF544
     /tmp/ccal6mT6.s:94993  .debug_str:000000000001dc8b .LASF545
     /tmp/ccal6mT6.s:101489  .debug_str:00000000000382cf .LASF546
     /tmp/ccal6mT6.s:96211  .debug_str:00000000000230ec .LASF547
     /tmp/ccal6mT6.s:100505  .debug_str:0000000000034907 .LASF548
     /tmp/ccal6mT6.s:105255  .debug_str:0000000000047ec4 .LASF549
     /tmp/ccal6mT6.s:91433  .debug_str:000000000000f706 .LASF550
     /tmp/ccal6mT6.s:96231  .debug_str:0000000000023297 .LASF551
     /tmp/ccal6mT6.s:100857  .debug_str:0000000000035f43 .LASF552
     /tmp/ccal6mT6.s:105485  .debug_str:0000000000048f51 .LASF553
     /tmp/ccal6mT6.s:91335  .debug_str:000000000000f0fb .LASF554
     /tmp/ccal6mT6.s:94435  .debug_str:000000000001b6fb .LASF555
     /tmp/ccal6mT6.s:91617  .debug_str:000000000001009a .LASF556
     /tmp/ccal6mT6.s:104067  .debug_str:0000000000043058 .LASF557
     /tmp/ccal6mT6.s:95215  .debug_str:000000000001ec88 .LASF558
     /tmp/ccal6mT6.s:101361  .debug_str:0000000000037b4e .LASF559
     /tmp/ccal6mT6.s:88707  .debug_str:0000000000004582 .LASF560
     /tmp/ccal6mT6.s:90357  .debug_str:000000000000b5f5 .LASF561
     /tmp/ccal6mT6.s:99767  .debug_str:00000000000316bf .LASF562
     /tmp/ccal6mT6.s:89983  .debug_str:0000000000009b3d .LASF563
     /tmp/ccal6mT6.s:99559  .debug_str:00000000000307de .LASF564
     /tmp/ccal6mT6.s:105363  .debug_str:000000000004864a .LASF565
     /tmp/ccal6mT6.s:95851  .debug_str:0000000000021827 .LASF566
     /tmp/ccal6mT6.s:94605  .debug_str:000000000001c1f9 .LASF567
     /tmp/ccal6mT6.s:95657  .debug_str:0000000000020c30 .LASF568
     /tmp/ccal6mT6.s:99597  .debug_str:0000000000030b2f .LASF569
     /tmp/ccal6mT6.s:90479  .debug_str:000000000000bd72 .LASF570
     /tmp/ccal6mT6.s:90245  .debug_str:000000000000ad5d .LASF571
     /tmp/ccal6mT6.s:99649  .debug_str:0000000000030ea3 .LASF572
     /tmp/ccal6mT6.s:87735  .debug_str:000000000000029e .LASF573
     /tmp/ccal6mT6.s:99429  .debug_str:000000000002ffd3 .LASF574
     /tmp/ccal6mT6.s:105243  .debug_str:0000000000047dec .LASF575
     /tmp/ccal6mT6.s:95733  .debug_str:000000000002108e .LASF576
     /tmp/ccal6mT6.s:105059  .debug_str:000000000004720d .LASF577
     /tmp/ccal6mT6.s:95543  .debug_str:0000000000020422 .LASF578
     /tmp/ccal6mT6.s:90317  .debug_str:000000000000b27b .LASF579
     /tmp/ccal6mT6.s:99733  .debug_str:00000000000314c1 .LASF580
     /tmp/ccal6mT6.s:90115  .debug_str:000000000000a404 .LASF581
     /tmp/ccal6mT6.s:99521  .debug_str:0000000000030563 .LASF582
     /tmp/ccal6mT6.s:89743  .debug_str:0000000000008b32 .LASF583
     /tmp/ccal6mT6.s:97323  .debug_str:0000000000027591 .LASF584
     /tmp/ccal6mT6.s:105147  .debug_str:0000000000047793 .LASF585
     /tmp/ccal6mT6.s:95623  .debug_str:00000000000209c8 .LASF586
     /tmp/ccal6mT6.s:104955  .debug_str:0000000000046a4a .LASF587
     /tmp/ccal6mT6.s:95421  .debug_str:000000000001fba0 .LASF588
     /tmp/ccal6mT6.s:90209  .debug_str:000000000000aab4 .LASF589
     /tmp/ccal6mT6.s:99617  .debug_str:0000000000030cb1 .LASF590
     /tmp/ccal6mT6.s:89997  .debug_str:0000000000009c57 .LASF591
     /tmp/ccal6mT6.s:99397  .debug_str:000000000002fd6c .LASF592
     /tmp/ccal6mT6.s:96391  .debug_str:0000000000023bba .LASF593
     /tmp/ccal6mT6.s:90563  .debug_str:000000000000c35f .LASF594
     /tmp/ccal6mT6.s:103775  .debug_str:0000000000041d3e .LASF595
     /tmp/ccal6mT6.s:103633  .debug_str:00000000000413de .LASF596
     /tmp/ccal6mT6.s:97301  .debug_str:000000000002745f .LASF597
     /tmp/ccal6mT6.s:100097  .debug_str:0000000000032ccf .LASF598
     /tmp/ccal6mT6.s:91029  .debug_str:000000000000e028 .LASF599
     /tmp/ccal6mT6.s:105703  .debug_str:0000000000049e1e .LASF600
     /tmp/ccal6mT6.s:92833  .debug_str:0000000000014ff9 .LASF601
     /tmp/ccal6mT6.s:106431  .debug_str:000000000004d177 .LASF602
     /tmp/ccal6mT6.s:95133  .debug_str:000000000001e724 .LASF603
     /tmp/ccal6mT6.s:104195  .debug_str:0000000000043813 .LASF604
     /tmp/ccal6mT6.s:103885  .debug_str:000000000004248f .LASF605
     /tmp/ccal6mT6.s:103627  .debug_str:0000000000041362 .LASF606
     /tmp/ccal6mT6.s:88075  .debug_str:00000000000019bc .LASF607
     /tmp/ccal6mT6.s:103093  .debug_str:000000000003eecf .LASF608
     /tmp/ccal6mT6.s:96933  .debug_str:0000000000025bd8 .LASF609
     /tmp/ccal6mT6.s:100701  .debug_str:00000000000355a0 .LASF610
     /tmp/ccal6mT6.s:95123  .debug_str:000000000001e665 .LASF611
     /tmp/ccal6mT6.s:94821  .debug_str:000000000001d135 .LASF612
     /tmp/ccal6mT6.s:92949  .debug_str:00000000000156ac .LASF613
     /tmp/ccal6mT6.s:105911  .debug_str:000000000004acf6 .LASF614
     /tmp/ccal6mT6.s:99801  .debug_str:000000000003193f .LASF615
     /tmp/ccal6mT6.s:95311  .debug_str:000000000001f3d8 .LASF616
     /tmp/ccal6mT6.s:99125  .debug_str:000000000002eb9d .LASF617
     /tmp/ccal6mT6.s:98857  .debug_str:000000000002d927 .LASF618
     /tmp/ccal6mT6.s:88203  .debug_str:00000000000022a9 .LASF619
     /tmp/ccal6mT6.s:99097  .debug_str:000000000002e9d9 .LASF620
     /tmp/ccal6mT6.s:101773  .debug_str:0000000000039646 .LASF621
     /tmp/ccal6mT6.s:89863  .debug_str:000000000000934a .LASF622
     /tmp/ccal6mT6.s:91839  .debug_str:0000000000010edc .LASF623
     /tmp/ccal6mT6.s:105891  .debug_str:000000000004ab0e .LASF624
     /tmp/ccal6mT6.s:100809  .debug_str:0000000000035cf2 .LASF625
     /tmp/ccal6mT6.s:88627  .debug_str:0000000000004041 .LASF626
     /tmp/ccal6mT6.s:87925  .debug_str:0000000000000f7f .LASF627
     /tmp/ccal6mT6.s:98649  .debug_str:000000000002cb13 .LASF628
     /tmp/ccal6mT6.s:96707  .debug_str:0000000000024c6d .LASF629
     /tmp/ccal6mT6.s:105913  .debug_str:000000000004ad39 .LASF630
     /tmp/ccal6mT6.s:105697  .debug_str:0000000000049d9f .LASF631
     /tmp/ccal6mT6.s:106437  .debug_str:000000000004d1ec .LASF632
     /tmp/ccal6mT6.s:92841  .debug_str:00000000000150b5 .LASF633
     /tmp/ccal6mT6.s:98209  .debug_str:000000000002af79 .LASF634
     /tmp/ccal6mT6.s:103353  .debug_str:0000000000040115 .LASF635
     /tmp/ccal6mT6.s:102267  .debug_str:000000000003b804 .LASF636
     /tmp/ccal6mT6.s:88569  .debug_str:0000000000003bd4 .LASF637
     /tmp/ccal6mT6.s:91641  .debug_str:000000000001020d .LASF638
     /tmp/ccal6mT6.s:99207  .debug_str:000000000002f1d7 .LASF639
     /tmp/ccal6mT6.s:104399  .debug_str:00000000000444f5 .LASF640
     /tmp/ccal6mT6.s:99175  .debug_str:000000000002ef85 .LASF641
     /tmp/ccal6mT6.s:104621  .debug_str:0000000000045414 .LASF642
     /tmp/ccal6mT6.s:95055  .debug_str:000000000001e191 .LASF643
     /tmp/ccal6mT6.s:104287  .debug_str:0000000000043dfa .LASF644
     /tmp/ccal6mT6.s:94829  .debug_str:000000000001d1c8 .LASF645
     /tmp/ccal6mT6.s:100795  .debug_str:0000000000035bef .LASF646
     /tmp/ccal6mT6.s:91039  .debug_str:000000000000e0be .LASF647
     /tmp/ccal6mT6.s:100579  .debug_str:0000000000034dc5 .LASF648
     /tmp/ccal6mT6.s:90803  .debug_str:000000000000d2d6 .LASF649
     /tmp/ccal6mT6.s:100225  .debug_str:00000000000335b4 .LASF650
     /tmp/ccal6mT6.s:103033  .debug_str:000000000003ea53 .LASF651
     /tmp/ccal6mT6.s:104505  .debug_str:0000000000044c02 .LASF652
     /tmp/ccal6mT6.s:94537  .debug_str:000000000001bdd2 .LASF653
     /tmp/ccal6mT6.s:104179  .debug_str:00000000000436ff .LASF654
     /tmp/ccal6mT6.s:94717  .debug_str:000000000001c9d5 .LASF655
     /tmp/ccal6mT6.s:100669  .debug_str:0000000000035344 .LASF656
     /tmp/ccal6mT6.s:90895  .debug_str:000000000000d85c .LASF657
     /tmp/ccal6mT6.s:100455  .debug_str:000000000003459d .LASF658
     /tmp/ccal6mT6.s:88329  .debug_str:0000000000002bb0 .LASF659
     /tmp/ccal6mT6.s:100103  .debug_str:0000000000032d50 .LASF660
     /tmp/ccal6mT6.s:90321  .debug_str:000000000000b2ea .LASF661
     /tmp/ccal6mT6.s:104397  .debug_str:00000000000444b3 .LASF662
     /tmp/ccal6mT6.s:94793  .debug_str:000000000001cf41 .LASF663
     /tmp/ccal6mT6.s:97695  .debug_str:0000000000028e92 .LASF664
     /tmp/ccal6mT6.s:89335  .debug_str:0000000000007067 .LASF665
     /tmp/ccal6mT6.s:99255  .debug_str:000000000002f511 .LASF666
     /tmp/ccal6mT6.s:94533  .debug_str:000000000001bdb1 .LASF667
     /tmp/ccal6mT6.s:95587  .debug_str:000000000002071a .LASF668
     /tmp/ccal6mT6.s:100467  .debug_str:0000000000034666 .LASF669
     /tmp/ccal6mT6.s:89781  .debug_str:0000000000008deb .LASF670
     /tmp/ccal6mT6.s:93009  .debug_str:0000000000015a7d .LASF671
     /tmp/ccal6mT6.s:106311  .debug_str:000000000004c8ca .LASF672
     /tmp/ccal6mT6.s:95677  .debug_str:0000000000020d4a .LASF673
     /tmp/ccal6mT6.s:93793  .debug_str:0000000000018ede .LASF674
     /tmp/ccal6mT6.s:105713  .debug_str:0000000000049eef .LASF675
     /tmp/ccal6mT6.s:98911  .debug_str:000000000002ddd3 .LASF676
     /tmp/ccal6mT6.s:98989  .debug_str:000000000002e280 .LASF677
     /tmp/ccal6mT6.s:96253  .debug_str:000000000002340d .LASF678
     /tmp/ccal6mT6.s:88689  .debug_str:000000000000445f .LASF679
     /tmp/ccal6mT6.s:98759  .debug_str:000000000002d32b .LASF680
     /tmp/ccal6mT6.s:100645  .debug_str:000000000003520f .LASF681
     /tmp/ccal6mT6.s:100461  .debug_str:0000000000034612 .LASF682
     /tmp/ccal6mT6.s:91857  .debug_str:0000000000011057 .LASF683
     /tmp/ccal6mT6.s:102437  .debug_str:000000000003c465 .LASF684
     /tmp/ccal6mT6.s:93851  .debug_str:00000000000192db .LASF685
     /tmp/ccal6mT6.s:104219  .debug_str:00000000000439bd .LASF686
     /tmp/ccal6mT6.s:95693  .debug_str:0000000000020df6 .LASF687
     /tmp/ccal6mT6.s:92157  .debug_str:0000000000012501 .LASF688
     /tmp/ccal6mT6.s:106045  .debug_str:000000000004b7d6 .LASF689
     /tmp/ccal6mT6.s:94095  .debug_str:000000000001a2c9 .LASF690
     /tmp/ccal6mT6.s:104411  .debug_str:000000000004461e .LASF691
     /tmp/ccal6mT6.s:95905  .debug_str:0000000000021c53 .LASF692
     /tmp/ccal6mT6.s:106153  .debug_str:000000000004bf24 .LASF693
     /tmp/ccal6mT6.s:97789  .debug_str:00000000000293d5 .LASF694
     /tmp/ccal6mT6.s:89263  .debug_str:0000000000006bf5 .LASF695
     /tmp/ccal6mT6.s:99699  .debug_str:0000000000031284 .LASF696
     /tmp/ccal6mT6.s:90987  .debug_str:000000000000de54 .LASF697
     /tmp/ccal6mT6.s:106439  .debug_str:000000000004d22c .LASF698
     /tmp/ccal6mT6.s:103969  .debug_str:0000000000042a3c .LASF699
     /tmp/ccal6mT6.s:89313  .debug_str:0000000000006f39 .LASF700
     /tmp/ccal6mT6.s:99759  .debug_str:0000000000031643 .LASF701
     /tmp/ccal6mT6.s:91233  .debug_str:000000000000ea8a .LASF702
     /tmp/ccal6mT6.s:101739  .debug_str:00000000000393ea .LASF703
     /tmp/ccal6mT6.s:102265  .debug_str:000000000003b7eb .LASF704
     /tmp/ccal6mT6.s:103425  .debug_str:000000000004063a .LASF705
     /tmp/ccal6mT6.s:94915  .debug_str:000000000001d80c .LASF706
     /tmp/ccal6mT6.s:105319  .debug_str:00000000000482e0 .LASF707
     /tmp/ccal6mT6.s:90299  .debug_str:000000000000b15c .LASF708
     /tmp/ccal6mT6.s:93325  .debug_str:00000000000170f9 .LASF709
     /tmp/ccal6mT6.s:103687  .debug_str:00000000000417da .LASF710
     /tmp/ccal6mT6.s:104599  .debug_str:000000000004525a .LASF711
     /tmp/ccal6mT6.s:91357  .debug_str:000000000000f2d8 .LASF712
     /tmp/ccal6mT6.s:103155  .debug_str:000000000003f3a7 .LASF713
     /tmp/ccal6mT6.s:96083  .debug_str:0000000000022865 .LASF714
     /tmp/ccal6mT6.s:88875  .debug_str:0000000000005103 .LASF715
     /tmp/ccal6mT6.s:100751  .debug_str:0000000000035930 .LASF716
     /tmp/ccal6mT6.s:99887  .debug_str:0000000000031f3f .LASF717
     /tmp/ccal6mT6.s:93247  .debug_str:0000000000016b6d .LASF718
     /tmp/ccal6mT6.s:92447  .debug_str:000000000001376d .LASF719
     /tmp/ccal6mT6.s:104243  .debug_str:0000000000043b8a .LASF720
     /tmp/ccal6mT6.s:96987  .debug_str:0000000000025e98 .LASF721
     /tmp/ccal6mT6.s:92521  .debug_str:0000000000013c18 .LASF722
     /tmp/ccal6mT6.s:91437  .debug_str:000000000000f762 .LASF723
     /tmp/ccal6mT6.s:100253  .debug_str:00000000000337e6 .LASF724
     /tmp/ccal6mT6.s:105471  .debug_str:0000000000048e4f .LASF725
     /tmp/ccal6mT6.s:93257  .debug_str:0000000000016c0d .LASF726
     /tmp/ccal6mT6.s:93539  .debug_str:0000000000017e05 .LASF727
     /tmp/ccal6mT6.s:106067  .debug_str:000000000004b945 .LASF728
     /tmp/ccal6mT6.s:97623  .debug_str:00000000000289a1 .LASF729
     /tmp/ccal6mT6.s:88943  .debug_str:0000000000005649 .LASF730
     /tmp/ccal6mT6.s:99447  .debug_str:00000000000300e6 .LASF731
     /tmp/ccal6mT6.s:90887  .debug_str:000000000000d7cf .LASF732
     /tmp/ccal6mT6.s:101411  .debug_str:0000000000037ee2 .LASF733
     /tmp/ccal6mT6.s:95287  .debug_str:000000000001f224 .LASF734
     /tmp/ccal6mT6.s:103073  .debug_str:000000000003ed5d .LASF735
     /tmp/ccal6mT6.s:94571  .debug_str:000000000001bf9f .LASF736
     /tmp/ccal6mT6.s:97245  .debug_str:0000000000027008 .LASF737
     /tmp/ccal6mT6.s:88593  .debug_str:0000000000003daf .LASF738
     /tmp/ccal6mT6.s:99039  .debug_str:000000000002e647 .LASF739
     /tmp/ccal6mT6.s:90307  .debug_str:000000000000b1ef .LASF740
     /tmp/ccal6mT6.s:103255  .debug_str:000000000003fa56 .LASF741
     /tmp/ccal6mT6.s:92377  .debug_str:0000000000013336 .LASF742
     /tmp/ccal6mT6.s:102711  .debug_str:000000000003d5d9 .LASF743
     /tmp/ccal6mT6.s:94177  .debug_str:000000000001a73a .LASF744
     /tmp/ccal6mT6.s:104467  .debug_str:00000000000449f3 .LASF745
     /tmp/ccal6mT6.s:95965  .debug_str:000000000002201e .LASF746
     /tmp/ccal6mT6.s:92437  .debug_str:00000000000136f4 .LASF747
     /tmp/ccal6mT6.s:102765  .debug_str:000000000003d986 .LASF748
     /tmp/ccal6mT6.s:94421  .debug_str:000000000001b61a .LASF749
     /tmp/ccal6mT6.s:104695  .debug_str:0000000000045939 .LASF750
     /tmp/ccal6mT6.s:96221  .debug_str:00000000000231e2 .LASF751
     /tmp/ccal6mT6.s:93065  .debug_str:0000000000015eb5 .LASF752
     /tmp/ccal6mT6.s:98085  .debug_str:000000000002a6f1 .LASF753
     /tmp/ccal6mT6.s:89529  .debug_str:0000000000007c6a .LASF754
     /tmp/ccal6mT6.s:88439  .debug_str:0000000000003336 .LASF755
     /tmp/ccal6mT6.s:91301  .debug_str:000000000000ee0e .LASF756
     /tmp/ccal6mT6.s:87881  .debug_str:0000000000000c5d .LASF757
     /tmp/ccal6mT6.s:98295  .debug_str:000000000002b4d6 .LASF758
     /tmp/ccal6mT6.s:92445  .debug_str:0000000000013742 .LASF759
     /tmp/ccal6mT6.s:88409  .debug_str:000000000000317c .LASF760
     /tmp/ccal6mT6.s:100043  .debug_str:00000000000329bf .LASF761
     /tmp/ccal6mT6.s:93843  .debug_str:0000000000019236 .LASF762
     /tmp/ccal6mT6.s:99939  .debug_str:00000000000322d4 .LASF763
     /tmp/ccal6mT6.s:96423  .debug_str:0000000000023dc6 .LASF764
     /tmp/ccal6mT6.s:101567  .debug_str:0000000000038899 .LASF765
     /tmp/ccal6mT6.s:95899  .debug_str:0000000000021bd5 .LASF766
     /tmp/ccal6mT6.s:102563  .debug_str:000000000003ccf1 .LASF767
     /tmp/ccal6mT6.s:95377  .debug_str:000000000001f932 .LASF768
     /tmp/ccal6mT6.s:102239  .debug_str:000000000003b63e .LASF769
     /tmp/ccal6mT6.s:91807  .debug_str:0000000000010c91 .LASF770
     /tmp/ccal6mT6.s:105093  .debug_str:0000000000047480 .LASF771
     /tmp/ccal6mT6.s:103873  .debug_str:00000000000423a7 .LASF772
     /tmp/ccal6mT6.s:93927  .debug_str:00000000000197ae .LASF773
     /tmp/ccal6mT6.s:93697  .debug_str:0000000000018856 .LASF774
     /tmp/ccal6mT6.s:93301  .debug_str:0000000000016f16 .LASF775
     /tmp/ccal6mT6.s:93069  .debug_str:0000000000015edb .LASF776
     /tmp/ccal6mT6.s:92685  .debug_str:00000000000145bb .LASF777
     /tmp/ccal6mT6.s:92453  .debug_str:00000000000137a8 .LASF778
     /tmp/ccal6mT6.s:92073  .debug_str:0000000000011f2e .LASF779
     /tmp/ccal6mT6.s:91831  .debug_str:0000000000010de6 .LASF780
     /tmp/ccal6mT6.s:91395  .debug_str:000000000000f4b6 .LASF781
     /tmp/ccal6mT6.s:91649  .debug_str:00000000000102b1 .LASF782
     /tmp/ccal6mT6.s:89885  .debug_str:0000000000009502 .LASF783
     /tmp/ccal6mT6.s:88243  .debug_str:0000000000002573 .LASF784
     /tmp/ccal6mT6.s:105357  .debug_str:0000000000048589 .LASF785
     /tmp/ccal6mT6.s:90285  .debug_str:000000000000b008 .LASF786
     /tmp/ccal6mT6.s:95065  .debug_str:000000000001e225 .LASF787
     /tmp/ccal6mT6.s:99917  .debug_str:0000000000032162 .LASF788
     /tmp/ccal6mT6.s:104645  .debug_str:00000000000455a3 .LASF789
     /tmp/ccal6mT6.s:90345  .debug_str:000000000000b4cd .LASF790
     /tmp/ccal6mT6.s:95319  .debug_str:000000000001f47d .LASF791
     /tmp/ccal6mT6.s:90325  .debug_str:000000000000b353 .LASF792
     /tmp/ccal6mT6.s:100939  .debug_str:0000000000036439 .LASF793
     /tmp/ccal6mT6.s:105475  .debug_str:0000000000048e9c .LASF794
     /tmp/ccal6mT6.s:102179  .debug_str:000000000003b23e .LASF795
     /tmp/ccal6mT6.s:95339  .debug_str:000000000001f6a7 .LASF796
     /tmp/ccal6mT6.s:105759  .debug_str:000000000004a237 .LASF797
     /tmp/ccal6mT6.s:97351  .debug_str:000000000002774b .LASF798
     /tmp/ccal6mT6.s:88907  .debug_str:0000000000005340 .LASF799
     /tmp/ccal6mT6.s:99381  .debug_str:000000000002fc40 .LASF800
     /tmp/ccal6mT6.s:90871  .debug_str:000000000000d69b .LASF801
     /tmp/ccal6mT6.s:95111  .debug_str:000000000001e59d .LASF802
     /tmp/ccal6mT6.s:105551  .debug_str:00000000000493b4 .LASF803
     /tmp/ccal6mT6.s:98699  .debug_str:000000000002cec9 .LASF804
     /tmp/ccal6mT6.s:96407  .debug_str:0000000000023cc7 .LASF805
     /tmp/ccal6mT6.s:102003  .debug_str:000000000003a662 .LASF806
     /tmp/ccal6mT6.s:99789  .debug_str:0000000000031858 .LASF807
     /tmp/ccal6mT6.s:97805  .debug_str:00000000000294a4 .LASF808
     /tmp/ccal6mT6.s:95601  .debug_str:0000000000020845 .LASF809
     /tmp/ccal6mT6.s:99333  .debug_str:000000000002f989 .LASF810
     /tmp/ccal6mT6.s:97819  .debug_str:000000000002955f .LASF811
     /tmp/ccal6mT6.s:91393  .debug_str:000000000000f474 .LASF812
     /tmp/ccal6mT6.s:91137  .debug_str:000000000000e4f6 .LASF813
     /tmp/ccal6mT6.s:92803  .debug_str:0000000000014de8 .LASF814
     /tmp/ccal6mT6.s:93053  .debug_str:0000000000015d6b .LASF815
     /tmp/ccal6mT6.s:89665  .debug_str:00000000000085fd .LASF816
     /tmp/ccal6mT6.s:98103  .debug_str:000000000002a82d .LASF817
     /tmp/ccal6mT6.s:95183  .debug_str:000000000001ea1a .LASF818
     /tmp/ccal6mT6.s:94675  .debug_str:000000000001c6b5 .LASF819
     /tmp/ccal6mT6.s:103087  .debug_str:000000000003ee48 .LASF820
     /tmp/ccal6mT6.s:102667  .debug_str:000000000003d2eb .LASF821
     /tmp/ccal6mT6.s:88417  .debug_str:0000000000003212 .LASF822
     /tmp/ccal6mT6.s:98371  .debug_str:000000000002b8ec .LASF823
     /tmp/ccal6mT6.s:106463  .debug_str:000000000004d3b0 .LASF824
     /tmp/ccal6mT6.s:106231  .debug_str:000000000004c42b .LASF825
     /tmp/ccal6mT6.s:97399  .debug_str:0000000000027b3f .LASF826
     /tmp/ccal6mT6.s:95011  .debug_str:000000000001ddc1 .LASF827
     /tmp/ccal6mT6.s:93799  .debug_str:0000000000018f2a .LASF828
     /tmp/ccal6mT6.s:99595  .debug_str:0000000000030afd .LASF829
     /tmp/ccal6mT6.s:97261  .debug_str:000000000002713f .LASF830
     /tmp/ccal6mT6.s:102055  .debug_str:000000000003a9c8 .LASF831
     /tmp/ccal6mT6.s:87861  .debug_str:0000000000000af2 .LASF832
     /tmp/ccal6mT6.s:98203  .debug_str:000000000002aef4 .LASF833
     /tmp/ccal6mT6.s:103911  .debug_str:0000000000042698 .LASF834
     /tmp/ccal6mT6.s:99825  .debug_str:0000000000031ae0 .LASF835
     /tmp/ccal6mT6.s:90793  .debug_str:000000000000d241 .LASF836
     /tmp/ccal6mT6.s:103739  .debug_str:0000000000041b09 .LASF837
     /tmp/ccal6mT6.s:97235  .debug_str:0000000000026f79 .LASF838
     /tmp/ccal6mT6.s:87919  .debug_str:0000000000000ef8 .LASF839
     /tmp/ccal6mT6.s:96671  .debug_str:00000000000249a9 .LASF840
     /tmp/ccal6mT6.s:100725  .debug_str:0000000000035780 .LASF841
     /tmp/ccal6mT6.s:103349  .debug_str:00000000000400c1 .LASF842
     /tmp/ccal6mT6.s:89225  .debug_str:00000000000068ec .LASF843
     /tmp/ccal6mT6.s:91145  .debug_str:000000000000e587 .LASF844
     /tmp/ccal6mT6.s:96167  .debug_str:0000000000022db7 .LASF845
     /tmp/ccal6mT6.s:97105  .debug_str:000000000002679d .LASF846
     /tmp/ccal6mT6.s:103287  .debug_str:000000000003fc86 .LASF847
     /tmp/ccal6mT6.s:97489  .debug_str:0000000000028017 .LASF848
     /tmp/ccal6mT6.s:96343  .debug_str:00000000000238f1 .LASF849
     /tmp/ccal6mT6.s:95273  .debug_str:000000000001f0fa .LASF850
     /tmp/ccal6mT6.s:88455  .debug_str:000000000000341e .LASF851
     /tmp/ccal6mT6.s:101975  .debug_str:000000000003a42e .LASF852
     /tmp/ccal6mT6.s:93783  .debug_str:0000000000018e29 .LASF853
     /tmp/ccal6mT6.s:103521  .debug_str:0000000000040ba2 .LASF854
     /tmp/ccal6mT6.s:105543  .debug_str:000000000004933b .LASF855
     /tmp/ccal6mT6.s:95855  .debug_str:0000000000021891 .LASF856
     /tmp/ccal6mT6.s:95775  .debug_str:00000000000212bc .LASF857
     /tmp/ccal6mT6.s:100963  .debug_str:00000000000365f5 .LASF858
     /tmp/ccal6mT6.s:98653  .debug_str:000000000002cb75 .LASF859
     /tmp/ccal6mT6.s:104957  .debug_str:0000000000046a8c .LASF860
     /tmp/ccal6mT6.s:92335  .debug_str:00000000000130a3 .LASF861
     /tmp/ccal6mT6.s:98865  .debug_str:000000000002d9e7 .LASF862
     /tmp/ccal6mT6.s:96685  .debug_str:0000000000024aaa .LASF863
     /tmp/ccal6mT6.s:95069  .debug_str:000000000001e2a4 .LASF864
     /tmp/ccal6mT6.s:94159  .debug_str:000000000001a638 .LASF865
     /tmp/ccal6mT6.s:88779  .debug_str:0000000000004aac .LASF866
     /tmp/ccal6mT6.s:95315  .debug_str:000000000001f42d .LASF867
     /tmp/ccal6mT6.s:98773  .debug_str:000000000002d3fb .LASF868
     /tmp/ccal6mT6.s:106321  .debug_str:000000000004c972 .LASF869
     /tmp/ccal6mT6.s:93853  .debug_str:00000000000192f4 .LASF870
     /tmp/ccal6mT6.s:101439  .debug_str:0000000000037fe2 .LASF871
     /tmp/ccal6mT6.s:94903  .debug_str:000000000001d701 .LASF872
     /tmp/ccal6mT6.s:87991  .debug_str:00000000000013c2 .LASF873
     /tmp/ccal6mT6.s:101391  .debug_str:0000000000037d76 .LASF874
     /tmp/ccal6mT6.s:88233  .debug_str:00000000000024a3 .LASF875
     /tmp/ccal6mT6.s:97827  .debug_str:0000000000029615 .LASF876
     /tmp/ccal6mT6.s:99683  .debug_str:000000000003113f .LASF877
     /tmp/ccal6mT6.s:106441  .debug_str:000000000004d245 .LASF878
     /tmp/ccal6mT6.s:94511  .debug_str:000000000001bc10 .LASF879
     /tmp/ccal6mT6.s:101447  .debug_str:000000000003808f .LASF880
     /tmp/ccal6mT6.s:93427  .debug_str:0000000000017765 .LASF881
     /tmp/ccal6mT6.s:96201  .debug_str:0000000000023021 .LASF882
     /tmp/ccal6mT6.s:102359  .debug_str:000000000003be80 .LASF883
     /tmp/ccal6mT6.s:87895  .debug_str:0000000000000d64 .LASF884
     /tmp/ccal6mT6.s:98029  .debug_str:000000000002a317 .LASF885
     /tmp/ccal6mT6.s:104787  .debug_str:0000000000045f0c .LASF886
     /tmp/ccal6mT6.s:97097  .debug_str:00000000000266c8 .LASF887
     /tmp/ccal6mT6.s:104303  .debug_str:0000000000043ef9 .LASF888
     /tmp/ccal6mT6.s:102459  .debug_str:000000000003c5e1 .LASF889
     /tmp/ccal6mT6.s:105263  .debug_str:0000000000047f7c .LASF890
     /tmp/ccal6mT6.s:88265  .debug_str:0000000000002741 .LASF891
     /tmp/ccal6mT6.s:92029  .debug_str:0000000000011c7f .LASF892
     /tmp/ccal6mT6.s:94745  .debug_str:000000000001cbbf .LASF893
     /tmp/ccal6mT6.s:97505  .debug_str:0000000000028182 .LASF894
     /tmp/ccal6mT6.s:100363  .debug_str:0000000000033f5e .LASF895
     /tmp/ccal6mT6.s:102997  .debug_str:000000000003e7d6 .LASF896
     /tmp/ccal6mT6.s:94959  .debug_str:000000000001dabb .LASF897
     /tmp/ccal6mT6.s:96789  .debug_str:000000000002518f .LASF898
     /tmp/ccal6mT6.s:90041  .debug_str:0000000000009f14 .LASF899
     /tmp/ccal6mT6.s:102347  .debug_str:000000000003bdca .LASF900
     /tmp/ccal6mT6.s:105003  .debug_str:0000000000046e09 .LASF901
     /tmp/ccal6mT6.s:88975  .debug_str:000000000000586e .LASF902
     /tmp/ccal6mT6.s:91675  .debug_str:0000000000010502 .LASF903
     /tmp/ccal6mT6.s:94475  .debug_str:000000000001ba06 .LASF904
     /tmp/ccal6mT6.s:97361  .debug_str:000000000002784b .LASF905
     /tmp/ccal6mT6.s:100075  .debug_str:0000000000032b6a .LASF906
     /tmp/ccal6mT6.s:90933  .debug_str:000000000000daa9 .LASF907
     /tmp/ccal6mT6.s:93713  .debug_str:000000000001897e .LASF908
     /tmp/ccal6mT6.s:96455  .debug_str:0000000000023f9b .LASF909
     /tmp/ccal6mT6.s:91557  .debug_str:000000000000fdd3 .LASF910
     /tmp/ccal6mT6.s:102101  .debug_str:000000000003aca3 .LASF911
     /tmp/ccal6mT6.s:104881  .debug_str:00000000000464f6 .LASF912
     /tmp/ccal6mT6.s:98431  .debug_str:000000000002bc67 .LASF913
     /tmp/ccal6mT6.s:91537  .debug_str:000000000000fc41 .LASF914
     /tmp/ccal6mT6.s:94327  .debug_str:000000000001b0bb .LASF915
     /tmp/ccal6mT6.s:97067  .debug_str:000000000002648b .LASF916
     /tmp/ccal6mT6.s:88023  .debug_str:00000000000015e4 .LASF917
     /tmp/ccal6mT6.s:90649  .debug_str:000000000000c914 .LASF918
     /tmp/ccal6mT6.s:93573  .debug_str:0000000000017f5a .LASF919
     /tmp/ccal6mT6.s:96323  .debug_str:00000000000237d2 .LASF920
     /tmp/ccal6mT6.s:99099  .debug_str:000000000002ea1e .LASF921
     /tmp/ccal6mT6.s:101963  .debug_str:000000000003a349 .LASF922
     /tmp/ccal6mT6.s:104581  .debug_str:0000000000045110 .LASF923
     /tmp/ccal6mT6.s:88549  .debug_str:0000000000003a87 .LASF924
     /tmp/ccal6mT6.s:91235  .debug_str:000000000000eaa3 .LASF925
     /tmp/ccal6mT6.s:93995  .debug_str:0000000000019cbd .LASF926
     /tmp/ccal6mT6.s:103903  .debug_str:00000000000425f2 .LASF927
     /tmp/ccal6mT6.s:95035  .debug_str:000000000001dfbd .LASF928
     /tmp/ccal6mT6.s:95885  .debug_str:0000000000021abe .LASF929
     /tmp/ccal6mT6.s:90715  .debug_str:000000000000cd26 .LASF930
     /tmp/ccal6mT6.s:96047  .debug_str:00000000000225d0 .LASF931
     /tmp/ccal6mT6.s:98987  .debug_str:000000000002e24b .LASF932
     /tmp/ccal6mT6.s:101719  .debug_str:0000000000039277 .LASF933
     /tmp/ccal6mT6.s:104455  .debug_str:000000000004494d .LASF934
     /tmp/ccal6mT6.s:88283  .debug_str:0000000000002871 .LASF935
     /tmp/ccal6mT6.s:90899  .debug_str:000000000000d8a5 .LASF936
     /tmp/ccal6mT6.s:100969  .debug_str:000000000003666b .LASF937
     /tmp/ccal6mT6.s:103619  .debug_str:00000000000412d7 .LASF938
     /tmp/ccal6mT6.s:100385  .debug_str:00000000000340f8 .LASF939
     /tmp/ccal6mT6.s:90231  .debug_str:000000000000abfc .LASF940
     /tmp/ccal6mT6.s:95167  .debug_str:000000000001e916 .LASF941
     /tmp/ccal6mT6.s:98835  .debug_str:000000000002d77a .LASF942
     /tmp/ccal6mT6.s:98281  .debug_str:000000000002b3b1 .LASF943
     /tmp/ccal6mT6.s:97735  .debug_str:000000000002905f .LASF944
     /tmp/ccal6mT6.s:96997  .debug_str:0000000000025f3f .LASF945
     /tmp/ccal6mT6.s:105449  .debug_str:0000000000048ca5 .LASF946
     /tmp/ccal6mT6.s:92167  .debug_str:000000000001257c .LASF947
     /tmp/ccal6mT6.s:104349  .debug_str:00000000000441ee .LASF948
     /tmp/ccal6mT6.s:90645  .debug_str:000000000000c8d7 .LASF949
     /tmp/ccal6mT6.s:98153  .debug_str:000000000002ab5d .LASF950
     /tmp/ccal6mT6.s:91647  .debug_str:0000000000010282 .LASF951
     /tmp/ccal6mT6.s:103175  .debug_str:000000000003f536 .LASF952
     /tmp/ccal6mT6.s:90561  .debug_str:000000000000c330 .LASF953
     /tmp/ccal6mT6.s:99885  .debug_str:0000000000031f12 .LASF954
     /tmp/ccal6mT6.s:101103  .debug_str:0000000000036db6 .LASF955
     /tmp/ccal6mT6.s:101751  .debug_str:00000000000394b7 .LASF956
     /tmp/ccal6mT6.s:105507  .debug_str:00000000000490f2 .LASF957
     /tmp/ccal6mT6.s:103435  .debug_str:00000000000406ab .LASF958
     /tmp/ccal6mT6.s:92201  .debug_str:0000000000012847 .LASF959
     /tmp/ccal6mT6.s:100855  .debug_str:0000000000035efa .LASF960
     /tmp/ccal6mT6.s:90257  .debug_str:000000000000ae10 .LASF961
     /tmp/ccal6mT6.s:99013  .debug_str:000000000002e3fc .LASF962
     /tmp/ccal6mT6.s:88591  .debug_str:0000000000003d66 .LASF963
     /tmp/ccal6mT6.s:97103  .debug_str:0000000000026754 .LASF964
     /tmp/ccal6mT6.s:105577  .debug_str:00000000000495b6 .LASF965
     /tmp/ccal6mT6.s:95223  .debug_str:000000000001ed54 .LASF966
     /tmp/ccal6mT6.s:104899  .debug_str:000000000004661f .LASF967
     /tmp/ccal6mT6.s:88451  .debug_str:00000000000033c7 .LASF968
     /tmp/ccal6mT6.s:88155  .debug_str:0000000000001f5e .LASF969
     /tmp/ccal6mT6.s:94615  .debug_str:000000000001c2ba .LASF970
     /tmp/ccal6mT6.s:106459  .debug_str:000000000004d348 .LASF971
     /tmp/ccal6mT6.s:88509  .debug_str:00000000000037d0 .LASF972
     /tmp/ccal6mT6.s:96121  .debug_str:0000000000022abd .LASF973
     /tmp/ccal6mT6.s:92417  .debug_str:0000000000013578 .LASF974
     /tmp/ccal6mT6.s:89893  .debug_str:00000000000095c0 .LASF975
     /tmp/ccal6mT6.s:94573  .debug_str:000000000001bfba .LASF976
     /tmp/ccal6mT6.s:102751  .debug_str:000000000003d836 .LASF977
     /tmp/ccal6mT6.s:90187  .debug_str:000000000000a8c6 .LASF978
     /tmp/ccal6mT6.s:93107  .debug_str:000000000001615c .LASF979
     /tmp/ccal6mT6.s:99593  .debug_str:0000000000030ab1 .LASF980
     /tmp/ccal6mT6.s:105689  .debug_str:0000000000049d0f .LASF981
     /tmp/ccal6mT6.s:93239  .debug_str:0000000000016aa4 .LASF982
     /tmp/ccal6mT6.s:99573  .debug_str:00000000000308fa .LASF983
     /tmp/ccal6mT6.s:105883  .debug_str:000000000004aa45 .LASF984
     /tmp/ccal6mT6.s:93579  .debug_str:0000000000017fd2 .LASF985
     /tmp/ccal6mT6.s:100089  .debug_str:0000000000032c28 .LASF986
     /tmp/ccal6mT6.s:100489  .debug_str:00000000000347ef .LASF987
     /tmp/ccal6mT6.s:93961  .debug_str:0000000000019981 .LASF988
     /tmp/ccal6mT6.s:93915  .debug_str:00000000000196fd .LASF989
     /tmp/ccal6mT6.s:88753  .debug_str:0000000000004903 .LASF990
     /tmp/ccal6mT6.s:90151  .debug_str:000000000000a6b3 .LASF991
     /tmp/ccal6mT6.s:90403  .debug_str:000000000000b8ea .LASF992
     /tmp/ccal6mT6.s:89109  .debug_str:000000000000609a .LASF993
     /tmp/ccal6mT6.s:103335  .debug_str:000000000003ffd7 .LASF994
     /tmp/ccal6mT6.s:93233  .debug_str:0000000000016a33 .LASF995
     /tmp/ccal6mT6.s:94767  .debug_str:000000000001cd31 .LASF996
     /tmp/ccal6mT6.s:101457  .debug_str:0000000000038134 .LASF997
     /tmp/ccal6mT6.s:98079  .debug_str:000000000002a699 .LASF998
     /tmp/ccal6mT6.s:94639  .debug_str:000000000001c43e .LASF999
     /tmp/ccal6mT6.s:104031  .debug_str:0000000000042e17 .LASF1000
     /tmp/ccal6mT6.s:104023  .debug_str:0000000000042d9e .LASF1001
     /tmp/ccal6mT6.s:95029  .debug_str:000000000001df24 .LASF1002
     /tmp/ccal6mT6.s:103959  .debug_str:0000000000042980 .LASF1003
     /tmp/ccal6mT6.s:96721  .debug_str:0000000000024d35 .LASF1004
     /tmp/ccal6mT6.s:99941  .debug_str:000000000003230d .LASF1005
     /tmp/ccal6mT6.s:91401  .debug_str:000000000000f530 .LASF1006
     /tmp/ccal6mT6.s:102649  .debug_str:000000000003d1b3 .LASF1007
     /tmp/ccal6mT6.s:104569  .debug_str:000000000004506d .LASF1008
     /tmp/ccal6mT6.s:97741  .debug_str:00000000000290f0 .LASF1009
     /tmp/ccal6mT6.s:103153  .debug_str:000000000003f380 .LASF1010
     /tmp/ccal6mT6.s:97255  .debug_str:00000000000270c5 .LASF1011
     /tmp/ccal6mT6.s:105211  .debug_str:0000000000047bd5 .LASF1012
     /tmp/ccal6mT6.s:101397  .debug_str:0000000000037dfc .LASF1013
     /tmp/ccal6mT6.s:87725  .debug_str:0000000000000208 .LASF1014
     /tmp/ccal6mT6.s:95953  .debug_str:0000000000021f05 .LASF1015
     /tmp/ccal6mT6.s:88919  .debug_str:00000000000054a8 .LASF1016
     /tmp/ccal6mT6.s:92923  .debug_str:000000000001552e .LASF1017
     /tmp/ccal6mT6.s:104991  .debug_str:0000000000046d1f .LASF1018
     /tmp/ccal6mT6.s:96919  .debug_str:0000000000025ae9 .LASF1019
     /tmp/ccal6mT6.s:95489  .debug_str:0000000000020037 .LASF1020
     /tmp/ccal6mT6.s:92127  .debug_str:00000000000122ee .LASF1021
     /tmp/ccal6mT6.s:89309  .debug_str:0000000000006f04 .LASF1022
     /tmp/ccal6mT6.s:96947  .debug_str:0000000000025ca7 .LASF1023
     /tmp/ccal6mT6.s:99395  .debug_str:000000000002fd43 .LASF1024
     /tmp/ccal6mT6.s:92699  .debug_str:00000000000146bc .LASF1025
     /tmp/ccal6mT6.s:92975  .debug_str:0000000000015889 .LASF1026
     /tmp/ccal6mT6.s:94235  .debug_str:000000000001aa7c .LASF1027
     /tmp/ccal6mT6.s:97525  .debug_str:00000000000282f8 .LASF1028
     /tmp/ccal6mT6.s:93717  .debug_str:00000000000189c4 .LASF1029
     /tmp/ccal6mT6.s:88149  .debug_str:0000000000001ef5 .LASF1030
     /tmp/ccal6mT6.s:99725  .debug_str:0000000000031414 .LASF1031
     /tmp/ccal6mT6.s:102403  .debug_str:000000000003c239 .LASF1032
     /tmp/ccal6mT6.s:94441  .debug_str:000000000001b79a .LASF1033
     /tmp/ccal6mT6.s:105223  .debug_str:0000000000047c99 .LASF1034
     /tmp/ccal6mT6.s:88181  .debug_str:0000000000002172 .LASF1035
     /tmp/ccal6mT6.s:96771  .debug_str:0000000000025068 .LASF1036
     /tmp/ccal6mT6.s:103011  .debug_str:000000000003e8df .LASF1037
     /tmp/ccal6mT6.s:99675  .debug_str:0000000000031087 .LASF1038
     /tmp/ccal6mT6.s:96193  .debug_str:0000000000022f9d .LASF1039
     /tmp/ccal6mT6.s:92757  .debug_str:0000000000014a95 .LASF1040
     /tmp/ccal6mT6.s:104485  .debug_str:0000000000044aff .LASF1041
     /tmp/ccal6mT6.s:90805  .debug_str:000000000000d318 .LASF1042
     /tmp/ccal6mT6.s:88755  .debug_str:0000000000004951 .LASF1043
     /tmp/ccal6mT6.s:91581  .debug_str:000000000000ff14 .LASF1044
     /tmp/ccal6mT6.s:103385  .debug_str:0000000000040356 .LASF1045
     /tmp/ccal6mT6.s:105919  .debug_str:000000000004ad9a .LASF1046
     /tmp/ccal6mT6.s:93309  .debug_str:0000000000016fd3 .LASF1047
     /tmp/ccal6mT6.s:99657  .debug_str:0000000000030f49 .LASF1048
     /tmp/ccal6mT6.s:105797  .debug_str:000000000004a542 .LASF1049
     /tmp/ccal6mT6.s:93209  .debug_str:0000000000016870 .LASF1050
     /tmp/ccal6mT6.s:92031  .debug_str:0000000000011cb4 .LASF1051
     /tmp/ccal6mT6.s:98377  .debug_str:000000000002b95d .LASF1052
     /tmp/ccal6mT6.s:104521  .debug_str:0000000000044d18 .LASF1053
     /tmp/ccal6mT6.s:91901  .debug_str:0000000000011356 .LASF1054
     /tmp/ccal6mT6.s:98253  .debug_str:000000000002b1dc .LASF1055
     /tmp/ccal6mT6.s:103731  .debug_str:0000000000041ab7 .LASF1056
     /tmp/ccal6mT6.s:89285  .debug_str:0000000000006d3d .LASF1057
     /tmp/ccal6mT6.s:103407  .debug_str:00000000000404f6 .LASF1058
     /tmp/ccal6mT6.s:99019  .debug_str:000000000002e496 .LASF1059
     /tmp/ccal6mT6.s:95243  .debug_str:000000000001eef3 .LASF1060
     /tmp/ccal6mT6.s:91479  .debug_str:000000000000f91f .LASF1061
     /tmp/ccal6mT6.s:90665  .debug_str:000000000000ca09 .LASF1062
     /tmp/ccal6mT6.s:102911  .debug_str:000000000003e26e .LASF1063
     /tmp/ccal6mT6.s:95067  .debug_str:000000000001e27c .LASF1064
     /tmp/ccal6mT6.s:105805  .debug_str:000000000004a5d2 .LASF1065
     /tmp/ccal6mT6.s:95509  .debug_str:00000000000201a3 .LASF1066
     /tmp/ccal6mT6.s:89811  .debug_str:0000000000008f97 .LASF1067
     /tmp/ccal6mT6.s:100949  .debug_str:000000000003653a .LASF1068
     /tmp/ccal6mT6.s:92829  .debug_str:0000000000014f8f .LASF1069
     /tmp/ccal6mT6.s:103815  .debug_str:0000000000042038 .LASF1070
     /tmp/ccal6mT6.s:95821  .debug_str:0000000000021626 .LASF1071
     /tmp/ccal6mT6.s:99919  .debug_str:00000000000321b9 .LASF1072
     /tmp/ccal6mT6.s:90027  .debug_str:0000000000009de3 .LASF1073
     /tmp/ccal6mT6.s:99575  .debug_str:0000000000030948 .LASF1074
     /tmp/ccal6mT6.s:89763  .debug_str:0000000000008c46 .LASF1075
     /tmp/ccal6mT6.s:99161  .debug_str:000000000002ee7c .LASF1076
     /tmp/ccal6mT6.s:89531  .debug_str:0000000000007c86 .LASF1077
     /tmp/ccal6mT6.s:98913  .debug_str:000000000002dde3 .LASF1078
     /tmp/ccal6mT6.s:89293  .debug_str:0000000000006de5 .LASF1079
     /tmp/ccal6mT6.s:101803  .debug_str:00000000000398f8 .LASF1080
     /tmp/ccal6mT6.s:89051  .debug_str:0000000000005d15 .LASF1081
     /tmp/ccal6mT6.s:98415  .debug_str:000000000002bb52 .LASF1082
     /tmp/ccal6mT6.s:90507  .debug_str:000000000000bf5f .LASF1083
     /tmp/ccal6mT6.s:94869  .debug_str:000000000001d4e4 .LASF1084
     /tmp/ccal6mT6.s:90083  .debug_str:000000000000a22a .LASF1085
     /tmp/ccal6mT6.s:99645  .debug_str:0000000000030e52 .LASF1086
     /tmp/ccal6mT6.s:102451  .debug_str:000000000003c53b .LASF1087
     /tmp/ccal6mT6.s:99379  .debug_str:000000000002fc16 .LASF1088
     /tmp/ccal6mT6.s:89599  .debug_str:0000000000008172 .LASF1089
     /tmp/ccal6mT6.s:99141  .debug_str:000000000002ece6 .LASF1090
     /tmp/ccal6mT6.s:89359  .debug_str:000000000000720b .LASF1091
     /tmp/ccal6mT6.s:90663  .debug_str:000000000000c9df .LASF1092
     /tmp/ccal6mT6.s:90817  .debug_str:000000000000d3b1 .LASF1093
     /tmp/ccal6mT6.s:100217  .debug_str:0000000000033548 .LASF1094
     /tmp/ccal6mT6.s:90589  .debug_str:000000000000c535 .LASF1095
     /tmp/ccal6mT6.s:99971  .debug_str:00000000000324e7 .LASF1096
     /tmp/ccal6mT6.s:94889  .debug_str:000000000001d5f1 .LASF1097
     /tmp/ccal6mT6.s:99717  .debug_str:0000000000031380 .LASF1098
     /tmp/ccal6mT6.s:90071  .debug_str:000000000000a16a .LASF1099
     /tmp/ccal6mT6.s:99457  .debug_str:000000000003019f .LASF1100
     /tmp/ccal6mT6.s:89817  .debug_str:0000000000008ff9 .LASF1101
     /tmp/ccal6mT6.s:99203  .debug_str:000000000002f193 .LASF1102
     /tmp/ccal6mT6.s:91181  .debug_str:000000000000e80c .LASF1103
     /tmp/ccal6mT6.s:100693  .debug_str:0000000000035509 .LASF1104
     /tmp/ccal6mT6.s:90893  .debug_str:000000000000d832 .LASF1105
     /tmp/ccal6mT6.s:100435  .debug_str:000000000003447f .LASF1106
     /tmp/ccal6mT6.s:90653  .debug_str:000000000000c957 .LASF1107
     /tmp/ccal6mT6.s:100201  .debug_str:00000000000333f3 .LASF1108
     /tmp/ccal6mT6.s:90393  .debug_str:000000000000b859 .LASF1109
     /tmp/ccal6mT6.s:99785  .debug_str:0000000000031806 .LASF1110
     /tmp/ccal6mT6.s:90147  .debug_str:000000000000a668 .LASF1111
     /tmp/ccal6mT6.s:105835  .debug_str:000000000004a770 .LASF1112
     /tmp/ccal6mT6.s:91701  .debug_str:0000000000010633 .LASF1113
     /tmp/ccal6mT6.s:101045  .debug_str:0000000000036ace .LASF1114
     /tmp/ccal6mT6.s:91429  .debug_str:000000000000f6c2 .LASF1115
     /tmp/ccal6mT6.s:100771  .debug_str:0000000000035a0b .LASF1116
     /tmp/ccal6mT6.s:90905  .debug_str:000000000000d908 .LASF1117
     /tmp/ccal6mT6.s:100497  .debug_str:0000000000034885 .LASF1118
     /tmp/ccal6mT6.s:90711  .debug_str:000000000000cce3 .LASF1119
     /tmp/ccal6mT6.s:100277  .debug_str:000000000003395a .LASF1120
     /tmp/ccal6mT6.s:90467  .debug_str:000000000000bcaf .LASF1121
     /tmp/ccal6mT6.s:100031  .debug_str:00000000000328c9 .LASF1122
     /tmp/ccal6mT6.s:92069  .debug_str:0000000000011ef1 .LASF1123
     /tmp/ccal6mT6.s:101573  .debug_str:00000000000388f6 .LASF1124
     /tmp/ccal6mT6.s:91783  .debug_str:0000000000010ba9 .LASF1125
     /tmp/ccal6mT6.s:101117  .debug_str:0000000000036ecf .LASF1126
     /tmp/ccal6mT6.s:91727  .debug_str:00000000000107fa .LASF1127
     /tmp/ccal6mT6.s:92549  .debug_str:0000000000013dd2 .LASF1128
     /tmp/ccal6mT6.s:87697  .debug_str:0000000000000021 .LASF1129
     /tmp/ccal6mT6.s:101651  .debug_str:0000000000038e26 .LASF1130
     /tmp/ccal6mT6.s:95591  .debug_str:000000000002074c .LASF1131
     /tmp/ccal6mT6.s:103669  .debug_str:0000000000041693 .LASF1132
     /tmp/ccal6mT6.s:88389  .debug_str:0000000000003032 .LASF1133
     /tmp/ccal6mT6.s:101219  .debug_str:0000000000037450 .LASF1134
     /tmp/ccal6mT6.s:89163  .debug_str:0000000000006450 .LASF1135
     /tmp/ccal6mT6.s:89523  .debug_str:0000000000007bf0 .LASF1136
     /tmp/ccal6mT6.s:92325  .debug_str:0000000000012fd2 .LASF1137
     /tmp/ccal6mT6.s:92649  .debug_str:000000000001437e .LASF1138
     /tmp/ccal6mT6.s:100301  .debug_str:0000000000033af4 .LASF1139
     /tmp/ccal6mT6.s:102757  .debug_str:000000000003d8af .LASF1140
     /tmp/ccal6mT6.s:105235  .debug_str:0000000000047d71 .LASF1141
     /tmp/ccal6mT6.s:101673  .debug_str:0000000000038fae .LASF1142
     /tmp/ccal6mT6.s:103083  .debug_str:000000000003ee13 .LASF1143
     /tmp/ccal6mT6.s:93593  .debug_str:00000000000180f8 .LASF1144
     /tmp/ccal6mT6.s:103023  .debug_str:000000000003e98a .LASF1145
     /tmp/ccal6mT6.s:93537  .debug_str:0000000000017de2 .LASF1146
     /tmp/ccal6mT6.s:102965  .debug_str:000000000003e563 .LASF1147
     /tmp/ccal6mT6.s:101715  .debug_str:0000000000039238 .LASF1148
     /tmp/ccal6mT6.s:89165  .debug_str:0000000000006481 .LASF1149
     /tmp/ccal6mT6.s:105423  .debug_str:0000000000048ab7 .LASF1150
     /tmp/ccal6mT6.s:88545  .debug_str:0000000000003a45 .LASF1151
     /tmp/ccal6mT6.s:103541  .debug_str:0000000000040d03 .LASF1152
     /tmp/ccal6mT6.s:104167  .debug_str:0000000000043665 .LASF1153
     /tmp/ccal6mT6.s:102931  .debug_str:000000000003e3a8 .LASF1154
     /tmp/ccal6mT6.s:103115  .debug_str:000000000003f059 .LASF1155
     /tmp/ccal6mT6.s:93737  .debug_str:0000000000018b09 .LASF1156
     /tmp/ccal6mT6.s:93381  .debug_str:000000000001743a .LASF1157
     /tmp/ccal6mT6.s:106199  .debug_str:000000000004c1ee .LASF1158
     /tmp/ccal6mT6.s:97849  .debug_str:000000000002980d .LASF1159
     /tmp/ccal6mT6.s:91489  .debug_str:000000000000f9ac .LASF1160
     /tmp/ccal6mT6.s:100041  .debug_str:00000000000329a9 .LASF1161
     /tmp/ccal6mT6.s:89933  .debug_str:0000000000009852 .LASF1162
     /tmp/ccal6mT6.s:87705  .debug_str:00000000000000ad .LASF1163
     /tmp/ccal6mT6.s:95869  .debug_str:00000000000219a9 .LASF1164
     /tmp/ccal6mT6.s:96117  .debug_str:0000000000022a92 .LASF1165
     /tmp/ccal6mT6.s:102011  .debug_str:000000000003a707 .LASF1166
     /tmp/ccal6mT6.s:104135  .debug_str:00000000000434b5 .LASF1167
     /tmp/ccal6mT6.s:105567  .debug_str:0000000000049521 .LASF1168
     /tmp/ccal6mT6.s:95293  .debug_str:000000000001f292 .LASF1169
     /tmp/ccal6mT6.s:98951  .debug_str:000000000002e040 .LASF1170
     /tmp/ccal6mT6.s:96761  .debug_str:0000000000024fc1 .LASF1171
     /tmp/ccal6mT6.s:100743  .debug_str:00000000000358ba .LASF1172
     /tmp/ccal6mT6.s:92393  .debug_str:0000000000013429 .LASF1173
     /tmp/ccal6mT6.s:102865  .debug_str:000000000003df8b .LASF1174
     /tmp/ccal6mT6.s:91737  .debug_str:00000000000108d8 .LASF1176
     /tmp/ccal6mT6.s:104951  .debug_str:0000000000046a24 .LASF1177
     /tmp/ccal6mT6.s:92953  .debug_str:0000000000015702 .LASF1178
     /tmp/ccal6mT6.s:97465  .debug_str:0000000000027ed8 .LASF1179
     /tmp/ccal6mT6.s:92813  .debug_str:0000000000014e93 .LASF1180
     /tmp/ccal6mT6.s:92753  .debug_str:0000000000014a80 .LASF1181
     /tmp/ccal6mT6.s:98919  .debug_str:000000000002de60 .LASF1182
     /tmp/ccal6mT6.s:87751  .debug_str:000000000000039a .LASF1183
     /tmp/ccal6mT6.s:93037  .debug_str:0000000000015c7c .LASF1184
     /tmp/ccal6mT6.s:95083  .debug_str:000000000001e3a6 .LASF1185
     /tmp/ccal6mT6.s:96187  .debug_str:0000000000022f24 .LASF1186
     /tmp/ccal6mT6.s:103365  .debug_str:0000000000040203 .LASF1187
     /tmp/ccal6mT6.s:91225  .debug_str:000000000000ea28 .LASF1188
     /tmp/ccal6mT6.s:97685  .debug_str:0000000000028dbe .LASF1189
     /tmp/ccal6mT6.s:89189  .debug_str:0000000000006686 .LASF1190
     /tmp/ccal6mT6.s:90063  .debug_str:000000000000a0c5 .LASF1191
     /tmp/ccal6mT6.s:98039  .debug_str:000000000002a3b4 .LASF1192
     /tmp/ccal6mT6.s:90057  .debug_str:000000000000a06c .LASF1193
     /tmp/ccal6mT6.s:94919  .debug_str:000000000001d835 .LASF1194
     /tmp/ccal6mT6.s:99907  .debug_str:0000000000032093 .LASF1195
     /tmp/ccal6mT6.s:104553  .debug_str:0000000000044f75 .LASF1196
     /tmp/ccal6mT6.s:88387  .debug_str:000000000000300a .LASF1197
     /tmp/ccal6mT6.s:97555  .debug_str:00000000000284dd .LASF1198
     /tmp/ccal6mT6.s:88763  .debug_str:00000000000049d4 .LASF1199
     /tmp/ccal6mT6.s:90877  .debug_str:000000000000d741 .LASF1200
     /tmp/ccal6mT6.s:106443  .debug_str:000000000004d278 .LASF1201
     /tmp/ccal6mT6.s:97335  .debug_str:000000000002766d .LASF1202
     /tmp/ccal6mT6.s:106143  .debug_str:000000000004be73 .LASF1203
     /tmp/ccal6mT6.s:97681  .debug_str:0000000000028d73 .LASF1204
     /tmp/ccal6mT6.s:104625  .debug_str:000000000004548e .LASF1205
     /tmp/ccal6mT6.s:103679  .debug_str:000000000004173d .LASF1206
     /tmp/ccal6mT6.s:91249  .debug_str:000000000000eb80 .LASF1207
     /tmp/ccal6mT6.s:105119  .debug_str:00000000000475cf .LASF1208
     /tmp/ccal6mT6.s:94251  .debug_str:000000000001abac .LASF1209
     /tmp/ccal6mT6.s:93745  .debug_str:0000000000018b84 .LASF1210
     /tmp/ccal6mT6.s:97659  .debug_str:0000000000028bda .LASF1211
     /tmp/ccal6mT6.s:89587  .debug_str:000000000000807c .LASF1212
     /tmp/ccal6mT6.s:91733  .debug_str:000000000001087f .LASF1213
     /tmp/ccal6mT6.s:99701  .debug_str:000000000003129d .LASF1214
     /tmp/ccal6mT6.s:90979  .debug_str:000000000000ddc5 .LASF1215
     /tmp/ccal6mT6.s:105011  .debug_str:0000000000046e90 .LASF1216
     /tmp/ccal6mT6.s:93807  .debug_str:0000000000018fd5 .LASF1217
     /tmp/ccal6mT6.s:106245  .debug_str:000000000004c56e .LASF1218
     /tmp/ccal6mT6.s:91533  .debug_str:000000000000fbee .LASF1219
     /tmp/ccal6mT6.s:100077  .debug_str:0000000000032b9f .LASF1220
     /tmp/ccal6mT6.s:106093  .debug_str:000000000004bb21 .LASF1221
     /tmp/ccal6mT6.s:99037  .debug_str:000000000002e628 .LASF1222
     /tmp/ccal6mT6.s:97057  .debug_str:00000000000263e9 .LASF1223
     /tmp/ccal6mT6.s:99861  .debug_str:0000000000031d7b .LASF1224
     /tmp/ccal6mT6.s:93999  .debug_str:0000000000019d1e .LASF1225
     /tmp/ccal6mT6.s:100819  .debug_str:0000000000035dbf .LASF1226
     /tmp/ccal6mT6.s:103301  .debug_str:000000000003fd88 .LASF1227
     /tmp/ccal6mT6.s:102149  .debug_str:000000000003b04d .LASF1228
     /tmp/ccal6mT6.s:94357  .debug_str:000000000001b26a .LASF1229
     /tmp/ccal6mT6.s:98365  .debug_str:000000000002b88f .LASF1230
     /tmp/ccal6mT6.s:105663  .debug_str:0000000000049b50 .LASF1231
     /tmp/ccal6mT6.s:91579  .debug_str:000000000000feea .LASF1232
     /tmp/ccal6mT6.s:90595  .debug_str:000000000000c5a8 .LASF1233
     /tmp/ccal6mT6.s:90301  .debug_str:000000000000b175 .LASF1234
     /tmp/ccal6mT6.s:88091  .debug_str:0000000000001b23 .LASF1235
     /tmp/ccal6mT6.s:99581  .debug_str:000000000003099d .LASF1236
     /tmp/ccal6mT6.s:92801  .debug_str:0000000000014dbd .LASF1237
     /tmp/ccal6mT6.s:91091  .debug_str:000000000000e3ad .LASF1238
     /tmp/ccal6mT6.s:99793  .debug_str:00000000000318a9 .LASF1239
     /tmp/ccal6mT6.s:95053  .debug_str:000000000001e15e .LASF1240
     /tmp/ccal6mT6.s:93641  .debug_str:0000000000018453 .LASF1241
     /tmp/ccal6mT6.s:100463  .debug_str:000000000003462b .LASF1242
     /tmp/ccal6mT6.s:89841  .debug_str:0000000000009160 .LASF1243
     /tmp/ccal6mT6.s:99219  .debug_str:000000000002f2ad .LASF1244
     /tmp/ccal6mT6.s:103309  .debug_str:000000000003fe12 .LASF1245
     /tmp/ccal6mT6.s:94753  .debug_str:000000000001cc58 .LASF1246
     /tmp/ccal6mT6.s:106205  .debug_str:000000000004c22d .LASF1247
     /tmp/ccal6mT6.s:103305  .debug_str:000000000003fde4 .LASF1248
     /tmp/ccal6mT6.s:106227  .debug_str:000000000004c3da .LASF1249
     /tmp/ccal6mT6.s:90781  .debug_str:000000000000d17f .LASF1250
     /tmp/ccal6mT6.s:105709  .debug_str:0000000000049e92 .LASF1251
     /tmp/ccal6mT6.s:94987  .debug_str:000000000001dc17 .LASF1252
     /tmp/ccal6mT6.s:105089  .debug_str:0000000000047452 .LASF1253
     /tmp/ccal6mT6.s:88861  .debug_str:000000000000500b .LASF1254
     /tmp/ccal6mT6.s:93263  .debug_str:0000000000016c4f .LASF1255
     /tmp/ccal6mT6.s:103599  .debug_str:0000000000041114 .LASF1256
     /tmp/ccal6mT6.s:93607  .debug_str:0000000000018217 .LASF1257
     /tmp/ccal6mT6.s:96313  .debug_str:00000000000236f8 .LASF1258
     /tmp/ccal6mT6.s:95751  .debug_str:0000000000021206 .LASF1259
     /tmp/ccal6mT6.s:106415  .debug_str:000000000004d083 .LASF1260
     /tmp/ccal6mT6.s:99567  .debug_str:0000000000030885 .LASF1261
     /tmp/ccal6mT6.s:89923  .debug_str:00000000000097ca .LASF1262
     /tmp/ccal6mT6.s:96623  .debug_str:0000000000024834 .LASF1263
     /tmp/ccal6mT6.s:100111  .debug_str:0000000000032ddb .LASF1264
     /tmp/ccal6mT6.s:87883  .debug_str:0000000000000c79 .LASF1265
     /tmp/ccal6mT6.s:91183  .debug_str:000000000000e836 .LASF1266
     /tmp/ccal6mT6.s:90839  .debug_str:000000000000d4b8 .LASF1267
     /tmp/ccal6mT6.s:105419  .debug_str:0000000000048a70 .LASF1268
     /tmp/ccal6mT6.s:97917  .debug_str:0000000000029b89 .LASF1269
     /tmp/ccal6mT6.s:96735  .debug_str:0000000000024e1a .LASF1270
     /tmp/ccal6mT6.s:90551  .debug_str:000000000000c292 .LASF1271
     /tmp/ccal6mT6.s:95853  .debug_str:0000000000021869 .LASF1272
     /tmp/ccal6mT6.s:99905  .debug_str:000000000003205d .LASF1273
     /tmp/ccal6mT6.s:104905  .debug_str:00000000000466c3 .LASF1274
     /tmp/ccal6mT6.s:106473  .debug_str:000000000004d462 .LASF1275
     /tmp/ccal6mT6.s:102227  .debug_str:000000000003b582 .LASF1276
     /tmp/ccal6mT6.s:98057  .debug_str:000000000002a4c6 .LASF1277
     /tmp/ccal6mT6.s:93355  .debug_str:000000000001726b .LASF1278
     /tmp/ccal6mT6.s:89503  .debug_str:0000000000007ad9 .LASF1279
     /tmp/ccal6mT6.s:103443  .debug_str:000000000004072c .LASF1280
     /tmp/ccal6mT6.s:99963  .debug_str:0000000000032456 .LASF1281
     /tmp/ccal6mT6.s:94703  .debug_str:000000000001c894 .LASF1282
     /tmp/ccal6mT6.s:91267  .debug_str:000000000000eccb .LASF1283
     /tmp/ccal6mT6.s:104741  .debug_str:0000000000045bff .LASF1284
     /tmp/ccal6mT6.s:104943  .debug_str:00000000000469ba .LASF1285
     /tmp/ccal6mT6.s:93861  .debug_str:0000000000019365 .LASF1286
     /tmp/ccal6mT6.s:96409  .debug_str:0000000000023d02 .LASF1287
     /tmp/ccal6mT6.s:103965  .debug_str:00000000000429f1 .LASF1288
     /tmp/ccal6mT6.s:87851  .debug_str:0000000000000a80 .LASF1289
     /tmp/ccal6mT6.s:95221  .debug_str:000000000001ed31 .LASF1290
     /tmp/ccal6mT6.s:98261  .debug_str:000000000002b26b .LASF1291
     /tmp/ccal6mT6.s:92403  .debug_str:00000000000134c8 .LASF1292
     /tmp/ccal6mT6.s:89555  .debug_str:0000000000007e3f .LASF1293
     /tmp/ccal6mT6.s:100703  .debug_str:00000000000355e7 .LASF1294
     /tmp/ccal6mT6.s:103275  .debug_str:000000000003fbd7 .LASF1295
     /tmp/ccal6mT6.s:92535  .debug_str:0000000000013cfe .LASF1296
     /tmp/ccal6mT6.s:101851  .debug_str:0000000000039b90 .LASF1297
     /tmp/ccal6mT6.s:102635  .debug_str:000000000003d0a9 .LASF1298
     /tmp/ccal6mT6.s:89081  .debug_str:0000000000005f0c .LASF1299
     /tmp/ccal6mT6.s:96763  .debug_str:0000000000024fe9 .LASF1300
     /tmp/ccal6mT6.s:99505  .debug_str:0000000000030452 .LASF1301
     /tmp/ccal6mT6.s:87909  .debug_str:0000000000000e66 .LASF1302
     /tmp/ccal6mT6.s:100611  .debug_str:0000000000035017 .LASF1303
     /tmp/ccal6mT6.s:92891  .debug_str:000000000001535e .LASF1304
     /tmp/ccal6mT6.s:92017  .debug_str:0000000000011b8e .LASF1305
     /tmp/ccal6mT6.s:102985  .debug_str:000000000003e6f5 .LASF1306
     /tmp/ccal6mT6.s:103069  .debug_str:000000000003ecfe .LASF1307
     /tmp/ccal6mT6.s:95003  .debug_str:000000000001dd64 .LASF1308
     /tmp/ccal6mT6.s:105617  .debug_str:0000000000049859 .LASF1309
     /tmp/ccal6mT6.s:104203  .debug_str:00000000000438c3 .LASF1310
     /tmp/ccal6mT6.s:94207  .debug_str:000000000001a8ee .LASF1311
     /tmp/ccal6mT6.s:101685  .debug_str:0000000000039079 .LASF1312
     /tmp/ccal6mT6.s:105601  .debug_str:0000000000049742 .LASF1313
     /tmp/ccal6mT6.s:92735  .debug_str:0000000000014921 .LASF1314
     /tmp/ccal6mT6.s:99181  .debug_str:000000000002f028 .LASF1315
     /tmp/ccal6mT6.s:95975  .debug_str:00000000000220c3 .LASF1316
     /tmp/ccal6mT6.s:88335  .debug_str:0000000000002c2c .LASF1317
     /tmp/ccal6mT6.s:94775  .debug_str:000000000001cdd6 .LASF1318
     /tmp/ccal6mT6.s:101517  .debug_str:0000000000038487 .LASF1319
     /tmp/ccal6mT6.s:94225  .debug_str:000000000001a9ad .LASF1320
     /tmp/ccal6mT6.s:100775  .debug_str:0000000000035a55 .LASF1321
     /tmp/ccal6mT6.s:102963  .debug_str:000000000003e53e .LASF1322
     /tmp/ccal6mT6.s:97521  .debug_str:00000000000282b6 .LASF1323
     /tmp/ccal6mT6.s:98805  .debug_str:000000000002d5c8 .LASF1324
     /tmp/ccal6mT6.s:96223  .debug_str:00000000000231fe .LASF1325
     /tmp/ccal6mT6.s:96569  .debug_str:00000000000244b9 .LASF1326
     /tmp/ccal6mT6.s:94689  .debug_str:000000000001c7a3 .LASF1327
     /tmp/ccal6mT6.s:87985  .debug_str:0000000000001377 .LASF1328
     /tmp/ccal6mT6.s:102885  .debug_str:000000000003e0b1 .LASF1329
     /tmp/ccal6mT6.s:90657  .debug_str:000000000000c99b .LASF1330
     /tmp/ccal6mT6.s:93755  .debug_str:0000000000018c2f .LASF1331
     /tmp/ccal6mT6.s:98693  .debug_str:000000000002ce4d .LASF1332
     /tmp/ccal6mT6.s:98755  .debug_str:000000000002d2eb .LASF1333
     /tmp/ccal6mT6.s:90843  .debug_str:000000000000d4e9 .LASF1334
     /tmp/ccal6mT6.s:95867  .debug_str:000000000002197e .LASF1335
     /tmp/ccal6mT6.s:101379  .debug_str:0000000000037cb3 .LASF1336
     /tmp/ccal6mT6.s:98225  .debug_str:000000000002b05e .LASF1337
     /tmp/ccal6mT6.s:92709  .debug_str:000000000001479c .LASF1338
     /tmp/ccal6mT6.s:97163  .debug_str:0000000000026aee .LASF1339
     /tmp/ccal6mT6.s:96067  .debug_str:0000000000022741 .LASF1340
     /tmp/ccal6mT6.s:88299  .debug_str:000000000000295d .LASF1341
     /tmp/ccal6mT6.s:87987  .debug_str:0000000000001397 .LASF1342
     /tmp/ccal6mT6.s:98487  .debug_str:000000000002c002 .LASF1343
     /tmp/ccal6mT6.s:106363  .debug_str:000000000004ccac .LASF1344
     /tmp/ccal6mT6.s:102631  .debug_str:000000000003d066 .LASF1345
     /tmp/ccal6mT6.s:97935  .debug_str:0000000000029d85 .LASF1346
     /tmp/ccal6mT6.s:88959  .debug_str:000000000000577d .LASF1347
     /tmp/ccal6mT6.s:104173  .debug_str:00000000000436c9 .LASF1348
     /tmp/ccal6mT6.s:87901  .debug_str:0000000000000dc3 .LASF1349
     /tmp/ccal6mT6.s:96123  .debug_str:0000000000022b09 .LASF1350
     /tmp/ccal6mT6.s:98091  .debug_str:000000000002a752 .LASF1351
     /tmp/ccal6mT6.s:103513  .debug_str:0000000000040b07 .LASF1352
     /tmp/ccal6mT6.s:102979  .debug_str:000000000003e67a .LASF1353
     /tmp/ccal6mT6.s:99895  .debug_str:0000000000031fc4 .LASF1354
     /tmp/ccal6mT6.s:103189  .debug_str:000000000003f65b .LASF1355
     /tmp/ccal6mT6.s:92767  .debug_str:0000000000014b49 .LASF1356
     /tmp/ccal6mT6.s:104827  .debug_str:000000000004619f .LASF1357
     /tmp/ccal6mT6.s:101493  .debug_str:0000000000038323 .LASF1358
     /tmp/ccal6mT6.s:93227  .debug_str:0000000000016997 .LASF1359
     /tmp/ccal6mT6.s:100299  .debug_str:0000000000033ad4 .LASF1360
     /tmp/ccal6mT6.s:103973  .debug_str:0000000000042a80 .LASF1361
     /tmp/ccal6mT6.s:93403  .debug_str:000000000001758f .LASF1362
     /tmp/ccal6mT6.s:89169  .debug_str:00000000000064f3 .LASF1363
     /tmp/ccal6mT6.s:88765  .debug_str:00000000000049fc .LASF1364
     /tmp/ccal6mT6.s:93221  .debug_str:0000000000016939 .LASF1365
     /tmp/ccal6mT6.s:103039  .debug_str:000000000003eae9 .LASF1366
     /tmp/ccal6mT6.s:105771  .debug_str:000000000004a342 .LASF1367
     /tmp/ccal6mT6.s:98501  .debug_str:000000000002c153 .LASF1368
     /tmp/ccal6mT6.s:96165  .debug_str:0000000000022d8d .LASF1369
     /tmp/ccal6mT6.s:95505  .debug_str:0000000000020171 .LASF1370
     /tmp/ccal6mT6.s:98245  .debug_str:000000000002b162 .LASF1371
     /tmp/ccal6mT6.s:94863  .debug_str:000000000001d48f .LASF1372
     /tmp/ccal6mT6.s:94245  .debug_str:000000000001ab47 .LASF1373
     /tmp/ccal6mT6.s:90113  .debug_str:000000000000a3e3 .LASF1374
     /tmp/ccal6mT6.s:103601  .debug_str:0000000000041130 .LASF1375
     /tmp/ccal6mT6.s:104433  .debug_str:0000000000044796 .LASF1376
     /tmp/ccal6mT6.s:94509  .debug_str:000000000001bbe7 .LASF1377
     /tmp/ccal6mT6.s:90891  .debug_str:000000000000d811 .LASF1378
     /tmp/ccal6mT6.s:103693  .debug_str:0000000000041839 .LASF1379
     /tmp/ccal6mT6.s:90435  .debug_str:000000000000bae5 .LASF1380
     /tmp/ccal6mT6.s:102897  .debug_str:000000000003e18b .LASF1381
     /tmp/ccal6mT6.s:105141  .debug_str:0000000000047745 .LASF1382
     /tmp/ccal6mT6.s:98305  .debug_str:000000000002b558 .LASF1383
     /tmp/ccal6mT6.s:104335  .debug_str:0000000000044109 .LASF1384
     /tmp/ccal6mT6.s:89593  .debug_str:00000000000080ff .LASF1385
     /tmp/ccal6mT6.s:96825  .debug_str:000000000002544e .LASF1386
     /tmp/ccal6mT6.s:101427  .debug_str:0000000000037fa6 .LASF1387
     /tmp/ccal6mT6.s:102709  .debug_str:000000000003d5b3 .LASF1388
     /tmp/ccal6mT6.s:92765  .debug_str:0000000000014b2b .LASF1389
     /tmp/ccal6mT6.s:94155  .debug_str:000000000001a5fa .LASF1390
     /tmp/ccal6mT6.s:104299  .debug_str:0000000000043e9f .LASF1391
     /tmp/ccal6mT6.s:103559  .debug_str:0000000000040e8e .LASF1392
     /tmp/ccal6mT6.s:105135  .debug_str:00000000000476d2 .LASF1393
     /tmp/ccal6mT6.s:90049  .debug_str:0000000000009fd5 .LASF1394
     /tmp/ccal6mT6.s:99671  .debug_str:000000000003104c .LASF1395
     /tmp/ccal6mT6.s:95625  .debug_str:0000000000020a0a .LASF1396
     /tmp/ccal6mT6.s:94247  .debug_str:000000000001ab70 .LASF1397
     /tmp/ccal6mT6.s:105587  .debug_str:0000000000049657 .LASF1398
     /tmp/ccal6mT6.s:104529  .debug_str:0000000000044de6 .LASF1399
     /tmp/ccal6mT6.s:96731  .debug_str:0000000000024dc1 .LASF1400
     /tmp/ccal6mT6.s:96019  .debug_str:00000000000223c4 .LASF1401
     /tmp/ccal6mT6.s:89993  .debug_str:0000000000009c0d .LASF1402
     /tmp/ccal6mT6.s:106269  .debug_str:000000000004c6d0 .LASF1403
     /tmp/ccal6mT6.s:98067  .debug_str:000000000002a5c7 .LASF1404
     /tmp/ccal6mT6.s:92291  .debug_str:0000000000012db7 .LASF1405
     /tmp/ccal6mT6.s:99211  .debug_str:000000000002f241 .LASF1406
     /tmp/ccal6mT6.s:102627  .debug_str:000000000003d029 .LASF1407
     /tmp/ccal6mT6.s:88485  .debug_str:0000000000003639 .LASF1408
     /tmp/ccal6mT6.s:97081  .debug_str:000000000002657a .LASF1409
     /tmp/ccal6mT6.s:99525  .debug_str:00000000000305b3 .LASF1410
     /tmp/ccal6mT6.s:99189  .debug_str:000000000002f0b6 .LASF1411
     /tmp/ccal6mT6.s:90583  .debug_str:000000000000c4db .LASF1412
     /tmp/ccal6mT6.s:89367  .debug_str:00000000000072b5 .LASF1413
     /tmp/ccal6mT6.s:95873  .debug_str:00000000000219cb .LASF1414
     /tmp/ccal6mT6.s:99805  .debug_str:00000000000319b4 .LASF1415
     /tmp/ccal6mT6.s:105873  .debug_str:000000000004a9b5 .LASF1416
     /tmp/ccal6mT6.s:94109  .debug_str:000000000001a371 .LASF1417
     /tmp/ccal6mT6.s:97773  .debug_str:00000000000292c8 .LASF1418
     /tmp/ccal6mT6.s:98231  .debug_str:000000000002b0a7 .LASF1419
     /tmp/ccal6mT6.s:87803  .debug_str:0000000000000768 .LASF1420
     /tmp/ccal6mT6.s:104997  .debug_str:0000000000046d93 .LASF1421
     /tmp/ccal6mT6.s:105933  .debug_str:000000000004aefa .LASF1422
     /tmp/ccal6mT6.s:92243  .debug_str:0000000000012b4c .LASF1423
     /tmp/ccal6mT6.s:94709  .debug_str:000000000001c919 .LASF1424
     /tmp/ccal6mT6.s:98933  .debug_str:000000000002def6 .LASF1425
     /tmp/ccal6mT6.s:95025  .debug_str:000000000001debc .LASF1426
     /tmp/ccal6mT6.s:94227  .debug_str:000000000001a9cf .LASF1427
     /tmp/ccal6mT6.s:104223  .debug_str:0000000000043a0d .LASF1428
     /tmp/ccal6mT6.s:89489  .debug_str:00000000000079e9 .LASF1429
     /tmp/ccal6mT6.s:105903  .debug_str:000000000004ac65 .LASF1430
     /tmp/ccal6mT6.s:100683  .debug_str:000000000003546b .LASF1431
     /tmp/ccal6mT6.s:103639  .debug_str:0000000000041473 .LASF1432
     /tmp/ccal6mT6.s:97601  .debug_str:000000000002880b .LASF1433
     /tmp/ccal6mT6.s:99761  .debug_str:000000000003165c .LASF1434
     /tmp/ccal6mT6.s:97699  .debug_str:0000000000028ece .LASF1435
     /tmp/ccal6mT6.s:89931  .debug_str:000000000000982b .LASF1436
     /tmp/ccal6mT6.s:103111  .debug_str:000000000003f016 .LASF1437
     /tmp/ccal6mT6.s:105459  .debug_str:0000000000048da0 .LASF1438
     /tmp/ccal6mT6.s:98571  .debug_str:000000000002c5b2 .LASF1439
     /tmp/ccal6mT6.s:90033  .debug_str:0000000000009e46 .LASF1440
     /tmp/ccal6mT6.s:102233  .debug_str:000000000003b5c9 .LASF1441
     /tmp/ccal6mT6.s:102485  .debug_str:000000000003c77c .LASF1442
     /tmp/ccal6mT6.s:101405  .debug_str:0000000000037ea0 .LASF1443
     /tmp/ccal6mT6.s:90761  .debug_str:000000000000d04e .LASF1444
     /tmp/ccal6mT6.s:98041  .debug_str:000000000002a3df .LASF1445
     /tmp/ccal6mT6.s:99913  .debug_str:0000000000032110 .LASF1446
     /tmp/ccal6mT6.s:87753  .debug_str:00000000000003bc .LASF1447
     /tmp/ccal6mT6.s:90195  .debug_str:000000000000a988 .LASF1448
     /tmp/ccal6mT6.s:93827  .debug_str:00000000000190de .LASF1449
     /tmp/ccal6mT6.s:90055  .debug_str:000000000000a04d .LASF1450
     /tmp/ccal6mT6.s:96899  .debug_str:000000000002599e .LASF1451
     /tmp/ccal6mT6.s:102917  .debug_str:000000000003e2c8 .LASF1452
     /tmp/ccal6mT6.s:93619  .debug_str:00000000000182ca .LASF1453
     /tmp/ccal6mT6.s:106241  .debug_str:000000000004c515 .LASF1454
     /tmp/ccal6mT6.s:94223  .debug_str:000000000001a983 .LASF1455
     /tmp/ccal6mT6.s:100499  .debug_str:00000000000348af .LASF1456
     /tmp/ccal6mT6.s:104989  .debug_str:0000000000046cfe .LASF1457
     /tmp/ccal6mT6.s:102759  .debug_str:000000000003d8e6 .LASF1458
     /tmp/ccal6mT6.s:99035  .debug_str:000000000002e607 .LASF1459
     /tmp/ccal6mT6.s:103875  .debug_str:00000000000423fd .LASF1460
     /tmp/ccal6mT6.s:103333  .debug_str:000000000003ffc1 .LASF1461
     /tmp/ccal6mT6.s:96857  .debug_str:0000000000025680 .LASF1462
     /tmp/ccal6mT6.s:89513  .debug_str:0000000000007b7e .LASF1463
     /tmp/ccal6mT6.s:97831  .debug_str:0000000000029693 .LASF1464
     /tmp/ccal6mT6.s:97413  .debug_str:0000000000027c3b .LASF1465
     /tmp/ccal6mT6.s:92405  .debug_str:00000000000134eb .LASF1466
     /tmp/ccal6mT6.s:99351  .debug_str:000000000002fac2 .LASF1467
     /tmp/ccal6mT6.s:93195  .debug_str:0000000000016732 .LASF1468
     /tmp/ccal6mT6.s:98049  .debug_str:000000000002a443 .LASF1469
     /tmp/ccal6mT6.s:89803  .debug_str:0000000000008f3b .LASF1470
     /tmp/ccal6mT6.s:104427  .debug_str:0000000000044737 .LASF1471
     /tmp/ccal6mT6.s:99021  .debug_str:000000000002e4c0 .LASF1472
     /tmp/ccal6mT6.s:88871  .debug_str:00000000000050a0 .LASF1473
     /tmp/ccal6mT6.s:90637  .debug_str:000000000000c7fc .LASF1474
     /tmp/ccal6mT6.s:88597  .debug_str:0000000000003df8 .LASF1475
     /tmp/ccal6mT6.s:93099  .debug_str:00000000000160c1 .LASF1476
     /tmp/ccal6mT6.s:89745  .debug_str:0000000000008b74 .LASF1477
     /tmp/ccal6mT6.s:99065  .debug_str:000000000002e7e0 .LASF1478
     /tmp/ccal6mT6.s:100303  .debug_str:0000000000033b2b .LASF1479
     /tmp/ccal6mT6.s:96903  .debug_str:00000000000259da .LASF1480
     /tmp/ccal6mT6.s:97071  .debug_str:00000000000264d9 .LASF1481
     /tmp/ccal6mT6.s:92087  .debug_str:0000000000012037 .LASF1482
     /tmp/ccal6mT6.s:101063  .debug_str:0000000000036c11 .LASF1483
     /tmp/ccal6mT6.s:91161  .debug_str:000000000000e66b .LASF1484
     /tmp/ccal6mT6.s:88497  .debug_str:000000000000370d .LASF1485
     /tmp/ccal6mT6.s:106121  .debug_str:000000000004bd29 .LASF1486
     /tmp/ccal6mT6.s:98485  .debug_str:000000000002bfdd .LASF1487
     /tmp/ccal6mT6.s:101029  .debug_str:00000000000369d5 .LASF1488
     /tmp/ccal6mT6.s:105863  .debug_str:000000000004a905 .LASF1489
     /tmp/ccal6mT6.s:95453  .debug_str:000000000001fd90 .LASF1490
     /tmp/ccal6mT6.s:95571  .debug_str:000000000002063a .LASF1491
     /tmp/ccal6mT6.s:100889  .debug_str:00000000000361a6 .LASF1492
     /tmp/ccal6mT6.s:90573  .debug_str:000000000000c41c .LASF1493
     /tmp/ccal6mT6.s:100545  .debug_str:0000000000034b78 .LASF1494
     /tmp/ccal6mT6.s:100219  .debug_str:0000000000033572 .LASF1495
     /tmp/ccal6mT6.s:90359  .debug_str:000000000000b637 .LASF1496
     /tmp/ccal6mT6.s:91977  .debug_str:0000000000011904 .LASF1497
     /tmp/ccal6mT6.s:97633  .debug_str:0000000000028a27 .LASF1498
     /tmp/ccal6mT6.s:90743  .debug_str:000000000000cf13 .LASF1499
     /tmp/ccal6mT6.s:102519  .debug_str:000000000003c9b7 .LASF1500
     /tmp/ccal6mT6.s:88291  .debug_str:00000000000028f0 .LASF1501
     /tmp/ccal6mT6.s:99517  .debug_str:0000000000030500 .LASF1502
     /tmp/ccal6mT6.s:101621  .debug_str:0000000000038c5b .LASF1503
     /tmp/ccal6mT6.s:103057  .debug_str:000000000003ec5e .LASF1504
     /tmp/ccal6mT6.s:93695  .debug_str:000000000001883d .LASF1505
     /tmp/ccal6mT6.s:98711  .debug_str:000000000002cf87 .LASF1506
     /tmp/ccal6mT6.s:99295  .debug_str:000000000002f75c .LASF1507
     /tmp/ccal6mT6.s:92569  .debug_str:0000000000013ee3 .LASF1508
     /tmp/ccal6mT6.s:99201  .debug_str:000000000002f16a .LASF1509
     /tmp/ccal6mT6.s:90733  .debug_str:000000000000ce5b .LASF1510
     /tmp/ccal6mT6.s:96185  .debug_str:0000000000022f04 .LASF1511
     /tmp/ccal6mT6.s:99177  .debug_str:000000000002efc5 .LASF1512
     /tmp/ccal6mT6.s:92337  .debug_str:00000000000130d9 .LASF1513
     /tmp/ccal6mT6.s:88165  .debug_str:0000000000002051 .LASF1514
     /tmp/ccal6mT6.s:94439  .debug_str:000000000001b776 .LASF1515
     /tmp/ccal6mT6.s:90875  .debug_str:000000000000d715 .LASF1516
     /tmp/ccal6mT6.s:101595  .debug_str:0000000000038a41 .LASF1517
     /tmp/ccal6mT6.s:99209  .debug_str:000000000002f217 .LASF1518
     /tmp/ccal6mT6.s:94349  .debug_str:000000000001b1d2 .LASF1519
     /tmp/ccal6mT6.s:97697  .debug_str:0000000000028ea8 .LASF1520
     /tmp/ccal6mT6.s:104233  .debug_str:0000000000043afc .LASF1521
     /tmp/ccal6mT6.s:89789  .debug_str:0000000000008e56 .LASF1522
     /tmp/ccal6mT6.s:102385  .debug_str:000000000003c0bc .LASF1523
     /tmp/ccal6mT6.s:96073  .debug_str:00000000000227a4 .LASF1524
     /tmp/ccal6mT6.s:99331  .debug_str:000000000002f96f .LASF1525
     /tmp/ccal6mT6.s:89975  .debug_str:0000000000009abd .LASF1526
     /tmp/ccal6mT6.s:93363  .debug_str:00000000000172c8 .LASF1527
     /tmp/ccal6mT6.s:90517  .debug_str:000000000000c049 .LASF1528
     /tmp/ccal6mT6.s:98559  .debug_str:000000000002c509 .LASF1529
     /tmp/ccal6mT6.s:91269  .debug_str:000000000000ece8 .LASF1530
     /tmp/ccal6mT6.s:94809  .debug_str:000000000001d078 .LASF1531
     /tmp/ccal6mT6.s:91493  .debug_str:000000000000f9ef .LASF1532
     /tmp/ccal6mT6.s:96875  .debug_str:00000000000257d6 .LASF1533
     /tmp/ccal6mT6.s:91757  .debug_str:0000000000010a2d .LASF1534
     /tmp/ccal6mT6.s:103351  .debug_str:00000000000400ef .LASF1535
     /tmp/ccal6mT6.s:104531  .debug_str:0000000000044e07 .LASF1536
     /tmp/ccal6mT6.s:89089  .debug_str:0000000000005f50 .LASF1537
     /tmp/ccal6mT6.s:91305  .debug_str:000000000000ee3d .LASF1538
     /tmp/ccal6mT6.s:99261  .debug_str:000000000002f565 .LASF1539
     /tmp/ccal6mT6.s:102827  .debug_str:000000000003dd6b .LASF1540
     /tmp/ccal6mT6.s:96329  .debug_str:000000000002381d .LASF1541
     /tmp/ccal6mT6.s:102731  .debug_str:000000000003d724 .LASF1542
     /tmp/ccal6mT6.s:89045  .debug_str:0000000000005cca .LASF1543
     /tmp/ccal6mT6.s:94255  .debug_str:000000000001ac05 .LASF1544
     /tmp/ccal6mT6.s:105405  .debug_str:0000000000048962 .LASF1545
     /tmp/ccal6mT6.s:97987  .debug_str:000000000002a0ec .LASF1546
     /tmp/ccal6mT6.s:94277  .debug_str:000000000001adb9 .LASF1547
     /tmp/ccal6mT6.s:96085  .debug_str:000000000002287b .LASF1548
     /tmp/ccal6mT6.s:88837  .debug_str:0000000000004e8e .LASF1549
     /tmp/ccal6mT6.s:95495  .debug_str:000000000002009b .LASF1550
     /tmp/ccal6mT6.s:91879  .debug_str:00000000000111e5 .LASF1551
     /tmp/ccal6mT6.s:88093  .debug_str:0000000000001b48 .LASF1552
     /tmp/ccal6mT6.s:94197  .debug_str:000000000001a873 .LASF1553
     /tmp/ccal6mT6.s:103615  .debug_str:000000000004126b .LASF1554
     /tmp/ccal6mT6.s:97251  .debug_str:0000000000027074 .LASF1555
     /tmp/ccal6mT6.s:94963  .debug_str:000000000001db0a .LASF1556
     /tmp/ccal6mT6.s:99839  .debug_str:0000000000031bbf .LASF1557
     /tmp/ccal6mT6.s:99751  .debug_str:00000000000315a2 .LASF1558
     /tmp/ccal6mT6.s:101775  .debug_str:0000000000039687 .LASF1559
     /tmp/ccal6mT6.s:102941  .debug_str:000000000003e44d .LASF1560
     /tmp/ccal6mT6.s:104513  .debug_str:0000000000044cb1 .LASF1561
     /tmp/ccal6mT6.s:89527  .debug_str:0000000000007c41 .LASF1562
     /tmp/ccal6mT6.s:93665  .debug_str:00000000000185ee .LASF1563
     /tmp/ccal6mT6.s:101815  .debug_str:00000000000399c0 .LASF1564
     /tmp/ccal6mT6.s:104681  .debug_str:000000000004587e .LASF1565
     /tmp/ccal6mT6.s:99697  .debug_str:0000000000031256 .LASF1566
     /tmp/ccal6mT6.s:105149  .debug_str:00000000000477d5 .LASF1567
     /tmp/ccal6mT6.s:95727  .debug_str:000000000002101f .LASF1568
     /tmp/ccal6mT6.s:99965  .debug_str:0000000000032473 .LASF1569
     /tmp/ccal6mT6.s:89391  .debug_str:0000000000007426 .LASF1570
     /tmp/ccal6mT6.s:105065  .debug_str:0000000000047287 .LASF1571
     /tmp/ccal6mT6.s:93591  .debug_str:00000000000180c8 .LASF1572
     /tmp/ccal6mT6.s:100943  .debug_str:00000000000364d9 .LASF1573
     /tmp/ccal6mT6.s:100627  .debug_str:000000000003510c .LASF1574
     /tmp/ccal6mT6.s:95195  .debug_str:000000000001eafd .LASF1575
     /tmp/ccal6mT6.s:97319  .debug_str:000000000002755a .LASF1576
     /tmp/ccal6mT6.s:105179  .debug_str:00000000000479f8 .LASF1577
     /tmp/ccal6mT6.s:88673  .debug_str:000000000000433e .LASF1578
     /tmp/ccal6mT6.s:96439  .debug_str:0000000000023eae .LASF1579
     /tmp/ccal6mT6.s:88631  .debug_str:00000000000040d7 .LASF1580
     /tmp/ccal6mT6.s:102663  .debug_str:000000000003d294 .LASF1581
     /tmp/ccal6mT6.s:89685  .debug_str:0000000000008711 .LASF1582
     /tmp/ccal6mT6.s:105257  .debug_str:0000000000047f06 .LASF1583
     /tmp/ccal6mT6.s:100141  .debug_str:0000000000033085 .LASF1584
     /tmp/ccal6mT6.s:105615  .debug_str:0000000000049830 .LASF1585
     /tmp/ccal6mT6.s:95927  .debug_str:0000000000021d85 .LASF1586
     /tmp/ccal6mT6.s:94017  .debug_str:0000000000019e2d .LASF1587
     /tmp/ccal6mT6.s:106081  .debug_str:000000000004ba38 .LASF1588
     /tmp/ccal6mT6.s:91197  .debug_str:000000000000e93e .LASF1589
     /tmp/ccal6mT6.s:102671  .debug_str:000000000003d337 .LASF1590
     /tmp/ccal6mT6.s:103377  .debug_str:00000000000402b3 .LASF1591
     /tmp/ccal6mT6.s:104689  .debug_str:00000000000458e0 .LASF1592
     /tmp/ccal6mT6.s:96595  .debug_str:000000000002467e .LASF1593
     /tmp/ccal6mT6.s:98053  .debug_str:000000000002a47b .LASF1594
     /tmp/ccal6mT6.s:104327  .debug_str:000000000004405f .LASF1595
     /tmp/ccal6mT6.s:87701  .debug_str:0000000000000069 .LASF1596
     /tmp/ccal6mT6.s:95835  .debug_str:0000000000021711 .LASF1597
     /tmp/ccal6mT6.s:97877  .debug_str:000000000002995b .LASF1598
     /tmp/ccal6mT6.s:92565  .debug_str:0000000000013ea7 .LASF1599
     /tmp/ccal6mT6.s:88939  .debug_str:000000000000560d .LASF1600
     /tmp/ccal6mT6.s:102301  .debug_str:000000000003ba6f .LASF1601
     /tmp/ccal6mT6.s:96983  .debug_str:0000000000025e52 .LASF1602
     /tmp/ccal6mT6.s:88263  .debug_str:000000000000271a .LASF1603
     /tmp/ccal6mT6.s:97975  .debug_str:000000000002a035 .LASF1604
     /tmp/ccal6mT6.s:98701  .debug_str:000000000002cf04 .LASF1605
     /tmp/ccal6mT6.s:89041  .debug_str:0000000000005c5a .LASF1606
     /tmp/ccal6mT6.s:93297  .debug_str:0000000000016ea8 .LASF1607
     /tmp/ccal6mT6.s:90199  .debug_str:000000000000a9e6 .LASF1608
     /tmp/ccal6mT6.s:103563  .debug_str:0000000000040ed4 .LASF1609
     /tmp/ccal6mT6.s:101761  .debug_str:0000000000039565 .LASF1610
     /tmp/ccal6mT6.s:96081  .debug_str:000000000002283f .LASF1611
     /tmp/ccal6mT6.s:94769  .debug_str:000000000001cd61 .LASF1612
     /tmp/ccal6mT6.s:105721  .debug_str:0000000000049f73 .LASF1613
     /tmp/ccal6mT6.s:105879  .debug_str:000000000004a9fb .LASF1614
     /tmp/ccal6mT6.s:96217  .debug_str:0000000000023191 .LASF1615
     /tmp/ccal6mT6.s:91851  .debug_str:0000000000010fda .LASF1616
     /tmp/ccal6mT6.s:101057  .debug_str:0000000000036b95 .LASF1617
     /tmp/ccal6mT6.s:95229  .debug_str:000000000001ede7 .LASF1618
     /tmp/ccal6mT6.s:101943  .debug_str:000000000003a1f3 .LASF1619
     /tmp/ccal6mT6.s:94667  .debug_str:000000000001c63c .LASF1620
     /tmp/ccal6mT6.s:91875  .debug_str:000000000001118e .LASF1621
     /tmp/ccal6mT6.s:89121  .debug_str:000000000000616c .LASF1622
     /tmp/ccal6mT6.s:99321  .debug_str:000000000002f8f7 .LASF1623
     /tmp/ccal6mT6.s:92703  .debug_str:000000000001472e .LASF1624
     /tmp/ccal6mT6.s:105681  .debug_str:0000000000049c89 .LASF1625
     /tmp/ccal6mT6.s:94723  .debug_str:000000000001ca75 .LASF1626
     /tmp/ccal6mT6.s:91681  .debug_str:000000000001055a .LASF1627
     /tmp/ccal6mT6.s:104039  .debug_str:0000000000042ecf .LASF1628
     /tmp/ccal6mT6.s:98331  .debug_str:000000000002b6c1 .LASF1629
     /tmp/ccal6mT6.s:99275  .debug_str:000000000002f64c .LASF1630
     /tmp/ccal6mT6.s:88541  .debug_str:0000000000003a0f .LASF1631
     /tmp/ccal6mT6.s:88319  .debug_str:0000000000002b2c .LASF1632
     /tmp/ccal6mT6.s:90153  .debug_str:000000000000a6e3 .LASF1633
     /tmp/ccal6mT6.s:102559  .debug_str:000000000003cc98 .LASF1634
     /tmp/ccal6mT6.s:99515  .debug_str:00000000000304dd .LASF1635
     /tmp/ccal6mT6.s:90295  .debug_str:000000000000b12a .LASF1636
     /tmp/ccal6mT6.s:100851  .debug_str:0000000000035ec6 .LASF1637
     /tmp/ccal6mT6.s:104439  .debug_str:0000000000044801 .LASF1638
     /tmp/ccal6mT6.s:91057  .debug_str:000000000000e176 .LASF1639
     /tmp/ccal6mT6.s:88173  .debug_str:00000000000020ca .LASF1640
     /tmp/ccal6mT6.s:94939  .debug_str:000000000001d925 .LASF1641
     /tmp/ccal6mT6.s:102435  .debug_str:000000000003c44a .LASF1642
     /tmp/ccal6mT6.s:104151  .debug_str:000000000004359b .LASF1643
     /tmp/ccal6mT6.s:101689  .debug_str:00000000000390ca .LASF1644
     /tmp/ccal6mT6.s:104317  .debug_str:0000000000043fea .LASF1645
     /tmp/ccal6mT6.s:96965  .debug_str:0000000000025d7e .LASF1646
     /tmp/ccal6mT6.s:94683  .debug_str:000000000001c73d .LASF1647
     /tmp/ccal6mT6.s:88901  .debug_str:00000000000052ee .LASF1648
     /tmp/ccal6mT6.s:99999  .debug_str:000000000003268e .LASF1649
     /tmp/ccal6mT6.s:103169  .debug_str:000000000003f4d1 .LASF1650
     /tmp/ccal6mT6.s:93375  .debug_str:00000000000173c0 .LASF1651
     /tmp/ccal6mT6.s:105585  .debug_str:000000000004963c .LASF1652
     /tmp/ccal6mT6.s:92367  .debug_str:00000000000132c5 .LASF1653
     /tmp/ccal6mT6.s:101055  .debug_str:0000000000036b7a .LASF1654
     /tmp/ccal6mT6.s:106353  .debug_str:000000000004cbe5 .LASF1655
     /tmp/ccal6mT6.s:103963  .debug_str:00000000000429d6 .LASF1656
     /tmp/ccal6mT6.s:105783  .debug_str:000000000004a429 .LASF1657
     /tmp/ccal6mT6.s:95493  .debug_str:0000000000020073 .LASF1658
     /tmp/ccal6mT6.s:87879  .debug_str:0000000000000c3d .LASF1659
     /tmp/ccal6mT6.s:104609  .debug_str:0000000000045352 .LASF1660
     /tmp/ccal6mT6.s:93269  .debug_str:0000000000016ce0 .LASF1661
     /tmp/ccal6mT6.s:105099  .debug_str:00000000000474e9 .LASF1662
     /tmp/ccal6mT6.s:89905  .debug_str:00000000000096ca .LASF1663
     /tmp/ccal6mT6.s:95547  .debug_str:000000000002046d .LASF1664
     /tmp/ccal6mT6.s:96745  .debug_str:0000000000024eb0 .LASF1665
     /tmp/ccal6mT6.s:96871  .debug_str:0000000000025771 .LASF1666
     /tmp/ccal6mT6.s:92049  .debug_str:0000000000011da8 .LASF1667
     /tmp/ccal6mT6.s:106001  .debug_str:000000000004b4dc .LASF1668
     /tmp/ccal6mT6.s:100843  .debug_str:0000000000035e7d .LASF1669
     /tmp/ccal6mT6.s:90831  .debug_str:000000000000d417 .LASF1670
     /tmp/ccal6mT6.s:89767  .debug_str:0000000000008c7f .LASF1671
     /tmp/ccal6mT6.s:100369  .debug_str:0000000000033feb .LASF1672
     /tmp/ccal6mT6.s:103339  .debug_str:0000000000040019 .LASF1673
     /tmp/ccal6mT6.s:97561  .debug_str:0000000000028546 .LASF1674
     /tmp/ccal6mT6.s:98815  .debug_str:000000000002d658 .LASF1675
     /tmp/ccal6mT6.s:91809  .debug_str:0000000000010cc6 .LASF1676
     /tmp/ccal6mT6.s:95321  .debug_str:000000000001f4d4 .LASF1677
     /tmp/ccal6mT6.s:99167  .debug_str:000000000002ef03 .LASF1678
     /tmp/ccal6mT6.s:95471  .debug_str:000000000001fecf .LASF1679
     /tmp/ccal6mT6.s:89365  .debug_str:000000000000728c .LASF1680
     /tmp/ccal6mT6.s:93223  .debug_str:0000000000016963 .LASF1681
     /tmp/ccal6mT6.s:93187  .debug_str:0000000000016687 .LASF1682
     /tmp/ccal6mT6.s:88427  .debug_str:00000000000032c1 .LASF1683
     /tmp/ccal6mT6.s:102425  .debug_str:000000000003c39f .LASF1684
     /tmp/ccal6mT6.s:88849  .debug_str:0000000000004f47 .LASF1685
     /tmp/ccal6mT6.s:89155  .debug_str:00000000000063c5 .LASF1686
     /tmp/ccal6mT6.s:100661  .debug_str:00000000000352c6 .LASF1687
     /tmp/ccal6mT6.s:97865  .debug_str:00000000000298c6 .LASF1688
     /tmp/ccal6mT6.s:103357  .debug_str:000000000004017a .LASF1689
     /tmp/ccal6mT6.s:104083  .debug_str:0000000000043109 .LASF1690
     /tmp/ccal6mT6.s:102145  .debug_str:000000000003aff2 .LASF1691
     /tmp/ccal6mT6.s:92977  .debug_str:00000000000158b4 .LASF1692
     /tmp/ccal6mT6.s:96093  .debug_str:00000000000228dc .LASF1693
     /tmp/ccal6mT6.s:89005  .debug_str:0000000000005a6a .LASF1694
     /tmp/ccal6mT6.s:91333  .debug_str:000000000000f0dc .LASF1695
     /tmp/ccal6mT6.s:94589  .debug_str:000000000001c10b .LASF1696
     /tmp/ccal6mT6.s:99205  .debug_str:000000000002f1bd .LASF1697
     /tmp/ccal6mT6.s:105763  .debug_str:000000000004a2ba .LASF1698
     /tmp/ccal6mT6.s:104843  .debug_str:0000000000046284 .LASF1699
     /tmp/ccal6mT6.s:98561  .debug_str:000000000002c531 .LASF1700
     /tmp/ccal6mT6.s:104851  .debug_str:00000000000462ee .LASF1701
     /tmp/ccal6mT6.s:88747  .debug_str:0000000000004889 .LASF1702
     /tmp/ccal6mT6.s:101999  .debug_str:000000000003a630 .LASF1703
     /tmp/ccal6mT6.s:94401  .debug_str:000000000001b504 .LASF1704
     /tmp/ccal6mT6.s:106287  .debug_str:000000000004c756 .LASF1705
     /tmp/ccal6mT6.s:90137  .debug_str:000000000000a589 .LASF1706
     /tmp/ccal6mT6.s:102921  .debug_str:000000000003e2f6 .LASF1707
     /tmp/ccal6mT6.s:96183  .debug_str:0000000000022edb .LASF1708
     /tmp/ccal6mT6.s:100213  .debug_str:00000000000334f5 .LASF1709
     /tmp/ccal6mT6.s:105325  .debug_str:0000000000048321 .LASF1710
     /tmp/ccal6mT6.s:89823  .debug_str:0000000000009077 .LASF1711
     /tmp/ccal6mT6.s:100205  .debug_str:0000000000033453 .LASF1712
     /tmp/ccal6mT6.s:103993  .debug_str:0000000000042bce .LASF1713
     /tmp/ccal6mT6.s:90383  .debug_str:000000000000b78d .LASF1714
     /tmp/ccal6mT6.s:91967  .debug_str:0000000000011838 .LASF1715
     /tmp/ccal6mT6.s:91799  .debug_str:0000000000010c1b .LASF1716
     /tmp/ccal6mT6.s:105999  .debug_str:000000000004b4ba .LASF1717
     /tmp/ccal6mT6.s:101109  .debug_str:0000000000036e49 .LASF1718
     /tmp/ccal6mT6.s:89695  .debug_str:00000000000087c4 .LASF1719
     /tmp/ccal6mT6.s:104807  .debug_str:000000000004604c .LASF1720
     /tmp/ccal6mT6.s:104019  .debug_str:0000000000042d50 .LASF1721
     /tmp/ccal6mT6.s:95199  .debug_str:000000000001eb2b .LASF1722
     /tmp/ccal6mT6.s:102497  .debug_str:000000000003c805 .LASF1723
     /tmp/ccal6mT6.s:102295  .debug_str:000000000003ba1d .LASF1724
     /tmp/ccal6mT6.s:97953  .debug_str:0000000000029e8a .LASF1725
     /tmp/ccal6mT6.s:92577  .debug_str:0000000000013f4b .LASF1726
     /tmp/ccal6mT6.s:90433  .debug_str:000000000000bac3 .LASF1727
     /tmp/ccal6mT6.s:94087  .debug_str:000000000001a249 .LASF1728
     /tmp/ccal6mT6.s:104585  .debug_str:0000000000045152 .LASF1729
     /tmp/ccal6mT6.s:103291  .debug_str:000000000003fceb .LASF1730
     /tmp/ccal6mT6.s:88331  .debug_str:0000000000002bf2 .LASF1731
     /tmp/ccal6mT6.s:88185  .debug_str:00000000000021b1 .LASF1732
     /tmp/ccal6mT6.s:87817  .debug_str:0000000000000873 .LASF1733
     /tmp/ccal6mT6.s:97481  .debug_str:0000000000027f8e .LASF1734
     /tmp/ccal6mT6.s:100169  .debug_str:00000000000331e2 .LASF1735
     /tmp/ccal6mT6.s:103113  .debug_str:000000000003f035 .LASF1736
     /tmp/ccal6mT6.s:93535  .debug_str:0000000000017db6 .LASF1737
     /tmp/ccal6mT6.s:102017  .debug_str:000000000003a733 .LASF1738
     /tmp/ccal6mT6.s:97513  .debug_str:000000000002823b .LASF1739
     /tmp/ccal6mT6.s:103999  .debug_str:0000000000042c2c .LASF1740
     /tmp/ccal6mT6.s:102197  .debug_str:000000000003b384 .LASF1741
     /tmp/ccal6mT6.s:96007  .debug_str:00000000000222bb .LASF1742
     /tmp/ccal6mT6.s:98717  .debug_str:000000000002cfe3 .LASF1743
     /tmp/ccal6mT6.s:102457  .debug_str:000000000003c5b3 .LASF1744
     /tmp/ccal6mT6.s:93525  .debug_str:0000000000017cf1 .LASF1745
     /tmp/ccal6mT6.s:100115  .debug_str:0000000000032e1f .LASF1746
     /tmp/ccal6mT6.s:103671  .debug_str:00000000000416c2 .LASF1747
     /tmp/ccal6mT6.s:102069  .debug_str:000000000003aaf2 .LASF1748
     /tmp/ccal6mT6.s:93809  .debug_str:0000000000019019 .LASF1749
     /tmp/ccal6mT6.s:99859  .debug_str:0000000000031d53 .LASF1750
     /tmp/ccal6mT6.s:88025  .debug_str:0000000000001619 .LASF1751
     /tmp/ccal6mT6.s:89501  .debug_str:0000000000007ab0 .LASF1752
     /tmp/ccal6mT6.s:89953  .debug_str:000000000000992e .LASF1753
     /tmp/ccal6mT6.s:97101  .debug_str:000000000002672a .LASF1754
     /tmp/ccal6mT6.s:102177  .debug_str:000000000003b20c .LASF1755
     /tmp/ccal6mT6.s:95371  .debug_str:000000000001f8c9 .LASF1756
     /tmp/ccal6mT6.s:92067  .debug_str:0000000000011ebf .LASF1757
     /tmp/ccal6mT6.s:101599  .debug_str:0000000000038a9a .LASF1758
     /tmp/ccal6mT6.s:100793  .debug_str:0000000000035bbc .LASF1759
     /tmp/ccal6mT6.s:105401  .debug_str:000000000004891a .LASF1760
     /tmp/ccal6mT6.s:95819  .debug_str:00000000000215f0 .LASF1761
     /tmp/ccal6mT6.s:101331  .debug_str:0000000000037a9b .LASF1762
     /tmp/ccal6mT6.s:105993  .debug_str:000000000004b42a .LASF1763
     /tmp/ccal6mT6.s:99129  .debug_str:000000000002ec16 .LASF1764
     /tmp/ccal6mT6.s:100125  .debug_str:0000000000032ecb .LASF1765
     /tmp/ccal6mT6.s:97087  .debug_str:00000000000265e5 .LASF1766
     /tmp/ccal6mT6.s:94239  .debug_str:000000000001aab1 .LASF1767
     /tmp/ccal6mT6.s:105795  .debug_str:000000000004a512 .LASF1768
     /tmp/ccal6mT6.s:103391  .debug_str:00000000000403e0 .LASF1769
     /tmp/ccal6mT6.s:98325  .debug_str:000000000002b647 .LASF1770
     /tmp/ccal6mT6.s:96687  .debug_str:0000000000024ae0 .LASF1771
     /tmp/ccal6mT6.s:94381  .debug_str:000000000001b3f9 .LASF1772
     /tmp/ccal6mT6.s:101993  .debug_str:000000000003a5ba .LASF1773
     /tmp/ccal6mT6.s:90541  .debug_str:000000000000c1b2 .LASF1774
     /tmp/ccal6mT6.s:89701  .debug_str:0000000000008829 .LASF1775
     /tmp/ccal6mT6.s:100323  .debug_str:0000000000033ca3 .LASF1776
     /tmp/ccal6mT6.s:90837  .debug_str:000000000000d48b .LASF1777
     /tmp/ccal6mT6.s:103395  .debug_str:000000000004045c .LASF1778
     /tmp/ccal6mT6.s:106357  .debug_str:000000000004cc46 .LASF1779
     /tmp/ccal6mT6.s:96179  .debug_str:0000000000022e89 .LASF1780
     /tmp/ccal6mT6.s:103219  .debug_str:000000000003f806 .LASF1781
     /tmp/ccal6mT6.s:99193  .debug_str:000000000002f0fd .LASF1782
     /tmp/ccal6mT6.s:91201  .debug_str:000000000000e97e .LASF1783
     /tmp/ccal6mT6.s:97687  .debug_str:0000000000028de2 .LASF1784
     /tmp/ccal6mT6.s:88207  .debug_str:00000000000022ff .LASF1785
     /tmp/ccal6mT6.s:89053  .debug_str:0000000000005d3f .LASF1786
     /tmp/ccal6mT6.s:88865  .debug_str:0000000000005051 .LASF1787
     /tmp/ccal6mT6.s:99527  .debug_str:00000000000305d9 .LASF1788
     /tmp/ccal6mT6.s:96777  .debug_str:00000000000250d2 .LASF1789
     /tmp/ccal6mT6.s:106065  .debug_str:000000000004b911 .LASF1790
     /tmp/ccal6mT6.s:99347  .debug_str:000000000002fa92 .LASF1791
     /tmp/ccal6mT6.s:91595  .debug_str:000000000000ffe7 .LASF1792
     /tmp/ccal6mT6.s:87771  .debug_str:0000000000000562 .LASF1793
     /tmp/ccal6mT6.s:91751  .debug_str:00000000000109ae .LASF1794
     /tmp/ccal6mT6.s:93819  .debug_str:000000000001907c .LASF1795
     /tmp/ccal6mT6.s:106229  .debug_str:000000000004c406 .LASF1796
     /tmp/ccal6mT6.s:97955  .debug_str:0000000000029eab .LASF1797
     /tmp/ccal6mT6.s:87711  .debug_str:0000000000000116 .LASF1798
     /tmp/ccal6mT6.s:95929  .debug_str:0000000000021da5 .LASF1799
     /tmp/ccal6mT6.s:105747  .debug_str:000000000004a134 .LASF1800
     /tmp/ccal6mT6.s:94897  .debug_str:000000000001d662 .LASF1801
     /tmp/ccal6mT6.s:100005  .debug_str:00000000000326fb .LASF1802
     /tmp/ccal6mT6.s:105253  .debug_str:0000000000047e95 .LASF1803
     /tmp/ccal6mT6.s:98221  .debug_str:000000000002b00f .LASF1804
     /tmp/ccal6mT6.s:89475  .debug_str:000000000000793c .LASF1805
     /tmp/ccal6mT6.s:94311  .debug_str:000000000001afa9 .LASF1806
     /tmp/ccal6mT6.s:101977  .debug_str:000000000003a45e .LASF1807
     /tmp/ccal6mT6.s:89397  .debug_str:0000000000007491 .LASF1808
     /tmp/ccal6mT6.s:99703  .debug_str:00000000000312bf .LASF1809
     /tmp/ccal6mT6.s:103457  .debug_str:0000000000040789 .LASF1810
     /tmp/ccal6mT6.s:90375  .debug_str:000000000000b73c .LASF1811
     /tmp/ccal6mT6.s:88977  .debug_str:00000000000058a3 .LASF1812
     /tmp/ccal6mT6.s:102813  .debug_str:000000000003dc75 .LASF1813
     /tmp/ccal6mT6.s:102019  .debug_str:000000000003a757 .LASF1814
     /tmp/ccal6mT6.s:98999  .debug_str:000000000002e327 .LASF1815
     /tmp/ccal6mT6.s:89455  .debug_str:0000000000007859 .LASF1816
     /tmp/ccal6mT6.s:100531  .debug_str:0000000000034a7d .LASF1817
     /tmp/ccal6mT6.s:104207  .debug_str:00000000000438f0 .LASF1818
     /tmp/ccal6mT6.s:88467  .debug_str:00000000000034d4 .LASF1819
     /tmp/ccal6mT6.s:102213  .debug_str:000000000003b4a5 .LASF1820
     /tmp/ccal6mT6.s:101507  .debug_str:00000000000383d0 .LASF1821
     /tmp/ccal6mT6.s:100187  .debug_str:00000000000332fc .LASF1822
     /tmp/ccal6mT6.s:95501  .debug_str:000000000002012a .LASF1823
     /tmp/ccal6mT6.s:100717  .debug_str:0000000000035711 .LASF1824
     /tmp/ccal6mT6.s:92961  .debug_str:000000000001575d .LASF1825
     /tmp/ccal6mT6.s:93031  .debug_str:0000000000015c2a .LASF1826
     /tmp/ccal6mT6.s:103685  .debug_str:00000000000417a4 .LASF1827
     /tmp/ccal6mT6.s:89291  .debug_str:0000000000006db7 .LASF1828
     /tmp/ccal6mT6.s:92193  .debug_str:000000000001278e .LASF1829
     /tmp/ccal6mT6.s:88705  .debug_str:0000000000004554 .LASF1830
     /tmp/ccal6mT6.s:98477  .debug_str:000000000002bf41 .LASF1831
     /tmp/ccal6mT6.s:101957  .debug_str:000000000003a306 .LASF1832
     /tmp/ccal6mT6.s:104051  .debug_str:0000000000042f48 .LASF1833
     /tmp/ccal6mT6.s:100527  .debug_str:0000000000034a55 .LASF1834
     /tmp/ccal6mT6.s:95341  .debug_str:000000000001f700 .LASF1835
     /tmp/ccal6mT6.s:102045  .debug_str:000000000003a906 .LASF1836
     /tmp/ccal6mT6.s:91941  .debug_str:000000000001161e .LASF1837
     /tmp/ccal6mT6.s:103555  .debug_str:0000000000040e2a .LASF1838
     /tmp/ccal6mT6.s:98003  .debug_str:000000000002a21f .LASF1839
     /tmp/ccal6mT6.s:94577  .debug_str:000000000001c03f .LASF1840
     /tmp/ccal6mT6.s:94877  .debug_str:000000000001d53f .LASF1841
     /tmp/ccal6mT6.s:92189  .debug_str:0000000000012738 .LASF1842
     /tmp/ccal6mT6.s:95469  .debug_str:000000000001feab .LASF1843
     /tmp/ccal6mT6.s:96209  .debug_str:00000000000230c0 .LASF1844
     /tmp/ccal6mT6.s:103665  .debug_str:000000000004165b .LASF1845
     /tmp/ccal6mT6.s:91289  .debug_str:000000000000eda8 .LASF1846
     /tmp/ccal6mT6.s:93979  .debug_str:0000000000019b41 .LASF1847
     /tmp/ccal6mT6.s:95087  .debug_str:000000000001e3dd .LASF1848
     /tmp/ccal6mT6.s:96095  .debug_str:0000000000022904 .LASF1849
     /tmp/ccal6mT6.s:96105  .debug_str:00000000000229bd .LASF1850
     /tmp/ccal6mT6.s:97145  .debug_str:00000000000269c8 .LASF1851
     /tmp/ccal6mT6.s:98887  .debug_str:000000000002dbe0 .LASF1852
     /tmp/ccal6mT6.s:90443  .debug_str:000000000000bb40 .LASF1853
     /tmp/ccal6mT6.s:97485  .debug_str:0000000000027fe4 .LASF1854
     /tmp/ccal6mT6.s:92643  .debug_str:000000000001430e .LASF1855
     /tmp/ccal6mT6.s:98533  .debug_str:000000000002c369 .LASF1856
     /tmp/ccal6mT6.s:96243  .debug_str:0000000000023369 .LASF1857
     /tmp/ccal6mT6.s:105845  .debug_str:000000000004a805 .LASF1858
     /tmp/ccal6mT6.s:98395  .debug_str:000000000002ba4b .LASF1859
     /tmp/ccal6mT6.s:104919  .debug_str:00000000000467d2 .LASF1860
     /tmp/ccal6mT6.s:102493  .debug_str:000000000003c7d8 .LASF1861
     /tmp/ccal6mT6.s:93075  .debug_str:0000000000015f8d .LASF1862
     /tmp/ccal6mT6.s:90051  .debug_str:0000000000009ffc .LASF1863
     /tmp/ccal6mT6.s:95257  .debug_str:000000000001f010 .LASF1864
     /tmp/ccal6mT6.s:96157  .debug_str:0000000000022ce4 .LASF1865
     /tmp/ccal6mT6.s:104377  .debug_str:0000000000044367 .LASF1866
     /tmp/ccal6mT6.s:102345  .debug_str:000000000003bd9f .LASF1867
     /tmp/ccal6mT6.s:100539  .debug_str:0000000000034ae9 .LASF1868
     /tmp/ccal6mT6.s:89457  .debug_str:0000000000007885 .LASF1869
     /tmp/ccal6mT6.s:99745  .debug_str:0000000000031566 .LASF1870
     /tmp/ccal6mT6.s:95603  .debug_str:0000000000020880 .LASF1871
     /tmp/ccal6mT6.s:102737  .debug_str:000000000003d7a1 .LASF1872
     /tmp/ccal6mT6.s:93877  .debug_str:0000000000019449 .LASF1873
     /tmp/ccal6mT6.s:96741  .debug_str:0000000000024e7a .LASF1874
     /tmp/ccal6mT6.s:92431  .debug_str:0000000000013672 .LASF1875
     /tmp/ccal6mT6.s:90549  .debug_str:000000000000c26d .LASF1876
     /tmp/ccal6mT6.s:91665  .debug_str:0000000000010435 .LASF1877
     /tmp/ccal6mT6.s:105287  .debug_str:00000000000480a7 .LASF1878
     /tmp/ccal6mT6.s:90351  .debug_str:000000000000b593 .LASF1879
     /tmp/ccal6mT6.s:97447  .debug_str:0000000000027e40 .LASF1880
     /tmp/ccal6mT6.s:88951  .debug_str:00000000000056f4 .LASF1881
     /tmp/ccal6mT6.s:87943  .debug_str:00000000000010b9 .LASF1882
     /tmp/ccal6mT6.s:90719  .debug_str:000000000000cd74 .LASF1883
     /tmp/ccal6mT6.s:93889  .debug_str:000000000001950f .LASF1884
     /tmp/ccal6mT6.s:105937  .debug_str:000000000004af4e .LASF1885
     /tmp/ccal6mT6.s:92143  .debug_str:0000000000012414 .LASF1886
     /tmp/ccal6mT6.s:102165  .debug_str:000000000003b12b .LASF1887
     /tmp/ccal6mT6.s:106041  .debug_str:000000000004b795 .LASF1888
     /tmp/ccal6mT6.s:98469  .debug_str:000000000002bed7 .LASF1889
     /tmp/ccal6mT6.s:93267  .debug_str:0000000000016cb5 .LASF1890
     /tmp/ccal6mT6.s:94531  .debug_str:000000000001bd8e .LASF1891
     /tmp/ccal6mT6.s:99353  .debug_str:000000000002faed .LASF1892
     /tmp/ccal6mT6.s:104075  .debug_str:00000000000430c6 .LASF1893
     /tmp/ccal6mT6.s:106503  .debug_str:000000000004d671 .LASF1894
     /tmp/ccal6mT6.s:98093  .debug_str:000000000002a77a .LASF1895
     /tmp/ccal6mT6.s:104575  .debug_str:00000000000450c6 .LASF1896
     /tmp/ccal6mT6.s:91935  .debug_str:00000000000115bb .LASF1897
     /tmp/ccal6mT6.s:103855  .debug_str:00000000000422b0 .LASF1898
     /tmp/ccal6mT6.s:104747  .debug_str:0000000000045c6d .LASF1899
     /tmp/ccal6mT6.s:104853  .debug_str:000000000004630d .LASF1900
     /tmp/ccal6mT6.s:98791  .debug_str:000000000002d538 .LASF1901
     /tmp/ccal6mT6.s:101229  .debug_str:00000000000374dc .LASF1902
     /tmp/ccal6mT6.s:91087  .debug_str:000000000000e377 .LASF1903
     /tmp/ccal6mT6.s:90737  .debug_str:000000000000ce90 .LASF1904
     /tmp/ccal6mT6.s:100685  .debug_str:000000000003548a .LASF1905
     /tmp/ccal6mT6.s:95935  .debug_str:0000000000021e05 .LASF1906
     /tmp/ccal6mT6.s:91143  .debug_str:000000000000e55f .LASF1907
     /tmp/ccal6mT6.s:101197  .debug_str:000000000003727a .LASF1908
     /tmp/ccal6mT6.s:100741  .debug_str:0000000000035892 .LASF1909
     /tmp/ccal6mT6.s:103215  .debug_str:000000000003f7b2 .LASF1910
     /tmp/ccal6mT6.s:91215  .debug_str:000000000000e9d2 .LASF1911
     /tmp/ccal6mT6.s:92629  .debug_str:000000000001422e .LASF1912
     /tmp/ccal6mT6.s:90021  .debug_str:0000000000009d3e .LASF1913
     /tmp/ccal6mT6.s:88259  .debug_str:00000000000026b1 .LASF1914
     /tmp/ccal6mT6.s:102135  .debug_str:000000000003af15 .LASF1915
     /tmp/ccal6mT6.s:98695  .debug_str:000000000002ce6e .LASF1916
     /tmp/ccal6mT6.s:93251  .debug_str:0000000000016ba2 .LASF1917
     /tmp/ccal6mT6.s:88949  .debug_str:00000000000056d3 .LASF1918
     /tmp/ccal6mT6.s:103551  .debug_str:0000000000040de1 .LASF1919
     /tmp/ccal6mT6.s:89147  .debug_str:0000000000006353 .LASF1920
     /tmp/ccal6mT6.s:87973  .debug_str:00000000000012ad .LASF1921
     /tmp/ccal6mT6.s:106011  .debug_str:000000000004b5a5 .LASF1922
     /tmp/ccal6mT6.s:98149  .debug_str:000000000002ab22 .LASF1923
     /tmp/ccal6mT6.s:99471  .debug_str:000000000003027e .LASF1924
     /tmp/ccal6mT6.s:96197  .debug_str:0000000000022fe5 .LASF1925
     /tmp/ccal6mT6.s:98457  .debug_str:000000000002bdf6 .LASF1926
     /tmp/ccal6mT6.s:104021  .debug_str:0000000000042d72 .LASF1927
     /tmp/ccal6mT6.s:92873  .debug_str:0000000000015282 .LASF1928
     /tmp/ccal6mT6.s:106155  .debug_str:000000000004bf3d .LASF1929
     /tmp/ccal6mT6.s:92021  .debug_str:0000000000011bb7 .LASF1930
     /tmp/ccal6mT6.s:92815  .debug_str:0000000000014ea7 .LASF1931
     /tmp/ccal6mT6.s:104373  .debug_str:000000000004433c .LASF1932
     /tmp/ccal6mT6.s:96779  .debug_str:00000000000250fe .LASF1933
     /tmp/ccal6mT6.s:95875  .debug_str:00000000000219f1 .LASF1934
     /tmp/ccal6mT6.s:88465  .debug_str:00000000000034a9 .LASF1935
     /tmp/ccal6mT6.s:106109  .debug_str:000000000004bc5a .LASF1936
     /tmp/ccal6mT6.s:98659  .debug_str:000000000002cbe3 .LASF1937
     /tmp/ccal6mT6.s:97847  .debug_str:00000000000297ea .LASF1938
     /tmp/ccal6mT6.s:89687  .debug_str:0000000000008732 .LASF1939
     /tmp/ccal6mT6.s:106427  .debug_str:000000000004d140 .LASF1940
     /tmp/ccal6mT6.s:91855  .debug_str:000000000001102f .LASF1941
     /tmp/ccal6mT6.s:106343  .debug_str:000000000004cada .LASF1942
     /tmp/ccal6mT6.s:100179  .debug_str:0000000000033286 .LASF1943
     /tmp/ccal6mT6.s:106139  .debug_str:000000000004be36 .LASF1944
     /tmp/ccal6mT6.s:97005  .debug_str:0000000000025ff5 .LASF1945
     /tmp/ccal6mT6.s:97433  .debug_str:0000000000027d6c .LASF1946
     /tmp/ccal6mT6.s:94313  .debug_str:000000000001afcf .LASF1947
     /tmp/ccal6mT6.s:91227  .debug_str:000000000000ea3e .LASF1948
     /tmp/ccal6mT6.s:87695  .debug_str:0000000000000000 .LASF1949
     /tmp/ccal6mT6.s:92233  .debug_str:0000000000012a87 .LASF1950
     /tmp/ccal6mT6.s:98105  .debug_str:000000000002a873 .LASF1951
     /tmp/ccal6mT6.s:102353  .debug_str:000000000003be18 .LASF1952
     /tmp/ccal6mT6.s:104723  .debug_str:0000000000045b1c .LASF1953
     /tmp/ccal6mT6.s:92619  .debug_str:0000000000014167 .LASF1954
     /tmp/ccal6mT6.s:93411  .debug_str:0000000000017647 .LASF1955
     /tmp/ccal6mT6.s:102009  .debug_str:000000000003a6dc .LASF1956
     /tmp/ccal6mT6.s:91343  .debug_str:000000000000f186 .LASF1957
     /tmp/ccal6mT6.s:91715  .debug_str:000000000001070b .LASF1958
     /tmp/ccal6mT6.s:97409  .debug_str:0000000000027c0e .LASF1959
     /tmp/ccal6mT6.s:99323  .debug_str:000000000002f91a .LASF1960
     /tmp/ccal6mT6.s:95637  .debug_str:0000000000020b31 .LASF1961
     /tmp/ccal6mT6.s:92191  .debug_str:0000000000012764 .LASF1962
     /tmp/ccal6mT6.s:105869  .debug_str:000000000004a958 .LASF1963
     /tmp/ccal6mT6.s:88915  .debug_str:000000000000543a .LASF1964
     /tmp/ccal6mT6.s:91155  .debug_str:000000000000e620 .LASF1965
     /tmp/ccal6mT6.s:99121  .debug_str:000000000002eb5b .LASF1966
     /tmp/ccal6mT6.s:88913  .debug_str:0000000000005418 .LASF1967
     /tmp/ccal6mT6.s:90163  .debug_str:000000000000a764 .LASF1968
     /tmp/ccal6mT6.s:102235  .debug_str:000000000003b5ea .LASF1969
     /tmp/ccal6mT6.s:91613  .debug_str:000000000001005b .LASF1970
     /tmp/ccal6mT6.s:104755  .debug_str:0000000000045d02 .LASF1971
     /tmp/ccal6mT6.s:103013  .debug_str:000000000003e904 .LASF1972
     /tmp/ccal6mT6.s:106089  .debug_str:000000000004bac8 .LASF1973
     /tmp/ccal6mT6.s:94669  .debug_str:000000000001c665 .LASF1974
     /tmp/ccal6mT6.s:97393  .debug_str:0000000000027ab8 .LASF1975
     /tmp/ccal6mT6.s:88069  .debug_str:000000000000194f .LASF1976
     /tmp/ccal6mT6.s:98463  .debug_str:000000000002be63 .LASF1977
     /tmp/ccal6mT6.s:104119  .debug_str:0000000000043387 .LASF1978
     /tmp/ccal6mT6.s:92047  .debug_str:0000000000011d80 .LASF1979
     /tmp/ccal6mT6.s:95613  .debug_str:0000000000020930 .LASF1980
     /tmp/ccal6mT6.s:102181  .debug_str:000000000003b295 .LASF1981
     /tmp/ccal6mT6.s:96275  .debug_str:0000000000023555 .LASF1982
     /tmp/ccal6mT6.s:93521  .debug_str:0000000000017cab .LASF1983
     /tmp/ccal6mT6.s:88169  .debug_str:0000000000002088 .LASF1984
     /tmp/ccal6mT6.s:104977  .debug_str:0000000000046bdc .LASF1985
     /tmp/ccal6mT6.s:88881  .debug_str:0000000000005172 .LASF1986
     /tmp/ccal6mT6.s:91315  .debug_str:000000000000ef2f .LASF1987
     /tmp/ccal6mT6.s:91027  .debug_str:000000000000e009 .LASF1988
     /tmp/ccal6mT6.s:96247  .debug_str:00000000000233a5 .LASF1989
     /tmp/ccal6mT6.s:101785  .debug_str:0000000000039740 .LASF1990
     /tmp/ccal6mT6.s:88741  .debug_str:0000000000004813 .LASF1991
     /tmp/ccal6mT6.s:93279  .debug_str:0000000000016d82 .LASF1992
     /tmp/ccal6mT6.s:99477  .debug_str:00000000000302da .LASF1993
     /tmp/ccal6mT6.s:103629  .debug_str:00000000000413a9 .LASF1994
     /tmp/ccal6mT6.s:90537  .debug_str:000000000000c153 .LASF1995
     /tmp/ccal6mT6.s:95105  .debug_str:000000000001e539 .LASF1996
     /tmp/ccal6mT6.s:100755  .debug_str:0000000000035952 .LASF1997
     /tmp/ccal6mT6.s:97841  .debug_str:000000000002976f .LASF1998
     /tmp/ccal6mT6.s:89029  .debug_str:0000000000005b8d .LASF1999
     /tmp/ccal6mT6.s:105975  .debug_str:000000000004b2c7 .LASF2000
     /tmp/ccal6mT6.s:101505  .debug_str:00000000000383ae .LASF2001
     /tmp/ccal6mT6.s:90293  .debug_str:000000000000b100 .LASF2002
     /tmp/ccal6mT6.s:90251  .debug_str:000000000000adc6 .LASF2003
     /tmp/ccal6mT6.s:101535  .debug_str:000000000003863f .LASF2004
     /tmp/ccal6mT6.s:98611  .debug_str:000000000002c88f .LASF2005
     /tmp/ccal6mT6.s:100019  .debug_str:000000000003280c .LASF2006
     /tmp/ccal6mT6.s:97293  .debug_str:00000000000273a1 .LASF2007
     /tmp/ccal6mT6.s:104847  .debug_str:00000000000462bb .LASF2008
     /tmp/ccal6mT6.s:103145  .debug_str:000000000003f2c7 .LASF2009
     /tmp/ccal6mT6.s:99891  .debug_str:0000000000031f8c .LASF2010
     /tmp/ccal6mT6.s:93515  .debug_str:0000000000017c6c .LASF2011
     /tmp/ccal6mT6.s:88649  .debug_str:0000000000004232 .LASF2012
     /tmp/ccal6mT6.s:92497  .debug_str:0000000000013a98 .LASF2013
     /tmp/ccal6mT6.s:101631  .debug_str:0000000000038d0a .LASF2014
     /tmp/ccal6mT6.s:90991  .debug_str:000000000000de82 .LASF2015
     /tmp/ccal6mT6.s:104097  .debug_str:0000000000043201 .LASF2016
     /tmp/ccal6mT6.s:92211  .debug_str:0000000000012954 .LASF2017
     /tmp/ccal6mT6.s:99241  .debug_str:000000000002f423 .LASF2018
     /tmp/ccal6mT6.s:98821  .debug_str:000000000002d69c .LASF2019
     /tmp/ccal6mT6.s:93091  .debug_str:000000000001606d .LASF2020
     /tmp/ccal6mT6.s:99029  .debug_str:000000000002e560 .LASF2021
     /tmp/ccal6mT6.s:105901  .debug_str:000000000004ac41 .LASF2022
     /tmp/ccal6mT6.s:96191  .debug_str:0000000000022f71 .LASF2023
     /tmp/ccal6mT6.s:99959  .debug_str:00000000000323f6 .LASF2024
     /tmp/ccal6mT6.s:95521  .debug_str:000000000002027b .LASF2025
     /tmp/ccal6mT6.s:93805  .debug_str:0000000000018fb1 .LASF2026
     /tmp/ccal6mT6.s:93997  .debug_str:0000000000019cf2 .LASF2027
     /tmp/ccal6mT6.s:97793  .debug_str:00000000000293fe .LASF2028
     /tmp/ccal6mT6.s:99915  .debug_str:0000000000032138 .LASF2029
     /tmp/ccal6mT6.s:90229  .debug_str:000000000000abda .LASF2030
     /tmp/ccal6mT6.s:102415  .debug_str:000000000003c2c2 .LASF2031
     /tmp/ccal6mT6.s:104765  .debug_str:0000000000045d95 .LASF2032
     /tmp/ccal6mT6.s:90861  .debug_str:000000000000d5f8 .LASF2033
     /tmp/ccal6mT6.s:99499  .debug_str:0000000000030407 .LASF2034
     /tmp/ccal6mT6.s:101395  .debug_str:0000000000037de2 .LASF2035
     /tmp/ccal6mT6.s:90763  .debug_str:000000000000d074 .LASF2036
     /tmp/ccal6mT6.s:92727  .debug_str:00000000000148bc .LASF2037
     /tmp/ccal6mT6.s:101283  .debug_str:0000000000037754 .LASF2038
     /tmp/ccal6mT6.s:105037  .debug_str:00000000000470d8 .LASF2039
     /tmp/ccal6mT6.s:93145  .debug_str:00000000000163aa .LASF2040
     /tmp/ccal6mT6.s:102447  .debug_str:000000000003c503 .LASF2041
     /tmp/ccal6mT6.s:97231  .debug_str:0000000000026f15 .LASF2042
     /tmp/ccal6mT6.s:99613  .debug_str:0000000000030c72 .LASF2043
     /tmp/ccal6mT6.s:87737  .debug_str:00000000000002e0 .LASF2044
     /tmp/ccal6mT6.s:99383  .debug_str:000000000002fc99 .LASF2045
     /tmp/ccal6mT6.s:97415  .debug_str:0000000000027c5e .LASF2046
     /tmp/ccal6mT6.s:95743  .debug_str:0000000000021170 .LASF2047
     /tmp/ccal6mT6.s:88449  .debug_str:00000000000033a4 .LASF2048
     /tmp/ccal6mT6.s:101733  .debug_str:0000000000039372 .LASF2049
     /tmp/ccal6mT6.s:89281  .debug_str:0000000000006d02 .LASF2050
     /tmp/ccal6mT6.s:104457  .debug_str:0000000000044982 .LASF2051
     /tmp/ccal6mT6.s:99719  .debug_str:00000000000313aa .LASF2052
     /tmp/ccal6mT6.s:95947  .debug_str:0000000000021ebc .LASF2053
     /tmp/ccal6mT6.s:97627  .debug_str:00000000000289c5 .LASF2054
     /tmp/ccal6mT6.s:90809  .debug_str:000000000000d360 .LASF2055
     /tmp/ccal6mT6.s:88963  .debug_str:00000000000057ec .LASF2056
     /tmp/ccal6mT6.s:101867  .debug_str:0000000000039c78 .LASF2057
     /tmp/ccal6mT6.s:106219  .debug_str:000000000004c357 .LASF2058
     /tmp/ccal6mT6.s:94139  .debug_str:000000000001a4ea .LASF2059
     /tmp/ccal6mT6.s:89753  .debug_str:0000000000008be5 .LASF2060
     /tmp/ccal6mT6.s:103571  .debug_str:0000000000040f98 .LASF2061
     /tmp/ccal6mT6.s:98001  .debug_str:000000000002a208 .LASF2062
     /tmp/ccal6mT6.s:91439  .debug_str:000000000000f776 .LASF2063
     /tmp/ccal6mT6.s:91417  .debug_str:000000000000f61f .LASF2064
     /tmp/ccal6mT6.s:101905  .debug_str:0000000000039f0a .LASF2065
     /tmp/ccal6mT6.s:101881  .debug_str:0000000000039d4d .LASF2066
     /tmp/ccal6mT6.s:93419  .debug_str:00000000000176e6 .LASF2067
     /tmp/ccal6mT6.s:93215  .debug_str:00000000000168ef .LASF2068
     /tmp/ccal6mT6.s:103769  .debug_str:0000000000041cd3 .LASF2069
     /tmp/ccal6mT6.s:104103  .debug_str:0000000000043272 .LASF2070
     /tmp/ccal6mT6.s:94659  .debug_str:000000000001c59b .LASF2071
     /tmp/ccal6mT6.s:97509  .debug_str:0000000000028200 .LASF2072
     /tmp/ccal6mT6.s:89899  .debug_str:000000000000964a .LASF2073
     /tmp/ccal6mT6.s:88005  .debug_str:00000000000014a4 .LASF2074
     /tmp/ccal6mT6.s:100423  .debug_str:00000000000343c7 .LASF2075
     /tmp/ccal6mT6.s:90797  .debug_str:000000000000d296 .LASF2076
     /tmp/ccal6mT6.s:95807  .debug_str:000000000002152a .LASF2077
     /tmp/ccal6mT6.s:100953  .debug_str:0000000000036571 .LASF2078
     /tmp/ccal6mT6.s:94073  .debug_str:000000000001a153 .LASF2079
     /tmp/ccal6mT6.s:94249  .debug_str:000000000001ab91 .LASF2080
     /tmp/ccal6mT6.s:98181  .debug_str:000000000002ad27 .LASF2081
     /tmp/ccal6mT6.s:104535  .debug_str:0000000000044e45 .LASF2082
     /tmp/ccal6mT6.s:89895  .debug_str:000000000000960c .LASF2083
     /tmp/ccal6mT6.s:96029  .debug_str:000000000002249f .LASF2084
     /tmp/ccal6mT6.s:96667  .debug_str:000000000002497b .LASF2085
     /tmp/ccal6mT6.s:106299  .debug_str:000000000004c838 .LASF2086
     /tmp/ccal6mT6.s:106371  .debug_str:000000000004cd6f .LASF2087
     /tmp/ccal6mT6.s:100565  .debug_str:0000000000034cd7 .LASF2088
     /tmp/ccal6mT6.s:91113  .debug_str:000000000000e44f .LASF2089
     /tmp/ccal6mT6.s:104591  .debug_str:00000000000451b3 .LASF2090
     /tmp/ccal6mT6.s:103199  .debug_str:000000000003f702 .LASF2091
     /tmp/ccal6mT6.s:101819  .debug_str:00000000000399e5 .LASF2092
     /tmp/ccal6mT6.s:93763  .debug_str:0000000000018cbb .LASF2093
     /tmp/ccal6mT6.s:105267  .debug_str:0000000000047fba .LASF2094
     /tmp/ccal6mT6.s:103761  .debug_str:0000000000041c60 .LASF2095
     /tmp/ccal6mT6.s:99085  .debug_str:000000000002e91a .LASF2096
     /tmp/ccal6mT6.s:96829  .debug_str:00000000000254b8 .LASF2097
     /tmp/ccal6mT6.s:105399  .debug_str:00000000000488f7 .LASF2098
     /tmp/ccal6mT6.s:88225  .debug_str:000000000000241b .LASF2099
     /tmp/ccal6mT6.s:96939  .debug_str:0000000000025c59 .LASF2100
     /tmp/ccal6mT6.s:93911  .debug_str:00000000000196db .LASF2101
     /tmp/ccal6mT6.s:88323  .debug_str:0000000000002b50 .LASF2102
     /tmp/ccal6mT6.s:90087  .debug_str:000000000000a25f .LASF2103
     /tmp/ccal6mT6.s:99335  .debug_str:000000000002f9cb .LASF2104
     /tmp/ccal6mT6.s:106377  .debug_str:000000000004cdeb .LASF2105
     /tmp/ccal6mT6.s:90011  .debug_str:0000000000009cee .LASF2106
     /tmp/ccal6mT6.s:97325  .debug_str:00000000000275d3 .LASF2107
     /tmp/ccal6mT6.s:99615  .debug_str:0000000000030c8d .LASF2108
     /tmp/ccal6mT6.s:97031  .debug_str:00000000000261ab .LASF2109
     /tmp/ccal6mT6.s:91041  .debug_str:000000000000e100 .LASF2110
     /tmp/ccal6mT6.s:92317  .debug_str:0000000000012f8f .LASF2111
     /tmp/ccal6mT6.s:100151  .debug_str:000000000003311d .LASF2112
     /tmp/ccal6mT6.s:105291  .debug_str:00000000000480da .LASF2113
     /tmp/ccal6mT6.s:93983  .debug_str:0000000000019ba6 .LASF2114
     /tmp/ccal6mT6.s:94649  .debug_str:000000000001c4cc .LASF2115
     /tmp/ccal6mT6.s:103251  .debug_str:000000000003fa01 .LASF2116
     /tmp/ccal6mT6.s:97657  .debug_str:0000000000028bb6 .LASF2117
     /tmp/ccal6mT6.s:98077  .debug_str:000000000002a678 .LASF2118
     /tmp/ccal6mT6.s:88065  .debug_str:0000000000001912 .LASF2119
     /tmp/ccal6mT6.s:95367  .debug_str:000000000001f872 .LASF2120
     /tmp/ccal6mT6.s:91441  .debug_str:000000000000f791 .LASF2121
     /tmp/ccal6mT6.s:92907  .debug_str:0000000000015410 .LASF2122
     /tmp/ccal6mT6.s:100911  .debug_str:0000000000036389 .LASF2123
     /tmp/ccal6mT6.s:93121  .debug_str:0000000000016239 .LASF2124
     /tmp/ccal6mT6.s:100011  .debug_str:0000000000032799 .LASF2125
     /tmp/ccal6mT6.s:99695  .debug_str:0000000000031237 .LASF2126
     /tmp/ccal6mT6.s:100191  .debug_str:000000000003334e .LASF2127
     /tmp/ccal6mT6.s:105695  .debug_str:0000000000049d80 .LASF2128
     /tmp/ccal6mT6.s:91265  .debug_str:000000000000eca4 .LASF2129
     /tmp/ccal6mT6.s:97247  .debug_str:0000000000027024 .LASF2130
     /tmp/ccal6mT6.s:101533  .debug_str:0000000000038618 .LASF2131
     /tmp/ccal6mT6.s:89119  .debug_str:000000000000614c .LASF2132
     /tmp/ccal6mT6.s:104985  .debug_str:0000000000046c9a .LASF2133
     /tmp/ccal6mT6.s:93383  .debug_str:000000000001744d .LASF2134
     /tmp/ccal6mT6.s:102601  .debug_str:000000000003ce72 .LASF2135
     /tmp/ccal6mT6.s:91025  .debug_str:000000000000dfd8 .LASF2136
     /tmp/ccal6mT6.s:102501  .debug_str:000000000003c852 .LASF2137
     /tmp/ccal6mT6.s:90591  .debug_str:000000000000c55f .LASF2138
     /tmp/ccal6mT6.s:105215  .debug_str:0000000000047c14 .LASF2139
     /tmp/ccal6mT6.s:95465  .debug_str:000000000001fe5a .LASF2140
     /tmp/ccal6mT6.s:102777  .debug_str:000000000003da49 .LASF2141
     /tmp/ccal6mT6.s:105839  .debug_str:000000000004a7b3 .LASF2142
     /tmp/ccal6mT6.s:93987  .debug_str:0000000000019bea .LASF2143
     /tmp/ccal6mT6.s:97373  .debug_str:00000000000278fe .LASF2144
     /tmp/ccal6mT6.s:100699  .debug_str:000000000003555d .LASF2145
     /tmp/ccal6mT6.s:106031  .debug_str:000000000004b6f7 .LASF2146
     /tmp/ccal6mT6.s:95561  .debug_str:00000000000205a2 .LASF2147
     /tmp/ccal6mT6.s:101129  .debug_str:0000000000036f99 .LASF2148
     /tmp/ccal6mT6.s:105517  .debug_str:0000000000049170 .LASF2149
     /tmp/ccal6mT6.s:92645  .debug_str:0000000000014335 .LASF2150
     /tmp/ccal6mT6.s:96821  .debug_str:00000000000253e2 .LASF2151
     /tmp/ccal6mT6.s:102983  .debug_str:000000000003e6bd .LASF2152
     /tmp/ccal6mT6.s:87979  .debug_str:0000000000001321 .LASF2153
     /tmp/ccal6mT6.s:102035  .debug_str:000000000003a870 .LASF2154
     /tmp/ccal6mT6.s:96351  .debug_str:00000000000239c7 .LASF2155
     /tmp/ccal6mT6.s:89265  .debug_str:0000000000006c0e .LASF2156
     /tmp/ccal6mT6.s:104209  .debug_str:000000000004391c .LASF2157
     /tmp/ccal6mT6.s:90625  .debug_str:000000000000c73d .LASF2158
     /tmp/ccal6mT6.s:97213  .debug_str:0000000000026dd6 .LASF2159
     /tmp/ccal6mT6.s:98869  .debug_str:000000000002da5f .LASF2160
     /tmp/ccal6mT6.s:105669  .debug_str:0000000000049baa .LASF2161
     /tmp/ccal6mT6.s:104981  .debug_str:0000000000046c2a .LASF2162
     /tmp/ccal6mT6.s:105949  .debug_str:000000000004b04e .LASF2163
     /tmp/ccal6mT6.s:96315  .debug_str:0000000000023728 .LASF2164
     /tmp/ccal6mT6.s:98503  .debug_str:000000000002c175 .LASF2165
     /tmp/ccal6mT6.s:102337  .debug_str:000000000003bd11 .LASF2166
     /tmp/ccal6mT6.s:102889  .debug_str:000000000003e0f3 .LASF2167
     /tmp/ccal6mT6.s:102761  .debug_str:000000000003d90f .LASF2168
     /tmp/ccal6mT6.s:93529  .debug_str:0000000000017d37 .LASF2169
     /tmp/ccal6mT6.s:101783  .debug_str:0000000000039704 .LASF2170
     /tmp/ccal6mT6.s:88019  .debug_str:000000000000157a .LASF2171
     /tmp/ccal6mT6.s:96911  .debug_str:0000000000025a5a .LASF2172
     /tmp/ccal6mT6.s:97287  .debug_str:0000000000027318 .LASF2173
     /tmp/ccal6mT6.s:92207  .debug_str:00000000000128ed .LASF2174
     /tmp/ccal6mT6.s:106411  .debug_str:000000000004d035 .LASF2175
     /tmp/ccal6mT6.s:93967  .debug_str:0000000000019a2e .LASF2176
     /tmp/ccal6mT6.s:105647  .debug_str:0000000000049a10 .LASF2177
     /tmp/ccal6mT6.s:89139  .debug_str:00000000000062b1 .LASF2178
     /tmp/ccal6mT6.s:96063  .debug_str:00000000000226c4 .LASF2179
     /tmp/ccal6mT6.s:103375  .debug_str:000000000004027a .LASF2180
     /tmp/ccal6mT6.s:105189  .debug_str:0000000000047a6e .LASF2181
     /tmp/ccal6mT6.s:98697  .debug_str:000000000002ce90 .LASF2182
     /tmp/ccal6mT6.s:91627  .debug_str:000000000001014e .LASF2183
     /tmp/ccal6mT6.s:95725  .debug_str:0000000000020fe6 .LASF2184
     /tmp/ccal6mT6.s:93867  .debug_str:00000000000193aa .LASF2185
     /tmp/ccal6mT6.s:96881  .debug_str:0000000000025837 .LASF2186
     /tmp/ccal6mT6.s:90023  .debug_str:0000000000009d5d .LASF2187
     /tmp/ccal6mT6.s:102977  .debug_str:000000000003e63d .LASF2188
     /tmp/ccal6mT6.s:92187  .debug_str:00000000000126f3 .LASF2189
     /tmp/ccal6mT6.s:89249  .debug_str:0000000000006af1 .LASF2190
     /tmp/ccal6mT6.s:106367  .debug_str:000000000004cced .LASF2191
     /tmp/ccal6mT6.s:103753  .debug_str:0000000000041bc6 .LASF2192
     /tmp/ccal6mT6.s:106069  .debug_str:000000000004b960 .LASF2193
     /tmp/ccal6mT6.s:100993  .debug_str:0000000000036855 .LASF2194
     /tmp/ccal6mT6.s:88727  .debug_str:0000000000004721 .LASF2195
     /tmp/ccal6mT6.s:99731  .debug_str:0000000000031480 .LASF2196
     /tmp/ccal6mT6.s:100941  .debug_str:0000000000036490 .LASF2197
     /tmp/ccal6mT6.s:91963  .debug_str:00000000000117bf .LASF2198
     /tmp/ccal6mT6.s:90207  .debug_str:000000000000aa6c .LASF2199
     /tmp/ccal6mT6.s:104413  .debug_str:0000000000044637 .LASF2200
     /tmp/ccal6mT6.s:91769  .debug_str:0000000000010b02 .LASF2201
     /tmp/ccal6mT6.s:89453  .debug_str:0000000000007816 .LASF2202
     /tmp/ccal6mT6.s:102327  .debug_str:000000000003bc01 .LASF2203
     /tmp/ccal6mT6.s:99659  .debug_str:0000000000030f74 .LASF2204
     /tmp/ccal6mT6.s:93711  .debug_str:0000000000018943 .LASF2205
     /tmp/ccal6mT6.s:90695  .debug_str:000000000000cbd2 .LASF2206
     /tmp/ccal6mT6.s:95961  .debug_str:0000000000021fa2 .LASF2207
     /tmp/ccal6mT6.s:105717  .debug_str:0000000000049f0e .LASF2208
     /tmp/ccal6mT6.s:91323  .debug_str:000000000000efdd .LASF2209
     /tmp/ccal6mT6.s:97033  .debug_str:00000000000261c7 .LASF2210
     /tmp/ccal6mT6.s:88897  .debug_str:000000000000528c .LASF2211
     /tmp/ccal6mT6.s:88161  .debug_str:0000000000001fcd .LASF2212
     /tmp/ccal6mT6.s:89255  .debug_str:0000000000006b61 .LASF2213
     /tmp/ccal6mT6.s:98353  .debug_str:000000000002b7fd .LASF2214
     /tmp/ccal6mT6.s:88255  .debug_str:000000000000265e .LASF2215
     /tmp/ccal6mT6.s:106165  .debug_str:000000000004bffd .LASF2216
     /tmp/ccal6mT6.s:95363  .debug_str:000000000001f82f .LASF2217
     /tmp/ccal6mT6.s:88677  .debug_str:0000000000004378 .LASF2218
     /tmp/ccal6mT6.s:95863  .debug_str:0000000000021935 .LASF2219
     /tmp/ccal6mT6.s:88143  .debug_str:0000000000001e5b .LASF2220
     /tmp/ccal6mT6.s:104647  .debug_str:00000000000455fa .LASF2221
     /tmp/ccal6mT6.s:95143  .debug_str:000000000001e7f4 .LASF2222
     /tmp/ccal6mT6.s:92015  .debug_str:0000000000011b58 .LASF2223
     /tmp/ccal6mT6.s:95251  .debug_str:000000000001ef7c .LASF2224
     /tmp/ccal6mT6.s:102325  .debug_str:000000000003bbc8 .LASF2225
     /tmp/ccal6mT6.s:102059  .debug_str:000000000003aa29 .LASF2226
     /tmp/ccal6mT6.s:103757  .debug_str:0000000000041c09 .LASF2227
     /tmp/ccal6mT6.s:103771  .debug_str:0000000000041cee .LASF2228
     /tmp/ccal6mT6.s:97091  .debug_str:000000000002662a .LASF2229
     /tmp/ccal6mT6.s:98171  .debug_str:000000000002ac58 .LASF2230
     /tmp/ccal6mT6.s:87893  .debug_str:0000000000000d28 .LASF2231
     /tmp/ccal6mT6.s:97995  .debug_str:000000000002a171 .LASF2232
     /tmp/ccal6mT6.s:102047  .debug_str:000000000003a930 .LASF2233
     /tmp/ccal6mT6.s:88229  .debug_str:0000000000002443 .LASF2234
     /tmp/ccal6mT6.s:97385  .debug_str:0000000000027a1d .LASF2235
     /tmp/ccal6mT6.s:97689  .debug_str:0000000000028e14 .LASF2236
     /tmp/ccal6mT6.s:100037  .debug_str:0000000000032939 .LASF2237
     /tmp/ccal6mT6.s:103171  .debug_str:000000000003f4ec .LASF2238
     /tmp/ccal6mT6.s:95383  .debug_str:000000000001f995 .LASF2239
     /tmp/ccal6mT6.s:99681  .debug_str:00000000000310fe .LASF2240
     /tmp/ccal6mT6.s:90415  .debug_str:000000000000b990 .LASF2241
     /tmp/ccal6mT6.s:89847  .debug_str:00000000000091fc .LASF2242
     /tmp/ccal6mT6.s:104731  .debug_str:0000000000045b7e .LASF2243
     /tmp/ccal6mT6.s:99221  .debug_str:000000000002f2e0 .LASF2244
     /tmp/ccal6mT6.s:91739  .debug_str:00000000000108e6 .LASF2245
     /tmp/ccal6mT6.s:99053  .debug_str:000000000002e724 .LASF2246
     /tmp/ccal6mT6.s:93271  .debug_str:0000000000016d01 .LASF2247
     /tmp/ccal6mT6.s:100881  .debug_str:00000000000360fb .LASF2248
     /tmp/ccal6mT6.s:106397  .debug_str:000000000004cf21 .LASF2249
     /tmp/ccal6mT6.s:94909  .debug_str:000000000001d779 .LASF2250
     /tmp/ccal6mT6.s:98985  .debug_str:000000000002e214 .LASF2251
     /tmp/ccal6mT6.s:101617  .debug_str:0000000000038be0 .LASF2252
     /tmp/ccal6mT6.s:97739  .debug_str:00000000000290b9 .LASF2253
     /tmp/ccal6mT6.s:106149  .debug_str:000000000004bec1 .LASF2254
     /tmp/ccal6mT6.s:90239  .debug_str:000000000000accc .LASF2255
     /tmp/ccal6mT6.s:96447  .debug_str:0000000000023f08 .LASF2256
     /tmp/ccal6mT6.s:103233  .debug_str:000000000003f91d .LASF2257
     /tmp/ccal6mT6.s:97507  .debug_str:00000000000281b7 .LASF2258
     /tmp/ccal6mT6.s:102147  .debug_str:000000000003b00d .LASF2259
     /tmp/ccal6mT6.s:105973  .debug_str:000000000004b27f .LASF2260
     /tmp/ccal6mT6.s:103587  .debug_str:0000000000041037 .LASF2261
     /tmp/ccal6mT6.s:88213  .debug_str:0000000000002371 .LASF2262
     /tmp/ccal6mT6.s:94965  .debug_str:000000000001db32 .LASF2263
     /tmp/ccal6mT6.s:103605  .debug_str:0000000000041194 .LASF2264
     /tmp/ccal6mT6.s:105001  .debug_str:0000000000046dc6 .LASF2265
     /tmp/ccal6mT6.s:90069  .debug_str:000000000000a12f .LASF2266
     /tmp/ccal6mT6.s:96227  .debug_str:0000000000023242 .LASF2267
     /tmp/ccal6mT6.s:101203  .debug_str:00000000000372fb .LASF2268
     /tmp/ccal6mT6.s:99433  .debug_str:0000000000030027 .LASF2269
     /tmp/ccal6mT6.s:92533  .debug_str:0000000000013cc6 .LASF2270
     /tmp/ccal6mT6.s:88193  .debug_str:000000000000221a .LASF2271
     /tmp/ccal6mT6.s:95639  .debug_str:0000000000020b53 .LASF2272
     /tmp/ccal6mT6.s:97029  .debug_str:000000000002616b .LASF2273
     /tmp/ccal6mT6.s:94529  .debug_str:000000000001bd56 .LASF2274
     /tmp/ccal6mT6.s:89437  .debug_str:00000000000076bb .LASF2275
     /tmp/ccal6mT6.s:94819  .debug_str:000000000001d0fd .LASF2276
     /tmp/ccal6mT6.s:94319  .debug_str:000000000001b00e .LASF2277
     /tmp/ccal6mT6.s:101367  .debug_str:0000000000037be3 .LASF2278
     /tmp/ccal6mT6.s:92277  .debug_str:0000000000012cf4 .LASF2279
     /tmp/ccal6mT6.s:100985  .debug_str:00000000000367a9 .LASF2280
     /tmp/ccal6mT6.s:98137  .debug_str:000000000002aa3e .LASF2281
     /tmp/ccal6mT6.s:91621  .debug_str:00000000000100eb .LASF2282
     /tmp/ccal6mT6.s:103161  .debug_str:000000000003f41f .LASF2283
     /tmp/ccal6mT6.s:97825  .debug_str:00000000000295df .LASF2284
     /tmp/ccal6mT6.s:103273  .debug_str:000000000003fb99 .LASF2285
     /tmp/ccal6mT6.s:89491  .debug_str:0000000000007a09 .LASF2286
     /tmp/ccal6mT6.s:105335  .debug_str:00000000000483cc .LASF2287
     /tmp/ccal6mT6.s:103025  .debug_str:000000000003e9ad .LASF2288
     /tmp/ccal6mT6.s:104475  .debug_str:0000000000044a3e .LASF2289
     /tmp/ccal6mT6.s:92119  .debug_str:000000000001224e .LASF2290
     /tmp/ccal6mT6.s:102615  .debug_str:000000000003cf0a .LASF2291
     /tmp/ccal6mT6.s:92983  .debug_str:000000000001591f .LASF2292
     /tmp/ccal6mT6.s:102973  .debug_str:000000000003e5eb .LASF2293
     /tmp/ccal6mT6.s:88179  .debug_str:0000000000002136 .LASF2294
     /tmp/ccal6mT6.s:95573  .debug_str:000000000002065e .LASF2295
     /tmp/ccal6mT6.s:102445  .debug_str:000000000003c4c7 .LASF2296
     /tmp/ccal6mT6.s:88573  .debug_str:0000000000003c22 .LASF2297
     /tmp/ccal6mT6.s:105909  .debug_str:000000000004acbd .LASF2298
     /tmp/ccal6mT6.s:93789  .debug_str:0000000000018e90 .LASF2299
     /tmp/ccal6mT6.s:101401  .debug_str:0000000000037e56 .LASF2300
     /tmp/ccal6mT6.s:103007  .debug_str:000000000003e872 .LASF2301
     /tmp/ccal6mT6.s:96703  .debug_str:0000000000024c14 .LASF2302
     /tmp/ccal6mT6.s:93497  .debug_str:0000000000017bdb .LASF2303
     /tmp/ccal6mT6.s:91833  .debug_str:0000000000010e3c .LASF2304
     /tmp/ccal6mT6.s:102729  .debug_str:000000000003d6e3 .LASF2305
     /tmp/ccal6mT6.s:98743  .debug_str:000000000002d1d4 .LASF2306
     /tmp/ccal6mT6.s:102541  .debug_str:000000000003cb70 .LASF2307
     /tmp/ccal6mT6.s:97075  .debug_str:000000000002650d .LASF2308
     /tmp/ccal6mT6.s:92831  .debug_str:0000000000014fb7 .LASF2309
     /tmp/ccal6mT6.s:93185  .debug_str:000000000001664a .LASF2310
     /tmp/ccal6mT6.s:99087  .debug_str:000000000002e931 .LASF2311
     /tmp/ccal6mT6.s:96009  .debug_str:00000000000222ea .LASF2312
     /tmp/ccal6mT6.s:106289  .debug_str:000000000004c77e .LASF2313
     /tmp/ccal6mT6.s:91499  .debug_str:000000000000faa0 .LASF2314
     /tmp/ccal6mT6.s:101373  .debug_str:0000000000037c2a .LASF2315
     /tmp/ccal6mT6.s:98521  .debug_str:000000000002c280 .LASF2316
     /tmp/ccal6mT6.s:88267  .debug_str:0000000000002776 .LASF2317
     /tmp/ccal6mT6.s:87929  .debug_str:0000000000000fdf .LASF2318
     /tmp/ccal6mT6.s:93989  .debug_str:0000000000019c2d .LASF2319
     /tmp/ccal6mT6.s:99155  .debug_str:000000000002eddd .LASF2320
     /tmp/ccal6mT6.s:91869  .debug_str:000000000001110a .LASF2321
     /tmp/ccal6mT6.s:102771  .debug_str:000000000003d9fb .LASF2322
     /tmp/ccal6mT6.s:102223  .debug_str:000000000003b524 .LASF2323
     /tmp/ccal6mT6.s:99541  .debug_str:00000000000306a6 .LASF2324
     /tmp/ccal6mT6.s:94129  .debug_str:000000000001a423 .LASF2325
     /tmp/ccal6mT6.s:91691  .debug_str:00000000000105d4 .LASF2326
     /tmp/ccal6mT6.s:105519  .debug_str:00000000000491b0 .LASF2327
     /tmp/ccal6mT6.s:101767  .debug_str:00000000000395cb .LASF2328
     /tmp/ccal6mT6.s:106259  .debug_str:000000000004c5ff .LASF2329
     /tmp/ccal6mT6.s:88397  .debug_str:0000000000003096 .LASF2330
     /tmp/ccal6mT6.s:97837  .debug_str:0000000000029702 .LASF2331
     /tmp/ccal6mT6.s:98583  .debug_str:000000000002c67b .LASF2332
     /tmp/ccal6mT6.s:89157  .debug_str:00000000000063e3 .LASF2333
     /tmp/ccal6mT6.s:89619  .debug_str:0000000000008284 .LASF2334
     /tmp/ccal6mT6.s:99583  .debug_str:00000000000309ca .LASF2335
     /tmp/ccal6mT6.s:99843  .debug_str:0000000000031bfa .LASF2336
     /tmp/ccal6mT6.s:98581  .debug_str:000000000002c643 .LASF2337
     /tmp/ccal6mT6.s:88783  .debug_str:0000000000004af6 .LASF2338
     /tmp/ccal6mT6.s:88369  .debug_str:0000000000002f25 .LASF2339
     /tmp/ccal6mT6.s:103649  .debug_str:0000000000041527 .LASF2340
     /tmp/ccal6mT6.s:105987  .debug_str:000000000004b3a7 .LASF2341
     /tmp/ccal6mT6.s:105233  .debug_str:0000000000047d2d .LASF2342
     /tmp/ccal6mT6.s:105339  .debug_str:000000000004841f .LASF2343
     /tmp/ccal6mT6.s:92365  .debug_str:0000000000013287 .LASF2344
     /tmp/ccal6mT6.s:103625  .debug_str:000000000004132c .LASF2345
     /tmp/ccal6mT6.s:92469  .debug_str:00000000000138fc .LASF2346
     /tmp/ccal6mT6.s:95615  .debug_str:0000000000020950 .LASF2347
     /tmp/ccal6mT6.s:89573  .debug_str:0000000000007f92 .LASF2348
     /tmp/ccal6mT6.s:89729  .debug_str:0000000000008a28 .LASF2349
     /tmp/ccal6mT6.s:105305  .debug_str:00000000000481fa .LASF2350
     /tmp/ccal6mT6.s:105897  .debug_str:000000000004abbe .LASF2351
     /tmp/ccal6mT6.s:88261  .debug_str:00000000000026d3 .LASF2352
     /tmp/ccal6mT6.s:98197  .debug_str:000000000002ae77 .LASF2353
     /tmp/ccal6mT6.s:96695  .debug_str:0000000000024b88 .LASF2354
     /tmp/ccal6mT6.s:106313  .debug_str:000000000004c8df .LASF2355
     /tmp/ccal6mT6.s:89247  .debug_str:0000000000006aad .LASF2356
     /tmp/ccal6mT6.s:104095  .debug_str:00000000000431c5 .LASF2357
     /tmp/ccal6mT6.s:98599  .debug_str:000000000002c7a3 .LASF2358
     /tmp/ccal6mT6.s:93205  .debug_str:000000000001680a .LASF2359
     /tmp/ccal6mT6.s:97639  .debug_str:0000000000028a80 .LASF2360
     /tmp/ccal6mT6.s:88403  .debug_str:00000000000030ef .LASF2361
     /tmp/ccal6mT6.s:94833  .debug_str:000000000001d222 .LASF2362
     /tmp/ccal6mT6.s:102643  .debug_str:000000000003d126 .LASF2363
     /tmp/ccal6mT6.s:96993  .debug_str:0000000000025ed1 .LASF2364
     /tmp/ccal6mT6.s:97927  .debug_str:0000000000029ccb .LASF2365
     /tmp/ccal6mT6.s:106113  .debug_str:000000000004bca8 .LASF2366
     /tmp/ccal6mT6.s:103907  .debug_str:0000000000042631 .LASF2367
     /tmp/ccal6mT6.s:106083  .debug_str:000000000004ba58 .LASF2368
     /tmp/ccal6mT6.s:105451  .debug_str:0000000000048cca .LASF2369
     /tmp/ccal6mT6.s:104743  .debug_str:0000000000045c24 .LASF2370
     /tmp/ccal6mT6.s:98301  .debug_str:000000000002b510 .LASF2371
     /tmp/ccal6mT6.s:104939  .debug_str:000000000004695d .LASF2372
     /tmp/ccal6mT6.s:89795  .debug_str:0000000000008ec6 .LASF2373
     /tmp/ccal6mT6.s:91635  .debug_str:00000000000101b1 .LASF2374
     /tmp/ccal6mT6.s:104345  .debug_str:00000000000441a3 .LASF2375
     /tmp/ccal6mT6.s:96367  .debug_str:0000000000023a79 .LASF2376
     /tmp/ccal6mT6.s:106477  .debug_str:000000000004d4b9 .LASF2377
     /tmp/ccal6mT6.s:99083  .debug_str:000000000002e8d8 .LASF2378
     /tmp/ccal6mT6.s:90233  .debug_str:000000000000ac31 .LASF2379
     /tmp/ccal6mT6.s:90639  .debug_str:000000000000c825 .LASF2380
     /tmp/ccal6mT6.s:103591  .debug_str:0000000000041087 .LASF2381
     /tmp/ccal6mT6.s:92749  .debug_str:0000000000014a0d .LASF2382
     /tmp/ccal6mT6.s:102007  .debug_str:000000000003a6b5 .LASF2383
     /tmp/ccal6mT6.s:100009  .debug_str:000000000003275e .LASF2384
     /tmp/ccal6mT6.s:105927  .debug_str:000000000004ae52 .LASF2385
     /tmp/ccal6mT6.s:91319  .debug_str:000000000000ef75 .LASF2386
     /tmp/ccal6mT6.s:97225  .debug_str:0000000000026e9b .LASF2387
     /tmp/ccal6mT6.s:101939  .debug_str:000000000003a1aa .LASF2388
     /tmp/ccal6mT6.s:88359  .debug_str:0000000000002e6f .LASF2389
     /tmp/ccal6mT6.s:92597  .debug_str:000000000001401a .LASF2390
     /tmp/ccal6mT6.s:97357  .debug_str:00000000000277da .LASF2391
     /tmp/ccal6mT6.s:90265  .debug_str:000000000000aead .LASF2392
     /tmp/ccal6mT6.s:89647  .debug_str:0000000000008493 .LASF2393
     /tmp/ccal6mT6.s:94411  .debug_str:000000000001b56b .LASF2394
     /tmp/ccal6mT6.s:99873  .debug_str:0000000000031e31 .LASF2395
     /tmp/ccal6mT6.s:104677  .debug_str:0000000000045829 .LASF2396
     /tmp/ccal6mT6.s:90909  .debug_str:000000000000d941 .LASF2397
     /tmp/ccal6mT6.s:99183  .debug_str:000000000002f044 .LASF2398
     /tmp/ccal6mT6.s:99033  .debug_str:000000000002e5c7 .LASF2399
     /tmp/ccal6mT6.s:94575  .debug_str:000000000001c006 .LASF2400
     /tmp/ccal6mT6.s:91325  .debug_str:000000000000f015 .LASF2401
     /tmp/ccal6mT6.s:92235  .debug_str:0000000000012ab0 .LASF2402
     /tmp/ccal6mT6.s:100543  .debug_str:0000000000034b34 .LASF2403
     /tmp/ccal6mT6.s:103271  .debug_str:000000000003fb63 .LASF2404
     /tmp/ccal6mT6.s:100507  .debug_str:000000000003494b .LASF2405
     /tmp/ccal6mT6.s:90539  .debug_str:000000000000c17c .LASF2406
     /tmp/ccal6mT6.s:100617  .debug_str:000000000003506e .LASF2407
     /tmp/ccal6mT6.s:96031  .debug_str:00000000000224ba .LASF2408
     /tmp/ccal6mT6.s:93649  .debug_str:00000000000184ae .LASF2409
     /tmp/ccal6mT6.s:100145  .debug_str:00000000000330b5 .LASF2410
     /tmp/ccal6mT6.s:103799  .debug_str:0000000000041ef2 .LASF2411
     /tmp/ccal6mT6.s:101097  .debug_str:0000000000036d28 .LASF2412
     /tmp/ccal6mT6.s:88063  .debug_str:00000000000018cb .LASF2413
     /tmp/ccal6mT6.s:103201  .debug_str:000000000003f726 .LASF2414
     /tmp/ccal6mT6.s:89857  .debug_str:0000000000009298 .LASF2415
     /tmp/ccal6mT6.s:98671  .debug_str:000000000002cc79 .LASF2416
     /tmp/ccal6mT6.s:99231  .debug_str:000000000002f36d .LASF2417
     /tmp/ccal6mT6.s:93739  .debug_str:0000000000018b25 .LASF2418
     /tmp/ccal6mT6.s:89447  .debug_str:00000000000077bc .LASF2419
     /tmp/ccal6mT6.s:97503  .debug_str:0000000000028149 .LASF2420
     /tmp/ccal6mT6.s:101039  .debug_str:0000000000036a70 .LASF2421
     /tmp/ccal6mT6.s:97599  .debug_str:00000000000287d2 .LASF2422
     /tmp/ccal6mT6.s:96767  .debug_str:0000000000025019 .LASF2423
     /tmp/ccal6mT6.s:102571  .debug_str:000000000003cd59 .LASF2424
     /tmp/ccal6mT6.s:100557  .debug_str:0000000000034c07 .LASF2425
     /tmp/ccal6mT6.s:100361  .debug_str:0000000000033f25 .LASF2426
     /tmp/ccal6mT6.s:90741  .debug_str:000000000000ced2 .LASF2427
     /tmp/ccal6mT6.s:102289  .debug_str:000000000003b985 .LASF2428
     /tmp/ccal6mT6.s:102475  .debug_str:000000000003c6d0 .LASF2429
     /tmp/ccal6mT6.s:94747  .debug_str:000000000001cbf4 .LASF2430
     /tmp/ccal6mT6.s:95473  .debug_str:000000000001fef0 .LASF2431
     /tmp/ccal6mT6.s:97003  .debug_str:0000000000025fb8 .LASF2432
     /tmp/ccal6mT6.s:105505  .debug_str:00000000000490ad .LASF2433
     /tmp/ccal6mT6.s:102675  .debug_str:000000000003d378 .LASF2434
     /tmp/ccal6mT6.s:105455  .debug_str:0000000000048d3d .LASF2435
     /tmp/ccal6mT6.s:95399  .debug_str:000000000001fa87 .LASF2436
     /tmp/ccal6mT6.s:91405  .debug_str:000000000000f565 .LASF2437
     /tmp/ccal6mT6.s:92125  .debug_str:00000000000122b4 .LASF2438
     /tmp/ccal6mT6.s:98499  .debug_str:000000000002c111 .LASF2439
     /tmp/ccal6mT6.s:94955  .debug_str:000000000001da54 .LASF2440
     /tmp/ccal6mT6.s:102335  .debug_str:000000000003bcc8 .LASF2441
     /tmp/ccal6mT6.s:95027  .debug_str:000000000001dee4 .LASF2442
     /tmp/ccal6mT6.s:93455  .debug_str:00000000000178fe .LASF2443
     /tmp/ccal6mT6.s:102809  .debug_str:000000000003dc35 .LASF2444
     /tmp/ccal6mT6.s:106355  .debug_str:000000000004cc08 .LASF2445
     /tmp/ccal6mT6.s:95889  .debug_str:0000000000021b04 .LASF2446
     /tmp/ccal6mT6.s:97929  .debug_str:0000000000029d04 .LASF2447
     /tmp/ccal6mT6.s:94561  .debug_str:000000000001bef3 .LASF2448
     /tmp/ccal6mT6.s:89239  .debug_str:0000000000006a18 .LASF2449
     /tmp/ccal6mT6.s:100127  .debug_str:0000000000032f01 .LASF2450
     /tmp/ccal6mT6.s:105945  .debug_str:000000000004b004 .LASF2451
     /tmp/ccal6mT6.s:99341  .debug_str:000000000002fa2e .LASF2452
     /tmp/ccal6mT6.s:97495  .debug_str:00000000000280b0 .LASF2453
     /tmp/ccal6mT6.s:91361  .debug_str:000000000000f302 .LASF2454
     /tmp/ccal6mT6.s:94473  .debug_str:000000000001b9cb .LASF2455
     /tmp/ccal6mT6.s:100609  .debug_str:0000000000034fd4 .LASF2456
     /tmp/ccal6mT6.s:105711  .debug_str:0000000000049eb4 .LASF2457
     /tmp/ccal6mT6.s:91731  .debug_str:000000000001083c .LASF2458
     /tmp/ccal6mT6.s:99179  .debug_str:000000000002efed .LASF2459
     /tmp/ccal6mT6.s:99779  .debug_str:00000000000317a1 .LASF2460
     /tmp/ccal6mT6.s:96381  .debug_str:0000000000023b23 .LASF2461
     /tmp/ccal6mT6.s:88349  .debug_str:0000000000002d62 .LASF2462
     /tmp/ccal6mT6.s:103089  .debug_str:000000000003ee7c .LASF2463
     /tmp/ccal6mT6.s:105965  .debug_str:000000000004b1ad .LASF2464
     /tmp/ccal6mT6.s:88001  .debug_str:0000000000001459 .LASF2465
     /tmp/ccal6mT6.s:97233  .debug_str:0000000000026f38 .LASF2466
     /tmp/ccal6mT6.s:94053  .debug_str:000000000001a01e .LASF2467
     /tmp/ccal6mT6.s:92675  .debug_str:0000000000014503 .LASF2468
     /tmp/ccal6mT6.s:98495  .debug_str:000000000002c090 .LASF2469
     /tmp/ccal6mT6.s:101581  .debug_str:000000000003896b .LASF2470
     /tmp/ccal6mT6.s:100737  .debug_str:0000000000035836 .LASF2471
     /tmp/ccal6mT6.s:99691  .debug_str:00000000000311df .LASF2472
     /tmp/ccal6mT6.s:90289  .debug_str:000000000000b0a5 .LASF2473
     /tmp/ccal6mT6.s:89441  .debug_str:000000000000773c .LASF2474
     /tmp/ccal6mT6.s:95239  .debug_str:000000000001eeab .LASF2475
     /tmp/ccal6mT6.s:97095  .debug_str:0000000000026681 .LASF2476
     /tmp/ccal6mT6.s:90447  .debug_str:000000000000bb72 .LASF2477
     /tmp/ccal6mT6.s:97497  .debug_str:00000000000280eb .LASF2478
     /tmp/ccal6mT6.s:104769  .debug_str:0000000000045de3 .LASF2479
     /tmp/ccal6mT6.s:96613  .debug_str:0000000000024767 .LASF2480
     /tmp/ccal6mT6.s:96097  .debug_str:000000000002292a .LASF2481
     /tmp/ccal6mT6.s:105799  .debug_str:000000000004a56d .LASF2482
     /tmp/ccal6mT6.s:91193  .debug_str:000000000000e8e3 .LASF2483
     /tmp/ccal6mT6.s:98461  .debug_str:000000000002be1f .LASF2484
     /tmp/ccal6mT6.s:105437  .debug_str:0000000000048bdb .LASF2485
     /tmp/ccal6mT6.s:89373  .debug_str:0000000000007311 .LASF2486
     /tmp/ccal6mT6.s:102619  .debug_str:000000000003cf76 .LASF2487
     /tmp/ccal6mT6.s:105899  .debug_str:000000000004abfd .LASF2488
     /tmp/ccal6mT6.s:87877  .debug_str:0000000000000c01 .LASF2489
     /tmp/ccal6mT6.s:98723  .debug_str:000000000002d052 .LASF2490
     /tmp/ccal6mT6.s:88479  .debug_str:00000000000035b9 .LASF2491
     /tmp/ccal6mT6.s:91259  .debug_str:000000000000ec2d .LASF2492
     /tmp/ccal6mT6.s:101301  .debug_str:0000000000037898 .LASF2493
     /tmp/ccal6mT6.s:93299  .debug_str:0000000000016ece .LASF2494
     /tmp/ccal6mT6.s:95013  .debug_str:000000000001ddf5 .LASF2495
     /tmp/ccal6mT6.s:89821  .debug_str:0000000000009035 .LASF2496
     /tmp/ccal6mT6.s:90465  .debug_str:000000000000bc75 .LASF2497
     /tmp/ccal6mT6.s:96615  .debug_str:00000000000247ae .LASF2498
     /tmp/ccal6mT6.s:90363  .debug_str:000000000000b66d .LASF2499
     /tmp/ccal6mT6.s:105777  .debug_str:000000000004a3aa .LASF2500
     /tmp/ccal6mT6.s:102717  .debug_str:000000000003d627 .LASF2501
     /tmp/ccal6mT6.s:105073  .debug_str:000000000004730c .LASF2502
     /tmp/ccal6mT6.s:100715  .debug_str:00000000000356ce .LASF2503
     /tmp/ccal6mT6.s:87769  .debug_str:0000000000000517 .LASF2504
     /tmp/ccal6mT6.s:93273  .debug_str:0000000000016d3b .LASF2505
     /tmp/ccal6mT6.s:98787  .debug_str:000000000002d4e5 .LASF2506
     /tmp/ccal6mT6.s:88807  .debug_str:0000000000004ca3 .LASF2507
     /tmp/ccal6mT6.s:101983  .debug_str:000000000003a4c0 .LASF2508
     /tmp/ccal6mT6.s:103075  .debug_str:000000000003ed78 .LASF2509
     /tmp/ccal6mT6.s:100403  .debug_str:0000000000034257 .LASF2510
     /tmp/ccal6mT6.s:90287  .debug_str:000000000000b05f .LASF2511
     /tmp/ccal6mT6.s:91351  .debug_str:000000000000f250 .LASF2512
     /tmp/ccal6mT6.s:93425  .debug_str:0000000000017722 .LASF2513
     /tmp/ccal6mT6.s:104987  .debug_str:0000000000046cc3 .LASF2514
     /tmp/ccal6mT6.s:88103  .debug_str:0000000000001be8 .LASF2515
     /tmp/ccal6mT6.s:105465  .debug_str:0000000000048df3 .LASF2516
     /tmp/ccal6mT6.s:98289  .debug_str:000000000002b475 .LASF2517
     /tmp/ccal6mT6.s:93171  .debug_str:00000000000165ae .LASF2518
     /tmp/ccal6mT6.s:89355  .debug_str:0000000000007196 .LASF2519
     /tmp/ccal6mT6.s:92151  .debug_str:0000000000012496 .LASF2520
     /tmp/ccal6mT6.s:97417  .debug_str:0000000000027c81 .LASF2521
     /tmp/ccal6mT6.s:96863  .debug_str:00000000000256b5 .LASF2522
     /tmp/ccal6mT6.s:104355  .debug_str:0000000000044266 .LASF2523
     /tmp/ccal6mT6.s:94985  .debug_str:000000000001dbd8 .LASF2524
     /tmp/ccal6mT6.s:91477  .debug_str:000000000000f8d8 .LASF2525
     /tmp/ccal6mT6.s:95301  .debug_str:000000000001f2e2 .LASF2526
     /tmp/ccal6mT6.s:103413  .debug_str:000000000004055e .LASF2527
     /tmp/ccal6mT6.s:101901  .debug_str:0000000000039e92 .LASF2528
     /tmp/ccal6mT6.s:89297  .debug_str:0000000000006e31 .LASF2529
     /tmp/ccal6mT6.s:103809  .debug_str:0000000000041f9a .LASF2530
     /tmp/ccal6mT6.s:98843  .debug_str:000000000002d84c .LASF2531
     /tmp/ccal6mT6.s:98591  .debug_str:000000000002c6f2 .LASF2532
     /tmp/ccal6mT6.s:100355  .debug_str:0000000000033e81 .LASF2533
     /tmp/ccal6mT6.s:89777  .debug_str:0000000000008d66 .LASF2534
     /tmp/ccal6mT6.s:105533  .debug_str:000000000004929a .LASF2535
     /tmp/ccal6mT6.s:95833  .debug_str:00000000000216d2 .LASF2536
     /tmp/ccal6mT6.s:93431  .debug_str:00000000000177a7 .LASF2537
     /tmp/ccal6mT6.s:104263  .debug_str:0000000000043cd3 .LASF2538
     /tmp/ccal6mT6.s:95881  .debug_str:0000000000021a60 .LASF2539
     /tmp/ccal6mT6.s:90509  .debug_str:000000000000bf89 .LASF2540
     /tmp/ccal6mT6.s:88337  .debug_str:0000000000002c48 .LASF2541
     /tmp/ccal6mT6.s:90123  .debug_str:000000000000a4b5 .LASF2542
     /tmp/ccal6mT6.s:91843  .debug_str:0000000000010f4b .LASF2543
     /tmp/ccal6mT6.s:96887  .debug_str:00000000000258a4 .LASF2544
     /tmp/ccal6mT6.s:96213  .debug_str:0000000000023132 .LASF2545
     /tmp/ccal6mT6.s:92039  .debug_str:0000000000011d15 .LASF2546
     /tmp/ccal6mT6.s:93151  .debug_str:00000000000163fc .LASF2547
     /tmp/ccal6mT6.s:106235  .debug_str:000000000004c46b .LASF2548
     /tmp/ccal6mT6.s:95963  .debug_str:0000000000021fda .LASF2549
     /tmp/ccal6mT6.s:93281  .debug_str:0000000000016da3 .LASF2550
     /tmp/ccal6mT6.s:95799  .debug_str:000000000002145b .LASF2551
     /tmp/ccal6mT6.s:98411  .debug_str:000000000002bb02 .LASF2552
     /tmp/ccal6mT6.s:90389  .debug_str:000000000000b7fb .LASF2553
     /tmp/ccal6mT6.s:94273  .debug_str:000000000001ad6d .LASF2554
     /tmp/ccal6mT6.s:92381  .debug_str:0000000000013360 .LASF2555
     /tmp/ccal6mT6.s:93443  .debug_str:0000000000017856 .LASF2556
     /tmp/ccal6mT6.s:94367  .debug_str:000000000001b32a .LASF2557
     /tmp/ccal6mT6.s:88999  .debug_str:00000000000059d6 .LASF2558
     /tmp/ccal6mT6.s:99101  .debug_str:000000000002ea53 .LASF2559
     /tmp/ccal6mT6.s:92297  .debug_str:0000000000012e37 .LASF2560
     /tmp/ccal6mT6.s:104803  .debug_str:0000000000045ff8 .LASF2561
     /tmp/ccal6mT6.s:100069  .debug_str:0000000000032af8 .LASF2562
     /tmp/ccal6mT6.s:91927  .debug_str:0000000000011534 .LASF2563
     /tmp/ccal6mT6.s:93365  .debug_str:00000000000172e0 .LASF2564
     /tmp/ccal6mT6.s:88045  .debug_str:000000000000179e .LASF2565
     /tmp/ccal6mT6.s:89825  .debug_str:0000000000009099 .LASF2566
     /tmp/ccal6mT6.s:94921  .debug_str:000000000001d864 .LASF2567
     /tmp/ccal6mT6.s:102471  .debug_str:000000000003c688 .LASF2568
     /tmp/ccal6mT6.s:95355  .debug_str:000000000001f7dd .LASF2569
     /tmp/ccal6mT6.s:95879  .debug_str:0000000000021a2f .LASF2570
     /tmp/ccal6mT6.s:102317  .debug_str:000000000003bb73 .LASF2571
     /tmp/ccal6mT6.s:99511  .debug_str:00000000000304a5 .LASF2572
     /tmp/ccal6mT6.s:104273  .debug_str:0000000000043d7b .LASF2573
     /tmp/ccal6mT6.s:104913  .debug_str:0000000000046741 .LASF2574
     /tmp/ccal6mT6.s:88885  .debug_str:00000000000051ab .LASF2575
     /tmp/ccal6mT6.s:96925  .debug_str:0000000000025b40 .LASF2576
     /tmp/ccal6mT6.s:101795  .debug_str:000000000003985b .LASF2577
     /tmp/ccal6mT6.s:90543  .debug_str:000000000000c1e2 .LASF2578
     /tmp/ccal6mT6.s:90141  .debug_str:000000000000a5ac .LASF2579
     /tmp/ccal6mT6.s:101913  .debug_str:0000000000039f9e .LASF2580
     /tmp/ccal6mT6.s:102413  .debug_str:000000000003c282 .LASF2581
     /tmp/ccal6mT6.s:88621  .debug_str:0000000000003fcb .LASF2582
     /tmp/ccal6mT6.s:101123  .debug_str:0000000000036f43 .LASF2583
     /tmp/ccal6mT6.s:95271  .debug_str:000000000001f0c2 .LASF2584
     /tmp/ccal6mT6.s:92241  .debug_str:0000000000012b0c .LASF2585
     /tmp/ccal6mT6.s:95265  .debug_str:000000000001f061 .LASF2586
     /tmp/ccal6mT6.s:102361  .debug_str:000000000003beb3 .LASF2587
     /tmp/ccal6mT6.s:94189  .debug_str:000000000001a7fd .LASF2588
     /tmp/ccal6mT6.s:97383  .debug_str:00000000000279dd .LASF2589
     /tmp/ccal6mT6.s:98555  .debug_str:000000000002c4b5 .LASF2590
     /tmp/ccal6mT6.s:102417  .debug_str:000000000003c2ec .LASF2591
     /tmp/ccal6mT6.s:89097  .debug_str:0000000000005fdc .LASF2592
     /tmp/ccal6mT6.s:95943  .debug_str:0000000000021e66 .LASF2593
     /tmp/ccal6mT6.s:100335  .debug_str:0000000000033d69 .LASF2594
     /tmp/ccal6mT6.s:105259  .debug_str:0000000000047f2f .LASF2595
     /tmp/ccal6mT6.s:106303  .debug_str:000000000004c873 .LASF2596
     /tmp/ccal6mT6.s:90109  .debug_str:000000000000a383 .LASF2597
     /tmp/ccal6mT6.s:105565  .debug_str:00000000000494e8 .LASF2598
     /tmp/ccal6mT6.s:96837  .debug_str:0000000000025540 .LASF2599
     /tmp/ccal6mT6.s:92517  .debug_str:0000000000013bb4 .LASF2600
     /tmp/ccal6mT6.s:94075  .debug_str:000000000001a16a .LASF2601
     /tmp/ccal6mT6.s:89631  .debug_str:0000000000008390 .LASF2602
     /tmp/ccal6mT6.s:98893  .debug_str:000000000002dc48 .LASF2603
     /tmp/ccal6mT6.s:100155  .debug_str:0000000000033148 .LASF2604
     /tmp/ccal6mT6.s:105593  .debug_str:00000000000496c9 .LASF2605
     /tmp/ccal6mT6.s:95529  .debug_str:00000000000202eb .LASF2606
     /tmp/ccal6mT6.s:96011  .debug_str:0000000000022321 .LASF2607
     /tmp/ccal6mT6.s:99519  .debug_str:0000000000030527 .LASF2608
     /tmp/ccal6mT6.s:102193  .debug_str:000000000003b32e .LASF2609
     /tmp/ccal6mT6.s:103279  .debug_str:000000000003fc0b .LASF2610
     /tmp/ccal6mT6.s:103919  .debug_str:0000000000042731 .LASF2611
     /tmp/ccal6mT6.s:95275  .debug_str:000000000001f12a .LASF2612
     /tmp/ccal6mT6.s:94719  .debug_str:000000000001ca17 .LASF2613
     /tmp/ccal6mT6.s:97777  .debug_str:000000000002931b .LASF2614
     /tmp/ccal6mT6.s:103641  .debug_str:000000000004149a .LASF2615
     /tmp/ccal6mT6.s:95483  .debug_str:000000000001ffcc .LASF2616
     /tmp/ccal6mT6.s:93957  .debug_str:0000000000019908 .LASF2617
     /tmp/ccal6mT6.s:94163  .debug_str:000000000001a6b4 .LASF2618
     /tmp/ccal6mT6.s:93765  .debug_str:0000000000018cdf .LASF2619
     /tmp/ccal6mT6.s:100305  .debug_str:0000000000033b3f .LASF2620
     /tmp/ccal6mT6.s:92103  .debug_str:000000000001212a .LASF2621
     /tmp/ccal6mT6.s:97707  .debug_str:0000000000028f29 .LASF2622
     /tmp/ccal6mT6.s:99159  .debug_str:000000000002ee37 .LASF2623
     /tmp/ccal6mT6.s:89261  .debug_str:0000000000006bbe .LASF2624
     /tmp/ccal6mT6.s:94179  .debug_str:000000000001a756 .LASF2625
     /tmp/ccal6mT6.s:103609  .debug_str:00000000000411fe .LASF2626
     /tmp/ccal6mT6.s:92169  .debug_str:00000000000125b3 .LASF2627
     /tmp/ccal6mT6.s:88719  .debug_str:00000000000046b9 .LASF2628
     /tmp/ccal6mT6.s:106063  .debug_str:000000000004b8cf .LASF2629
     /tmp/ccal6mT6.s:91741  .debug_str:000000000001091f .LASF2630
     /tmp/ccal6mT6.s:89125  .debug_str:00000000000061ab .LASF2631
     /tmp/ccal6mT6.s:102171  .debug_str:000000000003b15f .LASF2632
     /tmp/ccal6mT6.s:100395  .debug_str:00000000000341c4 .LASF2633
     /tmp/ccal6mT6.s:103383  .debug_str:000000000004032f .LASF2634
     /tmp/ccal6mT6.s:96115  .debug_str:0000000000022a57 .LASF2635
     /tmp/ccal6mT6.s:94583  .debug_str:000000000001c088 .LASF2636
     /tmp/ccal6mT6.s:93191  .debug_str:00000000000166c1 .LASF2637
     /tmp/ccal6mT6.s:104601  .debug_str:0000000000045273 .LASF2638
     /tmp/ccal6mT6.s:103529  .debug_str:0000000000040c42 .LASF2639
     /tmp/ccal6mT6.s:100559  .debug_str:0000000000034c48 .LASF2640
     /tmp/ccal6mT6.s:88125  .debug_str:0000000000001d22 .LASF2641
     /tmp/ccal6mT6.s:101791  .debug_str:00000000000397da .LASF2642
     /tmp/ccal6mT6.s:100333  .debug_str:0000000000033d31 .LASF2643
     /tmp/ccal6mT6.s:92433  .debug_str:000000000001369f .LASF2644
     /tmp/ccal6mT6.s:89987  .debug_str:0000000000009bab .LASF2645
     /tmp/ccal6mT6.s:102527  .debug_str:000000000003ca39 .LASF2646
     /tmp/ccal6mT6.s:100441  .debug_str:00000000000344d4 .LASF2647
     /tmp/ccal6mT6.s:88609  .debug_str:0000000000003eda .LASF2648
     /tmp/ccal6mT6.s:99427  .debug_str:000000000002ff9b .LASF2649
     /tmp/ccal6mT6.s:101787  .debug_str:0000000000039761 .LASF2650
     /tmp/ccal6mT6.s:92823  .debug_str:0000000000014f15 .LASF2651
     /tmp/ccal6mT6.s:105941  .debug_str:000000000004af99 .LASF2652
     /tmp/ccal6mT6.s:94263  .debug_str:000000000001acc9 .LASF2653
     /tmp/ccal6mT6.s:105729  .debug_str:0000000000049fd2 .LASF2654
     /tmp/ccal6mT6.s:106131  .debug_str:000000000004bdb7 .LASF2655
     /tmp/ccal6mT6.s:98267  .debug_str:000000000002b2e8 .LASF2656
     /tmp/ccal6mT6.s:91509  .debug_str:000000000000fb33 .LASF2657
     /tmp/ccal6mT6.s:100891  .debug_str:00000000000361c6 .LASF2658
     /tmp/ccal6mT6.s:92705  .debug_str:0000000000014759 .LASF2659
     /tmp/ccal6mT6.s:100307  .debug_str:0000000000033b79 .LASF2660
     /tmp/ccal6mT6.s:102657  .debug_str:000000000003d23e .LASF2661
     /tmp/ccal6mT6.s:94807  .debug_str:000000000001d030 .LASF2662
     /tmp/ccal6mT6.s:103681  .debug_str:0000000000041758 .LASF2663
     /tmp/ccal6mT6.s:94309  .debug_str:000000000001af62 .LASF2664
     /tmp/ccal6mT6.s:105161  .debug_str:00000000000478c4 .LASF2665
     /tmp/ccal6mT6.s:104383  .debug_str:00000000000443c2 .LASF2666
     /tmp/ccal6mT6.s:100605  .debug_str:0000000000034f70 .LASF2667
     /tmp/ccal6mT6.s:87945  .debug_str:00000000000010d4 .LASF2668
     /tmp/ccal6mT6.s:95809  .debug_str:0000000000021546 .LASF2669
     /tmp/ccal6mT6.s:100171  .debug_str:0000000000033204 .LASF2670
     /tmp/ccal6mT6.s:90303  .debug_str:000000000000b1a5 .LASF2671
     /tmp/ccal6mT6.s:88577  .debug_str:0000000000003c83 .LASF2672
     /tmp/ccal6mT6.s:104449  .debug_str:00000000000448e3 .LASF2673
     /tmp/ccal6mT6.s:103545  .debug_str:0000000000040d4b .LASF2674
     /tmp/ccal6mT6.s:99889  .debug_str:0000000000031f53 .LASF2675
     /tmp/ccal6mT6.s:88153  .debug_str:0000000000001f1d .LASF2676
     /tmp/ccal6mT6.s:95231  .debug_str:000000000001ee04 .LASF2677
     /tmp/ccal6mT6.s:97619  .debug_str:0000000000028928 .LASF2678
     /tmp/ccal6mT6.s:91389  .debug_str:000000000000f423 .LASF2679
     /tmp/ccal6mT6.s:97423  .debug_str:0000000000027cdd .LASF2680
     /tmp/ccal6mT6.s:89409  .debug_str:000000000000754e .LASF2681
     /tmp/ccal6mT6.s:102823  .debug_str:000000000003dcf7 .LASF2682
     /tmp/ccal6mT6.s:101037  .debug_str:0000000000036a33 .LASF2683
     /tmp/ccal6mT6.s:103181  .debug_str:000000000003f5ab .LASF2684
     /tmp/ccal6mT6.s:101989  .debug_str:000000000003a56e .LASF2685
     /tmp/ccal6mT6.s:89227  .debug_str:0000000000006916 .LASF2686
     /tmp/ccal6mT6.s:97577  .debug_str:0000000000028649 .LASF2687
     /tmp/ccal6mT6.s:94443  .debug_str:000000000001b7bd .LASF2688
     /tmp/ccal6mT6.s:104447  .debug_str:00000000000448a9 .LASF2689
     /tmp/ccal6mT6.s:98549  .debug_str:000000000002c455 .LASF2690
     /tmp/ccal6mT6.s:100981  .debug_str:0000000000036760 .LASF2691
     /tmp/ccal6mT6.s:104751  .debug_str:0000000000045ca0 .LASF2692
     /tmp/ccal6mT6.s:100805  .debug_str:0000000000035c9b .LASF2693
     /tmp/ccal6mT6.s:88147  .debug_str:0000000000001ead .LASF2694
     /tmp/ccal6mT6.s:104313  .debug_str:0000000000043fab .LASF2695
     /tmp/ccal6mT6.s:98265  .debug_str:000000000002b2ad .LASF2696
     /tmp/ccal6mT6.s:95309  .debug_str:000000000001f395 .LASF2697
     /tmp/ccal6mT6.s:89557  .debug_str:0000000000007e5a .LASF2698
     /tmp/ccal6mT6.s:103471  .debug_str:0000000000040825 .LASF2699
     /tmp/ccal6mT6.s:99031  .debug_str:000000000002e58c .LASF2700
     /tmp/ccal6mT6.s:94943  .debug_str:000000000001d974 .LASF2701
     /tmp/ccal6mT6.s:93305  .debug_str:0000000000016f84 .LASF2702
     /tmp/ccal6mT6.s:92463  .debug_str:0000000000013873 .LASF2703
     /tmp/ccal6mT6.s:93611  .debug_str:000000000001825a .LASF2704
     /tmp/ccal6mT6.s:89629  .debug_str:0000000000008350 .LASF2705
     /tmp/ccal6mT6.s:105055  .debug_str:00000000000471cb .LASF2706
     /tmp/ccal6mT6.s:93747  .debug_str:0000000000018ba9 .LASF2707
     /tmp/ccal6mT6.s:105531  .debug_str:0000000000049262 .LASF2708
     /tmp/ccal6mT6.s:103851  .debug_str:0000000000042247 .LASF2709
     /tmp/ccal6mT6.s:104539  .debug_str:0000000000044e89 .LASF2710
     /tmp/ccal6mT6.s:92895  .debug_str:0000000000015398 .LASF2711
     /tmp/ccal6mT6.s:91653  .debug_str:0000000000010324 .LASF2712
     /tmp/ccal6mT6.s:90597  .debug_str:000000000000c5d0 .LASF2713
     /tmp/ccal6mT6.s:99405  .debug_str:000000000002fe3c .LASF2714
     /tmp/ccal6mT6.s:96827  .debug_str:0000000000025474 .LASF2715
     /tmp/ccal6mT6.s:97141  .debug_str:000000000002698a .LASF2716
     /tmp/ccal6mT6.s:106237  .debug_str:000000000004c4a7 .LASF2717
     /tmp/ccal6mT6.s:99291  .debug_str:000000000002f719 .LASF2718
     /tmp/ccal6mT6.s:96677  .debug_str:0000000000024a16 .LASF2719
     /tmp/ccal6mT6.s:98969  .debug_str:000000000002e13c .LASF2720
     /tmp/ccal6mT6.s:103779  .debug_str:0000000000041d94 .LASF2721
     /tmp/ccal6mT6.s:94047  .debug_str:0000000000019f7d .LASF2722
     /tmp/ccal6mT6.s:95721  .debug_str:0000000000020f7d .LASF2723
     /tmp/ccal6mT6.s:104549  .debug_str:0000000000044f22 .LASF2724
     /tmp/ccal6mT6.s:98905  .debug_str:000000000002dd4d .LASF2725
     /tmp/ccal6mT6.s:106347  .debug_str:000000000004cb44 .LASF2726
     /tmp/ccal6mT6.s:106483  .debug_str:000000000004d52c .LASF2727
     /tmp/ccal6mT6.s:96679  .debug_str:0000000000024a54 .LASF2728
     /tmp/ccal6mT6.s:92723  .debug_str:000000000001485f .LASF2729
     /tmp/ccal6mT6.s:94397  .debug_str:000000000001b4a1 .LASF2730
     /tmp/ccal6mT6.s:106211  .debug_str:000000000004c2b4 .LASF2731
     /tmp/ccal6mT6.s:103253  .debug_str:000000000003fa1d .LASF2732
     /tmp/ccal6mT6.s:92185  .debug_str:00000000000126b2 .LASF2733
     /tmp/ccal6mT6.s:91683  .debug_str:000000000001056f .LASF2734
     /tmp/ccal6mT6.s:101527  .debug_str:000000000003855a .LASF2735
     /tmp/ccal6mT6.s:105753  .debug_str:000000000004a1ad .LASF2736
     /tmp/ccal6mT6.s:99909  .debug_str:00000000000320ab .LASF2737
     /tmp/ccal6mT6.s:101247  .debug_str:0000000000037620 .LASF2738
     /tmp/ccal6mT6.s:101025  .debug_str:0000000000036965 .LASF2739
     /tmp/ccal6mT6.s:88175  .debug_str:00000000000020e5 .LASF2740
     /tmp/ccal6mT6.s:104417  .debug_str:000000000004468c .LASF2741
     /tmp/ccal6mT6.s:97641  .debug_str:0000000000028ac1 .LASF2742
     /tmp/ccal6mT6.s:94855  .debug_str:000000000001d3d0 .LASF2743
     /tmp/ccal6mT6.s:103055  .debug_str:000000000003ec21 .LASF2744
     /tmp/ccal6mT6.s:96747  .debug_str:0000000000024ed1 .LASF2745
     /tmp/ccal6mT6.s:87885  .debug_str:0000000000000c9e .LASF2746
     /tmp/ccal6mT6.s:103227  .debug_str:000000000003f8b9 .LASF2747
     /tmp/ccal6mT6.s:91347  .debug_str:000000000000f1d1 .LASF2748
     /tmp/ccal6mT6.s:88991  .debug_str:0000000000005956 .LASF2749
     /tmp/ccal6mT6.s:91775  .debug_str:0000000000010b5a .LASF2750
     /tmp/ccal6mT6.s:95837  .debug_str:0000000000021738 .LASF2751
     /tmp/ccal6mT6.s:105015  .debug_str:0000000000046ec0 .LASF2752
     /tmp/ccal6mT6.s:101417  .debug_str:0000000000037f2e .LASF2753
     /tmp/ccal6mT6.s:88909  .debug_str:0000000000005399 .LASF2754
     /tmp/ccal6mT6.s:98731  .debug_str:000000000002d0ef .LASF2755
     /tmp/ccal6mT6.s:101865  .debug_str:0000000000039c51 .LASF2756
     /tmp/ccal6mT6.s:99995  .debug_str:000000000003263b .LASF2757
     /tmp/ccal6mT6.s:105503  .debug_str:000000000004906a .LASF2758
     /tmp/ccal6mT6.s:104901  .debug_str:0000000000046668 .LASF2759
     /tmp/ccal6mT6.s:96449  .debug_str:0000000000023f4a .LASF2760
     /tmp/ccal6mT6.s:96353  .debug_str:0000000000023a07 .LASF2761
     /tmp/ccal6mT6.s:87967  .debug_str:000000000000123c .LASF2762
     /tmp/ccal6mT6.s:98613  .debug_str:000000000002c8b8 .LASF2763
     /tmp/ccal6mT6.s:105885  .debug_str:000000000004aa93 .LASF2764
     /tmp/ccal6mT6.s:89865  .debug_str:000000000000938f .LASF2765
     /tmp/ccal6mT6.s:102855  .debug_str:000000000003dee9 .LASF2766
     /tmp/ccal6mT6.s:97919  .debug_str:0000000000029bae .LASF2767
     /tmp/ccal6mT6.s:97271  .debug_str:00000000000271ed .LASF2768
     /tmp/ccal6mT6.s:91877  .debug_str:00000000000111ad .LASF2769
     /tmp/ccal6mT6.s:105395  .debug_str:000000000004889e .LASF2770
     /tmp/ccal6mT6.s:101967  .debug_str:000000000003a3a1 .LASF2771
     /tmp/ccal6mT6.s:103177  .debug_str:000000000003f563 .LASF2772
     /tmp/ccal6mT6.s:90971  .debug_str:000000000000dcea .LASF2773
     /tmp/ccal6mT6.s:94279  .debug_str:000000000001add4 .LASF2774
     /tmp/ccal6mT6.s:104435  .debug_str:00000000000447b7 .LASF2775
     /tmp/ccal6mT6.s:87791  .debug_str:000000000000067d .LASF2776
     /tmp/ccal6mT6.s:100371  .debug_str:0000000000034014 .LASF2777
     /tmp/ccal6mT6.s:95551  .debug_str:00000000000204a6 .LASF2778
     /tmp/ccal6mT6.s:97491  .debug_str:000000000002804d .LASF2779
     /tmp/ccal6mT6.s:95803  .debug_str:00000000000214cb .LASF2780
     /tmp/ccal6mT6.s:93589  .debug_str:000000000001808f .LASF2781
     /tmp/ccal6mT6.s:88475  .debug_str:000000000000353e .LASF2782
     /tmp/ccal6mT6.s:101231  .debug_str:0000000000037509 .LASF2783
     /tmp/ccal6mT6.s:96379  .debug_str:0000000000023adb .LASF2784
     /tmp/ccal6mT6.s:93839  .debug_str:00000000000191d0 .LASF2785
     /tmp/ccal6mT6.s:103329  .debug_str:000000000003ff63 .LASF2786
     /tmp/ccal6mT6.s:96561  .debug_str:000000000002443c .LASF2787
     /tmp/ccal6mT6.s:95497  .debug_str:00000000000200c3 .LASF2788
     /tmp/ccal6mT6.s:106471  .debug_str:000000000004d426 .LASF2789
     /tmp/ccal6mT6.s:87761  .debug_str:000000000000046e .LASF2790
     /tmp/ccal6mT6.s:104259  .debug_str:0000000000043c5f .LASF2791
     /tmp/ccal6mT6.s:97297  .debug_str:000000000002740a .LASF2792
     /tmp/ccal6mT6.s:102375  .debug_str:000000000003bfe0 .LASF2793
     /tmp/ccal6mT6.s:102537  .debug_str:000000000003caef .LASF2794
     /tmp/ccal6mT6.s:102481  .debug_str:000000000003c728 .LASF2795
     /tmp/ccal6mT6.s:104967  .debug_str:0000000000046b5f .LASF2796
     /tmp/ccal6mT6.s:93045  .debug_str:0000000000015ce3 .LASF2797
     /tmp/ccal6mT6.s:95391  .debug_str:000000000001f9f4 .LASF2798
     /tmp/ccal6mT6.s:88253  .debug_str:0000000000002625 .LASF2799
     /tmp/ccal6mT6.s:104525  .debug_str:0000000000044d62 .LASF2800
     /tmp/ccal6mT6.s:99299  .debug_str:000000000002f792 .LASF2801
     /tmp/ccal6mT6.s:99303  .debug_str:000000000002f7e5 .LASF2802
     /tmp/ccal6mT6.s:96155  .debug_str:0000000000022caa .LASF2803
     /tmp/ccal6mT6.s:103185  .debug_str:000000000003f608 .LASF2804
     /tmp/ccal6mT6.s:89173  .debug_str:0000000000006529 .LASF2805
     /tmp/ccal6mT6.s:92701  .debug_str:00000000000146e9 .LASF2806
     /tmp/ccal6mT6.s:89657  .debug_str:0000000000008535 .LASF2807
     /tmp/ccal6mT6.s:98425  .debug_str:000000000002bbd6 .LASF2808
     /tmp/ccal6mT6.s:104221  .debug_str:00000000000439d6 .LASF2809
     /tmp/ccal6mT6.s:102995  .debug_str:000000000003e797 .LASF2810
     /tmp/ccal6mT6.s:87809  .debug_str:00000000000007b9 .LASF2811
     /tmp/ccal6mT6.s:99591  .debug_str:0000000000030a6f .LASF2812
     /tmp/ccal6mT6.s:89661  .debug_str:000000000000857e .LASF2813
     /tmp/ccal6mT6.s:98141  .debug_str:000000000002aa90 .LASF2814
     /tmp/ccal6mT6.s:99145  .debug_str:000000000002ed3c .LASF2815
     /tmp/ccal6mT6.s:102645  .debug_str:000000000003d15f .LASF2816
     /tmp/ccal6mT6.s:100989  .debug_str:0000000000036825 .LASF2817
     /tmp/ccal6mT6.s:88405  .debug_str:0000000000003128 .LASF2818
     /tmp/ccal6mT6.s:102453  .debug_str:000000000003c565 .LASF2819
     /tmp/ccal6mT6.s:101443  .debug_str:000000000003803a .LASF2820
     /tmp/ccal6mT6.s:94257  .debug_str:000000000001ac36 .LASF2821
     /tmp/ccal6mT6.s:92773  .debug_str:0000000000014b88 .LASF2822
     /tmp/ccal6mT6.s:100681  .debug_str:0000000000035428 .LASF2823
     /tmp/ccal6mT6.s:103719  .debug_str:0000000000041a09 .LASF2824
     /tmp/ccal6mT6.s:102539  .debug_str:000000000003cb30 .LASF2825
     /tmp/ccal6mT6.s:95201  .debug_str:000000000001eb55 .LASF2826
     /tmp/ccal6mT6.s:104099  .debug_str:0000000000043222 .LASF2827
     /tmp/ccal6mT6.s:105415  .debug_str:0000000000048a11 .LASF2828
     /tmp/ccal6mT6.s:95349  .debug_str:000000000001f77a .LASF2829
     /tmp/ccal6mT6.s:93315  .debug_str:0000000000017050 .LASF2830
     /tmp/ccal6mT6.s:105301  .debug_str:0000000000048189 .LASF2831
     /tmp/ccal6mT6.s:89071  .debug_str:0000000000005e62 .LASF2832
     /tmp/ccal6mT6.s:94471  .debug_str:000000000001b98b .LASF2833
     /tmp/ccal6mT6.s:103835  .debug_str:0000000000042193 .LASF2834
     /tmp/ccal6mT6.s:97763  .debug_str:00000000000291e1 .LASF2835
     /tmp/ccal6mT6.s:92315  .debug_str:0000000000012f53 .LASF2836
     /tmp/ccal6mT6.s:97829  .debug_str:000000000002964f .LASF2837
     /tmp/ccal6mT6.s:104595  .debug_str:0000000000045204 .LASF2838
     /tmp/ccal6mT6.s:103565  .debug_str:0000000000040efa .LASF2839
     /tmp/ccal6mT6.s:91957  .debug_str:0000000000011763 .LASF2840
     /tmp/ccal6mT6.s:103825  .debug_str:00000000000420f4 .LASF2841
     /tmp/ccal6mT6.s:91965  .debug_str:00000000000117ff .LASF2842
     /tmp/ccal6mT6.s:92065  .debug_str:0000000000011e7e .LASF2843
     /tmp/ccal6mT6.s:95631  .debug_str:0000000000020aa5 .LASF2844
     /tmp/ccal6mT6.s:103419  .debug_str:00000000000405d0 .LASF2845
     /tmp/ccal6mT6.s:88911  .debug_str:00000000000053d9 .LASF2846
     /tmp/ccal6mT6.s:88961  .debug_str:00000000000057a5 .LASF2847
     /tmp/ccal6mT6.s:101753  .debug_str:00000000000394e4 .LASF2848
     /tmp/ccal6mT6.s:90545  .debug_str:000000000000c21d .LASF2849
     /tmp/ccal6mT6.s:97587  .debug_str:000000000002870f .LASF2850
     /tmp/ccal6mT6.s:102105  .debug_str:000000000003ace9 .LASF2851
     /tmp/ccal6mT6.s:95307  .debug_str:000000000001f359 .LASF2852
     /tmp/ccal6mT6.s:88239  .debug_str:0000000000002506 .LASF2853
     /tmp/ccal6mT6.s:89563  .debug_str:0000000000007ed0 .LASF2854
     /tmp/ccal6mT6.s:99415  .debug_str:000000000002feea .LASF2855
     /tmp/ccal6mT6.s:103713  .debug_str:0000000000041989 .LASF2856
     /tmp/ccal6mT6.s:89621  .debug_str:00000000000082c4 .LASF2857
     /tmp/ccal6mT6.s:101799  .debug_str:00000000000398b4 .LASF2858
     /tmp/ccal6mT6.s:98997  .debug_str:000000000002e2e6 .LASF2859
     /tmp/ccal6mT6.s:94451  .debug_str:000000000001b888 .LASF2860
     /tmp/ccal6mT6.s:89205  .debug_str:000000000000674e .LASF2861
     /tmp/ccal6mT6.s:102391  .debug_str:000000000003c14d .LASF2862
     /tmp/ccal6mT6.s:89003  .debug_str:0000000000005a29 .LASF2863
     /tmp/ccal6mT6.s:91495  .debug_str:000000000000fa20 .LASF2864
     /tmp/ccal6mT6.s:96077  .debug_str:00000000000227e2 .LASF2865
     /tmp/ccal6mT6.s:91717  .debug_str:0000000000010734 .LASF2866
     /tmp/ccal6mT6.s:98497  .debug_str:000000000002c0cc .LASF2867
     /tmp/ccal6mT6.s:102517  .debug_str:000000000003c980 .LASF2868
     /tmp/ccal6mT6.s:93399  .debug_str:0000000000017535 .LASF2869
     /tmp/ccal6mT6.s:98189  .debug_str:000000000002adcd .LASF2870
     /tmp/ccal6mT6.s:99655  .debug_str:0000000000030f0a .LASF2871
     /tmp/ccal6mT6.s:95957  .debug_str:0000000000021f59 .LASF2872
     /tmp/ccal6mT6.s:88077  .debug_str:00000000000019fd .LASF2873
     /tmp/ccal6mT6.s:91585  .debug_str:000000000000ff5c .LASF2874
     /tmp/ccal6mT6.s:95335  .debug_str:000000000001f61d .LASF2875
     /tmp/ccal6mT6.s:90373  .debug_str:000000000000b6fc .LASF2876
     /tmp/ccal6mT6.s:103523  .debug_str:0000000000040bd4 .LASF2877
     /tmp/ccal6mT6.s:89571  .debug_str:0000000000007f69 .LASF2878
     /tmp/ccal6mT6.s:90515  .debug_str:000000000000c00b .LASF2879
     /tmp/ccal6mT6.s:94307  .debug_str:000000000001af1c .LASF2880
     /tmp/ccal6mT6.s:89961  .debug_str:00000000000099d7 .LASF2881
     /tmp/ccal6mT6.s:102513  .debug_str:000000000003c922 .LASF2882
     /tmp/ccal6mT6.s:92511  .debug_str:0000000000013b2b .LASF2883
     /tmp/ccal6mT6.s:91863  .debug_str:00000000000110aa .LASF2884
     /tmp/ccal6mT6.s:97123  .debug_str:0000000000026858 .LASF2885
     /tmp/ccal6mT6.s:89551  .debug_str:0000000000007dd7 .LASF2886
     /tmp/ccal6mT6.s:88489  .debug_str:0000000000003680 .LASF2887
     /tmp/ccal6mT6.s:100261  .debug_str:0000000000033857 .LASF2888
     /tmp/ccal6mT6.s:98915  .debug_str:000000000002de0d .LASF2889
     /tmp/ccal6mT6.s:106057  .debug_str:000000000004b86a .LASF2890
     /tmp/ccal6mT6.s:106425  .debug_str:000000000004d105 .LASF2891
     /tmp/ccal6mT6.s:92759  .debug_str:0000000000014aba .LASF2892
     /tmp/ccal6mT6.s:89213  .debug_str:000000000000680a .LASF2893
     /tmp/ccal6mT6.s:103387  .debug_str:0000000000040388 .LASF2894
     /tmp/ccal6mT6.s:89739  .debug_str:0000000000008ad5 .LASF2895
     /tmp/ccal6mT6.s:105951  .debug_str:000000000004b08c .LASF2896
     /tmp/ccal6mT6.s:90167  .debug_str:000000000000a7a4 .LASF2897
     /tmp/ccal6mT6.s:102257  .debug_str:000000000003b760 .LASF2898
     /tmp/ccal6mT6.s:97367  .debug_str:0000000000027896 .LASF2899
     /tmp/ccal6mT6.s:92197  .debug_str:00000000000127d6 .LASF2900
     /tmp/ccal6mT6.s:103341  .debug_str:0000000000040039 .LASF2901
     /tmp/ccal6mT6.s:101793  .debug_str:000000000003981a .LASF2902
     /tmp/ccal6mT6.s:96873  .debug_str:000000000002579a .LASF2903
     /tmp/ccal6mT6.s:100289  .debug_str:0000000000033a02 .LASF2904
     /tmp/ccal6mT6.s:104305  .debug_str:0000000000043f2e .LASF2905
     /tmp/ccal6mT6.s:93377  .debug_str:00000000000173e3 .LASF2906
     /tmp/ccal6mT6.s:89237  .debug_str:00000000000069d6 .LASF2907
     /tmp/ccal6mT6.s:104823  .debug_str:0000000000046147 .LASF2908
     /tmp/ccal6mT6.s:102065  .debug_str:000000000003aa97 .LASF2909
     /tmp/ccal6mT6.s:93229  .debug_str:00000000000169c0 .LASF2910
     /tmp/ccal6mT6.s:94879  .debug_str:000000000001d563 .LASF2911
     /tmp/ccal6mT6.s:90037  .debug_str:0000000000009e86 .LASF2912
     /tmp/ccal6mT6.s:92513  .debug_str:0000000000013b69 .LASF2913
     /tmp/ccal6mT6.s:92779  .debug_str:0000000000014c17 .LASF2914
     /tmp/ccal6mT6.s:90641  .debug_str:000000000000c86e .LASF2915
     /tmp/ccal6mT6.s:103071  .debug_str:000000000003ed19 .LASF2916
     /tmp/ccal6mT6.s:105895  .debug_str:000000000004ab82 .LASF2917
     /tmp/ccal6mT6.s:97939  .debug_str:0000000000029daf .LASF2918
     /tmp/ccal6mT6.s:105391  .debug_str:0000000000048850 .LASF2919
     /tmp/ccal6mT6.s:88163  .debug_str:000000000000200d .LASF2920
     /tmp/ccal6mT6.s:91907  .debug_str:00000000000113b2 .LASF2921
     /tmp/ccal6mT6.s:99601  .debug_str:0000000000030b8c .LASF2922
     /tmp/ccal6mT6.s:105153  .debug_str:0000000000047825 .LASF2923
     /tmp/ccal6mT6.s:97257  .debug_str:00000000000270f2 .LASF2924
     /tmp/ccal6mT6.s:103123  .debug_str:000000000003f0fc .LASF2925
     /tmp/ccal6mT6.s:99867  .debug_str:0000000000031dc2 .LASF2926
     /tmp/ccal6mT6.s:88749  .debug_str:00000000000048b1 .LASF2927
     /tmp/ccal6mT6.s:91663  .debug_str:00000000000103ed .LASF2928
     /tmp/ccal6mT6.s:95189  .debug_str:000000000001ea83 .LASF2929
     /tmp/ccal6mT6.s:93891  .debug_str:000000000001953a .LASF2930
     /tmp/ccal6mT6.s:98483  .debug_str:000000000002bfa3 .LASF2931
     /tmp/ccal6mT6.s:98691  .debug_str:000000000002ce0b .LASF2932
     /tmp/ccal6mT6.s:101605  .debug_str:0000000000038b25 .LASF2933
     /tmp/ccal6mT6.s:101529  .debug_str:000000000003859b .LASF2934
     /tmp/ccal6mT6.s:90091  .debug_str:000000000000a29a .LASF2935
     /tmp/ccal6mT6.s:95629  .debug_str:0000000000020a59 .LASF2936
     /tmp/ccal6mT6.s:100821  .debug_str:0000000000035de2 .LASF2937
     /tmp/ccal6mT6.s:98885  .debug_str:000000000002db95 .LASF2938
     /tmp/ccal6mT6.s:102129  .debug_str:000000000003ae74 .LASF2939
     /tmp/ccal6mT6.s:105791  .debug_str:000000000004a4a7 .LASF2940
     /tmp/ccal6mT6.s:102769  .debug_str:000000000003d9b5 .LASF2941
     /tmp/ccal6mT6.s:105137  .debug_str:00000000000476f1 .LASF2942
     /tmp/ccal6mT6.s:93977  .debug_str:0000000000019afb .LASF2943
     /tmp/ccal6mT6.s:95033  .debug_str:000000000001df7f .LASF2944
     /tmp/ccal6mT6.s:104087  .debug_str:000000000004313b .LASF2945
     /tmp/ccal6mT6.s:90779  .debug_str:000000000000d144 .LASF2946
     /tmp/ccal6mT6.s:102021  .debug_str:000000000003a780 .LASF2947
     /tmp/ccal6mT6.s:101309  .debug_str:0000000000037930 .LASF2948
     /tmp/ccal6mT6.s:93129  .debug_str:00000000000162b0 .LASF2949
     /tmp/ccal6mT6.s:92637  .debug_str:00000000000142ae .LASF2950
     /tmp/ccal6mT6.s:99755  .debug_str:00000000000315f2 .LASF2951
     /tmp/ccal6mT6.s:102971  .debug_str:000000000003e5b0 .LASF2952
     /tmp/ccal6mT6.s:94481  .debug_str:000000000001ba53 .LASF2953
     /tmp/ccal6mT6.s:102025  .debug_str:000000000003a7cc .LASF2954
     /tmp/ccal6mT6.s:102389  .debug_str:000000000003c10a .LASF2955
     /tmp/ccal6mT6.s:93137  .debug_str:0000000000016345 .LASF2956
     /tmp/ccal6mT6.s:103105  .debug_str:000000000003efa5 .LASF2957
     /tmp/ccal6mT6.s:104709  .debug_str:0000000000045a02 .LASF2958
     /tmp/ccal6mT6.s:98871  .debug_str:000000000002da95 .LASF2959
     /tmp/ccal6mT6.s:92785  .debug_str:0000000000014cae .LASF2960
     /tmp/ccal6mT6.s:89439  .debug_str:00000000000076fb .LASF2961
     /tmp/ccal6mT6.s:98937  .debug_str:000000000002df36 .LASF2962
     /tmp/ccal6mT6.s:90501  .debug_str:000000000000bed2 .LASF2963
     /tmp/ccal6mT6.s:102419  .debug_str:000000000003c32d .LASF2964
     /tmp/ccal6mT6.s:97395  .debug_str:0000000000027ae0 .LASF2965
     /tmp/ccal6mT6.s:103517  .debug_str:0000000000040b32 .LASF2966
     /tmp/ccal6mT6.s:92293  .debug_str:0000000000012dd5 .LASF2967
     /tmp/ccal6mT6.s:103569  .debug_str:0000000000040f56 .LASF2968
     /tmp/ccal6mT6.s:96207  .debug_str:0000000000023076 .LASF2969
     /tmp/ccal6mT6.s:104603  .debug_str:00000000000452b6 .LASF2970
     /tmp/ccal6mT6.s:101099  .debug_str:0000000000036d67 .LASF2971
     /tmp/ccal6mT6.s:97907  .debug_str:0000000000029ad9 .LASF2972
     /tmp/ccal6mT6.s:98955  .debug_str:000000000002e06f .LASF2973
     /tmp/ccal6mT6.s:106207  .debug_str:000000000004c243 .LASF2974
     /tmp/ccal6mT6.s:89167  .debug_str:00000000000064ac .LASF2975
     /tmp/ccal6mT6.s:100135  .debug_str:0000000000032fe1 .LASF2976
     /tmp/ccal6mT6.s:104721  .debug_str:0000000000045ad8 .LASF2977
     /tmp/ccal6mT6.s:95329  .debug_str:000000000001f580 .LASF2978
     /tmp/ccal6mT6.s:95001  .debug_str:000000000001dd20 .LASF2979
     /tmp/ccal6mT6.s:104107  .debug_str:00000000000432bc .LASF2980
     /tmp/ccal6mT6.s:89703  .debug_str:0000000000008861 .LASF2981
     /tmp/ccal6mT6.s:101277  .debug_str:00000000000376fd .LASF2982
     /tmp/ccal6mT6.s:94707  .debug_str:000000000001c8d5 .LASF2983
     /tmp/ccal6mT6.s:91671  .debug_str:00000000000104a5 .LASF2984
     /tmp/ccal6mT6.s:102131  .debug_str:000000000003ae9d .LASF2985
     /tmp/ccal6mT6.s:92945  .debug_str:0000000000015660 .LASF2986
     /tmp/ccal6mT6.s:106007  .debug_str:000000000004b547 .LASF2987
     /tmp/ccal6mT6.s:97999  .debug_str:000000000002a1c8 .LASF2988
     /tmp/ccal6mT6.s:91349  .debug_str:000000000000f208 .LASF2989
     /tmp/ccal6mT6.s:98807  .debug_str:000000000002d5e8 .LASF2990
     /tmp/ccal6mT6.s:96345  .debug_str:0000000000023924 .LASF2991
     /tmp/ccal6mT6.s:89177  .debug_str:000000000000658a .LASF2992
     /tmp/ccal6mT6.s:93899  .debug_str:00000000000195fa .LASF2993
     /tmp/ccal6mT6.s:93973  .debug_str:0000000000019ab3 .LASF2994
     /tmp/ccal6mT6.s:94259  .debug_str:000000000001ac79 .LASF2995
     /tmp/ccal6mT6.s:98687  .debug_str:000000000002cdaa .LASF2996
     /tmp/ccal6mT6.s:89859  .debug_str:00000000000092dc .LASF2997
     /tmp/ccal6mT6.s:101879  .debug_str:0000000000039d0a .LASF2998
     /tmp/ccal6mT6.s:89215  .debug_str:0000000000006845 .LASF2999
     /tmp/ccal6mT6.s:95687  .debug_str:0000000000020db6 .LASF3000
     /tmp/ccal6mT6.s:99015  .debug_str:000000000002e445 .LASF3001
     /tmp/ccal6mT6.s:92843  .debug_str:00000000000150f5 .LASF3002
     /tmp/ccal6mT6.s:90279  .debug_str:000000000000af95 .LASF3003
     /tmp/ccal6mT6.s:102937  .debug_str:000000000003e400 .LASF3004
     /tmp/ccal6mT6.s:89663  .debug_str:00000000000085bf .LASF3005
     /tmp/ccal6mT6.s:94161  .debug_str:000000000001a66e .LASF3006
     /tmp/ccal6mT6.s:103603  .debug_str:0000000000041159 .LASF3007
     /tmp/ccal6mT6.s:99815  .debug_str:0000000000031a50 .LASF3008
     /tmp/ccal6mT6.s:95081  .debug_str:000000000001e36b .LASF3009
     /tmp/ccal6mT6.s:104527  .debug_str:0000000000044da3 .LASF3010
     /tmp/ccal6mT6.s:96869  .debug_str:0000000000025736 .LASF3011
     /tmp/ccal6mT6.s:101113  .debug_str:0000000000036e80 .LASF3012
     /tmp/ccal6mT6.s:97035  .debug_str:0000000000026207 .LASF3013
     /tmp/ccal6mT6.s:92231  .debug_str:0000000000012a44 .LASF3014
     /tmp/ccal6mT6.s:95977  .debug_str:00000000000220e7 .LASF3015
     /tmp/ccal6mT6.s:100247  .debug_str:000000000003375b .LASF3016
     /tmp/ccal6mT6.s:88357  .debug_str:0000000000002e33 .LASF3017
     /tmp/ccal6mT6.s:100295  .debug_str:0000000000033a76 .LASF3018
     /tmp/ccal6mT6.s:87829  .debug_str:000000000000090c .LASF3019
     /tmp/ccal6mT6.s:95253  .debug_str:000000000001efba .LASF3020
     /tmp/ccal6mT6.s:102381  .debug_str:000000000003c05d .LASF3021
     /tmp/ccal6mT6.s:89043  .debug_str:0000000000005c89 .LASF3022
     /tmp/ccal6mT6.s:94353  .debug_str:000000000001b20b .LASF3023
     /tmp/ccal6mT6.s:94613  .debug_str:000000000001c279 .LASF3024
     /tmp/ccal6mT6.s:88887  .debug_str:00000000000051ee .LASF3025
     /tmp/ccal6mT6.s:93595  .debug_str:000000000001811b .LASF3026
     /tmp/ccal6mT6.s:99403  .debug_str:000000000002fdf9 .LASF3027
     /tmp/ccal6mT6.s:102535  .debug_str:000000000003caa4 .LASF3028
     /tmp/ccal6mT6.s:94341  .debug_str:000000000001b14a .LASF3029
     /tmp/ccal6mT6.s:98837  .debug_str:000000000002d7c5 .LASF3030
     /tmp/ccal6mT6.s:93413  .debug_str:000000000001766a .LASF3031
     /tmp/ccal6mT6.s:104923  .debug_str:000000000004680a .LASF3032
     /tmp/ccal6mT6.s:105651  .debug_str:0000000000049a77 .LASF3033
     /tmp/ccal6mT6.s:97041  .debug_str:0000000000026283 .LASF3034
     /tmp/ccal6mT6.s:97403  .debug_str:0000000000027b9d .LASF3035
     /tmp/ccal6mT6.s:90039  .debug_str:0000000000009ecd .LASF3036
     /tmp/ccal6mT6.s:105431  .debug_str:0000000000048b30 .LASF3037
     /tmp/ccal6mT6.s:106351  .debug_str:000000000004cba1 .LASF3038
     /tmp/ccal6mT6.s:100901  .debug_str:00000000000362bd .LASF3039
     /tmp/ccal6mT6.s:99609  .debug_str:0000000000030c24 .LASF3040
     /tmp/ccal6mT6.s:96065  .debug_str:0000000000022705 .LASF3041
     /tmp/ccal6mT6.s:101563  .debug_str:000000000003881a .LASF3042
     /tmp/ccal6mT6.s:100893  .debug_str:0000000000036204 .LASF3043
     /tmp/ccal6mT6.s:91755  .debug_str:00000000000109e9 .LASF3044
     /tmp/ccal6mT6.s:89305  .debug_str:0000000000006ead .LASF3045
     /tmp/ccal6mT6.s:91543  .debug_str:000000000000fcb1 .LASF3046
     /tmp/ccal6mT6.s:101919  .debug_str:000000000003a025 .LASF3047
     /tmp/ccal6mT6.s:98751  .debug_str:000000000002d292 .LASF3048
     /tmp/ccal6mT6.s:88123  .debug_str:0000000000001ce2 .LASF3049
     /tmp/ccal6mT6.s:93621  .debug_str:00000000000182f4 .LASF3050
     /tmp/ccal6mT6.s:92109  .debug_str:0000000000012192 .LASF3051
     /tmp/ccal6mT6.s:98867  .debug_str:000000000002da1d .LASF3052
     /tmp/ccal6mT6.s:89589  .debug_str:000000000000809e .LASF3053
     /tmp/ccal6mT6.s:103637  .debug_str:0000000000041431 .LASF3054
     /tmp/ccal6mT6.s:102693  .debug_str:000000000003d4c4 .LASF3055
     /tmp/ccal6mT6.s:104033  .debug_str:0000000000042e36 .LASF3056
     /tmp/ccal6mT6.s:99827  .debug_str:0000000000031b16 .LASF3057
     /tmp/ccal6mT6.s:95559  .debug_str:0000000000020556 .LASF3058
     /tmp/ccal6mT6.s:95459  .debug_str:000000000001fdca .LASF3059
     /tmp/ccal6mT6.s:89843  .debug_str:000000000000918b .LASF3060
     /tmp/ccal6mT6.s:88947  .debug_str:00000000000056aa .LASF3061
     /tmp/ccal6mT6.s:103151  .debug_str:000000000003f342 .LASF3062
     /tmp/ccal6mT6.s:104567  .debug_str:0000000000045027 .LASF3063
     /tmp/ccal6mT6.s:94637  .debug_str:000000000001c400 .LASF3064
     /tmp/ccal6mT6.s:93005  .debug_str:0000000000015a20 .LASF3065
     /tmp/ccal6mT6.s:104917  .debug_str:0000000000046794 .LASF3066
     /tmp/ccal6mT6.s:103101  .debug_str:000000000003ef40 .LASF3067
     /tmp/ccal6mT6.s:97655  .debug_str:0000000000028b7b .LASF3068
     /tmp/ccal6mT6.s:101363  .debug_str:0000000000037b8f .LASF3069
     /tmp/ccal6mT6.s:88983  .debug_str:00000000000058ed .LASF3070
     /tmp/ccal6mT6.s:88557  .debug_str:0000000000003af9 .LASF3071
     /tmp/ccal6mT6.s:102733  .debug_str:000000000003d754 .LASF3072
     /tmp/ccal6mT6.s:106335  .debug_str:000000000004ca67 .LASF3073
     /tmp/ccal6mT6.s:90699  .debug_str:000000000000cc24 .LASF3074
     /tmp/ccal6mT6.s:89793  .debug_str:0000000000008e83 .LASF3075
     /tmp/ccal6mT6.s:89693  .debug_str:0000000000008789 .LASF3076
     /tmp/ccal6mT6.s:103711  .debug_str:0000000000041946 .LASF3077
     /tmp/ccal6mT6.s:99961  .debug_str:000000000003241a .LASF3078
     /tmp/ccal6mT6.s:97581  .debug_str:0000000000028698 .LASF3079
     /tmp/ccal6mT6.s:94229  .debug_str:000000000001a9ef .LASF3080
     /tmp/ccal6mT6.s:91547  .debug_str:000000000000fcfd .LASF3081
     /tmp/ccal6mT6.s:102621  .debug_str:000000000003cfb2 .LASF3082
     /tmp/ccal6mT6.s:95337  .debug_str:000000000001f666 .LASF3083
     /tmp/ccal6mT6.s:89721  .debug_str:00000000000089bc .LASF3084
     /tmp/ccal6mT6.s:94449  .debug_str:000000000001b847 .LASF3085
     /tmp/ccal6mT6.s:94565  .debug_str:000000000001bf43 .LASF3086
     /tmp/ccal6mT6.s:100791  .debug_str:0000000000035b78 .LASF3087
     /tmp/ccal6mT6.s:92913  .debug_str:000000000001546b .LASF3088
     /tmp/ccal6mT6.s:103225  .debug_str:000000000003f86e .LASF3089
     /tmp/ccal6mT6.s:104227  .debug_str:0000000000043a3f .LASF3090
     /tmp/ccal6mT6.s:101985  .debug_str:000000000003a4fe .LASF3091
     /tmp/ccal6mT6.s:105133  .debug_str:0000000000047693 .LASF3092
     /tmp/ccal6mT6.s:101639  .debug_str:0000000000038da6 .LASF3093
     /tmp/ccal6mT6.s:100569  .debug_str:0000000000034d16 .LASF3094
     /tmp/ccal6mT6.s:91837  .debug_str:0000000000010e95 .LASF3095
     /tmp/ccal6mT6.s:95777  .debug_str:0000000000021302 .LASF3096
     /tmp/ccal6mT6.s:101145  .debug_str:0000000000037073 .LASF3097
     /tmp/ccal6mT6.s:92027  .debug_str:0000000000011c43 .LASF3098
     /tmp/ccal6mT6.s:89711  .debug_str:00000000000088f0 .LASF3099
     /tmp/ccal6mT6.s:106223  .debug_str:000000000004c386 .LASF3100
     /tmp/ccal6mT6.s:101285  .debug_str:0000000000037776 .LASF3101
     /tmp/ccal6mT6.s:101737  .debug_str:00000000000393ae .LASF3102
     /tmp/ccal6mT6.s:93687  .debug_str:0000000000018791 .LASF3103
     /tmp/ccal6mT6.s:96855  .debug_str:0000000000025644 .LASF3104
     /tmp/ccal6mT6.s:88859  .debug_str:0000000000004fc7 .LASF3105
     /tmp/ccal6mT6.s:101889  .debug_str:0000000000039dda .LASF3106
     /tmp/ccal6mT6.s:88681  .debug_str:00000000000043c8 .LASF3107
     /tmp/ccal6mT6.s:104301  .debug_str:0000000000043ebc .LASF3108
     /tmp/ccal6mT6.s:96811  .debug_str:0000000000025305 .LASF3109
     /tmp/ccal6mT6.s:97295  .debug_str:00000000000273ca .LASF3110
     /tmp/ccal6mT6.s:102371  .debug_str:000000000003bf70 .LASF3111
     /tmp/ccal6mT6.s:90519  .debug_str:000000000000c069 .LASF3112
     /tmp/ccal6mT6.s:90575  .debug_str:000000000000c444 .LASF3113
     /tmp/ccal6mT6.s:105033  .debug_str:0000000000047074 .LASF3114
     /tmp/ccal6mT6.s:106025  .debug_str:000000000004b682 .LASF3115
     /tmp/ccal6mT6.s:93103  .debug_str:0000000000016107 .LASF3116
     /tmp/ccal6mT6.s:92359  .debug_str:00000000000131f7 .LASF3117
     /tmp/ccal6mT6.s:92967  .debug_str:00000000000157f6 .LASF3118
     /tmp/ccal6mT6.s:100909  .debug_str:000000000003633d .LASF3119
     /tmp/ccal6mT6.s:104231  .debug_str:0000000000043ab9 .LASF3120
     /tmp/ccal6mT6.s:102879  .debug_str:000000000003e048 .LASF3121
     /tmp/ccal6mT6.s:105819  .debug_str:000000000004a691 .LASF3122
     /tmp/ccal6mT6.s:88353  .debug_str:0000000000002ddf .LASF3123
     /tmp/ccal6mT6.s:101635  .debug_str:0000000000038d3c .LASF3124
     /tmp/ccal6mT6.s:98785  .debug_str:000000000002d4a7 .LASF3125
     /tmp/ccal6mT6.s:102207  .debug_str:000000000003b41b .LASF3126
     /tmp/ccal6mT6.s:90047  .debug_str:0000000000009f97 .LASF3127
     /tmp/ccal6mT6.s:93169  .debug_str:0000000000016568 .LASF3128
     /tmp/ccal6mT6.s:103299  .debug_str:000000000003fd4d .LASF3129
     /tmp/ccal6mT6.s:95075  .debug_str:000000000001e307 .LASF3130
     /tmp/ccal6mT6.s:101837  .debug_str:0000000000039aca .LASF3131
     /tmp/ccal6mT6.s:105081  .debug_str:00000000000473a4 .LASF3132
     /tmp/ccal6mT6.s:93167  .debug_str:000000000001652d .LASF3133
     /tmp/ccal6mT6.s:96331  .debug_str:0000000000023845 .LASF3134
     /tmp/ccal6mT6.s:103499  .debug_str:00000000000409ed .LASF3135
     /tmp/ccal6mT6.s:106369  .debug_str:000000000004cd2c .LASF3136
     /tmp/ccal6mT6.s:104029  .debug_str:0000000000042ddc .LASF3137
     /tmp/ccal6mT6.s:95539  .debug_str:00000000000203c3 .LASF3138
     /tmp/ccal6mT6.s:94655  .debug_str:000000000001c549 .LASF3139
     /tmp/ccal6mT6.s:94653  .debug_str:000000000001c505 .LASF3140
     /tmp/ccal6mT6.s:87759  .debug_str:000000000000042f .LASF3141
     /tmp/ccal6mT6.s:100227  .debug_str:00000000000335f6 .LASF3142
     /tmp/ccal6mT6.s:98037  .debug_str:000000000002a37b .LASF3143
     /tmp/ccal6mT6.s:98429  .debug_str:000000000002bc26 .LASF3144
     /tmp/ccal6mT6.s:104187  .debug_str:0000000000043785 .LASF3145
     /tmp/ccal6mT6.s:101833  .debug_str:0000000000039a77 .LASF3146
     /tmp/ccal6mT6.s:100007  .debug_str:0000000000032722 .LASF3147
     /tmp/ccal6mT6.s:88803  .debug_str:0000000000004c42 .LASF3148
     /tmp/ccal6mT6.s:105997  .debug_str:000000000004b477 .LASF3149
     /tmp/ccal6mT6.s:91999  .debug_str:0000000000011a90 .LASF3150
     /tmp/ccal6mT6.s:99409  .debug_str:000000000002fe87 .LASF3151
     /tmp/ccal6mT6.s:93489  .debug_str:0000000000017b5e .LASF3152
     /tmp/ccal6mT6.s:105427  .debug_str:0000000000048ae1 .LASF3153
     /tmp/ccal6mT6.s:93025  .debug_str:0000000000015b78 .LASF3154
     /tmp/ccal6mT6.s:98605  .debug_str:000000000002c81f .LASF3155
     /tmp/ccal6mT6.s:104443  .debug_str:0000000000044844 .LASF3156
     /tmp/ccal6mT6.s:100365  .debug_str:0000000000033f93 .LASF3157
     /tmp/ccal6mT6.s:97043  .debug_str:00000000000262ca .LASF3158
     /tmp/ccal6mT6.s:97671  .debug_str:0000000000028cb0 .LASF3159
     /tmp/ccal6mT6.s:96159  .debug_str:0000000000022d0f .LASF3160
     /tmp/ccal6mT6.s:92789  .debug_str:0000000000014d05 .LASF3161
     /tmp/ccal6mT6.s:105293  .debug_str:00000000000480f1 .LASF3162
     /tmp/ccal6mT6.s:88139  .debug_str:0000000000001e0a .LASF3163
     /tmp/ccal6mT6.s:95745  .debug_str:000000000002118b .LASF3164
     /tmp/ccal6mT6.s:102399  .debug_str:000000000003c1db .LASF3165
     /tmp/ccal6mT6.s:104887  .debug_str:0000000000046569 .LASF3166
     /tmp/ccal6mT6.s:89363  .debug_str:0000000000007250 .LASF3167
     /tmp/ccal6mT6.s:104867  .debug_str:00000000000463fe .LASF3168
     /tmp/ccal6mT6.s:100595  .debug_str:0000000000034ebb .LASF3169
     /tmp/ccal6mT6.s:93197  .debug_str:0000000000016765 .LASF3170
     /tmp/ccal6mT6.s:106319  .debug_str:000000000004c932 .LASF3171
     /tmp/ccal6mT6.s:97549  .debug_str:000000000002845b .LASF3172
     /tmp/ccal6mT6.s:89057  .debug_str:0000000000005d79 .LASF3173
     /tmp/ccal6mT6.s:103811  .debug_str:0000000000041fd6 .LASF3174
     /tmp/ccal6mT6.s:103557  .debug_str:0000000000040e54 .LASF3175
     /tmp/ccal6mT6.s:89713  .debug_str:0000000000008934 .LASF3176
     /tmp/ccal6mT6.s:101515  .debug_str:000000000003844a .LASF3177
     /tmp/ccal6mT6.s:91309  .debug_str:000000000000eea4 .LASF3178
     /tmp/ccal6mT6.s:90025  .debug_str:0000000000009d9f .LASF3179
     /tmp/ccal6mT6.s:106345  .debug_str:000000000004caf8 .LASF3180
     /tmp/ccal6mT6.s:93721  .debug_str:00000000000189fc .LASF3181
     /tmp/ccal6mT6.s:91245  .debug_str:000000000000eb19 .LASF3182
     /tmp/ccal6mT6.s:88137  .debug_str:0000000000001de1 .LASF3183
     /tmp/ccal6mT6.s:97607  .debug_str:000000000002885d .LASF3184
     /tmp/ccal6mT6.s:101679  .debug_str:0000000000038ff6 .LASF3185
     /tmp/ccal6mT6.s:100133  .debug_str:0000000000032fa3 .LASF3186
     /tmp/ccal6mT6.s:92745  .debug_str:00000000000149b7 .LASF3187
     /tmp/ccal6mT6.s:92023  .debug_str:0000000000011bd8 .LASF3188
     /tmp/ccal6mT6.s:103323  .debug_str:000000000003fedd .LASF3189
     /tmp/ccal6mT6.s:105871  .debug_str:000000000004a97a .LASF3190
     /tmp/ccal6mT6.s:90347  .debug_str:000000000000b524 .LASF3191
     /tmp/ccal6mT6.s:96319  .debug_str:0000000000023771 .LASF3192
     /tmp/ccal6mT6.s:103501  .debug_str:0000000000040a28 .LASF3193
     /tmp/ccal6mT6.s:101657  .debug_str:0000000000038ebf .LASF3194
     /tmp/ccal6mT6.s:94733  .debug_str:000000000001caf9 .LASF3195
     /tmp/ccal6mT6.s:92963  .debug_str:0000000000015793 .LASF3196
     /tmp/ccal6mT6.s:87763  .debug_str:00000000000004b2 .LASF3197
     /tmp/ccal6mT6.s:91951  .debug_str:00000000000116ef .LASF3198
     /tmp/ccal6mT6.s:93835  .debug_str:0000000000019174 .LASF3199
     /tmp/ccal6mT6.s:100407  .debug_str:00000000000342ab .LASF3200
     /tmp/ccal6mT6.s:93767  .debug_str:0000000000018d20 .LASF3201
     /tmp/ccal6mT6.s:88835  .debug_str:0000000000004e4f .LASF3202
     /tmp/ccal6mT6.s:87757  .debug_str:00000000000003e8 .LASF3203
     /tmp/ccal6mT6.s:103067  .debug_str:000000000003ecc5 .LASF3204
     /tmp/ccal6mT6.s:96757  .debug_str:0000000000024f6c .LASF3205
     /tmp/ccal6mT6.s:88307  .debug_str:0000000000002a45 .LASF3206
     /tmp/ccal6mT6.s:94085  .debug_str:000000000001a208 .LASF3207
     /tmp/ccal6mT6.s:91893  .debug_str:00000000000112b8 .LASF3208
     /tmp/ccal6mT6.s:102085  .debug_str:000000000003abda .LASF3209
     /tmp/ccal6mT6.s:95039  .debug_str:000000000001e00e .LASF3210
     /tmp/ccal6mT6.s:92623  .debug_str:00000000000141ab .LASF3211
     /tmp/ccal6mT6.s:87713  .debug_str:0000000000000143 .LASF3212
     /tmp/ccal6mT6.s:95713  .debug_str:0000000000020ed0 .LASF3213
     /tmp/ccal6mT6.s:88033  .debug_str:00000000000016b3 .LASF3214
     /tmp/ccal6mT6.s:96277  .debug_str:0000000000023574 .LASF3215
     /tmp/ccal6mT6.s:101903  .debug_str:0000000000039ecb .LASF3216
     /tmp/ccal6mT6.s:87835  .debug_str:000000000000099b .LASF3217
     /tmp/ccal6mT6.s:102137  .debug_str:000000000003af3f .LASF3218
     /tmp/ccal6mT6.s:100273  .debug_str:0000000000033903 .LASF3219
     /tmp/ccal6mT6.s:89351  .debug_str:0000000000007154 .LASF3220
     /tmp/ccal6mT6.s:89185  .debug_str:0000000000006630 .LASF3221
     /tmp/ccal6mT6.s:103653  .debug_str:0000000000041582 .LASF3222
     /tmp/ccal6mT6.s:95327  .debug_str:000000000001f53c .LASF3223
     /tmp/ccal6mT6.s:101213  .debug_str:00000000000373c0 .LASF3224
     /tmp/ccal6mT6.s:97167  .debug_str:0000000000026b44 .LASF3225
     /tmp/ccal6mT6.s:100195  .debug_str:0000000000033396 .LASF3226
     /tmp/ccal6mT6.s:106291  .debug_str:000000000004c7bd .LASF3227
     /tmp/ccal6mT6.s:89595  .debug_str:000000000000811d .LASF3228
     /tmp/ccal6mT6.s:106263  .debug_str:000000000004c658 .LASF3229
     /tmp/ccal6mT6.s:105433  .debug_str:0000000000048b6c .LASF3230
     /tmp/ccal6mT6.s:94777  .debug_str:000000000001cdfa .LASF3231
     /tmp/ccal6mT6.s:89605  .debug_str:00000000000081d2 .LASF3232
     /tmp/ccal6mT6.s:98903  .debug_str:000000000002dd05 .LASF3233
     /tmp/ccal6mT6.s:92053  .debug_str:0000000000011dd5 .LASF3234
     /tmp/ccal6mT6.s:102159  .debug_str:000000000003b0a1 .LASF3235
     /tmp/ccal6mT6.s:106475  .debug_str:000000000004d47f .LASF3236
     /tmp/ccal6mT6.s:88041  .debug_str:0000000000001749 .LASF3237
     /tmp/ccal6mT6.s:105983  .debug_str:000000000004b343 .LASF3238
     /tmp/ccal6mT6.s:91061  .debug_str:000000000000e1dc .LASF3239
     /tmp/ccal6mT6.s:100899  .debug_str:0000000000036279 .LASF3240
     /tmp/ccal6mT6.s:105961  .debug_str:000000000004b156 .LASF3241
     /tmp/ccal6mT6.s:91059  .debug_str:000000000000e199 .LASF3242
     /tmp/ccal6mT6.s:101537  .debug_str:0000000000038660 .LASF3243
     /tmp/ccal6mT6.s:100473  .debug_str:000000000003469b .LASF3244
     /tmp/ccal6mT6.s:102291  .debug_str:000000000003b9be .LASF3245
     /tmp/ccal6mT6.s:94857  .debug_str:000000000001d412 .LASF3246
     /tmp/ccal6mT6.s:93027  .debug_str:0000000000015bbf .LASF3247
     /tmp/ccal6mT6.s:91497  .debug_str:000000000000fa5a .LASF3248
     /tmp/ccal6mT6.s:103549  .debug_str:0000000000040da3 .LASF3249
     /tmp/ccal6mT6.s:88713  .debug_str:0000000000004618 .LASF3250
     /tmp/ccal6mT6.s:94845  .debug_str:000000000001d2e1 .LASF3251
     /tmp/ccal6mT6.s:90975  .debug_str:000000000000dd5b .LASF3252
     /tmp/ccal6mT6.s:103917  .debug_str:00000000000426f6 .LASF3253
     /tmp/ccal6mT6.s:101235  .debug_str:000000000003755a .LASF3254
     /tmp/ccal6mT6.s:97675  .debug_str:0000000000028cfe .LASF3255
     /tmp/ccal6mT6.s:92333  .debug_str:0000000000013060 .LASF3256
     /tmp/ccal6mT6.s:105809  .debug_str:000000000004a60c .LASF3257
     /tmp/ccal6mT6.s:89779  .debug_str:0000000000008da8 .LASF3258
     /tmp/ccal6mT6.s:104811  .debug_str:000000000004609c .LASF3259
     /tmp/ccal6mT6.s:104199  .debug_str:0000000000043872 .LASF3260
     /tmp/ccal6mT6.s:90241  .debug_str:000000000000ad06 .LASF3261
     /tmp/ccal6mT6.s:100777  .debug_str:0000000000035a72 .LASF3262
     /tmp/ccal6mT6.s:90603  .debug_str:000000000000c631 .LASF3263
     /tmp/ccal6mT6.s:103041  .debug_str:000000000003eb0b .LASF3264
     /tmp/ccal6mT6.s:101587  .debug_str:00000000000389cd .LASF3265
     /tmp/ccal6mT6.s:89637  .debug_str:00000000000083e7 .LASF3266
     /tmp/ccal6mT6.s:88615  .debug_str:0000000000003f3e .LASF3267
     /tmp/ccal6mT6.s:103147  .debug_str:000000000003f2f0 .LASF3268
     /tmp/ccal6mT6.s:97375  .debug_str:0000000000027939 .LASF3269
     /tmp/ccal6mT6.s:101907  .debug_str:0000000000039f25 .LASF3270
     /tmp/ccal6mT6.s:92617  .debug_str:0000000000014124 .LASF3271
     /tmp/ccal6mT6.s:95331  .debug_str:000000000001f5bc .LASF3272
     /tmp/ccal6mT6.s:100117  .debug_str:0000000000032e48 .LASF3273
     /tmp/ccal6mT6.s:102173  .debug_str:000000000003b19f .LASF3274
     /tmp/ccal6mT6.s:101383  .debug_str:0000000000037ce8 .LASF3275
     /tmp/ccal6mT6.s:93903  .debug_str:0000000000019659 .LASF3276
     /tmp/ccal6mT6.s:106097  .debug_str:000000000004bb76 .LASF3277
     /tmp/ccal6mT6.s:103125  .debug_str:000000000003f139 .LASF3278
     /tmp/ccal6mT6.s:91811  .debug_str:0000000000010cee .LASF3279
     /tmp/ccal6mT6.s:93603  .debug_str:00000000000181b8 .LASF3280
     /tmp/ccal6mT6.s:95031  .debug_str:000000000001df43 .LASF3281
     /tmp/ccal6mT6.s:94713  .debug_str:000000000001c96e .LASF3282
     /tmp/ccal6mT6.s:91921  .debug_str:00000000000114bc .LASF3283
     /tmp/ccal6mT6.s:103889  .debug_str:00000000000424fd .LASF3284
     /tmp/ccal6mT6.s:104409  .debug_str:00000000000445e2 .LASF3285
     /tmp/ccal6mT6.s:94253  .debug_str:000000000001abc1 .LASF3286
     /tmp/ccal6mT6.s:99847  .debug_str:0000000000031c63 .LASF3287
     /tmp/ccal6mT6.s:103617  .debug_str:0000000000041293 .LASF3288
     /tmp/ccal6mT6.s:105631  .debug_str:000000000004991d .LASF3289
     /tmp/ccal6mT6.s:103393  .debug_str:0000000000040418 .LASF3290
     /tmp/ccal6mT6.s:95045  .debug_str:000000000001e0c6 .LASF3291
     /tmp/ccal6mT6.s:93893  .debug_str:000000000001957c .LASF3292
     /tmp/ccal6mT6.s:100987  .debug_str:00000000000367e5 .LASF3293
     /tmp/ccal6mT6.s:92495  .debug_str:0000000000013a50 .LASF3294
     /tmp/ccal6mT6.s:99969  .debug_str:00000000000324ad .LASF3295
     /tmp/ccal6mT6.s:104665  .debug_str:000000000004576a .LASF3296
     /tmp/ccal6mT6.s:104983  .debug_str:0000000000046c60 .LASF3297
     /tmp/ccal6mT6.s:104035  .debug_str:0000000000042e7b .LASF3298
     /tmp/ccal6mT6.s:90341  .debug_str:000000000000b44f .LASF3299
     /tmp/ccal6mT6.s:93313  .debug_str:000000000001700b .LASF3300
     /tmp/ccal6mT6.s:88605  .debug_str:0000000000003e6b .LASF3301
     /tmp/ccal6mT6.s:97011  .debug_str:0000000000026053 .LASF3302
     /tmp/ccal6mT6.s:106379  .debug_str:000000000004ce07 .LASF3303
     /tmp/ccal6mT6.s:101653  .debug_str:0000000000038e5d .LASF3304
     /tmp/ccal6mT6.s:92863  .debug_str:00000000000151fe .LASF3305
     /tmp/ccal6mT6.s:97425  .debug_str:0000000000027d1e .LASF3306
     /tmp/ccal6mT6.s:96023  .debug_str:000000000002240c .LASF3307
     /tmp/ccal6mT6.s:88955  .debug_str:000000000000572b .LASF3308
     /tmp/ccal6mT6.s:91485  .debug_str:000000000000f97d .LASF3309
     /tmp/ccal6mT6.s:96499  .debug_str:0000000000024159 .LASF3310
     /tmp/ccal6mT6.s:97329  .debug_str:0000000000027612 .LASF3311
     /tmp/ccal6mT6.s:94601  .debug_str:000000000001c1a2 .LASF3312
     /tmp/ccal6mT6.s:94901  .debug_str:000000000001d6d5 .LASF3313
     /tmp/ccal6mT6.s:101073  .debug_str:0000000000036ca5 .LASF3314
     /tmp/ccal6mT6.s:104555  .debug_str:0000000000044f94 .LASF3315
     /tmp/ccal6mT6.s:101693  .debug_str:000000000003911a .LASF3316
     /tmp/ccal6mT6.s:101757  .debug_str:000000000003953d .LASF3317
     /tmp/ccal6mT6.s:95749  .debug_str:00000000000211e8 .LASF3318
     /tmp/ccal6mT6.s:89065  .debug_str:0000000000005df7 .LASF3319
     /tmp/ccal6mT6.s:104655  .debug_str:00000000000456a3 .LASF3320
     /tmp/ccal6mT6.s:102893  .debug_str:000000000003e15e .LASF3321
     /tmp/ccal6mT6.s:103935  .debug_str:000000000004282e .LASF3322
     /tmp/ccal6mT6.s:93033  .debug_str:0000000000015c58 .LASF3323
     /tmp/ccal6mT6.s:96879  .debug_str:0000000000025819 .LASF3324
     /tmp/ccal6mT6.s:90745  .debug_str:000000000000cf34 .LASF3325
     /tmp/ccal6mT6.s:97021  .debug_str:0000000000026112 .LASF3326
     /tmp/ccal6mT6.s:87949  .debug_str:0000000000001128 .LASF3327
     /tmp/ccal6mT6.s:100631  .debug_str:000000000003513e .LASF3328
     /tmp/ccal6mT6.s:90785  .debug_str:000000000000d1d2 .LASF3329
     /tmp/ccal6mT6.s:100229  .debug_str:000000000003363d .LASF3330
     /tmp/ccal6mT6.s:92077  .debug_str:0000000000011f90 .LASF3331
     /tmp/ccal6mT6.s:92529  .debug_str:0000000000013c8a .LASF3332
     /tmp/ccal6mT6.s:99809  .debug_str:00000000000319e8 .LASF3333
     /tmp/ccal6mT6.s:99795  .debug_str:00000000000318d4 .LASF3334
     /tmp/ccal6mT6.s:100601  .debug_str:0000000000034f3f .LASF3335
     /tmp/ccal6mT6.s:89295  .debug_str:0000000000006e0f .LASF3336
     /tmp/ccal6mT6.s:89645  .debug_str:0000000000008467 .LASF3337
     /tmp/ccal6mT6.s:89575  .debug_str:0000000000007fd3 .LASF3338
     /tmp/ccal6mT6.s:92269  .debug_str:0000000000012cbf .LASF3339
     /tmp/ccal6mT6.s:97079  .debug_str:0000000000026553 .LASF3340
     /tmp/ccal6mT6.s:92343  .debug_str:0000000000013144 .LASF3341
     /tmp/ccal6mT6.s:106213  .debug_str:000000000004c2f8 .LASF3342
     /tmp/ccal6mT6.s:95141  .debug_str:000000000001e7d1 .LASF3343
     /tmp/ccal6mT6.s:94305  .debug_str:000000000001aef7 .LASF3344
     /tmp/ccal6mT6.s:94763  .debug_str:000000000001ccfe .LASF3345
     /tmp/ccal6mT6.s:99775  .debug_str:0000000000031763 .LASF3346
     /tmp/ccal6mT6.s:95891  .debug_str:0000000000021b4a .LASF3347
     /tmp/ccal6mT6.s:91997  .debug_str:0000000000011a6d .LASF3348
     /tmp/ccal6mT6.s:89959  .debug_str:00000000000099b4 .LASF3349
     /tmp/ccal6mT6.s:97205  .debug_str:0000000000026d62 .LASF3350
     /tmp/ccal6mT6.s:95499  .debug_str:0000000000020107 .LASF3351
     /tmp/ccal6mT6.s:88039  .debug_str:0000000000001728 .LASF3352
     /tmp/ccal6mT6.s:100193  .debug_str:0000000000033375 .LASF3353
     /tmp/ccal6mT6.s:104445  .debug_str:000000000004488b .LASF3354
     /tmp/ccal6mT6.s:98445  .debug_str:000000000002bd25 .LASF3355
     /tmp/ccal6mT6.s:92347  .debug_str:0000000000013169 .LASF3356
     /tmp/ccal6mT6.s:91889  .debug_str:0000000000011284 .LASF3357
     /tmp/ccal6mT6.s:91187  .debug_str:000000000000e874 .LASF3358
     /tmp/ccal6mT6.s:99987  .debug_str:00000000000325c3 .LASF3359
     /tmp/ccal6mT6.s:99305  .debug_str:000000000002f826 .LASF3360
     /tmp/ccal6mT6.s:89175  .debug_str:0000000000006566 .LASF3361
     /tmp/ccal6mT6.s:98715  .debug_str:000000000002cfc1 .LASF3362
     /tmp/ccal6mT6.s:99169  .debug_str:000000000002ef2c .LASF3363
     /tmp/ccal6mT6.s:102397  .debug_str:000000000003c1b7 .LASF3364
     /tmp/ccal6mT6.s:95597  .debug_str:00000000000207d5 .LASF3365
     /tmp/ccal6mT6.s:99911  .debug_str:00000000000320ec .LASF3367
     /tmp/ccal6mT6.s:103403  .debug_str:00000000000404c7 .LASF3368
     /tmp/ccal6mT6.s:89697  .debug_str:00000000000087e6 .LASF3369
     /tmp/ccal6mT6.s:99041  .debug_str:000000000002e663 .LASF3370
     /tmp/ccal6mT6.s:98677  .debug_str:000000000002cd07 .LASF3371
     /tmp/ccal6mT6.s:97229  .debug_str:0000000000026ef8 .LASF3372
     /tmp/ccal6mT6.s:91765  .debug_str:0000000000010ac0 .LASF3373
     /tmp/ccal6mT6.s:98929  .debug_str:000000000002deaf .LASF3374
     /tmp/ccal6mT6.s:98115  .debug_str:000000000002a929 .LASF3375
     /tmp/ccal6mT6.s:102401  .debug_str:000000000003c217 .LASF3376
     /tmp/ccal6mT6.s:89871  .debug_str:00000000000093ee .LASF3377
     /tmp/ccal6mT6.s:98727  .debug_str:000000000002d0aa .LASF3378
     /tmp/ccal6mT6.s:105435  .debug_str:0000000000048ba9 .LASF3379
     /tmp/ccal6mT6.s:96417  .debug_str:0000000000023d6c .LASF3380
     /tmp/ccal6mT6.s:94137  .debug_str:000000000001a4c7 .LASF3381
     /tmp/ccal6mT6.s:96177  .debug_str:0000000000022e62 .LASF3382
     /tmp/ccal6mT6.s:106111  .debug_str:000000000004bc7d .LASF3383
     /tmp/ccal6mT6.s:104757  .debug_str:0000000000045d1f .LASF3384
     /tmp/ccal6mT6.s:99279  .debug_str:000000000002f69e .LASF3385
     /tmp/ccal6mT6.s:101965  .debug_str:000000000003a37e .LASF3386
     /tmp/ccal6mT6.s:105627  .debug_str:00000000000498e5 .LASF3387
     /tmp/ccal6mT6.s:92059  .debug_str:0000000000011e21 .LASF3388
     /tmp/ccal6mT6.s:101735  .debug_str:0000000000039389 .LASF3389
     /tmp/ccal6mT6.s:96799  .debug_str:0000000000025218 .LASF3390
     /tmp/ccal6mT6.s:105501  .debug_str:0000000000049044 .LASF3391
     /tmp/ccal6mT6.s:88393  .debug_str:0000000000003078 .LASF3392
     /tmp/ccal6mT6.s:94743  .debug_str:000000000001cba9 .LASF3393
     /tmp/ccal6mT6.s:99577  .debug_str:0000000000030972 .LASF3394
     /tmp/ccal6mT6.s:105313  .debug_str:0000000000048297 .LASF3395
     /tmp/ccal6mT6.s:88781  .debug_str:0000000000004ae2 .LASF3396
     /tmp/ccal6mT6.s:95245  .debug_str:000000000001ef25 .LASF3397
     /tmp/ccal6mT6.s:95707  .debug_str:0000000000020e93 .LASF3398
     /tmp/ccal6mT6.s:90107  .debug_str:000000000000a36c .LASF3399
     /tmp/ccal6mT6.s:91723  .debug_str:00000000000107a2 .LASF3400
     /tmp/ccal6mT6.s:100003  .debug_str:00000000000326e4 .LASF3401
     /tmp/ccal6mT6.s:89011  .debug_str:0000000000005ac3 .LASF3402
     /tmp/ccal6mT6.s:104385  .debug_str:0000000000044406 .LASF3403
     /tmp/ccal6mT6.s:105111  .debug_str:0000000000047588 .LASF3404
     /tmp/ccal6mT6.s:92303  .debug_str:0000000000012ece .LASF3405
     /tmp/ccal6mT6.s:101969  .debug_str:000000000003a3d9 .LASF3406
     /tmp/ccal6mT6.s:97579  .debug_str:0000000000028680 .LASF3407
     /tmp/ccal6mT6.s:97737  .debug_str:00000000000290aa .LASF3408
     /tmp/ccal6mT6.s:105981  .debug_str:000000000004b336 .LASF3409
     /tmp/ccal6mT6.s:101707  .debug_str:00000000000391e0 .LASF3410
     /tmp/ccal6mT6.s:91501  .debug_str:000000000000fad7 .LASF3411
     /tmp/ccal6mT6.s:105971  .debug_str:000000000004b256 .LASF3412
     /tmp/ccal6mT6.s:103121  .debug_str:000000000003f0be .LASF3413
     /tmp/ccal6mT6.s:88079  .debug_str:0000000000001a3f .LASF3414
     /tmp/ccal6mT6.s:95101  .debug_str:000000000001e4d4 .LASF3415
     /tmp/ccal6mT6.s:91179  .debug_str:000000000000e7db .LASF3416
     /tmp/ccal6mT6.s:92593  .debug_str:0000000000013fe1 .LASF3417
     /tmp/ccal6mT6.s:88553  .debug_str:0000000000003ac6 .LASF3418
     /tmp/ccal6mT6.s:104669  .debug_str:00000000000457bb .LASF3419
     /tmp/ccal6mT6.s:98749  .debug_str:000000000002d26f .LASF3420
     /tmp/ccal6mT6.s:99259  .debug_str:000000000002f548 .LASF3421
     /tmp/ccal6mT6.s:105079  .debug_str:0000000000047383 .LASF3422
     /tmp/ccal6mT6.s:106013  .debug_str:000000000004b5c7 .LASF3423
     /tmp/ccal6mT6.s:97931  .debug_str:0000000000029d42 .LASF3424
     /tmp/ccal6mT6.s:104141  .debug_str:00000000000434f5 .LASF3425
     /tmp/ccal6mT6.s:94665  .debug_str:000000000001c5dc .LASF3426
     /tmp/ccal6mT6.s:105251  .debug_str:0000000000047e86 .LASF3427
     /tmp/ccal6mT6.s:106297  .debug_str:000000000004c82d .LASF3428
     /tmp/ccal6mT6.s:98215  .debug_str:000000000002afd4 .LASF3429
     /tmp/ccal6mT6.s:99059  .debug_str:000000000002e79d .LASF3430
     /tmp/ccal6mT6.s:99829  .debug_str:0000000000031b5a .LASF3431
     /tmp/ccal6mT6.s:88729  .debug_str:0000000000004763 .LASF3432
     /tmp/ccal6mT6.s:101315  .debug_str:00000000000379a7 .LASF3433
     /tmp/ccal6mT6.s:103021  .debug_str:000000000003e96d .LASF3434
     /tmp/ccal6mT6.s:105675  .debug_str:0000000000049c42 .LASF3435
     /tmp/ccal6mT6.s:99137  .debug_str:000000000002ec9a .LASF3436
     /tmp/ccal6mT6.s:106019  .debug_str:000000000004b627 .LASF3437
     /tmp/ccal6mT6.s:104045  .debug_str:0000000000042f16 .LASF3438
     /tmp/ccal6mT6.s:103311  .debug_str:000000000003fe31 .LASF3439
     /tmp/ccal6mT6.s:99411  .debug_str:000000000002fec9 .LASF3440
     /tmp/ccal6mT6.s:90955  .debug_str:000000000000dc0e .LASF3441
     /tmp/ccal6mT6.s:101577  .debug_str:000000000003894a .LASF3442
     /tmp/ccal6mT6.s:97823  .debug_str:00000000000295c7 .LASF3443
     /tmp/ccal6mT6.s:97795  .debug_str:0000000000029420 .LASF3444
     /tmp/ccal6mT6.s:99391  .debug_str:000000000002fd15 .LASF3445
     /tmp/ccal6mT6.s:89487  .debug_str:00000000000079d2 .LASF3446
     /tmp/ccal6mT6.s:95161  .debug_str:000000000001e8ce .LASF3447
     /tmp/ccal6mT6.s:88769  .debug_str:0000000000004a48 .LASF3448
     /tmp/ccal6mT6.s:101547  .debug_str:0000000000038718 .LASF3449
     /tmp/ccal6mT6.s:106095  .debug_str:000000000004bb5f .LASF3450
     /tmp/ccal6mT6.s:101223  .debug_str:000000000003748d .LASF3451
     /tmp/ccal6mT6.s:99317  .debug_str:000000000002f8c3 .LASF3452
     /tmp/ccal6mT6.s:93617  .debug_str:00000000000182b4 .LASF3453
     /tmp/ccal6mT6.s:95709  .debug_str:0000000000020eac .LASF3454
     /tmp/ccal6mT6.s:100695  .debug_str:0000000000035533 .LASF3455
     /tmp/ccal6mT6.s:101481  .debug_str:0000000000038280 .LASF3456
     /tmp/ccal6mT6.s:88579  .debug_str:0000000000003cc4 .LASF3457
     /tmp/ccal6mT6.s:103613  .debug_str:0000000000041249 .LASF3458
     /tmp/ccal6mT6.s:97545  .debug_str:0000000000028417 .LASF3459
     /tmp/ccal6mT6.s:97391  .debug_str:0000000000027a98 .LASF3460
     /tmp/ccal6mT6.s:104699  .debug_str:0000000000045987 .LASF3461
     /tmp/ccal6mT6.s:106177  .debug_str:000000000004c0f5 .LASF3462
     /tmp/ccal6mT6.s:90419  .debug_str:000000000000b9fd .LASF3463
     /tmp/ccal6mT6.s:105113  .debug_str:000000000004759a .LASF3464
     /tmp/ccal6mT6.s:98113  .debug_str:000000000002a912 .LASF3465
     /tmp/ccal6mT6.s:90165  .debug_str:000000000000a78e .LASF3466
     /tmp/ccal6mT6.s:99173  .debug_str:000000000002ef6f .LASF3467
     /tmp/ccal6mT6.s:106419  .debug_str:000000000004d0b9 .LASF3468
     /tmp/ccal6mT6.s:94393  .debug_str:000000000001b47a .LASF3469
     /tmp/ccal6mT6.s:104941  .debug_str:00000000000469a2 .LASF3470
     /tmp/ccal6mT6.s:90835  .debug_str:000000000000d46b .LASF3471
     /tmp/ccal6mT6.s:92683  .debug_str:00000000000145a3 .LASF3472
     /tmp/ccal6mT6.s:95535  .debug_str:00000000000203a2 .LASF3473
     /tmp/ccal6mT6.s:95517  .debug_str:000000000002022c .LASF3474
     /tmp/ccal6mT6.s:95773  .debug_str:00000000000212a7 .LASF3475
     /tmp/ccal6mT6.s:87767  .debug_str:0000000000000502 .LASF3476
     /tmp/ccal6mT6.s:97527  .debug_str:000000000002831b .LASF3477
     /tmp/ccal6mT6.s:104309  .debug_str:0000000000043f8b .LASF3478
     /tmp/ccal6mT6.s:103787  .debug_str:0000000000041e28 .LASF3479
     /tmp/ccal6mT6.s:104519  .debug_str:0000000000044d03 .LASF3480
     /tmp/ccal6mT6.s:102183  .debug_str:000000000003b2bd .LASF3481
     /tmp/ccal6mT6.s:100553  .debug_str:0000000000034bcb .LASF3482
     /tmp/ccal6mT6.s:105117  .debug_str:00000000000475be .LASF3483
     /tmp/ccal6mT6.s:100709  .debug_str:0000000000035651 .LASF3484
     /tmp/ccal6mT6.s:105691  .debug_str:0000000000049d5b .LASF3485
     /tmp/ccal6mT6.s:89819  .debug_str:0000000000009023 .LASF3486
     /tmp/ccal6mT6.s:88567  .debug_str:0000000000003bc2 .LASF3487
     /tmp/ccal6mT6.s:104849  .debug_str:00000000000462dc .LASF3488
     /tmp/ccal6mT6.s:93219  .debug_str:0000000000016923 .LASF3489
     /tmp/ccal6mT6.s:103837  .debug_str:00000000000421cc .LASF3490
     /tmp/ccal6mT6.s:101511  .debug_str:000000000003841d .LASF3491
     /tmp/ccal6mT6.s:93201  .debug_str:00000000000167c7 .LASF3492
     /tmp/ccal6mT6.s:99787  .debug_str:0000000000031830 .LASF3493
     /tmp/ccal6mT6.s:104791  .debug_str:0000000000045f52 .LASF3494
     /tmp/ccal6mT6.s:90009  .debug_str:0000000000009cd5 .LASF3495
     /tmp/ccal6mT6.s:90787  .debug_str:000000000000d1f1 .LASF3496
     /tmp/ccal6mT6.s:103647  .debug_str:000000000004150b .LASF3497
     /tmp/ccal6mT6.s:102461  .debug_str:000000000003c616 .LASF3498
     /tmp/ccal6mT6.s:89001  .debug_str:0000000000005a10 .LASF3499
     /tmp/ccal6mT6.s:99401  .debug_str:000000000002fde6 .LASF3500
     /tmp/ccal6mT6.s:106221  .debug_str:000000000004c373 .LASF3501
     /tmp/ccal6mT6.s:97119  .debug_str:000000000002683c .LASF3502
     /tmp/ccal6mT6.s:99017  .debug_str:000000000002e483 .LASF3503
     /tmp/ccal6mT6.s:98771  .debug_str:000000000002d3e2 .LASF3504
     /tmp/ccal6mT6.s:96535  .debug_str:00000000000243ab .LASF3505
     /tmp/ccal6mT6.s:100405  .debug_str:0000000000034295 .LASF3506
     /tmp/ccal6mT6.s:103297  .debug_str:000000000003fd38 .LASF3507
     /tmp/ccal6mT6.s:91845  .debug_str:0000000000010f8f .LASF3508
     /tmp/ccal6mT6.s:92605  .debug_str:0000000000014093 .LASF3509
     /tmp/ccal6mT6.s:91399  .debug_str:000000000000f513 .LASF3510
     /tmp/ccal6mT6.s:90669  .debug_str:000000000000ca6b .LASF3511
     /tmp/ccal6mT6.s:104711  .debug_str:0000000000045a41 .LASF3512
     /tmp/ccal6mT6.s:90929  .debug_str:000000000000da6f .LASF3513
     /tmp/ccal6mT6.s:92429  .debug_str:000000000001365b .LASF3514
     /tmp/ccal6mT6.s:101655  .debug_str:0000000000038ea8 .LASF3515
     /tmp/ccal6mT6.s:95987  .debug_str:000000000002216e .LASF3516
     /tmp/ccal6mT6.s:103611  .debug_str:0000000000041235 .LASF3517
     /tmp/ccal6mT6.s:99715  .debug_str:0000000000031366 .LASF3518
     /tmp/ccal6mT6.s:96215  .debug_str:0000000000023176 .LASF3519
     /tmp/ccal6mT6.s:98993  .debug_str:000000000002e2b2 .LASF3520
     /tmp/ccal6mT6.s:92531  .debug_str:0000000000013caa .LASF3521
     /tmp/ccal6mT6.s:95983  .debug_str:0000000000022145 .LASF3522
     /tmp/ccal6mT6.s:104473  .debug_str:0000000000044a21 .LASF3523
     /tmp/ccal6mT6.s:98689  .debug_str:000000000002cdee .LASF3524
     /tmp/ccal6mT6.s:90931  .debug_str:000000000000da8c .LASF3525
     /tmp/ccal6mT6.s:106449  .debug_str:000000000004d2d7 .LASF3526
     /tmp/ccal6mT6.s:93255  .debug_str:0000000000016bf2 .LASF3527
     /tmp/ccal6mT6.s:98941  .debug_str:000000000002df84 .LASF3528
     /tmp/ccal6mT6.s:99431  .debug_str:0000000000030015 .LASF3529
     /tmp/ccal6mT6.s:91583  .debug_str:000000000000ff4a .LASF3530
     /tmp/ccal6mT6.s:89329  .debug_str:0000000000007044 .LASF3531
     /tmp/ccal6mT6.s:99091  .debug_str:000000000002e98f .LASF3532
     /tmp/ccal6mT6.s:98005  .debug_str:000000000002a243 .LASF3533
     /tmp/ccal6mT6.s:106181  .debug_str:000000000004c120 .LASF3534
     /tmp/ccal6mT6.s:105687  .debug_str:0000000000049cf7 .LASF3535
     /tmp/ccal6mT6.s:104265  .debug_str:0000000000043d12 .LASF3536
     /tmp/ccal6mT6.s:99393  .debug_str:000000000002fd2c .LASF3537
     /tmp/ccal6mT6.s:94749  .debug_str:000000000001cc2e .LASF3538
     /tmp/ccal6mT6.s:91339  .debug_str:000000000000f143 .LASF3539
     /tmp/ccal6mT6.s:102077  .debug_str:000000000003ab6a .LASF3540
     /tmp/ccal6mT6.s:95129  .debug_str:000000000001e6dc .LASF3541
     /tmp/ccal6mT6.s:96135  .debug_str:0000000000022b9e .LASF3542
     /tmp/ccal6mT6.s:94607  .debug_str:000000000001c23b .LASF3543
     /tmp/ccal6mT6.s:96205  .debug_str:0000000000023064 .LASF3544
     /tmp/ccal6mT6.s:95149  .debug_str:000000000001e854 .LASF3545
     /tmp/ccal6mT6.s:102073  .debug_str:000000000003ab3f .LASF3546
     /tmp/ccal6mT6.s:99629  .debug_str:0000000000030d4e .LASF3547
     /tmp/ccal6mT6.s:104947  .debug_str:0000000000046a07 .LASF3548
     /tmp/ccal6mT6.s:101801  .debug_str:00000000000398ed .LASF3549
     /tmp/ccal6mT6.s:96669  .debug_str:000000000002499e .LASF3550
     /tmp/ccal6mT6.s:92611  .debug_str:00000000000140dc .LASF3551
     /tmp/ccal6mT6.s:90547  .debug_str:000000000000c261 .LASF3552
     /tmp/ccal6mT6.s:99797  .debug_str:00000000000318ff .LASF3553
     /tmp/ccal6mT6.s:99297  .debug_str:000000000002f785 .LASF3554
     /tmp/ccal6mT6.s:98927  .debug_str:000000000002dea0 .LASF3555
     /tmp/ccal6mT6.s:97563  .debug_str:000000000002856e .LASF3556
     /tmp/ccal6mT6.s:97197  .debug_str:0000000000026cf7 .LASF3557
     /tmp/ccal6mT6.s:92105  .debug_str:000000000001216c .LASF3558
     /tmp/ccal6mT6.s:96585  .debug_str:00000000000245b6 .LASF3559
     /tmp/ccal6mT6.s:101487  .debug_str:00000000000382c1 .LASF3560
     /tmp/ccal6mT6.s:90277  .debug_str:000000000000af87 .LASF3561
     /tmp/ccal6mT6.s:96413  .debug_str:0000000000023d41 .LASF3562
     /tmp/ccal6mT6.s:96927  .debug_str:0000000000025b7b .LASF3563
     /tmp/ccal6mT6.s:103683  .debug_str:0000000000041797 .LASF3564
     /tmp/ccal6mT6.s:104319  .debug_str:000000000004400c .LASF3565
     /tmp/ccal6mT6.s:92591  .debug_str:0000000000013fd5 .LASF3566
     /tmp/ccal6mT6.s:100073  .debug_str:0000000000032b50 .LASF3567
     /tmp/ccal6mT6.s:104839  .debug_str:0000000000046258 .LASF3568
     /tmp/ccal6mT6.s:93465  .debug_str:00000000000179b1 .LASF3569
     /tmp/ccal6mT6.s:94063  .debug_str:000000000001a0cd .LASF3570
     /tmp/ccal6mT6.s:93457  .debug_str:0000000000017946 .LASF3571
     /tmp/ccal6mT6.s:96267  .debug_str:00000000000234f2 .LASF3572
     /tmp/ccal6mT6.s:93771  .debug_str:0000000000018d76 .LASF3573
     /tmp/ccal6mT6.s:100587  .debug_str:0000000000034e58 .LASF3574
     /tmp/ccal6mT6.s:87865  .debug_str:0000000000000b4d .LASF3575
     /tmp/ccal6mT6.s:88009  .debug_str:00000000000014dc .LASF3576
     /tmp/ccal6mT6.s:98777  .debug_str:000000000002d440 .LASF3577
     /tmp/ccal6mT6.s:91541  .debug_str:000000000000fca5 .LASF3578
     /tmp/ccal6mT6.s:89105  .debug_str:0000000000006078 .LASF3579
     /tmp/ccal6mT6.s:103857  .debug_str:00000000000422dd .LASF3580
     /tmp/ccal6mT6.s:93715  .debug_str:00000000000189b3 .LASF3581
     /tmp/ccal6mT6.s:88917  .debug_str:0000000000005464 .LASF3582
     /tmp/ccal6mT6.s:104915  .debug_str:000000000004677c .LASF3583
     /tmp/ccal6mT6.s:92997  .debug_str:00000000000159b7 .LASF3584
     /tmp/ccal6mT6.s:105557  .debug_str:0000000000049471 .LASF3585
     /tmp/ccal6mT6.s:96057  .debug_str:0000000000022683 .LASF3586
     /tmp/ccal6mT6.s:104855  .debug_str:000000000004633a .LASF3587
     /tmp/ccal6mT6.s:103777  .debug_str:0000000000041d78 .LASF3588
     /tmp/ccal6mT6.s:106167  .debug_str:000000000004c03d .LASF3589
     /tmp/ccal6mT6.s:100159  .debug_str:0000000000033190 .LASF3590
     /tmp/ccal6mT6.s:90945  .debug_str:000000000000db48 .LASF3591
     /tmp/ccal6mT6.s:98065  .debug_str:000000000002a55b .LASF3592
     /tmp/ccal6mT6.s:91175  .debug_str:000000000000e759 .LASF3593
     /tmp/ccal6mT6.s:103133  .debug_str:000000000003f1c3 .LASF3594
     /tmp/ccal6mT6.s:88305  .debug_str:00000000000029c2 .LASF3595
     /tmp/ccal6mT6.s:97923  .debug_str:0000000000029c16 .LASF3596
     /tmp/ccal6mT6.s:105167  .debug_str:0000000000047942 .LASF3597
     /tmp/ccal6mT6.s:90333  .debug_str:000000000000b3f7 .LASF3598
     /tmp/ccal6mT6.s:98795  .debug_str:000000000002d56b .LASF3599
     /tmp/ccal6mT6.s:104557  .debug_str:0000000000044fb2 .LASF3600
     /tmp/ccal6mT6.s:100063  .debug_str:0000000000032aaa .LASF3601
     /tmp/ccal6mT6.s:93569  .debug_str:0000000000017f17 .LASF3602
     /tmp/ccal6mT6.s:87899  .debug_str:0000000000000db2 .LASF3603
     /tmp/ccal6mT6.s:104797  .debug_str:0000000000045fbf .LASF3604
     /tmp/ccal6mT6.s:105317  .debug_str:00000000000482cf .LASF3605
     /tmp/ccal6mT6.s:90469  .debug_str:000000000000bcd9 .LASF3606
     /tmp/ccal6mT6.s:100391  .debug_str:000000000003417b .LASF3607
     /tmp/ccal6mT6.s:99529  .debug_str:000000000003060b .LASF3608
     /tmp/ccal6mT6.s:101499  .debug_str:000000000003837e .LASF3609
     /tmp/ccal6mT6.s:91983  .debug_str:000000000001195e .LASF3610
     /tmp/ccal6mT6.s:91643  .debug_str:000000000001024d .LASF3611
     /tmp/ccal6mT6.s:88519  .debug_str:00000000000038aa .LASF3612
     /tmp/ccal6mT6.s:94395  .debug_str:000000000001b491 .LASF3613
     /tmp/ccal6mT6.s:95887  .debug_str:0000000000021af3 .LASF3614
     /tmp/ccal6mT6.s:94199  .debug_str:000000000001a8a2 .LASF3615
     /tmp/ccal6mT6.s:95951  .debug_str:0000000000021ef7 .LASF3616
     /tmp/ccal6mT6.s:100623  .debug_str:00000000000350d3 .LASF3617
     /tmp/ccal6mT6.s:90475  .debug_str:000000000000bd35 .LASF3618
     /tmp/ccal6mT6.s:106247  .debug_str:000000000004c58f .LASF3619
     /tmp/ccal6mT6.s:99313  .debug_str:000000000002f893 .LASF3620
     /tmp/ccal6mT6.s:96603  .debug_str:00000000000246e7 .LASF3621
     /tmp/ccal6mT6.s:103149  .debug_str:000000000003f331 .LASF3622
     /tmp/ccal6mT6.s:88751  .debug_str:00000000000048f1 .LASF3623
     /tmp/ccal6mT6.s:96901  .debug_str:00000000000259c5 .LASF3624
     /tmp/ccal6mT6.s:95115  .debug_str:000000000001e609 .LASF3625
     /tmp/ccal6mT6.s:92859  .debug_str:00000000000151db .LASF3626
     /tmp/ccal6mT6.s:105629  .debug_str:000000000004990a .LASF3627
     /tmp/ccal6mT6.s:100107  .debug_str:0000000000032db9 .LASF3628
     /tmp/ccal6mT6.s:99441  .debug_str:00000000000300b2 .LASF3629
     /tmp/ccal6mT6.s:92985  .debug_str:000000000001595b .LASF3630
     /tmp/ccal6mT6.s:89299  .debug_str:0000000000006e72 .LASF3631
     /tmp/ccal6mT6.s:94415  .debug_str:000000000001b5b5 .LASF3632
     /tmp/ccal6mT6.s:96061  .debug_str:00000000000226ae .LASF3633
     /tmp/ccal6mT6.s:89425  .debug_str:0000000000007653 .LASF3634
     /tmp/ccal6mT6.s:93189  .debug_str:00000000000166b0 .LASF3635
     /tmp/ccal6mT6.s:102469  .debug_str:000000000003c678 .LASF3636
     /tmp/ccal6mT6.s:95147  .debug_str:000000000001e842 .LASF3637
     /tmp/ccal6mT6.s:95917  .debug_str:0000000000021cff .LASF3638
     /tmp/ccal6mT6.s:94463  .debug_str:000000000001b925 .LASF3639
     /tmp/ccal6mT6.s:96681  .debug_str:0000000000024a90 .LASF3640
     /tmp/ccal6mT6.s:97945  .debug_str:0000000000029e18 .LASF3641
     /tmp/ccal6mT6.s:101971  .debug_str:000000000003a3ee .LASF3642
     /tmp/ccal6mT6.s:104579  .debug_str:00000000000450ff .LASF3643
     /tmp/ccal6mT6.s:96759  .debug_str:0000000000024fad .LASF3644
     /tmp/ccal6mT6.s:98359  .debug_str:000000000002b85b .LASF3645
     /tmp/ccal6mT6.s:104117  .debug_str:0000000000043373 .LASF3646
     /tmp/ccal6mT6.s:96727  .debug_str:0000000000024d93 .LASF3647
     /tmp/ccal6mT6.s:105801  .debug_str:000000000004a5b1 .LASF3648
     /tmp/ccal6mT6.s:90577  .debug_str:000000000000c486 .LASF3649
     /tmp/ccal6mT6.s:95979  .debug_str:0000000000022122 .LASF3650
     /tmp/ccal6mT6.s:94569  .debug_str:000000000001bf8e .LASF3651
     /tmp/ccal6mT6.s:102153  .debug_str:000000000003b076 .LASF3652
     /tmp/ccal6mT6.s:105043  .debug_str:0000000000047143 .LASF3653
     /tmp/ccal6mT6.s:95071  .debug_str:000000000001e2da .LASF3654
     /tmp/ccal6mT6.s:94621  .debug_str:000000000001c337 .LASF3655
     /tmp/ccal6mT6.s:101845  .debug_str:0000000000039b51 .LASF3656
     /tmp/ccal6mT6.s:103319  .debug_str:000000000003feb3 .LASF3657
     /tmp/ccal6mT6.s:106141  .debug_str:000000000004be5f .LASF3658
     /tmp/ccal6mT6.s:106251  .debug_str:000000000004c5bc .LASF3659
     /tmp/ccal6mT6.s:90623  .debug_str:000000000000c72b .LASF3660
     /tmp/ccal6mT6.s:103983  .debug_str:0000000000042b41 .LASF3661
     /tmp/ccal6mT6.s:103015  .debug_str:000000000003e924 .LASF3662
     /tmp/ccal6mT6.s:88135  .debug_str:0000000000001dce .LASF3663
     /tmp/ccal6mT6.s:89107  .debug_str:0000000000006084 .LASF3664
     /tmp/ccal6mT6.s:90173  .debug_str:000000000000a819 .LASF3665
     /tmp/ccal6mT6.s:99863  .debug_str:0000000000031d9d .LASF3666
     /tmp/ccal6mT6.s:97209  .debug_str:0000000000026db1 .LASF3667
     /tmp/ccal6mT6.s:98145  .debug_str:000000000002aaf5 .LASF3668
     /tmp/ccal6mT6.s:104841  .debug_str:000000000004626e .LASF3669
     /tmp/ccal6mT6.s:103995  .debug_str:0000000000042bf0 .LASF3670
     /tmp/ccal6mT6.s:95057  .debug_str:000000000001e1d3 .LASF3671
     /tmp/ccal6mT6.s:94489  .debug_str:000000000001bad6 .LASF3672
     /tmp/ccal6mT6.s:97943  .debug_str:0000000000029e06 .LASF3673
     /tmp/ccal6mT6.s:104999  .debug_str:0000000000046db1 .LASF3674
     /tmp/ccal6mT6.s:88201  .debug_str:0000000000002293 .LASF3675
     /tmp/ccal6mT6.s:100183  .debug_str:00000000000332b7 .LASF3676
     /tmp/ccal6mT6.s:104461  .debug_str:00000000000449b0 .LASF3677
     /tmp/ccal6mT6.s:94567  .debug_str:000000000001bf7f .LASF3678
     /tmp/ccal6mT6.s:103781  .debug_str:0000000000041dd5 .LASF3679
     /tmp/ccal6mT6.s:90697  .debug_str:000000000000cc15 .LASF3680
     /tmp/ccal6mT6.s:99879  .debug_str:0000000000031eba .LASF3681
     /tmp/ccal6mT6.s:94797  .debug_str:000000000001cfa4 .LASF3682
     /tmp/ccal6mT6.s:94873  .debug_str:000000000001d528 .LASF3683
     /tmp/ccal6mT6.s:95771  .debug_str:0000000000021298 .LASF3684
     /tmp/ccal6mT6.s:100629  .debug_str:000000000003512d .LASF3685
     /tmp/ccal6mT6.s:93549  .debug_str:0000000000017e71 .LASF3686
     /tmp/ccal6mT6.s:101233  .debug_str:0000000000037549 .LASF3687
     /tmp/ccal6mT6.s:95549  .debug_str:0000000000020496 .LASF3688
     /tmp/ccal6mT6.s:98237  .debug_str:000000000002b0fa .LASF3689
     /tmp/ccal6mT6.s:88089  .debug_str:0000000000001b13 .LASF3690
     /tmp/ccal6mT6.s:99357  .debug_str:000000000002fb2e .LASF3691
     /tmp/ccal6mT6.s:100143  .debug_str:00000000000330a6 .LASF3692
     /tmp/ccal6mT6.s:99927  .debug_str:0000000000032205 .LASF3693
     /tmp/ccal6mT6.s:105537  .debug_str:00000000000492ee .LASF3694
     /tmp/ccal6mT6.s:91719  .debug_str:0000000000010771 .LASF3695
     /tmp/ccal6mT6.s:90605  .debug_str:000000000000c670 .LASF3696
     /tmp/ccal6mT6.s:90249  .debug_str:000000000000adb6 .LASF3697
     /tmp/ccal6mT6.s:96795  .debug_str:00000000000251fe .LASF3698
     /tmp/ccal6mT6.s:94167  .debug_str:000000000001a6f3 .LASF3699
     /tmp/ccal6mT6.s:92691  .debug_str:000000000001464c .LASF3700
     /tmp/ccal6mT6.s:102097  .debug_str:000000000003ac6e .LASF3701
     /tmp/ccal6mT6.s:88067  .debug_str:000000000000193b .LASF3702
     /tmp/ccal6mT6.s:89161  .debug_str:000000000000643c .LASF3703
     /tmp/ccal6mT6.s:98709  .debug_str:000000000002cf73 .LASF3704
     /tmp/ccal6mT6.s:88535  .debug_str:00000000000039ab .LASF3705
     /tmp/ccal6mT6.s:104543  .debug_str:0000000000044ec9 .LASF3706
     /tmp/ccal6mT6.s:88371  .debug_str:0000000000002f5e .LASF3707
     /tmp/ccal6mT6.s:95703  .debug_str:0000000000020e50 .LASF3708
     /tmp/ccal6mT6.s:90253  .debug_str:000000000000addd .LASF3709
     /tmp/ccal6mT6.s:97321  .debug_str:000000000002757b .LASF3710
     /tmp/ccal6mT6.s:97159  .debug_str:0000000000026aa2 .LASF3711
     /tmp/ccal6mT6.s:102061  .debug_str:000000000003aa6a .LASF3712
     /tmp/ccal6mT6.s:93551  .debug_str:0000000000017e81 .LASF3713
     /tmp/ccal6mT6.s:89731  .debug_str:0000000000008a68 .LASF3714
     /tmp/ccal6mT6.s:93923  .debug_str:0000000000019788 .LASF3715
     /tmp/ccal6mT6.s:96419  .debug_str:0000000000023d86 .LASF3716
     /tmp/ccal6mT6.s:94609  .debug_str:000000000001c24d .LASF3717
     /tmp/ccal6mT6.s:92153  .debug_str:00000000000124d1 .LASF3718
     /tmp/ccal6mT6.s:96401  .debug_str:0000000000023c91 .LASF3719
     /tmp/ccal6mT6.s:97553  .debug_str:00000000000284c8 .LASF3720
     /tmp/ccal6mT6.s:105787  .debug_str:000000000004a471 .LASF3721
     /tmp/ccal6mT6.s:92567  .debug_str:0000000000013ece .LASF3722
     /tmp/ccal6mT6.s:94619  .debug_str:000000000001c321 .LASF3723
     /tmp/ccal6mT6.s:98945  .debug_str:000000000002dfcb .LASF3724
     /tmp/ccal6mT6.s:98351  .debug_str:000000000002b7e8 .LASF3725
     /tmp/ccal6mT6.s:101627  .debug_str:0000000000038cb6 .LASF3726
     /tmp/ccal6mT6.s:90773  .debug_str:000000000000d0fd .LASF3727
     /tmp/ccal6mT6.s:99009  .debug_str:000000000002e3da .LASF3728
     /tmp/ccal6mT6.s:94507  .debug_str:000000000001bbd1 .LASF3729
     /tmp/ccal6mT6.s:97307  .debug_str:00000000000274c2 .LASF3730
     /tmp/ccal6mT6.s:98629  .debug_str:000000000002c9f0 .LASF3731
     /tmp/ccal6mT6.s:102721  .debug_str:000000000003d68c .LASF3732
     /tmp/ccal6mT6.s:103429  .debug_str:000000000004066b .LASF3733
     /tmp/ccal6mT6.s:102867  .debug_str:000000000003dfba .LASF3734
     /tmp/ccal6mT6.s:97963  .debug_str:0000000000029f47 .LASF3735
     /tmp/ccal6mT6.s:101667  .debug_str:0000000000038f48 .LASF3736
     /tmp/ccal6mT6.s:89031  .debug_str:0000000000005bb3 .LASF3737
     /tmp/ccal6mT6.s:99973  .debug_str:0000000000032511 .LASF3738
     /tmp/ccal6mT6.s:105421  .debug_str:0000000000048a9d .LASF3739
     /tmp/ccal6mT6.s:103321  .debug_str:000000000003fec4 .LASF3740
     /tmp/ccal6mT6.s:92959  .debug_str:0000000000015742 .LASF3741
     /tmp/ccal6mT6.s:87827  .debug_str:00000000000008f2 .LASF3742
     /tmp/ccal6mT6.s:90243  .debug_str:000000000000ad42 .LASF3743
     /tmp/ccal6mT6.s:95797  .debug_str:0000000000021441 .LASF3744
     /tmp/ccal6mT6.s:104323  .debug_str:0000000000044024 .LASF3745
     /tmp/ccal6mT6.s:100101  .debug_str:0000000000032d36 .LASF3746
     /tmp/ccal6mT6.s:89627  .debug_str:000000000000833a .LASF3747
     /tmp/ccal6mT6.s:106507  .debug_str:000000000004d6b7 .LASF3748
     /tmp/ccal6mT6.s:93613  .debug_str:0000000000018292 .LASF3749
     /tmp/ccal6mT6.s:95607  .debug_str:00000000000208dc .LASF3750
     /tmp/ccal6mT6.s:95415  .debug_str:000000000001fb5d .LASF3751
     /tmp/ccal6mT6.s:100859  .debug_str:0000000000035f85 .LASF3752
     /tmp/ccal6mT6.s:99483  .debug_str:000000000003031e .LASF3753
     /tmp/ccal6mT6.s:102277  .debug_str:000000000003b8d1 .LASF3754
     /tmp/ccal6mT6.s:96673  .debug_str:00000000000249dd .LASF3755
     /tmp/ccal6mT6.s:94913  .debug_str:000000000001d7f4 .LASF3756
     /tmp/ccal6mT6.s:98909  .debug_str:000000000002ddb9 .LASF3757
     /tmp/ccal6mT6.s:98841  .debug_str:000000000002d833 .LASF3758
     /tmp/ccal6mT6.s:104643  .debug_str:0000000000045589 .LASF3759
     /tmp/ccal6mT6.s:88275  .debug_str:000000000000280c .LASF3760
     /tmp/ccal6mT6.s:96577  .debug_str:0000000000024518 .LASF3761
     /tmp/ccal6mT6.s:102833  .debug_str:000000000003ddb7 .LASF3762
     /tmp/ccal6mT6.s:99225  .debug_str:000000000002f343 .LASF3763
     /tmp/ccal6mT6.s:98813  .debug_str:000000000002d63e .LASF3764
     /tmp/ccal6mT6.s:89103  .debug_str:000000000000605d .LASF3765
     /tmp/ccal6mT6.s:105881  .debug_str:000000000004aa2b .LASF3766
     /tmp/ccal6mT6.s:96383  .debug_str:0000000000023b5f .LASF3767
     /tmp/ccal6mT6.s:90409  .debug_str:000000000000b948 .LASF3768
     /tmp/ccal6mT6.s:90081  .debug_str:000000000000a214 .LASF3769
     /tmp/ccal6mT6.s:93741  .debug_str:0000000000018b61 .LASF3770
     /tmp/ccal6mT6.s:99355  .debug_str:000000000002fb18 .LASF3771
     /tmp/ccal6mT6.s:92217  .debug_str:00000000000129a4 .LASF3772
     /tmp/ccal6mT6.s:89549  .debug_str:0000000000007dc6 .LASF3773
     /tmp/ccal6mT6.s:92165  .debug_str:0000000000012566 .LASF3774
     /tmp/ccal6mT6.s:106029  .debug_str:000000000004b6e1 .LASF3775
     /tmp/ccal6mT6.s:98541  .debug_str:000000000002c3ec .LASF3776
     /tmp/ccal6mT6.s:103657  .debug_str:00000000000415f4 .LASF3777
     /tmp/ccal6mT6.s:101479  .debug_str:000000000003826b .LASF3778
     /tmp/ccal6mT6.s:93699  .debug_str:00000000000188ac .LASF3779
     /tmp/ccal6mT6.s:99651  .debug_str:0000000000030ee5 .LASF3780
     /tmp/ccal6mT6.s:89395  .debug_str:000000000000747b .LASF3781
     /tmp/ccal6mT6.s:103673  .debug_str:00000000000416f3 .LASF3782
     /tmp/ccal6mT6.s:89143  .debug_str:0000000000006313 .LASF3783
     /tmp/ccal6mT6.s:93179  .debug_str:000000000001661c .LASF3784
     /tmp/ccal6mT6.s:93811  .debug_str:0000000000019048 .LASF3785
     /tmp/ccal6mT6.s:98447  .debug_str:000000000002bd4a .LASF3786
     /tmp/ccal6mT6.s:93391  .debug_str:00000000000174ae .LASF3787
     /tmp/ccal6mT6.s:97169  .debug_str:0000000000026b88 .LASF3788
     /tmp/ccal6mT6.s:89565  .debug_str:0000000000007f09 .LASF3789
     /tmp/ccal6mT6.s:91067  .debug_str:000000000000e262 .LASF3790
     /tmp/ccal6mT6.s:93531  .debug_str:0000000000017d7e .LASF3791
     /tmp/ccal6mT6.s:98399  .debug_str:000000000002baa6 .LASF3792
     /tmp/ccal6mT6.s:96753  .debug_str:0000000000024f47 .LASF3793
     /tmp/ccal6mT6.s:96357  .debug_str:0000000000023a4b .LASF3794
     /tmp/ccal6mT6.s:89131  .debug_str:000000000000624e .LASF3795
     /tmp/ccal6mT6.s:105515  .debug_str:000000000004915e .LASF3796
     /tmp/ccal6mT6.s:91551  .debug_str:000000000000fd69 .LASF3797
     /tmp/ccal6mT6.s:104789  .debug_str:0000000000045f3f .LASF3798
     /tmp/ccal6mT6.s:97799  .debug_str:0000000000029458 .LASF3799
     /tmp/ccal6mT6.s:94193  .debug_str:000000000001a84c .LASF3800
     /tmp/ccal6mT6.s:92607  .debug_str:00000000000140b5 .LASF3801
     /tmp/ccal6mT6.s:95503  .debug_str:000000000002015e .LASF3802
     /tmp/ccal6mT6.s:89477  .debug_str:0000000000007969 .LASF3803
     /tmp/ccal6mT6.s:98831  .debug_str:000000000002d745 .LASF3804
     /tmp/ccal6mT6.s:97855  .debug_str:0000000000029850 .LASF3805
     /tmp/ccal6mT6.s:89047  .debug_str:0000000000005cf3 .LASF3806
     /tmp/ccal6mT6.s:92881  .debug_str:0000000000015304 .LASF3807
     /tmp/ccal6mT6.s:102039  .debug_str:000000000003a8b6 .LASF3808
     /tmp/ccal6mT6.s:105331  .debug_str:00000000000483a1 .LASF3809
     /tmp/ccal6mT6.s:101811  .debug_str:0000000000039988 .LASF3810
     /tmp/ccal6mT6.s:97529  .debug_str:0000000000028330 .LASF3811
     /tmp/ccal6mT6.s:99147  .debug_str:000000000002ed7c .LASF3812
     /tmp/ccal6mT6.s:102887  .debug_str:000000000003e0d9 .LASF3813
     /tmp/ccal6mT6.s:106133  .debug_str:000000000004bded .LASF3814
     /tmp/ccal6mT6.s:90939  .debug_str:000000000000db17 .LASF3815
     /tmp/ccal6mT6.s:92687  .debug_str:0000000000014611 .LASF3816
     /tmp/ccal6mT6.s:98357  .debug_str:000000000002b843 .LASF3817
     /tmp/ccal6mT6.s:96137  .debug_str:0000000000022bb0 .LASF3818
     /tmp/ccal6mT6.s:96497  .debug_str:0000000000024141 .LASF3819
     /tmp/ccal6mT6.s:96171  .debug_str:0000000000022e07 .LASF3820
     /tmp/ccal6mT6.s:97219  .debug_str:0000000000026e3b .LASF3821
     /tmp/ccal6mT6.s:101931  .debug_str:000000000003a139 .LASF3822
     /tmp/ccal6mT6.s:90203  .debug_str:000000000000aa48 .LASF3823
     /tmp/ccal6mT6.s:89799  .debug_str:0000000000008f17 .LASF3824
     /tmp/ccal6mT6.s:100331  .debug_str:0000000000033d1a .LASF3825
     /tmp/ccal6mT6.s:106501  .debug_str:000000000004d65a .LASF3826
     /tmp/ccal6mT6.s:88333  .debug_str:0000000000002c14 .LASF3827
     /tmp/ccal6mT6.s:101669  .debug_str:0000000000038f61 .LASF3828
     /tmp/ccal6mT6.s:97173  .debug_str:0000000000026bb5 .LASF3829
     /tmp/ccal6mT6.s:89613  .debug_str:0000000000008250 .LASF3830
     /tmp/ccal6mT6.s:104091  .debug_str:0000000000043198 .LASF3831
     /tmp/ccal6mT6.s:92603  .debug_str:000000000001407b .LASF3832
     /tmp/ccal6mT6.s:105295  .debug_str:0000000000048135 .LASF3833
     /tmp/ccal6mT6.s:104885  .debug_str:0000000000046550 .LASF3834
     /tmp/ccal6mT6.s:95577  .debug_str:00000000000206ad .LASF3835
     /tmp/ccal6mT6.s:88407  .debug_str:0000000000003163 .LASF3836
     /tmp/ccal6mT6.s:100443  .debug_str:000000000003450c .LASF3837
     /tmp/ccal6mT6.s:87779  .debug_str:00000000000005d9 .LASF3838
     /tmp/ccal6mT6.s:106383  .debug_str:000000000004ce60 .LASF3839
     /tmp/ccal6mT6.s:88119  .debug_str:0000000000001cb2 .LASF3840
     /tmp/ccal6mT6.s:98645  .debug_str:000000000002cac9 .LASF3841
     /tmp/ccal6mT6.s:106469  .debug_str:000000000004d40d .LASF3842
     /tmp/ccal6mT6.s:105607  .debug_str:0000000000049792 .LASF3843
     /tmp/ccal6mT6.s:90179  .debug_str:000000000000a851 .LASF3844
     /tmp/ccal6mT6.s:104565  .debug_str:000000000004500e .LASF3845
     /tmp/ccal6mT6.s:94701  .debug_str:000000000001c87c .LASF3846
     /tmp/ccal6mT6.s:105887  .debug_str:000000000004aad3 .LASF3847
     /tmp/ccal6mT6.s:97347  .debug_str:0000000000027728 .LASF3848
     /tmp/ccal6mT6.s:97089  .debug_str:0000000000026613 .LASF3849
     /tmp/ccal6mT6.s:90105  .debug_str:000000000000a355 .LASF3850
     /tmp/ccal6mT6.s:88245  .debug_str:00000000000025cc .LASF3851
     /tmp/ccal6mT6.s:104089  .debug_str:0000000000043181 .LASF3852
     /tmp/ccal6mT6.s:95109  .debug_str:000000000001e585 .LASF3853
     /tmp/ccal6mT6.s:93487  .debug_str:0000000000017b47 .LASF3854
     /tmp/ccal6mT6.s:96527  .debug_str:000000000002433d .LASF3855
     /tmp/ccal6mT6.s:95023  .debug_str:000000000001dea4 .LASF3856
     /tmp/ccal6mT6.s:88721  .debug_str:00000000000046f3 .LASF3857
     /tmp/ccal6mT6.s:88529  .debug_str:0000000000003945 .LASF3858
     /tmp/ccal6mT6.s:93585  .debug_str:000000000001804b .LASF3859
     /tmp/ccal6mT6.s:90675  .debug_str:000000000000cac9 .LASF3860
     /tmp/ccal6mT6.s:97761  .debug_str:00000000000291c9 .LASF3861
     /tmp/ccal6mT6.s:94551  .debug_str:000000000001be93 .LASF3862
     /tmp/ccal6mT6.s:104517  .debug_str:0000000000044ceb .LASF3863
     /tmp/ccal6mT6.s:98051  .debug_str:000000000002a464 .LASF3864
     /tmp/ccal6mT6.s:88857  .debug_str:0000000000004fad .LASF3865
     /tmp/ccal6mT6.s:101357  .debug_str:0000000000037b2c .LASF3866
     /tmp/ccal6mT6.s:102203  .debug_str:000000000003b3f6 .LASF3867
     /tmp/ccal6mT6.s:91255  .debug_str:000000000000ebe9 .LASF3868
     /tmp/ccal6mT6.s:95433  .debug_str:000000000001fc78 .LASF3869
     /tmp/ccal6mT6.s:88483  .debug_str:0000000000003620 .LASF3870
     /tmp/ccal6mT6.s:101525  .debug_str:0000000000038540 .LASF3871
     /tmp/ccal6mT6.s:101847  .debug_str:0000000000039b64 .LASF3872
     /tmp/ccal6mT6.s:102697  .debug_str:000000000003d51a .LASF3873
     /tmp/ccal6mT6.s:99997  .debug_str:0000000000032676 .LASF3874
     /tmp/ccal6mT6.s:104453  .debug_str:0000000000044936 .LASF3875
     /tmp/ccal6mT6.s:98159  .debug_str:000000000002abc2 .LASF3876
     /tmp/ccal6mT6.s:95119  .debug_str:000000000001e640 .LASF3877
     /tmp/ccal6mT6.s:91961  .debug_str:00000000000117a9 .LASF3878
     /tmp/ccal6mT6.s:90129  .debug_str:000000000000a50f .LASF3879
     /tmp/ccal6mT6.s:88867  .debug_str:000000000000507b .LASF3880
     /tmp/ccal6mT6.s:89873  .debug_str:000000000000941f .LASF3881
     /tmp/ccal6mT6.s:101305  .debug_str:00000000000378e3 .LASF3882
     /tmp/ccal6mT6.s:98757  .debug_str:000000000002d314 .LASF3883
     /tmp/ccal6mT6.s:90631  .debug_str:000000000000c7bc .LASF3884
     /tmp/ccal6mT6.s:102443  .debug_str:000000000003c4b0 .LASF3885
     /tmp/ccal6mT6.s:97387  .debug_str:0000000000027a59 .LASF3886
     /tmp/ccal6mT6.s:96111  .debug_str:0000000000022a25 .LASF3887
     /tmp/ccal6mT6.s:106381  .debug_str:000000000004ce4a .LASF3888
     /tmp/ccal6mT6.s:96819  .debug_str:00000000000253cb .LASF3889
     /tmp/ccal6mT6.s:90103  .debug_str:000000000000a33f .LASF3890
     /tmp/ccal6mT6.s:100589  .debug_str:0000000000034e64 .LASF3891
     /tmp/ccal6mT6.s:106005  .debug_str:000000000004b531 .LASF3892
     /tmp/ccal6mT6.s:101459  .debug_str:000000000003816b .LASF3893
     /tmp/ccal6mT6.s:92101  .debug_str:0000000000012111 .LASF3894
     /tmp/ccal6mT6.s:102633  .debug_str:000000000003d08e .LASF3895
     /tmp/ccal6mT6.s:87977  .debug_str:0000000000001307 .LASF3896
     /tmp/ccal6mT6.s:100297  .debug_str:0000000000033aba .LASF3897
     /tmp/ccal6mT6.s:94779  .debug_str:000000000001ce3f .LASF3898
     /tmp/ccal6mT6.s:92425  .debug_str:0000000000013639 .LASF3899
     /tmp/ccal6mT6.s:91171  .debug_str:000000000000e729 .LASF3900
     /tmp/ccal6mT6.s:93837  .debug_str:00000000000191b7 .LASF3901
     /tmp/ccal6mT6.s:89769  .debug_str:0000000000008ca0 .LASF3902
     /tmp/ccal6mT6.s:92133  .debug_str:000000000001235f .LASF3903
     /tmp/ccal6mT6.s:106079  .debug_str:000000000004ba1f .LASF3904
     /tmp/ccal6mT6.s:94871  .debug_str:000000000001d50e .LASF3905
     /tmp/ccal6mT6.s:103409  .debug_str:0000000000040526 .LASF3906
     /tmp/ccal6mT6.s:96335  .debug_str:00000000000238a1 .LASF3907
     /tmp/ccal6mT6.s:95485  .debug_str:0000000000020005 .LASF3908
     /tmp/ccal6mT6.s:104043  .debug_str:0000000000042efc .LASF3909
     /tmp/ccal6mT6.s:102063  .debug_str:000000000003aa7e .LASF3910
     /tmp/ccal6mT6.s:92491  .debug_str:0000000000013a2b .LASF3911
     /tmp/ccal6mT6.s:96953  .debug_str:0000000000025d17 .LASF3912
     /tmp/ccal6mT6.s:105641  .debug_str:00000000000499bb .LASF3913
     /tmp/ccal6mT6.s:102219  .debug_str:000000000003b4f3 .LASF3914
     /tmp/ccal6mT6.s:92011  .debug_str:0000000000011b2b .LASF3915
     /tmp/ccal6mT6.s:103945  .debug_str:00000000000428c8 .LASF3916
     /tmp/ccal6mT6.s:95193  .debug_str:000000000001eae3 .LASF3917
     /tmp/ccal6mT6.s:105925  .debug_str:000000000004ae39 .LASF3918
     /tmp/ccal6mT6.s:94083  .debug_str:000000000001a1ed .LASF3919
     /tmp/ccal6mT6.s:103437  .debug_str:00000000000406d8 .LASF3920
     /tmp/ccal6mT6.s:91827  .debug_str:0000000000010dc5 .LASF3921
     /tmp/ccal6mT6.s:97815  .debug_str:0000000000029525 .LASF3922
     /tmp/ccal6mT6.s:105225  .debug_str:0000000000047cc0 .LASF3923
     /tmp/ccal6mT6.s:98589  .debug_str:000000000002c6d8 .LASF3924
     /tmp/ccal6mT6.s:91159  .debug_str:000000000000e652 .LASF3925
     /tmp/ccal6mT6.s:98379  .debug_str:000000000002b988 .LASF3926
     /tmp/ccal6mT6.s:91591  .debug_str:000000000000ffbb .LASF3927
     /tmp/ccal6mT6.s:104353  .debug_str:000000000004424d .LASF3928
     /tmp/ccal6mT6.s:91801  .debug_str:0000000000010c45 .LASF3929
     /tmp/ccal6mT6.s:88121  .debug_str:0000000000001cc9 .LASF3930
     /tmp/ccal6mT6.s:91473  .debug_str:000000000000f89c .LASF3931
     /tmp/ccal6mT6.s:106465  .debug_str:000000000004d3e8 .LASF3932
     /tmp/ccal6mT6.s:100035  .debug_str:000000000003291f .LASF3933
     /tmp/ccal6mT6.s:106085  .debug_str:000000000004ba99 .LASF3934
     /tmp/ccal6mT6.s:87957  .debug_str:00000000000011ac .LASF3935
     /tmp/ccal6mT6.s:103593  .debug_str:00000000000410c7 .LASF3936
     /tmp/ccal6mT6.s:104799  .debug_str:0000000000045fcf .LASF3937
     /tmp/ccal6mT6.s:93303  .debug_str:0000000000016f6c .LASF3938
     /tmp/ccal6mT6.s:95789  .debug_str:00000000000213ce .LASF3939
     /tmp/ccal6mT6.s:88325  .debug_str:0000000000002b73 .LASF3940
     /tmp/ccal6mT6.s:93293  .debug_str:0000000000016e7d .LASF3941
     /tmp/ccal6mT6.s:102189  .debug_str:000000000003b308 .LASF3942
     /tmp/ccal6mT6.s:102161  .debug_str:000000000003b0e3 .LASF3943
     /tmp/ccal6mT6.s:93329  .debug_str:0000000000017123 .LASF3944
     /tmp/ccal6mT6.s:101513  .debug_str:000000000003842f .LASF3945
     /tmp/ccal6mT6.s:97285  .debug_str:00000000000272fe .LASF3946
     /tmp/ccal6mT6.s:98569  .debug_str:000000000002c599 .LASF3947
     /tmp/ccal6mT6.s:99501  .debug_str:0000000000030429 .LASF3948
     /tmp/ccal6mT6.s:106487  .debug_str:000000000004d59f .LASF3949
     /tmp/ccal6mT6.s:102297  .debug_str:000000000003ba46 .LASF3950
     /tmp/ccal6mT6.s:87969  .debug_str:000000000000127f .LASF3951
     /tmp/ccal6mT6.s:91803  .debug_str:0000000000010c5f .LASF3952
     /tmp/ccal6mT6.s:98665  .debug_str:000000000002cc41 .LASF3953
     /tmp/ccal6mT6.s:94617  .debug_str:000000000001c308 .LASF3954
     /tmp/ccal6mT6.s:97191  .debug_str:0000000000026ca7 .LASF3955
     /tmp/ccal6mT6.s:100535  .debug_str:0000000000034ac8 .LASF3956
     /tmp/ccal6mT6.s:105849  .debug_str:000000000004a845 .LASF3957
     /tmp/ccal6mT6.s:100387  .debug_str:000000000003412d .LASF3958
     /tmp/ccal6mT6.s:106075  .debug_str:000000000004ba05 .LASF3959
     /tmp/ccal6mT6.s:97701  .debug_str:0000000000028eed .LASF3960
     /tmp/ccal6mT6.s:105219  .debug_str:0000000000047c69 .LASF3961
     /tmp/ccal6mT6.s:89887  .debug_str:000000000000955b .LASF3962
     /tmp/ccal6mT6.s:97467  .debug_str:0000000000027ee6 .LASF3963
     /tmp/ccal6mT6.s:100109  .debug_str:0000000000032dcb .LASF3964
     /tmp/ccal6mT6.s:102231  .debug_str:000000000003b5b8 .LASF3965
     /tmp/ccal6mT6.s:95673  .debug_str:0000000000020d1f .LASF3966
     /tmp/ccal6mT6.s:89025  .debug_str:0000000000005b5b .LASF3967
     /tmp/ccal6mT6.s:104763  .debug_str:0000000000045d85 .LASF3968
     /tmp/ccal6mT6.s:95697  .debug_str:0000000000020e17 .LASF3969
     /tmp/ccal6mT6.s:105321  .debug_str:00000000000482f9 .LASF3970
     /tmp/ccal6mT6.s:100269  .debug_str:00000000000338da .LASF3971
     /tmp/ccal6mT6.s:106147  .debug_str:000000000004beaa .LASF3972
     /tmp/ccal6mT6.s:103531  .debug_str:0000000000040c7d .LASF3973
     /tmp/ccal6mT6.s:102463  .debug_str:000000000003c62e .LASF3974
     /tmp/ccal6mT6.s:88183  .debug_str:000000000000219d .LASF3975
     /tmp/ccal6mT6.s:104315  .debug_str:0000000000043fd2 .LASF3976
     /tmp/ccal6mT6.s:94633  .debug_str:000000000001c3cc .LASF3977
     /tmp/ccal6mT6.s:93321  .debug_str:00000000000170a8 .LASF3978
     /tmp/ccal6mT6.s:89217  .debug_str:0000000000006890 .LASF3979
     /tmp/ccal6mT6.s:100321  .debug_str:0000000000033c8c .LASF3980
     /tmp/ccal6mT6.s:104401  .debug_str:0000000000044535 .LASF3981
     /tmp/ccal6mT6.s:102001  .debug_str:000000000003a64b .LASF3982
     /tmp/ccal6mT6.s:96999  .debug_str:0000000000025f8a .LASF3983
     /tmp/ccal6mT6.s:101463  .debug_str:00000000000381a1 .LASF3984
     /tmp/ccal6mT6.s:99025  .debug_str:000000000002e535 .LASF3985
     /tmp/ccal6mT6.s:100671  .debug_str:0000000000035386 .LASF3986
     /tmp/ccal6mT6.s:104869  .debug_str:0000000000046442 .LASF3987
     /tmp/ccal6mT6.s:95699  .debug_str:0000000000020e28 .LASF3988
     /tmp/ccal6mT6.s:89221  .debug_str:00000000000068b6 .LASF3989
     /tmp/ccal6mT6.s:87729  .debug_str:0000000000000258 .LASF3990
     /tmp/ccal6mT6.s:90315  .debug_str:000000000000b262 .LASF3991
     /tmp/ccal6mT6.s:102521  .debug_str:000000000003c9e0 .LASF3992
     /tmp/ccal6mT6.s:95747  .debug_str:00000000000211cf .LASF3993
     /tmp/ccal6mT6.s:105247  .debug_str:0000000000047e5c .LASF3994
     /tmp/ccal6mT6.s:92583  .debug_str:0000000000013f88 .LASF3995
     /tmp/ccal6mT6.s:92285  .debug_str:0000000000012d84 .LASF3996
     /tmp/ccal6mT6.s:101441  .debug_str:0000000000038022 .LASF3997
     /tmp/ccal6mT6.s:88419  .debug_str:0000000000003244 .LASF3998
     /tmp/ccal6mT6.s:102613  .debug_str:000000000003cef8 .LASF3999
     /tmp/ccal6mT6.s:92041  .debug_str:0000000000011d51 .LASF4000
     /tmp/ccal6mT6.s:93461  .debug_str:0000000000017980 .LASF4001
     /tmp/ccal6mT6.s:100897  .debug_str:0000000000036266 .LASF4002
     /tmp/ccal6mT6.s:90619  .debug_str:000000000000c706 .LASF4003
     /tmp/ccal6mT6.s:98239  .debug_str:000000000002b10b .LASF4004
     /tmp/ccal6mT6.s:98449  .debug_str:000000000002bd5f .LASF4005
     /tmp/ccal6mT6.s:103745  .debug_str:0000000000041b55 .LASF4006
     /tmp/ccal6mT6.s:97193  .debug_str:0000000000026cc2 .LASF4007
     /tmp/ccal6mT6.s:93821  .debug_str:00000000000190a6 .LASF4008
     /tmp/ccal6mT6.s:88435  .debug_str:0000000000003309 .LASF4009
     /tmp/ccal6mT6.s:97023  .debug_str:000000000002612d .LASF4010
     /tmp/ccal6mT6.s:98293  .debug_str:000000000002b4c2 .LASF4011
     /tmp/ccal6mT6.s:98923  .debug_str:000000000002de81 .LASF4012
     /tmp/ccal6mT6.s:102547  .debug_str:000000000003cbcf .LASF4013
     /tmp/ccal6mT6.s:92013  .debug_str:0000000000011b45 .LASF4014
     /tmp/ccal6mT6.s:92507  .debug_str:0000000000013b0c .LASF4015
     /tmp/ccal6mT6.s:100807  .debug_str:0000000000035cdb .LASF4016
     /tmp/ccal6mT6.s:96701  .debug_str:0000000000024c01 .LASF4017
     /tmp/ccal6mT6.s:105779  .debug_str:000000000004a3ef .LASF4018
     /tmp/ccal6mT6.s:97589  .debug_str:000000000002874b .LASF4019
     /tmp/ccal6mT6.s:105521  .debug_str:00000000000491eb .LASF4020
     /tmp/ccal6mT6.s:97355  .debug_str:00000000000277c7 .LASF4021
     /tmp/ccal6mT6.s:92093  .debug_str:00000000000120ae .LASF4022
     /tmp/ccal6mT6.s:104275  .debug_str:0000000000043da2 .LASF4023
     /tmp/ccal6mT6.s:101835  .debug_str:0000000000039ab8 .LASF4024
     /tmp/ccal6mT6.s:105091  .debug_str:000000000004746e .LASF4025
     /tmp/ccal6mT6.s:100471  .debug_str:000000000003468a .LASF4026
     /tmp/ccal6mT6.s:101483  .debug_str:00000000000382a0 .LASF4027
     /tmp/ccal6mT6.s:90413  .debug_str:000000000000b97e .LASF4028
     /tmp/ccal6mT6.s:102935  .debug_str:000000000003e3ef .LASF4029
     /tmp/ccal6mT6.s:100649  .debug_str:000000000003523b .LASF4030
     /tmp/ccal6mT6.s:95007  .debug_str:000000000001dd92 .LASF4031
     /tmp/ccal6mT6.s:105807  .debug_str:000000000004a5fa .LASF4032
     /tmp/ccal6mT6.s:100603  .debug_str:0000000000034f5e .LASF4033
     /tmp/ccal6mT6.s:92889  .debug_str:000000000001534d .LASF4034
     /tmp/ccal6mT6.s:91303  .debug_str:000000000000ee2a .LASF4035
     /tmp/ccal6mT6.s:98387  .debug_str:000000000002b9d0 .LASF4036
     /tmp/ccal6mT6.s:105005  .debug_str:0000000000046e3e .LASF4037
     /tmp/ccal6mT6.s:91237  .debug_str:000000000000ead8 .LASF4038
     /tmp/ccal6mT6.s:97651  .debug_str:0000000000028b46 .LASF4039
     /tmp/ccal6mT6.s:102287  .debug_str:000000000003b972 .LASF4040
     /tmp/ccal6mT6.s:88007  .debug_str:00000000000014c8 .LASF4041
     /tmp/ccal6mT6.s:88587  .debug_str:0000000000003d2c .LASF4042
     /tmp/ccal6mT6.s:98391  .debug_str:000000000002ba00 .LASF4043
     /tmp/ccal6mT6.s:98803  .debug_str:000000000002d5b6 .LASF4044
     /tmp/ccal6mT6.s:90473  .debug_str:000000000000bd22 .LASF4045
     /tmp/ccal6mT6.s:103085  .debug_str:000000000003ee36 .LASF4046
     /tmp/ccal6mT6.s:94505  .debug_str:000000000001bbbf .LASF4047
     /tmp/ccal6mT6.s:99373  .debug_str:000000000002fbcd .LASF4048
     /tmp/ccal6mT6.s:105723  .debug_str:0000000000049f9b .LASF4049
     /tmp/ccal6mT6.s:102195  .debug_str:000000000003b372 .LASF4050
     /tmp/ccal6mT6.s:91859  .debug_str:0000000000011070 .LASF4051
     /tmp/ccal6mT6.s:104017  .debug_str:0000000000042d3d .LASF4052
     /tmp/ccal6mT6.s:102249  .debug_str:000000000003b6c4 .LASF4053
     /tmp/ccal6mT6.s:89867  .debug_str:00000000000093c7 .LASF4054
     /tmp/ccal6mT6.s:95781  .debug_str:0000000000021371 .LASF4055
     /tmp/ccal6mT6.s:98809  .debug_str:000000000002d622 .LASF4056
     /tmp/ccal6mT6.s:91481  .debug_str:000000000000f949 .LASF4057
     /tmp/ccal6mT6.s:95151  .debug_str:000000000001e867 .LASF4058
     /tmp/ccal6mT6.s:90617  .debug_str:000000000000c6f2 .LASF4059
     /tmp/ccal6mT6.s:90493  .debug_str:000000000000be65 .LASF4060
     /tmp/ccal6mT6.s:91105  .debug_str:000000000000e429 .LASF4061
     /tmp/ccal6mT6.s:100313  .debug_str:0000000000033c33 .LASF4062
     /tmp/ccal6mT6.s:92743  .debug_str:00000000000149a2 .LASF4063
     /tmp/ccal6mT6.s:89349  .debug_str:0000000000007140 .LASF4064
     /tmp/ccal6mT6.s:105169  .debug_str:000000000004795a .LASF4065
     /tmp/ccal6mT6.s:96575  .debug_str:0000000000024505 .LASF4066
     /tmp/ccal6mT6.s:99763  .debug_str:0000000000031683 .LASF4067
     /tmp/ccal6mT6.s:89831  .debug_str:00000000000090f4 .LASF4068
     /tmp/ccal6mT6.s:103127  .debug_str:000000000003f180 .LASF4069
     /tmp/ccal6mT6.s:98669  .debug_str:000000000002cc68 .LASF4070
     /tmp/ccal6mT6.s:93049  .debug_str:0000000000015d30 .LASF4071
     /tmp/ccal6mT6.s:105213  .debug_str:0000000000047c02 .LASF4072
     /tmp/ccal6mT6.s:103223  .debug_str:000000000003f859 .LASF4073
     /tmp/ccal6mT6.s:97883  .debug_str:00000000000299c4 .LASF4074
     /tmp/ccal6mT6.s:106179  .debug_str:000000000004c10c .LASF4075
     /tmp/ccal6mT6.s:104815  .debug_str:00000000000460f8 .LASF4076
     /tmp/ccal6mT6.s:96985  .debug_str:0000000000025e83 .LASF4077
     /tmp/ccal6mT6.s:96387  .debug_str:0000000000023b90 .LASF4078
     /tmp/ccal6mT6.s:100575  .debug_str:0000000000034da1 .LASF4079
     /tmp/ccal6mT6.s:94907  .debug_str:000000000001d765 .LASF4080
     /tmp/ccal6mT6.s:94345  .debug_str:000000000001b19e .LASF4081
     /tmp/ccal6mT6.s:100051  .debug_str:0000000000032a46 .LASF4082
     /tmp/ccal6mT6.s:98713  .debug_str:000000000002cfa4 .LASF4083
     /tmp/ccal6mT6.s:99133  .debug_str:000000000002ec56 .LASF4084
     /tmp/ccal6mT6.s:102005  .debug_str:000000000003a69d .LASF4085
     /tmp/ccal6mT6.s:102473  .debug_str:000000000003c6b9 .LASF4086
     /tmp/ccal6mT6.s:90411  .debug_str:000000000000b962 .LASF4087
     /tmp/ccal6mT6.s:93969  .debug_str:0000000000019a67 .LASF4088
     /tmp/ccal6mT6.s:88341  .debug_str:0000000000002cac .LASF4089
     /tmp/ccal6mT6.s:89749  .debug_str:0000000000008bb7 .LASF4090
     /tmp/ccal6mT6.s:93907  .debug_str:00000000000196ac .LASF4091
     /tmp/ccal6mT6.s:93335  .debug_str:000000000001715d .LASF4092
     /tmp/ccal6mT6.s:105397  .debug_str:00000000000488de .LASF4093
     /tmp/ccal6mT6.s:92893  .debug_str:0000000000015380 .LASF4094
     /tmp/ccal6mT6.s:91015  .debug_str:000000000000df31 .LASF4095
     /tmp/ccal6mT6.s:94705  .debug_str:000000000001c8b9 .LASF4096
     /tmp/ccal6mT6.s:96929  .debug_str:0000000000025b88 .LASF4097
     /tmp/ccal6mT6.s:95425  .debug_str:000000000001fc19 .LASF4098
     /tmp/ccal6mT6.s:105061  .debug_str:000000000004724f .LASF4099
     /tmp/ccal6mT6.s:90453  .debug_str:000000000000bbf8 .LASF4100
     /tmp/ccal6mT6.s:94057  .debug_str:000000000001a072 .LASF4101
     /tmp/ccal6mT6.s:103103  .debug_str:000000000003ef86 .LASF4102
     /tmp/ccal6mT6.s:91679  .debug_str:0000000000010547 .LASF4103
     /tmp/ccal6mT6.s:94231  .debug_str:000000000001aa2e .LASF4104
     /tmp/ccal6mT6.s:97969  .debug_str:0000000000029fde .LASF4105
     /tmp/ccal6mT6.s:91615  .debug_str:0000000000010082 .LASF4106
     /tmp/ccal6mT6.s:101951  .debug_str:000000000003a288 .LASF4107
     /tmp/ccal6mT6.s:93343  .debug_str:00000000000171b3 .LASF4108
     /tmp/ccal6mT6.s:89907  .debug_str:00000000000096eb .LASF4109
     /tmp/ccal6mT6.s:91569  .debug_str:000000000000fe88 .LASF4110
     /tmp/ccal6mT6.s:97201  .debug_str:0000000000026d1c .LASF4111
     /tmp/ccal6mT6.s:90355  .debug_str:000000000000b5da .LASF4112
     /tmp/ccal6mT6.s:95567  .debug_str:00000000000205fe .LASF4113
     /tmp/ccal6mT6.s:94859  .debug_str:000000000001d458 .LASF4114
     /tmp/ccal6mT6.s:104719  .debug_str:0000000000045ac5 .LASF4115
     /tmp/ccal6mT6.s:104551  .debug_str:0000000000044f61 .LASF4116
     /tmp/ccal6mT6.s:92163  .debug_str:000000000001254d .LASF4117
     /tmp/ccal6mT6.s:94861  .debug_str:000000000001d477 .LASF4118
     /tmp/ccal6mT6.s:90885  .debug_str:000000000000d7b2 .LASF4119
     /tmp/ccal6mT6.s:96729  .debug_str:0000000000024da5 .LASF4120
     /tmp/ccal6mT6.s:101981  .debug_str:000000000003a4a8 .LASF4121
     /tmp/ccal6mT6.s:99893  .debug_str:0000000000031fad .LASF4122
     /tmp/ccal6mT6.s:93909  .debug_str:00000000000196bf .LASF4123
     /tmp/ccal6mT6.s:106217  .debug_str:000000000004c33c .LASF4124
     /tmp/ccal6mT6.s:99315  .debug_str:000000000002f8a3 .LASF4125
     /tmp/ccal6mT6.s:98335  .debug_str:000000000002b6fc .LASF4126
     /tmp/ccal6mT6.s:88433  .debug_str:00000000000032fa .LASF4127
     /tmp/ccal6mT6.s:100967  .debug_str:000000000003665f .LASF4128
     /tmp/ccal6mT6.s:95665  .debug_str:0000000000020cd3 .LASF4129
     /tmp/ccal6mT6.s:99653  .debug_str:0000000000030efa .LASF4130
     /tmp/ccal6mT6.s:92121  .debug_str:000000000001228d .LASF4131
     /tmp/ccal6mT6.s:97673  .debug_str:0000000000028cec .LASF4132
     /tmp/ccal6mT6.s:89815  .debug_str:0000000000008fe3 .LASF4133
     /tmp/ccal6mT6.s:98161  .debug_str:000000000002abd8 .LASF4134
     /tmp/ccal6mT6.s:106373  .debug_str:000000000004cd92 .LASF4135
     /tmp/ccal6mT6.s:88531  .debug_str:000000000000395e .LASF4136
     /tmp/ccal6mT6.s:93475  .debug_str:0000000000017a7e .LASF4137
     /tmp/ccal6mT6.s:98543  .debug_str:000000000002c403 .LASF4138
     /tmp/ccal6mT6.s:102079  .debug_str:000000000003ab89 .LASF4139
     /tmp/ccal6mT6.s:100327  .debug_str:0000000000033cd9 .LASF4140
     /tmp/ccal6mT6.s:93147  .debug_str:00000000000163cc .LASF4141
     /tmp/ccal6mT6.s:94693  .debug_str:000000000001c7fb .LASF4142
     /tmp/ccal6mT6.s:94599  .debug_str:000000000001c18b .LASF4143
     /tmp/ccal6mT6.s:89017  .debug_str:0000000000005b0e .LASF4144
     /tmp/ccal6mT6.s:88711  .debug_str:0000000000004601 .LASF4145
     /tmp/ccal6mT6.s:102377  .debug_str:000000000003c019 .LASF4146
     /tmp/ccal6mT6.s:105381  .debug_str:00000000000487a8 .LASF4147
     /tmp/ccal6mT6.s:102367  .debug_str:000000000003bf47 .LASF4148
     /tmp/ccal6mT6.s:103235  .debug_str:000000000003f95e .LASF4149
     /tmp/ccal6mT6.s:95267  .debug_str:000000000001f099 .LASF4150
     /tmp/ccal6mT6.s:103547  .debug_str:0000000000040d8c .LASF4151
     /tmp/ccal6mT6.s:93347  .debug_str:0000000000017201 .LASF4152
     /tmp/ccal6mT6.s:90297  .debug_str:000000000000b145 .LASF4153
     /tmp/ccal6mT6.s:106429  .debug_str:000000000004d160 .LASF4154
     /tmp/ccal6mT6.s:88521  .debug_str:00000000000038bb .LASF4155
     /tmp/ccal6mT6.s:88603  .debug_str:0000000000003e54 .LASF4156
     /tmp/ccal6mT6.s:100547  .debug_str:0000000000034b8c .LASF4157
     /tmp/ccal6mT6.s:95427  .debug_str:000000000001fc30 .LASF4158
     /tmp/ccal6mT6.s:94791  .debug_str:000000000001cf2a .LASF4159
     /tmp/ccal6mT6.s:105569  .debug_str:0000000000049541 .LASF4160
     /tmp/ccal6mT6.s:94611  .debug_str:000000000001c262 .LASF4161
     /tmp/ccal6mT6.s:106061  .debug_str:000000000004b8bd .LASF4162
     /tmp/ccal6mT6.s:99707  .debug_str:000000000003131b .LASF4163
     /tmp/ccal6mT6.s:91157  .debug_str:000000000000e642 .LASF4164
     /tmp/ccal6mT6.s:92443  .debug_str:000000000001372d .LASF4165
     /tmp/ccal6mT6.s:98901  .debug_str:000000000002dcf2 .LASF4166
     /tmp/ccal6mT6.s:102683  .debug_str:000000000003d3f2 .LASF4167
     /tmp/ccal6mT6.s:88361  .debug_str:0000000000002eb2 .LASF4168
     /tmp/ccal6mT6.s:88905  .debug_str:000000000000532d .LASF4169
     /tmp/ccal6mT6.s:99417  .debug_str:000000000002ff2b .LASF4170
     /tmp/ccal6mT6.s:92371  .debug_str:000000000001330c .LASF4171
     /tmp/ccal6mT6.s:87999  .debug_str:0000000000001447 .LASF4172
     /tmp/ccal6mT6.s:89603  .debug_str:00000000000081c3 .LASF4173
     /tmp/ccal6mT6.s:103371  .debug_str:0000000000040244 .LASF4174
     /tmp/ccal6mT6.s:89257  .debug_str:0000000000006b99 .LASF4175
     /tmp/ccal6mT6.s:95121  .debug_str:000000000001e657 .LASF4176
     /tmp/ccal6mT6.s:87995  .debug_str:0000000000001410 .LASF4177
     /tmp/ccal6mT6.s:95357  .debug_str:000000000001f806 .LASF4178
     /tmp/ccal6mT6.s:89829  .debug_str:00000000000090e1 .LASF4179
     /tmp/ccal6mT6.s:99735  .debug_str:0000000000031503 .LASF4180
     /tmp/ccal6mT6.s:101403  .debug_str:0000000000037e8f .LASF4181
     /tmp/ccal6mT6.s:104277  .debug_str:0000000000043db5 .LASF4182
     /tmp/ccal6mT6.s:105481  .debug_str:0000000000048f2a .LASF4183
     /tmp/ccal6mT6.s:99131  .debug_str:000000000002ec44 .LASF4184
     /tmp/ccal6mT6.s:88493  .debug_str:00000000000036e9 .LASF4185
     /tmp/ccal6mT6.s:89469  .debug_str:00000000000078f4 .LASF4186
     /tmp/ccal6mT6.s:94631  .debug_str:000000000001c3ba .LASF4187
     /tmp/ccal6mT6.s:97593  .debug_str:000000000002877d .LASF4188
     /tmp/ccal6mT6.s:105821  .debug_str:000000000004a6ba .LASF4189
     /tmp/ccal6mT6.s:95385  .debug_str:000000000001f9ce .LASF4190
     /tmp/ccal6mT6.s:103663  .debug_str:0000000000041648 .LASF4191
     /tmp/ccal6mT6.s:95925  .debug_str:0000000000021d72 .LASF4192
     /tmp/ccal6mT6.s:101555  .debug_str:00000000000387bc .LASF4193
     /tmp/ccal6mT6.s:90801  .debug_str:000000000000d2c3 .LASF4194
     /tmp/ccal6mT6.s:104953  .debug_str:0000000000046a37 .LASF4195
     /tmp/ccal6mT6.s:91275  .debug_str:000000000000ed58 .LASF4196
     /tmp/ccal6mT6.s:99435  .debug_str:0000000000030067 .LASF4197
     /tmp/ccal6mT6.s:102261  .debug_str:000000000003b7cc .LASF4198
     /tmp/ccal6mT6.s:91619  .debug_str:00000000000100d7 .LASF4199
     /tmp/ccal6mT6.s:100071  .debug_str:0000000000032b3c .LASF4200
     /tmp/ccal6mT6.s:104429  .debug_str:0000000000044762 .LASF4201
     /tmp/ccal6mT6.s:97895  .debug_str:0000000000029a2d .LASF4202
     /tmp/ccal6mT6.s:106103  .debug_str:000000000004bbfd .LASF4203
     /tmp/ccal6mT6.s:92213  .debug_str:000000000001297d .LASF4204
     /tmp/ccal6mT6.s:87745  .debug_str:000000000000036c .LASF4205
     /tmp/ccal6mT6.s:96119  .debug_str:0000000000022aac .LASF4206
     /tmp/ccal6mT6.s:90283  .debug_str:000000000000aff7 .LASF4207
     /tmp/ccal6mT6.s:104667  .debug_str:00000000000457ac .LASF4208
     /tmp/ccal6mT6.s:102037  .debug_str:000000000003a8a8 .LASF4209
     /tmp/ccal6mT6.s:101855  .debug_str:0000000000039bb7 .LASF4210
     /tmp/ccal6mT6.s:91535  .debug_str:000000000000fc30 .LASF4211
     /tmp/ccal6mT6.s:93439  .debug_str:0000000000017835 .LASF4212
     /tmp/ccal6mT6.s:91385  .debug_str:000000000000f405 .LASF4213
     /tmp/ccal6mT6.s:97511  .debug_str:0000000000028224 .LASF4214
     /tmp/ccal6mT6.s:102955  .debug_str:000000000003e4de .LASF4215
     /tmp/ccal6mT6.s:95297  .debug_str:000000000001f2bc .LASF4216
     /tmp/ccal6mT6.s:103575  .debug_str:0000000000040fc3 .LASF4217
     /tmp/ccal6mT6.s:93007  .debug_str:0000000000015a66 .LASF4218
     /tmp/ccal6mT6.s:101477  .debug_str:0000000000038254 .LASF4219
     /tmp/ccal6mT6.s:103899  .debug_str:00000000000425c6 .LASF4220
     /tmp/ccal6mT6.s:101195  .debug_str:0000000000037262 .LASF4221
     /tmp/ccal6mT6.s:94883  .debug_str:000000000001d5af .LASF4222
     /tmp/ccal6mT6.s:103183  .debug_str:000000000003f5f0 .LASF4223
     /tmp/ccal6mT6.s:92635  .debug_str:0000000000014296 .LASF4224
     /tmp/ccal6mT6.s:89809  .debug_str:0000000000008f7f .LASF4225
     /tmp/ccal6mT6.s:90371  .debug_str:000000000000b6e4 .LASF4226
     /tmp/ccal6mT6.s:98889  .debug_str:000000000002dc10 .LASF4227
     /tmp/ccal6mT6.s:100449  .debug_str:0000000000034563 .LASF4228
     /tmp/ccal6mT6.s:100667  .debug_str:000000000003532c .LASF4229
     /tmp/ccal6mT6.s:88537  .debug_str:00000000000039c0 .LASF4230
     /tmp/ccal6mT6.s:105041  .debug_str:000000000004712b .LASF4231
     /tmp/ccal6mT6.s:88413  .debug_str:00000000000031e2 .LASF4232
     /tmp/ccal6mT6.s:94727  .debug_str:000000000001cab9 .LASF4233
     /tmp/ccal6mT6.s:91147  .debug_str:000000000000e5b1 .LASF4234
     /tmp/ccal6mT6.s:92481  .debug_str:00000000000139af .LASF4235
     /tmp/ccal6mT6.s:93127  .debug_str:0000000000016298 .LASF4236
     /tmp/ccal6mT6.s:94407  .debug_str:000000000001b541 .LASF4237
     /tmp/ccal6mT6.s:98767  .debug_str:000000000002d39f .LASF4238
     /tmp/ccal6mT6.s:88115  .debug_str:0000000000001c89 .LASF4239
     /tmp/ccal6mT6.s:99063  .debug_str:000000000002e7c8 .LASF4240
     /tmp/ccal6mT6.s:88437  .debug_str:000000000000331e .LASF4241
     /tmp/ccal6mT6.s:93917  .debug_str:000000000001974b .LASF4242
     /tmp/ccal6mT6.s:102311  .debug_str:000000000003bb28 .LASF4243
     /tmp/ccal6mT6.s:91503  .debug_str:000000000000fae7 .LASF4244
     /tmp/ccal6mT6.s:103047  .debug_str:000000000003eb95 .LASF4245
     /tmp/ccal6mT6.s:91849  .debug_str:0000000000010fc5 .LASF4246
     /tmp/ccal6mT6.s:99363  .debug_str:000000000002fb6b .LASF4247
     /tmp/ccal6mT6.s:105101  .debug_str:0000000000047512 .LASF4248
     /tmp/ccal6mT6.s:105523  .debug_str:00000000000491fc .LASF4249
     /tmp/ccal6mT6.s:92877  .debug_str:00000000000152d2 .LASF4250
     /tmp/ccal6mT6.s:101321  .debug_str:00000000000379d7 .LASF4251
     /tmp/ccal6mT6.s:105487  .debug_str:0000000000048f93 .LASF4252
     /tmp/ccal6mT6.s:99103  .debug_str:000000000002ea95 .LASF4253
     /tmp/ccal6mT6.s:88471  .debug_str:000000000000351b .LASF4254
     /tmp/ccal6mT6.s:96883  .debug_str:0000000000025871 .LASF4255
     /tmp/ccal6mT6.s:105139  .debug_str:000000000004772f .LASF4256
     /tmp/ccal6mT6.s:94657  .debug_str:000000000001c585 .LASF4257
     /tmp/ccal6mT6.s:102785  .debug_str:000000000003dadd .LASF4258
     /tmp/ccal6mT6.s:93559  .debug_str:0000000000017ec2 .LASF4259
     /tmp/ccal6mT6.s:103267  .debug_str:000000000003fb1b .LASF4260
     /tmp/ccal6mT6.s:92717  .debug_str:00000000000147fe .LASF4261
     /tmp/ccal6mT6.s:101149  .debug_str:00000000000370e2 .LASF4262
     /tmp/ccal6mT6.s:90429  .debug_str:000000000000ba62 .LASF4263
     /tmp/ccal6mT6.s:98567  .debug_str:000000000002c583 .LASF4264
     /tmp/ccal6mT6.s:88355  .debug_str:0000000000002e1d .LASF4265
     /tmp/ccal6mT6.s:96567  .debug_str:00000000000244a3 .LASF4266
     /tmp/ccal6mT6.s:104861  .debug_str:00000000000463a6 .LASF4267
     /tmp/ccal6mT6.s:94365  .debug_str:000000000001b314 .LASF4268
     /tmp/ccal6mT6.s:105285  .debug_str:0000000000048091 .LASF4269
     /tmp/ccal6mT6.s:89325  .debug_str:0000000000007018 .LASF4270
     /tmp/ccal6mT6.s:104293  .debug_str:0000000000043e58 .LASF4271
     /tmp/ccal6mT6.s:105725  .debug_str:0000000000049fae .LASF4272
     /tmp/ccal6mT6.s:95279  .debug_str:000000000001f17d .LASF4273
     /tmp/ccal6mT6.s:94403  .debug_str:000000000001b523 .LASF4274
     /tmp/ccal6mT6.s:93823  .debug_str:00000000000190b7 .LASF4275
     /tmp/ccal6mT6.s:104845  .debug_str:00000000000462ab .LASF4276
     /tmp/ccal6mT6.s:95157  .debug_str:000000000001e89a .LASF4277
     /tmp/ccal6mT6.s:98255  .debug_str:000000000002b207 .LASF4278
     /tmp/ccal6mT6.s:89581  .debug_str:000000000000800e .LASF4279
     /tmp/ccal6mT6.s:100067  .debug_str:0000000000032ae1 .LASF4280
     /tmp/ccal6mT6.s:91423  .debug_str:000000000000f66d .LASF4281
     /tmp/ccal6mT6.s:99307  .debug_str:000000000002f848 .LASF4282
     /tmp/ccal6mT6.s:92063  .debug_str:0000000000011e67 .LASF4283
     /tmp/ccal6mT6.s:92639  .debug_str:00000000000142e9 .LASF4284
     /tmp/ccal6mT6.s:102273  .debug_str:000000000003b884 .LASF4285
     /tmp/ccal6mT6.s:102083  .debug_str:000000000003abc2 .LASF4286
     /tmp/ccal6mT6.s:103893  .debug_str:000000000004254f .LASF4287
     /tmp/ccal6mT6.s:104197  .debug_str:000000000004385a .LASF4288
     /tmp/ccal6mT6.s:90225  .debug_str:000000000000abb4 .LASF4289
     /tmp/ccal6mT6.s:97265  .debug_str:00000000000271b5 .LASF4290
     /tmp/ccal6mT6.s:100657  .debug_str:000000000003527a .LASF4291
     /tmp/ccal6mT6.s:97217  .debug_str:0000000000026e23 .LASF4292
     /tmp/ccal6mT6.s:102637  .debug_str:000000000003d0cb .LASF4293
     /tmp/ccal6mT6.s:100781  .debug_str:0000000000035aea .LASF4294
     /tmp/ccal6mT6.s:96269  .debug_str:00000000000234fe .LASF4295
     /tmp/ccal6mT6.s:101615  .debug_str:0000000000038bc8 .LASF4296
     /tmp/ccal6mT6.s:98047  .debug_str:000000000002a42b .LASF4297
     /tmp/ccal6mT6.s:91443  .debug_str:000000000000f7b8 .LASF4298
     /tmp/ccal6mT6.s:99853  .debug_str:0000000000031cf2 .LASF4299
     /tmp/ccal6mT6.s:91191  .debug_str:000000000000e8cb .LASF4300
     /tmp/ccal6mT6.s:91199  .debug_str:000000000000e966 .LASF4301
     /tmp/ccal6mT6.s:93119  .debug_str:0000000000016221 .LASF4302
     /tmp/ccal6mT6.s:103489  .debug_str:000000000004094a .LASF4303
     /tmp/ccal6mT6.s:94831  .debug_str:000000000001d20a .LASF4304
     /tmp/ccal6mT6.s:90267  .debug_str:000000000000aee5 .LASF4305
     /tmp/ccal6mT6.s:100867  .debug_str:000000000003602d .LASF4306
     /tmp/ccal6mT6.s:101875  .debug_str:0000000000039ccb .LASF4307
     /tmp/ccal6mT6.s:101167  .debug_str:00000000000371b7 .LASF4308
     /tmp/ccal6mT6.s:87805  .debug_str:000000000000078f .LASF4309
     /tmp/ccal6mT6.s:101955  .debug_str:000000000003a2ee .LASF4310
     /tmp/ccal6mT6.s:93333  .debug_str:0000000000017145 .LASF4311
     /tmp/ccal6mT6.s:103729  .debug_str:0000000000041a9f .LASF4312
     /tmp/ccal6mT6.s:102873  .debug_str:000000000003dff6 .LASF4313
     /tmp/ccal6mT6.s:101471  .debug_str:0000000000038213 .LASF4314
     /tmp/ccal6mT6.s:97093  .debug_str:0000000000026669 .LASF4315
     /tmp/ccal6mT6.s:94067  .debug_str:000000000001a0ea .LASF4316
     /tmp/ccal6mT6.s:103525  .debug_str:0000000000040c1c .LASF4317
     /tmp/ccal6mT6.s:95949  .debug_str:0000000000021ede .LASF4318
     /tmp/ccal6mT6.s:99781  .debug_str:00000000000317e4 .LASF4319
     /tmp/ccal6mT6.s:101165  .debug_str:000000000003719e .LASF4320
     /tmp/ccal6mT6.s:105411  .debug_str:00000000000489d0 .LASF4321
     /tmp/ccal6mT6.s:99487  .debug_str:000000000003035f .LASF4322
     /tmp/ccal6mT6.s:90795  .debug_str:000000000000d27d .LASF4323
     /tmp/ccal6mT6.s:101353  .debug_str:0000000000037b05 .LASF4324
     /tmp/ccal6mT6.s:92725  .debug_str:00000000000148a3 .LASF4325
     /tmp/ccal6mT6.s:88097  .debug_str:0000000000001b88 .LASF4326
     /tmp/ccal6mT6.s:98577  .debug_str:000000000002c611 .LASF4327
     /tmp/ccal6mT6.s:89853  .debug_str:0000000000009251 .LASF4328
     /tmp/ccal6mT6.s:100367  .debug_str:0000000000033fd2 .LASF4329
     /tmp/ccal6mT6.s:91753  .debug_str:00000000000109d0 .LASF4330
     /tmp/ccal6mT6.s:97069  .debug_str:00000000000264c0 .LASF4331
     /tmp/ccal6mT6.s:93483  .debug_str:0000000000017afb .LASF4332
     /tmp/ccal6mT6.s:90391  .debug_str:000000000000b840 .LASF4333
     /tmp/ccal6mT6.s:102653  .debug_str:000000000003d1e9 .LASF4334
     /tmp/ccal6mT6.s:105645  .debug_str:00000000000499f7 .LASF4335
     /tmp/ccal6mT6.s:101155  .debug_str:000000000003714d .LASF4336
     /tmp/ccal6mT6.s:93733  .debug_str:0000000000018acf .LASF4337
     /tmp/ccal6mT6.s:101569  .debug_str:00000000000388cc .LASF4338
     /tmp/ccal6mT6.s:89511  .debug_str:0000000000007b67 .LASF4339
     /tmp/ccal6mT6.s:103327  .debug_str:000000000003ff45 .LASF4340
     /tmp/ccal6mT6.s:90361  .debug_str:000000000000b658 .LASF4341
     /tmp/ccal6mT6.s:94661  .debug_str:000000000001c5b7 .LASF4342
     /tmp/ccal6mT6.s:105273  .debug_str:0000000000047fe4 .LASF4343
     /tmp/ccal6mT6.s:98247  .debug_str:000000000002b18b .LASF4344
     /tmp/ccal6mT6.s:102773  .debug_str:000000000003da22 .LASF4345
     /tmp/ccal6mT6.s:100873  .debug_str:0000000000036075 .LASF4346
     /tmp/ccal6mT6.s:103081  .debug_str:000000000003edf8 .LASF4347
     /tmp/ccal6mT6.s:94055  .debug_str:000000000001a057 .LASF4348
     /tmp/ccal6mT6.s:104927  .debug_str:0000000000046879 .LASF4349
     /tmp/ccal6mT6.s:97951  .debug_str:0000000000029e6f .LASF4350
     /tmp/ccal6mT6.s:98155  .debug_str:000000000002ab90 .LASF4351
     /tmp/ccal6mT6.s:97573  .debug_str:000000000002860a .LASF4352
     /tmp/ccal6mT6.s:100293  .debug_str:0000000000033a5f .LASF4353
     /tmp/ccal6mT6.s:91989  .debug_str:00000000000119c5 .LASF4354
     /tmp/ccal6mT6.s:95099  .debug_str:000000000001e4a5 .LASF4355
     /tmp/ccal6mT6.s:98287  .debug_str:000000000002b44e .LASF4356
     /tmp/ccal6mT6.s:92525  .debug_str:0000000000013c34 .LASF4357
     /tmp/ccal6mT6.s:105661  .debug_str:0000000000049b2d .LASF4358
     /tmp/ccal6mT6.s:104153  .debug_str:00000000000435be .LASF4359
     /tmp/ccal6mT6.s:89413  .debug_str:0000000000007594 .LASF4360
     /tmp/ccal6mT6.s:98467  .debug_str:000000000002beb4 .LASF4361
     /tmp/ccal6mT6.s:98545  .debug_str:000000000002c419 .LASF4362
     /tmp/ccal6mT6.s:97925  .debug_str:0000000000029c9b .LASF4363
     /tmp/ccal6mT6.s:92299  .debug_str:0000000000012e74 .LASF4364
     /tmp/ccal6mT6.s:96733  .debug_str:0000000000024dea .LASF4365
     /tmp/ccal6mT6.s:97875  .debug_str:000000000002994d .LASF4366
     /tmp/ccal6mT6.s:97775  .debug_str:00000000000292ee .LASF4367
     /tmp/ccal6mT6.s:96689  .debug_str:0000000000024b18 .LASF4368
     /tmp/ccal6mT6.s:102907  .debug_str:000000000003e222 .LASF4369
     /tmp/ccal6mT6.s:95107  .debug_str:000000000001e55a .LASF4370
     /tmp/ccal6mT6.s:99507  .debug_str:000000000003046c .LASF4371
     /tmp/ccal6mT6.s:93467  .debug_str:00000000000179c7 .LASF4372
     /tmp/ccal6mT6.s:90961  .debug_str:000000000000dc4f .LASF4373
     /tmp/ccal6mT6.s:90833  .debug_str:000000000000d440 .LASF4374
     /tmp/ccal6mT6.s:92025  .debug_str:0000000000011c16 .LASF4375
     /tmp/ccal6mT6.s:89965  .debug_str:0000000000009a38 .LASF4376
     /tmp/ccal6mT6.s:90969  .debug_str:000000000000dcc3 .LASF4377
     /tmp/ccal6mT6.s:97053  .debug_str:00000000000263a9 .LASF4378
     /tmp/ccal6mT6.s:101375  .debug_str:0000000000037c69 .LASF4379
     /tmp/ccal6mT6.s:99641  .debug_str:0000000000030e04 .LASF4380
     /tmp/ccal6mT6.s:98673  .debug_str:000000000002ccb5 .LASF4381
     /tmp/ccal6mT6.s:102555  .debug_str:000000000003cc45 .LASF4382
     /tmp/ccal6mT6.s:97881  .debug_str:0000000000029997 .LASF4383
     /tmp/ccal6mT6.s:105245  .debug_str:0000000000047e2e .LASF4384
     /tmp/ccal6mT6.s:88303  .debug_str:000000000000299d .LASF4385
     /tmp/ccal6mT6.s:101147  .debug_str:00000000000370ba .LASF4386
     /tmp/ccal6mT6.s:97407  .debug_str:0000000000027be7 .LASF4387
     /tmp/ccal6mT6.s:100397  .debug_str:000000000003420c .LASF4388
     /tmp/ccal6mT6.s:100591  .debug_str:0000000000034e7b .LASF4389
     /tmp/ccal6mT6.s:87815  .debug_str:0000000000000846 .LASF4390
     /tmp/ccal6mT6.s:94131  .debug_str:000000000001a45e .LASF4391
     /tmp/ccal6mT6.s:88499  .debug_str:0000000000003720 .LASF4392
     /tmp/ccal6mT6.s:91079  .debug_str:000000000000e2f1 .LASF4393
     /tmp/ccal6mT6.s:89883  .debug_str:00000000000094d4 .LASF4394
     /tmp/ccal6mT6.s:96501  .debug_str:000000000002417f .LASF4395
     /tmp/ccal6mT6.s:103487  .debug_str:0000000000040924 .LASF4396
     /tmp/ccal6mT6.s:90947  .debug_str:000000000000dba5 .LASF4397
     /tmp/ccal6mT6.s:92467  .debug_str:00000000000138d3 .LASF4398
     /tmp/ccal6mT6.s:91253  .debug_str:000000000000ebbb .LASF4399
     /tmp/ccal6mT6.s:98095  .debug_str:000000000002a79f .LASF4400
     /tmp/ccal6mT6.s:104897  .debug_str:0000000000046612 .LASF4401
     /tmp/ccal6mT6.s:99833  .debug_str:0000000000031b72 .LASF4402
     /tmp/ccal6mT6.s:105657  .debug_str:0000000000049ae9 .LASF4403
     /tmp/ccal6mT6.s:101239  .debug_str:00000000000375a6 .LASF4404
     /tmp/ccal6mT6.s:93971  .debug_str:0000000000019a82 .LASF4405
     /tmp/ccal6mT6.s:96349  .debug_str:0000000000023996 .LASF4406
     /tmp/ccal6mT6.s:99901  .debug_str:0000000000032014 .LASF4407
     /tmp/ccal6mT6.s:103933  .debug_str:00000000000427fe .LASF4408
     /tmp/ccal6mT6.s:92485  .debug_str:00000000000139d4 .LASF4409
     /tmp/ccal6mT6.s:92423  .debug_str:0000000000013607 .LASF4410
     /tmp/ccal6mT6.s:103269  .debug_str:000000000003fb31 .LASF4411
     /tmp/ccal6mT6.s:104945  .debug_str:00000000000469d5 .LASF4412
     /tmp/ccal6mT6.s:93677  .debug_str:00000000000186d0 .LASF4413
     /tmp/ccal6mT6.s:95283  .debug_str:000000000001f1c9 .LASF4414
     /tmp/ccal6mT6.s:102825  .debug_str:000000000003dd39 .LASF4415
     /tmp/ccal6mT6.s:95901  .debug_str:0000000000021c0a .LASF4416
     /tmp/ccal6mT6.s:93063  .debug_str:0000000000015e83 .LASF4417
     /tmp/ccal6mT6.s:101995  .debug_str:000000000003a5f2 .LASF4418
     /tmp/ccal6mT6.s:98151  .debug_str:000000000002ab4c .LASF4419
     /tmp/ccal6mT6.s:93131  .debug_str:00000000000162f3 .LASF4420
     /tmp/ccal6mT6.s:96593  .debug_str:0000000000024647 .LASF4421
     /tmp/ccal6mT6.s:96519  .debug_str:00000000000242b1 .LASF4422
     /tmp/ccal6mT6.s:88801  .debug_str:0000000000004c0a .LASF4423
     /tmp/ccal6mT6.s:91307  .debug_str:000000000000ee6c .LASF4424
     /tmp/ccal6mT6.s:104229  .debug_str:0000000000043a81 .LASF4425
     /tmp/ccal6mT6.s:88503  .debug_str:000000000000375c .LASF4426
     /tmp/ccal6mT6.s:92113  .debug_str:00000000000121dc .LASF4427
     /tmp/ccal6mT6.s:104937  .debug_str:0000000000046925 .LASF4428
     /tmp/ccal6mT6.s:99005  .debug_str:000000000002e38f .LASF4429
     /tmp/ccal6mT6.s:92855  .debug_str:0000000000015198 .LASF4430
     /tmp/ccal6mT6.s:95519  .debug_str:0000000000020243 .LASF4431
     /tmp/ccal6mT6.s:94783  .debug_str:000000000001ce85 .LASF4432
     /tmp/ccal6mT6.s:103707  .debug_str:00000000000418e1 .LASF4433
     /tmp/ccal6mT6.s:93723  .debug_str:0000000000018a3f .LASF4434
     /tmp/ccal6mT6.s:102689  .debug_str:000000000003d465 .LASF4435
     /tmp/ccal6mT6.s:92729  .debug_str:00000000000148d6 .LASF4436
     /tmp/ccal6mT6.s:101789  .debug_str:00000000000397a1 .LASF4437
     /tmp/ccal6mT6.s:90365  .debug_str:000000000000b6aa .LASF4438
     /tmp/ccal6mT6.s:88957  .debug_str:0000000000005746 .LASF4439
     /tmp/ccal6mT6.s:90065  .debug_str:000000000000a0e8 .LASF4440
     /tmp/ccal6mT6.s:104235  .debug_str:0000000000043b19 .LASF4441
     /tmp/ccal6mT6.s:90667  .debug_str:000000000000ca33 .LASF4442
     /tmp/ccal6mT6.s:89117  .debug_str:0000000000006114 .LASF4443
     /tmp/ccal6mT6.s:97621  .debug_str:0000000000028969 .LASF4444
     /tmp/ccal6mT6.s:97833  .debug_str:00000000000296ae .LASF4445
     /tmp/ccal6mT6.s:102763  .debug_str:000000000003d94e .LASF4446
     /tmp/ccal6mT6.s:98397  .debug_str:000000000002ba6e .LASF4447
     /tmp/ccal6mT6.s:93959  .debug_str:0000000000019949 .LASF4448
     /tmp/ccal6mT6.s:105205  .debug_str:0000000000047b66 .LASF4449
     /tmp/ccal6mT6.s:99277  .debug_str:000000000002f666 .LASF4450
     /tmp/ccal6mT6.s:105373  .debug_str:000000000004872c .LASF4451
     /tmp/ccal6mT6.s:93831  .debug_str:0000000000019129 .LASF4452
     /tmp/ccal6mT6.s:93323  .debug_str:00000000000170c0 .LASF4453
     /tmp/ccal6mT6.s:106157  .debug_str:000000000004bf67 .LASF4454
     /tmp/ccal6mT6.s:100209  .debug_str:00000000000334a0 .LASF4455
     /tmp/ccal6mT6.s:94103  .debug_str:000000000001a31b .LASF4456
     /tmp/ccal6mT6.s:99115  .debug_str:000000000002eb08 .LASF4457
     /tmp/ccal6mT6.s:96479  .debug_str:0000000000024065 .LASF4458
     /tmp/ccal6mT6.s:91909  .debug_str:00000000000113ee .LASF4459
     /tmp/ccal6mT6.s:97629  .debug_str:00000000000289e0 .LASF4460
     /tmp/ccal6mT6.s:92839  .debug_str:000000000001507d .LASF4461
     /tmp/ccal6mT6.s:97161  .debug_str:0000000000026ab6 .LASF4462
     /tmp/ccal6mT6.s:99253  .debug_str:000000000002f4d9 .LASF4463
     /tmp/ccal6mT6.s:91083  .debug_str:000000000000e315 .LASF4464
     /tmp/ccal6mT6.s:97949  .debug_str:0000000000029e37 .LASF4465
     /tmp/ccal6mT6.s:100393  .debug_str:000000000003418c .LASF4466
     /tmp/ccal6mT6.s:104623  .debug_str:0000000000045456 .LASF4467
     /tmp/ccal6mT6.s:99399  .debug_str:000000000002fdae .LASF4468
     /tmp/ccal6mT6.s:92539  .debug_str:0000000000013d49 .LASF4469
     /tmp/ccal6mT6.s:98063  .debug_str:000000000002a522 .LASF4470
     /tmp/ccal6mT6.s:91913  .debug_str:000000000001142c .LASF4471
     /tmp/ccal6mT6.s:94039  .debug_str:0000000000019f09 .LASF4472
     /tmp/ccal6mT6.s:88351  .debug_str:0000000000002da6 .LASF4473
     /tmp/ccal6mT6.s:92653  .debug_str:00000000000143d3 .LASF4474
     /tmp/ccal6mT6.s:105453  .debug_str:0000000000048d04 .LASF4475
     /tmp/ccal6mT6.s:100493  .debug_str:000000000003485d .LASF4476
     /tmp/ccal6mT6.s:103167  .debug_str:000000000003f49a .LASF4477
     /tmp/ccal6mT6.s:96265  .debug_str:00000000000234bb .LASF4478
     /tmp/ccal6mT6.s:90973  .debug_str:000000000000dd23 .LASF4479
     /tmp/ccal6mT6.s:96503  .debug_str:00000000000241af .LASF4480
     /tmp/ccal6mT6.s:99093  .debug_str:000000000002e997 .LASF4481
     /tmp/ccal6mT6.s:89037  .debug_str:0000000000005c01 .LASF4482
     /tmp/ccal6mT6.s:97289  .debug_str:000000000002735c .LASF4483
     /tmp/ccal6mT6.s:88049  .debug_str:00000000000017f2 .LASF4484
     /tmp/ccal6mT6.s:89877  .debug_str:0000000000009456 .LASF4485
     /tmp/ccal6mT6.s:98089  .debug_str:000000000002a71a .LASF4486
     /tmp/ccal6mT6.s:91945  .debug_str:0000000000011660 .LASF4487
     /tmp/ccal6mT6.s:104773  .debug_str:0000000000045e4d .LASF4488
     /tmp/ccal6mT6.s:90397  .debug_str:000000000000b89c .LASF4489
     /tmp/ccal6mT6.s:105701  .debug_str:0000000000049de5 .LASF4490
     /tmp/ccal6mT6.s:97341  .debug_str:00000000000276be .LASF4491
     /tmp/ccal6mT6.s:91165  .debug_str:000000000000e6c3 .LASF4492
     /tmp/ccal6mT6.s:93165  .debug_str:00000000000164f4 .LASF4493
     /tmp/ccal6mT6.s:106171  .debug_str:000000000004c085 .LASF4494
     /tmp/ccal6mT6.s:98847  .debug_str:000000000002d8b2 .LASF4495
     /tmp/ccal6mT6.s:100887  .debug_str:000000000003616f .LASF4496
     /tmp/ccal6mT6.s:97135  .debug_str:0000000000026916 .LASF4497
     /tmp/ccal6mT6.s:89129  .debug_str:0000000000006216 .LASF4498
     /tmp/ccal6mT6.s:105563  .debug_str:00000000000494b0 .LASF4499
     /tmp/ccal6mT6.s:96305  .debug_str:000000000002363c .LASF4500
     /tmp/ccal6mT6.s:96831  .debug_str:00000000000254d3 .LASF4501
     /tmp/ccal6mT6.s:95369  .debug_str:000000000001f891 .LASF4502
     /tmp/ccal6mT6.s:104865  .debug_str:00000000000463c6 .LASF4503
     /tmp/ccal6mT6.s:97609  .debug_str:000000000002889b .LASF4504
     /tmp/ccal6mT6.s:96099  .debug_str:0000000000022966 .LASF4505
     /tmp/ccal6mT6.s:101199  .debug_str:00000000000372aa .LASF4506
     /tmp/ccal6mT6.s:98393  .debug_str:000000000002ba13 .LASF4507
     /tmp/ccal6mT6.s:95411  .debug_str:000000000001fb0f .LASF4508
     /tmp/ccal6mT6.s:95893  .debug_str:0000000000021b6f .LASF4509
     /tmp/ccal6mT6.s:103361  .debug_str:00000000000401c1 .LASF4510
     /tmp/ccal6mT6.s:103897  .debug_str:000000000004258d .LASF4511
     /tmp/ccal6mT6.s:89967  .debug_str:0000000000009a63 .LASF4512
     /tmp/ccal6mT6.s:90471  .debug_str:000000000000bce9 .LASF4513
     /tmp/ccal6mT6.s:96473  .debug_str:0000000000024036 .LASF4514
     /tmp/ccal6mT6.s:97613  .debug_str:00000000000288dc .LASF4515
     /tmp/ccal6mT6.s:91445  .debug_str:000000000000f7d0 .LASF4516
     /tmp/ccal6mT6.s:104329  .debug_str:0000000000044086 .LASF4517
     /tmp/ccal6mT6.s:100729  .debug_str:00000000000357b6 .LASF4518
     /tmp/ccal6mT6.s:101923  .debug_str:000000000003a08a .LASF4519
     /tmp/ccal6mT6.s:91885  .debug_str:000000000001123d .LASF4520
     /tmp/ccal6mT6.s:99271  .debug_str:000000000002f5eb .LASF4521
     /tmp/ccal6mT6.s:90783  .debug_str:000000000000d19b .LASF4522
     /tmp/ccal6mT6.s:105967  .debug_str:000000000004b1f4 .LASF4523
     /tmp/ccal6mT6.s:100039  .debug_str:0000000000032972 .LASF4524
     /tmp/ccal6mT6.s:101217  .debug_str:0000000000037418 .LASF4525
     /tmp/ccal6mT6.s:95135  .debug_str:000000000001e767 .LASF4526
     /tmp/ccal6mT6.s:104911  .debug_str:0000000000046709 .LASF4527
     /tmp/ccal6mT6.s:101947  .debug_str:000000000003a23c .LASF4528
     /tmp/ccal6mT6.s:105359  .debug_str:00000000000485e2 .LASF4529
     /tmp/ccal6mT6.s:104993  .debug_str:0000000000046d4c .LASF4530
     /tmp/ccal6mT6.s:90491  .debug_str:000000000000be55 .LASF4531
     /tmp/ccal6mT6.s:100561  .debug_str:0000000000034c8b .LASF4532
     /tmp/ccal6mT6.s:103879  .debug_str:0000000000042432 .LASF4533
     /tmp/ccal6mT6.s:104495  .debug_str:0000000000044b63 .LASF4534
     /tmp/ccal6mT6.s:89499  .debug_str:0000000000007a79 .LASF4535
     /tmp/ccal6mT6.s:104619  .debug_str:00000000000453dd .LASF4536
     /tmp/ccal6mT6.s:88533  .debug_str:0000000000003974 .LASF4537
     /tmp/ccal6mT6.s:97567  .debug_str:000000000002859a .LASF4538
     /tmp/ccal6mT6.s:105329  .debug_str:000000000004836a .LASF4539
     /tmp/ccal6mT6.s:93597  .debug_str:000000000001815f .LASF4540
     /tmp/ccal6mT6.s:93285  .debug_str:0000000000016df1 .LASF4541
     /tmp/ccal6mT6.s:93623  .debug_str:000000000001833c .LASF4542
     /tmp/ccal6mT6.s:88737  .debug_str:00000000000047b7 .LASF4543
     /tmp/ccal6mT6.s:100479  .debug_str:0000000000034715 .LASF4544
     /tmp/ccal6mT6.s:94437  .debug_str:000000000001b73e .LASF4545
     /tmp/ccal6mT6.s:88347  .debug_str:0000000000002d2a .LASF4546
     /tmp/ccal6mT6.s:101289  .debug_str:00000000000377ea .LASF4547
     /tmp/ccal6mT6.s:93753  .debug_str:0000000000018c1f .LASF4548
     /tmp/ccal6mT6.s:103265  .debug_str:000000000003fae4 .LASF4549
     /tmp/ccal6mT6.s:106071  .debug_str:000000000004b99f .LASF4550
     /tmp/ccal6mT6.s:96175  .debug_str:0000000000022e2b .LASF4551
     /tmp/ccal6mT6.s:105071  .debug_str:00000000000472d5 .LASF4552
     /tmp/ccal6mT6.s:95213  .debug_str:000000000001ec51 .LASF4553
     /tmp/ccal6mT6.s:97435  .debug_str:0000000000027d95 .LASF4554
     /tmp/ccal6mT6.s:104767  .debug_str:0000000000045dac .LASF4555
     /tmp/ccal6mT6.s:88539  .debug_str:00000000000039d8 .LASF4556
     /tmp/ccal6mT6.s:102029  .debug_str:000000000003a82f .LASF4557
     /tmp/ccal6mT6.s:95633  .debug_str:0000000000020ae5 .LASF4558
     /tmp/ccal6mT6.s:94851  .debug_str:000000000001d35b .LASF4559
     /tmp/ccal6mT6.s:94603  .debug_str:000000000001c1c0 .LASF4560
     /tmp/ccal6mT6.s:88345  .debug_str:0000000000002cf1 .LASF4561
     /tmp/ccal6mT6.s:100181  .debug_str:00000000000332a7 .LASF4562
     /tmp/ccal6mT6.s:99547  .debug_str:0000000000030713 .LASF4563
     /tmp/ccal6mT6.s:105175  .debug_str:000000000004798c .LASF4564
     /tmp/ccal6mT6.s:99243  .debug_str:000000000002f447 .LASF4565
     /tmp/ccal6mT6.s:88511  .debug_str:000000000000381e .LASF4566
     /tmp/ccal6mT6.s:106105  .debug_str:000000000004bc11 .LASF4567
     /tmp/ccal6mT6.s:95131  .debug_str:000000000001e6ed .LASF4568
     /tmp/ccal6mT6.s:94049  .debug_str:0000000000019fbd .LASF4569
     /tmp/ccal6mT6.s:88013  .debug_str:00000000000014f3 .LASF4570
     /tmp/ccal6mT6.s:106257  .debug_str:000000000004c5ef .LASF4571
     /tmp/ccal6mT6.s:96815  .debug_str:000000000002536c .LASF4572
     /tmp/ccal6mT6.s:93777  .debug_str:0000000000018db2 .LASF4573
     /tmp/ccal6mT6.s:92677  .debug_str:0000000000014544 .LASF4574
     /tmp/ccal6mT6.s:105473  .debug_str:0000000000048e65 .LASF4575
     /tmp/ccal6mT6.s:99553  .debug_str:0000000000030779 .LASF4576
     /tmp/ccal6mT6.s:96719  .debug_str:0000000000024cfe .LASF4577
     /tmp/ccal6mT6.s:106243  .debug_str:000000000004c537 .LASF4578
     /tmp/ccal6mT6.s:102687  .debug_str:000000000003d42e .LASF4579
     /tmp/ccal6mT6.s:101571  .debug_str:00000000000388e7 .LASF4580
     /tmp/ccal6mT6.s:101607  .debug_str:0000000000038b62 .LASF4581
     /tmp/ccal6mT6.s:106409  .debug_str:000000000004cfff .LASF4582
     /tmp/ccal6mT6.s:96521  .debug_str:00000000000242e9 .LASF4583
     /tmp/ccal6mT6.s:102285  .debug_str:000000000003b93c .LASF4584
     /tmp/ccal6mT6.s:105811  .debug_str:000000000004a647 .LASF4585
     /tmp/ccal6mT6.s:93193  .debug_str:00000000000166fc .LASF4586
     /tmp/ccal6mT6.s:100095  .debug_str:0000000000032c99 .LASF4587
     /tmp/ccal6mT6.s:93657  .debug_str:0000000000018532 .LASF4588
     /tmp/ccal6mT6.s:102923  .debug_str:000000000003e317 .LASF4589
     /tmp/ccal6mT6.s:104237  .debug_str:0000000000043b51 .LASF4590
     /tmp/ccal6mT6.s:106193  .debug_str:000000000004c18e .LASF4591
     /tmp/ccal6mT6.s:93991  .debug_str:0000000000019c76 .LASF4592
     /tmp/ccal6mT6.s:92835  .debug_str:000000000001503a .LASF4593
     /tmp/ccal6mT6.s:88083  .debug_str:0000000000001a95 .LASF4594
     /tmp/ccal6mT6.s:89903  .debug_str:0000000000009694 .LASF4595
     /tmp/ccal6mT6.s:94911  .debug_str:000000000001d7be .LASF4596
     /tmp/ccal6mT6.s:101671  .debug_str:0000000000038f78 .LASF4597
     /tmp/ccal6mT6.s:101927  .debug_str:000000000003a0e8 .LASF4598
     /tmp/ccal6mT6.s:97645  .debug_str:0000000000028b1e .LASF4599
     /tmp/ccal6mT6.s:101531  .debug_str:00000000000385e0 .LASF4600
     /tmp/ccal6mT6.s:88223  .debug_str:00000000000023e3 .LASF4601
     /tmp/ccal6mT6.s:96341  .debug_str:00000000000238e2 .LASF4602
     /tmp/ccal6mT6.s:90481  .debug_str:000000000000bdb4 .LASF4603
     /tmp/ccal6mT6.s:101683  .debug_str:0000000000039054 .LASF4604
     /tmp/ccal6mT6.s:95481  .debug_str:000000000001ffa7 .LASF4605
     /tmp/ccal6mT6.s:98907  .debug_str:000000000002dd94 .LASF4606
     /tmp/ccal6mT6.s:105859  .debug_str:000000000004a8c3 .LASF4607
     /tmp/ccal6mT6.s:97821  .debug_str:00000000000295a1 .LASF4608
     /tmp/ccal6mT6.s:104171  .debug_str:00000000000436a3 .LASF4609
     /tmp/ccal6mT6.s:92339  .debug_str:00000000000130f7 .LASF4610
     /tmp/ccal6mT6.s:103929  .debug_str:00000000000427cf .LASF4611
     /tmp/ccal6mT6.s:102691  .debug_str:000000000003d49e .LASF4612
     /tmp/ccal6mT6.s:98539  .debug_str:000000000002c3c6 .LASF4613
     /tmp/ccal6mT6.s:102383  .debug_str:000000000003c096 .LASF4614
     /tmp/ccal6mT6.s:104589  .debug_str:0000000000045184 .LASF4615
     /tmp/ccal6mT6.s:100389  .debug_str:0000000000034145 .LASF4616
     /tmp/ccal6mT6.s:88823  .debug_str:0000000000004da5 .LASF4617
     /tmp/ccal6mT6.s:100203  .debug_str:000000000003341d .LASF4618
     /tmp/ccal6mT6.s:103977  .debug_str:0000000000042abc .LASF4619
     /tmp/ccal6mT6.s:88071  .debug_str:000000000000196e .LASF4620
     /tmp/ccal6mT6.s:89405  .debug_str:00000000000074f0 .LASF4621
     /tmp/ccal6mT6.s:87799  .debug_str:0000000000000710 .LASF4622
     /tmp/ccal6mT6.s:104795  .debug_str:0000000000045f90 .LASF4623
     /tmp/ccal6mT6.s:98739  .debug_str:000000000002d17b .LASF4624
     /tmp/ccal6mT6.s:102429  .debug_str:000000000003c3d6 .LASF4625
     /tmp/ccal6mT6.s:101691  .debug_str:00000000000390e4 .LASF4626
     /tmp/ccal6mT6.s:100761  .debug_str:00000000000359b7 .LASF4627
     /tmp/ccal6mT6.s:95735  .debug_str:00000000000210d0 .LASF4628
     /tmp/ccal6mT6.s:93479  .debug_str:0000000000017ab5 .LASF4629
     /tmp/ccal6mT6.s:94153  .debug_str:000000000001a5c2 .LASF4630
     /tmp/ccal6mT6.s:106497  .debug_str:000000000004d614 .LASF4631
     /tmp/ccal6mT6.s:100131  .debug_str:0000000000032f6b .LASF4632
     /tmp/ccal6mT6.s:93405  .debug_str:00000000000175b0 .LASF4633
     /tmp/ccal6mT6.s:100417  .debug_str:000000000003435f .LASF4634
     /tmp/ccal6mT6.s:90263  .debug_str:000000000000ae75 .LASF4635
     /tmp/ccal6mT6.s:103677  .debug_str:0000000000041713 .LASF4636
     /tmp/ccal6mT6.s:101023  .debug_str:000000000003693b .LASF4637
     /tmp/ccal6mT6.s:95475  .debug_str:000000000001ff32 .LASF4638
     /tmp/ccal6mT6.s:99257  .debug_str:000000000002f52d .LASF4639
     /tmp/ccal6mT6.s:89145  .debug_str:0000000000006329 .LASF4640
     /tmp/ccal6mT6.s:89337  .debug_str:0000000000007084 .LASF4641
     /tmp/ccal6mT6.s:100477  .debug_str:00000000000346eb .LASF4642
     /tmp/ccal6mT6.s:96581  .debug_str:0000000000024552 .LASF4643
     /tmp/ccal6mT6.s:92301  .debug_str:0000000000012ea4 .LASF4644
     /tmp/ccal6mT6.s:88899  .debug_str:00000000000052c4 .LASF4645
     /tmp/ccal6mT6.s:94953  .debug_str:000000000001da2a .LASF4646
     /tmp/ccal6mT6.s:99799  .debug_str:000000000003190c .LASF4647
     /tmp/ccal6mT6.s:105671  .debug_str:0000000000049be8 .LASF4648
     /tmp/ccal6mT6.s:100785  .debug_str:0000000000035b28 .LASF4649
     /tmp/ccal6mT6.s:99449  .debug_str:0000000000030101 .LASF4650
     /tmp/ccal6mT6.s:98627  .debug_str:000000000002c9b6 .LASF4651
     /tmp/ccal6mT6.s:89231  .debug_str:0000000000006971 .LASF4652
     /tmp/ccal6mT6.s:105129  .debug_str:000000000004764d .LASF4653
     /tmp/ccal6mT6.s:93245  .debug_str:0000000000016b31 .LASF4654
     /tmp/ccal6mT6.s:100001  .debug_str:00000000000326b1 .LASF4655
     /tmp/ccal6mT6.s:96025  .debug_str:0000000000022438 .LASF4656
     /tmp/ccal6mT6.s:103865  .debug_str:000000000004232e .LASF4657
     /tmp/ccal6mT6.s:95989  .debug_str:0000000000022182 .LASF4658
     /tmp/ccal6mT6.s:94233  .debug_str:000000000001aa42 .LASF4659
     /tmp/ccal6mT6.s:94269  .debug_str:000000000001ad23 .LASF4660
     /tmp/ccal6mT6.s:102655  .debug_str:000000000003d202 .LASF4661
     /tmp/ccal6mT6.s:101521  .debug_str:00000000000384d5 .LASF4662
     /tmp/ccal6mT6.s:104331  .debug_str:00000000000440bd .LASF4663
     /tmp/ccal6mT6.s:97965  .debug_str:0000000000029f61 .LASF4664
     /tmp/ccal6mT6.s:98947  .debug_str:000000000002dfe1 .LASF4665
     /tmp/ccal6mT6.s:99935  .debug_str:000000000003228d .LASF4666
     /tmp/ccal6mT6.s:90275  .debug_str:000000000000af4b .LASF4667
     /tmp/ccal6mT6.s:89319  .debug_str:0000000000006fa6 .LASF4668
     /tmp/ccal6mT6.s:105217  .debug_str:0000000000047c3b .LASF4669
     /tmp/ccal6mT6.s:100597  .debug_str:0000000000034ef8 .LASF4670
     /tmp/ccal6mT6.s:100087  .debug_str:0000000000032c18 .LASF4671
     /tmp/ccal6mT6.s:101133  .debug_str:0000000000036fe0 .LASF4672
     /tmp/ccal6mT6.s:100445  .debug_str:0000000000034524 .LASF4673
     /tmp/ccal6mT6.s:95395  .debug_str:000000000001fa49 .LASF4674
     /tmp/ccal6mT6.s:99451  .debug_str:000000000003013b .LASF4675
     /tmp/ccal6mT6.s:102549  .debug_str:000000000003cbe3 .LASF4676
     /tmp/ccal6mT6.s:95211  .debug_str:000000000001ec2c .LASF4677
     /tmp/ccal6mT6.s:102259  .debug_str:000000000003b7a7 .LASF4678
     /tmp/ccal6mT6.s:87921  .debug_str:0000000000000f2e .LASF4679
     /tmp/ccal6mT6.s:104105  .debug_str:0000000000043295 .LASF4680
     /tmp/ccal6mT6.s:91549  .debug_str:000000000000fd44 .LASF4681
     /tmp/ccal6mT6.s:105719  .debug_str:0000000000049f4e .LASF4682
     /tmp/ccal6mT6.s:103345  .debug_str:0000000000040080 .LASF4683
     /tmp/ccal6mT6.s:101325  .debug_str:0000000000037a02 .LASF4684
     /tmp/ccal6mT6.s:106267  .debug_str:000000000004c6a9 .LASF4685
     /tmp/ccal6mT6.s:99213  .debug_str:000000000002f267 .LASF4686
     /tmp/ccal6mT6.s:104261  .debug_str:0000000000043c9b .LASF4687
     /tmp/ccal6mT6.s:91075  .debug_str:000000000000e2ab .LASF4688
     /tmp/ccal6mT6.s:93345  .debug_str:00000000000171cf .LASF4689
     /tmp/ccal6mT6.s:97867  .debug_str:00000000000298e1 .LASF4690
     /tmp/ccal6mT6.s:97967  .debug_str:0000000000029f9d .LASF4691
     /tmp/ccal6mT6.s:98899  .debug_str:000000000002dcdf .LASF4692
     /tmp/ccal6mT6.s:101909  .debug_str:0000000000039f69 .LASF4693
     /tmp/ccal6mT6.s:101925  .debug_str:000000000003a0c1 .LASF4694
     /tmp/ccal6mT6.s:100541  .debug_str:0000000000034b0c .LASF4695
     /tmp/ccal6mT6.s:105097  .debug_str:00000000000474be .LASF4696
     /tmp/ccal6mT6.s:92943  .debug_str:0000000000015638 .LASF4697
     /tmp/ccal6mT6.s:90237  .debug_str:000000000000ac9e .LASF4698
     /tmp/ccal6mT6.s:94849  .debug_str:000000000001d32c .LASF4699
     /tmp/ccal6mT6.s:91163  .debug_str:000000000000e691 .LASF4700
     /tmp/ccal6mT6.s:87975  .debug_str:00000000000012d7 .LASF4701
     /tmp/ccal6mT6.s:95203  .debug_str:000000000001eb8d .LASF4702
     /tmp/ccal6mT6.s:105087  .debug_str:0000000000047424 .LASF4703
     /tmp/ccal6mT6.s:104771  .debug_str:0000000000045e22 .LASF4704
     /tmp/ccal6mT6.s:102599  .debug_str:000000000003ce48 .LASF4705
     /tmp/ccal6mT6.s:93685  .debug_str:0000000000018766 .LASF4706
     /tmp/ccal6mT6.s:105943  .debug_str:000000000004afda .LASF4707
     /tmp/ccal6mT6.s:97249  .debug_str:0000000000027043 .LASF4708
     /tmp/ccal6mT6.s:102363  .debug_str:000000000003bef3 .LASF4709
     /tmp/ccal6mT6.s:99803  .debug_str:0000000000031982 .LASF4710
     /tmp/ccal6mT6.s:102309  .debug_str:000000000003baf8 .LASF4711
     /tmp/ccal6mT6.s:98647  .debug_str:000000000002cae3 .LASF4712
     /tmp/ccal6mT6.s:94691  .debug_str:000000000001c7cb .LASF4713
     /tmp/ccal6mT6.s:87889  .debug_str:0000000000000ce2 .LASF4714
     /tmp/ccal6mT6.s:101917  .debug_str:0000000000039ff7 .LASF4715
     /tmp/ccal6mT6.s:96791  .debug_str:00000000000251c4 .LASF4716
     /tmp/ccal6mT6.s:103725  .debug_str:0000000000041a5b .LASF4717
     /tmp/ccal6mT6.s:95599  .debug_str:0000000000020815 .LASF4718
     /tmp/ccal6mT6.s:104257  .debug_str:0000000000043c32 .LASF4719
     /tmp/ccal6mT6.s:102107  .debug_str:000000000003ad2d .LASF4720
     /tmp/ccal6mT6.s:92261  .debug_str:0000000000012c56 .LASF4721
     /tmp/ccal6mT6.s:89979  .debug_str:0000000000009aff .LASF4722
     /tmp/ccal6mT6.s:93003  .debug_str:00000000000159f5 .LASF4723
     /tmp/ccal6mT6.s:91973  .debug_str:00000000000118aa .LASF4724
     /tmp/ccal6mT6.s:97149  .debug_str:0000000000026a0e .LASF4725
     /tmp/ccal6mT6.s:88273  .debug_str:00000000000027dc .LASF4726
     /tmp/ccal6mT6.s:89137  .debug_str:0000000000006284 .LASF4727
     /tmp/ccal6mT6.s:105793  .debug_str:000000000004a4e5 .LASF4728
     /tmp/ccal6mT6.s:91415  .debug_str:000000000000f5f2 .LASF4729
     /tmp/ccal6mT6.s:95823  .debug_str:000000000002164e .LASF4730
     /tmp/ccal6mT6.s:98769  .debug_str:000000000002d3b7 .LASF4731
     /tmp/ccal6mT6.s:98205  .debug_str:000000000002af28 .LASF4732
     /tmp/ccal6mT6.s:95825  .debug_str:000000000002167b .LASF4733
     /tmp/ccal6mT6.s:104441  .debug_str:000000000004481c .LASF4734
     /tmp/ccal6mT6.s:89277  .debug_str:0000000000006cad .LASF4735
     /tmp/ccal6mT6.s:96151  .debug_str:0000000000022c7a .LASF4736
     /tmp/ccal6mT6.s:87923  .debug_str:0000000000000f53 .LASF4737
     /tmp/ccal6mT6.s:99265  .debug_str:000000000002f59c .LASF4738
     /tmp/ccal6mT6.s:92375  .debug_str:0000000000013326 .LASF4739
     /tmp/ccal6mT6.s:94989  .debug_str:000000000001dc47 .LASF4740
     /tmp/ccal6mT6.s:100567  .debug_str:0000000000034cf3 .LASF4741
     /tmp/ccal6mT6.s:91341  .debug_str:000000000000f163 .LASF4742
     /tmp/ccal6mT6.s:97313  .debug_str:00000000000274fd .LASF4743
     /tmp/ccal6mT6.s:103107  .debug_str:000000000003efe9 .LASF4744
     /tmp/ccal6mT6.s:102225  .debug_str:000000000003b55f .LASF4745
     /tmp/ccal6mT6.s:95973  .debug_str:00000000000220a0 .LASF4746
     /tmp/ccal6mT6.s:102031  .debug_str:000000000003a841 .LASF4747
     /tmp/ccal6mT6.s:104183  .debug_str:0000000000043751 .LASF4748
     /tmp/ccal6mT6.s:96141  .debug_str:0000000000022bf4 .LASF4749
     /tmp/ccal6mT6.s:90767  .debug_str:000000000000d0ac .LASF4750
     /tmp/ccal6mT6.s:89289  .debug_str:0000000000006d94 .LASF4751
     /tmp/ccal6mT6.s:102503  .debug_str:000000000003c873 .LASF4752
     /tmp/ccal6mT6.s:96045  .debug_str:00000000000225ad .LASF4753
     /tmp/ccal6mT6.s:87785  .debug_str:000000000000063e .LASF4754
     /tmp/ccal6mT6.s:92573  .debug_str:0000000000013f21 .LASF4755
     /tmp/ccal6mT6.s:103207  .debug_str:000000000003f78a .LASF4756
     /tmp/ccal6mT6.s:93485  .debug_str:0000000000017b14 .LASF4757
     /tmp/ccal6mT6.s:104559  .debug_str:0000000000044fc4 .LASF4758
     /tmp/ccal6mT6.s:103951  .debug_str:0000000000042910 .LASF4759
     /tmp/ccal6mT6.s:101565  .debug_str:000000000003885e .LASF4760
     /tmp/ccal6mT6.s:95043  .debug_str:000000000001e08a .LASF4761
     /tmp/ccal6mT6.s:101497  .debug_str:000000000003834f .LASF4762
     /tmp/ccal6mT6.s:102271  .debug_str:000000000003b855 .LASF4763
     /tmp/ccal6mT6.s:90131  .debug_str:000000000000a526 .LASF4764
     /tmp/ccal6mT6.s:103163  .debug_str:000000000003f45d .LASF4765
     /tmp/ccal6mT6.s:102163  .debug_str:000000000003b0fd .LASF4766
     /tmp/ccal6mT6.s:88847  .debug_str:0000000000004f19 .LASF4767
     /tmp/ccal6mT6.s:105935  .debug_str:000000000004af20 .LASF4768
     /tmp/ccal6mT6.s:103027  .debug_str:000000000003e9ed .LASF4769
     /tmp/ccal6mT6.s:91841  .debug_str:0000000000010f1d .LASF4770
     /tmp/ccal6mT6.s:102959  .debug_str:000000000003e505 .LASF4771
     /tmp/ccal6mT6.s:87959  .debug_str:00000000000011c7 .LASF4772
     /tmp/ccal6mT6.s:98975  .debug_str:000000000002e19b .LASF4773
     /tmp/ccal6mT6.s:91655  .debug_str:000000000001035d .LASF4774
     /tmp/ccal6mT6.s:94949  .debug_str:000000000001d9dd .LASF4775
     /tmp/ccal6mT6.s:100315  .debug_str:0000000000033c46 .LASF4776
     /tmp/ccal6mT6.s:101921  .debug_str:000000000003a062 .LASF4777
     /tmp/ccal6mT6.s:89827  .debug_str:00000000000090b9 .LASF4778
     /tmp/ccal6mT6.s:91491  .debug_str:000000000000f9c1 .LASF4779
     /tmp/ccal6mT6.s:96931  .debug_str:0000000000025ba0 .LASF4780
     /tmp/ccal6mT6.s:105991  .debug_str:000000000004b403 .LASF4781
     /tmp/ccal6mT6.s:96071  .debug_str:0000000000022779 .LASF4782
     /tmp/ccal6mT6.s:96775  .debug_str:000000000002509e .LASF4783
     /tmp/ccal6mT6.s:89415  .debug_str:00000000000075b7 .LASF4784
     /tmp/ccal6mT6.s:106239  .debug_str:000000000004c4e5 .LASF4785
     /tmp/ccal6mT6.s:90731  .debug_str:000000000000ce29 .LASF4786
     /tmp/ccal6mT6.s:101059  .debug_str:0000000000036bc4 .LASF4787
     /tmp/ccal6mT6.s:94841  .debug_str:000000000001d29b .LASF4788
     /tmp/ccal6mT6.s:103259  .debug_str:000000000003fa85 .LASF4789
     /tmp/ccal6mT6.s:95767  .debug_str:0000000000021261 .LASF4790
     /tmp/ccal6mT6.s:93231  .debug_str:0000000000016a07 .LASF4791
     /tmp/ccal6mT6.s:88461  .debug_str:000000000000346c .LASF4792
     /tmp/ccal6mT6.s:102331  .debug_str:000000000003bc66 .LASF4793
     /tmp/ccal6mT6.s:92249  .debug_str:0000000000012bac .LASF4794
     /tmp/ccal6mT6.s:97051  .debug_str:0000000000026373 .LASF4795
     /tmp/ccal6mT6.s:101697  .debug_str:0000000000039160 .LASF4796
     /tmp/ccal6mT6.s:94369  .debug_str:000000000001b36c .LASF4797
     /tmp/ccal6mT6.s:93473  .debug_str:0000000000017a4a .LASF4798
     /tmp/ccal6mT6.s:100017  .debug_str:00000000000327da .LASF4799
     /tmp/ccal6mT6.s:98259  .debug_str:000000000002b242 .LASF4800
     /tmp/ccal6mT6.s:93373  .debug_str:0000000000017396 .LASF4801
     /tmp/ccal6mT6.s:92131  .debug_str:0000000000012335 .LASF4802
     /tmp/ccal6mT6.s:105203  .debug_str:0000000000047b30 .LASF4803
     /tmp/ccal6mT6.s:105151  .debug_str:00000000000477fc .LASF4804
     /tmp/ccal6mT6.s:93625  .debug_str:0000000000018374 .LASF4805
     /tmp/ccal6mT6.s:102237  .debug_str:000000000003b609 .LASF4806
     /tmp/ccal6mT6.s:96909  .debug_str:0000000000025a2a .LASF4807
     /tmp/ccal6mT6.s:105389  .debug_str:000000000004881e .LASF4808
     /tmp/ccal6mT6.s:89393  .debug_str:0000000000007455 .LASF4809
     /tmp/ccal6mT6.s:92781  .debug_str:0000000000014c5e .LASF4810
     /tmp/ccal6mT6.s:101601  .debug_str:0000000000038ac5 .LASF4811
     /tmp/ccal6mT6.s:93689  .debug_str:00000000000187d5 .LASF4812
     /tmp/ccal6mT6.s:97359  .debug_str:000000000002781a .LASF4813
     /tmp/ccal6mT6.s:96537  .debug_str:00000000000243c2 .LASF4814
     /tmp/ccal6mT6.s:98417  .debug_str:000000000002bb7c .LASF4815
     /tmp/ccal6mT6.s:103317  .debug_str:000000000003fe8d .LASF4816
     /tmp/ccal6mT6.s:89667  .debug_str:0000000000008622 .LASF4817
     /tmp/ccal6mT6.s:93367  .debug_str:0000000000017323 .LASF4818
     /tmp/ccal6mT6.s:97493  .debug_str:0000000000028083 .LASF4819
     /tmp/ccal6mT6.s:99043  .debug_str:000000000002e67e .LASF4820
     /tmp/ccal6mT6.s:101701  .debug_str:0000000000039198 .LASF4821
     /tmp/ccal6mT6.s:89609  .debug_str:000000000000821d .LASF4822
     /tmp/ccal6mT6.s:104671  .debug_str:00000000000457e0 .LASF4823
     /tmp/ccal6mT6.s:91539  .debug_str:000000000000fc76 .LASF4824
     /tmp/ccal6mT6.s:103797  .debug_str:0000000000041ebe .LASF4825
     /tmp/ccal6mT6.s:91981  .debug_str:000000000001192a .LASF4826
     /tmp/ccal6mT6.s:100257  .debug_str:0000000000033819 .LASF4827
     /tmp/ccal6mT6.s:94143  .debug_str:000000000001a523 .LASF4828
     /tmp/ccal6mT6.s:96219  .debug_str:00000000000231ae .LASF4829
     /tmp/ccal6mT6.s:103049  .debug_str:000000000003ebaa .LASF4830
     /tmp/ccal6mT6.s:87873  .debug_str:0000000000000bc0 .LASF4831
     /tmp/ccal6mT6.s:93849  .debug_str:00000000000192a7 .LASF4832
     /tmp/ccal6mT6.s:95817  .debug_str:00000000000215bc .LASF4833
     /tmp/ccal6mT6.s:93015  .debug_str:0000000000015aaf .LASF4834
     /tmp/ccal6mT6.s:100779  .debug_str:0000000000035ab6 .LASF4835
     /tmp/ccal6mT6.s:105369  .debug_str:00000000000486e0 .LASF4836
     /tmp/ccal6mT6.s:100659  .debug_str:0000000000035292 .LASF4837
     /tmp/ccal6mT6.s:94525  .debug_str:000000000001bd00 .LASF4838
     /tmp/ccal6mT6.s:94787  .debug_str:000000000001cee5 .LASF4839
     /tmp/ccal6mT6.s:96891  .debug_str:0000000000025912 .LASF4840
     /tmp/ccal6mT6.s:102509  .debug_str:000000000003c8da .LASF4841
     /tmp/ccal6mT6.s:88921  .debug_str:00000000000054cf .LASF4842
     /tmp/ccal6mT6.s:101519  .debug_str:00000000000384a1 .LASF4843
     /tmp/ccal6mT6.s:99955  .debug_str:00000000000323a1 .LASF4844
     /tmp/ccal6mT6.s:100945  .debug_str:00000000000364f6 .LASF4845
     /tmp/ccal6mT6.s:104593  .debug_str:00000000000451cf .LASF4846
     /tmp/ccal6mT6.s:94891  .debug_str:000000000001d61b .LASF4847
     /tmp/ccal6mT6.s:102355  .debug_str:000000000003be41 .LASF4848
     /tmp/ccal6mT6.s:96471  .debug_str:0000000000024001 .LASF4849
     /tmp/ccal6mT6.s:90759  .debug_str:000000000000d019 .LASF4850
     /tmp/ccal6mT6.s:91553  .debug_str:000000000000fd7d .LASF4851
     /tmp/ccal6mT6.s:96609  .debug_str:0000000000024724 .LASF4852
     /tmp/ccal6mT6.s:88309  .debug_str:0000000000002a7e .LASF4853
     /tmp/ccal6mT6.s:98615  .debug_str:000000000002c8f0 .LASF4854
     /tmp/ccal6mT6.s:95999  .debug_str:0000000000022228 .LASF4855
     /tmp/ccal6mT6.s:97959  .debug_str:0000000000029eff .LASF4856
     /tmp/ccal6mT6.s:88477  .debug_str:000000000000357f .LASF4857
     /tmp/ccal6mT6.s:88241  .debug_str:000000000000254a .LASF4858
     /tmp/ccal6mT6.s:102863  .debug_str:000000000003df62 .LASF4859
     /tmp/ccal6mT6.s:99845  .debug_str:0000000000031c3a .LASF4860
     /tmp/ccal6mT6.s:93017  .debug_str:0000000000015ae3 .LASF4861
     /tmp/ccal6mT6.s:103399  .debug_str:0000000000040486 .LASF4862
     /tmp/ccal6mT6.s:105591  .debug_str:0000000000049692 .LASF4863
     /tmp/ccal6mT6.s:106481  .debug_str:000000000004d4fd .LASF4864
     /tmp/ccal6mT6.s:103659  .debug_str:0000000000041608 .LASF4865
     /tmp/ccal6mT6.s:89901  .debug_str:0000000000009666 .LASF4866
     /tmp/ccal6mT6.s:100029  .debug_str:0000000000032897 .LASF4867
     /tmp/ccal6mT6.s:101687  .debug_str:000000000003909d .LASF4868
     /tmp/ccal6mT6.s:105209  .debug_str:0000000000047ba8 .LASF4869
     /tmp/ccal6mT6.s:90869  .debug_str:000000000000d66e .LASF4870
     /tmp/ccal6mT6.s:88599  .debug_str:0000000000003e24 .LASF4871
     /tmp/ccal6mT6.s:101523  .debug_str:0000000000038511 .LASF4872
     /tmp/ccal6mT6.s:100235  .debug_str:000000000003369a .LASF4873
     /tmp/ccal6mT6.s:99535  .debug_str:000000000003064a .LASF4874
     /tmp/ccal6mT6.s:98949  .debug_str:000000000002e01d .LASF4875
     /tmp/ccal6mT6.s:90889  .debug_str:000000000000d7ea .LASF4876
     /tmp/ccal6mT6.s:95097  .debug_str:000000000001e479 .LASF4877
     /tmp/ccal6mT6.s:102707  .debug_str:000000000003d58f .LASF4878
     /tmp/ccal6mT6.s:91063  .debug_str:000000000000e221 .LASF4879
     /tmp/ccal6mT6.s:89241  .debug_str:0000000000006a56 .LASF4880
     /tmp/ccal6mT6.s:98163  .debug_str:000000000002abee .LASF4881
     /tmp/ccal6mT6.s:90405  .debug_str:000000000000b91a .LASF4882
     /tmp/ccal6mT6.s:103497  .debug_str:00000000000409c9 .LASF4883
     /tmp/ccal6mT6.s:104133  .debug_str:0000000000043491 .LASF4884
     /tmp/ccal6mT6.s:91033  .debug_str:000000000000e087 .LASF4885
     /tmp/ccal6mT6.s:104857  .debug_str:0000000000046352 .LASF4886
     /tmp/ccal6mT6.s:103503  .debug_str:0000000000040a6b .LASF4887
     /tmp/ccal6mT6.s:88811  .debug_str:0000000000004d23 .LASF4888
     /tmp/ccal6mT6.s:91645  .debug_str:000000000001025f .LASF4889
     /tmp/ccal6mT6.s:90223  .debug_str:000000000000ab90 .LASF4890
     /tmp/ccal6mT6.s:100613  .debug_str:0000000000035031 .LASF4891
     /tmp/ccal6mT6.s:105571  .debug_str:0000000000049558 .LASF4892
     /tmp/ccal6mT6.s:105893  .debug_str:000000000004ab53 .LASF4893
     /tmp/ccal6mT6.s:96897  .debug_str:0000000000025971 .LASF4894
     /tmp/ccal6mT6.s:98703  .debug_str:000000000002cf2b .LASF4895
     /tmp/ccal6mT6.s:94995  .debug_str:000000000001dccf .LASF4896
     /tmp/ccal6mT6.s:100971  .debug_str:00000000000366a0 .LASF4897
     /tmp/ccal6mT6.s:99771  .debug_str:0000000000031719 .LASF4898
     /tmp/ccal6mT6.s:97973  .debug_str:000000000002a003 .LASF4899
     /tmp/ccal6mT6.s:95915  .debug_str:0000000000021cd1 .LASF4900
     /tmp/ccal6mT6.s:90271  .debug_str:000000000000af1c .LASF4901
     /tmp/ccal6mT6.s:88633  .debug_str:00000000000040fa .LASF4902
     /tmp/ccal6mT6.s:92061  .debug_str:0000000000011e44 .LASF4903
     /tmp/ccal6mT6.s:94513  .debug_str:000000000001bc43 .LASF4904
     /tmp/ccal6mT6.s:97905  .debug_str:0000000000029ab5 .LASF4905
     /tmp/ccal6mT6.s:89443  .debug_str:0000000000007786 .LASF4906
     /tmp/ccal6mT6.s:97273  .debug_str:000000000002722d .LASF4907
     /tmp/ccal6mT6.s:106359  .debug_str:000000000004cc6e .LASF4908
     /tmp/ccal6mT6.s:95705  .debug_str:0000000000020e67 .LASF4909
     /tmp/ccal6mT6.s:96015  .debug_str:000000000002238f .LASF4910
     /tmp/ccal6mT6.s:90451  .debug_str:000000000000bbcb .LASF4911
     /tmp/ccal6mT6.s:94695  .debug_str:000000000001c812 .LASF4912
     /tmp/ccal6mT6.s:104879  .debug_str:00000000000464c7 .LASF4913
     /tmp/ccal6mT6.s:106485  .debug_str:000000000004d570 .LASF4914
     /tmp/ccal6mT6.s:88029  .debug_str:000000000000166a .LASF4915
     /tmp/ccal6mT6.s:105773  .debug_str:000000000004a36c .LASF4916
     /tmp/ccal6mT6.s:94071  .debug_str:000000000001a124 .LASF4917
     /tmp/ccal6mT6.s:104703  .debug_str:00000000000459ad .LASF4918
     /tmp/ccal6mT6.s:98285  .debug_str:000000000002b41f .LASF4919
     /tmp/ccal6mT6.s:90849  .debug_str:000000000000d52f .LASF4920
     /tmp/ccal6mT6.s:89955  .debug_str:000000000000995f .LASF4921
     /tmp/ccal6mT6.s:95611  .debug_str:0000000000020901 .LASF4922
     /tmp/ccal6mT6.s:101843  .debug_str:0000000000039b22 .LASF4923
     /tmp/ccal6mT6.s:100511  .debug_str:0000000000034995 .LASF4924
     /tmp/ccal6mT6.s:94757  .debug_str:000000000001cc9f .LASF4925
     /tmp/ccal6mT6.s:100637  .debug_str:000000000003519d .LASF4926
     /tmp/ccal6mT6.s:92929  .debug_str:00000000000155aa .LASF4927
     /tmp/ccal6mT6.s:98439  .debug_str:000000000002bccf .LASF4928
     /tmp/ccal6mT6.s:98781  .debug_str:000000000002d465 .LASF4929
     /tmp/ccal6mT6.s:99235  .debug_str:000000000002f3b9 .LASF4930
     /tmp/ccal6mT6.s:97921  .debug_str:0000000000029be6 .LASF4931
     /tmp/ccal6mT6.s:102617  .debug_str:000000000003cf51 .LASF4932
     /tmp/ccal6mT6.s:88855  .debug_str:0000000000004f87 .LASF4933
     /tmp/ccal6mT6.s:91711  .debug_str:00000000000106ae .LASF4934
     /tmp/ccal6mT6.s:90867  .debug_str:000000000000d646 .LASF4935
     /tmp/ccal6mT6.s:89813  .debug_str:0000000000008fbf .LASF4936
     /tmp/ccal6mT6.s:89651  .debug_str:00000000000084e2 .LASF4937
     /tmp/ccal6mT6.s:103379  .debug_str:00000000000402db .LASF4938
     /tmp/ccal6mT6.s:101937  .debug_str:000000000003a186 .LASF4939
     /tmp/ccal6mT6.s:91905  .debug_str:000000000001138a .LASF4940
     /tmp/ccal6mT6.s:89267  .debug_str:0000000000006c47 .LASF4941
     /tmp/ccal6mT6.s:95729  .debug_str:000000000002104e .LASF4942
     /tmp/ccal6mT6.s:96739  .debug_str:0000000000024e55 .LASF4943
     /tmp/ccal6mT6.s:99723  .debug_str:00000000000313ed .LASF4944
     /tmp/ccal6mT6.s:97371  .debug_str:00000000000278d7 .LASF4945
     /tmp/ccal6mT6.s:98055  .debug_str:000000000002a49e .LASF4946
     /tmp/ccal6mT6.s:105083  .debug_str:00000000000473e7 .LASF4947
     /tmp/ccal6mT6.s:100033  .debug_str:00000000000328f3 .LASF4948
     /tmp/ccal6mT6.s:98879  .debug_str:000000000002db3e .LASF4949
     /tmp/ccal6mT6.s:100979  .debug_str:0000000000036735 .LASF4950
     /tmp/ccal6mT6.s:91023  .debug_str:000000000000dfa9 .LASF4951
     /tmp/ccal6mT6.s:96437  .debug_str:0000000000023e82 .LASF4952
     /tmp/ccal6mT6.s:95051  .debug_str:000000000001e12e .LASF4953
     /tmp/ccal6mT6.s:97203  .debug_str:0000000000026d38 .LASF4954
     /tmp/ccal6mT6.s:100625  .debug_str:00000000000350e2 .LASF4955
     /tmp/ccal6mT6.s:96783  .debug_str:000000000002513a .LASF4956
     /tmp/ccal6mT6.s:90513  .debug_str:000000000000bfd4 .LASF4957
     /tmp/ccal6mT6.s:99811  .debug_str:0000000000031a0b .LASF4958
     /tmp/ccal6mT6.s:99607  .debug_str:0000000000030bfb .LASF4959
     /tmp/ccal6mT6.s:94323  .debug_str:000000000001b078 .LASF4960
     /tmp/ccal6mT6.s:96013  .debug_str:0000000000022365 .LASF4961
     /tmp/ccal6mT6.s:105365  .debug_str:000000000004868c .LASF4962
     /tmp/ccal6mT6.s:102499  .debug_str:000000000003c826 .LASF4963
     /tmp/ccal6mT6.s:97151  .debug_str:0000000000026a3e .LASF4964
     /tmp/ccal6mT6.s:106017  .debug_str:000000000004b602 .LASF4965
     /tmp/ccal6mT6.s:96723  .debug_str:0000000000024d5e .LASF4966
     /tmp/ccal6mT6.s:104547  .debug_str:0000000000044eee .LASF4967
     /tmp/ccal6mT6.s:94773  .debug_str:000000000001cda4 .LASF4968
     /tmp/ccal6mT6.s:96591  .debug_str:0000000000024615 .LASF4969
     /tmp/ccal6mT6.s:89211  .debug_str:00000000000067d8 .LASF4970
     /tmp/ccal6mT6.s:95933  .debug_str:0000000000021de1 .LASF4971
     /tmp/ccal6mT6.s:90281  .debug_str:000000000000afd3 .LASF4972
     /tmp/ccal6mT6.s:91969  .debug_str:000000000001185a .LASF4973
     /tmp/ccal6mT6.s:101465  .debug_str:00000000000381b9 .LASF4974
     /tmp/ccal6mT6.s:88035  .debug_str:00000000000016f2 .LASF4975
     /tmp/ccal6mT6.s:105361  .debug_str:000000000004861a .LASF4976
     /tmp/ccal6mT6.s:103381  .debug_str:0000000000040301 .LASF4977
     /tmp/ccal6mT6.s:90117  .debug_str:000000000000a446 .LASF4978
     /tmp/ccal6mT6.s:97539  .debug_str:00000000000283bb .LASF4979
     /tmp/ccal6mT6.s:105197  .debug_str:0000000000047ada .LASF4980
     /tmp/ccal6mT6.s:95779  .debug_str:0000000000021341 .LASF4981
     /tmp/ccal6mT6.s:93021  .debug_str:0000000000015b24 .LASF4982
     /tmp/ccal6mT6.s:92095  .debug_str:00000000000120c0 .LASF4983
     /tmp/ccal6mT6.s:101413  .debug_str:0000000000037efd .LASF4984
     /tmp/ccal6mT6.s:104057  .debug_str:0000000000042fac .LASF4985
     /tmp/ccal6mT6.s:89243  .debug_str:0000000000006a7a .LASF4986
     /tmp/ccal6mT6.s:101883  .debug_str:0000000000039d70 .LASF4987
     /tmp/ccal6mT6.s:104407  .debug_str:00000000000445b1 .LASF4988
     /tmp/ccal6mT6.s:100175  .debug_str:000000000003324f .LASF4989
     /tmp/ccal6mT6.s:92361  .debug_str:000000000001323c .LASF4990
     /tmp/ccal6mT6.s:93545  .debug_str:0000000000017e35 .LASF4991
     /tmp/ccal6mT6.s:93955  .debug_str:00000000000198e1 .LASF4992
     /tmp/ccal6mT6.s:104123  .debug_str:00000000000433d3 .LASF4993
     /tmp/ccal6mT6.s:99589  .debug_str:0000000000030a43 .LASF4994
     /tmp/ccal6mT6.s:89947  .debug_str:00000000000098cf .LASF4995
     /tmp/ccal6mT6.s:98965  .debug_str:000000000002e100 .LASF4996
     /tmp/ccal6mT6.s:102431  .debug_str:000000000003c40c .LASF4997
     /tmp/ccal6mT6.s:92415  .debug_str:000000000001354e .LASF4998
     /tmp/ccal6mT6.s:101327  .debug_str:0000000000037a29 .LASF4999
     /tmp/ccal6mT6.s:91759  .debug_str:0000000000010a5f .LASF5000
     /tmp/ccal6mT6.s:96241  .debug_str:000000000002333b .LASF5001
     /tmp/ccal6mT6.s:94185  .debug_str:000000000001a7bc .LASF5002
     /tmp/ccal6mT6.s:104405  .debug_str:0000000000044583 .LASF5003
     /tmp/ccal6mT6.s:89585  .debug_str:000000000000804e .LASF5004
     /tmp/ccal6mT6.s:90557  .debug_str:000000000000c2eb .LASF5005
     /tmp/ccal6mT6.s:90417  .debug_str:000000000000b9c9 .LASF5006
     /tmp/ccal6mT6.s:104697  .debug_str:0000000000045955 .LASF5007
     /tmp/ccal6mT6.s:96507  .debug_str:0000000000024209 .LASF5008
     /tmp/ccal6mT6.s:95605  .debug_str:00000000000208ab .LASF5009
     /tmp/ccal6mT6.s:91949  .debug_str:00000000000116b5 .LASF5010
     /tmp/ccal6mT6.s:101629  .debug_str:0000000000038ccb .LASF5011
     /tmp/ccal6mT6.s:99875  .debug_str:0000000000031e71 .LASF5012
     /tmp/ccal6mT6.s:101745  .debug_str:0000000000039455 .LASF5013
     /tmp/ccal6mT6.s:99127  .debug_str:000000000002ebe4 .LASF5014
     /tmp/ccal6mT6.s:99273  .debug_str:000000000002f622 .LASF5015
     /tmp/ccal6mT6.s:93667  .debug_str:000000000001861f .LASF5016
     /tmp/ccal6mT6.s:88059  .debug_str:0000000000001872 .LASF5017
     /tmp/ccal6mT6.s:103909  .debug_str:000000000004266a .LASF5018
     /tmp/ccal6mT6.s:105385  .debug_str:00000000000487e5 .LASF5019
     /tmp/ccal6mT6.s:95227  .debug_str:000000000001edb6 .LASF5020
     /tmp/ccal6mT6.s:103289  .debug_str:000000000003fcb8 .LASF5021
     /tmp/ccal6mT6.s:93407  .debug_str:00000000000175e8 .LASF5022
     /tmp/ccal6mT6.s:100817  .debug_str:0000000000035d8c .LASF5023
     /tmp/ccal6mT6.s:90343  .debug_str:000000000000b48c .LASF5024
     /tmp/ccal6mT6.s:89253  .debug_str:0000000000006b3b .LASF5025
     /tmp/ccal6mT6.s:95627  .debug_str:0000000000020a33 .LASF5026
     /tmp/ccal6mT6.s:89533  .debug_str:0000000000007cb0 .LASF5027
     /tmp/ccal6mT6.s:92083  .debug_str:0000000000011fec .LASF5028
     /tmp/ccal6mT6.s:101295  .debug_str:0000000000037841 .LASF5029
     /tmp/ccal6mT6.s:96583  .debug_str:000000000002457c .LASF5030
     /tmp/ccal6mT6.s:100977  .debug_str:00000000000366fd .LASF5031
     /tmp/ccal6mT6.s:97597  .debug_str:0000000000028799 .LASF5032
     /tmp/ccal6mT6.s:99337  .debug_str:000000000002f9ee .LASF5033
     /tmp/ccal6mT6.s:89881  .debug_str:0000000000009498 .LASF5034
     /tmp/ccal6mT6.s:92115  .debug_str:0000000000012214 .LASF5035
     /tmp/ccal6mT6.s:98075  .debug_str:000000000002a646 .LASF5036
     /tmp/ccal6mT6.s:104003  .debug_str:0000000000042c63 .LASF5037
     /tmp/ccal6mT6.s:90855  .debug_str:000000000000d59b .LASF5038
     /tmp/ccal6mT6.s:96867  .debug_str:0000000000025704 .LASF5039
     /tmp/ccal6mT6.s:87951  .debug_str:0000000000001146 .LASF5040
     /tmp/ccal6mT6.s:98859  .debug_str:000000000002d96e .LASF5041
     /tmp/ccal6mT6.s:91189  .debug_str:000000000000e899 .LASF5042
     /tmp/ccal6mT6.s:89545  .debug_str:0000000000007d6d .LASF5043
     /tmp/ccal6mT6.s:92179  .debug_str:0000000000012667 .LASF5044
     /tmp/ccal6mT6.s:94359  .debug_str:000000000001b28b .LASF5045
     /tmp/ccal6mT6.s:100713  .debug_str:000000000003569b .LASF5046
     /tmp/ccal6mT6.s:88505  .debug_str:0000000000003794 .LASF5047
     /tmp/ccal6mT6.s:100085  .debug_str:0000000000032be2 .LASF5048
     /tmp/ccal6mT6.s:104761  .debug_str:0000000000045d55 .LASF5049
     /tmp/ccal6mT6.s:106053  .debug_str:000000000004b831 .LASF5050
     /tmp/ccal6mT6.s:105621  .debug_str:0000000000049889 .LASF5051
     /tmp/ccal6mT6.s:88617  .debug_str:0000000000003f77 .LASF5052
     /tmp/ccal6mT6.s:90211  .debug_str:000000000000aaf6 .LASF5053
     /tmp/ccal6mT6.s:102209  .debug_str:000000000003b461 .LASF5054
     /tmp/ccal6mT6.s:99631  .debug_str:0000000000030d59 .LASF5055
     /tmp/ccal6mT6.s:97661  .debug_str:0000000000028c24 .LASF5056
     /tmp/ccal6mT6.s:96399  .debug_str:0000000000023c5d .LASF5057
     /tmp/ccal6mT6.s:88445  .debug_str:0000000000003369 .LASF5058
     /tmp/ccal6mT6.s:92199  .debug_str:0000000000012817 .LASF5059
     /tmp/ccal6mT6.s:98367  .debug_str:000000000002b8b8 .LASF5060
     /tmp/ccal6mT6.s:96533  .debug_str:0000000000024381 .LASF5061
     /tmp/ccal6mT6.s:93059  .debug_str:0000000000015e18 .LASF5062
     /tmp/ccal6mT6.s:92981  .debug_str:00000000000158f5 .LASF5063
     /tmp/ccal6mT6.s:104835  .debug_str:000000000004621e .LASF5064
     /tmp/ccal6mT6.s:98279  .debug_str:000000000002b388 .LASF5065
     /tmp/ccal6mT6.s:97139  .debug_str:000000000002695b .LASF5066
     /tmp/ccal6mT6.s:92327  .debug_str:0000000000013007 .LASF5067
     /tmp/ccal6mT6.s:100185  .debug_str:00000000000332cc .LASF5068
     /tmp/ccal6mT6.s:101287  .debug_str:00000000000377ba .LASF5069
     /tmp/ccal6mT6.s:96347  .debug_str:0000000000023966 .LASF5070
     /tmp/ccal6mT6.s:102255  .debug_str:000000000003b730 .LASF5071
     /tmp/ccal6mT6.s:89149  .debug_str:0000000000006375 .LASF5072
     /tmp/ccal6mT6.s:101049  .debug_str:0000000000036b08 .LASF5073
     /tmp/ccal6mT6.s:88877  .debug_str:0000000000005119 .LASF5074
     /tmp/ccal6mT6.s:94805  .debug_str:000000000001d002 .LASF5075
     /tmp/ccal6mT6.s:104715  .debug_str:0000000000045a7a .LASF5076
     /tmp/ccal6mT6.s:102275  .debug_str:000000000003b89c .LASF5077
     /tmp/ccal6mT6.s:94417  .debug_str:000000000001b5ca .LASF5078
     /tmp/ccal6mT6.s:93043  .debug_str:0000000000015cb5 .LASF5079
     /tmp/ccal6mT6.s:100711  .debug_str:0000000000035662 .LASF5080
     /tmp/ccal6mT6.s:104657  .debug_str:00000000000456be .LASF5081
     /tmp/ccal6mT6.s:102201  .debug_str:000000000003b3c6 .LASF5082
     /tmp/ccal6mT6.s:99055  .debug_str:000000000002e765 .LASF5083
     /tmp/ccal6mT6.s:98635  .debug_str:000000000002ca30 .LASF5084
     /tmp/ccal6mT6.s:105611  .debug_str:00000000000497dd .LASF5085
     /tmp/ccal6mT6.s:91661  .debug_str:00000000000103bc .LASF5086
     /tmp/ccal6mT6.s:90385  .debug_str:000000000000b7b7 .LASF5087
     /tmp/ccal6mT6.s:97015  .debug_str:00000000000260a8 .LASF5088
     /tmp/ccal6mT6.s:93265  .debug_str:0000000000016c7f .LASF5089
     /tmp/ccal6mT6.s:88745  .debug_str:0000000000004853 .LASF5090
     /tmp/ccal6mT6.s:88733  .debug_str:000000000000477a .LASF5091
     /tmp/ccal6mT6.s:94517  .debug_str:000000000001bc76 .LASF5092
     /tmp/ccal6mT6.s:89339  .debug_str:00000000000070ae .LASF5093
     /tmp/ccal6mT6.s:101227  .debug_str:00000000000374ad .LASF5094
     /tmp/ccal6mT6.s:95041  .debug_str:000000000001e051 .LASF5095
     /tmp/ccal6mT6.s:92719  .debug_str:0000000000014814 .LASF5096
     /tmp/ccal6mT6.s:97515  .debug_str:0000000000028267 .LASF5097
     /tmp/ccal6mT6.s:100573  .debug_str:0000000000034d68 .LASF5098
     /tmp/ccal6mT6.s:101597  .debug_str:0000000000038a63 .LASF5099
     /tmp/ccal6mT6.s:105229  .debug_str:0000000000047ceb .LASF5100
     /tmp/ccal6mT6.s:103785  .debug_str:0000000000041df1 .LASF5101
     /tmp/ccal6mT6.s:106169  .debug_str:000000000004c04e .LASF5102
     /tmp/ccal6mT6.s:94425  .debug_str:000000000001b64c .LASF5103
     /tmp/ccal6mT6.s:100309  .debug_str:0000000000033bba .LASF5104
     /tmp/ccal6mT6.s:104935  .debug_str:00000000000468ec .LASF5105
     /tmp/ccal6mT6.s:105743  .debug_str:000000000004a0d9 .LASF5106
     /tmp/ccal6mT6.s:95209  .debug_str:000000000001ebf7 .LASF5107
     /tmp/ccal6mT6.s:101071  .debug_str:0000000000036c70 .LASF5108
     /tmp/ccal6mT6.s:96139  .debug_str:0000000000022bc7 .LASF5109
     /tmp/ccal6mT6.s:94711  .debug_str:000000000001c940 .LASF5110
     /tmp/ccal6mT6.s:105413  .debug_str:00000000000489e9 .LASF5111
     /tmp/ccal6mT6.s:106073  .debug_str:000000000004b9d6 .LASF5112
     /tmp/ccal6mT6.s:106023  .debug_str:000000000004b654 .LASF5113
     /tmp/ccal6mT6.s:101877  .debug_str:0000000000039cdd .LASF5114
     /tmp/ccal6mT6.s:97221  .debug_str:0000000000026e54 .LASF5115
     /tmp/ccal6mT6.s:90683  .debug_str:000000000000cb1d .LASF5116
     /tmp/ccal6mT6.s:105955  .debug_str:000000000004b0ed .LASF5117
     /tmp/ccal6mT6.s:94547  .debug_str:000000000001be5a .LASF5118
     /tmp/ccal6mT6.s:103823  .debug_str:00000000000420c8 .LASF5119
     /tmp/ccal6mT6.s:96311  .debug_str:00000000000236c3 .LASF5120
     /tmp/ccal6mT6.s:100215  .debug_str:0000000000033516 .LASF5121
     /tmp/ccal6mT6.s:97983  .debug_str:000000000002a09c .LASF5122
     /tmp/ccal6mT6.s:93663  .debug_str:00000000000185bd .LASF5123
     /tmp/ccal6mT6.s:98657  .debug_str:000000000002cbb3 .LASF5124
     /tmp/ccal6mT6.s:95919  .debug_str:0000000000021d10 .LASF5125
     /tmp/ccal6mT6.s:102775  .debug_str:000000000003da39 .LASF5126
     /tmp/ccal6mT6.s:102305  .debug_str:000000000003bab8 .LASF5127
     /tmp/ccal6mT6.s:91667  .debug_str:0000000000010462 .LASF5128
     /tmp/ccal6mT6.s:90337  .debug_str:000000000000b419 .LASF5129
     /tmp/ccal6mT6.s:102027  .debug_str:000000000003a807 .LASF5130
     /tmp/ccal6mT6.s:92419  .debug_str:00000000000135c4 .LASF5131
     /tmp/ccal6mT6.s:99199  .debug_str:000000000002f145 .LASF5132
     /tmp/ccal6mT6.s:97781  .debug_str:0000000000029365 .LASF5133
     /tmp/ccal6mT6.s:89861  .debug_str:0000000000009328 .LASF5134
     /tmp/ccal6mT6.s:100697  .debug_str:000000000003554b .LASF5135
     /tmp/ccal6mT6.s:100861  .debug_str:0000000000035f9e .LASF5136
     /tmp/ccal6mT6.s:98111  .debug_str:000000000002a8e2 .LASF5137
     /tmp/ccal6mT6.s:103819  .debug_str:000000000004208a .LASF5138
     /tmp/ccal6mT6.s:104477  .debug_str:0000000000044a86 .LASF5139
     /tmp/ccal6mT6.s:99737  .debug_str:0000000000031512 .LASF5140
     /tmp/ccal6mT6.s:89013  .debug_str:0000000000005ada .LASF5141
     /tmp/ccal6mT6.s:103221  .debug_str:000000000003f82e .LASF5142
     /tmp/ccal6mT6.s:105733  .debug_str:000000000004a025 .LASF5143
     /tmp/ccal6mT6.s:96823  .debug_str:0000000000025422 .LASF5144
     /tmp/ccal6mT6.s:87905  .debug_str:0000000000000e19 .LASF5145
     /tmp/ccal6mT6.s:101385  .debug_str:0000000000037d27 .LASF5146
     /tmp/ccal6mT6.s:105685  .debug_str:0000000000049ccf .LASF5147
     /tmp/ccal6mT6.s:98465  .debug_str:000000000002be8a .LASF5148
     /tmp/ccal6mT6.s:91127  .debug_str:000000000000e49d .LASF5149
     /tmp/ccal6mT6.s:97277  .debug_str:0000000000027271 .LASF5150
     /tmp/ccal6mT6.s:106115  .debug_str:000000000004bce9 .LASF5151
     /tmp/ccal6mT6.s:89427  .debug_str:0000000000007668 .LASF5152
     /tmp/ccal6mT6.s:99489  .debug_str:0000000000030378 .LASF5153
     /tmp/ccal6mT6.s:88563  .debug_str:0000000000003b6f .LASF5154
     /tmp/ccal6mT6.s:103971  .debug_str:0000000000042a55 .LASF5155
     /tmp/ccal6mT6.s:103519  .debug_str:0000000000040b75 .LASF5156
     /tmp/ccal6mT6.s:103709  .debug_str:000000000004191a .LASF5157
     /tmp/ccal6mT6.s:102989  .debug_str:000000000003e740 .LASF5158
     /tmp/ccal6mT6.s:89855  .debug_str:000000000000926a .LASF5159
     /tmp/ccal6mT6.s:105751  .debug_str:000000000004a181 .LASF5160
     /tmp/ccal6mT6.s:94321  .debug_str:000000000001b04e .LASF5161
     /tmp/ccal6mT6.s:106003  .debug_str:000000000004b505 .LASF5162
     /tmp/ccal6mT6.s:100903  .debug_str:00000000000362f9 .LASF5163
     /tmp/ccal6mT6.s:96995  .debug_str:0000000000025f12 .LASF5164
     /tmp/ccal6mT6.s:93207  .debug_str:0000000000016843 .LASF5165
     /tmp/ccal6mT6.s:88595  .debug_str:0000000000003dcb .LASF5166
     /tmp/ccal6mT6.s:103281  .debug_str:000000000003fc44 .LASF5167
     /tmp/ccal6mT6.s:95513  .debug_str:00000000000201f0 .LASF5168
     /tmp/ccal6mT6.s:95219  .debug_str:000000000001ed08 .LASF5169
     /tmp/ccal6mT6.s:92147  .debug_str:0000000000012452 .LASF5170
     /tmp/ccal6mT6.s:104727  .debug_str:0000000000045b47 .LASF5171
     /tmp/ccal6mT6.s:104339  .debug_str:000000000004413b .LASF5172
     /tmp/ccal6mT6.s:90755  .debug_str:000000000000cfd8 .LASF5173
     /tmp/ccal6mT6.s:101169  .debug_str:00000000000371cb .LASF5174
     /tmp/ccal6mT6.s:100357  .debug_str:0000000000033ecc .LASF5175
     /tmp/ccal6mT6.s:94003  .debug_str:0000000000019d6c .LASF5176
     /tmp/ccal6mT6.s:100457  .debug_str:00000000000345df .LASF5177
     /tmp/ccal6mT6.s:92209  .debug_str:0000000000012929 .LASF5178
     /tmp/ccal6mT6.s:88523  .debug_str:00000000000038d2 .LASF5179
     /tmp/ccal6mT6.s:90709  .debug_str:000000000000ccb8 .LASF5180
     /tmp/ccal6mT6.s:99565  .debug_str:0000000000030872 .LASF5181
     /tmp/ccal6mT6.s:95621  .debug_str:00000000000209a0 .LASF5182
     /tmp/ccal6mT6.s:93453  .debug_str:00000000000178d4 .LASF5183
     /tmp/ccal6mT6.s:93703  .debug_str:00000000000188cb .LASF5184
     /tmp/ccal6mT6.s:100381  .debug_str:00000000000340b4 .LASF5185
     /tmp/ccal6mT6.s:104015  .debug_str:0000000000042d11 .LASF5186
     /tmp/ccal6mT6.s:90569  .debug_str:000000000000c3cf .LASF5187
     /tmp/ccal6mT6.s:102379  .debug_str:000000000003c030 .LASF5188
     /tmp/ccal6mT6.s:97463  .debug_str:0000000000027eab .LASF5189
     /tmp/ccal6mT6.s:88645  .debug_str:00000000000041e8 .LASF5190
     /tmp/ccal6mT6.s:105183  .debug_str:0000000000047a33 .LASF5191
     /tmp/ccal6mT6.s:98685  .debug_str:000000000002cd7e .LASF5192
     /tmp/ccal6mT6.s:105347  .debug_str:00000000000484da .LASF5193
     /tmp/ccal6mT6.s:88891  .debug_str:0000000000005238 .LASF5194
     /tmp/ccal6mT6.s:95739  .debug_str:0000000000021125 .LASF5195
     /tmp/ccal6mT6.s:104121  .debug_str:00000000000433a7 .LASF5196
     /tmp/ccal6mT6.s:95783  .debug_str:0000000000021382 .LASF5197
     /tmp/ccal6mT6.s:99881  .debug_str:0000000000031eca .LASF5198
     /tmp/ccal6mT6.s:100249  .debug_str:000000000003379e .LASF5199
     /tmp/ccal6mT6.s:99075  .debug_str:000000000002e86f .LASF5200
     /tmp/ccal6mT6.s:106261  .debug_str:000000000004c637 .LASF5202
     /tmp/ccal6mT6.s:90565  .debug_str:000000000000c399 .LASF5203
     /tmp/ccal6mT6.s:95381  .debug_str:000000000001f979 .LASF5204
     /tmp/ccal6mT6.s:101897  .debug_str:0000000000039e54 .LASF5205
     /tmp/ccal6mT6.s:97891  .debug_str:0000000000029a09 .LASF5206
     /tmp/ccal6mT6.s:98349  .debug_str:000000000002b7c5 .LASF5207
     /tmp/ccal6mT6.s:92621  .debug_str:000000000001418f .LASF5208
     /tmp/ccal6mT6.s:91427  .debug_str:000000000000f6a0 .LASF5209
     /tmp/ccal6mT6.s:91659  .debug_str:000000000001039f .LASF5210
     /tmp/ccal6mT6.s:102639  .debug_str:000000000003d0e3 .LASF5211
     /tmp/ccal6mT6.s:98753  .debug_str:000000000002d2d7 .LASF5212
     /tmp/ccal6mT6.s:89507  .debug_str:0000000000007b35 .LASF5213
     /tmp/ccal6mT6.s:102611  .debug_str:000000000003cedb .LASF5214
     /tmp/ccal6mT6.s:94625  .debug_str:000000000001c35f .LASF5215
     /tmp/ccal6mT6.s:100415  .debug_str:0000000000034345 .LASF5216
     /tmp/ccal6mT6.s:97339  .debug_str:00000000000276a1 .LASF5217
     /tmp/ccal6mT6.s:89229  .debug_str:0000000000006955 .LASF5218
     /tmp/ccal6mT6.s:93243  .debug_str:0000000000016b06 .LASF5219
     /tmp/ccal6mT6.s:104607  .debug_str:000000000004531c .LASF5220
     /tmp/ccal6mT6.s:90483  .debug_str:000000000000bdd9 .LASF5221
     /tmp/ccal6mT6.s:87743  .debug_str:0000000000000333 .LASF5222
     /tmp/ccal6mT6.s:94503  .debug_str:000000000001bb8a .LASF5223
     /tmp/ccal6mT6.s:105851  .debug_str:000000000004a85e .LASF5224
     /tmp/ccal6mT6.s:104649  .debug_str:0000000000045630 .LASF5225
     /tmp/ccal6mT6.s:103191  .debug_str:000000000003f683 .LASF5226
     /tmp/ccal6mT6.s:94501  .debug_str:000000000001bb6a .LASF5227
     /tmp/ccal6mT6.s:88623  .debug_str:0000000000004003 .LASF5228
     /tmp/ccal6mT6.s:95373  .debug_str:000000000001f8f3 .LASF5229
     /tmp/ccal6mT6.s:100895  .debug_str:0000000000036240 .LASF5230
     /tmp/ccal6mT6.s:101829  .debug_str:0000000000039a47 .LASF5231
     /tmp/ccal6mT6.s:91475  .debug_str:000000000000f8b7 .LASF5232
     /tmp/ccal6mT6.s:89927  .debug_str:00000000000097ff .LASF5233
     /tmp/ccal6mT6.s:101311  .debug_str:000000000003796b .LASF5234
     /tmp/ccal6mT6.s:102903  .debug_str:000000000003e1e9 .LASF5235
     /tmp/ccal6mT6.s:99769  .debug_str:0000000000031701 .LASF5236
     /tmp/ccal6mT6.s:98147  .debug_str:000000000002ab0a .LASF5237
     /tmp/ccal6mT6.s:103511  .debug_str:0000000000040af0 .LASF5238
     /tmp/ccal6mT6.s:102567  .debug_str:000000000003cd34 .LASF5239
     /tmp/ccal6mT6.s:97275  .debug_str:0000000000027255 .LASF5240
     /tmp/ccal6mT6.s:92559  .debug_str:0000000000013e7e .LASF5241
     /tmp/ccal6mT6.s:92253  .debug_str:0000000000012c01 .LASF5242
     /tmp/ccal6mT6.s:88767  .debug_str:0000000000004a1e .LASF5243
     /tmp/ccal6mT6.s:98375  .debug_str:000000000002b94a .LASF5244
     /tmp/ccal6mT6.s:99883  .debug_str:0000000000031eee .LASF5245
     /tmp/ccal6mT6.s:90879  .debug_str:000000000000d75d .LASF5246
     /tmp/ccal6mT6.s:95971  .debug_str:000000000002206e .LASF5247
     /tmp/ccal6mT6.s:98185  .debug_str:000000000002ad89 .LASF5248
     /tmp/ccal6mT6.s:103139  .debug_str:000000000003f264 .LASF5249
     /tmp/ccal6mT6.s:89839  .debug_str:0000000000009144 .LASF5250
     /tmp/ccal6mT6.s:98579  .debug_str:000000000002c62a .LASF5251
     /tmp/ccal6mT6.s:89715  .debug_str:0000000000008976 .LASF5252
     /tmp/ccal6mT6.s:90717  .debug_str:000000000000cd5b .LASF5253
     /tmp/ccal6mT6.s:98607  .debug_str:000000000002c85e .LASF5254
     /tmp/ccal6mT6.s:105495  .debug_str:0000000000048fe0 .LASF5255
     /tmp/ccal6mT6.s:100099  .debug_str:0000000000032d16 .LASF5256
     /tmp/ccal6mT6.s:91555  .debug_str:000000000000fdb2 .LASF5257
     /tmp/ccal6mT6.s:98219  .debug_str:000000000002afef .LASF5258
     /tmp/ccal6mT6.s:105683  .debug_str:0000000000049cad .LASF5259
     /tmp/ccal6mT6.s:99223  .debug_str:000000000002f321 .LASF5260
     /tmp/ccal6mT6.s:93079  .debug_str:0000000000015fc0 .LASF5261
     /tmp/ccal6mT6.s:95477  .debug_str:000000000001ff6a .LASF5262
     /tmp/ccal6mT6.s:89683  .debug_str:00000000000086f4 .LASF5263
     /tmp/ccal6mT6.s:105749  .debug_str:000000000004a160 .LASF5264
     /tmp/ccal6mT6.s:93963  .debug_str:00000000000199cf .LASF5265
     /tmp/ccal6mT6.s:97565  .debug_str:000000000002857b .LASF5266
     /tmp/ccal6mT6.s:97559  .debug_str:0000000000028528 .LASF5267
     /tmp/ccal6mT6.s:101015  .debug_str:00000000000368cb .LASF5268
     /tmp/ccal6mT6.s:100349  .debug_str:0000000000033e1d .LASF5269
     /tmp/ccal6mT6.s:98729  .debug_str:000000000002d0d3 .LASF5270
     /tmp/ccal6mT6.s:103981  .debug_str:0000000000042b17 .LASF5271
     /tmp/ccal6mT6.s:89759  .debug_str:0000000000008c1f .LASF5272
     /tmp/ccal6mT6.s:87703  .debug_str:0000000000000098 .LASF5273
     /tmp/ccal6mT6.s:99791  .debug_str:0000000000031893 .LASF5274
     /tmp/ccal6mT6.s:92043  .debug_str:0000000000011d62 .LASF5275
     /tmp/ccal6mT6.s:95281  .debug_str:000000000001f18e .LASF5276
     /tmp/ccal6mT6.s:97263  .debug_str:0000000000027177 .LASF5277
     /tmp/ccal6mT6.s:101809  .debug_str:000000000003994a .LASF5278
     /tmp/ccal6mT6.s:105555  .debug_str:0000000000049435 .LASF5279
     /tmp/ccal6mT6.s:98493  .debug_str:000000000002c054 .LASF5280
     /tmp/ccal6mT6.s:89209  .debug_str:000000000000679b .LASF5281
     /tmp/ccal6mT6.s:100045  .debug_str:0000000000032a00 .LASF5282
     /tmp/ccal6mT6.s:91327  .debug_str:000000000000f056 .LASF5283
     /tmp/ccal6mT6.s:105367  .debug_str:00000000000486b5 .LASF5284
     /tmp/ccal6mT6.s:89773  .debug_str:0000000000008cd2 .LASF5285
     /tmp/ccal6mT6.s:88363  .debug_str:0000000000002ec3 .LASF5286
     /tmp/ccal6mT6.s:87825  .debug_str:00000000000008dd .LASF5287
     /tmp/ccal6mT6.s:100023  .debug_str:0000000000032844 .LASF5288
     /tmp/ccal6mT6.s:95859  .debug_str:00000000000218df .LASF5289
     /tmp/ccal6mT6.s:101209  .debug_str:0000000000037368 .LASF5290
     /tmp/ccal6mT6.s:103655  .debug_str:00000000000415be .LASF5291
     /tmp/ccal6mT6.s:91353  .debug_str:000000000000f28b .LASF5292
     /tmp/ccal6mT6.s:90851  .debug_str:000000000000d55e .LASF5293
     /tmp/ccal6mT6.s:92461  .debug_str:000000000001383d .LASF5294
     /tmp/ccal6mT6.s:99139  .debug_str:000000000002ecb1 .LASF5295
     /tmp/ccal6mT6.s:101307  .debug_str:00000000000378f9 .LASF5296
     /tmp/ccal6mT6.s:99857  .debug_str:0000000000031d1c .LASF5297
     /tmp/ccal6mT6.s:88635  .debug_str:000000000000411d .LASF5298
     /tmp/ccal6mT6.s:99049  .debug_str:000000000002e6e4 .LASF5299
     /tmp/ccal6mT6.s:95553  .debug_str:00000000000204e4 .LASF5300
     /tmp/ccal6mT6.s:91329  .debug_str:000000000000f077 .LASF5301
     /tmp/ccal6mT6.s:96255  .debug_str:0000000000023422 .LASF5302
     /tmp/ccal6mT6.s:90119  .debug_str:000000000000a474 .LASF5303
     /tmp/ccal6mT6.s:98403  .debug_str:000000000002bac8 .LASF5304
     /tmp/ccal6mT6.s:102755  .debug_str:000000000003d89d .LASF5305
     /tmp/ccal6mT6.s:89333  .debug_str:0000000000007056 .LASF5306
     /tmp/ccal6mT6.s:94423  .debug_str:000000000001b636 .LASF5307
     /tmp/ccal6mT6.s:90477  .debug_str:000000000000bd43 .LASF5308
     /tmp/ccal6mT6.s:98061  .debug_str:000000000002a4f2 .LASF5309
     /tmp/ccal6mT6.s:103607  .debug_str:00000000000411cf .LASF5310
     /tmp/ccal6mT6.s:103051  .debug_str:000000000003ebde .LASF5311
     /tmp/ccal6mT6.s:105303  .debug_str:00000000000481c9 .LASF5312
     /tmp/ccal6mT6.s:93469  .debug_str:00000000000179f2 .LASF5313
     /tmp/ccal6mT6.s:90981  .debug_str:000000000000de09 .LASF5314
     /tmp/ccal6mT6.s:99851  .debug_str:0000000000031cc3 .LASF5315
     /tmp/ccal6mT6.s:99929  .debug_str:0000000000032215 .LASF5316
     /tmp/ccal6mT6.s:90097  .debug_str:000000000000a2f8 .LASF5317
     /tmp/ccal6mT6.s:95801  .debug_str:000000000002149f .LASF5318
     /tmp/ccal6mT6.s:98373  .debug_str:000000000002b91e .LASF5319
     /tmp/ccal6mT6.s:105539  .debug_str:00000000000492fd .LASF5320
     /tmp/ccal6mT6.s:97333  .debug_str:0000000000027641 .LASF5321
     /tmp/ccal6mT6.s:102685  .debug_str:000000000003d401 .LASF5322
     /tmp/ccal6mT6.s:102185  .debug_str:000000000003b2cf .LASF5323
     /tmp/ccal6mT6.s:100503  .debug_str:00000000000348da .LASF5324
     /tmp/ccal6mT6.s:95303  .debug_str:000000000001f31b .LASF5325
     /tmp/ccal6mT6.s:98943  .debug_str:000000000002df9f .LASF5326
     /tmp/ccal6mT6.s:95995  .debug_str:00000000000221f2 .LASF5327
     /tmp/ccal6mT6.s:89115  .debug_str:00000000000060e8 .LASF5328
     /tmp/ccal6mT6.s:103439  .debug_str:00000000000406f2 .LASF5329
     /tmp/ccal6mT6.s:88209  .debug_str:0000000000002329 .LASF5330
     /tmp/ccal6mT6.s:92875  .debug_str:00000000000152a4 .LASF5331
     /tmp/ccal6mT6.s:97189  .debug_str:0000000000026c79 .LASF5332
     /tmp/ccal6mT6.s:92091  .debug_str:0000000000012080 .LASF5333
     /tmp/ccal6mT6.s:90077  .debug_str:000000000000a1d3 .LASF5334
     /tmp/ccal6mT6.s:103985  .debug_str:0000000000042b54 .LASF5335
     /tmp/ccal6mT6.s:105307  .debug_str:0000000000048242 .LASF5336
     /tmp/ccal6mT6.s:94149  .debug_str:000000000001a58e .LASF5337
     /tmp/ccal6mT6.s:101119  .debug_str:0000000000036ef9 .LASF5338
     /tmp/ccal6mT6.s:95233  .debug_str:000000000001ee3d .LASF5339
     /tmp/ccal6mT6.s:95969  .debug_str:0000000000022042 .LASF5340
     /tmp/ccal6mT6.s:102665  .debug_str:000000000003d2bf .LASF5341
     /tmp/ccal6mT6.s:89069  .debug_str:0000000000005e35 .LASF5342
     /tmp/ccal6mT6.s:96027  .debug_str:0000000000022472 .LASF5343
     /tmp/ccal6mT6.s:104929  .debug_str:0000000000046891 .LASF5344
     /tmp/ccal6mT6.s:90643  .debug_str:000000000000c8aa .LASF5345
     /tmp/ccal6mT6.s:90235  .debug_str:000000000000ac72 .LASF5346
     /tmp/ccal6mT6.s:91899  .debug_str:000000000001132a .LASF5347
     /tmp/ccal6mT6.s:97085  .debug_str:00000000000265b9 .LASF5348
     /tmp/ccal6mT6.s:91955  .debug_str:0000000000011737 .LASF5349
     /tmp/ccal6mT6.s:93291  .debug_str:0000000000016e4f .LASF5350
     /tmp/ccal6mT6.s:97683  .debug_str:0000000000028d90 .LASF5351
     /tmp/ccal6mT6.s:88491  .debug_str:00000000000036bb .LASF5352
     /tmp/ccal6mT6.s:101603  .debug_str:0000000000038af7 .LASF5353
     /tmp/ccal6mT6.s:91331  .debug_str:000000000000f0ae .LASF5354
     /tmp/ccal6mT6.s:90221  .debug_str:000000000000ab62 .LASF5355
     /tmp/ccal6mT6.s:96273  .debug_str:0000000000023527 .LASF5356
     /tmp/ccal6mT6.s:102845  .debug_str:000000000003de68 .LASF5357
     /tmp/ccal6mT6.s:92543  .debug_str:0000000000013d8f .LASF5358
     /tmp/ccal6mT6.s:105953  .debug_str:000000000004b0d0 .LASF5359
     /tmp/ccal6mT6.s:102895  .debug_str:000000000003e17c .LASF5360
     /tmp/ccal6mT6.s:90485  .debug_str:000000000000be14 .LASF5361
     /tmp/ccal6mT6.s:90075  .debug_str:000000000000a1c4 .LASF5362
     /tmp/ccal6mT6.s:95717  .debug_str:0000000000020f37 .LASF5363
     /tmp/ccal6mT6.s:89833  .debug_str:0000000000009108 .LASF5364
     /tmp/ccal6mT6.s:89995  .debug_str:0000000000009c36 .LASF5365
     /tmp/ccal6mT6.s:96131  .debug_str:0000000000022b75 .LASF5366
     /tmp/ccal6mT6.s:87939  .debug_str:0000000000001081 .LASF5367
     /tmp/ccal6mT6.s:91813  .debug_str:0000000000010d2d .LASF5368
     /tmp/ccal6mT6.s:94795  .debug_str:000000000001cf83 .LASF5369
     /tmp/ccal6mT6.s:100675  .debug_str:00000000000353c5 .LASF5370
     /tmp/ccal6mT6.s:93639  .debug_str:0000000000018432 .LASF5371
     /tmp/ccal6mT6.s:94991  .debug_str:000000000001dc6a .LASF5372
     /tmp/ccal6mT6.s:94469  .debug_str:000000000001b96a .LASF5373
     /tmp/ccal6mT6.s:102523  .debug_str:000000000003c9f8 .LASF5374
     /tmp/ccal6mT6.s:88487  .debug_str:000000000000365f .LASF5375
     /tmp/ccal6mT6.s:89039  .debug_str:0000000000005c39 .LASF5376
     /tmp/ccal6mT6.s:105445  .debug_str:0000000000048c5d .LASF5377
     /tmp/ccal6mT6.s:89705  .debug_str:00000000000088a5 .LASF5378
     /tmp/ccal6mT6.s:97487  .debug_str:0000000000028003 .LASF5379
     /tmp/ccal6mT6.s:100157  .debug_str:0000000000033184 .LASF5380
     /tmp/ccal6mT6.s:103689  .debug_str:00000000000417f3 .LASF5381
     /tmp/ccal6mT6.s:100483  .debug_str:000000000003476b .LASF5382
     /tmp/ccal6mT6.s:97961  .debug_str:0000000000029f34 .LASF5384
     /tmp/ccal6mT6.s:92503  .debug_str:0000000000013aef .LASF5385
     /tmp/ccal6mT6.s:100689  .debug_str:00000000000354d5 .LASF5386
     /tmp/ccal6mT6.s:90031  .debug_str:0000000000009e25 .LASF5387
     /tmp/ccal6mT6.s:87707  .debug_str:00000000000000fa .LASF5388
     /tmp/ccal6mT6.s:106457  .debug_str:000000000004d32c .LASF5389
     /tmp/ccal6mT6.s:98829  .debug_str:000000000002d70c .LASF5390
     /tmp/ccal6mT6.s:95515  .debug_str:000000000002021b .LASF5391
     /tmp/ccal6mT6.s:99837  .debug_str:0000000000031ba2 .LASF5392
     /tmp/ccal6mT6.s:103373  .debug_str:0000000000040256 .LASF5393
     /tmp/ccal6mT6.s:98243  .debug_str:000000000002b13f .LASF5394
     /tmp/ccal6mT6.s:90613  .debug_str:000000000000c6c0 .LASF5395
     /tmp/ccal6mT6.s:95479  .debug_str:000000000001ff8b .LASF5396
     /tmp/ccal6mT6.s:95037  .debug_str:000000000001dff2 .LASF5397
     /tmp/ccal6mT6.s:101137  .debug_str:0000000000037013 .LASF5398
     /tmp/ccal6mT6.s:88235  .debug_str:00000000000024dd .LASF5399
     /tmp/ccal6mT6.s:94333  .debug_str:000000000001b108 .LASF5400
     /tmp/ccal6mT6.s:100413  .debug_str:0000000000034329 .LASF5401
     /tmp/ccal6mT6.s:93199  .debug_str:00000000000167aa .LASF5402
     /tmp/ccal6mT6.s:100347  .debug_str:0000000000033e03 .LASF5403
     /tmp/ccal6mT6.s:102505  .debug_str:000000000003c896 .LASF5404
     /tmp/ccal6mT6.s:91141  .debug_str:000000000000e541 .LASF5405
     /tmp/ccal6mT6.s:105109  .debug_str:000000000004756c .LASF5406
     /tmp/ccal6mT6.s:89977  .debug_str:0000000000009adf .LASF5407
     /tmp/ccal6mT6.s:104871  .debug_str:000000000004645a .LASF5408
     /tmp/ccal6mT6.s:102695  .debug_str:000000000003d501 .LASF5409
     /tmp/ccal6mT6.s:90395  .debug_str:000000000000b883 .LASF5410
     /tmp/ccal6mT6.s:93149  .debug_str:00000000000163e3 .LASF5411
     /tmp/ccal6mT6.s:96531  .debug_str:0000000000024368 .LASF5412
     /tmp/ccal6mT6.s:89521  .debug_str:0000000000007bd7 .LASF5413
     /tmp/ccal6mT6.s:91223  .debug_str:000000000000ea0f .LASF5414
     /tmp/ccal6mT6.s:90185  .debug_str:000000000000a8ad .LASF5415
     /tmp/ccal6mT6.s:99185  .debug_str:000000000002f07c .LASF5416
     /tmp/ccal6mT6.s:97379  .debug_str:000000000002799f .LASF5417
     /tmp/ccal6mT6.s:96691  .debug_str:0000000000024b43 .LASF5418
     /tmp/ccal6mT6.s:94641  .debug_str:000000000001c475 .LASF5419
     /tmp/ccal6mT6.s:92409  .debug_str:000000000001350a .LASF5420
     /tmp/ccal6mT6.s:88883  .debug_str:0000000000005192 .LASF5421
     /tmp/ccal6mT6.s:95847  .debug_str:0000000000021801 .LASF5422
     /tmp/ccal6mT6.s:105085  .debug_str:000000000004740b .LASF5423
     /tmp/ccal6mT6.s:102049  .debug_str:000000000003a96c .LASF5424
     /tmp/ccal6mT6.s:100975  .debug_str:00000000000366e4 .LASF5425
     /tmp/ccal6mT6.s:105279  .debug_str:000000000004804f .LASF5426
     /tmp/ccal6mT6.s:92451  .debug_str:000000000001378f .LASF5427
     /tmp/ccal6mT6.s:92805  .debug_str:0000000000014e12 .LASF5428
     /tmp/ccal6mT6.s:105201  .debug_str:0000000000047b17 .LASF5429
     /tmp/ccal6mT6.s:105309  .debug_str:0000000000048270 .LASF5430
     /tmp/ccal6mT6.s:103597  .debug_str:00000000000410fb .LASF5431
     /tmp/ccal6mT6.s:101407  .debug_str:0000000000037ebe .LASF5432
     /tmp/ccal6mT6.s:97109  .debug_str:00000000000267dc .LASF5433
     /tmp/ccal6mT6.s:97175  .debug_str:0000000000026bcd .LASF5434
     /tmp/ccal6mT6.s:95403  .debug_str:000000000001fac6 .LASF5435
     /tmp/ccal6mT6.s:103401  .debug_str:00000000000404ae .LASF5436
     /tmp/ccal6mT6.s:101509  .debug_str:0000000000038404 .LASF5437
     /tmp/ccal6mT6.s:91263  .debug_str:000000000000ec8b .LASF5438
     /tmp/ccal6mT6.s:97237  .debug_str:0000000000026fb1 .LASF5439
     /tmp/ccal6mT6.s:105249  .debug_str:0000000000047e74 .LASF5440
     /tmp/ccal6mT6.s:95291  .debug_str:000000000001f27c .LASF5441
     /tmp/ccal6mT6.s:101663  .debug_str:0000000000038f06 .LASF5442
     /tmp/ccal6mT6.s:104679  .debug_str:0000000000045861 .LASF5443
     /tmp/ccal6mT6.s:101781  .debug_str:00000000000396e7 .LASF5444
     /tmp/ccal6mT6.s:96239  .debug_str:000000000002331e .LASF5445
     /tmp/ccal6mT6.s:89361  .debug_str:0000000000007235 .LASF5446
     /tmp/ccal6mT6.s:98071  .debug_str:000000000002a611 .LASF5447
     /tmp/ccal6mT6.s:105741  .debug_str:000000000004a0bf .LASF5448
     /tmp/ccal6mT6.s:91947  .debug_str:0000000000011698 .LASF5449
     /tmp/ccal6mT6.s:104267  .debug_str:0000000000043d2a .LASF5450
     /tmp/ccal6mT6.s:87739  .debug_str:0000000000000303 .LASF5451
     /tmp/ccal6mT6.s:104573  .debug_str:00000000000450ab .LASF5452
     /tmp/ccal6mT6.s:97853  .debug_str:0000000000029835 .LASF5453
     /tmp/ccal6mT6.s:101559  .debug_str:00000000000387ec .LASF5454
     /tmp/ccal6mT6.s:94645  .debug_str:000000000001c49a .LASF5455
     /tmp/ccal6mT6.s:94485  .debug_str:000000000001baa7 .LASF5456
     /tmp/ccal6mT6.s:98995  .debug_str:000000000002e2ce .LASF5457
     /tmp/ccal6mT6.s:90559  .debug_str:000000000000c318 .LASF5458
     /tmp/ccal6mT6.s:99069  .debug_str:000000000002e817 .LASF5459
     /tmp/ccal6mT6.s:99443  .debug_str:00000000000300c4 .LASF5460
     /tmp/ccal6mT6.s:104893  .debug_str:00000000000465f1 .LASF5461
     /tmp/ccal6mT6.s:95061  .debug_str:000000000001e1ee .LASF5462
     /tmp/ccal6mT6.s:93705  .debug_str:00000000000188f5 .LASF5463
     /tmp/ccal6mT6.s:97269  .debug_str:00000000000271d5 .LASF5464
     /tmp/ccal6mT6.s:95731  .debug_str:0000000000021076 .LASF5465
     /tmp/ccal6mT6.s:100053  .debug_str:0000000000032a5e .LASF5466
     /tmp/ccal6mT6.s:90291  .debug_str:000000000000b0e7 .LASF5467
     /tmp/ccal6mT6.s:98199  .debug_str:000000000002aeb3 .LASF5468
     /tmp/ccal6mT6.s:105051  .debug_str:000000000004718e .LASF5469
     /tmp/ccal6mT6.s:102467  .debug_str:000000000003c65f .LASF5470
     /tmp/ccal6mT6.s:91929  .debug_str:0000000000011580 .LASF5471
     /tmp/ccal6mT6.s:104211  .debug_str:000000000004395d .LASF5472
     /tmp/ccal6mT6.s:87715  .debug_str:0000000000000185 .LASF5473
     /tmp/ccal6mT6.s:90729  .debug_str:000000000000ce10 .LASF5474
     /tmp/ccal6mT6.s:92777  .debug_str:0000000000014bfe .LASF5475
     /tmp/ccal6mT6.s:100399  .debug_str:0000000000034234 .LASF5476
     /tmp/ccal6mT6.s:88853  .debug_str:0000000000004f6e .LASF5477
     /tmp/ccal6mT6.s:104891  .debug_str:00000000000465d8 .LASF5478
     /tmp/ccal6mT6.s:87839  .debug_str:0000000000000a01 .LASF5479
     /tmp/ccal6mT6.s:104675  .debug_str:0000000000045810 .LASF5480
     /tmp/ccal6mT6.s:101201  .debug_str:00000000000372e2 .LASF5481
     /tmp/ccal6mT6.s:99385  .debug_str:000000000002fcb4 .LASF5482
     /tmp/ccal6mT6.s:96597  .debug_str:00000000000246a8 .LASF5483
     /tmp/ccal6mT6.s:96333  .debug_str:0000000000023888 .LASF5484
     /tmp/ccal6mT6.s:94325  .debug_str:000000000001b0a2 .LASF5485
     /tmp/ccal6mT6.s:92099  .debug_str:00000000000120f8 .LASF5486
     /tmp/ccal6mT6.s:102851  .debug_str:000000000003dec5 .LASF5487
     /tmp/ccal6mT6.s:100721  .debug_str:0000000000035759 .LASF5488
     /tmp/ccal6mT6.s:92407  .debug_str:00000000000134ff .LASF5489
     /tmp/ccal6mT6.s:88607  .debug_str:0000000000003eaf .LASF5490
     /tmp/ccal6mT6.s:99163  .debug_str:000000000002eea6 .LASF5491
     /tmp/ccal6mT6.s:90311  .debug_str:000000000000b227 .LASF5492
     /tmp/ccal6mT6.s:100957  .debug_str:00000000000365a4 .LASF5493
     /tmp/ccal6mT6.s:94465  .debug_str:000000000001b934 .LASF5494
     /tmp/ccal6mT6.s:102253  .debug_str:000000000003b6fe .LASF5495
     /tmp/ccal6mT6.s:95839  .debug_str:000000000002177a .LASF5496
     /tmp/ccal6mT6.s:95247  .debug_str:000000000001ef42 .LASF5497
     /tmp/ccal6mT6.s:101393  .debug_str:0000000000037db0 .LASF5498
     /tmp/ccal6mT6.s:96889  .debug_str:00000000000258e0 .LASF5499
     /tmp/ccal6mT6.s:105529  .debug_str:000000000004922e .LASF5500
     /tmp/ccal6mT6.s:103791  .debug_str:0000000000041e48 .LASF5501
     /tmp/ccal6mT6.s:88061  .debug_str:0000000000001897 .LASF5502
     /tmp/ccal6mT6.s:105977  .debug_str:000000000004b2e3 .LASF5503
     /tmp/ccal6mT6.s:97903  .debug_str:0000000000029a81 .LASF5504
     /tmp/ccal6mT6.s:105963  .debug_str:000000000004b1a2 .LASF5505
     /tmp/ccal6mT6.s:87935  .debug_str:0000000000001059 .LASF5506
     /tmp/ccal6mT6.s:96509  .debug_str:0000000000024238 .LASF5507
     /tmp/ccal6mT6.s:104903  .debug_str:00000000000466a3 .LASF5508
     /tmp/ccal6mT6.s:93669  .debug_str:000000000001864f .LASF5509
     /tmp/ccal6mT6.s:92733  .debug_str:0000000000014916 .LASF5510
     /tmp/ccal6mT6.s:91933  .debug_str:00000000000115a6 .LASF5511
     /tmp/ccal6mT6.s:105549  .debug_str:000000000004939f .LASF5512
     /tmp/ccal6mT6.s:91763  .debug_str:0000000000010aa0 .LASF5513
     /tmp/ccal6mT6.s:98479  .debug_str:000000000002bf77 .LASF5514
     /tmp/ccal6mT6.s:92465  .debug_str:00000000000138b3 .LASF5515
     /tmp/ccal6mT6.s:91835  .debug_str:0000000000010e75 .LASF5516
     /tmp/ccal6mT6.s:96809  .debug_str:00000000000252e5 .LASF5517
     /tmp/ccal6mT6.s:91317  .debug_str:000000000000ef57 .LASF5518
     /tmp/ccal6mT6.s:97783  .debug_str:000000000002938e .LASF5519
     /tmp/ccal6mT6.s:91019  .debug_str:000000000000df62 .LASF5520
     /tmp/ccal6mT6.s:95165  .debug_str:000000000001e8f8 .LASF5521
     /tmp/ccal6mT6.s:89181  .debug_str:00000000000065d4 .LASF5522
     /tmp/ccal6mT6.s:100481  .debug_str:000000000003474d .LASF5523
     /tmp/ccal6mT6.s:101067  .debug_str:0000000000036c3f .LASF5524
     /tmp/ccal6mT6.s:101711  .debug_str:00000000000391fa .LASF5525
     /tmp/ccal6mT6.s:97147  .debug_str:00000000000269f0 .LASF5526
     /tmp/ccal6mT6.s:103505  .debug_str:0000000000040a8f .LASF5527
     /tmp/ccal6mT6.s:106145  .debug_str:000000000004be8c .LASF5528
     /tmp/ccal6mT6.s:105349  .debug_str:0000000000048509 .LASF5529
     /tmp/ccal6mT6.s:103001  .debug_str:000000000003e81e .LASF5530
     /tmp/ccal6mT6.s:87927  .debug_str:0000000000000fc0 .LASF5531
     /tmp/ccal6mT6.s:101377  .debug_str:0000000000037c94 .LASF5532
     /tmp/ccal6mT6.s:96415  .debug_str:0000000000023d4d .LASF5533
     /tmp/ccal6mT6.s:103953  .debug_str:000000000004293c .LASF5534
     /tmp/ccal6mT6.s:98489  .debug_str:000000000002c02d .LASF5535
     /tmp/ccal6mT6.s:100491  .debug_str:000000000003483d .LASF5536
     /tmp/ccal6mT6.s:100255  .debug_str:00000000000337f9 .LASF5537
     /tmp/ccal6mT6.s:99319  .debug_str:000000000002f8da .LASF5538
     /tmp/ccal6mT6.s:101813  .debug_str:000000000003999f .LASF5539
     /tmp/ccal6mT6.s:87775  .debug_str:000000000000059a .LASF5540
     /tmp/ccal6mT6.s:105221  .debug_str:0000000000047c7a .LASF5541
     /tmp/ccal6mT6.s:99637  .debug_str:0000000000030dda .LASF5542
     /tmp/ccal6mT6.s:101899  .debug_str:0000000000039e75 .LASF5543
     /tmp/ccal6mT6.s:103077  .debug_str:000000000003edbe .LASF5544
     /tmp/ccal6mT6.s:99071  .debug_str:000000000002e82f .LASF5545
     /tmp/ccal6mT6.s:105021  .debug_str:0000000000046f32 .LASF5546
     /tmp/ccal6mT6.s:106027  .debug_str:000000000004b6c4 .LASF5547
     /tmp/ccal6mT6.s:97471  .debug_str:0000000000027f09 .LASF5548
     /tmp/ccal6mT6.s:93605  .debug_str:00000000000181ff .LASF5550
     /tmp/ccal6mT6.s:102199  .debug_str:000000000003b3b3 .LASF5551
     /tmp/ccal6mT6.s:103137  .debug_str:000000000003f246 .LASF5552
     /tmp/ccal6mT6.s:98175  .debug_str:000000000002acb0 .LASF5553
     /tmp/ccal6mT6.s:103733  .debug_str:0000000000041adf .LASF5554
     /tmp/ccal6mT6.s:100447  .debug_str:000000000003454d .LASF5555
     /tmp/ccal6mT6.s:98981  .debug_str:000000000002e1f2 .LASF5556
     /tmp/ccal6mT6.s:96229  .debug_str:0000000000023285 .LASF5557
     /tmp/ccal6mT6.s:88095  .debug_str:0000000000001b6f .LASF5558
     /tmp/ccal6mT6.s:91709  .debug_str:0000000000010695 .LASF5559
     /tmp/ccal6mT6.s:95351  .debug_str:000000000001f7ba .LASF5560
     /tmp/ccal6mT6.s:97427  .debug_str:0000000000027d3c .LASF5561
     /tmp/ccal6mT6.s:103915  .debug_str:00000000000426dd .LASF5562
     /tmp/ccal6mT6.s:93019  .debug_str:0000000000015b0b .LASF5563
     /tmp/ccal6mT6.s:104139  .debug_str:00000000000434dc .LASF5564
     /tmp/ccal6mT6.s:102715  .debug_str:000000000003d60e .LASF5565
     /tmp/ccal6mT6.s:105837  .debug_str:000000000004a79a .LASF5566
     /tmp/ccal6mT6.s:105757  .debug_str:000000000004a21b .LASF5567
     /tmp/ccal6mT6.s:102387  .debug_str:000000000003c0e1 .LASF5568
     /tmp/ccal6mT6.s:94595  .debug_str:000000000001c14f .LASF5569
     /tmp/ccal6mT6.s:88211  .debug_str:0000000000002357 .LASF5570
     /tmp/ccal6mT6.s:89783  .debug_str:0000000000008e00 .LASF5572
     /tmp/ccal6mT6.s:99375  .debug_str:000000000002fbde .LASF5573
     /tmp/ccal6mT6.s:93965  .debug_str:00000000000199f9 .LASF5574
     /tmp/ccal6mT6.s:97207  .debug_str:0000000000026d85 .LASF5575
     /tmp/ccal6mT6.s:101859  .debug_str:0000000000039bf0 .LASF5576
     /tmp/ccal6mT6.s:99237  .debug_str:000000000002f3e9 .LASF5577
     /tmp/ccal6mT6.s:94555  .debug_str:000000000001bebb .LASF5578
     /tmp/ccal6mT6.s:88513  .debug_str:0000000000003855 .LASF5579
     /tmp/ccal6mT6.s:92545  .debug_str:0000000000013da3 .LASF5580
     /tmp/ccal6mT6.s:95533  .debug_str:0000000000020346 .LASF5581
     /tmp/ccal6mT6.s:102743  .debug_str:000000000003d7ed .LASF5582
     /tmp/ccal6mT6.s:103821  .debug_str:00000000000420b7 .LASF5583
     /tmp/ccal6mT6.s:92501  .debug_str:0000000000013adb .LASF5584
     /tmp/ccal6mT6.s:100233  .debug_str:000000000003368b .LASF5585
     /tmp/ccal6mT6.s:88043  .debug_str:000000000000178b .LASF5586
     /tmp/ccal6mT6.s:95829  .debug_str:000000000002169e .LASF5587
     /tmp/ccal6mT6.s:105031  .debug_str:0000000000047052 .LASF5588
     /tmp/ccal6mT6.s:106375  .debug_str:000000000004cda8 .LASF5589
     /tmp/ccal6mT6.s:99727  .debug_str:0000000000031433 .LASF5590
     /tmp/ccal6mT6.s:97187  .debug_str:0000000000026c53 .LASF5591
     /tmp/ccal6mT6.s:105039  .debug_str:00000000000470f2 .LASF5592
     /tmp/ccal6mT6.s:91251  .debug_str:000000000000eb9f .LASF5593
     /tmp/ccal6mT6.s:103741  .debug_str:0000000000041b3d .LASF5594
     /tmp/ccal6mT6.s:88277  .debug_str:0000000000002825 .LASF5595
     /tmp/ccal6mT6.s:90143  .debug_str:000000000000a5ef .LASF5596
     /tmp/ccal6mT6.s:106331  .debug_str:000000000004ca19 .LASF5597
     /tmp/ccal6mT6.s:105929  .debug_str:000000000004ae95 .LASF5598
     /tmp/ccal6mT6.s:101151  .debug_str:00000000000370f8 .LASF5600
     /tmp/ccal6mT6.s:95945  .debug_str:0000000000021eaa .LASF5601
     /tmp/ccal6mT6.s:99327  .debug_str:000000000002f94a .LASF5602
     /tmp/ccal6mT6.s:93895  .debug_str:00000000000195c1 .LASF5603
     /tmp/ccal6mT6.s:89307  .debug_str:0000000000006ee9 .LASF5604
     /tmp/ccal6mT6.s:95897  .debug_str:0000000000021bc0 .LASF5605
     /tmp/ccal6mT6.s:100705  .debug_str:000000000003560a .LASF5606
     /tmp/ccal6mT6.s:104663  .debug_str:0000000000045749 .LASF5607
     /tmp/ccal6mT6.s:92129  .debug_str:0000000000012317 .LASF5608
     /tmp/ccal6mT6.s:101121  .debug_str:0000000000036f25 .LASF5609
     /tmp/ccal6mT6.s:95815  .debug_str:000000000002159a .LASF5610
     /tmp/ccal6mT6.s:92305  .debug_str:0000000000012ee2 .LASF5611
     /tmp/ccal6mT6.s:88903  .debug_str:0000000000005309 .LASF5612
     /tmp/ccal6mT6.s:105159  .debug_str:00000000000478a0 .LASF5613
     /tmp/ccal6mT6.s:89077  .debug_str:0000000000005ed8 .LASF5614
     /tmp/ccal6mT6.s:99819  .debug_str:0000000000031ab4 .LASF5615
     /tmp/ccal6mT6.s:92449  .debug_str:0000000000013783 .LASF5616
     /tmp/ccal6mT6.s:91229  .debug_str:000000000000ea66 .LASF5617
     /tmp/ccal6mT6.s:103697  .debug_str:0000000000041873 .LASF5618
     /tmp/ccal6mT6.s:90607  .debug_str:000000000000c67f .LASF5620
     /tmp/ccal6mT6.s:90201  .debug_str:000000000000aa14 .LASF5621
     /tmp/ccal6mT6.s:102945  .debug_str:000000000003e498 .LASF5622
     /tmp/ccal6mT6.s:89317  .debug_str:0000000000006f72 .LASF5623
     /tmp/ccal6mT6.s:101389  .debug_str:0000000000037d62 .LASF5624
     /tmp/ccal6mT6.s:103037  .debug_str:000000000003eaaf .LASF5625
     /tmp/ccal6mT6.s:93925  .debug_str:000000000001979c .LASF5626
     /tmp/ccal6mT6.s:104403  .debug_str:000000000004454d .LASF5627
     /tmp/ccal6mT6.s:96495  .debug_str:000000000002412d .LASF5628
     /tmp/ccal6mT6.s:88715  .debug_str:000000000000465e .LASF5629
     /tmp/ccal6mT6.s:92869  .debug_str:0000000000015250 .LASF5630
     /tmp/ccal6mT6.s:103009  .debug_str:000000000003e8b3 .LASF5631
     /tmp/ccal6mT6.s:99621  .debug_str:0000000000030d08 .LASF5632
     /tmp/ccal6mT6.s:92089  .debug_str:000000000001204b .LASF5633
     /tmp/ccal6mT6.s:88833  .debug_str:0000000000004e3b .LASF5634
     /tmp/ccal6mT6.s:91991  .debug_str:00000000000119f6 .LASF5635
     /tmp/ccal6mT6.s:99739  .debug_str:0000000000031525 .LASF5636
     /tmp/ccal6mT6.s:91985  .debug_str:000000000001196f .LASF5637
     /tmp/ccal6mT6.s:92555  .debug_str:0000000000013e42 .LASF5638
     /tmp/ccal6mT6.s:93571  .debug_str:0000000000017f27 .LASF5639
     /tmp/ccal6mT6.s:102805  .debug_str:000000000003dbf9 .LASF5640
     /tmp/ccal6mT6.s:104113  .debug_str:0000000000043345 .LASF5641
     /tmp/ccal6mT6.s:90045  .debug_str:0000000000009f6a .LASF5642
     /tmp/ccal6mT6.s:91321  .debug_str:000000000000efb0 .LASF5643
     /tmp/ccal6mT6.s:97111  .debug_str:00000000000267f5 .LASF5644
     /tmp/ccal6mT6.s:95681  .debug_str:0000000000020d75 .LASF5645
     /tmp/ccal6mT6.s:103765  .debug_str:0000000000041c91 .LASF5646
     /tmp/ccal6mT6.s:103883  .debug_str:0000000000042473 .LASF5647
     /tmp/ccal6mT6.s:91231  .debug_str:000000000000ea72 .LASF5648
     /tmp/ccal6mT6.s:105143  .debug_str:0000000000047765 .LASF5649
     /tmp/ccal6mT6.s:93235  .debug_str:0000000000016a63 .LASF5650
     /tmp/ccal6mT6.s:91313  .debug_str:000000000000ef0e .LASF5651
     /tmp/ccal6mT6.s:95451  .debug_str:000000000001fd6a .LASF5652
     /tmp/ccal6mT6.s:100021  .debug_str:000000000003282d .LASF5653
     /tmp/ccal6mT6.s:97863  .debug_str:00000000000298ab .LASF5654
     /tmp/ccal6mT6.s:91447  .debug_str:000000000000f807 .LASF5655
     /tmp/ccal6mT6.s:88757  .debug_str:0000000000004985 .LASF5656
     /tmp/ccal6mT6.s:102483  .debug_str:000000000003c761 .LASF5657
     /tmp/ccal6mT6.s:91431  .debug_str:000000000000f6ec .LASF5658
     /tmp/ccal6mT6.s:89233  .debug_str:00000000000069ab .LASF5659
     /tmp/ccal6mT6.s:96513  .debug_str:0000000000024272 .LASF5660
     /tmp/ccal6mT6.s:93761  .debug_str:0000000000018ca3 .LASF5661
     /tmp/ccal6mT6.s:90725  .debug_str:000000000000cde9 .LASF5662
     /tmp/ccal6mT6.s:88257  .debug_str:0000000000002696 .LASF5663
     /tmp/ccal6mT6.s:92909  .debug_str:0000000000015431 .LASF5664
     /tmp/ccal6mT6.s:103285  .debug_str:000000000003fc6d .LASF5665
     /tmp/ccal6mT6.s:104753  .debug_str:0000000000045ce9 .LASF5666
     /tmp/ccal6mT6.s:98779  .debug_str:000000000002d44c .LASF5667
     /tmp/ccal6mT6.s:88113  .debug_str:0000000000001c70 .LASF5668
     /tmp/ccal6mT6.s:96877  .debug_str:0000000000025800 .LASF5669
     /tmp/ccal6mT6.s:99329  .debug_str:000000000002f956 .LASF5670
     /tmp/ccal6mT6.s:90439  .debug_str:000000000000bb11 .LASF5671
     /tmp/ccal6mT6.s:97047  .debug_str:000000000002633b .LASF5672
     /tmp/ccal6mT6.s:98117  .debug_str:000000000002a948 .LASF5673
     /tmp/ccal6mT6.s:102753  .debug_str:000000000003d882 .LASF5674
     /tmp/ccal6mT6.s:94811  .debug_str:000000000001d0a1 .LASF5675
     /tmp/ccal6mT6.s:99903  .debug_str:0000000000032045 .LASF5676
     /tmp/ccal6mT6.s:95993  .debug_str:00000000000221d6 .LASF5677
     /tmp/ccal6mT6.s:89951  .debug_str:0000000000009911 .LASF5678
     /tmp/ccal6mT6.s:104717  .debug_str:0000000000045aa8 .LASF5679
     /tmp/ccal6mT6.s:91391  .debug_str:000000000000f45c .LASF5680
     /tmp/ccal6mT6.s:92651  .debug_str:00000000000143b5 .LASF5681
     /tmp/ccal6mT6.s:94447  .debug_str:000000000001b80a .LASF5682
     /tmp/ccal6mT6.s:98619  .debug_str:000000000002c935 .LASF5683
     /tmp/ccal6mT6.s:104109  .debug_str:00000000000432f8 .LASF5684
     /tmp/ccal6mT6.s:105123  .debug_str:0000000000047607 .LASF5685
     /tmp/ccal6mT6.s:95009  .debug_str:000000000001dda5 .LASF5686
     /tmp/ccal6mT6.s:93125  .debug_str:0000000000016267 .LASF5687
     /tmp/ccal6mT6.s:104451  .debug_str:000000000004491c .LASF5688
     /tmp/ccal6mT6.s:102625  .debug_str:000000000003d006 .LASF5689
     /tmp/ccal6mT6.s:93693  .debug_str:0000000000018811 .LASF5690
     /tmp/ccal6mT6.s:90689  .debug_str:000000000000cb9c .LASF5691
     /tmp/ccal6mT6.s:96109  .debug_str:00000000000229f6 .LASF5692
     /tmp/ccal6mT6.s:90089  .debug_str:000000000000a27a .LASF5693
     /tmp/ccal6mT6.s:96981  .debug_str:0000000000025e3c .LASF5694
     /tmp/ccal6mT6.s:89845  .debug_str:00000000000091d6 .LASF5695
     /tmp/ccal6mT6.s:92809  .debug_str:0000000000014e4b .LASF5696
     /tmp/ccal6mT6.s:98329  .debug_str:000000000002b693 .LASF5697
     /tmp/ccal6mT6.s:89101  .debug_str:000000000000603e .LASF5698
     /tmp/ccal6mT6.s:98797  .debug_str:000000000002d589 .LASF5699
     /tmp/ccal6mT6.s:103967  .debug_str:0000000000042a14 .LASF5700
     /tmp/ccal6mT6.s:88637  .debug_str:0000000000004152 .LASF5701
     /tmp/ccal6mT6.s:89127  .debug_str:00000000000061f4 .LASF5702
     /tmp/ccal6mT6.s:90431  .debug_str:000000000000ba78 .LASF5703
     /tmp/ccal6mT6.s:90749  .debug_str:000000000000cf71 .LASF5704
     /tmp/ccal6mT6.s:102365  .debug_str:000000000003bf25 .LASF5705
     /tmp/ccal6mT6.s:88629  .debug_str:0000000000004086 .LASF5706
     /tmp/ccal6mT6.s:101549  .debug_str:0000000000038730 .LASF5707
     /tmp/ccal6mT6.s:104115  .debug_str:0000000000043358 .LASF5708
     /tmp/ccal6mT6.s:97443  .debug_str:0000000000027e08 .LASF5709
     /tmp/ccal6mT6.s:101619  .debug_str:0000000000038c1f .LASF5710
     /tmp/ccal6mT6.s:94089  .debug_str:000000000001a273 .LASF5711
     /tmp/ccal6mT6.s:101541  .debug_str:00000000000386d2 .LASF5712
     /tmp/ccal6mT6.s:97771  .debug_str:00000000000292b6 .LASF5713
     /tmp/ccal6mT6.s:103475  .debug_str:0000000000040876 .LASF5714
     /tmp/ccal6mT6.s:90329  .debug_str:000000000000b3c8 .LASF5715
     /tmp/ccal6mT6.s:89671  .debug_str:000000000000866e .LASF5716
     /tmp/ccal6mT6.s:96835  .debug_str:0000000000025516 .LASF5717
     /tmp/ccal6mT6.s:88129  .debug_str:0000000000001d6a .LASF5718
     /tmp/ccal6mT6.s:96655  .debug_str:00000000000248ec .LASF5719
     /tmp/ccal6mT6.s:103019  .debug_str:000000000003e959 .LASF5720
     /tmp/ccal6mT6.s:98603  .debug_str:000000000002c80b .LASF5721
                           .group:0000000000000000 wm4.0.f7b5aef9685edec5249bbd7570880f7e
                           .group:0000000000000000 wm4.stddef.h.39.a38874c8f8a57e66301090908ec2a69f
                           .group:0000000000000000 wm4.stdbool.h.29.07dce69c3b78884144b7f7bd19483461
                           .group:0000000000000000 wm4._newlib_version.h.4.9ba035841e762c3308916a0ce96032e7
                           .group:0000000000000000 wm4.features.h.33.318b64d71e0957639cfb30f1db1f7ec8
                           .group:0000000000000000 wm4._default_types.h.15.61e9869194cab90bdfa4c7fc42203a0e
                           .group:0000000000000000 wm4._intsup.h.10.b28b45fc63caeb010c3f7ee592257700
                           .group:0000000000000000 wm4._stdint.h.10.c24fa3af3bc1706662bb5593a907e841
                           .group:0000000000000000 wm4.stdint.h.23.d53047a68f4a85177f80b422d52785ed
                           .group:0000000000000000 wm4.mss_assert.h.10.f54828af61f4d15c5e0162b6a5c84a60
                           .group:0000000000000000 wm4.mss_legacy_defines.h.20.594d5f03b0f5314e3b2e801d98173479
                           .group:0000000000000000 wm4.mss_beu_def.h.19.f849410d457a56a11edf68024874b76f
                           .group:0000000000000000 wm4.mss_ddr_defs.h.18.224212e3bcbcd97ac31a2f20c30c3b70
                           .group:0000000000000000 wm4.mss_sysreg.h.19.614456a035a0cca3fd9d4348b0740228
                           .group:0000000000000000 wm4.mss_ddr_sgmii_regs.h.5543.4c565db9c25f7d4b45bd9b264c475c73
                           .group:0000000000000000 wm4.mss_io_config.h.18.90215bc7a282e15d1e42d6c6f74bed4e
                           .group:0000000000000000 wm4.mss_pll.h.192.d6d9146a5a36ce9e7f6a5ae2e7816970
                           .group:0000000000000000 wm4.mss_scb_nwc_regs.h.19.92192026ece1a0bf26c7a7af9a56e40a
                           .group:0000000000000000 wm4.mss_sw_config.h.37.50b47aaab5eef0809806cc5dbc8be4fc
                           .group:0000000000000000 wm4.atomic.h.33.7c17fdf64e267483cec1d3aead0473f4
                           .group:0000000000000000 wm4.bits.h.32.2ced66ae3bdb7651edf1ccfb67de7b38
                           .group:0000000000000000 wm4.encoding.h.34.68f898bac6356b153788044b6c29d177
                           .group:0000000000000000 wm4.fpga_design_config.h.28.f7eb28fae6ebd09bf8c2082deeea643c
                           .group:0000000000000000 wm4.hw_memory.h.28.20599cf485f90ffaa97f313798a86238
                           .group:0000000000000000 wm4.hw_apb_split.h.28.a2537f445f7a8784a4f064a3a60be381
                           .group:0000000000000000 wm4.hw_cache.h.28.aa59d0803f1283c480a862ba52ff4d4f
                           .group:0000000000000000 wm4.hw_pmp_hart0.h.28.354eeff78ff2eb91d2783e01dbe4e5a4
                           .group:0000000000000000 wm4.hw_pmp_hart1.h.28.0ab9e64d9d5e4b3cdd2ef9fae2ec18f2
                           .group:0000000000000000 wm4.hw_pmp_hart2.h.28.361fe83e7fd64067a0988f3e9bcd6e5d
                           .group:0000000000000000 wm4.hw_pmp_hart3.h.28.8c3eca8078d58a4979d23ae7fc3ceb35
                           .group:0000000000000000 wm4.hw_pmp_hart4.h.28.f8bf6b50f09effab3f4dfc16a44d5d0e
                           .group:0000000000000000 wm4.hw_mpu_fic0.h.28.3a719367ee0b56c20c7541cca5239296
                           .group:0000000000000000 wm4.hw_mpu_fic1.h.28.35d3b72b131707dc62529924d8a0d281
                           .group:0000000000000000 wm4.hw_mpu_fic2.h.28.88b1cd488fc04fd09199876067a670cb
                           .group:0000000000000000 wm4.hw_mpu_crypto.h.28.45628d14bd81b7ae15853711bd55f118
                           .group:0000000000000000 wm4.hw_mpu_gem0.h.28.e88b73a77e588162ac08b038acfe3e30
                           .group:0000000000000000 wm4.hw_mpu_gem1.h.28.dadc3a640dcfb61a8f24791560fa3605
                           .group:0000000000000000 wm4.hw_mpu_usb.h.28.0b0c25c65da87670d72dffa8e9b51ad6
                           .group:0000000000000000 wm4.hw_mpu_mmc.h.28.a5df85f7a87dfaafd939c0c9743b44a9
                           .group:0000000000000000 wm4.hw_mpu_scb.h.28.2b778d620a29a13b1a33733b3fefaf3e
                           .group:0000000000000000 wm4.hw_mpu_trace.h.28.dbb150e27983d45d78ea646dfe7486fe
                           .group:0000000000000000 wm4.hw_nvm_map.h.28.f162fac35e5cde635e7ad6a64d1e9039
                           .group:0000000000000000 wm4.hw_mssio_mux.h.28.e7454fde92f262ddd8d62a867ea0920e
                           .group:0000000000000000 wm4.hw_mssio_mux_alternate.h.28.b8d16e28a2ceb0dfb89390fbf8a0824d
                           .group:0000000000000000 wm4.hw_hsio_mux.h.28.924a66a0f83f27c24767fbfdaffeb21f
                           .group:0000000000000000 wm4.hw_sgmii_tip.h.28.300e564dcb0b8e10a02f8aa22cd1e406
                           .group:0000000000000000 wm4.hw_ddr_options.h.28.57c69fbed22b132a5116a2e8202ef31b
                           .group:0000000000000000 wm4.hw_ddr_io_bank.h.28.97994078373a03e402aa7d6fbee4d10b
                           .group:0000000000000000 wm4.hw_ddr_mode.h.28.e12980d85cda7fc598d8fc4b0c6ae80a
                           .group:0000000000000000 wm4.hw_ddr_off_mode.h.28.c8f0d4bcf68d083d8ff0335e558930e9
                           .group:0000000000000000 wm4.hw_ddr_segs.h.28.93c530a254cc8a9c015d0bae044125b2
                           .group:0000000000000000 wm4.hw_ddrc.h.28.08059da746396e3799516897e3659011
                           .group:0000000000000000 wm4.hw_mss_clks.h.28.5ac7bc8afbcd8bf20af19bba21fd090a
                           .group:0000000000000000 wm4.hw_clk_sysreg.h.28.adf2eb2b08eeb2ee56f6129328388395
                           .group:0000000000000000 wm4.hw_clk_mss_pll.h.28.f29e56095f72545e176a24c00b4a4f9d
                           .group:0000000000000000 wm4.hw_clk_sgmii_pll.h.28.e5a751841e3330e1fa1c9e56e6520989
                           .group:0000000000000000 wm4.hw_clk_ddr_pll.h.28.c1ea1ad10a832d67220904a0d0b17b34
                           .group:0000000000000000 wm4.hw_clk_mss_cfm.h.28.365f11189fcbf1e2f08db25b2ea1557a
                           .group:0000000000000000 wm4.hw_clk_sgmii_cfm.h.28.f59fda78ad3b4981ccbc9fbc0d90ca0a
                           .group:0000000000000000 wm4.hw_gen_peripherals.h.28.b7ed6b1beed7bdf1572b3ce67f40701d
                           .group:0000000000000000 wm4.mss_ddr.h.335.2d2abad6760d8499d248b54011590468
                           .group:0000000000000000 wm4.mss_clint.h.28.3d2c636f4c8175d64797a2e961db02ff
                           .group:0000000000000000 wm4.mss_h2f.h.21.7086260854010c63b41a469cd9f7486d
                           .group:0000000000000000 wm4.mss_hart_ints.h.20.6ad89e0f9e22266fcd17f0448e2fe1a4
                           .group:0000000000000000 wm4.mss_beu.h.19.c2ae917e6cfe25f403b47f73645e65f7
                           .group:0000000000000000 wm4.mss_mpu.h.20.dd1fa2a8702d0e819fbbb263dc6428d1
                           .group:0000000000000000 wm4.mss_pmp.h.19.8f83d750289fe5e95625891444a65774
                           .group:0000000000000000 wm4.mss_plic.h.37.f01c8d38f1aa08d20212658e203ce75a
                           .group:0000000000000000 wm4.mss_seg.h.38.d7fedb2c993ff2eb58c3c1c5f57af66f
                           .group:0000000000000000 wm4.mss_util.h.31.57922375d48cf596b0783b975bb89aba
                           .group:0000000000000000 wm4.mss_mtrap.h.32.3506bc2f7b97dc7165484cc307bc8c3b
                           .group:0000000000000000 wm4.mss_l2_cache.h.430.934410ee5d62996f3b8869a34907e316
                           .group:0000000000000000 wm4.mss_axiswitch.h.110.fc13072c0144cbd8e516d1d4f8c599b2
                           .group:0000000000000000 wm4.mss_peripherals.h.19.9837bc1f8d1c62dfd266b4590a8830b2
                           .group:0000000000000000 wm4.mss_cfm.h.20.474baf099ef6f60b14912c934c5e47c6
                           .group:0000000000000000 wm4.mss_sgmii.h.18.7850ab5b5e05dabb42db8143f362bae8
                           .group:0000000000000000 wm4.system_startup.h.17.372727b49fdab2e286123d13f6b6542a
                           .group:0000000000000000 wm4.mss_ddr_debug.h.40.79a83a45aea2f09f97e5663e254e5e65

UNDEFINED SYMBOLS
CFG_DDR_SGMII_PHY
__sc_start
__sc_load
__sc_end
