   1              		.file	"e51.c"
   2              		.option nopic
   3              		.attribute arch, "rv64i2p0_m2p0_a2p0_f2p0_d2p0_c2p0"
   4              		.attribute unaligned_access, 0
   5              		.attribute stack_align, 16
   6              		.text
   7              	.Ltext0:
   8              		.cfi_sections	.debug_frame
   9              		.section	.text.PLIC_gpio1_bit6_or_gpio2_bit20_IRQHandler,"ax",@progbits
  10              		.align	1
  11              		.globl	PLIC_gpio1_bit6_or_gpio2_bit20_IRQHandler
  13              	PLIC_gpio1_bit6_or_gpio2_bit20_IRQHandler:
  14              	.LFB27:
  15              		.file 1 "../src/application/hart0/e51.c"
   1:../src/application/hart0/e51.c **** /*******************************************************************************
   2:../src/application/hart0/e51.c ****  * Copyright 2019-2022 Microchip FPGA Embedded Systems Solutions.
   3:../src/application/hart0/e51.c ****  *
   4:../src/application/hart0/e51.c ****  * SPDX-License-Identifier: MIT
   5:../src/application/hart0/e51.c ****  *
   6:../src/application/hart0/e51.c ****  * MPFS HAL Embedded Software example
   7:../src/application/hart0/e51.c ****  *
   8:../src/application/hart0/e51.c ****  */
   9:../src/application/hart0/e51.c **** /*******************************************************************************
  10:../src/application/hart0/e51.c ****  *
  11:../src/application/hart0/e51.c ****  * Code running on E51
  12:../src/application/hart0/e51.c ****  *
  13:../src/application/hart0/e51.c ****  */
  14:../src/application/hart0/e51.c **** 
  15:../src/application/hart0/e51.c **** #include <stdio.h>
  16:../src/application/hart0/e51.c **** #include <string.h>
  17:../src/application/hart0/e51.c **** #include "mpfs_hal/mss_hal.h"
  18:../src/application/hart0/e51.c **** #include "mpfs_hal/mpfs_hal_version.h"
  19:../src/application/hart0/e51.c **** #include "inc/common.h"
  20:../src/application/hart0/e51.c **** #include "drivers/mss/mss_gpio/mss_gpio.h"
  21:../src/application/hart0/e51.c **** #include "drivers/mss/mss_i2c/mss_i2c.h"
  22:../src/application/hart0/e51.c **** #include "inc/hdmi/hdmi_tx.h"
  23:../src/application/hart0/e51.c **** 
  24:../src/application/hart0/e51.c **** 
  25:../src/application/hart0/e51.c **** volatile uint32_t g_10ms_count;
  26:../src/application/hart0/e51.c **** mss_uart_instance_t *g_uart= &g_mss_uart0_lo ;
  27:../src/application/hart0/e51.c **** 
  28:../src/application/hart0/e51.c **** #define RX_BUFF_SIZE    64U
  29:../src/application/hart0/e51.c **** uint8_t g_rx_buff[RX_BUFF_SIZE] = {0};
  30:../src/application/hart0/e51.c **** volatile uint8_t g_rx_size = 0U;
  31:../src/application/hart0/e51.c **** 
  32:../src/application/hart0/e51.c **** 
  33:../src/application/hart0/e51.c **** 
  34:../src/application/hart0/e51.c **** uint32_t uart0_mutex;
  35:../src/application/hart0/e51.c **** 
  36:../src/application/hart0/e51.c **** /**
  37:../src/application/hart0/e51.c ****  * idle in DTIM
  38:../src/application/hart0/e51.c ****  */
  39:../src/application/hart0/e51.c **** #ifdef E51_ENTER_SLEEP_STATE
  40:../src/application/hart0/e51.c **** __attribute__((section(".ram_codetext"))) static void loop_in_dtim(void)
  41:../src/application/hart0/e51.c **** {
  42:../src/application/hart0/e51.c ****     mb();
  43:../src/application/hart0/e51.c ****     /*Put this hart into WFI.*/
  44:../src/application/hart0/e51.c ****     while(1U)
  45:../src/application/hart0/e51.c ****     {
  46:../src/application/hart0/e51.c ****         do
  47:../src/application/hart0/e51.c ****         {
  48:../src/application/hart0/e51.c ****             __asm("wfi");
  49:../src/application/hart0/e51.c ****         }while(0 == (read_csr(mip) & MIP_MSIP));
  50:../src/application/hart0/e51.c ****     }
  51:../src/application/hart0/e51.c **** }
  52:../src/application/hart0/e51.c **** #endif
  53:../src/application/hart0/e51.c **** 
  54:../src/application/hart0/e51.c **** uint64_t uart_lock;
  55:../src/application/hart0/e51.c **** uint8_t int_num = 0U;
  56:../src/application/hart0/e51.c **** 
  57:../src/application/hart0/e51.c **** 
  58:../src/application/hart0/e51.c **** uint8_t gpio1_bit6_or_gpio2_bit20_plic_20_IRQHandler(void)
  59:../src/application/hart0/e51.c **** {
  16              		.loc 1 59 1
  17              		.cfi_startproc
  60:../src/application/hart0/e51.c ****     MSS_GPIO_set_output(GPIO2_LO, MSS_GPIO_16, 0x1u);
  18              		.loc 1 60 5
  59:../src/application/hart0/e51.c ****     MSS_GPIO_set_output(GPIO2_LO, MSS_GPIO_16, 0x1u);
  19              		.loc 1 59 1 is_stmt 0
  20 0000 4111     		addi	sp,sp,-16
  21              		.cfi_def_cfa_offset 16
  22              		.loc 1 60 5
  23 0002 0546     		li	a2,1
  24 0004 C145     		li	a1,16
  25 0006 37251220 		li	a0,538058752
  59:../src/application/hart0/e51.c ****     MSS_GPIO_set_output(GPIO2_LO, MSS_GPIO_16, 0x1u);
  26              		.loc 1 59 1
  27 000a 06E4     		sd	ra,8(sp)
  28              		.cfi_offset 1, -8
  29              		.loc 1 60 5
  30 000c 97000000 		call	MSS_GPIO_set_output
  30      E7800000 
  31              	.LVL0:
  61:../src/application/hart0/e51.c **** 
  62:../src/application/hart0/e51.c ****     MSS_GPIO_clear_irq(GPIO2_LO, MSS_GPIO_20);
  32              		.loc 1 62 5 is_stmt 1
  33 0014 37251220 		li	a0,538058752
  34 0018 D145     		li	a1,20
  35 001a 97000000 		call	MSS_GPIO_clear_irq
  35      E7800000 
  36              	.LVL1:
  63:../src/application/hart0/e51.c ****     return EXT_IRQ_KEEP_ENABLED;
  37              		.loc 1 63 5
  64:../src/application/hart0/e51.c **** }
  38              		.loc 1 64 1 is_stmt 0
  39 0022 A260     		ld	ra,8(sp)
  40              		.cfi_restore 1
  41 0024 0145     		li	a0,0
  42 0026 4101     		addi	sp,sp,16
  43              		.cfi_def_cfa_offset 0
  44 0028 8280     		jr	ra
  45              		.cfi_endproc
  46              	.LFE27:
  48              		.section	.text.PLIC_gpio1_bit7_or_gpio2_bit21_IRQHandler,"ax",@progbits
  49              		.align	1
  50              		.globl	PLIC_gpio1_bit7_or_gpio2_bit21_IRQHandler
  52              	PLIC_gpio1_bit7_or_gpio2_bit21_IRQHandler:
  53              	.LFB28:
  65:../src/application/hart0/e51.c **** 
  66:../src/application/hart0/e51.c **** 
  67:../src/application/hart0/e51.c **** uint8_t gpio1_bit7_or_gpio2_bit21_plic_21_IRQHandler(void)
  68:../src/application/hart0/e51.c **** {
  54              		.loc 1 68 1 is_stmt 1
  55              		.cfi_startproc
  69:../src/application/hart0/e51.c ****     MSS_GPIO_set_output(GPIO2_LO, MSS_GPIO_17, 0x1u);
  56              		.loc 1 69 5
  68:../src/application/hart0/e51.c ****     MSS_GPIO_set_output(GPIO2_LO, MSS_GPIO_17, 0x1u);
  57              		.loc 1 68 1 is_stmt 0
  58 0000 4111     		addi	sp,sp,-16
  59              		.cfi_def_cfa_offset 16
  60              		.loc 1 69 5
  61 0002 0546     		li	a2,1
  62 0004 C545     		li	a1,17
  63 0006 37251220 		li	a0,538058752
  68:../src/application/hart0/e51.c ****     MSS_GPIO_set_output(GPIO2_LO, MSS_GPIO_17, 0x1u);
  64              		.loc 1 68 1
  65 000a 06E4     		sd	ra,8(sp)
  66              		.cfi_offset 1, -8
  67              		.loc 1 69 5
  68 000c 97000000 		call	MSS_GPIO_set_output
  68      E7800000 
  69              	.LVL2:
  70:../src/application/hart0/e51.c **** 
  71:../src/application/hart0/e51.c ****     MSS_GPIO_clear_irq(GPIO2_LO, MSS_GPIO_21);
  70              		.loc 1 71 5 is_stmt 1
  71 0014 37251220 		li	a0,538058752
  72 0018 D545     		li	a1,21
  73 001a 97000000 		call	MSS_GPIO_clear_irq
  73      E7800000 
  74              	.LVL3:
  72:../src/application/hart0/e51.c ****     return EXT_IRQ_KEEP_ENABLED;
  75              		.loc 1 72 5
  73:../src/application/hart0/e51.c **** }
  76              		.loc 1 73 1 is_stmt 0
  77 0022 A260     		ld	ra,8(sp)
  78              		.cfi_restore 1
  79 0024 0145     		li	a0,0
  80 0026 4101     		addi	sp,sp,16
  81              		.cfi_def_cfa_offset 0
  82 0028 8280     		jr	ra
  83              		.cfi_endproc
  84              	.LFE28:
  86              		.section	.text.PLIC_gpio1_bit8_or_gpio2_bit22_IRQHandler,"ax",@progbits
  87              		.align	1
  88              		.globl	PLIC_gpio1_bit8_or_gpio2_bit22_IRQHandler
  90              	PLIC_gpio1_bit8_or_gpio2_bit22_IRQHandler:
  91              	.LFB29:
  74:../src/application/hart0/e51.c **** 
  75:../src/application/hart0/e51.c **** 
  76:../src/application/hart0/e51.c **** uint8_t gpio1_bit8_or_gpio2_bit22_plic_22_IRQHandler(void)
  77:../src/application/hart0/e51.c **** {
  92              		.loc 1 77 1 is_stmt 1
  93              		.cfi_startproc
  78:../src/application/hart0/e51.c ****     MSS_GPIO_set_output(GPIO2_LO, MSS_GPIO_18, 0x1u);
  94              		.loc 1 78 5
  77:../src/application/hart0/e51.c ****     MSS_GPIO_set_output(GPIO2_LO, MSS_GPIO_18, 0x1u);
  95              		.loc 1 77 1 is_stmt 0
  96 0000 4111     		addi	sp,sp,-16
  97              		.cfi_def_cfa_offset 16
  98              		.loc 1 78 5
  99 0002 0546     		li	a2,1
 100 0004 C945     		li	a1,18
 101 0006 37251220 		li	a0,538058752
  77:../src/application/hart0/e51.c ****     MSS_GPIO_set_output(GPIO2_LO, MSS_GPIO_18, 0x1u);
 102              		.loc 1 77 1
 103 000a 06E4     		sd	ra,8(sp)
 104              		.cfi_offset 1, -8
 105              		.loc 1 78 5
 106 000c 97000000 		call	MSS_GPIO_set_output
 106      E7800000 
 107              	.LVL4:
  79:../src/application/hart0/e51.c ****     MSS_GPIO_clear_irq(GPIO2_LO, MSS_GPIO_22);
 108              		.loc 1 79 5 is_stmt 1
 109 0014 37251220 		li	a0,538058752
 110 0018 D945     		li	a1,22
 111 001a 97000000 		call	MSS_GPIO_clear_irq
 111      E7800000 
 112              	.LVL5:
  80:../src/application/hart0/e51.c ****     return EXT_IRQ_KEEP_ENABLED;
 113              		.loc 1 80 5
  81:../src/application/hart0/e51.c **** }
 114              		.loc 1 81 1 is_stmt 0
 115 0022 A260     		ld	ra,8(sp)
 116              		.cfi_restore 1
 117 0024 0145     		li	a0,0
 118 0026 4101     		addi	sp,sp,16
 119              		.cfi_def_cfa_offset 0
 120 0028 8280     		jr	ra
 121              		.cfi_endproc
 122              	.LFE29:
 124              		.section	.text.PLIC_gpio1_bit9_or_gpio2_bit23_IRQHandler,"ax",@progbits
 125              		.align	1
 126              		.globl	PLIC_gpio1_bit9_or_gpio2_bit23_IRQHandler
 128              	PLIC_gpio1_bit9_or_gpio2_bit23_IRQHandler:
 129              	.LFB30:
  82:../src/application/hart0/e51.c **** 
  83:../src/application/hart0/e51.c **** uint8_t gpio1_bit9_or_gpio2_bit23_plic_23_IRQHandler(void)
  84:../src/application/hart0/e51.c **** {
 130              		.loc 1 84 1 is_stmt 1
 131              		.cfi_startproc
  85:../src/application/hart0/e51.c ****     MSS_GPIO_set_output(GPIO1_LO, MSS_GPIO_23, 0x1u);
 132              		.loc 1 85 5
  84:../src/application/hart0/e51.c ****     MSS_GPIO_set_output(GPIO1_LO, MSS_GPIO_23, 0x1u);
 133              		.loc 1 84 1 is_stmt 0
 134 0000 4111     		addi	sp,sp,-16
 135              		.cfi_def_cfa_offset 16
 136              		.loc 1 85 5
 137 0002 0546     		li	a2,1
 138 0004 DD45     		li	a1,23
 139 0006 37151220 		li	a0,538054656
  84:../src/application/hart0/e51.c ****     MSS_GPIO_set_output(GPIO1_LO, MSS_GPIO_23, 0x1u);
 140              		.loc 1 84 1
 141 000a 06E4     		sd	ra,8(sp)
 142              		.cfi_offset 1, -8
 143              		.loc 1 85 5
 144 000c 97000000 		call	MSS_GPIO_set_output
 144      E7800000 
 145              	.LVL6:
  86:../src/application/hart0/e51.c ****     MSS_GPIO_clear_irq(GPIO2_LO, MSS_GPIO_23);
 146              		.loc 1 86 5 is_stmt 1
 147 0014 37251220 		li	a0,538058752
 148 0018 DD45     		li	a1,23
 149 001a 97000000 		call	MSS_GPIO_clear_irq
 149      E7800000 
 150              	.LVL7:
  87:../src/application/hart0/e51.c ****     return EXT_IRQ_KEEP_ENABLED;
 151              		.loc 1 87 5
  88:../src/application/hart0/e51.c **** }
 152              		.loc 1 88 1 is_stmt 0
 153 0022 A260     		ld	ra,8(sp)
 154              		.cfi_restore 1
 155 0024 0145     		li	a0,0
 156 0026 4101     		addi	sp,sp,16
 157              		.cfi_def_cfa_offset 0
 158 0028 8280     		jr	ra
 159              		.cfi_endproc
 160              	.LFE30:
 162              		.section	.text.e51,"ax",@progbits
 163              		.align	1
 164              		.globl	e51
 166              	e51:
 167              	.LFB31:
  89:../src/application/hart0/e51.c **** 
  90:../src/application/hart0/e51.c **** 
  91:../src/application/hart0/e51.c **** char info_string[200];
  92:../src/application/hart0/e51.c **** 
  93:../src/application/hart0/e51.c **** /* Main function for the HART0(E51 processor).
  94:../src/application/hart0/e51.c ****  * Application code running on HART0 is placed here.
  95:../src/application/hart0/e51.c ****  */
  96:../src/application/hart0/e51.c **** void e51(void)
  97:../src/application/hart0/e51.c **** {
 168              		.loc 1 97 1 is_stmt 1
 169              		.cfi_startproc
  98:../src/application/hart0/e51.c **** 
  99:../src/application/hart0/e51.c ****     clear_soft_interrupt();
 170              		.loc 1 99 5
 171              	.LBB25:
 172              	.LBB26:
 173              		.file 2 "/home/makro/softconsole_2022/led-hdmi-uart-switches/src/platform/mpfs_hal/common/mss_clin
   1:/home/makro/softconsole_2022/led-hdmi-uart-switches/src/platform/mpfs_hal/common/mss_clint.h **** /*******************************************************************************
   2:/home/makro/softconsole_2022/led-hdmi-uart-switches/src/platform/mpfs_hal/common/mss_clint.h ****  * Copyright 2019-2022 Microchip FPGA Embedded Systems Solutions.
   3:/home/makro/softconsole_2022/led-hdmi-uart-switches/src/platform/mpfs_hal/common/mss_clint.h ****  *
   4:/home/makro/softconsole_2022/led-hdmi-uart-switches/src/platform/mpfs_hal/common/mss_clint.h ****  * SPDX-License-Identifier: MIT
   5:/home/makro/softconsole_2022/led-hdmi-uart-switches/src/platform/mpfs_hal/common/mss_clint.h ****  *
   6:/home/makro/softconsole_2022/led-hdmi-uart-switches/src/platform/mpfs_hal/common/mss_clint.h ****  * MPFS HAL Embedded Software
   7:/home/makro/softconsole_2022/led-hdmi-uart-switches/src/platform/mpfs_hal/common/mss_clint.h ****  *
   8:/home/makro/softconsole_2022/led-hdmi-uart-switches/src/platform/mpfs_hal/common/mss_clint.h ****  */
   9:/home/makro/softconsole_2022/led-hdmi-uart-switches/src/platform/mpfs_hal/common/mss_clint.h **** 
  10:/home/makro/softconsole_2022/led-hdmi-uart-switches/src/platform/mpfs_hal/common/mss_clint.h **** /*******************************************************************************
  11:/home/makro/softconsole_2022/led-hdmi-uart-switches/src/platform/mpfs_hal/common/mss_clint.h ****  *
  12:/home/makro/softconsole_2022/led-hdmi-uart-switches/src/platform/mpfs_hal/common/mss_clint.h ****  * @file mss_clint.h
  13:/home/makro/softconsole_2022/led-hdmi-uart-switches/src/platform/mpfs_hal/common/mss_clint.h ****  * @author Microchip-FPGA Embedded Systems Solutions
  14:/home/makro/softconsole_2022/led-hdmi-uart-switches/src/platform/mpfs_hal/common/mss_clint.h ****  * @brief CLINT access data structures and functions.
  15:/home/makro/softconsole_2022/led-hdmi-uart-switches/src/platform/mpfs_hal/common/mss_clint.h ****  *
  16:/home/makro/softconsole_2022/led-hdmi-uart-switches/src/platform/mpfs_hal/common/mss_clint.h ****  */
  17:/home/makro/softconsole_2022/led-hdmi-uart-switches/src/platform/mpfs_hal/common/mss_clint.h **** #ifndef MSS_CLINT_H
  18:/home/makro/softconsole_2022/led-hdmi-uart-switches/src/platform/mpfs_hal/common/mss_clint.h **** #define MSS_CLINT_H
  19:/home/makro/softconsole_2022/led-hdmi-uart-switches/src/platform/mpfs_hal/common/mss_clint.h **** 
  20:/home/makro/softconsole_2022/led-hdmi-uart-switches/src/platform/mpfs_hal/common/mss_clint.h **** #include <stdint.h>
  21:/home/makro/softconsole_2022/led-hdmi-uart-switches/src/platform/mpfs_hal/common/mss_clint.h **** #include "encoding.h"
  22:/home/makro/softconsole_2022/led-hdmi-uart-switches/src/platform/mpfs_hal/common/mss_clint.h **** #include "atomic.h"
  23:/home/makro/softconsole_2022/led-hdmi-uart-switches/src/platform/mpfs_hal/common/mss_clint.h **** 
  24:/home/makro/softconsole_2022/led-hdmi-uart-switches/src/platform/mpfs_hal/common/mss_clint.h **** #ifdef __cplusplus
  25:/home/makro/softconsole_2022/led-hdmi-uart-switches/src/platform/mpfs_hal/common/mss_clint.h **** extern "C" {
  26:/home/makro/softconsole_2022/led-hdmi-uart-switches/src/platform/mpfs_hal/common/mss_clint.h **** #endif
  27:/home/makro/softconsole_2022/led-hdmi-uart-switches/src/platform/mpfs_hal/common/mss_clint.h **** 
  28:/home/makro/softconsole_2022/led-hdmi-uart-switches/src/platform/mpfs_hal/common/mss_clint.h **** #define RTC_PRESCALER 100U
  29:/home/makro/softconsole_2022/led-hdmi-uart-switches/src/platform/mpfs_hal/common/mss_clint.h **** #define SUCCESS 0U
  30:/home/makro/softconsole_2022/led-hdmi-uart-switches/src/platform/mpfs_hal/common/mss_clint.h **** #define ERROR   1U
  31:/home/makro/softconsole_2022/led-hdmi-uart-switches/src/platform/mpfs_hal/common/mss_clint.h **** 
  32:/home/makro/softconsole_2022/led-hdmi-uart-switches/src/platform/mpfs_hal/common/mss_clint.h **** 
  33:/home/makro/softconsole_2022/led-hdmi-uart-switches/src/platform/mpfs_hal/common/mss_clint.h **** /*==============================================================================
  34:/home/makro/softconsole_2022/led-hdmi-uart-switches/src/platform/mpfs_hal/common/mss_clint.h ****  * CLINT: Core Local Interrupter
  35:/home/makro/softconsole_2022/led-hdmi-uart-switches/src/platform/mpfs_hal/common/mss_clint.h ****  */
  36:/home/makro/softconsole_2022/led-hdmi-uart-switches/src/platform/mpfs_hal/common/mss_clint.h **** typedef struct CLINT_Type_t
  37:/home/makro/softconsole_2022/led-hdmi-uart-switches/src/platform/mpfs_hal/common/mss_clint.h **** {
  38:/home/makro/softconsole_2022/led-hdmi-uart-switches/src/platform/mpfs_hal/common/mss_clint.h ****     volatile uint32_t MSIP[5];
  39:/home/makro/softconsole_2022/led-hdmi-uart-switches/src/platform/mpfs_hal/common/mss_clint.h ****     volatile uint32_t reserved1[(0x4000U - 0x14U)/4U];
  40:/home/makro/softconsole_2022/led-hdmi-uart-switches/src/platform/mpfs_hal/common/mss_clint.h ****     volatile uint64_t MTIMECMP[5];  /* mtime compare value for each hart. When mtime equals this va
  41:/home/makro/softconsole_2022/led-hdmi-uart-switches/src/platform/mpfs_hal/common/mss_clint.h ****     volatile uint32_t reserved2[((0xbff8U - 0x4028U)/4U)];
  42:/home/makro/softconsole_2022/led-hdmi-uart-switches/src/platform/mpfs_hal/common/mss_clint.h ****     volatile uint64_t MTIME;    /* contains the current mtime value */
  43:/home/makro/softconsole_2022/led-hdmi-uart-switches/src/platform/mpfs_hal/common/mss_clint.h **** } CLINT_Type;
  44:/home/makro/softconsole_2022/led-hdmi-uart-switches/src/platform/mpfs_hal/common/mss_clint.h **** 
  45:/home/makro/softconsole_2022/led-hdmi-uart-switches/src/platform/mpfs_hal/common/mss_clint.h **** #define CLINT    ((CLINT_Type *)CLINT_BASE)
  46:/home/makro/softconsole_2022/led-hdmi-uart-switches/src/platform/mpfs_hal/common/mss_clint.h **** 
  47:/home/makro/softconsole_2022/led-hdmi-uart-switches/src/platform/mpfs_hal/common/mss_clint.h **** 
  48:/home/makro/softconsole_2022/led-hdmi-uart-switches/src/platform/mpfs_hal/common/mss_clint.h **** /*==============================================================================
  49:/home/makro/softconsole_2022/led-hdmi-uart-switches/src/platform/mpfs_hal/common/mss_clint.h ****  * The function raise_soft_interrupt() raises a synchronous software interrupt by
  50:/home/makro/softconsole_2022/led-hdmi-uart-switches/src/platform/mpfs_hal/common/mss_clint.h ****  * writing into the MSIP register.
  51:/home/makro/softconsole_2022/led-hdmi-uart-switches/src/platform/mpfs_hal/common/mss_clint.h ****  */
  52:/home/makro/softconsole_2022/led-hdmi-uart-switches/src/platform/mpfs_hal/common/mss_clint.h **** static inline void raise_soft_interrupt(unsigned long hart_id)
  53:/home/makro/softconsole_2022/led-hdmi-uart-switches/src/platform/mpfs_hal/common/mss_clint.h **** {
  54:/home/makro/softconsole_2022/led-hdmi-uart-switches/src/platform/mpfs_hal/common/mss_clint.h ****     /*You need to make sure that the global interrupt is enabled*/
  55:/home/makro/softconsole_2022/led-hdmi-uart-switches/src/platform/mpfs_hal/common/mss_clint.h ****     /*Note:  set_csr(mie, MIP_MSIP) needs to be set on hart you are setting sw interrupt */
  56:/home/makro/softconsole_2022/led-hdmi-uart-switches/src/platform/mpfs_hal/common/mss_clint.h ****     CLINT->MSIP[hart_id] = 0x01U;   /*raise soft interrupt for hart(x) where x== hart ID*/
  57:/home/makro/softconsole_2022/led-hdmi-uart-switches/src/platform/mpfs_hal/common/mss_clint.h ****     mb();
  58:/home/makro/softconsole_2022/led-hdmi-uart-switches/src/platform/mpfs_hal/common/mss_clint.h **** }
  59:/home/makro/softconsole_2022/led-hdmi-uart-switches/src/platform/mpfs_hal/common/mss_clint.h **** 
  60:/home/makro/softconsole_2022/led-hdmi-uart-switches/src/platform/mpfs_hal/common/mss_clint.h **** /*==============================================================================
  61:/home/makro/softconsole_2022/led-hdmi-uart-switches/src/platform/mpfs_hal/common/mss_clint.h ****  * The function clear_soft_interrupt() clears a synchronous software interrupt by
  62:/home/makro/softconsole_2022/led-hdmi-uart-switches/src/platform/mpfs_hal/common/mss_clint.h ****  * clearing the MSIP register.
  63:/home/makro/softconsole_2022/led-hdmi-uart-switches/src/platform/mpfs_hal/common/mss_clint.h ****  */
  64:/home/makro/softconsole_2022/led-hdmi-uart-switches/src/platform/mpfs_hal/common/mss_clint.h **** static inline void clear_soft_interrupt(void)
  65:/home/makro/softconsole_2022/led-hdmi-uart-switches/src/platform/mpfs_hal/common/mss_clint.h **** {
  66:/home/makro/softconsole_2022/led-hdmi-uart-switches/src/platform/mpfs_hal/common/mss_clint.h ****     volatile uint32_t reg;
 174              		.loc 2 66 5
  67:/home/makro/softconsole_2022/led-hdmi-uart-switches/src/platform/mpfs_hal/common/mss_clint.h ****     uint64_t hart_id = read_csr(mhartid);
 175              		.loc 2 67 5
 176              	.LBB27:
 177              		.loc 2 67 24
 178              		.loc 2 67 24
 179              	.LBE27:
 180              	.LBE26:
 181              	.LBE25:
  97:../src/application/hart0/e51.c **** 
 182              		.loc 1 97 1 is_stmt 0
 183 0000 3971     		addi	sp,sp,-64
 184              		.cfi_def_cfa_offset 64
 185 0002 06FC     		sd	ra,56(sp)
 186 0004 22F8     		sd	s0,48(sp)
 187 0006 26F4     		sd	s1,40(sp)
 188 0008 4AF0     		sd	s2,32(sp)
 189 000a 4EEC     		sd	s3,24(sp)
 190 000c 52E8     		sd	s4,16(sp)
 191              		.cfi_offset 1, -8
 192              		.cfi_offset 8, -16
 193              		.cfi_offset 9, -24
 194              		.cfi_offset 18, -32
 195              		.cfi_offset 19, -40
 196              		.cfi_offset 20, -48
 197              	.LBB30:
 198              	.LBB29:
 199              	.LBB28:
 200              		.loc 2 67 24
 201              	 #APP
 202              	# 67 "/home/makro/softconsole_2022/led-hdmi-uart-switches/src/platform/mpfs_hal/common/mss_clint.h"
  68              	    CLINT->MSIP[hart_id] = 0x00U;   /*clear soft interrupt for hart0*/
 203              		csrr a5, mhartid
 204              	# 0 "" 2
 205              	.LVL8:
  67:/home/makro/softconsole_2022/led-hdmi-uart-switches/src/platform/mpfs_hal/common/mss_clint.h ****     uint64_t hart_id = read_csr(mhartid);
 206              		.loc 2 67 24 is_stmt 1
 207              	 #NO_APP
 208              	.LBE28:
 209              		.loc 2 68 5
 210 0012 13972700 		slli	a4,a5,2
 211 0016 B7070002 		li	a5,33554432
 212              	.LVL9:
 213 001a BA97     		add	a5,a5,a4
 214              		.loc 2 68 26 is_stmt 0
 215 001c 23A00700 		sw	zero,0(a5)
  69:/home/makro/softconsole_2022/led-hdmi-uart-switches/src/platform/mpfs_hal/common/mss_clint.h ****     reg = CLINT->MSIP[hart_id];     /* we read back to make sure it has been written before moving 
 216              		.loc 2 69 5 is_stmt 1
 217              		.loc 2 69 22 is_stmt 0
 218 0020 9C43     		lw	a5,0(a5)
 219 0022 8127     		sext.w	a5,a5
 220              		.loc 2 69 9
 221 0024 3EC6     		sw	a5,12(sp)
  70:/home/makro/softconsole_2022/led-hdmi-uart-switches/src/platform/mpfs_hal/common/mss_clint.h ****                                     /* todo: verify line above guaranteed and best way to achieve r
  71:/home/makro/softconsole_2022/led-hdmi-uart-switches/src/platform/mpfs_hal/common/mss_clint.h ****     (void)reg;                      /* use reg to avoid compiler warning */
 222              		.loc 2 71 5 is_stmt 1
 223 0026 B247     		lw	a5,12(sp)
 224              	.LBE29:
 225              	.LBE30:
 100:../src/application/hart0/e51.c ****     PLIC_init();
 226              		.loc 1 100 5
 227              	.LBB31:
 228              	.LBB32:
 229              		.file 3 "/home/makro/softconsole_2022/led-hdmi-uart-switches/src/platform/mpfs_hal/common/mss_plic
   1:/home/makro/softconsole_2022/led-hdmi-uart-switches/src/platform/mpfs_hal/common/mss_plic.h **** /*******************************************************************************
   2:/home/makro/softconsole_2022/led-hdmi-uart-switches/src/platform/mpfs_hal/common/mss_plic.h ****  * Copyright 2019-2022 Microchip FPGA Embedded Systems Solutions.
   3:/home/makro/softconsole_2022/led-hdmi-uart-switches/src/platform/mpfs_hal/common/mss_plic.h ****  *
   4:/home/makro/softconsole_2022/led-hdmi-uart-switches/src/platform/mpfs_hal/common/mss_plic.h ****  * SPDX-License-Identifier: MIT
   5:/home/makro/softconsole_2022/led-hdmi-uart-switches/src/platform/mpfs_hal/common/mss_plic.h ****  *
   6:/home/makro/softconsole_2022/led-hdmi-uart-switches/src/platform/mpfs_hal/common/mss_plic.h ****  * MPFS HAL Embedded Software
   7:/home/makro/softconsole_2022/led-hdmi-uart-switches/src/platform/mpfs_hal/common/mss_plic.h ****  *
   8:/home/makro/softconsole_2022/led-hdmi-uart-switches/src/platform/mpfs_hal/common/mss_plic.h ****  */
   9:/home/makro/softconsole_2022/led-hdmi-uart-switches/src/platform/mpfs_hal/common/mss_plic.h **** 
  10:/home/makro/softconsole_2022/led-hdmi-uart-switches/src/platform/mpfs_hal/common/mss_plic.h **** /*******************************************************************************
  11:/home/makro/softconsole_2022/led-hdmi-uart-switches/src/platform/mpfs_hal/common/mss_plic.h ****  *
  12:/home/makro/softconsole_2022/led-hdmi-uart-switches/src/platform/mpfs_hal/common/mss_plic.h ****  * @file mss_plic.h
  13:/home/makro/softconsole_2022/led-hdmi-uart-switches/src/platform/mpfs_hal/common/mss_plic.h ****  * @author Microchip-FPGA Embedded Systems Solutions
  14:/home/makro/softconsole_2022/led-hdmi-uart-switches/src/platform/mpfs_hal/common/mss_plic.h ****  * @brief PolarFire SoC MSS PLIC and PRCI access data structures and functions.
  15:/home/makro/softconsole_2022/led-hdmi-uart-switches/src/platform/mpfs_hal/common/mss_plic.h ****  *
  16:/home/makro/softconsole_2022/led-hdmi-uart-switches/src/platform/mpfs_hal/common/mss_plic.h ****  * Definitions and functions associated with PLIC interrupts.
  17:/home/makro/softconsole_2022/led-hdmi-uart-switches/src/platform/mpfs_hal/common/mss_plic.h ****  *
  18:/home/makro/softconsole_2022/led-hdmi-uart-switches/src/platform/mpfs_hal/common/mss_plic.h ****  */
  19:/home/makro/softconsole_2022/led-hdmi-uart-switches/src/platform/mpfs_hal/common/mss_plic.h **** #ifndef MSS_PLIC_H
  20:/home/makro/softconsole_2022/led-hdmi-uart-switches/src/platform/mpfs_hal/common/mss_plic.h **** #define MSS_PLIC_H
  21:/home/makro/softconsole_2022/led-hdmi-uart-switches/src/platform/mpfs_hal/common/mss_plic.h **** 
  22:/home/makro/softconsole_2022/led-hdmi-uart-switches/src/platform/mpfs_hal/common/mss_plic.h **** #include <stdint.h>
  23:/home/makro/softconsole_2022/led-hdmi-uart-switches/src/platform/mpfs_hal/common/mss_plic.h **** #ifndef CONFIG_OPENSBI
  24:/home/makro/softconsole_2022/led-hdmi-uart-switches/src/platform/mpfs_hal/common/mss_plic.h **** #include "encoding.h"
  25:/home/makro/softconsole_2022/led-hdmi-uart-switches/src/platform/mpfs_hal/common/mss_plic.h **** #endif
  26:/home/makro/softconsole_2022/led-hdmi-uart-switches/src/platform/mpfs_hal/common/mss_plic.h **** 
  27:/home/makro/softconsole_2022/led-hdmi-uart-switches/src/platform/mpfs_hal/common/mss_plic.h **** #include "mss_assert.h"
  28:/home/makro/softconsole_2022/led-hdmi-uart-switches/src/platform/mpfs_hal/common/mss_plic.h **** 
  29:/home/makro/softconsole_2022/led-hdmi-uart-switches/src/platform/mpfs_hal/common/mss_plic.h **** #ifdef __cplusplus
  30:/home/makro/softconsole_2022/led-hdmi-uart-switches/src/platform/mpfs_hal/common/mss_plic.h **** extern "C" {
  31:/home/makro/softconsole_2022/led-hdmi-uart-switches/src/platform/mpfs_hal/common/mss_plic.h **** #endif
  32:/home/makro/softconsole_2022/led-hdmi-uart-switches/src/platform/mpfs_hal/common/mss_plic.h **** 
  33:/home/makro/softconsole_2022/led-hdmi-uart-switches/src/platform/mpfs_hal/common/mss_plic.h **** /*
  34:/home/makro/softconsole_2022/led-hdmi-uart-switches/src/platform/mpfs_hal/common/mss_plic.h ****  *Return value from External IRQ handler. This will be used to disable the
  35:/home/makro/softconsole_2022/led-hdmi-uart-switches/src/platform/mpfs_hal/common/mss_plic.h ****  *Return External interrupt.
  36:/home/makro/softconsole_2022/led-hdmi-uart-switches/src/platform/mpfs_hal/common/mss_plic.h ****  */
  37:/home/makro/softconsole_2022/led-hdmi-uart-switches/src/platform/mpfs_hal/common/mss_plic.h **** #define EXT_IRQ_KEEP_ENABLED                                0U
  38:/home/makro/softconsole_2022/led-hdmi-uart-switches/src/platform/mpfs_hal/common/mss_plic.h **** #define EXT_IRQ_DISABLE                                     1U
  39:/home/makro/softconsole_2022/led-hdmi-uart-switches/src/platform/mpfs_hal/common/mss_plic.h **** 
  40:/home/makro/softconsole_2022/led-hdmi-uart-switches/src/platform/mpfs_hal/common/mss_plic.h **** /*------------------------------------------------------------------------------
  41:/home/makro/softconsole_2022/led-hdmi-uart-switches/src/platform/mpfs_hal/common/mss_plic.h ****  *
  42:/home/makro/softconsole_2022/led-hdmi-uart-switches/src/platform/mpfs_hal/common/mss_plic.h ****  */
  43:/home/makro/softconsole_2022/led-hdmi-uart-switches/src/platform/mpfs_hal/common/mss_plic.h **** uint8_t  PLIC_Invalid_IRQHandler(void);
  44:/home/makro/softconsole_2022/led-hdmi-uart-switches/src/platform/mpfs_hal/common/mss_plic.h **** uint8_t  PLIC_l2_metadata_corr_IRQHandler(void);
  45:/home/makro/softconsole_2022/led-hdmi-uart-switches/src/platform/mpfs_hal/common/mss_plic.h **** uint8_t  PLIC_l2_metadata_uncorr_IRQHandler(void);
  46:/home/makro/softconsole_2022/led-hdmi-uart-switches/src/platform/mpfs_hal/common/mss_plic.h **** uint8_t  PLIC_l2_data_corr_IRQHandler(void);
  47:/home/makro/softconsole_2022/led-hdmi-uart-switches/src/platform/mpfs_hal/common/mss_plic.h **** uint8_t  PLIC_l2_data_uncorr_IRQHandler(void);
  48:/home/makro/softconsole_2022/led-hdmi-uart-switches/src/platform/mpfs_hal/common/mss_plic.h **** uint8_t  PLIC_dma_ch0_DONE_IRQHandler(void);
  49:/home/makro/softconsole_2022/led-hdmi-uart-switches/src/platform/mpfs_hal/common/mss_plic.h **** uint8_t  PLIC_dma_ch0_ERR_IRQHandler(void);
  50:/home/makro/softconsole_2022/led-hdmi-uart-switches/src/platform/mpfs_hal/common/mss_plic.h **** uint8_t  PLIC_dma_ch1_DONE_IRQHandler(void);
  51:/home/makro/softconsole_2022/led-hdmi-uart-switches/src/platform/mpfs_hal/common/mss_plic.h **** uint8_t  PLIC_dma_ch1_ERR_IRQHandler(void);
  52:/home/makro/softconsole_2022/led-hdmi-uart-switches/src/platform/mpfs_hal/common/mss_plic.h **** uint8_t  PLIC_dma_ch2_DONE_IRQHandler(void);
  53:/home/makro/softconsole_2022/led-hdmi-uart-switches/src/platform/mpfs_hal/common/mss_plic.h **** uint8_t  PLIC_dma_ch2_ERR_IRQHandler(void);
  54:/home/makro/softconsole_2022/led-hdmi-uart-switches/src/platform/mpfs_hal/common/mss_plic.h **** uint8_t  PLIC_dma_ch3_DONE_IRQHandler(void);
  55:/home/makro/softconsole_2022/led-hdmi-uart-switches/src/platform/mpfs_hal/common/mss_plic.h **** uint8_t  PLIC_dma_ch3_ERR_IRQHandler(void);
  56:/home/makro/softconsole_2022/led-hdmi-uart-switches/src/platform/mpfs_hal/common/mss_plic.h **** uint8_t  PLIC_gpio0_bit0_or_gpio2_bit13_IRQHandler(void);
  57:/home/makro/softconsole_2022/led-hdmi-uart-switches/src/platform/mpfs_hal/common/mss_plic.h **** uint8_t  PLIC_gpio0_bit1_or_gpio2_bit13_IRQHandler(void);
  58:/home/makro/softconsole_2022/led-hdmi-uart-switches/src/platform/mpfs_hal/common/mss_plic.h **** uint8_t  PLIC_gpio0_bit2_or_gpio2_bit13_IRQHandler(void);
  59:/home/makro/softconsole_2022/led-hdmi-uart-switches/src/platform/mpfs_hal/common/mss_plic.h **** uint8_t  PLIC_gpio0_bit3_or_gpio2_bit13_IRQHandler(void);
  60:/home/makro/softconsole_2022/led-hdmi-uart-switches/src/platform/mpfs_hal/common/mss_plic.h **** uint8_t  PLIC_gpio0_bit4_or_gpio2_bit13_IRQHandler(void);
  61:/home/makro/softconsole_2022/led-hdmi-uart-switches/src/platform/mpfs_hal/common/mss_plic.h **** uint8_t  PLIC_gpio0_bit5_or_gpio2_bit13_IRQHandler(void);
  62:/home/makro/softconsole_2022/led-hdmi-uart-switches/src/platform/mpfs_hal/common/mss_plic.h **** uint8_t  PLIC_gpio0_bit6_or_gpio2_bit13_IRQHandler(void);
  63:/home/makro/softconsole_2022/led-hdmi-uart-switches/src/platform/mpfs_hal/common/mss_plic.h **** uint8_t  PLIC_gpio0_bit7_or_gpio2_bit13_IRQHandler(void);
  64:/home/makro/softconsole_2022/led-hdmi-uart-switches/src/platform/mpfs_hal/common/mss_plic.h **** uint8_t  PLIC_gpio0_bit8_or_gpio2_bit13_IRQHandler(void);
  65:/home/makro/softconsole_2022/led-hdmi-uart-switches/src/platform/mpfs_hal/common/mss_plic.h **** uint8_t  PLIC_gpio0_bit9_or_gpio2_bit13_IRQHandler(void);
  66:/home/makro/softconsole_2022/led-hdmi-uart-switches/src/platform/mpfs_hal/common/mss_plic.h **** uint8_t  PLIC_gpio0_bit10_or_gpio2_bit13_IRQHandler(void);
  67:/home/makro/softconsole_2022/led-hdmi-uart-switches/src/platform/mpfs_hal/common/mss_plic.h **** uint8_t  PLIC_gpio0_bit11_or_gpio2_bit13_IRQHandler(void);
  68:/home/makro/softconsole_2022/led-hdmi-uart-switches/src/platform/mpfs_hal/common/mss_plic.h **** uint8_t  PLIC_gpio0_bit12_or_gpio2_bit13_IRQHandler(void);
  69:/home/makro/softconsole_2022/led-hdmi-uart-switches/src/platform/mpfs_hal/common/mss_plic.h **** 
  70:/home/makro/softconsole_2022/led-hdmi-uart-switches/src/platform/mpfs_hal/common/mss_plic.h **** uint8_t  PLIC_gpio0_bit13_or_gpio2_bit13_IRQHandler(void);
  71:/home/makro/softconsole_2022/led-hdmi-uart-switches/src/platform/mpfs_hal/common/mss_plic.h **** uint8_t  PLIC_gpio1_bit0_or_gpio2_bit14_IRQHandler(void);
  72:/home/makro/softconsole_2022/led-hdmi-uart-switches/src/platform/mpfs_hal/common/mss_plic.h **** uint8_t  PLIC_gpio1_bit1_or_gpio2_bit15_IRQHandler(void);
  73:/home/makro/softconsole_2022/led-hdmi-uart-switches/src/platform/mpfs_hal/common/mss_plic.h **** uint8_t  PLIC_gpio1_bit2_or_gpio2_bit16_IRQHandler(void);
  74:/home/makro/softconsole_2022/led-hdmi-uart-switches/src/platform/mpfs_hal/common/mss_plic.h **** uint8_t  PLIC_gpio1_bit3_or_gpio2_bit17_IRQHandler(void);
  75:/home/makro/softconsole_2022/led-hdmi-uart-switches/src/platform/mpfs_hal/common/mss_plic.h **** uint8_t  PLIC_gpio1_bit4_or_gpio2_bit18_IRQHandler(void);
  76:/home/makro/softconsole_2022/led-hdmi-uart-switches/src/platform/mpfs_hal/common/mss_plic.h **** uint8_t  PLIC_gpio1_bit5_or_gpio2_bit19_IRQHandler(void);
  77:/home/makro/softconsole_2022/led-hdmi-uart-switches/src/platform/mpfs_hal/common/mss_plic.h **** uint8_t  PLIC_gpio1_bit6_or_gpio2_bit20_IRQHandler(void);
  78:/home/makro/softconsole_2022/led-hdmi-uart-switches/src/platform/mpfs_hal/common/mss_plic.h **** uint8_t  PLIC_gpio1_bit7_or_gpio2_bit21_IRQHandler(void);
  79:/home/makro/softconsole_2022/led-hdmi-uart-switches/src/platform/mpfs_hal/common/mss_plic.h **** uint8_t  PLIC_gpio1_bit8_or_gpio2_bit22_IRQHandler(void);
  80:/home/makro/softconsole_2022/led-hdmi-uart-switches/src/platform/mpfs_hal/common/mss_plic.h **** uint8_t  PLIC_gpio1_bit9_or_gpio2_bit23_IRQHandler(void);
  81:/home/makro/softconsole_2022/led-hdmi-uart-switches/src/platform/mpfs_hal/common/mss_plic.h **** uint8_t  PLIC_gpio1_bit10_or_gpio2_bit24_IRQHandler(void);
  82:/home/makro/softconsole_2022/led-hdmi-uart-switches/src/platform/mpfs_hal/common/mss_plic.h **** uint8_t  PLIC_gpio1_bit11_or_gpio2_bit25_IRQHandler(void);
  83:/home/makro/softconsole_2022/led-hdmi-uart-switches/src/platform/mpfs_hal/common/mss_plic.h **** uint8_t  PLIC_gpio1_bit12_or_gpio2_bit26_IRQHandler(void);
  84:/home/makro/softconsole_2022/led-hdmi-uart-switches/src/platform/mpfs_hal/common/mss_plic.h **** uint8_t  PLIC_gpio1_bit13_or_gpio2_bit27_IRQHandler(void);
  85:/home/makro/softconsole_2022/led-hdmi-uart-switches/src/platform/mpfs_hal/common/mss_plic.h **** 
  86:/home/makro/softconsole_2022/led-hdmi-uart-switches/src/platform/mpfs_hal/common/mss_plic.h **** uint8_t  PLIC_gpio1_bit14_or_gpio2_bit28_IRQHandler(void);
  87:/home/makro/softconsole_2022/led-hdmi-uart-switches/src/platform/mpfs_hal/common/mss_plic.h **** uint8_t  PLIC_gpio1_bit15_or_gpio2_bit29_IRQHandler(void);
  88:/home/makro/softconsole_2022/led-hdmi-uart-switches/src/platform/mpfs_hal/common/mss_plic.h **** uint8_t  PLIC_gpio1_bit16_or_gpio2_bit30_IRQHandler(void);
  89:/home/makro/softconsole_2022/led-hdmi-uart-switches/src/platform/mpfs_hal/common/mss_plic.h **** uint8_t  PLIC_gpio1_bit17_or_gpio2_bit31_IRQHandler(void);
  90:/home/makro/softconsole_2022/led-hdmi-uart-switches/src/platform/mpfs_hal/common/mss_plic.h **** 
  91:/home/makro/softconsole_2022/led-hdmi-uart-switches/src/platform/mpfs_hal/common/mss_plic.h **** uint8_t  PLIC_gpio1_bit18_IRQHandler(void);
  92:/home/makro/softconsole_2022/led-hdmi-uart-switches/src/platform/mpfs_hal/common/mss_plic.h **** uint8_t  PLIC_gpio1_bit19_IRQHandler(void);
  93:/home/makro/softconsole_2022/led-hdmi-uart-switches/src/platform/mpfs_hal/common/mss_plic.h **** uint8_t  PLIC_gpio1_bit20_IRQHandler(void);
  94:/home/makro/softconsole_2022/led-hdmi-uart-switches/src/platform/mpfs_hal/common/mss_plic.h **** uint8_t  PLIC_gpio1_bit21_IRQHandler(void);
  95:/home/makro/softconsole_2022/led-hdmi-uart-switches/src/platform/mpfs_hal/common/mss_plic.h **** uint8_t  PLIC_gpio1_bit22_IRQHandler(void);
  96:/home/makro/softconsole_2022/led-hdmi-uart-switches/src/platform/mpfs_hal/common/mss_plic.h **** uint8_t  PLIC_gpio1_bit23_IRQHandler(void);
  97:/home/makro/softconsole_2022/led-hdmi-uart-switches/src/platform/mpfs_hal/common/mss_plic.h **** 
  98:/home/makro/softconsole_2022/led-hdmi-uart-switches/src/platform/mpfs_hal/common/mss_plic.h **** uint8_t  PLIC_gpio0_non_direct_IRQHandler(void);
  99:/home/makro/softconsole_2022/led-hdmi-uart-switches/src/platform/mpfs_hal/common/mss_plic.h **** uint8_t  PLIC_gpio1_non_direct_IRQHandler(void);
 100:/home/makro/softconsole_2022/led-hdmi-uart-switches/src/platform/mpfs_hal/common/mss_plic.h **** uint8_t  PLIC_gpio2_non_direct_IRQHandler(void);
 101:/home/makro/softconsole_2022/led-hdmi-uart-switches/src/platform/mpfs_hal/common/mss_plic.h **** 
 102:/home/makro/softconsole_2022/led-hdmi-uart-switches/src/platform/mpfs_hal/common/mss_plic.h **** uint8_t  PLIC_spi0_IRQHandler(void);
 103:/home/makro/softconsole_2022/led-hdmi-uart-switches/src/platform/mpfs_hal/common/mss_plic.h **** uint8_t  PLIC_spi1_IRQHandler(void);
 104:/home/makro/softconsole_2022/led-hdmi-uart-switches/src/platform/mpfs_hal/common/mss_plic.h **** uint8_t  PLIC_external_can0_IRQHandler(void);
 105:/home/makro/softconsole_2022/led-hdmi-uart-switches/src/platform/mpfs_hal/common/mss_plic.h **** uint8_t  PLIC_can1_IRQHandler(void);
 106:/home/makro/softconsole_2022/led-hdmi-uart-switches/src/platform/mpfs_hal/common/mss_plic.h **** uint8_t  PLIC_External_i2c0_main_IRQHandler(void);
 107:/home/makro/softconsole_2022/led-hdmi-uart-switches/src/platform/mpfs_hal/common/mss_plic.h **** uint8_t  PLIC_External_i2c0_alert_IRQHandler(void);
 108:/home/makro/softconsole_2022/led-hdmi-uart-switches/src/platform/mpfs_hal/common/mss_plic.h **** uint8_t  PLIC_i2c0_sus_IRQHandler(void);
 109:/home/makro/softconsole_2022/led-hdmi-uart-switches/src/platform/mpfs_hal/common/mss_plic.h **** uint8_t  PLIC_i2c1_main_IRQHandler(void);
 110:/home/makro/softconsole_2022/led-hdmi-uart-switches/src/platform/mpfs_hal/common/mss_plic.h **** uint8_t  PLIC_i2c1_alert_IRQHandler(void);
 111:/home/makro/softconsole_2022/led-hdmi-uart-switches/src/platform/mpfs_hal/common/mss_plic.h **** uint8_t  PLIC_i2c1_sus_IRQHandler(void);
 112:/home/makro/softconsole_2022/led-hdmi-uart-switches/src/platform/mpfs_hal/common/mss_plic.h **** uint8_t  PLIC_mac0_int_IRQHandler(void);
 113:/home/makro/softconsole_2022/led-hdmi-uart-switches/src/platform/mpfs_hal/common/mss_plic.h **** uint8_t  PLIC_mac0_queue1_IRQHandler(void);
 114:/home/makro/softconsole_2022/led-hdmi-uart-switches/src/platform/mpfs_hal/common/mss_plic.h **** uint8_t  PLIC_mac0_queue2_IRQHandler(void);
 115:/home/makro/softconsole_2022/led-hdmi-uart-switches/src/platform/mpfs_hal/common/mss_plic.h **** uint8_t  PLIC_mac0_queue3_IRQHandler(void);
 116:/home/makro/softconsole_2022/led-hdmi-uart-switches/src/platform/mpfs_hal/common/mss_plic.h **** uint8_t  PLIC_mac0_emac_IRQHandler(void);
 117:/home/makro/softconsole_2022/led-hdmi-uart-switches/src/platform/mpfs_hal/common/mss_plic.h **** uint8_t  PLIC_mac0_mmsl_IRQHandler(void);
 118:/home/makro/softconsole_2022/led-hdmi-uart-switches/src/platform/mpfs_hal/common/mss_plic.h **** uint8_t  PLIC_mac1_int_IRQHandler(void);
 119:/home/makro/softconsole_2022/led-hdmi-uart-switches/src/platform/mpfs_hal/common/mss_plic.h **** uint8_t  PLIC_mac1_queue1_IRQHandler(void);
 120:/home/makro/softconsole_2022/led-hdmi-uart-switches/src/platform/mpfs_hal/common/mss_plic.h **** uint8_t  PLIC_mac1_queue2_IRQHandler(void);
 121:/home/makro/softconsole_2022/led-hdmi-uart-switches/src/platform/mpfs_hal/common/mss_plic.h **** uint8_t  PLIC_mac1_queue3_IRQHandler(void);
 122:/home/makro/softconsole_2022/led-hdmi-uart-switches/src/platform/mpfs_hal/common/mss_plic.h **** uint8_t  PLIC_mac1_emac_IRQHandler(void);
 123:/home/makro/softconsole_2022/led-hdmi-uart-switches/src/platform/mpfs_hal/common/mss_plic.h **** uint8_t  PLIC_mac1_mmsl_IRQHandler(void);
 124:/home/makro/softconsole_2022/led-hdmi-uart-switches/src/platform/mpfs_hal/common/mss_plic.h **** uint8_t  PLIC_ddrc_train_IRQHandler(void);
 125:/home/makro/softconsole_2022/led-hdmi-uart-switches/src/platform/mpfs_hal/common/mss_plic.h **** uint8_t  PLIC_scb_interrupt_IRQHandler(void);
 126:/home/makro/softconsole_2022/led-hdmi-uart-switches/src/platform/mpfs_hal/common/mss_plic.h **** uint8_t  PLIC_ecc_error_IRQHandler(void);
 127:/home/makro/softconsole_2022/led-hdmi-uart-switches/src/platform/mpfs_hal/common/mss_plic.h **** uint8_t  PLIC_ecc_correct_IRQHandler(void);
 128:/home/makro/softconsole_2022/led-hdmi-uart-switches/src/platform/mpfs_hal/common/mss_plic.h **** uint8_t  PLIC_rtc_wakeup_IRQHandler(void);
 129:/home/makro/softconsole_2022/led-hdmi-uart-switches/src/platform/mpfs_hal/common/mss_plic.h **** uint8_t  PLIC_rtc_match_IRQHandler(void);
 130:/home/makro/softconsole_2022/led-hdmi-uart-switches/src/platform/mpfs_hal/common/mss_plic.h **** uint8_t  PLIC_timer1_IRQHandler(void);
 131:/home/makro/softconsole_2022/led-hdmi-uart-switches/src/platform/mpfs_hal/common/mss_plic.h **** uint8_t  PLIC_timer2_IRQHandler(void);
 132:/home/makro/softconsole_2022/led-hdmi-uart-switches/src/platform/mpfs_hal/common/mss_plic.h **** uint8_t  PLIC_envm_IRQHandler(void);
 133:/home/makro/softconsole_2022/led-hdmi-uart-switches/src/platform/mpfs_hal/common/mss_plic.h **** uint8_t  PLIC_qspi_IRQHandler(void);
 134:/home/makro/softconsole_2022/led-hdmi-uart-switches/src/platform/mpfs_hal/common/mss_plic.h **** uint8_t  PLIC_usb_dma_IRQHandler(void);
 135:/home/makro/softconsole_2022/led-hdmi-uart-switches/src/platform/mpfs_hal/common/mss_plic.h **** uint8_t  PLIC_usb_mc_IRQHandler(void);
 136:/home/makro/softconsole_2022/led-hdmi-uart-switches/src/platform/mpfs_hal/common/mss_plic.h **** uint8_t  PLIC_mmc_main_IRQHandler(void);
 137:/home/makro/softconsole_2022/led-hdmi-uart-switches/src/platform/mpfs_hal/common/mss_plic.h **** uint8_t  PLIC_mmc_wakeup_IRQHandler(void);
 138:/home/makro/softconsole_2022/led-hdmi-uart-switches/src/platform/mpfs_hal/common/mss_plic.h **** uint8_t  PLIC_mmuart0_IRQHandler(void);
 139:/home/makro/softconsole_2022/led-hdmi-uart-switches/src/platform/mpfs_hal/common/mss_plic.h **** uint8_t  PLIC_mmuart1_IRQHandler(void);
 140:/home/makro/softconsole_2022/led-hdmi-uart-switches/src/platform/mpfs_hal/common/mss_plic.h **** uint8_t  PLIC_mmuart2_IRQHandler(void);
 141:/home/makro/softconsole_2022/led-hdmi-uart-switches/src/platform/mpfs_hal/common/mss_plic.h **** uint8_t  PLIC_mmuart3_IRQHandler(void);
 142:/home/makro/softconsole_2022/led-hdmi-uart-switches/src/platform/mpfs_hal/common/mss_plic.h **** uint8_t  PLIC_mmuart4_IRQHandler(void);
 143:/home/makro/softconsole_2022/led-hdmi-uart-switches/src/platform/mpfs_hal/common/mss_plic.h **** uint8_t  PLIC_devrst_IRQHandler(void);
 144:/home/makro/softconsole_2022/led-hdmi-uart-switches/src/platform/mpfs_hal/common/mss_plic.h **** uint8_t  PLIC_g5c_message_IRQHandler(void);
 145:/home/makro/softconsole_2022/led-hdmi-uart-switches/src/platform/mpfs_hal/common/mss_plic.h **** uint8_t  PLIC_usoc_vc_interrupt_IRQHandler(void);
 146:/home/makro/softconsole_2022/led-hdmi-uart-switches/src/platform/mpfs_hal/common/mss_plic.h **** uint8_t  PLIC_usoc_smb_interrupt_IRQHandler(void);
 147:/home/makro/softconsole_2022/led-hdmi-uart-switches/src/platform/mpfs_hal/common/mss_plic.h **** uint8_t  PLIC_E51_Maintence_IRQHandler(void);
 148:/home/makro/softconsole_2022/led-hdmi-uart-switches/src/platform/mpfs_hal/common/mss_plic.h **** 
 149:/home/makro/softconsole_2022/led-hdmi-uart-switches/src/platform/mpfs_hal/common/mss_plic.h **** uint8_t  PLIC_wdog0_mvrp_IRQHandler(void);
 150:/home/makro/softconsole_2022/led-hdmi-uart-switches/src/platform/mpfs_hal/common/mss_plic.h **** uint8_t  PLIC_wdog1_mvrp_IRQHandler(void);
 151:/home/makro/softconsole_2022/led-hdmi-uart-switches/src/platform/mpfs_hal/common/mss_plic.h **** uint8_t  PLIC_wdog2_mvrp_IRQHandler(void);
 152:/home/makro/softconsole_2022/led-hdmi-uart-switches/src/platform/mpfs_hal/common/mss_plic.h **** uint8_t  PLIC_wdog3_mvrp_IRQHandler(void);
 153:/home/makro/softconsole_2022/led-hdmi-uart-switches/src/platform/mpfs_hal/common/mss_plic.h **** uint8_t  PLIC_wdog4_mvrp_IRQHandler(void);
 154:/home/makro/softconsole_2022/led-hdmi-uart-switches/src/platform/mpfs_hal/common/mss_plic.h **** uint8_t  PLIC_wdog0_tout_IRQHandler(void);
 155:/home/makro/softconsole_2022/led-hdmi-uart-switches/src/platform/mpfs_hal/common/mss_plic.h **** uint8_t  PLIC_wdog1_tout_IRQHandler(void);
 156:/home/makro/softconsole_2022/led-hdmi-uart-switches/src/platform/mpfs_hal/common/mss_plic.h **** uint8_t  PLIC_wdog2_tout_IRQHandler(void);
 157:/home/makro/softconsole_2022/led-hdmi-uart-switches/src/platform/mpfs_hal/common/mss_plic.h **** uint8_t  PLIC_wdog3_tout_IRQHandler(void);
 158:/home/makro/softconsole_2022/led-hdmi-uart-switches/src/platform/mpfs_hal/common/mss_plic.h **** uint8_t  PLIC_wdog4_tout_IRQHandler(void);
 159:/home/makro/softconsole_2022/led-hdmi-uart-switches/src/platform/mpfs_hal/common/mss_plic.h **** uint8_t  PLIC_g5c_mss_spi_IRQHandler(void);
 160:/home/makro/softconsole_2022/led-hdmi-uart-switches/src/platform/mpfs_hal/common/mss_plic.h **** uint8_t  PLIC_volt_temp_alarm_IRQHandler(void);
 161:/home/makro/softconsole_2022/led-hdmi-uart-switches/src/platform/mpfs_hal/common/mss_plic.h **** 
 162:/home/makro/softconsole_2022/led-hdmi-uart-switches/src/platform/mpfs_hal/common/mss_plic.h **** uint8_t  PLIC_athena_complete_IRQHandler(void);
 163:/home/makro/softconsole_2022/led-hdmi-uart-switches/src/platform/mpfs_hal/common/mss_plic.h **** uint8_t  PLIC_athena_alarm_IRQHandler(void);
 164:/home/makro/softconsole_2022/led-hdmi-uart-switches/src/platform/mpfs_hal/common/mss_plic.h **** uint8_t  PLIC_athena_bus_error_IRQHandler(void);
 165:/home/makro/softconsole_2022/led-hdmi-uart-switches/src/platform/mpfs_hal/common/mss_plic.h **** uint8_t  PLIC_usoc_axic_us_IRQHandler(void);
 166:/home/makro/softconsole_2022/led-hdmi-uart-switches/src/platform/mpfs_hal/common/mss_plic.h **** uint8_t  PLIC_usoc_axic_ds_IRQHandler(void);
 167:/home/makro/softconsole_2022/led-hdmi-uart-switches/src/platform/mpfs_hal/common/mss_plic.h **** 
 168:/home/makro/softconsole_2022/led-hdmi-uart-switches/src/platform/mpfs_hal/common/mss_plic.h **** uint8_t  PLIC_reserved_104_IRQHandler(void);
 169:/home/makro/softconsole_2022/led-hdmi-uart-switches/src/platform/mpfs_hal/common/mss_plic.h **** 
 170:/home/makro/softconsole_2022/led-hdmi-uart-switches/src/platform/mpfs_hal/common/mss_plic.h **** uint8_t  PLIC_f2m_0_IRQHandler(void);
 171:/home/makro/softconsole_2022/led-hdmi-uart-switches/src/platform/mpfs_hal/common/mss_plic.h **** uint8_t  PLIC_f2m_1_IRQHandler(void);
 172:/home/makro/softconsole_2022/led-hdmi-uart-switches/src/platform/mpfs_hal/common/mss_plic.h **** uint8_t  PLIC_f2m_2_IRQHandler(void);
 173:/home/makro/softconsole_2022/led-hdmi-uart-switches/src/platform/mpfs_hal/common/mss_plic.h **** uint8_t  PLIC_f2m_3_IRQHandler(void);
 174:/home/makro/softconsole_2022/led-hdmi-uart-switches/src/platform/mpfs_hal/common/mss_plic.h **** uint8_t  PLIC_f2m_4_IRQHandler(void);
 175:/home/makro/softconsole_2022/led-hdmi-uart-switches/src/platform/mpfs_hal/common/mss_plic.h **** uint8_t  PLIC_f2m_5_IRQHandler(void);
 176:/home/makro/softconsole_2022/led-hdmi-uart-switches/src/platform/mpfs_hal/common/mss_plic.h **** uint8_t  PLIC_f2m_6_IRQHandler(void);
 177:/home/makro/softconsole_2022/led-hdmi-uart-switches/src/platform/mpfs_hal/common/mss_plic.h **** uint8_t  PLIC_f2m_7_IRQHandler(void);
 178:/home/makro/softconsole_2022/led-hdmi-uart-switches/src/platform/mpfs_hal/common/mss_plic.h **** uint8_t  PLIC_f2m_8_IRQHandler(void);
 179:/home/makro/softconsole_2022/led-hdmi-uart-switches/src/platform/mpfs_hal/common/mss_plic.h **** uint8_t  PLIC_f2m_9_IRQHandler(void);
 180:/home/makro/softconsole_2022/led-hdmi-uart-switches/src/platform/mpfs_hal/common/mss_plic.h **** 
 181:/home/makro/softconsole_2022/led-hdmi-uart-switches/src/platform/mpfs_hal/common/mss_plic.h **** uint8_t  PLIC_f2m_10_IRQHandler(void);
 182:/home/makro/softconsole_2022/led-hdmi-uart-switches/src/platform/mpfs_hal/common/mss_plic.h **** uint8_t  PLIC_f2m_11_IRQHandler(void);
 183:/home/makro/softconsole_2022/led-hdmi-uart-switches/src/platform/mpfs_hal/common/mss_plic.h **** uint8_t  PLIC_f2m_12_IRQHandler(void);
 184:/home/makro/softconsole_2022/led-hdmi-uart-switches/src/platform/mpfs_hal/common/mss_plic.h **** uint8_t  PLIC_f2m_13_IRQHandler(void);
 185:/home/makro/softconsole_2022/led-hdmi-uart-switches/src/platform/mpfs_hal/common/mss_plic.h **** uint8_t  PLIC_f2m_14_IRQHandler(void);
 186:/home/makro/softconsole_2022/led-hdmi-uart-switches/src/platform/mpfs_hal/common/mss_plic.h **** uint8_t  PLIC_f2m_15_IRQHandler(void);
 187:/home/makro/softconsole_2022/led-hdmi-uart-switches/src/platform/mpfs_hal/common/mss_plic.h **** uint8_t  PLIC_f2m_16_IRQHandler(void);
 188:/home/makro/softconsole_2022/led-hdmi-uart-switches/src/platform/mpfs_hal/common/mss_plic.h **** uint8_t  PLIC_f2m_17_IRQHandler(void);
 189:/home/makro/softconsole_2022/led-hdmi-uart-switches/src/platform/mpfs_hal/common/mss_plic.h **** uint8_t  PLIC_f2m_18_IRQHandler(void);
 190:/home/makro/softconsole_2022/led-hdmi-uart-switches/src/platform/mpfs_hal/common/mss_plic.h **** uint8_t  PLIC_f2m_19_IRQHandler(void);
 191:/home/makro/softconsole_2022/led-hdmi-uart-switches/src/platform/mpfs_hal/common/mss_plic.h **** 
 192:/home/makro/softconsole_2022/led-hdmi-uart-switches/src/platform/mpfs_hal/common/mss_plic.h **** uint8_t  PLIC_f2m_20_IRQHandler(void);
 193:/home/makro/softconsole_2022/led-hdmi-uart-switches/src/platform/mpfs_hal/common/mss_plic.h **** uint8_t  PLIC_f2m_21_IRQHandler(void);
 194:/home/makro/softconsole_2022/led-hdmi-uart-switches/src/platform/mpfs_hal/common/mss_plic.h **** uint8_t  PLIC_f2m_22_IRQHandler(void);
 195:/home/makro/softconsole_2022/led-hdmi-uart-switches/src/platform/mpfs_hal/common/mss_plic.h **** uint8_t  PLIC_f2m_23_IRQHandler(void);
 196:/home/makro/softconsole_2022/led-hdmi-uart-switches/src/platform/mpfs_hal/common/mss_plic.h **** uint8_t  PLIC_f2m_24_IRQHandler(void);
 197:/home/makro/softconsole_2022/led-hdmi-uart-switches/src/platform/mpfs_hal/common/mss_plic.h **** uint8_t  PLIC_f2m_25_IRQHandler(void);
 198:/home/makro/softconsole_2022/led-hdmi-uart-switches/src/platform/mpfs_hal/common/mss_plic.h **** uint8_t  PLIC_f2m_26_IRQHandler(void);
 199:/home/makro/softconsole_2022/led-hdmi-uart-switches/src/platform/mpfs_hal/common/mss_plic.h **** uint8_t  PLIC_f2m_27_IRQHandler(void);
 200:/home/makro/softconsole_2022/led-hdmi-uart-switches/src/platform/mpfs_hal/common/mss_plic.h **** uint8_t  PLIC_f2m_28_IRQHandler(void);
 201:/home/makro/softconsole_2022/led-hdmi-uart-switches/src/platform/mpfs_hal/common/mss_plic.h **** uint8_t  PLIC_f2m_29_IRQHandler(void);
 202:/home/makro/softconsole_2022/led-hdmi-uart-switches/src/platform/mpfs_hal/common/mss_plic.h **** 
 203:/home/makro/softconsole_2022/led-hdmi-uart-switches/src/platform/mpfs_hal/common/mss_plic.h **** uint8_t  PLIC_f2m_30_IRQHandler(void);
 204:/home/makro/softconsole_2022/led-hdmi-uart-switches/src/platform/mpfs_hal/common/mss_plic.h **** uint8_t  PLIC_f2m_31_IRQHandler(void);
 205:/home/makro/softconsole_2022/led-hdmi-uart-switches/src/platform/mpfs_hal/common/mss_plic.h **** 
 206:/home/makro/softconsole_2022/led-hdmi-uart-switches/src/platform/mpfs_hal/common/mss_plic.h **** uint8_t  PLIC_f2m_32_IRQHandler(void);
 207:/home/makro/softconsole_2022/led-hdmi-uart-switches/src/platform/mpfs_hal/common/mss_plic.h **** uint8_t  PLIC_f2m_33_IRQHandler(void);
 208:/home/makro/softconsole_2022/led-hdmi-uart-switches/src/platform/mpfs_hal/common/mss_plic.h **** uint8_t  PLIC_f2m_34_IRQHandler(void);
 209:/home/makro/softconsole_2022/led-hdmi-uart-switches/src/platform/mpfs_hal/common/mss_plic.h **** uint8_t  PLIC_f2m_35_IRQHandler(void);
 210:/home/makro/softconsole_2022/led-hdmi-uart-switches/src/platform/mpfs_hal/common/mss_plic.h **** uint8_t  PLIC_f2m_36_IRQHandler(void);
 211:/home/makro/softconsole_2022/led-hdmi-uart-switches/src/platform/mpfs_hal/common/mss_plic.h **** uint8_t  PLIC_f2m_37_IRQHandler(void);
 212:/home/makro/softconsole_2022/led-hdmi-uart-switches/src/platform/mpfs_hal/common/mss_plic.h **** uint8_t  PLIC_f2m_38_IRQHandler(void);
 213:/home/makro/softconsole_2022/led-hdmi-uart-switches/src/platform/mpfs_hal/common/mss_plic.h **** uint8_t  PLIC_f2m_39_IRQHandler(void);
 214:/home/makro/softconsole_2022/led-hdmi-uart-switches/src/platform/mpfs_hal/common/mss_plic.h **** uint8_t  PLIC_f2m_40_IRQHandler(void);
 215:/home/makro/softconsole_2022/led-hdmi-uart-switches/src/platform/mpfs_hal/common/mss_plic.h **** uint8_t  PLIC_f2m_41_IRQHandler(void);
 216:/home/makro/softconsole_2022/led-hdmi-uart-switches/src/platform/mpfs_hal/common/mss_plic.h **** 
 217:/home/makro/softconsole_2022/led-hdmi-uart-switches/src/platform/mpfs_hal/common/mss_plic.h **** uint8_t PLIC_f2m_42_IRQHandler(void);
 218:/home/makro/softconsole_2022/led-hdmi-uart-switches/src/platform/mpfs_hal/common/mss_plic.h **** uint8_t PLIC_f2m_43_IRQHandler(void);
 219:/home/makro/softconsole_2022/led-hdmi-uart-switches/src/platform/mpfs_hal/common/mss_plic.h **** uint8_t PLIC_f2m_44_IRQHandler(void);
 220:/home/makro/softconsole_2022/led-hdmi-uart-switches/src/platform/mpfs_hal/common/mss_plic.h **** uint8_t PLIC_f2m_45_IRQHandler(void);
 221:/home/makro/softconsole_2022/led-hdmi-uart-switches/src/platform/mpfs_hal/common/mss_plic.h **** uint8_t PLIC_f2m_46_IRQHandler(void);
 222:/home/makro/softconsole_2022/led-hdmi-uart-switches/src/platform/mpfs_hal/common/mss_plic.h **** uint8_t PLIC_f2m_47_IRQHandler(void);
 223:/home/makro/softconsole_2022/led-hdmi-uart-switches/src/platform/mpfs_hal/common/mss_plic.h **** uint8_t PLIC_f2m_48_IRQHandler(void);
 224:/home/makro/softconsole_2022/led-hdmi-uart-switches/src/platform/mpfs_hal/common/mss_plic.h **** uint8_t PLIC_f2m_49_IRQHandler(void);
 225:/home/makro/softconsole_2022/led-hdmi-uart-switches/src/platform/mpfs_hal/common/mss_plic.h **** uint8_t PLIC_f2m_50_IRQHandler(void);
 226:/home/makro/softconsole_2022/led-hdmi-uart-switches/src/platform/mpfs_hal/common/mss_plic.h **** uint8_t PLIC_f2m_51_IRQHandler(void);
 227:/home/makro/softconsole_2022/led-hdmi-uart-switches/src/platform/mpfs_hal/common/mss_plic.h **** 
 228:/home/makro/softconsole_2022/led-hdmi-uart-switches/src/platform/mpfs_hal/common/mss_plic.h **** uint8_t PLIC_f2m_52_IRQHandler(void);
 229:/home/makro/softconsole_2022/led-hdmi-uart-switches/src/platform/mpfs_hal/common/mss_plic.h **** uint8_t PLIC_f2m_53_IRQHandler(void);
 230:/home/makro/softconsole_2022/led-hdmi-uart-switches/src/platform/mpfs_hal/common/mss_plic.h **** uint8_t PLIC_f2m_54_IRQHandler(void);
 231:/home/makro/softconsole_2022/led-hdmi-uart-switches/src/platform/mpfs_hal/common/mss_plic.h **** uint8_t PLIC_f2m_55_IRQHandler(void);
 232:/home/makro/softconsole_2022/led-hdmi-uart-switches/src/platform/mpfs_hal/common/mss_plic.h **** uint8_t PLIC_f2m_56_IRQHandler(void);
 233:/home/makro/softconsole_2022/led-hdmi-uart-switches/src/platform/mpfs_hal/common/mss_plic.h **** uint8_t PLIC_f2m_57_IRQHandler(void);
 234:/home/makro/softconsole_2022/led-hdmi-uart-switches/src/platform/mpfs_hal/common/mss_plic.h **** uint8_t PLIC_f2m_58_IRQHandler(void);
 235:/home/makro/softconsole_2022/led-hdmi-uart-switches/src/platform/mpfs_hal/common/mss_plic.h **** uint8_t PLIC_f2m_59_IRQHandler(void);
 236:/home/makro/softconsole_2022/led-hdmi-uart-switches/src/platform/mpfs_hal/common/mss_plic.h **** uint8_t PLIC_f2m_60_IRQHandler(void);
 237:/home/makro/softconsole_2022/led-hdmi-uart-switches/src/platform/mpfs_hal/common/mss_plic.h **** uint8_t PLIC_f2m_61_IRQHandler(void);
 238:/home/makro/softconsole_2022/led-hdmi-uart-switches/src/platform/mpfs_hal/common/mss_plic.h **** 
 239:/home/makro/softconsole_2022/led-hdmi-uart-switches/src/platform/mpfs_hal/common/mss_plic.h **** uint8_t PLIC_f2m_62_IRQHandler(void);
 240:/home/makro/softconsole_2022/led-hdmi-uart-switches/src/platform/mpfs_hal/common/mss_plic.h **** uint8_t PLIC_f2m_63_IRQHandler(void);
 241:/home/makro/softconsole_2022/led-hdmi-uart-switches/src/platform/mpfs_hal/common/mss_plic.h **** 
 242:/home/makro/softconsole_2022/led-hdmi-uart-switches/src/platform/mpfs_hal/common/mss_plic.h **** uint8_t PLIC_E51_bus_error_unit_IRQHandler(void);
 243:/home/makro/softconsole_2022/led-hdmi-uart-switches/src/platform/mpfs_hal/common/mss_plic.h **** uint8_t PLIC_U54_1_bus_error_unit_IRQHandler(void);
 244:/home/makro/softconsole_2022/led-hdmi-uart-switches/src/platform/mpfs_hal/common/mss_plic.h **** uint8_t PLIC_U54_2_bus_error_unit_IRQHandler(void);
 245:/home/makro/softconsole_2022/led-hdmi-uart-switches/src/platform/mpfs_hal/common/mss_plic.h **** uint8_t PLIC_U54_3_bus_error_unit_IRQHandler(void);
 246:/home/makro/softconsole_2022/led-hdmi-uart-switches/src/platform/mpfs_hal/common/mss_plic.h **** uint8_t PLIC_U54_4_bus_error_unit_IRQHandler(void);
 247:/home/makro/softconsole_2022/led-hdmi-uart-switches/src/platform/mpfs_hal/common/mss_plic.h **** 
 248:/home/makro/softconsole_2022/led-hdmi-uart-switches/src/platform/mpfs_hal/common/mss_plic.h **** /***************************************************************************//**
 249:/home/makro/softconsole_2022/led-hdmi-uart-switches/src/platform/mpfs_hal/common/mss_plic.h ****  * PLIC source Interrupt numbers:
 250:/home/makro/softconsole_2022/led-hdmi-uart-switches/src/platform/mpfs_hal/common/mss_plic.h ****  */
 251:/home/makro/softconsole_2022/led-hdmi-uart-switches/src/platform/mpfs_hal/common/mss_plic.h **** /* See section on PLIC Interrupt Sources in User Guide */
 252:/home/makro/softconsole_2022/led-hdmi-uart-switches/src/platform/mpfs_hal/common/mss_plic.h **** #define OFFSET_TO_MSS_GLOBAL_INTS 13U
 253:/home/makro/softconsole_2022/led-hdmi-uart-switches/src/platform/mpfs_hal/common/mss_plic.h **** typedef enum
 254:/home/makro/softconsole_2022/led-hdmi-uart-switches/src/platform/mpfs_hal/common/mss_plic.h **** {
 255:/home/makro/softconsole_2022/led-hdmi-uart-switches/src/platform/mpfs_hal/common/mss_plic.h ****     PLIC_INVALID_INT_OFFSET                 = 0,
 256:/home/makro/softconsole_2022/led-hdmi-uart-switches/src/platform/mpfs_hal/common/mss_plic.h ****     PLIC_L2_METADATA_CORR_INT_OFFSET        = 1,
 257:/home/makro/softconsole_2022/led-hdmi-uart-switches/src/platform/mpfs_hal/common/mss_plic.h ****     PLIC_L2_METADAT_UNCORR_INT_OFFSET       = 2,
 258:/home/makro/softconsole_2022/led-hdmi-uart-switches/src/platform/mpfs_hal/common/mss_plic.h ****     PLIC_L2_DATA_CORR_INT_OFFSET            = 3,
 259:/home/makro/softconsole_2022/led-hdmi-uart-switches/src/platform/mpfs_hal/common/mss_plic.h ****     PLIC_L2_DATA_UNCORR_INT_OFFSET          = 4,
 260:/home/makro/softconsole_2022/led-hdmi-uart-switches/src/platform/mpfs_hal/common/mss_plic.h ****     PLIC_DMA_CH0_DONE_INT_OFFSET            = 5,
 261:/home/makro/softconsole_2022/led-hdmi-uart-switches/src/platform/mpfs_hal/common/mss_plic.h ****     PLIC_DMA_CH0_ERR_INT_OFFSET             = 6,
 262:/home/makro/softconsole_2022/led-hdmi-uart-switches/src/platform/mpfs_hal/common/mss_plic.h ****     PLIC_DMA_CH1_DONE_INT_OFFSET            = 7,
 263:/home/makro/softconsole_2022/led-hdmi-uart-switches/src/platform/mpfs_hal/common/mss_plic.h ****     PLIC_DMA_CH1_ERR_INT_OFFSET             = 8,
 264:/home/makro/softconsole_2022/led-hdmi-uart-switches/src/platform/mpfs_hal/common/mss_plic.h ****     PLIC_DMA_CH2_DONE_INT_OFFSET            = 9,
 265:/home/makro/softconsole_2022/led-hdmi-uart-switches/src/platform/mpfs_hal/common/mss_plic.h ****     PLIC_DMA_CH2_ERR_INT_OFFSET             = 10,
 266:/home/makro/softconsole_2022/led-hdmi-uart-switches/src/platform/mpfs_hal/common/mss_plic.h ****     PLIC_DMA_CH3_DONE_INT_OFFSET            = 11,
 267:/home/makro/softconsole_2022/led-hdmi-uart-switches/src/platform/mpfs_hal/common/mss_plic.h ****     PLIC_DMA_CH3_ERR_INT_OFFSET             = 12,
 268:/home/makro/softconsole_2022/led-hdmi-uart-switches/src/platform/mpfs_hal/common/mss_plic.h ****     /* see PLIC_I2C Interrupt Multiplexing in the User Guide */
 269:/home/makro/softconsole_2022/led-hdmi-uart-switches/src/platform/mpfs_hal/common/mss_plic.h ****     PLIC_GPIO0_BIT0_or_GPIO2_BIT0_INT_OFFSET         = 0 + OFFSET_TO_MSS_GLOBAL_INTS,
 270:/home/makro/softconsole_2022/led-hdmi-uart-switches/src/platform/mpfs_hal/common/mss_plic.h ****     PLIC_GPIO0_BIT1_or_GPIO2_BIT1_INT_OFFSET         = 1 + OFFSET_TO_MSS_GLOBAL_INTS,
 271:/home/makro/softconsole_2022/led-hdmi-uart-switches/src/platform/mpfs_hal/common/mss_plic.h ****     PLIC_GPIO0_BIT2_or_GPIO2_BIT2_INT_OFFSET         = 2 + OFFSET_TO_MSS_GLOBAL_INTS,
 272:/home/makro/softconsole_2022/led-hdmi-uart-switches/src/platform/mpfs_hal/common/mss_plic.h ****     PLIC_GPIO0_BIT3_or_GPIO2_BIT3_INT_OFFSET         = 3 + OFFSET_TO_MSS_GLOBAL_INTS,
 273:/home/makro/softconsole_2022/led-hdmi-uart-switches/src/platform/mpfs_hal/common/mss_plic.h ****     PLIC_GPIO0_BIT4_or_GPIO2_BIT4_INT_OFFSET         = 4 + OFFSET_TO_MSS_GLOBAL_INTS,
 274:/home/makro/softconsole_2022/led-hdmi-uart-switches/src/platform/mpfs_hal/common/mss_plic.h ****     PLIC_GPIO0_BIT5_or_GPIO2_BIT5_INT_OFFSET         = 5 + OFFSET_TO_MSS_GLOBAL_INTS,
 275:/home/makro/softconsole_2022/led-hdmi-uart-switches/src/platform/mpfs_hal/common/mss_plic.h ****     PLIC_GPIO0_BIT6_or_GPIO2_BIT6_INT_OFFSET         = 6 + OFFSET_TO_MSS_GLOBAL_INTS,
 276:/home/makro/softconsole_2022/led-hdmi-uart-switches/src/platform/mpfs_hal/common/mss_plic.h ****     PLIC_GPIO0_BIT7_or_GPIO2_BIT7_INT_OFFSET         = 7 + OFFSET_TO_MSS_GLOBAL_INTS,
 277:/home/makro/softconsole_2022/led-hdmi-uart-switches/src/platform/mpfs_hal/common/mss_plic.h ****     PLIC_GPIO0_BIT8_or_GPIO2_BIT8_INT_OFFSET         = 8 + OFFSET_TO_MSS_GLOBAL_INTS,
 278:/home/makro/softconsole_2022/led-hdmi-uart-switches/src/platform/mpfs_hal/common/mss_plic.h ****     PLIC_GPIO0_BIT9_or_GPIO2_BIT9_INT_OFFSET         = 9 + OFFSET_TO_MSS_GLOBAL_INTS,
 279:/home/makro/softconsole_2022/led-hdmi-uart-switches/src/platform/mpfs_hal/common/mss_plic.h ****     PLIC_GPIO0_BIT10_or_GPIO2_BIT10_INT_OFFSET      = 10 + OFFSET_TO_MSS_GLOBAL_INTS,
 280:/home/makro/softconsole_2022/led-hdmi-uart-switches/src/platform/mpfs_hal/common/mss_plic.h ****     PLIC_GPIO0_BIT11_or_GPIO2_BIT11_INT_OFFSET      = 11 + OFFSET_TO_MSS_GLOBAL_INTS,
 281:/home/makro/softconsole_2022/led-hdmi-uart-switches/src/platform/mpfs_hal/common/mss_plic.h ****     PLIC_GPIO0_BIT12_or_GPIO2_BIT12_INT_OFFSET      = 12 + OFFSET_TO_MSS_GLOBAL_INTS,
 282:/home/makro/softconsole_2022/led-hdmi-uart-switches/src/platform/mpfs_hal/common/mss_plic.h **** 
 283:/home/makro/softconsole_2022/led-hdmi-uart-switches/src/platform/mpfs_hal/common/mss_plic.h ****     PLIC_GPIO0_BIT13_or_GPIO2_BIT13_INT_OFFSET      = 13 + OFFSET_TO_MSS_GLOBAL_INTS,
 284:/home/makro/softconsole_2022/led-hdmi-uart-switches/src/platform/mpfs_hal/common/mss_plic.h ****     PLIC_GPIO1_BIT0_or_GPIO2_BIT14_INT_OFFSET       = 14 + OFFSET_TO_MSS_GLOBAL_INTS,
 285:/home/makro/softconsole_2022/led-hdmi-uart-switches/src/platform/mpfs_hal/common/mss_plic.h ****     PLIC_GPIO1_BIT1_or_GPIO2_BIT15_INT_OFFSET       = 15 + OFFSET_TO_MSS_GLOBAL_INTS,
 286:/home/makro/softconsole_2022/led-hdmi-uart-switches/src/platform/mpfs_hal/common/mss_plic.h ****     PLIC_GPIO1_BIT2_or_GPIO2_BIT16_INT_OFFSET       = 16 + OFFSET_TO_MSS_GLOBAL_INTS,
 287:/home/makro/softconsole_2022/led-hdmi-uart-switches/src/platform/mpfs_hal/common/mss_plic.h ****     PLIC_GPIO1_BIT3_or_GPIO2_BIT17_INT_OFFSET       = 17 + OFFSET_TO_MSS_GLOBAL_INTS,
 288:/home/makro/softconsole_2022/led-hdmi-uart-switches/src/platform/mpfs_hal/common/mss_plic.h ****     PLIC_GPIO1_BIT4_or_GPIO2_BIT18_INT_OFFSET       = 18 + OFFSET_TO_MSS_GLOBAL_INTS,
 289:/home/makro/softconsole_2022/led-hdmi-uart-switches/src/platform/mpfs_hal/common/mss_plic.h ****     PLIC_GPIO1_BIT5_or_GPIO2_BIT19_INT_OFFSET       = 19 + OFFSET_TO_MSS_GLOBAL_INTS,
 290:/home/makro/softconsole_2022/led-hdmi-uart-switches/src/platform/mpfs_hal/common/mss_plic.h ****     PLIC_GPIO1_BIT6_or_GPIO2_BIT20_INT_OFFSET       = 20 + OFFSET_TO_MSS_GLOBAL_INTS,
 291:/home/makro/softconsole_2022/led-hdmi-uart-switches/src/platform/mpfs_hal/common/mss_plic.h ****     PLIC_GPIO1_BIT7_or_GPIO2_BIT21_INT_OFFSET       = 21 + OFFSET_TO_MSS_GLOBAL_INTS,
 292:/home/makro/softconsole_2022/led-hdmi-uart-switches/src/platform/mpfs_hal/common/mss_plic.h ****     PLIC_GPIO1_BIT8_or_GPIO2_BIT22_INT_OFFSET       = 22 + OFFSET_TO_MSS_GLOBAL_INTS,
 293:/home/makro/softconsole_2022/led-hdmi-uart-switches/src/platform/mpfs_hal/common/mss_plic.h ****     PLIC_GPIO1_BIT9_or_GPIO2_BIT23_INT_OFFSET       = 23 + OFFSET_TO_MSS_GLOBAL_INTS,
 294:/home/makro/softconsole_2022/led-hdmi-uart-switches/src/platform/mpfs_hal/common/mss_plic.h ****     PLIC_GPIO1_BIT10_or_GPIO2_BIT24_INT_OFFSET      = 24 + OFFSET_TO_MSS_GLOBAL_INTS,
 295:/home/makro/softconsole_2022/led-hdmi-uart-switches/src/platform/mpfs_hal/common/mss_plic.h ****     PLIC_GPIO1_BIT11_or_GPIO2_BIT25_INT_OFFSET      = 25 + OFFSET_TO_MSS_GLOBAL_INTS,
 296:/home/makro/softconsole_2022/led-hdmi-uart-switches/src/platform/mpfs_hal/common/mss_plic.h ****     PLIC_GPIO1_BIT12_or_GPIO2_BIT26_INT_OFFSET      = 26 + OFFSET_TO_MSS_GLOBAL_INTS,
 297:/home/makro/softconsole_2022/led-hdmi-uart-switches/src/platform/mpfs_hal/common/mss_plic.h ****     PLIC_GPIO1_BIT13_or_GPIO2_BIT27_INT_OFFSET      = 27 + OFFSET_TO_MSS_GLOBAL_INTS,
 298:/home/makro/softconsole_2022/led-hdmi-uart-switches/src/platform/mpfs_hal/common/mss_plic.h **** 
 299:/home/makro/softconsole_2022/led-hdmi-uart-switches/src/platform/mpfs_hal/common/mss_plic.h ****     PLIC_GPIO1_BIT14_or_GPIO2_BIT28_INT_OFFSET       = 28 + OFFSET_TO_MSS_GLOBAL_INTS,
 300:/home/makro/softconsole_2022/led-hdmi-uart-switches/src/platform/mpfs_hal/common/mss_plic.h ****     PLIC_GPIO1_BIT15_or_GPIO2_BIT29_INT_OFFSET       = 29 + OFFSET_TO_MSS_GLOBAL_INTS,
 301:/home/makro/softconsole_2022/led-hdmi-uart-switches/src/platform/mpfs_hal/common/mss_plic.h ****     PLIC_GPIO1_BIT16_or_GPIO2_BIT30_INT_OFFSET       = 30 + OFFSET_TO_MSS_GLOBAL_INTS,
 302:/home/makro/softconsole_2022/led-hdmi-uart-switches/src/platform/mpfs_hal/common/mss_plic.h ****     PLIC_GPIO1_BIT17_or_GPIO2_BIT31_INT_OFFSET       = 31 + OFFSET_TO_MSS_GLOBAL_INTS,
 303:/home/makro/softconsole_2022/led-hdmi-uart-switches/src/platform/mpfs_hal/common/mss_plic.h **** 
 304:/home/makro/softconsole_2022/led-hdmi-uart-switches/src/platform/mpfs_hal/common/mss_plic.h ****     PLIC_GPIO1_BIT18_INT_OFFSET           = 32 + OFFSET_TO_MSS_GLOBAL_INTS,
 305:/home/makro/softconsole_2022/led-hdmi-uart-switches/src/platform/mpfs_hal/common/mss_plic.h ****     PLIC_GPIO1_BIT19_INT_OFFSET           = 33 + OFFSET_TO_MSS_GLOBAL_INTS,
 306:/home/makro/softconsole_2022/led-hdmi-uart-switches/src/platform/mpfs_hal/common/mss_plic.h ****     PLIC_GPIO1_BIT20_INT_OFFSET           = 34 + OFFSET_TO_MSS_GLOBAL_INTS,
 307:/home/makro/softconsole_2022/led-hdmi-uart-switches/src/platform/mpfs_hal/common/mss_plic.h ****     PLIC_GPIO1_BIT21_INT_OFFSET           = 35 + OFFSET_TO_MSS_GLOBAL_INTS,
 308:/home/makro/softconsole_2022/led-hdmi-uart-switches/src/platform/mpfs_hal/common/mss_plic.h ****     PLIC_GPIO1_BIT22_INT_OFFSET           = 36 + OFFSET_TO_MSS_GLOBAL_INTS,
 309:/home/makro/softconsole_2022/led-hdmi-uart-switches/src/platform/mpfs_hal/common/mss_plic.h ****     PLIC_GPIO1_BIT23_INT_OFFSET           = 37 + OFFSET_TO_MSS_GLOBAL_INTS,
 310:/home/makro/softconsole_2022/led-hdmi-uart-switches/src/platform/mpfs_hal/common/mss_plic.h **** 
 311:/home/makro/softconsole_2022/led-hdmi-uart-switches/src/platform/mpfs_hal/common/mss_plic.h ****     PLIC_GPIO0_NON_DIRECT_INT_OFFSET         = 38 + OFFSET_TO_MSS_GLOBAL_INTS,
 312:/home/makro/softconsole_2022/led-hdmi-uart-switches/src/platform/mpfs_hal/common/mss_plic.h ****     PLIC_GPIO1_NON_DIRECT_INT_OFFSET         = 39 + OFFSET_TO_MSS_GLOBAL_INTS,
 313:/home/makro/softconsole_2022/led-hdmi-uart-switches/src/platform/mpfs_hal/common/mss_plic.h ****     PLIC_GPIO2_NON_DIRECT_INT_OFFSET         = 40 + OFFSET_TO_MSS_GLOBAL_INTS,
 314:/home/makro/softconsole_2022/led-hdmi-uart-switches/src/platform/mpfs_hal/common/mss_plic.h **** 
 315:/home/makro/softconsole_2022/led-hdmi-uart-switches/src/platform/mpfs_hal/common/mss_plic.h ****     PLIC_SPI0_INT_OFFSET                    = 41 + OFFSET_TO_MSS_GLOBAL_INTS,
 316:/home/makro/softconsole_2022/led-hdmi-uart-switches/src/platform/mpfs_hal/common/mss_plic.h ****     PLIC_SPI1_INT_OFFSET                    = 42 + OFFSET_TO_MSS_GLOBAL_INTS,
 317:/home/makro/softconsole_2022/led-hdmi-uart-switches/src/platform/mpfs_hal/common/mss_plic.h ****     PLIC_CAN0_INT_OFFSET                    = 43 + OFFSET_TO_MSS_GLOBAL_INTS,
 318:/home/makro/softconsole_2022/led-hdmi-uart-switches/src/platform/mpfs_hal/common/mss_plic.h ****     PLIC_CAN1_INT_OFFSET                    = 44 + OFFSET_TO_MSS_GLOBAL_INTS,
 319:/home/makro/softconsole_2022/led-hdmi-uart-switches/src/platform/mpfs_hal/common/mss_plic.h ****     PLIC_I2C0_MAIN_INT_OFFSET               = 45 + OFFSET_TO_MSS_GLOBAL_INTS,
 320:/home/makro/softconsole_2022/led-hdmi-uart-switches/src/platform/mpfs_hal/common/mss_plic.h ****     PLIC_I2C0_ALERT_INT_OFFSET              = 46 + OFFSET_TO_MSS_GLOBAL_INTS,
 321:/home/makro/softconsole_2022/led-hdmi-uart-switches/src/platform/mpfs_hal/common/mss_plic.h ****     PLIC_I2C0_SUS_INT_OFFSET                = 47 + OFFSET_TO_MSS_GLOBAL_INTS,
 322:/home/makro/softconsole_2022/led-hdmi-uart-switches/src/platform/mpfs_hal/common/mss_plic.h ****     PLIC_I2C1_MAIN_INT_OFFSET               = 48 + OFFSET_TO_MSS_GLOBAL_INTS,
 323:/home/makro/softconsole_2022/led-hdmi-uart-switches/src/platform/mpfs_hal/common/mss_plic.h ****     PLIC_I2C1_ALERT_INT_OFFSET              = 49 + OFFSET_TO_MSS_GLOBAL_INTS,
 324:/home/makro/softconsole_2022/led-hdmi-uart-switches/src/platform/mpfs_hal/common/mss_plic.h ****     PLIC_I2C1_SUS_INT_OFFSET                = 50 + OFFSET_TO_MSS_GLOBAL_INTS,
 325:/home/makro/softconsole_2022/led-hdmi-uart-switches/src/platform/mpfs_hal/common/mss_plic.h ****     PLIC_MAC0_INT_INT_OFFSET                = 51 + OFFSET_TO_MSS_GLOBAL_INTS,
 326:/home/makro/softconsole_2022/led-hdmi-uart-switches/src/platform/mpfs_hal/common/mss_plic.h ****     PLIC_MAC0_QUEUE1_INT_OFFSET             = 52 + OFFSET_TO_MSS_GLOBAL_INTS,
 327:/home/makro/softconsole_2022/led-hdmi-uart-switches/src/platform/mpfs_hal/common/mss_plic.h ****     PLIC_MAC0_QUEUE2_INT_OFFSET             = 53 + OFFSET_TO_MSS_GLOBAL_INTS,
 328:/home/makro/softconsole_2022/led-hdmi-uart-switches/src/platform/mpfs_hal/common/mss_plic.h ****     PLIC_MAC0_QUEUE3_INT_OFFSET             = 54 + OFFSET_TO_MSS_GLOBAL_INTS,
 329:/home/makro/softconsole_2022/led-hdmi-uart-switches/src/platform/mpfs_hal/common/mss_plic.h ****     PLIC_MAC0_EMAC_INT_OFFSET               = 55 + OFFSET_TO_MSS_GLOBAL_INTS,
 330:/home/makro/softconsole_2022/led-hdmi-uart-switches/src/platform/mpfs_hal/common/mss_plic.h ****     PLIC_MAC0_MMSL_INT_OFFSET               = 56 + OFFSET_TO_MSS_GLOBAL_INTS,
 331:/home/makro/softconsole_2022/led-hdmi-uart-switches/src/platform/mpfs_hal/common/mss_plic.h ****     PLIC_MAC1_INT_INT_OFFSET                = 57 + OFFSET_TO_MSS_GLOBAL_INTS,
 332:/home/makro/softconsole_2022/led-hdmi-uart-switches/src/platform/mpfs_hal/common/mss_plic.h ****     PLIC_MAC1_QUEUE1_INT_OFFSET             = 58 + OFFSET_TO_MSS_GLOBAL_INTS,
 333:/home/makro/softconsole_2022/led-hdmi-uart-switches/src/platform/mpfs_hal/common/mss_plic.h ****     PLIC_MAC1_QUEUE2_INT_OFFSET             = 59 + OFFSET_TO_MSS_GLOBAL_INTS,
 334:/home/makro/softconsole_2022/led-hdmi-uart-switches/src/platform/mpfs_hal/common/mss_plic.h ****     PLIC_MAC1_QUEUE3_INT_OFFSET             = 60 + OFFSET_TO_MSS_GLOBAL_INTS,
 335:/home/makro/softconsole_2022/led-hdmi-uart-switches/src/platform/mpfs_hal/common/mss_plic.h ****     PLIC_MAC1_EMAC_INT_OFFSET               = 61 + OFFSET_TO_MSS_GLOBAL_INTS,
 336:/home/makro/softconsole_2022/led-hdmi-uart-switches/src/platform/mpfs_hal/common/mss_plic.h ****     PLIC_MAC1_MMSL_INT_OFFSET               = 62 + OFFSET_TO_MSS_GLOBAL_INTS,
 337:/home/makro/softconsole_2022/led-hdmi-uart-switches/src/platform/mpfs_hal/common/mss_plic.h ****     PLIC_DDRC_TRAIN_INT_OFFSET              = 63 + OFFSET_TO_MSS_GLOBAL_INTS,
 338:/home/makro/softconsole_2022/led-hdmi-uart-switches/src/platform/mpfs_hal/common/mss_plic.h ****     PLIC_SCB_INTERRUPT_INT_OFFSET           = 64 + OFFSET_TO_MSS_GLOBAL_INTS,
 339:/home/makro/softconsole_2022/led-hdmi-uart-switches/src/platform/mpfs_hal/common/mss_plic.h ****     PLIC_ECC_ERROR_INT_OFFSET               = 65 + OFFSET_TO_MSS_GLOBAL_INTS,
 340:/home/makro/softconsole_2022/led-hdmi-uart-switches/src/platform/mpfs_hal/common/mss_plic.h ****     PLIC_ECC_CORRECT_INT_OFFSET             = 66 + OFFSET_TO_MSS_GLOBAL_INTS,
 341:/home/makro/softconsole_2022/led-hdmi-uart-switches/src/platform/mpfs_hal/common/mss_plic.h ****     PLIC_RTC_WAKEUP_INT_OFFSET              = 67 + OFFSET_TO_MSS_GLOBAL_INTS,
 342:/home/makro/softconsole_2022/led-hdmi-uart-switches/src/platform/mpfs_hal/common/mss_plic.h ****     PLIC_RTC_MATCH_INT_OFFSET               = 68 + OFFSET_TO_MSS_GLOBAL_INTS,
 343:/home/makro/softconsole_2022/led-hdmi-uart-switches/src/platform/mpfs_hal/common/mss_plic.h ****     PLIC_TIMER1_INT_OFFSET                  = 69 + OFFSET_TO_MSS_GLOBAL_INTS,
 344:/home/makro/softconsole_2022/led-hdmi-uart-switches/src/platform/mpfs_hal/common/mss_plic.h ****     PLIC_TIMER2_INT_OFFSET                  = 70 + OFFSET_TO_MSS_GLOBAL_INTS,
 345:/home/makro/softconsole_2022/led-hdmi-uart-switches/src/platform/mpfs_hal/common/mss_plic.h ****     PLIC_ENVM_INT_OFFSET                    = 71 + OFFSET_TO_MSS_GLOBAL_INTS,
 346:/home/makro/softconsole_2022/led-hdmi-uart-switches/src/platform/mpfs_hal/common/mss_plic.h ****     PLIC_QSPI_INT_OFFSET                    = 72 + OFFSET_TO_MSS_GLOBAL_INTS,
 347:/home/makro/softconsole_2022/led-hdmi-uart-switches/src/platform/mpfs_hal/common/mss_plic.h ****     PLIC_USB_DMA_INT_OFFSET                 = 73 + OFFSET_TO_MSS_GLOBAL_INTS,
 348:/home/makro/softconsole_2022/led-hdmi-uart-switches/src/platform/mpfs_hal/common/mss_plic.h ****     PLIC_USB_MC_INT_OFFSET                  = 74 + OFFSET_TO_MSS_GLOBAL_INTS,
 349:/home/makro/softconsole_2022/led-hdmi-uart-switches/src/platform/mpfs_hal/common/mss_plic.h ****     PLIC_MMC_main_INT_OFFSET                = 75 + OFFSET_TO_MSS_GLOBAL_INTS,
 350:/home/makro/softconsole_2022/led-hdmi-uart-switches/src/platform/mpfs_hal/common/mss_plic.h ****     PLIC_MMC_wakeup_INT_OFFSET              = 76 + OFFSET_TO_MSS_GLOBAL_INTS,
 351:/home/makro/softconsole_2022/led-hdmi-uart-switches/src/platform/mpfs_hal/common/mss_plic.h ****     PLIC_MMUART0_INT_OFFSET                 = 77 + OFFSET_TO_MSS_GLOBAL_INTS,
 352:/home/makro/softconsole_2022/led-hdmi-uart-switches/src/platform/mpfs_hal/common/mss_plic.h ****     PLIC_MMUART1_INT_OFFSET                 = 78 + OFFSET_TO_MSS_GLOBAL_INTS,
 353:/home/makro/softconsole_2022/led-hdmi-uart-switches/src/platform/mpfs_hal/common/mss_plic.h ****     PLIC_MMUART2_INT_OFFSET                 = 79 + OFFSET_TO_MSS_GLOBAL_INTS,
 354:/home/makro/softconsole_2022/led-hdmi-uart-switches/src/platform/mpfs_hal/common/mss_plic.h ****     PLIC_MMUART3_INT_OFFSET                 = 80 + OFFSET_TO_MSS_GLOBAL_INTS,
 355:/home/makro/softconsole_2022/led-hdmi-uart-switches/src/platform/mpfs_hal/common/mss_plic.h ****     PLIC_MMUART4_INT_OFFSET                 = 81 + OFFSET_TO_MSS_GLOBAL_INTS,
 356:/home/makro/softconsole_2022/led-hdmi-uart-switches/src/platform/mpfs_hal/common/mss_plic.h **** 
 357:/home/makro/softconsole_2022/led-hdmi-uart-switches/src/platform/mpfs_hal/common/mss_plic.h ****     G5C_DEVRST_INT_OFFSET              = 82 + OFFSET_TO_MSS_GLOBAL_INTS,
 358:/home/makro/softconsole_2022/led-hdmi-uart-switches/src/platform/mpfs_hal/common/mss_plic.h ****     g5c_MESSAGE_INT_OFFSET             = 83 + OFFSET_TO_MSS_GLOBAL_INTS,
 359:/home/makro/softconsole_2022/led-hdmi-uart-switches/src/platform/mpfs_hal/common/mss_plic.h ****     USOC_VC_INTERRUPT_INT_OFFSET       = 84 + OFFSET_TO_MSS_GLOBAL_INTS,
 360:/home/makro/softconsole_2022/led-hdmi-uart-switches/src/platform/mpfs_hal/common/mss_plic.h ****     USOC_SMB_INTERRUPT_INT_OFFSET      = 85 + OFFSET_TO_MSS_GLOBAL_INTS,
 361:/home/makro/softconsole_2022/led-hdmi-uart-switches/src/platform/mpfs_hal/common/mss_plic.h ****     /* contains multiple interrupts- */
 362:/home/makro/softconsole_2022/led-hdmi-uart-switches/src/platform/mpfs_hal/common/mss_plic.h ****     E51_0_MAINTENACE_INT_OFFSET        = 86 + OFFSET_TO_MSS_GLOBAL_INTS,
 363:/home/makro/softconsole_2022/led-hdmi-uart-switches/src/platform/mpfs_hal/common/mss_plic.h **** 
 364:/home/makro/softconsole_2022/led-hdmi-uart-switches/src/platform/mpfs_hal/common/mss_plic.h ****     PLIC_WDOG0_MRVP_INT_OFFSET              = 87 + OFFSET_TO_MSS_GLOBAL_INTS,
 365:/home/makro/softconsole_2022/led-hdmi-uart-switches/src/platform/mpfs_hal/common/mss_plic.h ****     PLIC_WDOG1_MRVP_INT_OFFSET              = 88 + OFFSET_TO_MSS_GLOBAL_INTS,
 366:/home/makro/softconsole_2022/led-hdmi-uart-switches/src/platform/mpfs_hal/common/mss_plic.h ****     PLIC_WDOG2_MRVP_INT_OFFSET              = 89 + OFFSET_TO_MSS_GLOBAL_INTS,
 367:/home/makro/softconsole_2022/led-hdmi-uart-switches/src/platform/mpfs_hal/common/mss_plic.h ****     PLIC_WDOG3_MRVP_INT_OFFSET              = 90 + OFFSET_TO_MSS_GLOBAL_INTS,
 368:/home/makro/softconsole_2022/led-hdmi-uart-switches/src/platform/mpfs_hal/common/mss_plic.h ****     PLIC_WDOG4_MRVP_INT_OFFSET              = 91 + OFFSET_TO_MSS_GLOBAL_INTS,
 369:/home/makro/softconsole_2022/led-hdmi-uart-switches/src/platform/mpfs_hal/common/mss_plic.h ****     PLIC_WDOG0_TOUT_INT_OFFSET              = 92 + OFFSET_TO_MSS_GLOBAL_INTS,
 370:/home/makro/softconsole_2022/led-hdmi-uart-switches/src/platform/mpfs_hal/common/mss_plic.h ****     PLIC_WDOG1_TOUT_INT_OFFSET              = 93 + OFFSET_TO_MSS_GLOBAL_INTS,
 371:/home/makro/softconsole_2022/led-hdmi-uart-switches/src/platform/mpfs_hal/common/mss_plic.h ****     PLIC_WDOG2_TOUT_INT_OFFSET              = 94 + OFFSET_TO_MSS_GLOBAL_INTS,
 372:/home/makro/softconsole_2022/led-hdmi-uart-switches/src/platform/mpfs_hal/common/mss_plic.h ****     PLIC_WDOG3_TOUT_INT_OFFSET              = 95 + OFFSET_TO_MSS_GLOBAL_INTS,
 373:/home/makro/softconsole_2022/led-hdmi-uart-switches/src/platform/mpfs_hal/common/mss_plic.h ****     PLIC_WDOG4_TOUT_INT_OFFSET              = 96 + OFFSET_TO_MSS_GLOBAL_INTS,
 374:/home/makro/softconsole_2022/led-hdmi-uart-switches/src/platform/mpfs_hal/common/mss_plic.h ****     G5C_MSS_SPI_INT_OFFSET             = 97 + OFFSET_TO_MSS_GLOBAL_INTS,
 375:/home/makro/softconsole_2022/led-hdmi-uart-switches/src/platform/mpfs_hal/common/mss_plic.h ****     VOLT_TEMP_ALARM_INT_OFFSET         = 98 + OFFSET_TO_MSS_GLOBAL_INTS,
 376:/home/makro/softconsole_2022/led-hdmi-uart-switches/src/platform/mpfs_hal/common/mss_plic.h ****     ATHENA_COMPLETE_INT_OFFSET         = 99 + OFFSET_TO_MSS_GLOBAL_INTS,
 377:/home/makro/softconsole_2022/led-hdmi-uart-switches/src/platform/mpfs_hal/common/mss_plic.h ****     ATHENA_ALARM_INT_OFFSET            = 100 + OFFSET_TO_MSS_GLOBAL_INTS,
 378:/home/makro/softconsole_2022/led-hdmi-uart-switches/src/platform/mpfs_hal/common/mss_plic.h ****     ATHENA_BUS_ERROR_INT_OFFSET        = 101 + OFFSET_TO_MSS_GLOBAL_INTS,
 379:/home/makro/softconsole_2022/led-hdmi-uart-switches/src/platform/mpfs_hal/common/mss_plic.h ****     USOC_AXIC_US_INT_OFFSET            = 102 + OFFSET_TO_MSS_GLOBAL_INTS,
 380:/home/makro/softconsole_2022/led-hdmi-uart-switches/src/platform/mpfs_hal/common/mss_plic.h ****     USOC_AXIC_DS_INT_OFFSET            = 103 + OFFSET_TO_MSS_GLOBAL_INTS,
 381:/home/makro/softconsole_2022/led-hdmi-uart-switches/src/platform/mpfs_hal/common/mss_plic.h **** 
 382:/home/makro/softconsole_2022/led-hdmi-uart-switches/src/platform/mpfs_hal/common/mss_plic.h ****     PLIC_F2M_0_INT_OFFSET            = 105 + OFFSET_TO_MSS_GLOBAL_INTS,
 383:/home/makro/softconsole_2022/led-hdmi-uart-switches/src/platform/mpfs_hal/common/mss_plic.h ****     PLIC_F2M_1_INT_OFFSET            = 106 + OFFSET_TO_MSS_GLOBAL_INTS,
 384:/home/makro/softconsole_2022/led-hdmi-uart-switches/src/platform/mpfs_hal/common/mss_plic.h ****     PLIC_F2M_2_INT_OFFSET            = 107 + OFFSET_TO_MSS_GLOBAL_INTS,
 385:/home/makro/softconsole_2022/led-hdmi-uart-switches/src/platform/mpfs_hal/common/mss_plic.h ****     PLIC_F2M_3_INT_OFFSET            = 108 + OFFSET_TO_MSS_GLOBAL_INTS,
 386:/home/makro/softconsole_2022/led-hdmi-uart-switches/src/platform/mpfs_hal/common/mss_plic.h ****     PLIC_F2M_4_INT_OFFSET            = 109 + OFFSET_TO_MSS_GLOBAL_INTS,
 387:/home/makro/softconsole_2022/led-hdmi-uart-switches/src/platform/mpfs_hal/common/mss_plic.h ****     PLIC_F2M_5_INT_OFFSET            = 110 + OFFSET_TO_MSS_GLOBAL_INTS,
 388:/home/makro/softconsole_2022/led-hdmi-uart-switches/src/platform/mpfs_hal/common/mss_plic.h ****     PLIC_F2M_6_INT_OFFSET            = 111 + OFFSET_TO_MSS_GLOBAL_INTS,
 389:/home/makro/softconsole_2022/led-hdmi-uart-switches/src/platform/mpfs_hal/common/mss_plic.h ****     PLIC_F2M_7_INT_OFFSET            = 112 + OFFSET_TO_MSS_GLOBAL_INTS,
 390:/home/makro/softconsole_2022/led-hdmi-uart-switches/src/platform/mpfs_hal/common/mss_plic.h ****     PLIC_F2M_8_INT_OFFSET            = 113 + OFFSET_TO_MSS_GLOBAL_INTS,
 391:/home/makro/softconsole_2022/led-hdmi-uart-switches/src/platform/mpfs_hal/common/mss_plic.h ****     PLIC_F2M_9_INT_OFFSET            = 114 + OFFSET_TO_MSS_GLOBAL_INTS,
 392:/home/makro/softconsole_2022/led-hdmi-uart-switches/src/platform/mpfs_hal/common/mss_plic.h **** 
 393:/home/makro/softconsole_2022/led-hdmi-uart-switches/src/platform/mpfs_hal/common/mss_plic.h ****     PLIC_F2M_10_INT_OFFSET           = 115 + OFFSET_TO_MSS_GLOBAL_INTS,
 394:/home/makro/softconsole_2022/led-hdmi-uart-switches/src/platform/mpfs_hal/common/mss_plic.h ****     PLIC_F2M_11_INT_OFFSET           = 116 + OFFSET_TO_MSS_GLOBAL_INTS,
 395:/home/makro/softconsole_2022/led-hdmi-uart-switches/src/platform/mpfs_hal/common/mss_plic.h ****     PLIC_F2M_12_INT_OFFSET           = 117 + OFFSET_TO_MSS_GLOBAL_INTS,
 396:/home/makro/softconsole_2022/led-hdmi-uart-switches/src/platform/mpfs_hal/common/mss_plic.h ****     PLIC_F2M_13_INT_OFFSET           = 118 + OFFSET_TO_MSS_GLOBAL_INTS,
 397:/home/makro/softconsole_2022/led-hdmi-uart-switches/src/platform/mpfs_hal/common/mss_plic.h ****     PLIC_F2M_14_INT_OFFSET           = 119 + OFFSET_TO_MSS_GLOBAL_INTS,
 398:/home/makro/softconsole_2022/led-hdmi-uart-switches/src/platform/mpfs_hal/common/mss_plic.h ****     PLIC_F2M_15_INT_OFFSET           = 120 + OFFSET_TO_MSS_GLOBAL_INTS,
 399:/home/makro/softconsole_2022/led-hdmi-uart-switches/src/platform/mpfs_hal/common/mss_plic.h ****     PLIC_F2M_16_INT_OFFSET           = 121 + OFFSET_TO_MSS_GLOBAL_INTS,
 400:/home/makro/softconsole_2022/led-hdmi-uart-switches/src/platform/mpfs_hal/common/mss_plic.h ****     PLIC_F2M_17_INT_OFFSET           = 122 + OFFSET_TO_MSS_GLOBAL_INTS,
 401:/home/makro/softconsole_2022/led-hdmi-uart-switches/src/platform/mpfs_hal/common/mss_plic.h ****     PLIC_F2M_18_INT_OFFSET           = 123 + OFFSET_TO_MSS_GLOBAL_INTS,
 402:/home/makro/softconsole_2022/led-hdmi-uart-switches/src/platform/mpfs_hal/common/mss_plic.h ****     PLIC_F2M_19_INT_OFFSET           = 124 + OFFSET_TO_MSS_GLOBAL_INTS,
 403:/home/makro/softconsole_2022/led-hdmi-uart-switches/src/platform/mpfs_hal/common/mss_plic.h **** 
 404:/home/makro/softconsole_2022/led-hdmi-uart-switches/src/platform/mpfs_hal/common/mss_plic.h ****     PLIC_F2M_20_INT_OFFSET           = 125 + OFFSET_TO_MSS_GLOBAL_INTS,
 405:/home/makro/softconsole_2022/led-hdmi-uart-switches/src/platform/mpfs_hal/common/mss_plic.h ****     PLIC_F2M_21_INT_OFFSET           = 126 + OFFSET_TO_MSS_GLOBAL_INTS,
 406:/home/makro/softconsole_2022/led-hdmi-uart-switches/src/platform/mpfs_hal/common/mss_plic.h ****     PLIC_F2M_22_INT_OFFSET           = 127 + OFFSET_TO_MSS_GLOBAL_INTS,
 407:/home/makro/softconsole_2022/led-hdmi-uart-switches/src/platform/mpfs_hal/common/mss_plic.h ****     PLIC_F2M_23_INT_OFFSET           = 128 + OFFSET_TO_MSS_GLOBAL_INTS,
 408:/home/makro/softconsole_2022/led-hdmi-uart-switches/src/platform/mpfs_hal/common/mss_plic.h ****     PLIC_F2M_24_INT_OFFSET           = 129 + OFFSET_TO_MSS_GLOBAL_INTS,
 409:/home/makro/softconsole_2022/led-hdmi-uart-switches/src/platform/mpfs_hal/common/mss_plic.h ****     PLIC_F2M_25_INT_OFFSET           = 130 + OFFSET_TO_MSS_GLOBAL_INTS,
 410:/home/makro/softconsole_2022/led-hdmi-uart-switches/src/platform/mpfs_hal/common/mss_plic.h ****     PLIC_F2M_26_INT_OFFSET           = 131 + OFFSET_TO_MSS_GLOBAL_INTS,
 411:/home/makro/softconsole_2022/led-hdmi-uart-switches/src/platform/mpfs_hal/common/mss_plic.h ****     PLIC_F2M_27_INT_OFFSET           = 132 + OFFSET_TO_MSS_GLOBAL_INTS,
 412:/home/makro/softconsole_2022/led-hdmi-uart-switches/src/platform/mpfs_hal/common/mss_plic.h ****     PLIC_F2M_28_INT_OFFSET           = 133 + OFFSET_TO_MSS_GLOBAL_INTS,
 413:/home/makro/softconsole_2022/led-hdmi-uart-switches/src/platform/mpfs_hal/common/mss_plic.h ****     PLIC_F2M_29_INT_OFFSET           = 134 + OFFSET_TO_MSS_GLOBAL_INTS,
 414:/home/makro/softconsole_2022/led-hdmi-uart-switches/src/platform/mpfs_hal/common/mss_plic.h **** 
 415:/home/makro/softconsole_2022/led-hdmi-uart-switches/src/platform/mpfs_hal/common/mss_plic.h ****     PLIC_F2M_30_INT_OFFSET           = 135 + OFFSET_TO_MSS_GLOBAL_INTS,
 416:/home/makro/softconsole_2022/led-hdmi-uart-switches/src/platform/mpfs_hal/common/mss_plic.h ****     PLIC_F2M_31_INT_OFFSET           = 136 + OFFSET_TO_MSS_GLOBAL_INTS,
 417:/home/makro/softconsole_2022/led-hdmi-uart-switches/src/platform/mpfs_hal/common/mss_plic.h **** 
 418:/home/makro/softconsole_2022/led-hdmi-uart-switches/src/platform/mpfs_hal/common/mss_plic.h ****     PLIC_F2M_32_INT_OFFSET           = 137 + OFFSET_TO_MSS_GLOBAL_INTS,
 419:/home/makro/softconsole_2022/led-hdmi-uart-switches/src/platform/mpfs_hal/common/mss_plic.h ****     PLIC_F2M_33_INT_OFFSET           = 138 + OFFSET_TO_MSS_GLOBAL_INTS,
 420:/home/makro/softconsole_2022/led-hdmi-uart-switches/src/platform/mpfs_hal/common/mss_plic.h ****     PLIC_F2M_34_INT_OFFSET           = 139 + OFFSET_TO_MSS_GLOBAL_INTS,
 421:/home/makro/softconsole_2022/led-hdmi-uart-switches/src/platform/mpfs_hal/common/mss_plic.h ****     PLIC_F2M_35_INT_OFFSET           = 140 + OFFSET_TO_MSS_GLOBAL_INTS,
 422:/home/makro/softconsole_2022/led-hdmi-uart-switches/src/platform/mpfs_hal/common/mss_plic.h ****     PLIC_F2M_36_INT_OFFSET           = 141 + OFFSET_TO_MSS_GLOBAL_INTS,
 423:/home/makro/softconsole_2022/led-hdmi-uart-switches/src/platform/mpfs_hal/common/mss_plic.h ****     PLIC_F2M_37_INT_OFFSET           = 142 + OFFSET_TO_MSS_GLOBAL_INTS,
 424:/home/makro/softconsole_2022/led-hdmi-uart-switches/src/platform/mpfs_hal/common/mss_plic.h ****     PLIC_F2M_38_INT_OFFSET           = 143 + OFFSET_TO_MSS_GLOBAL_INTS,
 425:/home/makro/softconsole_2022/led-hdmi-uart-switches/src/platform/mpfs_hal/common/mss_plic.h ****     PLIC_F2M_39_INT_OFFSET           = 144 + OFFSET_TO_MSS_GLOBAL_INTS,
 426:/home/makro/softconsole_2022/led-hdmi-uart-switches/src/platform/mpfs_hal/common/mss_plic.h ****     PLIC_F2M_40_INT_OFFSET           = 145 + OFFSET_TO_MSS_GLOBAL_INTS,
 427:/home/makro/softconsole_2022/led-hdmi-uart-switches/src/platform/mpfs_hal/common/mss_plic.h ****     PLIC_F2M_41_INT_OFFSET           = 146 + OFFSET_TO_MSS_GLOBAL_INTS,
 428:/home/makro/softconsole_2022/led-hdmi-uart-switches/src/platform/mpfs_hal/common/mss_plic.h **** 
 429:/home/makro/softconsole_2022/led-hdmi-uart-switches/src/platform/mpfs_hal/common/mss_plic.h ****     PLIC_F2M_42_INT_OFFSET           = 147 + OFFSET_TO_MSS_GLOBAL_INTS,
 430:/home/makro/softconsole_2022/led-hdmi-uart-switches/src/platform/mpfs_hal/common/mss_plic.h ****     PLIC_F2M_43_INT_OFFSET           = 148 + OFFSET_TO_MSS_GLOBAL_INTS,
 431:/home/makro/softconsole_2022/led-hdmi-uart-switches/src/platform/mpfs_hal/common/mss_plic.h ****     PLIC_F2M_44_INT_OFFSET           = 149 + OFFSET_TO_MSS_GLOBAL_INTS,
 432:/home/makro/softconsole_2022/led-hdmi-uart-switches/src/platform/mpfs_hal/common/mss_plic.h ****     PLIC_F2M_45_INT_OFFSET           = 150 + OFFSET_TO_MSS_GLOBAL_INTS,
 433:/home/makro/softconsole_2022/led-hdmi-uart-switches/src/platform/mpfs_hal/common/mss_plic.h ****     PLIC_F2M_46_INT_OFFSET           = 151 + OFFSET_TO_MSS_GLOBAL_INTS,
 434:/home/makro/softconsole_2022/led-hdmi-uart-switches/src/platform/mpfs_hal/common/mss_plic.h ****     PLIC_F2M_47_INT_OFFSET           = 152 + OFFSET_TO_MSS_GLOBAL_INTS,
 435:/home/makro/softconsole_2022/led-hdmi-uart-switches/src/platform/mpfs_hal/common/mss_plic.h ****     PLIC_F2M_48_INT_OFFSET           = 153 + OFFSET_TO_MSS_GLOBAL_INTS,
 436:/home/makro/softconsole_2022/led-hdmi-uart-switches/src/platform/mpfs_hal/common/mss_plic.h ****     PLIC_F2M_49_INT_OFFSET           = 154 + OFFSET_TO_MSS_GLOBAL_INTS,
 437:/home/makro/softconsole_2022/led-hdmi-uart-switches/src/platform/mpfs_hal/common/mss_plic.h ****     PLIC_F2M_50_INT_OFFSET           = 155 + OFFSET_TO_MSS_GLOBAL_INTS,
 438:/home/makro/softconsole_2022/led-hdmi-uart-switches/src/platform/mpfs_hal/common/mss_plic.h ****     PLIC_F2M_51_INT_OFFSET           = 156 + OFFSET_TO_MSS_GLOBAL_INTS,
 439:/home/makro/softconsole_2022/led-hdmi-uart-switches/src/platform/mpfs_hal/common/mss_plic.h **** 
 440:/home/makro/softconsole_2022/led-hdmi-uart-switches/src/platform/mpfs_hal/common/mss_plic.h ****     PLIC_F2M_52_INT_OFFSET           = 157 + OFFSET_TO_MSS_GLOBAL_INTS,
 441:/home/makro/softconsole_2022/led-hdmi-uart-switches/src/platform/mpfs_hal/common/mss_plic.h ****     PLIC_F2M_53_INT_OFFSET           = 158 + OFFSET_TO_MSS_GLOBAL_INTS,
 442:/home/makro/softconsole_2022/led-hdmi-uart-switches/src/platform/mpfs_hal/common/mss_plic.h ****     PLIC_F2M_54_INT_OFFSET           = 159 + OFFSET_TO_MSS_GLOBAL_INTS,
 443:/home/makro/softconsole_2022/led-hdmi-uart-switches/src/platform/mpfs_hal/common/mss_plic.h ****     PLIC_F2M_55_INT_OFFSET           = 160 + OFFSET_TO_MSS_GLOBAL_INTS,
 444:/home/makro/softconsole_2022/led-hdmi-uart-switches/src/platform/mpfs_hal/common/mss_plic.h ****     PLIC_F2M_56_INT_OFFSET           = 161 + OFFSET_TO_MSS_GLOBAL_INTS,
 445:/home/makro/softconsole_2022/led-hdmi-uart-switches/src/platform/mpfs_hal/common/mss_plic.h ****     PLIC_F2M_57_INT_OFFSET           = 162 + OFFSET_TO_MSS_GLOBAL_INTS,
 446:/home/makro/softconsole_2022/led-hdmi-uart-switches/src/platform/mpfs_hal/common/mss_plic.h ****     PLIC_F2M_58_INT_OFFSET           = 163 + OFFSET_TO_MSS_GLOBAL_INTS,
 447:/home/makro/softconsole_2022/led-hdmi-uart-switches/src/platform/mpfs_hal/common/mss_plic.h ****     PLIC_F2M_59_INT_OFFSET           = 164 + OFFSET_TO_MSS_GLOBAL_INTS,
 448:/home/makro/softconsole_2022/led-hdmi-uart-switches/src/platform/mpfs_hal/common/mss_plic.h ****     PLIC_F2M_60_INT_OFFSET           = 165 + OFFSET_TO_MSS_GLOBAL_INTS,
 449:/home/makro/softconsole_2022/led-hdmi-uart-switches/src/platform/mpfs_hal/common/mss_plic.h ****     PLIC_F2M_61_INT_OFFSET           = 166 + OFFSET_TO_MSS_GLOBAL_INTS,
 450:/home/makro/softconsole_2022/led-hdmi-uart-switches/src/platform/mpfs_hal/common/mss_plic.h **** 
 451:/home/makro/softconsole_2022/led-hdmi-uart-switches/src/platform/mpfs_hal/common/mss_plic.h ****     PLIC_F2M_62_INT_OFFSET           = 167 + OFFSET_TO_MSS_GLOBAL_INTS,
 452:/home/makro/softconsole_2022/led-hdmi-uart-switches/src/platform/mpfs_hal/common/mss_plic.h ****     PLIC_F2M_63_INT_OFFSET           = 168 + OFFSET_TO_MSS_GLOBAL_INTS,
 453:/home/makro/softconsole_2022/led-hdmi-uart-switches/src/platform/mpfs_hal/common/mss_plic.h **** 
 454:/home/makro/softconsole_2022/led-hdmi-uart-switches/src/platform/mpfs_hal/common/mss_plic.h ****     PLIC_E51_BUS_ERROR_UNIT_OFFSET        = 182,
 455:/home/makro/softconsole_2022/led-hdmi-uart-switches/src/platform/mpfs_hal/common/mss_plic.h ****     PLIC_U54_1_BUS_ERROR_UNIT_OFFSET      = 183,
 456:/home/makro/softconsole_2022/led-hdmi-uart-switches/src/platform/mpfs_hal/common/mss_plic.h ****     PLIC_U54_2_BUS_ERROR_UNIT_OFFSET      = 184,
 457:/home/makro/softconsole_2022/led-hdmi-uart-switches/src/platform/mpfs_hal/common/mss_plic.h ****     PLIC_U54_3_BUS_ERROR_UNIT_OFFSET      = 185,
 458:/home/makro/softconsole_2022/led-hdmi-uart-switches/src/platform/mpfs_hal/common/mss_plic.h ****     PLIC_U54_4_BUS_ERROR_UNIT_OFFSET      = 186
 459:/home/makro/softconsole_2022/led-hdmi-uart-switches/src/platform/mpfs_hal/common/mss_plic.h **** 
 460:/home/makro/softconsole_2022/led-hdmi-uart-switches/src/platform/mpfs_hal/common/mss_plic.h **** } PLIC_IRQn_Type;
 461:/home/makro/softconsole_2022/led-hdmi-uart-switches/src/platform/mpfs_hal/common/mss_plic.h **** 
 462:/home/makro/softconsole_2022/led-hdmi-uart-switches/src/platform/mpfs_hal/common/mss_plic.h **** #define MAX_PLIC_INT PLIC_U54_4_BUS_ERROR_UNIT_OFFSET
 463:/home/makro/softconsole_2022/led-hdmi-uart-switches/src/platform/mpfs_hal/common/mss_plic.h **** 
 464:/home/makro/softconsole_2022/led-hdmi-uart-switches/src/platform/mpfs_hal/common/mss_plic.h **** typedef struct
 465:/home/makro/softconsole_2022/led-hdmi-uart-switches/src/platform/mpfs_hal/common/mss_plic.h **** {
 466:/home/makro/softconsole_2022/led-hdmi-uart-switches/src/platform/mpfs_hal/common/mss_plic.h ****     volatile uint32_t PRIORITY_THRESHOLD;
 467:/home/makro/softconsole_2022/led-hdmi-uart-switches/src/platform/mpfs_hal/common/mss_plic.h ****     volatile uint32_t CLAIM_COMPLETE;
 468:/home/makro/softconsole_2022/led-hdmi-uart-switches/src/platform/mpfs_hal/common/mss_plic.h ****     volatile uint32_t reserved[(0x1000/4)-2];
 469:/home/makro/softconsole_2022/led-hdmi-uart-switches/src/platform/mpfs_hal/common/mss_plic.h **** } IRQ_Target_Type;
 470:/home/makro/softconsole_2022/led-hdmi-uart-switches/src/platform/mpfs_hal/common/mss_plic.h **** 
 471:/home/makro/softconsole_2022/led-hdmi-uart-switches/src/platform/mpfs_hal/common/mss_plic.h **** typedef struct
 472:/home/makro/softconsole_2022/led-hdmi-uart-switches/src/platform/mpfs_hal/common/mss_plic.h **** {
 473:/home/makro/softconsole_2022/led-hdmi-uart-switches/src/platform/mpfs_hal/common/mss_plic.h ****     volatile uint32_t ENABLES[32U];
 474:/home/makro/softconsole_2022/led-hdmi-uart-switches/src/platform/mpfs_hal/common/mss_plic.h **** } Target_Enables_Type;
 475:/home/makro/softconsole_2022/led-hdmi-uart-switches/src/platform/mpfs_hal/common/mss_plic.h **** 
 476:/home/makro/softconsole_2022/led-hdmi-uart-switches/src/platform/mpfs_hal/common/mss_plic.h **** 
 477:/home/makro/softconsole_2022/led-hdmi-uart-switches/src/platform/mpfs_hal/common/mss_plic.h **** #define PLIC_SET_UP_REGISTERS 6U
 478:/home/makro/softconsole_2022/led-hdmi-uart-switches/src/platform/mpfs_hal/common/mss_plic.h **** 
 479:/home/makro/softconsole_2022/led-hdmi-uart-switches/src/platform/mpfs_hal/common/mss_plic.h **** #define PLIC_NUM_SOURCES 187U
 480:/home/makro/softconsole_2022/led-hdmi-uart-switches/src/platform/mpfs_hal/common/mss_plic.h **** 
 481:/home/makro/softconsole_2022/led-hdmi-uart-switches/src/platform/mpfs_hal/common/mss_plic.h **** #define PLIC_NUM_PRIORITIES 7U
 482:/home/makro/softconsole_2022/led-hdmi-uart-switches/src/platform/mpfs_hal/common/mss_plic.h **** #define NUM_CLAIM_REGS      9U
 483:/home/makro/softconsole_2022/led-hdmi-uart-switches/src/platform/mpfs_hal/common/mss_plic.h **** 
 484:/home/makro/softconsole_2022/led-hdmi-uart-switches/src/platform/mpfs_hal/common/mss_plic.h **** 
 485:/home/makro/softconsole_2022/led-hdmi-uart-switches/src/platform/mpfs_hal/common/mss_plic.h **** /* The FU540-C000 has 53 interrupt sources. */
 486:/home/makro/softconsole_2022/led-hdmi-uart-switches/src/platform/mpfs_hal/common/mss_plic.h ****  typedef struct
 487:/home/makro/softconsole_2022/led-hdmi-uart-switches/src/platform/mpfs_hal/common/mss_plic.h **** {
 488:/home/makro/softconsole_2022/led-hdmi-uart-switches/src/platform/mpfs_hal/common/mss_plic.h ****     volatile uint32_t RESERVED0;
 489:/home/makro/softconsole_2022/led-hdmi-uart-switches/src/platform/mpfs_hal/common/mss_plic.h ****     /*-------------------- Source Priority --------------------*/
 490:/home/makro/softconsole_2022/led-hdmi-uart-switches/src/platform/mpfs_hal/common/mss_plic.h ****     volatile uint32_t SOURCE_PRIORITY[PLIC_NUM_SOURCES];
 491:/home/makro/softconsole_2022/led-hdmi-uart-switches/src/platform/mpfs_hal/common/mss_plic.h ****     volatile uint32_t RESERVED1[(0x1000 / 4) - (PLIC_NUM_SOURCES + 1)];
 492:/home/makro/softconsole_2022/led-hdmi-uart-switches/src/platform/mpfs_hal/common/mss_plic.h ****     /*-------------------- Pending array --------------------*/
 493:/home/makro/softconsole_2022/led-hdmi-uart-switches/src/platform/mpfs_hal/common/mss_plic.h ****     volatile const uint32_t PENDING_ARRAY[PLIC_SET_UP_REGISTERS];
 494:/home/makro/softconsole_2022/led-hdmi-uart-switches/src/platform/mpfs_hal/common/mss_plic.h ****     volatile uint32_t RESERVED2[(0x1000/4) - PLIC_SET_UP_REGISTERS];
 495:/home/makro/softconsole_2022/led-hdmi-uart-switches/src/platform/mpfs_hal/common/mss_plic.h **** 
 496:/home/makro/softconsole_2022/led-hdmi-uart-switches/src/platform/mpfs_hal/common/mss_plic.h ****     /*-----------------Hart0 Mode Enables--------------------*/
 497:/home/makro/softconsole_2022/led-hdmi-uart-switches/src/platform/mpfs_hal/common/mss_plic.h ****     volatile uint32_t HART0_MMODE_ENA[PLIC_SET_UP_REGISTERS];
 498:/home/makro/softconsole_2022/led-hdmi-uart-switches/src/platform/mpfs_hal/common/mss_plic.h ****     volatile uint32_t RESERVED3[(0x80/4) - PLIC_SET_UP_REGISTERS];
 499:/home/makro/softconsole_2022/led-hdmi-uart-switches/src/platform/mpfs_hal/common/mss_plic.h **** 
 500:/home/makro/softconsole_2022/led-hdmi-uart-switches/src/platform/mpfs_hal/common/mss_plic.h ****     /*-----------------Hart1 Mode Enables--------------------*/
 501:/home/makro/softconsole_2022/led-hdmi-uart-switches/src/platform/mpfs_hal/common/mss_plic.h ****     volatile uint32_t HART1_MMODE_ENA[PLIC_SET_UP_REGISTERS];
 502:/home/makro/softconsole_2022/led-hdmi-uart-switches/src/platform/mpfs_hal/common/mss_plic.h ****     volatile uint32_t RESERVED4a[(0x80/4) - PLIC_SET_UP_REGISTERS];
 503:/home/makro/softconsole_2022/led-hdmi-uart-switches/src/platform/mpfs_hal/common/mss_plic.h ****     volatile uint32_t HART1_SMODE_ENA[PLIC_SET_UP_REGISTERS];
 504:/home/makro/softconsole_2022/led-hdmi-uart-switches/src/platform/mpfs_hal/common/mss_plic.h ****     volatile uint32_t RESERVED4[(0x80/4) - PLIC_SET_UP_REGISTERS];
 505:/home/makro/softconsole_2022/led-hdmi-uart-switches/src/platform/mpfs_hal/common/mss_plic.h **** 
 506:/home/makro/softconsole_2022/led-hdmi-uart-switches/src/platform/mpfs_hal/common/mss_plic.h ****     /*-----------------Hart2 Mode Enables--------------------*/
 507:/home/makro/softconsole_2022/led-hdmi-uart-switches/src/platform/mpfs_hal/common/mss_plic.h ****     volatile uint32_t HART2_MMODE_ENA[PLIC_SET_UP_REGISTERS];
 508:/home/makro/softconsole_2022/led-hdmi-uart-switches/src/platform/mpfs_hal/common/mss_plic.h ****     volatile uint32_t RESERVED5a[(0x80/4) - PLIC_SET_UP_REGISTERS];
 509:/home/makro/softconsole_2022/led-hdmi-uart-switches/src/platform/mpfs_hal/common/mss_plic.h ****     volatile uint32_t HART2_SMODE_ENA[PLIC_SET_UP_REGISTERS];
 510:/home/makro/softconsole_2022/led-hdmi-uart-switches/src/platform/mpfs_hal/common/mss_plic.h ****     volatile uint32_t RESERVED5[(0x80/4) - PLIC_SET_UP_REGISTERS];
 511:/home/makro/softconsole_2022/led-hdmi-uart-switches/src/platform/mpfs_hal/common/mss_plic.h **** 
 512:/home/makro/softconsole_2022/led-hdmi-uart-switches/src/platform/mpfs_hal/common/mss_plic.h ****     /*-----------------Hart3 Mode Enables--------------------*/
 513:/home/makro/softconsole_2022/led-hdmi-uart-switches/src/platform/mpfs_hal/common/mss_plic.h ****     volatile uint32_t HART3_MMODE_ENA[PLIC_SET_UP_REGISTERS];
 514:/home/makro/softconsole_2022/led-hdmi-uart-switches/src/platform/mpfs_hal/common/mss_plic.h ****     volatile uint32_t RESERVED6a[(0x80/4) - PLIC_SET_UP_REGISTERS];
 515:/home/makro/softconsole_2022/led-hdmi-uart-switches/src/platform/mpfs_hal/common/mss_plic.h ****     volatile uint32_t HART3_SMODE_ENA[PLIC_SET_UP_REGISTERS];
 516:/home/makro/softconsole_2022/led-hdmi-uart-switches/src/platform/mpfs_hal/common/mss_plic.h ****     volatile uint32_t RESERVED6[(0x80/4) - PLIC_SET_UP_REGISTERS];
 517:/home/makro/softconsole_2022/led-hdmi-uart-switches/src/platform/mpfs_hal/common/mss_plic.h **** 
 518:/home/makro/softconsole_2022/led-hdmi-uart-switches/src/platform/mpfs_hal/common/mss_plic.h ****     /*-----------------Hart4 Mode Enables--------------------*/
 519:/home/makro/softconsole_2022/led-hdmi-uart-switches/src/platform/mpfs_hal/common/mss_plic.h ****     volatile uint32_t HART4_MMODE_ENA[PLIC_SET_UP_REGISTERS];
 520:/home/makro/softconsole_2022/led-hdmi-uart-switches/src/platform/mpfs_hal/common/mss_plic.h ****     volatile uint32_t RESERVED7a[(0x80/4) - PLIC_SET_UP_REGISTERS];
 521:/home/makro/softconsole_2022/led-hdmi-uart-switches/src/platform/mpfs_hal/common/mss_plic.h ****     volatile uint32_t HART4_SMODE_ENA[PLIC_SET_UP_REGISTERS];
 522:/home/makro/softconsole_2022/led-hdmi-uart-switches/src/platform/mpfs_hal/common/mss_plic.h ****     volatile uint32_t RESERVED7[(0x80/4) - PLIC_SET_UP_REGISTERS];
 523:/home/makro/softconsole_2022/led-hdmi-uart-switches/src/platform/mpfs_hal/common/mss_plic.h **** 
 524:/home/makro/softconsole_2022/led-hdmi-uart-switches/src/platform/mpfs_hal/common/mss_plic.h ****     volatile uint32_t RESERVED8[(0x0C200000 - 0x0C002480)/4];
 525:/home/makro/softconsole_2022/led-hdmi-uart-switches/src/platform/mpfs_hal/common/mss_plic.h **** 
 526:/home/makro/softconsole_2022/led-hdmi-uart-switches/src/platform/mpfs_hal/common/mss_plic.h ****     /*--- Target Priority threshold and claim/complete---------*/
 527:/home/makro/softconsole_2022/led-hdmi-uart-switches/src/platform/mpfs_hal/common/mss_plic.h ****     IRQ_Target_Type TARGET[NUM_CLAIM_REGS];   /* See PLIC Register Map or
 528:/home/makro/softconsole_2022/led-hdmi-uart-switches/src/platform/mpfs_hal/common/mss_plic.h ****                                                  TARGET_OFFSET defines below
 529:/home/makro/softconsole_2022/led-hdmi-uart-switches/src/platform/mpfs_hal/common/mss_plic.h ****                                                  for offset details */
 530:/home/makro/softconsole_2022/led-hdmi-uart-switches/src/platform/mpfs_hal/common/mss_plic.h **** 
 531:/home/makro/softconsole_2022/led-hdmi-uart-switches/src/platform/mpfs_hal/common/mss_plic.h **** } PLIC_Type;
 532:/home/makro/softconsole_2022/led-hdmi-uart-switches/src/platform/mpfs_hal/common/mss_plic.h **** 
 533:/home/makro/softconsole_2022/led-hdmi-uart-switches/src/platform/mpfs_hal/common/mss_plic.h **** #define TARGET_OFFSET_HART0_M 0U
 534:/home/makro/softconsole_2022/led-hdmi-uart-switches/src/platform/mpfs_hal/common/mss_plic.h **** #define TARGET_OFFSET_HART1_M 1U
 535:/home/makro/softconsole_2022/led-hdmi-uart-switches/src/platform/mpfs_hal/common/mss_plic.h **** #define TARGET_OFFSET_HART1_S 2U
 536:/home/makro/softconsole_2022/led-hdmi-uart-switches/src/platform/mpfs_hal/common/mss_plic.h **** #define TARGET_OFFSET_HART2_M 3U
 537:/home/makro/softconsole_2022/led-hdmi-uart-switches/src/platform/mpfs_hal/common/mss_plic.h **** #define TARGET_OFFSET_HART2_S 4U
 538:/home/makro/softconsole_2022/led-hdmi-uart-switches/src/platform/mpfs_hal/common/mss_plic.h **** #define TARGET_OFFSET_HART3_M 5U
 539:/home/makro/softconsole_2022/led-hdmi-uart-switches/src/platform/mpfs_hal/common/mss_plic.h **** #define TARGET_OFFSET_HART3_S 6U
 540:/home/makro/softconsole_2022/led-hdmi-uart-switches/src/platform/mpfs_hal/common/mss_plic.h **** #define TARGET_OFFSET_HART4_M 7U
 541:/home/makro/softconsole_2022/led-hdmi-uart-switches/src/platform/mpfs_hal/common/mss_plic.h **** #define TARGET_OFFSET_HART4_S 8U
 542:/home/makro/softconsole_2022/led-hdmi-uart-switches/src/platform/mpfs_hal/common/mss_plic.h **** 
 543:/home/makro/softconsole_2022/led-hdmi-uart-switches/src/platform/mpfs_hal/common/mss_plic.h **** extern const unsigned long plic_hart_lookup[5U];
 544:/home/makro/softconsole_2022/led-hdmi-uart-switches/src/platform/mpfs_hal/common/mss_plic.h **** 
 545:/home/makro/softconsole_2022/led-hdmi-uart-switches/src/platform/mpfs_hal/common/mss_plic.h **** /***************************************************************************//**
 546:/home/makro/softconsole_2022/led-hdmi-uart-switches/src/platform/mpfs_hal/common/mss_plic.h ****  * PLIC: Platform Level Interrupt Controller
 547:/home/makro/softconsole_2022/led-hdmi-uart-switches/src/platform/mpfs_hal/common/mss_plic.h ****  */
 548:/home/makro/softconsole_2022/led-hdmi-uart-switches/src/platform/mpfs_hal/common/mss_plic.h **** #define PLIC_BASE_ADDR 0x0C000000UL
 549:/home/makro/softconsole_2022/led-hdmi-uart-switches/src/platform/mpfs_hal/common/mss_plic.h **** 
 550:/home/makro/softconsole_2022/led-hdmi-uart-switches/src/platform/mpfs_hal/common/mss_plic.h **** #define PLIC    ((PLIC_Type * const)PLIC_BASE_ADDR)
 551:/home/makro/softconsole_2022/led-hdmi-uart-switches/src/platform/mpfs_hal/common/mss_plic.h **** 
 552:/home/makro/softconsole_2022/led-hdmi-uart-switches/src/platform/mpfs_hal/common/mss_plic.h **** /*-------------------------------------------------------------------------*//**
 553:/home/makro/softconsole_2022/led-hdmi-uart-switches/src/platform/mpfs_hal/common/mss_plic.h ****  * The function PLIC_init() initializes the PLIC controller and enables the
 554:/home/makro/softconsole_2022/led-hdmi-uart-switches/src/platform/mpfs_hal/common/mss_plic.h ****  * global external interrupt bit.
 555:/home/makro/softconsole_2022/led-hdmi-uart-switches/src/platform/mpfs_hal/common/mss_plic.h ****  */
 556:/home/makro/softconsole_2022/led-hdmi-uart-switches/src/platform/mpfs_hal/common/mss_plic.h **** 
 557:/home/makro/softconsole_2022/led-hdmi-uart-switches/src/platform/mpfs_hal/common/mss_plic.h **** /*-----------------Hart Mode Enables--------------------*/
 558:/home/makro/softconsole_2022/led-hdmi-uart-switches/src/platform/mpfs_hal/common/mss_plic.h **** 
 559:/home/makro/softconsole_2022/led-hdmi-uart-switches/src/platform/mpfs_hal/common/mss_plic.h **** static inline void PLIC_init(void)
 560:/home/makro/softconsole_2022/led-hdmi-uart-switches/src/platform/mpfs_hal/common/mss_plic.h **** {
 561:/home/makro/softconsole_2022/led-hdmi-uart-switches/src/platform/mpfs_hal/common/mss_plic.h ****     uint32_t inc;
 230              		.loc 3 561 5
 562:/home/makro/softconsole_2022/led-hdmi-uart-switches/src/platform/mpfs_hal/common/mss_plic.h ****     uint64_t hart_id  = read_csr(mhartid);
 231              		.loc 3 562 5
 232              	.LBB33:
 233              		.loc 3 562 25
 234              		.loc 3 562 25
 235              	 #APP
 236              	# 562 "/home/makro/softconsole_2022/led-hdmi-uart-switches/src/platform/mpfs_hal/common/mss_plic.h"
 563              	
 237              		csrr a5, mhartid
 238              	# 0 "" 2
 239              	.LVL10:
 562:/home/makro/softconsole_2022/led-hdmi-uart-switches/src/platform/mpfs_hal/common/mss_plic.h ****     uint64_t hart_id  = read_csr(mhartid);
 240              		.loc 3 562 25
 241              	 #NO_APP
 242              	.LBE33:
 564:/home/makro/softconsole_2022/led-hdmi-uart-switches/src/platform/mpfs_hal/common/mss_plic.h ****     /* Disable all interrupts for the current hart. */
 565:/home/makro/softconsole_2022/led-hdmi-uart-switches/src/platform/mpfs_hal/common/mss_plic.h ****     switch(hart_id)
 243              		.loc 3 565 5
 244 002c 1147     		li	a4,4
 245 002e 636DF702 		bgtu	a5,a4,.L10
 246 0032 17070000 		lla	a4,.L12
 246      13070700 
 247 003a 8A07     		slli	a5,a5,2
 248              	.LVL11:
 249 003c BA97     		add	a5,a5,a4
 250 003e 9C43     		lw	a5,0(a5)
 251 0040 BA97     		add	a5,a5,a4
 252 0042 8287     		jr	a5
 253              		.section	.rodata.e51,"a",@progbits
 254              		.align	2
 255              		.align	2
 256              	.L12:
 257 0000 00000000 		.word	.L16-.L12
 258 0004 00000000 		.word	.L39-.L12
 259 0008 00000000 		.word	.L40-.L12
 260 000c 00000000 		.word	.L41-.L12
 261 0010 00000000 		.word	.L42-.L12
 262              		.section	.text.e51
 263              	.L16:
 264              	.LVL12:
 566:/home/makro/softconsole_2022/led-hdmi-uart-switches/src/platform/mpfs_hal/common/mss_plic.h ****     {
 567:/home/makro/softconsole_2022/led-hdmi-uart-switches/src/platform/mpfs_hal/common/mss_plic.h ****         case 0:
 568:/home/makro/softconsole_2022/led-hdmi-uart-switches/src/platform/mpfs_hal/common/mss_plic.h ****             for(inc = 0UL; inc < PLIC_SET_UP_REGISTERS; inc++)
 569:/home/makro/softconsole_2022/led-hdmi-uart-switches/src/platform/mpfs_hal/common/mss_plic.h ****             {
 570:/home/makro/softconsole_2022/led-hdmi-uart-switches/src/platform/mpfs_hal/common/mss_plic.h ****                 PLIC->HART0_MMODE_ENA[inc] = 0U;
 265              		.loc 3 570 17
 266              		.loc 3 570 44 is_stmt 0
 267 0044 B727000C 		li	a5,201334784
 268 0048 23A00700 		sw	zero,0(a5)
 269              	.LVL13:
 270              		.loc 3 570 17 is_stmt 1
 271              		.loc 3 570 44 is_stmt 0
 272 004c 23A20700 		sw	zero,4(a5)
 273              	.LVL14:
 274              		.loc 3 570 17 is_stmt 1
 275              		.loc 3 570 44 is_stmt 0
 276 0050 23A40700 		sw	zero,8(a5)
 277              	.LVL15:
 278              		.loc 3 570 17 is_stmt 1
 279              		.loc 3 570 44 is_stmt 0
 280 0054 23A60700 		sw	zero,12(a5)
 281              	.LVL16:
 282              		.loc 3 570 17 is_stmt 1
 283              		.loc 3 570 44 is_stmt 0
 284 0058 23A80700 		sw	zero,16(a5)
 285              	.LVL17:
 286              		.loc 3 570 17 is_stmt 1
 287              		.loc 3 570 44 is_stmt 0
 288 005c 23AA0700 		sw	zero,20(a5)
 289              	.LVL18:
 571:/home/makro/softconsole_2022/led-hdmi-uart-switches/src/platform/mpfs_hal/common/mss_plic.h ****             }
 572:/home/makro/softconsole_2022/led-hdmi-uart-switches/src/platform/mpfs_hal/common/mss_plic.h **** 
 573:/home/makro/softconsole_2022/led-hdmi-uart-switches/src/platform/mpfs_hal/common/mss_plic.h ****             /* Set the threshold to zero.
 574:/home/makro/softconsole_2022/led-hdmi-uart-switches/src/platform/mpfs_hal/common/mss_plic.h ****              * PLIC provides context based threshold register for the settings of a
 575:/home/makro/softconsole_2022/led-hdmi-uart-switches/src/platform/mpfs_hal/common/mss_plic.h ****              * interrupt priority threshold of each context. The threshold register
 576:/home/makro/softconsole_2022/led-hdmi-uart-switches/src/platform/mpfs_hal/common/mss_plic.h ****              * is a WARL field. The PLIC will mask all PLIC interrupts of a priority
 577:/home/makro/softconsole_2022/led-hdmi-uart-switches/src/platform/mpfs_hal/common/mss_plic.h ****              * less than or equal to threshold. For example, a threshold value of zero
 578:/home/makro/softconsole_2022/led-hdmi-uart-switches/src/platform/mpfs_hal/common/mss_plic.h ****              * permits all interrupts with non-zero priority.*/
 579:/home/makro/softconsole_2022/led-hdmi-uart-switches/src/platform/mpfs_hal/common/mss_plic.h **** 
 580:/home/makro/softconsole_2022/led-hdmi-uart-switches/src/platform/mpfs_hal/common/mss_plic.h ****             PLIC->TARGET[TARGET_OFFSET_HART0_M].PRIORITY_THRESHOLD  = 0U;
 290              		.loc 3 580 13 is_stmt 1
 291              		.loc 3 580 69 is_stmt 0
 292 0060 B707200C 		li	a5,203423744
 293 0064 23A00700 		sw	zero,0(a5)
 581:/home/makro/softconsole_2022/led-hdmi-uart-switches/src/platform/mpfs_hal/common/mss_plic.h ****             break;
 294              		.loc 3 581 13 is_stmt 1
 295              	.LVL19:
 296              	.L10:
 582:/home/makro/softconsole_2022/led-hdmi-uart-switches/src/platform/mpfs_hal/common/mss_plic.h ****         case 1:
 583:/home/makro/softconsole_2022/led-hdmi-uart-switches/src/platform/mpfs_hal/common/mss_plic.h ****             for(inc = 0UL; inc < PLIC_SET_UP_REGISTERS; inc++)
 584:/home/makro/softconsole_2022/led-hdmi-uart-switches/src/platform/mpfs_hal/common/mss_plic.h ****             {
 585:/home/makro/softconsole_2022/led-hdmi-uart-switches/src/platform/mpfs_hal/common/mss_plic.h ****                 PLIC->HART1_MMODE_ENA[inc] = 0U;
 586:/home/makro/softconsole_2022/led-hdmi-uart-switches/src/platform/mpfs_hal/common/mss_plic.h ****                 PLIC->HART1_SMODE_ENA[inc] = 0U;
 587:/home/makro/softconsole_2022/led-hdmi-uart-switches/src/platform/mpfs_hal/common/mss_plic.h ****             }
 588:/home/makro/softconsole_2022/led-hdmi-uart-switches/src/platform/mpfs_hal/common/mss_plic.h **** 
 589:/home/makro/softconsole_2022/led-hdmi-uart-switches/src/platform/mpfs_hal/common/mss_plic.h ****             PLIC->TARGET[TARGET_OFFSET_HART1_M].PRIORITY_THRESHOLD  = 0U;
 590:/home/makro/softconsole_2022/led-hdmi-uart-switches/src/platform/mpfs_hal/common/mss_plic.h ****             /* Disable supervisor level */
 591:/home/makro/softconsole_2022/led-hdmi-uart-switches/src/platform/mpfs_hal/common/mss_plic.h ****             PLIC->TARGET[TARGET_OFFSET_HART1_S].PRIORITY_THRESHOLD  = 7U;
 592:/home/makro/softconsole_2022/led-hdmi-uart-switches/src/platform/mpfs_hal/common/mss_plic.h ****             break;
 593:/home/makro/softconsole_2022/led-hdmi-uart-switches/src/platform/mpfs_hal/common/mss_plic.h ****         case 2:
 594:/home/makro/softconsole_2022/led-hdmi-uart-switches/src/platform/mpfs_hal/common/mss_plic.h ****             for(inc = 0UL; inc < PLIC_SET_UP_REGISTERS; inc++)
 595:/home/makro/softconsole_2022/led-hdmi-uart-switches/src/platform/mpfs_hal/common/mss_plic.h ****             {
 596:/home/makro/softconsole_2022/led-hdmi-uart-switches/src/platform/mpfs_hal/common/mss_plic.h ****                 PLIC->HART2_MMODE_ENA[inc] = 0U;
 597:/home/makro/softconsole_2022/led-hdmi-uart-switches/src/platform/mpfs_hal/common/mss_plic.h ****                 PLIC->HART2_SMODE_ENA[inc] = 0U;
 598:/home/makro/softconsole_2022/led-hdmi-uart-switches/src/platform/mpfs_hal/common/mss_plic.h ****             }
 599:/home/makro/softconsole_2022/led-hdmi-uart-switches/src/platform/mpfs_hal/common/mss_plic.h **** 
 600:/home/makro/softconsole_2022/led-hdmi-uart-switches/src/platform/mpfs_hal/common/mss_plic.h ****             PLIC->TARGET[TARGET_OFFSET_HART2_M].PRIORITY_THRESHOLD  = 0U;
 601:/home/makro/softconsole_2022/led-hdmi-uart-switches/src/platform/mpfs_hal/common/mss_plic.h ****             /* Disable supervisor level */
 602:/home/makro/softconsole_2022/led-hdmi-uart-switches/src/platform/mpfs_hal/common/mss_plic.h ****             PLIC->TARGET[TARGET_OFFSET_HART2_S].PRIORITY_THRESHOLD  = 7U;
 603:/home/makro/softconsole_2022/led-hdmi-uart-switches/src/platform/mpfs_hal/common/mss_plic.h ****             break;
 604:/home/makro/softconsole_2022/led-hdmi-uart-switches/src/platform/mpfs_hal/common/mss_plic.h ****         case 3:
 605:/home/makro/softconsole_2022/led-hdmi-uart-switches/src/platform/mpfs_hal/common/mss_plic.h ****             for(inc = 0UL; inc < PLIC_SET_UP_REGISTERS; inc++)
 606:/home/makro/softconsole_2022/led-hdmi-uart-switches/src/platform/mpfs_hal/common/mss_plic.h ****             {
 607:/home/makro/softconsole_2022/led-hdmi-uart-switches/src/platform/mpfs_hal/common/mss_plic.h ****                 PLIC->HART3_MMODE_ENA[inc] = 0U;
 608:/home/makro/softconsole_2022/led-hdmi-uart-switches/src/platform/mpfs_hal/common/mss_plic.h ****                 PLIC->HART3_SMODE_ENA[inc] = 0U;
 609:/home/makro/softconsole_2022/led-hdmi-uart-switches/src/platform/mpfs_hal/common/mss_plic.h ****             }
 610:/home/makro/softconsole_2022/led-hdmi-uart-switches/src/platform/mpfs_hal/common/mss_plic.h **** 
 611:/home/makro/softconsole_2022/led-hdmi-uart-switches/src/platform/mpfs_hal/common/mss_plic.h ****             PLIC->TARGET[TARGET_OFFSET_HART3_M].PRIORITY_THRESHOLD  = 0U;
 612:/home/makro/softconsole_2022/led-hdmi-uart-switches/src/platform/mpfs_hal/common/mss_plic.h ****             /* Disable supervisor level */
 613:/home/makro/softconsole_2022/led-hdmi-uart-switches/src/platform/mpfs_hal/common/mss_plic.h ****             PLIC->TARGET[TARGET_OFFSET_HART3_S].PRIORITY_THRESHOLD  = 7U;
 614:/home/makro/softconsole_2022/led-hdmi-uart-switches/src/platform/mpfs_hal/common/mss_plic.h ****             break;
 615:/home/makro/softconsole_2022/led-hdmi-uart-switches/src/platform/mpfs_hal/common/mss_plic.h ****         case 4:
 616:/home/makro/softconsole_2022/led-hdmi-uart-switches/src/platform/mpfs_hal/common/mss_plic.h ****             for(inc = 0UL; inc < PLIC_SET_UP_REGISTERS; inc++)
 617:/home/makro/softconsole_2022/led-hdmi-uart-switches/src/platform/mpfs_hal/common/mss_plic.h ****             {
 618:/home/makro/softconsole_2022/led-hdmi-uart-switches/src/platform/mpfs_hal/common/mss_plic.h ****                 PLIC->HART4_MMODE_ENA[inc] = 0U;
 619:/home/makro/softconsole_2022/led-hdmi-uart-switches/src/platform/mpfs_hal/common/mss_plic.h ****                 PLIC->HART4_SMODE_ENA[inc] = 0U;
 620:/home/makro/softconsole_2022/led-hdmi-uart-switches/src/platform/mpfs_hal/common/mss_plic.h ****             }
 621:/home/makro/softconsole_2022/led-hdmi-uart-switches/src/platform/mpfs_hal/common/mss_plic.h **** 
 622:/home/makro/softconsole_2022/led-hdmi-uart-switches/src/platform/mpfs_hal/common/mss_plic.h ****             PLIC->TARGET[TARGET_OFFSET_HART4_M].PRIORITY_THRESHOLD  = 0U;
 623:/home/makro/softconsole_2022/led-hdmi-uart-switches/src/platform/mpfs_hal/common/mss_plic.h ****             /* Disable supervisor level */
 624:/home/makro/softconsole_2022/led-hdmi-uart-switches/src/platform/mpfs_hal/common/mss_plic.h ****             PLIC->TARGET[TARGET_OFFSET_HART4_S].PRIORITY_THRESHOLD  = 7U;
 625:/home/makro/softconsole_2022/led-hdmi-uart-switches/src/platform/mpfs_hal/common/mss_plic.h ****             break;
 626:/home/makro/softconsole_2022/led-hdmi-uart-switches/src/platform/mpfs_hal/common/mss_plic.h ****         default:
 627:/home/makro/softconsole_2022/led-hdmi-uart-switches/src/platform/mpfs_hal/common/mss_plic.h ****             break;
 628:/home/makro/softconsole_2022/led-hdmi-uart-switches/src/platform/mpfs_hal/common/mss_plic.h ****     }
 629:/home/makro/softconsole_2022/led-hdmi-uart-switches/src/platform/mpfs_hal/common/mss_plic.h **** 
 630:/home/makro/softconsole_2022/led-hdmi-uart-switches/src/platform/mpfs_hal/common/mss_plic.h ****     /* Enable machine external interrupts. */
 631:/home/makro/softconsole_2022/led-hdmi-uart-switches/src/platform/mpfs_hal/common/mss_plic.h ****     set_csr(mie, MIP_MEIP);
 297              		.loc 3 631 5
 298              	.LBB34:
 299              		.loc 3 631 5
 300              		.loc 3 631 5
 301 0068 8567     		li	a5,4096
 302 006a 9B870780 		addiw	a5,a5,-2048
 303              	 #APP
 304              	# 631 "/home/makro/softconsole_2022/led-hdmi-uart-switches/src/platform/mpfs_hal/common/mss_plic.h"
 632              	}
 305              		csrrs a5, mie, a5
 306              	# 0 "" 2
 307              	.LVL20:
 631:/home/makro/softconsole_2022/led-hdmi-uart-switches/src/platform/mpfs_hal/common/mss_plic.h ****     set_csr(mie, MIP_MEIP);
 308              		.loc 3 631 5
 309              	 #NO_APP
 310              	.LBE34:
 311              	.LBE32:
 312              	.LBE31:
 101:../src/application/hart0/e51.c ****     __enable_irq();
 313              		.loc 1 101 5
 314 0072 97000000 		call	__enable_irq
 314      E7800000 
 315              	.LVL21:
 102:../src/application/hart0/e51.c ****     set_csr(mie, MIP_MSIP);
 316              		.loc 1 102 5
 317              	.LBB36:
 318              		.loc 1 102 5
 319              		.loc 1 102 5
 320              	 #APP
 321              	# 102 "../src/application/hart0/e51.c" 1
 103              	
 322              		csrrs a5, mie, 8
 323              	# 0 "" 2
 324              	.LVL22:
 102:../src/application/hart0/e51.c ****     set_csr(mie, MIP_MSIP);
 325              		.loc 1 102 5
 326              	 #NO_APP
 327              	.LBE36:
 104:../src/application/hart0/e51.c ****     (void)mss_config_clk_rst(MSS_PERIPH_MMUART0, (uint8_t) MPFS_HAL_FIRST_HART,
 328              		.loc 1 104 5
 329              		.loc 1 104 11 is_stmt 0
 330 007e 0146     		li	a2,0
 331 0080 8145     		li	a1,0
 332 0082 0145     		li	a0,0
 333 0084 97000000 		call	mss_config_clk_rst
 333      E7800000 
 334              	.LVL23:
 105:../src/application/hart0/e51.c ****             PERIPHERAL_ON);
 106:../src/application/hart0/e51.c ****     (void)mss_config_clk_rst(MSS_PERIPH_CFM, (uint8_t) MPFS_HAL_FIRST_HART,
 335              		.loc 1 106 5 is_stmt 1
 336              		.loc 1 106 11 is_stmt 0
 337 008c 0146     		li	a2,0
 338 008e 8145     		li	a1,0
 339 0090 7D45     		li	a0,31
 340 0092 97000000 		call	mss_config_clk_rst
 340      E7800000 
 341              	.LVL24:
 107:../src/application/hart0/e51.c ****             PERIPHERAL_ON);
 108:../src/application/hart0/e51.c ****     (void)mss_config_clk_rst(MSS_PERIPH_GPIO0, (uint8_t) MPFS_HAL_FIRST_HART,
 342              		.loc 1 108 5 is_stmt 1
 343              		.loc 1 108 11 is_stmt 0
 344 009a 0146     		li	a2,0
 345 009c 8145     		li	a1,0
 346 009e 4D45     		li	a0,19
 347 00a0 97000000 		call	mss_config_clk_rst
 347      E7800000 
 348              	.LVL25:
 109:../src/application/hart0/e51.c ****             PERIPHERAL_ON);
 110:../src/application/hart0/e51.c ****     (void)mss_config_clk_rst(MSS_PERIPH_GPIO1, (uint8_t) MPFS_HAL_FIRST_HART,
 349              		.loc 1 110 5 is_stmt 1
 350              		.loc 1 110 11 is_stmt 0
 351 00a8 0146     		li	a2,0
 352 00aa 8145     		li	a1,0
 353 00ac 5145     		li	a0,20
 354 00ae 97000000 		call	mss_config_clk_rst
 354      E7800000 
 355              	.LVL26:
 111:../src/application/hart0/e51.c ****             PERIPHERAL_ON);
 112:../src/application/hart0/e51.c ****     (void)mss_config_clk_rst(MSS_PERIPH_GPIO2, (uint8_t) MPFS_HAL_FIRST_HART,
 356              		.loc 1 112 5 is_stmt 1
 357              		.loc 1 112 11 is_stmt 0
 358 00b6 0146     		li	a2,0
 359 00b8 8145     		li	a1,0
 360 00ba 5545     		li	a0,21
 361 00bc 97000000 		call	mss_config_clk_rst
 361      E7800000 
 362              	.LVL27:
 113:../src/application/hart0/e51.c ****             PERIPHERAL_ON);
 114:../src/application/hart0/e51.c ****     (void)mss_config_clk_rst(MSS_PERIPH_CFM, (uint8_t) MPFS_HAL_FIRST_HART,
 363              		.loc 1 114 5 is_stmt 1
 364              		.loc 1 114 11 is_stmt 0
 365 00c4 0146     		li	a2,0
 366 00c6 8145     		li	a1,0
 367 00c8 7D45     		li	a0,31
 368 00ca 97000000 		call	mss_config_clk_rst
 368      E7800000 
 369              	.LVL28:
 115:../src/application/hart0/e51.c ****             PERIPHERAL_ON);
 116:../src/application/hart0/e51.c ****     (void)mss_config_clk_rst(MSS_PERIPH_I2C0, (uint8_t) MPFS_HAL_FIRST_HART,
 370              		.loc 1 116 5 is_stmt 1
 371              		.loc 1 116 11 is_stmt 0
 372 00d2 0146     		li	a2,0
 373 00d4 8145     		li	a1,0
 374 00d6 3145     		li	a0,12
 375 00d8 97000000 		call	mss_config_clk_rst
 375      E7800000 
 376              	.LVL29:
 117:../src/application/hart0/e51.c ****             PERIPHERAL_ON);
 118:../src/application/hart0/e51.c **** 
 119:../src/application/hart0/e51.c ****     MSS_UART_init( g_uart,
 377              		.loc 1 119 5 is_stmt 1
 378 00e0 17040000 		lla	s0,.LANCHOR0
 378      13040400 
 379 00e8 0860     		ld	a0,0(s0)
 380 00ea F165     		li	a1,114688
 381 00ec 0D46     		li	a2,3
 382 00ee 93850520 		addi	a1,a1,512
 383 00f2 97000000 		call	MSS_UART_init
 383      E7800000 
 384              	.LVL30:
 120:../src/application/hart0/e51.c ****             MSS_UART_115200_BAUD,
 121:../src/application/hart0/e51.c ****             MSS_UART_DATA_8_BITS | MSS_UART_NO_PARITY | MSS_UART_ONE_STOP_BIT);
 122:../src/application/hart0/e51.c **** 
 123:../src/application/hart0/e51.c ****     sprintf(info_string,
 385              		.loc 1 123 5
 386 00fa 97050000 		lla	a1,.LC0
 386      93850500 
 387 0102 17050000 		lla	a0,info_string
 387      13050500 
 388 010a 97000000 		call	strcpy
 388      E7800000 
 389              	.LVL31:
 124:../src/application/hart0/e51.c ****             "TySOM-M  LED-HDMI-UART-SWITCHES Demo\n\r");
 125:../src/application/hart0/e51.c **** 
 126:../src/application/hart0/e51.c ****     MSS_UART_polled_tx(g_uart, (const uint8_t*)info_string,
 390              		.loc 1 126 5
 127:../src/application/hart0/e51.c ****             (uint32_t)strlen(info_string));
 391              		.loc 1 127 23 is_stmt 0
 392 0112 17050000 		lla	a0,info_string
 392      13050500 
 393 011a 97000000 		call	strlen
 393      E7800000 
 394              	.LVL32:
 126:../src/application/hart0/e51.c ****             (uint32_t)strlen(info_string));
 395              		.loc 1 126 5
 396 0122 1B060500 		sext.w	a2,a0
 397 0126 0860     		ld	a0,0(s0)
 398 0128 97050000 		lla	a1,info_string
 398      93850500 
 399 0130 97000000 		call	MSS_UART_polled_tx
 399      E7800000 
 400              	.LVL33:
 128:../src/application/hart0/e51.c **** 
 129:../src/application/hart0/e51.c ****     /* Configure Systick. The tick rate is configured in mss_sw_config.h */
 130:../src/application/hart0/e51.c **** 
 131:../src/application/hart0/e51.c ****     SysTick_Config();
 401              		.loc 1 131 5 is_stmt 1
 402 0138 97000000 		call	SysTick_Config
 402      E7800000 
 403              	.LVL34:
 132:../src/application/hart0/e51.c **** 
 133:../src/application/hart0/e51.c **** //    Setting the corresponding bit
 134:../src/application/hart0/e51.c **** //    * in GPIO_INTERRUPT_FAB_CR(31:0) will enable GPIO2(31:0) corresponding
 135:../src/application/hart0/e51.c **** //    * interrupt on PLIC.
 136:../src/application/hart0/e51.c ****     SYSREG->GPIO_INTERRUPT_FAB_CR = 0xFFFFFFFFUL;
 404              		.loc 1 136 5
 405              		.loc 1 136 35 is_stmt 0
 406 0140 B7270020 		li	a5,536879104
 407 0144 7D57     		li	a4,-1
 408 0146 F8CB     		sw	a4,84(a5)
 137:../src/application/hart0/e51.c **** 
 138:../src/application/hart0/e51.c ****     PLIC_SetPriority_Threshold(0);
 409              		.loc 1 138 5 is_stmt 1
 410              	.LVL35:
 411              	.LBB37:
 412              	.LBB38:
 633:/home/makro/softconsole_2022/led-hdmi-uart-switches/src/platform/mpfs_hal/common/mss_plic.h **** 
 634:/home/makro/softconsole_2022/led-hdmi-uart-switches/src/platform/mpfs_hal/common/mss_plic.h **** 
 635:/home/makro/softconsole_2022/led-hdmi-uart-switches/src/platform/mpfs_hal/common/mss_plic.h **** 
 636:/home/makro/softconsole_2022/led-hdmi-uart-switches/src/platform/mpfs_hal/common/mss_plic.h **** /***************************************************************************//**
 637:/home/makro/softconsole_2022/led-hdmi-uart-switches/src/platform/mpfs_hal/common/mss_plic.h ****  * The function PLIC_EnableIRQ() enables the external interrupt for the
 638:/home/makro/softconsole_2022/led-hdmi-uart-switches/src/platform/mpfs_hal/common/mss_plic.h ****  * interrupt number indicated by the parameter IRQn.
 639:/home/makro/softconsole_2022/led-hdmi-uart-switches/src/platform/mpfs_hal/common/mss_plic.h ****  */
 640:/home/makro/softconsole_2022/led-hdmi-uart-switches/src/platform/mpfs_hal/common/mss_plic.h **** static inline void PLIC_EnableIRQ(PLIC_IRQn_Type IRQn)
 641:/home/makro/softconsole_2022/led-hdmi-uart-switches/src/platform/mpfs_hal/common/mss_plic.h **** {
 642:/home/makro/softconsole_2022/led-hdmi-uart-switches/src/platform/mpfs_hal/common/mss_plic.h ****     uint32_t current;
 643:/home/makro/softconsole_2022/led-hdmi-uart-switches/src/platform/mpfs_hal/common/mss_plic.h ****     uint64_t hart_id  = read_csr(mhartid);
 644:/home/makro/softconsole_2022/led-hdmi-uart-switches/src/platform/mpfs_hal/common/mss_plic.h **** 
 645:/home/makro/softconsole_2022/led-hdmi-uart-switches/src/platform/mpfs_hal/common/mss_plic.h ****     switch(hart_id)
 646:/home/makro/softconsole_2022/led-hdmi-uart-switches/src/platform/mpfs_hal/common/mss_plic.h ****     {
 647:/home/makro/softconsole_2022/led-hdmi-uart-switches/src/platform/mpfs_hal/common/mss_plic.h ****         case 0:
 648:/home/makro/softconsole_2022/led-hdmi-uart-switches/src/platform/mpfs_hal/common/mss_plic.h ****             current  = PLIC->HART0_MMODE_ENA[IRQn / 32U];
 649:/home/makro/softconsole_2022/led-hdmi-uart-switches/src/platform/mpfs_hal/common/mss_plic.h ****             current |= (uint32_t)1 << (IRQn % 32U);
 650:/home/makro/softconsole_2022/led-hdmi-uart-switches/src/platform/mpfs_hal/common/mss_plic.h ****             PLIC->HART0_MMODE_ENA[IRQn / 32U]  = current;
 651:/home/makro/softconsole_2022/led-hdmi-uart-switches/src/platform/mpfs_hal/common/mss_plic.h ****             break;
 652:/home/makro/softconsole_2022/led-hdmi-uart-switches/src/platform/mpfs_hal/common/mss_plic.h ****         case 1:
 653:/home/makro/softconsole_2022/led-hdmi-uart-switches/src/platform/mpfs_hal/common/mss_plic.h ****             current  = PLIC->HART1_MMODE_ENA[IRQn / 32U];
 654:/home/makro/softconsole_2022/led-hdmi-uart-switches/src/platform/mpfs_hal/common/mss_plic.h ****             current |= (uint32_t)1 << (IRQn % 32U);
 655:/home/makro/softconsole_2022/led-hdmi-uart-switches/src/platform/mpfs_hal/common/mss_plic.h ****             PLIC->HART1_MMODE_ENA[IRQn / 32U]  = current;
 656:/home/makro/softconsole_2022/led-hdmi-uart-switches/src/platform/mpfs_hal/common/mss_plic.h ****             break;
 657:/home/makro/softconsole_2022/led-hdmi-uart-switches/src/platform/mpfs_hal/common/mss_plic.h ****         case 2:
 658:/home/makro/softconsole_2022/led-hdmi-uart-switches/src/platform/mpfs_hal/common/mss_plic.h ****             current  = PLIC->HART2_MMODE_ENA[IRQn / 32U];
 659:/home/makro/softconsole_2022/led-hdmi-uart-switches/src/platform/mpfs_hal/common/mss_plic.h ****             current |= (uint32_t)1 << (IRQn % 32U);
 660:/home/makro/softconsole_2022/led-hdmi-uart-switches/src/platform/mpfs_hal/common/mss_plic.h ****             PLIC->HART2_MMODE_ENA[IRQn / 32U]  = current;
 661:/home/makro/softconsole_2022/led-hdmi-uart-switches/src/platform/mpfs_hal/common/mss_plic.h ****             break;
 662:/home/makro/softconsole_2022/led-hdmi-uart-switches/src/platform/mpfs_hal/common/mss_plic.h ****         case 3:
 663:/home/makro/softconsole_2022/led-hdmi-uart-switches/src/platform/mpfs_hal/common/mss_plic.h ****             current  = PLIC->HART3_MMODE_ENA[IRQn / 32U];
 664:/home/makro/softconsole_2022/led-hdmi-uart-switches/src/platform/mpfs_hal/common/mss_plic.h ****             current |= (uint32_t)1 << (IRQn % 32U);
 665:/home/makro/softconsole_2022/led-hdmi-uart-switches/src/platform/mpfs_hal/common/mss_plic.h ****             PLIC->HART3_MMODE_ENA[IRQn / 32U]  = current;
 666:/home/makro/softconsole_2022/led-hdmi-uart-switches/src/platform/mpfs_hal/common/mss_plic.h ****             break;
 667:/home/makro/softconsole_2022/led-hdmi-uart-switches/src/platform/mpfs_hal/common/mss_plic.h ****         case 4:
 668:/home/makro/softconsole_2022/led-hdmi-uart-switches/src/platform/mpfs_hal/common/mss_plic.h ****             current  = PLIC->HART4_MMODE_ENA[IRQn / 32U];
 669:/home/makro/softconsole_2022/led-hdmi-uart-switches/src/platform/mpfs_hal/common/mss_plic.h ****             current |= (uint32_t)1 << (IRQn % 32U);
 670:/home/makro/softconsole_2022/led-hdmi-uart-switches/src/platform/mpfs_hal/common/mss_plic.h ****             PLIC->HART4_MMODE_ENA[IRQn / 32U]  = current;
 671:/home/makro/softconsole_2022/led-hdmi-uart-switches/src/platform/mpfs_hal/common/mss_plic.h ****             break;
 672:/home/makro/softconsole_2022/led-hdmi-uart-switches/src/platform/mpfs_hal/common/mss_plic.h ****         default:
 673:/home/makro/softconsole_2022/led-hdmi-uart-switches/src/platform/mpfs_hal/common/mss_plic.h ****             break;
 674:/home/makro/softconsole_2022/led-hdmi-uart-switches/src/platform/mpfs_hal/common/mss_plic.h ****     }
 675:/home/makro/softconsole_2022/led-hdmi-uart-switches/src/platform/mpfs_hal/common/mss_plic.h **** }
 676:/home/makro/softconsole_2022/led-hdmi-uart-switches/src/platform/mpfs_hal/common/mss_plic.h **** 
 677:/home/makro/softconsole_2022/led-hdmi-uart-switches/src/platform/mpfs_hal/common/mss_plic.h **** /***************************************************************************//**
 678:/home/makro/softconsole_2022/led-hdmi-uart-switches/src/platform/mpfs_hal/common/mss_plic.h ****  * The function PLIC_DisableIRQ() disables the external interrupt for the
 679:/home/makro/softconsole_2022/led-hdmi-uart-switches/src/platform/mpfs_hal/common/mss_plic.h ****  * interrupt number indicated by the parameter IRQn.
 680:/home/makro/softconsole_2022/led-hdmi-uart-switches/src/platform/mpfs_hal/common/mss_plic.h **** 
 681:/home/makro/softconsole_2022/led-hdmi-uart-switches/src/platform/mpfs_hal/common/mss_plic.h ****  * NOTE:
 682:/home/makro/softconsole_2022/led-hdmi-uart-switches/src/platform/mpfs_hal/common/mss_plic.h ****  *     This function can be used to disable the external interrupt from outside
 683:/home/makro/softconsole_2022/led-hdmi-uart-switches/src/platform/mpfs_hal/common/mss_plic.h ****  *     external interrupt handler function.
 684:/home/makro/softconsole_2022/led-hdmi-uart-switches/src/platform/mpfs_hal/common/mss_plic.h ****  *     This function MUST NOT be used from within the External Interrupt
 685:/home/makro/softconsole_2022/led-hdmi-uart-switches/src/platform/mpfs_hal/common/mss_plic.h ****  *     handler.
 686:/home/makro/softconsole_2022/led-hdmi-uart-switches/src/platform/mpfs_hal/common/mss_plic.h ****  *     If you wish to disable the external interrupt while the interrupt handler
 687:/home/makro/softconsole_2022/led-hdmi-uart-switches/src/platform/mpfs_hal/common/mss_plic.h ****  *     for that external interrupt is executing then you must use the return
 688:/home/makro/softconsole_2022/led-hdmi-uart-switches/src/platform/mpfs_hal/common/mss_plic.h ****  *     value EXT_IRQ_DISABLE to return from the extern interrupt handler.
 689:/home/makro/softconsole_2022/led-hdmi-uart-switches/src/platform/mpfs_hal/common/mss_plic.h ****  */
 690:/home/makro/softconsole_2022/led-hdmi-uart-switches/src/platform/mpfs_hal/common/mss_plic.h **** static inline void PLIC_DisableIRQ(PLIC_IRQn_Type IRQn)
 691:/home/makro/softconsole_2022/led-hdmi-uart-switches/src/platform/mpfs_hal/common/mss_plic.h **** {
 692:/home/makro/softconsole_2022/led-hdmi-uart-switches/src/platform/mpfs_hal/common/mss_plic.h ****     uint32_t current;
 693:/home/makro/softconsole_2022/led-hdmi-uart-switches/src/platform/mpfs_hal/common/mss_plic.h ****     uint64_t hart_id  = read_csr(mhartid);
 694:/home/makro/softconsole_2022/led-hdmi-uart-switches/src/platform/mpfs_hal/common/mss_plic.h **** 
 695:/home/makro/softconsole_2022/led-hdmi-uart-switches/src/platform/mpfs_hal/common/mss_plic.h ****     switch(hart_id)
 696:/home/makro/softconsole_2022/led-hdmi-uart-switches/src/platform/mpfs_hal/common/mss_plic.h ****     {
 697:/home/makro/softconsole_2022/led-hdmi-uart-switches/src/platform/mpfs_hal/common/mss_plic.h ****         case 0:
 698:/home/makro/softconsole_2022/led-hdmi-uart-switches/src/platform/mpfs_hal/common/mss_plic.h ****             current = PLIC->HART0_MMODE_ENA[IRQn / 32U];
 699:/home/makro/softconsole_2022/led-hdmi-uart-switches/src/platform/mpfs_hal/common/mss_plic.h ****             current &= ~((uint32_t)1 << (IRQn % 32U));
 700:/home/makro/softconsole_2022/led-hdmi-uart-switches/src/platform/mpfs_hal/common/mss_plic.h ****             PLIC->HART0_MMODE_ENA[IRQn / 32U] = current;
 701:/home/makro/softconsole_2022/led-hdmi-uart-switches/src/platform/mpfs_hal/common/mss_plic.h ****             break;
 702:/home/makro/softconsole_2022/led-hdmi-uart-switches/src/platform/mpfs_hal/common/mss_plic.h ****         case 1:
 703:/home/makro/softconsole_2022/led-hdmi-uart-switches/src/platform/mpfs_hal/common/mss_plic.h ****             current = PLIC->HART1_MMODE_ENA[IRQn / 32U];
 704:/home/makro/softconsole_2022/led-hdmi-uart-switches/src/platform/mpfs_hal/common/mss_plic.h ****             current &= ~((uint32_t)1 << (IRQn % 32U));
 705:/home/makro/softconsole_2022/led-hdmi-uart-switches/src/platform/mpfs_hal/common/mss_plic.h ****             PLIC->HART1_MMODE_ENA[IRQn / 32U] = current;
 706:/home/makro/softconsole_2022/led-hdmi-uart-switches/src/platform/mpfs_hal/common/mss_plic.h ****             break;
 707:/home/makro/softconsole_2022/led-hdmi-uart-switches/src/platform/mpfs_hal/common/mss_plic.h ****         case 2:
 708:/home/makro/softconsole_2022/led-hdmi-uart-switches/src/platform/mpfs_hal/common/mss_plic.h ****             current = PLIC->HART2_MMODE_ENA[IRQn / 32U];
 709:/home/makro/softconsole_2022/led-hdmi-uart-switches/src/platform/mpfs_hal/common/mss_plic.h ****             current &= ~((uint32_t)1 << (IRQn % 32U));
 710:/home/makro/softconsole_2022/led-hdmi-uart-switches/src/platform/mpfs_hal/common/mss_plic.h ****             PLIC->HART2_MMODE_ENA[IRQn / 32U] = current;
 711:/home/makro/softconsole_2022/led-hdmi-uart-switches/src/platform/mpfs_hal/common/mss_plic.h ****             break;
 712:/home/makro/softconsole_2022/led-hdmi-uart-switches/src/platform/mpfs_hal/common/mss_plic.h ****         case 3:
 713:/home/makro/softconsole_2022/led-hdmi-uart-switches/src/platform/mpfs_hal/common/mss_plic.h ****             current = PLIC->HART3_MMODE_ENA[IRQn / 32U];
 714:/home/makro/softconsole_2022/led-hdmi-uart-switches/src/platform/mpfs_hal/common/mss_plic.h ****             current &= ~((uint32_t)1 << (IRQn % 32U));
 715:/home/makro/softconsole_2022/led-hdmi-uart-switches/src/platform/mpfs_hal/common/mss_plic.h ****             PLIC->HART3_MMODE_ENA[IRQn / 32U] = current;
 716:/home/makro/softconsole_2022/led-hdmi-uart-switches/src/platform/mpfs_hal/common/mss_plic.h ****             break;
 717:/home/makro/softconsole_2022/led-hdmi-uart-switches/src/platform/mpfs_hal/common/mss_plic.h ****         case 4:
 718:/home/makro/softconsole_2022/led-hdmi-uart-switches/src/platform/mpfs_hal/common/mss_plic.h ****             current = PLIC->HART4_MMODE_ENA[IRQn / 32U];
 719:/home/makro/softconsole_2022/led-hdmi-uart-switches/src/platform/mpfs_hal/common/mss_plic.h ****             current &= ~((uint32_t)1 << (IRQn % 32U));
 720:/home/makro/softconsole_2022/led-hdmi-uart-switches/src/platform/mpfs_hal/common/mss_plic.h ****             PLIC->HART4_MMODE_ENA[IRQn / 32U] = current;
 721:/home/makro/softconsole_2022/led-hdmi-uart-switches/src/platform/mpfs_hal/common/mss_plic.h ****             break;
 722:/home/makro/softconsole_2022/led-hdmi-uart-switches/src/platform/mpfs_hal/common/mss_plic.h ****         default:
 723:/home/makro/softconsole_2022/led-hdmi-uart-switches/src/platform/mpfs_hal/common/mss_plic.h ****             break;
 724:/home/makro/softconsole_2022/led-hdmi-uart-switches/src/platform/mpfs_hal/common/mss_plic.h ****     }
 725:/home/makro/softconsole_2022/led-hdmi-uart-switches/src/platform/mpfs_hal/common/mss_plic.h **** }
 726:/home/makro/softconsole_2022/led-hdmi-uart-switches/src/platform/mpfs_hal/common/mss_plic.h **** 
 727:/home/makro/softconsole_2022/led-hdmi-uart-switches/src/platform/mpfs_hal/common/mss_plic.h **** /***************************************************************************//**
 728:/home/makro/softconsole_2022/led-hdmi-uart-switches/src/platform/mpfs_hal/common/mss_plic.h ****  * The function PLIC_SetPriority() sets the priority for the external interrupt
 729:/home/makro/softconsole_2022/led-hdmi-uart-switches/src/platform/mpfs_hal/common/mss_plic.h ****  * for the interrupt number indicated by the parameter IRQn.
 730:/home/makro/softconsole_2022/led-hdmi-uart-switches/src/platform/mpfs_hal/common/mss_plic.h ****  */
 731:/home/makro/softconsole_2022/led-hdmi-uart-switches/src/platform/mpfs_hal/common/mss_plic.h **** static inline void PLIC_SetPriority(PLIC_IRQn_Type IRQn, uint32_t priority)
 732:/home/makro/softconsole_2022/led-hdmi-uart-switches/src/platform/mpfs_hal/common/mss_plic.h **** {
 733:/home/makro/softconsole_2022/led-hdmi-uart-switches/src/platform/mpfs_hal/common/mss_plic.h ****     if((IRQn > PLIC_INVALID_INT_OFFSET) && (IRQn < PLIC_NUM_SOURCES))
 734:/home/makro/softconsole_2022/led-hdmi-uart-switches/src/platform/mpfs_hal/common/mss_plic.h ****     {
 735:/home/makro/softconsole_2022/led-hdmi-uart-switches/src/platform/mpfs_hal/common/mss_plic.h ****         PLIC->SOURCE_PRIORITY[IRQn-1] = priority;
 736:/home/makro/softconsole_2022/led-hdmi-uart-switches/src/platform/mpfs_hal/common/mss_plic.h ****     }
 737:/home/makro/softconsole_2022/led-hdmi-uart-switches/src/platform/mpfs_hal/common/mss_plic.h **** }
 738:/home/makro/softconsole_2022/led-hdmi-uart-switches/src/platform/mpfs_hal/common/mss_plic.h **** 
 739:/home/makro/softconsole_2022/led-hdmi-uart-switches/src/platform/mpfs_hal/common/mss_plic.h **** /***************************************************************************//**
 740:/home/makro/softconsole_2022/led-hdmi-uart-switches/src/platform/mpfs_hal/common/mss_plic.h ****  * The function PLIC_GetPriority() returns the priority for the external
 741:/home/makro/softconsole_2022/led-hdmi-uart-switches/src/platform/mpfs_hal/common/mss_plic.h ****  * interrupt for the interrupt number indicated by the parameter IRQn.
 742:/home/makro/softconsole_2022/led-hdmi-uart-switches/src/platform/mpfs_hal/common/mss_plic.h ****  */
 743:/home/makro/softconsole_2022/led-hdmi-uart-switches/src/platform/mpfs_hal/common/mss_plic.h **** static inline uint32_t PLIC_GetPriority(PLIC_IRQn_Type IRQn)
 744:/home/makro/softconsole_2022/led-hdmi-uart-switches/src/platform/mpfs_hal/common/mss_plic.h **** {
 745:/home/makro/softconsole_2022/led-hdmi-uart-switches/src/platform/mpfs_hal/common/mss_plic.h ****     uint32_t ret_val = 0U;
 746:/home/makro/softconsole_2022/led-hdmi-uart-switches/src/platform/mpfs_hal/common/mss_plic.h **** 
 747:/home/makro/softconsole_2022/led-hdmi-uart-switches/src/platform/mpfs_hal/common/mss_plic.h ****     if((IRQn > PLIC_INVALID_INT_OFFSET) && (IRQn < PLIC_NUM_SOURCES))
 748:/home/makro/softconsole_2022/led-hdmi-uart-switches/src/platform/mpfs_hal/common/mss_plic.h ****     {
 749:/home/makro/softconsole_2022/led-hdmi-uart-switches/src/platform/mpfs_hal/common/mss_plic.h ****         ret_val = PLIC->SOURCE_PRIORITY[IRQn-1];
 750:/home/makro/softconsole_2022/led-hdmi-uart-switches/src/platform/mpfs_hal/common/mss_plic.h ****     }
 751:/home/makro/softconsole_2022/led-hdmi-uart-switches/src/platform/mpfs_hal/common/mss_plic.h **** 
 752:/home/makro/softconsole_2022/led-hdmi-uart-switches/src/platform/mpfs_hal/common/mss_plic.h ****     return(ret_val);
 753:/home/makro/softconsole_2022/led-hdmi-uart-switches/src/platform/mpfs_hal/common/mss_plic.h **** }
 754:/home/makro/softconsole_2022/led-hdmi-uart-switches/src/platform/mpfs_hal/common/mss_plic.h **** 
 755:/home/makro/softconsole_2022/led-hdmi-uart-switches/src/platform/mpfs_hal/common/mss_plic.h **** 
 756:/home/makro/softconsole_2022/led-hdmi-uart-switches/src/platform/mpfs_hal/common/mss_plic.h **** static inline uint32_t PLIC_pending(PLIC_IRQn_Type IRQn)
 757:/home/makro/softconsole_2022/led-hdmi-uart-switches/src/platform/mpfs_hal/common/mss_plic.h **** {
 758:/home/makro/softconsole_2022/led-hdmi-uart-switches/src/platform/mpfs_hal/common/mss_plic.h ****     return (PLIC->PENDING_ARRAY[IRQn/32U] & (0x01U<<(IRQn%32U)));
 759:/home/makro/softconsole_2022/led-hdmi-uart-switches/src/platform/mpfs_hal/common/mss_plic.h **** }
 760:/home/makro/softconsole_2022/led-hdmi-uart-switches/src/platform/mpfs_hal/common/mss_plic.h **** 
 761:/home/makro/softconsole_2022/led-hdmi-uart-switches/src/platform/mpfs_hal/common/mss_plic.h **** /***************************************************************************//**
 762:/home/makro/softconsole_2022/led-hdmi-uart-switches/src/platform/mpfs_hal/common/mss_plic.h ****  * The function PLIC_ClaimIRQ() claims the interrupt from the PLIC controller.
 763:/home/makro/softconsole_2022/led-hdmi-uart-switches/src/platform/mpfs_hal/common/mss_plic.h ****  */
 764:/home/makro/softconsole_2022/led-hdmi-uart-switches/src/platform/mpfs_hal/common/mss_plic.h **** static inline uint32_t PLIC_ClaimIRQ(void)
 765:/home/makro/softconsole_2022/led-hdmi-uart-switches/src/platform/mpfs_hal/common/mss_plic.h **** {
 766:/home/makro/softconsole_2022/led-hdmi-uart-switches/src/platform/mpfs_hal/common/mss_plic.h ****     uint64_t hart_id  = read_csr(mhartid);
 767:/home/makro/softconsole_2022/led-hdmi-uart-switches/src/platform/mpfs_hal/common/mss_plic.h **** 
 768:/home/makro/softconsole_2022/led-hdmi-uart-switches/src/platform/mpfs_hal/common/mss_plic.h ****     return (PLIC->TARGET[plic_hart_lookup[hart_id]].CLAIM_COMPLETE);
 769:/home/makro/softconsole_2022/led-hdmi-uart-switches/src/platform/mpfs_hal/common/mss_plic.h **** }
 770:/home/makro/softconsole_2022/led-hdmi-uart-switches/src/platform/mpfs_hal/common/mss_plic.h **** 
 771:/home/makro/softconsole_2022/led-hdmi-uart-switches/src/platform/mpfs_hal/common/mss_plic.h **** /***************************************************************************//**
 772:/home/makro/softconsole_2022/led-hdmi-uart-switches/src/platform/mpfs_hal/common/mss_plic.h ****  * The function PLIC_CompleteIRQ() indicates to the PLIC controller the
 773:/home/makro/softconsole_2022/led-hdmi-uart-switches/src/platform/mpfs_hal/common/mss_plic.h ****  * interrupt is processed and claim is complete.
 774:/home/makro/softconsole_2022/led-hdmi-uart-switches/src/platform/mpfs_hal/common/mss_plic.h ****  */
 775:/home/makro/softconsole_2022/led-hdmi-uart-switches/src/platform/mpfs_hal/common/mss_plic.h **** static inline void PLIC_CompleteIRQ(uint32_t source)
 776:/home/makro/softconsole_2022/led-hdmi-uart-switches/src/platform/mpfs_hal/common/mss_plic.h **** {
 777:/home/makro/softconsole_2022/led-hdmi-uart-switches/src/platform/mpfs_hal/common/mss_plic.h ****     uint64_t hart_id  = read_csr(mhartid);
 778:/home/makro/softconsole_2022/led-hdmi-uart-switches/src/platform/mpfs_hal/common/mss_plic.h **** 
 779:/home/makro/softconsole_2022/led-hdmi-uart-switches/src/platform/mpfs_hal/common/mss_plic.h ****     ASSERT(source <= MAX_PLIC_INT);
 780:/home/makro/softconsole_2022/led-hdmi-uart-switches/src/platform/mpfs_hal/common/mss_plic.h **** 
 781:/home/makro/softconsole_2022/led-hdmi-uart-switches/src/platform/mpfs_hal/common/mss_plic.h ****     PLIC->TARGET[plic_hart_lookup[hart_id]].CLAIM_COMPLETE  = source;
 782:/home/makro/softconsole_2022/led-hdmi-uart-switches/src/platform/mpfs_hal/common/mss_plic.h **** }
 783:/home/makro/softconsole_2022/led-hdmi-uart-switches/src/platform/mpfs_hal/common/mss_plic.h **** 
 784:/home/makro/softconsole_2022/led-hdmi-uart-switches/src/platform/mpfs_hal/common/mss_plic.h **** /***************************************************************************//**
 785:/home/makro/softconsole_2022/led-hdmi-uart-switches/src/platform/mpfs_hal/common/mss_plic.h ****  *
 786:/home/makro/softconsole_2022/led-hdmi-uart-switches/src/platform/mpfs_hal/common/mss_plic.h ****  * The function PLIC_SetPriority_Threshold() sets the threshold for a particular
 787:/home/makro/softconsole_2022/led-hdmi-uart-switches/src/platform/mpfs_hal/common/mss_plic.h ****  * hart. The default threshold on reset is 0.
 788:/home/makro/softconsole_2022/led-hdmi-uart-switches/src/platform/mpfs_hal/common/mss_plic.h ****  * The PFSoC Core Complex supports setting of an interrupt priority threshold
 789:/home/makro/softconsole_2022/led-hdmi-uart-switches/src/platform/mpfs_hal/common/mss_plic.h ****  * via the threshold register. The threshold is a WARL field, where the PFSoC
 790:/home/makro/softconsole_2022/led-hdmi-uart-switches/src/platform/mpfs_hal/common/mss_plic.h ****  * Core Complex supports a maximum threshold of 7.
 791:/home/makro/softconsole_2022/led-hdmi-uart-switches/src/platform/mpfs_hal/common/mss_plic.h ****  * The PFSoC Core Complex will mask all PLIC interrupts of a priority less than
 792:/home/makro/softconsole_2022/led-hdmi-uart-switches/src/platform/mpfs_hal/common/mss_plic.h ****  * or equal to threshold. For example, a threshold value of zero permits all
 793:/home/makro/softconsole_2022/led-hdmi-uart-switches/src/platform/mpfs_hal/common/mss_plic.h ****  * interrupts with non-zero priority, whereas a value of 7 masks all
 794:/home/makro/softconsole_2022/led-hdmi-uart-switches/src/platform/mpfs_hal/common/mss_plic.h ****  * interrupts.
 795:/home/makro/softconsole_2022/led-hdmi-uart-switches/src/platform/mpfs_hal/common/mss_plic.h ****  */
 796:/home/makro/softconsole_2022/led-hdmi-uart-switches/src/platform/mpfs_hal/common/mss_plic.h **** static inline void PLIC_SetPriority_Threshold(uint32_t threshold)
 797:/home/makro/softconsole_2022/led-hdmi-uart-switches/src/platform/mpfs_hal/common/mss_plic.h **** {
 798:/home/makro/softconsole_2022/led-hdmi-uart-switches/src/platform/mpfs_hal/common/mss_plic.h ****     uint64_t hart_id  = read_csr(mhartid);
 413              		.loc 3 798 5
 414              	.LBB39:
 415              		.loc 3 798 25
 416              		.loc 3 798 25
 417              	 #APP
 418              	# 798 "/home/makro/softconsole_2022/led-hdmi-uart-switches/src/platform/mpfs_hal/common/mss_plic.h"
 799              	
 419              		csrr a5, mhartid
 420              	# 0 "" 2
 421              	.LVL36:
 798:/home/makro/softconsole_2022/led-hdmi-uart-switches/src/platform/mpfs_hal/common/mss_plic.h ****     uint64_t hart_id  = read_csr(mhartid);
 422              		.loc 3 798 25
 423              	 #NO_APP
 424              	.LBE39:
 800:/home/makro/softconsole_2022/led-hdmi-uart-switches/src/platform/mpfs_hal/common/mss_plic.h ****     ASSERT(threshold <= 7);
 425              		.loc 3 800 27
 801:/home/makro/softconsole_2022/led-hdmi-uart-switches/src/platform/mpfs_hal/common/mss_plic.h **** 
 802:/home/makro/softconsole_2022/led-hdmi-uart-switches/src/platform/mpfs_hal/common/mss_plic.h ****     PLIC->TARGET[plic_hart_lookup[hart_id]].PRIORITY_THRESHOLD  = threshold;
 426              		.loc 3 802 5
 427              		.loc 3 802 34 is_stmt 0
 428 014c 13973700 		slli	a4,a5,3
 429 0150 97070000 		lla	a5,plic_hart_lookup
 429      93870700 
 430              	.LVL37:
 431 0158 BA97     		add	a5,a5,a4
 432 015a 9C63     		ld	a5,0(a5)
 433              		.loc 3 802 65
 434 015c 3707000C 		li	a4,201326592
 435              	.LBE38:
 436              	.LBE37:
 437              	.LBB42:
 438              	.LBB43:
 735:/home/makro/softconsole_2022/led-hdmi-uart-switches/src/platform/mpfs_hal/common/mss_plic.h ****     }
 439              		.loc 3 735 39
 440 0160 B706000C 		li	a3,201326592
 441              	.LBE43:
 442              	.LBE42:
 443              	.LBB46:
 444              	.LBB40:
 445              		.loc 3 802 65
 446 0164 93870720 		addi	a5,a5,512
 447 0168 B207     		slli	a5,a5,12
 448 016a BA97     		add	a5,a4,a5
 449 016c 23A00700 		sw	zero,0(a5)
 450              	.LVL38:
 451              	.LBE40:
 452              	.LBE46:
 139:../src/application/hart0/e51.c **** 
 140:../src/application/hart0/e51.c ****     for (int_num = 0u; int_num <= GPIO2_NON_DIRECT_PLIC; int_num++)
 453              		.loc 1 140 5 is_stmt 1
 454              	.LBB47:
 455              	.LBB41:
 456              		.loc 3 802 65 is_stmt 0
 457 0170 3147     		li	a4,12
 458              	.LBE41:
 459              	.LBE47:
 460              	.LBB48:
 461              	.LBB44:
 735:/home/makro/softconsole_2022/led-hdmi-uart-switches/src/platform/mpfs_hal/common/mss_plic.h ****     }
 462              		.loc 3 735 39
 463 0172 0946     		li	a2,2
 464              	.LBE44:
 465              	.LBE48:
 466              		.loc 1 140 5
 467 0174 93052004 		li	a1,66
 468              	.L17:
 141:../src/application/hart0/e51.c ****     {
 142:../src/application/hart0/e51.c ****         PLIC_SetPriority(GPIO0_BIT0_or_GPIO2_BIT0_PLIC_0 + int_num, 2u);
 469              		.loc 1 142 9 is_stmt 1 discriminator 3
 470              	.LVL39:
 471              	.LBB49:
 472              	.LBB45:
 733:/home/makro/softconsole_2022/led-hdmi-uart-switches/src/platform/mpfs_hal/common/mss_plic.h ****     {
 473              		.loc 3 733 5 discriminator 3
 735:/home/makro/softconsole_2022/led-hdmi-uart-switches/src/platform/mpfs_hal/common/mss_plic.h ****     }
 474              		.loc 3 735 9 discriminator 3
 735:/home/makro/softconsole_2022/led-hdmi-uart-switches/src/platform/mpfs_hal/common/mss_plic.h ****     }
 475              		.loc 3 735 39 is_stmt 0 discriminator 3
 476 0178 93170702 		slli	a5,a4,32
 477 017c F983     		srli	a5,a5,30
 478 017e B697     		add	a5,a3,a5
 479 0180 D0C3     		sw	a2,4(a5)
 480              	.LVL40:
 481 0182 0527     		addiw	a4,a4,1
 482              	.LBE45:
 483              	.LBE49:
 140:../src/application/hart0/e51.c ****     {
 484              		.loc 1 140 5 discriminator 3
 485 0184 E31AB7FE 		bne	a4,a1,.L17
 486 0188 93076003 		li	a5,54
 487 018c 17070000 		sb	a5,.LANCHOR1,a4
 487      2300F700 
 143:../src/application/hart0/e51.c ****     }
 144:../src/application/hart0/e51.c **** 
 145:../src/application/hart0/e51.c ****     PLIC_SetPriority(FABRIC_F2H_0_PLIC, 2);
 488              		.loc 1 145 5 is_stmt 1
 489              	.LVL41:
 490              	.LBB50:
 491              	.LBB51:
 733:/home/makro/softconsole_2022/led-hdmi-uart-switches/src/platform/mpfs_hal/common/mss_plic.h ****     {
 492              		.loc 3 733 5
 735:/home/makro/softconsole_2022/led-hdmi-uart-switches/src/platform/mpfs_hal/common/mss_plic.h ****     }
 493              		.loc 3 735 9
 735:/home/makro/softconsole_2022/led-hdmi-uart-switches/src/platform/mpfs_hal/common/mss_plic.h ****     }
 494              		.loc 3 735 39 is_stmt 0
 495 0194 23ACC61C 		sw	a2,472(a3)
 496              	.LVL42:
 497              	.LBE51:
 498              	.LBE50:
 146:../src/application/hart0/e51.c ****     PLIC_EnableIRQ(FABRIC_F2H_0_PLIC);
 499              		.loc 1 146 5 is_stmt 1
 500              	.LBB52:
 501              	.LBB53:
 642:/home/makro/softconsole_2022/led-hdmi-uart-switches/src/platform/mpfs_hal/common/mss_plic.h ****     uint64_t hart_id  = read_csr(mhartid);
 502              		.loc 3 642 5
 643:/home/makro/softconsole_2022/led-hdmi-uart-switches/src/platform/mpfs_hal/common/mss_plic.h **** 
 503              		.loc 3 643 5
 504              	.LBB54:
 643:/home/makro/softconsole_2022/led-hdmi-uart-switches/src/platform/mpfs_hal/common/mss_plic.h **** 
 505              		.loc 3 643 25
 643:/home/makro/softconsole_2022/led-hdmi-uart-switches/src/platform/mpfs_hal/common/mss_plic.h **** 
 506              		.loc 3 643 25
 507              	 #APP
 508              	# 643 "/home/makro/softconsole_2022/led-hdmi-uart-switches/src/platform/mpfs_hal/common/mss_plic.h"
 509              		csrr a5, mhartid
 510              	# 0 "" 2
 511              	.LVL43:
 643:/home/makro/softconsole_2022/led-hdmi-uart-switches/src/platform/mpfs_hal/common/mss_plic.h **** 
 512              		.loc 3 643 25
 513              	 #NO_APP
 514              	.LBE54:
 645:/home/makro/softconsole_2022/led-hdmi-uart-switches/src/platform/mpfs_hal/common/mss_plic.h ****     {
 515              		.loc 3 645 5
 516 019c 1147     		li	a4,4
 517 019e 6365F70E 		bgtu	a5,a4,.L18
 518 01a2 17070000 		lla	a4,.L20
 518      13070700 
 519 01aa 8A07     		slli	a5,a5,2
 520              	.LVL44:
 521 01ac BA97     		add	a5,a5,a4
 522 01ae 9C43     		lw	a5,0(a5)
 523 01b0 BA97     		add	a5,a5,a4
 668:/home/makro/softconsole_2022/led-hdmi-uart-switches/src/platform/mpfs_hal/common/mss_plic.h ****             current |= (uint32_t)1 << (IRQn % 32U);
 524              		.loc 3 668 22 is_stmt 0
 525 01b2 3727000C 		li	a4,201334784
 645:/home/makro/softconsole_2022/led-hdmi-uart-switches/src/platform/mpfs_hal/common/mss_plic.h ****     {
 526              		.loc 3 645 5
 527 01b6 8287     		jr	a5
 528              		.section	.rodata.e51
 529              		.align	2
 530              		.align	2
 531              	.L20:
 532 0014 00000000 		.word	.L24-.L20
 533 0018 00000000 		.word	.L23-.L20
 534 001c 00000000 		.word	.L22-.L20
 535 0020 00000000 		.word	.L21-.L20
 536 0024 00000000 		.word	.L19-.L20
 537              		.section	.text.e51
 538              	.LVL45:
 539              	.L39:
 540              	.LBE53:
 541              	.LBE52:
 542              	.LBB57:
 543              	.LBB35:
 583:/home/makro/softconsole_2022/led-hdmi-uart-switches/src/platform/mpfs_hal/common/mss_plic.h ****             {
 544              		.loc 3 583 21
 545 01b8 0147     		li	a4,0
 546 01ba B705000C 		li	a1,201326592
 585:/home/makro/softconsole_2022/led-hdmi-uart-switches/src/platform/mpfs_hal/common/mss_plic.h ****                 PLIC->HART1_SMODE_ENA[inc] = 0U;
 547              		.loc 3 585 44
 548 01be 0966     		li	a2,8192
 583:/home/makro/softconsole_2022/led-hdmi-uart-switches/src/platform/mpfs_hal/common/mss_plic.h ****             {
 549              		.loc 3 583 13
 550 01c0 9946     		li	a3,6
 551              	.L15:
 552              	.LVL46:
 585:/home/makro/softconsole_2022/led-hdmi-uart-switches/src/platform/mpfs_hal/common/mss_plic.h ****                 PLIC->HART1_SMODE_ENA[inc] = 0U;
 553              		.loc 3 585 17 is_stmt 1
 554 01c2 93170702 		slli	a5,a4,32
 555 01c6 F983     		srli	a5,a5,30
 556 01c8 AE97     		add	a5,a1,a5
 585:/home/makro/softconsole_2022/led-hdmi-uart-switches/src/platform/mpfs_hal/common/mss_plic.h ****                 PLIC->HART1_SMODE_ENA[inc] = 0U;
 557              		.loc 3 585 44 is_stmt 0
 558 01ca B297     		add	a5,a5,a2
 559 01cc 23A00708 		sw	zero,128(a5)
 586:/home/makro/softconsole_2022/led-hdmi-uart-switches/src/platform/mpfs_hal/common/mss_plic.h ****             }
 560              		.loc 3 586 17 is_stmt 1
 586:/home/makro/softconsole_2022/led-hdmi-uart-switches/src/platform/mpfs_hal/common/mss_plic.h ****             }
 561              		.loc 3 586 44 is_stmt 0
 562 01d0 23A00710 		sw	zero,256(a5)
 583:/home/makro/softconsole_2022/led-hdmi-uart-switches/src/platform/mpfs_hal/common/mss_plic.h ****             {
 563              		.loc 3 583 60
 564 01d4 0527     		addiw	a4,a4,1
 565              	.LVL47:
 583:/home/makro/softconsole_2022/led-hdmi-uart-switches/src/platform/mpfs_hal/common/mss_plic.h ****             {
 566              		.loc 3 583 13
 567 01d6 E316D7FE 		bne	a4,a3,.L15
 589:/home/makro/softconsole_2022/led-hdmi-uart-switches/src/platform/mpfs_hal/common/mss_plic.h ****             /* Disable supervisor level */
 568              		.loc 3 589 13 is_stmt 1
 589:/home/makro/softconsole_2022/led-hdmi-uart-switches/src/platform/mpfs_hal/common/mss_plic.h ****             /* Disable supervisor level */
 569              		.loc 3 589 69 is_stmt 0
 570 01da B717200C 		li	a5,203427840
 571 01de 23A00700 		sw	zero,0(a5)
 591:/home/makro/softconsole_2022/led-hdmi-uart-switches/src/platform/mpfs_hal/common/mss_plic.h ****             break;
 572              		.loc 3 591 13 is_stmt 1
 591:/home/makro/softconsole_2022/led-hdmi-uart-switches/src/platform/mpfs_hal/common/mss_plic.h ****             break;
 573              		.loc 3 591 69 is_stmt 0
 574 01e2 B727200C 		li	a5,203431936
 575              	.L51:
 624:/home/makro/softconsole_2022/led-hdmi-uart-switches/src/platform/mpfs_hal/common/mss_plic.h ****             break;
 576              		.loc 3 624 69
 577 01e6 1D47     		li	a4,7
 578 01e8 98C3     		sw	a4,0(a5)
 625:/home/makro/softconsole_2022/led-hdmi-uart-switches/src/platform/mpfs_hal/common/mss_plic.h ****         default:
 579              		.loc 3 625 13 is_stmt 1
 580 01ea BDBD     		j	.L10
 581              	.L40:
 594:/home/makro/softconsole_2022/led-hdmi-uart-switches/src/platform/mpfs_hal/common/mss_plic.h ****             {
 582              		.loc 3 594 21 is_stmt 0
 583 01ec 0147     		li	a4,0
 584 01ee B705000C 		li	a1,201326592
 596:/home/makro/softconsole_2022/led-hdmi-uart-switches/src/platform/mpfs_hal/common/mss_plic.h ****                 PLIC->HART2_SMODE_ENA[inc] = 0U;
 585              		.loc 3 596 44
 586 01f2 0966     		li	a2,8192
 594:/home/makro/softconsole_2022/led-hdmi-uart-switches/src/platform/mpfs_hal/common/mss_plic.h ****             {
 587              		.loc 3 594 13
 588 01f4 9946     		li	a3,6
 589              	.L14:
 590              	.LVL48:
 596:/home/makro/softconsole_2022/led-hdmi-uart-switches/src/platform/mpfs_hal/common/mss_plic.h ****                 PLIC->HART2_SMODE_ENA[inc] = 0U;
 591              		.loc 3 596 17 is_stmt 1
 592 01f6 93170702 		slli	a5,a4,32
 593 01fa F983     		srli	a5,a5,30
 594 01fc AE97     		add	a5,a1,a5
 596:/home/makro/softconsole_2022/led-hdmi-uart-switches/src/platform/mpfs_hal/common/mss_plic.h ****                 PLIC->HART2_SMODE_ENA[inc] = 0U;
 595              		.loc 3 596 44 is_stmt 0
 596 01fe B297     		add	a5,a5,a2
 597 0200 23A00718 		sw	zero,384(a5)
 597:/home/makro/softconsole_2022/led-hdmi-uart-switches/src/platform/mpfs_hal/common/mss_plic.h ****             }
 598              		.loc 3 597 17 is_stmt 1
 597:/home/makro/softconsole_2022/led-hdmi-uart-switches/src/platform/mpfs_hal/common/mss_plic.h ****             }
 599              		.loc 3 597 44 is_stmt 0
 600 0204 23A00720 		sw	zero,512(a5)
 594:/home/makro/softconsole_2022/led-hdmi-uart-switches/src/platform/mpfs_hal/common/mss_plic.h ****             {
 601              		.loc 3 594 60
 602 0208 0527     		addiw	a4,a4,1
 603              	.LVL49:
 594:/home/makro/softconsole_2022/led-hdmi-uart-switches/src/platform/mpfs_hal/common/mss_plic.h ****             {
 604              		.loc 3 594 13
 605 020a E316D7FE 		bne	a4,a3,.L14
 600:/home/makro/softconsole_2022/led-hdmi-uart-switches/src/platform/mpfs_hal/common/mss_plic.h ****             /* Disable supervisor level */
 606              		.loc 3 600 13 is_stmt 1
 600:/home/makro/softconsole_2022/led-hdmi-uart-switches/src/platform/mpfs_hal/common/mss_plic.h ****             /* Disable supervisor level */
 607              		.loc 3 600 69 is_stmt 0
 608 020e B737200C 		li	a5,203436032
 609 0212 23A00700 		sw	zero,0(a5)
 602:/home/makro/softconsole_2022/led-hdmi-uart-switches/src/platform/mpfs_hal/common/mss_plic.h ****             break;
 610              		.loc 3 602 13 is_stmt 1
 602:/home/makro/softconsole_2022/led-hdmi-uart-switches/src/platform/mpfs_hal/common/mss_plic.h ****             break;
 611              		.loc 3 602 69 is_stmt 0
 612 0216 B747200C 		li	a5,203440128
 613 021a F1B7     		j	.L51
 614              	.L41:
 605:/home/makro/softconsole_2022/led-hdmi-uart-switches/src/platform/mpfs_hal/common/mss_plic.h ****             {
 615              		.loc 3 605 21
 616 021c 0147     		li	a4,0
 617 021e B705000C 		li	a1,201326592
 607:/home/makro/softconsole_2022/led-hdmi-uart-switches/src/platform/mpfs_hal/common/mss_plic.h ****                 PLIC->HART3_SMODE_ENA[inc] = 0U;
 618              		.loc 3 607 44
 619 0222 0966     		li	a2,8192
 605:/home/makro/softconsole_2022/led-hdmi-uart-switches/src/platform/mpfs_hal/common/mss_plic.h ****             {
 620              		.loc 3 605 13
 621 0224 9946     		li	a3,6
 622              	.L13:
 623              	.LVL50:
 607:/home/makro/softconsole_2022/led-hdmi-uart-switches/src/platform/mpfs_hal/common/mss_plic.h ****                 PLIC->HART3_SMODE_ENA[inc] = 0U;
 624              		.loc 3 607 17 is_stmt 1
 625 0226 93170702 		slli	a5,a4,32
 626 022a F983     		srli	a5,a5,30
 627 022c AE97     		add	a5,a1,a5
 607:/home/makro/softconsole_2022/led-hdmi-uart-switches/src/platform/mpfs_hal/common/mss_plic.h ****                 PLIC->HART3_SMODE_ENA[inc] = 0U;
 628              		.loc 3 607 44 is_stmt 0
 629 022e B297     		add	a5,a5,a2
 630 0230 23A00728 		sw	zero,640(a5)
 608:/home/makro/softconsole_2022/led-hdmi-uart-switches/src/platform/mpfs_hal/common/mss_plic.h ****             }
 631              		.loc 3 608 17 is_stmt 1
 608:/home/makro/softconsole_2022/led-hdmi-uart-switches/src/platform/mpfs_hal/common/mss_plic.h ****             }
 632              		.loc 3 608 44 is_stmt 0
 633 0234 23A00730 		sw	zero,768(a5)
 605:/home/makro/softconsole_2022/led-hdmi-uart-switches/src/platform/mpfs_hal/common/mss_plic.h ****             {
 634              		.loc 3 605 60
 635 0238 0527     		addiw	a4,a4,1
 636              	.LVL51:
 605:/home/makro/softconsole_2022/led-hdmi-uart-switches/src/platform/mpfs_hal/common/mss_plic.h ****             {
 637              		.loc 3 605 13
 638 023a E316D7FE 		bne	a4,a3,.L13
 611:/home/makro/softconsole_2022/led-hdmi-uart-switches/src/platform/mpfs_hal/common/mss_plic.h ****             /* Disable supervisor level */
 639              		.loc 3 611 13 is_stmt 1
 611:/home/makro/softconsole_2022/led-hdmi-uart-switches/src/platform/mpfs_hal/common/mss_plic.h ****             /* Disable supervisor level */
 640              		.loc 3 611 69 is_stmt 0
 641 023e B757200C 		li	a5,203444224
 642 0242 23A00700 		sw	zero,0(a5)
 613:/home/makro/softconsole_2022/led-hdmi-uart-switches/src/platform/mpfs_hal/common/mss_plic.h ****             break;
 643              		.loc 3 613 13 is_stmt 1
 613:/home/makro/softconsole_2022/led-hdmi-uart-switches/src/platform/mpfs_hal/common/mss_plic.h ****             break;
 644              		.loc 3 613 69 is_stmt 0
 645 0246 B767200C 		li	a5,203448320
 646 024a 71BF     		j	.L51
 647              	.L42:
 616:/home/makro/softconsole_2022/led-hdmi-uart-switches/src/platform/mpfs_hal/common/mss_plic.h ****             {
 648              		.loc 3 616 21
 649 024c 0147     		li	a4,0
 650 024e B705000C 		li	a1,201326592
 618:/home/makro/softconsole_2022/led-hdmi-uart-switches/src/platform/mpfs_hal/common/mss_plic.h ****                 PLIC->HART4_SMODE_ENA[inc] = 0U;
 651              		.loc 3 618 44
 652 0252 0966     		li	a2,8192
 616:/home/makro/softconsole_2022/led-hdmi-uart-switches/src/platform/mpfs_hal/common/mss_plic.h ****             {
 653              		.loc 3 616 13
 654 0254 9946     		li	a3,6
 655              	.L11:
 656              	.LVL52:
 618:/home/makro/softconsole_2022/led-hdmi-uart-switches/src/platform/mpfs_hal/common/mss_plic.h ****                 PLIC->HART4_SMODE_ENA[inc] = 0U;
 657              		.loc 3 618 17 is_stmt 1
 658 0256 93170702 		slli	a5,a4,32
 659 025a F983     		srli	a5,a5,30
 660 025c AE97     		add	a5,a1,a5
 618:/home/makro/softconsole_2022/led-hdmi-uart-switches/src/platform/mpfs_hal/common/mss_plic.h ****                 PLIC->HART4_SMODE_ENA[inc] = 0U;
 661              		.loc 3 618 44 is_stmt 0
 662 025e B297     		add	a5,a5,a2
 663 0260 23A00738 		sw	zero,896(a5)
 619:/home/makro/softconsole_2022/led-hdmi-uart-switches/src/platform/mpfs_hal/common/mss_plic.h ****             }
 664              		.loc 3 619 17 is_stmt 1
 619:/home/makro/softconsole_2022/led-hdmi-uart-switches/src/platform/mpfs_hal/common/mss_plic.h ****             }
 665              		.loc 3 619 44 is_stmt 0
 666 0264 23A00740 		sw	zero,1024(a5)
 616:/home/makro/softconsole_2022/led-hdmi-uart-switches/src/platform/mpfs_hal/common/mss_plic.h ****             {
 667              		.loc 3 616 60
 668 0268 0527     		addiw	a4,a4,1
 669              	.LVL53:
 616:/home/makro/softconsole_2022/led-hdmi-uart-switches/src/platform/mpfs_hal/common/mss_plic.h ****             {
 670              		.loc 3 616 13
 671 026a E316D7FE 		bne	a4,a3,.L11
 622:/home/makro/softconsole_2022/led-hdmi-uart-switches/src/platform/mpfs_hal/common/mss_plic.h ****             /* Disable supervisor level */
 672              		.loc 3 622 13 is_stmt 1
 622:/home/makro/softconsole_2022/led-hdmi-uart-switches/src/platform/mpfs_hal/common/mss_plic.h ****             /* Disable supervisor level */
 673              		.loc 3 622 69 is_stmt 0
 674 026e B777200C 		li	a5,203452416
 675 0272 23A00700 		sw	zero,0(a5)
 624:/home/makro/softconsole_2022/led-hdmi-uart-switches/src/platform/mpfs_hal/common/mss_plic.h ****             break;
 676              		.loc 3 624 13 is_stmt 1
 624:/home/makro/softconsole_2022/led-hdmi-uart-switches/src/platform/mpfs_hal/common/mss_plic.h ****             break;
 677              		.loc 3 624 69 is_stmt 0
 678 0276 B787200C 		li	a5,203456512
 679 027a B5B7     		j	.L51
 680              	.LVL54:
 681              	.L24:
 682              	.LBE35:
 683              	.LBE57:
 684              	.LBB58:
 685              	.LBB55:
 648:/home/makro/softconsole_2022/led-hdmi-uart-switches/src/platform/mpfs_hal/common/mss_plic.h ****             current |= (uint32_t)1 << (IRQn % 32U);
 686              		.loc 3 648 13 is_stmt 1
 648:/home/makro/softconsole_2022/led-hdmi-uart-switches/src/platform/mpfs_hal/common/mss_plic.h ****             current |= (uint32_t)1 << (IRQn % 32U);
 687              		.loc 3 648 22 is_stmt 0
 688 027c 5C47     		lw	a5,12(a4)
 649:/home/makro/softconsole_2022/led-hdmi-uart-switches/src/platform/mpfs_hal/common/mss_plic.h ****             PLIC->HART0_MMODE_ENA[IRQn / 32U]  = current;
 689              		.loc 3 649 21
 690 027e B7064000 		li	a3,4194304
 648:/home/makro/softconsole_2022/led-hdmi-uart-switches/src/platform/mpfs_hal/common/mss_plic.h ****             current |= (uint32_t)1 << (IRQn % 32U);
 691              		.loc 3 648 22
 692 0282 8127     		sext.w	a5,a5
 693              	.LVL55:
 649:/home/makro/softconsole_2022/led-hdmi-uart-switches/src/platform/mpfs_hal/common/mss_plic.h ****             PLIC->HART0_MMODE_ENA[IRQn / 32U]  = current;
 694              		.loc 3 649 13 is_stmt 1
 649:/home/makro/softconsole_2022/led-hdmi-uart-switches/src/platform/mpfs_hal/common/mss_plic.h ****             PLIC->HART0_MMODE_ENA[IRQn / 32U]  = current;
 695              		.loc 3 649 21 is_stmt 0
 696 0284 D58F     		or	a5,a5,a3
 697              	.LVL56:
 650:/home/makro/softconsole_2022/led-hdmi-uart-switches/src/platform/mpfs_hal/common/mss_plic.h ****             break;
 698              		.loc 3 650 13 is_stmt 1
 650:/home/makro/softconsole_2022/led-hdmi-uart-switches/src/platform/mpfs_hal/common/mss_plic.h ****             break;
 699              		.loc 3 650 48 is_stmt 0
 700 0286 5CC7     		sw	a5,12(a4)
 651:/home/makro/softconsole_2022/led-hdmi-uart-switches/src/platform/mpfs_hal/common/mss_plic.h ****         case 1:
 701              		.loc 3 651 13 is_stmt 1
 702              	.LVL57:
 703              	.L18:
 704              	.LBE55:
 705              	.LBE58:
 147:../src/application/hart0/e51.c **** 
 148:../src/application/hart0/e51.c ****     MSS_GPIO_init(GPIO2_LO);
 706              		.loc 1 148 5
 707 0288 37251220 		li	a0,538058752
 708 028c 97000000 		call	MSS_GPIO_init
 708      E7800000 
 709              	.LVL58:
 149:../src/application/hart0/e51.c ****     MSS_GPIO_init(GPIO1_LO);
 710              		.loc 1 149 5
 711 0294 37151220 		li	a0,538054656
 712 0298 97000000 		call	MSS_GPIO_init
 712      E7800000 
 713              	.LVL59:
 150:../src/application/hart0/e51.c **** 
 151:../src/application/hart0/e51.c **** 
 152:../src/application/hart0/e51.c ****     MSS_GPIO_config(GPIO2_LO, MSS_GPIO_16, MSS_GPIO_OUTPUT_MODE);
 714              		.loc 1 152 5
 715 02a0 1546     		li	a2,5
 716 02a2 C145     		li	a1,16
 717 02a4 37251220 		li	a0,538058752
 718 02a8 97000000 		call	MSS_GPIO_config
 718      E7800000 
 719              	.LVL60:
 153:../src/application/hart0/e51.c ****     MSS_GPIO_config(GPIO2_LO, MSS_GPIO_17, MSS_GPIO_OUTPUT_MODE);
 720              		.loc 1 153 5
 721 02b0 1546     		li	a2,5
 722 02b2 C545     		li	a1,17
 723 02b4 37251220 		li	a0,538058752
 724 02b8 97000000 		call	MSS_GPIO_config
 724      E7800000 
 725              	.LVL61:
 154:../src/application/hart0/e51.c ****     MSS_GPIO_config(GPIO2_LO, MSS_GPIO_18, MSS_GPIO_OUTPUT_MODE);
 726              		.loc 1 154 5
 727 02c0 1546     		li	a2,5
 728 02c2 C945     		li	a1,18
 729 02c4 37251220 		li	a0,538058752
 730 02c8 97000000 		call	MSS_GPIO_config
 730      E7800000 
 731              	.LVL62:
 155:../src/application/hart0/e51.c **** 
 156:../src/application/hart0/e51.c ****     MSS_GPIO_config(GPIO1_LO, MSS_GPIO_23, MSS_GPIO_OUTPUT_MODE);
 732              		.loc 1 156 5
 733 02d0 1546     		li	a2,5
 734 02d2 DD45     		li	a1,23
 735 02d4 37151220 		li	a0,538054656
 736 02d8 97000000 		call	MSS_GPIO_config
 736      E7800000 
 737              	.LVL63:
 157:../src/application/hart0/e51.c **** 
 158:../src/application/hart0/e51.c ****     MSS_GPIO_config(GPIO2_LO, MSS_GPIO_20, MSS_GPIO_INPUT_MODE | MSS_GPIO_IRQ_EDGE_BOTH);
 738              		.loc 1 158 5
 739 02e0 13062008 		li	a2,130
 740 02e4 D145     		li	a1,20
 741 02e6 37251220 		li	a0,538058752
 742 02ea 97000000 		call	MSS_GPIO_config
 742      E7800000 
 743              	.LVL64:
 159:../src/application/hart0/e51.c ****     MSS_GPIO_config(GPIO2_LO, MSS_GPIO_21, MSS_GPIO_INPUT_MODE | MSS_GPIO_IRQ_EDGE_BOTH);
 744              		.loc 1 159 5
 745 02f2 13062008 		li	a2,130
 746 02f6 D545     		li	a1,21
 747 02f8 37251220 		li	a0,538058752
 748 02fc 97000000 		call	MSS_GPIO_config
 748      E7800000 
 749              	.LVL65:
 160:../src/application/hart0/e51.c ****     MSS_GPIO_config(GPIO2_LO, MSS_GPIO_22, MSS_GPIO_INPUT_MODE | MSS_GPIO_IRQ_EDGE_BOTH);
 750              		.loc 1 160 5
 751 0304 13062008 		li	a2,130
 752 0308 D945     		li	a1,22
 753 030a 37251220 		li	a0,538058752
 754 030e 97000000 		call	MSS_GPIO_config
 754      E7800000 
 755              	.LVL66:
 161:../src/application/hart0/e51.c ****     MSS_GPIO_config(GPIO2_LO, MSS_GPIO_23, MSS_GPIO_INPUT_MODE | MSS_GPIO_IRQ_EDGE_BOTH);
 756              		.loc 1 161 5
 757 0316 13062008 		li	a2,130
 758 031a DD45     		li	a1,23
 759 031c 37251220 		li	a0,538058752
 760 0320 97000000 		call	MSS_GPIO_config
 760      E7800000 
 761              	.LVL67:
 162:../src/application/hart0/e51.c **** 
 163:../src/application/hart0/e51.c ****     HDMI_tx_init();
 762              		.loc 1 163 5
 763 0328 97000000 		call	HDMI_tx_init
 763      E7800000 
 764              	.LVL68:
 164:../src/application/hart0/e51.c **** 
 165:../src/application/hart0/e51.c ****     MSS_GPIO_enable_irq(GPIO2_LO, MSS_GPIO_20);
 765              		.loc 1 165 5
 766 0330 D145     		li	a1,20
 767 0332 37251220 		li	a0,538058752
 768 0336 97000000 		call	MSS_GPIO_enable_irq
 768      E7800000 
 769              	.LVL69:
 166:../src/application/hart0/e51.c ****     MSS_GPIO_enable_irq(GPIO2_LO, MSS_GPIO_21);
 770              		.loc 1 166 5
 771 033e D545     		li	a1,21
 772 0340 37251220 		li	a0,538058752
 773 0344 97000000 		call	MSS_GPIO_enable_irq
 773      E7800000 
 774              	.LVL70:
 167:../src/application/hart0/e51.c ****     MSS_GPIO_enable_irq(GPIO2_LO, MSS_GPIO_22);
 775              		.loc 1 167 5
 776 034c D945     		li	a1,22
 777 034e 37251220 		li	a0,538058752
 778 0352 97000000 		call	MSS_GPIO_enable_irq
 778      E7800000 
 779              	.LVL71:
 168:../src/application/hart0/e51.c ****     MSS_GPIO_enable_irq(GPIO2_LO, MSS_GPIO_23);
 780              		.loc 1 168 5
 781 035a DD45     		li	a1,23
 782 035c 37251220 		li	a0,538058752
 783 0360 97000000 		call	MSS_GPIO_enable_irq
 783      E7800000 
 784              	.LVL72:
 169:../src/application/hart0/e51.c **** 
 170:../src/application/hart0/e51.c ****     while (1u)
 171:../src/application/hart0/e51.c ****     {
 172:../src/application/hart0/e51.c ****         g_rx_size = MSS_UART_get_rx(g_uart, g_rx_buff,
 785              		.loc 1 172 21 is_stmt 0
 786 0368 97040000 		lla	s1,.LANCHOR2
 786      93840400 
 787              		.loc 1 172 19
 788 0370 97090000 		lla	s3,.LANCHOR3
 788      93890900 
 173:../src/application/hart0/e51.c ****                                             sizeof(g_rx_buff));
 174:../src/application/hart0/e51.c **** 
 175:../src/application/hart0/e51.c ****         if (g_rx_size > 0u)
 176:../src/application/hart0/e51.c ****         {
 177:../src/application/hart0/e51.c ****             switch (g_rx_buff[0u])
 789              		.loc 1 177 13
 790 0378 214A     		li	s4,8
 791 037a 17090000 		lla	s2,.L28
 791      13090900 
 792              	.L25:
 170:../src/application/hart0/e51.c ****     {
 793              		.loc 1 170 5 is_stmt 1
 172:../src/application/hart0/e51.c ****                                             sizeof(g_rx_buff));
 794              		.loc 1 172 9
 172:../src/application/hart0/e51.c ****                                             sizeof(g_rx_buff));
 795              		.loc 1 172 21 is_stmt 0
 796 0382 0860     		ld	a0,0(s0)
 797 0384 13060004 		li	a2,64
 798 0388 97050000 		lla	a1,.LANCHOR2
 798      93850500 
 799 0390 97000000 		call	MSS_UART_get_rx
 799      E7800000 
 800              	.LVL73:
 172:../src/application/hart0/e51.c ****                                             sizeof(g_rx_buff));
 801              		.loc 1 172 19
 802 0398 97070000 		sb	a0,.LANCHOR3,a5
 802      2380A700 
 175:../src/application/hart0/e51.c ****         {
 803              		.loc 1 175 9 is_stmt 1
 175:../src/application/hart0/e51.c ****         {
 804              		.loc 1 175 23 is_stmt 0
 805 03a0 83C70900 		lbu	a5,0(s3)
 806 03a4 93F7F70F 		andi	a5,a5,0xff
 175:../src/application/hart0/e51.c ****         {
 807              		.loc 1 175 12
 808 03a8 E9DF     		beq	a5,zero,.L25
 809              		.loc 1 177 13 is_stmt 1
 810 03aa 83C70400 		lbu	a5,0(s1)
 811 03ae 9B87F7FC 		addiw	a5,a5,-49
 812 03b2 93F7F70F 		andi	a5,a5,0xff
 813 03b6 6368FA16 		bgtu	a5,s4,.L26
 814 03ba 8A07     		slli	a5,a5,2
 815 03bc CA97     		add	a5,a5,s2
 816 03be 9C43     		lw	a5,0(a5)
 817 03c0 CA97     		add	a5,a5,s2
 818 03c2 8287     		jr	a5
 819              		.section	.rodata.e51
 820              		.align	2
 821              		.align	2
 822              	.L28:
 823 0028 00000000 		.word	.L36-.L28
 824 002c 00000000 		.word	.L35-.L28
 825 0030 00000000 		.word	.L34-.L28
 826 0034 00000000 		.word	.L33-.L28
 827 0038 00000000 		.word	.L32-.L28
 828 003c 00000000 		.word	.L31-.L28
 829 0040 00000000 		.word	.L30-.L28
 830 0044 00000000 		.word	.L29-.L28
 831 0048 00000000 		.word	.L27-.L28
 832              		.section	.text.e51
 833              	.LVL74:
 834              	.L23:
 835              	.LBB59:
 836              	.LBB56:
 653:/home/makro/softconsole_2022/led-hdmi-uart-switches/src/platform/mpfs_hal/common/mss_plic.h ****             current |= (uint32_t)1 << (IRQn % 32U);
 837              		.loc 3 653 13
 653:/home/makro/softconsole_2022/led-hdmi-uart-switches/src/platform/mpfs_hal/common/mss_plic.h ****             current |= (uint32_t)1 << (IRQn % 32U);
 838              		.loc 3 653 22 is_stmt 0
 839 03c4 8327C708 		lw	a5,140(a4)
 654:/home/makro/softconsole_2022/led-hdmi-uart-switches/src/platform/mpfs_hal/common/mss_plic.h ****             PLIC->HART1_MMODE_ENA[IRQn / 32U]  = current;
 840              		.loc 3 654 21
 841 03c8 B7064000 		li	a3,4194304
 653:/home/makro/softconsole_2022/led-hdmi-uart-switches/src/platform/mpfs_hal/common/mss_plic.h ****             current |= (uint32_t)1 << (IRQn % 32U);
 842              		.loc 3 653 22
 843 03cc 8127     		sext.w	a5,a5
 844              	.LVL75:
 654:/home/makro/softconsole_2022/led-hdmi-uart-switches/src/platform/mpfs_hal/common/mss_plic.h ****             PLIC->HART1_MMODE_ENA[IRQn / 32U]  = current;
 845              		.loc 3 654 13 is_stmt 1
 654:/home/makro/softconsole_2022/led-hdmi-uart-switches/src/platform/mpfs_hal/common/mss_plic.h ****             PLIC->HART1_MMODE_ENA[IRQn / 32U]  = current;
 846              		.loc 3 654 21 is_stmt 0
 847 03ce D58F     		or	a5,a5,a3
 848              	.LVL76:
 655:/home/makro/softconsole_2022/led-hdmi-uart-switches/src/platform/mpfs_hal/common/mss_plic.h ****             break;
 849              		.loc 3 655 13 is_stmt 1
 655:/home/makro/softconsole_2022/led-hdmi-uart-switches/src/platform/mpfs_hal/common/mss_plic.h ****             break;
 850              		.loc 3 655 48 is_stmt 0
 851 03d0 2326F708 		sw	a5,140(a4)
 656:/home/makro/softconsole_2022/led-hdmi-uart-switches/src/platform/mpfs_hal/common/mss_plic.h ****         case 2:
 852              		.loc 3 656 13 is_stmt 1
 853 03d4 55BD     		j	.L18
 854              	.LVL77:
 855              	.L22:
 658:/home/makro/softconsole_2022/led-hdmi-uart-switches/src/platform/mpfs_hal/common/mss_plic.h ****             current |= (uint32_t)1 << (IRQn % 32U);
 856              		.loc 3 658 13
 658:/home/makro/softconsole_2022/led-hdmi-uart-switches/src/platform/mpfs_hal/common/mss_plic.h ****             current |= (uint32_t)1 << (IRQn % 32U);
 857              		.loc 3 658 22 is_stmt 0
 858 03d6 8327C718 		lw	a5,396(a4)
 659:/home/makro/softconsole_2022/led-hdmi-uart-switches/src/platform/mpfs_hal/common/mss_plic.h ****             PLIC->HART2_MMODE_ENA[IRQn / 32U]  = current;
 859              		.loc 3 659 21
 860 03da B7064000 		li	a3,4194304
 658:/home/makro/softconsole_2022/led-hdmi-uart-switches/src/platform/mpfs_hal/common/mss_plic.h ****             current |= (uint32_t)1 << (IRQn % 32U);
 861              		.loc 3 658 22
 862 03de 8127     		sext.w	a5,a5
 863              	.LVL78:
 659:/home/makro/softconsole_2022/led-hdmi-uart-switches/src/platform/mpfs_hal/common/mss_plic.h ****             PLIC->HART2_MMODE_ENA[IRQn / 32U]  = current;
 864              		.loc 3 659 13 is_stmt 1
 659:/home/makro/softconsole_2022/led-hdmi-uart-switches/src/platform/mpfs_hal/common/mss_plic.h ****             PLIC->HART2_MMODE_ENA[IRQn / 32U]  = current;
 865              		.loc 3 659 21 is_stmt 0
 866 03e0 D58F     		or	a5,a5,a3
 867              	.LVL79:
 660:/home/makro/softconsole_2022/led-hdmi-uart-switches/src/platform/mpfs_hal/common/mss_plic.h ****             break;
 868              		.loc 3 660 13 is_stmt 1
 660:/home/makro/softconsole_2022/led-hdmi-uart-switches/src/platform/mpfs_hal/common/mss_plic.h ****             break;
 869              		.loc 3 660 48 is_stmt 0
 870 03e2 2326F718 		sw	a5,396(a4)
 661:/home/makro/softconsole_2022/led-hdmi-uart-switches/src/platform/mpfs_hal/common/mss_plic.h ****         case 3:
 871              		.loc 3 661 13 is_stmt 1
 872 03e6 4DB5     		j	.L18
 873              	.LVL80:
 874              	.L21:
 663:/home/makro/softconsole_2022/led-hdmi-uart-switches/src/platform/mpfs_hal/common/mss_plic.h ****             current |= (uint32_t)1 << (IRQn % 32U);
 875              		.loc 3 663 13
 663:/home/makro/softconsole_2022/led-hdmi-uart-switches/src/platform/mpfs_hal/common/mss_plic.h ****             current |= (uint32_t)1 << (IRQn % 32U);
 876              		.loc 3 663 22 is_stmt 0
 877 03e8 8327C728 		lw	a5,652(a4)
 664:/home/makro/softconsole_2022/led-hdmi-uart-switches/src/platform/mpfs_hal/common/mss_plic.h ****             PLIC->HART3_MMODE_ENA[IRQn / 32U]  = current;
 878              		.loc 3 664 21
 879 03ec B7064000 		li	a3,4194304
 663:/home/makro/softconsole_2022/led-hdmi-uart-switches/src/platform/mpfs_hal/common/mss_plic.h ****             current |= (uint32_t)1 << (IRQn % 32U);
 880              		.loc 3 663 22
 881 03f0 8127     		sext.w	a5,a5
 882              	.LVL81:
 664:/home/makro/softconsole_2022/led-hdmi-uart-switches/src/platform/mpfs_hal/common/mss_plic.h ****             PLIC->HART3_MMODE_ENA[IRQn / 32U]  = current;
 883              		.loc 3 664 13 is_stmt 1
 664:/home/makro/softconsole_2022/led-hdmi-uart-switches/src/platform/mpfs_hal/common/mss_plic.h ****             PLIC->HART3_MMODE_ENA[IRQn / 32U]  = current;
 884              		.loc 3 664 21 is_stmt 0
 885 03f2 D58F     		or	a5,a5,a3
 886              	.LVL82:
 665:/home/makro/softconsole_2022/led-hdmi-uart-switches/src/platform/mpfs_hal/common/mss_plic.h ****             break;
 887              		.loc 3 665 13 is_stmt 1
 665:/home/makro/softconsole_2022/led-hdmi-uart-switches/src/platform/mpfs_hal/common/mss_plic.h ****             break;
 888              		.loc 3 665 48 is_stmt 0
 889 03f4 2326F728 		sw	a5,652(a4)
 666:/home/makro/softconsole_2022/led-hdmi-uart-switches/src/platform/mpfs_hal/common/mss_plic.h ****         case 4:
 890              		.loc 3 666 13 is_stmt 1
 891 03f8 41BD     		j	.L18
 892              	.LVL83:
 893              	.L19:
 668:/home/makro/softconsole_2022/led-hdmi-uart-switches/src/platform/mpfs_hal/common/mss_plic.h ****             current |= (uint32_t)1 << (IRQn % 32U);
 894              		.loc 3 668 13
 668:/home/makro/softconsole_2022/led-hdmi-uart-switches/src/platform/mpfs_hal/common/mss_plic.h ****             current |= (uint32_t)1 << (IRQn % 32U);
 895              		.loc 3 668 22 is_stmt 0
 896 03fa 8327C738 		lw	a5,908(a4)
 669:/home/makro/softconsole_2022/led-hdmi-uart-switches/src/platform/mpfs_hal/common/mss_plic.h ****             PLIC->HART4_MMODE_ENA[IRQn / 32U]  = current;
 897              		.loc 3 669 21
 898 03fe B7064000 		li	a3,4194304
 668:/home/makro/softconsole_2022/led-hdmi-uart-switches/src/platform/mpfs_hal/common/mss_plic.h ****             current |= (uint32_t)1 << (IRQn % 32U);
 899              		.loc 3 668 22
 900 0402 8127     		sext.w	a5,a5
 901              	.LVL84:
 669:/home/makro/softconsole_2022/led-hdmi-uart-switches/src/platform/mpfs_hal/common/mss_plic.h ****             PLIC->HART4_MMODE_ENA[IRQn / 32U]  = current;
 902              		.loc 3 669 13 is_stmt 1
 669:/home/makro/softconsole_2022/led-hdmi-uart-switches/src/platform/mpfs_hal/common/mss_plic.h ****             PLIC->HART4_MMODE_ENA[IRQn / 32U]  = current;
 903              		.loc 3 669 21 is_stmt 0
 904 0404 D58F     		or	a5,a5,a3
 905              	.LVL85:
 670:/home/makro/softconsole_2022/led-hdmi-uart-switches/src/platform/mpfs_hal/common/mss_plic.h ****             break;
 906              		.loc 3 670 13 is_stmt 1
 670:/home/makro/softconsole_2022/led-hdmi-uart-switches/src/platform/mpfs_hal/common/mss_plic.h ****             break;
 907              		.loc 3 670 48 is_stmt 0
 908 0406 2326F738 		sw	a5,908(a4)
 671:/home/makro/softconsole_2022/led-hdmi-uart-switches/src/platform/mpfs_hal/common/mss_plic.h ****         default:
 909              		.loc 3 671 13 is_stmt 1
 910 040a BDBD     		j	.L18
 911              	.LVL86:
 912              	.L36:
 913              	.LBE56:
 914              	.LBE59:
 178:../src/application/hart0/e51.c ****             {
 179:../src/application/hart0/e51.c ****             case '1':
 180:../src/application/hart0/e51.c ****                 MSS_GPIO_set_output(GPIO2_LO, MSS_GPIO_16, 0x0);
 915              		.loc 1 180 17
 916 040c 0146     		li	a2,0
 917 040e C145     		li	a1,16
 918 0410 37251220 		li	a0,538058752
 919 0414 97000000 		call	MSS_GPIO_set_output
 919      E7800000 
 920              	.LVL87:
 181:../src/application/hart0/e51.c ****                 MSS_GPIO_set_output(GPIO2_LO, MSS_GPIO_17, 0x0);
 921              		.loc 1 181 17
 922 041c 0146     		li	a2,0
 923              	.L59:
 182:../src/application/hart0/e51.c ****                 MSS_GPIO_set_output(GPIO2_LO, MSS_GPIO_18, 0x0);
 183:../src/application/hart0/e51.c ****                 MSS_GPIO_set_output(GPIO1_LO, MSS_GPIO_23, 0x0);
 184:../src/application/hart0/e51.c ****                 break;
 185:../src/application/hart0/e51.c **** 
 186:../src/application/hart0/e51.c ****             case '2':
 187:../src/application/hart0/e51.c ****                 MSS_GPIO_set_output(GPIO2_LO, MSS_GPIO_16, 0x1);
 188:../src/application/hart0/e51.c ****                 MSS_GPIO_set_output(GPIO2_LO, MSS_GPIO_17, 0x0);
 189:../src/application/hart0/e51.c ****                 MSS_GPIO_set_output(GPIO2_LO, MSS_GPIO_18, 0x0);
 190:../src/application/hart0/e51.c ****                 MSS_GPIO_set_output(GPIO1_LO, MSS_GPIO_23, 0x1);
 191:../src/application/hart0/e51.c ****                 break;
 192:../src/application/hart0/e51.c **** 
 193:../src/application/hart0/e51.c ****             case '3':
 194:../src/application/hart0/e51.c ****                 MSS_GPIO_set_output(GPIO2_LO, MSS_GPIO_16, 0x0);
 195:../src/application/hart0/e51.c ****                 MSS_GPIO_set_output(GPIO2_LO, MSS_GPIO_17, 0x0);
 196:../src/application/hart0/e51.c ****                 MSS_GPIO_set_output(GPIO2_LO, MSS_GPIO_18, 0x1);
 197:../src/application/hart0/e51.c ****                 MSS_GPIO_set_output(GPIO1_LO, MSS_GPIO_23, 0x0);
 198:../src/application/hart0/e51.c ****                 break;
 199:../src/application/hart0/e51.c **** 
 200:../src/application/hart0/e51.c ****             case '4':
 201:../src/application/hart0/e51.c ****                 MSS_GPIO_set_output(GPIO2_LO, MSS_GPIO_16, 0x1);
 202:../src/application/hart0/e51.c ****                 MSS_GPIO_set_output(GPIO2_LO, MSS_GPIO_17, 0x0);
 203:../src/application/hart0/e51.c ****                 MSS_GPIO_set_output(GPIO2_LO, MSS_GPIO_18, 0x1);
 204:../src/application/hart0/e51.c ****                 MSS_GPIO_set_output(GPIO1_LO, MSS_GPIO_23, 0x1);
 205:../src/application/hart0/e51.c ****                 break;
 206:../src/application/hart0/e51.c **** 
 207:../src/application/hart0/e51.c ****             case '5':
 208:../src/application/hart0/e51.c ****                 MSS_GPIO_set_output(GPIO2_LO, MSS_GPIO_16, 0x0);
 209:../src/application/hart0/e51.c ****                 MSS_GPIO_set_output(GPIO2_LO, MSS_GPIO_17, 0x1);
 924              		.loc 1 209 17 is_stmt 0
 925 041e C545     		li	a1,17
 926 0420 37251220 		li	a0,538058752
 927 0424 97000000 		call	MSS_GPIO_set_output
 927      E7800000 
 928              	.LVL88:
 210:../src/application/hart0/e51.c ****                 MSS_GPIO_set_output(GPIO2_LO, MSS_GPIO_18, 0x0);
 929              		.loc 1 210 17 is_stmt 1
 930 042c 0146     		li	a2,0
 931              	.L57:
 211:../src/application/hart0/e51.c ****                 MSS_GPIO_set_output(GPIO1_LO, MSS_GPIO_23, 0x0);
 212:../src/application/hart0/e51.c ****                 break;
 213:../src/application/hart0/e51.c **** 
 214:../src/application/hart0/e51.c ****             case '6':
 215:../src/application/hart0/e51.c ****                 MSS_GPIO_set_output(GPIO2_LO, MSS_GPIO_16, 0x1);
 216:../src/application/hart0/e51.c ****                 MSS_GPIO_set_output(GPIO2_LO, MSS_GPIO_17, 0x1);
 217:../src/application/hart0/e51.c ****                 MSS_GPIO_set_output(GPIO2_LO, MSS_GPIO_18, 0x0);
 218:../src/application/hart0/e51.c ****                 MSS_GPIO_set_output(GPIO1_LO, MSS_GPIO_23, 0x1);
 219:../src/application/hart0/e51.c ****                 break;
 220:../src/application/hart0/e51.c **** 
 221:../src/application/hart0/e51.c ****             case '7':
 222:../src/application/hart0/e51.c ****                 MSS_GPIO_set_output(GPIO2_LO, MSS_GPIO_16, 0x0);
 223:../src/application/hart0/e51.c ****                 MSS_GPIO_set_output(GPIO2_LO, MSS_GPIO_17, 0x1);
 224:../src/application/hart0/e51.c ****                 MSS_GPIO_set_output(GPIO2_LO, MSS_GPIO_18, 0x0);
 225:../src/application/hart0/e51.c ****                 MSS_GPIO_set_output(GPIO1_LO, MSS_GPIO_23, 0x1);
 226:../src/application/hart0/e51.c ****                 break;
 227:../src/application/hart0/e51.c **** 
 228:../src/application/hart0/e51.c ****             case '8':
 229:../src/application/hart0/e51.c ****                 MSS_GPIO_set_output(GPIO2_LO, MSS_GPIO_16, 0x1);
 230:../src/application/hart0/e51.c ****                 MSS_GPIO_set_output(GPIO2_LO, MSS_GPIO_17, 0x1);
 231:../src/application/hart0/e51.c ****                 MSS_GPIO_set_output(GPIO2_LO, MSS_GPIO_18, 0x1);
 932              		.loc 1 231 17 is_stmt 0
 933 042e C945     		li	a1,18
 934 0430 37251220 		li	a0,538058752
 935 0434 97000000 		call	MSS_GPIO_set_output
 935      E7800000 
 936              	.LVL89:
 232:../src/application/hart0/e51.c ****                 MSS_GPIO_set_output(GPIO1_LO, MSS_GPIO_23, 0x0);
 937              		.loc 1 232 17 is_stmt 1
 938 043c 0146     		li	a2,0
 939 043e 15A8     		j	.L52
 940              	.L35:
 187:../src/application/hart0/e51.c ****                 MSS_GPIO_set_output(GPIO2_LO, MSS_GPIO_17, 0x0);
 941              		.loc 1 187 17
 942 0440 0546     		li	a2,1
 943 0442 C145     		li	a1,16
 944 0444 37251220 		li	a0,538058752
 945 0448 97000000 		call	MSS_GPIO_set_output
 945      E7800000 
 946              	.LVL90:
 188:../src/application/hart0/e51.c ****                 MSS_GPIO_set_output(GPIO2_LO, MSS_GPIO_18, 0x0);
 947              		.loc 1 188 17
 948 0450 0146     		li	a2,0
 949              	.L54:
 950 0452 C545     		li	a1,17
 951 0454 37251220 		li	a0,538058752
 952 0458 97000000 		call	MSS_GPIO_set_output
 952      E7800000 
 953              	.LVL91:
 189:../src/application/hart0/e51.c ****                 MSS_GPIO_set_output(GPIO1_LO, MSS_GPIO_23, 0x1);
 954              		.loc 1 189 17
 955 0460 0146     		li	a2,0
 956              	.L53:
 957 0462 C945     		li	a1,18
 958 0464 37251220 		li	a0,538058752
 959 0468 97000000 		call	MSS_GPIO_set_output
 959      E7800000 
 960              	.LVL92:
 190:../src/application/hart0/e51.c ****                 break;
 961              		.loc 1 190 17
 962 0470 0546     		li	a2,1
 963              	.L52:
 964 0472 DD45     		li	a1,23
 965 0474 37151220 		li	a0,538054656
 966 0478 97000000 		call	MSS_GPIO_set_output
 966      E7800000 
 967              	.LVL93:
 191:../src/application/hart0/e51.c **** 
 968              		.loc 1 191 17
 969              	.L37:
 233:../src/application/hart0/e51.c ****                 break;
 234:../src/application/hart0/e51.c **** 
 235:../src/application/hart0/e51.c ****             case '9':
 236:../src/application/hart0/e51.c ****                 MSS_GPIO_set_output(GPIO2_LO, MSS_GPIO_16, 0x0);
 237:../src/application/hart0/e51.c ****                 MSS_GPIO_set_output(GPIO2_LO, MSS_GPIO_17, 0x1);
 238:../src/application/hart0/e51.c ****                 MSS_GPIO_set_output(GPIO2_LO, MSS_GPIO_18, 0x1);
 239:../src/application/hart0/e51.c ****                 MSS_GPIO_set_output(GPIO1_LO, MSS_GPIO_23, 0x1);
 240:../src/application/hart0/e51.c ****                 break;
 241:../src/application/hart0/e51.c **** 
 242:../src/application/hart0/e51.c ****             default:
 243:../src/application/hart0/e51.c **** 
 244:../src/application/hart0/e51.c ****                 /* Echo the characters received from the terminal */
 245:../src/application/hart0/e51.c **** 
 246:../src/application/hart0/e51.c ****                 MSS_UART_polled_tx_string(g_uart,
 247:../src/application/hart0/e51.c ****                                    g_rx_buff );
 248:../src/application/hart0/e51.c ****             }
 249:../src/application/hart0/e51.c **** 
 250:../src/application/hart0/e51.c ****             g_rx_size = 0;
 970              		.loc 1 250 13
 971              		.loc 1 250 23 is_stmt 0
 972 0480 97070000 		sb	zero,.LANCHOR3,a5
 972      23800700 
 973 0488 EDBD     		j	.L25
 974              	.L34:
 194:../src/application/hart0/e51.c ****                 MSS_GPIO_set_output(GPIO2_LO, MSS_GPIO_17, 0x0);
 975              		.loc 1 194 17 is_stmt 1
 976 048a 0146     		li	a2,0
 977 048c C145     		li	a1,16
 978 048e 37251220 		li	a0,538058752
 979 0492 97000000 		call	MSS_GPIO_set_output
 979      E7800000 
 980              	.LVL94:
 195:../src/application/hart0/e51.c ****                 MSS_GPIO_set_output(GPIO2_LO, MSS_GPIO_18, 0x1);
 981              		.loc 1 195 17
 982 049a 0146     		li	a2,0
 983              	.L58:
 230:../src/application/hart0/e51.c ****                 MSS_GPIO_set_output(GPIO2_LO, MSS_GPIO_18, 0x1);
 984              		.loc 1 230 17 is_stmt 0
 985 049c C545     		li	a1,17
 986 049e 37251220 		li	a0,538058752
 987 04a2 97000000 		call	MSS_GPIO_set_output
 987      E7800000 
 988              	.LVL95:
 231:../src/application/hart0/e51.c ****                 MSS_GPIO_set_output(GPIO1_LO, MSS_GPIO_23, 0x0);
 989              		.loc 1 231 17 is_stmt 1
 990 04aa 0546     		li	a2,1
 991 04ac 49B7     		j	.L57
 992              	.L33:
 201:../src/application/hart0/e51.c ****                 MSS_GPIO_set_output(GPIO2_LO, MSS_GPIO_17, 0x0);
 993              		.loc 1 201 17
 994 04ae 0546     		li	a2,1
 995 04b0 C145     		li	a1,16
 996 04b2 37251220 		li	a0,538058752
 997 04b6 97000000 		call	MSS_GPIO_set_output
 997      E7800000 
 998              	.LVL96:
 202:../src/application/hart0/e51.c ****                 MSS_GPIO_set_output(GPIO2_LO, MSS_GPIO_18, 0x1);
 999              		.loc 1 202 17
 1000 04be 0146     		li	a2,0
 1001              	.L56:
 237:../src/application/hart0/e51.c ****                 MSS_GPIO_set_output(GPIO2_LO, MSS_GPIO_18, 0x1);
 1002              		.loc 1 237 17 is_stmt 0
 1003 04c0 C545     		li	a1,17
 1004 04c2 37251220 		li	a0,538058752
 1005 04c6 97000000 		call	MSS_GPIO_set_output
 1005      E7800000 
 1006              	.LVL97:
 238:../src/application/hart0/e51.c ****                 MSS_GPIO_set_output(GPIO1_LO, MSS_GPIO_23, 0x1);
 1007              		.loc 1 238 17 is_stmt 1
 1008 04ce 0546     		li	a2,1
 1009 04d0 49BF     		j	.L53
 1010              	.L32:
 208:../src/application/hart0/e51.c ****                 MSS_GPIO_set_output(GPIO2_LO, MSS_GPIO_17, 0x1);
 1011              		.loc 1 208 17
 1012 04d2 0146     		li	a2,0
 1013 04d4 C145     		li	a1,16
 1014 04d6 37251220 		li	a0,538058752
 1015 04da 97000000 		call	MSS_GPIO_set_output
 1015      E7800000 
 1016              	.LVL98:
 209:../src/application/hart0/e51.c ****                 MSS_GPIO_set_output(GPIO2_LO, MSS_GPIO_18, 0x0);
 1017              		.loc 1 209 17
 1018 04e2 0546     		li	a2,1
 1019 04e4 2DBF     		j	.L59
 1020              	.L31:
 215:../src/application/hart0/e51.c ****                 MSS_GPIO_set_output(GPIO2_LO, MSS_GPIO_17, 0x1);
 1021              		.loc 1 215 17
 1022 04e6 0546     		li	a2,1
 1023              	.L55:
 222:../src/application/hart0/e51.c ****                 MSS_GPIO_set_output(GPIO2_LO, MSS_GPIO_17, 0x1);
 1024              		.loc 1 222 17 is_stmt 0
 1025 04e8 C145     		li	a1,16
 1026 04ea 37251220 		li	a0,538058752
 1027 04ee 97000000 		call	MSS_GPIO_set_output
 1027      E7800000 
 1028              	.LVL99:
 223:../src/application/hart0/e51.c ****                 MSS_GPIO_set_output(GPIO2_LO, MSS_GPIO_18, 0x0);
 1029              		.loc 1 223 17 is_stmt 1
 1030 04f6 0546     		li	a2,1
 1031 04f8 A9BF     		j	.L54
 1032              	.L30:
 222:../src/application/hart0/e51.c ****                 MSS_GPIO_set_output(GPIO2_LO, MSS_GPIO_17, 0x1);
 1033              		.loc 1 222 17
 1034 04fa 0146     		li	a2,0
 1035 04fc F5B7     		j	.L55
 1036              	.L29:
 229:../src/application/hart0/e51.c ****                 MSS_GPIO_set_output(GPIO2_LO, MSS_GPIO_17, 0x1);
 1037              		.loc 1 229 17
 1038 04fe 0546     		li	a2,1
 1039 0500 C145     		li	a1,16
 1040 0502 37251220 		li	a0,538058752
 1041 0506 97000000 		call	MSS_GPIO_set_output
 1041      E7800000 
 1042              	.LVL100:
 230:../src/application/hart0/e51.c ****                 MSS_GPIO_set_output(GPIO2_LO, MSS_GPIO_18, 0x1);
 1043              		.loc 1 230 17
 1044 050e 0546     		li	a2,1
 1045 0510 71B7     		j	.L58
 1046              	.L27:
 236:../src/application/hart0/e51.c ****                 MSS_GPIO_set_output(GPIO2_LO, MSS_GPIO_17, 0x1);
 1047              		.loc 1 236 17
 1048 0512 0146     		li	a2,0
 1049 0514 C145     		li	a1,16
 1050 0516 37251220 		li	a0,538058752
 1051 051a 97000000 		call	MSS_GPIO_set_output
 1051      E7800000 
 1052              	.LVL101:
 237:../src/application/hart0/e51.c ****                 MSS_GPIO_set_output(GPIO2_LO, MSS_GPIO_18, 0x1);
 1053              		.loc 1 237 17
 1054 0522 0546     		li	a2,1
 1055 0524 71BF     		j	.L56
 1056              	.L26:
 246:../src/application/hart0/e51.c ****                                    g_rx_buff );
 1057              		.loc 1 246 17
 1058 0526 0860     		ld	a0,0(s0)
 1059 0528 A685     		mv	a1,s1
 1060 052a 97000000 		call	MSS_UART_polled_tx_string
 1060      E7800000 
 1061              	.LVL102:
 1062 0532 B9B7     		j	.L37
 1063              		.cfi_endproc
 1064              	.LFE31:
 1066              		.comm	info_string,200,8
 1067              		.globl	int_num
 1068              		.comm	uart_lock,8,8
 1069              		.comm	uart0_mutex,4,4
 1070              		.globl	g_rx_size
 1071              		.globl	g_rx_buff
 1072              		.globl	g_uart
 1073              		.comm	g_10ms_count,4,4
 1074              		.section	.bss.g_rx_buff,"aw",@nobits
 1075              		.align	3
 1076              		.set	.LANCHOR2,. + 0
 1079              	g_rx_buff:
 1080 0000 00000000 		.zero	64
 1080      00000000 
 1080      00000000 
 1080      00000000 
 1080      00000000 
 1081              		.section	.rodata.e51.str1.8,"aMS",@progbits,1
 1082              		.align	3
 1083              	.LC0:
 1084 0000 5479534F 		.string	"TySOM-M  LED-HDMI-UART-SWITCHES Demo\n\r"
 1084      4D2D4D20 
 1084      204C4544 
 1084      2D48444D 
 1084      492D5541 
 1085              		.section	.sbss.g_rx_size,"aw",@nobits
 1086              		.set	.LANCHOR3,. + 0
 1089              	g_rx_size:
 1090 0000 00       		.zero	1
 1091              		.section	.sbss.int_num,"aw",@nobits
 1092              		.set	.LANCHOR1,. + 0
 1095              	int_num:
 1096 0000 00       		.zero	1
 1097              		.section	.sdata.g_uart,"aw"
 1098              		.align	3
 1099              		.set	.LANCHOR0,. + 0
 1102              	g_uart:
 1103 0000 00000000 		.dword	g_mss_uart0_lo
 1103      00000000 
 1104              		.text
 1105              	.Letext0:
 1106              		.file 4 "/home/makro/microchip/SoftConsole-v2022.2-RISC-V-747/riscv-unknown-elf-gcc/riscv64-unknow
 1107              		.file 5 "/home/makro/microchip/SoftConsole-v2022.2-RISC-V-747/riscv-unknown-elf-gcc/lib/gcc/riscv6
 1108              		.file 6 "/home/makro/microchip/SoftConsole-v2022.2-RISC-V-747/riscv-unknown-elf-gcc/riscv64-unknow
 1109              		.file 7 "/home/makro/microchip/SoftConsole-v2022.2-RISC-V-747/riscv-unknown-elf-gcc/riscv64-unknow
 1110              		.file 8 "/home/makro/microchip/SoftConsole-v2022.2-RISC-V-747/riscv-unknown-elf-gcc/riscv64-unknow
 1111              		.file 9 "/home/makro/microchip/SoftConsole-v2022.2-RISC-V-747/riscv-unknown-elf-gcc/riscv64-unknow
 1112              		.file 10 "/home/makro/microchip/SoftConsole-v2022.2-RISC-V-747/riscv-unknown-elf-gcc/riscv64-unkno
 1113              		.file 11 "/home/makro/softconsole_2022/led-hdmi-uart-switches/src/platform/mpfs_hal/common/nwc/../
 1114              		.file 12 "/home/makro/softconsole_2022/led-hdmi-uart-switches/src/platform/mpfs_hal/common/nwc/mss
 1115              		.file 13 "/home/makro/softconsole_2022/led-hdmi-uart-switches/src/platform/mpfs_hal/common/nwc/mss
 1116              		.file 14 "/home/makro/softconsole_2022/led-hdmi-uart-switches/src/platform/mpfs_hal/common/nwc/mss
 1117              		.file 15 "/home/makro/softconsole_2022/led-hdmi-uart-switches/src/platform/mpfs_hal/common/mss_mpu
 1118              		.file 16 "/home/makro/softconsole_2022/led-hdmi-uart-switches/src/platform/mpfs_hal/common/mss_per
 1119              		.file 17 "/home/makro/softconsole_2022/led-hdmi-uart-switches/src/platform/mpfs_hal/startup_gcc/sy
 1120              		.file 18 "/home/makro/softconsole_2022/led-hdmi-uart-switches/src/platform/drivers/mss/mss_mmuart/
 1121              		.file 19 "/home/makro/softconsole_2022/led-hdmi-uart-switches/src/platform/drivers/mss/mss_gpio/ms
 1122              		.file 20 "/home/makro/softconsole_2022/led-hdmi-uart-switches/src/platform/drivers/mss/mss_i2c/mss
 1123              		.file 21 "/home/makro/softconsole_2022/led-hdmi-uart-switches/src/platform/mpfs_hal/common/mss_uti
 1124              		.file 22 "/home/makro/microchip/SoftConsole-v2022.2-RISC-V-747/riscv-unknown-elf-gcc/riscv64-unkno
 1125              		.file 23 "/home/makro/softconsole_2022/led-hdmi-uart-switches/src/application/inc/hdmi/hdmi_tx.h"
 1126              		.file 24 "<built-in>"
DEFINED SYMBOLS
                            *ABS*:0000000000000000 e51.c
     /tmp/ccvncDcb.s:13     .text.PLIC_gpio1_bit6_or_gpio2_bit20_IRQHandler:0000000000000000 PLIC_gpio1_bit6_or_gpio2_bit20_IRQHandler
     /tmp/ccvncDcb.s:17     .text.PLIC_gpio1_bit6_or_gpio2_bit20_IRQHandler:0000000000000000 .L0 
     /tmp/ccvncDcb.s:18     .text.PLIC_gpio1_bit6_or_gpio2_bit20_IRQHandler:0000000000000000 .L0 
     /tmp/ccvncDcb.s:19     .text.PLIC_gpio1_bit6_or_gpio2_bit20_IRQHandler:0000000000000000 .L0 
     /tmp/ccvncDcb.s:20     .text.PLIC_gpio1_bit6_or_gpio2_bit20_IRQHandler:0000000000000000 .L0 
     /tmp/ccvncDcb.s:21     .text.PLIC_gpio1_bit6_or_gpio2_bit20_IRQHandler:0000000000000002 .L0 
     /tmp/ccvncDcb.s:23     .text.PLIC_gpio1_bit6_or_gpio2_bit20_IRQHandler:0000000000000002 .L0 
     /tmp/ccvncDcb.s:27     .text.PLIC_gpio1_bit6_or_gpio2_bit20_IRQHandler:000000000000000a .L0 
     /tmp/ccvncDcb.s:28     .text.PLIC_gpio1_bit6_or_gpio2_bit20_IRQHandler:000000000000000c .L0 
     /tmp/ccvncDcb.s:30     .text.PLIC_gpio1_bit6_or_gpio2_bit20_IRQHandler:000000000000000c .L0 
     /tmp/ccvncDcb.s:33     .text.PLIC_gpio1_bit6_or_gpio2_bit20_IRQHandler:0000000000000014 .L0 
     /tmp/ccvncDcb.s:38     .text.PLIC_gpio1_bit6_or_gpio2_bit20_IRQHandler:0000000000000022 .L0 
     /tmp/ccvncDcb.s:39     .text.PLIC_gpio1_bit6_or_gpio2_bit20_IRQHandler:0000000000000022 .L0 
     /tmp/ccvncDcb.s:40     .text.PLIC_gpio1_bit6_or_gpio2_bit20_IRQHandler:0000000000000024 .L0 
     /tmp/ccvncDcb.s:43     .text.PLIC_gpio1_bit6_or_gpio2_bit20_IRQHandler:0000000000000028 .L0 
     /tmp/ccvncDcb.s:45     .text.PLIC_gpio1_bit6_or_gpio2_bit20_IRQHandler:000000000000002a .L0 
     /tmp/ccvncDcb.s:52     .text.PLIC_gpio1_bit7_or_gpio2_bit21_IRQHandler:0000000000000000 PLIC_gpio1_bit7_or_gpio2_bit21_IRQHandler
     /tmp/ccvncDcb.s:55     .text.PLIC_gpio1_bit7_or_gpio2_bit21_IRQHandler:0000000000000000 .L0 
     /tmp/ccvncDcb.s:56     .text.PLIC_gpio1_bit7_or_gpio2_bit21_IRQHandler:0000000000000000 .L0 
     /tmp/ccvncDcb.s:57     .text.PLIC_gpio1_bit7_or_gpio2_bit21_IRQHandler:0000000000000000 .L0 
     /tmp/ccvncDcb.s:58     .text.PLIC_gpio1_bit7_or_gpio2_bit21_IRQHandler:0000000000000000 .L0 
     /tmp/ccvncDcb.s:59     .text.PLIC_gpio1_bit7_or_gpio2_bit21_IRQHandler:0000000000000002 .L0 
     /tmp/ccvncDcb.s:61     .text.PLIC_gpio1_bit7_or_gpio2_bit21_IRQHandler:0000000000000002 .L0 
     /tmp/ccvncDcb.s:65     .text.PLIC_gpio1_bit7_or_gpio2_bit21_IRQHandler:000000000000000a .L0 
     /tmp/ccvncDcb.s:66     .text.PLIC_gpio1_bit7_or_gpio2_bit21_IRQHandler:000000000000000c .L0 
     /tmp/ccvncDcb.s:68     .text.PLIC_gpio1_bit7_or_gpio2_bit21_IRQHandler:000000000000000c .L0 
     /tmp/ccvncDcb.s:71     .text.PLIC_gpio1_bit7_or_gpio2_bit21_IRQHandler:0000000000000014 .L0 
     /tmp/ccvncDcb.s:76     .text.PLIC_gpio1_bit7_or_gpio2_bit21_IRQHandler:0000000000000022 .L0 
     /tmp/ccvncDcb.s:77     .text.PLIC_gpio1_bit7_or_gpio2_bit21_IRQHandler:0000000000000022 .L0 
     /tmp/ccvncDcb.s:78     .text.PLIC_gpio1_bit7_or_gpio2_bit21_IRQHandler:0000000000000024 .L0 
     /tmp/ccvncDcb.s:81     .text.PLIC_gpio1_bit7_or_gpio2_bit21_IRQHandler:0000000000000028 .L0 
     /tmp/ccvncDcb.s:83     .text.PLIC_gpio1_bit7_or_gpio2_bit21_IRQHandler:000000000000002a .L0 
     /tmp/ccvncDcb.s:90     .text.PLIC_gpio1_bit8_or_gpio2_bit22_IRQHandler:0000000000000000 PLIC_gpio1_bit8_or_gpio2_bit22_IRQHandler
     /tmp/ccvncDcb.s:93     .text.PLIC_gpio1_bit8_or_gpio2_bit22_IRQHandler:0000000000000000 .L0 
     /tmp/ccvncDcb.s:94     .text.PLIC_gpio1_bit8_or_gpio2_bit22_IRQHandler:0000000000000000 .L0 
     /tmp/ccvncDcb.s:95     .text.PLIC_gpio1_bit8_or_gpio2_bit22_IRQHandler:0000000000000000 .L0 
     /tmp/ccvncDcb.s:96     .text.PLIC_gpio1_bit8_or_gpio2_bit22_IRQHandler:0000000000000000 .L0 
     /tmp/ccvncDcb.s:97     .text.PLIC_gpio1_bit8_or_gpio2_bit22_IRQHandler:0000000000000002 .L0 
     /tmp/ccvncDcb.s:99     .text.PLIC_gpio1_bit8_or_gpio2_bit22_IRQHandler:0000000000000002 .L0 
     /tmp/ccvncDcb.s:103    .text.PLIC_gpio1_bit8_or_gpio2_bit22_IRQHandler:000000000000000a .L0 
     /tmp/ccvncDcb.s:104    .text.PLIC_gpio1_bit8_or_gpio2_bit22_IRQHandler:000000000000000c .L0 
     /tmp/ccvncDcb.s:106    .text.PLIC_gpio1_bit8_or_gpio2_bit22_IRQHandler:000000000000000c .L0 
     /tmp/ccvncDcb.s:109    .text.PLIC_gpio1_bit8_or_gpio2_bit22_IRQHandler:0000000000000014 .L0 
     /tmp/ccvncDcb.s:114    .text.PLIC_gpio1_bit8_or_gpio2_bit22_IRQHandler:0000000000000022 .L0 
     /tmp/ccvncDcb.s:115    .text.PLIC_gpio1_bit8_or_gpio2_bit22_IRQHandler:0000000000000022 .L0 
     /tmp/ccvncDcb.s:116    .text.PLIC_gpio1_bit8_or_gpio2_bit22_IRQHandler:0000000000000024 .L0 
     /tmp/ccvncDcb.s:119    .text.PLIC_gpio1_bit8_or_gpio2_bit22_IRQHandler:0000000000000028 .L0 
     /tmp/ccvncDcb.s:121    .text.PLIC_gpio1_bit8_or_gpio2_bit22_IRQHandler:000000000000002a .L0 
     /tmp/ccvncDcb.s:128    .text.PLIC_gpio1_bit9_or_gpio2_bit23_IRQHandler:0000000000000000 PLIC_gpio1_bit9_or_gpio2_bit23_IRQHandler
     /tmp/ccvncDcb.s:131    .text.PLIC_gpio1_bit9_or_gpio2_bit23_IRQHandler:0000000000000000 .L0 
     /tmp/ccvncDcb.s:132    .text.PLIC_gpio1_bit9_or_gpio2_bit23_IRQHandler:0000000000000000 .L0 
     /tmp/ccvncDcb.s:133    .text.PLIC_gpio1_bit9_or_gpio2_bit23_IRQHandler:0000000000000000 .L0 
     /tmp/ccvncDcb.s:134    .text.PLIC_gpio1_bit9_or_gpio2_bit23_IRQHandler:0000000000000000 .L0 
     /tmp/ccvncDcb.s:135    .text.PLIC_gpio1_bit9_or_gpio2_bit23_IRQHandler:0000000000000002 .L0 
     /tmp/ccvncDcb.s:137    .text.PLIC_gpio1_bit9_or_gpio2_bit23_IRQHandler:0000000000000002 .L0 
     /tmp/ccvncDcb.s:141    .text.PLIC_gpio1_bit9_or_gpio2_bit23_IRQHandler:000000000000000a .L0 
     /tmp/ccvncDcb.s:142    .text.PLIC_gpio1_bit9_or_gpio2_bit23_IRQHandler:000000000000000c .L0 
     /tmp/ccvncDcb.s:144    .text.PLIC_gpio1_bit9_or_gpio2_bit23_IRQHandler:000000000000000c .L0 
     /tmp/ccvncDcb.s:147    .text.PLIC_gpio1_bit9_or_gpio2_bit23_IRQHandler:0000000000000014 .L0 
     /tmp/ccvncDcb.s:152    .text.PLIC_gpio1_bit9_or_gpio2_bit23_IRQHandler:0000000000000022 .L0 
     /tmp/ccvncDcb.s:153    .text.PLIC_gpio1_bit9_or_gpio2_bit23_IRQHandler:0000000000000022 .L0 
     /tmp/ccvncDcb.s:154    .text.PLIC_gpio1_bit9_or_gpio2_bit23_IRQHandler:0000000000000024 .L0 
     /tmp/ccvncDcb.s:157    .text.PLIC_gpio1_bit9_or_gpio2_bit23_IRQHandler:0000000000000028 .L0 
     /tmp/ccvncDcb.s:159    .text.PLIC_gpio1_bit9_or_gpio2_bit23_IRQHandler:000000000000002a .L0 
     /tmp/ccvncDcb.s:166    .text.e51:0000000000000000 e51
     /tmp/ccvncDcb.s:169    .text.e51:0000000000000000 .L0 
     /tmp/ccvncDcb.s:170    .text.e51:0000000000000000 .L0 
     /tmp/ccvncDcb.s:174    .text.e51:0000000000000000 .L0 
     /tmp/ccvncDcb.s:175    .text.e51:0000000000000000 .L0 
     /tmp/ccvncDcb.s:177    .text.e51:0000000000000000 .L0 
     /tmp/ccvncDcb.s:178    .text.e51:0000000000000000 .L0 
     /tmp/ccvncDcb.s:182    .text.e51:0000000000000000 .L0 
     /tmp/ccvncDcb.s:183    .text.e51:0000000000000000 .L0 
     /tmp/ccvncDcb.s:184    .text.e51:0000000000000002 .L0 
     /tmp/ccvncDcb.s:191    .text.e51:000000000000000e .L0 
     /tmp/ccvncDcb.s:192    .text.e51:000000000000000e .L0 
     /tmp/ccvncDcb.s:193    .text.e51:000000000000000e .L0 
     /tmp/ccvncDcb.s:194    .text.e51:000000000000000e .L0 
     /tmp/ccvncDcb.s:195    .text.e51:000000000000000e .L0 
     /tmp/ccvncDcb.s:196    .text.e51:000000000000000e .L0 
/home/makro/softconsole_2022/led-hdmi-uart-switches/src/platform/mpfs_hal/common/mss_clint.h:67     .text.e51:000000000000000e .L0 
     /tmp/ccvncDcb.s:209    .text.e51:0000000000000012 .L0 
     /tmp/ccvncDcb.s:210    .text.e51:0000000000000012 .L0 
     /tmp/ccvncDcb.s:215    .text.e51:000000000000001c .L0 
     /tmp/ccvncDcb.s:217    .text.e51:0000000000000020 .L0 
     /tmp/ccvncDcb.s:218    .text.e51:0000000000000020 .L0 
     /tmp/ccvncDcb.s:221    .text.e51:0000000000000024 .L0 
     /tmp/ccvncDcb.s:223    .text.e51:0000000000000026 .L0 
     /tmp/ccvncDcb.s:230    .text.e51:0000000000000028 .L0 
     /tmp/ccvncDcb.s:231    .text.e51:0000000000000028 .L0 
     /tmp/ccvncDcb.s:233    .text.e51:0000000000000028 .L0 
     /tmp/ccvncDcb.s:234    .text.e51:0000000000000028 .L0 
/home/makro/softconsole_2022/led-hdmi-uart-switches/src/platform/mpfs_hal/common/mss_plic.h:562    .text.e51:0000000000000028 .L0 
     /tmp/ccvncDcb.s:243    .text.e51:000000000000002c .L0 
     /tmp/ccvncDcb.s:244    .text.e51:000000000000002c .L0 
     /tmp/ccvncDcb.s:266    .text.e51:0000000000000044 .L0 
     /tmp/ccvncDcb.s:267    .text.e51:0000000000000044 .L0 
     /tmp/ccvncDcb.s:271    .text.e51:000000000000004c .L0 
     /tmp/ccvncDcb.s:272    .text.e51:000000000000004c .L0 
     /tmp/ccvncDcb.s:275    .text.e51:0000000000000050 .L0 
     /tmp/ccvncDcb.s:276    .text.e51:0000000000000050 .L0 
     /tmp/ccvncDcb.s:279    .text.e51:0000000000000054 .L0 
     /tmp/ccvncDcb.s:280    .text.e51:0000000000000054 .L0 
     /tmp/ccvncDcb.s:283    .text.e51:0000000000000058 .L0 
     /tmp/ccvncDcb.s:284    .text.e51:0000000000000058 .L0 
     /tmp/ccvncDcb.s:287    .text.e51:000000000000005c .L0 
     /tmp/ccvncDcb.s:288    .text.e51:000000000000005c .L0 
     /tmp/ccvncDcb.s:291    .text.e51:0000000000000060 .L0 
     /tmp/ccvncDcb.s:292    .text.e51:0000000000000060 .L0 
     /tmp/ccvncDcb.s:297    .text.e51:0000000000000068 .L0 
     /tmp/ccvncDcb.s:299    .text.e51:0000000000000068 .L0 
     /tmp/ccvncDcb.s:300    .text.e51:0000000000000068 .L0 
     /tmp/ccvncDcb.s:301    .text.e51:0000000000000068 .L0 
     /tmp/ccvncDcb.s:313    .text.e51:0000000000000072 .L0 
     /tmp/ccvncDcb.s:314    .text.e51:0000000000000072 .L0 
     /tmp/ccvncDcb.s:318    .text.e51:000000000000007a .L0 
     /tmp/ccvncDcb.s:319    .text.e51:000000000000007a .L0 
../src/application/hart0/e51.c:102    .text.e51:000000000000007a .L0 
     /tmp/ccvncDcb.s:328    .text.e51:000000000000007e .L0 
     /tmp/ccvncDcb.s:329    .text.e51:000000000000007e .L0 
     /tmp/ccvncDcb.s:330    .text.e51:000000000000007e .L0 
     /tmp/ccvncDcb.s:336    .text.e51:000000000000008c .L0 
     /tmp/ccvncDcb.s:337    .text.e51:000000000000008c .L0 
     /tmp/ccvncDcb.s:343    .text.e51:000000000000009a .L0 
     /tmp/ccvncDcb.s:344    .text.e51:000000000000009a .L0 
     /tmp/ccvncDcb.s:350    .text.e51:00000000000000a8 .L0 
     /tmp/ccvncDcb.s:351    .text.e51:00000000000000a8 .L0 
     /tmp/ccvncDcb.s:357    .text.e51:00000000000000b6 .L0 
     /tmp/ccvncDcb.s:358    .text.e51:00000000000000b6 .L0 
     /tmp/ccvncDcb.s:364    .text.e51:00000000000000c4 .L0 
     /tmp/ccvncDcb.s:365    .text.e51:00000000000000c4 .L0 
     /tmp/ccvncDcb.s:371    .text.e51:00000000000000d2 .L0 
     /tmp/ccvncDcb.s:372    .text.e51:00000000000000d2 .L0 
     /tmp/ccvncDcb.s:378    .text.e51:00000000000000e0 .L0 
     /tmp/ccvncDcb.s:386    .text.e51:00000000000000fa .L0 
                            *COM*:00000000000000c8 info_string
     /tmp/ccvncDcb.s:391    .text.e51:0000000000000112 .L0 
     /tmp/ccvncDcb.s:392    .text.e51:0000000000000112 .L0 
     /tmp/ccvncDcb.s:396    .text.e51:0000000000000122 .L0 
     /tmp/ccvncDcb.s:402    .text.e51:0000000000000138 .L0 
     /tmp/ccvncDcb.s:405    .text.e51:0000000000000140 .L0 
     /tmp/ccvncDcb.s:406    .text.e51:0000000000000140 .L0 
     /tmp/ccvncDcb.s:413    .text.e51:0000000000000148 .L0 
     /tmp/ccvncDcb.s:415    .text.e51:0000000000000148 .L0 
     /tmp/ccvncDcb.s:416    .text.e51:0000000000000148 .L0 
/home/makro/softconsole_2022/led-hdmi-uart-switches/src/platform/mpfs_hal/common/mss_plic.h:798    .text.e51:0000000000000148 .L0 
     /tmp/ccvncDcb.s:425    .text.e51:000000000000014c .L0 
     /tmp/ccvncDcb.s:426    .text.e51:000000000000014c .L0 
     /tmp/ccvncDcb.s:427    .text.e51:000000000000014c .L0 
     /tmp/ccvncDcb.s:428    .text.e51:000000000000014c .L0 
     /tmp/ccvncDcb.s:434    .text.e51:000000000000015c .L0 
     /tmp/ccvncDcb.s:440    .text.e51:0000000000000160 .L0 
     /tmp/ccvncDcb.s:446    .text.e51:0000000000000164 .L0 
     /tmp/ccvncDcb.s:456    .text.e51:0000000000000170 .L0 
     /tmp/ccvncDcb.s:457    .text.e51:0000000000000170 .L0 
     /tmp/ccvncDcb.s:463    .text.e51:0000000000000172 .L0 
     /tmp/ccvncDcb.s:467    .text.e51:0000000000000174 .L0 
     /tmp/ccvncDcb.s:473    .text.e51:0000000000000178 .L0 
     /tmp/ccvncDcb.s:474    .text.e51:0000000000000178 .L0 
     /tmp/ccvncDcb.s:475    .text.e51:0000000000000178 .L0 
     /tmp/ccvncDcb.s:476    .text.e51:0000000000000178 .L0 
     /tmp/ccvncDcb.s:485    .text.e51:0000000000000184 .L0 
     /tmp/ccvncDcb.s:492    .text.e51:0000000000000194 .L0 
     /tmp/ccvncDcb.s:493    .text.e51:0000000000000194 .L0 
     /tmp/ccvncDcb.s:494    .text.e51:0000000000000194 .L0 
     /tmp/ccvncDcb.s:495    .text.e51:0000000000000194 .L0 
     /tmp/ccvncDcb.s:502    .text.e51:0000000000000198 .L0 
     /tmp/ccvncDcb.s:503    .text.e51:0000000000000198 .L0 
     /tmp/ccvncDcb.s:505    .text.e51:0000000000000198 .L0 
     /tmp/ccvncDcb.s:506    .text.e51:0000000000000198 .L0 
/home/makro/softconsole_2022/led-hdmi-uart-switches/src/platform/mpfs_hal/common/mss_plic.h:643    .text.e51:0000000000000198 .L0 
     /tmp/ccvncDcb.s:515    .text.e51:000000000000019c .L0 
     /tmp/ccvncDcb.s:516    .text.e51:000000000000019c .L0 
     /tmp/ccvncDcb.s:525    .text.e51:00000000000001b2 .L0 
     /tmp/ccvncDcb.s:527    .text.e51:00000000000001b6 .L0 
     /tmp/ccvncDcb.s:545    .text.e51:00000000000001b8 .L0 
     /tmp/ccvncDcb.s:548    .text.e51:00000000000001be .L0 
     /tmp/ccvncDcb.s:550    .text.e51:00000000000001c0 .L0 
     /tmp/ccvncDcb.s:554    .text.e51:00000000000001c2 .L0 
     /tmp/ccvncDcb.s:558    .text.e51:00000000000001ca .L0 
     /tmp/ccvncDcb.s:561    .text.e51:00000000000001d0 .L0 
     /tmp/ccvncDcb.s:562    .text.e51:00000000000001d0 .L0 
     /tmp/ccvncDcb.s:564    .text.e51:00000000000001d4 .L0 
     /tmp/ccvncDcb.s:567    .text.e51:00000000000001d6 .L0 
     /tmp/ccvncDcb.s:569    .text.e51:00000000000001da .L0 
     /tmp/ccvncDcb.s:570    .text.e51:00000000000001da .L0 
     /tmp/ccvncDcb.s:573    .text.e51:00000000000001e2 .L0 
     /tmp/ccvncDcb.s:574    .text.e51:00000000000001e2 .L0 
     /tmp/ccvncDcb.s:577    .text.e51:00000000000001e6 .L0 
     /tmp/ccvncDcb.s:580    .text.e51:00000000000001ea .L0 
     /tmp/ccvncDcb.s:583    .text.e51:00000000000001ec .L0 
     /tmp/ccvncDcb.s:586    .text.e51:00000000000001f2 .L0 
     /tmp/ccvncDcb.s:588    .text.e51:00000000000001f4 .L0 
     /tmp/ccvncDcb.s:592    .text.e51:00000000000001f6 .L0 
     /tmp/ccvncDcb.s:596    .text.e51:00000000000001fe .L0 
     /tmp/ccvncDcb.s:599    .text.e51:0000000000000204 .L0 
     /tmp/ccvncDcb.s:600    .text.e51:0000000000000204 .L0 
     /tmp/ccvncDcb.s:602    .text.e51:0000000000000208 .L0 
     /tmp/ccvncDcb.s:605    .text.e51:000000000000020a .L0 
     /tmp/ccvncDcb.s:607    .text.e51:000000000000020e .L0 
     /tmp/ccvncDcb.s:608    .text.e51:000000000000020e .L0 
     /tmp/ccvncDcb.s:611    .text.e51:0000000000000216 .L0 
     /tmp/ccvncDcb.s:612    .text.e51:0000000000000216 .L0 
     /tmp/ccvncDcb.s:616    .text.e51:000000000000021c .L0 
     /tmp/ccvncDcb.s:619    .text.e51:0000000000000222 .L0 
     /tmp/ccvncDcb.s:621    .text.e51:0000000000000224 .L0 
     /tmp/ccvncDcb.s:625    .text.e51:0000000000000226 .L0 
     /tmp/ccvncDcb.s:629    .text.e51:000000000000022e .L0 
     /tmp/ccvncDcb.s:632    .text.e51:0000000000000234 .L0 
     /tmp/ccvncDcb.s:633    .text.e51:0000000000000234 .L0 
     /tmp/ccvncDcb.s:635    .text.e51:0000000000000238 .L0 
     /tmp/ccvncDcb.s:638    .text.e51:000000000000023a .L0 
     /tmp/ccvncDcb.s:640    .text.e51:000000000000023e .L0 
     /tmp/ccvncDcb.s:641    .text.e51:000000000000023e .L0 
     /tmp/ccvncDcb.s:644    .text.e51:0000000000000246 .L0 
     /tmp/ccvncDcb.s:645    .text.e51:0000000000000246 .L0 
     /tmp/ccvncDcb.s:649    .text.e51:000000000000024c .L0 
     /tmp/ccvncDcb.s:652    .text.e51:0000000000000252 .L0 
     /tmp/ccvncDcb.s:654    .text.e51:0000000000000254 .L0 
     /tmp/ccvncDcb.s:658    .text.e51:0000000000000256 .L0 
     /tmp/ccvncDcb.s:662    .text.e51:000000000000025e .L0 
     /tmp/ccvncDcb.s:665    .text.e51:0000000000000264 .L0 
     /tmp/ccvncDcb.s:666    .text.e51:0000000000000264 .L0 
     /tmp/ccvncDcb.s:668    .text.e51:0000000000000268 .L0 
     /tmp/ccvncDcb.s:671    .text.e51:000000000000026a .L0 
     /tmp/ccvncDcb.s:673    .text.e51:000000000000026e .L0 
     /tmp/ccvncDcb.s:674    .text.e51:000000000000026e .L0 
     /tmp/ccvncDcb.s:677    .text.e51:0000000000000276 .L0 
     /tmp/ccvncDcb.s:678    .text.e51:0000000000000276 .L0 
     /tmp/ccvncDcb.s:687    .text.e51:000000000000027c .L0 
     /tmp/ccvncDcb.s:688    .text.e51:000000000000027c .L0 
     /tmp/ccvncDcb.s:690    .text.e51:000000000000027e .L0 
     /tmp/ccvncDcb.s:692    .text.e51:0000000000000282 .L0 
     /tmp/ccvncDcb.s:695    .text.e51:0000000000000284 .L0 
     /tmp/ccvncDcb.s:696    .text.e51:0000000000000284 .L0 
     /tmp/ccvncDcb.s:699    .text.e51:0000000000000286 .L0 
     /tmp/ccvncDcb.s:700    .text.e51:0000000000000286 .L0 
     /tmp/ccvncDcb.s:706    .text.e51:0000000000000288 .L0 
     /tmp/ccvncDcb.s:707    .text.e51:0000000000000288 .L0 
     /tmp/ccvncDcb.s:711    .text.e51:0000000000000294 .L0 
     /tmp/ccvncDcb.s:715    .text.e51:00000000000002a0 .L0 
     /tmp/ccvncDcb.s:721    .text.e51:00000000000002b0 .L0 
     /tmp/ccvncDcb.s:727    .text.e51:00000000000002c0 .L0 
     /tmp/ccvncDcb.s:733    .text.e51:00000000000002d0 .L0 
     /tmp/ccvncDcb.s:739    .text.e51:00000000000002e0 .L0 
     /tmp/ccvncDcb.s:745    .text.e51:00000000000002f2 .L0 
     /tmp/ccvncDcb.s:751    .text.e51:0000000000000304 .L0 
     /tmp/ccvncDcb.s:757    .text.e51:0000000000000316 .L0 
     /tmp/ccvncDcb.s:763    .text.e51:0000000000000328 .L0 
     /tmp/ccvncDcb.s:766    .text.e51:0000000000000330 .L0 
     /tmp/ccvncDcb.s:771    .text.e51:000000000000033e .L0 
     /tmp/ccvncDcb.s:776    .text.e51:000000000000034c .L0 
     /tmp/ccvncDcb.s:781    .text.e51:000000000000035a .L0 
     /tmp/ccvncDcb.s:786    .text.e51:0000000000000368 .L0 
     /tmp/ccvncDcb.s:788    .text.e51:0000000000000370 .L0 
     /tmp/ccvncDcb.s:790    .text.e51:0000000000000378 .L0 
     /tmp/ccvncDcb.s:794    .text.e51:0000000000000382 .L0 
     /tmp/ccvncDcb.s:795    .text.e51:0000000000000382 .L0 
     /tmp/ccvncDcb.s:796    .text.e51:0000000000000382 .L0 
     /tmp/ccvncDcb.s:802    .text.e51:0000000000000398 .L0 
     /tmp/ccvncDcb.s:804    .text.e51:00000000000003a0 .L0 
     /tmp/ccvncDcb.s:805    .text.e51:00000000000003a0 .L0 
     /tmp/ccvncDcb.s:808    .text.e51:00000000000003a8 .L0 
     /tmp/ccvncDcb.s:810    .text.e51:00000000000003aa .L0 
     /tmp/ccvncDcb.s:838    .text.e51:00000000000003c4 .L0 
     /tmp/ccvncDcb.s:839    .text.e51:00000000000003c4 .L0 
     /tmp/ccvncDcb.s:841    .text.e51:00000000000003c8 .L0 
     /tmp/ccvncDcb.s:843    .text.e51:00000000000003cc .L0 
     /tmp/ccvncDcb.s:846    .text.e51:00000000000003ce .L0 
     /tmp/ccvncDcb.s:847    .text.e51:00000000000003ce .L0 
     /tmp/ccvncDcb.s:850    .text.e51:00000000000003d0 .L0 
     /tmp/ccvncDcb.s:851    .text.e51:00000000000003d0 .L0 
     /tmp/ccvncDcb.s:853    .text.e51:00000000000003d4 .L0 
     /tmp/ccvncDcb.s:857    .text.e51:00000000000003d6 .L0 
     /tmp/ccvncDcb.s:858    .text.e51:00000000000003d6 .L0 
     /tmp/ccvncDcb.s:860    .text.e51:00000000000003da .L0 
     /tmp/ccvncDcb.s:862    .text.e51:00000000000003de .L0 
     /tmp/ccvncDcb.s:865    .text.e51:00000000000003e0 .L0 
     /tmp/ccvncDcb.s:866    .text.e51:00000000000003e0 .L0 
     /tmp/ccvncDcb.s:869    .text.e51:00000000000003e2 .L0 
     /tmp/ccvncDcb.s:870    .text.e51:00000000000003e2 .L0 
     /tmp/ccvncDcb.s:872    .text.e51:00000000000003e6 .L0 
     /tmp/ccvncDcb.s:876    .text.e51:00000000000003e8 .L0 
     /tmp/ccvncDcb.s:877    .text.e51:00000000000003e8 .L0 
     /tmp/ccvncDcb.s:879    .text.e51:00000000000003ec .L0 
     /tmp/ccvncDcb.s:881    .text.e51:00000000000003f0 .L0 
     /tmp/ccvncDcb.s:884    .text.e51:00000000000003f2 .L0 
     /tmp/ccvncDcb.s:885    .text.e51:00000000000003f2 .L0 
     /tmp/ccvncDcb.s:888    .text.e51:00000000000003f4 .L0 
     /tmp/ccvncDcb.s:889    .text.e51:00000000000003f4 .L0 
     /tmp/ccvncDcb.s:891    .text.e51:00000000000003f8 .L0 
     /tmp/ccvncDcb.s:895    .text.e51:00000000000003fa .L0 
     /tmp/ccvncDcb.s:896    .text.e51:00000000000003fa .L0 
     /tmp/ccvncDcb.s:898    .text.e51:00000000000003fe .L0 
     /tmp/ccvncDcb.s:900    .text.e51:0000000000000402 .L0 
     /tmp/ccvncDcb.s:903    .text.e51:0000000000000404 .L0 
     /tmp/ccvncDcb.s:904    .text.e51:0000000000000404 .L0 
     /tmp/ccvncDcb.s:907    .text.e51:0000000000000406 .L0 
     /tmp/ccvncDcb.s:908    .text.e51:0000000000000406 .L0 
     /tmp/ccvncDcb.s:910    .text.e51:000000000000040a .L0 
     /tmp/ccvncDcb.s:916    .text.e51:000000000000040c .L0 
     /tmp/ccvncDcb.s:922    .text.e51:000000000000041c .L0 
     /tmp/ccvncDcb.s:925    .text.e51:000000000000041e .L0 
     /tmp/ccvncDcb.s:930    .text.e51:000000000000042c .L0 
     /tmp/ccvncDcb.s:933    .text.e51:000000000000042e .L0 
     /tmp/ccvncDcb.s:938    .text.e51:000000000000043c .L0 
     /tmp/ccvncDcb.s:942    .text.e51:0000000000000440 .L0 
     /tmp/ccvncDcb.s:948    .text.e51:0000000000000450 .L0 
     /tmp/ccvncDcb.s:955    .text.e51:0000000000000460 .L0 
     /tmp/ccvncDcb.s:962    .text.e51:0000000000000470 .L0 
     /tmp/ccvncDcb.s:970    .text.e51:0000000000000480 .L0 
     /tmp/ccvncDcb.s:971    .text.e51:0000000000000480 .L0 
     /tmp/ccvncDcb.s:972    .text.e51:0000000000000480 .L0 
     /tmp/ccvncDcb.s:976    .text.e51:000000000000048a .L0 
     /tmp/ccvncDcb.s:982    .text.e51:000000000000049a .L0 
     /tmp/ccvncDcb.s:985    .text.e51:000000000000049c .L0 
     /tmp/ccvncDcb.s:990    .text.e51:00000000000004aa .L0 
     /tmp/ccvncDcb.s:994    .text.e51:00000000000004ae .L0 
     /tmp/ccvncDcb.s:1000   .text.e51:00000000000004be .L0 
     /tmp/ccvncDcb.s:1003   .text.e51:00000000000004c0 .L0 
     /tmp/ccvncDcb.s:1008   .text.e51:00000000000004ce .L0 
     /tmp/ccvncDcb.s:1012   .text.e51:00000000000004d2 .L0 
     /tmp/ccvncDcb.s:1018   .text.e51:00000000000004e2 .L0 
     /tmp/ccvncDcb.s:1022   .text.e51:00000000000004e6 .L0 
     /tmp/ccvncDcb.s:1025   .text.e51:00000000000004e8 .L0 
     /tmp/ccvncDcb.s:1030   .text.e51:00000000000004f6 .L0 
     /tmp/ccvncDcb.s:1034   .text.e51:00000000000004fa .L0 
     /tmp/ccvncDcb.s:1038   .text.e51:00000000000004fe .L0 
     /tmp/ccvncDcb.s:1044   .text.e51:000000000000050e .L0 
     /tmp/ccvncDcb.s:1048   .text.e51:0000000000000512 .L0 
     /tmp/ccvncDcb.s:1054   .text.e51:0000000000000522 .L0 
     /tmp/ccvncDcb.s:1058   .text.e51:0000000000000526 .L0 
     /tmp/ccvncDcb.s:1063   .text.e51:0000000000000534 .L0 
     /tmp/ccvncDcb.s:1095   .sbss.int_num:0000000000000000 int_num
                            *COM*:0000000000000008 uart_lock
                            *COM*:0000000000000004 uart0_mutex
     /tmp/ccvncDcb.s:1089   .sbss.g_rx_size:0000000000000000 g_rx_size
     /tmp/ccvncDcb.s:1079   .bss.g_rx_buff:0000000000000000 g_rx_buff
     /tmp/ccvncDcb.s:1102   .sdata.g_uart:0000000000000000 g_uart
                            *COM*:0000000000000004 g_10ms_count
     /tmp/ccvncDcb.s:1076   .bss.g_rx_buff:0000000000000000 .LANCHOR2
     /tmp/ccvncDcb.s:1086   .sbss.g_rx_size:0000000000000000 .LANCHOR3
     /tmp/ccvncDcb.s:1092   .sbss.int_num:0000000000000000 .LANCHOR1
     /tmp/ccvncDcb.s:1099   .sdata.g_uart:0000000000000000 .LANCHOR0
     /tmp/ccvncDcb.s:48     .text.PLIC_gpio1_bit6_or_gpio2_bit20_IRQHandler:000000000000002a .L0 
     /tmp/ccvncDcb.s:86     .text.PLIC_gpio1_bit7_or_gpio2_bit21_IRQHandler:000000000000002a .L0 
     /tmp/ccvncDcb.s:124    .text.PLIC_gpio1_bit8_or_gpio2_bit22_IRQHandler:000000000000002a .L0 
     /tmp/ccvncDcb.s:162    .text.PLIC_gpio1_bit9_or_gpio2_bit23_IRQHandler:000000000000002a .L0 
     /tmp/ccvncDcb.s:1074   .text.e51:0000000000000534 .L0 
                     .debug_frame:0000000000000000 .L0 
     /tmp/ccvncDcb.s:256    .rodata.e51:0000000000000000 .L12
     /tmp/ccvncDcb.s:246    .text.e51:0000000000000032 .L0 
     /tmp/ccvncDcb.s:378    .text.e51:00000000000000e0 .L0 
     /tmp/ccvncDcb.s:1083   .rodata.e51.str1.8:0000000000000000 .LC0
     /tmp/ccvncDcb.s:386    .text.e51:00000000000000fa .L0 
     /tmp/ccvncDcb.s:387    .text.e51:0000000000000102 .L0 
     /tmp/ccvncDcb.s:392    .text.e51:0000000000000112 .L0 
     /tmp/ccvncDcb.s:398    .text.e51:0000000000000128 .L0 
     /tmp/ccvncDcb.s:429    .text.e51:0000000000000150 .L0 
     /tmp/ccvncDcb.s:487    .text.e51:000000000000018c .L0 
     /tmp/ccvncDcb.s:531    .rodata.e51:0000000000000014 .L20
     /tmp/ccvncDcb.s:518    .text.e51:00000000000001a2 .L0 
     /tmp/ccvncDcb.s:786    .text.e51:0000000000000368 .L0 
     /tmp/ccvncDcb.s:788    .text.e51:0000000000000370 .L0 
     /tmp/ccvncDcb.s:822    .rodata.e51:0000000000000028 .L28
     /tmp/ccvncDcb.s:791    .text.e51:000000000000037a .L0 
     /tmp/ccvncDcb.s:798    .text.e51:0000000000000388 .L0 
     /tmp/ccvncDcb.s:802    .text.e51:0000000000000398 .L0 
     /tmp/ccvncDcb.s:972    .text.e51:0000000000000480 .L0 
     /tmp/ccvncDcb.s:296    .text.e51:0000000000000068 .L10
     /tmp/ccvncDcb.s:468    .text.e51:0000000000000178 .L17
     /tmp/ccvncDcb.s:703    .text.e51:0000000000000288 .L18
     /tmp/ccvncDcb.s:551    .text.e51:00000000000001c2 .L15
     /tmp/ccvncDcb.s:589    .text.e51:00000000000001f6 .L14
     /tmp/ccvncDcb.s:575    .text.e51:00000000000001e6 .L51
     /tmp/ccvncDcb.s:622    .text.e51:0000000000000226 .L13
     /tmp/ccvncDcb.s:655    .text.e51:0000000000000256 .L11
     /tmp/ccvncDcb.s:792    .text.e51:0000000000000382 .L25
     /tmp/ccvncDcb.s:1056   .text.e51:0000000000000526 .L26
     /tmp/ccvncDcb.s:963    .text.e51:0000000000000472 .L52
     /tmp/ccvncDcb.s:931    .text.e51:000000000000042e .L57
     /tmp/ccvncDcb.s:956    .text.e51:0000000000000462 .L53
     /tmp/ccvncDcb.s:923    .text.e51:000000000000041e .L59
     /tmp/ccvncDcb.s:949    .text.e51:0000000000000452 .L54
     /tmp/ccvncDcb.s:1023   .text.e51:00000000000004e8 .L55
     /tmp/ccvncDcb.s:983    .text.e51:000000000000049c .L58
     /tmp/ccvncDcb.s:1001   .text.e51:00000000000004c0 .L56
     /tmp/ccvncDcb.s:969    .text.e51:0000000000000480 .L37
     /tmp/ccvncDcb.s:263    .text.e51:0000000000000044 .L16
     /tmp/ccvncDcb.s:539    .text.e51:00000000000001b8 .L39
     /tmp/ccvncDcb.s:581    .text.e51:00000000000001ec .L40
     /tmp/ccvncDcb.s:614    .text.e51:000000000000021c .L41
     /tmp/ccvncDcb.s:647    .text.e51:000000000000024c .L42
     /tmp/ccvncDcb.s:681    .text.e51:000000000000027c .L24
     /tmp/ccvncDcb.s:834    .text.e51:00000000000003c4 .L23
     /tmp/ccvncDcb.s:855    .text.e51:00000000000003d6 .L22
     /tmp/ccvncDcb.s:874    .text.e51:00000000000003e8 .L21
     /tmp/ccvncDcb.s:893    .text.e51:00000000000003fa .L19
     /tmp/ccvncDcb.s:912    .text.e51:000000000000040c .L36
     /tmp/ccvncDcb.s:940    .text.e51:0000000000000440 .L35
     /tmp/ccvncDcb.s:974    .text.e51:000000000000048a .L34
     /tmp/ccvncDcb.s:992    .text.e51:00000000000004ae .L33
     /tmp/ccvncDcb.s:1010   .text.e51:00000000000004d2 .L32
     /tmp/ccvncDcb.s:1020   .text.e51:00000000000004e6 .L31
     /tmp/ccvncDcb.s:1032   .text.e51:00000000000004fa .L30
     /tmp/ccvncDcb.s:1036   .text.e51:00000000000004fe .L29
     /tmp/ccvncDcb.s:1046   .text.e51:0000000000000512 .L27
     /tmp/ccvncDcb.s:73459  .debug_abbrev:0000000000000000 .Ldebug_abbrev0
     /tmp/ccvncDcb.s:114657  .debug_str:000000000004e10a .LASF10502
     /tmp/ccvncDcb.s:104261  .debug_str:00000000000244c8 .LASF10503
     /tmp/ccvncDcb.s:106859  .debug_str:000000000002e7d2 .LASF10504
     /tmp/ccvncDcb.s:74820  .debug_ranges:0000000000000000 .Ldebug_ranges0
     /tmp/ccvncDcb.s:95287  .debug_line:0000000000000000 .Ldebug_line0
     /tmp/ccvncDcb.s:74876  .debug_macro:0000000000000000 .Ldebug_macro0
     /tmp/ccvncDcb.s:114031  .debug_str:000000000004b890 .LASF6290
     /tmp/ccvncDcb.s:96489  .debug_str:00000000000051aa .LASF6293
     /tmp/ccvncDcb.s:100471  .debug_str:0000000000014d92 .LASF6291
     /tmp/ccvncDcb.s:112083  .debug_str:000000000004366c .LASF6292
     /tmp/ccvncDcb.s:112497  .debug_str:00000000000451f3 .LASF6294
     /tmp/ccvncDcb.s:107725  .debug_str:0000000000031cd8 .LASF6295
     /tmp/ccvncDcb.s:104591  .debug_str:0000000000025af0 .LASF6296
     /tmp/ccvncDcb.s:96099  .debug_str:0000000000003762 .LASF6297
     /tmp/ccvncDcb.s:114507  .debug_str:000000000004d784 .LASF6298
     /tmp/ccvncDcb.s:96735  .debug_str:00000000000060d3 .LASF6299
     /tmp/ccvncDcb.s:101871  .debug_str:000000000001a536 .LASF6300
     /tmp/ccvncDcb.s:116127  .debug_str:00000000000544ff .LASF6301
     /tmp/ccvncDcb.s:108493  .debug_str:0000000000034cf6 .LASF6302
     /tmp/ccvncDcb.s:107427  .debug_str:0000000000030ab6 .LASF6303
     /tmp/ccvncDcb.s:99909  .debug_str:000000000001297d .LASF6304
     /tmp/ccvncDcb.s:96015  .debug_str:000000000000320d .LASF6305
     /tmp/ccvncDcb.s:96697  .debug_str:0000000000005ee2 .LASF6306
     /tmp/ccvncDcb.s:95501  .debug_str:0000000000000e16 .LASF6307
     /tmp/ccvncDcb.s:109513  .debug_str:00000000000392df .LASF6308
     /tmp/ccvncDcb.s:110083  .debug_str:000000000003b6e7 .LASF6309
     /tmp/ccvncDcb.s:115445  .debug_str:00000000000516be .LASF6310
     /tmp/ccvncDcb.s:112125  .debug_str:00000000000438e0 .LASF6311
     /tmp/ccvncDcb.s:107265  .debug_str:000000000003001c .LASF6312
     /tmp/ccvncDcb.s:96689  .debug_str:0000000000005e35 .LASF6313
     /tmp/ccvncDcb.s:101599  .debug_str:00000000000194e7 .LASF6314
     /tmp/ccvncDcb.s:101771  .debug_str:0000000000019ef3 .LASF6319
     /tmp/ccvncDcb.s:114863  .debug_str:000000000004ee80 .LASF6315
     /tmp/ccvncDcb.s:95413  .debug_str:00000000000008a4 .LASF6316
     /tmp/ccvncDcb.s:111333  .debug_str:00000000000404a3 .LASF6317
     /tmp/ccvncDcb.s:97557  .debug_str:00000000000097f0 .LASF6318
     /tmp/ccvncDcb.s:107979  .debug_str:0000000000032ce8 .LASF6320
     /tmp/ccvncDcb.s:98763  .debug_str:000000000000e97d .LASF6321
     /tmp/ccvncDcb.s:106807  .debug_str:000000000002e430 .LASF6322
     /tmp/ccvncDcb.s:114625  .debug_str:000000000004df90 .LASF6323
     /tmp/ccvncDcb.s:108523  .debug_str:0000000000034ef9 .LASF6324
     /tmp/ccvncDcb.s:104547  .debug_str:0000000000025885 .LASF6325
     /tmp/ccvncDcb.s:103861  .debug_str:0000000000022b14 .LASF6326
     /tmp/ccvncDcb.s:103993  .debug_str:00000000000233bb .LASF6327
     /tmp/ccvncDcb.s:113379  .debug_str:0000000000048f31 .LASF6328
     /tmp/ccvncDcb.s:96447  .debug_str:0000000000004ea8 .LASF6329
     /tmp/ccvncDcb.s:111867  .debug_str:000000000004291d .LASF6330
     /tmp/ccvncDcb.s:95951  .debug_str:0000000000002db9 .LASF6331
     /tmp/ccvncDcb.s:99323  .debug_str:0000000000010773 .LASF6332
     /tmp/ccvncDcb.s:111263  .debug_str:0000000000040070 .LASF6333
     /tmp/ccvncDcb.s:106937  .debug_str:000000000002ec80 .LASF6334
     /tmp/ccvncDcb.s:97611  .debug_str:0000000000009b3a .LASF6335
     /tmp/ccvncDcb.s:101877  .debug_str:000000000001a56d .LASF6336
     /tmp/ccvncDcb.s:105719  .debug_str:0000000000029e7c .LASF6337
     /tmp/ccvncDcb.s:106905  .debug_str:000000000002eaf0 .LASF6338
     /tmp/ccvncDcb.s:106927  .debug_str:000000000002ec00 .LASF6339
     /tmp/ccvncDcb.s:105577  .debug_str:000000000002951f .LASF6340
     /tmp/ccvncDcb.s:112903  .debug_str:0000000000047088 .LASF6341
     /tmp/ccvncDcb.s:109257  .debug_str:0000000000038036 .LASF6342
     /tmp/ccvncDcb.s:111355  .debug_str:0000000000040621 .LASF6343
     /tmp/ccvncDcb.s:105261  .debug_str:000000000002816c .LASF6344
     /tmp/ccvncDcb.s:96367  .debug_str:0000000000004986 .LASF6345
     /tmp/ccvncDcb.s:99695  .debug_str:0000000000011c50 .LASF6346
     /tmp/ccvncDcb.s:99119  .debug_str:000000000000fbb4 .LASF6347
     /tmp/ccvncDcb.s:104913  .debug_str:0000000000026f37 .LASF6348
     /tmp/ccvncDcb.s:104761  .debug_str:000000000002662c .LASF6349
     /tmp/ccvncDcb.s:109579  .debug_str:0000000000039788 .LASF6350
     /tmp/ccvncDcb.s:114727  .debug_str:000000000004e6df .LASF6351
     /tmp/ccvncDcb.s:101875  .debug_str:000000000001a568 .LASF6352
     /tmp/ccvncDcb.s:108987  .debug_str:0000000000036df2 .LASF6353
     /tmp/ccvncDcb.s:110725  .debug_str:000000000003dbb1 .LASF6354
     /tmp/ccvncDcb.s:100013  .debug_str:0000000000013047 .LASF6355
     /tmp/ccvncDcb.s:103281  .debug_str:00000000000202f4 .LASF6356
     /tmp/ccvncDcb.s:102599  .debug_str:000000000001d444 .LASF6357
     /tmp/ccvncDcb.s:109829  .debug_str:000000000003a78a .LASF6358
     /tmp/ccvncDcb.s:114027  .debug_str:000000000004b86c .LASF6359
     /tmp/ccvncDcb.s:115249  .debug_str:0000000000050931 .LASF6360
     /tmp/ccvncDcb.s:106751  .debug_str:000000000002e19a .LASF6361
     /tmp/ccvncDcb.s:113077  .debug_str:0000000000047c14 .LASF6362
     /tmp/ccvncDcb.s:105969  .debug_str:000000000002af3c .LASF6363
     /tmp/ccvncDcb.s:112055  .debug_str:00000000000434d1 .LASF6364
     /tmp/ccvncDcb.s:96629  .debug_str:0000000000005a1c .LASF6365
     /tmp/ccvncDcb.s:107901  .debug_str:00000000000327ee .LASF6366
     /tmp/ccvncDcb.s:108945  .debug_str:0000000000036b5e .LASF6367
     /tmp/ccvncDcb.s:112893  .debug_str:0000000000047008 .LASF6368
     /tmp/ccvncDcb.s:103957  .debug_str:000000000002315c .LASF6369
     /tmp/ccvncDcb.s:111427  .debug_str:0000000000040b3e .LASF6370
     /tmp/ccvncDcb.s:101099  .debug_str:0000000000017390 .LASF6371
     /tmp/ccvncDcb.s:115135  .debug_str:00000000000501fa .LASF6372
     /tmp/ccvncDcb.s:108527  .debug_str:0000000000034f2e .LASF6373
     /tmp/ccvncDcb.s:99179  .debug_str:000000000000ff3b .LASF6374
     /tmp/ccvncDcb.s:108377  .debug_str:00000000000345d3 .LASF6375
     /tmp/ccvncDcb.s:105749  .debug_str:000000000002a09e .LASF6376
     /tmp/ccvncDcb.s:100677  .debug_str:0000000000015960 .LASF6377
     /tmp/ccvncDcb.s:107015  .debug_str:000000000002f107 .LASF6378
     /tmp/ccvncDcb.s:113503  .debug_str:00000000000496ff .LASF6379
     /tmp/ccvncDcb.s:108317  .debug_str:0000000000034177 .LASF6380
     /tmp/ccvncDcb.s:111331  .debug_str:000000000004049b .LASF6381
     /tmp/ccvncDcb.s:104361  .debug_str:0000000000024b83 .LASF842
     /tmp/ccvncDcb.s:101717  .debug_str:0000000000019ceb .LASF6382
     /tmp/ccvncDcb.s:114533  .debug_str:000000000004d941 .LASF6383
     /tmp/ccvncDcb.s:110367  .debug_str:000000000003c704 .LASF6384
     /tmp/ccvncDcb.s:111701  .debug_str:0000000000041e73 .LASF6385
     /tmp/ccvncDcb.s:114647  .debug_str:000000000004e0bb .LASF6386
     /tmp/ccvncDcb.s:108505  .debug_str:0000000000034dbc .LASF6387
     /tmp/ccvncDcb.s:114377  .debug_str:000000000004cf6d .LASF6388
     /tmp/ccvncDcb.s:96977  .debug_str:0000000000007055 .LASF6389
     /tmp/ccvncDcb.s:115803  .debug_str:00000000000530ad .LASF6390
     /tmp/ccvncDcb.s:100385  .debug_str:000000000001484e .LASF6391
     /tmp/ccvncDcb.s:114579  .debug_str:000000000004dc4e .LASF6392
     /tmp/ccvncDcb.s:99921  .debug_str:0000000000012a24 .LASF6393
     /tmp/ccvncDcb.s:113861  .debug_str:000000000004ad96 .LASF6394
     /tmp/ccvncDcb.s:95309  .debug_str:000000000000017c .LASF6395
     /tmp/ccvncDcb.s:97079  .debug_str:0000000000007899 .LASF6396
     /tmp/ccvncDcb.s:102377  .debug_str:000000000001c6ef .LASF6397
     /tmp/ccvncDcb.s:98151  .debug_str:000000000000c049 .LASF6398
     /tmp/ccvncDcb.s:100097  .debug_str:00000000000135e3 .LASF6399
     /tmp/ccvncDcb.s:115351  .debug_str:0000000000051006 .LASF6400
     /tmp/ccvncDcb.s:111433  .debug_str:0000000000040b7d .LASF6401
     /tmp/ccvncDcb.s:108089  .debug_str:000000000003344e .LASF6402
     /tmp/ccvncDcb.s:102549  .debug_str:000000000001d0de .LASF6403
     /tmp/ccvncDcb.s:98071  .debug_str:000000000000ba4d .LASF6404
     /tmp/ccvncDcb.s:106973  .debug_str:000000000002ee7e .LASF6405
     /tmp/ccvncDcb.s:115167  .debug_str:0000000000050419 .LASF6406
     /tmp/ccvncDcb.s:100631  .debug_str:0000000000015713 .LASF6407
     /tmp/ccvncDcb.s:102199  .debug_str:000000000001bb98 .LASF6408
     /tmp/ccvncDcb.s:111149  .debug_str:000000000003f8a5 .LASF10505
     /tmp/ccvncDcb.s:116195  .debug_str:0000000000054a27 .LASF6409
     /tmp/ccvncDcb.s:115365  .debug_str:00000000000510f1 .LASF6410
     /tmp/ccvncDcb.s:99457  .debug_str:0000000000011044 .LASF6411
     /tmp/ccvncDcb.s:109119  .debug_str:00000000000375cd .LASF6412
     /tmp/ccvncDcb.s:115025  .debug_str:000000000004f9a5 .LASF6413
     /tmp/ccvncDcb.s:106967  .debug_str:000000000002ee12 .LASF6414
     /tmp/ccvncDcb.s:99809  .debug_str:00000000000123d2 .LASF6415
     /tmp/ccvncDcb.s:98701  .debug_str:000000000000e5bf .LASF6416
     /tmp/ccvncDcb.s:113745  .debug_str:000000000004a669 .LASF6417
     /tmp/ccvncDcb.s:105921  .debug_str:000000000002ab88 .LASF6418
     /tmp/ccvncDcb.s:115113  .debug_str:0000000000050060 .LASF6419
     /tmp/ccvncDcb.s:100509  .debug_str:0000000000014fd5 .LASF6420
     /tmp/ccvncDcb.s:96841  .debug_str:0000000000006770 .LASF6421
     /tmp/ccvncDcb.s:110855  .debug_str:000000000003e4fe .LASF6422
     /tmp/ccvncDcb.s:110857  .debug_str:000000000003e504 .LASF6423
     /tmp/ccvncDcb.s:101511  .debug_str:0000000000018ef4 .LASF6424
     /tmp/ccvncDcb.s:115473  .debug_str:000000000005187e .LASF6425
     /tmp/ccvncDcb.s:108291  .debug_str:0000000000034011 .LASF6426
     /tmp/ccvncDcb.s:102653  .debug_str:000000000001d787 .LASF6427
     /tmp/ccvncDcb.s:107571  .debug_str:00000000000312b2 .LASF6428
     /tmp/ccvncDcb.s:113195  .debug_str:00000000000483ca .LASF6429
     /tmp/ccvncDcb.s:113431  .debug_str:00000000000492df .LASF6430
     /tmp/ccvncDcb.s:97477  .debug_str:00000000000092c8 .LASF6431
     /tmp/ccvncDcb.s:96353  .debug_str:00000000000048f8 .LASF6432
     /tmp/ccvncDcb.s:109601  .debug_str:00000000000398df .LASF6433
     /tmp/ccvncDcb.s:109603  .debug_str:00000000000398f0 .LASF6434
     /tmp/ccvncDcb.s:114759  .debug_str:000000000004e8c5 .LASF6435
     /tmp/ccvncDcb.s:109607  .debug_str:000000000003990d .LASF6436
     /tmp/ccvncDcb.s:109609  .debug_str:000000000003991e .LASF6437
     /tmp/ccvncDcb.s:116053  .debug_str:0000000000054124 .LASF6438
     /tmp/ccvncDcb.s:116055  .debug_str:0000000000054134 .LASF6439
     /tmp/ccvncDcb.s:116057  .debug_str:0000000000054144 .LASF6440
     /tmp/ccvncDcb.s:103323  .debug_str:00000000000205b1 .LASF6441
     /tmp/ccvncDcb.s:110081  .debug_str:000000000003b6d8 .LASF6442
     /tmp/ccvncDcb.s:103077  .debug_str:000000000001f40d .LASF6443
     /tmp/ccvncDcb.s:109611  .debug_str:000000000003992f .LASF6444
     /tmp/ccvncDcb.s:104171  .debug_str:0000000000023f52 .LASF6445
     /tmp/ccvncDcb.s:114771  .debug_str:000000000004e95a .LASF6446
     /tmp/ccvncDcb.s:104185  .debug_str:0000000000023fcd .LASF6447
     /tmp/ccvncDcb.s:102149  .debug_str:000000000001b851 .LASF6448
     /tmp/ccvncDcb.s:102151  .debug_str:000000000001b863 .LASF6449
     /tmp/ccvncDcb.s:111605  .debug_str:000000000004171b .LASF6450
     /tmp/ccvncDcb.s:97497  .debug_str:00000000000093f4 .LASF6451
     /tmp/ccvncDcb.s:102157  .debug_str:000000000001b8a8 .LASF6452
     /tmp/ccvncDcb.s:102159  .debug_str:000000000001b8ba .LASF6453
     /tmp/ccvncDcb.s:105529  .debug_str:0000000000029299 .LASF6454
     /tmp/ccvncDcb.s:112341  .debug_str:00000000000445d3 .LASF6455
     /tmp/ccvncDcb.s:113663  .debug_str:000000000004a14c .LASF6456
     /tmp/ccvncDcb.s:109997  .debug_str:000000000003b154 .LASF6457
     /tmp/ccvncDcb.s:95871  .debug_str:0000000000002867 .LASF6458
     /tmp/ccvncDcb.s:96325  .debug_str:00000000000046ff .LASF6459
     /tmp/ccvncDcb.s:96765  .debug_str:00000000000062cb .LASF6460
     /tmp/ccvncDcb.s:114197  .debug_str:000000000004c308 .LASF6461
     /tmp/ccvncDcb.s:96271  .debug_str:00000000000042e2 .LASF6462
     /tmp/ccvncDcb.s:109423  .debug_str:0000000000038c1f .LASF6463
     /tmp/ccvncDcb.s:95873  .debug_str:0000000000002871 .LASF6464
     /tmp/ccvncDcb.s:98861  .debug_str:000000000000eedf .LASF6465
     /tmp/ccvncDcb.s:105803  .debug_str:000000000002a419 .LASF6466
     /tmp/ccvncDcb.s:97357  .debug_str:0000000000008a76 .LASF6467
     /tmp/ccvncDcb.s:114119  .debug_str:000000000004bdfe .LASF6468
     /tmp/ccvncDcb.s:101611  .debug_str:00000000000195c6 .LASF6469
     /tmp/ccvncDcb.s:106965  .debug_str:000000000002ee00 .LASF6470
     /tmp/ccvncDcb.s:104497  .debug_str:000000000002546a .LASF6471
     /tmp/ccvncDcb.s:99737  .debug_str:0000000000011f5a .LASF6472
     /tmp/ccvncDcb.s:102163  .debug_str:000000000001b8ef .LASF6473
     /tmp/ccvncDcb.s:102165  .debug_str:000000000001b901 .LASF6474
     /tmp/ccvncDcb.s:102225  .debug_str:000000000001bd53 .LASF6475
     /tmp/ccvncDcb.s:102227  .debug_str:000000000001bd65 .LASF6476
     /tmp/ccvncDcb.s:102229  .debug_str:000000000001bd77 .LASF6477
     /tmp/ccvncDcb.s:102231  .debug_str:000000000001bd89 .LASF6478
     /tmp/ccvncDcb.s:102233  .debug_str:000000000001bd9b .LASF6479
     /tmp/ccvncDcb.s:102235  .debug_str:000000000001bdad .LASF6480
     /tmp/ccvncDcb.s:102237  .debug_str:000000000001bdbf .LASF6481
     /tmp/ccvncDcb.s:98653  .debug_str:000000000000e294 .LASF6482
     /tmp/ccvncDcb.s:108005  .debug_str:0000000000032e59 .LASF6483
     /tmp/ccvncDcb.s:112655  .debug_str:0000000000045d75 .LASF6484
     /tmp/ccvncDcb.s:99083  .debug_str:000000000000fa97 .LASF6485
     /tmp/ccvncDcb.s:101795  .debug_str:000000000001a099 .LASF6486
     /tmp/ccvncDcb.s:114961  .debug_str:000000000004f551 .LASF6487
     /tmp/ccvncDcb.s:101019  .debug_str:0000000000016f18 .LASF6488
     /tmp/ccvncDcb.s:109343  .debug_str:000000000003869d .LASF6489
     /tmp/ccvncDcb.s:95753  .debug_str:00000000000020ef .LASF6490
     /tmp/ccvncDcb.s:95755  .debug_str:00000000000020fd .LASF6491
     /tmp/ccvncDcb.s:102079  .debug_str:000000000001b3ab .LASF6492
     /tmp/ccvncDcb.s:105027  .debug_str:00000000000275a8 .LASF6493
     /tmp/ccvncDcb.s:105029  .debug_str:00000000000275b6 .LASF6494
     /tmp/ccvncDcb.s:96607  .debug_str:0000000000005875 .LASF6495
     /tmp/ccvncDcb.s:102239  .debug_str:000000000001bdd1 .LASF6496
     /tmp/ccvncDcb.s:102241  .debug_str:000000000001bde3 .LASF6497
     /tmp/ccvncDcb.s:102243  .debug_str:000000000001bdf5 .LASF6498
     /tmp/ccvncDcb.s:102325  .debug_str:000000000001c406 .LASF6499
     /tmp/ccvncDcb.s:102327  .debug_str:000000000001c418 .LASF6500
     /tmp/ccvncDcb.s:102329  .debug_str:000000000001c42a .LASF6501
     /tmp/ccvncDcb.s:97821  .debug_str:000000000000a90d .LASF6502
     /tmp/ccvncDcb.s:102513  .debug_str:000000000001cf14 .LASF6503
     /tmp/ccvncDcb.s:103221  .debug_str:000000000001fe1f .LASF6504
     /tmp/ccvncDcb.s:111829  .debug_str:0000000000042699 .LASF6505
     /tmp/ccvncDcb.s:102539  .debug_str:000000000001d026 .LASF6506
     /tmp/ccvncDcb.s:105787  .debug_str:000000000002a30d .LASF6507
     /tmp/ccvncDcb.s:106249  .debug_str:000000000002c11c .LASF6508
     /tmp/ccvncDcb.s:111737  .debug_str:00000000000420c2 .LASF6509
     /tmp/ccvncDcb.s:102331  .debug_str:000000000001c43c .LASF6510
     /tmp/ccvncDcb.s:102333  .debug_str:000000000001c44e .LASF6511
     /tmp/ccvncDcb.s:98935  .debug_str:000000000000f29f .LASF6512
     /tmp/ccvncDcb.s:103859  .debug_str:0000000000022b03 .LASF6513
     /tmp/ccvncDcb.s:114303  .debug_str:000000000004ca69 .LASF6514
     /tmp/ccvncDcb.s:108501  .debug_str:0000000000034d6a .LASF6515
     /tmp/ccvncDcb.s:102335  .debug_str:000000000001c460 .LASF6516
     /tmp/ccvncDcb.s:102337  .debug_str:000000000001c472 .LASF6517
     /tmp/ccvncDcb.s:102339  .debug_str:000000000001c484 .LASF6518
     /tmp/ccvncDcb.s:102341  .debug_str:000000000001c496 .LASF6519
     /tmp/ccvncDcb.s:102343  .debug_str:000000000001c4a8 .LASF6520
     /tmp/ccvncDcb.s:102429  .debug_str:000000000001ca3a .LASF6521
     /tmp/ccvncDcb.s:102431  .debug_str:000000000001ca4c .LASF6522
     /tmp/ccvncDcb.s:112095  .debug_str:000000000004370e .LASF6523
     /tmp/ccvncDcb.s:112099  .debug_str:0000000000043745 .LASF6524
     /tmp/ccvncDcb.s:102437  .debug_str:000000000001ca74 .LASF6525
     /tmp/ccvncDcb.s:102439  .debug_str:000000000001ca86 .LASF6526
     /tmp/ccvncDcb.s:102441  .debug_str:000000000001ca98 .LASF6527
     /tmp/ccvncDcb.s:102443  .debug_str:000000000001caaa .LASF6528
     /tmp/ccvncDcb.s:102445  .debug_str:000000000001cabc .LASF6529
     /tmp/ccvncDcb.s:100663  .debug_str:00000000000158b4 .LASF6530
     /tmp/ccvncDcb.s:102519  .debug_str:000000000001cf66 .LASF6531
     /tmp/ccvncDcb.s:110729  .debug_str:000000000003dbc9 .LASF6532
     /tmp/ccvncDcb.s:102523  .debug_str:000000000001cf8c .LASF6533
     /tmp/ccvncDcb.s:100893  .debug_str:0000000000016622 .LASF6534
     /tmp/ccvncDcb.s:102527  .debug_str:000000000001cfba .LASF6535
     /tmp/ccvncDcb.s:102529  .debug_str:000000000001cfcc .LASF6536
     /tmp/ccvncDcb.s:102531  .debug_str:000000000001cfde .LASF6537
     /tmp/ccvncDcb.s:102533  .debug_str:000000000001cff0 .LASF6538
     /tmp/ccvncDcb.s:102535  .debug_str:000000000001d002 .LASF6539
     /tmp/ccvncDcb.s:102537  .debug_str:000000000001d014 .LASF6540
     /tmp/ccvncDcb.s:102615  .debug_str:000000000001d546 .LASF6541
     /tmp/ccvncDcb.s:102617  .debug_str:000000000001d558 .LASF6542
     /tmp/ccvncDcb.s:102619  .debug_str:000000000001d56a .LASF6543
     /tmp/ccvncDcb.s:112431  .debug_str:0000000000044c63 .LASF6544
     /tmp/ccvncDcb.s:102623  .debug_str:000000000001d58f .LASF6545
     /tmp/ccvncDcb.s:102625  .debug_str:000000000001d5a1 .LASF6546
     /tmp/ccvncDcb.s:102627  .debug_str:000000000001d5b3 .LASF6547
     /tmp/ccvncDcb.s:112441  .debug_str:0000000000044cfc .LASF6548
     /tmp/ccvncDcb.s:102631  .debug_str:000000000001d5cf .LASF6549
     /tmp/ccvncDcb.s:108579  .debug_str:0000000000035367 .LASF6550
     /tmp/ccvncDcb.s:116095  .debug_str:000000000005430f .LASF6551
     /tmp/ccvncDcb.s:102629  .debug_str:000000000001d5c5 .LASF6552
     /tmp/ccvncDcb.s:110305  .debug_str:000000000003c430 .LASF6553
     /tmp/ccvncDcb.s:96703  .debug_str:0000000000005f17 .LASF6554
     /tmp/ccvncDcb.s:104355  .debug_str:0000000000024b23 .LASF6555
     /tmp/ccvncDcb.s:111949  .debug_str:0000000000042d94 .LASF6556
     /tmp/ccvncDcb.s:102633  .debug_str:000000000001d5e1 .LASF6557
     /tmp/ccvncDcb.s:102713  .debug_str:000000000001db98 .LASF6558
     /tmp/ccvncDcb.s:102715  .debug_str:000000000001dbaa .LASF6559
     /tmp/ccvncDcb.s:102717  .debug_str:000000000001dbbc .LASF6560
     /tmp/ccvncDcb.s:102719  .debug_str:000000000001dbce .LASF6561
     /tmp/ccvncDcb.s:103539  .debug_str:00000000000214da .LASF6562
     /tmp/ccvncDcb.s:115023  .debug_str:000000000004f98b .LASF6563
     /tmp/ccvncDcb.s:95843  .debug_str:000000000000267e .LASF6564
     /tmp/ccvncDcb.s:97651  .debug_str:0000000000009dfa .LASF6565
     /tmp/ccvncDcb.s:99747  .debug_str:0000000000011fea .LASF6566
     /tmp/ccvncDcb.s:101629  .debug_str:00000000000196cd .LASF6567
     /tmp/ccvncDcb.s:106575  .debug_str:000000000002d661 .LASF6568
     /tmp/ccvncDcb.s:104785  .debug_str:00000000000267ff .LASF6569
     /tmp/ccvncDcb.s:101433  .debug_str:000000000001892d .LASF6570
     /tmp/ccvncDcb.s:98589  .debug_str:000000000000ded1 .LASF6571
     /tmp/ccvncDcb.s:97095  .debug_str:0000000000007986 .LASF6572
     /tmp/ccvncDcb.s:103369  .debug_str:0000000000020893 .LASF6573
     /tmp/ccvncDcb.s:104509  .debug_str:0000000000025507 .LASF6574
     /tmp/ccvncDcb.s:106437  .debug_str:000000000002cddb .LASF6575
     /tmp/ccvncDcb.s:115153  .debug_str:0000000000050339 .LASF6576
     /tmp/ccvncDcb.s:106723  .debug_str:000000000002dfb6 .LASF6577
     /tmp/ccvncDcb.s:98211  .debug_str:000000000000c4c1 .LASF6578
     /tmp/ccvncDcb.s:111109  .debug_str:000000000003f5e7 .LASF6579
     /tmp/ccvncDcb.s:102699  .debug_str:000000000001da6c .LASF6580
     /tmp/ccvncDcb.s:112485  .debug_str:000000000004511c .LASF6581
     /tmp/ccvncDcb.s:100321  .debug_str:0000000000014464 .LASF6582
     /tmp/ccvncDcb.s:102721  .debug_str:000000000001dbe0 .LASF6583
     /tmp/ccvncDcb.s:102723  .debug_str:000000000001dbf2 .LASF6584
     /tmp/ccvncDcb.s:102725  .debug_str:000000000001dc04 .LASF6585
     /tmp/ccvncDcb.s:102727  .debug_str:000000000001dc16 .LASF6586
     /tmp/ccvncDcb.s:101417  .debug_str:0000000000018808 .LASF6587
     /tmp/ccvncDcb.s:102731  .debug_str:000000000001dcc6 .LASF6588
     /tmp/ccvncDcb.s:102801  .debug_str:000000000001e1ac .LASF6589
     /tmp/ccvncDcb.s:102803  .debug_str:000000000001e1be .LASF6590
     /tmp/ccvncDcb.s:112769  .debug_str:0000000000046766 .LASF6591
     /tmp/ccvncDcb.s:96119  .debug_str:000000000000382a .LASF6592
     /tmp/ccvncDcb.s:99687  .debug_str:0000000000011bdb .LASF6593
     /tmp/ccvncDcb.s:97983  .debug_str:000000000000b45d .LASF6594
     /tmp/ccvncDcb.s:105111  .debug_str:0000000000027a23 .LASF6595
     /tmp/ccvncDcb.s:112721  .debug_str:000000000004646e .LASF6596
     /tmp/ccvncDcb.s:99145  .debug_str:000000000000fceb .LASF6597
     /tmp/ccvncDcb.s:106899  .debug_str:000000000002ea88 .LASF6598
     /tmp/ccvncDcb.s:114433  .debug_str:000000000004d286 .LASF6599
     /tmp/ccvncDcb.s:102807  .debug_str:000000000001e1ec .LASF6600
     /tmp/ccvncDcb.s:102809  .debug_str:000000000001e1fe .LASF6601
     /tmp/ccvncDcb.s:101309  .debug_str:0000000000018111 .LASF6602
     /tmp/ccvncDcb.s:100155  .debug_str:0000000000013976 .LASF6603
     /tmp/ccvncDcb.s:101295  .debug_str:000000000001808d .LASF6604
     /tmp/ccvncDcb.s:97609  .debug_str:0000000000009b2b .LASF6605
     /tmp/ccvncDcb.s:103297  .debug_str:00000000000203b2 .LASF6606
     /tmp/ccvncDcb.s:106247  .debug_str:000000000002c10f .LASF6607
     /tmp/ccvncDcb.s:101783  .debug_str:0000000000019fba .LASF6608
     /tmp/ccvncDcb.s:114805  .debug_str:000000000004ebaa .LASF6609
     /tmp/ccvncDcb.s:100291  .debug_str:00000000000141be .LASF6610
     /tmp/ccvncDcb.s:99573  .debug_str:00000000000115e9 .LASF6611
     /tmp/ccvncDcb.s:106657  .debug_str:000000000002dac9 .LASF6612
     /tmp/ccvncDcb.s:103651  .debug_str:0000000000021c30 .LASF6613
     /tmp/ccvncDcb.s:104283  .debug_str:0000000000024629 .LASF6614
     /tmp/ccvncDcb.s:97579  .debug_str:000000000000994c .LASF6615
     /tmp/ccvncDcb.s:96207  .debug_str:0000000000003e3d .LASF6616
     /tmp/ccvncDcb.s:108367  .debug_str:0000000000034508 .LASF6617
     /tmp/ccvncDcb.s:112389  .debug_str:0000000000044906 .LASF6618
     /tmp/ccvncDcb.s:96249  .debug_str:00000000000040fc .LASF6619
     /tmp/ccvncDcb.s:115543  .debug_str:0000000000051d9f .LASF6620
     /tmp/ccvncDcb.s:111895  .debug_str:0000000000042b3f .LASF6621
     /tmp/ccvncDcb.s:107737  .debug_str:0000000000031da4 .LASF6622
     /tmp/ccvncDcb.s:95401  .debug_str:00000000000007c2 .LASF6623
     /tmp/ccvncDcb.s:108599  .debug_str:0000000000035461 .LASF6624
     /tmp/ccvncDcb.s:113639  .debug_str:0000000000049ff4 .LASF6625
     /tmp/ccvncDcb.s:101741  .debug_str:0000000000019e2f .LASF6626
     /tmp/ccvncDcb.s:108653  .debug_str:0000000000035807 .LASF6627
     /tmp/ccvncDcb.s:108591  .debug_str:000000000003541a .LASF6628
     /tmp/ccvncDcb.s:104057  .debug_str:00000000000237c2 .LASF6629
     /tmp/ccvncDcb.s:108369  .debug_str:000000000003451f .LASF6630
     /tmp/ccvncDcb.s:109133  .debug_str:00000000000376ed .LASF6631
     /tmp/ccvncDcb.s:109375  .debug_str:0000000000038932 .LASF6632
     /tmp/ccvncDcb.s:108617  .debug_str:000000000003557e .LASF6633
     /tmp/ccvncDcb.s:115377  .debug_str:00000000000511c7 .LASF6634
     /tmp/ccvncDcb.s:97893  .debug_str:000000000000adca .LASF6635
     /tmp/ccvncDcb.s:101165  .debug_str:00000000000177a5 .LASF6636
     /tmp/ccvncDcb.s:104033  .debug_str:0000000000023666 .LASF6637
     /tmp/ccvncDcb.s:96415  .debug_str:0000000000004c8e .LASF6638
     /tmp/ccvncDcb.s:107395  .debug_str:000000000003089a .LASF6639
     /tmp/ccvncDcb.s:109425  .debug_str:0000000000038c27 .LASF6640
     /tmp/ccvncDcb.s:106983  .debug_str:000000000002ef2c .LASF6641
     /tmp/ccvncDcb.s:107751  .debug_str:0000000000031f06 .LASF6642
     /tmp/ccvncDcb.s:108535  .debug_str:0000000000034f9e .LASF6643
     /tmp/ccvncDcb.s:96677  .debug_str:0000000000005d11 .LASF6644
     /tmp/ccvncDcb.s:114193  .debug_str:000000000004c2b8 .LASF6645
     /tmp/ccvncDcb.s:97317  .debug_str:00000000000087f7 .LASF6646
     /tmp/ccvncDcb.s:99961  .debug_str:0000000000012cc9 .LASF6647
     /tmp/ccvncDcb.s:102805  .debug_str:000000000001e1d0 .LASF6648
     /tmp/ccvncDcb.s:95445  .debug_str:0000000000000ac6 .LASF6649
     /tmp/ccvncDcb.s:111011  .debug_str:000000000003efeb .LASF6650
     /tmp/ccvncDcb.s:112509  .debug_str:0000000000045291 .LASF6651
     /tmp/ccvncDcb.s:114495  .debug_str:000000000004d6c2 .LASF6652
     /tmp/ccvncDcb.s:106279  .debug_str:000000000002c31e .LASF6653
     /tmp/ccvncDcb.s:108639  .debug_str:0000000000035732 .LASF6654
     /tmp/ccvncDcb.s:112115  .debug_str:000000000004381c .LASF6655
     /tmp/ccvncDcb.s:97913  .debug_str:000000000000af7c .LASF6656
     /tmp/ccvncDcb.s:100947  .debug_str:0000000000016945 .LASF6657
     /tmp/ccvncDcb.s:95653  .debug_str:000000000000189b .LASF6658
     /tmp/ccvncDcb.s:110207  .debug_str:000000000003beaf .LASF6659
     /tmp/ccvncDcb.s:107775  .debug_str:0000000000032077 .LASF6660
     /tmp/ccvncDcb.s:100367  .debug_str:000000000001473b .LASF6661
     /tmp/ccvncDcb.s:114831  .debug_str:000000000004ed19 .LASF6662
     /tmp/ccvncDcb.s:95577  .debug_str:000000000000134c .LASF6663
     /tmp/ccvncDcb.s:104451  .debug_str:0000000000025126 .LASF6664
     /tmp/ccvncDcb.s:101569  .debug_str:00000000000192e9 .LASF6665
     /tmp/ccvncDcb.s:113881  .debug_str:000000000004ae64 .LASF6666
     /tmp/ccvncDcb.s:103025  .debug_str:000000000001f039 .LASF6667
     /tmp/ccvncDcb.s:107425  .debug_str:0000000000030a83 .LASF6668
     /tmp/ccvncDcb.s:115795  .debug_str:0000000000053047 .LASF6669
     /tmp/ccvncDcb.s:113425  .debug_str:0000000000049294 .LASF6670
     /tmp/ccvncDcb.s:99919  .debug_str:00000000000129f0 .LASF6671
     /tmp/ccvncDcb.s:112203  .debug_str:0000000000043dcf .LASF6672
     /tmp/ccvncDcb.s:101365  .debug_str:0000000000018422 .LASF6673
     /tmp/ccvncDcb.s:96519  .debug_str:0000000000005322 .LASF6674
     /tmp/ccvncDcb.s:95489  .debug_str:0000000000000d32 .LASF6675
     /tmp/ccvncDcb.s:102563  .debug_str:000000000001d18d .LASF6676
     /tmp/ccvncDcb.s:114227  .debug_str:000000000004c508 .LASF6677
     /tmp/ccvncDcb.s:115889  .debug_str:00000000000536a6 .LASF6678
     /tmp/ccvncDcb.s:110247  .debug_str:000000000003c028 .LASF6679
     /tmp/ccvncDcb.s:98627  .debug_str:000000000000e141 .LASF6680
     /tmp/ccvncDcb.s:98825  .debug_str:000000000000ec3c .LASF6681
     /tmp/ccvncDcb.s:115663  .debug_str:000000000005250a .LASF6682
     /tmp/ccvncDcb.s:113107  .debug_str:0000000000047e2b .LASF6683
     /tmp/ccvncDcb.s:97455  .debug_str:0000000000009154 .LASF6684
     /tmp/ccvncDcb.s:96073  .debug_str:00000000000035d7 .LASF6685
     /tmp/ccvncDcb.s:97969  .debug_str:000000000000b37a .LASF6686
     /tmp/ccvncDcb.s:101281  .debug_str:0000000000017f83 .LASF6687
     /tmp/ccvncDcb.s:111283  .debug_str:00000000000401ab .LASF6688
     /tmp/ccvncDcb.s:97547  .debug_str:0000000000009726 .LASF6689
     /tmp/ccvncDcb.s:98727  .debug_str:000000000000e748 .LASF6690
     /tmp/ccvncDcb.s:110067  .debug_str:000000000003b5f2 .LASF6691
     /tmp/ccvncDcb.s:110003  .debug_str:000000000003b1c1 .LASF6692
     /tmp/ccvncDcb.s:110493  .debug_str:000000000003ce05 .LASF6693
     /tmp/ccvncDcb.s:96373  .debug_str:00000000000049c6 .LASF6694
     /tmp/ccvncDcb.s:105955  .debug_str:000000000002ae09 .LASF6695
     /tmp/ccvncDcb.s:115171  .debug_str:0000000000050439 .LASF6696
     /tmp/ccvncDcb.s:106543  .debug_str:000000000002d3c1 .LASF6697
     /tmp/ccvncDcb.s:101119  .debug_str:00000000000174e4 .LASF6698
     /tmp/ccvncDcb.s:99161  .debug_str:000000000000fde5 .LASF6699
     /tmp/ccvncDcb.s:96715  .debug_str:0000000000005fb1 .LASF6700
     /tmp/ccvncDcb.s:112555  .debug_str:00000000000456cf .LASF6701
     /tmp/ccvncDcb.s:111287  .debug_str:000000000004020c .LASF6702
     /tmp/ccvncDcb.s:110103  .debug_str:000000000003b847 .LASF6703
     /tmp/ccvncDcb.s:98881  .debug_str:000000000000efaa .LASF6704
     /tmp/ccvncDcb.s:103969  .debug_str:0000000000023207 .LASF6705
     /tmp/ccvncDcb.s:95837  .debug_str:000000000000263f .LASF6706
     /tmp/ccvncDcb.s:113009  .debug_str:0000000000047743 .LASF6707
     /tmp/ccvncDcb.s:101699  .debug_str:0000000000019b96 .LASF6708
     /tmp/ccvncDcb.s:108759  .debug_str:0000000000035f1a .LASF6709
     /tmp/ccvncDcb.s:97755  .debug_str:000000000000a509 .LASF6710
     /tmp/ccvncDcb.s:106403  .debug_str:000000000002cb9d .LASF6711
     /tmp/ccvncDcb.s:99709  .debug_str:0000000000011d3e .LASF6712
     /tmp/ccvncDcb.s:111373  .debug_str:000000000004079b .LASF6713
     /tmp/ccvncDcb.s:95993  .debug_str:0000000000003076 .LASF6714
     /tmp/ccvncDcb.s:116275  .debug_str:0000000000054faa .LASF6715
     /tmp/ccvncDcb.s:109113  .debug_str:00000000000375a9 .LASF6716
     /tmp/ccvncDcb.s:104981  .debug_str:00000000000272e3 .LASF6717
     /tmp/ccvncDcb.s:109115  .debug_str:00000000000375b5 .LASF6718
     /tmp/ccvncDcb.s:110647  .debug_str:000000000003d6da .LASF6719
     /tmp/ccvncDcb.s:106685  .debug_str:000000000002dd37 .LASF6720
     /tmp/ccvncDcb.s:115401  .debug_str:000000000005137c .LASF6721
     /tmp/ccvncDcb.s:103529  .debug_str:00000000000213f0 .LASF6722
     /tmp/ccvncDcb.s:108265  .debug_str:0000000000033e85 .LASF6723
     /tmp/ccvncDcb.s:97693  .debug_str:000000000000a040 .LASF6724
     /tmp/ccvncDcb.s:103295  .debug_str:00000000000203aa .LASF6725
     /tmp/ccvncDcb.s:97879  .debug_str:000000000000ad79 .LASF6726
     /tmp/ccvncDcb.s:103141  .debug_str:000000000001f8b0 .LASF6727
     /tmp/ccvncDcb.s:97659  .debug_str:0000000000009e61 .LASF6728
     /tmp/ccvncDcb.s:106545  .debug_str:000000000002d3dd .LASF6729
     /tmp/ccvncDcb.s:102955  .debug_str:000000000001eb2f .LASF6730
     /tmp/ccvncDcb.s:114443  .debug_str:000000000004d33e .LASF6731
     /tmp/ccvncDcb.s:96981  .debug_str:0000000000007090 .LASF6732
     /tmp/ccvncDcb.s:109749  .debug_str:000000000003a200 .LASF6733
     /tmp/ccvncDcb.s:115243  .debug_str:00000000000508f0 .LASF6734
     /tmp/ccvncDcb.s:115569  .debug_str:0000000000051f28 .LASF6735
     /tmp/ccvncDcb.s:96351  .debug_str:00000000000048e3 .LASF6736
     /tmp/ccvncDcb.s:115587  .debug_str:0000000000051ff7 .LASF6737
     /tmp/ccvncDcb.s:98335  .debug_str:000000000000cd9e .LASF6738
     /tmp/ccvncDcb.s:104555  .debug_str:0000000000025914 .LASF6739
     /tmp/ccvncDcb.s:98871  .debug_str:000000000000ef73 .LASF6740
     /tmp/ccvncDcb.s:104695  .debug_str:0000000000026195 .LASF6741
     /tmp/ccvncDcb.s:107227  .debug_str:000000000002fd9e .LASF6742
     /tmp/ccvncDcb.s:115927  .debug_str:00000000000538e5 .LASF6743
     /tmp/ccvncDcb.s:104629  .debug_str:0000000000025d37 .LASF6744
     /tmp/ccvncDcb.s:105685  .debug_str:0000000000029bbc .LASF6745
     /tmp/ccvncDcb.s:101907  .debug_str:000000000001a777 .LASF6746
     /tmp/ccvncDcb.s:101909  .debug_str:000000000001a786 .LASF6747
     /tmp/ccvncDcb.s:102097  .debug_str:000000000001b4f6 .LASF6748
     /tmp/ccvncDcb.s:101137  .debug_str:00000000000175bf .LASF6749
     /tmp/ccvncDcb.s:108981  .debug_str:0000000000036d7b .LASF6750
     /tmp/ccvncDcb.s:103377  .debug_str:0000000000020922 .LASF6751
     /tmp/ccvncDcb.s:99241  .debug_str:000000000001022d .LASF6752
     /tmp/ccvncDcb.s:99243  .debug_str:000000000001023c .LASF6753
     /tmp/ccvncDcb.s:101503  .debug_str:0000000000018e84 .LASF6754
     /tmp/ccvncDcb.s:105063  .debug_str:000000000002771b .LASF6755
     /tmp/ccvncDcb.s:112807  .debug_str:0000000000046a8a .LASF6756
     /tmp/ccvncDcb.s:112177  .debug_str:0000000000043c3a .LASF6757
     /tmp/ccvncDcb.s:103379  .debug_str:000000000002092c .LASF6758
     /tmp/ccvncDcb.s:97465  .debug_str:0000000000009232 .LASF6759
     /tmp/ccvncDcb.s:105189  .debug_str:0000000000027dcf .LASF6760
     /tmp/ccvncDcb.s:114393  .debug_str:000000000004d028 .LASF6761
     /tmp/ccvncDcb.s:102451  .debug_str:000000000001cb17 .LASF6762
     /tmp/ccvncDcb.s:104827  .debug_str:0000000000026a91 .LASF6763
     /tmp/ccvncDcb.s:113131  .debug_str:0000000000047f97 .LASF6764
     /tmp/ccvncDcb.s:107577  .debug_str:0000000000031321 .LASF6765
     /tmp/ccvncDcb.s:116105  .debug_str:0000000000054381 .LASF6766
     /tmp/ccvncDcb.s:96299  .debug_str:00000000000044f3 .LASF6767
     /tmp/ccvncDcb.s:99603  .debug_str:000000000001181b .LASF6768
     /tmp/ccvncDcb.s:110727  .debug_str:000000000003dbbc .LASF6769
     /tmp/ccvncDcb.s:113915  .debug_str:000000000004b0ba .LASF6770
     /tmp/ccvncDcb.s:104725  .debug_str:00000000000263c9 .LASF6771
     /tmp/ccvncDcb.s:112345  .debug_str:000000000004460f .LASF6772
     /tmp/ccvncDcb.s:113369  .debug_str:0000000000048e60 .LASF6773
     /tmp/ccvncDcb.s:102919  .debug_str:000000000001e8c1 .LASF6774
     /tmp/ccvncDcb.s:115977  .debug_str:0000000000053bcf .LASF6775
     /tmp/ccvncDcb.s:104075  .debug_str:0000000000023978 .LASF6776
     /tmp/ccvncDcb.s:107087  .debug_str:000000000002f5e1 .LASF6777
     /tmp/ccvncDcb.s:98047  .debug_str:000000000000b8d1 .LASF6778
     /tmp/ccvncDcb.s:96877  .debug_str:00000000000069b9 .LASF6779
     /tmp/ccvncDcb.s:96743  .debug_str:0000000000006136 .LASF6780
     /tmp/ccvncDcb.s:98617  .debug_str:000000000000e0b4 .LASF6781
     /tmp/ccvncDcb.s:113375  .debug_str:0000000000048eed .LASF6782
     /tmp/ccvncDcb.s:108737  .debug_str:0000000000035dca .LASF6783
     /tmp/ccvncDcb.s:113035  .debug_str:0000000000047914 .LASF6784
     /tmp/ccvncDcb.s:114827  .debug_str:000000000004ecd7 .LASF6785
     /tmp/ccvncDcb.s:107093  .debug_str:000000000002f62f .LASF6786
     /tmp/ccvncDcb.s:114059  .debug_str:000000000004b9e8 .LASF6787
     /tmp/ccvncDcb.s:115559  .debug_str:0000000000051e99 .LASF6788
     /tmp/ccvncDcb.s:109863  .debug_str:000000000003a95a .LASF6789
     /tmp/ccvncDcb.s:106319  .debug_str:000000000002c5cb .LASF6790
     /tmp/ccvncDcb.s:106331  .debug_str:000000000002c677 .LASF6791
     /tmp/ccvncDcb.s:98697  .debug_str:000000000000e58c .LASF6792
     /tmp/ccvncDcb.s:113573  .debug_str:0000000000049b03 .LASF6793
     /tmp/ccvncDcb.s:113329  .debug_str:0000000000048c3a .LASF6794
     /tmp/ccvncDcb.s:113575  .debug_str:0000000000049b0d .LASF6795
     /tmp/ccvncDcb.s:100505  .debug_str:0000000000014fbb .LASF6796
     /tmp/ccvncDcb.s:113581  .debug_str:0000000000049b5f .LASF6797
     /tmp/ccvncDcb.s:112733  .debug_str:0000000000046515 .LASF6798
     /tmp/ccvncDcb.s:111617  .debug_str:00000000000417e1 .LASF6799
     /tmp/ccvncDcb.s:98421  .debug_str:000000000000d2e2 .LASF6800
     /tmp/ccvncDcb.s:108227  .debug_str:0000000000033c55 .LASF6801
     /tmp/ccvncDcb.s:98873  .debug_str:000000000000ef82 .LASF6802
     /tmp/ccvncDcb.s:98875  .debug_str:000000000000ef8c .LASF6803
     /tmp/ccvncDcb.s:104155  .debug_str:0000000000023e83 .LASF6804
     /tmp/ccvncDcb.s:98417  .debug_str:000000000000d278 .LASF6805
     /tmp/ccvncDcb.s:116075  .debug_str:0000000000054234 .LASF6806
     /tmp/ccvncDcb.s:100387  .debug_str:0000000000014865 .LASF6807
     /tmp/ccvncDcb.s:98877  .debug_str:000000000000ef96 .LASF6808
     /tmp/ccvncDcb.s:95981  .debug_str:0000000000002fa9 .LASF6809
     /tmp/ccvncDcb.s:98879  .debug_str:000000000000efa0 .LASF6810
     /tmp/ccvncDcb.s:101039  .debug_str:0000000000017078 .LASF6811
     /tmp/ccvncDcb.s:109763  .debug_str:000000000003a2c5 .LASF6812
     /tmp/ccvncDcb.s:98963  .debug_str:000000000000f48a .LASF6813
     /tmp/ccvncDcb.s:103617  .debug_str:0000000000021989 .LASF6814
     /tmp/ccvncDcb.s:98965  .debug_str:000000000000f494 .LASF6815
     /tmp/ccvncDcb.s:108197  .debug_str:0000000000033aab .LASF6816
     /tmp/ccvncDcb.s:99263  .debug_str:0000000000010448 .LASF6817
     /tmp/ccvncDcb.s:110465  .debug_str:000000000003cc4e .LASF6818
     /tmp/ccvncDcb.s:97863  .debug_str:000000000000ac46 .LASF6819
     /tmp/ccvncDcb.s:113755  .debug_str:000000000004a71e .LASF6820
     /tmp/ccvncDcb.s:111247  .debug_str:000000000003ff57 .LASF6821
     /tmp/ccvncDcb.s:98969  .debug_str:000000000000f4b7 .LASF6822
     /tmp/ccvncDcb.s:98511  .debug_str:000000000000d97f .LASF6823
     /tmp/ccvncDcb.s:107141  .debug_str:000000000002f8c7 .LASF6824
     /tmp/ccvncDcb.s:98971  .debug_str:000000000000f4c1 .LASF6825
     /tmp/ccvncDcb.s:97629  .debug_str:0000000000009c7a .LASF6826
     /tmp/ccvncDcb.s:112245  .debug_str:000000000004404c .LASF6827
     /tmp/ccvncDcb.s:100087  .debug_str:000000000001356f .LASF6828
     /tmp/ccvncDcb.s:115059  .debug_str:000000000004fcc1 .LASF6829
     /tmp/ccvncDcb.s:108153  .debug_str:000000000003381a .LASF6830
     /tmp/ccvncDcb.s:97379  .debug_str:0000000000008c1a .LASF6831
     /tmp/ccvncDcb.s:98973  .debug_str:000000000000f4cb .LASF6832
     /tmp/ccvncDcb.s:114947  .debug_str:000000000004f4a2 .LASF6833
     /tmp/ccvncDcb.s:98975  .debug_str:000000000000f4d5 .LASF6834
     /tmp/ccvncDcb.s:108729  .debug_str:0000000000035d47 .LASF6835
     /tmp/ccvncDcb.s:96239  .debug_str:0000000000004058 .LASF6836
     /tmp/ccvncDcb.s:98977  .debug_str:000000000000f4df .LASF6837
     /tmp/ccvncDcb.s:106029  .debug_str:000000000002b33b .LASF6838
     /tmp/ccvncDcb.s:102077  .debug_str:000000000001b382 .LASF6839
     /tmp/ccvncDcb.s:96987  .debug_str:00000000000070fc .LASF6840
     /tmp/ccvncDcb.s:101027  .debug_str:0000000000016fe3 .LASF6841
     /tmp/ccvncDcb.s:113265  .debug_str:00000000000487dd .LASF6842
     /tmp/ccvncDcb.s:98979  .debug_str:000000000000f4e9 .LASF6843
     /tmp/ccvncDcb.s:106293  .debug_str:000000000002c429 .LASF6844
     /tmp/ccvncDcb.s:100879  .debug_str:0000000000016567 .LASF6845
     /tmp/ccvncDcb.s:113719  .debug_str:000000000004a4af .LASF6846
     /tmp/ccvncDcb.s:101169  .debug_str:0000000000017811 .LASF6847
     /tmp/ccvncDcb.s:102411  .debug_str:000000000001c95a .LASF6848
     /tmp/ccvncDcb.s:114725  .debug_str:000000000004e6b8 .LASF6849
     /tmp/ccvncDcb.s:95513  .debug_str:0000000000000ec5 .LASF6850
     /tmp/ccvncDcb.s:105815  .debug_str:000000000002a4db .LASF6851
     /tmp/ccvncDcb.s:112599  .debug_str:00000000000459e4 .LASF6852
     /tmp/ccvncDcb.s:105957  .debug_str:000000000002ae4c .LASF6853
     /tmp/ccvncDcb.s:99181  .debug_str:000000000000ff42 .LASF6854
     /tmp/ccvncDcb.s:113705  .debug_str:000000000004a3c8 .LASF6855
     /tmp/ccvncDcb.s:114001  .debug_str:000000000004b676 .LASF6856
     /tmp/ccvncDcb.s:99055  .debug_str:000000000000f92d .LASF6857
     /tmp/ccvncDcb.s:98105  .debug_str:000000000000bd19 .LASF6858
     /tmp/ccvncDcb.s:97405  .debug_str:0000000000008db2 .LASF6859
     /tmp/ccvncDcb.s:100289  .debug_str:00000000000141b7 .LASF6860
     /tmp/ccvncDcb.s:100133  .debug_str:0000000000013812 .LASF6861
     /tmp/ccvncDcb.s:113381  .debug_str:0000000000048f3b .LASF6862
     /tmp/ccvncDcb.s:111863  .debug_str:00000000000428c2 .LASF6863
     /tmp/ccvncDcb.s:106069  .debug_str:000000000002b647 .LASF6864
     /tmp/ccvncDcb.s:106907  .debug_str:000000000002eb02 .LASF6865
     /tmp/ccvncDcb.s:112635  .debug_str:0000000000045c50 .LASF6866
     /tmp/ccvncDcb.s:103687  .debug_str:0000000000021f1b .LASF6867
     /tmp/ccvncDcb.s:98771  .debug_str:000000000000e9cd .LASF6868
     /tmp/ccvncDcb.s:115821  .debug_str:00000000000531a5 .LASF6869
     /tmp/ccvncDcb.s:100383  .debug_str:0000000000014824 .LASF6870
     /tmp/ccvncDcb.s:99353  .debug_str:00000000000109ae .LASF6871
     /tmp/ccvncDcb.s:112005  .debug_str:00000000000431b7 .LASF6872
     /tmp/ccvncDcb.s:98773  .debug_str:000000000000e9d7 .LASF6873
     /tmp/ccvncDcb.s:102939  .debug_str:000000000001ea42 .LASF6874
     /tmp/ccvncDcb.s:106999  .debug_str:000000000002f007 .LASF6875
     /tmp/ccvncDcb.s:105817  .debug_str:000000000002a4f5 .LASF6876
     /tmp/ccvncDcb.s:108217  .debug_str:0000000000033bd0 .LASF6877
     /tmp/ccvncDcb.s:95393  .debug_str:0000000000000759 .LASF6878
     /tmp/ccvncDcb.s:96115  .debug_str:0000000000003811 .LASF6879
     /tmp/ccvncDcb.s:114985  .debug_str:000000000004f741 .LASF6880
     /tmp/ccvncDcb.s:98925  .debug_str:000000000000f22e .LASF6881
     /tmp/ccvncDcb.s:98775  .debug_str:000000000000e9e1 .LASF6882
     /tmp/ccvncDcb.s:98777  .debug_str:000000000000e9eb .LASF6883
     /tmp/ccvncDcb.s:102501  .debug_str:000000000001ce2c .LASF6884
     /tmp/ccvncDcb.s:113491  .debug_str:000000000004965b .LASF6885
     /tmp/ccvncDcb.s:106775  .debug_str:000000000002e257 .LASF6886
     /tmp/ccvncDcb.s:108661  .debug_str:00000000000358da .LASF6887
     /tmp/ccvncDcb.s:105753  .debug_str:000000000002a0d9 .LASF6888
     /tmp/ccvncDcb.s:97875  .debug_str:000000000000ad5d .LASF6889
     /tmp/ccvncDcb.s:113699  .debug_str:000000000004a38a .LASF6890
     /tmp/ccvncDcb.s:102833  .debug_str:000000000001e399 .LASF6891
     /tmp/ccvncDcb.s:98905  .debug_str:000000000000f15e .LASF6892
     /tmp/ccvncDcb.s:110283  .debug_str:000000000003c2aa .LASF6893
     /tmp/ccvncDcb.s:106495  .debug_str:000000000002d0b9 .LASF6894
     /tmp/ccvncDcb.s:98309  .debug_str:000000000000cc25 .LASF6895
     /tmp/ccvncDcb.s:99143  .debug_str:000000000000fcc2 .LASF6896
     /tmp/ccvncDcb.s:110479  .debug_str:000000000003cd2c .LASF6897
     /tmp/ccvncDcb.s:108447  .debug_str:00000000000349f1 .LASF6898
     /tmp/ccvncDcb.s:104085  .debug_str:0000000000023a3e .LASF6899
     /tmp/ccvncDcb.s:103311  .debug_str:00000000000204c7 .LASF6900
     /tmp/ccvncDcb.s:97495  .debug_str:00000000000093e2 .LASF6901
     /tmp/ccvncDcb.s:111201  .debug_str:000000000003fc25 .LASF6902
     /tmp/ccvncDcb.s:102847  .debug_str:000000000001e42e .LASF6903
     /tmp/ccvncDcb.s:97855  .debug_str:000000000000ab8e .LASF6904
     /tmp/ccvncDcb.s:113319  .debug_str:0000000000048bc0 .LASF6905
     /tmp/ccvncDcb.s:114953  .debug_str:000000000004f4cf .LASF6906
     /tmp/ccvncDcb.s:110521  .debug_str:000000000003cef4 .LASF6907
     /tmp/ccvncDcb.s:103429  .debug_str:0000000000020c40 .LASF6908
     /tmp/ccvncDcb.s:96835  .debug_str:00000000000066e5 .LASF6909
     /tmp/ccvncDcb.s:109395  .debug_str:0000000000038a6b .LASF6910
     /tmp/ccvncDcb.s:107143  .debug_str:000000000002f8d2 .LASF6911
     /tmp/ccvncDcb.s:103669  .debug_str:0000000000021dcc .LASF6912
     /tmp/ccvncDcb.s:95311  .debug_str:0000000000000181 .LASF6913
     /tmp/ccvncDcb.s:100869  .debug_str:0000000000016466 .LASF6914
     /tmp/ccvncDcb.s:104613  .debug_str:0000000000025c5a .LASF6915
     /tmp/ccvncDcb.s:97387  .debug_str:0000000000008c7a .LASF6916
     /tmp/ccvncDcb.s:113933  .debug_str:000000000004b174 .LASF6917
     /tmp/ccvncDcb.s:96617  .debug_str:000000000000592b .LASF6918
     /tmp/ccvncDcb.s:112869  .debug_str:0000000000046ef0 .LASF6919
     /tmp/ccvncDcb.s:105599  .debug_str:0000000000029677 .LASF6920
     /tmp/ccvncDcb.s:111881  .debug_str:0000000000042a05 .LASF6921
     /tmp/ccvncDcb.s:103565  .debug_str:0000000000021662 .LASF6922
     /tmp/ccvncDcb.s:98077  .debug_str:000000000000bab9 .LASF6923
     /tmp/ccvncDcb.s:108461  .debug_str:0000000000034add .LASF6924
     /tmp/ccvncDcb.s:101201  .debug_str:0000000000017999 .LASF6925
     /tmp/ccvncDcb.s:115969  .debug_str:0000000000053b70 .LASF6926
     /tmp/ccvncDcb.s:110163  .debug_str:000000000003bb41 .LASF6927
     /tmp/ccvncDcb.s:95877  .debug_str:000000000000288b .LASF6928
     /tmp/ccvncDcb.s:106717  .debug_str:000000000002df49 .LASF6929
     /tmp/ccvncDcb.s:109731  .debug_str:000000000003a132 .LASF6930
     /tmp/ccvncDcb.s:96701  .debug_str:0000000000005f09 .LASF6931
     /tmp/ccvncDcb.s:106743  .debug_str:000000000002e0ec .LASF6932
     /tmp/ccvncDcb.s:109747  .debug_str:000000000003a1f1 .LASF6933
     /tmp/ccvncDcb.s:96723  .debug_str:000000000000600a .LASF6934
     /tmp/ccvncDcb.s:105991  .debug_str:000000000002b0be .LASF6935
     /tmp/ccvncDcb.s:105703  .debug_str:0000000000029d57 .LASF6936
     /tmp/ccvncDcb.s:99063  .debug_str:000000000000f971 .LASF6937
     /tmp/ccvncDcb.s:98341  .debug_str:000000000000cddc .LASF6938
     /tmp/ccvncDcb.s:98377  .debug_str:000000000000d005 .LASF6939
     /tmp/ccvncDcb.s:106739  .debug_str:000000000002e0a5 .LASF6940
     /tmp/ccvncDcb.s:104413  .debug_str:0000000000024ee9 .LASF6941
     /tmp/ccvncDcb.s:108651  .debug_str:00000000000357f3 .LASF6942
     /tmp/ccvncDcb.s:101935  .debug_str:000000000001a905 .LASF6943
     /tmp/ccvncDcb.s:115503  .debug_str:0000000000051ac8 .LASF6944
     /tmp/ccvncDcb.s:113695  .debug_str:000000000004a33a .LASF6945
     /tmp/ccvncDcb.s:114295  .debug_str:000000000004c9da .LASF6946
     /tmp/ccvncDcb.s:101947  .debug_str:000000000001aa32 .LASF6947
     /tmp/ccvncDcb.s:107893  .debug_str:00000000000327af .LASF6948
     /tmp/ccvncDcb.s:98055  .debug_str:000000000000b977 .LASF6949
     /tmp/ccvncDcb.s:107211  .debug_str:000000000002fcc1 .LASF6950
     /tmp/ccvncDcb.s:100723  .debug_str:0000000000015c4f .LASF6951
     /tmp/ccvncDcb.s:101525  .debug_str:000000000001900e .LASF6952
     /tmp/ccvncDcb.s:111587  .debug_str:00000000000415fd .LASF6953
     /tmp/ccvncDcb.s:106547  .debug_str:000000000002d3ed .LASF6954
     /tmp/ccvncDcb.s:106349  .debug_str:000000000002c7d3 .LASF6955
     /tmp/ccvncDcb.s:111197  .debug_str:000000000003fbfd .LASF6956
     /tmp/ccvncDcb.s:105025  .debug_str:0000000000027593 .LASF6957
     /tmp/ccvncDcb.s:98709  .debug_str:000000000000e639 .LASF6958
     /tmp/ccvncDcb.s:104247  .debug_str:0000000000024489 .LASF6959
     /tmp/ccvncDcb.s:103555  .debug_str:00000000000215b5 .LASF6960
     /tmp/ccvncDcb.s:110625  .debug_str:000000000003d582 .LASF6961
     /tmp/ccvncDcb.s:110621  .debug_str:000000000003d547 .LASF6962
     /tmp/ccvncDcb.s:108693  .debug_str:0000000000035aef .LASF6963
     /tmp/ccvncDcb.s:98205  .debug_str:000000000000c47c .LASF6964
     /tmp/ccvncDcb.s:113877  .debug_str:000000000004ae3d .LASF6965
     /tmp/ccvncDcb.s:97963  .debug_str:000000000000b32d .LASF6966
     /tmp/ccvncDcb.s:104049  .debug_str:000000000002374c .LASF6967
     /tmp/ccvncDcb.s:101889  .debug_str:000000000001a614 .LASF6968
     /tmp/ccvncDcb.s:104249  .debug_str:0000000000024492 .LASF6969
     /tmp/ccvncDcb.s:109783  .debug_str:000000000003a41c .LASF6970
     /tmp/ccvncDcb.s:114087  .debug_str:000000000004bbef .LASF6971
     /tmp/ccvncDcb.s:107755  .debug_str:0000000000031f4d .LASF6972
     /tmp/ccvncDcb.s:112107  .debug_str:0000000000043795 .LASF6973
     /tmp/ccvncDcb.s:105725  .debug_str:0000000000029ec0 .LASF6974
     /tmp/ccvncDcb.s:116045  .debug_str:00000000000540b4 .LASF6975
     /tmp/ccvncDcb.s:104251  .debug_str:000000000002449b .LASF6976
     /tmp/ccvncDcb.s:111313  .debug_str:00000000000403ca .LASF6977
     /tmp/ccvncDcb.s:112109  .debug_str:00000000000437a3 .LASF6978
     /tmp/ccvncDcb.s:96943  .debug_str:0000000000006e0a .LASF6979
     /tmp/ccvncDcb.s:114563  .debug_str:000000000004db56 .LASF6980
     /tmp/ccvncDcb.s:111099  .debug_str:000000000003f540 .LASF6981
     /tmp/ccvncDcb.s:105889  .debug_str:000000000002a96d .LASF6982
     /tmp/ccvncDcb.s:105875  .debug_str:000000000002a86c .LASF6983
     /tmp/ccvncDcb.s:114245  .debug_str:000000000004c6ad .LASF6984
     /tmp/ccvncDcb.s:104963  .debug_str:0000000000027193 .LASF6985
     /tmp/ccvncDcb.s:98779  .debug_str:000000000000e9f5 .LASF6986
     /tmp/ccvncDcb.s:104253  .debug_str:00000000000244a4 .LASF6987
     /tmp/ccvncDcb.s:104589  .debug_str:0000000000025acd .LASF6988
     /tmp/ccvncDcb.s:104625  .debug_str:0000000000025d0a .LASF6989
     /tmp/ccvncDcb.s:98413  .debug_str:000000000000d247 .LASF6990
     /tmp/ccvncDcb.s:108017  .debug_str:0000000000032ef2 .LASF6991
     /tmp/ccvncDcb.s:108001  .debug_str:0000000000032e42 .LASF6992
     /tmp/ccvncDcb.s:95929  .debug_str:0000000000002c59 .LASF6993
     /tmp/ccvncDcb.s:96957  .debug_str:0000000000006f10 .LASF6994
     /tmp/ccvncDcb.s:96199  .debug_str:0000000000003dc4 .LASF6995
     /tmp/ccvncDcb.s:99525  .debug_str:00000000000113ab .LASF6996
     /tmp/ccvncDcb.s:96823  .debug_str:000000000000662a .LASF6997
     /tmp/ccvncDcb.s:106593  .debug_str:000000000002d7af .LASF6998
     /tmp/ccvncDcb.s:112603  .debug_str:0000000000045a36 .LASF6999
     /tmp/ccvncDcb.s:98781  .debug_str:000000000000e9ff .LASF7000
     /tmp/ccvncDcb.s:104255  .debug_str:00000000000244ad .LASF7001
     /tmp/ccvncDcb.s:97833  .debug_str:000000000000a9f7 .LASF7002
     /tmp/ccvncDcb.s:112915  .debug_str:0000000000047113 .LASF7003
     /tmp/ccvncDcb.s:112891  .debug_str:0000000000046ffa .LASF7004
     /tmp/ccvncDcb.s:114869  .debug_str:000000000004eef4 .LASF7005
     /tmp/ccvncDcb.s:114849  .debug_str:000000000004edfc .LASF7006
     /tmp/ccvncDcb.s:98783  .debug_str:000000000000ea09 .LASF7007
     /tmp/ccvncDcb.s:104257  .debug_str:00000000000244b6 .LASF7008
     /tmp/ccvncDcb.s:112327  .debug_str:0000000000044544 .LASF7009
     /tmp/ccvncDcb.s:104755  .debug_str:00000000000265d3 .LASF7010
     /tmp/ccvncDcb.s:116311  .debug_str:00000000000551c9 .LASF7011
     /tmp/ccvncDcb.s:98785  .debug_str:000000000000ea13 .LASF7012
     /tmp/ccvncDcb.s:104259  .debug_str:00000000000244bf .LASF7013
     /tmp/ccvncDcb.s:105683  .debug_str:0000000000029b99 .LASF7014
     /tmp/ccvncDcb.s:96509  .debug_str:00000000000052c5 .LASF7015
     /tmp/ccvncDcb.s:108699  .debug_str:0000000000035b44 .LASF7016
     /tmp/ccvncDcb.s:105303  .debug_str:000000000002843e .LASF7017
     /tmp/ccvncDcb.s:113405  .debug_str:00000000000490f9 .LASF7018
     /tmp/ccvncDcb.s:98017  .debug_str:000000000000b679 .LASF7019
     /tmp/ccvncDcb.s:102031  .debug_str:000000000001b08b .LASF7020
     /tmp/ccvncDcb.s:100487  .debug_str:0000000000014e8c .LASF7021
     /tmp/ccvncDcb.s:96109  .debug_str:00000000000037c7 .LASF7022
     /tmp/ccvncDcb.s:108391  .debug_str:000000000003468e .LASF7023
     /tmp/ccvncDcb.s:111537  .debug_str:00000000000412a6 .LASF7024
     /tmp/ccvncDcb.s:97029  .debug_str:0000000000007506 .LASF7025
     /tmp/ccvncDcb.s:96377  .debug_str:0000000000004a20 .LASF7026
     /tmp/ccvncDcb.s:109187  .debug_str:0000000000037bb0 .LASF7027
     /tmp/ccvncDcb.s:115233  .debug_str:0000000000050861 .LASF7028
     /tmp/ccvncDcb.s:103795  .debug_str:0000000000022751 .LASF7029
     /tmp/ccvncDcb.s:99541  .debug_str:00000000000114fc .LASF7030
     /tmp/ccvncDcb.s:102829  .debug_str:000000000001e360 .LASF7031
     /tmp/ccvncDcb.s:106047  .debug_str:000000000002b4c1 .LASF7032
     /tmp/ccvncDcb.s:99881  .debug_str:0000000000012796 .LASF7033
     /tmp/ccvncDcb.s:107043  .debug_str:000000000002f283 .LASF7034
     /tmp/ccvncDcb.s:104373  .debug_str:0000000000024c2b .LASF7035
     /tmp/ccvncDcb.s:95423  .debug_str:0000000000000959 .LASF7036
     /tmp/ccvncDcb.s:115457  .debug_str:0000000000051766 .LASF7037
     /tmp/ccvncDcb.s:103149  .debug_str:000000000001f930 .LASF7038
     /tmp/ccvncDcb.s:112729  .debug_str:00000000000464e7 .LASF7039
     /tmp/ccvncDcb.s:115205  .debug_str:000000000005068d .LASF7040
     /tmp/ccvncDcb.s:97223  .debug_str:000000000000821a .LASF7041
     /tmp/ccvncDcb.s:110837  .debug_str:000000000003e3f1 .LASF7042
     /tmp/ccvncDcb.s:105607  .debug_str:00000000000296f9 .LASF7043
     /tmp/ccvncDcb.s:113487  .debug_str:0000000000049639 .LASF7044
     /tmp/ccvncDcb.s:106285  .debug_str:000000000002c372 .LASF7045
     /tmp/ccvncDcb.s:113029  .debug_str:00000000000478e0 .LASF7046
     /tmp/ccvncDcb.s:111733  .debug_str:000000000004208b .LASF7047
     /tmp/ccvncDcb.s:102593  .debug_str:000000000001d40c .LASF7048
     /tmp/ccvncDcb.s:105609  .debug_str:0000000000029702 .LASF7049
     /tmp/ccvncDcb.s:114383  .debug_str:000000000004cfb7 .LASF7050
     /tmp/ccvncDcb.s:102177  .debug_str:000000000001b9b6 .LASF7051
     /tmp/ccvncDcb.s:109623  .debug_str:00000000000399da .LASF7052
     /tmp/ccvncDcb.s:104443  .debug_str:00000000000250c2 .LASF7053
     /tmp/ccvncDcb.s:110155  .debug_str:000000000003ba9d .LASF7054
     /tmp/ccvncDcb.s:103351  .debug_str:0000000000020743 .LASF7055
     /tmp/ccvncDcb.s:108537  .debug_str:0000000000034fde .LASF7056
     /tmp/ccvncDcb.s:105611  .debug_str:000000000002970b .LASF7057
     /tmp/ccvncDcb.s:103835  .debug_str:00000000000229a0 .LASF7058
     /tmp/ccvncDcb.s:98895  .debug_str:000000000000f0a2 .LASF7059
     /tmp/ccvncDcb.s:115265  .debug_str:0000000000050a58 .LASF7060
     /tmp/ccvncDcb.s:107671  .debug_str:000000000003193b .LASF7061
     /tmp/ccvncDcb.s:105613  .debug_str:0000000000029714 .LASF7062
     /tmp/ccvncDcb.s:96045  .debug_str:0000000000003401 .LASF7063
     /tmp/ccvncDcb.s:98227  .debug_str:000000000000c5f3 .LASF7064
     /tmp/ccvncDcb.s:105615  .debug_str:000000000002971d .LASF7065
     /tmp/ccvncDcb.s:102073  .debug_str:000000000001b35f .LASF7066
     /tmp/ccvncDcb.s:110721  .debug_str:000000000003db82 .LASF7067
     /tmp/ccvncDcb.s:111031  .debug_str:000000000003f169 .LASF7068
     /tmp/ccvncDcb.s:100675  .debug_str:0000000000015956 .LASF7069
     /tmp/ccvncDcb.s:103479  .debug_str:0000000000021050 .LASF7070
     /tmp/ccvncDcb.s:106389  .debug_str:000000000002cac3 .LASF7071
     /tmp/ccvncDcb.s:105617  .debug_str:0000000000029726 .LASF7072
     /tmp/ccvncDcb.s:97105  .debug_str:0000000000007a64 .LASF7073
     /tmp/ccvncDcb.s:115915  .debug_str:00000000000537f7 .LASF7074
     /tmp/ccvncDcb.s:107439  .debug_str:0000000000030b67 .LASF7075
     /tmp/ccvncDcb.s:108177  .debug_str:000000000003397b .LASF7076
     /tmp/ccvncDcb.s:109735  .debug_str:000000000003a170 .LASF7077
     /tmp/ccvncDcb.s:103923  .debug_str:0000000000022ec7 .LASF7078
     /tmp/ccvncDcb.s:103489  .debug_str:000000000002110f .LASF7079
     /tmp/ccvncDcb.s:107311  .debug_str:00000000000302fb .LASF7080
     /tmp/ccvncDcb.s:112859  .debug_str:0000000000046e56 .LASF7081
     /tmp/ccvncDcb.s:97625  .debug_str:0000000000009bd5 .LASF7082
     /tmp/ccvncDcb.s:113747  .debug_str:000000000004a672 .LASF7083
     /tmp/ccvncDcb.s:111943  .debug_str:0000000000042d5e .LASF7084
     /tmp/ccvncDcb.s:112801  .debug_str:0000000000046a53 .LASF7085
     /tmp/ccvncDcb.s:103887  .debug_str:0000000000022ca2 .LASF7086
     /tmp/ccvncDcb.s:115129  .debug_str:00000000000501aa .LASF7087
     /tmp/ccvncDcb.s:105777  .debug_str:000000000002a250 .LASF7088
     /tmp/ccvncDcb.s:98563  .debug_str:000000000000dcb1 .LASF7089
     /tmp/ccvncDcb.s:107215  .debug_str:000000000002fcde .LASF7090
     /tmp/ccvncDcb.s:98057  .debug_str:000000000000b9a4 .LASF7091
     /tmp/ccvncDcb.s:114381  .debug_str:000000000004cf94 .LASF7092
     /tmp/ccvncDcb.s:98677  .debug_str:000000000000e42d .LASF7093
     /tmp/ccvncDcb.s:101307  .debug_str:0000000000018108 .LASF7094
     /tmp/ccvncDcb.s:109259  .debug_str:0000000000038043 .LASF7095
     /tmp/ccvncDcb.s:105495  .debug_str:0000000000029002 .LASF7096
     /tmp/ccvncDcb.s:105127  .debug_str:0000000000027ae6 .LASF7097
     /tmp/ccvncDcb.s:107219  .debug_str:000000000002fd22 .LASF7098
     /tmp/ccvncDcb.s:95539  .debug_str:0000000000001097 .LASF7099
     /tmp/ccvncDcb.s:112127  .debug_str:00000000000438eb .LASF7100
     /tmp/ccvncDcb.s:112425  .debug_str:0000000000044c12 .LASF7101
     /tmp/ccvncDcb.s:111463  .debug_str:0000000000040d95 .LASF7102
     /tmp/ccvncDcb.s:111907  .debug_str:0000000000042c06 .LASF7103
     /tmp/ccvncDcb.s:113679  .debug_str:000000000004a21b .LASF7104
     /tmp/ccvncDcb.s:112581  .debug_str:00000000000458bc .LASF7105
     /tmp/ccvncDcb.s:115069  .debug_str:000000000004fd5a .LASF7106
     /tmp/ccvncDcb.s:108329  .debug_str:0000000000034267 .LASF7107
     /tmp/ccvncDcb.s:111159  .debug_str:000000000003f942 .LASF7108
     /tmp/ccvncDcb.s:97191  .debug_str:0000000000008020 .LASF7109
     /tmp/ccvncDcb.s:103097  .debug_str:000000000001f578 .LASF7110
     /tmp/ccvncDcb.s:97645  .debug_str:0000000000009d78 .LASF7111
     /tmp/ccvncDcb.s:101977  .debug_str:000000000001acad .LASF7112
     /tmp/ccvncDcb.s:95485  .debug_str:0000000000000d03 .LASF7113
     /tmp/ccvncDcb.s:112681  .debug_str:00000000000461a0 .LASF7114
     /tmp/ccvncDcb.s:103675  .debug_str:0000000000021e4d .LASF7115
     /tmp/ccvncDcb.s:113645  .debug_str:000000000004a05e .LASF7116
     /tmp/ccvncDcb.s:116031  .debug_str:0000000000053fdc .LASF7117
     /tmp/ccvncDcb.s:106919  .debug_str:000000000002ebad .LASF7118
     /tmp/ccvncDcb.s:108491  .debug_str:0000000000034cd3 .LASF7119
     /tmp/ccvncDcb.s:98495  .debug_str:000000000000d861 .LASF7120
     /tmp/ccvncDcb.s:110125  .debug_str:000000000003b9f0 .LASF7121
     /tmp/ccvncDcb.s:103065  .debug_str:000000000001f32c .LASF7122
     /tmp/ccvncDcb.s:106945  .debug_str:000000000002ecde .LASF7123
     /tmp/ccvncDcb.s:113273  .debug_str:0000000000048846 .LASF7124
     /tmp/ccvncDcb.s:97787  .debug_str:000000000000a74d .LASF7125
     /tmp/ccvncDcb.s:106947  .debug_str:000000000002ecee .LASF7126
     /tmp/ccvncDcb.s:95399  .debug_str:00000000000007b9 .LASF7127
     /tmp/ccvncDcb.s:113807  .debug_str:000000000004aaa4 .LASF7128
     /tmp/ccvncDcb.s:102851  .debug_str:000000000001e45c .LASF7129
     /tmp/ccvncDcb.s:99641  .debug_str:0000000000011a22 .LASF7130
     /tmp/ccvncDcb.s:114285  .debug_str:000000000004c94e .LASF7131
     /tmp/ccvncDcb.s:108353  .debug_str:0000000000034436 .LASF7132
     /tmp/ccvncDcb.s:102925  .debug_str:000000000001e923 .LASF7133
     /tmp/ccvncDcb.s:109177  .debug_str:0000000000037ab9 .LASF7134
     /tmp/ccvncDcb.s:102755  .debug_str:000000000001ddf2 .LASF7135
     /tmp/ccvncDcb.s:102223  .debug_str:000000000001bd42 .LASF7136
     /tmp/ccvncDcb.s:105835  .debug_str:000000000002a643 .LASF7137
     /tmp/ccvncDcb.s:109365  .debug_str:000000000003883f .LASF7138
     /tmp/ccvncDcb.s:105325  .debug_str:0000000000028561 .LASF7139
     /tmp/ccvncDcb.s:97953  .debug_str:000000000000b298 .LASF7140
     /tmp/ccvncDcb.s:108929  .debug_str:0000000000036a9c .LASF7141
     /tmp/ccvncDcb.s:101671  .debug_str:00000000000199ee .LASF7142
     /tmp/ccvncDcb.s:115863  .debug_str:00000000000534b5 .LASF7143
     /tmp/ccvncDcb.s:108931  .debug_str:0000000000036aa8 .LASF7144
     /tmp/ccvncDcb.s:111923  .debug_str:0000000000042cde .LASF7145
     /tmp/ccvncDcb.s:109279  .debug_str:000000000003819f .LASF7146
     /tmp/ccvncDcb.s:108933  .debug_str:0000000000036ab4 .LASF7147
     /tmp/ccvncDcb.s:111925  .debug_str:0000000000042ce4 .LASF7148
     /tmp/ccvncDcb.s:104719  .debug_str:0000000000026365 .LASF7149
     /tmp/ccvncDcb.s:106759  .debug_str:000000000002e1ca .LASF7150
     /tmp/ccvncDcb.s:103089  .debug_str:000000000001f4d9 .LASF7151
     /tmp/ccvncDcb.s:111639  .debug_str:00000000000419d6 .LASF7152
     /tmp/ccvncDcb.s:106761  .debug_str:000000000002e1d4 .LASF7153
     /tmp/ccvncDcb.s:111929  .debug_str:0000000000042cf6 .LASF7154
     /tmp/ccvncDcb.s:97339  .debug_str:0000000000008937 .LASF7155
     /tmp/ccvncDcb.s:107897  .debug_str:00000000000327d8 .LASF7156
     /tmp/ccvncDcb.s:111931  .debug_str:0000000000042cfc .LASF7157
     /tmp/ccvncDcb.s:104307  .debug_str:00000000000247be .LASF7158
     /tmp/ccvncDcb.s:106765  .debug_str:000000000002e1f3 .LASF7159
     /tmp/ccvncDcb.s:101691  .debug_str:0000000000019b09 .LASF7160
     /tmp/ccvncDcb.s:111205  .debug_str:000000000003fc81 .LASF7161
     /tmp/ccvncDcb.s:115611  .debug_str:000000000005215b .LASF7162
     /tmp/ccvncDcb.s:111935  .debug_str:0000000000042d18 .LASF7163
     /tmp/ccvncDcb.s:111365  .debug_str:0000000000040712 .LASF7164
     /tmp/ccvncDcb.s:112253  .debug_str:00000000000440ab .LASF7165
     /tmp/ccvncDcb.s:111937  .debug_str:0000000000042d1e .LASF7166
     /tmp/ccvncDcb.s:103011  .debug_str:000000000001eef0 .LASF7167
     /tmp/ccvncDcb.s:95907  .debug_str:0000000000002ae3 .LASF7168
     /tmp/ccvncDcb.s:101747  .debug_str:0000000000019e6e .LASF7169
     /tmp/ccvncDcb.s:99937  .debug_str:0000000000012b27 .LASF7170
     /tmp/ccvncDcb.s:112257  .debug_str:0000000000044101 .LASF7171
     /tmp/ccvncDcb.s:101749  .debug_str:0000000000019e75 .LASF7172
     /tmp/ccvncDcb.s:114379  .debug_str:000000000004cf73 .LASF7173
     /tmp/ccvncDcb.s:111711  .debug_str:0000000000041f20 .LASF7174
     /tmp/ccvncDcb.s:100733  .debug_str:0000000000015ce1 .LASF7175
     /tmp/ccvncDcb.s:113279  .debug_str:0000000000048897 .LASF7176
     /tmp/ccvncDcb.s:111713  .debug_str:0000000000041f29 .LASF7177
     /tmp/ccvncDcb.s:101753  .debug_str:0000000000019e83 .LASF7178
     /tmp/ccvncDcb.s:101005  .debug_str:0000000000016db6 .LASF7179
     /tmp/ccvncDcb.s:111715  .debug_str:0000000000041f32 .LASF7180
     /tmp/ccvncDcb.s:101755  .debug_str:0000000000019e8a .LASF7181
     /tmp/ccvncDcb.s:115397  .debug_str:000000000005134b .LASF7182
     /tmp/ccvncDcb.s:111717  .debug_str:0000000000041f3b .LASF7183
     /tmp/ccvncDcb.s:100743  .debug_str:0000000000015d5e .LASF7184
     /tmp/ccvncDcb.s:108809  .debug_str:0000000000036274 .LASF7185
     /tmp/ccvncDcb.s:111473  .debug_str:0000000000040e56 .LASF7186
     /tmp/ccvncDcb.s:100747  .debug_str:0000000000015d8e .LASF7187
     /tmp/ccvncDcb.s:102039  .debug_str:000000000001b0e4 .LASF7188
     /tmp/ccvncDcb.s:112375  .debug_str:000000000004481f .LASF7189
     /tmp/ccvncDcb.s:109869  .debug_str:000000000003a9a9 .LASF7190
     /tmp/ccvncDcb.s:97739  .debug_str:000000000000a3bc .LASF7191
     /tmp/ccvncDcb.s:101657  .debug_str:00000000000198e2 .LASF7192
     /tmp/ccvncDcb.s:109871  .debug_str:000000000003a9af .LASF7193
     /tmp/ccvncDcb.s:112207  .debug_str:0000000000043e1e .LASF7194
     /tmp/ccvncDcb.s:104035  .debug_str:0000000000023682 .LASF7195
     /tmp/ccvncDcb.s:109873  .debug_str:000000000003a9b5 .LASF7196
     /tmp/ccvncDcb.s:105559  .debug_str:0000000000029416 .LASF7197
     /tmp/ccvncDcb.s:108905  .debug_str:00000000000368a4 .LASF7198
     /tmp/ccvncDcb.s:109943  .debug_str:000000000003aede .LASF7199
     /tmp/ccvncDcb.s:109837  .debug_str:000000000003a7de .LASF7200
     /tmp/ccvncDcb.s:95793  .debug_str:0000000000002311 .LASF7201
     /tmp/ccvncDcb.s:109945  .debug_str:000000000003aee4 .LASF7202
     /tmp/ccvncDcb.s:112229  .debug_str:0000000000043f43 .LASF7203
     /tmp/ccvncDcb.s:112651  .debug_str:0000000000045d53 .LASF7204
     /tmp/ccvncDcb.s:109947  .debug_str:000000000003aeea .LASF7205
     /tmp/ccvncDcb.s:105583  .debug_str:00000000000295a0 .LASF7206
     /tmp/ccvncDcb.s:103885  .debug_str:0000000000022c94 .LASF7207
     /tmp/ccvncDcb.s:109949  .debug_str:000000000003aef0 .LASF7208
     /tmp/ccvncDcb.s:98761  .debug_str:000000000000e95d .LASF7209
     /tmp/ccvncDcb.s:103889  .debug_str:0000000000022cc5 .LASF7210
     /tmp/ccvncDcb.s:109951  .debug_str:000000000003aef6 .LASF7211
     /tmp/ccvncDcb.s:113299  .debug_str:0000000000048a33 .LASF7212
     /tmp/ccvncDcb.s:107373  .debug_str:000000000003075f .LASF7213
     /tmp/ccvncDcb.s:109953  .debug_str:000000000003aefc .LASF7214
     /tmp/ccvncDcb.s:106677  .debug_str:000000000002dcdf .LASF7215
     /tmp/ccvncDcb.s:115589  .debug_str:0000000000052000 .LASF7216
     /tmp/ccvncDcb.s:109955  .debug_str:000000000003af02 .LASF7217
     /tmp/ccvncDcb.s:99913  .debug_str:000000000001299a .LASF7218
     /tmp/ccvncDcb.s:108385  .debug_str:0000000000034656 .LASF7219
     /tmp/ccvncDcb.s:109957  .debug_str:000000000003af08 .LASF7220
     /tmp/ccvncDcb.s:115741  .debug_str:0000000000052c30 .LASF7221
     /tmp/ccvncDcb.s:108861  .debug_str:00000000000366be .LASF7222
     /tmp/ccvncDcb.s:109959  .debug_str:000000000003af0e .LASF7223
     /tmp/ccvncDcb.s:107749  .debug_str:0000000000031ee6 .LASF7224
     /tmp/ccvncDcb.s:101391  .debug_str:0000000000018602 .LASF7225
     /tmp/ccvncDcb.s:109961  .debug_str:000000000003af14 .LASF7226
     /tmp/ccvncDcb.s:100981  .debug_str:0000000000016bad .LASF7227
     /tmp/ccvncDcb.s:108825  .debug_str:00000000000363da .LASF7228
     /tmp/ccvncDcb.s:110041  .debug_str:000000000003b4ec .LASF7229
     /tmp/ccvncDcb.s:114375  .debug_str:000000000004cf4d .LASF7230
     /tmp/ccvncDcb.s:109751  .debug_str:000000000003a20f .LASF7231
     /tmp/ccvncDcb.s:110043  .debug_str:000000000003b4f2 .LASF7232
     /tmp/ccvncDcb.s:107769  .debug_str:0000000000031ffc .LASF7233
     /tmp/ccvncDcb.s:96209  .debug_str:0000000000003e79 .LASF7234
     /tmp/ccvncDcb.s:110045  .debug_str:000000000003b4f8 .LASF7235
     /tmp/ccvncDcb.s:101003  .debug_str:0000000000016d96 .LASF7236
     /tmp/ccvncDcb.s:99683  .debug_str:0000000000011bc7 .LASF7237
     /tmp/ccvncDcb.s:110047  .debug_str:000000000003b4fe .LASF7238
     /tmp/ccvncDcb.s:115393  .debug_str:0000000000051315 .LASF7239
     /tmp/ccvncDcb.s:99685  .debug_str:0000000000011bd1 .LASF7240
     /tmp/ccvncDcb.s:110049  .debug_str:000000000003b504 .LASF7241
     /tmp/ccvncDcb.s:96233  .debug_str:0000000000003fe5 .LASF7242
     /tmp/ccvncDcb.s:105941  .debug_str:000000000002ad1f .LASF7243
     /tmp/ccvncDcb.s:106797  .debug_str:000000000002e3b7 .LASF7244
     /tmp/ccvncDcb.s:102035  .debug_str:000000000001b0a5 .LASF7245
     /tmp/ccvncDcb.s:115813  .debug_str:000000000005311f .LASF7246
     /tmp/ccvncDcb.s:110053  .debug_str:000000000003b519 .LASF7247
     /tmp/ccvncDcb.s:95407  .debug_str:0000000000000840 .LASF7248
     /tmp/ccvncDcb.s:115817  .debug_str:0000000000053158 .LASF7249
     /tmp/ccvncDcb.s:110055  .debug_str:000000000003b51f .LASF7250
     /tmp/ccvncDcb.s:109851  .debug_str:000000000003a8c9 .LASF7251
     /tmp/ccvncDcb.s:99445  .debug_str:0000000000010f9a .LASF7252
     /tmp/ccvncDcb.s:110057  .debug_str:000000000003b525 .LASF7253
     /tmp/ccvncDcb.s:103127  .debug_str:000000000001f7ab .LASF7254
     /tmp/ccvncDcb.s:116237  .debug_str:0000000000054d30 .LASF7255
     /tmp/ccvncDcb.s:110059  .debug_str:000000000003b52b .LASF7256
     /tmp/ccvncDcb.s:96405  .debug_str:0000000000004bee .LASF7257
     /tmp/ccvncDcb.s:108833  .debug_str:000000000003648a .LASF7258
     /tmp/ccvncDcb.s:110131  .debug_str:000000000003ba27 .LASF7259
     /tmp/ccvncDcb.s:109879  .debug_str:000000000003a9f9 .LASF7260
     /tmp/ccvncDcb.s:105663  .debug_str:0000000000029a85 .LASF7261
     /tmp/ccvncDcb.s:110133  .debug_str:000000000003ba2d .LASF7262
     /tmp/ccvncDcb.s:103151  .debug_str:000000000001f940 .LASF7263
     /tmp/ccvncDcb.s:96259  .debug_str:00000000000041c7 .LASF7264
     /tmp/ccvncDcb.s:110135  .debug_str:000000000003ba33 .LASF7265
     /tmp/ccvncDcb.s:96423  .debug_str:0000000000004d66 .LASF7266
     /tmp/ccvncDcb.s:101033  .debug_str:0000000000017028 .LASF7267
     /tmp/ccvncDcb.s:110137  .debug_str:000000000003ba39 .LASF7268
     /tmp/ccvncDcb.s:110985  .debug_str:000000000003ed92 .LASF7269
     /tmp/ccvncDcb.s:101035  .debug_str:0000000000017034 .LASF7270
     /tmp/ccvncDcb.s:110139  .debug_str:000000000003ba3f .LASF7271
     /tmp/ccvncDcb.s:104233  .debug_str:00000000000243c5 .LASF7272
     /tmp/ccvncDcb.s:101273  .debug_str:0000000000017ef5 .LASF7273
     /tmp/ccvncDcb.s:110141  .debug_str:000000000003ba45 .LASF7274
     /tmp/ccvncDcb.s:97473  .debug_str:0000000000009297 .LASF7275
     /tmp/ccvncDcb.s:96057  .debug_str:00000000000034a8 .LASF7276
     /tmp/ccvncDcb.s:110143  .debug_str:000000000003ba4b .LASF7277
     /tmp/ccvncDcb.s:111945  .debug_str:0000000000042d69 .LASF7278
     /tmp/ccvncDcb.s:96061  .debug_str:00000000000034f4 .LASF7279
     /tmp/ccvncDcb.s:110145  .debug_str:000000000003ba51 .LASF7280
     /tmp/ccvncDcb.s:105287  .debug_str:00000000000282eb .LASF7281
     /tmp/ccvncDcb.s:105405  .debug_str:0000000000028a1e .LASF7282
     /tmp/ccvncDcb.s:110147  .debug_str:000000000003ba57 .LASF7283
     /tmp/ccvncDcb.s:98499  .debug_str:000000000000d8a2 .LASF7284
     /tmp/ccvncDcb.s:99723  .debug_str:0000000000011e69 .LASF7285
     /tmp/ccvncDcb.s:110149  .debug_str:000000000003ba5d .LASF7286
     /tmp/ccvncDcb.s:112999  .debug_str:000000000004768a .LASF7287
     /tmp/ccvncDcb.s:115881  .debug_str:0000000000053614 .LASF7288
     /tmp/ccvncDcb.s:110219  .debug_str:000000000003bf6c .LASF7289
     /tmp/ccvncDcb.s:105309  .debug_str:00000000000284c3 .LASF7290
     /tmp/ccvncDcb.s:104401  .debug_str:0000000000024e2d .LASF7291
     /tmp/ccvncDcb.s:107137  .debug_str:000000000002f895 .LASF7292
     /tmp/ccvncDcb.s:98519  .debug_str:000000000000da06 .LASF7293
     /tmp/ccvncDcb.s:110951  .debug_str:000000000003eb7b .LASF7294
     /tmp/ccvncDcb.s:110223  .debug_str:000000000003bf7d .LASF7295
     /tmp/ccvncDcb.s:113027  .debug_str:00000000000478c0 .LASF7296
     /tmp/ccvncDcb.s:100353  .debug_str:000000000001466c .LASF7297
     /tmp/ccvncDcb.s:110225  .debug_str:000000000003bf83 .LASF7298
     /tmp/ccvncDcb.s:106387  .debug_str:000000000002caa3 .LASF7299
     /tmp/ccvncDcb.s:101129  .debug_str:000000000001758b .LASF7300
     /tmp/ccvncDcb.s:110227  .debug_str:000000000003bf89 .LASF7301
     /tmp/ccvncDcb.s:99605  .debug_str:0000000000011828 .LASF7302
     /tmp/ccvncDcb.s:101133  .debug_str:00000000000175a8 .LASF7303
     /tmp/ccvncDcb.s:110229  .debug_str:000000000003bf8f .LASF7304
     /tmp/ccvncDcb.s:114073  .debug_str:000000000004bad7 .LASF7305
     /tmp/ccvncDcb.s:111947  .debug_str:0000000000042d89 .LASF7306
     /tmp/ccvncDcb.s:110231  .debug_str:000000000003bf95 .LASF7307
     /tmp/ccvncDcb.s:107479  .debug_str:0000000000030d30 .LASF7308
     /tmp/ccvncDcb.s:95497  .debug_str:0000000000000dcd .LASF7309
     /tmp/ccvncDcb.s:110233  .debug_str:000000000003bf9b .LASF7310
     /tmp/ccvncDcb.s:100717  .debug_str:0000000000015be3 .LASF7311
     /tmp/ccvncDcb.s:96147  .debug_str:00000000000039eb .LASF7312
     /tmp/ccvncDcb.s:110235  .debug_str:000000000003bfa1 .LASF7313
     /tmp/ccvncDcb.s:115091  .debug_str:000000000004fee8 .LASF7314
     /tmp/ccvncDcb.s:108731  .debug_str:0000000000035d50 .LASF7315
     /tmp/ccvncDcb.s:107155  .debug_str:000000000002f9b7 .LASF7316
     /tmp/ccvncDcb.s:108521  .debug_str:0000000000034ed9 .LASF7317
     /tmp/ccvncDcb.s:106781  .debug_str:000000000002e2ba .LASF7318
     /tmp/ccvncDcb.s:110327  .debug_str:000000000003c53e .LASF7319
     /tmp/ccvncDcb.s:100909  .debug_str:000000000001670d .LASF7320
     /tmp/ccvncDcb.s:106783  .debug_str:000000000002e2c8 .LASF7321
     /tmp/ccvncDcb.s:110329  .debug_str:000000000003c544 .LASF7322
     /tmp/ccvncDcb.s:115309  .debug_str:0000000000050d68 .LASF7323
     /tmp/ccvncDcb.s:99813  .debug_str:00000000000123f6 .LASF7324
     /tmp/ccvncDcb.s:110331  .debug_str:000000000003c54a .LASF7325
     /tmp/ccvncDcb.s:108727  .debug_str:0000000000035d27 .LASF7326
     /tmp/ccvncDcb.s:101681  .debug_str:0000000000019a83 .LASF7327
     /tmp/ccvncDcb.s:110333  .debug_str:000000000003c550 .LASF7328
     /tmp/ccvncDcb.s:101949  .debug_str:000000000001aa42 .LASF7329
     /tmp/ccvncDcb.s:101685  .debug_str:0000000000019acb .LASF7330
     /tmp/ccvncDcb.s:110335  .debug_str:000000000003c556 .LASF7331
     /tmp/ccvncDcb.s:95319  .debug_str:000000000000020c .LASF7332
     /tmp/ccvncDcb.s:101199  .debug_str:0000000000017985 .LASF7333
     /tmp/ccvncDcb.s:110337  .debug_str:000000000003c55c .LASF7334
     /tmp/ccvncDcb.s:111227  .debug_str:000000000003fe1e .LASF7335
     /tmp/ccvncDcb.s:99431  .debug_str:0000000000010eec .LASF7336
     /tmp/ccvncDcb.s:110339  .debug_str:000000000003c562 .LASF7337
     /tmp/ccvncDcb.s:103051  .debug_str:000000000001f1e5 .LASF7338
     /tmp/ccvncDcb.s:107921  .debug_str:0000000000032973 .LASF7339
     /tmp/ccvncDcb.s:110341  .debug_str:000000000003c568 .LASF7340
     /tmp/ccvncDcb.s:96315  .debug_str:0000000000004608 .LASF7341
     /tmp/ccvncDcb.s:113987  .debug_str:000000000004b597 .LASF7342
     /tmp/ccvncDcb.s:110343  .debug_str:000000000003c56e .LASF7343
     /tmp/ccvncDcb.s:110891  .debug_str:000000000003e75f .LASF7344
     /tmp/ccvncDcb.s:115575  .debug_str:0000000000051f44 .LASF7345
     /tmp/ccvncDcb.s:110345  .debug_str:000000000003c574 .LASF7346
     /tmp/ccvncDcb.s:104123  .debug_str:0000000000023ce0 .LASF7347
     /tmp/ccvncDcb.s:115577  .debug_str:0000000000051f56 .LASF7348
     /tmp/ccvncDcb.s:110411  .debug_str:000000000003c9c3 .LASF7349
     /tmp/ccvncDcb.s:96345  .debug_str:0000000000004886 .LASF7350
     /tmp/ccvncDcb.s:106601  .debug_str:000000000002d809 .LASF7351
     /tmp/ccvncDcb.s:110413  .debug_str:000000000003c9c9 .LASF7352
     /tmp/ccvncDcb.s:110911  .debug_str:000000000003e8ae .LASF7353
     /tmp/ccvncDcb.s:111445  .debug_str:0000000000040c81 .LASF7354
     /tmp/ccvncDcb.s:110415  .debug_str:000000000003c9cf .LASF7355
     /tmp/ccvncDcb.s:104151  .debug_str:0000000000023e53 .LASF7356
     /tmp/ccvncDcb.s:111449  .debug_str:0000000000040ca7 .LASF7357
     /tmp/ccvncDcb.s:110417  .debug_str:000000000003c9d5 .LASF7358
     /tmp/ccvncDcb.s:97385  .debug_str:0000000000008c5a .LASF7359
     /tmp/ccvncDcb.s:109227  .debug_str:0000000000037e34 .LASF7360
     /tmp/ccvncDcb.s:110419  .debug_str:000000000003c9db .LASF7361
     /tmp/ccvncDcb.s:111855  .debug_str:0000000000042847 .LASF7362
     /tmp/ccvncDcb.s:102415  .debug_str:000000000001c980 .LASF7363
     /tmp/ccvncDcb.s:110421  .debug_str:000000000003c9e1 .LASF7364
     /tmp/ccvncDcb.s:105181  .debug_str:0000000000027d37 .LASF7365
     /tmp/ccvncDcb.s:102419  .debug_str:000000000001c9ad .LASF7366
     /tmp/ccvncDcb.s:110423  .debug_str:000000000003c9e7 .LASF7367
     /tmp/ccvncDcb.s:98405  .debug_str:000000000000d1f3 .LASF7368
     /tmp/ccvncDcb.s:102399  .debug_str:000000000001c859 .LASF7369
     /tmp/ccvncDcb.s:110425  .debug_str:000000000003c9ed .LASF7370
     /tmp/ccvncDcb.s:112901  .debug_str:0000000000047068 .LASF7371
     /tmp/ccvncDcb.s:95881  .debug_str:00000000000028c2 .LASF7372
     /tmp/ccvncDcb.s:110427  .debug_str:000000000003c9f3 .LASF7373
     /tmp/ccvncDcb.s:106281  .debug_str:000000000002c337 .LASF7374
     /tmp/ccvncDcb.s:95883  .debug_str:00000000000028cf .LASF7375
     /tmp/ccvncDcb.s:110429  .debug_str:000000000003c9f9 .LASF7376
     /tmp/ccvncDcb.s:114447  .debug_str:000000000004d376 .LASF7377
     /tmp/ccvncDcb.s:112223  .debug_str:0000000000043eeb .LASF7378
     /tmp/ccvncDcb.s:110499  .debug_str:000000000003ce9f .LASF7379
     /tmp/ccvncDcb.s:112935  .debug_str:0000000000047225 .LASF7380
     /tmp/ccvncDcb.s:116103  .debug_str:0000000000054374 .LASF7381
     /tmp/ccvncDcb.s:110501  .debug_str:000000000003cea5 .LASF7382
     /tmp/ccvncDcb.s:106307  .debug_str:000000000002c50a .LASF7383
     /tmp/ccvncDcb.s:111995  .debug_str:00000000000430c5 .LASF7384
     /tmp/ccvncDcb.s:110503  .debug_str:000000000003ceab .LASF7385
     /tmp/ccvncDcb.s:99519  .debug_str:0000000000011360 .LASF7386
     /tmp/ccvncDcb.s:96749  .debug_str:0000000000006191 .LASF7387
     /tmp/ccvncDcb.s:110505  .debug_str:000000000003ceb1 .LASF7388
     /tmp/ccvncDcb.s:113995  .debug_str:000000000004b5f9 .LASF7389
     /tmp/ccvncDcb.s:106473  .debug_str:000000000002cfae .LASF7390
     /tmp/ccvncDcb.s:110507  .debug_str:000000000003ceb7 .LASF7391
     /tmp/ccvncDcb.s:107387  .debug_str:000000000003082c .LASF7392
     /tmp/ccvncDcb.s:110377  .debug_str:000000000003c7bf .LASF7393
     /tmp/ccvncDcb.s:110509  .debug_str:000000000003cebd .LASF7394
     /tmp/ccvncDcb.s:100621  .debug_str:00000000000156a1 .LASF7395
     /tmp/ccvncDcb.s:105589  .debug_str:00000000000295f9 .LASF7396
     /tmp/ccvncDcb.s:110511  .debug_str:000000000003cec3 .LASF7397
     /tmp/ccvncDcb.s:115005  .debug_str:000000000004f847 .LASF7398
     /tmp/ccvncDcb.s:101385  .debug_str:00000000000185d5 .LASF7399
     /tmp/ccvncDcb.s:110513  .debug_str:000000000003cec9 .LASF7400
     /tmp/ccvncDcb.s:108429  .debug_str:00000000000348ef .LASF7401
     /tmp/ccvncDcb.s:101389  .debug_str:00000000000185f6 .LASF7402
     /tmp/ccvncDcb.s:110515  .debug_str:000000000003cecf .LASF7403
     /tmp/ccvncDcb.s:101651  .debug_str:000000000001988a .LASF7404
     /tmp/ccvncDcb.s:114101  .debug_str:000000000004bcfd .LASF7405
     /tmp/ccvncDcb.s:110517  .debug_str:000000000003ced5 .LASF7406
     /tmp/ccvncDcb.s:116083  .debug_str:000000000005427c .LASF7407
     /tmp/ccvncDcb.s:105971  .debug_str:000000000002af49 .LASF7408
     /tmp/ccvncDcb.s:110587  .debug_str:000000000003d3aa .LASF7409
     /tmp/ccvncDcb.s:108451  .debug_str:0000000000034a2a .LASF7410
     /tmp/ccvncDcb.s:109299  .debug_str:0000000000038390 .LASF7411
     /tmp/ccvncDcb.s:110589  .debug_str:000000000003d3b0 .LASF7412
     /tmp/ccvncDcb.s:101673  .debug_str:00000000000199f4 .LASF7413
     /tmp/ccvncDcb.s:108519  .debug_str:0000000000034ecb .LASF7414
     /tmp/ccvncDcb.s:107839  .debug_str:0000000000032487 .LASF7415
     /tmp/ccvncDcb.s:102139  .debug_str:000000000001b797 .LASF7416
     /tmp/ccvncDcb.s:101675  .debug_str:0000000000019a14 .LASF7417
     /tmp/ccvncDcb.s:110593  .debug_str:000000000003d3d3 .LASF7418
     /tmp/ccvncDcb.s:109499  .debug_str:0000000000039207 .LASF7419
     /tmp/ccvncDcb.s:96135  .debug_str:0000000000003903 .LASF7420
     /tmp/ccvncDcb.s:107845  .debug_str:00000000000324e0 .LASF7421
     /tmp/ccvncDcb.s:102779  .debug_str:000000000001df9f .LASF7422
     /tmp/ccvncDcb.s:102315  .debug_str:000000000001c383 .LASF7423
     /tmp/ccvncDcb.s:110597  .debug_str:000000000003d3f7 .LASF7424
     /tmp/ccvncDcb.s:96089  .debug_str:00000000000036d8 .LASF7425
     /tmp/ccvncDcb.s:100413  .debug_str:00000000000149e2 .LASF7426
     /tmp/ccvncDcb.s:110599  .debug_str:000000000003d3fd .LASF7427
     /tmp/ccvncDcb.s:108663  .debug_str:00000000000358ed .LASF7428
     /tmp/ccvncDcb.s:111559  .debug_str:00000000000413fe .LASF7429
     /tmp/ccvncDcb.s:110601  .debug_str:000000000003d403 .LASF7430
     /tmp/ccvncDcb.s:103867  .debug_str:0000000000022b49 .LASF7431
     /tmp/ccvncDcb.s:96043  .debug_str:00000000000033f6 .LASF7432
     /tmp/ccvncDcb.s:110603  .debug_str:000000000003d409 .LASF7433
     /tmp/ccvncDcb.s:97109  .debug_str:0000000000007a87 .LASF7434
     /tmp/ccvncDcb.s:104795  .debug_str:00000000000268c3 .LASF7435
     /tmp/ccvncDcb.s:110605  .debug_str:000000000003d40f .LASF7436
     /tmp/ccvncDcb.s:111593  .debug_str:0000000000041652 .LASF7437
     /tmp/ccvncDcb.s:110271  .debug_str:000000000003c205 .LASF7438
     /tmp/ccvncDcb.s:99011  .debug_str:000000000000f6df .LASF7439
     /tmp/ccvncDcb.s:97071  .debug_str:0000000000007809 .LASF7440
     /tmp/ccvncDcb.s:110275  .debug_str:000000000003c24c .LASF7441
     /tmp/ccvncDcb.s:100391  .debug_str:0000000000014886 .LASF7442
     /tmp/ccvncDcb.s:111555  .debug_str:00000000000413af .LASF7443
     /tmp/ccvncDcb.s:102147  .debug_str:000000000001b844 .LASF7444
     /tmp/ccvncDcb.s:100395  .debug_str:00000000000148ac .LASF7445
     /tmp/ccvncDcb.s:114191  .debug_str:000000000004c297 .LASF7446
     /tmp/ccvncDcb.s:105221  .debug_str:000000000002805a .LASF7447
     /tmp/ccvncDcb.s:99017  .debug_str:000000000000f734 .LASF7448
     /tmp/ccvncDcb.s:98081  .debug_str:000000000000bb0e .LASF7449
     /tmp/ccvncDcb.s:105223  .debug_str:0000000000028069 .LASF7450
     /tmp/ccvncDcb.s:99019  .debug_str:000000000000f73b .LASF7451
     /tmp/ccvncDcb.s:112557  .debug_str:0000000000045710 .LASF7452
     /tmp/ccvncDcb.s:104153  .debug_str:0000000000023e73 .LASF7453
     /tmp/ccvncDcb.s:99021  .debug_str:000000000000f742 .LASF7454
     /tmp/ccvncDcb.s:105923  .debug_str:000000000002ab91 .LASF7455
     /tmp/ccvncDcb.s:101725  .debug_str:0000000000019d51 .LASF7456
     /tmp/ccvncDcb.s:99023  .debug_str:000000000000f749 .LASF7457
     /tmp/ccvncDcb.s:99133  .debug_str:000000000000fc2a .LASF7458
     /tmp/ccvncDcb.s:98235  .debug_str:000000000000c6ab .LASF7459
     /tmp/ccvncDcb.s:99025  .debug_str:000000000000f750 .LASF7460
     /tmp/ccvncDcb.s:113661  .debug_str:000000000004a12b .LASF7461
     /tmp/ccvncDcb.s:105465  .debug_str:0000000000028e7a .LASF7462
     /tmp/ccvncDcb.s:99027  .debug_str:000000000000f757 .LASF7463
     /tmp/ccvncDcb.s:107011  .debug_str:000000000002f0ac .LASF7464
     /tmp/ccvncDcb.s:105469  .debug_str:0000000000028e9d .LASF7465
     /tmp/ccvncDcb.s:99029  .debug_str:000000000000f75e .LASF7466
     /tmp/ccvncDcb.s:100269  .debug_str:0000000000014072 .LASF7467
     /tmp/ccvncDcb.s:112981  .debug_str:0000000000047527 .LASF7468
     /tmp/ccvncDcb.s:99095  .debug_str:000000000000fb09 .LASF7469
     /tmp/ccvncDcb.s:113687  .debug_str:000000000004a2cb .LASF7470
     /tmp/ccvncDcb.s:100433  .debug_str:0000000000014b0c .LASF7471
     /tmp/ccvncDcb.s:99097  .debug_str:000000000000fb10 .LASF7472
     /tmp/ccvncDcb.s:107035  .debug_str:000000000002f1fc .LASF7473
     /tmp/ccvncDcb.s:100435  .debug_str:0000000000014b1d .LASF7474
     /tmp/ccvncDcb.s:99099  .debug_str:000000000000fb17 .LASF7475
     /tmp/ccvncDcb.s:100287  .debug_str:0000000000014196 .LASF7476
     /tmp/ccvncDcb.s:96409  .debug_str:0000000000004c2f .LASF7477
     /tmp/ccvncDcb.s:99101  .debug_str:000000000000fb1e .LASF7478
     /tmp/ccvncDcb.s:114685  .debug_str:000000000004e38f .LASF7479
     /tmp/ccvncDcb.s:105317  .debug_str:000000000002851d .LASF7480
     /tmp/ccvncDcb.s:99103  .debug_str:000000000000fb25 .LASF7481
     /tmp/ccvncDcb.s:108097  .debug_str:00000000000334b1 .LASF7482
     /tmp/ccvncDcb.s:108319  .debug_str:0000000000034180 .LASF7483
     /tmp/ccvncDcb.s:99105  .debug_str:000000000000fb2c .LASF7484
     /tmp/ccvncDcb.s:101317  .debug_str:000000000001819e .LASF7485
     /tmp/ccvncDcb.s:97809  .debug_str:000000000000a88a .LASF7486
     /tmp/ccvncDcb.s:99107  .debug_str:000000000000fb33 .LASF7487
     /tmp/ccvncDcb.s:115751  .debug_str:0000000000052d07 .LASF7488
     /tmp/ccvncDcb.s:95377  .debug_str:0000000000000664 .LASF7489
     /tmp/ccvncDcb.s:99109  .debug_str:000000000000fb3a .LASF7490
     /tmp/ccvncDcb.s:109163  .debug_str:000000000003794e .LASF7491
     /tmp/ccvncDcb.s:97291  .debug_str:000000000000867c .LASF7492
     /tmp/ccvncDcb.s:99111  .debug_str:000000000000fb41 .LASF7493
     /tmp/ccvncDcb.s:102391  .debug_str:000000000001c7e6 .LASF7494
     /tmp/ccvncDcb.s:108365  .debug_str:00000000000344f7 .LASF7495
     /tmp/ccvncDcb.s:99113  .debug_str:000000000000fb48 .LASF7496
     /tmp/ccvncDcb.s:95723  .debug_str:0000000000001e7c .LASF7497
     /tmp/ccvncDcb.s:105297  .debug_str:00000000000283eb .LASF7498
     /tmp/ccvncDcb.s:99199  .debug_str:0000000000010087 .LASF7499
     /tmp/ccvncDcb.s:109185  .debug_str:0000000000037b8f .LASF7500
     /tmp/ccvncDcb.s:108471  .debug_str:0000000000034b6a .LASF7501
     /tmp/ccvncDcb.s:99201  .debug_str:000000000001008e .LASF7502
     /tmp/ccvncDcb.s:102417  .debug_str:000000000001c98c .LASF7503
     /tmp/ccvncDcb.s:100749  .debug_str:0000000000015d95 .LASF7504
     /tmp/ccvncDcb.s:99203  .debug_str:0000000000010095 .LASF7505
     /tmp/ccvncDcb.s:95745  .debug_str:0000000000002023 .LASF7506
     /tmp/ccvncDcb.s:103435  .debug_str:0000000000020cae .LASF7507
     /tmp/ccvncDcb.s:99205  .debug_str:000000000001009c .LASF7508
     /tmp/ccvncDcb.s:114751  .debug_str:000000000004e83f .LASF7509
     /tmp/ccvncDcb.s:103437  .debug_str:0000000000020cbd .LASF7510
     /tmp/ccvncDcb.s:99207  .debug_str:00000000000100a3 .LASF7511
     /tmp/ccvncDcb.s:103511  .debug_str:000000000002128b .LASF7512
     /tmp/ccvncDcb.s:96335  .debug_str:00000000000047e4 .LASF7513
     /tmp/ccvncDcb.s:99209  .debug_str:00000000000100aa .LASF7514
     /tmp/ccvncDcb.s:96781  .debug_str:000000000000636d .LASF7515
     /tmp/ccvncDcb.s:112959  .debug_str:00000000000473ca .LASF7516
     /tmp/ccvncDcb.s:99211  .debug_str:00000000000100b1 .LASF7517
     /tmp/ccvncDcb.s:111273  .debug_str:00000000000400ee .LASF7518
     /tmp/ccvncDcb.s:95757  .debug_str:000000000000210b .LASF7519
     /tmp/ccvncDcb.s:99213  .debug_str:00000000000100b8 .LASF7520
     /tmp/ccvncDcb.s:95659  .debug_str:0000000000001926 .LASF7521
     /tmp/ccvncDcb.s:116193  .debug_str:0000000000054a1e .LASF7522
     /tmp/ccvncDcb.s:99215  .debug_str:00000000000100bf .LASF7523
     /tmp/ccvncDcb.s:113247  .debug_str:00000000000486d2 .LASF7524
     /tmp/ccvncDcb.s:111861  .debug_str:00000000000428b7 .LASF7525
     /tmp/ccvncDcb.s:99217  .debug_str:00000000000100c6 .LASF7526
     /tmp/ccvncDcb.s:112279  .debug_str:0000000000044229 .LASF7527
     /tmp/ccvncDcb.s:103041  .debug_str:000000000001f11d .LASF7528
     /tmp/ccvncDcb.s:100903  .debug_str:00000000000166e4 .LASF7529
     /tmp/ccvncDcb.s:112079  .debug_str:0000000000043632 .LASF7530
     /tmp/ccvncDcb.s:103235  .debug_str:000000000001ff0a .LASF7531
     /tmp/ccvncDcb.s:99285  .debug_str:00000000000105c3 .LASF7532
     /tmp/ccvncDcb.s:97777  .debug_str:000000000000a6c5 .LASF7533
     /tmp/ccvncDcb.s:112649  .debug_str:0000000000045d45 .LASF7534
     /tmp/ccvncDcb.s:99287  .debug_str:00000000000105ca .LASF7535
     /tmp/ccvncDcb.s:112309  .debug_str:000000000004443e .LASF7536
     /tmp/ccvncDcb.s:100449  .debug_str:0000000000014bfc .LASF7537
     /tmp/ccvncDcb.s:99289  .debug_str:00000000000105d1 .LASF7538
     /tmp/ccvncDcb.s:105669  .debug_str:0000000000029ad0 .LASF7539
     /tmp/ccvncDcb.s:109275  .debug_str:000000000003815d .LASF7540
     /tmp/ccvncDcb.s:99291  .debug_str:00000000000105d8 .LASF7541
     /tmp/ccvncDcb.s:98835  .debug_str:000000000000ed1e .LASF7542
     /tmp/ccvncDcb.s:97001  .debug_str:0000000000007260 .LASF7543
     /tmp/ccvncDcb.s:99293  .debug_str:00000000000105df .LASF7544
     /tmp/ccvncDcb.s:113367  .debug_str:0000000000048e3f .LASF7545
     /tmp/ccvncDcb.s:100885  .debug_str:00000000000165af .LASF7546
     /tmp/ccvncDcb.s:99295  .debug_str:00000000000105e6 .LASF7547
     /tmp/ccvncDcb.s:106741  .debug_str:000000000002e0cb .LASF7548
     /tmp/ccvncDcb.s:109867  .debug_str:000000000003a99d .LASF7549
     /tmp/ccvncDcb.s:99297  .debug_str:00000000000105ed .LASF7550
     /tmp/ccvncDcb.s:105859  .debug_str:000000000002a772 .LASF7551
     /tmp/ccvncDcb.s:110279  .debug_str:000000000003c284 .LASF7552
     /tmp/ccvncDcb.s:99299  .debug_str:00000000000105f4 .LASF7553
     /tmp/ccvncDcb.s:114417  .debug_str:000000000004d1a8 .LASF7554
     /tmp/ccvncDcb.s:107899  .debug_str:00000000000327e2 .LASF7555
     /tmp/ccvncDcb.s:100931  .debug_str:0000000000016876 .LASF7556
     /tmp/ccvncDcb.s:110819  .debug_str:000000000003e289 .LASF7557
     /tmp/ccvncDcb.s:103909  .debug_str:0000000000022dcf .LASF7558
     /tmp/ccvncDcb.s:99383  .debug_str:0000000000010c49 .LASF7559
     /tmp/ccvncDcb.s:108993  .debug_str:0000000000036e31 .LASF7560
     /tmp/ccvncDcb.s:100633  .debug_str:0000000000015722 .LASF7561
     /tmp/ccvncDcb.s:101073  .debug_str:0000000000017254 .LASF7562
     /tmp/ccvncDcb.s:114439  .debug_str:000000000004d2e2 .LASF7563
     /tmp/ccvncDcb.s:96747  .debug_str:0000000000006186 .LASF7564
     /tmp/ccvncDcb.s:99387  .debug_str:0000000000010c60 .LASF7565
     /tmp/ccvncDcb.s:107847  .debug_str:00000000000324e6 .LASF7566
     /tmp/ccvncDcb.s:101147  .debug_str:000000000001768a .LASF7567
     /tmp/ccvncDcb.s:99389  .debug_str:0000000000010c67 .LASF7568
     /tmp/ccvncDcb.s:101055  .debug_str:000000000001714e .LASF7569
     /tmp/ccvncDcb.s:101121  .debug_str:0000000000017526 .LASF7570
     /tmp/ccvncDcb.s:99391  .debug_str:0000000000010c6e .LASF7571
     /tmp/ccvncDcb.s:115155  .debug_str:0000000000050355 .LASF7572
     /tmp/ccvncDcb.s:99997  .debug_str:0000000000012f4e .LASF7573
     /tmp/ccvncDcb.s:99393  .debug_str:0000000000010c75 .LASF7574
     /tmp/ccvncDcb.s:101103  .debug_str:00000000000173af .LASF7575
     /tmp/ccvncDcb.s:102897  .debug_str:000000000001e7a0 .LASF7576
     /tmp/ccvncDcb.s:101087  .debug_str:0000000000017337 .LASF7577
     /tmp/ccvncDcb.s:113893  .debug_str:000000000004af25 .LASF7578
     /tmp/ccvncDcb.s:107109  .debug_str:000000000002f6fe .LASF7579
     /tmp/ccvncDcb.s:101089  .debug_str:000000000001733e .LASF7580
     /tmp/ccvncDcb.s:95471  .debug_str:0000000000000c50 .LASF7581
     /tmp/ccvncDcb.s:109073  .debug_str:0000000000037367 .LASF7582
     /tmp/ccvncDcb.s:101091  .debug_str:0000000000017345 .LASF7583
     /tmp/ccvncDcb.s:109919  .debug_str:000000000003ad0e .LASF7584
     /tmp/ccvncDcb.s:96739  .debug_str:0000000000006119 .LASF7585
     /tmp/ccvncDcb.s:101093  .debug_str:000000000001734c .LASF7586
     /tmp/ccvncDcb.s:103193  .debug_str:000000000001fc4d .LASF7587
     /tmp/ccvncDcb.s:112573  .debug_str:0000000000045828 .LASF7588
     /tmp/ccvncDcb.s:99477  .debug_str:0000000000011186 .LASF7589
     /tmp/ccvncDcb.s:95491  .debug_str:0000000000000d52 .LASF7590
     /tmp/ccvncDcb.s:102009  .debug_str:000000000001af15 .LASF7591
     /tmp/ccvncDcb.s:99479  .debug_str:000000000001118d .LASF7592
     /tmp/ccvncDcb.s:112645  .debug_str:0000000000045cfa .LASF7593
     /tmp/ccvncDcb.s:114043  .debug_str:000000000004b8f6 .LASF7594
     /tmp/ccvncDcb.s:99481  .debug_str:0000000000011194 .LASF7595
     /tmp/ccvncDcb.s:103215  .debug_str:000000000001fdc3 .LASF7596
     /tmp/ccvncDcb.s:97947  .debug_str:000000000000b223 .LASF7597
     /tmp/ccvncDcb.s:99483  .debug_str:000000000001119b .LASF7598
     /tmp/ccvncDcb.s:114083  .debug_str:000000000004bba7 .LASF7599
     /tmp/ccvncDcb.s:107413  .debug_str:00000000000309d4 .LASF7600
     /tmp/ccvncDcb.s:99485  .debug_str:00000000000111a2 .LASF7601
     /tmp/ccvncDcb.s:111041  .debug_str:000000000003f1b3 .LASF7602
     /tmp/ccvncDcb.s:99931  .debug_str:0000000000012ac5 .LASF7603
     /tmp/ccvncDcb.s:99487  .debug_str:00000000000111a9 .LASF7604
     /tmp/ccvncDcb.s:104303  .debug_str:0000000000024781 .LASF7605
     /tmp/ccvncDcb.s:115017  .debug_str:000000000004f91d .LASF7606
     /tmp/ccvncDcb.s:99489  .debug_str:00000000000111b0 .LASF7607
     /tmp/ccvncDcb.s:97531  .debug_str:00000000000095bf .LASF7608
     /tmp/ccvncDcb.s:102213  .debug_str:000000000001bca2 .LASF7609
     /tmp/ccvncDcb.s:99491  .debug_str:00000000000111b7 .LASF7610
     /tmp/ccvncDcb.s:112017  .debug_str:0000000000043281 .LASF7611
     /tmp/ccvncDcb.s:115899  .debug_str:000000000005372d .LASF7612
     /tmp/ccvncDcb.s:99493  .debug_str:00000000000111be .LASF7613
     /tmp/ccvncDcb.s:105359  .debug_str:0000000000028768 .LASF7614
     /tmp/ccvncDcb.s:95775  .debug_str:000000000000220f .LASF7615
     /tmp/ccvncDcb.s:99495  .debug_str:00000000000111c5 .LASF7616
     /tmp/ccvncDcb.s:98559  .debug_str:000000000000dc7a .LASF7617
     /tmp/ccvncDcb.s:97225  .debug_str:000000000000822a .LASF7618
     /tmp/ccvncDcb.s:99553  .debug_str:0000000000011589 .LASF7619
     /tmp/ccvncDcb.s:112215  .debug_str:0000000000043e89 .LASF7620
     /tmp/ccvncDcb.s:106995  .debug_str:000000000002efd2 .LASF7621
     /tmp/ccvncDcb.s:99555  .debug_str:0000000000011590 .LASF7622
     /tmp/ccvncDcb.s:105565  .debug_str:000000000002946c .LASF7623
     /tmp/ccvncDcb.s:111023  .debug_str:000000000003f0dd .LASF7624
     /tmp/ccvncDcb.s:99557  .debug_str:0000000000011597 .LASF7625
     /tmp/ccvncDcb.s:98745  .debug_str:000000000000e891 .LASF7626
     /tmp/ccvncDcb.s:112161  .debug_str:0000000000043b52 .LASF7627
     /tmp/ccvncDcb.s:103275  .debug_str:000000000002028a .LASF7628
     /tmp/ccvncDcb.s:113281  .debug_str:00000000000488b8 .LASF7629
     /tmp/ccvncDcb.s:111903  .debug_str:0000000000042bda .LASF7630
     /tmp/ccvncDcb.s:99561  .debug_str:00000000000115bf .LASF7631
     /tmp/ccvncDcb.s:106659  .debug_str:000000000002dae2 .LASF7632
     /tmp/ccvncDcb.s:101241  .debug_str:0000000000017cb8 .LASF7633
     /tmp/ccvncDcb.s:99563  .debug_str:00000000000115c6 .LASF7634
     /tmp/ccvncDcb.s:95533  .debug_str:0000000000001028 .LASF7635
     /tmp/ccvncDcb.s:110907  .debug_str:000000000003e885 .LASF7636
     /tmp/ccvncDcb.s:99565  .debug_str:00000000000115cd .LASF7637
     /tmp/ccvncDcb.s:102383  .debug_str:000000000001c734 .LASF7638
     /tmp/ccvncDcb.s:108669  .debug_str:0000000000035992 .LASF7639
     /tmp/ccvncDcb.s:99567  .debug_str:00000000000115d4 .LASF7640
     /tmp/ccvncDcb.s:107735  .debug_str:0000000000031d83 .LASF7641
     /tmp/ccvncDcb.s:107727  .debug_str:0000000000031ceb .LASF7642
     /tmp/ccvncDcb.s:99569  .debug_str:00000000000115db .LASF7643
     /tmp/ccvncDcb.s:116135  .debug_str:00000000000545ba .LASF7644
     /tmp/ccvncDcb.s:102907  .debug_str:000000000001e839 .LASF7645
     /tmp/ccvncDcb.s:99571  .debug_str:00000000000115e2 .LASF7646
     /tmp/ccvncDcb.s:115353  .debug_str:0000000000051014 .LASF7647
     /tmp/ccvncDcb.s:95685  .debug_str:0000000000001bd2 .LASF7648
     /tmp/ccvncDcb.s:99649  .debug_str:0000000000011a6c .LASF7649
     /tmp/ccvncDcb.s:107757  .debug_str:0000000000031f57 .LASF7650
     /tmp/ccvncDcb.s:97813  .debug_str:000000000000a8b3 .LASF7651
     /tmp/ccvncDcb.s:101571  .debug_str:000000000001931d .LASF7652
     /tmp/ccvncDcb.s:100991  .debug_str:0000000000016c52 .LASF7653
     /tmp/ccvncDcb.s:97817  .debug_str:000000000000a8d5 .LASF7654
     /tmp/ccvncDcb.s:99653  .debug_str:0000000000011a94 .LASF7655
     /tmp/ccvncDcb.s:115385  .debug_str:0000000000051298 .LASF7656
     /tmp/ccvncDcb.s:110459  .debug_str:000000000003cbed .LASF7657
     /tmp/ccvncDcb.s:99655  .debug_str:0000000000011a9b .LASF7658
     /tmp/ccvncDcb.s:99651  .debug_str:0000000000011a73 .LASF7659
     /tmp/ccvncDcb.s:110433  .debug_str:000000000003ca22 .LASF7660
     /tmp/ccvncDcb.s:99657  .debug_str:0000000000011aa2 .LASF7661
     /tmp/ccvncDcb.s:106647  .debug_str:000000000002da0e .LASF7662
     /tmp/ccvncDcb.s:110437  .debug_str:000000000003ca6c .LASF7663
     /tmp/ccvncDcb.s:99659  .debug_str:0000000000011aa9 .LASF7664
     /tmp/ccvncDcb.s:95387  .debug_str:00000000000006f5 .LASF7665
     /tmp/ccvncDcb.s:110781  .debug_str:000000000003def6 .LASF7666
     /tmp/ccvncDcb.s:99661  .debug_str:0000000000011ab0 .LASF7667
     /tmp/ccvncDcb.s:109835  .debug_str:000000000003a7bd .LASF7668
     /tmp/ccvncDcb.s:105377  .debug_str:0000000000028858 .LASF7669
     /tmp/ccvncDcb.s:99663  .debug_str:0000000000011ab7 .LASF7670
     /tmp/ccvncDcb.s:103115  .debug_str:000000000001f6da .LASF7671
     /tmp/ccvncDcb.s:105381  .debug_str:00000000000288a7 .LASF7672
     /tmp/ccvncDcb.s:99665  .debug_str:0000000000011abe .LASF7673
     /tmp/ccvncDcb.s:96387  .debug_str:0000000000004ab3 .LASF7674
     /tmp/ccvncDcb.s:111883  .debug_str:0000000000042a2f .LASF7675
     /tmp/ccvncDcb.s:99667  .debug_str:0000000000011ac5 .LASF7676
     /tmp/ccvncDcb.s:110945  .debug_str:000000000003eaee .LASF7677
     /tmp/ccvncDcb.s:102669  .debug_str:000000000001d89b .LASF7678
     /tmp/ccvncDcb.s:99745  .debug_str:0000000000011fe3 .LASF7679
     /tmp/ccvncDcb.s:103129  .debug_str:000000000001f7cb .LASF7680
     /tmp/ccvncDcb.s:102673  .debug_str:000000000001d8c6 .LASF7681
     /tmp/ccvncDcb.s:101743  .debug_str:0000000000019e4a .LASF7682
     /tmp/ccvncDcb.s:96407  .debug_str:0000000000004c0e .LASF7683
     /tmp/ccvncDcb.s:110965  .debug_str:000000000003ec35 .LASF7684
     /tmp/ccvncDcb.s:99749  .debug_str:0000000000012004 .LASF7685
     /tmp/ccvncDcb.s:110883  .debug_str:000000000003e6bf .LASF7686
     /tmp/ccvncDcb.s:97595  .debug_str:0000000000009a7c .LASF7687
     /tmp/ccvncDcb.s:101751  .debug_str:0000000000019e7c .LASF7688
     /tmp/ccvncDcb.s:104211  .debug_str:0000000000024196 .LASF7689
     /tmp/ccvncDcb.s:97599  .debug_str:0000000000009aa7 .LASF7690
     /tmp/ccvncDcb.s:99753  .debug_str:000000000001201e .LASF7691
     /tmp/ccvncDcb.s:97457  .debug_str:0000000000009199 .LASF7692
     /tmp/ccvncDcb.s:101075  .debug_str:000000000001725b .LASF7693
     /tmp/ccvncDcb.s:99755  .debug_str:0000000000012025 .LASF7694
     /tmp/ccvncDcb.s:111921  .debug_str:0000000000042cbd .LASF7695
     /tmp/ccvncDcb.s:103699  .debug_str:0000000000021ff8 .LASF7696
     /tmp/ccvncDcb.s:101763  .debug_str:0000000000019ebe .LASF7697
     /tmp/ccvncDcb.s:105267  .debug_str:00000000000281a7 .LASF7698
     /tmp/ccvncDcb.s:96381  .debug_str:0000000000004a73 .LASF7699
     /tmp/ccvncDcb.s:99759  .debug_str:0000000000012048 .LASF7700
     /tmp/ccvncDcb.s:98475  .debug_str:000000000000d6c3 .LASF7701
     /tmp/ccvncDcb.s:107631  .debug_str:0000000000031668 .LASF7702
     /tmp/ccvncDcb.s:101767  .debug_str:0000000000019ed4 .LASF7703
     /tmp/ccvncDcb.s:112985  .debug_str:0000000000047562 .LASF7704
     /tmp/ccvncDcb.s:98581  .debug_str:000000000000de56 .LASF7705
     /tmp/ccvncDcb.s:99763  .debug_str:0000000000012079 .LASF7706
     /tmp/ccvncDcb.s:106353  .debug_str:000000000002c80e .LASF7707
     /tmp/ccvncDcb.s:98585  .debug_str:000000000000de99 .LASF7708
     /tmp/ccvncDcb.s:99843  .debug_str:00000000000125d0 .LASF7709
     /tmp/ccvncDcb.s:98507  .debug_str:000000000000d938 .LASF7710
     /tmp/ccvncDcb.s:102293  .debug_str:000000000001c220 .LASF7711
     /tmp/ccvncDcb.s:99845  .debug_str:00000000000125d7 .LASF7712
     /tmp/ccvncDcb.s:113007  .debug_str:0000000000047722 .LASF7713
     /tmp/ccvncDcb.s:114423  .debug_str:000000000004d1e8 .LASF7714
     /tmp/ccvncDcb.s:99847  .debug_str:00000000000125de .LASF7715
     /tmp/ccvncDcb.s:106375  .debug_str:000000000002c989 .LASF7716
     /tmp/ccvncDcb.s:100049  .debug_str:00000000000132fd .LASF7717
     /tmp/ccvncDcb.s:104087  .debug_str:0000000000023a4e .LASF7718
     /tmp/ccvncDcb.s:114489  .debug_str:000000000004d63d .LASF7719
     /tmp/ccvncDcb.s:101305  .debug_str:00000000000180fb .LASF7720
     /tmp/ccvncDcb.s:99851  .debug_str:000000000001260f .LASF7721
     /tmp/ccvncDcb.s:114061  .debug_str:000000000004b9ef .LASF7722
     /tmp/ccvncDcb.s:114217  .debug_str:000000000004c475 .LASF7723
     /tmp/ccvncDcb.s:99853  .debug_str:0000000000012616 .LASF7724
     /tmp/ccvncDcb.s:107461  .debug_str:0000000000030c25 .LASF7725
     /tmp/ccvncDcb.s:114221  .debug_str:000000000004c4b1 .LASF7726
     /tmp/ccvncDcb.s:99855  .debug_str:000000000001261d .LASF7727
     /tmp/ccvncDcb.s:100695  .debug_str:0000000000015a87 .LASF7728
     /tmp/ccvncDcb.s:112333  .debug_str:0000000000044584 .LASF7729
     /tmp/ccvncDcb.s:99857  .debug_str:0000000000012624 .LASF7730
     /tmp/ccvncDcb.s:99785  .debug_str:00000000000121c7 .LASF7731
     /tmp/ccvncDcb.s:106521  .debug_str:000000000002d285 .LASF7732
     /tmp/ccvncDcb.s:101941  .debug_str:000000000001a970 .LASF7733
     /tmp/ccvncDcb.s:108499  .debug_str:0000000000034d49 .LASF7734
     /tmp/ccvncDcb.s:110311  .debug_str:000000000003c457 .LASF7735
     /tmp/ccvncDcb.s:99861  .debug_str:0000000000012651 .LASF7736
     /tmp/ccvncDcb.s:101721  .debug_str:0000000000019d08 .LASF7737
     /tmp/ccvncDcb.s:110073  .debug_str:000000000003b66e .LASF7738
     /tmp/ccvncDcb.s:104851  .debug_str:0000000000026c18 .LASF7739
     /tmp/ccvncDcb.s:110325  .debug_str:000000000003c51d .LASF7740
     /tmp/ccvncDcb.s:110077  .debug_str:000000000003b6a5 .LASF7741
     /tmp/ccvncDcb.s:104853  .debug_str:0000000000026c1f .LASF7742
     /tmp/ccvncDcb.s:111233  .debug_str:000000000003fe90 .LASF7743
     /tmp/ccvncDcb.s:110359  .debug_str:000000000003c662 .LASF7744
     /tmp/ccvncDcb.s:104855  .debug_str:0000000000026c26 .LASF7745
     /tmp/ccvncDcb.s:96853  .debug_str:0000000000006818 .LASF7746
     /tmp/ccvncDcb.s:105007  .debug_str:0000000000027494 .LASF7747
     /tmp/ccvncDcb.s:104857  .debug_str:0000000000026c2d .LASF7748
     /tmp/ccvncDcb.s:111347  .debug_str:00000000000405b5 .LASF7749
     /tmp/ccvncDcb.s:105011  .debug_str:00000000000274b3 .LASF7750
     /tmp/ccvncDcb.s:104859  .debug_str:0000000000026c34 .LASF7751
     /tmp/ccvncDcb.s:104627  .debug_str:0000000000025d16 .LASF7752
     /tmp/ccvncDcb.s:101187  .debug_str:0000000000017922 .LASF7753
     /tmp/ccvncDcb.s:104861  .debug_str:0000000000026c3b .LASF7754
     /tmp/ccvncDcb.s:116151  .debug_str:0000000000054701 .LASF7755
     /tmp/ccvncDcb.s:103287  .debug_str:0000000000020321 .LASF7756
     /tmp/ccvncDcb.s:104863  .debug_str:0000000000026c42 .LASF7757
     /tmp/ccvncDcb.s:103407  .debug_str:0000000000020acd .LASF7758
     /tmp/ccvncDcb.s:110323  .debug_str:000000000003c50d .LASF7759
     /tmp/ccvncDcb.s:104865  .debug_str:0000000000026c49 .LASF7760
     /tmp/ccvncDcb.s:105711  .debug_str:0000000000029df8 .LASF7761
     /tmp/ccvncDcb.s:114331  .debug_str:000000000004cc23 .LASF7762
     /tmp/ccvncDcb.s:104867  .debug_str:0000000000026c50 .LASF7763
     /tmp/ccvncDcb.s:98889  .debug_str:000000000000f028 .LASF7764
     /tmp/ccvncDcb.s:111493  .debug_str:0000000000040f9a .LASF7765
     /tmp/ccvncDcb.s:104869  .debug_str:0000000000026c57 .LASF7766
     /tmp/ccvncDcb.s:113423  .debug_str:0000000000049273 .LASF7767
     /tmp/ccvncDcb.s:97329  .debug_str:00000000000088b9 .LASF7768
     /tmp/ccvncDcb.s:104931  .debug_str:00000000000270b0 .LASF7769
     /tmp/ccvncDcb.s:105735  .debug_str:0000000000029f6e .LASF7770
     /tmp/ccvncDcb.s:97331  .debug_str:00000000000088c8 .LASF7771
     /tmp/ccvncDcb.s:104933  .debug_str:00000000000270b7 .LASF7772
     /tmp/ccvncDcb.s:98919  .debug_str:000000000000f1e3 .LASF7773
     /tmp/ccvncDcb.s:97605  .debug_str:0000000000009af4 .LASF7774
     /tmp/ccvncDcb.s:104935  .debug_str:00000000000270be .LASF7775
     /tmp/ccvncDcb.s:113449  .debug_str:00000000000493c1 .LASF7776
     /tmp/ccvncDcb.s:113507  .debug_str:000000000004972c .LASF7777
     /tmp/ccvncDcb.s:104937  .debug_str:00000000000270c5 .LASF7778
     /tmp/ccvncDcb.s:106823  .debug_str:000000000002e572 .LASF7779
     /tmp/ccvncDcb.s:113511  .debug_str:0000000000049745 .LASF7780
     /tmp/ccvncDcb.s:104939  .debug_str:00000000000270cc .LASF7781
     /tmp/ccvncDcb.s:100063  .debug_str:000000000001340b .LASF7782
     /tmp/ccvncDcb.s:101951  .debug_str:000000000001aa62 .LASF7783
     /tmp/ccvncDcb.s:104941  .debug_str:00000000000270d3 .LASF7784
     /tmp/ccvncDcb.s:114487  .debug_str:000000000004d61c .LASF7785
     /tmp/ccvncDcb.s:97877  .debug_str:000000000000ad6e .LASF7786
     /tmp/ccvncDcb.s:104943  .debug_str:00000000000270da .LASF7787
     /tmp/ccvncDcb.s:107889  .debug_str:0000000000032756 .LASF7788
     /tmp/ccvncDcb.s:97881  .debug_str:000000000000ad82 .LASF7789
     /tmp/ccvncDcb.s:104945  .debug_str:00000000000270e1 .LASF7790
     /tmp/ccvncDcb.s:101107  .debug_str:0000000000017413 .LASF7791
     /tmp/ccvncDcb.s:111875  .debug_str:00000000000429b9 .LASF7792
     /tmp/ccvncDcb.s:104947  .debug_str:00000000000270e8 .LASF7793
     /tmp/ccvncDcb.s:115517  .debug_str:0000000000051bb0 .LASF7794
     /tmp/ccvncDcb.s:109901  .debug_str:000000000003abc0 .LASF7795
     /tmp/ccvncDcb.s:104949  .debug_str:00000000000270ef .LASF7796
     /tmp/ccvncDcb.s:108939  .debug_str:0000000000036b01 .LASF7797
     /tmp/ccvncDcb.s:104927  .debug_str:0000000000027070 .LASF7798
     /tmp/ccvncDcb.s:105035  .debug_str:0000000000027649 .LASF7799
     /tmp/ccvncDcb.s:97921  .debug_str:000000000000b037 .LASF7800
     /tmp/ccvncDcb.s:114055  .debug_str:000000000004b9d2 .LASF7801
     /tmp/ccvncDcb.s:105037  .debug_str:0000000000027650 .LASF7802
     /tmp/ccvncDcb.s:104847  .debug_str:0000000000026bcc .LASF7803
     /tmp/ccvncDcb.s:114057  .debug_str:000000000004b9dd .LASF7804
     /tmp/ccvncDcb.s:112323  .debug_str:0000000000044527 .LASF7805
     /tmp/ccvncDcb.s:111765  .debug_str:000000000004229b .LASF7806
     /tmp/ccvncDcb.s:114403  .debug_str:000000000004d0fe .LASF7807
     /tmp/ccvncDcb.s:105041  .debug_str:000000000002768c .LASF7808
     /tmp/ccvncDcb.s:102179  .debug_str:000000000001b9da .LASF7809
     /tmp/ccvncDcb.s:96741  .debug_str:0000000000006128 .LASF7810
     /tmp/ccvncDcb.s:105043  .debug_str:0000000000027693 .LASF7811
     /tmp/ccvncDcb.s:95543  .debug_str:00000000000010d5 .LASF7812
     /tmp/ccvncDcb.s:107591  .debug_str:00000000000313ba .LASF7813
     /tmp/ccvncDcb.s:105045  .debug_str:000000000002769a .LASF7814
     /tmp/ccvncDcb.s:109999  .debug_str:000000000003b15e .LASF7815
     /tmp/ccvncDcb.s:97401  .debug_str:0000000000008d89 .LASF7816
     /tmp/ccvncDcb.s:105047  .debug_str:00000000000276a1 .LASF7817
     /tmp/ccvncDcb.s:103265  .debug_str:0000000000020202 .LASF7818
     /tmp/ccvncDcb.s:108851  .debug_str:0000000000036615 .LASF7819
     /tmp/ccvncDcb.s:105049  .debug_str:00000000000276a8 .LASF7820
     /tmp/ccvncDcb.s:96543  .debug_str:00000000000054cc .LASF7821
     /tmp/ccvncDcb.s:113717  .debug_str:000000000004a49f .LASF7822
     /tmp/ccvncDcb.s:105051  .debug_str:00000000000276af .LASF7823
     /tmp/ccvncDcb.s:111073  .debug_str:000000000003f3aa .LASF7824
     /tmp/ccvncDcb.s:107505  .debug_str:0000000000030f1d .LASF7825
     /tmp/ccvncDcb.s:105053  .debug_str:00000000000276b6 .LASF7826
     /tmp/ccvncDcb.s:104345  .debug_str:0000000000024a47 .LASF7827
     /tmp/ccvncDcb.s:114847  .debug_str:000000000004edf1 .LASF7828
     /tmp/ccvncDcb.s:105139  .debug_str:0000000000027b81 .LASF7829
     /tmp/ccvncDcb.s:96567  .debug_str:0000000000005602 .LASF7830
     /tmp/ccvncDcb.s:114851  .debug_str:000000000004ee06 .LASF7831
     /tmp/ccvncDcb.s:105141  .debug_str:0000000000027b88 .LASF7832
     /tmp/ccvncDcb.s:111097  .debug_str:000000000003f51f .LASF7833
     /tmp/ccvncDcb.s:111243  .debug_str:000000000003ff33 .LASF7834
     /tmp/ccvncDcb.s:105143  .debug_str:0000000000027b8f .LASF7835
     /tmp/ccvncDcb.s:104359  .debug_str:0000000000024b62 .LASF7836
     /tmp/ccvncDcb.s:109939  .debug_str:000000000003aeb6 .LASF7837
     /tmp/ccvncDcb.s:105145  .debug_str:0000000000027b96 .LASF7838
     /tmp/ccvncDcb.s:97591  .debug_str:0000000000009a3c .LASF7839
     /tmp/ccvncDcb.s:96571  .debug_str:000000000000563c .LASF7840
     /tmp/ccvncDcb.s:105147  .debug_str:0000000000027b9d .LASF7841
     /tmp/ccvncDcb.s:112089  .debug_str:00000000000436aa .LASF7842
     /tmp/ccvncDcb.s:107065  .debug_str:000000000002f440 .LASF7843
     /tmp/ccvncDcb.s:105149  .debug_str:0000000000027ba4 .LASF7844
     /tmp/ccvncDcb.s:105425  .debug_str:0000000000028b50 .LASF7845
     /tmp/ccvncDcb.s:107067  .debug_str:000000000002f44c .LASF7846
     /tmp/ccvncDcb.s:105151  .debug_str:0000000000027bab .LASF7847
     /tmp/ccvncDcb.s:98625  .debug_str:000000000000e120 .LASF7848
     /tmp/ccvncDcb.s:107069  .debug_str:000000000002f458 .LASF7849
     /tmp/ccvncDcb.s:105153  .debug_str:0000000000027bb2 .LASF7850
     /tmp/ccvncDcb.s:113163  .debug_str:0000000000048188 .LASF7851
     /tmp/ccvncDcb.s:101345  .debug_str:0000000000018370 .LASF7852
     /tmp/ccvncDcb.s:105155  .debug_str:0000000000027bb9 .LASF7853
     /tmp/ccvncDcb.s:106527  .debug_str:000000000002d2ce .LASF7854
     /tmp/ccvncDcb.s:97129  .debug_str:0000000000007baf .LASF7855
     /tmp/ccvncDcb.s:105157  .debug_str:0000000000027bc0 .LASF7856
     /tmp/ccvncDcb.s:99733  .debug_str:0000000000011f04 .LASF7857
     /tmp/ccvncDcb.s:101349  .debug_str:000000000001838b .LASF7858
     /tmp/ccvncDcb.s:105237  .debug_str:0000000000028107 .LASF7859
     /tmp/ccvncDcb.s:113191  .debug_str:0000000000048371 .LASF7860
     /tmp/ccvncDcb.s:105629  .debug_str:00000000000297c0 .LASF7861
     /tmp/ccvncDcb.s:105239  .debug_str:000000000002810e .LASF7862
     /tmp/ccvncDcb.s:106555  .debug_str:000000000002d47a .LASF7863
     /tmp/ccvncDcb.s:109211  .debug_str:0000000000037d3d .LASF7864
     /tmp/ccvncDcb.s:105241  .debug_str:0000000000028115 .LASF7865
     /tmp/ccvncDcb.s:99767  .debug_str:0000000000012090 .LASF7866
     /tmp/ccvncDcb.s:98803  .debug_str:000000000000eb1e .LASF7867
     /tmp/ccvncDcb.s:105243  .debug_str:000000000002811c .LASF7868
     /tmp/ccvncDcb.s:114213  .debug_str:000000000004c43e .LASF7869
     /tmp/ccvncDcb.s:98805  .debug_str:000000000000eb2a .LASF7870
     /tmp/ccvncDcb.s:105245  .debug_str:0000000000028123 .LASF7871
     /tmp/ccvncDcb.s:98035  .debug_str:000000000000b814 .LASF7872
     /tmp/ccvncDcb.s:98807  .debug_str:000000000000eb36 .LASF7873
     /tmp/ccvncDcb.s:105247  .debug_str:000000000002812a .LASF7874
     /tmp/ccvncDcb.s:109195  .debug_str:0000000000037c49 .LASF7875
     /tmp/ccvncDcb.s:116059  .debug_str:0000000000054154 .LASF7876
     /tmp/ccvncDcb.s:105249  .debug_str:0000000000028131 .LASF7877
     /tmp/ccvncDcb.s:115245  .debug_str:00000000000508fb .LASF7878
     /tmp/ccvncDcb.s:116061  .debug_str:000000000005415e .LASF7879
     /tmp/ccvncDcb.s:105251  .debug_str:0000000000028138 .LASF7880
     /tmp/ccvncDcb.s:97583  .debug_str:00000000000099a2 .LASF7881
     /tmp/ccvncDcb.s:116063  .debug_str:0000000000054168 .LASF7882
     /tmp/ccvncDcb.s:105253  .debug_str:000000000002813f .LASF7883
     /tmp/ccvncDcb.s:101883  .debug_str:000000000001a5a5 .LASF7884
     /tmp/ccvncDcb.s:116065  .debug_str:0000000000054172 .LASF7885
     /tmp/ccvncDcb.s:105255  .debug_str:0000000000028146 .LASF7886
     /tmp/ccvncDcb.s:116293  .debug_str:00000000000550b8 .LASF7887
     /tmp/ccvncDcb.s:100201  .debug_str:0000000000013bd2 .LASF7888
     /tmp/ccvncDcb.s:105335  .debug_str:000000000002860f .LASF7889
     /tmp/ccvncDcb.s:110737  .debug_str:000000000003dc68 .LASF7890
     /tmp/ccvncDcb.s:108957  .debug_str:0000000000036c24 .LASF7891
     /tmp/ccvncDcb.s:99077  .debug_str:000000000000fa73 .LASF7892
     /tmp/ccvncDcb.s:107953  .debug_str:0000000000032b76 .LASF7893
     /tmp/ccvncDcb.s:108959  .debug_str:0000000000036c30 .LASF7894
     /tmp/ccvncDcb.s:99081  .debug_str:000000000000fa8f .LASF7895
     /tmp/ccvncDcb.s:101179  .debug_str:000000000001787f .LASF7896
     /tmp/ccvncDcb.s:114861  .debug_str:000000000004ee74 .LASF7897
     /tmp/ccvncDcb.s:100581  .debug_str:0000000000015433 .LASF7898
     /tmp/ccvncDcb.s:96533  .debug_str:0000000000005455 .LASF7899
     /tmp/ccvncDcb.s:112183  .debug_str:0000000000043c81 .LASF7900
     /tmp/ccvncDcb.s:101363  .debug_str:0000000000018418 .LASF7901
     /tmp/ccvncDcb.s:104563  .debug_str:0000000000025967 .LASF7902
     /tmp/ccvncDcb.s:111261  .debug_str:0000000000040064 .LASF7903
     /tmp/ccvncDcb.s:110677  .debug_str:000000000003d856 .LASF7904
     /tmp/ccvncDcb.s:108101  .debug_str:00000000000334f0 .LASF7905
     /tmp/ccvncDcb.s:99059  .debug_str:000000000000f954 .LASF7906
     /tmp/ccvncDcb.s:113189  .debug_str:000000000004834b .LASF7907
     /tmp/ccvncDcb.s:112335  .debug_str:0000000000044596 .LASF7908
     /tmp/ccvncDcb.s:99013  .debug_str:000000000000f6e6 .LASF7909
     /tmp/ccvncDcb.s:103365  .debug_str:0000000000020838 .LASF7910
     /tmp/ccvncDcb.s:112201  .debug_str:0000000000043dc1 .LASF7911
     /tmp/ccvncDcb.s:97241  .debug_str:0000000000008324 .LASF7912
     /tmp/ccvncDcb.s:100135  .debug_str:0000000000013819 .LASF7913
     /tmp/ccvncDcb.s:112331  .debug_str:0000000000044578 .LASF7914
     /tmp/ccvncDcb.s:109335  .debug_str:000000000003862b .LASF7915
     /tmp/ccvncDcb.s:111037  .debug_str:000000000003f195 .LASF7916
     /tmp/ccvncDcb.s:113447  .debug_str:00000000000493b3 .LASF7917
     /tmp/ccvncDcb.s:105543  .debug_str:0000000000029345 .LASF7918
     /tmp/ccvncDcb.s:102879  .debug_str:000000000001e66f .LASF7919
     /tmp/ccvncDcb.s:106611  .debug_str:000000000002d895 .LASF7920
     /tmp/ccvncDcb.s:108607  .debug_str:00000000000354e0 .LASF7921
     /tmp/ccvncDcb.s:110931  .debug_str:000000000003ea39 .LASF7922
     /tmp/ccvncDcb.s:98995  .debug_str:000000000000f5b0 .LASF7923
     /tmp/ccvncDcb.s:114341  .debug_str:000000000004ccbf .LASF7924
     /tmp/ccvncDcb.s:113607  .debug_str:0000000000049dc0 .LASF7925
     /tmp/ccvncDcb.s:103767  .debug_str:00000000000224c5 .LASF7926
     /tmp/ccvncDcb.s:102099  .debug_str:000000000001b504 .LASF7927
     /tmp/ccvncDcb.s:96439  .debug_str:0000000000004e4d .LASF7928
     /tmp/ccvncDcb.s:98513  .debug_str:000000000000d98a .LASF7929
     /tmp/ccvncDcb.s:103965  .debug_str:00000000000231ce .LASF7930
     /tmp/ccvncDcb.s:113079  .debug_str:0000000000047c23 .LASF7931
     /tmp/ccvncDcb.s:96253  .debug_str:000000000000414f .LASF7932
     /tmp/ccvncDcb.s:109539  .debug_str:0000000000039471 .LASF7933
     /tmp/ccvncDcb.s:102397  .debug_str:000000000001c84e .LASF7934
     /tmp/ccvncDcb.s:112053  .debug_str:00000000000434ac .LASF7935
     /tmp/ccvncDcb.s:95891  .debug_str:000000000000296a .LASF7936
     /tmp/ccvncDcb.s:111635  .debug_str:00000000000419a5 .LASF7937
     /tmp/ccvncDcb.s:99793  .debug_str:0000000000012275 .LASF7938
     /tmp/ccvncDcb.s:109213  .debug_str:0000000000037d45 .LASF7939
     /tmp/ccvncDcb.s:114577  .debug_str:000000000004dc45 .LASF7940
     /tmp/ccvncDcb.s:110431  .debug_str:000000000003c9ff .LASF7941
     /tmp/ccvncDcb.s:96573  .debug_str:0000000000005647 .LASF7942
     /tmp/ccvncDcb.s:105767  .debug_str:000000000002a1e6 .LASF7943
     /tmp/ccvncDcb.s:95331  .debug_str:00000000000002f3 .LASF7944
     /tmp/ccvncDcb.s:106613  .debug_str:000000000002d8bd .LASF7945
     /tmp/ccvncDcb.s:106311  .debug_str:000000000002c53d .LASF7946
     /tmp/ccvncDcb.s:100065  .debug_str:000000000001342c .LASF7947
     /tmp/ccvncDcb.s:105839  .debug_str:000000000002a66e .LASF7948
     /tmp/ccvncDcb.s:96771  .debug_str:0000000000006315 .LASF7949
     /tmp/ccvncDcb.s:112793  .debug_str:000000000004696a .LASF7950
     /tmp/ccvncDcb.s:112743  .debug_str:00000000000465a5 .LASF7951
     /tmp/ccvncDcb.s:98215  .debug_str:000000000000c508 .LASF7952
     /tmp/ccvncDcb.s:114667  .debug_str:000000000004e263 .LASF7953
     /tmp/ccvncDcb.s:115399  .debug_str:000000000005136c .LASF7954
     /tmp/ccvncDcb.s:112659  .debug_str:0000000000045da2 .LASF7955
     /tmp/ccvncDcb.s:96685  .debug_str:0000000000005dc7 .LASF7956
     /tmp/ccvncDcb.s:100929  .debug_str:000000000001684f .LASF7957
     /tmp/ccvncDcb.s:97527  .debug_str:00000000000095a2 .LASF7958
     /tmp/ccvncDcb.s:108211  .debug_str:0000000000033b9c .LASF7959
     /tmp/ccvncDcb.s:109239  .debug_str:0000000000037ee1 .LASF7960
     /tmp/ccvncDcb.s:106857  .debug_str:000000000002e7c5 .LASF7961
     /tmp/ccvncDcb.s:116091  .debug_str:00000000000542f8 .LASF7962
     /tmp/ccvncDcb.s:104347  .debug_str:0000000000024a68 .LASF7963
     /tmp/ccvncDcb.s:113675  .debug_str:000000000004a1ea .LASF7964
     /tmp/ccvncDcb.s:110533  .debug_str:000000000003cfe0 .LASF7965
     /tmp/ccvncDcb.s:104333  .debug_str:0000000000024963 .LASF7966
     /tmp/ccvncDcb.s:101821  .debug_str:000000000001a1fa .LASF7967
     /tmp/ccvncDcb.s:111225  .debug_str:000000000003fe11 .LASF7968
     /tmp/ccvncDcb.s:99129  .debug_str:000000000000fbf3 .LASF7969
     /tmp/ccvncDcb.s:108593  .debug_str:0000000000035432 .LASF7970
     /tmp/ccvncDcb.s:110535  .debug_str:000000000003cfe7 .LASF7971
     /tmp/ccvncDcb.s:97559  .debug_str:00000000000097f5 .LASF7972
     /tmp/ccvncDcb.s:111393  .debug_str:000000000004093a .LASF7973
     /tmp/ccvncDcb.s:108481  .debug_str:0000000000034c49 .LASF7974
     /tmp/ccvncDcb.s:109701  .debug_str:0000000000039f0a .LASF7975
     /tmp/ccvncDcb.s:107477  .debug_str:0000000000030d1c .LASF7976
     /tmp/ccvncDcb.s:113819  .debug_str:000000000004ab29 .LASF7977
     /tmp/ccvncDcb.s:108035  .debug_str:0000000000033013 .LASF7978
     /tmp/ccvncDcb.s:96189  .debug_str:0000000000003cec .LASF7979
     /tmp/ccvncDcb.s:113821  .debug_str:000000000004ab37 .LASF7980
     /tmp/ccvncDcb.s:101255  .debug_str:0000000000017d81 .LASF7981
     /tmp/ccvncDcb.s:105655  .debug_str:00000000000299c1 .LASF7982
     /tmp/ccvncDcb.s:113823  .debug_str:000000000004ab45 .LASF7983
     /tmp/ccvncDcb.s:115687  .debug_str:0000000000052755 .LASF7984
     /tmp/ccvncDcb.s:104617  .debug_str:0000000000025c8c .LASF7985
     /tmp/ccvncDcb.s:111167  .debug_str:000000000003f9d6 .LASF7986
     /tmp/ccvncDcb.s:109097  .debug_str:00000000000374b1 .LASF7987
     /tmp/ccvncDcb.s:97763  .debug_str:000000000000a5cd .LASF7988
     /tmp/ccvncDcb.s:113827  .debug_str:000000000004ab95 .LASF7989
     /tmp/ccvncDcb.s:102319  .debug_str:000000000001c3a8 .LASF7990
     /tmp/ccvncDcb.s:110031  .debug_str:000000000003b440 .LASF7991
     /tmp/ccvncDcb.s:113829  .debug_str:000000000004aba3 .LASF7992
     /tmp/ccvncDcb.s:105755  .debug_str:000000000002a106 .LASF7993
     /tmp/ccvncDcb.s:112895  .debug_str:0000000000047014 .LASF7994
     /tmp/ccvncDcb.s:107693  .debug_str:0000000000031a5c .LASF7995
     /tmp/ccvncDcb.s:112899  .debug_str:0000000000047056 .LASF7996
     /tmp/ccvncDcb.s:107697  .debug_str:0000000000031a9a .LASF7997
     /tmp/ccvncDcb.s:111081  .debug_str:000000000003f427 .LASF7998
     /tmp/ccvncDcb.s:114111  .debug_str:000000000004bd80 .LASF7999
     /tmp/ccvncDcb.s:107699  .debug_str:0000000000031aac .LASF8000
     /tmp/ccvncDcb.s:112905  .debug_str:000000000004708e .LASF8001
     /tmp/ccvncDcb.s:112907  .debug_str:00000000000470a0 .LASF8002
     /tmp/ccvncDcb.s:112909  .debug_str:00000000000470b2 .LASF8003
     /tmp/ccvncDcb.s:111083  .debug_str:000000000003f436 .LASF8004
     /tmp/ccvncDcb.s:107515  .debug_str:0000000000030fa3 .LASF8005
     /tmp/ccvncDcb.s:109967  .debug_str:000000000003af52 .LASF8006
     /tmp/ccvncDcb.s:114275  .debug_str:000000000004c8dd .LASF8007
     /tmp/ccvncDcb.s:105439  .debug_str:0000000000028c8f .LASF8008
     /tmp/ccvncDcb.s:109691  .debug_str:0000000000039e81 .LASF8009
     /tmp/ccvncDcb.s:111131  .debug_str:000000000003f742 .LASF8010
     /tmp/ccvncDcb.s:113783  .debug_str:000000000004a8f7 .LASF8011
     /tmp/ccvncDcb.s:112165  .debug_str:0000000000043b91 .LASF8012
     /tmp/ccvncDcb.s:108901  .debug_str:000000000003686d .LASF8013
     /tmp/ccvncDcb.s:110913  .debug_str:000000000003e8ce .LASF8014
     /tmp/ccvncDcb.s:113791  .debug_str:000000000004a96f .LASF8015
     /tmp/ccvncDcb.s:95631  .debug_str:00000000000016b7 .LASF8016
     /tmp/ccvncDcb.s:114913  .debug_str:000000000004f1ca .LASF8017
     /tmp/ccvncDcb.s:111699  .debug_str:0000000000041e60 .LASF8018
     /tmp/ccvncDcb.s:95355  .debug_str:00000000000004b8 .LASF8019
     /tmp/ccvncDcb.s:100567  .debug_str:000000000001534a .LASF8020
     /tmp/ccvncDcb.s:97093  .debug_str:0000000000007977 .LASF8021
     /tmp/ccvncDcb.s:96907  .debug_str:0000000000006bb5 .LASF8022
     /tmp/ccvncDcb.s:107113  .debug_str:000000000002f71c .LASF8023
     /tmp/ccvncDcb.s:107115  .debug_str:000000000002f734 .LASF8024
     /tmp/ccvncDcb.s:107117  .debug_str:000000000002f74c .LASF8025
     /tmp/ccvncDcb.s:107119  .debug_str:000000000002f764 .LASF8026
     /tmp/ccvncDcb.s:113287  .debug_str:0000000000048955 .LASF8027
     /tmp/ccvncDcb.s:97709  .debug_str:000000000000a13b .LASF8028
     /tmp/ccvncDcb.s:107121  .debug_str:000000000002f77c .LASF8029
     /tmp/ccvncDcb.s:99395  .debug_str:0000000000010c7c .LASF8030
     /tmp/ccvncDcb.s:99397  .debug_str:0000000000010c9a .LASF8031
     /tmp/ccvncDcb.s:99399  .debug_str:0000000000010cb8 .LASF8032
     /tmp/ccvncDcb.s:99401  .debug_str:0000000000010cd6 .LASF8033
     /tmp/ccvncDcb.s:99403  .debug_str:0000000000010cf4 .LASF8034
     /tmp/ccvncDcb.s:103599  .debug_str:000000000002185d .LASF8035
     /tmp/ccvncDcb.s:99045  .debug_str:000000000000f8cc .LASF8036
     /tmp/ccvncDcb.s:103603  .debug_str:000000000002188a .LASF8037
     /tmp/ccvncDcb.s:103605  .debug_str:00000000000218a7 .LASF8038
     /tmp/ccvncDcb.s:101329  .debug_str:0000000000018221 .LASF8039
     /tmp/ccvncDcb.s:116177  .debug_str:0000000000054924 .LASF8040
     /tmp/ccvncDcb.s:115061  .debug_str:000000000004fcec .LASF8041
     /tmp/ccvncDcb.s:116179  .debug_str:000000000005493e .LASF8042
     /tmp/ccvncDcb.s:116181  .debug_str:0000000000054958 .LASF8043
     /tmp/ccvncDcb.s:116183  .debug_str:0000000000054972 .LASF8044
     /tmp/ccvncDcb.s:110153  .debug_str:000000000003ba83 .LASF8045
     /tmp/ccvncDcb.s:112597  .debug_str:00000000000459cd .LASF8046
     /tmp/ccvncDcb.s:113289  .debug_str:000000000004896d .LASF8047
     /tmp/ccvncDcb.s:112205  .debug_str:0000000000043dec .LASF8048
     /tmp/ccvncDcb.s:109447  .debug_str:0000000000038e3b .LASF8049
     /tmp/ccvncDcb.s:97183  .debug_str:0000000000007fa7 .LASF8050
     /tmp/ccvncDcb.s:97185  .debug_str:0000000000007fc4 .LASF8051
     /tmp/ccvncDcb.s:109459  .debug_str:0000000000038f55 .LASF8052
     /tmp/ccvncDcb.s:95953  .debug_str:0000000000002dc1 .LASF8053
     /tmp/ccvncDcb.s:106969  .debug_str:000000000002ee21 .LASF8054
     /tmp/ccvncDcb.s:97189  .debug_str:0000000000008003 .LASF8055
     /tmp/ccvncDcb.s:107343  .debug_str:0000000000030541 .LASF8056
     /tmp/ccvncDcb.s:107345  .debug_str:0000000000030564 .LASF8057
     /tmp/ccvncDcb.s:107347  .debug_str:0000000000030587 .LASF8058
     /tmp/ccvncDcb.s:107349  .debug_str:00000000000305aa .LASF8059
     /tmp/ccvncDcb.s:107351  .debug_str:00000000000305cd .LASF8060
     /tmp/ccvncDcb.s:103891  .debug_str:0000000000022cd3 .LASF8061
     /tmp/ccvncDcb.s:103893  .debug_str:0000000000022cf5 .LASF8062
     /tmp/ccvncDcb.s:105099  .debug_str:000000000002792c .LASF8063
     /tmp/ccvncDcb.s:103897  .debug_str:0000000000022d28 .LASF8064
     /tmp/ccvncDcb.s:103899  .debug_str:0000000000022d4a .LASF8065
     /tmp/ccvncDcb.s:106885  .debug_str:000000000002e9d1 .LASF8066
     /tmp/ccvncDcb.s:106887  .debug_str:000000000002e9f0 .LASF8067
     /tmp/ccvncDcb.s:106889  .debug_str:000000000002ea0f .LASF8068
     /tmp/ccvncDcb.s:110409  .debug_str:000000000003c9a4 .LASF8069
     /tmp/ccvncDcb.s:106893  .debug_str:000000000002ea3c .LASF8070
     /tmp/ccvncDcb.s:115789  .debug_str:0000000000052fda .LASF8071
     /tmp/ccvncDcb.s:112783  .debug_str:00000000000468ac .LASF8072
     /tmp/ccvncDcb.s:95955  .debug_str:0000000000002dde .LASF8073
     /tmp/ccvncDcb.s:103873  .debug_str:0000000000022bb8 .LASF8074
     /tmp/ccvncDcb.s:108995  .debug_str:0000000000036e52 .LASF8075
     /tmp/ccvncDcb.s:108997  .debug_str:0000000000036e6a .LASF8076
     /tmp/ccvncDcb.s:108999  .debug_str:0000000000036e82 .LASF8077
     /tmp/ccvncDcb.s:109001  .debug_str:0000000000036e9a .LASF8078
     /tmp/ccvncDcb.s:102999  .debug_str:000000000001ee57 .LASF8079
     /tmp/ccvncDcb.s:102453  .debug_str:000000000001cb26 .LASF8080
     /tmp/ccvncDcb.s:109003  .debug_str:0000000000036eb2 .LASF8081
     /tmp/ccvncDcb.s:101289  .debug_str:0000000000018033 .LASF8082
     /tmp/ccvncDcb.s:101291  .debug_str:0000000000018051 .LASF8083
     /tmp/ccvncDcb.s:101293  .debug_str:000000000001806f .LASF8084
     /tmp/ccvncDcb.s:107195  .debug_str:000000000002fbd8 .LASF8085
     /tmp/ccvncDcb.s:101297  .debug_str:000000000001809f .LASF8086
     /tmp/ccvncDcb.s:105473  .debug_str:0000000000028ed2 .LASF8087
     /tmp/ccvncDcb.s:105475  .debug_str:0000000000028eef .LASF8088
     /tmp/ccvncDcb.s:105477  .debug_str:0000000000028f0c .LASF8089
     /tmp/ccvncDcb.s:105479  .debug_str:0000000000028f29 .LASF8090
     /tmp/ccvncDcb.s:105481  .debug_str:0000000000028f46 .LASF8091
     /tmp/ccvncDcb.s:96969  .debug_str:0000000000006fed .LASF8092
     /tmp/ccvncDcb.s:96971  .debug_str:0000000000007007 .LASF8093
     /tmp/ccvncDcb.s:96973  .debug_str:0000000000007021 .LASF8094
     /tmp/ccvncDcb.s:96975  .debug_str:000000000000703b .LASF8095
     /tmp/ccvncDcb.s:115667  .debug_str:000000000005256d .LASF8096
     /tmp/ccvncDcb.s:100655  .debug_str:0000000000015865 .LASF8097
     /tmp/ccvncDcb.s:109247  .debug_str:0000000000037f8b .LASF8098
     /tmp/ccvncDcb.s:103003  .debug_str:000000000001ee8b .LASF8099
     /tmp/ccvncDcb.s:95779  .debug_str:0000000000002249 .LASF8100
     /tmp/ccvncDcb.s:99883  .debug_str:00000000000127a0 .LASF8101
     /tmp/ccvncDcb.s:99885  .debug_str:00000000000127b7 .LASF8102
     /tmp/ccvncDcb.s:99887  .debug_str:00000000000127ce .LASF8103
     /tmp/ccvncDcb.s:115747  .debug_str:0000000000052cad .LASF8104
     /tmp/ccvncDcb.s:100753  .debug_str:0000000000015db2 .LASF8105
     /tmp/ccvncDcb.s:116175  .debug_str:00000000000548f3 .LASF8106
     /tmp/ccvncDcb.s:99891  .debug_str:00000000000127f6 .LASF8107
     /tmp/ccvncDcb.s:112151  .debug_str:0000000000043ac1 .LASF8108
     /tmp/ccvncDcb.s:112153  .debug_str:0000000000043ade .LASF8109
     /tmp/ccvncDcb.s:112155  .debug_str:0000000000043afb .LASF8110
     /tmp/ccvncDcb.s:112157  .debug_str:0000000000043b18 .LASF8111
     /tmp/ccvncDcb.s:112159  .debug_str:0000000000043b35 .LASF8112
     /tmp/ccvncDcb.s:100795  .debug_str:0000000000015fd1 .LASF8113
     /tmp/ccvncDcb.s:100797  .debug_str:0000000000015fed .LASF8114
     /tmp/ccvncDcb.s:100799  .debug_str:0000000000016009 .LASF8115
     /tmp/ccvncDcb.s:100801  .debug_str:0000000000016025 .LASF8116
     /tmp/ccvncDcb.s:100803  .debug_str:0000000000016041 .LASF8117
     /tmp/ccvncDcb.s:107331  .debug_str:000000000003048a .LASF8118
     /tmp/ccvncDcb.s:107333  .debug_str:00000000000304a3 .LASF8119
     /tmp/ccvncDcb.s:107335  .debug_str:00000000000304bc .LASF8120
     /tmp/ccvncDcb.s:107337  .debug_str:00000000000304d5 .LASF8121
     /tmp/ccvncDcb.s:107339  .debug_str:00000000000304ee .LASF8122
     /tmp/ccvncDcb.s:108763  .debug_str:0000000000035f58 .LASF8123
     /tmp/ccvncDcb.s:110915  .debug_str:000000000003e8fd .LASF8124
     /tmp/ccvncDcb.s:100755  .debug_str:0000000000015dc9 .LASF8125
     /tmp/ccvncDcb.s:101955  .debug_str:000000000001aaa1 .LASF8126
     /tmp/ccvncDcb.s:100831  .debug_str:00000000000161db .LASF8127
     /tmp/ccvncDcb.s:100833  .debug_str:00000000000161fe .LASF8128
     /tmp/ccvncDcb.s:100835  .debug_str:0000000000016221 .LASF8129
     /tmp/ccvncDcb.s:100837  .debug_str:0000000000016244 .LASF8130
     /tmp/ccvncDcb.s:100839  .debug_str:0000000000016267 .LASF8131
     /tmp/ccvncDcb.s:116027  .debug_str:0000000000053faf .LASF8132
     /tmp/ccvncDcb.s:112933  .debug_str:00000000000471ef .LASF8133
     /tmp/ccvncDcb.s:114581  .debug_str:000000000004dc55 .LASF8134
     /tmp/ccvncDcb.s:112919  .debug_str:0000000000047133 .LASF8135
     /tmp/ccvncDcb.s:113673  .debug_str:000000000004a1c6 .LASF8136
     /tmp/ccvncDcb.s:113677  .debug_str:000000000004a1f7 .LASF8137
     /tmp/ccvncDcb.s:113681  .debug_str:000000000004a23e .LASF8138
     /tmp/ccvncDcb.s:114373  .debug_str:000000000004cf29 .LASF8139
     /tmp/ccvncDcb.s:107865  .debug_str:00000000000325fc .LASF8140
     /tmp/ccvncDcb.s:115925  .debug_str:00000000000538b7 .LASF8141
     /tmp/ccvncDcb.s:103775  .debug_str:00000000000225ba .LASF8142
     /tmp/ccvncDcb.s:98659  .debug_str:000000000000e2fa .LASF8143
     /tmp/ccvncDcb.s:107225  .debug_str:000000000002fd85 .LASF8144
     /tmp/ccvncDcb.s:115333  .debug_str:0000000000050ee7 .LASF8145
     /tmp/ccvncDcb.s:107663  .debug_str:00000000000318ec .LASF8146
     /tmp/ccvncDcb.s:103785  .debug_str:00000000000226c9 .LASF8147
     /tmp/ccvncDcb.s:97155  .debug_str:0000000000007d27 .LASF8148
     /tmp/ccvncDcb.s:110269  .debug_str:000000000003c1fe .LASF8149
     /tmp/ccvncDcb.s:99303  .debug_str:0000000000010612 .LASF8150
     /tmp/ccvncDcb.s:98009  .debug_str:000000000000b61e .LASF8151
     /tmp/ccvncDcb.s:102963  .debug_str:000000000001eb95 .LASF8152
     /tmp/ccvncDcb.s:97839  .debug_str:000000000000aa7d .LASF8153
     /tmp/ccvncDcb.s:97255  .debug_str:0000000000008475 .LASF8154
     /tmp/ccvncDcb.s:106329  .debug_str:000000000002c66b .LASF8155
     /tmp/ccvncDcb.s:98569  .debug_str:000000000000dd2b .LASF8156
     /tmp/ccvncDcb.s:105961  .debug_str:000000000002ae6b .LASF8157
     /tmp/ccvncDcb.s:103783  .debug_str:00000000000226b3 .LASF8158
     /tmp/ccvncDcb.s:101277  .debug_str:0000000000017f55 .LASF8159
     /tmp/ccvncDcb.s:116255  .debug_str:0000000000054e37 .LASF8160
     /tmp/ccvncDcb.s:98893  .debug_str:000000000000f06e .LASF8161
     /tmp/ccvncDcb.s:115553  .debug_str:0000000000051e3c .LASF8162
     /tmp/ccvncDcb.s:115555  .debug_str:0000000000051e5b .LASF8163
     /tmp/ccvncDcb.s:115557  .debug_str:0000000000051e7a .LASF8164
     /tmp/ccvncDcb.s:109101  .debug_str:00000000000374f0 .LASF8165
     /tmp/ccvncDcb.s:102881  .debug_str:000000000001e67d .LASF8166
     /tmp/ccvncDcb.s:103063  .debug_str:000000000001f2f6 .LASF8167
     /tmp/ccvncDcb.s:115561  .debug_str:0000000000051ea7 .LASF8168
     /tmp/ccvncDcb.s:110373  .debug_str:000000000003c76b .LASF8169
     /tmp/ccvncDcb.s:109981  .debug_str:000000000003b05f .LASF8170
     /tmp/ccvncDcb.s:105619  .debug_str:000000000002972f .LASF8171
     /tmp/ccvncDcb.s:105621  .debug_str:000000000002974c .LASF8172
     /tmp/ccvncDcb.s:105623  .debug_str:0000000000029769 .LASF8173
     /tmp/ccvncDcb.s:105625  .debug_str:0000000000029786 .LASF8174
     /tmp/ccvncDcb.s:105627  .debug_str:00000000000297a3 .LASF8175
     /tmp/ccvncDcb.s:96183  .debug_str:0000000000003c79 .LASF8176
     /tmp/ccvncDcb.s:115461  .debug_str:000000000005179f .LASF8177
     /tmp/ccvncDcb.s:109517  .debug_str:00000000000392fe .LASF8178
     /tmp/ccvncDcb.s:107249  .debug_str:000000000002ff04 .LASF8179
     /tmp/ccvncDcb.s:109215  .debug_str:0000000000037d52 .LASF8180
     /tmp/ccvncDcb.s:95369  .debug_str:00000000000005cd .LASF8181
     /tmp/ccvncDcb.s:110975  .debug_str:000000000003ed04 .LASF8182
     /tmp/ccvncDcb.s:109339  .debug_str:0000000000038665 .LASF8183
     /tmp/ccvncDcb.s:109341  .debug_str:0000000000038681 .LASF8184
     /tmp/ccvncDcb.s:99451  .debug_str:0000000000010fdc .LASF8185
     /tmp/ccvncDcb.s:109345  .debug_str:00000000000386ab .LASF8186
     /tmp/ccvncDcb.s:116243  .debug_str:0000000000054d88 .LASF8187
     /tmp/ccvncDcb.s:106233  .debug_str:000000000002c04a .LASF8188
     /tmp/ccvncDcb.s:109347  .debug_str:00000000000386c7 .LASF8189
     /tmp/ccvncDcb.s:106855  .debug_str:000000000002e7ae .LASF8190
     /tmp/ccvncDcb.s:114471  .debug_str:000000000004d4ce .LASF8191
     /tmp/ccvncDcb.s:97515  .debug_str:0000000000009510 .LASF8192
     /tmp/ccvncDcb.s:111155  .debug_str:000000000003f90f .LASF8193
     /tmp/ccvncDcb.s:115299  .debug_str:0000000000050cb1 .LASF8194
     /tmp/ccvncDcb.s:106241  .debug_str:000000000002c0bc .LASF8195
     /tmp/ccvncDcb.s:112173  .debug_str:0000000000043bf3 .LASF8196
     /tmp/ccvncDcb.s:112087  .debug_str:0000000000043687 .LASF8197
     /tmp/ccvncDcb.s:103729  .debug_str:00000000000221e7 .LASF8198
     /tmp/ccvncDcb.s:105959  .debug_str:000000000002ae5d .LASF8199
     /tmp/ccvncDcb.s:115777  .debug_str:0000000000052efe .LASF8200
     /tmp/ccvncDcb.s:106431  .debug_str:000000000002cd62 .LASF8201
     /tmp/ccvncDcb.s:116207  .debug_str:0000000000054b15 .LASF8202
     /tmp/ccvncDcb.s:101489  .debug_str:0000000000018dc3 .LASF8203
     /tmp/ccvncDcb.s:108813  .debug_str:00000000000362a3 .LASF8204
     /tmp/ccvncDcb.s:113739  .debug_str:000000000004a601 .LASF8205
     /tmp/ccvncDcb.s:96733  .debug_str:00000000000060c5 .LASF8206
     /tmp/ccvncDcb.s:109443  .debug_str:0000000000038dfb .LASF8207
     /tmp/ccvncDcb.s:98243  .debug_str:000000000000c70e .LASF8208
     /tmp/ccvncDcb.s:110177  .debug_str:000000000003bc4c .LASF8209
     /tmp/ccvncDcb.s:108637  .debug_str:0000000000035709 .LASF8210
     /tmp/ccvncDcb.s:105457  .debug_str:0000000000028deb .LASF8211
     /tmp/ccvncDcb.s:97151  .debug_str:0000000000007cde .LASF8212
     /tmp/ccvncDcb.s:100475  .debug_str:0000000000014de1 .LASF8213
     /tmp/ccvncDcb.s:97227  .debug_str:0000000000008238 .LASF8214
     /tmp/ccvncDcb.s:101927  .debug_str:000000000001a88e .LASF8215
     /tmp/ccvncDcb.s:115441  .debug_str:0000000000051672 .LASF8216
     /tmp/ccvncDcb.s:111065  .debug_str:000000000003f34a .LASF8217
     /tmp/ccvncDcb.s:105347  .debug_str:00000000000286ca .LASF8218
     /tmp/ccvncDcb.s:100283  .debug_str:0000000000014168 .LASF8219
     /tmp/ccvncDcb.s:101421  .debug_str:0000000000018843 .LASF8220
     /tmp/ccvncDcb.s:104647  .debug_str:0000000000025e59 .LASF8221
     /tmp/ccvncDcb.s:99837  .debug_str:0000000000012579 .LASF8222
     /tmp/ccvncDcb.s:113199  .debug_str:00000000000483f1 .LASF8223
     /tmp/ccvncDcb.s:108191  .debug_str:0000000000033a5a .LASF8224
     /tmp/ccvncDcb.s:103417  .debug_str:0000000000020b84 .LASF8225
     /tmp/ccvncDcb.s:95641  .debug_str:0000000000001762 .LASF8226
     /tmp/ccvncDcb.s:111071  .debug_str:000000000003f39f .LASF8227
     /tmp/ccvncDcb.s:103233  .debug_str:000000000001feff .LASF8228
     /tmp/ccvncDcb.s:98407  .debug_str:000000000000d213 .LASF8229
     /tmp/ccvncDcb.s:108641  .debug_str:000000000003576e .LASF8230
     /tmp/ccvncDcb.s:109739  .debug_str:000000000003a19f .LASF8231
     /tmp/ccvncDcb.s:104341  .debug_str:0000000000024a1c .LASF8232
     /tmp/ccvncDcb.s:107165  .debug_str:000000000002fa24 .LASF8233
     /tmp/ccvncDcb.s:101045  .debug_str:00000000000170d9 .LASF8234
     /tmp/ccvncDcb.s:106017  .debug_str:000000000002b259 .LASF8235
     /tmp/ccvncDcb.s:97799  .debug_str:000000000000a815 .LASF8236
     /tmp/ccvncDcb.s:99379  .debug_str:0000000000010bef .LASF8237
     /tmp/ccvncDcb.s:103985  .debug_str:00000000000232eb .LASF8238
     /tmp/ccvncDcb.s:99375  .debug_str:0000000000010bc5 .LASF8239
     /tmp/ccvncDcb.s:103983  .debug_str:00000000000232d2 .LASF8240
     /tmp/ccvncDcb.s:102271  .debug_str:000000000001c03f .LASF8241
     /tmp/ccvncDcb.s:103545  .debug_str:0000000000021517 .LASF8242
     /tmp/ccvncDcb.s:114791  .debug_str:000000000004ea6f .LASF8243
     /tmp/ccvncDcb.s:102023  .debug_str:000000000001afec .LASF8244
     /tmp/ccvncDcb.s:100483  .debug_str:0000000000014e70 .LASF8245
     /tmp/ccvncDcb.s:98741  .debug_str:000000000000e862 .LASF8246
     /tmp/ccvncDcb.s:100257  .debug_str:0000000000013f91 .LASF8247
     /tmp/ccvncDcb.s:102875  .debug_str:000000000001e630 .LASF8248
     /tmp/ccvncDcb.s:112293  .debug_str:0000000000044341 .LASF8249
     /tmp/ccvncDcb.s:112301  .debug_str:00000000000443c9 .LASF8250
     /tmp/ccvncDcb.s:107289  .debug_str:000000000003018d .LASF8251
     /tmp/ccvncDcb.s:98867  .debug_str:000000000000ef26 .LASF8252
     /tmp/ccvncDcb.s:101219  .debug_str:0000000000017b06 .LASF8253
     /tmp/ccvncDcb.s:102323  .debug_str:000000000001c3f8 .LASF8254
     /tmp/ccvncDcb.s:114935  .debug_str:000000000004f35b .LASF8255
     /tmp/ccvncDcb.s:103501  .debug_str:00000000000211ee .LASF8256
     /tmp/ccvncDcb.s:105121  .debug_str:0000000000027aaf .LASF8257
     /tmp/ccvncDcb.s:101155  .debug_str:00000000000176fc .LASF8258
     /tmp/ccvncDcb.s:96819  .debug_str:00000000000065ed .LASF8259
     /tmp/ccvncDcb.s:114591  .debug_str:000000000004dd1c .LASF8260
     /tmp/ccvncDcb.s:100711  .debug_str:0000000000015b95 .LASF8261
     /tmp/ccvncDcb.s:96391  .debug_str:0000000000004aed .LASF8262
     /tmp/ccvncDcb.s:98721  .debug_str:000000000000e704 .LASF8263
     /tmp/ccvncDcb.s:105167  .debug_str:0000000000027c66 .LASF8264
     /tmp/ccvncDcb.s:111219  .debug_str:000000000003fdb2 .LASF8265
     /tmp/ccvncDcb.s:108769  .debug_str:0000000000035fcd .LASF8266
     /tmp/ccvncDcb.s:107077  .debug_str:000000000002f4f2 .LASF8267
     /tmp/ccvncDcb.s:110661  .debug_str:000000000003d779 .LASF8268
     /tmp/ccvncDcb.s:96627  .debug_str:0000000000005a0e .LASF8269
     /tmp/ccvncDcb.s:109555  .debug_str:000000000003959a .LASF8270
     /tmp/ccvncDcb.s:106103  .debug_str:000000000002b8c4 .LASF8271
     /tmp/ccvncDcb.s:101319  .debug_str:00000000000181bf .LASF8272
     /tmp/ccvncDcb.s:99435  .debug_str:0000000000010f0a .LASF8273
     /tmp/ccvncDcb.s:113413  .debug_str:00000000000491b7 .LASF8274
     /tmp/ccvncDcb.s:105795  .debug_str:000000000002a370 .LASF8275
     /tmp/ccvncDcb.s:110089  .debug_str:000000000003b732 .LASF8276
     /tmp/ccvncDcb.s:115033  .debug_str:000000000004fa2c .LASF8277
     /tmp/ccvncDcb.s:110455  .debug_str:000000000003cba4 .LASF8278
     /tmp/ccvncDcb.s:108753  .debug_str:0000000000035ec4 .LASF8279
     /tmp/ccvncDcb.s:96577  .debug_str:0000000000005675 .LASF8280
     /tmp/ccvncDcb.s:112687  .debug_str:0000000000046209 .LASF8281
     /tmp/ccvncDcb.s:113577  .debug_str:0000000000049b17 .LASF8282
     /tmp/ccvncDcb.s:115955  .debug_str:0000000000053aba .LASF8283
     /tmp/ccvncDcb.s:103503  .debug_str:00000000000211fc .LASF8284
     /tmp/ccvncDcb.s:105209  .debug_str:0000000000027f60 .LASF8285
     /tmp/ccvncDcb.s:95669  .debug_str:0000000000001a80 .LASF8286
     /tmp/ccvncDcb.s:109037  .debug_str:00000000000370eb .LASF8287
     /tmp/ccvncDcb.s:96633  .debug_str:0000000000005a3c .LASF8288
     /tmp/ccvncDcb.s:95945  .debug_str:0000000000002d66 .LASF8289
     /tmp/ccvncDcb.s:105389  .debug_str:000000000002890c .LASF8290
     /tmp/ccvncDcb.s:97485  .debug_str:0000000000009365 .LASF8291
     /tmp/ccvncDcb.s:98327  .debug_str:000000000000ccfc .LASF8292
     /tmp/ccvncDcb.s:101777  .debug_str:0000000000019f50 .LASF8293
     /tmp/ccvncDcb.s:104845  .debug_str:0000000000026bbf .LASF8294
     /tmp/ccvncDcb.s:106179  .debug_str:000000000002bc89 .LASF8295
     /tmp/ccvncDcb.s:96131  .debug_str:00000000000038c7 .LASF8296
     /tmp/ccvncDcb.s:102307  .debug_str:000000000001c322 .LASF8297
     /tmp/ccvncDcb.s:112051  .debug_str:0000000000043487 .LASF8298
     /tmp/ccvncDcb.s:100337  .debug_str:000000000001454c .LASF8299
     /tmp/ccvncDcb.s:113525  .debug_str:0000000000049818 .LASF8300
     /tmp/ccvncDcb.s:100333  .debug_str:0000000000014522 .LASF8301
     /tmp/ccvncDcb.s:113521  .debug_str:00000000000497e2 .LASF8302
     /tmp/ccvncDcb.s:108243  .debug_str:0000000000033d44 .LASF8303
     /tmp/ccvncDcb.s:102903  .debug_str:000000000001e805 .LASF8304
     /tmp/ccvncDcb.s:108805  .debug_str:0000000000036221 .LASF8305
     /tmp/ccvncDcb.s:111963  .debug_str:0000000000042eae .LASF8306
     /tmp/ccvncDcb.s:110397  .debug_str:000000000003c8f0 .LASF8307
     /tmp/ccvncDcb.s:104005  .debug_str:0000000000023479 .LASF8308
     /tmp/ccvncDcb.s:106361  .debug_str:000000000002c8b3 .LASF8309
     /tmp/ccvncDcb.s:114335  .debug_str:000000000004cc4a .LASF8310
     /tmp/ccvncDcb.s:110179  .debug_str:000000000003bc5b .LASF8311
     /tmp/ccvncDcb.s:114345  .debug_str:000000000004cceb .LASF8312
     /tmp/ccvncDcb.s:100843  .debug_str:00000000000162b5 .LASF8313
     /tmp/ccvncDcb.s:95457  .debug_str:0000000000000ba4 .LASF8314
     /tmp/ccvncDcb.s:114103  .debug_str:000000000004bd0c .LASF8315
     /tmp/ccvncDcb.s:115349  .debug_str:0000000000050ff6 .LASF8316
     /tmp/ccvncDcb.s:111873  .debug_str:00000000000429ac .LASF8317
     /tmp/ccvncDcb.s:112417  .debug_str:0000000000044b55 .LASF8318
     /tmp/ccvncDcb.s:116109  .debug_str:00000000000543e7 .LASF8319
     /tmp/ccvncDcb.s:106827  .debug_str:000000000002e5ae .LASF8320
     /tmp/ccvncDcb.s:114843  .debug_str:000000000004edb2 .LASF8321
     /tmp/ccvncDcb.s:100437  .debug_str:0000000000014b2e .LASF8322
     /tmp/ccvncDcb.s:97509  .debug_str:00000000000094d5 .LASF8323
     /tmp/ccvncDcb.s:111893  .debug_str:0000000000042b23 .LASF8324
     /tmp/ccvncDcb.s:96443  .debug_str:0000000000004e88 .LASF8325
     /tmp/ccvncDcb.s:110129  .debug_str:000000000003ba13 .LASF8326
     /tmp/ccvncDcb.s:101369  .debug_str:0000000000018490 .LASF8327
     /tmp/ccvncDcb.s:103841  .debug_str:0000000000022a22 .LASF8328
     /tmp/ccvncDcb.s:98821  .debug_str:000000000000ec0e .LASF8329
     /tmp/ccvncDcb.s:98527  .debug_str:000000000000dab0 .LASF8330
     /tmp/ccvncDcb.s:105563  .debug_str:0000000000029463 .LASF8331
     /tmp/ccvncDcb.s:107629  .debug_str:0000000000031645 .LASF8332
     /tmp/ccvncDcb.s:105067  .debug_str:0000000000027765 .LASF8333
     /tmp/ccvncDcb.s:104199  .debug_str:0000000000024094 .LASF8334
     /tmp/ccvncDcb.s:106813  .debug_str:000000000002e47d .LASF8335
     /tmp/ccvncDcb.s:98117  .debug_str:000000000000bdb6 .LASF8336
     /tmp/ccvncDcb.s:106265  .debug_str:000000000002c23b .LASF8337
     /tmp/ccvncDcb.s:105321  .debug_str:0000000000028537 .LASF8338
     /tmp/ccvncDcb.s:105327  .debug_str:0000000000028577 .LASF8339
     /tmp/ccvncDcb.s:97059  .debug_str:0000000000007701 .LASF8340
     /tmp/ccvncDcb.s:107327  .debug_str:0000000000030460 .LASF8341
     /tmp/ccvncDcb.s:101299  .debug_str:00000000000180bd .LASF8342
     /tmp/ccvncDcb.s:112193  .debug_str:0000000000043d45 .LASF8343
     /tmp/ccvncDcb.s:96477  .debug_str:00000000000050e3 .LASF8344
     /tmp/ccvncDcb.s:115181  .debug_str:00000000000504e0 .LASF8345
     /tmp/ccvncDcb.s:114391  .debug_str:000000000004d005 .LASF8346
     /tmp/ccvncDcb.s:114779  .debug_str:000000000004e9d2 .LASF8347
     /tmp/ccvncDcb.s:110895  .debug_str:000000000003e7ac .LASF8348
     /tmp/ccvncDcb.s:98891  .debug_str:000000000000f049 .LASF8349
     /tmp/ccvncDcb.s:100647  .debug_str:00000000000157de .LASF8350
     /tmp/ccvncDcb.s:96717  .debug_str:0000000000005fcd .LASF8351
     /tmp/ccvncDcb.s:112989  .debug_str:00000000000475a6 .LASF8352
     /tmp/ccvncDcb.s:106441  .debug_str:000000000002ce20 .LASF8353
     /tmp/ccvncDcb.s:106443  .debug_str:000000000002ce2e .LASF8354
     /tmp/ccvncDcb.s:106445  .debug_str:000000000002ce3c .LASF8355
     /tmp/ccvncDcb.s:106447  .debug_str:000000000002ce4a .LASF8356
     /tmp/ccvncDcb.s:106449  .debug_str:000000000002ce58 .LASF8357
     /tmp/ccvncDcb.s:106451  .debug_str:000000000002ce66 .LASF8358
     /tmp/ccvncDcb.s:106453  .debug_str:000000000002ce74 .LASF8359
     /tmp/ccvncDcb.s:106455  .debug_str:000000000002ce82 .LASF8360
     /tmp/ccvncDcb.s:106457  .debug_str:000000000002ce90 .LASF8361
     /tmp/ccvncDcb.s:106459  .debug_str:000000000002ce9e .LASF8362
     /tmp/ccvncDcb.s:115087  .debug_str:000000000004fea4 .LASF8363
     /tmp/ccvncDcb.s:98143  .debug_str:000000000000bff4 .LASF8364
     /tmp/ccvncDcb.s:109619  .debug_str:00000000000399ac .LASF8365
     /tmp/ccvncDcb.s:104875  .debug_str:0000000000026c8d .LASF8366
     /tmp/ccvncDcb.s:96537  .debug_str:000000000000549c .LASF8367
     /tmp/ccvncDcb.s:113167  .debug_str:00000000000481d2 .LASF8368
     /tmp/ccvncDcb.s:104207  .debug_str:0000000000024129 .LASF8369
     /tmp/ccvncDcb.s:101193  .debug_str:0000000000017950 .LASF8370
     /tmp/ccvncDcb.s:113177  .debug_str:0000000000048241 .LASF8371
     /tmp/ccvncDcb.s:96403  .debug_str:0000000000004bca .LASF8372
     /tmp/ccvncDcb.s:95381  .debug_str:0000000000000692 .LASF8373
     /tmp/ccvncDcb.s:103355  .debug_str:0000000000020761 .LASF8374
     /tmp/ccvncDcb.s:99607  .debug_str:0000000000011848 .LASF8375
     /tmp/ccvncDcb.s:115903  .debug_str:0000000000053753 .LASF8376
     /tmp/ccvncDcb.s:98277  .debug_str:000000000000ca01 .LASF8377
     /tmp/ccvncDcb.s:106499  .debug_str:000000000002d119 .LASF8378
     /tmp/ccvncDcb.s:109743  .debug_str:000000000003a1cb .LASF8379
     /tmp/ccvncDcb.s:113669  .debug_str:000000000004a1a0 .LASF8380
     /tmp/ccvncDcb.s:114187  .debug_str:000000000004c23a .LASF8381
     /tmp/ccvncDcb.s:100255  .debug_str:0000000000013f7e .LASF8382
     /tmp/ccvncDcb.s:113671  .debug_str:000000000004a1b3 .LASF8383
     /tmp/ccvncDcb.s:107609  .debug_str:0000000000031503 .LASF8384
     /tmp/ccvncDcb.s:101825  .debug_str:000000000001a21d .LASF8385
     /tmp/ccvncDcb.s:96517  .debug_str:0000000000005310 .LASF8386
     /tmp/ccvncDcb.s:113905  .debug_str:000000000004b011 .LASF8387
     /tmp/ccvncDcb.s:101827  .debug_str:000000000001a22f .LASF8388
     /tmp/ccvncDcb.s:109669  .debug_str:0000000000039d16 .LASF8389
     /tmp/ccvncDcb.s:107291  .debug_str:0000000000030196 .LASF8390
     /tmp/ccvncDcb.s:104423  .debug_str:0000000000024f8e .LASF8391
     /tmp/ccvncDcb.s:96521  .debug_str:000000000000534e .LASF8392
     /tmp/ccvncDcb.s:100517  .debug_str:000000000001504b .LASF8393
     /tmp/ccvncDcb.s:104427  .debug_str:0000000000024fd4 .LASF8394
     /tmp/ccvncDcb.s:105653  .debug_str:00000000000299af .LASF8395
     /tmp/ccvncDcb.s:114911  .debug_str:000000000004f1a4 .LASF8396
     /tmp/ccvncDcb.s:100105  .debug_str:000000000001368c .LASF8397
     /tmp/ccvncDcb.s:115239  .debug_str:00000000000508a6 .LASF8398
     /tmp/ccvncDcb.s:97933  .debug_str:000000000000b12b .LASF8399
     /tmp/ccvncDcb.s:100107  .debug_str:000000000001369e .LASF8400
     /tmp/ccvncDcb.s:115571  .debug_str:0000000000051f2d .LASF8401
     /tmp/ccvncDcb.s:112413  .debug_str:0000000000044aed .LASF8402
     /tmp/ccvncDcb.s:100109  .debug_str:00000000000136b0 .LASF8403
     /tmp/ccvncDcb.s:115251  .debug_str:0000000000050939 .LASF8404
     /tmp/ccvncDcb.s:105783  .debug_str:000000000002a2be .LASF8405
     /tmp/ccvncDcb.s:101131  .debug_str:0000000000017598 .LASF8406
     /tmp/ccvncDcb.s:95441  .debug_str:0000000000000a9c .LASF8407
     /tmp/ccvncDcb.s:107357  .debug_str:0000000000030629 .LASF8408
     /tmp/ccvncDcb.s:113361  .debug_str:0000000000048e12 .LASF8409
     /tmp/ccvncDcb.s:107021  .debug_str:000000000002f135 .LASF8410
     /tmp/ccvncDcb.s:108331  .debug_str:000000000003428a .LASF8411
     /tmp/ccvncDcb.s:101351  .debug_str:0000000000018395 .LASF8412
     /tmp/ccvncDcb.s:113421  .debug_str:000000000004925d .LASF8413
     /tmp/ccvncDcb.s:95971  .debug_str:0000000000002eee .LASF8414
     /tmp/ccvncDcb.s:107009  .debug_str:000000000002f099 .LASF8415
     /tmp/ccvncDcb.s:97565  .debug_str:0000000000009868 .LASF8416
     /tmp/ccvncDcb.s:109717  .debug_str:000000000003a038 .LASF8417
     /tmp/ccvncDcb.s:101371  .debug_str:00000000000184a4 .LASF8418
     /tmp/ccvncDcb.s:108467  .debug_str:0000000000034b35 .LASF8419
     /tmp/ccvncDcb.s:105315  .debug_str:00000000000284fd .LASF8420
     /tmp/ccvncDcb.s:112911  .debug_str:00000000000470c4 .LASF8421
     /tmp/ccvncDcb.s:95619  .debug_str:0000000000001606 .LASF8422
     /tmp/ccvncDcb.s:115923  .debug_str:0000000000053897 .LASF8423
     /tmp/ccvncDcb.s:112923  .debug_str:0000000000047167 .LASF8424
     /tmp/ccvncDcb.s:103997  .debug_str:00000000000233cc .LASF8425
     /tmp/ccvncDcb.s:95639  .debug_str:0000000000001742 .LASF8426
     /tmp/ccvncDcb.s:105319  .debug_str:000000000002852b .LASF8427
     /tmp/ccvncDcb.s:96289  .debug_str:0000000000004421 .LASF8428
     /tmp/ccvncDcb.s:107817  .debug_str:0000000000032319 .LASF8429
     /tmp/ccvncDcb.s:113539  .debug_str:0000000000049920 .LASF8430
     /tmp/ccvncDcb.s:115211  .debug_str:00000000000506c9 .LASF8431
     /tmp/ccvncDcb.s:97505  .debug_str:000000000000948f .LASF8432
     /tmp/ccvncDcb.s:98061  .debug_str:000000000000b9e4 .LASF8433
     /tmp/ccvncDcb.s:101063  .debug_str:00000000000171d5 .LASF8434
     /tmp/ccvncDcb.s:109913  .debug_str:000000000003ac9a .LASF8435
     /tmp/ccvncDcb.s:106127  .debug_str:000000000002ba3e .LASF8436
     /tmp/ccvncDcb.s:106185  .debug_str:000000000002bcef .LASF8437
     /tmp/ccvncDcb.s:103483  .debug_str:0000000000021071 .LASF8438
     /tmp/ccvncDcb.s:100757  .debug_str:0000000000015de0 .LASF8439
     /tmp/ccvncDcb.s:101667  .debug_str:0000000000019998 .LASF8440
     /tmp/ccvncDcb.s:114071  .debug_str:000000000004bab4 .LASF8441
     /tmp/ccvncDcb.s:95827  .debug_str:0000000000002599 .LASF8442
     /tmp/ccvncDcb.s:108801  .debug_str:00000000000361df .LASF8443
     /tmp/ccvncDcb.s:110093  .debug_str:000000000003b77e .LASF8444
     /tmp/ccvncDcb.s:109007  .debug_str:0000000000036eeb .LASF8445
     /tmp/ccvncDcb.s:95585  .debug_str:00000000000013c8 .LASF8446
     /tmp/ccvncDcb.s:104291  .debug_str:0000000000024691 .LASF8447
     /tmp/ccvncDcb.s:110617  .debug_str:000000000003d4f5 .LASF8448
     /tmp/ccvncDcb.s:110005  .debug_str:000000000003b1df .LASF8449
     /tmp/ccvncDcb.s:114459  .debug_str:000000000004d41b .LASF8450
     /tmp/ccvncDcb.s:114927  .debug_str:000000000004f29c .LASF8451
     /tmp/ccvncDcb.s:107887  .debug_str:0000000000032740 .LASF8452
     /tmp/ccvncDcb.s:102309  .debug_str:000000000001c32d .LASF8453
     /tmp/ccvncDcb.s:114957  .debug_str:000000000004f524 .LASF8454
     /tmp/ccvncDcb.s:97083  .debug_str:00000000000078c1 .LASF8455
     /tmp/ccvncDcb.s:114633  .debug_str:000000000004dfd1 .LASF8456
     /tmp/ccvncDcb.s:111021  .debug_str:000000000003f0c5 .LASF8457
     /tmp/ccvncDcb.s:109197  .debug_str:0000000000037c6a .LASF8458
     /tmp/ccvncDcb.s:111511  .debug_str:00000000000410ab .LASF8459
     /tmp/ccvncDcb.s:101843  .debug_str:000000000001a303 .LASF8460
     /tmp/ccvncDcb.s:104823  .debug_str:0000000000026a66 .LASF8461
     /tmp/ccvncDcb.s:105785  .debug_str:000000000002a2e4 .LASF8462
     /tmp/ccvncDcb.s:100271  .debug_str:0000000000014093 .LASF8463
     /tmp/ccvncDcb.s:101989  .debug_str:000000000001ad5b .LASF8464
     /tmp/ccvncDcb.s:106971  .debug_str:000000000002ee58 .LASF8465
     /tmp/ccvncDcb.s:108215  .debug_str:0000000000033bc0 .LASF8466
     /tmp/ccvncDcb.s:101581  .debug_str:00000000000193ba .LASF8467
     /tmp/ccvncDcb.s:114597  .debug_str:000000000004dd5c .LASF8468
     /tmp/ccvncDcb.s:106107  .debug_str:000000000002b8f5 .LASF8469
     /tmp/ccvncDcb.s:99677  .debug_str:0000000000011b6b .LASF8470
     /tmp/ccvncDcb.s:101413  .debug_str:00000000000187b7 .LASF8471
     /tmp/ccvncDcb.s:112761  .debug_str:00000000000466ee .LASF8472
     /tmp/ccvncDcb.s:96455  .debug_str:0000000000004f04 .LASF8473
     /tmp/ccvncDcb.s:101109  .debug_str:0000000000017434 .LASF8474
     /tmp/ccvncDcb.s:98609  .debug_str:000000000000e037 .LASF8475
     /tmp/ccvncDcb.s:115315  .debug_str:0000000000050dad .LASF8476
     /tmp/ccvncDcb.s:110821  .debug_str:000000000003e2aa .LASF8477
     /tmp/ccvncDcb.s:103717  .debug_str:000000000002211a .LASF8478
     /tmp/ccvncDcb.s:101513  .debug_str:0000000000018f04 .LASF8479
     /tmp/ccvncDcb.s:104693  .debug_str:0000000000026167 .LASF8480
     /tmp/ccvncDcb.s:101049  .debug_str:0000000000017106 .LASF8481
     /tmp/ccvncDcb.s:104059  .debug_str:0000000000023803 .LASF8482
     /tmp/ccvncDcb.s:107473  .debug_str:0000000000030ce7 .LASF8483
     /tmp/ccvncDcb.s:95567  .debug_str:00000000000012a6 .LASF8484
     /tmp/ccvncDcb.s:98843  .debug_str:000000000000edab .LASF8485
     /tmp/ccvncDcb.s:113641  .debug_str:000000000004a01b .LASF8486
     /tmp/ccvncDcb.s:102775  .debug_str:000000000001df5a .LASF8487
     /tmp/ccvncDcb.s:111381  .debug_str:000000000004083b .LASF8488
     /tmp/ccvncDcb.s:100245  .debug_str:0000000000013ec0 .LASF8489
     /tmp/ccvncDcb.s:108797  .debug_str:00000000000361a6 .LASF8490
     /tmp/ccvncDcb.s:97125  .debug_str:0000000000007b91 .LASF8491
     /tmp/ccvncDcb.s:101985  .debug_str:000000000001ad25 .LASF8492
     /tmp/ccvncDcb.s:106843  .debug_str:000000000002e6e0 .LASF8493
     /tmp/ccvncDcb.s:109615  .debug_str:000000000003996b .LASF8494
     /tmp/ccvncDcb.s:106209  .debug_str:000000000002bee9 .LASF8495
     /tmp/ccvncDcb.s:113351  .debug_str:0000000000048d84 .LASF8496
     /tmp/ccvncDcb.s:99963  .debug_str:0000000000012cf1 .LASF8497
     /tmp/ccvncDcb.s:107721  .debug_str:0000000000031ca5 .LASF8498
     /tmp/ccvncDcb.s:101069  .debug_str:0000000000017233 .LASF8499
     /tmp/ccvncDcb.s:113173  .debug_str:0000000000048229 .LASF8500
     /tmp/ccvncDcb.s:112755  .debug_str:0000000000046671 .LASF8501
     /tmp/ccvncDcb.s:106515  .debug_str:000000000002d243 .LASF8502
     /tmp/ccvncDcb.s:115159  .debug_str:000000000005037d .LASF8503
     /tmp/ccvncDcb.s:100787  .debug_str:0000000000015f28 .LASF8504
     /tmp/ccvncDcb.s:101531  .debug_str:000000000001905f .LASF8505
     /tmp/ccvncDcb.s:111399  .debug_str:0000000000040967 .LASF8506
     /tmp/ccvncDcb.s:114075  .debug_str:000000000004baf7 .LASF8507
     /tmp/ccvncDcb.s:99501  .debug_str:0000000000011214 .LASF8508
     /tmp/ccvncDcb.s:109507  .debug_str:000000000003927c .LASF8509
     /tmp/ccvncDcb.s:103175  .debug_str:000000000001fb20 .LASF8510
     /tmp/ccvncDcb.s:107523  .debug_str:000000000003102a .LASF8511
     /tmp/ccvncDcb.s:103659  .debug_str:0000000000021d00 .LASF8512
     /tmp/ccvncDcb.s:113513  .debug_str:0000000000049754 .LASF8513
     /tmp/ccvncDcb.s:113899  .debug_str:000000000004af88 .LASF8514
     /tmp/ccvncDcb.s:95561  .debug_str:000000000000122e .LASF8515
     /tmp/ccvncDcb.s:115191  .debug_str:000000000005053d .LASF8516
     /tmp/ccvncDcb.s:116289  .debug_str:0000000000055099 .LASF8517
     /tmp/ccvncDcb.s:104809  .debug_str:00000000000269a3 .LASF8518
     /tmp/ccvncDcb.s:99069  .debug_str:000000000000f9d8 .LASF8519
     /tmp/ccvncDcb.s:113221  .debug_str:0000000000048513 .LASF8520
     /tmp/ccvncDcb.s:98961  .debug_str:000000000000f480 .LASF8521
     /tmp/ccvncDcb.s:95337  .debug_str:0000000000000348 .LASF8522
     /tmp/ccvncDcb.s:113211  .debug_str:000000000004849f .LASF8523
     /tmp/ccvncDcb.s:101921  .debug_str:000000000001a81a .LASF8524
     /tmp/ccvncDcb.s:99863  .debug_str:0000000000012658 .LASF8525
     /tmp/ccvncDcb.s:101451  .debug_str:0000000000018ac3 .LASF8526
     /tmp/ccvncDcb.s:104163  .debug_str:0000000000023ed2 .LASF8527
     /tmp/ccvncDcb.s:101857  .debug_str:000000000001a3f5 .LASF8528
     /tmp/ccvncDcb.s:103163  .debug_str:000000000001fa1f .LASF8529
     /tmp/ccvncDcb.s:101151  .debug_str:00000000000176da .LASF8530
     /tmp/ccvncDcb.s:111151  .debug_str:000000000003f8b0 .LASF8531
     /tmp/ccvncDcb.s:105679  .debug_str:0000000000029b44 .LASF8532
     /tmp/ccvncDcb.s:108309  .debug_str:000000000003411d .LASF8533
     /tmp/ccvncDcb.s:113039  .debug_str:0000000000047944 .LASF8534
     /tmp/ccvncDcb.s:106691  .debug_str:000000000002dd71 .LASF8535
     /tmp/ccvncDcb.s:113591  .debug_str:0000000000049c8f .LASF8536
     /tmp/ccvncDcb.s:105585  .debug_str:00000000000295c0 .LASF8537
     /tmp/ccvncDcb.s:106681  .debug_str:000000000002dd1f .LASF8538
     /tmp/ccvncDcb.s:113585  .debug_str:0000000000049c39 .LASF8539
     /tmp/ccvncDcb.s:110191  .debug_str:000000000003bd36 .LASF8540
     /tmp/ccvncDcb.s:113337  .debug_str:0000000000048c8f .LASF8541
     /tmp/ccvncDcb.s:99091  .debug_str:000000000000faee .LASF8542
     /tmp/ccvncDcb.s:103055  .debug_str:000000000001f237 .LASF8543
     /tmp/ccvncDcb.s:113327  .debug_str:0000000000048c30 .LASF8544
     /tmp/ccvncDcb.s:99085  .debug_str:000000000000faa8 .LASF8545
     /tmp/ccvncDcb.s:100403  .debug_str:0000000000014921 .LASF8546
     /tmp/ccvncDcb.s:107201  .debug_str:000000000002fc40 .LASF8547
     /tmp/ccvncDcb.s:95299  .debug_str:00000000000000b7 .LASF8548
     /tmp/ccvncDcb.s:115139  .debug_str:0000000000050226 .LASF8549
     /tmp/ccvncDcb.s:98767  .debug_str:000000000000e9a9 .LASF8550
     /tmp/ccvncDcb.s:98729  .debug_str:000000000000e78b .LASF8551
     /tmp/ccvncDcb.s:116187  .debug_str:00000000000549ae .LASF8552
     /tmp/ccvncDcb.s:102597  .debug_str:000000000001d436 .LASF8553
     /tmp/ccvncDcb.s:96491  .debug_str:00000000000051b4 .LASF8554
     /tmp/ccvncDcb.s:101461  .debug_str:0000000000018b8c .LASF8555
     /tmp/ccvncDcb.s:110381  .debug_str:000000000003c7e2 .LASF8556
     /tmp/ccvncDcb.s:98751  .debug_str:000000000000e907 .LASF8557
     /tmp/ccvncDcb.s:116231  .debug_str:0000000000054cbe .LASF8558
     /tmp/ccvncDcb.s:98953  .debug_str:000000000000f420 .LASF8559
     /tmp/ccvncDcb.s:98753  .debug_str:000000000000e910 .LASF8560
     /tmp/ccvncDcb.s:104203  .debug_str:00000000000240eb .LASF8561
     /tmp/ccvncDcb.s:110391  .debug_str:000000000003c89b .LASF8562
     /tmp/ccvncDcb.s:98757  .debug_str:000000000000e92c .LASF8563
     /tmp/ccvncDcb.s:111915  .debug_str:0000000000042c78 .LASF8564
     /tmp/ccvncDcb.s:98827  .debug_str:000000000000ec5d .LASF8565
     /tmp/ccvncDcb.s:98297  .debug_str:000000000000cb38 .LASF8566
     /tmp/ccvncDcb.s:95625  .debug_str:0000000000001645 .LASF8567
     /tmp/ccvncDcb.s:109927  .debug_str:000000000003adb0 .LASF8568
     /tmp/ccvncDcb.s:103943  .debug_str:000000000002305c .LASF8569
     /tmp/ccvncDcb.s:105545  .debug_str:000000000002934b .LASF8570
     /tmp/ccvncDcb.s:109929  .debug_str:000000000003adc8 .LASF8571
     /tmp/ccvncDcb.s:103945  .debug_str:0000000000023074 .LASF8572
     /tmp/ccvncDcb.s:112387  .debug_str:00000000000448da .LASF8573
     /tmp/ccvncDcb.s:115645  .debug_str:00000000000523df .LASF8574
     /tmp/ccvncDcb.s:101687  .debug_str:0000000000019ad9 .LASF8575
     /tmp/ccvncDcb.s:108043  .debug_str:00000000000330b1 .LASF8576
     /tmp/ccvncDcb.s:115647  .debug_str:00000000000523f7 .LASF8577
     /tmp/ccvncDcb.s:101689  .debug_str:0000000000019af1 .LASF8578
     /tmp/ccvncDcb.s:101263  .debug_str:0000000000017e10 .LASF8579
     /tmp/ccvncDcb.s:101473  .debug_str:0000000000018c69 .LASF8580
     /tmp/ccvncDcb.s:107595  .debug_str:0000000000031401 .LASF8581
     /tmp/ccvncDcb.s:99807  .debug_str:00000000000123a6 .LASF8582
     /tmp/ccvncDcb.s:100341  .debug_str:0000000000014579 .LASF8583
     /tmp/ccvncDcb.s:107597  .debug_str:0000000000031419 .LASF8584
     /tmp/ccvncDcb.s:114251  .debug_str:000000000004c717 .LASF8585
     /tmp/ccvncDcb.s:106173  .debug_str:000000000002bc31 .LASF8586
     /tmp/ccvncDcb.s:113291  .debug_str:0000000000048985 .LASF8587
     /tmp/ccvncDcb.s:112983  .debug_str:0000000000047536 .LASF8588
     /tmp/ccvncDcb.s:106175  .debug_str:000000000002bc49 .LASF8589
     /tmp/ccvncDcb.s:113293  .debug_str:000000000004899d .LASF8590
     /tmp/ccvncDcb.s:106351  .debug_str:000000000002c7e2 .LASF8591
     /tmp/ccvncDcb.s:111911  .debug_str:0000000000042c48 .LASF8592
     /tmp/ccvncDcb.s:108019  .debug_str:0000000000032efc .LASF8593
     /tmp/ccvncDcb.s:105001  .debug_str:0000000000027412 .LASF8594
     /tmp/ccvncDcb.s:111913  .debug_str:0000000000042c60 .LASF8595
     /tmp/ccvncDcb.s:97903  .debug_str:000000000000aed8 .LASF8596
     /tmp/ccvncDcb.s:98253  .debug_str:000000000000c82e .LASF8597
     /tmp/ccvncDcb.s:96555  .debug_str:0000000000005583 .LASF8598
     /tmp/ccvncDcb.s:103787  .debug_str:00000000000226f1 .LASF8599
     /tmp/ccvncDcb.s:96851  .debug_str:00000000000067ec .LASF8600
     /tmp/ccvncDcb.s:96557  .debug_str:000000000000559b .LASF8601
     /tmp/ccvncDcb.s:103789  .debug_str:0000000000022709 .LASF8602
     /tmp/ccvncDcb.s:111345  .debug_str:0000000000040589 .LASF8603
     /tmp/ccvncDcb.s:102351  .debug_str:000000000001c515 .LASF8604
     /tmp/ccvncDcb.s:110523  .debug_str:000000000003cf02 .LASF8605
     /tmp/ccvncDcb.s:106253  .debug_str:000000000002c142 .LASF8606
     /tmp/ccvncDcb.s:102353  .debug_str:000000000001c52d .LASF8607
     /tmp/ccvncDcb.s:109575  .debug_str:0000000000039722 .LASF8608
     /tmp/ccvncDcb.s:103347  .debug_str:00000000000206d4 .LASF8609
     /tmp/ccvncDcb.s:108219  .debug_str:0000000000033bdc .LASF8610
     /tmp/ccvncDcb.s:115281  .debug_str:0000000000050b72 .LASF8611
     /tmp/ccvncDcb.s:102029  .debug_str:000000000001b05f .LASF8612
     /tmp/ccvncDcb.s:108221  .debug_str:0000000000033bf4 .LASF8613
     /tmp/ccvncDcb.s:115283  .debug_str:0000000000050b8a .LASF8614
     /tmp/ccvncDcb.s:95403  .debug_str:00000000000007dc .LASF8615
     /tmp/ccvncDcb.s:113947  .debug_str:000000000004b26d .LASF8616
     /tmp/ccvncDcb.s:99981  .debug_str:0000000000012e3a .LASF8617
     /tmp/ccvncDcb.s:114971  .debug_str:000000000004f5e7 .LASF8618
     /tmp/ccvncDcb.s:113949  .debug_str:000000000004b285 .LASF8619
     /tmp/ccvncDcb.s:99983  .debug_str:0000000000012e52 .LASF8620
     /tmp/ccvncDcb.s:108399  .debug_str:00000000000346d5 .LASF8621
     /tmp/ccvncDcb.s:98537  .debug_str:000000000000db2f .LASF8622
     /tmp/ccvncDcb.s:105813  .debug_str:000000000002a4c3 .LASF8623
     /tmp/ccvncDcb.s:107139  .debug_str:000000000002f89b .LASF8624
     /tmp/ccvncDcb.s:98539  .debug_str:000000000000db47 .LASF8625
     /tmp/ccvncDcb.s:102479  .debug_str:000000000001ccbe .LASF8626
     /tmp/ccvncDcb.s:100371  .debug_str:0000000000014776 .LASF8627
     /tmp/ccvncDcb.s:115797  .debug_str:0000000000053069 .LASF8628
     /tmp/ccvncDcb.s:100165  .debug_str:0000000000013a48 .LASF8629
     /tmp/ccvncDcb.s:102777  .debug_str:000000000001df72 .LASF8630
     /tmp/ccvncDcb.s:115799  .debug_str:0000000000053082 .LASF8631
     /tmp/ccvncDcb.s:100167  .debug_str:0000000000013a61 .LASF8632
     /tmp/ccvncDcb.s:96087  .debug_str:00000000000036ab .LASF8633
     /tmp/ccvncDcb.s:100477  .debug_str:0000000000014dfd .LASF8634
     /tmp/ccvncDcb.s:97775  .debug_str:000000000000a6ac .LASF8635
     /tmp/ccvncDcb.s:115887  .debug_str:0000000000053679 .LASF8636
     /tmp/ccvncDcb.s:100479  .debug_str:0000000000014e16 .LASF8637
     /tmp/ccvncDcb.s:105993  .debug_str:000000000002b0c7 .LASF8638
     /tmp/ccvncDcb.s:109301  .debug_str:00000000000383a0 .LASF8639
     /tmp/ccvncDcb.s:104141  .debug_str:0000000000023df5 .LASF8640
     /tmp/ccvncDcb.s:111751  .debug_str:00000000000421b2 .LASF8641
     /tmp/ccvncDcb.s:108015  .debug_str:0000000000032ec5 .LASF8642
     /tmp/ccvncDcb.s:104145  .debug_str:0000000000023e19 .LASF8643
     /tmp/ccvncDcb.s:111753  .debug_str:00000000000421cb .LASF8644
     /tmp/ccvncDcb.s:101231  .debug_str:0000000000017c28 .LASF8645
     /tmp/ccvncDcb.s:112061  .debug_str:0000000000043525 .LASF8646
     /tmp/ccvncDcb.s:96383  .debug_str:0000000000004a81 .LASF8647
     /tmp/ccvncDcb.s:99773  .debug_str:00000000000120fa .LASF8648
     /tmp/ccvncDcb.s:112063  .debug_str:000000000004353e .LASF8649
     /tmp/ccvncDcb.s:96385  .debug_str:0000000000004a9a .LASF8650
     /tmp/ccvncDcb.s:114219  .debug_str:000000000004c484 .LASF8651
     /tmp/ccvncDcb.s:96719  .debug_str:0000000000005fd8 .LASF8652
     /tmp/ccvncDcb.s:102173  .debug_str:000000000001b973 .LASF8653
     /tmp/ccvncDcb.s:112949  .debug_str:000000000004733a .LASF8654
     /tmp/ccvncDcb.s:96721  .debug_str:0000000000005ff1 .LASF8655
     /tmp/ccvncDcb.s:111481  .debug_str:0000000000040ea7 .LASF8656
     /tmp/ccvncDcb.s:106317  .debug_str:000000000002c59e .LASF8657
     /tmp/ccvncDcb.s:96565  .debug_str:00000000000055e9 .LASF8658
     /tmp/ccvncDcb.s:108051  .debug_str:000000000003314c .LASF8659
     /tmp/ccvncDcb.s:104971  .debug_str:0000000000027224 .LASF8660
     /tmp/ccvncDcb.s:96569  .debug_str:0000000000005623 .LASF8661
     /tmp/ccvncDcb.s:108053  .debug_str:0000000000033165 .LASF8662
     /tmp/ccvncDcb.s:98223  .debug_str:000000000000c584 .LASF8663
     /tmp/ccvncDcb.s:109673  .debug_str:0000000000039d6a .LASF8664
     /tmp/ccvncDcb.s:101375  .debug_str:00000000000184c2 .LASF8665
     /tmp/ccvncDcb.s:108071  .debug_str:00000000000332cf .LASF8666
     /tmp/ccvncDcb.s:112307  .debug_str:0000000000044431 .LASF8667
     /tmp/ccvncDcb.s:97655  .debug_str:0000000000009e2b .LASF8668
     /tmp/ccvncDcb.s:108453  .debug_str:0000000000034a4a .LASF8669
     /tmp/ccvncDcb.s:109085  .debug_str:0000000000037435 .LASF8670
     /tmp/ccvncDcb.s:100021  .debug_str:00000000000130f2 .LASF8671
     /tmp/ccvncDcb.s:105967  .debug_str:000000000002af1b .LASF8672
     /tmp/ccvncDcb.s:109087  .debug_str:0000000000037442 .LASF8673
     /tmp/ccvncDcb.s:97661  .debug_str:0000000000009e6f .LASF8674
     /tmp/ccvncDcb.s:109503  .debug_str:0000000000039243 .LASF8675
     /tmp/ccvncDcb.s:107497  .debug_str:0000000000030e95 .LASF8676
     /tmp/ccvncDcb.s:97057  .debug_str:00000000000076f5 .LASF8677
     /tmp/ccvncDcb.s:102905  .debug_str:000000000001e819 .LASF8678
     /tmp/ccvncDcb.s:111927  .debug_str:0000000000042cea .LASF8679
     /tmp/ccvncDcb.s:102607  .debug_str:000000000001d4ba .LASF8680
     /tmp/ccvncDcb.s:115289  .debug_str:0000000000050bff .LASF8681
     /tmp/ccvncDcb.s:99939  .debug_str:0000000000012b48 .LASF8682
     /tmp/ccvncDcb.s:111103  .debug_str:000000000003f592 .LASF8683
     /tmp/ccvncDcb.s:100365  .debug_str:000000000001470c .LASF8684
     /tmp/ccvncDcb.s:114653  .debug_str:000000000004e0ea .LASF8685
     /tmp/ccvncDcb.s:102837  .debug_str:000000000001e3c6 .LASF8686
     /tmp/ccvncDcb.s:95431  .debug_str:00000000000009f1 .LASF8687
     /tmp/ccvncDcb.s:103907  .debug_str:0000000000022dbd .LASF8688
     /tmp/ccvncDcb.s:100823  .debug_str:0000000000016185 .LASF8689
     /tmp/ccvncDcb.s:113709  .debug_str:000000000004a412 .LASF8690
     /tmp/ccvncDcb.s:101499  .debug_str:0000000000018e4a .LASF8691
     /tmp/ccvncDcb.s:106169  .debug_str:000000000002bc02 .LASF8692
     /tmp/ccvncDcb.s:111517  .debug_str:00000000000410f6 .LASF8693
     /tmp/ccvncDcb.s:113109  .debug_str:0000000000047e45 .LASF8694
     /tmp/ccvncDcb.s:109331  .debug_str:00000000000385ce .LASF8695
     /tmp/ccvncDcb.s:109729  .debug_str:000000000003a108 .LASF8696
     /tmp/ccvncDcb.s:95765  .debug_str:0000000000002165 .LASF8697
     /tmp/ccvncDcb.s:110979  .debug_str:000000000003ed41 .LASF8698
     /tmp/ccvncDcb.s:103075  .debug_str:000000000001f3e8 .LASF8699
     /tmp/ccvncDcb.s:112591  .debug_str:000000000004597e .LASF8700
     /tmp/ccvncDcb.s:115959  .debug_str:0000000000053ad7 .LASF8701
     /tmp/ccvncDcb.s:112685  .debug_str:00000000000461e4 .LASF8702
     /tmp/ccvncDcb.s:100625  .debug_str:00000000000156d4 .LASF8703
     /tmp/ccvncDcb.s:107235  .debug_str:000000000002fe1b .LASF8704
     /tmp/ccvncDcb.s:107145  .debug_str:000000000002f8e3 .LASF8705
     /tmp/ccvncDcb.s:112045  .debug_str:000000000004344c .LASF8706
     /tmp/ccvncDcb.s:107491  .debug_str:0000000000030e32 .LASF8707
     /tmp/ccvncDcb.s:109263  .debug_str:000000000003809f .LASF8708
     /tmp/ccvncDcb.s:96143  .debug_str:000000000000398d .LASF8709
     /tmp/ccvncDcb.s:107251  .debug_str:000000000002ff18 .LASF8710
     /tmp/ccvncDcb.s:107053  .debug_str:000000000002f32a .LASF8711
     /tmp/ccvncDcb.s:103283  .debug_str:00000000000202fc .LASF8712
     /tmp/ccvncDcb.s:106645  .debug_str:000000000002da01 .LASF8713
     /tmp/ccvncDcb.s:95459  .debug_str:0000000000000bb5 .LASF8714
     /tmp/ccvncDcb.s:105357  .debug_str:0000000000028758 .LASF8715
     /tmp/ccvncDcb.s:109049  .debug_str:00000000000371ad .LASF8716
     /tmp/ccvncDcb.s:105843  .debug_str:000000000002a695 .LASF8717
     /tmp/ccvncDcb.s:102423  .debug_str:000000000001c9f2 .LASF8718
     /tmp/ccvncDcb.s:116291  .debug_str:00000000000550af .LASF8719
     /tmp/ccvncDcb.s:103765  .debug_str:00000000000224a8 .LASF8720
     /tmp/ccvncDcb.s:98011  .debug_str:000000000000b635 .LASF8721
     /tmp/ccvncDcb.s:109201  .debug_str:0000000000037cc5 .LASF8722
     /tmp/ccvncDcb.s:116295  .debug_str:00000000000550d9 .LASF8723
     /tmp/ccvncDcb.s:97529  .debug_str:00000000000095b4 .LASF8724
     /tmp/ccvncDcb.s:97273  .debug_str:00000000000085a1 .LASF8725
     /tmp/ccvncDcb.s:104229  .debug_str:000000000002437b .LASF8726
     /tmp/ccvncDcb.s:114747  .debug_str:000000000004e81b .LASF8727
     /tmp/ccvncDcb.s:99239  .debug_str:000000000001021d .LASF8728
     /tmp/ccvncDcb.s:108415  .debug_str:00000000000347d2 .LASF8729
     /tmp/ccvncDcb.s:103613  .debug_str:0000000000021931 .LASF8730
     /tmp/ccvncDcb.s:97285  .debug_str:000000000000864c .LASF8731
     /tmp/ccvncDcb.s:102115  .debug_str:000000000001b5ae .LASF8732
     /tmp/ccvncDcb.s:100525  .debug_str:00000000000150c4 .LASF8733
     /tmp/ccvncDcb.s:115109  .debug_str:0000000000050019 .LASF8734
     /tmp/ccvncDcb.s:110875  .debug_str:000000000003e62d .LASF8735
     /tmp/ccvncDcb.s:116245  .debug_str:0000000000054d9e .LASF8736
     /tmp/ccvncDcb.s:98815  .debug_str:000000000000ebbd .LASF8737
     /tmp/ccvncDcb.s:96349  .debug_str:00000000000048c7 .LASF8738
     /tmp/ccvncDcb.s:96433  .debug_str:0000000000004dfb .LASF8739
     /tmp/ccvncDcb.s:100223  .debug_str:0000000000013d0f .LASF8740
     /tmp/ccvncDcb.s:100007  .debug_str:0000000000012fd3 .LASF8741
     /tmp/ccvncDcb.s:99419  .debug_str:0000000000010e3b .LASF8742
     /tmp/ccvncDcb.s:98887  .debug_str:000000000000f021 .LASF8743
     /tmp/ccvncDcb.s:101635  .debug_str:0000000000019738 .LASF8744
     /tmp/ccvncDcb.s:99407  .debug_str:0000000000010d29 .LASF8745
     /tmp/ccvncDcb.s:110583  .debug_str:000000000003d35a .LASF8746
     /tmp/ccvncDcb.s:104159  .debug_str:0000000000023ea2 .LASF8747
     /tmp/ccvncDcb.s:110111  .debug_str:000000000003b908 .LASF8748
     /tmp/ccvncDcb.s:113817  .debug_str:000000000004ab21 .LASF8749
     /tmp/ccvncDcb.s:98039  .debug_str:000000000000b865 .LASF8750
     /tmp/ccvncDcb.s:95455  .debug_str:0000000000000b9c .LASF8751
     /tmp/ccvncDcb.s:115957  .debug_str:0000000000053acf .LASF8752
     /tmp/ccvncDcb.s:110633  .debug_str:000000000003d610 .LASF8753
     /tmp/ccvncDcb.s:103851  .debug_str:0000000000022ac3 .LASF8754
     /tmp/ccvncDcb.s:100397  .debug_str:00000000000148b3 .LASF8755
     /tmp/ccvncDcb.s:108009  .debug_str:0000000000032e83 .LASF8756
     /tmp/ccvncDcb.s:99895  .debug_str:0000000000012827 .LASF8757
     /tmp/ccvncDcb.s:111039  .debug_str:000000000003f1ac .LASF8758
     /tmp/ccvncDcb.s:107875  .debug_str:000000000003266c .LASF8759
     /tmp/ccvncDcb.s:104483  .debug_str:000000000002536e .LASF8760
     /tmp/ccvncDcb.s:108285  .debug_str:0000000000033fb4 .LASF8761
     /tmp/ccvncDcb.s:96787  .debug_str:00000000000063c3 .LASF8762
     /tmp/ccvncDcb.s:114199  .debug_str:000000000004c310 .LASF8763
     /tmp/ccvncDcb.s:98275  .debug_str:000000000000c9f8 .LASF8764
     /tmp/ccvncDcb.s:109309  .debug_str:0000000000038436 .LASF8765
     /tmp/ccvncDcb.s:99977  .debug_str:0000000000012dfa .LASF8766
     /tmp/ccvncDcb.s:110169  .debug_str:000000000003bba7 .LASF8767
     /tmp/ccvncDcb.s:95519  .debug_str:0000000000000f4a .LASF8768
     /tmp/ccvncDcb.s:110245  .debug_str:000000000003c020 .LASF8769
     /tmp/ccvncDcb.s:113929  .debug_str:000000000004b149 .LASF8770
     /tmp/ccvncDcb.s:114309  .debug_str:000000000004cad5 .LASF8771
     /tmp/ccvncDcb.s:98103  .debug_str:000000000000bd12 .LASF8772
     /tmp/ccvncDcb.s:109293  .debug_str:0000000000038319 .LASF8773
     /tmp/ccvncDcb.s:104043  .debug_str:0000000000023706 .LASF8774
     /tmp/ccvncDcb.s:103239  .debug_str:000000000001ff4e .LASF8775
     /tmp/ccvncDcb.s:113651  .debug_str:000000000004a0ba .LASF8776
     /tmp/ccvncDcb.s:95493  .debug_str:0000000000000d73 .LASF8777
     /tmp/ccvncDcb.s:105273  .debug_str:000000000002822d .LASF8778
     /tmp/ccvncDcb.s:112523  .debug_str:0000000000045417 .LASF8779
     /tmp/ccvncDcb.s:115705  .debug_str:00000000000528f8 .LASF8780
     /tmp/ccvncDcb.s:110461  .debug_str:000000000003cbfd .LASF8781
     /tmp/ccvncDcb.s:102675  .debug_str:000000000001d8d5 .LASF8782
     /tmp/ccvncDcb.s:103359  .debug_str:00000000000207a8 .LASF8783
     /tmp/ccvncDcb.s:111079  .debug_str:000000000003f415 .LASF8784
     /tmp/ccvncDcb.s:112411  .debug_str:0000000000044adb .LASF8785
     /tmp/ccvncDcb.s:104887  .debug_str:0000000000026da1 .LASF8786
     /tmp/ccvncDcb.s:98355  .debug_str:000000000000ceb3 .LASF8787
     /tmp/ccvncDcb.s:108577  .debug_str:0000000000035351 .LASF8788
     /tmp/ccvncDcb.s:105697  .debug_str:0000000000029ccf .LASF8789
     /tmp/ccvncDcb.s:103671  .debug_str:0000000000021df7 .LASF8790
     /tmp/ccvncDcb.s:106655  .debug_str:000000000002dab2 .LASF8791
     /tmp/ccvncDcb.s:106949  .debug_str:000000000002ecfe .LASF8792
     /tmp/ccvncDcb.s:115413  .debug_str:0000000000051479 .LASF8793
     /tmp/ccvncDcb.s:111053  .debug_str:000000000003f2ad .LASF8794
     /tmp/ccvncDcb.s:112371  .debug_str:00000000000447c8 .LASF8795
     /tmp/ccvncDcb.s:103409  .debug_str:0000000000020aee .LASF8796
     /tmp/ccvncDcb.s:112611  .debug_str:0000000000045ab5 .LASF8797
     /tmp/ccvncDcb.s:114351  .debug_str:000000000004cd5b .LASF8798
     /tmp/ccvncDcb.s:98951  .debug_str:000000000000f40e .LASF8799
     /tmp/ccvncDcb.s:113457  .debug_str:0000000000049440 .LASF8800
     /tmp/ccvncDcb.s:97211  .debug_str:0000000000008132 .LASF8801
     /tmp/ccvncDcb.s:109807  .debug_str:000000000003a618 .LASF8802
     /tmp/ccvncDcb.s:113527  .debug_str:000000000004982f .LASF8803
     /tmp/ccvncDcb.s:110887  .debug_str:000000000003e70d .LASF8804
     /tmp/ccvncDcb.s:98023  .debug_str:000000000000b6ca .LASF8805
     /tmp/ccvncDcb.s:109209  .debug_str:0000000000037d36 .LASF8806
     /tmp/ccvncDcb.s:105083  .debug_str:000000000002780c .LASF8807
     /tmp/ccvncDcb.s:98191  .debug_str:000000000000c39a .LASF8808
     /tmp/ccvncDcb.s:109385  .debug_str:0000000000038a00 .LASF8809
     /tmp/ccvncDcb.s:102689  .debug_str:000000000001d99c .LASF8810
     /tmp/ccvncDcb.s:101561  .debug_str:00000000000192a9 .LASF8811
     /tmp/ccvncDcb.s:101353  .debug_str:00000000000183ab .LASF8812
     /tmp/ccvncDcb.s:105519  .debug_str:00000000000291b9 .LASF8813
     /tmp/ccvncDcb.s:96635  .debug_str:0000000000005a4f .LASF8814
     /tmp/ccvncDcb.s:97277  .debug_str:00000000000085c9 .LASF8815
     /tmp/ccvncDcb.s:104699  .debug_str:00000000000261b5 .LASF8816
     /tmp/ccvncDcb.s:109497  .debug_str:00000000000391f7 .LASF8817
     /tmp/ccvncDcb.s:95573  .debug_str:0000000000001316 .LASF8818
     /tmp/ccvncDcb.s:105423  .debug_str:0000000000028b2c .LASF8819
     /tmp/ccvncDcb.s:110667  .debug_str:000000000003d7dd .LASF8820
     /tmp/ccvncDcb.s:96431  .debug_str:0000000000004def .LASF8821
     /tmp/ccvncDcb.s:106867  .debug_str:000000000002e8b4 .LASF8822
     /tmp/ccvncDcb.s:108419  .debug_str:0000000000034868 .LASF8823
     /tmp/ccvncDcb.s:105407  .debug_str:0000000000028a2a .LASF8824
     /tmp/ccvncDcb.s:102055  .debug_str:000000000001b220 .LASF8825
     /tmp/ccvncDcb.s:102921  .debug_str:000000000001e8cd .LASF8826
     /tmp/ccvncDcb.s:110183  .debug_str:000000000003bc93 .LASF8827
     /tmp/ccvncDcb.s:113565  .debug_str:0000000000049a6d .LASF8828
     /tmp/ccvncDcb.s:109035  .debug_str:00000000000370db .LASF8829
     /tmp/ccvncDcb.s:116147  .debug_str:00000000000546d1 .LASF8830
     /tmp/ccvncDcb.s:104991  .debug_str:0000000000027369 .LASF8831
     /tmp/ccvncDcb.s:101347  .debug_str:000000000001837a .LASF8832
     /tmp/ccvncDcb.s:103895  .debug_str:0000000000022d17 .LASF8833
     /tmp/ccvncDcb.s:109983  .debug_str:000000000003b095 .LASF8834
     /tmp/ccvncDcb.s:106475  .debug_str:000000000002cfba .LASF8835
     /tmp/ccvncDcb.s:113911  .debug_str:000000000004b094 .LASF8836
     /tmp/ccvncDcb.s:107703  .debug_str:0000000000031aef .LASF8837
     /tmp/ccvncDcb.s:106477  .debug_str:000000000002cfcd .LASF8838
     /tmp/ccvncDcb.s:113913  .debug_str:000000000004b0a7 .LASF8839
     /tmp/ccvncDcb.s:102741  .debug_str:000000000001dd44 .LASF8840
     /tmp/ccvncDcb.s:106479  .debug_str:000000000002cfe0 .LASF8841
     /tmp/ccvncDcb.s:105773  .debug_str:000000000002a22a .LASF8842
     /tmp/ccvncDcb.s:115317  .debug_str:0000000000050dba .LASF8843
     /tmp/ccvncDcb.s:105841  .debug_str:000000000002a682 .LASF8844
     /tmp/ccvncDcb.s:113917  .debug_str:000000000004b0c7 .LASF8845
     /tmp/ccvncDcb.s:108733  .debug_str:0000000000035d60 .LASF8846
     /tmp/ccvncDcb.s:106483  .debug_str:000000000002d014 .LASF8847
     /tmp/ccvncDcb.s:113919  .debug_str:000000000004b0da .LASF8848
     /tmp/ccvncDcb.s:101961  .debug_str:000000000001ab0c .LASF8849
     /tmp/ccvncDcb.s:106485  .debug_str:000000000002d027 .LASF8850
     /tmp/ccvncDcb.s:113921  .debug_str:000000000004b0ed .LASF8851
     /tmp/ccvncDcb.s:95327  .debug_str:00000000000002a3 .LASF8852
     /tmp/ccvncDcb.s:106487  .debug_str:000000000002d03a .LASF8853
     /tmp/ccvncDcb.s:113923  .debug_str:000000000004b100 .LASF8854
     /tmp/ccvncDcb.s:109771  .debug_str:000000000003a342 .LASF8855
     /tmp/ccvncDcb.s:106489  .debug_str:000000000002d04d .LASF8856
     /tmp/ccvncDcb.s:113925  .debug_str:000000000004b113 .LASF8857
     /tmp/ccvncDcb.s:103057  .debug_str:000000000001f255 .LASF8858
     /tmp/ccvncDcb.s:95835  .debug_str:000000000000262c .LASF8859
     /tmp/ccvncDcb.s:103329  .debug_str:0000000000020619 .LASF8860
     /tmp/ccvncDcb.s:114085  .debug_str:000000000004bbc8 .LASF8861
     /tmp/ccvncDcb.s:113541  .debug_str:0000000000049932 .LASF8862
     /tmp/ccvncDcb.s:103331  .debug_str:000000000002062c .LASF8863
     /tmp/ccvncDcb.s:107487  .debug_str:0000000000030dd5 .LASF8864
     /tmp/ccvncDcb.s:95839  .debug_str:0000000000002658 .LASF8865
     /tmp/ccvncDcb.s:103333  .debug_str:000000000002063f .LASF8866
     /tmp/ccvncDcb.s:100729  .debug_str:0000000000015c9d .LASF8867
     /tmp/ccvncDcb.s:95841  .debug_str:000000000000266b .LASF8868
     /tmp/ccvncDcb.s:103335  .debug_str:0000000000020652 .LASF8869
     /tmp/ccvncDcb.s:115101  .debug_str:000000000004ffa0 .LASF8870
     /tmp/ccvncDcb.s:113551  .debug_str:0000000000049994 .LASF8871
     /tmp/ccvncDcb.s:103337  .debug_str:0000000000020665 .LASF8872
     /tmp/ccvncDcb.s:102763  .debug_str:000000000001de75 .LASF8873
     /tmp/ccvncDcb.s:95845  .debug_str:0000000000002698 .LASF8874
     /tmp/ccvncDcb.s:103339  .debug_str:0000000000020678 .LASF8875
     /tmp/ccvncDcb.s:102061  .debug_str:000000000001b296 .LASF8876
     /tmp/ccvncDcb.s:95847  .debug_str:00000000000026ab .LASF8877
     /tmp/ccvncDcb.s:103341  .debug_str:000000000002068b .LASF8878
     /tmp/ccvncDcb.s:116173  .debug_str:00000000000548cc .LASF8879
     /tmp/ccvncDcb.s:113561  .debug_str:0000000000049a3e .LASF8880
     /tmp/ccvncDcb.s:103343  .debug_str:000000000002069e .LASF8881
     /tmp/ccvncDcb.s:109561  .debug_str:00000000000395e3 .LASF8882
     /tmp/ccvncDcb.s:115011  .debug_str:000000000004f8b6 .LASF8883
     /tmp/ccvncDcb.s:106385  .debug_str:000000000002ca90 .LASF8884
     /tmp/ccvncDcb.s:115133  .debug_str:00000000000501d3 .LASF8885
     /tmp/ccvncDcb.s:104329  .debug_str:000000000002493d .LASF8886
     /tmp/ccvncDcb.s:95595  .debug_str:0000000000001472 .LASF8887
     /tmp/ccvncDcb.s:100535  .debug_str:000000000001513b .LASF8888
     /tmp/ccvncDcb.s:103029  .debug_str:000000000001f06a .LASF8889
     /tmp/ccvncDcb.s:108643  .debug_str:000000000003577f .LASF8890
     /tmp/ccvncDcb.s:107397  .debug_str:00000000000308b2 .LASF8891
     /tmp/ccvncDcb.s:104909  .debug_str:0000000000026ee8 .LASF8892
     /tmp/ccvncDcb.s:110773  .debug_str:000000000003de8c .LASF8893
     /tmp/ccvncDcb.s:115513  .debug_str:0000000000051b73 .LASF8894
     /tmp/ccvncDcb.s:105259  .debug_str:0000000000028163 .LASF8895
     /tmp/ccvncDcb.s:101831  .debug_str:000000000001a254 .LASF8896
     /tmp/ccvncDcb.s:97349  .debug_str:00000000000089ef .LASF8897
     /tmp/ccvncDcb.s:109249  .debug_str:0000000000037fa2 .LASF8898
     /tmp/ccvncDcb.s:116101  .debug_str:000000000005436a .LASF8899
     /tmp/ccvncDcb.s:97779  .debug_str:000000000000a6e6 .LASF8900
     /tmp/ccvncDcb.s:109861  .debug_str:000000000003a946 .LASF8901
     /tmp/ccvncDcb.s:108571  .debug_str:00000000000352d0 .LASF8902
     /tmp/ccvncDcb.s:96751  .debug_str:000000000000619f .LASF8903
     /tmp/ccvncDcb.s:112023  .debug_str:00000000000432bf .LASF8904
     /tmp/ccvncDcb.s:107807  .debug_str:0000000000032297 .LASF8905
     /tmp/ccvncDcb.s:100009  .debug_str:0000000000012fef .LASF8906
     /tmp/ccvncDcb.s:109551  .debug_str:000000000003957d .LASF8907
     /tmp/ccvncDcb.s:113255  .debug_str:000000000004872e .LASF8908
     /tmp/ccvncDcb.s:103121  .debug_str:000000000001f756 .LASF8909
     /tmp/ccvncDcb.s:103995  .debug_str:00000000000233c5 .LASF8910
     /tmp/ccvncDcb.s:111107  .debug_str:000000000003f5e0 .LASF8911
     /tmp/ccvncDcb.s:96523  .debug_str:0000000000005360 .LASF8912
     /tmp/ccvncDcb.s:113509  .debug_str:000000000004973b .LASF8913
     /tmp/ccvncDcb.s:96541  .debug_str:00000000000054c2 .LASF8914
     /tmp/ccvncDcb.s:113013  .debug_str:00000000000477b5 .LASF8915
     /tmp/ccvncDcb.s:109965  .debug_str:000000000003af4a .LASF8916
     /tmp/ccvncDcb.s:113693  .debug_str:000000000004a332 .LASF8917
     /tmp/ccvncDcb.s:106913  .debug_str:000000000002eb64 .LASF8918
     /tmp/ccvncDcb.s:100161  .debug_str:0000000000013a12 .LASF8919
     /tmp/ccvncDcb.s:114157  .debug_str:000000000004c067 .LASF8920
     /tmp/ccvncDcb.s:104521  .debug_str:00000000000255d2 .LASF8921
     /tmp/ccvncDcb.s:99587  .debug_str:00000000000116fb .LASF8922
     /tmp/ccvncDcb.s:98239  .debug_str:000000000000c6d8 .LASF8923
     /tmp/ccvncDcb.s:114709  .debug_str:000000000004e531 .LASF8924
     /tmp/ccvncDcb.s:101939  .debug_str:000000000001a964 .LASF8925
     /tmp/ccvncDcb.s:97871  .debug_str:000000000000acdd .LASF8926
     /tmp/ccvncDcb.s:98703  .debug_str:000000000000e5c8 .LASF8927
     /tmp/ccvncDcb.s:104027  .debug_str:000000000002362a .LASF8928
     /tmp/ccvncDcb.s:99969  .debug_str:0000000000012d56 .LASF8929
     /tmp/ccvncDcb.s:112805  .debug_str:0000000000046a6d .LASF8930
     /tmp/ccvncDcb.s:98865  .debug_str:000000000000ef1b .LASF8931
     /tmp/ccvncDcb.s:114321  .debug_str:000000000004cbb6 .LASF8932
     /tmp/ccvncDcb.s:95449  .debug_str:0000000000000b4d .LASF8933
     /tmp/ccvncDcb.s:97971  .debug_str:000000000000b397 .LASF8934
     /tmp/ccvncDcb.s:97067  .debug_str:00000000000077bb .LASF8935
     /tmp/ccvncDcb.s:104313  .debug_str:0000000000024820 .LASF8936
     /tmp/ccvncDcb.s:105729  .debug_str:0000000000029f08 .LASF8937
     /tmp/ccvncDcb.s:96493  .debug_str:00000000000051c2 .LASF8938
     /tmp/ccvncDcb.s:114179  .debug_str:000000000004c1a5 .LASF8939
     /tmp/ccvncDcb.s:102245  .debug_str:000000000001be07 .LASF8940
     /tmp/ccvncDcb.s:106057  .debug_str:000000000002b55a .LASF8941
     /tmp/ccvncDcb.s:103469  .debug_str:0000000000020f7d .LASF8942
     /tmp/ccvncDcb.s:95429  .debug_str:00000000000009e1 .LASF8943
     /tmp/ccvncDcb.s:96243  .debug_str:0000000000004085 .LASF8944
     /tmp/ccvncDcb.s:106583  .debug_str:000000000002d708 .LASF8945
     /tmp/ccvncDcb.s:114385  .debug_str:000000000004cfc1 .LASF8946
     /tmp/ccvncDcb.s:105009  .debug_str:00000000000274a3 .LASF8947
     /tmp/ccvncDcb.s:95987  .debug_str:0000000000002fee .LASF8948
     /tmp/ccvncDcb.s:100079  .debug_str:000000000001351e .LASF8949
     /tmp/ccvncDcb.s:107553  .debug_str:0000000000031191 .LASF8950
     /tmp/ccvncDcb.s:102161  .debug_str:000000000001b8cc .LASF8951
     /tmp/ccvncDcb.s:101029  .debug_str:0000000000016fef .LASF8952
     /tmp/ccvncDcb.s:111061  .debug_str:000000000003f31d .LASF8953
     /tmp/ccvncDcb.s:101933  .debug_str:000000000001a8de .LASF8954
     /tmp/ccvncDcb.s:105265  .debug_str:0000000000028197 .LASF8955
     /tmp/ccvncDcb.s:98593  .debug_str:000000000000df0a .LASF8956
     /tmp/ccvncDcb.s:108843  .debug_str:0000000000036567 .LASF8957
     /tmp/ccvncDcb.s:106627  .debug_str:000000000002d938 .LASF8958
     /tmp/ccvncDcb.s:107095  .debug_str:000000000002f639 .LASF8959
     /tmp/ccvncDcb.s:111675  .debug_str:0000000000041c72 .LASF8960
     /tmp/ccvncDcb.s:109857  .debug_str:000000000003a90f .LASF8961
     /tmp/ccvncDcb.s:113773  .debug_str:000000000004a882 .LASF8962
     /tmp/ccvncDcb.s:105657  .debug_str:00000000000299dc .LASF8963
     /tmp/ccvncDcb.s:108163  .debug_str:00000000000338bb .LASF8964
     /tmp/ccvncDcb.s:97841  .debug_str:000000000000aa87 .LASF8965
     /tmp/ccvncDcb.s:110403  .debug_str:000000000003c931 .LASF8966
     /tmp/ccvncDcb.s:100547  .debug_str:00000000000151ea .LASF8967
     /tmp/ccvncDcb.s:100883  .debug_str:0000000000016594 .LASF8968
     /tmp/ccvncDcb.s:102883  .debug_str:000000000001e699 .LASF8969
     /tmp/ccvncDcb.s:102311  .debug_str:000000000001c357 .LASF8970
     /tmp/ccvncDcb.s:102685  .debug_str:000000000001d963 .LASF8971
     /tmp/ccvncDcb.s:97181  .debug_str:0000000000007f78 .LASF8972
     /tmp/ccvncDcb.s:99427  .debug_str:0000000000010e9f .LASF8973
     /tmp/ccvncDcb.s:107853  .debug_str:000000000003254c .LASF8974
     /tmp/ccvncDcb.s:99987  .debug_str:0000000000012e91 .LASF8975
     /tmp/ccvncDcb.s:101189  .debug_str:0000000000017933 .LASF8976
     /tmp/ccvncDcb.s:103869  .debug_str:0000000000022b69 .LASF8977
     /tmp/ccvncDcb.s:100519  .debug_str:0000000000015071 .LASF8978
     /tmp/ccvncDcb.s:97443  .debug_str:00000000000090a9 .LASF8979
     /tmp/ccvncDcb.s:106641  .debug_str:000000000002d9d1 .LASF8980
     /tmp/ccvncDcb.s:108551  .debug_str:00000000000350eb .LASF8981
     /tmp/ccvncDcb.s:116299  .debug_str:000000000005512c .LASF8982
     /tmp/ccvncDcb.s:96127  .debug_str:00000000000038ae .LASF8983
     /tmp/ccvncDcb.s:106027  .debug_str:000000000002b319 .LASF8984
     /tmp/ccvncDcb.s:115655  .debug_str:0000000000052496 .LASF8985
     /tmp/ccvncDcb.s:96983  .debug_str:00000000000070ae .LASF8986
     /tmp/ccvncDcb.s:105909  .debug_str:000000000002aad9 .LASF8987
     /tmp/ccvncDcb.s:98371  .debug_str:000000000000cfb6 .LASF8988
     /tmp/ccvncDcb.s:109165  .debug_str:000000000003796f .LASF8989
     /tmp/ccvncDcb.s:107355  .debug_str:0000000000030605 .LASF8990
     /tmp/ccvncDcb.s:103573  .debug_str:00000000000216ec .LASF8991
     /tmp/ccvncDcb.s:114167  .debug_str:000000000004c0e8 .LASF8992
     /tmp/ccvncDcb.s:112235  .debug_str:0000000000043f9c .LASF8993
     /tmp/ccvncDcb.s:115311  .debug_str:0000000000050d88 .LASF8994
     /tmp/ccvncDcb.s:108199  .debug_str:0000000000033abc .LASF8995
     /tmp/ccvncDcb.s:101649  .debug_str:000000000001986d .LASF8996
     /tmp/ccvncDcb.s:99647  .debug_str:0000000000011a5a .LASF8997
     /tmp/ccvncDcb.s:103703  .debug_str:0000000000022016 .LASF8998
     /tmp/ccvncDcb.s:96277  .debug_str:0000000000004319 .LASF8999
     /tmp/ccvncDcb.s:103111  .debug_str:000000000001f6aa .LASF9000
     /tmp/ccvncDcb.s:98359  .debug_str:000000000000cee3 .LASF9001
     /tmp/ccvncDcb.s:101253  .debug_str:0000000000017d55 .LASF9002
     /tmp/ccvncDcb.s:112845  .debug_str:0000000000046d56 .LASF9003
     /tmp/ccvncDcb.s:105235  .debug_str:00000000000280f1 .LASF9004
     /tmp/ccvncDcb.s:96269  .debug_str:00000000000042b8 .LASF9005
     /tmp/ccvncDcb.s:102111  .debug_str:000000000001b571 .LASF9006
     /tmp/ccvncDcb.s:115779  .debug_str:0000000000052f0e .LASF9007
     /tmp/ccvncDcb.s:96159  .debug_str:0000000000003aed .LASF9008
     /tmp/ccvncDcb.s:106755  .debug_str:000000000002e1a7 .LASF9009
     /tmp/ccvncDcb.s:99169  .debug_str:000000000000fe3a .LASF9010
     /tmp/ccvncDcb.s:108383  .debug_str:000000000003462c .LASF9011
     /tmp/ccvncDcb.s:109831  .debug_str:000000000003a799 .LASF9012
     /tmp/ccvncDcb.s:113547  .debug_str:0000000000049976 .LASF9013
     /tmp/ccvncDcb.s:101589  .debug_str:0000000000019417 .LASF9014
     /tmp/ccvncDcb.s:109839  .debug_str:000000000003a7fe .LASF9015
     /tmp/ccvncDcb.s:113557  .debug_str:0000000000049a03 .LASF9016
     /tmp/ccvncDcb.s:113775  .debug_str:000000000004a890 .LASF9017
     /tmp/ccvncDcb.s:112277  .debug_str:0000000000044217 .LASF9018
     /tmp/ccvncDcb.s:108279  .debug_str:0000000000033f46 .LASF9019
     /tmp/ccvncDcb.s:106225  .debug_str:000000000002bfd3 .LASF9020
     /tmp/ccvncDcb.s:115157  .debug_str:0000000000050376 .LASF9021
     /tmp/ccvncDcb.s:111035  .debug_str:000000000003f18e .LASF9022
     /tmp/ccvncDcb.s:105715  .debug_str:0000000000029e2c .LASF9023
     /tmp/ccvncDcb.s:108149  .debug_str:00000000000337ed .LASF9024
     /tmp/ccvncDcb.s:108601  .debug_str:000000000003549e .LASF9025
     /tmp/ccvncDcb.s:107379  .debug_str:00000000000307b7 .LASF9026
     /tmp/ccvncDcb.s:115201  .debug_str:0000000000050641 .LASF9027
     /tmp/ccvncDcb.s:114651  .debug_str:000000000004e0d6 .LASF9028
     /tmp/ccvncDcb.s:113331  .debug_str:0000000000048c40 .LASF9029
     /tmp/ccvncDcb.s:115707  .debug_str:000000000005291f .LASF9030
     /tmp/ccvncDcb.s:110545  .debug_str:000000000003d06c .LASF9031
     /tmp/ccvncDcb.s:109995  .debug_str:000000000003b12e .LASF9032
     /tmp/ccvncDcb.s:99839  .debug_str:0000000000012584 .LASF9033
     /tmp/ccvncDcb.s:105205  .debug_str:0000000000027f3e .LASF9034
     /tmp/ccvncDcb.s:95975  .debug_str:0000000000002f33 .LASF9035
     /tmp/ccvncDcb.s:98967  .debug_str:000000000000f49e .LASF9036
     /tmp/ccvncDcb.s:102059  .debug_str:000000000001b27d .LASF9037
     /tmp/ccvncDcb.s:104581  .debug_str:0000000000025a67 .LASF9038
     /tmp/ccvncDcb.s:111611  .debug_str:000000000004175d .LASF9039
     /tmp/ccvncDcb.s:105639  .debug_str:0000000000029850 .LASF9040
     /tmp/ccvncDcb.s:113735  .debug_str:000000000004a5c4 .LASF9041
     /tmp/ccvncDcb.s:115339  .debug_str:0000000000050f41 .LASF9042
     /tmp/ccvncDcb.s:109383  .debug_str:00000000000389e9 .LASF9043
     /tmp/ccvncDcb.s:100921  .debug_str:00000000000167d5 .LASF9044
     /tmp/ccvncDcb.s:111941  .debug_str:0000000000042d4d .LASF9045
     /tmp/ccvncDcb.s:105987  .debug_str:000000000002b094 .LASF9046
     /tmp/ccvncDcb.s:106073  .debug_str:000000000002b68a .LASF9047
     /tmp/ccvncDcb.s:99079  .debug_str:000000000000fa7b .LASF9048
     /tmp/ccvncDcb.s:106401  .debug_str:000000000002cb89 .LASF9049
     /tmp/ccvncDcb.s:115865  .debug_str:00000000000534d5 .LASF9050
     /tmp/ccvncDcb.s:100907  .debug_str:00000000000166f6 .LASF9051
     /tmp/ccvncDcb.s:100867  .debug_str:000000000001644f .LASF9052
     /tmp/ccvncDcb.s:104465  .debug_str:00000000000251ed .LASF9053
     /tmp/ccvncDcb.s:97521  .debug_str:0000000000009558 .LASF9054
     /tmp/ccvncDcb.s:102197  .debug_str:000000000001bb8c .LASF9055
     /tmp/ccvncDcb.s:102845  .debug_str:000000000001e40e .LASF9056
     /tmp/ccvncDcb.s:104789  .debug_str:000000000002685e .LASF9057
     /tmp/ccvncDcb.s:97851  .debug_str:000000000000ab3b .LASF9058
     /tmp/ccvncDcb.s:113479  .debug_str:00000000000495a9 .LASF9059
     /tmp/ccvncDcb.s:101901  .debug_str:000000000001a70f .LASF9060
     /tmp/ccvncDcb.s:113441  .debug_str:000000000004935f .LASF9061
     /tmp/ccvncDcb.s:114537  .debug_str:000000000004d98e .LASF9062
     /tmp/ccvncDcb.s:107967  .debug_str:0000000000032c31 .LASF9063
     /tmp/ccvncDcb.s:100485  .debug_str:0000000000014e7e .LASF9064
     /tmp/ccvncDcb.s:97997  .debug_str:000000000000b51a .LASF9065
     /tmp/ccvncDcb.s:100407  .debug_str:000000000001495a .LASF9066
     /tmp/ccvncDcb.s:112865  .debug_str:0000000000046ec0 .LASF9067
     /tmp/ccvncDcb.s:107567  .debug_str:0000000000031267 .LASF9068
     /tmp/ccvncDcb.s:103879  .debug_str:0000000000022c49 .LASF9069
     /tmp/ccvncDcb.s:99679  .debug_str:0000000000011b7b .LASF9070
     /tmp/ccvncDcb.s:115337  .debug_str:0000000000050f22 .LASF9071
     /tmp/ccvncDcb.s:109583  .debug_str:00000000000397a1 .LASF9072
     /tmp/ccvncDcb.s:115387  .debug_str:00000000000512b9 .LASF9073
     /tmp/ccvncDcb.s:115717  .debug_str:0000000000052a29 .LASF9074
     /tmp/ccvncDcb.s:98595  .debug_str:000000000000df1a .LASF9075
     /tmp/ccvncDcb.s:107659  .debug_str:00000000000318b2 .LASF9076
     /tmp/ccvncDcb.s:111891  .debug_str:0000000000042afa .LASF9077
     /tmp/ccvncDcb.s:110099  .debug_str:000000000003b7eb .LASF9078
     /tmp/ccvncDcb.s:96829  .debug_str:0000000000006683 .LASF9079
     /tmp/ccvncDcb.s:115261  .debug_str:0000000000050a1d .LASF9080
     /tmp/ccvncDcb.s:108109  .debug_str:0000000000033561 .LASF9081
     /tmp/ccvncDcb.s:113857  .debug_str:000000000004ad64 .LASF9082
     /tmp/ccvncDcb.s:104419  .debug_str:0000000000024f2f .LASF9083
     /tmp/ccvncDcb.s:107551  .debug_str:0000000000031186 .LASF9084
     /tmp/ccvncDcb.s:102587  .debug_str:000000000001d3b6 .LASF9085
     /tmp/ccvncDcb.s:113335  .debug_str:0000000000048c70 .LASF9086
     /tmp/ccvncDcb.s:115419  .debug_str:00000000000514e8 .LASF9087
     /tmp/ccvncDcb.s:110671  .debug_str:000000000003d80a .LASF9088
     /tmp/ccvncDcb.s:108553  .debug_str:000000000003510d .LASF9089
     /tmp/ccvncDcb.s:113321  .debug_str:0000000000048bd0 .LASF9090
     /tmp/ccvncDcb.s:106957  .debug_str:000000000002ed7d .LASF9091
     /tmp/ccvncDcb.s:101713  .debug_str:0000000000019c8e .LASF9092
     /tmp/ccvncDcb.s:100027  .debug_str:0000000000013161 .LASF9093
     /tmp/ccvncDcb.s:104883  .debug_str:0000000000026d56 .LASF9094
     /tmp/ccvncDcb.s:98651  .debug_str:000000000000e270 .LASF9095
     /tmp/ccvncDcb.s:106509  .debug_str:000000000002d1eb .LASF9096
     /tmp/ccvncDcb.s:101551  .debug_str:00000000000191d8 .LASF9097
     /tmp/ccvncDcb.s:98671  .debug_str:000000000000e3bc .LASF9098
     /tmp/ccvncDcb.s:111645  .debug_str:0000000000041a56 .LASF9099
     /tmp/ccvncDcb.s:102751  .debug_str:000000000001dda8 .LASF9100
     /tmp/ccvncDcb.s:114801  .debug_str:000000000004eb4d .LASF9101
     /tmp/ccvncDcb.s:111919  .debug_str:0000000000042cac .LASF9102
     /tmp/ccvncDcb.s:102911  .debug_str:000000000001e86c .LASF9103
     /tmp/ccvncDcb.s:115325  .debug_str:0000000000050e5a .LASF9104
     /tmp/ccvncDcb.s:97577  .debug_str:0000000000009933 .LASF9105
     /tmp/ccvncDcb.s:104289  .debug_str:0000000000024678 .LASF9106
     /tmp/ccvncDcb.s:110565  .debug_str:000000000003d1ed .LASF9107
     /tmp/ccvncDcb.s:112531  .debug_str:0000000000045528 .LASF9108
     /tmp/ccvncDcb.s:99619  .debug_str:00000000000118e1 .LASF9109
     /tmp/ccvncDcb.s:110171  .debug_str:000000000003bbae .LASF9110
     /tmp/ccvncDcb.s:96123  .debug_str:0000000000003870 .LASF9111
     /tmp/ccvncDcb.s:106891  .debug_str:000000000002ea2e .LASF9112
     /tmp/ccvncDcb.s:115471  .debug_str:000000000005185c .LASF9113
     /tmp/ccvncDcb.s:111819  .debug_str:00000000000425d4 .LASF9114
     /tmp/ccvncDcb.s:109853  .debug_str:000000000003a8e9 .LASF9115
     /tmp/ccvncDcb.s:115021  .debug_str:000000000004f965 .LASF9116
     /tmp/ccvncDcb.s:99889  .debug_str:00000000000127e5 .LASF9117
     /tmp/ccvncDcb.s:97449  .debug_str:00000000000090da .LASF9118
     /tmp/ccvncDcb.s:112353  .debug_str:0000000000044669 .LASF9119
     /tmp/ccvncDcb.s:98689  .debug_str:000000000000e4ec .LASF9120
     /tmp/ccvncDcb.s:115871  .debug_str:0000000000053548 .LASF9121
     /tmp/ccvncDcb.s:116315  .debug_str:00000000000551f6 .LASF9122
     /tmp/ccvncDcb.s:97697  .debug_str:000000000000a061 .LASF9123
     /tmp/ccvncDcb.s:105907  .debug_str:000000000002aac8 .LASF9124
     /tmp/ccvncDcb.s:97575  .debug_str:000000000000990e .LASF9125
     /tmp/ccvncDcb.s:101917  .debug_str:000000000001a7f4 .LASF9126
     /tmp/ccvncDcb.s:98107  .debug_str:000000000000bd28 .LASF9127
     /tmp/ccvncDcb.s:100971  .debug_str:0000000000016b0e .LASF9128
     /tmp/ccvncDcb.s:101583  .debug_str:00000000000193ca .LASF9129
     /tmp/ccvncDcb.s:98109  .debug_str:000000000000bd3a .LASF9130
     /tmp/ccvncDcb.s:115363  .debug_str:00000000000510cb .LASF9131
     /tmp/ccvncDcb.s:98645  .debug_str:000000000000e228 .LASF9132
     /tmp/ccvncDcb.s:98157  .debug_str:000000000000c0bc .LASF9133
     /tmp/ccvncDcb.s:98415  .debug_str:000000000000d253 .LASF9134
     /tmp/ccvncDcb.s:103219  .debug_str:000000000001fe07 .LASF9135
     /tmp/ccvncDcb.s:111271  .debug_str:00000000000400d6 .LASF9136
     /tmp/ccvncDcb.s:109287  .debug_str:000000000003826a .LASF9137
     /tmp/ccvncDcb.s:106769  .debug_str:000000000002e218 .LASF9138
     /tmp/ccvncDcb.s:97201  .debug_str:00000000000080ac .LASF9139
     /tmp/ccvncDcb.s:110301  .debug_str:000000000003c3f3 .LASF9140
     /tmp/ccvncDcb.s:107213  .debug_str:000000000002fccb .LASF9141
     /tmp/ccvncDcb.s:104167  .debug_str:0000000000023f03 .LASF9142
     /tmp/ccvncDcb.s:112741  .debug_str:000000000004657e .LASF9143
     /tmp/ccvncDcb.s:96539  .debug_str:00000000000054ad .LASF9144
     /tmp/ccvncDcb.s:109589  .debug_str:00000000000397f8 .LASF9145
     /tmp/ccvncDcb.s:110813  .debug_str:000000000003e197 .LASF9146
     /tmp/ccvncDcb.s:103521  .debug_str:0000000000021354 .LASF9147
     /tmp/ccvncDcb.s:107709  .debug_str:0000000000031b71 .LASF9148
     /tmp/ccvncDcb.s:97159  .debug_str:0000000000007d70 .LASF9149
     /tmp/ccvncDcb.s:106037  .debug_str:000000000002b3e5 .LASF9150
     /tmp/ccvncDcb.s:115357  .debug_str:000000000005104e .LASF9151
     /tmp/ccvncDcb.s:113461  .debug_str:0000000000049471 .LASF9152
     /tmp/ccvncDcb.s:104597  .debug_str:0000000000025b26 .LASF9153
     /tmp/ccvncDcb.s:106735  .debug_str:000000000002e054 .LASF9154
     /tmp/ccvncDcb.s:98611  .debug_str:000000000000e044 .LASF9155
     /tmp/ccvncDcb.s:102499  .debug_str:000000000001ce15 .LASF9156
     /tmp/ccvncDcb.s:101325  .debug_str:00000000000181f2 .LASF9157
     /tmp/ccvncDcb.s:109791  .debug_str:000000000003a4d1 .LASF9158
     /tmp/ccvncDcb.s:97931  .debug_str:000000000000b115 .LASF9159
     /tmp/ccvncDcb.s:112953  .debug_str:000000000004737d .LASF9160
     /tmp/ccvncDcb.s:100045  .debug_str:00000000000132bb .LASF9161
     /tmp/ccvncDcb.s:95969  .debug_str:0000000000002ee0 .LASF9162
     /tmp/ccvncDcb.s:103753  .debug_str:00000000000223cb .LASF9163
     /tmp/ccvncDcb.s:102889  .debug_str:000000000001e70d .LASF9164
     /tmp/ccvncDcb.s:107773  .debug_str:0000000000032063 .LASF9165
     /tmp/ccvncDcb.s:112181  .debug_str:0000000000043c6d .LASF9166
     /tmp/ccvncDcb.s:115509  .debug_str:0000000000051b2e .LASF9167
     /tmp/ccvncDcb.s:110769  .debug_str:000000000003de67 .LASF9168
     /tmp/ccvncDcb.s:110525  .debug_str:000000000003cf1a .LASF9169
     /tmp/ccvncDcb.s:108475  .debug_str:0000000000034bae .LASF9170
     /tmp/ccvncDcb.s:115913  .debug_str:00000000000537e5 .LASF9171
     /tmp/ccvncDcb.s:102649  .debug_str:000000000001d747 .LASF9172
     /tmp/ccvncDcb.s:110641  .debug_str:000000000003d68b .LASF9173
     /tmp/ccvncDcb.s:96551  .debug_str:0000000000005553 .LASF9174
     /tmp/ccvncDcb.s:111839  .debug_str:0000000000042742 .LASF9175
     /tmp/ccvncDcb.s:105191  .debug_str:0000000000027df8 .LASF9176
     /tmp/ccvncDcb.s:102461  .debug_str:000000000001cbcd .LASF9177
     /tmp/ccvncDcb.s:100447  .debug_str:0000000000014be7 .LASF9178
     /tmp/ccvncDcb.s:101419  .debug_str:000000000001881a .LASF9179
     /tmp/ccvncDcb.s:108569  .debug_str:00000000000352b9 .LASF9180
     /tmp/ccvncDcb.s:106839  .debug_str:000000000002e6ad .LASF9181
     /tmp/ccvncDcb.s:113071  .debug_str:0000000000047b7e .LASF9182
     /tmp/ccvncDcb.s:102049  .debug_str:000000000001b1c6 .LASF9183
     /tmp/ccvncDcb.s:106239  .debug_str:000000000002c0aa .LASF9184
     /tmp/ccvncDcb.s:96401  .debug_str:0000000000004ba4 .LASF9185
     /tmp/ccvncDcb.s:96675  .debug_str:0000000000005cfa .LASF9186
     /tmp/ccvncDcb.s:98819  .debug_str:000000000000ebf7 .LASF9187
     /tmp/ccvncDcb.s:96849  .debug_str:00000000000067c1 .LASF9188
     /tmp/ccvncDcb.s:98705  .debug_str:000000000000e5e8 .LASF9189
     /tmp/ccvncDcb.s:97537  .debug_str:000000000000963d .LASF9190
     /tmp/ccvncDcb.s:106585  .debug_str:000000000002d72c .LASF9191
     /tmp/ccvncDcb.s:114679  .debug_str:000000000004e359 .LASF9192
     /tmp/ccvncDcb.s:97713  .debug_str:000000000000a177 .LASF9193
     /tmp/ccvncDcb.s:114425  .debug_str:000000000004d1f7 .LASF9194
     /tmp/ccvncDcb.s:114707  .debug_str:000000000004e527 .LASF9195
     /tmp/ccvncDcb.s:97743  .debug_str:000000000000a414 .LASF9196
     /tmp/ccvncDcb.s:114077  .debug_str:000000000004bb18 .LASF9197
     /tmp/ccvncDcb.s:112019  .debug_str:00000000000432a2 .LASF9198
     /tmp/ccvncDcb.s:99597  .debug_str:00000000000117b8 .LASF9199
     /tmp/ccvncDcb.s:110475  .debug_str:000000000003ccfc .LASF9200
     /tmp/ccvncDcb.s:98543  .debug_str:000000000000db7c .LASF9201
     /tmp/ccvncDcb.s:112101  .debug_str:0000000000043757 .LASF9202
     /tmp/ccvncDcb.s:113439  .debug_str:0000000000049336 .LASF9203
     /tmp/ccvncDcb.s:107071  .debug_str:000000000002f464 .LASF9204
     /tmp/ccvncDcb.s:113115  .debug_str:0000000000047e90 .LASF9205
     /tmp/ccvncDcb.s:95525  .debug_str:0000000000000f9e .LASF9206
     /tmp/ccvncDcb.s:101157  .debug_str:0000000000017711 .LASF9207
     /tmp/ccvncDcb.s:98069  .debug_str:000000000000ba2f .LASF9208
     /tmp/ccvncDcb.s:101845  .debug_str:000000000001a318 .LASF9209
     /tmp/ccvncDcb.s:107731  .debug_str:0000000000031d20 .LASF9210
     /tmp/ccvncDcb.s:96553  .debug_str:0000000000005567 .LASF9211
     /tmp/ccvncDcb.s:98043  .debug_str:000000000000b88b .LASF9212
     /tmp/ccvncDcb.s:109941  .debug_str:000000000003aec1 .LASF9213
     /tmp/ccvncDcb.s:115511  .debug_str:0000000000051b56 .LASF9214
     /tmp/ccvncDcb.s:101579  .debug_str:0000000000019389 .LASF9215
     /tmp/ccvncDcb.s:109665  .debug_str:0000000000039cf1 .LASF9216
     /tmp/ccvncDcb.s:108007  .debug_str:0000000000032e70 .LASF9217
     /tmp/ccvncDcb.s:97293  .debug_str:000000000000868a .LASF9218
     /tmp/ccvncDcb.s:115801  .debug_str:000000000005309b .LASF9219
     /tmp/ccvncDcb.s:105845  .debug_str:000000000002a6b9 .LASF9220
     /tmp/ccvncDcb.s:97827  .debug_str:000000000000a970 .LASF9221
     /tmp/ccvncDcb.s:108613  .debug_str:0000000000035534 .LASF9222
     /tmp/ccvncDcb.s:115433  .debug_str:00000000000515e2 .LASF9223
     /tmp/ccvncDcb.s:107455  .debug_str:0000000000030bd1 .LASF9224
     /tmp/ccvncDcb.s:104175  .debug_str:0000000000023f7e .LASF9225
     /tmp/ccvncDcb.s:115627  .debug_str:0000000000052276 .LASF9226
     /tmp/ccvncDcb.s:96151  .debug_str:0000000000003a39 .LASF9227
     /tmp/ccvncDcb.s:96583  .debug_str:00000000000056d2 .LASF9228
     /tmp/ccvncDcb.s:109029  .debug_str:0000000000037057 .LASF9229
     /tmp/ccvncDcb.s:111135  .debug_str:000000000003f78a .LASF9230
     /tmp/ccvncDcb.s:109391  .debug_str:0000000000038a43 .LASF9231
     /tmp/ccvncDcb.s:109535  .debug_str:000000000003941e .LASF9232
     /tmp/ccvncDcb.s:103913  .debug_str:0000000000022e1e .LASF9233
     /tmp/ccvncDcb.s:111767  .debug_str:00000000000422bc .LASF9234
     /tmp/ccvncDcb.s:101491  .debug_str:0000000000018dd6 .LASF9235
     /tmp/ccvncDcb.s:99191  .debug_str:000000000000fffe .LASF9236
     /tmp/ccvncDcb.s:107859  .debug_str:00000000000325ae .LASF9237
     /tmp/ccvncDcb.s:97297  .debug_str:00000000000086c8 .LASF9238
     /tmp/ccvncDcb.s:95313  .debug_str:0000000000000192 .LASF9239
     /tmp/ccvncDcb.s:99949  .debug_str:0000000000012c02 .LASF9240
     /tmp/ccvncDcb.s:114897  .debug_str:000000000004f0c1 .LASF9241
     /tmp/ccvncDcb.s:102613  .debug_str:000000000001d522 .LASF9242
     /tmp/ccvncDcb.s:109675  .debug_str:0000000000039d88 .LASF9243
     /tmp/ccvncDcb.s:101869  .debug_str:000000000001a526 .LASF9244
     /tmp/ccvncDcb.s:105931  .debug_str:000000000002ac37 .LASF9245
     /tmp/ccvncDcb.s:104469  .debug_str:0000000000025252 .LASF9246
     /tmp/ccvncDcb.s:112563  .debug_str:0000000000045771 .LASF9247
     /tmp/ccvncDcb.s:116111  .debug_str:0000000000054401 .LASF9248
     /tmp/ccvncDcb.s:108165  .debug_str:00000000000338c9 .LASF9249
     /tmp/ccvncDcb.s:102409  .debug_str:000000000001c94d .LASF9250
     /tmp/ccvncDcb.s:108513  .debug_str:0000000000034e2c .LASF9251
     /tmp/ccvncDcb.s:98917  .debug_str:000000000000f1d6 .LASF9252
     /tmp/ccvncDcb.s:116067  .debug_str:000000000005417c .LASF9253
     /tmp/ccvncDcb.s:107519  .debug_str:0000000000030ff4 .LASF9254
     /tmp/ccvncDcb.s:111797  .debug_str:00000000000424a7 .LASF9255
     /tmp/ccvncDcb.s:115305  .debug_str:0000000000050d3e .LASF9256
     /tmp/ccvncDcb.s:99147  .debug_str:000000000000fcf9 .LASF9257
     /tmp/ccvncDcb.s:99609  .debug_str:000000000001187b .LASF9258
     /tmp/ccvncDcb.s:111187  .debug_str:000000000003fb4d .LASF9259
     /tmp/ccvncDcb.s:110833  .debug_str:000000000003e386 .LASF9260
     /tmp/ccvncDcb.s:99611  .debug_str:000000000001188b .LASF9261
     /tmp/ccvncDcb.s:111189  .debug_str:000000000003fb5d .LASF9262
     /tmp/ccvncDcb.s:96597  .debug_str:00000000000057c7 .LASF9263
     /tmp/ccvncDcb.s:101285  .debug_str:0000000000017fea .LASF9264
     /tmp/ccvncDcb.s:101613  .debug_str:00000000000195d2 .LASF9265
     /tmp/ccvncDcb.s:108139  .debug_str:0000000000033720 .LASF9266
     /tmp/ccvncDcb.s:111323  .debug_str:000000000004044e .LASF9267
     /tmp/ccvncDcb.s:101615  .debug_str:00000000000195e2 .LASF9268
     /tmp/ccvncDcb.s:111603  .debug_str:00000000000416f7 .LASF9269
     /tmp/ccvncDcb.s:111325  .debug_str:000000000004045e .LASF9270
     /tmp/ccvncDcb.s:101617  .debug_str:00000000000195f2 .LASF9271
     /tmp/ccvncDcb.s:104873  .debug_str:0000000000026c69 .LASF9272
     /tmp/ccvncDcb.s:111327  .debug_str:000000000004046e .LASF9273
     /tmp/ccvncDcb.s:101619  .debug_str:0000000000019602 .LASF9274
     /tmp/ccvncDcb.s:107715  .debug_str:0000000000031c24 .LASF9275
     /tmp/ccvncDcb.s:112471  .debug_str:000000000004500d .LASF9276
     /tmp/ccvncDcb.s:101621  .debug_str:0000000000019612 .LASF9277
     /tmp/ccvncDcb.s:112623  .debug_str:0000000000045b3a .LASF9278
     /tmp/ccvncDcb.s:104017  .debug_str:0000000000023520 .LASF9279
     /tmp/ccvncDcb.s:107521  .debug_str:0000000000031015 .LASF9280
     /tmp/ccvncDcb.s:100605  .debug_str:0000000000015561 .LASF9281
     /tmp/ccvncDcb.s:100943  .debug_str:00000000000168fa .LASF9282
     /tmp/ccvncDcb.s:111321  .debug_str:000000000004043e .LASF9283
     /tmp/ccvncDcb.s:100687  .debug_str:0000000000015a32 .LASF9284
     /tmp/ccvncDcb.s:107971  .debug_str:0000000000032c51 .LASF9285
     /tmp/ccvncDcb.s:98439  .debug_str:000000000000d487 .LASF9286
     /tmp/ccvncDcb.s:115489  .debug_str:00000000000519b5 .LASF9287
     /tmp/ccvncDcb.s:96355  .debug_str:0000000000004902 .LASF9288
     /tmp/ccvncDcb.s:98441  .debug_str:000000000000d49d .LASF9289
     /tmp/ccvncDcb.s:107729  .debug_str:0000000000031cf6 .LASF9290
     /tmp/ccvncDcb.s:96357  .debug_str:0000000000004918 .LASF9291
     /tmp/ccvncDcb.s:98443  .debug_str:000000000000d4b3 .LASF9292
     /tmp/ccvncDcb.s:100955  .debug_str:0000000000016a06 .LASF9293
     /tmp/ccvncDcb.s:96359  .debug_str:000000000000492e .LASF9294
     /tmp/ccvncDcb.s:98445  .debug_str:000000000000d4c9 .LASF9295
     /tmp/ccvncDcb.s:115347  .debug_str:0000000000050fcc .LASF9296
     /tmp/ccvncDcb.s:96361  .debug_str:0000000000004944 .LASF9297
     /tmp/ccvncDcb.s:98447  .debug_str:000000000000d4df .LASF9298
     /tmp/ccvncDcb.s:108965  .debug_str:0000000000036c57 .LASF9299
     /tmp/ccvncDcb.s:96363  .debug_str:000000000000495a .LASF9300
     /tmp/ccvncDcb.s:98449  .debug_str:000000000000d4f5 .LASF9301
     /tmp/ccvncDcb.s:102175  .debug_str:000000000001b98c .LASF9302
     /tmp/ccvncDcb.s:96365  .debug_str:0000000000004970 .LASF9303
     /tmp/ccvncDcb.s:98451  .debug_str:000000000000d50b .LASF9304
     /tmp/ccvncDcb.s:95541  .debug_str:00000000000010ab .LASF9305
     /tmp/ccvncDcb.s:114315  .debug_str:000000000004cb3c .LASF9306
     /tmp/ccvncDcb.s:98453  .debug_str:000000000000d521 .LASF9307
     /tmp/ccvncDcb.s:101065  .debug_str:00000000000171f1 .LASF9308
     /tmp/ccvncDcb.s:112311  .debug_str:000000000004445f .LASF9309
     /tmp/ccvncDcb.s:107411  .debug_str:00000000000309c5 .LASF9310
     /tmp/ccvncDcb.s:111429  .debug_str:0000000000040b46 .LASF9311
     /tmp/ccvncDcb.s:100577  .debug_str:0000000000015402 .LASF9312
     /tmp/ccvncDcb.s:110487  .debug_str:000000000003cd9b .LASF9313
     /tmp/ccvncDcb.s:104741  .debug_str:00000000000264f3 .LASF9314
     /tmp/ccvncDcb.s:108283  .debug_str:0000000000033f9b .LASF9315
     /tmp/ccvncDcb.s:97427  .debug_str:0000000000008f8b .LASF9316
     /tmp/ccvncDcb.s:105077  .debug_str:00000000000277bd .LASF9317
     /tmp/ccvncDcb.s:103819  .debug_str:000000000002288c .LASF9318
     /tmp/ccvncDcb.s:109071  .debug_str:0000000000037350 .LASF9319
     /tmp/ccvncDcb.s:114955  .debug_str:000000000004f4f9 .LASF9320
     /tmp/ccvncDcb.s:112021  .debug_str:00000000000432af .LASF9321
     /tmp/ccvncDcb.s:105771  .debug_str:000000000002a21a .LASF9322
     /tmp/ccvncDcb.s:110735  .debug_str:000000000003dc44 .LASF9323
     /tmp/ccvncDcb.s:113231  .debug_str:00000000000485af .LASF9324
     /tmp/ccvncDcb.s:113047  .debug_str:00000000000479db .LASF9325
     /tmp/ccvncDcb.s:102189  .debug_str:000000000001bab8 .LASF9326
     /tmp/ccvncDcb.s:104671  .debug_str:0000000000025ff5 .LASF9327
     /tmp/ccvncDcb.s:99827  .debug_str:00000000000124c8 .LASF9328
     /tmp/ccvncDcb.s:100251  .debug_str:0000000000013f2b .LASF9329
     /tmp/ccvncDcb.s:107787  .debug_str:000000000003218d .LASF9330
     /tmp/ccvncDcb.s:99957  .debug_str:0000000000012c7a .LASF9331
     /tmp/ccvncDcb.s:106873  .debug_str:000000000002e91c .LASF9332
     /tmp/ccvncDcb.s:100769  .debug_str:0000000000015e7d .LASF9333
     /tmp/ccvncDcb.s:100077  .debug_str:0000000000013514 .LASF9334
     /tmp/ccvncDcb.s:98231  .debug_str:000000000000c671 .LASF9335
     /tmp/ccvncDcb.s:112863  .debug_str:0000000000046eb5 .LASF9336
     /tmp/ccvncDcb.s:113141  .debug_str:000000000004802f .LASF9337
     /tmp/ccvncDcb.s:106533  .debug_str:000000000002d31a .LASF9338
     /tmp/ccvncDcb.s:111379  .debug_str:0000000000040825 .LASF9339
     /tmp/ccvncDcb.s:116125  .debug_str:00000000000544e9 .LASF9340
     /tmp/ccvncDcb.s:115089  .debug_str:000000000004febe .LASF9341
     /tmp/ccvncDcb.s:112875  .debug_str:0000000000046f39 .LASF9342
     /tmp/ccvncDcb.s:105985  .debug_str:000000000002b085 .LASF9343
     /tmp/ccvncDcb.s:105855  .debug_str:000000000002a742 .LASF9344
     /tmp/ccvncDcb.s:99499  .debug_str:00000000000111f3 .LASF9345
     /tmp/ccvncDcb.s:115497  .debug_str:0000000000051a4e .LASF9346
     /tmp/ccvncDcb.s:115483  .debug_str:000000000005190b .LASF9347
     /tmp/ccvncDcb.s:111577  .debug_str:0000000000041569 .LASF9348
     /tmp/ccvncDcb.s:106481  .debug_str:000000000002cff3 .LASF9349
     /tmp/ccvncDcb.s:106579  .debug_str:000000000002d6b5 .LASF9350
     /tmp/ccvncDcb.s:109009  .debug_str:0000000000036ef9 .LASF9351
     /tmp/ccvncDcb.s:115963  .debug_str:0000000000053b08 .LASF9352
     /tmp/ccvncDcb.s:106183  .debug_str:000000000002bcc3 .LASF9353
     /tmp/ccvncDcb.s:99447  .debug_str:0000000000010fac .LASF9354
     /tmp/ccvncDcb.s:111469  .debug_str:0000000000040e11 .LASF9355
     /tmp/ccvncDcb.s:116239  .debug_str:0000000000054d40 .LASF9356
     /tmp/ccvncDcb.s:112169  .debug_str:0000000000043bcb .LASF9357
     /tmp/ccvncDcb.s:97295  .debug_str:00000000000086b1 .LASF9358
     /tmp/ccvncDcb.s:106439  .debug_str:000000000002cdf5 .LASF9359
     /tmp/ccvncDcb.s:111349  .debug_str:00000000000405d6 .LASF9360
     /tmp/ccvncDcb.s:96033  .debug_str:0000000000003379 .LASF9361
     /tmp/ccvncDcb.s:96307  .debug_str:0000000000004577 .LASF9362
     /tmp/ccvncDcb.s:111351  .debug_str:00000000000405ef .LASF9363
     /tmp/ccvncDcb.s:96035  .debug_str:0000000000003392 .LASF9364
     /tmp/ccvncDcb.s:103171  .debug_str:000000000001faba .LASF9365
     /tmp/ccvncDcb.s:111353  .debug_str:0000000000040608 .LASF9366
     /tmp/ccvncDcb.s:96037  .debug_str:00000000000033ab .LASF9367
     /tmp/ccvncDcb.s:104119  .debug_str:0000000000023cac .LASF9368
     /tmp/ccvncDcb.s:110705  .debug_str:000000000003da1d .LASF9369
     /tmp/ccvncDcb.s:96039  .debug_str:00000000000033c4 .LASF9370
     /tmp/ccvncDcb.s:97355  .debug_str:0000000000008a49 .LASF9371
     /tmp/ccvncDcb.s:111357  .debug_str:0000000000040628 .LASF9372
     /tmp/ccvncDcb.s:96041  .debug_str:00000000000033dd .LASF9373
     /tmp/ccvncDcb.s:111835  .debug_str:00000000000426e1 .LASF9374
     /tmp/ccvncDcb.s:113599  .debug_str:0000000000049d0f .LASF9375
     /tmp/ccvncDcb.s:113031  .debug_str:00000000000478ef .LASF9376
     /tmp/ccvncDcb.s:106977  .debug_str:000000000002eea6 .LASF9377
     /tmp/ccvncDcb.s:101799  .debug_str:000000000001a0b4 .LASF9378
     /tmp/ccvncDcb.s:104643  .debug_str:0000000000025e1e .LASF9379
     /tmp/ccvncDcb.s:104669  .debug_str:0000000000025fd4 .LASF9380
     /tmp/ccvncDcb.s:106909  .debug_str:000000000002eb0d .LASF9381
     /tmp/ccvncDcb.s:100439  .debug_str:0000000000014b4b .LASF9382
     /tmp/ccvncDcb.s:104733  .debug_str:0000000000026464 .LASF9383
     /tmp/ccvncDcb.s:98769  .debug_str:000000000000e9ba .LASF9384
     /tmp/ccvncDcb.s:108371  .debug_str:0000000000034546 .LASF9385
     /tmp/ccvncDcb.s:108529  .debug_str:0000000000034f34 .LASF9386
     /tmp/ccvncDcb.s:102793  .debug_str:000000000001e0e7 .LASF9387
     /tmp/ccvncDcb.s:113727  .debug_str:000000000004a55d .LASF9388
     /tmp/ccvncDcb.s:108903  .debug_str:0000000000036882 .LASF9389
     /tmp/ccvncDcb.s:107843  .debug_str:00000000000324d4 .LASF9390
     /tmp/ccvncDcb.s:100637  .debug_str:000000000001575f .LASF9391
     /tmp/ccvncDcb.s:104799  .debug_str:00000000000268e8 .LASF9392
     /tmp/ccvncDcb.s:101929  .debug_str:000000000001a89b .LASF9393
     /tmp/ccvncDcb.s:101195  .debug_str:0000000000017960 .LASF9394
     /tmp/ccvncDcb.s:111633  .debug_str:0000000000041984 .LASF9395
     /tmp/ccvncDcb.s:101819  .debug_str:000000000001a1e6 .LASF9396
     /tmp/ccvncDcb.s:101251  .debug_str:0000000000017d41 .LASF9397
     /tmp/ccvncDcb.s:110927  .debug_str:000000000003ea01 .LASF9398
     /tmp/ccvncDcb.s:96301  .debug_str:0000000000004503 .LASF9399
     /tmp/ccvncDcb.s:104299  .debug_str:000000000002472f .LASF9400
     /tmp/ccvncDcb.s:104019  .debug_str:0000000000023535 .LASF9401
     /tmp/ccvncDcb.s:96369  .debug_str:000000000000498f .LASF9402
     /tmp/ccvncDcb.s:106147  .debug_str:000000000002bb5a .LASF9403
     /tmp/ccvncDcb.s:115661  .debug_str:00000000000524e0 .LASF9404
     /tmp/ccvncDcb.s:97333  .debug_str:00000000000088d7 .LASF9405
     /tmp/ccvncDcb.s:107167  .debug_str:000000000002fa31 .LASF9406
     /tmp/ccvncDcb.s:115035  .debug_str:000000000004fa3d .LASF9407
     /tmp/ccvncDcb.s:109131  .debug_str:00000000000376e5 .LASF9408
     /tmp/ccvncDcb.s:114593  .debug_str:000000000004dd2a .LASF9409
     /tmp/ccvncDcb.s:106773  .debug_str:000000000002e23b .LASF9410
     /tmp/ccvncDcb.s:97205  .debug_str:00000000000080d4 .LASF9411
     /tmp/ccvncDcb.s:114649  .debug_str:000000000004e0c3 .LASF9412
     /tmp/ccvncDcb.s:103205  .debug_str:000000000001fcfe .LASF9413
     /tmp/ccvncDcb.s:97207  .debug_str:00000000000080e7 .LASF9414
     /tmp/ccvncDcb.s:101829  .debug_str:000000000001a241 .LASF9415
     /tmp/ccvncDcb.s:113935  .debug_str:000000000004b185 .LASF9416
     /tmp/ccvncDcb.s:109405  .debug_str:0000000000038b2b .LASF9417
     /tmp/ccvncDcb.s:96665  .debug_str:0000000000005c96 .LASF9418
     /tmp/ccvncDcb.s:112797  .debug_str:00000000000469f2 .LASF9419
     /tmp/ccvncDcb.s:109407  .debug_str:0000000000038b3f .LASF9420
     /tmp/ccvncDcb.s:96667  .debug_str:0000000000005caa .LASF9421
     /tmp/ccvncDcb.s:106177  .debug_str:000000000002bc61 .LASF9422
     /tmp/ccvncDcb.s:109409  .debug_str:0000000000038b53 .LASF9423
     /tmp/ccvncDcb.s:96669  .debug_str:0000000000005cbe .LASF9424
     /tmp/ccvncDcb.s:99551  .debug_str:0000000000011561 .LASF9425
     /tmp/ccvncDcb.s:109411  .debug_str:0000000000038b67 .LASF9426
     /tmp/ccvncDcb.s:96671  .debug_str:0000000000005cd2 .LASF9427
     /tmp/ccvncDcb.s:113883  .debug_str:000000000004ae85 .LASF9428
     /tmp/ccvncDcb.s:109413  .debug_str:0000000000038b7b .LASF9429
     /tmp/ccvncDcb.s:96673  .debug_str:0000000000005ce6 .LASF9430
     /tmp/ccvncDcb.s:107263  .debug_str:000000000002fff4 .LASF9431
     /tmp/ccvncDcb.s:101335  .debug_str:000000000001829b .LASF9432
     /tmp/ccvncDcb.s:104639  .debug_str:0000000000025dfa .LASF9433
     /tmp/ccvncDcb.s:95947  .debug_str:0000000000002d74 .LASF9434
     /tmp/ccvncDcb.s:97307  .debug_str:0000000000008756 .LASF9435
     /tmp/ccvncDcb.s:104641  .debug_str:0000000000025e0c .LASF9436
     /tmp/ccvncDcb.s:105225  .debug_str:0000000000028078 .LASF9437
     /tmp/ccvncDcb.s:97309  .debug_str:0000000000008768 .LASF9438
     /tmp/ccvncDcb.s:98379  .debug_str:000000000000d011 .LASF9439
     /tmp/ccvncDcb.s:112303  .debug_str:00000000000443d5 .LASF9440
     /tmp/ccvncDcb.s:95695  .debug_str:0000000000001c44 .LASF9441
     /tmp/ccvncDcb.s:96775  .debug_str:0000000000006337 .LASF9442
     /tmp/ccvncDcb.s:114413  .debug_str:000000000004d16f .LASF9443
     /tmp/ccvncDcb.s:95697  .debug_str:0000000000001c56 .LASF9444
     /tmp/ccvncDcb.s:96777  .debug_str:0000000000006349 .LASF9445
     /tmp/ccvncDcb.s:107813  .debug_str:00000000000322d3 .LASF9446
     /tmp/ccvncDcb.s:113315  .debug_str:0000000000048b84 .LASF9447
     /tmp/ccvncDcb.s:96779  .debug_str:000000000000635b .LASF9448
     /tmp/ccvncDcb.s:101031  .debug_str:0000000000017002 .LASF9449
     /tmp/ccvncDcb.s:114587  .debug_str:000000000004dcf6 .LASF9450
     /tmp/ccvncDcb.s:107803  .debug_str:0000000000032272 .LASF9451
     /tmp/ccvncDcb.s:103881  .debug_str:0000000000022c54 .LASF9452
     /tmp/ccvncDcb.s:113133  .debug_str:0000000000047fa8 .LASF9453
     /tmp/ccvncDcb.s:114835  .debug_str:000000000004ed61 .LASF9454
     /tmp/ccvncDcb.s:107937  .debug_str:0000000000032aa3 .LASF9455
     /tmp/ccvncDcb.s:95807  .debug_str:0000000000002428 .LASF9456
     /tmp/ccvncDcb.s:109155  .debug_str:00000000000378a0 .LASF9457
     /tmp/ccvncDcb.s:109613  .debug_str:0000000000039940 .LASF9458
     /tmp/ccvncDcb.s:100211  .debug_str:0000000000013c5b .LASF9459
     /tmp/ccvncDcb.s:115125  .debug_str:000000000005016c .LASF9460
     /tmp/ccvncDcb.s:105691  .debug_str:0000000000029c14 .LASF9461
     /tmp/ccvncDcb.s:102959  .debug_str:000000000001eb7d .LASF9462
     /tmp/ccvncDcb.s:114325  .debug_str:000000000004cbd9 .LASF9463
     /tmp/ccvncDcb.s:101445  .debug_str:0000000000018a3d .LASF9464
     /tmp/ccvncDcb.s:106391  .debug_str:000000000002cacd .LASF9465
     /tmp/ccvncDcb.s:113127  .debug_str:0000000000047f72 .LASF9466
     /tmp/ccvncDcb.s:111303  .debug_str:0000000000040344 .LASF9467
     /tmp/ccvncDcb.s:100533  .debug_str:0000000000015126 .LASF9468
     /tmp/ccvncDcb.s:105307  .debug_str:00000000000284ae .LASF9469
     /tmp/ccvncDcb.s:105605  .debug_str:00000000000296d0 .LASF9470
     /tmp/ccvncDcb.s:105163  .debug_str:0000000000027c0e .LASF9471
     /tmp/ccvncDcb.s:98153  .debug_str:000000000000c056 .LASF9472
     /tmp/ccvncDcb.s:109813  .debug_str:000000000003a66a .LASF9473
     /tmp/ccvncDcb.s:103519  .debug_str:0000000000021337 .LASF9474
     /tmp/ccvncDcb.s:96529  .debug_str:00000000000053f7 .LASF9475
     /tmp/ccvncDcb.s:115855  .debug_str:00000000000533f0 .LASF9476
     /tmp/ccvncDcb.s:99823  .debug_str:000000000001247e .LASF9477
     /tmp/ccvncDcb.s:105275  .debug_str:0000000000028240 .LASF9478
     /tmp/ccvncDcb.s:109431  .debug_str:0000000000038cdb .LASF9479
     /tmp/ccvncDcb.s:105203  .debug_str:0000000000027f2a .LASF9480
     /tmp/ccvncDcb.s:113089  .debug_str:0000000000047ce1 .LASF9481
     /tmp/ccvncDcb.s:106297  .debug_str:000000000002c447 .LASF9482
     /tmp/ccvncDcb.s:112481  .debug_str:00000000000450c5 .LASF9483
     /tmp/ccvncDcb.s:96397  .debug_str:0000000000004b7a .LASF9484
     /tmp/ccvncDcb.s:106435  .debug_str:000000000002cdb3 .LASF9485
     /tmp/ccvncDcb.s:114749  .debug_str:000000000004e82b .LASF9486
     /tmp/ccvncDcb.s:113475  .debug_str:000000000004956a .LASF9487
     /tmp/ccvncDcb.s:115493  .debug_str:00000000000519fd .LASF9488
     /tmp/ccvncDcb.s:96845  .debug_str:0000000000006788 .LASF9489
     /tmp/ccvncDcb.s:109305  .debug_str:00000000000383e1 .LASF9490
     /tmp/ccvncDcb.s:105427  .debug_str:0000000000028b71 .LASF9491
     /tmp/ccvncDcb.s:98957  .debug_str:000000000000f442 .LASF9492
     /tmp/ccvncDcb.s:105677  .debug_str:0000000000029b2f .LASF9493
     /tmp/ccvncDcb.s:113343  .debug_str:0000000000048cfa .LASF9494
     /tmp/ccvncDcb.s:103961  .debug_str:0000000000023198 .LASF9495
     /tmp/ccvncDcb.s:108587  .debug_str:00000000000353f2 .LASF9496
     /tmp/ccvncDcb.s:106081  .debug_str:000000000002b718 .LASF9497
     /tmp/ccvncDcb.s:97989  .debug_str:000000000000b486 .LASF9498
     /tmp/ccvncDcb.s:114039  .debug_str:000000000004b8df .LASF9499
     /tmp/ccvncDcb.s:115093  .debug_str:000000000004ff08 .LASF9500
     /tmp/ccvncDcb.s:98981  .debug_str:000000000000f4f3 .LASF9501
     /tmp/ccvncDcb.s:103845  .debug_str:0000000000022a61 .LASF9502
     /tmp/ccvncDcb.s:107747  .debug_str:0000000000031ebf .LASF9503
     /tmp/ccvncDcb.s:100845  .debug_str:00000000000162c2 .LASF9504
     /tmp/ccvncDcb.s:113837  .debug_str:000000000004abec .LASF9505
     /tmp/ccvncDcb.s:113977  .debug_str:000000000004b4ce .LASF9506
     /tmp/ccvncDcb.s:98337  .debug_str:000000000000cdaa .LASF9507
     /tmp/ccvncDcb.s:101303  .debug_str:00000000000180e3 .LASF9508
     /tmp/ccvncDcb.s:115811  .debug_str:00000000000530f3 .LASF9509
     /tmp/ccvncDcb.s:113353  .debug_str:0000000000048d92 .LASF9510
     /tmp/ccvncDcb.s:109047  .debug_str:000000000003719e .LASF9511
     /tmp/ccvncDcb.s:107601  .debug_str:0000000000031467 .LASF9512
     /tmp/ccvncDcb.s:102373  .debug_str:000000000001c6c4 .LASF9513
     /tmp/ccvncDcb.s:111177  .debug_str:000000000003fa77 .LASF9514
     /tmp/ccvncDcb.s:103917  .debug_str:0000000000022e5b .LASF9515
     /tmp/ccvncDcb.s:98257  .debug_str:000000000000c887 .LASF9516
     /tmp/ccvncDcb.s:115771  .debug_str:0000000000052ea8 .LASF9517
     /tmp/ccvncDcb.s:111161  .debug_str:000000000003f949 .LASF9518
     /tmp/ccvncDcb.s:115207  .debug_str:000000000005069d .LASF9519
     /tmp/ccvncDcb.s:99301  .debug_str:00000000000105fb .LASF9520
     /tmp/ccvncDcb.s:108525  .debug_str:0000000000034f03 .LASF9521
     /tmp/ccvncDcb.s:95973  .debug_str:0000000000002f18 .LASF9522
     /tmp/ccvncDcb.s:109775  .debug_str:000000000003a38a .LASF9523
     /tmp/ccvncDcb.s:106603  .debug_str:000000000002d817 .LASF9524
     /tmp/ccvncDcb.s:110037  .debug_str:000000000003b4d0 .LASF9525
     /tmp/ccvncDcb.s:107475  .debug_str:0000000000030d0c .LASF9526
     /tmp/ccvncDcb.s:110369  .debug_str:000000000003c70b .LASF9527
     /tmp/ccvncDcb.s:101475  .debug_str:0000000000018c81 .LASF9528
     /tmp/ccvncDcb.s:95789  .debug_str:00000000000022b8 .LASF9529
     /tmp/ccvncDcb.s:100707  .debug_str:0000000000015b34 .LASF9530
     /tmp/ccvncDcb.s:98985  .debug_str:000000000000f523 .LASF9531
     /tmp/ccvncDcb.s:110167  .debug_str:000000000003bb93 .LASF9532
     /tmp/ccvncDcb.s:113225  .debug_str:000000000004852e .LASF9533
     /tmp/ccvncDcb.s:101911  .debug_str:000000000001a795 .LASF9534
     /tmp/ccvncDcb.s:107111  .debug_str:000000000002f709 .LASF9535
     /tmp/ccvncDcb.s:97415  .debug_str:0000000000008ea4 .LASF9536
     /tmp/ccvncDcb.s:105997  .debug_str:000000000002b103 .LASF9537
     /tmp/ccvncDcb.s:104709  .debug_str:0000000000026296 .LASF9538
     /tmp/ccvncDcb.s:115593  .debug_str:000000000005201d .LASF9539
     /tmp/ccvncDcb.s:105999  .debug_str:000000000002b120 .LASF9540
     /tmp/ccvncDcb.s:104711  .debug_str:00000000000262b3 .LASF9541
     /tmp/ccvncDcb.s:109011  .debug_str:0000000000036f11 .LASF9542
     /tmp/ccvncDcb.s:111759  .debug_str:0000000000042237 .LASF9543
     /tmp/ccvncDcb.s:110591  .debug_str:000000000003d3b6 .LASF9544
     /tmp/ccvncDcb.s:113555  .debug_str:00000000000499d2 .LASF9545
     /tmp/ccvncDcb.s:111761  .debug_str:0000000000042254 .LASF9546
     /tmp/ccvncDcb.s:96815  .debug_str:00000000000065ba .LASF9547
     /tmp/ccvncDcb.s:100969  .debug_str:0000000000016add .LASF9548
     /tmp/ccvncDcb.s:114035  .debug_str:000000000004b8a9 .LASF9549
     /tmp/ccvncDcb.s:100265  .debug_str:000000000001403e .LASF9550
     /tmp/ccvncDcb.s:112249  .debug_str:0000000000044070 .LASF9551
     /tmp/ccvncDcb.s:114037  .debug_str:000000000004b8c4 .LASF9552
     /tmp/ccvncDcb.s:110249  .debug_str:000000000003c071 .LASF9553
     /tmp/ccvncDcb.s:105601  .debug_str:0000000000029687 .LASF9554
     /tmp/ccvncDcb.s:98619  .debug_str:000000000000e0b9 .LASF9555
     /tmp/ccvncDcb.s:106089  .debug_str:000000000002b7cd .LASF9556
     /tmp/ccvncDcb.s:104137  .debug_str:0000000000023d9a .LASF9557
     /tmp/ccvncDcb.s:98621  .debug_str:000000000000e0d4 .LASF9558
     /tmp/ccvncDcb.s:100639  .debug_str:000000000001576b .LASF9559
     /tmp/ccvncDcb.s:97373  .debug_str:0000000000008baf .LASF9560
     /tmp/ccvncDcb.s:105017  .debug_str:0000000000027504 .LASF9561
     /tmp/ccvncDcb.s:103637  .debug_str:0000000000021b1b .LASF9562
     /tmp/ccvncDcb.s:95421  .debug_str:0000000000000928 .LASF9563
     /tmp/ccvncDcb.s:105019  .debug_str:0000000000027521 .LASF9564
     /tmp/ccvncDcb.s:103639  .debug_str:0000000000021b38 .LASF9565
     /tmp/ccvncDcb.s:106497  .debug_str:000000000002d0e8 .LASF9566
     /tmp/ccvncDcb.s:110921  .debug_str:000000000003e99d .LASF9567
     /tmp/ccvncDcb.s:109449  .debug_str:0000000000038e58 .LASF9568
     /tmp/ccvncDcb.s:108421  .debug_str:000000000003487a .LASF9569
     /tmp/ccvncDcb.s:110923  .debug_str:000000000003e9ba .LASF9570
     /tmp/ccvncDcb.s:109451  .debug_str:0000000000038e75 .LASF9571
     /tmp/ccvncDcb.s:101643  .debug_str:00000000000197da .LASF9572
     /tmp/ccvncDcb.s:100039  .debug_str:0000000000013250 .LASF9573
     /tmp/ccvncDcb.s:97939  .debug_str:000000000000b197 .LASF9574
     /tmp/ccvncDcb.s:102013  .debug_str:000000000001af39 .LASF9575
     /tmp/ccvncDcb.s:116225  .debug_str:0000000000054c4c .LASF9576
     /tmp/ccvncDcb.s:97941  .debug_str:000000000000b1b0 .LASF9577
     /tmp/ccvncDcb.s:95385  .debug_str:00000000000006c8 .LASF9578
     /tmp/ccvncDcb.s:97475  .debug_str:00000000000092b7 .LASF9579
     /tmp/ccvncDcb.s:111337  .debug_str:00000000000404de .LASF9580
     /tmp/ccvncDcb.s:99321  .debug_str:000000000001074e .LASF9581
     /tmp/ccvncDcb.s:98529  .debug_str:000000000000dabe .LASF9582
     /tmp/ccvncDcb.s:102681  .debug_str:000000000001d938 .LASF9583
     /tmp/ccvncDcb.s:107417  .debug_str:00000000000309fc .LASF9584
     /tmp/ccvncDcb.s:97641  .debug_str:0000000000009d60 .LASF9585
     /tmp/ccvncDcb.s:116123  .debug_str:00000000000544dd .LASF9586
     /tmp/ccvncDcb.s:95819  .debug_str:0000000000002512 .LASF9587
     /tmp/ccvncDcb.s:114825  .debug_str:000000000004ecc4 .LASF9588
     /tmp/ccvncDcb.s:99279  .debug_str:0000000000010583 .LASF9589
     /tmp/ccvncDcb.s:113443  .debug_str:0000000000049373 .LASF9590
     /tmp/ccvncDcb.s:103709  .debug_str:0000000000022077 .LASF9591
     /tmp/ccvncDcb.s:107969  .debug_str:0000000000032c3f .LASF9592
     /tmp/ccvncDcb.s:100911  .debug_str:000000000001672d .LASF9593
     /tmp/ccvncDcb.s:97815  .debug_str:000000000000a8be .LASF9594
     /tmp/ccvncDcb.s:105175  .debug_str:0000000000027ce5 .LASF9595
     /tmp/ccvncDcb.s:99173  .debug_str:000000000000fea7 .LASF9596
     /tmp/ccvncDcb.s:107863  .debug_str:00000000000325eb .LASF9597
     /tmp/ccvncDcb.s:102915  .debug_str:000000000001e894 .LASF9598
     /tmp/ccvncDcb.s:106637  .debug_str:000000000002d99b .LASF9599
     /tmp/ccvncDcb.s:104573  .debug_str:0000000000025a30 .LASF9600
     /tmp/ccvncDcb.s:112709  .debug_str:00000000000463c9 .LASF9601
     /tmp/ccvncDcb.s:114811  .debug_str:000000000004ebf8 .LASF9602
     /tmp/ccvncDcb.s:112325  .debug_str:000000000004452e .LASF9603
     /tmp/ccvncDcb.s:111847  .debug_str:00000000000427eb .LASF9604
     /tmp/ccvncDcb.s:99363  .debug_str:0000000000010a79 .LASF9605
     /tmp/ccvncDcb.s:106779  .debug_str:000000000002e2a5 .LASF9606
     /tmp/ccvncDcb.s:113659  .debug_str:000000000004a116 .LASF9607
     /tmp/ccvncDcb.s:103727  .debug_str:00000000000221be .LASF9608
     /tmp/ccvncDcb.s:107421  .debug_str:0000000000030a65 .LASF9609
     /tmp/ccvncDcb.s:103195  .debug_str:000000000001fc6e .LASF9610
     /tmp/ccvncDcb.s:110361  .debug_str:000000000003c66f .LASF9611
     /tmp/ccvncDcb.s:105059  .debug_str:00000000000276d8 .LASF9612
     /tmp/ccvncDcb.s:113365  .debug_str:0000000000048e33 .LASF9613
     /tmp/ccvncDcb.s:115373  .debug_str:000000000005116f .LASF9614
     /tmp/ccvncDcb.s:107207  .debug_str:000000000002fc9b .LASF9615
     /tmp/ccvncDcb.s:102155  .debug_str:000000000001b898 .LASF9616
     /tmp/ccvncDcb.s:113567  .debug_str:0000000000049a91 .LASF9617
     /tmp/ccvncDcb.s:104631  .debug_str:0000000000025d44 .LASF9618
     /tmp/ccvncDcb.s:100561  .debug_str:00000000000152e5 .LASF9619
     /tmp/ccvncDcb.s:98673  .debug_str:000000000000e3e1 .LASF9620
     /tmp/ccvncDcb.s:114643  .debug_str:000000000004e088 .LASF9621
     /tmp/ccvncDcb.s:96817  .debug_str:00000000000065d7 .LASF9622
     /tmp/ccvncDcb.s:102361  .debug_str:000000000001c5d5 .LASF9623
     /tmp/ccvncDcb.s:105649  .debug_str:000000000002995d .LASF9624
     /tmp/ccvncDcb.s:99799  .debug_str:0000000000012309 .LASF9625
     /tmp/ccvncDcb.s:112447  .debug_str:0000000000044d53 .LASF9626
     /tmp/ccvncDcb.s:103863  .debug_str:0000000000022b1e .LASF9627
     /tmp/ccvncDcb.s:97351  .debug_str:0000000000008a0c .LASF9628
     /tmp/ccvncDcb.s:115989  .debug_str:0000000000053cc5 .LASF9629
     /tmp/ccvncDcb.s:114065  .debug_str:000000000004ba47 .LASF9630
     /tmp/ccvncDcb.s:105689  .debug_str:0000000000029c00 .LASF9631
     /tmp/ccvncDcb.s:97353  .debug_str:0000000000008a21 .LASF9632
     /tmp/ccvncDcb.s:108925  .debug_str:0000000000036a5d .LASF9633
     /tmp/ccvncDcb.s:115001  .debug_str:000000000004f807 .LASF9634
     /tmp/ccvncDcb.s:98019  .debug_str:000000000000b682 .LASF9635
     /tmp/ccvncDcb.s:100075  .debug_str:00000000000134f7 .LASF9636
     /tmp/ccvncDcb.s:97275  .debug_str:00000000000085ac .LASF9637
     /tmp/ccvncDcb.s:110803  .debug_str:000000000003e0d4 .LASF9638
     /tmp/ccvncDcb.s:101757  .debug_str:0000000000019e91 .LASF9639
     /tmp/ccvncDcb.s:101759  .debug_str:0000000000019ea0 .LASF9640
     /tmp/ccvncDcb.s:101761  .debug_str:0000000000019eaf .LASF9641
     /tmp/ccvncDcb.s:104053  .debug_str:000000000002376e .LASF9642
     /tmp/ccvncDcb.s:102193  .debug_str:000000000001bb28 .LASF9643
     /tmp/ccvncDcb.s:102011  .debug_str:000000000001af20 .LASF9644
     /tmp/ccvncDcb.s:104001  .debug_str:000000000002341b .LASF9645
     /tmp/ccvncDcb.s:112537  .debug_str:000000000004558a .LASF9646
     /tmp/ccvncDcb.s:100231  .debug_str:0000000000013d81 .LASF9647
     /tmp/ccvncDcb.s:110285  .debug_str:000000000003c2bf .LASF9648
     /tmp/ccvncDcb.s:99005  .debug_str:000000000000f693 .LASF9649
     /tmp/ccvncDcb.s:100041  .debug_str:0000000000013269 .LASF9650
     /tmp/ccvncDcb.s:103989  .debug_str:0000000000023340 .LASF9651
     /tmp/ccvncDcb.s:96631  .debug_str:0000000000005a24 .LASF9652
     /tmp/ccvncDcb.s:97053  .debug_str:00000000000076d0 .LASF9653
     /tmp/ccvncDcb.s:100771  .debug_str:0000000000015e87 .LASF9654
     /tmp/ccvncDcb.s:100375  .debug_str:00000000000147c8 .LASF9655
     /tmp/ccvncDcb.s:112489  .debug_str:0000000000045141 .LASF9656
     /tmp/ccvncDcb.s:115291  .debug_str:0000000000050c1f .LASF9657
     /tmp/ccvncDcb.s:112487  .debug_str:0000000000045138 .LASF9658
     /tmp/ccvncDcb.s:109573  .debug_str:0000000000039719 .LASF9659
     /tmp/ccvncDcb.s:112351  .debug_str:0000000000044664 .LASF9660
     /tmp/ccvncDcb.s:101601  .debug_str:00000000000194f0 .LASF9661
     /tmp/ccvncDcb.s:107941  .debug_str:0000000000032ad2 .LASF9662
     /tmp/ccvncDcb.s:100513  .debug_str:0000000000014ff5 .LASF9663
     /tmp/ccvncDcb.s:104973  .debug_str:0000000000027251 .LASF9664
     /tmp/ccvncDcb.s:107977  .debug_str:0000000000032cd9 .LASF9665
     /tmp/ccvncDcb.s:111649  .debug_str:0000000000041a78 .LASF9666
     /tmp/ccvncDcb.s:101765  .debug_str:0000000000019ec5 .LASF9667
     /tmp/ccvncDcb.s:106541  .debug_str:000000000002d3b6 .LASF9668
     /tmp/ccvncDcb.s:96731  .debug_str:00000000000060b1 .LASF9669
     /tmp/ccvncDcb.s:107991  .debug_str:0000000000032d8a .LASF9670
     /tmp/ccvncDcb.s:106371  .debug_str:000000000002c957 .LASF9671
     /tmp/ccvncDcb.s:105137  .debug_str:0000000000027b73 .LASF9672
     /tmp/ccvncDcb.s:104363  .debug_str:0000000000024b88 .LASF9673
     /tmp/ccvncDcb.s:97215  .debug_str:0000000000008192 .LASF9674
     /tmp/ccvncDcb.s:113175  .debug_str:0000000000048237 .LASF9675
     /tmp/ccvncDcb.s:107301  .debug_str:000000000003025f .LASF9676
     /tmp/ccvncDcb.s:106221  .debug_str:000000000002bfad .LASF9677
     /tmp/ccvncDcb.s:104039  .debug_str:00000000000236d4 .LASF9678
     /tmp/ccvncDcb.s:101321  .debug_str:00000000000181cd .LASF9679
     /tmp/ccvncDcb.s:112359  .debug_str:00000000000446e0 .LASF9680
     /tmp/ccvncDcb.s:112499  .debug_str:00000000000451fe .LASF9681
     /tmp/ccvncDcb.s:95689  .debug_str:0000000000001c13 .LASF9682
     /tmp/ccvncDcb.s:102815  .debug_str:000000000001e266 .LASF9683
     /tmp/ccvncDcb.s:109221  .debug_str:0000000000037dcc .LASF9684
     /tmp/ccvncDcb.s:99871  .debug_str:00000000000126d4 .LASF9685
     /tmp/ccvncDcb.s:104501  .debug_str:0000000000025495 .LASF9686
     /tmp/ccvncDcb.s:97987  .debug_str:000000000000b480 .LASF9687
     /tmp/ccvncDcb.s:104667  .debug_str:0000000000025fbd .LASF9688
     /tmp/ccvncDcb.s:106203  .debug_str:000000000002be6a .LASF9689
     /tmp/ccvncDcb.s:113249  .debug_str:00000000000486f3 .LASF9690
     /tmp/ccvncDcb.s:108405  .debug_str:0000000000034752 .LASF9691
     /tmp/ccvncDcb.s:114519  .debug_str:000000000004d822 .LASF9692
     /tmp/ccvncDcb.s:101207  .debug_str:0000000000017a1c .LASF9693
     /tmp/ccvncDcb.s:107175  .debug_str:000000000002fab6 .LASF9694
     /tmp/ccvncDcb.s:106415  .debug_str:000000000002cc9e .LASF9695
     /tmp/ccvncDcb.s:99163  .debug_str:000000000000fe0d .LASF9696
     /tmp/ccvncDcb.s:98313  .debug_str:000000000000cc4b .LASF9697
     /tmp/ccvncDcb.s:99307  .debug_str:0000000000010657 .LASF9698
     /tmp/ccvncDcb.s:98063  .debug_str:000000000000ba00 .LASF9699
     /tmp/ccvncDcb.s:107833  .debug_str:0000000000032435 .LASF9700
     /tmp/ccvncDcb.s:114139  .debug_str:000000000004bf45 .LASF9701
     /tmp/ccvncDcb.s:113021  .debug_str:0000000000047863 .LASF9702
     /tmp/ccvncDcb.s:96803  .debug_str:0000000000006500 .LASF9703
     /tmp/ccvncDcb.s:98945  .debug_str:000000000000f373 .LASF9704
     /tmp/ccvncDcb.s:111397  .debug_str:000000000004095d .LASF9705
     /tmp/ccvncDcb.s:99927  .debug_str:0000000000012a59 .LASF9706
     /tmp/ccvncDcb.s:106111  .debug_str:000000000002b948 .LASF9707
     /tmp/ccvncDcb.s:97055  .debug_str:00000000000076eb .LASF9708
     /tmp/ccvncDcb.s:101465  .debug_str:0000000000018bd8 .LASF9709
     /tmp/ccvncDcb.s:98159  .debug_str:000000000000c0cd .LASF9710
     /tmp/ccvncDcb.s:108411  .debug_str:000000000003479c .LASF9711
     /tmp/ccvncDcb.s:95323  .debug_str:000000000000026d .LASF9712
     /tmp/ccvncDcb.s:112317  .debug_str:00000000000444aa .LASF9713
     /tmp/ccvncDcb.s:102101  .debug_str:000000000001b50a .LASF9714
     /tmp/ccvncDcb.s:106793  .debug_str:000000000002e37e .LASF9715
     /tmp/ccvncDcb.s:96639  .debug_str:0000000000005a81 .LASF9716
     /tmp/ccvncDcb.s:110775  .debug_str:000000000003dea0 .LASF9717
     /tmp/ccvncDcb.s:96843  .debug_str:000000000000677c .LASF9718
     /tmp/ccvncDcb.s:108407  .debug_str:0000000000034758 .LASF9719
     /tmp/ccvncDcb.s:106033  .debug_str:000000000002b380 .LASF9720
     /tmp/ccvncDcb.s:96337  .debug_str:00000000000047f1 .LASF9721
     /tmp/ccvncDcb.s:99227  .debug_str:0000000000010137 .LASF9722
     /tmp/ccvncDcb.s:105555  .debug_str:0000000000029402 .LASF9723
     /tmp/ccvncDcb.s:102491  .debug_str:000000000001cda1 .LASF9724
     /tmp/ccvncDcb.s:105215  .debug_str:0000000000027fc7 .LASF9725
     /tmp/ccvncDcb.s:104387  .debug_str:0000000000024d41 .LASF9726
     /tmp/ccvncDcb.s:115223  .debug_str:000000000005078f .LASF9727
     /tmp/ccvncDcb.s:102469  .debug_str:000000000001cc44 .LASF9728
     /tmp/ccvncDcb.s:104279  .debug_str:0000000000024601 .LASF9729
     /tmp/ccvncDcb.s:111509  .debug_str:000000000004109a .LASF9730
     /tmp/ccvncDcb.s:95875  .debug_str:0000000000002879 .LASF9731
     /tmp/ccvncDcb.s:96095  .debug_str:0000000000003731 .LASF9732
     /tmp/ccvncDcb.s:106701  .debug_str:000000000002ddfd .LASF9733
     /tmp/ccvncDcb.s:102473  .debug_str:000000000001cc7a .LASF9734
     /tmp/ccvncDcb.s:110039  .debug_str:000000000003b4e0 .LASF9735
     /tmp/ccvncDcb.s:106123  .debug_str:000000000002ba05 .LASF9736
     /tmp/ccvncDcb.s:109117  .debug_str:00000000000375c1 .LASF9737
     /tmp/ccvncDcb.s:103809  .debug_str:00000000000227d4 .LASF9738
     /tmp/ccvncDcb.s:104813  .debug_str:00000000000269d2 .LASF9739
     /tmp/ccvncDcb.s:95917  .debug_str:0000000000002b66 .LASF9740
     /tmp/ccvncDcb.s:95615  .debug_str:00000000000015bc .LASF9741
     /tmp/ccvncDcb.s:104179  .debug_str:0000000000023f9d .LASF9742
     /tmp/ccvncDcb.s:98933  .debug_str:000000000000f294 .LASF9743
     /tmp/ccvncDcb.s:108401  .debug_str:0000000000034701 .LASF9744
     /tmp/ccvncDcb.s:114115  .debug_str:000000000004bde1 .LASF9745
     /tmp/ccvncDcb.s:104121  .debug_str:0000000000023cd9 .LASF9746
     /tmp/ccvncDcb.s:110453  .debug_str:000000000003cb98 .LASF9747
     /tmp/ccvncDcb.s:103833  .debug_str:0000000000022999 .LASF9748
     /tmp/ccvncDcb.s:104117  .debug_str:0000000000023ca5 .LASF9749
     /tmp/ccvncDcb.s:113239  .debug_str:000000000004863f .LASF9750
     /tmp/ccvncDcb.s:106237  .debug_str:000000000002c082 .LASF9751
     /tmp/ccvncDcb.s:98041  .debug_str:000000000000b881 .LASF9752
     /tmp/ccvncDcb.s:97283  .debug_str:0000000000008626 .LASF9753
     /tmp/ccvncDcb.s:106599  .debug_str:000000000002d802 .LASF9754
     /tmp/ccvncDcb.s:113943  .debug_str:000000000004b224 .LASF9755
     /tmp/ccvncDcb.s:112619  .debug_str:0000000000045b04 .LASF9756
     /tmp/ccvncDcb.s:110241  .debug_str:000000000003bfd4 .LASF9757
     /tmp/ccvncDcb.s:104559  .debug_str:0000000000025949 .LASF9758
     /tmp/ccvncDcb.s:112971  .debug_str:000000000004749e .LASF9759
     /tmp/ccvncDcb.s:108137  .debug_str:00000000000336f7 .LASF9760
     /tmp/ccvncDcb.s:108633  .debug_str:00000000000356ed .LASF9761
     /tmp/ccvncDcb.s:96875  .debug_str:00000000000069aa .LASF9762
     /tmp/ccvncDcb.s:115597  .debug_str:0000000000052079 .LASF9763
     /tmp/ccvncDcb.s:114041  .debug_str:000000000004b8ef .LASF9764
     /tmp/ccvncDcb.s:96507  .debug_str:000000000000529c .LASF9765
     /tmp/ccvncDcb.s:103021  .debug_str:000000000001efe8 .LASF9766
     /tmp/ccvncDcb.s:113171  .debug_str:0000000000048220 .LASF9767
     /tmp/ccvncDcb.s:111811  .debug_str:0000000000042581 .LASF9768
     /tmp/ccvncDcb.s:103801  .debug_str:0000000000022799 .LASF9769
     /tmp/ccvncDcb.s:103803  .debug_str:00000000000227a3 .LASF9770
     /tmp/ccvncDcb.s:110115  .debug_str:000000000003b94e .LASF9771
     /tmp/ccvncDcb.s:103807  .debug_str:00000000000227ca .LASF9772
     /tmp/ccvncDcb.s:109317  .debug_str:00000000000384ba .LASF9773
     /tmp/ccvncDcb.s:107959  .debug_str:0000000000032bda .LASF9774
     /tmp/ccvncDcb.s:113887  .debug_str:000000000004aee4 .LASF9775
     /tmp/ccvncDcb.s:106367  .debug_str:000000000002c911 .LASF9776
     /tmp/ccvncDcb.s:102133  .debug_str:000000000001b71f .LASF9777
     /tmp/ccvncDcb.s:108869  .debug_str:000000000003673c .LASF9778
     /tmp/ccvncDcb.s:97885  .debug_str:000000000000ad9e .LASF9779
     /tmp/ccvncDcb.s:101905  .debug_str:000000000001a750 .LASF9780
     /tmp/ccvncDcb.s:97887  .debug_str:000000000000ada9 .LASF9781
     /tmp/ccvncDcb.s:99985  .debug_str:0000000000012e6a .LASF9782
     /tmp/ccvncDcb.s:97889  .debug_str:000000000000adb4 .LASF9783
     /tmp/ccvncDcb.s:106943  .debug_str:000000000002ecb7 .LASF9784
     /tmp/ccvncDcb.s:97891  .debug_str:000000000000adbf .LASF9785
     /tmp/ccvncDcb.s:103005  .debug_str:000000000001eea3 .LASF9786
     /tmp/ccvncDcb.s:115189  .debug_str:0000000000050532 .LASF9787
     /tmp/ccvncDcb.s:99497  .debug_str:00000000000111cc .LASF9788
     /tmp/ccvncDcb.s:109479  .debug_str:00000000000390e0 .LASF9789
     /tmp/ccvncDcb.s:96681  .debug_str:0000000000005d72 .LASF9790
     /tmp/ccvncDcb.s:106149  .debug_str:000000000002bb70 .LASF9791
     /tmp/ccvncDcb.s:113395  .debug_str:0000000000049039 .LASF9792
     /tmp/ccvncDcb.s:106151  .debug_str:000000000002bb7a .LASF9793
     /tmp/ccvncDcb.s:110567  .debug_str:000000000003d21a .LASF9794
     /tmp/ccvncDcb.s:106153  .debug_str:000000000002bb84 .LASF9795
     /tmp/ccvncDcb.s:100005  .debug_str:0000000000012fad .LASF9796
     /tmp/ccvncDcb.s:106155  .debug_str:000000000002bb8e .LASF9797
     /tmp/ccvncDcb.s:114437  .debug_str:000000000004d2bc .LASF9798
     /tmp/ccvncDcb.s:106157  .debug_str:000000000002bb98 .LASF9799
     /tmp/ccvncDcb.s:112291  .debug_str:000000000004431b .LASF9800
     /tmp/ccvncDcb.s:106159  .debug_str:000000000002bba2 .LASF9801
     /tmp/ccvncDcb.s:101051  .debug_str:0000000000017117 .LASF9802
     /tmp/ccvncDcb.s:106161  .debug_str:000000000002bbac .LASF9803
     /tmp/ccvncDcb.s:115463  .debug_str:00000000000517c8 .LASF9804
     /tmp/ccvncDcb.s:106925  .debug_str:000000000002ebf4 .LASF9805
     /tmp/ccvncDcb.s:98909  .debug_str:000000000000f18a .LASF9806
     /tmp/ccvncDcb.s:101925  .debug_str:000000000001a865 .LASF9807
     /tmp/ccvncDcb.s:106727  .debug_str:000000000002dfdc .LASF9808
     /tmp/ccvncDcb.s:99933  .debug_str:0000000000012ad9 .LASF9809
     /tmp/ccvncDcb.s:100863  .debug_str:000000000001641b .LASF9810
     /tmp/ccvncDcb.s:113731  .debug_str:000000000004a58e .LASF9811
     /tmp/ccvncDcb.s:99617  .debug_str:00000000000118bb .LASF9812
     /tmp/ccvncDcb.s:112507  .debug_str:000000000004528a .LASF9813
     /tmp/ccvncDcb.s:114909  .debug_str:000000000004f198 .LASF9814
     /tmp/ccvncDcb.s:111729  .debug_str:0000000000042045 .LASF9815
     /tmp/ccvncDcb.s:100691  .debug_str:0000000000015a6a .LASF9816
     /tmp/ccvncDcb.s:95731  .debug_str:0000000000001f23 .LASF9817
     /tmp/ccvncDcb.s:107229  .debug_str:000000000002fdae .LASF9818
     /tmp/ccvncDcb.s:115031  .debug_str:000000000004fa05 .LASF9819
     /tmp/ccvncDcb.s:110925  .debug_str:000000000003e9d7 .LASF9820
     /tmp/ccvncDcb.s:108449  .debug_str:0000000000034a1c .LASF9821
     /tmp/ccvncDcb.s:113317  .debug_str:0000000000048b96 .LASF9822
     /tmp/ccvncDcb.s:103823  .debug_str:00000000000228d8 .LASF9823
     /tmp/ccvncDcb.s:108301  .debug_str:000000000003409b .LASF9824
     /tmp/ccvncDcb.s:100091  .debug_str:000000000001359a .LASF9825
     /tmp/ccvncDcb.s:100343  .debug_str:0000000000014591 .LASF9826
     /tmp/ccvncDcb.s:102559  .debug_str:000000000001d14b .LASF9827
     /tmp/ccvncDcb.s:103857  .debug_str:0000000000022af7 .LASF9828
     /tmp/ccvncDcb.s:105489  .debug_str:0000000000028fa3 .LASF9829
     /tmp/ccvncDcb.s:97447  .debug_str:00000000000090ce .LASF9830
     /tmp/ccvncDcb.s:107469  .debug_str:0000000000030ca6 .LASF9831
     /tmp/ccvncDcb.s:102085  .debug_str:000000000001b412 .LASF9832
     /tmp/ccvncDcb.s:101237  .debug_str:0000000000017c9e .LASF9833
     /tmp/ccvncDcb.s:113781  .debug_str:000000000004a8e9 .LASF9834
     /tmp/ccvncDcb.s:102053  .debug_str:000000000001b216 .LASF9835
     /tmp/ccvncDcb.s:106093  .debug_str:000000000002b820 .LASF9836
     /tmp/ccvncDcb.s:95509  .debug_str:0000000000000e88 .LASF9837
     /tmp/ccvncDcb.s:102773  .debug_str:000000000001df49 .LASF9838
     /tmp/ccvncDcb.s:110051  .debug_str:000000000003b50a .LASF9839
     /tmp/ccvncDcb.s:108311  .debug_str:0000000000034132 .LASF9840
     /tmp/ccvncDcb.s:104537  .debug_str:00000000000257ce .LASF9841
     /tmp/ccvncDcb.s:105761  .debug_str:000000000002a1a5 .LASF9842
     /tmp/ccvncDcb.s:104311  .debug_str:000000000002481a .LASF9843
     /tmp/ccvncDcb.s:95729  .debug_str:0000000000001eff .LASF9844
     /tmp/ccvncDcb.s:98635  .debug_str:000000000000e1c2 .LASF9845
     /tmp/ccvncDcb.s:98351  .debug_str:000000000000ce91 .LASF9846
     /tmp/ccvncDcb.s:98083  .debug_str:000000000000bb2f .LASF9847
     /tmp/ccvncDcb.s:102855  .debug_str:000000000001e484 .LASF9848
     /tmp/ccvncDcb.s:107189  .debug_str:000000000002fbbc .LASF9849
     /tmp/ccvncDcb.s:107191  .debug_str:000000000002fbc1 .LASF9850
     /tmp/ccvncDcb.s:99049  .debug_str:000000000000f8fd .LASF9851
     /tmp/ccvncDcb.s:97237  .debug_str:0000000000008305 .LASF9852
     /tmp/ccvncDcb.s:115225  .debug_str:00000000000507a4 .LASF9853
     /tmp/ccvncDcb.s:111419  .debug_str:0000000000040a9d .LASF9854
     /tmp/ccvncDcb.s:112887  .debug_str:0000000000046fee .LASF9855
     /tmp/ccvncDcb.s:112889  .debug_str:0000000000046ff4 .LASF9856
     /tmp/ccvncDcb.s:105553  .debug_str:00000000000293fc .LASF9857
     /tmp/ccvncDcb.s:105557  .debug_str:0000000000029410 .LASF9858
     /tmp/ccvncDcb.s:95943  .debug_str:0000000000002d3a .LASF9859
     /tmp/ccvncDcb.s:113391  .debug_str:0000000000049013 .LASF9860
     /tmp/ccvncDcb.s:96197  .debug_str:0000000000003d9a .LASF9861
     /tmp/ccvncDcb.s:104045  .debug_str:0000000000023721 .LASF9862
     /tmp/ccvncDcb.s:106901  .debug_str:000000000002ea96 .LASF9863
     /tmp/ccvncDcb.s:112829  .debug_str:0000000000046c33 .LASF9864
     /tmp/ccvncDcb.s:99953  .debug_str:0000000000012c49 .LASF9865
     /tmp/ccvncDcb.s:107243  .debug_str:000000000002febc .LASF9866
     /tmp/ccvncDcb.s:96005  .debug_str:000000000000312d .LASF9867
     /tmp/ccvncDcb.s:96063  .debug_str:0000000000003500 .LASF9868
     /tmp/ccvncDcb.s:104763  .debug_str:0000000000026633 .LASF9869
     /tmp/ccvncDcb.s:107245  .debug_str:000000000002fec5 .LASF9870
     /tmp/ccvncDcb.s:106763  .debug_str:000000000002e1de .LASF9871
     /tmp/ccvncDcb.s:102071  .debug_str:000000000001b34b .LASF9872
     /tmp/ccvncDcb.s:97203  .debug_str:00000000000080c2 .LASF9873
     /tmp/ccvncDcb.s:107849  .debug_str:0000000000032507 .LASF9874
     /tmp/ccvncDcb.s:96575  .debug_str:000000000000565d .LASF9875
     /tmp/ccvncDcb.s:112265  .debug_str:0000000000044171 .LASF9876
     /tmp/ccvncDcb.s:115809  .debug_str:00000000000530e7 .LASF9877
     /tmp/ccvncDcb.s:103517  .debug_str:0000000000021327 .LASF9878
     /tmp/ccvncDcb.s:116093  .debug_str:0000000000054305 .LASF9879
     /tmp/ccvncDcb.s:97601  .debug_str:0000000000009ab6 .LASF9880
     /tmp/ccvncDcb.s:112457  .debug_str:0000000000044ee5 .LASF9881
     /tmp/ccvncDcb.s:112937  .debug_str:0000000000047245 .LASF9882
     /tmp/ccvncDcb.s:112163  .debug_str:0000000000043b64 .LASF9883
     /tmp/ccvncDcb.s:105713  .debug_str:0000000000029e19 .LASF9884
     /tmp/ccvncDcb.s:110779  .debug_str:000000000003dee3 .LASF9885
     /tmp/ccvncDcb.s:114283  .debug_str:000000000004c93b .LASF9886
     /tmp/ccvncDcb.s:101661  .debug_str:0000000000019911 .LASF9887
     /tmp/ccvncDcb.s:107877  .debug_str:0000000000032687 .LASF9888
     /tmp/ccvncDcb.s:111625  .debug_str:00000000000418c5 .LASF9889
     /tmp/ccvncDcb.s:113463  .debug_str:00000000000494a8 .LASF9890
     /tmp/ccvncDcb.s:107101  .debug_str:000000000002f699 .LASF9891
     /tmp/ccvncDcb.s:100725  .debug_str:0000000000015c59 .LASF9892
     /tmp/ccvncDcb.s:103433  .debug_str:0000000000020c7f .LASF9893
     /tmp/ccvncDcb.s:112445  .debug_str:0000000000044d4b .LASF9894
     /tmp/ccvncDcb.s:112451  .debug_str:0000000000044d83 .LASF9895
     /tmp/ccvncDcb.s:102487  .debug_str:000000000001cd8b .LASF9896
     /tmp/ccvncDcb.s:106619  .debug_str:000000000002d8e4 .LASF9897
     /tmp/ccvncDcb.s:106991  .debug_str:000000000002efbf .LASF9898
     /tmp/ccvncDcb.s:109903  .debug_str:000000000003abcf .LASF9899
     /tmp/ccvncDcb.s:107105  .debug_str:000000000002f6cc .LASF9900
     /tmp/ccvncDcb.s:100117  .debug_str:0000000000013725 .LASF9901
     /tmp/ccvncDcb.s:103209  .debug_str:000000000001fd3b .LASF9902
     /tmp/ccvncDcb.s:102733  .debug_str:000000000001dcd8 .LASF9903
     /tmp/ccvncDcb.s:116201  .debug_str:0000000000054ab1 .LASF9904
     /tmp/ccvncDcb.s:95481  .debug_str:0000000000000cd2 .LASF9905
     /tmp/ccvncDcb.s:95607  .debug_str:000000000000154d .LASF9906
     /tmp/ccvncDcb.s:102285  .debug_str:000000000001c155 .LASF9907
     /tmp/ccvncDcb.s:96919  .debug_str:0000000000006c83 .LASF9908
     /tmp/ccvncDcb.s:105229  .debug_str:00000000000280c3 .LASF9909
     /tmp/ccvncDcb.s:112449  .debug_str:0000000000044d7c .LASF9910
     /tmp/ccvncDcb.s:102493  .debug_str:000000000001cdb0 .LASF9911
     /tmp/ccvncDcb.s:106615  .debug_str:000000000002d8cc .LASF9912
     /tmp/ccvncDcb.s:101987  .debug_str:000000000001ad4f .LASF9913
     /tmp/ccvncDcb.s:95609  .debug_str:0000000000001558 .LASF9914
     /tmp/ccvncDcb.s:95645  .debug_str:00000000000017a4 .LASF9915
     /tmp/ccvncDcb.s:110029  .debug_str:000000000003b439 .LASF9916
     /tmp/ccvncDcb.s:103381  .debug_str:0000000000020936 .LASF9917
     /tmp/ccvncDcb.s:103383  .debug_str:0000000000020940 .LASF9918
     /tmp/ccvncDcb.s:103385  .debug_str:000000000002094a .LASF9919
     /tmp/ccvncDcb.s:103387  .debug_str:0000000000020954 .LASF9920
     /tmp/ccvncDcb.s:103389  .debug_str:000000000002095e .LASF9921
     /tmp/ccvncDcb.s:102941  .debug_str:000000000001ea52 .LASF9922
     /tmp/ccvncDcb.s:103391  .debug_str:0000000000020968 .LASF9923
     /tmp/ccvncDcb.s:99121  .debug_str:000000000000fbbb .LASF9924
     /tmp/ccvncDcb.s:99123  .debug_str:000000000000fbc6 .LASF9925
     /tmp/ccvncDcb.s:115675  .debug_str:0000000000052695 .LASF9926
     /tmp/ccvncDcb.s:112615  .debug_str:0000000000045aee .LASF9927
     /tmp/ccvncDcb.s:97077  .debug_str:0000000000007872 .LASF9928
     /tmp/ccvncDcb.s:104449  .debug_str:000000000002511d .LASF9929
     /tmp/ccvncDcb.s:97267  .debug_str:0000000000008540 .LASF9930
     /tmp/ccvncDcb.s:112617  .debug_str:0000000000045af9 .LASF9931
     /tmp/ccvncDcb.s:111561  .debug_str:0000000000041408 .LASF9932
     /tmp/ccvncDcb.s:95799  .debug_str:0000000000002386 .LASF9933
     /tmp/ccvncDcb.s:107323  .debug_str:0000000000030432 .LASF9934
     /tmp/ccvncDcb.s:104819  .debug_str:0000000000026a1a .LASF9935
     /tmp/ccvncDcb.s:111795  .debug_str:000000000004249c .LASF9936
     /tmp/ccvncDcb.s:111361  .debug_str:0000000000040666 .LASF9937
     /tmp/ccvncDcb.s:95781  .debug_str:000000000000227b .LASF9938
     /tmp/ccvncDcb.s:100297  .debug_str:000000000001423b .LASF9939
     /tmp/ccvncDcb.s:103623  .debug_str:0000000000021a06 .LASF9940
     /tmp/ccvncDcb.s:104891  .debug_str:0000000000026dfc .LASF9941
     /tmp/ccvncDcb.s:99833  .debug_str:0000000000012517 .LASF9942
     /tmp/ccvncDcb.s:104893  .debug_str:0000000000026e07 .LASF9943
     /tmp/ccvncDcb.s:113387  .debug_str:0000000000048fa8 .LASF9944
     /tmp/ccvncDcb.s:100825  .debug_str:0000000000016197 .LASF9945
     /tmp/ccvncDcb.s:115735  .debug_str:0000000000052ba9 .LASF9946
     /tmp/ccvncDcb.s:100827  .debug_str:00000000000161a2 .LASF9947
     /tmp/ccvncDcb.s:109147  .debug_str:000000000003782a .LASF9948
     /tmp/ccvncDcb.s:104143  .debug_str:0000000000023e0e .LASF9949
     /tmp/ccvncDcb.s:102371  .debug_str:000000000001c69d .LASF9950
     /tmp/ccvncDcb.s:104125  .debug_str:0000000000023d00 .LASF9951
     /tmp/ccvncDcb.s:110199  .debug_str:000000000003bdd9 .LASF9952
     /tmp/ccvncDcb.s:100599  .debug_str:0000000000015531 .LASF9953
     /tmp/ccvncDcb.s:97539  .debug_str:0000000000009662 .LASF9954
     /tmp/ccvncDcb.s:100603  .debug_str:0000000000015556 .LASF9955
     /tmp/ccvncDcb.s:112025  .debug_str:00000000000432cb .LASF9956
     /tmp/ccvncDcb.s:100965  .debug_str:0000000000016ac3 .LASF9957
     /tmp/ccvncDcb.s:113505  .debug_str:0000000000049705 .LASF9958
     /tmp/ccvncDcb.s:110221  .debug_str:000000000003bf72 .LASF9959
     /tmp/ccvncDcb.s:106871  .debug_str:000000000002e8f5 .LASF9960
     /tmp/ccvncDcb.s:100973  .debug_str:0000000000016b34 .LASF9961
     /tmp/ccvncDcb.s:100119  .debug_str:000000000001372d .LASF9962
     /tmp/ccvncDcb.s:108133  .debug_str:00000000000336da .LASF9963
     /tmp/ccvncDcb.s:95589  .debug_str:00000000000013ea .LASF9964
     /tmp/ccvncDcb.s:102433  .debug_str:000000000001ca5e .LASF9965
     /tmp/ccvncDcb.s:116213  .debug_str:0000000000054b4e .LASF9966
     /tmp/ccvncDcb.s:102435  .debug_str:000000000001ca69 .LASF9967
     /tmp/ccvncDcb.s:108749  .debug_str:0000000000035e5b .LASF9968
     /tmp/ccvncDcb.s:98285  .debug_str:000000000000caa9 .LASF9969
     /tmp/ccvncDcb.s:97431  .debug_str:0000000000008fce .LASF9970
     /tmp/ccvncDcb.s:98287  .debug_str:000000000000cab4 .LASF9971
     /tmp/ccvncDcb.s:104541  .debug_str:00000000000257f8 .LASF9972
     /tmp/ccvncDcb.s:98289  .debug_str:000000000000cabf .LASF9973
     /tmp/ccvncDcb.s:97783  .debug_str:000000000000a714 .LASF9974
     /tmp/ccvncDcb.s:112049  .debug_str:000000000004347d .LASF9975
     /tmp/ccvncDcb.s:102083  .debug_str:000000000001b3ec .LASF9976
     /tmp/ccvncDcb.s:106135  .debug_str:000000000002bac9 .LASF9977
     /tmp/ccvncDcb.s:106137  .debug_str:000000000002badd .LASF9978
     /tmp/ccvncDcb.s:106139  .debug_str:000000000002baf1 .LASF9979
     /tmp/ccvncDcb.s:105073  .debug_str:000000000002779b .LASF9980
     /tmp/ccvncDcb.s:105075  .debug_str:00000000000277ac .LASF9981
     /tmp/ccvncDcb.s:95815  .debug_str:00000000000024e9 .LASF9982
     /tmp/ccvncDcb.s:105079  .debug_str:00000000000277ea .LASF9983
     /tmp/ccvncDcb.s:105081  .debug_str:00000000000277fb .LASF9984
     /tmp/ccvncDcb.s:97233  .debug_str:00000000000082ae .LASF9985
     /tmp/ccvncDcb.s:105173  .debug_str:0000000000027cd0 .LASF9986
     /tmp/ccvncDcb.s:100941  .debug_str:00000000000168eb .LASF9987
     /tmp/ccvncDcb.s:100967  .debug_str:0000000000016ace .LASF9988
     /tmp/ccvncDcb.s:115579  .debug_str:0000000000051f68 .LASF9989
     /tmp/ccvncDcb.s:113113  .debug_str:0000000000047e77 .LASF9990
     /tmp/ccvncDcb.s:108865  .debug_str:0000000000036712 .LASF9991
     /tmp/ccvncDcb.s:114715  .debug_str:000000000004e59d .LASF9992
     /tmp/ccvncDcb.s:113305  .debug_str:0000000000048aa2 .LASF9993
     /tmp/ccvncDcb.s:95901  .debug_str:0000000000002a80 .LASF9994
     /tmp/ccvncDcb.s:102949  .debug_str:000000000001eac7 .LASF9995
     /tmp/ccvncDcb.s:107127  .debug_str:000000000002f7f1 .LASF9996
     /tmp/ccvncDcb.s:109987  .debug_str:000000000003b0d2 .LASF9997
     /tmp/ccvncDcb.s:113213  .debug_str:00000000000484a9 .LASF9998
     /tmp/ccvncDcb.s:96547  .debug_str:0000000000005511 .LASF9999
     /tmp/ccvncDcb.s:104265  .debug_str:0000000000024515 .LASF10000
     /tmp/ccvncDcb.s:112961  .debug_str:00000000000473d5 .LASF10001
     /tmp/ccvncDcb.s:106897  .debug_str:000000000002ea7d .LASF10002
     /tmp/ccvncDcb.s:105413  .debug_str:0000000000028aa1 .LASF10003
     /tmp/ccvncDcb.s:109605  .debug_str:0000000000039901 .LASF10004
     /tmp/ccvncDcb.s:97981  .debug_str:000000000000b451 .LASF10005
     /tmp/ccvncDcb.s:104517  .debug_str:0000000000025593 .LASF10006
     /tmp/ccvncDcb.s:108157  .debug_str:0000000000033866 .LASF10007
     /tmp/ccvncDcb.s:103735  .debug_str:000000000002225a .LASF10008
     /tmp/ccvncDcb.s:110839  .debug_str:000000000003e3fe .LASF10009
     /tmp/ccvncDcb.s:110841  .debug_str:000000000003e409 .LASF10010
     /tmp/ccvncDcb.s:110843  .debug_str:000000000003e414 .LASF10011
     /tmp/ccvncDcb.s:110845  .debug_str:000000000003e41f .LASF10012
     /tmp/ccvncDcb.s:96111  .debug_str:00000000000037d2 .LASF10013
     /tmp/ccvncDcb.s:104269  .debug_str:000000000002452d .LASF10014
     /tmp/ccvncDcb.s:109545  .debug_str:00000000000394bf .LASF10015
     /tmp/ccvncDcb.s:108671  .debug_str:000000000003599f .LASF10016
     /tmp/ccvncDcb.s:115841  .debug_str:0000000000053316 .LASF10017
     /tmp/ccvncDcb.s:113433  .debug_str:00000000000492e8 .LASF10018
     /tmp/ccvncDcb.s:97789  .debug_str:000000000000a770 .LASF10019
     /tmp/ccvncDcb.s:113097  .debug_str:0000000000047d7d .LASF10020
     /tmp/ccvncDcb.s:115151  .debug_str:0000000000050329 .LASF10021
     /tmp/ccvncDcb.s:105363  .debug_str:000000000002879c .LASF10022
     /tmp/ccvncDcb.s:99727  .debug_str:0000000000011ea5 .LASF10023
     /tmp/ccvncDcb.s:102565  .debug_str:000000000001d1d7 .LASF10024
     /tmp/ccvncDcb.s:107821  .debug_str:0000000000032372 .LASF10025
     /tmp/ccvncDcb.s:98121  .debug_str:000000000000bdec .LASF10026
     /tmp/ccvncDcb.s:100697  .debug_str:0000000000015aa8 .LASF10027
     /tmp/ccvncDcb.s:108949  .debug_str:0000000000036ba0 .LASF10028
     /tmp/ccvncDcb.s:103375  .debug_str:0000000000020918 .LASF10029
     /tmp/ccvncDcb.s:116033  .debug_str:0000000000053fed .LASF10030
     /tmp/ccvncDcb.s:115695  .debug_str:0000000000052823 .LASF10031
     /tmp/ccvncDcb.s:113701  .debug_str:000000000004a39a .LASF10032
     /tmp/ccvncDcb.s:106219  .debug_str:000000000002bfa1 .LASF10033
     /tmp/ccvncDcb.s:110157  .debug_str:000000000003babe .LASF10034
     /tmp/ccvncDcb.s:114147  .debug_str:000000000004bfd4 .LASF10035
     /tmp/ccvncDcb.s:106643  .debug_str:000000000002d9df .LASF10036
     /tmp/ccvncDcb.s:101745  .debug_str:0000000000019e51 .LASF10037
     /tmp/ccvncDcb.s:111289  .debug_str:0000000000040235 .LASF10038
     /tmp/ccvncDcb.s:108161  .debug_str:000000000003389e .LASF10039
     /tmp/ccvncDcb.s:97911  .debug_str:000000000000af60 .LASF10040
     /tmp/ccvncDcb.s:103805  .debug_str:00000000000227ad .LASF10041
     /tmp/ccvncDcb.s:109833  .debug_str:000000000003a7a1 .LASF10042
     /tmp/ccvncDcb.s:99545  .debug_str:0000000000011516 .LASF10043
     /tmp/ccvncDcb.s:100667  .debug_str:00000000000158ed .LASF10044
     /tmp/ccvncDcb.s:116309  .debug_str:00000000000551ac .LASF10045
     /tmp/ccvncDcb.s:112657  .debug_str:0000000000045d86 .LASF10046
     /tmp/ccvncDcb.s:100503  .debug_str:0000000000014f92 .LASF10047
     /tmp/ccvncDcb.s:95773  .debug_str:00000000000021e6 .LASF10048
     /tmp/ccvncDcb.s:111939  .debug_str:0000000000042d24 .LASF10049
     /tmp/ccvncDcb.s:107261  .debug_str:000000000002ffcb .LASF10050
     /tmp/ccvncDcb.s:102211  .debug_str:000000000001bc79 .LASF10051
     /tmp/ccvncDcb.s:97453  .debug_str:000000000000912b .LASF10052
     /tmp/ccvncDcb.s:113871  .debug_str:000000000004adee .LASF10053
     /tmp/ccvncDcb.s:108991  .debug_str:0000000000036e08 .LASF10054
     /tmp/ccvncDcb.s:104195  .debug_str:0000000000024051 .LASF10055
     /tmp/ccvncDcb.s:99159  .debug_str:000000000000fdbc .LASF10056
     /tmp/ccvncDcb.s:101703  .debug_str:0000000000019bcf .LASF10057
     /tmp/ccvncDcb.s:102703  .debug_str:000000000001dac0 .LASF10058
     /tmp/ccvncDcb.s:98269  .debug_str:000000000000c97f .LASF10059
     /tmp/ccvncDcb.s:110623  .debug_str:000000000003d557 .LASF10060
     /tmp/ccvncDcb.s:95903  .debug_str:0000000000002a8e .LASF10061
     /tmp/ccvncDcb.s:105781  .debug_str:000000000002a294 .LASF10062
     /tmp/ccvncDcb.s:115753  .debug_str:0000000000052d28 .LASF10063
     /tmp/ccvncDcb.s:104687  .debug_str:00000000000260ec .LASF10064
     /tmp/ccvncDcb.s:114697  .debug_str:000000000004e465 .LASF10065
     /tmp/ccvncDcb.s:105183  .debug_str:0000000000027d57 .LASF10066
     /tmp/ccvncDcb.s:98171  .debug_str:000000000000c1a3 .LASF10067
     /tmp/ccvncDcb.s:108147  .debug_str:00000000000337c3 .LASF10068
     /tmp/ccvncDcb.s:96603  .debug_str:0000000000005830 .LASF10069
     /tmp/ccvncDcb.s:107107  .debug_str:000000000002f6d4 .LASF10070
     /tmp/ccvncDcb.s:104091  .debug_str:0000000000023a7d .LASF10071
     /tmp/ccvncDcb.s:114081  .debug_str:000000000004bb7c .LASF10072
     /tmp/ccvncDcb.s:103019  .debug_str:000000000001efbd .LASF10073
     /tmp/ccvncDcb.s:112837  .debug_str:0000000000046cd1 .LASF10074
     /tmp/ccvncDcb.s:101733  .debug_str:0000000000019dc2 .LASF10075
     /tmp/ccvncDcb.s:111807  .debug_str:000000000004253d .LASF10076
     /tmp/ccvncDcb.s:106463  .debug_str:000000000002cef7 .LASF10077
     /tmp/ccvncDcb.s:95347  .debug_str:000000000000040a .LASF10078
     /tmp/ccvncDcb.s:102103  .debug_str:000000000001b514 .LASF10079
     /tmp/ccvncDcb.s:113713  .debug_str:000000000004a460 .LASF10080
     /tmp/ccvncDcb.s:110987  .debug_str:000000000003edb2 .LASF10081
     /tmp/ccvncDcb.s:100229  .debug_str:0000000000013d65 .LASF10082
     /tmp/ccvncDcb.s:111769  .debug_str:00000000000422c7 .LASF10083
     /tmp/ccvncDcb.s:102171  .debug_str:000000000001b957 .LASF10084
     /tmp/ccvncDcb.s:97003  .debug_str:000000000000726e .LASF10085
     /tmp/ccvncDcb.s:110669  .debug_str:000000000003d7e9 .LASF10086
     /tmp/ccvncDcb.s:104615  .debug_str:0000000000025c6b .LASF10087
     /tmp/ccvncDcb.s:110351  .debug_str:000000000003c5bb .LASF10088
     /tmp/ccvncDcb.s:100693  .debug_str:0000000000015a72 .LASF10089
     /tmp/ccvncDcb.s:107303  .debug_str:000000000003026b .LASF10090
     /tmp/ccvncDcb.s:97587  .debug_str:0000000000009a05 .LASF10091
     /tmp/ccvncDcb.s:103463  .debug_str:0000000000020f2b .LASF10092
     /tmp/ccvncDcb.s:107383  .debug_str:00000000000307fa .LASF10093
     /tmp/ccvncDcb.s:109477  .debug_str:00000000000390c7 .LASF10094
     /tmp/ccvncDcb.s:114291  .debug_str:000000000004c9a9 .LASF10095
     /tmp/ccvncDcb.s:95353  .debug_str:000000000000049d .LASF10096
     /tmp/ccvncDcb.s:98743  .debug_str:000000000000e878 .LASF10097
     /tmp/ccvncDcb.s:114713  .debug_str:000000000004e584 .LASF10098
     /tmp/ccvncDcb.s:116313  .debug_str:00000000000551da .LASF10099
     /tmp/ccvncDcb.s:106861  .debug_str:000000000002e80e .LASF10100
     /tmp/ccvncDcb.s:97199  .debug_str:0000000000008090 .LASF10101
     /tmp/ccvncDcb.s:101243  .debug_str:0000000000017cc5 .LASF10102
     /tmp/ccvncDcb.s:113203  .debug_str:000000000004842c .LASF10103
     /tmp/ccvncDcb.s:105459  .debug_str:0000000000028df6 .LASF10104
     /tmp/ccvncDcb.s:109633  .debug_str:0000000000039a94 .LASF10105
     /tmp/ccvncDcb.s:108111  .debug_str:000000000003356c .LASF10106
     /tmp/ccvncDcb.s:111589  .debug_str:000000000004160d .LASF10107
     /tmp/ccvncDcb.s:96925  .debug_str:0000000000006cc0 .LASF10108
     /tmp/ccvncDcb.s:100331  .debug_str:0000000000014508 .LASF10109
     /tmp/ccvncDcb.s:111407  .debug_str:00000000000409fe .LASF10110
     /tmp/ccvncDcb.s:115995  .debug_str:0000000000053d32 .LASF10111
     /tmp/ccvncDcb.s:96827  .debug_str:0000000000006669 .LASF10112
     /tmp/ccvncDcb.s:113847  .debug_str:000000000004acaf .LASF10113
     /tmp/ccvncDcb.s:113309  .debug_str:0000000000048af9 .LASF10114
     /tmp/ccvncDcb.s:96167  .debug_str:0000000000003b70 .LASF10115
     /tmp/ccvncDcb.s:102347  .debug_str:000000000001c4f3 .LASF10116
     /tmp/ccvncDcb.s:95335  .debug_str:0000000000000331 .LASF10117
     /tmp/ccvncDcb.s:101837  .debug_str:000000000001a2a0 .LASF10118
     /tmp/ccvncDcb.s:112925  .debug_str:0000000000047173 .LASF10119
     /tmp/ccvncDcb.s:96931  .debug_str:0000000000006d02 .LASF10120
     /tmp/ccvncDcb.s:95939  .debug_str:0000000000002cee .LASF10121
     /tmp/ccvncDcb.s:96079  .debug_str:0000000000003630 .LASF10122
     /tmp/ccvncDcb.s:101607  .debug_str:0000000000019560 .LASF10123
     /tmp/ccvncDcb.s:99689  .debug_str:0000000000011be9 .LASF10124
     /tmp/ccvncDcb.s:111317  .debug_str:0000000000040405 .LASF10125
     /tmp/ccvncDcb.s:101849  .debug_str:000000000001a398 .LASF10126
     /tmp/ccvncDcb.s:113435  .debug_str:00000000000492f8 .LASF10127
     /tmp/ccvncDcb.s:103915  .debug_str:0000000000022e43 .LASF10128
     /tmp/ccvncDcb.s:95477  .debug_str:0000000000000ca1 .LASF10129
     /tmp/ccvncDcb.s:104343  .debug_str:0000000000024a30 .LASF10130
     /tmp/ccvncDcb.s:111329  .debug_str:000000000004047e .LASF10131
     /tmp/ccvncDcb.s:97377  .debug_str:0000000000008bfc .LASF10132
     /tmp/ccvncDcb.s:100609  .debug_str:00000000000155a7 .LASF10133
     /tmp/ccvncDcb.s:97261  .debug_str:00000000000084ce .LASF10134
     /tmp/ccvncDcb.s:97707  .debug_str:000000000000a120 .LASF10135
     /tmp/ccvncDcb.s:109759  .debug_str:000000000003a290 .LASF10136
     /tmp/ccvncDcb.s:105587  .debug_str:00000000000295de .LASF10137
     /tmp/ccvncDcb.s:101185  .debug_str:0000000000017907 .LASF10138
     /tmp/ccvncDcb.s:112587  .debug_str:0000000000045921 .LASF10139
     /tmp/ccvncDcb.s:108507  .debug_str:0000000000034dc2 .LASF10140
     /tmp/ccvncDcb.s:108497  .debug_str:0000000000034d2e .LASF10141
     /tmp/ccvncDcb.s:99707  .debug_str:0000000000011d23 .LASF10142
     /tmp/ccvncDcb.s:113873  .debug_str:000000000004ae17 .LASF10143
     /tmp/ccvncDcb.s:111917  .debug_str:0000000000042c95 .LASF10144
     /tmp/ccvncDcb.s:115141  .debug_str:000000000005024b .LASF10145
     /tmp/ccvncDcb.s:108257  .debug_str:0000000000033e1a .LASF10146
     /tmp/ccvncDcb.s:113631  .debug_str:0000000000049f4f .LASF10147
     /tmp/ccvncDcb.s:106321  .debug_str:000000000002c5d1 .LASF10148
     /tmp/ccvncDcb.s:109915  .debug_str:000000000003acca .LASF10149
     /tmp/ccvncDcb.s:114785  .debug_str:000000000004ea23 .LASF10150
     /tmp/ccvncDcb.s:104757  .debug_str:00000000000265e3 .LASF10151
     /tmp/ccvncDcb.s:116271  .debug_str:0000000000054f5a .LASF10152
     /tmp/ccvncDcb.s:106815  .debug_str:000000000002e48c .LASF10153
     /tmp/ccvncDcb.s:97147  .debug_str:0000000000007cac .LASF10154
     /tmp/ccvncDcb.s:108783  .debug_str:00000000000360ad .LASF10155
     /tmp/ccvncDcb.s:96711  .debug_str:0000000000005f80 .LASF10156
     /tmp/ccvncDcb.s:110977  .debug_str:000000000003ed2b .LASF10157
     /tmp/ccvncDcb.s:101279  .debug_str:0000000000017f6d .LASF10158
     /tmp/ccvncDcb.s:111933  .debug_str:0000000000042d02 .LASF10159
     /tmp/ccvncDcb.s:103491  .debug_str:0000000000021124 .LASF10160
     /tmp/ccvncDcb.s:101595  .debug_str:000000000001948d .LASF10161
     /tmp/ccvncDcb.s:108849  .debug_str:00000000000365fe .LASF10162
     /tmp/ccvncDcb.s:99137  .debug_str:000000000000fc69 .LASF10163
     /tmp/ccvncDcb.s:110865  .debug_str:000000000003e586 .LASF10164
     /tmp/ccvncDcb.s:108597  .debug_str:000000000003544a .LASF10165
     /tmp/ccvncDcb.s:99475  .debug_str:000000000001116f .LASF10166
     /tmp/ccvncDcb.s:103353  .debug_str:000000000002074a .LASF10167
     /tmp/ccvncDcb.s:114841  .debug_str:000000000004ed9b .LASF10168
     /tmp/ccvncDcb.s:103031  .debug_str:000000000001f07e .LASF10169
     /tmp/ccvncDcb.s:95937  .debug_str:0000000000002cd7 .LASF10170
     /tmp/ccvncDcb.s:112975  .debug_str:00000000000474e6 .LASF10171
     /tmp/ccvncDcb.s:97617  .debug_str:0000000000009b71 .LASF10172
     /tmp/ccvncDcb.s:115079  .debug_str:000000000004fe23 .LASF10173
     /tmp/ccvncDcb.s:105591  .debug_str:0000000000029603 .LASF10174
     /tmp/ccvncDcb.s:95997  .debug_str:000000000000309d .LASF10175
     /tmp/ccvncDcb.s:107799  .debug_str:000000000003224c .LASF10176
     /tmp/ccvncDcb.s:98795  .debug_str:000000000000ead2 .LASF10177
     /tmp/ccvncDcb.s:100067  .debug_str:000000000001344f .LASF10178
     /tmp/ccvncDcb.s:100121  .debug_str:0000000000013754 .LASF10179
     /tmp/ccvncDcb.s:111679  .debug_str:0000000000041cd3 .LASF10180
     /tmp/ccvncDcb.s:107869  .debug_str:0000000000032629 .LASF10181
     /tmp/ccvncDcb.s:98145  .debug_str:000000000000c00b .LASF10182
     /tmp/ccvncDcb.s:109991  .debug_str:000000000003b102 .LASF10183
     /tmp/ccvncDcb.s:100363  .debug_str:00000000000146f5 .LASF10184
     /tmp/ccvncDcb.s:102757  .debug_str:000000000001de04 .LASF10185
     /tmp/ccvncDcb.s:102317  .debug_str:000000000001c391 .LASF10186
     /tmp/ccvncDcb.s:113891  .debug_str:000000000004af0e .LASF10187
     /tmp/ccvncDcb.s:104505  .debug_str:00000000000254b6 .LASF10188
     /tmp/ccvncDcb.s:116017  .debug_str:0000000000053f0d .LASF10189
     /tmp/ccvncDcb.s:100619  .debug_str:000000000001568a .LASF10190
     /tmp/ccvncDcb.s:105119  .debug_str:0000000000027a98 .LASF10191
     /tmp/ccvncDcb.s:114125  .debug_str:000000000004be79 .LASF10192
     /tmp/ccvncDcb.s:104561  .debug_str:0000000000025950 .LASF10193
     /tmp/ccvncDcb.s:116077  .debug_str:000000000005423f .LASF10194
     /tmp/ccvncDcb.s:106789  .debug_str:000000000002e347 .LASF10195
     /tmp/ccvncDcb.s:97121  .debug_str:0000000000007b63 .LASF10196
     /tmp/ccvncDcb.s:108755  .debug_str:0000000000035ed2 .LASF10197
     /tmp/ccvncDcb.s:99041  .debug_str:000000000000f891 .LASF10198
     /tmp/ccvncDcb.s:110763  .debug_str:000000000003de20 .LASF10199
     /tmp/ccvncDcb.s:101249  .debug_str:0000000000017d2a .LASF10200
     /tmp/ccvncDcb.s:97179  .debug_str:0000000000007f61 .LASF10201
     /tmp/ccvncDcb.s:109013  .debug_str:0000000000036f42 .LASF10202
     /tmp/ccvncDcb.s:114919  .debug_str:000000000004f24c .LASF10203
     /tmp/ccvncDcb.s:111005  .debug_str:000000000003ef50 .LASF10204
     /tmp/ccvncDcb.s:101311  .debug_str:0000000000018123 .LASF10205
     /tmp/ccvncDcb.s:109121  .debug_str:00000000000375d9 .LASF10206
     /tmp/ccvncDcb.s:103527  .debug_str:00000000000213d9 .LASF10207
     /tmp/ccvncDcb.s:114993  .debug_str:000000000004f7b6 .LASF10208
     /tmp/ccvncDcb.s:105503  .debug_str:0000000000029092 .LASF10209
     /tmp/ccvncDcb.s:95909  .debug_str:0000000000002aee .LASF10210
     /tmp/ccvncDcb.s:113147  .debug_str:0000000000048091 .LASF10211
     /tmp/ccvncDcb.s:103589  .debug_str:00000000000217ed .LASF10212
     /tmp/ccvncDcb.s:115055  .debug_str:000000000004fc71 .LASF10213
     /tmp/ccvncDcb.s:103431  .debug_str:0000000000020c68 .LASF10214
     /tmp/ccvncDcb.s:99549  .debug_str:0000000000011542 .LASF10215
     /tmp/ccvncDcb.s:107163  .debug_str:000000000002fa03 .LASF10216
     /tmp/ccvncDcb.s:100323  .debug_str:0000000000014480 .LASF10217
     /tmp/ccvncDcb.s:114661  .debug_str:000000000004e1e6 .LASF10218
     /tmp/ccvncDcb.s:107993  .debug_str:0000000000032d94 .LASF10219
     /tmp/ccvncDcb.s:102589  .debug_str:000000000001d3c1 .LASF10220
     /tmp/ccvncDcb.s:95821  .debug_str:0000000000002532 .LASF10221
     /tmp/ccvncDcb.s:111609  .debug_str:000000000004174e .LASF10222
     /tmp/ccvncDcb.s:112067  .debug_str:0000000000043570 .LASF10223
     /tmp/ccvncDcb.s:108875  .debug_str:0000000000036777 .LASF10224
     /tmp/ccvncDcb.s:110827  .debug_str:000000000003e31f .LASF10225
     /tmp/ccvncDcb.s:108877  .debug_str:0000000000036781 .LASF10226
     /tmp/ccvncDcb.s:106213  .debug_str:000000000002bf2e .LASF10227
     /tmp/ccvncDcb.s:108879  .debug_str:000000000003678b .LASF10228
     /tmp/ccvncDcb.s:114567  .debug_str:000000000004db7b .LASF10229
     /tmp/ccvncDcb.s:108881  .debug_str:0000000000036795 .LASF10230
     /tmp/ccvncDcb.s:106695  .debug_str:000000000002dd9f .LASF10231
     /tmp/ccvncDcb.s:104871  .debug_str:0000000000026c5e .LASF10232
     /tmp/ccvncDcb.s:108793  .debug_str:0000000000036178 .LASF10233
     /tmp/ccvncDcb.s:108883  .debug_str:000000000003679f .LASF10234
     /tmp/ccvncDcb.s:98395  .debug_str:000000000000d12c .LASF10235
     /tmp/ccvncDcb.s:104951  .debug_str:00000000000270f6 .LASF10236
     /tmp/ccvncDcb.s:100583  .debug_str:000000000001543b .LASF10237
     /tmp/ccvncDcb.s:108885  .debug_str:00000000000367a9 .LASF10238
     /tmp/ccvncDcb.s:111647  .debug_str:0000000000041a68 .LASF10239
     /tmp/ccvncDcb.s:105055  .debug_str:00000000000276bd .LASF10240
     /tmp/ccvncDcb.s:113771  .debug_str:000000000004a872 .LASF10241
     /tmp/ccvncDcb.s:97691  .debug_str:000000000000a036 .LASF10242
     /tmp/ccvncDcb.s:103701  .debug_str:0000000000022006 .LASF10243
     /tmp/ccvncDcb.s:105159  .debug_str:0000000000027bc7 .LASF10244
     /tmp/ccvncDcb.s:96471  .debug_str:0000000000005090 .LASF10245
     /tmp/ccvncDcb.s:108889  .debug_str:00000000000367c7 .LASF10246
     /tmp/ccvncDcb.s:108891  .debug_str:00000000000367d1 .LASF10247
     /tmp/ccvncDcb.s:104903  .debug_str:0000000000026ea6 .LASF10248
     /tmp/ccvncDcb.s:95527  .debug_str:0000000000000fcc .LASF10249
     /tmp/ccvncDcb.s:111545  .debug_str:0000000000041323 .LASF10250
     /tmp/ccvncDcb.s:109591  .debug_str:000000000003980d .LASF10253
     /tmp/ccvncDcb.s:107625  .debug_str:000000000003162b .LASF10251
     /tmp/ccvncDcb.s:108969  .debug_str:0000000000036cb5 .LASF10252
     /tmp/ccvncDcb.s:100219  .debug_str:0000000000013ccc .LASF10254
     /tmp/ccvncDcb.s:96901  .debug_str:0000000000006b7c .LASF10255
     /tmp/ccvncDcb.s:96903  .debug_str:0000000000006b8f .LASF10256
     /tmp/ccvncDcb.s:96905  .debug_str:0000000000006ba2 .LASF10257
     /tmp/ccvncDcb.s:96475  .debug_str:00000000000050d0 .LASF10258
     /tmp/ccvncDcb.s:96909  .debug_str:0000000000006bde .LASF10259
     /tmp/ccvncDcb.s:114809  .debug_str:000000000004ebe7 .LASF10260
     /tmp/ccvncDcb.s:99275  .debug_str:0000000000010533 .LASF10261
     /tmp/ccvncDcb.s:114813  .debug_str:000000000004ec22 .LASF10262
     /tmp/ccvncDcb.s:114815  .debug_str:000000000004ec33 .LASF10263
     /tmp/ccvncDcb.s:114817  .debug_str:000000000004ec44 .LASF10264
     /tmp/ccvncDcb.s:99613  .debug_str:000000000001189b .LASF10265
     /tmp/ccvncDcb.s:99615  .debug_str:00000000000118ab .LASF10266
     /tmp/ccvncDcb.s:102841  .debug_str:000000000001e3ee .LASF10267
     /tmp/ccvncDcb.s:102843  .debug_str:000000000001e3fe .LASF10268
     /tmp/ccvncDcb.s:110929  .debug_str:000000000003ea29 .LASF10269
     /tmp/ccvncDcb.s:102677  .debug_str:000000000001d8e6 .LASF10270
     /tmp/ccvncDcb.s:114475  .debug_str:000000000004d54f .LASF10271
     /tmp/ccvncDcb.s:114477  .debug_str:000000000004d55f .LASF10272
     /tmp/ccvncDcb.s:110537  .debug_str:000000000003cfee .LASF10273
     /tmp/ccvncDcb.s:99623  .debug_str:00000000000118ff .LASF10274
     /tmp/ccvncDcb.s:99625  .debug_str:0000000000011910 .LASF10275
     /tmp/ccvncDcb.s:99627  .debug_str:0000000000011921 .LASF10276
     /tmp/ccvncDcb.s:110981  .debug_str:000000000003ed52 .LASF10277
     /tmp/ccvncDcb.s:101817  .debug_str:000000000001a1d4 .LASF10278
     /tmp/ccvncDcb.s:98681  .debug_str:000000000000e44e .LASF10279
     /tmp/ccvncDcb.s:103199  .debug_str:000000000001fcb0 .LASF10280
     /tmp/ccvncDcb.s:111371  .debug_str:0000000000040788 .LASF10281
     /tmp/ccvncDcb.s:101373  .debug_str:00000000000184b0 .LASF10282
     /tmp/ccvncDcb.s:109399  .debug_str:0000000000038aac .LASF10283
     /tmp/ccvncDcb.s:110117  .debug_str:000000000003b958 .LASF10284
     /tmp/ccvncDcb.s:102823  .debug_str:000000000001e30d .LASF10285
     /tmp/ccvncDcb.s:104013  .debug_str:00000000000234f9 .LASF10286
     /tmp/ccvncDcb.s:107583  .debug_str:000000000003137a .LASF10287
     /tmp/ccvncDcb.s:107585  .debug_str:000000000003138a .LASF10288
     /tmp/ccvncDcb.s:107587  .debug_str:000000000003139a .LASF10289
     /tmp/ccvncDcb.s:107589  .debug_str:00000000000313aa .LASF10290
     /tmp/ccvncDcb.s:100217  .debug_str:0000000000013cbc .LASF10291
     /tmp/ccvncDcb.s:115371  .debug_str:000000000005115c .LASF10292
     /tmp/ccvncDcb.s:100295  .debug_str:000000000001422b .LASF10293
     /tmp/ccvncDcb.s:103855  .debug_str:0000000000022ae4 .LASF10294
     /tmp/ccvncDcb.s:100379  .debug_str:00000000000147e7 .LASF10295
     /tmp/ccvncDcb.s:103949  .debug_str:00000000000230b5 .LASF10296
     /tmp/ccvncDcb.s:100455  .debug_str:0000000000014c6b .LASF10297
     /tmp/ccvncDcb.s:104029  .debug_str:0000000000023633 .LASF10298
     /tmp/ccvncDcb.s:100549  .debug_str:0000000000015205 .LASF10299
     /tmp/ccvncDcb.s:104105  .debug_str:0000000000023bf9 .LASF10300
     /tmp/ccvncDcb.s:109741  .debug_str:000000000003a1b3 .LASF10301
     /tmp/ccvncDcb.s:112013  .debug_str:000000000004324b .LASF10302
     /tmp/ccvncDcb.s:100683  .debug_str:00000000000159e6 .LASF10303
     /tmp/ccvncDcb.s:96897  .debug_str:0000000000006b56 .LASF10304
     /tmp/ccvncDcb.s:110805  .debug_str:000000000003e0f1 .LASF10305
     /tmp/ccvncDcb.s:114853  .debug_str:000000000004ee11 .LASF10306
     /tmp/ccvncDcb.s:114901  .debug_str:000000000004f108 .LASF10307
     /tmp/ccvncDcb.s:97257  .debug_str:000000000000847f .LASF10308
     /tmp/ccvncDcb.s:97711  .debug_str:000000000000a16d .LASF10309
     /tmp/ccvncDcb.s:97145  .debug_str:0000000000007c9f .LASF10310
     /tmp/ccvncDcb.s:115547  .debug_str:0000000000051dcc .LASF10311
     /tmp/ccvncDcb.s:100129  .debug_str:00000000000137cc .LASF10312
     /tmp/ccvncDcb.s:109639  .debug_str:0000000000039adb .LASF10313
     /tmp/ccvncDcb.s:115063  .debug_str:000000000004fd06 .LASF10314
     /tmp/ccvncDcb.s:113895  .debug_str:000000000004af46 .LASF10315
     /tmp/ccvncDcb.s:98031  .debug_str:000000000000b7dc .LASF10316
     /tmp/ccvncDcb.s:110255  .debug_str:000000000003c0f9 .LASF10317
     /tmp/ccvncDcb.s:101191  .debug_str:0000000000017940 .LASF10318
     /tmp/ccvncDcb.s:103155  .debug_str:000000000001f985 .LASF10319
     /tmp/ccvncDcb.s:102621  .debug_str:000000000001d57c .LASF10320
     /tmp/ccvncDcb.s:114463  .debug_str:000000000004d455 .LASF10321
     /tmp/ccvncDcb.s:114151  .debug_str:000000000004c00c .LASF10322
     /tmp/ccvncDcb.s:109971  .debug_str:000000000003af76 .LASF10323
     /tmp/ccvncDcb.s:104595  .debug_str:0000000000025b13 .LASF10324
     /tmp/ccvncDcb.s:105399  .debug_str:00000000000289b7 .LASF10325
     /tmp/ccvncDcb.s:115545  .debug_str:0000000000051db9 .LASF10326
     /tmp/ccvncDcb.s:100817  .debug_str:0000000000016134 .LASF10327
     /tmp/ccvncDcb.s:108701  .debug_str:0000000000035b56 .LASF10328
     /tmp/ccvncDcb.s:105541  .debug_str:0000000000029333 .LASF10329
     /tmp/ccvncDcb.s:115893  .debug_str:00000000000536d7 .LASF10330
     /tmp/ccvncDcb.s:105569  .debug_str:00000000000294c8 .LASF10331
     /tmp/ccvncDcb.s:108989  .debug_str:0000000000036dfd .LASF10332
     /tmp/ccvncDcb.s:110723  .debug_str:000000000003dba9 .LASF10333
     /tmp/ccvncDcb.s:110957  .debug_str:000000000003ebfa .LASF10334
     /tmp/ccvncDcb.s:110715  .debug_str:000000000003db1b .LASF10335
     /tmp/ccvncDcb.s:114171  .debug_str:000000000004c127 .LASF10336
     /tmp/ccvncDcb.s:112921  .debug_str:0000000000047157 .LASF10337
     /tmp/ccvncDcb.s:99729  .debug_str:0000000000011eb9 .LASF10338
     /tmp/ccvncDcb.s:111975  .debug_str:0000000000042f92 .LASF10339
     /tmp/ccvncDcb.s:101879  .debug_str:000000000001a572 .LASF10340
     /tmp/ccvncDcb.s:100649  .debug_str:00000000000157e8 .LASF10341
     /tmp/ccvncDcb.s:115945  .debug_str:0000000000053a65 .LASF10342
     /tmp/ccvncDcb.s:97621  .debug_str:0000000000009bb1 .LASF10343
     /tmp/ccvncDcb.s:112637  .debug_str:0000000000045c55 .LASF10344
     /tmp/ccvncDcb.s:111801  .debug_str:00000000000424ec .LASF10345
     /tmp/ccvncDcb.s:109881  .debug_str:000000000003aa19 .LASF10346
     /tmp/ccvncDcb.s:100783  .debug_str:0000000000015f12 .LASF10347
     /tmp/ccvncDcb.s:114905  .debug_str:000000000004f157 .LASF10348
     /tmp/ccvncDcb.s:100247  .debug_str:0000000000013eec .LASF10349
     /tmp/ccvncDcb.s:108893  .debug_str:00000000000367db .LASF10350
     /tmp/ccvncDcb.s:104571  .debug_str:0000000000025a25 .LASF10351
     /tmp/ccvncDcb.s:111117  .debug_str:000000000003f667 .LASF10352
     /tmp/ccvncDcb.s:104575  .debug_str:0000000000025a46 .LASF10353
     /tmp/ccvncDcb.s:104577  .debug_str:0000000000025a51 .LASF10354
     /tmp/ccvncDcb.s:104579  .debug_str:0000000000025a5c .LASF10355
     /tmp/ccvncDcb.s:111123  .debug_str:000000000003f6ea .LASF10356
     /tmp/ccvncDcb.s:104583  .debug_str:0000000000025a94 .LASF10357
     /tmp/ccvncDcb.s:104585  .debug_str:0000000000025a9f .LASF10358
     /tmp/ccvncDcb.s:107377  .debug_str:00000000000307a6 .LASF10359
     /tmp/ccvncDcb.s:96941  .debug_str:0000000000006dfb .LASF10360
     /tmp/ccvncDcb.s:104557  .debug_str:000000000002593a .LASF10361
     /tmp/ccvncDcb.s:102301  .debug_str:000000000001c2a5 .LASF10362
     /tmp/ccvncDcb.s:96445  .debug_str:0000000000004e99 .LASF10363
     /tmp/ccvncDcb.s:106325  .debug_str:000000000002c625 .LASF10364
     /tmp/ccvncDcb.s:96561  .debug_str:00000000000055c7 .LASF10365
     /tmp/ccvncDcb.s:104235  .debug_str:00000000000243e5 .LASF10366
     /tmp/ccvncDcb.s:113267  .debug_str:00000000000487e9 .LASF10367
     /tmp/ccvncDcb.s:95785  .debug_str:0000000000002299 .LASF10368
     /tmp/ccvncDcb.s:111111  .debug_str:000000000003f603 .LASF10369
     /tmp/ccvncDcb.s:97471  .debug_str:000000000000928b .LASF10370
     /tmp/ccvncDcb.s:100171  .debug_str:0000000000013aab .LASF10371
     /tmp/ccvncDcb.s:115389  .debug_str:00000000000512d0 .LASF10372
     /tmp/ccvncDcb.s:100175  .debug_str:0000000000013ad0 .LASF10373
     /tmp/ccvncDcb.s:100177  .debug_str:0000000000013adb .LASF10374
     /tmp/ccvncDcb.s:100179  .debug_str:0000000000013ae6 .LASF10375
     /tmp/ccvncDcb.s:100181  .debug_str:0000000000013af1 .LASF10376
     /tmp/ccvncDcb.s:100183  .debug_str:0000000000013afc .LASF10377
     /tmp/ccvncDcb.s:100185  .debug_str:0000000000013b07 .LASF10378
     /tmp/ccvncDcb.s:100187  .debug_str:0000000000013b12 .LASF10379
     /tmp/ccvncDcb.s:100189  .debug_str:0000000000013b1d .LASF10380
     /tmp/ccvncDcb.s:113855  .debug_str:000000000004ad58 .LASF10381
     /tmp/ccvncDcb.s:107441  .debug_str:0000000000030b7d .LASF10382
     /tmp/ccvncDcb.s:107443  .debug_str:0000000000030b89 .LASF10383
     /tmp/ccvncDcb.s:107445  .debug_str:0000000000030b95 .LASF10384
     /tmp/ccvncDcb.s:107447  .debug_str:0000000000030ba1 .LASF10385
     /tmp/ccvncDcb.s:107449  .debug_str:0000000000030bad .LASF10386
     /tmp/ccvncDcb.s:107451  .debug_str:0000000000030bb9 .LASF10387
     /tmp/ccvncDcb.s:107453  .debug_str:0000000000030bc5 .LASF10388
     /tmp/ccvncDcb.s:113869  .debug_str:000000000004ade2 .LASF10389
     /tmp/ccvncDcb.s:107457  .debug_str:0000000000030c05 .LASF10390
     /tmp/ccvncDcb.s:107533  .debug_str:000000000003111a .LASF10391
     /tmp/ccvncDcb.s:107535  .debug_str:0000000000031126 .LASF10392
     /tmp/ccvncDcb.s:107537  .debug_str:0000000000031132 .LASF10393
     /tmp/ccvncDcb.s:107539  .debug_str:000000000003113e .LASF10394
     /tmp/ccvncDcb.s:107541  .debug_str:000000000003114a .LASF10395
     /tmp/ccvncDcb.s:107543  .debug_str:0000000000031156 .LASF10396
     /tmp/ccvncDcb.s:107545  .debug_str:0000000000031162 .LASF10397
     /tmp/ccvncDcb.s:107547  .debug_str:000000000003116e .LASF10398
     /tmp/ccvncDcb.s:107549  .debug_str:000000000003117a .LASF10399
     /tmp/ccvncDcb.s:106099  .debug_str:000000000002b890 .LASF10400
     /tmp/ccvncDcb.s:107627  .debug_str:0000000000031639 .LASF10401
     /tmp/ccvncDcb.s:114177  .debug_str:000000000004c199 .LASF10402
     /tmp/ccvncDcb.s:107685  .debug_str:00000000000319f4 .LASF10403
     /tmp/ccvncDcb.s:101113  .debug_str:00000000000174a3 .LASF10404
     /tmp/ccvncDcb.s:114695  .debug_str:000000000004e45d .LASF10405
     /tmp/ccvncDcb.s:114949  .debug_str:000000000004f4aa .LASF10406
     /tmp/ccvncDcb.s:106771  .debug_str:000000000002e22e .LASF10407
     /tmp/ccvncDcb.s:100213  .debug_str:0000000000013c74 .LASF10408
     /tmp/ccvncDcb.s:106683  .debug_str:000000000002dd29 .LASF10409
     /tmp/ccvncDcb.s:107667  .debug_str:0000000000031918 .LASF10410
     /tmp/ccvncDcb.s:112225  .debug_str:0000000000043ef6 .LASF10411
     /tmp/ccvncDcb.s:97489  .debug_str:000000000000938d .LASF10412
     /tmp/ccvncDcb.s:105497  .debug_str:0000000000029015 .LASF10413
     /tmp/ccvncDcb.s:108347  .debug_str:00000000000343d6 .LASF10414
     /tmp/ccvncDcb.s:95681  .debug_str:0000000000001b78 .LASF10415
     /tmp/ccvncDcb.s:101631  .debug_str:00000000000196e7 .LASF10416
     /tmp/ccvncDcb.s:110189  .debug_str:000000000003bd25 .LASF10417
     /tmp/ccvncDcb.s:97239  .debug_str:000000000000830a .LASF10418
     /tmp/ccvncDcb.s:104895  .debug_str:0000000000026e12 .LASF10419
     /tmp/ccvncDcb.s:97123  .debug_str:0000000000007b7a .LASF10420
     /tmp/ccvncDcb.s:110771  .debug_str:000000000003de70 .LASF10421
     /tmp/ccvncDcb.s:109677  .debug_str:0000000000039d98 .LASF10422
     /tmp/ccvncDcb.s:97883  .debug_str:000000000000ad8d .LASF10423
     /tmp/ccvncDcb.s:101173  .debug_str:0000000000017829 .LASF10424
     /tmp/ccvncDcb.s:109057  .debug_str:0000000000037245 .LASF10425
     /tmp/ccvncDcb.s:110933  .debug_str:000000000003ea48 .LASF10426
     /tmp/ccvncDcb.s:104959  .debug_str:000000000002716e .LASF10427
     /tmp/ccvncDcb.s:115267  .debug_str:0000000000050a5d .LASF10428
     /tmp/ccvncDcb.s:103721  .debug_str:0000000000022145 .LASF10429
     /tmp/ccvncDcb.s:96117  .debug_str:0000000000003819 .LASF10430
     /tmp/ccvncDcb.s:107097  .debug_str:000000000002f64d .LASF10431
     /tmp/ccvncDcb.s:97615  .debug_str:0000000000009b63 .LASF10432
     /tmp/ccvncDcb.s:109531  .debug_str:00000000000393fc .LASF10433
     /tmp/ccvncDcb.s:109541  .debug_str:0000000000039485 .LASF10434
     /tmp/ccvncDcb.s:111089  .debug_str:000000000003f478 .LASF10435
     /tmp/ccvncDcb.s:97959  .debug_str:000000000000b305 .LASF10436
     /tmp/ccvncDcb.s:109083  .debug_str:0000000000037423 .LASF10437
     /tmp/ccvncDcb.s:97639  .debug_str:0000000000009d50 .LASF10438
     /tmp/ccvncDcb.s:98631  .debug_str:000000000000e194 .LASF10439
     /tmp/ccvncDcb.s:100199  .debug_str:0000000000013bc5 .LASF10440
     /tmp/ccvncDcb.s:111137  .debug_str:000000000003f7ab .LASF10441
     /tmp/ccvncDcb.s:101171  .debug_str:000000000001781b .LASF10442
     /tmp/ccvncDcb.s:113359  .debug_str:0000000000048e05 .LASF10443
     /tmp/ccvncDcb.s:100355  .debug_str:000000000001467b .LASF10444
     /tmp/ccvncDcb.s:114323  .debug_str:000000000004cbc1 .LASF10445
     /tmp/ccvncDcb.s:108349  .debug_str:00000000000343ea .LASF10446
     /tmp/ccvncDcb.s:114007  .debug_str:000000000004b6cd .LASF10447
     /tmp/ccvncDcb.s:114951  .debug_str:000000000004f4b3 .LASF10448
     /tmp/ccvncDcb.s:98913  .debug_str:000000000000f1a1 .LASF10449
     /tmp/ccvncDcb.s:95461  .debug_str:0000000000000bd6 .LASF10450
     /tmp/ccvncDcb.s:114301  .debug_str:000000000004ca52 .LASF10451
     /tmp/ccvncDcb.s:111533  .debug_str:000000000004127e .LASF10452
     /tmp/ccvncDcb.s:111215  .debug_str:000000000003fd5d .LASF10453
     /tmp/ccvncDcb.s:115367  .debug_str:0000000000051102 .LASF10454
     /tmp/ccvncDcb.s:108259  .debug_str:0000000000033e35 .LASF10455
     /tmp/ccvncDcb.s:105285  .debug_str:00000000000282e5 .LASF10456
     /tmp/ccvncDcb.s:107607  .debug_str:00000000000314fe .LASF10457
     /tmp/ccvncDcb.s:107423  .debug_str:0000000000030a79 .LASF10458
     /tmp/ccvncDcb.s:114547  .debug_str:000000000004da29 .LASF10459
     /tmp/ccvncDcb.s:100917  .debug_str:00000000000167ae .LASF10460
     /tmp/ccvncDcb.s:105451  .debug_str:0000000000028d8a .LASF10461
     /tmp/ccvncDcb.s:108117  .debug_str:00000000000335d6 .LASF10462
     /tmp/ccvncDcb.s:105071  .debug_str:000000000002778d .LASF10463
     /tmp/ccvncDcb.s:112691  .debug_str:000000000004623b .LASF10464
     /tmp/ccvncDcb.s:100785  .debug_str:0000000000015f1b .LASF10465
     /tmp/ccvncDcb.s:105313  .debug_str:00000000000284f6 .LASF10466
     /tmp/ccvncDcb.s:115475  .debug_str:000000000005188b .LASF10467
     /tmp/ccvncDcb.s:113863  .debug_str:000000000004ada0 .LASF10468
     /tmp/ccvncDcb.s:113053  .debug_str:0000000000047a2a .LASF10469
     /tmp/ccvncDcb.s:112717  .debug_str:000000000004643a .LASF10470
     /tmp/ccvncDcb.s:109361  .debug_str:0000000000038800 .LASF10471
     /tmp/ccvncDcb.s:97643  .debug_str:0000000000009d6c .LASF10472
     /tmp/ccvncDcb.s:167    .text.e51:0000000000000000 .LFB31
     /tmp/ccvncDcb.s:1064   .text.e51:0000000000000534 .LFE31
     /tmp/ccvncDcb.s:317    .text.e51:000000000000007a .LBB36
     /tmp/ccvncDcb.s:327    .text.e51:000000000000007e .LBE36
     /tmp/ccvncDcb.s:107767  .debug_str:0000000000031ff6 .LASF10477
     /tmp/ccvncDcb.s:171    .text.e51:0000000000000000 .LBB25
     /tmp/ccvncDcb.s:74626  .debug_loc:0000000000000000 .LLST0
     /tmp/ccvncDcb.s:227    .text.e51:0000000000000028 .LBB31
     /tmp/ccvncDcb.s:74633  .debug_loc:0000000000000023 .LLST2
     /tmp/ccvncDcb.s:74687  .debug_loc:000000000000010b .LLST3
     /tmp/ccvncDcb.s:232    .text.e51:0000000000000028 .LBB33
     /tmp/ccvncDcb.s:242    .text.e51:000000000000002c .LBE33
     /tmp/ccvncDcb.s:298    .text.e51:0000000000000068 .LBB34
     /tmp/ccvncDcb.s:310    .text.e51:0000000000000072 .LBE34
     /tmp/ccvncDcb.s:411    .text.e51:0000000000000148 .LBB37
     /tmp/ccvncDcb.s:74694  .debug_loc:000000000000012e .LLST5
     /tmp/ccvncDcb.s:74702  .debug_loc:0000000000000152 .LLST6
     /tmp/ccvncDcb.s:414    .text.e51:0000000000000148 .LBB39
     /tmp/ccvncDcb.s:424    .text.e51:000000000000014c .LBE39
     /tmp/ccvncDcb.s:437    .text.e51:0000000000000160 .LBB42
     /tmp/ccvncDcb.s:74709  .debug_loc:0000000000000175 .LLST8
     /tmp/ccvncDcb.s:74717  .debug_loc:0000000000000199 .LLST9
     /tmp/ccvncDcb.s:490    .text.e51:0000000000000194 .LBB50
     /tmp/ccvncDcb.s:498    .text.e51:0000000000000198 .LBE50
     /tmp/ccvncDcb.s:74731  .debug_loc:00000000000001c3 .LLST10
     /tmp/ccvncDcb.s:74739  .debug_loc:00000000000001e7 .LLST11
     /tmp/ccvncDcb.s:500    .text.e51:0000000000000198 .LBB52
     /tmp/ccvncDcb.s:74748  .debug_loc:000000000000020c .LLST12
     /tmp/ccvncDcb.s:74769  .debug_loc:000000000000025b .LLST13
     /tmp/ccvncDcb.s:74792  .debug_loc:00000000000002ca .LLST14
     /tmp/ccvncDcb.s:504    .text.e51:0000000000000198 .LBB54
     /tmp/ccvncDcb.s:514    .text.e51:000000000000019c .LBE54
     /tmp/ccvncDcb.s:315    .text.e51:000000000000007a .LVL21
     /tmp/ccvncDcb.s:334    .text.e51:000000000000008c .LVL23
     /tmp/ccvncDcb.s:341    .text.e51:000000000000009a .LVL24
     /tmp/ccvncDcb.s:348    .text.e51:00000000000000a8 .LVL25
     /tmp/ccvncDcb.s:355    .text.e51:00000000000000b6 .LVL26
     /tmp/ccvncDcb.s:362    .text.e51:00000000000000c4 .LVL27
     /tmp/ccvncDcb.s:369    .text.e51:00000000000000d2 .LVL28
     /tmp/ccvncDcb.s:376    .text.e51:00000000000000e0 .LVL29
     /tmp/ccvncDcb.s:384    .text.e51:00000000000000fa .LVL30
     /tmp/ccvncDcb.s:389    .text.e51:0000000000000112 .LVL31
     /tmp/ccvncDcb.s:394    .text.e51:0000000000000122 .LVL32
     /tmp/ccvncDcb.s:400    .text.e51:0000000000000138 .LVL33
     /tmp/ccvncDcb.s:403    .text.e51:0000000000000140 .LVL34
     /tmp/ccvncDcb.s:709    .text.e51:0000000000000294 .LVL58
     /tmp/ccvncDcb.s:713    .text.e51:00000000000002a0 .LVL59
     /tmp/ccvncDcb.s:719    .text.e51:00000000000002b0 .LVL60
     /tmp/ccvncDcb.s:725    .text.e51:00000000000002c0 .LVL61
     /tmp/ccvncDcb.s:731    .text.e51:00000000000002d0 .LVL62
     /tmp/ccvncDcb.s:737    .text.e51:00000000000002e0 .LVL63
     /tmp/ccvncDcb.s:743    .text.e51:00000000000002f2 .LVL64
     /tmp/ccvncDcb.s:749    .text.e51:0000000000000304 .LVL65
     /tmp/ccvncDcb.s:755    .text.e51:0000000000000316 .LVL66
     /tmp/ccvncDcb.s:761    .text.e51:0000000000000328 .LVL67
     /tmp/ccvncDcb.s:764    .text.e51:0000000000000330 .LVL68
     /tmp/ccvncDcb.s:769    .text.e51:000000000000033e .LVL69
     /tmp/ccvncDcb.s:774    .text.e51:000000000000034c .LVL70
     /tmp/ccvncDcb.s:779    .text.e51:000000000000035a .LVL71
     /tmp/ccvncDcb.s:784    .text.e51:0000000000000368 .LVL72
     /tmp/ccvncDcb.s:800    .text.e51:0000000000000398 .LVL73
     /tmp/ccvncDcb.s:920    .text.e51:000000000000041c .LVL87
     /tmp/ccvncDcb.s:928    .text.e51:000000000000042c .LVL88
     /tmp/ccvncDcb.s:936    .text.e51:000000000000043c .LVL89
     /tmp/ccvncDcb.s:946    .text.e51:0000000000000450 .LVL90
     /tmp/ccvncDcb.s:953    .text.e51:0000000000000460 .LVL91
     /tmp/ccvncDcb.s:960    .text.e51:0000000000000470 .LVL92
     /tmp/ccvncDcb.s:967    .text.e51:0000000000000480 .LVL93
     /tmp/ccvncDcb.s:980    .text.e51:000000000000049a .LVL94
     /tmp/ccvncDcb.s:988    .text.e51:00000000000004aa .LVL95
     /tmp/ccvncDcb.s:998    .text.e51:00000000000004be .LVL96
     /tmp/ccvncDcb.s:1006   .text.e51:00000000000004ce .LVL97
     /tmp/ccvncDcb.s:1016   .text.e51:00000000000004e2 .LVL98
     /tmp/ccvncDcb.s:1028   .text.e51:00000000000004f6 .LVL99
     /tmp/ccvncDcb.s:1042   .text.e51:000000000000050e .LVL100
     /tmp/ccvncDcb.s:1052   .text.e51:0000000000000522 .LVL101
     /tmp/ccvncDcb.s:1061   .text.e51:0000000000000532 .LVL102
     /tmp/ccvncDcb.s:100701  .debug_str:0000000000015ad1 .LASF10473
     /tmp/ccvncDcb.s:129    .text.PLIC_gpio1_bit9_or_gpio2_bit23_IRQHandler:0000000000000000 .LFB30
     /tmp/ccvncDcb.s:160    .text.PLIC_gpio1_bit9_or_gpio2_bit23_IRQHandler:000000000000002a .LFE30
     /tmp/ccvncDcb.s:145    .text.PLIC_gpio1_bit9_or_gpio2_bit23_IRQHandler:0000000000000014 .LVL6
     /tmp/ccvncDcb.s:150    .text.PLIC_gpio1_bit9_or_gpio2_bit23_IRQHandler:0000000000000022 .LVL7
     /tmp/ccvncDcb.s:111971  .debug_str:0000000000042f40 .LASF10474
     /tmp/ccvncDcb.s:91     .text.PLIC_gpio1_bit8_or_gpio2_bit22_IRQHandler:0000000000000000 .LFB29
     /tmp/ccvncDcb.s:122    .text.PLIC_gpio1_bit8_or_gpio2_bit22_IRQHandler:000000000000002a .LFE29
     /tmp/ccvncDcb.s:107    .text.PLIC_gpio1_bit8_or_gpio2_bit22_IRQHandler:0000000000000014 .LVL4
     /tmp/ccvncDcb.s:112    .text.PLIC_gpio1_bit8_or_gpio2_bit22_IRQHandler:0000000000000022 .LVL5
     /tmp/ccvncDcb.s:114025  .debug_str:000000000004b842 .LASF10475
     /tmp/ccvncDcb.s:53     .text.PLIC_gpio1_bit7_or_gpio2_bit21_IRQHandler:0000000000000000 .LFB28
     /tmp/ccvncDcb.s:84     .text.PLIC_gpio1_bit7_or_gpio2_bit21_IRQHandler:000000000000002a .LFE28
     /tmp/ccvncDcb.s:69     .text.PLIC_gpio1_bit7_or_gpio2_bit21_IRQHandler:0000000000000014 .LVL2
     /tmp/ccvncDcb.s:74     .text.PLIC_gpio1_bit7_or_gpio2_bit21_IRQHandler:0000000000000022 .LVL3
     /tmp/ccvncDcb.s:113015  .debug_str:00000000000477d3 .LASF10476
     /tmp/ccvncDcb.s:14     .text.PLIC_gpio1_bit6_or_gpio2_bit20_IRQHandler:0000000000000000 .LFB27
     /tmp/ccvncDcb.s:46     .text.PLIC_gpio1_bit6_or_gpio2_bit20_IRQHandler:000000000000002a .LFE27
     /tmp/ccvncDcb.s:31     .text.PLIC_gpio1_bit6_or_gpio2_bit20_IRQHandler:0000000000000014 .LVL0
     /tmp/ccvncDcb.s:36     .text.PLIC_gpio1_bit6_or_gpio2_bit20_IRQHandler:0000000000000022 .LVL1
     /tmp/ccvncDcb.s:115465  .debug_str:00000000000517ee .LASF10479
     /tmp/ccvncDcb.s:112725  .debug_str:0000000000046491 .LASF10481
     /tmp/ccvncDcb.s:102207  .debug_str:000000000001bc23 .LASF10478
     /tmp/ccvncDcb.s:103597  .debug_str:000000000002184c .LASF10480
     /tmp/ccvncDcb.s:115573  .debug_str:0000000000051f3f .LASF10482
     /tmp/ccvncDcb.s:101323  .debug_str:00000000000181e9 .LASF10483
     /tmp/ccvncDcb.s:108077  .debug_str:000000000003336a .LASF10484
     /tmp/ccvncDcb.s:104131  .debug_str:0000000000023d65 .LASF10485
     /tmp/ccvncDcb.s:106725  .debug_str:000000000002dfd2 .LASF10486
     /tmp/ccvncDcb.s:100719  .debug_str:0000000000015c03 .LASF10487
     /tmp/ccvncDcb.s:109887  .debug_str:000000000003aab0 .LASF10488
     /tmp/ccvncDcb.s:105485  .debug_str:0000000000028f73 .LASF10489
     /tmp/ccvncDcb.s:112787  .debug_str:00000000000468f6 .LASF10490
     /tmp/ccvncDcb.s:102743  .debug_str:000000000001dd6b .LASF10506
     /tmp/ccvncDcb.s:102557  .debug_str:000000000001d13a .LASF10507
     /tmp/ccvncDcb.s:111629  .debug_str:000000000004193d .LASF10491
     /tmp/ccvncDcb.s:101797  .debug_str:000000000001a0a1 .LASF10492
     /tmp/ccvncDcb.s:110717  .debug_str:000000000003db28 .LASF10493
     /tmp/ccvncDcb.s:107513  .debug_str:0000000000030f95 .LASF10494
     /tmp/ccvncDcb.s:102945  .debug_str:000000000001ea74 .LASF10495
     /tmp/ccvncDcb.s:101459  .debug_str:0000000000018b7f .LASF10496
     /tmp/ccvncDcb.s:113533  .debug_str:00000000000498a2 .LASF10497
     /tmp/ccvncDcb.s:109267  .debug_str:00000000000380d8 .LASF10498
     /tmp/ccvncDcb.s:101139  .debug_str:00000000000175d2 .LASF10499
     /tmp/ccvncDcb.s:107415  .debug_str:00000000000309e2 .LASF10500
     /tmp/ccvncDcb.s:108245  .debug_str:0000000000033d60 .LASF10501
     /tmp/ccvncDcb.s:205    .text.e51:0000000000000012 .LVL8
     /tmp/ccvncDcb.s:212    .text.e51:000000000000001a .LVL9
     /tmp/ccvncDcb.s:264    .text.e51:0000000000000044 .LVL12
     /tmp/ccvncDcb.s:269    .text.e51:000000000000004c .LVL13
     /tmp/ccvncDcb.s:273    .text.e51:0000000000000050 .LVL14
     /tmp/ccvncDcb.s:277    .text.e51:0000000000000054 .LVL15
     /tmp/ccvncDcb.s:281    .text.e51:0000000000000058 .LVL16
     /tmp/ccvncDcb.s:285    .text.e51:000000000000005c .LVL17
     /tmp/ccvncDcb.s:289    .text.e51:0000000000000060 .LVL18
     /tmp/ccvncDcb.s:295    .text.e51:0000000000000068 .LVL19
     /tmp/ccvncDcb.s:552    .text.e51:00000000000001c2 .LVL46
     /tmp/ccvncDcb.s:565    .text.e51:00000000000001d6 .LVL47
     /tmp/ccvncDcb.s:590    .text.e51:00000000000001f6 .LVL48
     /tmp/ccvncDcb.s:603    .text.e51:000000000000020a .LVL49
     /tmp/ccvncDcb.s:623    .text.e51:0000000000000226 .LVL50
     /tmp/ccvncDcb.s:636    .text.e51:000000000000023a .LVL51
     /tmp/ccvncDcb.s:656    .text.e51:0000000000000256 .LVL52
     /tmp/ccvncDcb.s:669    .text.e51:000000000000026a .LVL53
     /tmp/ccvncDcb.s:239    .text.e51:000000000000002c .LVL10
     /tmp/ccvncDcb.s:248    .text.e51:000000000000003c .LVL11
     /tmp/ccvncDcb.s:410    .text.e51:0000000000000148 .LVL35
     /tmp/ccvncDcb.s:450    .text.e51:0000000000000170 .LVL38
     /tmp/ccvncDcb.s:421    .text.e51:000000000000014c .LVL36
     /tmp/ccvncDcb.s:430    .text.e51:0000000000000158 .LVL37
     /tmp/ccvncDcb.s:470    .text.e51:0000000000000178 .LVL39
     /tmp/ccvncDcb.s:480    .text.e51:0000000000000182 .LVL40
     /tmp/ccvncDcb.s:489    .text.e51:0000000000000194 .LVL41
     /tmp/ccvncDcb.s:496    .text.e51:0000000000000198 .LVL42
     /tmp/ccvncDcb.s:538    .text.e51:00000000000001b8 .LVL45
     /tmp/ccvncDcb.s:680    .text.e51:000000000000027c .LVL54
     /tmp/ccvncDcb.s:702    .text.e51:0000000000000288 .LVL57
     /tmp/ccvncDcb.s:833    .text.e51:00000000000003c4 .LVL74
     /tmp/ccvncDcb.s:911    .text.e51:000000000000040c .LVL86
     /tmp/ccvncDcb.s:693    .text.e51:0000000000000284 .LVL55
     /tmp/ccvncDcb.s:844    .text.e51:00000000000003ce .LVL75
     /tmp/ccvncDcb.s:854    .text.e51:00000000000003d6 .LVL77
     /tmp/ccvncDcb.s:863    .text.e51:00000000000003e0 .LVL78
     /tmp/ccvncDcb.s:873    .text.e51:00000000000003e8 .LVL80
     /tmp/ccvncDcb.s:882    .text.e51:00000000000003f2 .LVL81
     /tmp/ccvncDcb.s:892    .text.e51:00000000000003fa .LVL83
     /tmp/ccvncDcb.s:901    .text.e51:0000000000000404 .LVL84
     /tmp/ccvncDcb.s:511    .text.e51:000000000000019c .LVL43
     /tmp/ccvncDcb.s:520    .text.e51:00000000000001ac .LVL44
     /tmp/ccvncDcb.s:1128   .debug_info:0000000000000000 .Ldebug_info0
     /tmp/ccvncDcb.s:181    .text.e51:0000000000000000 .LBE25
     /tmp/ccvncDcb.s:197    .text.e51:000000000000000e .LBB30
     /tmp/ccvncDcb.s:225    .text.e51:0000000000000028 .LBE30
     /tmp/ccvncDcb.s:176    .text.e51:0000000000000000 .LBB27
     /tmp/ccvncDcb.s:179    .text.e51:0000000000000000 .LBE27
     /tmp/ccvncDcb.s:199    .text.e51:000000000000000e .LBB28
     /tmp/ccvncDcb.s:208    .text.e51:0000000000000012 .LBE28
     /tmp/ccvncDcb.s:312    .text.e51:0000000000000072 .LBE31
     /tmp/ccvncDcb.s:542    .text.e51:00000000000001b8 .LBB57
     /tmp/ccvncDcb.s:683    .text.e51:000000000000027c .LBE57
     /tmp/ccvncDcb.s:436    .text.e51:0000000000000160 .LBE37
     /tmp/ccvncDcb.s:443    .text.e51:0000000000000164 .LBB46
     /tmp/ccvncDcb.s:452    .text.e51:0000000000000170 .LBE46
     /tmp/ccvncDcb.s:454    .text.e51:0000000000000170 .LBB47
     /tmp/ccvncDcb.s:459    .text.e51:0000000000000172 .LBE47
     /tmp/ccvncDcb.s:442    .text.e51:0000000000000164 .LBE42
     /tmp/ccvncDcb.s:460    .text.e51:0000000000000172 .LBB48
     /tmp/ccvncDcb.s:465    .text.e51:0000000000000174 .LBE48
     /tmp/ccvncDcb.s:471    .text.e51:0000000000000178 .LBB49
     /tmp/ccvncDcb.s:483    .text.e51:0000000000000184 .LBE49
     /tmp/ccvncDcb.s:541    .text.e51:00000000000001b8 .LBE52
     /tmp/ccvncDcb.s:684    .text.e51:000000000000027c .LBB58
     /tmp/ccvncDcb.s:705    .text.e51:0000000000000288 .LBE58
     /tmp/ccvncDcb.s:835    .text.e51:00000000000003c4 .LBB59
     /tmp/ccvncDcb.s:914    .text.e51:000000000000040c .LBE59
     /tmp/ccvncDcb.s:75878  .debug_macro:0000000000000000 .Ldebug_macro2
     /tmp/ccvncDcb.s:100427  .debug_str:0000000000014ac9 .LASF326
     /tmp/ccvncDcb.s:106851  .debug_str:000000000002e772 .LASF327
     /tmp/ccvncDcb.s:103301  .debug_str:00000000000203df .LASF328
     /tmp/ccvncDcb.s:76861  .debug_macro:0000000000000000 .Ldebug_macro3
     /tmp/ccvncDcb.s:76881  .debug_macro:0000000000000000 .Ldebug_macro4
     /tmp/ccvncDcb.s:101361  .debug_str:0000000000018406 .LASF343
     /tmp/ccvncDcb.s:76913  .debug_macro:0000000000000000 .Ldebug_macro5
     /tmp/ccvncDcb.s:76927  .debug_macro:0000000000000000 .Ldebug_macro6
     /tmp/ccvncDcb.s:76995  .debug_macro:0000000000000000 .Ldebug_macro7
     /tmp/ccvncDcb.s:77024  .debug_macro:0000000000000000 .Ldebug_macro8
     /tmp/ccvncDcb.s:77053  .debug_macro:0000000000000000 .Ldebug_macro9
     /tmp/ccvncDcb.s:98013  .debug_str:000000000000b63c .LASF387
     /tmp/ccvncDcb.s:77067  .debug_macro:0000000000000000 .Ldebug_macro10
     /tmp/ccvncDcb.s:77111  .debug_macro:0000000000000000 .Ldebug_macro11
     /tmp/ccvncDcb.s:77179  .debug_macro:0000000000000000 .Ldebug_macro12
     /tmp/ccvncDcb.s:77547  .debug_macro:0000000000000000 .Ldebug_macro13
     /tmp/ccvncDcb.s:107873  .debug_str:000000000003265a .LASF575
     /tmp/ccvncDcb.s:77660  .debug_macro:0000000000000000 .Ldebug_macro14
     /tmp/ccvncDcb.s:111367  .debug_str:0000000000040732 .LASF578
     /tmp/ccvncDcb.s:107285  .debug_str:0000000000030166 .LASF579
     /tmp/ccvncDcb.s:77671  .debug_macro:0000000000000000 .Ldebug_macro15
     /tmp/ccvncDcb.s:77685  .debug_macro:0000000000000000 .Ldebug_macro16
     /tmp/ccvncDcb.s:109565  .debug_str:0000000000039634 .LASF584
     /tmp/ccvncDcb.s:77717  .debug_macro:0000000000000000 .Ldebug_macro17
     /tmp/ccvncDcb.s:77743  .debug_macro:0000000000000000 .Ldebug_macro18
     /tmp/ccvncDcb.s:77754  .debug_macro:0000000000000000 .Ldebug_macro19
     /tmp/ccvncDcb.s:77798  .debug_macro:0000000000000000 .Ldebug_macro20
     /tmp/ccvncDcb.s:77977  .debug_macro:0000000000000000 .Ldebug_macro21
     /tmp/ccvncDcb.s:77988  .debug_macro:0000000000000000 .Ldebug_macro22
     /tmp/ccvncDcb.s:99515  .debug_str:0000000000011336 .LASF684
     /tmp/ccvncDcb.s:78044  .debug_macro:0000000000000000 .Ldebug_macro23
     /tmp/ccvncDcb.s:78061  .debug_macro:0000000000000000 .Ldebug_macro24
     /tmp/ccvncDcb.s:108413  .debug_str:00000000000347c3 .LASF702
     /tmp/ccvncDcb.s:108635  .debug_str:00000000000356f8 .LASF703
     /tmp/ccvncDcb.s:78105  .debug_macro:0000000000000000 .Ldebug_macro25
     /tmp/ccvncDcb.s:116253  .debug_str:0000000000054e25 .LASF714
     /tmp/ccvncDcb.s:96179  .debug_str:0000000000003c39 .LASF715
     /tmp/ccvncDcb.s:78140  .debug_macro:0000000000000000 .Ldebug_macro26
     /tmp/ccvncDcb.s:78151  .debug_macro:0000000000000000 .Ldebug_macro27
     /tmp/ccvncDcb.s:78186  .debug_macro:0000000000000000 .Ldebug_macro28
     /tmp/ccvncDcb.s:105893  .debug_str:000000000002a9c5 .LASF760
     /tmp/ccvncDcb.s:78287  .debug_macro:0000000000000000 .Ldebug_macro29
     /tmp/ccvncDcb.s:78304  .debug_macro:0000000000000000 .Ldebug_macro30
     /tmp/ccvncDcb.s:105367  .debug_str:00000000000287c2 .LASF774
     /tmp/ccvncDcb.s:100793  .debug_str:0000000000015fc1 .LASF775
     /tmp/ccvncDcb.s:78336  .debug_macro:0000000000000000 .Ldebug_macro31
     /tmp/ccvncDcb.s:78350  .debug_macro:0000000000000000 .Ldebug_macro32
     /tmp/ccvncDcb.s:78502  .debug_macro:0000000000000000 .Ldebug_macro33
     /tmp/ccvncDcb.s:78516  .debug_macro:0000000000000000 .Ldebug_macro34
     /tmp/ccvncDcb.s:98931  .debug_str:000000000000f284 .LASF829
     /tmp/ccvncDcb.s:96709  .debug_str:0000000000005f73 .LASF830
     /tmp/ccvncDcb.s:114497  .debug_str:000000000004d6e7 .LASF831
     /tmp/ccvncDcb.s:106097  .debug_str:000000000002b885 .LASF832
     /tmp/ccvncDcb.s:78542  .debug_macro:0000000000000000 .Ldebug_macro35
     /tmp/ccvncDcb.s:102349  .debug_str:000000000001c50a .LASF838
     /tmp/ccvncDcb.s:78562  .debug_macro:0000000000000000 .Ldebug_macro36
     /tmp/ccvncDcb.s:78684  .debug_macro:0000000000000000 .Ldebug_macro37
     /tmp/ccvncDcb.s:101919  .debug_str:000000000001a806 .LASF937
     /tmp/ccvncDcb.s:78896  .debug_macro:0000000000000000 .Ldebug_macro38
     /tmp/ccvncDcb.s:78907  .debug_macro:0000000000000000 .Ldebug_macro39
     /tmp/ccvncDcb.s:80706  .debug_macro:0000000000000000 .Ldebug_macro40
     /tmp/ccvncDcb.s:80732  .debug_macro:0000000000000000 .Ldebug_macro41
     /tmp/ccvncDcb.s:103179  .debug_str:000000000001fb7b .LASF1571
     /tmp/ccvncDcb.s:80815  .debug_macro:0000000000000000 .Ldebug_macro42
     /tmp/ccvncDcb.s:112199  .debug_str:0000000000043da6 .LASF3762
     /tmp/ccvncDcb.s:87390  .debug_macro:0000000000000000 .Ldebug_macro43
     /tmp/ccvncDcb.s:87407  .debug_macro:0000000000000000 .Ldebug_macro44
     /tmp/ccvncDcb.s:87439  .debug_macro:0000000000000000 .Ldebug_macro45
     /tmp/ccvncDcb.s:87456  .debug_macro:0000000000000000 .Ldebug_macro46
     /tmp/ccvncDcb.s:87485  .debug_macro:0000000000000000 .Ldebug_macro47
     /tmp/ccvncDcb.s:87547  .debug_macro:0000000000000000 .Ldebug_macro48
     /tmp/ccvncDcb.s:87570  .debug_macro:0000000000000000 .Ldebug_macro49
     /tmp/ccvncDcb.s:87629  .debug_macro:0000000000000000 .Ldebug_macro50
     /tmp/ccvncDcb.s:90388  .debug_macro:0000000000000000 .Ldebug_macro51
     /tmp/ccvncDcb.s:90432  .debug_macro:0000000000000000 .Ldebug_macro52
     /tmp/ccvncDcb.s:90518  .debug_macro:0000000000000000 .Ldebug_macro53
     /tmp/ccvncDcb.s:90547  .debug_macro:0000000000000000 .Ldebug_macro54
     /tmp/ccvncDcb.s:90606  .debug_macro:0000000000000000 .Ldebug_macro55
     /tmp/ccvncDcb.s:90668  .debug_macro:0000000000000000 .Ldebug_macro56
     /tmp/ccvncDcb.s:90730  .debug_macro:0000000000000000 .Ldebug_macro57
     /tmp/ccvncDcb.s:90792  .debug_macro:0000000000000000 .Ldebug_macro58
     /tmp/ccvncDcb.s:90854  .debug_macro:0000000000000000 .Ldebug_macro59
     /tmp/ccvncDcb.s:90916  .debug_macro:0000000000000000 .Ldebug_macro60
     /tmp/ccvncDcb.s:90972  .debug_macro:0000000000000000 .Ldebug_macro61
     /tmp/ccvncDcb.s:91028  .debug_macro:0000000000000000 .Ldebug_macro62
     /tmp/ccvncDcb.s:91060  .debug_macro:0000000000000000 .Ldebug_macro63
     /tmp/ccvncDcb.s:91080  .debug_macro:0000000000000000 .Ldebug_macro64
     /tmp/ccvncDcb.s:91112  .debug_macro:0000000000000000 .Ldebug_macro65
     /tmp/ccvncDcb.s:91144  .debug_macro:0000000000000000 .Ldebug_macro66
     /tmp/ccvncDcb.s:91164  .debug_macro:0000000000000000 .Ldebug_macro67
     /tmp/ccvncDcb.s:91184  .debug_macro:0000000000000000 .Ldebug_macro68
     /tmp/ccvncDcb.s:91216  .debug_macro:0000000000000000 .Ldebug_macro69
     /tmp/ccvncDcb.s:91230  .debug_macro:0000000000000000 .Ldebug_macro70
     /tmp/ccvncDcb.s:91250  .debug_macro:0000000000000000 .Ldebug_macro71
     /tmp/ccvncDcb.s:91351  .debug_macro:0000000000000000 .Ldebug_macro72
     /tmp/ccvncDcb.s:91452  .debug_macro:0000000000000000 .Ldebug_macro73
     /tmp/ccvncDcb.s:91469  .debug_macro:0000000000000000 .Ldebug_macro74
     /tmp/ccvncDcb.s:91507  .debug_macro:0000000000000000 .Ldebug_macro75
     /tmp/ccvncDcb.s:91530  .debug_macro:0000000000000000 .Ldebug_macro76
     /tmp/ccvncDcb.s:91658  .debug_macro:0000000000000000 .Ldebug_macro77
     /tmp/ccvncDcb.s:91672  .debug_macro:0000000000000000 .Ldebug_macro78
     /tmp/ccvncDcb.s:91686  .debug_macro:0000000000000000 .Ldebug_macro79
     /tmp/ccvncDcb.s:91742  .debug_macro:0000000000000000 .Ldebug_macro80
     /tmp/ccvncDcb.s:92857  .debug_macro:0000000000000000 .Ldebug_macro81
     /tmp/ccvncDcb.s:92889  .debug_macro:0000000000000000 .Ldebug_macro82
     /tmp/ccvncDcb.s:92909  .debug_macro:0000000000000000 .Ldebug_macro83
     /tmp/ccvncDcb.s:92953  .debug_macro:0000000000000000 .Ldebug_macro84
     /tmp/ccvncDcb.s:93000  .debug_macro:0000000000000000 .Ldebug_macro85
     /tmp/ccvncDcb.s:93047  .debug_macro:0000000000000000 .Ldebug_macro86
     /tmp/ccvncDcb.s:93082  .debug_macro:0000000000000000 .Ldebug_macro87
     /tmp/ccvncDcb.s:93105  .debug_macro:0000000000000000 .Ldebug_macro88
     /tmp/ccvncDcb.s:95395  .debug_str:0000000000000765 .LASF5597
     /tmp/ccvncDcb.s:93122  .debug_macro:0000000000000000 .Ldebug_macro89
     /tmp/ccvncDcb.s:99523  .debug_str:000000000001139e .LASF5779
     /tmp/ccvncDcb.s:93670  .debug_macro:0000000000000000 .Ldebug_macro90
     /tmp/ccvncDcb.s:93687  .debug_macro:0000000000000000 .Ldebug_macro91
     /tmp/ccvncDcb.s:93701  .debug_macro:0000000000000000 .Ldebug_macro92
     /tmp/ccvncDcb.s:94000  .debug_macro:0000000000000000 .Ldebug_macro93
     /tmp/ccvncDcb.s:94053  .debug_macro:0000000000000000 .Ldebug_macro94
     /tmp/ccvncDcb.s:94073  .debug_macro:0000000000000000 .Ldebug_macro95
     /tmp/ccvncDcb.s:107367  .debug_str:00000000000306d0 .LASF5945
     /tmp/ccvncDcb.s:94195  .debug_macro:0000000000000000 .Ldebug_macro96
     /tmp/ccvncDcb.s:94257  .debug_macro:0000000000000000 .Ldebug_macro97
     /tmp/ccvncDcb.s:105911  .debug_str:000000000002aafa .LASF5967
     /tmp/ccvncDcb.s:94268  .debug_macro:0000000000000000 .Ldebug_macro98
     /tmp/ccvncDcb.s:94297  .debug_macro:0000000000000000 .Ldebug_macro99
     /tmp/ccvncDcb.s:110901  .debug_str:000000000003e839 .LASF5995
     /tmp/ccvncDcb.s:94359  .debug_macro:0000000000000000 .Ldebug_macro100
     /tmp/ccvncDcb.s:102313  .debug_str:000000000001c372 .LASF6015
     /tmp/ccvncDcb.s:94421  .debug_macro:0000000000000000 .Ldebug_macro101
     /tmp/ccvncDcb.s:94489  .debug_macro:0000000000000000 .Ldebug_macro102
     /tmp/ccvncDcb.s:94512  .debug_macro:0000000000000000 .Ldebug_macro103
     /tmp/ccvncDcb.s:94592  .debug_macro:0000000000000000 .Ldebug_macro104
     /tmp/ccvncDcb.s:94723  .debug_macro:0000000000000000 .Ldebug_macro105
     /tmp/ccvncDcb.s:94743  .debug_macro:0000000000000000 .Ldebug_macro106
     /tmp/ccvncDcb.s:94757  .debug_macro:0000000000000000 .Ldebug_macro107
     /tmp/ccvncDcb.s:101567  .debug_str:00000000000192de .LASF6122
     /tmp/ccvncDcb.s:97781  .debug_str:000000000000a704 .LASF6123
     /tmp/ccvncDcb.s:94774  .debug_macro:0000000000000000 .Ldebug_macro108
     /tmp/ccvncDcb.s:94941  .debug_macro:0000000000000000 .Ldebug_macro109
     /tmp/ccvncDcb.s:101495  .debug_str:0000000000018e02 .LASF6225
     /tmp/ccvncDcb.s:95087  .debug_macro:0000000000000000 .Ldebug_macro110
     /tmp/ccvncDcb.s:108091  .debug_str:0000000000033458 .LASF6263
     /tmp/ccvncDcb.s:112439  .debug_str:0000000000044cef .LASF6264
     /tmp/ccvncDcb.s:103901  .debug_str:0000000000022d6c .LASF6265
     /tmp/ccvncDcb.s:95203  .debug_macro:0000000000000000 .Ldebug_macro111
     /tmp/ccvncDcb.s:95253  .debug_macro:0000000000000000 .Ldebug_macro112
     /tmp/ccvncDcb.s:95273  .debug_macro:0000000000000000 .Ldebug_macro113
     /tmp/ccvncDcb.s:112171  .debug_str:0000000000043be2 .LASF6289
     /tmp/ccvncDcb.s:100523  .debug_str:00000000000150b9 .LASF0
     /tmp/ccvncDcb.s:107983  .debug_str:0000000000032d0b .LASF1
     /tmp/ccvncDcb.s:104907  .debug_str:0000000000026ed6 .LASF2
     /tmp/ccvncDcb.s:104983  .debug_str:00000000000272f2 .LASF3
     /tmp/ccvncDcb.s:98921  .debug_str:000000000000f204 .LASF4
     /tmp/ccvncDcb.s:99125  .debug_str:000000000000fbd1 .LASF5
     /tmp/ccvncDcb.s:110829  .debug_str:000000000003e32f .LASF6
     /tmp/ccvncDcb.s:98075  .debug_str:000000000000baa3 .LASF7
     /tmp/ccvncDcb.s:95927  .debug_str:0000000000002c45 .LASF8
     /tmp/ccvncDcb.s:95579  .debug_str:000000000000136d .LASF9
     /tmp/ccvncDcb.s:110307  .debug_str:000000000003c43a .LASF10
     /tmp/ccvncDcb.s:114329  .debug_str:000000000004cc10 .LASF11
     /tmp/ccvncDcb.s:107653  .debug_str:0000000000031823 .LASF12
     /tmp/ccvncDcb.s:102943  .debug_str:000000000001ea61 .LASF13
     /tmp/ccvncDcb.s:98647  .debug_str:000000000000e239 .LASF14
     /tmp/ccvncDcb.s:99643  .debug_str:0000000000011a2c .LASF15
     /tmp/ccvncDcb.s:107643  .debug_str:0000000000031721 .LASF16
     /tmp/ccvncDcb.s:97807  .debug_str:000000000000a873 .LASF17
     /tmp/ccvncDcb.s:113333  .debug_str:0000000000048c68 .LASF18
     /tmp/ccvncDcb.s:111513  .debug_str:00000000000410d7 .LASF19
     /tmp/ccvncDcb.s:101739  .debug_str:0000000000019e1e .LASF20
     /tmp/ccvncDcb.s:114279  .debug_str:000000000004c907 .LASF21
     /tmp/ccvncDcb.s:113983  .debug_str:000000000004b566 .LASF22
     /tmp/ccvncDcb.s:114941  .debug_str:000000000004f44a .LASF23
     /tmp/ccvncDcb.s:97043  .debug_str:0000000000007610 .LASF24
     /tmp/ccvncDcb.s:99053  .debug_str:000000000000f919 .LASF25
     /tmp/ccvncDcb.s:112661  .debug_str:0000000000045db2 .LASF26
     /tmp/ccvncDcb.s:110747  .debug_str:000000000003dcec .LASF27
     /tmp/ccvncDcb.s:98549  .debug_str:000000000000dbbb .LASF28
     /tmp/ccvncDcb.s:97517  .debug_str:0000000000009527 .LASF29
     /tmp/ccvncDcb.s:112521  .debug_str:00000000000453fa .LASF30
     /tmp/ccvncDcb.s:110613  .debug_str:000000000003d4a8 .LASF31
     /tmp/ccvncDcb.s:101411  .debug_str:000000000001879d .LASF32
     /tmp/ccvncDcb.s:109645  .debug_str:0000000000039b35 .LASF33
     /tmp/ccvncDcb.s:97171  .debug_str:0000000000007ea2 .LASF34
     /tmp/ccvncDcb.s:107005  .debug_str:000000000002f065 .LASF35
     /tmp/ccvncDcb.s:106653  .debug_str:000000000002da92 .LASF36
     /tmp/ccvncDcb.s:98363  .debug_str:000000000000cf3a .LASF37
     /tmp/ccvncDcb.s:100779  .debug_str:0000000000015ef4 .LASF38
     /tmp/ccvncDcb.s:105789  .debug_str:000000000002a315 .LASF39
     /tmp/ccvncDcb.s:116189  .debug_str:00000000000549d3 .LASF40
     /tmp/ccvncDcb.s:104751  .debug_str:000000000002659c .LASF41
     /tmp/ccvncDcb.s:106011  .debug_str:000000000002b200 .LASF42
     /tmp/ccvncDcb.s:100739  .debug_str:0000000000015d1e .LASF43
     /tmp/ccvncDcb.s:96887  .debug_str:0000000000006a88 .LASF44
     /tmp/ccvncDcb.s:111281  .debug_str:0000000000040191 .LASF45
     /tmp/ccvncDcb.s:96085  .debug_str:0000000000003692 .LASF46
     /tmp/ccvncDcb.s:112381  .debug_str:000000000004489f .LASF47
     /tmp/ccvncDcb.s:96855  .debug_str:0000000000006839 .LASF48
     /tmp/ccvncDcb.s:110743  .debug_str:000000000003dcb5 .LASF49
     /tmp/ccvncDcb.s:107325  .debug_str:000000000003043d .LASF50
     /tmp/ccvncDcb.s:103231  .debug_str:000000000001fee2 .LASF51
     /tmp/ccvncDcb.s:115635  .debug_str:00000000000522fe .LASF52
     /tmp/ccvncDcb.s:97119  .debug_str:0000000000007b43 .LASF53
     /tmp/ccvncDcb.s:101851  .debug_str:000000000001a3b0 .LASF54
     /tmp/ccvncDcb.s:109351  .debug_str:0000000000038727 .LASF55
     /tmp/ccvncDcb.s:95759  .debug_str:0000000000002116 .LASF56
     /tmp/ccvncDcb.s:98505  .debug_str:000000000000d915 .LASF57
     /tmp/ccvncDcb.s:113981  .debug_str:000000000004b53d .LASF58
     /tmp/ccvncDcb.s:112267  .debug_str:0000000000044179 .LASF59
     /tmp/ccvncDcb.s:115255  .debug_str:00000000000509a4 .LASF60
     /tmp/ccvncDcb.s:113569  .debug_str:0000000000049ab5 .LASF61
     /tmp/ccvncDcb.s:107287  .debug_str:0000000000030175 .LASF62
     /tmp/ccvncDcb.s:113643  .debug_str:000000000004a046 .LASF63
     /tmp/ccvncDcb.s:106145  .debug_str:000000000002bb3d .LASF64
     /tmp/ccvncDcb.s:112149  .debug_str:0000000000043aa0 .LASF65
     /tmp/ccvncDcb.s:105435  .debug_str:0000000000028c36 .LASF66
     /tmp/ccvncDcb.s:106895  .debug_str:000000000002ea5b .LASF67
     /tmp/ccvncDcb.s:108441  .debug_str:0000000000034988 .LASF68
     /tmp/ccvncDcb.s:103289  .debug_str:0000000000020332 .LASF69
     /tmp/ccvncDcb.s:113715  .debug_str:000000000004a47c .LASF70
     /tmp/ccvncDcb.s:111173  .debug_str:000000000003fa17 .LASF71
     /tmp/ccvncDcb.s:116191  .debug_str:00000000000549ec .LASF72
     /tmp/ccvncDcb.s:100539  .debug_str:0000000000015185 .LASF73
     /tmp/ccvncDcb.s:95869  .debug_str:0000000000002854 .LASF74
     /tmp/ccvncDcb.s:114229  .debug_str:000000000004c534 .LASF75
     /tmp/ccvncDcb.s:105323  .debug_str:000000000002854a .LASF76
     /tmp/ccvncDcb.s:112337  .debug_str:000000000004459b .LASF77
     /tmp/ccvncDcb.s:104567  .debug_str:00000000000259b9 .LASF78
     /tmp/ccvncDcb.s:97563  .debug_str:000000000000984f .LASF79
     /tmp/ccvncDcb.s:108689  .debug_str:0000000000035ac3 .LASF80
     /tmp/ccvncDcb.s:106535  .debug_str:000000000002d339 .LASF81
     /tmp/ccvncDcb.s:108173  .debug_str:0000000000033942 .LASF82
     /tmp/ccvncDcb.s:100493  .debug_str:0000000000014ef4 .LASF83
     /tmp/ccvncDcb.s:97757  .debug_str:000000000000a53c .LASF84
     /tmp/ccvncDcb.s:97785  .debug_str:000000000000a73b .LASF85
     /tmp/ccvncDcb.s:99621  .debug_str:00000000000118ed .LASF86
     /tmp/ccvncDcb.s:106951  .debug_str:000000000002ed29 .LASF87
     /tmp/ccvncDcb.s:108867  .debug_str:000000000003672a .LASF88
     /tmp/ccvncDcb.s:104957  .debug_str:0000000000027157 .LASF89
     /tmp/ccvncDcb.s:114629  .debug_str:000000000004dfae .LASF90
     /tmp/ccvncDcb.s:96965  .debug_str:0000000000006fc0 .LASF91
     /tmp/ccvncDcb.s:106423  .debug_str:000000000002cd06 .LASF92
     /tmp/ccvncDcb.s:102121  .debug_str:000000000001b636 .LASF93
     /tmp/ccvncDcb.s:104587  .debug_str:0000000000025aaa .LASF94
     /tmp/ccvncDcb.s:114659  .debug_str:000000000004e1d1 .LASF95
     /tmp/ccvncDcb.s:115127  .debug_str:0000000000050185 .LASF96
     /tmp/ccvncDcb.s:116005  .debug_str:0000000000053e0f .LASF97
     /tmp/ccvncDcb.s:104115  .debug_str:0000000000023c91 .LASF98
     /tmp/ccvncDcb.s:98927  .debug_str:000000000000f239 .LASF99
     /tmp/ccvncDcb.s:108685  .debug_str:0000000000035a88 .LASF100
     /tmp/ccvncDcb.s:110879  .debug_str:000000000003e682 .LASF101
     /tmp/ccvncDcb.s:110239  .debug_str:000000000003bfc2 .LASF102
     /tmp/ccvncDcb.s:96053  .debug_str:0000000000003481 .LASF103
     /tmp/ccvncDcb.s:107133  .debug_str:000000000002f85d .LASF104
     /tmp/ccvncDcb.s:98557  .debug_str:000000000000dc58 .LASF105
     /tmp/ccvncDcb.s:106989  .debug_str:000000000002efac .LASF106
     /tmp/ccvncDcb.s:104825  .debug_str:0000000000026a7b .LASF107
     /tmp/ccvncDcb.s:106767  .debug_str:000000000002e1fd .LASF108
     /tmp/ccvncDcb.s:108209  .debug_str:0000000000033b78 .LASF109
     /tmp/ccvncDcb.s:109849  .debug_str:000000000003a8b1 .LASF110
     /tmp/ccvncDcb.s:108107  .debug_str:0000000000033553 .LASF111
     /tmp/ccvncDcb.s:112357  .debug_str:00000000000446c9 .LASF112
     /tmp/ccvncDcb.s:98723  .debug_str:000000000000e717 .LASF113
     /tmp/ccvncDcb.s:110681  .debug_str:000000000003d875 .LASF114
     /tmp/ccvncDcb.s:95475  .debug_str:0000000000000c88 .LASF115
     /tmp/ccvncDcb.s:112851  .debug_str:0000000000046db5 .LASF116
     /tmp/ccvncDcb.s:114407  .debug_str:000000000004d12c .LASF117
     /tmp/ccvncDcb.s:111221  .debug_str:000000000003fdc7 .LASF118
     /tmp/ccvncDcb.s:100249  .debug_str:0000000000013f03 .LASF119
     /tmp/ccvncDcb.s:100851  .debug_str:0000000000016354 .LASF120
     /tmp/ccvncDcb.s:109843  .debug_str:000000000003a849 .LASF121
     /tmp/ccvncDcb.s:107329  .debug_str:0000000000030471 .LASF122
     /tmp/ccvncDcb.s:99547  .debug_str:0000000000011533 .LASF123
     /tmp/ccvncDcb.s:101095  .debug_str:0000000000017353 .LASF124
     /tmp/ccvncDcb.s:99765  .debug_str:0000000000012080 .LASF125
     /tmp/ccvncDcb.s:102069  .debug_str:000000000001b32a .LASF126
     /tmp/ccvncDcb.s:95569  .debug_str:00000000000012bd .LASF127
     /tmp/ccvncDcb.s:112145  .debug_str:0000000000043a60 .LASF128
     /tmp/ccvncDcb.s:111743  .debug_str:000000000004212e .LASF129
     /tmp/ccvncDcb.s:110873  .debug_str:000000000003e610 .LASF130
     /tmp/ccvncDcb.s:106355  .debug_str:000000000002c82f .LASF131
     /tmp/ccvncDcb.s:111597  .debug_str:0000000000041694 .LASF132
     /tmp/ccvncDcb.s:99947  .debug_str:0000000000012bea .LASF133
     /tmp/ccvncDcb.s:104293  .debug_str:00000000000246b3 .LASF134
     /tmp/ccvncDcb.s:106429  .debug_str:000000000002cd4a .LASF135
     /tmp/ccvncDcb.s:100345  .debug_str:000000000001459d .LASF136
     /tmp/ccvncDcb.s:114137  .debug_str:000000000004bf2d .LASF137
     /tmp/ccvncDcb.s:101773  .debug_str:0000000000019efb .LASF138
     /tmp/ccvncDcb.s:107405  .debug_str:0000000000030966 .LASF139
     /tmp/ccvncDcb.s:103145  .debug_str:000000000001f8e1 .LASF140
     /tmp/ccvncDcb.s:109925  .debug_str:000000000003ad87 .LASF141
     /tmp/ccvncDcb.s:100985  .debug_str:0000000000016bf2 .LASF142
     /tmp/ccvncDcb.s:115287  .debug_str:0000000000050beb .LASF143
     /tmp/ccvncDcb.s:106257  .debug_str:000000000002c1b6 .LASF144
     /tmp/ccvncDcb.s:105123  .debug_str:0000000000027abd .LASF145
     /tmp/ccvncDcb.s:100003  .debug_str:0000000000012f95 .LASF146
     /tmp/ccvncDcb.s:98477  .debug_str:000000000000d6e4 .LASF147
     /tmp/ccvncDcb.s:99559  .debug_str:000000000001159e .LASF148
     /tmp/ccvncDcb.s:100411  .debug_str:00000000000149cc .LASF149
     /tmp/ccvncDcb.s:103601  .debug_str:000000000002187a .LASF150
     /tmp/ccvncDcb.s:108169  .debug_str:000000000003390d .LASF151
     /tmp/ccvncDcb.s:112195  .debug_str:0000000000043d54 .LASF152
     /tmp/ccvncDcb.s:102167  .debug_str:000000000001b913 .LASF153
     /tmp/ccvncDcb.s:105269  .debug_str:00000000000281c8 .LASF154
     /tmp/ccvncDcb.s:97733  .debug_str:000000000000a360 .LASF155
     /tmp/ccvncDcb.s:112653  .debug_str:0000000000045d5f .LASF156
     /tmp/ccvncDcb.s:100377  .debug_str:00000000000147d1 .LASF157
     /tmp/ccvncDcb.s:114201  .debug_str:000000000004c319 .LASF158
     /tmp/ccvncDcb.s:107147  .debug_str:000000000002f908 .LASF159
     /tmp/ccvncDcb.s:96679  .debug_str:0000000000005d38 .LASF160
     /tmp/ccvncDcb.s:96961  .debug_str:0000000000006f3e .LASF161
     /tmp/ccvncDcb.s:115585  .debug_str:0000000000051fe2 .LASF162
     /tmp/ccvncDcb.s:103791  .debug_str:0000000000022721 .LASF163
     /tmp/ccvncDcb.s:107507  .debug_str:0000000000030f2a .LASF164
     /tmp/ccvncDcb.s:100073  .debug_str:00000000000134e6 .LASF165
     /tmp/ccvncDcb.s:100997  .debug_str:0000000000016d39 .LASF166
     /tmp/ccvncDcb.s:114775  .debug_str:000000000004e987 .LASF167
     /tmp/ccvncDcb.s:108509  .debug_str:0000000000034ddd .LASF168
     /tmp/ccvncDcb.s:100173  .debug_str:0000000000013ab6 .LASF169
     /tmp/ccvncDcb.s:95855  .debug_str:0000000000002737 .LASF170
     /tmp/ccvncDcb.s:107385  .debug_str:0000000000030815 .LASF171
     /tmp/ccvncDcb.s:110971  .debug_str:000000000003ecaa .LASF172
     /tmp/ccvncDcb.s:109295  .debug_str:0000000000038320 .LASF173
     /tmp/ccvncDcb.s:107917  .debug_str:0000000000032917 .LASF174
     /tmp/ccvncDcb.s:98079  .debug_str:000000000000bac9 .LASF175
     /tmp/ccvncDcb.s:111181  .debug_str:000000000003faa8 .LASF176
     /tmp/ccvncDcb.s:108437  .debug_str:0000000000034959 .LASF177
     /tmp/ccvncDcb.s:100421  .debug_str:0000000000014a45 .LASF178
     /tmp/ccvncDcb.s:100339  .debug_str:0000000000014561 .LASF179
     /tmp/ccvncDcb.s:110213  .debug_str:000000000003bf09 .LASF180
     /tmp/ccvncDcb.s:98045  .debug_str:000000000000b8bb .LASF181
     /tmp/ccvncDcb.s:109325  .debug_str:0000000000038538 .LASF182
     /tmp/ccvncDcb.s:100457  .debug_str:0000000000014c7b .LASF183
     /tmp/ccvncDcb.s:115185  .debug_str:00000000000504fb .LASF184
     /tmp/ccvncDcb.s:97805  .debug_str:000000000000a85c .LASF185
     /tmp/ccvncDcb.s:114333  .debug_str:000000000004cc31 .LASF186
     /tmp/ccvncDcb.s:104453  .debug_str:000000000002513b .LASF187
     /tmp/ccvncDcb.s:101313  .debug_str:000000000001813a .LASF188
     /tmp/ccvncDcb.s:105429  .debug_str:0000000000028b97 .LASF189
     /tmp/ccvncDcb.s:110969  .debug_str:000000000003ec70 .LASF190
     /tmp/ccvncDcb.s:96393  .debug_str:0000000000004afe .LASF191
     /tmp/ccvncDcb.s:100317  .debug_str:0000000000014405 .LASF192
     /tmp/ccvncDcb.s:115851  .debug_str:00000000000533b2 .LASF193
     /tmp/ccvncDcb.s:111843  .debug_str:000000000004279c .LASF194
     /tmp/ccvncDcb.s:103495  .debug_str:000000000002114e .LASF195
     /tmp/ccvncDcb.s:96399  .debug_str:0000000000004b8e .LASF196
     /tmp/ccvncDcb.s:112231  .debug_str:0000000000043f63 .LASF197
     /tmp/ccvncDcb.s:113835  .debug_str:000000000004abd3 .LASF198
     /tmp/ccvncDcb.s:104653  .debug_str:0000000000025eaa .LASF199
     /tmp/ccvncDcb.s:95359  .debug_str:00000000000004df .LASF200
     /tmp/ccvncDcb.s:96077  .debug_str:0000000000003618 .LASF201
     /tmp/ccvncDcb.s:112873  .debug_str:0000000000046f21 .LASF202
     /tmp/ccvncDcb.s:107605  .debug_str:00000000000314c3 .LASF203
     /tmp/ccvncDcb.s:114583  .debug_str:000000000004dc7a .LASF204
     /tmp/ccvncDcb.s:110619  .debug_str:000000000003d509 .LASF205
     /tmp/ccvncDcb.s:96611  .debug_str:00000000000058a5 .LASF206
     /tmp/ccvncDcb.s:114545  .debug_str:000000000004da12 .LASF207
     /tmp/ccvncDcb.s:104811  .debug_str:00000000000269b9 .LASF208
     /tmp/ccvncDcb.s:112857  .debug_str:0000000000046e3c .LASF209
     /tmp/ccvncDcb.s:103267  .debug_str:0000000000020223 .LASF210
     /tmp/ccvncDcb.s:103607  .debug_str:00000000000218c4 .LASF211
     /tmp/ccvncDcb.s:99225  .debug_str:0000000000010126 .LASF212
     /tmp/ccvncDcb.s:98845  .debug_str:000000000000edc2 .LASF213
     /tmp/ccvncDcb.s:115975  .debug_str:0000000000053bb3 .LASF214
     /tmp/ccvncDcb.s:112979  .debug_str:0000000000047510 .LASF215
     /tmp/ccvncDcb.s:101505  .debug_str:0000000000018e92 .LASF216
     /tmp/ccvncDcb.s:105113  .debug_str:0000000000027a31 .LASF217
     /tmp/ccvncDcb.s:103249  .debug_str:0000000000020013 .LASF218
     /tmp/ccvncDcb.s:101267  .debug_str:0000000000017e6b .LASF219
     /tmp/ccvncDcb.s:102973  .debug_str:000000000001ec76 .LASF220
     /tmp/ccvncDcb.s:98423  .debug_str:000000000000d2eb .LASF221
     /tmp/ccvncDcb.s:104409  .debug_str:0000000000024eb9 .LASF222
     /tmp/ccvncDcb.s:115763  .debug_str:0000000000052e02 .LASF223
     /tmp/ccvncDcb.s:111781  .debug_str:0000000000042398 .LASF224
     /tmp/ccvncDcb.s:100623  .debug_str:00000000000156c1 .LASF225
     /tmp/ccvncDcb.s:113489  .debug_str:0000000000049643 .LASF226
     /tmp/ccvncDcb.s:115453  .debug_str:0000000000051710 .LASF227
     /tmp/ccvncDcb.s:102137  .debug_str:000000000001b77b .LASF228
     /tmp/ccvncDcb.s:111697  .debug_str:0000000000041e42 .LASF229
     /tmp/ccvncDcb.s:105105  .debug_str:000000000002799e .LASF230
     /tmp/ccvncDcb.s:110237  .debug_str:000000000003bfa7 .LASF231
     /tmp/ccvncDcb.s:97793  .debug_str:000000000000a7a7 .LASF232
     /tmp/ccvncDcb.s:98087  .debug_str:000000000000bb5c .LASF233
     /tmp/ccvncDcb.s:102277  .debug_str:000000000001c0a4 .LASF234
     /tmp/ccvncDcb.s:99789  .debug_str:00000000000121ff .LASF235
     /tmp/ccvncDcb.s:96691  .debug_str:0000000000005e47 .LASF236
     /tmp/ccvncDcb.s:111307  .debug_str:000000000004037d .LASF237
     /tmp/ccvncDcb.s:108233  .debug_str:0000000000033c98 .LASF238
     /tmp/ccvncDcb.s:99437  .debug_str:0000000000010f1f .LASF239
     /tmp/ccvncDcb.s:99051  .debug_str:000000000000f902 .LASF240
     /tmp/ccvncDcb.s:115075  .debug_str:000000000004fdd1 .LASF241
     /tmp/ccvncDcb.s:101625  .debug_str:000000000001963e .LASF242
     /tmp/ccvncDcb.s:103107  .debug_str:000000000001f661 .LASF243
     /tmp/ccvncDcb.s:96921  .debug_str:0000000000006c8b .LASF244
     /tmp/ccvncDcb.s:110127  .debug_str:000000000003b9f9 .LASF245
     /tmp/ccvncDcb.s:113657  .debug_str:000000000004a0fc .LASF246
     /tmp/ccvncDcb.s:109509  .debug_str:000000000003928f .LASF247
     /tmp/ccvncDcb.s:101603  .debug_str:00000000000194f8 .LASF248
     /tmp/ccvncDcb.s:112601  .debug_str:00000000000459f5 .LASF249
     /tmp/ccvncDcb.s:104569  .debug_str:00000000000259e0 .LASF250
     /tmp/ccvncDcb.s:109505  .debug_str:0000000000039264 .LASF251
     /tmp/ccvncDcb.s:103191  .debug_str:000000000001fc33 .LASF252
     /tmp/ccvncDcb.s:114641  .debug_str:000000000004e06d .LASF253
     /tmp/ccvncDcb.s:102275  .debug_str:000000000001c090 .LASF254
     /tmp/ccvncDcb.s:110087  .debug_str:000000000003b71a .LASF255
     /tmp/ccvncDcb.s:96763  .debug_str:00000000000062b9 .LASF256
     /tmp/ccvncDcb.s:111207  .debug_str:000000000003fca1 .LASF257
     /tmp/ccvncDcb.s:97005  .debug_str:000000000000728f .LASF258
     /tmp/ccvncDcb.s:97321  .debug_str:000000000000884e .LASF259
     /tmp/ccvncDcb.s:114991  .debug_str:000000000004f79b .LASF260
     /tmp/ccvncDcb.s:112703  .debug_str:0000000000046363 .LASF261
     /tmp/ccvncDcb.s:99277  .debug_str:0000000000010544 .LASF262
     /tmp/ccvncDcb.s:103305  .debug_str:0000000000020422 .LASF263
     /tmp/ccvncDcb.s:113945  .debug_str:000000000004b22c .LASF264
     /tmp/ccvncDcb.s:111385  .debug_str:000000000004087f .LASF265
     /tmp/ccvncDcb.s:106931  .debug_str:000000000002ec21 .LASF266
     /tmp/ccvncDcb.s:98339  .debug_str:000000000000cdc2 .LASF267
     /tmp/ccvncDcb.s:104379  .debug_str:0000000000024c7c .LASF268
     /tmp/ccvncDcb.s:108423  .debug_str:00000000000348ab .LASF269
     /tmp/ccvncDcb.s:100307  .debug_str:0000000000014321 .LASF270
     /tmp/ccvncDcb.s:106009  .debug_str:000000000002b1eb .LASF271
     /tmp/ccvncDcb.s:108545  .debug_str:0000000000035070 .LASF272
     /tmp/ccvncDcb.s:100329  .debug_str:00000000000144ec .LASF273
     /tmp/ccvncDcb.s:115175  .debug_str:000000000005046f .LASF274
     /tmp/ccvncDcb.s:100521  .debug_str:0000000000015092 .LASF275
     /tmp/ccvncDcb.s:103207  .debug_str:000000000001fd25 .LASF276
     /tmp/ccvncDcb.s:110649  .debug_str:000000000003d6ea .LASF277
     /tmp/ccvncDcb.s:105707  .debug_str:0000000000029da4 .LASF278
     /tmp/ccvncDcb.s:95453  .debug_str:0000000000000b85 .LASF279
     /tmp/ccvncDcb.s:109897  .debug_str:000000000003ab60 .LASF280
     /tmp/ccvncDcb.s:108647  .debug_str:00000000000357b4 .LASF281
     /tmp/ccvncDcb.s:115321  .debug_str:0000000000050dfb .LASF282
     /tmp/ccvncDcb.s:106629  .debug_str:000000000002d94c .LASF283
     /tmp/ccvncDcb.s:112365  .debug_str:0000000000044753 .LASF284
     /tmp/ccvncDcb.s:95713  .debug_str:0000000000001d93 .LASF285
     /tmp/ccvncDcb.s:116305  .debug_str:000000000005517e .LASF286
     /tmp/ccvncDcb.s:108665  .debug_str:000000000003590d .LASF287
     /tmp/ccvncDcb.s:108431  .debug_str:000000000003490f .LASF288
     /tmp/ccvncDcb.s:110801  .debug_str:000000000003e08f .LASF289
     /tmp/ccvncDcb.s:115971  .debug_str:0000000000053b85 .LASF290
     /tmp/ccvncDcb.s:114543  .debug_str:000000000004d9fb .LASF291
     /tmp/ccvncDcb.s:101527  .debug_str:000000000001901d .LASF292
     /tmp/ccvncDcb.s:111359  .debug_str:0000000000040641 .LASF293
     /tmp/ccvncDcb.s:113349  .debug_str:0000000000048d5f .LASF294
     /tmp/ccvncDcb.s:109989  .debug_str:000000000003b0e4 .LASF295
     /tmp/ccvncDcb.s:104897  .debug_str:0000000000026e2c .LASF296
     /tmp/ccvncDcb.s:104745  .debug_str:000000000002653b .LASF297
     /tmp/ccvncDcb.s:97187  .debug_str:0000000000007fe1 .LASF298
     /tmp/ccvncDcb.s:112283  .debug_str:0000000000044286 .LASF299
     /tmp/ccvncDcb.s:98167  .debug_str:000000000000c160 .LASF300
     /tmp/ccvncDcb.s:112469  .debug_str:0000000000044ff0 .LASF301
     /tmp/ccvncDcb.s:100959  .debug_str:0000000000016a69 .LASF302
     /tmp/ccvncDcb.s:112399  .debug_str:00000000000449cc .LASF303
     /tmp/ccvncDcb.s:114243  .debug_str:000000000004c689 .LASF304
     /tmp/ccvncDcb.s:105527  .debug_str:0000000000029278 .LASF305
     /tmp/ccvncDcb.s:110785  .debug_str:000000000003df39 .LASF306
     /tmp/ccvncDcb.s:108711  .debug_str:0000000000035c0a .LASF307
     /tmp/ccvncDcb.s:104607  .debug_str:0000000000025bed .LASF308
     /tmp/ccvncDcb.s:114575  .debug_str:000000000004dc30 .LASF309
     /tmp/ccvncDcb.s:114589  .debug_str:000000000004dd08 .LASF310
     /tmp/ccvncDcb.s:108049  .debug_str:0000000000033135 .LASF311
     /tmp/ccvncDcb.s:97251  .debug_str:0000000000008427 .LASF312
     /tmp/ccvncDcb.s:95463  .debug_str:0000000000000be1 .LASF313
     /tmp/ccvncDcb.s:110643  .debug_str:000000000003d6b1 .LASF314
     /tmp/ccvncDcb.s:108873  .debug_str:0000000000036769 .LASF315
     /tmp/ccvncDcb.s:109825  .debug_str:000000000003a74e .LASF316
     /tmp/ccvncDcb.s:95545  .debug_str:00000000000010f6 .LASF317
     /tmp/ccvncDcb.s:103125  .debug_str:000000000001f79b .LASF318
     /tmp/ccvncDcb.s:104415  .debug_str:0000000000024f05 .LASF319
     /tmp/ccvncDcb.s:103695  .debug_str:0000000000021fc6 .LASF320
     /tmp/ccvncDcb.s:114857  .debug_str:000000000004ee4b .LASF321
     /tmp/ccvncDcb.s:112105  .debug_str:000000000004377a .LASF322
     /tmp/ccvncDcb.s:108241  .debug_str:0000000000033d2c .LASF323
     /tmp/ccvncDcb.s:101135  .debug_str:00000000000175b5 .LASF324
     /tmp/ccvncDcb.s:110943  .debug_str:000000000003eae5 .LASF325
     /tmp/ccvncDcb.s:102067  .debug_str:000000000001b314 .LASF329
     /tmp/ccvncDcb.s:109685  .debug_str:0000000000039df6 .LASF330
     /tmp/ccvncDcb.s:106621  .debug_str:000000000002d8ea .LASF331
     /tmp/ccvncDcb.s:100627  .debug_str:00000000000156e5 .LASF332
     /tmp/ccvncDcb.s:110407  .debug_str:000000000003c98c .LASF333
     /tmp/ccvncDcb.s:98493  .debug_str:000000000000d84b .LASF334
     /tmp/ccvncDcb.s:102521  .debug_str:000000000001cf78 .LASF335
     /tmp/ccvncDcb.s:102555  .debug_str:000000000001d12c .LASF336
     /tmp/ccvncDcb.s:101585  .debug_str:00000000000193dc .LASF337
     /tmp/ccvncDcb.s:113277  .debug_str:0000000000048883 .LASF338
     /tmp/ccvncDcb.s:102125  .debug_str:000000000001b68b .LASF339
     /tmp/ccvncDcb.s:100551  .debug_str:0000000000015215 .LASF340
     /tmp/ccvncDcb.s:98851  .debug_str:000000000000ee14 .LASF341
     /tmp/ccvncDcb.s:112567  .debug_str:00000000000457b7 .LASF342
     /tmp/ccvncDcb.s:114215  .debug_str:000000000004c45f .LASF344
     /tmp/ccvncDcb.s:103629  .debug_str:0000000000021a6f .LASF345
     /tmp/ccvncDcb.s:109937  .debug_str:000000000003ae8e .LASF346
     /tmp/ccvncDcb.s:109715  .debug_str:000000000003a027 .LASF347
     /tmp/ccvncDcb.s:107259  .debug_str:000000000002ff77 .LASF348
     /tmp/ccvncDcb.s:96831  .debug_str:0000000000006694 .LASF349
     /tmp/ccvncDcb.s:111859  .debug_str:00000000000428a7 .LASF350
     /tmp/ccvncDcb.s:95415  .debug_str:00000000000008ac .LASF351
     /tmp/ccvncDcb.s:100811  .debug_str:00000000000160c7 .LASF352
     /tmp/ccvncDcb.s:103243  .debug_str:000000000001ff9b .LASF353
     /tmp/ccvncDcb.s:99385  .debug_str:0000000000010c50 .LASF354
     /tmp/ccvncDcb.s:100887  .debug_str:00000000000165bb .LASF355
     /tmp/ccvncDcb.s:106517  .debug_str:000000000002d25d .LASF356
     /tmp/ccvncDcb.s:112085  .debug_str:0000000000043676 .LASF357
     /tmp/ccvncDcb.s:112539  .debug_str:00000000000455a2 .LASF358
     /tmp/ccvncDcb.s:110483  .debug_str:000000000003cd75 .LASF359
     /tmp/ccvncDcb.s:100999  .debug_str:0000000000016d4d .LASF360
     /tmp/ccvncDcb.s:102001  .debug_str:000000000001ae48 .LASF361
     /tmp/ccvncDcb.s:105257  .debug_str:000000000002814d .LASF362
     /tmp/ccvncDcb.s:107673  .debug_str:0000000000031942 .LASF363
     /tmp/ccvncDcb.s:98809  .debug_str:000000000000eb42 .LASF364
     /tmp/ccvncDcb.s:102637  .debug_str:000000000001d63e .LASF365
     /tmp/ccvncDcb.s:102247  .debug_str:000000000001be0f .LASF366
     /tmp/ccvncDcb.s:98717  .debug_str:000000000000e6cb .LASF367
     /tmp/ccvncDcb.s:102447  .debug_str:000000000001cace .LASF368
     /tmp/ccvncDcb.s:112559  .debug_str:0000000000045731 .LASF369
     /tmp/ccvncDcb.s:116085  .debug_str:000000000005429c .LASF370
     /tmp/ccvncDcb.s:95433  .debug_str:0000000000000a18 .LASF371
     /tmp/ccvncDcb.s:114411  .debug_str:000000000004d165 .LASF372
     /tmp/ccvncDcb.s:108743  .debug_str:0000000000035e18 .LASF373
     /tmp/ccvncDcb.s:106363  .debug_str:000000000002c8d6 .LASF374
     /tmp/ccvncDcb.s:104769  .debug_str:000000000002669f .LASF375
     /tmp/ccvncDcb.s:109493  .debug_str:00000000000391ce .LASF376
     /tmp/ccvncDcb.s:107299  .debug_str:0000000000030253 .LASF377
     /tmp/ccvncDcb.s:102087  .debug_str:000000000001b43f .LASF378
     /tmp/ccvncDcb.s:114185  .debug_str:000000000004c221 .LASF379
     /tmp/ccvncDcb.s:101501  .debug_str:0000000000018e5c .LASF380
     /tmp/ccvncDcb.s:105185  .debug_str:0000000000027d81 .LASF381
     /tmp/ccvncDcb.s:108023  .debug_str:0000000000032f5b .LASF382
     /tmp/ccvncDcb.s:114987  .debug_str:000000000004f74f .LASF383
     /tmp/ccvncDcb.s:113865  .debug_str:000000000004adaa .LASF384
     /tmp/ccvncDcb.s:96449  .debug_str:0000000000004eb3 .LASF385
     /tmp/ccvncDcb.s:113809  .debug_str:000000000004aac7 .LASF386
     /tmp/ccvncDcb.s:112313  .debug_str:000000000004446e .LASF388
     /tmp/ccvncDcb.s:101593  .debug_str:0000000000019478 .LASF389
     /tmp/ccvncDcb.s:113401  .debug_str:00000000000490b0 .LASF390
     /tmp/ccvncDcb.s:99693  .debug_str:0000000000011c40 .LASF391
     /tmp/ccvncDcb.s:96229  .debug_str:0000000000003faf .LASF392
     /tmp/ccvncDcb.s:100585  .debug_str:000000000001544b .LASF393
     /tmp/ccvncDcb.s:113743  .debug_str:000000000004a654 .LASF394
     /tmp/ccvncDcb.s:101809  .debug_str:000000000001a159 .LASF395
     /tmp/ccvncDcb.s:99463  .debug_str:00000000000110b1 .LASF396
     /tmp/ccvncDcb.s:107857  .debug_str:0000000000032593 .LASF397
     /tmp/ccvncDcb.s:111475  .debug_str:0000000000040e5d .LASF398
     /tmp/ccvncDcb.s:108565  .debug_str:000000000003525a .LASF399
     /tmp/ccvncDcb.s:108435  .debug_str:0000000000034953 .LASF400
     /tmp/ccvncDcb.s:111507  .debug_str:000000000004108e .LASF401
     /tmp/ccvncDcb.s:111991  .debug_str:00000000000430ac .LASF402
     /tmp/ccvncDcb.s:104691  .debug_str:000000000002615e .LASF403
     /tmp/ccvncDcb.s:115169  .debug_str:000000000005042a .LASF404
     /tmp/ccvncDcb.s:112385  .debug_str:00000000000448d0 .LASF405
     /tmp/ccvncDcb.s:108359  .debug_str:000000000003449f .LASF406
     /tmp/ccvncDcb.s:111655  .debug_str:0000000000041add .LASF407
     /tmp/ccvncDcb.s:98637  .debug_str:000000000000e1c8 .LASF408
     /tmp/ccvncDcb.s:114637  .debug_str:000000000004e01e .LASF409
     /tmp/ccvncDcb.s:105491  .debug_str:0000000000028fb4 .LASF410
     /tmp/ccvncDcb.s:97175  .debug_str:0000000000007f0c .LASF411
     /tmp/ccvncDcb.s:113493  .debug_str:0000000000049685 .LASF412
     /tmp/ccvncDcb.s:100309  .debug_str:0000000000014339 .LASF413
     /tmp/ccvncDcb.s:103745  .debug_str:00000000000222f4 .LASF414
     /tmp/ccvncDcb.s:108003  .debug_str:0000000000032e4c .LASF415
     /tmp/ccvncDcb.s:97467  .debug_str:0000000000009241 .LASF416
     /tmp/ccvncDcb.s:108069  .debug_str:00000000000332c5 .LASF417
     /tmp/ccvncDcb.s:97511  .debug_str:00000000000094f1 .LASF418
     /tmp/ccvncDcb.s:107269  .debug_str:0000000000030048 .LASF419
     /tmp/ccvncDcb.s:105595  .debug_str:0000000000029635 .LASF420
     /tmp/ccvncDcb.s:99433  .debug_str:0000000000010efe .LASF421
     /tmp/ccvncDcb.s:109231  .debug_str:0000000000037e5f .LASF422
     /tmp/ccvncDcb.s:114655  .debug_str:000000000004e0fd .LASF423
     /tmp/ccvncDcb.s:116115  .debug_str:0000000000054455 .LASF424
     /tmp/ccvncDcb.s:108065  .debug_str:0000000000033261 .LASF425
     /tmp/ccvncDcb.s:104433  .debug_str:0000000000025015 .LASF426
     /tmp/ccvncDcb.s:103027  .debug_str:000000000001f04e .LASF427
     /tmp/ccvncDcb.s:106881  .debug_str:000000000002e9a0 .LASF428
     /tmp/ccvncDcb.s:108061  .debug_str:0000000000033208 .LASF429
     /tmp/ccvncDcb.s:96009  .debug_str:000000000000316d .LASF430
     /tmp/ccvncDcb.s:101245  .debug_str:0000000000017cdf .LASF431
     /tmp/ccvncDcb.s:106711  .debug_str:000000000002dee4 .LASF432
     /tmp/ccvncDcb.s:99781  .debug_str:00000000000121aa .LASF433
     /tmp/ccvncDcb.s:113103  .debug_str:0000000000047dde .LASF434
     /tmp/ccvncDcb.s:114871  .debug_str:000000000004eefe .LASF435
     /tmp/ccvncDcb.s:106295  .debug_str:000000000002c434 .LASF436
     /tmp/ccvncDcb.s:100531  .debug_str:0000000000015113 .LASF437
     /tmp/ccvncDcb.s:105673  .debug_str:0000000000029b0c .LASF438
     /tmp/ccvncDcb.s:95693  .debug_str:0000000000001c37 .LASF439
     /tmp/ccvncDcb.s:102259  .debug_str:000000000001bf37 .LASF440
     /tmp/ccvncDcb.s:97423  .debug_str:0000000000008f3b .LASF441
     /tmp/ccvncDcb.s:108961  .debug_str:0000000000036c3c .LASF442
     /tmp/ccvncDcb.s:98209  .debug_str:000000000000c4a9 .LASF443
     /tmp/ccvncDcb.s:106075  .debug_str:000000000002b6af .LASF444
     /tmp/ccvncDcb.s:111275  .debug_str:000000000004010f .LASF445
     /tmp/ccvncDcb.s:108713  .debug_str:0000000000035c26 .LASF446
     /tmp/ccvncDcb.s:97663  .debug_str:0000000000009e7c .LASF447
     /tmp/ccvncDcb.s:109021  .debug_str:0000000000036fce .LASF448
     /tmp/ccvncDcb.s:104919  .debug_str:0000000000026fb3 .LASF449
     /tmp/ccvncDcb.s:97381  .debug_str:0000000000008c26 .LASF450
     /tmp/ccvncDcb.s:109723  .debug_str:000000000003a098 .LASF451
     /tmp/ccvncDcb.s:102575  .debug_str:000000000001d27d .LASF452
     /tmp/ccvncDcb.s:112069  .debug_str:0000000000043580 .LASF453
     /tmp/ccvncDcb.s:99989  .debug_str:0000000000012eb3 .LASF454
     /tmp/ccvncDcb.s:113655  .debug_str:000000000004a0e5 .LASF455
     /tmp/ccvncDcb.s:98799  .debug_str:000000000000eaf4 .LASF456
     /tmp/ccvncDcb.s:100629  .debug_str:00000000000156f8 .LASF457
     /tmp/ccvncDcb.s:102131  .debug_str:000000000001b706 .LASF458
     /tmp/ccvncDcb.s:103543  .debug_str:00000000000214ff .LASF459
     /tmp/ccvncDcb.s:114623  .debug_str:000000000004df74 .LASF460
     /tmp/ccvncDcb.s:111279  .debug_str:000000000004016e .LASF461
     /tmp/ccvncDcb.s:102601  .debug_str:000000000001d44e .LASF462
     /tmp/ccvncDcb.s:113951  .debug_str:000000000004b29d .LASF463
     /tmp/ccvncDcb.s:112813  .debug_str:0000000000046ac5 .LASF464
     /tmp/ccvncDcb.s:97487  .debug_str:000000000000937e .LASF465
     /tmp/ccvncDcb.s:111809  .debug_str:0000000000042568 .LASF466
     /tmp/ccvncDcb.s:95911  .debug_str:0000000000002b05 .LASF467
     /tmp/ccvncDcb.s:107759  .debug_str:0000000000031f78 .LASF468
     /tmp/ccvncDcb.s:113041  .debug_str:000000000004796d .LASF469
     /tmp/ccvncDcb.s:103397  .debug_str:00000000000209e1 .LASF470
     /tmp/ccvncDcb.s:111663  .debug_str:0000000000041b9b .LASF471
     /tmp/ccvncDcb.s:112259  .debug_str:000000000004410c .LASF472
     /tmp/ccvncDcb.s:101163  .debug_str:0000000000017780 .LASF473
     /tmp/ccvncDcb.s:113217  .debug_str:00000000000484e4 .LASF474
     /tmp/ccvncDcb.s:105131  .debug_str:0000000000027b11 .LASF475
     /tmp/ccvncDcb.s:116137  .debug_str:00000000000545db .LASF476
     /tmp/ccvncDcb.s:107125  .debug_str:000000000002f7c4 .LASF477
     /tmp/ccvncDcb.s:113629  .debug_str:0000000000049f1c .LASF478
     /tmp/ccvncDcb.s:110319  .debug_str:000000000003c4bf .LASF479
     /tmp/ccvncDcb.s:103583  .debug_str:0000000000021787 .LASF480
     /tmp/ccvncDcb.s:113187  .debug_str:000000000004830e .LASF481
     /tmp/ccvncDcb.s:112209  .debug_str:0000000000043e3e .LASF482
     /tmp/ccvncDcb.s:96051  .debug_str:0000000000003457 .LASF483
     /tmp/ccvncDcb.s:111319  .debug_str:000000000004041d .LASF484
     /tmp/ccvncDcb.s:108815  .debug_str:00000000000362b2 .LASF485
     /tmp/ccvncDcb.s:114327  .debug_str:000000000004cbe6 .LASF486
     /tmp/ccvncDcb.s:96695  .debug_str:0000000000005eb6 .LASF487
     /tmp/ccvncDcb.s:115725  .debug_str:0000000000052ae1 .LASF488
     /tmp/ccvncDcb.s:108273  .debug_str:0000000000033ecc .LASF489
     /tmp/ccvncDcb.s:101423  .debug_str:000000000001886e .LASF490
     /tmp/ccvncDcb.s:107593  .debug_str:00000000000313ce .LASF491
     /tmp/ccvncDcb.s:108193  .debug_str:0000000000033a6a .LASF492
     /tmp/ccvncDcb.s:109875  .debug_str:000000000003a9bb .LASF493
     /tmp/ccvncDcb.s:102571  .debug_str:000000000001d233 .LASF494
     /tmp/ccvncDcb.s:112897  .debug_str:0000000000047026 .LASF495
     /tmp/ccvncDcb.s:100829  .debug_str:00000000000161ad .LASF496
     /tmp/ccvncDcb.s:109789  .debug_str:000000000003a49b .LASF497
     /tmp/ccvncDcb.s:100157  .debug_str:0000000000013989 .LASF498
     /tmp/ccvncDcb.s:112241  .debug_str:0000000000044007 .LASF499
     /tmp/ccvncDcb.s:99361  .debug_str:0000000000010a2d .LASF500
     /tmp/ccvncDcb.s:114723  .debug_str:000000000004e62c .LASF501
     /tmp/ccvncDcb.s:109291  .debug_str:00000000000382ba .LASF502
     /tmp/ccvncDcb.s:98481  .debug_str:000000000000d727 .LASF503
     /tmp/ccvncDcb.s:104975  .debug_str:000000000002725c .LASF504
     /tmp/ccvncDcb.s:96839  .debug_str:000000000000670f .LASF505
     /tmp/ccvncDcb.s:112795  .debug_str:000000000004698f .LASF506
     /tmp/ccvncDcb.s:110289  .debug_str:000000000003c2ff .LASF507
     /tmp/ccvncDcb.s:97063  .debug_str:000000000000773e .LASF508
     /tmp/ccvncDcb.s:114395  .debug_str:000000000004d038 .LASF509
     /tmp/ccvncDcb.s:101945  .debug_str:000000000001a9bb .LASF510
     /tmp/ccvncDcb.s:113683  .debug_str:000000000004a262 .LASF511
     /tmp/ccvncDcb.s:105107  .debug_str:00000000000279b7 .LASF512
     /tmp/ccvncDcb.s:104749  .debug_str:0000000000026582 .LASF513
     /tmp/ccvncDcb.s:98375  .debug_str:000000000000cfec .LASF514
     /tmp/ccvncDcb.s:106059  .debug_str:000000000002b562 .LASF515
     /tmp/ccvncDcb.s:115933  .debug_str:0000000000053969 .LASF516
     /tmp/ccvncDcb.s:100419  .debug_str:0000000000014a28 .LASF517
     /tmp/ccvncDcb.s:104097  .debug_str:0000000000023af7 .LASF518
     /tmp/ccvncDcb.s:95897  .debug_str:00000000000029e4 .LASF519
     /tmp/ccvncDcb.s:104069  .debug_str:00000000000238ea .LASF520
     /tmp/ccvncDcb.s:109969  .debug_str:000000000003af6c .LASF521
     /tmp/ccvncDcb.s:110963  .debug_str:000000000003ec2a .LASF522
     /tmp/ccvncDcb.s:99751  .debug_str:000000000001200b .LASF523
     /tmp/ccvncDcb.s:114289  .debug_str:000000000004c98e .LASF524
     /tmp/ccvncDcb.s:97139  .debug_str:0000000000007c2f .LASF525
     /tmp/ccvncDcb.s:102283  .debug_str:000000000001c126 .LASF526
     /tmp/ccvncDcb.s:107569  .debug_str:0000000000031292 .LASF527
     /tmp/ccvncDcb.s:103419  .debug_str:0000000000020b8f .LASF528
     /tmp/ccvncDcb.s:108871  .debug_str:0000000000036744 .LASF529
     /tmp/ccvncDcb.s:113411  .debug_str:000000000004916a .LASF530
     /tmp/ccvncDcb.s:99039  .debug_str:000000000000f84a .LASF531
     /tmp/ccvncDcb.s:97169  .debug_str:0000000000007e4f .LASF532
     /tmp/ccvncDcb.s:103515  .debug_str:00000000000212da .LASF533
     /tmp/ccvncDcb.s:97173  .debug_str:0000000000007ecf .LASF534
     /tmp/ccvncDcb.s:109327  .debug_str:0000000000038548 .LASF535
     /tmp/ccvncDcb.s:103827  .debug_str:0000000000022906 .LASF536
     /tmp/ccvncDcb.s:95741  .debug_str:0000000000001fbc .LASF537
     /tmp/ccvncDcb.s:102635  .debug_str:000000000001d5f3 .LASF538
     /tmp/ccvncDcb.s:109569  .debug_str:000000000003967f .LASF539
     /tmp/ccvncDcb.s:107499  .debug_str:0000000000030ea1 .LASF540
     /tmp/ccvncDcb.s:98497  .debug_str:000000000000d873 .LASF541
     /tmp/ccvncDcb.s:108287  .debug_str:0000000000033fbc .LASF542
     /tmp/ccvncDcb.s:116261  .debug_str:0000000000054ea3 .LASF543
     /tmp/ccvncDcb.s:101959  .debug_str:000000000001ab00 .LASF544
     /tmp/ccvncDcb.s:105483  .debug_str:0000000000028f63 .LASF545
     /tmp/ccvncDcb.s:111417  .debug_str:0000000000040a91 .LASF546
     /tmp/ccvncDcb.s:97549  .debug_str:0000000000009743 .LASF547
     /tmp/ccvncDcb.s:114765  .debug_str:000000000004e900 .LASF548
     /tmp/ccvncDcb.s:114163  .debug_str:000000000004c0b9 .LASF549
     /tmp/ccvncDcb.s:103553  .debug_str:00000000000215a8 .LASF550
     /tmp/ccvncDcb.s:100673  .debug_str:0000000000015945 .LASF551
     /tmp/ccvncDcb.s:100855  .debug_str:0000000000016380 .LASF552
     /tmp/ccvncDcb.s:96927  .debug_str:0000000000006cda .LASF553
     /tmp/ccvncDcb.s:107033  .debug_str:000000000002f1e7 .LASF554
     /tmp/ccvncDcb.s:113033  .debug_str:0000000000047903 .LASF555
     /tmp/ccvncDcb.s:109091  .debug_str:000000000003747d .LASF556
     /tmp/ccvncDcb.s:106757  .debug_str:000000000002e1bd .LASF557
     /tmp/ccvncDcb.s:101541  .debug_str:0000000000019135 .LASF558
     /tmp/ccvncDcb.s:96811  .debug_str:0000000000006575 .LASF559
     /tmp/ccvncDcb.s:116277  .debug_str:0000000000054fb8 .LASF560
     /tmp/ccvncDcb.s:114739  .debug_str:000000000004e7a7 .LASF561
     /tmp/ccvncDcb.s:109911  .debug_str:000000000003ac8f .LASF562
     /tmp/ccvncDcb.s:104285  .debug_str:000000000002464f .LASF563
     /tmp/ccvncDcb.s:97305  .debug_str:0000000000008743 .LASF564
     /tmp/ccvncDcb.s:96273  .debug_str:00000000000042f4 .LASF565
     /tmp/ccvncDcb.s:96513  .debug_str:00000000000052ea .LASF566
     /tmp/ccvncDcb.s:115183  .debug_str:00000000000504e9 .LASF567
     /tmp/ccvncDcb.s:105981  .debug_str:000000000002b031 .LASF568
     /tmp/ccvncDcb.s:112883  .debug_str:0000000000046fbb .LASF569
     /tmp/ccvncDcb.s:99715  .debug_str:0000000000011dc0 .LASF570
     /tmp/ccvncDcb.s:112213  .debug_str:0000000000043e7b .LASF571
     /tmp/ccvncDcb.s:110989  .debug_str:000000000003edce .LASF572
     /tmp/ccvncDcb.s:102701  .debug_str:000000000001da88 .LASF573
     /tmp/ccvncDcb.s:109511  .debug_str:00000000000392cd .LASF574
     /tmp/ccvncDcb.s:105383  .debug_str:00000000000288b5 .LASF576
     /tmp/ccvncDcb.s:99007  .debug_str:000000000000f6ab .LASF577
     /tmp/ccvncDcb.s:104985  .debug_str:0000000000027304 .LASF580
     /tmp/ccvncDcb.s:113427  .debug_str:00000000000492aa .LASF581
     /tmp/ccvncDcb.s:100499  .debug_str:0000000000014f79 .LASF582
     /tmp/ccvncDcb.s:108811  .debug_str:0000000000036295 .LASF583
     /tmp/ccvncDcb.s:100463  .debug_str:0000000000014d0e .LASF585
     /tmp/ccvncDcb.s:108683  .debug_str:0000000000035a78 .LASF586
     /tmp/ccvncDcb.s:107003  .debug_str:000000000002f05c .LASF587
     /tmp/ccvncDcb.s:108773  .debug_str:0000000000036000 .LASF588
     /tmp/ccvncDcb.s:111491  .debug_str:0000000000040f8c .LASF589
     /tmp/ccvncDcb.s:102387  .debug_str:000000000001c784 .LASF590
     /tmp/ccvncDcb.s:95817  .debug_str:00000000000024fa .LASF591
     /tmp/ccvncDcb.s:105863  .debug_str:000000000002a7ab .LASF592
     /tmp/ccvncDcb.s:115107  .debug_str:000000000005000e .LASF593
     /tmp/ccvncDcb.s:99229  .debug_str:0000000000010144 .LASF594
     /tmp/ccvncDcb.s:115581  .debug_str:0000000000051f7a .LASF595
     /tmp/ccvncDcb.s:95367  .debug_str:0000000000000596 .LASF596
     /tmp/ccvncDcb.s:109265  .debug_str:00000000000380bb .LASF597
     /tmp/ccvncDcb.s:106809  .debug_str:000000000002e439 .LASF598
     /tmp/ccvncDcb.s:102579  .debug_str:000000000001d2df .LASF599
     /tmp/ccvncDcb.s:101723  .debug_str:0000000000019d29 .LASF600
     /tmp/ccvncDcb.s:110807  .debug_str:000000000003e0fc .LASF601
     /tmp/ccvncDcb.s:98469  .debug_str:000000000000d65c .LASF602
     /tmp/ccvncDcb.s:109289  .debug_str:0000000000038296 .LASF603
     /tmp/ccvncDcb.s:101785  .debug_str:0000000000019fdf .LASF604
     /tmp/ccvncDcb.s:99247  .debug_str:0000000000010296 .LASF605
     /tmp/ccvncDcb.s:114107  .debug_str:000000000004bd3b .LASF606
     /tmp/ccvncDcb.s:96495  .debug_str:00000000000051ce .LASF607
     /tmp/ccvncDcb.s:115429  .debug_str:00000000000515ad .LASF608
     /tmp/ccvncDcb.s:113117  .debug_str:0000000000047eaa .LASF609
     /tmp/ccvncDcb.s:115381  .debug_str:0000000000051218 .LASF610
     /tmp/ccvncDcb.s:103849  .debug_str:0000000000022aab .LASF611
     /tmp/ccvncDcb.s:113965  .debug_str:000000000004b3d4 .LASF612
     /tmp/ccvncDcb.s:114881  .debug_str:000000000004efa3 .LASF613
     /tmp/ccvncDcb.s:104015  .debug_str:0000000000023508 .LASF614
     /tmp/ccvncDcb.s:113499  .debug_str:00000000000496d7 .LASF615
     /tmp/ccvncDcb.s:101769  .debug_str:0000000000019edb .LASF616
     /tmp/ccvncDcb.s:107765  .debug_str:0000000000031fe1 .LASF617
     /tmp/ccvncDcb.s:104237  .debug_str:00000000000243f4 .LASF618
     /tmp/ccvncDcb.s:105929  .debug_str:000000000002ac20 .LASF619
     /tmp/ccvncDcb.s:103739  .debug_str:000000000002227b .LASF620
     /tmp/ccvncDcb.s:104523  .debug_str:00000000000255f2 .LASF621
     /tmp/ccvncDcb.s:95663  .debug_str:0000000000001976 .LASF622
     /tmp/ccvncDcb.s:105847  .debug_str:000000000002a6cb .LASF623
     /tmp/ccvncDcb.s:99249  .debug_str:00000000000102b6 .LASF624
     /tmp/ccvncDcb.s:96333  .debug_str:000000000000477b .LASF625
     /tmp/ccvncDcb.s:104215  .debug_str:00000000000241f0 .LASF626
     /tmp/ccvncDcb.s:112453  .debug_str:0000000000044d8b .LASF627
     /tmp/ccvncDcb.s:109453  .debug_str:0000000000038e92 .LASF628
     /tmp/ccvncDcb.s:102729  .debug_str:000000000001dc28 .LASF629
     /tmp/ccvncDcb.s:99231  .debug_str:0000000000010154 .LASF630
     /tmp/ccvncDcb.s:96935  .debug_str:0000000000006d2e .LASF631
     /tmp/ccvncDcb.s:112669  .debug_str:0000000000045e62 .LASF632
     /tmp/ccvncDcb.s:110015  .debug_str:000000000003b2c4 .LASF633
     /tmp/ccvncDcb.s:112699  .debug_str:00000000000462ef .LASF634
     /tmp/ccvncDcb.s:111383  .debug_str:0000000000040853 .LASF635
     /tmp/ccvncDcb.s:105869  .debug_str:000000000002a800 .LASF636
     /tmp/ccvncDcb.s:104723  .debug_str:000000000002639c .LASF637
     /tmp/ccvncDcb.s:110631  .debug_str:000000000003d5e3 .LASF638
     /tmp/ccvncDcb.s:113477  .debug_str:000000000004957e .LASF639
     /tmp/ccvncDcb.s:98129  .debug_str:000000000000be96 .LASF640
     /tmp/ccvncDcb.s:95879  .debug_str:0000000000002892 .LASF641
     /tmp/ccvncDcb.s:114845  .debug_str:000000000004edcb .LASF642
     /tmp/ccvncDcb.s:106729  .debug_str:000000000002dfe2 .LASF643
     /tmp/ccvncDcb.s:108327  .debug_str:0000000000034239 .LASF644
     /tmp/ccvncDcb.s:110261  .debug_str:000000000003c155 .LASF645
     /tmp/ccvncDcb.s:95777  .debug_str:000000000000221f .LASF646
     /tmp/ccvncDcb.s:104923  .debug_str:0000000000027000 .LASF647
     /tmp/ccvncDcb.s:106001  .debug_str:000000000002b13d .LASF648
     /tmp/ccvncDcb.s:104929  .debug_str:0000000000027079 .LASF649
     /tmp/ccvncDcb.s:108907  .debug_str:00000000000368b2 .LASF650
     /tmp/ccvncDcb.s:111821  .debug_str:00000000000425e6 .LASF651
     /tmp/ccvncDcb.s:115551  .debug_str:0000000000051e03 .LASF652
     /tmp/ccvncDcb.s:101247  .debug_str:0000000000017ced .LASF653
     /tmp/ccvncDcb.s:107829  .debug_str:00000000000323e6 .LASF654
     /tmp/ccvncDcb.s:97027  .debug_str:00000000000074c9 .LASF655
     /tmp/ccvncDcb.s:98051  .debug_str:000000000000b909 .LASF656
     /tmp/ccvncDcb.s:99117  .debug_str:000000000000fb7a .LASF657
     /tmp/ccvncDcb.s:111377  .debug_str:00000000000407f9 .LASF658
     /tmp/ccvncDcb.s:103061  .debug_str:000000000001f29e .LASF659
     /tmp/ccvncDcb.s:114265  .debug_str:000000000004c82c .LASF660
     /tmp/ccvncDcb.s:100601  .debug_str:000000000001553c .LASF661
     /tmp/ccvncDcb.s:98663  .debug_str:000000000000e357 .LASF662
     /tmp/ccvncDcb.s:114387  .debug_str:000000000004cfd1 .LASF663
     /tmp/ccvncDcb.s:104531  .debug_str:000000000002575a .LASF664
     /tmp/ccvncDcb.s:100469  .debug_str:0000000000014d7a .LASF665
     /tmp/ccvncDcb.s:107763  .debug_str:0000000000031fd3 .LASF666
     /tmp/ccvncDcb.s:109167  .debug_str:000000000003797f .LASF667
     /tmp/ccvncDcb.s:103981  .debug_str:00000000000232c0 .LASF668
     /tmp/ccvncDcb.s:101801  .debug_str:000000000001a0c1 .LASF669
     /tmp/ccvncDcb.s:101071  .debug_str:0000000000017241 .LASF670
     /tmp/ccvncDcb.s:114355  .debug_str:000000000004cda8 .LASF671
     /tmp/ccvncDcb.s:103593  .debug_str:000000000002181a .LASF672
     /tmp/ccvncDcb.s:111815  .debug_str:00000000000425a5 .LASF673
     /tmp/ccvncDcb.s:106417  .debug_str:000000000002ccc5 .LASF674
     /tmp/ccvncDcb.s:95587  .debug_str:00000000000013d6 .LASF675
     /tmp/ccvncDcb.s:107459  .debug_str:0000000000030c11 .LASF676
     /tmp/ccvncDcb.s:113455  .debug_str:000000000004942d .LASF677
     /tmp/ccvncDcb.s:104797  .debug_str:00000000000268d4 .LASF678
     /tmp/ccvncDcb.s:113081  .debug_str:0000000000047c2f .LASF679
     /tmp/ccvncDcb.s:101735  .debug_str:0000000000019ded .LASF680
     /tmp/ccvncDcb.s:108013  .debug_str:0000000000032eb0 .LASF681
     /tmp/ccvncDcb.s:95467  .debug_str:0000000000000c11 .LASF682
     /tmp/ccvncDcb.s:109655  .debug_str:0000000000039c29 .LASF683
     /tmp/ccvncDcb.s:104753  .debug_str:00000000000265bf .LASF685
     /tmp/ccvncDcb.s:106639  .debug_str:000000000002d9c0 .LASF686
     /tmp/ccvncDcb.s:97143  .debug_str:0000000000007c8e .LASF687
     /tmp/ccvncDcb.s:107963  .debug_str:0000000000032c04 .LASF688
     /tmp/ccvncDcb.s:115891  .debug_str:00000000000536c6 .LASF689
     /tmp/ccvncDcb.s:104239  .debug_str:000000000002440d .LASF690
     /tmp/ccvncDcb.s:99775  .debug_str:0000000000012127 .LASF691
     /tmp/ccvncDcb.s:114517  .debug_str:000000000004d80b .LASF692
     /tmp/ccvncDcb.s:112077  .debug_str:000000000004361b .LASF693
     /tmp/ccvncDcb.s:111669  .debug_str:0000000000041bfa .LASF694
     /tmp/ccvncDcb.s:96247  .debug_str:00000000000040d8 .LASF695
     /tmp/ccvncDcb.s:98649  .debug_str:000000000000e24c .LASF696
     /tmp/ccvncDcb.s:115537  .debug_str:0000000000051d31 .LASF697
     /tmp/ccvncDcb.s:116117  .debug_str:000000000005445e .LASF698
     /tmp/ccvncDcb.s:115965  .debug_str:0000000000053b20 .LASF699
     /tmp/ccvncDcb.s:98367  .debug_str:000000000000cf81 .LASF700
     /tmp/ccvncDcb.s:96163  .debug_str:0000000000003b30 .LASF701
     /tmp/ccvncDcb.s:101813  .debug_str:000000000001a1b2 .LASF704
     /tmp/ccvncDcb.s:114149  .debug_str:000000000004bff5 .LASF705
     /tmp/ccvncDcb.s:100511  .debug_str:0000000000014fe3 .LASF706
     /tmp/ccvncDcb.s:111171  .debug_str:000000000003fa05 .LASF707
     /tmp/ccvncDcb.s:107197  .debug_str:000000000002fbf6 .LASF708
     /tmp/ccvncDcb.s:99075  .debug_str:000000000000fa3e .LASF709
     /tmp/ccvncDcb.s:107525  .debug_str:0000000000031043 .LASF710
     /tmp/ccvncDcb.s:109547  .debug_str:00000000000394c7 .LASF711
     /tmp/ccvncDcb.s:114937  .debug_str:000000000004f36a .LASF712
     /tmp/ccvncDcb.s:113583  .debug_str:0000000000049b69 .LASF713
     /tmp/ccvncDcb.s:109355  .debug_str:0000000000038757 .LASF716
     /tmp/ccvncDcb.s:110897  .debug_str:000000000003e7b7 .LASF717
     /tmp/ccvncDcb.s:115095  .debug_str:000000000004ff2c .LASF718
     /tmp/ccvncDcb.s:108589  .debug_str:0000000000035407 .LASF719
     /tmp/ccvncDcb.s:114427  .debug_str:000000000004d215 .LASF720
     /tmp/ccvncDcb.s:102427  .debug_str:000000000001ca1b .LASF721
     /tmp/ccvncDcb.s:108603  .debug_str:00000000000354a5 .LASF722
     /tmp/ccvncDcb.s:97985  .debug_str:000000000000b46b .LASF723
     /tmp/ccvncDcb.s:116001  .debug_str:0000000000053d9f .LASF724
     /tmp/ccvncDcb.s:105193  .debug_str:0000000000027e20 .LASF725
     /tmp/ccvncDcb.s:115295  .debug_str:0000000000050c43 .LASF726
     /tmp/ccvncDcb.s:110575  .debug_str:000000000003d286 .LASF727
     /tmp/ccvncDcb.s:97195  .debug_str:0000000000008058 .LASF728
     /tmp/ccvncDcb.s:107467  .debug_str:0000000000030c9a .LASF729
     /tmp/ccvncDcb.s:108031  .debug_str:0000000000032fe2 .LASF730
     /tmp/ccvncDcb.s:100935  .debug_str:000000000001689b .LASF731
     /tmp/ccvncDcb.s:104969  .debug_str:0000000000027212 .LASF732
     /tmp/ccvncDcb.s:106795  .debug_str:000000000002e3a4 .LASF733
     /tmp/ccvncDcb.s:101395  .debug_str:000000000001864c .LASF734
     /tmp/ccvncDcb.s:105397  .debug_str:00000000000289a5 .LASF735
     /tmp/ccvncDcb.s:108135  .debug_str:00000000000336e4 .LASF736
     /tmp/ccvncDcb.s:104147  .debug_str:0000000000023e32 .LASF737
     /tmp/ccvncDcb.s:115947  .debug_str:0000000000053a72 .LASF738
     /tmp/ccvncDcb.s:115669  .debug_str:0000000000052587 .LASF739
     /tmp/ccvncDcb.s:114833  .debug_str:000000000004ed4e .LASF740
     /tmp/ccvncDcb.s:114555  .debug_str:000000000004daeb .LASF741
     /tmp/ccvncDcb.s:110303  .debug_str:000000000003c41d .LASF742
     /tmp/ccvncDcb.s:111235  .debug_str:000000000003feb1 .LASF743
     /tmp/ccvncDcb.s:95787  .debug_str:00000000000022a8 .LASF744
     /tmp/ccvncDcb.s:98067  .debug_str:000000000000ba1e .LASF745
     /tmp/ccvncDcb.s:99817  .debug_str:0000000000012410 .LASF746
     /tmp/ccvncDcb.s:98217  .debug_str:000000000000c518 .LASF747
     /tmp/ccvncDcb.s:116041  .debug_str:000000000005405f .LASF748
     /tmp/ccvncDcb.s:106587  .debug_str:000000000002d765 .LASF749
     /tmp/ccvncDcb.s:106733  .debug_str:000000000002e043 .LASF750
     /tmp/ccvncDcb.s:108395  .debug_str:00000000000346b3 .LASF751
     /tmp/ccvncDcb.s:115651  .debug_str:0000000000052448 .LASF752
     /tmp/ccvncDcb.s:102215  .debug_str:000000000001bcb4 .LASF753
     /tmp/ccvncDcb.s:112093  .debug_str:00000000000436fb .LASF754
     /tmp/ccvncDcb.s:105353  .debug_str:0000000000028722 .LASF755
     /tmp/ccvncDcb.s:106955  .debug_str:000000000002ed68 .LASF756
     /tmp/ccvncDcb.s:108225  .debug_str:0000000000033c42 .LASF757
     /tmp/ccvncDcb.s:114223  .debug_str:000000000004c4c0 .LASF758
     /tmp/ccvncDcb.s:115901  .debug_str:000000000005373d .LASF759
     /tmp/ccvncDcb.s:103167  .debug_str:000000000001fa66 .LASF761
     /tmp/ccvncDcb.s:102667  .debug_str:000000000001d88d .LASF762
     /tmp/ccvncDcb.s:115431  .debug_str:00000000000515d5 .LASF763
     /tmp/ccvncDcb.s:96511  .debug_str:00000000000052df .LASF764
     /tmp/ccvncDcb.s:95339  .debug_str:0000000000000366 .LASF765
     /tmp/ccvncDcb.s:98311  .debug_str:000000000000cc34 .LASF766
     /tmp/ccvncDcb.s:106419  .debug_str:000000000002ccd8 .LASF767
     /tmp/ccvncDcb.s:95505  .debug_str:0000000000000e38 .LASF768
     /tmp/ccvncDcb.s:102853  .debug_str:000000000001e46a .LASF769
     /tmp/ccvncDcb.s:97961  .debug_str:000000000000b313 .LASF770
     /tmp/ccvncDcb.s:107013  .debug_str:000000000002f0cd .LASF771
     /tmp/ccvncDcb.s:108351  .debug_str:00000000000343fe .LASF772
     /tmp/ccvncDcb.s:113617  .debug_str:0000000000049e93 .LASF773
     /tmp/ccvncDcb.s:98669  .debug_str:000000000000e3ab .LASF776
     /tmp/ccvncDcb.s:110919  .debug_str:000000000003e948 .LASF777
     /tmp/ccvncDcb.s:95861  .debug_str:00000000000027a9 .LASF778
     /tmp/ccvncDcb.s:96311  .debug_str:00000000000045dc .LASF779
     /tmp/ccvncDcb.s:108427  .debug_str:00000000000348e1 .LASF780
     /tmp/ccvncDcb.s:111851  .debug_str:0000000000042819 .LASF781
     /tmp/ccvncDcb.s:104325  .debug_str:0000000000024920 .LASF782
     /tmp/ccvncDcb.s:111127  .debug_str:000000000003f710 .LASF783
     /tmp/ccvncDcb.s:104603  .debug_str:0000000000025ba3 .LASF784
     /tmp/ccvncDcb.s:96809  .debug_str:0000000000006567 .LASF785
     /tmp/ccvncDcb.s:113625  .debug_str:0000000000049efa .LASF786
     /tmp/ccvncDcb.s:110759  .debug_str:000000000003dde8 .LASF787
     /tmp/ccvncDcb.s:115633  .debug_str:00000000000522f0 .LASF788
     /tmp/ccvncDcb.s:110791  .debug_str:000000000003dfae .LASF789
     /tmp/ccvncDcb.s:98937  .debug_str:000000000000f2b1 .LASF790
     /tmp/ccvncDcb.s:114449  .debug_str:000000000004d396 .LASF791
     /tmp/ccvncDcb.s:115563  .debug_str:0000000000051ec6 .LASF792
     /tmp/ccvncDcb.s:113833  .debug_str:000000000004abc5 .LASF793
     /tmp/ccvncDcb.s:99167  .debug_str:000000000000fe2c .LASF794
     /tmp/ccvncDcb.s:97287  .debug_str:000000000000865c .LASF795
     /tmp/ccvncDcb.s:107939  .debug_str:0000000000032ac9 .LASF796
     /tmp/ccvncDcb.s:106053  .debug_str:000000000002b518 .LASF797
     /tmp/ccvncDcb.s:112427  .debug_str:0000000000044c43 .LASF798
     /tmp/ccvncDcb.s:103921  .debug_str:0000000000022ebe .LASF799
     /tmp/ccvncDcb.s:109779  .debug_str:000000000003a3e8 .LASF800
     /tmp/ccvncDcb.s:111993  .debug_str:00000000000430b8 .LASF801
     /tmp/ccvncDcb.s:111411  .debug_str:0000000000040a37 .LASF802
     /tmp/ccvncDcb.s:101261  .debug_str:0000000000017dfa .LASF803
     /tmp/ccvncDcb.s:114631  .debug_str:000000000004dfc1 .LASF804
     /tmp/ccvncDcb.s:110961  .debug_str:000000000003ec1f .LASF805
     /tmp/ccvncDcb.s:100821  .debug_str:000000000001617a .LASF806
     /tmp/ccvncDcb.s:97673  .debug_str:0000000000009f25 .LASF807
     /tmp/ccvncDcb.s:98797  .debug_str:000000000000eae9 .LASF808
     /tmp/ccvncDcb.s:102983  .debug_str:000000000001ed2b .LASF809
     /tmp/ccvncDcb.s:95921  .debug_str:0000000000002bb3 .LASF810
     /tmp/ccvncDcb.s:112143  .debug_str:0000000000043a47 .LASF811
     /tmp/ccvncDcb.s:109761  .debug_str:000000000003a2ab .LASF812
     /tmp/ccvncDcb.s:108085  .debug_str:00000000000333f7 .LASF813
     /tmp/ccvncDcb.s:114029  .debug_str:000000000004b874 .LASF814
     /tmp/ccvncDcb.s:103571  .debug_str:00000000000216d4 .LASF815
     /tmp/ccvncDcb.s:110991  .debug_str:000000000003eddd .LASF816
     /tmp/ccvncDcb.s:100409  .debug_str:0000000000014971 .LASF817
     /tmp/ccvncDcb.s:112781  .debug_str:0000000000046853 .LASF818
     /tmp/ccvncDcb.s:96339  .debug_str:00000000000047fc .LASF819
     /tmp/ccvncDcb.s:115599  .debug_str:000000000005207f .LASF820
     /tmp/ccvncDcb.s:115523  .debug_str:0000000000051c3c .LASF821
     /tmp/ccvncDcb.s:110187  .debug_str:000000000003bcec .LASF822
     /tmp/ccvncDcb.s:107871  .debug_str:0000000000032640 .LASF823
     /tmp/ccvncDcb.s:104041  .debug_str:00000000000236df .LASF824
     /tmp/ccvncDcb.s:102289  .debug_str:000000000001c1bf .LASF825
     /tmp/ccvncDcb.s:109885  .debug_str:000000000003aa48 .LASF826
     /tmp/ccvncDcb.s:102981  .debug_str:000000000001ed1e .LASF827
     /tmp/ccvncDcb.s:98639  .debug_str:000000000000e1d2 .LASF828
     /tmp/ccvncDcb.s:98885  .debug_str:000000000000f015 .LASF833
     /tmp/ccvncDcb.s:101115  .debug_str:00000000000174ac .LASF834
     /tmp/ccvncDcb.s:106633  .debug_str:000000000002d980 .LASF835
     /tmp/ccvncDcb.s:106235  .debug_str:000000000002c07a .LASF836
     /tmp/ccvncDcb.s:115961  .debug_str:0000000000053ae8 .LASF837
     /tmp/ccvncDcb.s:113501  .debug_str:00000000000496ef .LASF839
     /tmp/ccvncDcb.s:95691  .debug_str:0000000000001c1b .LASF840
     /tmp/ccvncDcb.s:109737  .debug_str:000000000003a198 .LASF841
     /tmp/ccvncDcb.s:106201  .debug_str:000000000002be64 .LASF843
     /tmp/ccvncDcb.s:116009  .debug_str:0000000000053e5e .LASF844
     /tmp/ccvncDcb.s:108105  .debug_str:0000000000033549 .LASF845
     /tmp/ccvncDcb.s:108963  .debug_str:0000000000036c52 .LASF846
     /tmp/ccvncDcb.s:95805  .debug_str:000000000000241e .LASF847
     /tmp/ccvncDcb.s:98429  .debug_str:000000000000d397 .LASF848
     /tmp/ccvncDcb.s:107947  .debug_str:0000000000032b4d .LASF849
     /tmp/ccvncDcb.s:105879  .debug_str:000000000002a8c5 .LASF850
     /tmp/ccvncDcb.s:114681  .debug_str:000000000004e363 .LASF851
     /tmp/ccvncDcb.s:110439  .debug_str:000000000003ca7a .LASF852
     /tmp/ccvncDcb.s:103763  .debug_str:00000000000224a1 .LASF853
     /tmp/ccvncDcb.s:113785  .debug_str:000000000004a921 .LASF854
     /tmp/ccvncDcb.s:109533  .debug_str:000000000003940d .LASF855
     /tmp/ccvncDcb.s:102747  .debug_str:000000000001dd84 .LASF856
     /tmp/ccvncDcb.s:109597  .debug_str:00000000000398a3 .LASF857
     /tmp/ccvncDcb.s:108691  .debug_str:0000000000035ae6 .LASF858
     /tmp/ccvncDcb.s:101853  .debug_str:000000000001a3cf .LASF859
     /tmp/ccvncDcb.s:114939  .debug_str:000000000004f441 .LASF860
     /tmp/ccvncDcb.s:98911  .debug_str:000000000000f197 .LASF861
     /tmp/ccvncDcb.s:110309  .debug_str:000000000003c44d .LASF862
     /tmp/ccvncDcb.s:96949  .debug_str:0000000000006e68 .LASF863
     /tmp/ccvncDcb.s:99815  .debug_str:0000000000012402 .LASF864
     /tmp/ccvncDcb.s:102827  .debug_str:000000000001e352 .LASF865
     /tmp/ccvncDcb.s:110577  .debug_str:000000000003d30a .LASF866
     /tmp/ccvncDcb.s:116211  .debug_str:0000000000054b40 .LASF867
     /tmp/ccvncDcb.s:114231  .debug_str:000000000004c548 .LASF868
     /tmp/ccvncDcb.s:108057  .debug_str:00000000000331be .LASF869
     /tmp/ccvncDcb.s:99991  .debug_str:0000000000012ecf .LASF870
     /tmp/ccvncDcb.s:109321  .debug_str:0000000000038507 .LASF871
     /tmp/ccvncDcb.s:96789  .debug_str:00000000000063df .LASF872
     /tmp/ccvncDcb.s:112179  .debug_str:0000000000043c54 .LASF873
     /tmp/ccvncDcb.s:104047  .debug_str:0000000000023733 .LASF874
     /tmp/ccvncDcb.s:113253  .debug_str:0000000000048715 .LASF875
     /tmp/ccvncDcb.s:103563  .debug_str:0000000000021641 .LASF876
     /tmp/ccvncDcb.s:104429  .debug_str:0000000000024fe6 .LASF877
     /tmp/ccvncDcb.s:113235  .debug_str:00000000000485d8 .LASF878
     /tmp/ccvncDcb.s:114717  .debug_str:000000000004e5ab .LASF879
     /tmp/ccvncDcb.s:105861  .debug_str:000000000002a793 .LASF880
     /tmp/ccvncDcb.s:103757  .debug_str:000000000002240f .LASF881
     /tmp/ccvncDcb.s:108175  .debug_str:0000000000033952 .LASF882
     /tmp/ccvncDcb.s:107041  .debug_str:000000000002f25f .LASF883
     /tmp/ccvncDcb.s:102693  .debug_str:000000000001d9f0 .LASF884
     /tmp/ccvncDcb.s:115729  .debug_str:0000000000052b40 .LASF885
     /tmp/ccvncDcb.s:99283  .debug_str:00000000000105a9 .LASF886
     /tmp/ccvncDcb.s:114053  .debug_str:000000000004b9b6 .LASF887
     /tmp/ccvncDcb.s:106263  .debug_str:000000000002c210 .LASF888
     /tmp/ccvncDcb.s:96861  .debug_str:00000000000068c6 .LASF889
     /tmp/ccvncDcb.s:114051  .debug_str:000000000004b98e .LASF890
     /tmp/ccvncDcb.s:101659  .debug_str:00000000000198f2 .LASF891
     /tmp/ccvncDcb.s:104417  .debug_str:0000000000024f15 .LASF892
     /tmp/ccvncDcb.s:114277  .debug_str:000000000004c8eb .LASF893
     /tmp/ccvncDcb.s:95905  .debug_str:0000000000002ab8 .LASF894
     /tmp/ccvncDcb.s:108303  .debug_str:00000000000340a4 .LASF895
     /tmp/ccvncDcb.s:98263  .debug_str:000000000000c8fe .LASF896
     /tmp/ccvncDcb.s:112287  .debug_str:00000000000442d4 .LASF897
     /tmp/ccvncDcb.s:96515  .debug_str:00000000000052f6 .LASF898
     /tmp/ccvncDcb.s:97149  .debug_str:0000000000007cc2 .LASF899
     /tmp/ccvncDcb.s:114619  .debug_str:000000000004df19 .LASF900
     /tmp/ccvncDcb.s:110063  .debug_str:000000000003b575 .LASF901
     /tmp/ccvncDcb.s:113787  .debug_str:000000000004a929 .LASF902
     /tmp/ccvncDcb.s:98903  .debug_str:000000000000f137 .LASF903
     /tmp/ccvncDcb.s:100057  .debug_str:0000000000013385 .LASF904
     /tmp/ccvncDcb.s:114689  .debug_str:000000000004e3c9 .LASF905
     /tmp/ccvncDcb.s:95647  .debug_str:00000000000017cb .LASF906
     /tmp/ccvncDcb.s:104525  .debug_str:00000000000256e8 .LASF907
     /tmp/ccvncDcb.s:95749  .debug_str:0000000000002086 .LASF908
     /tmp/ccvncDcb.s:114069  .debug_str:000000000004ba8b .LASF909
     /tmp/ccvncDcb.s:107429  .debug_str:0000000000030abd .LASF910
     /tmp/ccvncDcb.s:107187  .debug_str:000000000002fb96 .LASF911
     /tmp/ccvncDcb.s:108703  .debug_str:0000000000035b6a .LASF912
     /tmp/ccvncDcb.s:115145  .debug_str:00000000000502a5 .LASF913
     /tmp/ccvncDcb.s:108943  .debug_str:0000000000036b38 .LASF914
     /tmp/ccvncDcb.s:111299  .debug_str:0000000000040301 .LASF915
     /tmp/ccvncDcb.s:113941  .debug_str:000000000004b207 .LASF916
     /tmp/ccvncDcb.s:96505  .debug_str:000000000000527e .LASF917
     /tmp/ccvncDcb.s:96929  .debug_str:0000000000006cea .LASF918
     /tmp/ccvncDcb.s:107623  .debug_str:00000000000315ff .LASF919
     /tmp/ccvncDcb.s:113497  .debug_str:00000000000496b0 .LASF920
     /tmp/ccvncDcb.s:106749  .debug_str:000000000002e17c .LASF921
     /tmp/ccvncDcb.s:114093  .debug_str:000000000004bc39 .LASF922
     /tmp/ccvncDcb.s:107241  .debug_str:000000000002fea2 .LASF923
     /tmp/ccvncDcb.s:105895  .debug_str:000000000002a9dc .LASF924
     /tmp/ccvncDcb.s:104113  .debug_str:0000000000023c79 .LASF925
     /tmp/ccvncDcb.s:109515  .debug_str:00000000000392e6 .LASF926
     /tmp/ccvncDcb.s:115805  .debug_str:00000000000530b8 .LASF927
     /tmp/ccvncDcb.s:115609  .debug_str:0000000000052143 .LASF928
     /tmp/ccvncDcb.s:112243  .debug_str:0000000000044034 .LASF929
     /tmp/ccvncDcb.s:109821  .debug_str:000000000003a723 .LASF930
     /tmp/ccvncDcb.s:101127  .debug_str:0000000000017573 .LASF931
     /tmp/ccvncDcb.s:109711  .debug_str:0000000000039fcf .LASF932
     /tmp/ccvncDcb.s:99331  .debug_str:00000000000107e6 .LASF933
     /tmp/ccvncDcb.s:113985  .debug_str:000000000004b57d .LASF934
     /tmp/ccvncDcb.s:99467  .debug_str:00000000000110df .LASF935
     /tmp/ccvncDcb.s:100529  .debug_str:00000000000150f7 .LASF936
     /tmp/ccvncDcb.s:97035  .debug_str:000000000000758d .LASF938
     /tmp/ccvncDcb.s:105233  .debug_str:00000000000280e2 .LASF939
     /tmp/ccvncDcb.s:102951  .debug_str:000000000001eaf1 .LASF940
     /tmp/ccvncDcb.s:103403  .debug_str:0000000000020a57 .LASF941
     /tmp/ccvncDcb.s:110665  .debug_str:000000000003d795 .LASF942
     /tmp/ccvncDcb.s:104771  .debug_str:00000000000266ad .LASF943
     /tmp/ccvncDcb.s:109593  .debug_str:0000000000039821 .LASF944
     /tmp/ccvncDcb.s:114929  .debug_str:000000000004f2b2 .LASF945
     /tmp/ccvncDcb.s:99461  .debug_str:000000000001106f .LASF946
     /tmp/ccvncDcb.s:104793  .debug_str:0000000000026881 .LASF947
     /tmp/ccvncDcb.s:109975  .debug_str:000000000003afd0 .LASF948
     /tmp/ccvncDcb.s:115177  .debug_str:0000000000050488 .LASF949
     /tmp/ccvncDcb.s:99351  .debug_str:000000000001096c .LASF950
     /tmp/ccvncDcb.s:102781  .debug_str:000000000001dfbf .LASF951
     /tmp/ccvncDcb.s:99671  .debug_str:0000000000011ae4 .LASF952
     /tmp/ccvncDcb.s:113571  .debug_str:0000000000049acc .LASF953
     /tmp/ccvncDcb.s:97235  .debug_str:00000000000082c0 .LASF954
     /tmp/ccvncDcb.s:110527  .debug_str:000000000003cf23 .LASF955
     /tmp/ccvncDcb.s:96411  .debug_str:0000000000004c3f .LASF956
     /tmp/ccvncDcb.s:98261  .debug_str:000000000000c8bc .LASF957
     /tmp/ccvncDcb.s:108751  .debug_str:0000000000035e82 .LASF958
     /tmp/ccvncDcb.s:97853  .debug_str:000000000000ab4c .LASF959
     /tmp/ccvncDcb.s:102765  .debug_str:000000000001de9c .LASF960
     /tmp/ccvncDcb.s:115047  .debug_str:000000000004fba7 .LASF961
     /tmp/ccvncDcb.s:104349  .debug_str:0000000000024a75 .LASF962
     /tmp/ccvncDcb.s:102971  .debug_str:000000000001ec34 .LASF963
     /tmp/ccvncDcb.s:104127  .debug_str:0000000000023d0a .LASF964
     /tmp/ccvncDcb.s:108563  .debug_str:0000000000035218 .LASF965
     /tmp/ccvncDcb.s:112503  .debug_str:0000000000045227 .LASF966
     /tmp/ccvncDcb.s:98141  .debug_str:000000000000bfb2 .LASF967
     /tmp/ccvncDcb.s:108619  .debug_str:00000000000355a5 .LASF968
     /tmp/ccvncDcb.s:95341  .debug_str:000000000000037e .LASF969
     /tmp/ccvncDcb.s:108375  .debug_str:0000000000034591 .LASF970
     /tmp/ccvncDcb.s:114915  .debug_str:000000000004f1dc .LASF971
     /tmp/ccvncDcb.s:104223  .debug_str:00000000000242ef .LASF972
     /tmp/ccvncDcb.s:114699  .debug_str:000000000004e48f .LASF973
     /tmp/ccvncDcb.s:104003  .debug_str:0000000000023437 .LASF974
     /tmp/ccvncDcb.s:98221  .debug_str:000000000000c542 .LASF975
     /tmp/ccvncDcb.s:108715  .debug_str:0000000000035c46 .LASF976
     /tmp/ccvncDcb.s:98001  .debug_str:000000000000b55d .LASF977
     /tmp/ccvncDcb.s:108479  .debug_str:0000000000034c07 .LASF978
     /tmp/ccvncDcb.s:97585  .debug_str:00000000000099c3 .LASF979
     /tmp/ccvncDcb.s:106007  .debug_str:000000000002b1a9 .LASF980
     /tmp/ccvncDcb.s:114793  .debug_str:000000000004ea7f .LASF981
     /tmp/ccvncDcb.s:97099  .debug_str:00000000000079dc .LASF982
     /tmp/ccvncDcb.s:114571  .debug_str:000000000004dbb8 .LASF983
     /tmp/ccvncDcb.s:103871  .debug_str:0000000000022b76 .LASF984
     /tmp/ccvncDcb.s:98099  .debug_str:000000000000bc9e .LASF985
     /tmp/ccvncDcb.s:108585  .debug_str:00000000000353b0 .LASF986
     /tmp/ccvncDcb.s:97869  .debug_str:000000000000ac9b .LASF987
     /tmp/ccvncDcb.s:108339  .debug_str:0000000000034306 .LASF988
     /tmp/ccvncDcb.s:104965  .debug_str:00000000000271a9 .LASF989
     /tmp/ccvncDcb.s:98487  .debug_str:000000000000d7c4 .LASF990
     /tmp/ccvncDcb.s:113257  .debug_str:0000000000048736 .LASF991
     /tmp/ccvncDcb.s:113093  .debug_str:0000000000047d13 .LASF992
     /tmp/ccvncDcb.s:105983  .debug_str:000000000002b042 .LASF993
     /tmp/ccvncDcb.s:109137  .debug_str:000000000003773e .LASF994
     /tmp/ccvncDcb.s:108817  .debug_str:00000000000362f0 .LASF995
     /tmp/ccvncDcb.s:108515  .debug_str:0000000000034e4d .LASF996
     /tmp/ccvncDcb.s:101013  .debug_str:0000000000016e5e .LASF997
     /tmp/ccvncDcb.s:116221  .debug_str:0000000000054be7 .LASF998
     /tmp/ccvncDcb.s:109199  .debug_str:0000000000037c82 .LASF999
     /tmp/ccvncDcb.s:113721  .debug_str:000000000004a4bb .LASF1000
     /tmp/ccvncDcb.s:113385  .debug_str:0000000000048f61 .LASF1001
     /tmp/ccvncDcb.s:113085  .debug_str:0000000000047c79 .LASF1002
     /tmp/ccvncDcb.s:95715  .debug_str:0000000000001dab .LASF1003
     /tmp/ccvncDcb.s:112483  .debug_str:00000000000450d9 .LASF1004
     /tmp/ccvncDcb.s:105581  .debug_str:000000000002955d .LASF1005
     /tmp/ccvncDcb.s:109801  .debug_str:000000000003a593 .LASF1006
     /tmp/ccvncDcb.s:103551  .debug_str:0000000000021561 .LASF1007
     /tmp/ccvncDcb.s:103213  .debug_str:000000000001fd7c .LASF1008
     /tmp/ccvncDcb.s:101149  .debug_str:0000000000017699 .LASF1009
     /tmp/ccvncDcb.s:115639  .debug_str:0000000000052364 .LASF1010
     /tmp/ccvncDcb.s:108789  .debug_str:0000000000036103 .LASF1011
     /tmp/ccvncDcb.s:103751  .debug_str:0000000000022384 .LASF1012
     /tmp/ccvncDcb.s:108021  .debug_str:0000000000032f14 .LASF1013
     /tmp/ccvncDcb.s:107733  .debug_str:0000000000031d3c .LASF1014
     /tmp/ccvncDcb.s:95853  .debug_str:00000000000026f6 .LASF1015
     /tmp/ccvncDcb.s:101043  .debug_str:0000000000017094 .LASF1016
     /tmp/ccvncDcb.s:100473  .debug_str:0000000000014da0 .LASF1017
     /tmp/ccvncDcb.s:97727  .debug_str:000000000000a2ac .LASF1018
     /tmp/ccvncDcb.s:99905  .debug_str:0000000000012924 .LASF1019
     /tmp/ccvncDcb.s:115629  .debug_str:000000000005227c .LASF1020
     /tmp/ccvncDcb.s:109923  .debug_str:000000000003ad46 .LASF1021
     /tmp/ccvncDcb.s:96321  .debug_str:0000000000004669 .LASF1022
     /tmp/ccvncDcb.s:95551  .debug_str:0000000000001162 .LASF1023
     /tmp/ccvncDcb.s:107485  .debug_str:0000000000030d9a .LASF1024
     /tmp/ccvncDcb.s:109649  .debug_str:0000000000039b9d .LASF1025
     /tmp/ccvncDcb.s:115653  .debug_str:000000000005245b .LASF1026
     /tmp/ccvncDcb.s:115417  .debug_str:00000000000514ad .LASF1027
     /tmp/ccvncDcb.s:116227  .debug_str:0000000000054c65 .LASF1028
     /tmp/ccvncDcb.s:101023  .debug_str:0000000000016f5d .LASF1029
     /tmp/ccvncDcb.s:106987  .debug_str:000000000002ef6c .LASF1030
     /tmp/ccvncDcb.s:112791  .debug_str:000000000004692a .LASF1031
     /tmp/ccvncDcb.s:99731  .debug_str:0000000000011ec4 .LASF1032
     /tmp/ccvncDcb.s:96257  .debug_str:0000000000004187 .LASF1033
     /tmp/ccvncDcb.s:111543  .debug_str:00000000000412e3 .LASF1034
     /tmp/ccvncDcb.s:108125  .debug_str:0000000000033637 .LASF1035
     /tmp/ccvncDcb.s:113955  .debug_str:000000000004b2f5 .LASF1036
     /tmp/ccvncDcb.s:108081  .debug_str:000000000003338f .LASF1037
     /tmp/ccvncDcb.s:114205  .debug_str:000000000004c387 .LASF1038
     /tmp/ccvncDcb.s:103475  .debug_str:0000000000020ffc .LASF1039
     /tmp/ccvncDcb.s:113825  .debug_str:000000000004ab53 .LASF1040
     /tmp/ccvncDcb.s:103223  .debug_str:000000000001fe32 .LASF1041
     /tmp/ccvncDcb.s:109909  .debug_str:000000000003ac4d .LASF1042
     /tmp/ccvncDcb.s:99015  .debug_str:000000000000f6f2 .LASF1043
     /tmp/ccvncDcb.s:109671  .debug_str:0000000000039d28 .LASF1044
     /tmp/ccvncDcb.s:95747  .debug_str:0000000000002044 .LASF1045
     /tmp/ccvncDcb.s:109281  .debug_str:00000000000381bf .LASF1046
     /tmp/ccvncDcb.s:112415  .debug_str:0000000000044b13 .LASF1047
     /tmp/ccvncDcb.s:112401  .debug_str:00000000000449eb .LASF1048
     /tmp/ccvncDcb.s:102899  .debug_str:000000000001e7ab .LASF1049
     /tmp/ccvncDcb.s:113697  .debug_str:000000000004a348 .LASF1050
     /tmp/ccvncDcb.s:103099  .debug_str:000000000001f59b .LASF1051
     /tmp/ccvncDcb.s:109767  .debug_str:000000000003a2e8 .LASF1052
     /tmp/ccvncDcb.s:98859  .debug_str:000000000000ee9d .LASF1053
     /tmp/ccvncDcb.s:109537  .debug_str:000000000003942f .LASF1054
     /tmp/ccvncDcb.s:95989  .debug_str:0000000000003012 .LASF1055
     /tmp/ccvncDcb.s:109145  .debug_str:00000000000377e8 .LASF1056
     /tmp/ccvncDcb.s:98225  .debug_str:000000000000c5b1 .LASF1057
     /tmp/ccvncDcb.s:113953  .debug_str:000000000004b2b3 .LASF1058
     /tmp/ccvncDcb.s:103185  .debug_str:000000000001fbc1 .LASF1059
     /tmp/ccvncDcb.s:106421  .debug_str:000000000002ccf0 .LASF1060
     /tmp/ccvncDcb.s:97135  .debug_str:0000000000007be8 .LASF1061
     /tmp/ccvncDcb.s:108181  .debug_str:00000000000339c1 .LASF1062
     /tmp/ccvncDcb.s:102895  .debug_str:000000000001e78a .LASF1063
     /tmp/ccvncDcb.s:104051  .debug_str:0000000000023759 .LASF1064
     /tmp/ccvncDcb.s:109553  .debug_str:0000000000039585 .LASF1065
     /tmp/ccvncDcb.s:97635  .debug_str:0000000000009d08 .LASF1066
     /tmp/ccvncDcb.s:101211  .debug_str:0000000000017a3b .LASF1067
     /tmp/ccvncDcb.s:116097  .debug_str:0000000000054319 .LASF1068
     /tmp/ccvncDcb.s:104161  .debug_str:0000000000023ebd .LASF1069
     /tmp/ccvncDcb.s:102075  .debug_str:000000000001b36c .LASF1070
     /tmp/ccvncDcb.s:115439  .debug_str:000000000005165f .LASF1071
     /tmp/ccvncDcb.s:107791  .debug_str:00000000000321ba .LASF1072
     /tmp/ccvncDcb.s:107049  .debug_str:000000000002f2f8 .LASF1073
     /tmp/ccvncDcb.s:104815  .debug_str:00000000000269fa .LASF1074
     /tmp/ccvncDcb.s:96389  .debug_str:0000000000004ad4 .LASF1075
     /tmp/ccvncDcb.s:107621  .debug_str:00000000000315e6 .LASF1076
     /tmp/ccvncDcb.s:106831  .debug_str:000000000002e5fa .LASF1077
     /tmp/ccvncDcb.s:113001  .debug_str:00000000000476aa .LASF1078
     /tmp/ccvncDcb.s:99923  .debug_str:0000000000012a2c .LASF1079
     /tmp/ccvncDcb.s:111749  .debug_str:0000000000042199 .LASF1080
     /tmp/ccvncDcb.s:102143  .debug_str:000000000001b7eb .LASF1081
     /tmp/ccvncDcb.s:113749  .debug_str:000000000004a6a6 .LASF1082
     /tmp/ccvncDcb.s:104177  .debug_str:0000000000023f84 .LASF1083
     /tmp/ccvncDcb.s:100267  .debug_str:0000000000014059 .LASF1084
     /tmp/ccvncDcb.s:115807  .debug_str:00000000000530ce .LASF1085
     /tmp/ccvncDcb.s:102413  .debug_str:000000000001c967 .LASF1086
     /tmp/ccvncDcb.s:113973  .debug_str:000000000004b48e .LASF1087
     /tmp/ccvncDcb.s:104411  .debug_str:0000000000024ed0 .LASF1088
     /tmp/ccvncDcb.s:115917  .debug_str:000000000005381b .LASF1089
     /tmp/ccvncDcb.s:106519  .debug_str:000000000002d26c .LASF1090
     /tmp/ccvncDcb.s:97047  .debug_str:000000000000765a .LASF1091
     /tmp/ccvncDcb.s:108679  .debug_str:0000000000035a3d .LASF1092
     /tmp/ccvncDcb.s:98955  .debug_str:000000000000f429 .LASF1093
     /tmp/ccvncDcb.s:116229  .debug_str:0000000000054ca5 .LASF1094
     /tmp/ccvncDcb.s:113469  .debug_str:00000000000494fe .LASF1095
     /tmp/ccvncDcb.s:97107  .debug_str:0000000000007a6e .LASF1096
     /tmp/ccvncDcb.s:108739  .debug_str:0000000000035dd8 .LASF1097
     /tmp/ccvncDcb.s:99233  .debug_str:00000000000101bc .LASF1098
     /tmp/ccvncDcb.s:110941  .debug_str:000000000003eacc .LASF1099
     /tmp/ccvncDcb.s:111539  .debug_str:00000000000412b1 .LASF1100
     /tmp/ccvncDcb.s:112867  .debug_str:0000000000046ed7 .LASF1101
     /tmp/ccvncDcb.s:103321  .debug_str:0000000000020598 .LASF1102
     /tmp/ccvncDcb.s:114997  .debug_str:000000000004f7de .LASF1103
     /tmp/ccvncDcb.s:98199  .debug_str:000000000000c3fa .LASF1104
     /tmp/ccvncDcb.s:101549  .debug_str:00000000000191bf .LASF1105
     /tmp/ccvncDcb.s:113157  .debug_str:0000000000048148 .LASF1106
     /tmp/ccvncDcb.s:114181  .debug_str:000000000004c1c5 .LASF1107
     /tmp/ccvncDcb.s:99377  .debug_str:0000000000010bdc .LASF1108
     /tmp/ccvncDcb.s:112553  .debug_str:00000000000456b9 .LASF1109
     /tmp/ccvncDcb.s:104621  .debug_str:0000000000025ccd .LASF1110
     /tmp/ccvncDcb.s:96613  .debug_str:00000000000058e7 .LASF1111
     /tmp/ccvncDcb.s:109855  .debug_str:000000000003a8fb .LASF1112
     /tmp/ccvncDcb.s:108887  .debug_str:00000000000367b3 .LASF1113
     /tmp/ccvncDcb.s:97389  .debug_str:0000000000008ca5 .LASF1114
     /tmp/ccvncDcb.s:100591  .debug_str:00000000000154a0 .LASF1115
     /tmp/ccvncDcb.s:113777  .debug_str:000000000004a8ac .LASF1116
     /tmp/ccvncDcb.s:105637  .debug_str:000000000002983a .LASF1117
     /tmp/ccvncDcb.s:100689  .debug_str:0000000000015a56 .LASF1118
     /tmp/ccvncDcb.s:99465  .debug_str:00000000000110cb .LASF1119
     /tmp/ccvncDcb.s:109311  .debug_str:0000000000038453 .LASF1120
     /tmp/ccvncDcb.s:115163  .debug_str:00000000000503cc .LASF1121
     /tmp/ccvncDcb.s:101469  .debug_str:0000000000018c19 .LASF1122
     /tmp/ccvncDcb.s:101793  .debug_str:000000000001a07e .LASF1123
     /tmp/ccvncDcb.s:115829  .debug_str:0000000000053230 .LASF1124
     /tmp/ccvncDcb.s:106337  .debug_str:000000000002c6f9 .LASF1125
     /tmp/ccvncDcb.s:96599  .debug_str:00000000000057eb .LASF1126
     /tmp/ccvncDcb.s:108393  .debug_str:0000000000034698 .LASF1127
     /tmp/ccvncDcb.s:98849  .debug_str:000000000000edf9 .LASF1128
     /tmp/ccvncDcb.s:110579  .debug_str:000000000003d315 .LASF1129
     /tmp/ccvncDcb.s:100919  .debug_str:00000000000167ba .LASF1130
     /tmp/ccvncDcb.s:112463  .debug_str:0000000000044f72 .LASF1131
     /tmp/ccvncDcb.s:102933  .debug_str:000000000001e9bc .LASF1132
     /tmp/ccvncDcb.s:105913  .debug_str:000000000002ab06 .LASF1133
     /tmp/ccvncDcb.s:96281  .debug_str:0000000000004388 .LASF1134
     /tmp/ccvncDcb.s:107933  .debug_str:0000000000032a6c .LASF1135
     /tmp/ccvncDcb.s:98207  .debug_str:000000000000c48d .LASF1136
     /tmp/ccvncDcb.s:115423  .debug_str:000000000005152c .LASF1137
     /tmp/ccvncDcb.s:104393  .debug_str:0000000000024da2 .LASF1138
     /tmp/ccvncDcb.s:99757  .debug_str:000000000001202c .LASF1139
     /tmp/ccvncDcb.s:102495  .debug_str:000000000001cdba .LASF1140
     /tmp/ccvncDcb.s:98391  .debug_str:000000000000d0e1 .LASF1141
     /tmp/ccvncDcb.s:104481  .debug_str:0000000000025352 .LASF1142
     /tmp/ccvncDcb.s:100579  .debug_str:0000000000015417 .LASF1143
     /tmp/ccvncDcb.s:112123  .debug_str:00000000000438c4 .LASF1144
     /tmp/ccvncDcb.s:102767  .debug_str:000000000001dede .LASF1145
     /tmp/ccvncDcb.s:114287  .debug_str:000000000004c972 .LASF1146
     /tmp/ccvncDcb.s:104781  .debug_str:00000000000267a3 .LASF1147
     /tmp/ccvncDcb.s:101271  .debug_str:0000000000017ed9 .LASF1148
     /tmp/ccvncDcb.s:106841  .debug_str:000000000002e6c4 .LASF1149
     /tmp/ccvncDcb.s:97343  .debug_str:0000000000008980 .LASF1150
     /tmp/ccvncDcb.s:96107  .debug_str:00000000000037ab .LASF1151
     /tmp/ccvncDcb.s:99309  .debug_str:000000000001065e .LASF1152
     /tmp/ccvncDcb.s:95503  .debug_str:0000000000000e1c .LASF1153
     /tmp/ccvncDcb.s:107091  .debug_str:000000000002f613 .LASF1154
     /tmp/ccvncDcb.s:100589  .debug_str:0000000000015475 .LASF1155
     /tmp/ccvncDcb.s:96071  .debug_str:000000000000359a .LASF1156
     /tmp/ccvncDcb.s:109067  .debug_str:00000000000372f1 .LASF1157
     /tmp/ccvncDcb.s:102135  .debug_str:000000000001b746 .LASF1158
     /tmp/ccvncDcb.s:108951  .debug_str:0000000000036ba5 .LASF1159
     /tmp/ccvncDcb.s:105003  .debug_str:000000000002743e .LASF1160
     /tmp/ccvncDcb.s:110755  .debug_str:000000000003dd9a .LASF1161
     /tmp/ccvncDcb.s:102787  .debug_str:000000000001e050 .LASF1162
     /tmp/ccvncDcb.s:111901  .debug_str:0000000000042ba7 .LASF1163
     /tmp/ccvncDcb.s:103821  .debug_str:00000000000228a3 .LASF1164
     /tmp/ccvncDcb.s:111505  .debug_str:000000000004105b .LASF1165
     /tmp/ccvncDcb.s:99873  .debug_str:00000000000126ec .LASF1166
     /tmp/ccvncDcb.s:114737  .debug_str:000000000004e774 .LASF1167
     /tmp/ccvncDcb.s:113371  .debug_str:0000000000048e6e .LASF1168
     /tmp/ccvncDcb.s:102221  .debug_str:000000000001bcec .LASF1169
     /tmp/ccvncDcb.s:101975  .debug_str:000000000001ac57 .LASF1170
     /tmp/ccvncDcb.s:101521  .debug_str:0000000000018fa0 .LASF1171
     /tmp/ccvncDcb.s:101275  .debug_str:0000000000017eff .LASF1172
     /tmp/ccvncDcb.s:100859  .debug_str:00000000000163ac .LASF1173
     /tmp/ccvncDcb.s:100597  .debug_str:00000000000154db .LASF1174
     /tmp/ccvncDcb.s:100159  .debug_str:00000000000139bc .LASF1175
     /tmp/ccvncDcb.s:99897  .debug_str:000000000001282e .LASF1176
     /tmp/ccvncDcb.s:99417  .debug_str:0000000000010de5 .LASF1177
     /tmp/ccvncDcb.s:99705  .debug_str:0000000000011cca .LASF1178
     /tmp/ccvncDcb.s:97751  .debug_str:000000000000a4a0 .LASF1179
     /tmp/ccvncDcb.s:95899  .debug_str:0000000000002a27 .LASF1180
     /tmp/ccvncDcb.s:115037  .debug_str:000000000004fa67 .LASF1181
     /tmp/ccvncDcb.s:98183  .debug_str:000000000000c2a2 .LASF1182
     /tmp/ccvncDcb.s:103485  .debug_str:0000000000021090 .LASF1183
     /tmp/ccvncDcb.s:108923  .debug_str:0000000000036a06 .LASF1184
     /tmp/ccvncDcb.s:114235  .debug_str:000000000004c57b .LASF1185
     /tmp/ccvncDcb.s:98249  .debug_str:000000000000c794 .LASF1186
     /tmp/ccvncDcb.s:103759  .debug_str:0000000000022429 .LASF1187
     /tmp/ccvncDcb.s:98229  .debug_str:000000000000c61a .LASF1188
     /tmp/ccvncDcb.s:110065  .debug_str:000000000003b59b .LASF1189
     /tmp/ccvncDcb.s:102857  .debug_str:000000000001e4ae .LASF1190
     /tmp/ccvncDcb.s:111435  .debug_str:0000000000040b8b .LASF1191
     /tmp/ccvncDcb.s:103781  .debug_str:000000000002265a .LASF1192
     /tmp/ccvncDcb.s:115487  .debug_str:000000000005195c .LASF1193
     /tmp/ccvncDcb.s:106035  .debug_str:000000000002b38c .LASF1194
     /tmp/ccvncDcb.s:96645  .debug_str:0000000000005ac3 .LASF1195
     /tmp/ccvncDcb.s:108323  .debug_str:00000000000341b8 .LASF1196
     /tmp/ccvncDcb.s:98833  .debug_str:000000000000ecc5 .LASF1197
     /tmp/ccvncDcb.s:103537  .debug_str:0000000000021481 .LASF1198
     /tmp/ccvncDcb.s:115253  .debug_str:000000000005094b .LASF1199
     /tmp/ccvncDcb.s:114441  .debug_str:000000000004d303 .LASF1200
     /tmp/ccvncDcb.s:104987  .debug_str:0000000000027313 .LASF1201
     /tmp/ccvncDcb.s:111231  .debug_str:000000000003fe55 .LASF1202
     /tmp/ccvncDcb.s:108777  .debug_str:0000000000036031 .LASF1203
     /tmp/ccvncDcb.s:106539  .debug_str:000000000002d37b .LASF1204
     /tmp/ccvncDcb.s:104065  .debug_str:0000000000023884 .LASF1205
     /tmp/ccvncDcb.s:100191  .debug_str:0000000000013b28 .LASF1206
     /tmp/ccvncDcb.s:106557  .debug_str:000000000002d49b .LASF1207
     /tmp/ccvncDcb.s:99415  .debug_str:0000000000010da3 .LASF1208
     /tmp/ccvncDcb.s:99131  .debug_str:000000000000fc00 .LASF1209
     /tmp/ccvncDcb.s:100977  .debug_str:0000000000016b6a .LASF1210
     /tmp/ccvncDcb.s:101259  .debug_str:0000000000017dbe .LASF1211
     /tmp/ccvncDcb.s:97501  .debug_str:0000000000009444 .LASF1212
     /tmp/ccvncDcb.s:106863  .debug_str:000000000002e82a .LASF1213
     /tmp/ccvncDcb.s:103615  .debug_str:0000000000021941 .LASF1214
     /tmp/ccvncDcb.s:103053  .debug_str:000000000001f205 .LASF1215
     /tmp/ccvncDcb.s:112477  .debug_str:0000000000045052 .LASF1216
     /tmp/ccvncDcb.s:112011  .debug_str:0000000000043215 .LASF1217
     /tmp/ccvncDcb.s:96081  .debug_str:0000000000003649 .LASF1218
     /tmp/ccvncDcb.s:107177  .debug_str:000000000002fac1 .LASF1219
     /tmp/ccvncDcb.s:116257  .debug_str:0000000000054e51 .LASF1220
     /tmp/ccvncDcb.s:116007  .debug_str:0000000000053e26 .LASF1221
     /tmp/ccvncDcb.s:106091  .debug_str:000000000002b7e8 .LASF1222
     /tmp/ccvncDcb.s:103425  .debug_str:0000000000020bd2 .LASF1223
     /tmp/ccvncDcb.s:102081  .debug_str:000000000001b3b8 .LASF1224
     /tmp/ccvncDcb.s:108561  .debug_str:00000000000351e6 .LASF1225
     /tmp/ccvncDcb.s:105933  .debug_str:000000000002ac5b .LASF1226
     /tmp/ccvncDcb.s:111285  .debug_str:00000000000401d4 .LASF1227
     /tmp/ccvncDcb.s:109663  .debug_str:0000000000039cb9 .LASF1228
     /tmp/ccvncDcb.s:106979  .debug_str:000000000002eece .LASF1229
     /tmp/ccvncDcb.s:111531  .debug_str:000000000004124a .LASF1230
     /tmp/ccvncDcb.s:108819  .debug_str:0000000000036337 .LASF1231
     /tmp/ccvncDcb.s:98747  .debug_str:000000000000e8b2 .LASF1232
     /tmp/ccvncDcb.s:113215  .debug_str:00000000000484b0 .LASF1233
     /tmp/ccvncDcb.s:105903  .debug_str:000000000002aa77 .LASF1234
     /tmp/ccvncDcb.s:95547  .debug_str:0000000000001107 .LASF1235
     /tmp/ccvncDcb.s:95301  .debug_str:00000000000000c8 .LASF1236
     /tmp/ccvncDcb.s:109827  .debug_str:000000000003a75c .LASF1237
     /tmp/ccvncDcb.s:112785  .debug_str:00000000000468c8 .LASF1238
     /tmp/ccvncDcb.s:97007  .debug_str:00000000000072ad .LASF1239
     /tmp/ccvncDcb.s:99139  .debug_str:000000000000fc80 .LASF1240
     /tmp/ccvncDcb.s:104717  .debug_str:0000000000026335 .LASF1241
     /tmp/ccvncDcb.s:105759  .debug_str:000000000002a177 .LASF1242
     /tmp/ccvncDcb.s:112715  .debug_str:0000000000046408 .LASF1243
     /tmp/ccvncDcb.s:106189  .debug_str:000000000002bd2f .LASF1244
     /tmp/ccvncDcb.s:104915  .debug_str:0000000000026f3e .LASF1245
     /tmp/ccvncDcb.s:103713  .debug_str:00000000000220c1 .LASF1246
     /tmp/ccvncDcb.s:96125  .debug_str:000000000000387e .LASF1247
     /tmp/ccvncDcb.s:111203  .debug_str:000000000003fc51 .LASF1248
     /tmp/ccvncDcb.s:102065  .debug_str:000000000001b2e4 .LASF1249
     /tmp/ccvncDcb.s:112965  .debug_str:000000000004740b .LASF1250
     /tmp/ccvncDcb.s:115241  .debug_str:00000000000508b8 .LASF1251
     /tmp/ccvncDcb.s:104353  .debug_str:0000000000024adf .LASF1252
     /tmp/ccvncDcb.s:104271  .debug_str:000000000002453b .LASF1253
     /tmp/ccvncDcb.s:110091  .debug_str:000000000003b740 .LASF1254
     /tmp/ccvncDcb.s:107489  .debug_str:0000000000030dfc .LASF1255
     /tmp/ccvncDcb.s:114573  .debug_str:000000000004dbfa .LASF1256
     /tmp/ccvncDcb.s:100461  .debug_str:0000000000014cd8 .LASF1257
     /tmp/ccvncDcb.s:107739  .debug_str:0000000000031dca .LASF1258
     /tmp/ccvncDcb.s:105295  .debug_str:00000000000283b5 .LASF1259
     /tmp/ccvncDcb.s:103741  .debug_str:0000000000022291 .LASF1260
     /tmp/ccvncDcb.s:102481  .debug_str:000000000001ccd6 .LASF1261
     /tmp/ccvncDcb.s:96499  .debug_str:00000000000051f8 .LASF1262
     /tmp/ccvncDcb.s:103755  .debug_str:00000000000223d9 .LASF1263
     /tmp/ccvncDcb.s:97365  .debug_str:0000000000008b02 .LASF1264
     /tmp/ccvncDcb.s:116107  .debug_str:00000000000543af .LASF1265
     /tmp/ccvncDcb.s:102145  .debug_str:000000000001b804 .LASF1266
     /tmp/ccvncDcb.s:110607  .debug_str:000000000003d415 .LASF1267
     /tmp/ccvncDcb.s:103309  .debug_str:000000000002048d .LASF1268
     /tmp/ccvncDcb.s:95617  .debug_str:00000000000015c4 .LASF1269
     /tmp/ccvncDcb.s:110557  .debug_str:000000000003d13a .LASF1270
     /tmp/ccvncDcb.s:95887  .debug_str:0000000000002914 .LASF1271
     /tmp/ccvncDcb.s:106565  .debug_str:000000000002d551 .LASF1272
     /tmp/ccvncDcb.s:108657  .debug_str:0000000000035886 .LASF1273
     /tmp/ccvncDcb.s:116233  .debug_str:0000000000054cdb .LASF1274
     /tmp/ccvncDcb.s:102871  .debug_str:000000000001e5d8 .LASF1275
     /tmp/ccvncDcb.s:110615  .debug_str:000000000003d4c2 .LASF1276
     /tmp/ccvncDcb.s:101665  .debug_str:0000000000019965 .LASF1277
     /tmp/ccvncDcb.s:104759  .debug_str:00000000000265f9 .LASF1278
     /tmp/ccvncDcb.s:111659  .debug_str:0000000000041b28 .LASF1279
     /tmp/ccvncDcb.s:95517  .debug_str:0000000000000f17 .LASF1280
     /tmp/ccvncDcb.s:106777  .debug_str:000000000002e272 .LASF1281
     /tmp/ccvncDcb.s:111887  .debug_str:0000000000042a9d .LASF1282
     /tmp/ccvncDcb.s:105751  .debug_str:000000000002a0a4 .LASF1283
     /tmp/ccvncDcb.s:113849  .debug_str:000000000004accb .LASF1284
     /tmp/ccvncDcb.s:111775  .debug_str:0000000000042334 .LASF1285
     /tmp/ccvncDcb.s:112777  .debug_str:00000000000467f9 .LASF1286
     /tmp/ccvncDcb.s:96883  .debug_str:0000000000006a2c .LASF1287
     /tmp/ccvncDcb.s:100101  .debug_str:000000000001362c .LASF1288
     /tmp/ccvncDcb.s:103135  .debug_str:000000000001f821 .LASF1289
     /tmp/ccvncDcb.s:106207  .debug_str:000000000002beb4 .LASF1290
     /tmp/ccvncDcb.s:109435  .debug_str:0000000000038d45 .LASF1291
     /tmp/ccvncDcb.s:112379  .debug_str:000000000004486a .LASF1292
     /tmp/ccvncDcb.s:103367  .debug_str:000000000002085e .LASF1293
     /tmp/ccvncDcb.s:105409  .debug_str:0000000000028a3c .LASF1294
     /tmp/ccvncDcb.s:108473  .debug_str:0000000000034b79 .LASF1295
     /tmp/ccvncDcb.s:111643  .debug_str:0000000000041a21 .LASF1296
     /tmp/ccvncDcb.s:114195  .debug_str:000000000004c2d3 .LASF1297
     /tmp/ccvncDcb.s:96725  .debug_str:0000000000006018 .LASF1298
     /tmp/ccvncDcb.s:99735  .debug_str:0000000000011f25 .LASF1299
     /tmp/ccvncDcb.s:102825  .debug_str:000000000001e31d .LASF1300
     /tmp/ccvncDcb.s:106045  .debug_str:000000000002b48c .LASF1301
     /tmp/ccvncDcb.s:109107  .debug_str:000000000003753d .LASF1302
     /tmp/ccvncDcb.s:98901  .debug_str:000000000000f102 .LASF1303
     /tmp/ccvncDcb.s:101995  .debug_str:000000000001addf .LASF1304
     /tmp/ccvncDcb.s:105039  .debug_str:0000000000027657 .LASF1305
     /tmp/ccvncDcb.s:99601  .debug_str:00000000000117e6 .LASF1306
     /tmp/ccvncDcb.s:111335  .debug_str:00000000000404a9 .LASF1307
     /tmp/ccvncDcb.s:114493  .debug_str:000000000004d68d .LASF1308
     /tmp/ccvncDcb.s:107239  .debug_str:000000000002fe6d .LASF1309
     /tmp/ccvncDcb.s:99579  .debug_str:0000000000011661 .LASF1310
     /tmp/ccvncDcb.s:102663  .debug_str:000000000001d841 .LASF1311
     /tmp/ccvncDcb.s:105717  .debug_str:0000000000029e47 .LASF1312
     /tmp/ccvncDcb.s:95655  .debug_str:00000000000018c1 .LASF1313
     /tmp/ccvncDcb.s:98583  .debug_str:000000000000de64 .LASF1314
     /tmp/ccvncDcb.s:101841  .debug_str:000000000001a2ce .LASF1315
     /tmp/ccvncDcb.s:104889  .debug_str:0000000000026dc7 .LASF1316
     /tmp/ccvncDcb.s:107995  .debug_str:0000000000032db5 .LASF1317
     /tmp/ccvncDcb.s:111191  .debug_str:000000000003fb6d .LASF1318
     /tmp/ccvncDcb.s:114161  .debug_str:000000000004c084 .LASF1319
     /tmp/ccvncDcb.s:96237  .debug_str:0000000000004023 .LASF1320
     /tmp/ccvncDcb.s:99235  .debug_str:00000000000101d5 .LASF1321
     /tmp/ccvncDcb.s:102295  .debug_str:000000000001c231 .LASF1322
     /tmp/ccvncDcb.s:113403  .debug_str:00000000000490c4 .LASF1323
     /tmp/ccvncDcb.s:103451  .debug_str:0000000000020de5 .LASF1324
     /tmp/ccvncDcb.s:98435  .debug_str:000000000000d418 .LASF1325
     /tmp/ccvncDcb.s:95977  .debug_str:0000000000002f59 .LASF1326
     /tmp/ccvncDcb.s:106705  .debug_str:000000000002de59 .LASF1327
     /tmp/ccvncDcb.s:115161  .debug_str:0000000000050397 .LASF1328
     /tmp/ccvncDcb.s:110917  .debug_str:000000000003e913 .LASF1329
     /tmp/ccvncDcb.s:114021  .debug_str:000000000004b7e7 .LASF1330
     /tmp/ccvncDcb.s:95941  .debug_str:0000000000002d05 .LASF1331
     /tmp/ccvncDcb.s:98863  .debug_str:000000000000eee6 .LASF1332
     /tmp/ccvncDcb.s:110097  .debug_str:000000000003b7b6 .LASF1333
     /tmp/ccvncDcb.s:100819  .debug_str:0000000000016145 .LASF1334
     /tmp/ccvncDcb.s:109461  .debug_str:0000000000038f72 .LASF1335
     /tmp/ccvncDcb.s:98123  .debug_str:000000000000bdff .LASF1336
     /tmp/ccvncDcb.s:114473  .debug_str:000000000004d4ff .LASF1337
     /tmp/ccvncDcb.s:107711  .debug_str:0000000000031b8f .LASF1338
     /tmp/ccvncDcb.s:107075  .debug_str:000000000002f4a7 .LASF1339
     /tmp/ccvncDcb.s:106461  .debug_str:000000000002ceac .LASF1340
     /tmp/ccvncDcb.s:105645  .debug_str:00000000000298ce .LASF1341
     /tmp/ccvncDcb.s:115137  .debug_str:0000000000050201 .LASF1342
     /tmp/ccvncDcb.s:100279  .debug_str:00000000000140f2 .LASF1343
     /tmp/ccvncDcb.s:113903  .debug_str:000000000004afd8 .LASF1344
     /tmp/ccvncDcb.s:98579  .debug_str:000000000000de27 .LASF1345
     /tmp/ccvncDcb.s:106551  .debug_str:000000000002d42e .LASF1346
     /tmp/ccvncDcb.s:99703  .debug_str:0000000000011c9b .LASF1347
     /tmp/ccvncDcb.s:112575  .debug_str:0000000000045831 .LASF1348
     /tmp/ccvncDcb.s:104967  .debug_str:00000000000271e3 .LASF1349
     /tmp/ccvncDcb.s:110903  .debug_str:000000000003e849 .LASF1350
     /tmp/ccvncDcb.s:107063  .debug_str:000000000002f411 .LASF1351
     /tmp/ccvncDcb.s:110953  .debug_str:000000000003eb91 .LASF1352
     /tmp/ccvncDcb.s:115199  .debug_str:0000000000050612 .LASF1353
     /tmp/ccvncDcb.s:112877  .debug_str:0000000000046f48 .LASF1354
     /tmp/ccvncDcb.s:100315  .debug_str:00000000000143bc .LASF1355
     /tmp/ccvncDcb.s:109973  .debug_str:000000000003af87 .LASF1356
     /tmp/ccvncDcb.s:98155  .debug_str:000000000000c073 .LASF1357
     /tmp/ccvncDcb.s:107903  .debug_str:00000000000327f3 .LASF1358
     /tmp/ccvncDcb.s:96279  .debug_str:000000000000433f .LASF1359
     /tmp/ccvncDcb.s:105757  .debug_str:000000000002a12e .LASF1360
     /tmp/ccvncDcb.s:115285  .debug_str:0000000000050ba2 .LASF1361
     /tmp/ccvncDcb.s:103657  .debug_str:0000000000021cb7 .LASF1362
     /tmp/ccvncDcb.s:113237  .debug_str:00000000000485f6 .LASF1363
     /tmp/ccvncDcb.s:101677  .debug_str:0000000000019a27 .LASF1364
     /tmp/ccvncDcb.s:95803  .debug_str:00000000000023d0 .LASF1365
     /tmp/ccvncDcb.s:102989  .debug_str:000000000001edad .LASF1366
     /tmp/ccvncDcb.s:110201  .debug_str:000000000003bdff .LASF1367
     /tmp/ccvncDcb.s:96191  .debug_str:0000000000003cfc .LASF1368
     /tmp/ccvncDcb.s:104661  .debug_str:0000000000025f2b .LASF1369
     /tmp/ccvncDcb.s:100557  .debug_str:000000000001526f .LASF1370
     /tmp/ccvncDcb.s:97759  .debug_str:000000000000a55e .LASF1371
     /tmp/ccvncDcb.s:102935  .debug_str:000000000001e9d7 .LASF1372
     /tmp/ccvncDcb.s:112111  .debug_str:00000000000437b5 .LASF1373
     /tmp/ccvncDcb.s:105271  .debug_str:00000000000281e1 .LASF1374
     /tmp/ccvncDcb.s:101315  .debug_str:0000000000018152 .LASF1375
     /tmp/ccvncDcb.s:108559  .debug_str:000000000003519a .LASF1376
     /tmp/ccvncDcb.s:115409  .debug_str:00000000000513e7 .LASF1377
     /tmp/ccvncDcb.s:101447  .debug_str:0000000000018a5e .LASF1378
     /tmp/ccvncDcb.s:108539  .debug_str:0000000000034fe3 .LASF1379
     /tmp/ccvncDcb.s:115617  .debug_str:000000000005219e .LASF1380
     /tmp/ccvncDcb.s:101847  .debug_str:000000000001a34a .LASF1381
     /tmp/ccvncDcb.s:109127  .debug_str:000000000003765d .LASF1382
     /tmp/ccvncDcb.s:109577  .debug_str:000000000003973a .LASF1383
     /tmp/ccvncDcb.s:102255  .debug_str:000000000001bebf .LASF1384
     /tmp/ccvncDcb.s:102209  .debug_str:000000000001bc2b .LASF1385
     /tmp/ccvncDcb.s:96465  .debug_str:0000000000004ff3 .LASF1386
     /tmp/ccvncDcb.s:98037  .debug_str:000000000000b835 .LASF1387
     /tmp/ccvncDcb.s:98315  .debug_str:000000000000cc51 .LASF1388
     /tmp/ccvncDcb.s:96873  .debug_str:000000000000697a .LASF1389
     /tmp/ccvncDcb.s:112767  .debug_str:0000000000046736 .LASF1390
     /tmp/ccvncDcb.s:101441  .debug_str:00000000000189dc .LASF1391
     /tmp/ccvncDcb.s:103157  .debug_str:000000000001f993 .LASF1392
     /tmp/ccvncDcb.s:110627  .debug_str:000000000003d592 .LASF1393
     /tmp/ccvncDcb.s:106837  .debug_str:000000000002e676 .LASF1394
     /tmp/ccvncDcb.s:103017  .debug_str:000000000001ef86 .LASF1395
     /tmp/ccvncDcb.s:95593  .debug_str:0000000000001453 .LASF1396
     /tmp/ccvncDcb.s:113523  .debug_str:00000000000497f9 .LASF1397
     /tmp/ccvncDcb.s:103445  .debug_str:0000000000020d4c .LASF1398
     /tmp/ccvncDcb.s:113459  .debug_str:0000000000049452 .LASF1399
     /tmp/ccvncDcb.s:105331  .debug_str:00000000000285b8 .LASF1400
     /tmp/ccvncDcb.s:108953  .debug_str:0000000000036bde .LASF1401
     /tmp/ccvncDcb.s:99425  .debug_str:0000000000010e78 .LASF1402
     /tmp/ccvncDcb.s:110349  .debug_str:000000000003c592 .LASF1403
     /tmp/ccvncDcb.s:114145  .debug_str:000000000004bfa9 .LASF1404
     /tmp/ccvncDcb.s:106471  .debug_str:000000000002cf87 .LASF1405
     /tmp/ccvncDcb.s:112551  .debug_str:0000000000045692 .LASF1406
     /tmp/ccvncDcb.s:105925  .debug_str:000000000002abb2 .LASF1407
     /tmp/ccvncDcb.s:97569  .debug_str:00000000000098a2 .LASF1408
     /tmp/ccvncDcb.s:110563  .debug_str:000000000003d1c0 .LASF1409
     /tmp/ccvncDcb.s:95329  .debug_str:00000000000002ca .LASF1410
     /tmp/ccvncDcb.s:112927  .debug_str:0000000000047188 .LASF1411
     /tmp/ccvncDcb.s:96661  .debug_str:0000000000005c5f .LASF1412
     /tmp/ccvncDcb.s:101117  .debug_str:00000000000174b7 .LASF1413
     /tmp/ccvncDcb.s:114609  .debug_str:000000000004de55 .LASF1414
     /tmp/ccvncDcb.s:105561  .debug_str:0000000000029436 .LASF1415
     /tmp/ccvncDcb.s:103947  .debug_str:000000000002308c .LASF1416
     /tmp/ccvncDcb.s:100235  .debug_str:0000000000013dd3 .LASF1417
     /tmp/ccvncDcb.s:97103  .debug_str:0000000000007a39 .LASF1418
     /tmp/ccvncDcb.s:105597  .debug_str:0000000000029646 .LASF1419
     /tmp/ccvncDcb.s:108337  .debug_str:00000000000342dd .LASF1420
     /tmp/ccvncDcb.s:100871  .debug_str:0000000000016491 .LASF1421
     /tmp/ccvncDcb.s:101175  .debug_str:0000000000017835 .LASF1422
     /tmp/ccvncDcb.s:99251  .debug_str:0000000000010361 .LASF1423
     /tmp/ccvncDcb.s:106227  .debug_str:000000000002bff9 .LASF1424
     /tmp/ccvncDcb.s:101999  .debug_str:000000000001ae25 .LASF1425
     /tmp/ccvncDcb.s:95797  .debug_str:0000000000002367 .LASF1426
     /tmp/ccvncDcb.s:108707  .debug_str:0000000000035bba .LASF1427
     /tmp/ccvncDcb.s:111709  .debug_str:0000000000041efb .LASF1428
     /tmp/ccvncDcb.s:102789  .debug_str:000000000001e085 .LASF1429
     /tmp/ccvncDcb.s:114893  .debug_str:000000000004f07f .LASF1430
     /tmp/ccvncDcb.s:95831  .debug_str:00000000000025ed .LASF1431
     /tmp/ccvncDcb.s:105387  .debug_str:00000000000288e4 .LASF1432
     /tmp/ccvncDcb.s:112393  .debug_str:0000000000044971 .LASF1433
     /tmp/ccvncDcb.s:108649  .debug_str:00000000000357ce .LASF1434
     /tmp/ccvncDcb.s:104747  .debug_str:000000000002655d .LASF1435
     /tmp/ccvncDcb.s:100925  .debug_str:000000000001680e .LASF1436
     /tmp/ccvncDcb.s:99859  .debug_str:000000000001262b .LASF1437
     /tmp/ccvncDcb.s:98759  .debug_str:000000000000e935 .LASF1438
     /tmp/ccvncDcb.s:96467  .debug_str:0000000000005041 .LASF1439
     /tmp/ccvncDcb.s:99629  .debug_str:0000000000011932 .LASF1440
     /tmp/ccvncDcb.s:112825  .debug_str:0000000000046bbe .LASF1441
     /tmp/ccvncDcb.s:115659  .debug_str:00000000000524b5 .LASF1442
     /tmp/ccvncDcb.s:101529  .debug_str:0000000000019034 .LASF1443
     /tmp/ccvncDcb.s:108629  .debug_str:000000000003567f .LASF1444
     /tmp/ccvncDcb.s:115525  .debug_str:0000000000051c6e .LASF1445
     /tmp/ccvncDcb.s:101557  .debug_str:000000000001923a .LASF1446
     /tmp/ccvncDcb.s:100103  .debug_str:0000000000013661 .LASF1447
     /tmp/ccvncDcb.s:107183  .debug_str:000000000002fb32 .LASF1448
     /tmp/ccvncDcb.s:114091  .debug_str:000000000004bc0e .LASF1449
     /tmp/ccvncDcb.s:99967  .debug_str:0000000000012d2b .LASF1450
     /tmp/ccvncDcb.s:107037  .debug_str:000000000002f21d .LASF1451
     /tmp/ccvncDcb.s:113207  .debug_str:000000000004845e .LASF1452
     /tmp/ccvncDcb.s:97073  .debug_str:000000000000782a .LASF1453
     /tmp/ccvncDcb.s:112847  .debug_str:0000000000046d6c .LASF1454
     /tmp/ccvncDcb.s:107911  .debug_str:00000000000328a6 .LASF1455
     /tmp/ccvncDcb.s:103677  .debug_str:0000000000021e56 .LASF1456
     /tmp/ccvncDcb.s:99513  .debug_str:000000000001130c .LASF1457
     /tmp/ccvncDcb.s:98599  .debug_str:000000000000df59 .LASF1458
     /tmp/ccvncDcb.s:112289  .debug_str:00000000000442f3 .LASF1459
     /tmp/ccvncDcb.s:103487  .debug_str:00000000000210e7 .LASF1460
     /tmp/ccvncDcb.s:115533  .debug_str:0000000000051cf7 .LASF1461
     /tmp/ccvncDcb.s:103967  .debug_str:00000000000231df .LASF1462
     /tmp/ccvncDcb.s:97665  .debug_str:0000000000009e99 .LASF1463
     /tmp/ccvncDcb.s:110075  .debug_str:000000000003b67d .LASF1464
     /tmp/ccvncDcb.s:101007  .debug_str:0000000000016dd7 .LASF1465
     /tmp/ccvncDcb.s:113303  .debug_str:0000000000048a7a .LASF1466
     /tmp/ccvncDcb.s:104321  .debug_str:00000000000248cb .LASF1467
     /tmp/ccvncDcb.s:95483  .debug_str:0000000000000cdb .LASF1468
     /tmp/ccvncDcb.s:97901  .debug_str:000000000000aeae .LASF1469
     /tmp/ccvncDcb.s:108541  .debug_str:0000000000035031 .LASF1470
     /tmp/ccvncDcb.s:97607  .debug_str:0000000000009b01 .LASF1471
     /tmp/ccvncDcb.s:110693  .debug_str:000000000003d920 .LASF1472
     /tmp/ccvncDcb.s:97345  .debug_str:000000000000899c .LASF1473
     /tmp/ccvncDcb.s:107793  .debug_str:00000000000321ca .LASF1474
     /tmp/ccvncDcb.s:97085  .debug_str:00000000000078d8 .LASF1475
     /tmp/ccvncDcb.s:107509  .debug_str:0000000000030f42 .LASF1476
     /tmp/ccvncDcb.s:96805  .debug_str:000000000000650b .LASF1477
     /tmp/ccvncDcb.s:107221  .debug_str:000000000002fd35 .LASF1478
     /tmp/ccvncDcb.s:98425  .debug_str:000000000000d32e .LASF1479
     /tmp/ccvncDcb.s:103269  .debug_str:0000000000020236 .LASF1480
     /tmp/ccvncDcb.s:97967  .debug_str:000000000000b350 .LASF1481
     /tmp/ccvncDcb.s:108615  .debug_str:0000000000035554 .LASF1482
     /tmp/ccvncDcb.s:111763  .debug_str:0000000000042271 .LASF1483
     /tmp/ccvncDcb.s:108321  .debug_str:000000000003418e .LASF1484
     /tmp/ccvncDcb.s:97429  .debug_str:0000000000008fa4 .LASF1485
     /tmp/ccvncDcb.s:108041  .debug_str:0000000000033087 .LASF1486
     /tmp/ccvncDcb.s:97161  .debug_str:0000000000007da2 .LASF1487
     /tmp/ccvncDcb.s:98597  .debug_str:000000000000df2f .LASF1488
     /tmp/ccvncDcb.s:112269  .debug_str:000000000004419c .LASF1489
     /tmp/ccvncDcb.s:109271  .debug_str:000000000003811a .LASF1490
     /tmp/ccvncDcb.s:98515  .debug_str:000000000000d9b3 .LASF1491
     /tmp/ccvncDcb.s:108985  .debug_str:0000000000036dc8 .LASF1492
     /tmp/ccvncDcb.s:103291  .debug_str:000000000002034b .LASF1493
     /tmp/ccvncDcb.s:108697  .debug_str:0000000000035b1a .LASF1494
     /tmp/ccvncDcb.s:97951  .debug_str:000000000000b26e .LASF1495
     /tmp/ccvncDcb.s:108403  .debug_str:0000000000034728 .LASF1496
     /tmp/ccvncDcb.s:97671  .debug_str:0000000000009efb .LASF1497
     /tmp/ccvncDcb.s:108119  .debug_str:00000000000335e4 .LASF1498
     /tmp/ccvncDcb.s:99177  .debug_str:000000000000ff11 .LASF1499
     /tmp/ccvncDcb.s:109793  .debug_str:000000000003a4fc .LASF1500
     /tmp/ccvncDcb.s:98857  .debug_str:000000000000ee73 .LASF1501
     /tmp/ccvncDcb.s:105631  .debug_str:00000000000297ca .LASF1502
     /tmp/ccvncDcb.s:98587  .debug_str:000000000000dea7 .LASF1503
     /tmp/ccvncDcb.s:109251  .debug_str:0000000000037fac .LASF1504
     /tmp/ccvncDcb.s:98303  .debug_str:000000000000cba9 .LASF1505
     /tmp/ccvncDcb.s:108771  .debug_str:0000000000035fd6 .LASF1506
     /tmp/ccvncDcb.s:98033  .debug_str:000000000000b7ea .LASF1507
     /tmp/ccvncDcb.s:108485  .debug_str:0000000000034c7d .LASF1508
     /tmp/ccvncDcb.s:99761  .debug_str:000000000001204f .LASF1509
     /tmp/ccvncDcb.s:110181  .debug_str:000000000003bc69 .LASF1510
     /tmp/ccvncDcb.s:99455  .debug_str:000000000001101a .LASF1511
     /tmp/ccvncDcb.s:109877  .debug_str:000000000003a9cf .LASF1512
     /tmp/ccvncDcb.s:98869  .debug_str:000000000000ef49 .LASF1513
     /tmp/ccvncDcb.s:109585  .debug_str:00000000000397b8 .LASF1514
     /tmp/ccvncDcb.s:98657  .debug_str:000000000000e2d0 .LASF1515
     /tmp/ccvncDcb.s:109337  .debug_str:000000000003863b .LASF1516
     /tmp/ccvncDcb.s:98383  .debug_str:000000000000d05d .LASF1517
     /tmp/ccvncDcb.s:109053  .debug_str:00000000000371ef .LASF1518
     /tmp/ccvncDcb.s:100151  .debug_str:0000000000013933 .LASF1519
     /tmp/ccvncDcb.s:110761  .debug_str:000000000003ddf6 .LASF1520
     /tmp/ccvncDcb.s:99849  .debug_str:00000000000125e5 .LASF1521
     /tmp/ccvncDcb.s:110257  .debug_str:000000000003c105 .LASF1522
     /tmp/ccvncDcb.s:99791  .debug_str:0000000000012240 .LASF1523
     /tmp/ccvncDcb.s:100721  .debug_str:0000000000015c18 .LASF1524
     /tmp/ccvncDcb.s:95293  .debug_str:000000000000003c .LASF1525
     /tmp/ccvncDcb.s:110847  .debug_str:000000000003e42a .LASF1526
     /tmp/ccvncDcb.s:104055  .debug_str:000000000002378b .LASF1527
     /tmp/ccvncDcb.s:113135  .debug_str:0000000000047fba .LASF1528
     /tmp/ccvncDcb.s:95699  .debug_str:0000000000001c68 .LASF1529
     /tmp/ccvncDcb.s:96459  .debug_str:0000000000004f51 .LASF1530
     /tmp/ccvncDcb.s:96463  .debug_str:0000000000004fc2 .LASF1531
     /tmp/ccvncDcb.s:97337  .debug_str:0000000000008906 .LASF1532
     /tmp/ccvncDcb.s:100451  .debug_str:0000000000014c07 .LASF1533
     /tmp/ccvncDcb.s:110783  .debug_str:000000000003df02 .LASF1534
     /tmp/ccvncDcb.s:109363  .debug_str:0000000000038808 .LASF1535
     /tmp/ccvncDcb.s:98059  .debug_str:000000000000b9ad .LASF1536
     /tmp/ccvncDcb.s:114907  .debug_str:000000000004f161 .LASF1537
     /tmp/ccvncDcb.s:110871  .debug_str:000000000003e601 .LASF1538
     /tmp/ccvncDcb.s:112473  .debug_str:000000000004501d .LASF1539
     /tmp/ccvncDcb.s:101863  .debug_str:000000000001a488 .LASF1540
     /tmp/ccvncDcb.s:112405  .debug_str:0000000000044a4a .LASF1541
     /tmp/ccvncDcb.s:101791  .debug_str:000000000001a05b .LASF1542
     /tmp/ccvncDcb.s:112349  .debug_str:0000000000044641 .LASF1543
     /tmp/ccvncDcb.s:111341  .debug_str:0000000000040533 .LASF1544
     /tmp/ccvncDcb.s:96937  .debug_str:0000000000006d89 .LASF1545
     /tmp/ccvncDcb.s:95849  .debug_str:00000000000026be .LASF1546
     /tmp/ccvncDcb.s:96231  .debug_str:0000000000003fc3 .LASF1547
     /tmp/ccvncDcb.s:112987  .debug_str:0000000000047583 .LASF1548
     /tmp/ccvncDcb.s:113685  .debug_str:000000000004a2ae .LASF1549
     /tmp/ccvncDcb.s:112315  .debug_str:0000000000044489 .LASF1550
     /tmp/ccvncDcb.s:112505  .debug_str:0000000000045269 .LASF1551
     /tmp/ccvncDcb.s:102017  .debug_str:000000000001af7f .LASF1552
     /tmp/ccvncDcb.s:114415  .debug_str:000000000004d195 .LASF1553
     /tmp/ccvncDcb.s:115973  .debug_str:0000000000053b9a .LASF1554
     /tmp/ccvncDcb.s:106591  .debug_str:000000000002d799 .LASF1555
     /tmp/ccvncDcb.s:99527  .debug_str:00000000000113bc .LASF1556
     /tmp/ccvncDcb.s:109065  .debug_str:00000000000372db .LASF1557
     /tmp/ccvncDcb.s:97803  .debug_str:000000000000a846 .LASF1558
     /tmp/ccvncDcb.s:95307  .debug_str:000000000000012f .LASF1559
     /tmp/ccvncDcb.s:104369  .debug_str:0000000000024bd9 .LASF1560
     /tmp/ccvncDcb.s:104657  .debug_str:0000000000025f00 .LASF1561
     /tmp/ccvncDcb.s:111241  .debug_str:000000000003ff19 .LASF1562
     /tmp/ccvncDcb.s:113649  .debug_str:000000000004a0a5 .LASF1563
     /tmp/ccvncDcb.s:115275  .debug_str:0000000000050b0d .LASF1564
     /tmp/ccvncDcb.s:103733  .debug_str:000000000002223a .LASF1565
     /tmp/ccvncDcb.s:107837  .debug_str:000000000003245e .LASF1566
     /tmp/ccvncDcb.s:105371  .debug_str:00000000000287e6 .LASF1567
     /tmp/ccvncDcb.s:109847  .debug_str:000000000003a885 .LASF1568
     /tmp/ccvncDcb.s:100527  .debug_str:00000000000150cc .LASF1569
     /tmp/ccvncDcb.s:112237  .debug_str:0000000000043fc0 .LASF1570
     /tmp/ccvncDcb.s:99801  .debug_str:000000000001231e .LASF1572
     /tmp/ccvncDcb.s:114565  .debug_str:000000000004db68 .LASF1573
     /tmp/ccvncDcb.s:101153  .debug_str:00000000000176ef .LASF1574
     /tmp/ccvncDcb.s:106165  .debug_str:000000000002bbe3 .LASF1575
     /tmp/ccvncDcb.s:100987  .debug_str:0000000000016c15 .LASF1576
     /tmp/ccvncDcb.s:100923  .debug_str:0000000000016800 .LASF1577
     /tmp/ccvncDcb.s:107801  .debug_str:0000000000032263 .LASF1578
     /tmp/ccvncDcb.s:116223  .debug_str:0000000000054c2a .LASF1579
     /tmp/ccvncDcb.s:101239  .debug_str:0000000000017ca7 .LASF1580
     /tmp/ccvncDcb.s:103465  .debug_str:0000000000020f45 .LASF1581
     /tmp/ccvncDcb.s:104739  .debug_str:00000000000264cf .LASF1582
     /tmp/ccvncDcb.s:112803  .debug_str:0000000000046a5c .LASF1583
     /tmp/ccvncDcb.s:99221  .debug_str:00000000000100e6 .LASF1584
     /tmp/ccvncDcb.s:106409  .debug_str:000000000002cc04 .LASF1585
     /tmp/ccvncDcb.s:96967  .debug_str:0000000000006fd2 .LASF1586
     /tmp/ccvncDcb.s:97943  .debug_str:000000000000b1c9 .LASF1587
     /tmp/ccvncDcb.s:104439  .debug_str:0000000000025072 .LASF1588
     /tmp/ccvncDcb.s:97937  .debug_str:000000000000b170 .LASF1589
     /tmp/ccvncDcb.s:103325  .debug_str:00000000000205c1 .LASF1590
     /tmp/ccvncDcb.s:108913  .debug_str:0000000000036937 .LASF1591
     /tmp/ccvncDcb.s:104529  .debug_str:000000000002573b .LASF1592
     /tmp/ccvncDcb.s:96047  .debug_str:000000000000340e .LASF1593
     /tmp/ccvncDcb.s:106261  .debug_str:000000000002c1f0 .LASF1594
     /tmp/ccvncDcb.s:96479  .debug_str:00000000000050f3 .LASF1595
     /tmp/ccvncDcb.s:98839  .debug_str:000000000000ed6b .LASF1596
     /tmp/ccvncDcb.s:116235  .debug_str:0000000000054d0e .LASF1597
     /tmp/ccvncDcb.s:106021  .debug_str:000000000002b299 .LASF1598
     /tmp/ccvncDcb.s:110739  .debug_str:000000000003dc89 .LASF1599
     /tmp/ccvncDcb.s:106405  .debug_str:000000000002cbc3 .LASF1600
     /tmp/ccvncDcb.s:114209  .debug_str:000000000004c401 .LASF1601
     /tmp/ccvncDcb.s:113145  .debug_str:0000000000048076 .LASF1602
     /tmp/ccvncDcb.s:99253  .debug_str:000000000001038a .LASF1603
     /tmp/ccvncDcb.s:114769  .debug_str:000000000004e933 .LASF1604
     /tmp/ccvncDcb.s:96427  .debug_str:0000000000004dc0 .LASF1605
     /tmp/ccvncDcb.s:102025  .debug_str:000000000001affa .LASF1606
     /tmp/ccvncDcb.s:106381  .debug_str:000000000002ca09 .LASF1607
     /tmp/ccvncDcb.s:97409  .debug_str:0000000000008e09 .LASF1608
     /tmp/ccvncDcb.s:99797  .debug_str:00000000000122c5 .LASF1609
     /tmp/ccvncDcb.s:108681  .debug_str:0000000000035a56 .LASF1610
     /tmp/ccvncDcb.s:98947  .debug_str:000000000000f39a .LASF1611
     /tmp/ccvncDcb.s:114635  .debug_str:000000000004dffc .LASF1612
     /tmp/ccvncDcb.s:102091  .debug_str:000000000001b46d .LASF1613
     /tmp/ccvncDcb.s:116023  .debug_str:0000000000053f7d .LASF1614
     /tmp/ccvncDcb.s:99575  .debug_str:000000000001160e .LASF1615
     /tmp/ccvncDcb.s:109111  .debug_str:000000000003758a .LASF1616
     /tmp/ccvncDcb.s:115857  .debug_str:0000000000053421 .LASF1617
     /tmp/ccvncDcb.s:107931  .debug_str:0000000000032a4d .LASF1618
     /tmp/ccvncDcb.s:105709  .debug_str:0000000000029dba .LASF1619
     /tmp/ccvncDcb.s:108857  .debug_str:0000000000036686 .LASF1620
     /tmp/ccvncDcb.s:102303  .debug_str:000000000001c2b4 .LASF1621
     /tmp/ccvncDcb.s:109933  .debug_str:000000000003ae28 .LASF1622
     /tmp/ccvncDcb.s:112727  .debug_str:000000000004649b .LASF1623
     /tmp/ccvncDcb.s:111391  .debug_str:0000000000040920 .LASF1624
     /tmp/ccvncDcb.s:102695  .debug_str:000000000001da16 .LASF1625
     /tmp/ccvncDcb.s:107169  .debug_str:000000000002fa47 .LASF1626
     /tmp/ccvncDcb.s:115383  .debug_str:0000000000051276 .LASF1627
     /tmp/ccvncDcb.s:113355  .debug_str:0000000000048da1 .LASF1628
     /tmp/ccvncDcb.s:98521  .debug_str:000000000000da26 .LASF1629
     /tmp/ccvncDcb.s:98201  .debug_str:000000000000c413 .LASF1630
     /tmp/ccvncDcb.s:95735  .debug_str:0000000000001f57 .LASF1631
     /tmp/ccvncDcb.s:108547  .debug_str:0000000000035086 .LASF1632
     /tmp/ccvncDcb.s:100975  .debug_str:0000000000016b3f .LASF1633
     /tmp/ccvncDcb.s:106357  .debug_str:000000000002c846 .LASF1634
     /tmp/ccvncDcb.s:108781  .debug_str:0000000000036082 .LASF1635
     /tmp/ccvncDcb.s:103473  .debug_str:0000000000020fc9 .LASF1636
     /tmp/ccvncDcb.s:101915  .debug_str:000000000001a7c9 .LASF1637
     /tmp/ccvncDcb.s:109549  .debug_str:000000000003954a .LASF1638
     /tmp/ccvncDcb.s:97701  .debug_str:000000000000a08e .LASF1639
     /tmp/ccvncDcb.s:111105  .debug_str:000000000003f5ad .LASF1640
     /tmp/ccvncDcb.s:112737  .debug_str:0000000000046548 .LASF1641
     /tmp/ccvncDcb.s:103143  .debug_str:000000000001f8ba .LASF1642
     /tmp/ccvncDcb.s:115979  .debug_str:0000000000053bd9 .LASF1643
     /tmp/ccvncDcb.s:112731  .debug_str:00000000000464f7 .LASF1644
     /tmp/ccvncDcb.s:116003  .debug_str:0000000000053de3 .LASF1645
     /tmp/ccvncDcb.s:98733  .debug_str:000000000000e7d7 .LASF1646
     /tmp/ccvncDcb.s:115435  .debug_str:0000000000051602 .LASF1647
     /tmp/ccvncDcb.s:103395  .debug_str:00000000000209b1 .LASF1648
     /tmp/ccvncDcb.s:114733  .debug_str:000000000004e72e .LASF1649
     /tmp/ccvncDcb.s:96593  .debug_str:0000000000005786 .LASF1650
     /tmp/ccvncDcb.s:101477  .debug_str:0000000000018c96 .LASF1651
     /tmp/ccvncDcb.s:113051  .debug_str:0000000000047a0e .LASF1652
     /tmp/ccvncDcb.s:101881  .debug_str:000000000001a583 .LASF1653
     /tmp/ccvncDcb.s:104879  .debug_str:0000000000026ced .LASF1654
     /tmp/ccvncDcb.s:104245  .debug_str:000000000002446d .LASF1655
     /tmp/ccvncDcb.s:116205  .debug_str:0000000000054af3 .LASF1656
     /tmp/ccvncDcb.s:108533  .debug_str:0000000000034f6e .LASF1657
     /tmp/ccvncDcb.s:100405  .debug_str:000000000001493f .LASF1658
     /tmp/ccvncDcb.s:105227  .debug_str:000000000002809e .LASF1659
     /tmp/ccvncDcb.s:109153  .debug_str:0000000000037873 .LASF1660
     /tmp/ccvncDcb.s:96201  .debug_str:0000000000003dd6 .LASF1661
     /tmp/ccvncDcb.s:108837  .debug_str:00000000000364d5 .LASF1662
     /tmp/ccvncDcb.s:116129  .debug_str:000000000005450d .LASF1663
     /tmp/ccvncDcb.s:115103  .debug_str:000000000004ffc7 .LASF1664
     /tmp/ccvncDcb.s:106661  .debug_str:000000000002db03 .LASF1665
     /tmp/ccvncDcb.s:105345  .debug_str:000000000002869d .LASF1666
     /tmp/ccvncDcb.s:98473  .debug_str:000000000000d6a1 .LASF1667
     /tmp/ccvncDcb.s:104351  .debug_str:0000000000024ab7 .LASF1668
     /tmp/ccvncDcb.s:108911  .debug_str:0000000000036901 .LASF1669
     /tmp/ccvncDcb.s:114515  .debug_str:000000000004d7f5 .LASF1670
     /tmp/ccvncDcb.s:116267  .debug_str:0000000000054f03 .LASF1671
     /tmp/ccvncDcb.s:111487  .debug_str:0000000000040f1e .LASF1672
     /tmp/ccvncDcb.s:106811  .debug_str:000000000002e460 .LASF1673
     /tmp/ccvncDcb.s:101587  .debug_str:00000000000193f2 .LASF1674
     /tmp/ccvncDcb.s:97315  .debug_str:00000000000087da .LASF1675
     /tmp/ccvncDcb.s:112885  .debug_str:0000000000046fc9 .LASF1676
     /tmp/ccvncDcb.s:108977  .debug_str:0000000000036d37 .LASF1677
     /tmp/ccvncDcb.s:103081  .debug_str:000000000001f43b .LASF1678
     /tmp/ccvncDcb.s:99273  .debug_str:0000000000010516 .LASF1679
     /tmp/ccvncDcb.s:114337  .debug_str:000000000004cc58 .LASF1680
     /tmp/ccvncDcb.s:114557  .debug_str:000000000004dafe .LASF1681
     /tmp/ccvncDcb.s:102153  .debug_str:000000000001b875 .LASF1682
     /tmp/ccvncDcb.s:104989  .debug_str:000000000002734e .LASF1683
     /tmp/ccvncDcb.s:113465  .debug_str:00000000000494b3 .LASF1684
     /tmp/ccvncDcb.s:95465  .debug_str:0000000000000bf6 .LASF1685
     /tmp/ccvncDcb.s:103655  .debug_str:0000000000021c94 .LASF1686
     /tmp/ccvncDcb.s:107051  .debug_str:000000000002f30f .LASF1687
     /tmp/ccvncDcb.s:100537  .debug_str:0000000000015162 .LASF1688
     /tmp/ccvncDcb.s:97369  .debug_str:0000000000008b59 .LASF1689
     /tmp/ccvncDcb.s:109803  .debug_str:000000000003a5da .LASF1690
     /tmp/ccvncDcb.s:112701  .debug_str:0000000000046349 .LASF1691
     /tmp/ccvncDcb.s:100703  .debug_str:0000000000015afb .LASF1692
     /tmp/ccvncDcb.s:111063  .debug_str:000000000003f330 .LASF1693
     /tmp/ccvncDcb.s:111979  .debug_str:0000000000042fb8 .LASF1694
     /tmp/ccvncDcb.s:96837  .debug_str:00000000000066f5 .LASF1695
     /tmp/ccvncDcb.s:105375  .debug_str:0000000000028836 .LASF1696
     /tmp/ccvncDcb.s:108463  .debug_str:0000000000034aee .LASF1697
     /tmp/ccvncDcb.s:95535  .debug_str:0000000000001049 .LASF1698
     /tmp/ccvncDcb.s:109705  .debug_str:0000000000039f75 .LASF1699
     /tmp/ccvncDcb.s:101079  .debug_str:000000000001727c .LASF1700
     /tmp/ccvncDcb.s:100089  .debug_str:0000000000013580 .LASF1701
     /tmp/ccvncDcb.s:112369  .debug_str:00000000000447a6 .LASF1702
     /tmp/ccvncDcb.s:96783  .debug_str:000000000000638e .LASF1703
     /tmp/ccvncDcb.s:103415  .debug_str:0000000000020b61 .LASF1704
     /tmp/ccvncDcb.s:115331  .debug_str:0000000000050ecc .LASF1705
     /tmp/ccvncDcb.s:113729  .debug_str:000000000004a56b .LASF1706
     /tmp/ccvncDcb.s:102525  .debug_str:000000000001cf9e .LASF1707
     /tmp/ccvncDcb.s:111637  .debug_str:00000000000419b2 .LASF1708
     /tmp/ccvncDcb.s:115313  .debug_str:0000000000050d91 .LASF1709
     /tmp/ccvncDcb.s:112831  .debug_str:0000000000046c48 .LASF1710
     /tmp/ccvncDcb.s:98455  .debug_str:000000000000d537 .LASF1711
     /tmp/ccvncDcb.s:104491  .debug_str:00000000000253f7 .LASF1712
     /tmp/ccvncDcb.s:99067  .debug_str:000000000000f9bc .LASF1713
     /tmp/ccvncDcb.s:110263  .debug_str:000000000003c17c .LASF1714
     /tmp/ccvncDcb.s:110695  .debug_str:000000000003d94a .LASF1715
     /tmp/ccvncDcb.s:102543  .debug_str:000000000001d05d .LASF1716
     /tmp/ccvncDcb.s:109883  .debug_str:000000000003aa2b .LASF1717
     /tmp/ccvncDcb.s:112347  .debug_str:000000000004461c .LASF1718
     /tmp/ccvncDcb.s:106223  .debug_str:000000000002bfb7 .LASF1719
     /tmp/ccvncDcb.s:107677  .debug_str:0000000000031965 .LASF1720
     /tmp/ccvncDcb.s:98485  .debug_str:000000000000d79c .LASF1721
     /tmp/ccvncDcb.s:105171  .debug_str:0000000000027cb0 .LASF1722
     /tmp/ccvncDcb.s:99341  .debug_str:000000000001089f .LASF1723
     /tmp/ccvncDcb.s:95613  .debug_str:000000000000159c .LASF1724
     /tmp/ccvncDcb.s:112261  .debug_str:000000000004412f .LASF1725
     /tmp/ccvncDcb.s:98591  .debug_str:000000000000deeb .LASF1726
     /tmp/ccvncDcb.s:95345  .debug_str:00000000000003e3 .LASF1727
     /tmp/ccvncDcb.s:98525  .debug_str:000000000000da8f .LASF1728
     /tmp/ccvncDcb.s:107617  .debug_str:00000000000315a6 .LASF1729
     /tmp/ccvncDcb.s:109845  .debug_str:000000000003a862 .LASF1730
     /tmp/ccvncDcb.s:104367  .debug_str:0000000000024bae .LASF1731
     /tmp/ccvncDcb.s:110543  .debug_str:000000000003d049 .LASF1732
     /tmp/ccvncDcb.s:107001  .debug_str:000000000002f031 .LASF1733
     /tmp/ccvncDcb.s:100881  .debug_str:0000000000016571 .LASF1734
     /tmp/ccvncDcb.s:105827  .debug_str:000000000002a57f .LASF1735
     /tmp/ccvncDcb.s:112607  .debug_str:0000000000045a6c .LASF1736
     /tmp/ccvncDcb.s:95957  .debug_str:0000000000002dfb .LASF1737
     /tmp/ccvncDcb.s:103067  .debug_str:000000000001f34f .LASF1738
     /tmp/ccvncDcb.s:107307  .debug_str:00000000000302a5 .LASF1739
     /tmp/ccvncDcb.s:116149  .debug_str:00000000000546e1 .LASF1740
     /tmp/ccvncDcb.s:111973  .debug_str:0000000000042f6a .LASF1741
     /tmp/ccvncDcb.s:106679  .debug_str:000000000002dcff .LASF1742
     /tmp/ccvncDcb.s:108325  .debug_str:0000000000034211 .LASF1743
     /tmp/ccvncDcb.s:113691  .debug_str:000000000004a312 .LASF1744
     /tmp/ccvncDcb.s:95523  .debug_str:0000000000000f76 .LASF1745
     /tmp/ccvncDcb.s:104665  .debug_str:0000000000025f9d .LASF1746
     /tmp/ccvncDcb.s:106847  .debug_str:000000000002e725 .LASF1747
     /tmp/ccvncDcb.s:112957  .debug_str:00000000000473aa .LASF1748
     /tmp/ccvncDcb.s:112363  .debug_str:000000000004472b .LASF1749
     /tmp/ccvncDcb.s:103609  .debug_str:00000000000218da .LASF1750
     /tmp/ccvncDcb.s:112593  .debug_str:000000000004598f .LASF1751
     /tmp/ccvncDcb.s:100937  .debug_str:00000000000168b0 .LASF1752
     /tmp/ccvncDcb.s:114435  .debug_str:000000000004d294 .LASF1753
     /tmp/ccvncDcb.s:105005  .debug_str:0000000000027473 .LASF1754
     /tmp/ccvncDcb.s:101435  .debug_str:0000000000018940 .LASF1755
     /tmp/ccvncDcb.s:109359  .debug_str:00000000000387e0 .LASF1756
     /tmp/ccvncDcb.s:113473  .debug_str:0000000000049542 .LASF1757
     /tmp/ccvncDcb.s:101637  .debug_str:0000000000019753 .LASF1758
     /tmp/ccvncDcb.s:96947  .debug_str:0000000000006e3f .LASF1759
     /tmp/ccvncDcb.s:96481  .debug_str:000000000000511b .LASF1760
     /tmp/ccvncDcb.s:101429  .debug_str:00000000000188e2 .LASF1761
     /tmp/ccvncDcb.s:112421  .debug_str:0000000000044ba9 .LASF1762
     /tmp/ccvncDcb.s:115499  .debug_str:0000000000051a6f .LASF1763
     /tmp/ccvncDcb.s:107321  .debug_str:0000000000030410 .LASF1764
     /tmp/ccvncDcb.s:104713  .debug_str:00000000000262d0 .LASF1765
     /tmp/ccvncDcb.s:103963  .debug_str:00000000000231ad .LASF1766
     /tmp/ccvncDcb.s:107027  .debug_str:000000000002f184 .LASF1767
     /tmp/ccvncDcb.s:103261  .debug_str:00000000000201be .LASF1768
     /tmp/ccvncDcb.s:102567  .debug_str:000000000001d1ed .LASF1769
     /tmp/ccvncDcb.s:97999  .debug_str:000000000000b53c .LASF1770
     /tmp/ccvncDcb.s:113057  .debug_str:0000000000047a43 .LASF1771
     /tmp/ccvncDcb.s:113997  .debug_str:000000000004b619 .LASF1772
     /tmp/ccvncDcb.s:102869  .debug_str:000000000001e5af .LASF1773
     /tmp/ccvncDcb.s:98855  .debug_str:000000000000ee52 .LASF1774
     /tmp/ccvncDcb.s:113165  .debug_str:00000000000481a9 .LASF1775
     /tmp/ccvncDcb.s:98349  .debug_str:000000000000ce6e .LASF1776
     /tmp/ccvncDcb.s:112275  .debug_str:00000000000441ec .LASF1777
     /tmp/ccvncDcb.s:104551  .debug_str:00000000000258bb .LASF1778
     /tmp/ccvncDcb.s:107103  .debug_str:000000000002f6a4 .LASF1779
     /tmp/ccvncDcb.s:113889  .debug_str:000000000004aef4 .LASF1780
     /tmp/ccvncDcb.s:105211  .debug_str:0000000000027f74 .LASF1781
     /tmp/ccvncDcb.s:105449  .debug_str:0000000000028d64 .LASF1782
     /tmp/ccvncDcb.s:110595  .debug_str:000000000003d3d9 .LASF1783
     /tmp/ccvncDcb.s:112059  .debug_str:00000000000434ff .LASF1784
     /tmp/ccvncDcb.s:100933  .debug_str:000000000001687d .LASF1785
     /tmp/ccvncDcb.s:102477  .debug_str:000000000001cc98 .LASF1786
     /tmp/ccvncDcb.s:113839  .debug_str:000000000004ac06 .LASF1787
     /tmp/ccvncDcb.s:113005  .debug_str:00000000000476fd .LASF1788
     /tmp/ccvncDcb.s:114783  .debug_str:000000000004ea04 .LASF1789
     /tmp/ccvncDcb.s:97927  .debug_str:000000000000b0c3 .LASF1790
     /tmp/ccvncDcb.s:108645  .debug_str:0000000000035793 .LASF1791
     /tmp/ccvncDcb.s:104093  .debug_str:0000000000023aa8 .LASF1792
     /tmp/ccvncDcb.s:114683  .debug_str:000000000004e36e .LASF1793
     /tmp/ccvncDcb.s:115297  .debug_str:0000000000050c88 .LASF1794
     /tmp/ccvncDcb.s:114099  .debug_str:000000000004bcdc .LASF1795
     /tmp/ccvncDcb.s:105341  .debug_str:0000000000028644 .LASF1796
     /tmp/ccvncDcb.s:104539  .debug_str:00000000000257d7 .LASF1797
     /tmp/ccvncDcb.s:97865  .debug_str:000000000000ac51 .LASF1798
     /tmp/ccvncDcb.s:116051  .debug_str:0000000000054103 .LASF1799
     /tmp/ccvncDcb.s:106821  .debug_str:000000000002e549 .LASF1800
     /tmp/ccvncDcb.s:100415  .debug_str:00000000000149ed .LASF1801
     /tmp/ccvncDcb.s:108129  .debug_str:00000000000336a1 .LASF1802
     /tmp/ccvncDcb.s:111967  .debug_str:0000000000042eec .LASF1803
     /tmp/ccvncDcb.s:96165  .debug_str:0000000000003b4a .LASF1804
     /tmp/ccvncDcb.s:105733  .debug_str:0000000000029f50 .LASF1805
     /tmp/ccvncDcb.s:108483  .debug_str:0000000000034c57 .LASF1806
     /tmp/ccvncDcb.s:108099  .debug_str:00000000000334d2 .LASF1807
     /tmp/ccvncDcb.s:98509  .debug_str:000000000000d959 .LASF1808
     /tmp/ccvncDcb.s:97167  .debug_str:0000000000007e31 .LASF1809
     /tmp/ccvncDcb.s:104375  .debug_str:0000000000024c33 .LASF1810
     /tmp/ccvncDcb.s:108795  .debug_str:0000000000036188 .LASF1811
     /tmp/ccvncDcb.s:115607  .debug_str:000000000005211d .LASF1812
     /tmp/ccvncDcb.s:98665  .debug_str:000000000000e36a .LASF1813
     /tmp/ccvncDcb.s:106503  .debug_str:000000000002d15f .LASF1814
     /tmp/ccvncDcb.s:107007  .debug_str:000000000002f07a .LASF1815
     /tmp/ccvncDcb.s:95411  .debug_str:000000000000087d .LASF1816
     /tmp/ccvncDcb.s:114615  .debug_str:000000000004dee6 .LASF1817
     /tmp/ccvncDcb.s:115677  .debug_str:00000000000526a0 .LASF1818
     /tmp/ccvncDcb.s:100361  .debug_str:00000000000146d6 .LASF1819
     /tmp/ccvncDcb.s:103091  .debug_str:000000000001f4df .LASF1820
     /tmp/ccvncDcb.s:107815  .debug_str:00000000000322f9 .LASF1821
     /tmp/ccvncDcb.s:103441  .debug_str:0000000000020ce4 .LASF1822
     /tmp/ccvncDcb.s:102545  .debug_str:000000000001d07f .LASF1823
     /tmp/ccvncDcb.s:113753  .debug_str:000000000004a6f6 .LASF1824
     /tmp/ccvncDcb.s:97301  .debug_str:00000000000086ea .LASF1825
     /tmp/ccvncDcb.s:115643  .debug_str:00000000000523b7 .LASF1826
     /tmp/ccvncDcb.s:114703  .debug_str:000000000004e4e0 .LASF1827
     /tmp/ccvncDcb.s:103647  .debug_str:0000000000021bd2 .LASF1828
     /tmp/ccvncDcb.s:106315  .debug_str:000000000002c57f .LASF1829
     /tmp/ccvncDcb.s:108741  .debug_str:0000000000035df1 .LASF1830
     /tmp/ccvncDcb.s:106425  .debug_str:000000000002cd1b .LASF1831
     /tmp/ccvncDcb.s:97801  .debug_str:000000000000a81f .LASF1832
     /tmp/ccvncDcb.s:112501  .debug_str:0000000000045208 .LASF1833
     /tmp/ccvncDcb.s:115147  .debug_str:00000000000502c9 .LASF1834
     /tmp/ccvncDcb.s:107393  .debug_str:000000000003087b .LASF1835
     /tmp/ccvncDcb.s:97907  .debug_str:000000000000af11 .LASF1836
     /tmp/ccvncDcb.s:111499  .debug_str:0000000000040fe6 .LASF1837
     /tmp/ccvncDcb.s:111805  .debug_str:0000000000042514 .LASF1838
     /tmp/ccvncDcb.s:110573  .debug_str:000000000003d268 .LASF1839
     /tmp/ccvncDcb.s:98713  .debug_str:000000000000e683 .LASF1840
     /tmp/ccvncDcb.s:106791  .debug_str:000000000002e35e .LASF1841
     /tmp/ccvncDcb.s:108919  .debug_str:00000000000369b4 .LASF1842
     /tmp/ccvncDcb.s:95357  .debug_str:00000000000004c9 .LASF1843
     /tmp/ccvncDcb.s:98085  .debug_str:000000000000bb3d .LASF1844
     /tmp/ccvncDcb.s:102113  .debug_str:000000000001b587 .LASF1845
     /tmp/ccvncDcb.s:97935  .debug_str:000000000000b151 .LASF1846
     /tmp/ccvncDcb.s:105535  .debug_str:00000000000292d9 .LASF1847
     /tmp/ccvncDcb.s:112297  .debug_str:0000000000044391 .LASF1848
     /tmp/ccvncDcb.s:101893  .debug_str:000000000001a636 .LASF1849
     /tmp/ccvncDcb.s:116019  .debug_str:0000000000053f24 .LASF1850
     /tmp/ccvncDcb.s:102541  .debug_str:000000000001d033 .LASF1851
     /tmp/ccvncDcb.s:109587  .debug_str:00000000000397e2 .LASF1852
     /tmp/ccvncDcb.s:114607  .debug_str:000000000004de34 .LASF1853
     /tmp/ccvncDcb.s:112117  .debug_str:0000000000043841 .LASF1854
     /tmp/ccvncDcb.s:107929  .debug_str:0000000000032a2c .LASF1855
     /tmp/ccvncDcb.s:113373  .debug_str:0000000000048ec4 .LASF1856
     /tmp/ccvncDcb.s:112765  .debug_str:0000000000046720 .LASF1857
     /tmp/ccvncDcb.s:105487  .debug_str:0000000000028f86 .LASF1858
     /tmp/ccvncDcb.s:97327  .debug_str:0000000000008894 .LASF1859
     /tmp/ccvncDcb.s:106571  .debug_str:000000000002d60e .LASF1860
     /tmp/ccvncDcb.s:106105  .debug_str:000000000002b8d2 .LASF1861
     /tmp/ccvncDcb.s:99073  .debug_str:000000000000fa2a .LASF1862
     /tmp/ccvncDcb.s:108293  .debug_str:0000000000034021 .LASF1863
     /tmp/ccvncDcb.s:101403  .debug_str:00000000000186df .LASF1864
     /tmp/ccvncDcb.s:106801  .debug_str:000000000002e3d5 .LASF1865
     /tmp/ccvncDcb.s:97657  .debug_str:0000000000009e38 .LASF1866
     /tmp/ccvncDcb.s:113989  .debug_str:000000000004b5a7 .LASF1867
     /tmp/ccvncDcb.s:107915  .debug_str:00000000000328e4 .LASF1868
     /tmp/ccvncDcb.s:96609  .debug_str:0000000000005884 .LASF1869
     /tmp/ccvncDcb.s:103715  .debug_str:00000000000220f1 .LASF1870
     /tmp/ccvncDcb.s:96285  .debug_str:00000000000043d1 .LASF1871
     /tmp/ccvncDcb.s:109223  .debug_str:0000000000037dd3 .LASF1872
     /tmp/ccvncDcb.s:97589  .debug_str:0000000000009a1a .LASF1873
     /tmp/ccvncDcb.s:107957  .debug_str:0000000000032bb0 .LASF1874
     /tmp/ccvncDcb.s:112757  .debug_str:0000000000046693 .LASF1875
     /tmp/ccvncDcb.s:105539  .debug_str:0000000000029315 .LASF1876
     /tmp/ccvncDcb.s:105723  .debug_str:0000000000029e9a .LASF1877
     /tmp/ccvncDcb.s:95603  .debug_str:00000000000014f9 .LASF1878
     /tmp/ccvncDcb.s:110209  .debug_str:000000000003bec9 .LASF1879
     /tmp/ccvncDcb.s:99155  .debug_str:000000000000fd64 .LASF1880
     /tmp/ccvncDcb.s:96177  .debug_str:0000000000003c26 .LASF1881
     /tmp/ccvncDcb.s:115885  .debug_str:000000000005365c .LASF1882
     /tmp/ccvncDcb.s:107305  .debug_str:0000000000030280 .LASF1883
     /tmp/ccvncDcb.s:110165  .debug_str:000000000003bb70 .LASF1884
     /tmp/ccvncDcb.s:115595  .debug_str:000000000005204e .LASF1885
     /tmp/ccvncDcb.s:103905  .debug_str:0000000000022da1 .LASF1886
     /tmp/ccvncDcb.s:106407  .debug_str:000000000002cbe0 .LASF1887
     /tmp/ccvncDcb.s:110009  .debug_str:000000000003b22a .LASF1888
     /tmp/ccvncDcb.s:107409  .debug_str:000000000003099d .LASF1889
     /tmp/ccvncDcb.s:109635  .debug_str:0000000000039ab0 .LASF1890
     /tmp/ccvncDcb.s:109273  .debug_str:0000000000038144 .LASF1891
     /tmp/ccvncDcb.s:115681  .debug_str:00000000000526e3 .LASF1892
     /tmp/ccvncDcb.s:100047  .debug_str:00000000000132e5 .LASF1893
     /tmp/ccvncDcb.s:114003  .debug_str:000000000004b684 .LASF1894
     /tmp/ccvncDcb.s:98693  .debug_str:000000000000e53f .LASF1895
     /tmp/ccvncDcb.s:111045  .debug_str:000000000003f1f6 .LASF1896
     /tmp/ccvncDcb.s:95949  .debug_str:0000000000002d9a .LASF1897
     /tmp/ccvncDcb.s:116247  .debug_str:0000000000054da6 .LASF1898
     /tmp/ccvncDcb.s:110815  .debug_str:000000000003e1c0 .LASF1899
     /tmp/ccvncDcb.s:99509  .debug_str:00000000000112a4 .LASF1900
     /tmp/ccvncDcb.s:101973  .debug_str:000000000001ac3e .LASF1901
     /tmp/ccvncDcb.s:107557  .debug_str:00000000000311b4 .LASF1902
     /tmp/ccvncDcb.s:108229  .debug_str:0000000000033c62 .LASF1903
     /tmp/ccvncDcb.s:100737  .debug_str:0000000000015cfd .LASF1904
     /tmp/ccvncDcb.s:108115  .debug_str:00000000000335ad .LASF1905
     /tmp/ccvncDcb.s:98683  .debug_str:000000000000e460 .LASF1906
     /tmp/ccvncDcb.s:104737  .debug_str:00000000000264af .LASF1907
     /tmp/ccvncDcb.s:108083  .debug_str:00000000000333cf .LASF1908
     /tmp/ccvncDcb.s:115307  .debug_str:0000000000050d4a .LASF1909
     /tmp/ccvncDcb.s:95813  .debug_str:00000000000024c3 .LASF1910
     /tmp/ccvncDcb.s:115329  .debug_str:0000000000050ea8 .LASF1911
     /tmp/ccvncDcb.s:98837  .debug_str:000000000000ed3f .LASF1912
     /tmp/ccvncDcb.s:110787  .debug_str:000000000003df55 .LASF1913
     /tmp/ccvncDcb.s:108127  .debug_str:0000000000033677 .LASF1914
     /tmp/ccvncDcb.s:102687  .debug_str:000000000001d97e .LASF1915
     /tmp/ccvncDcb.s:95575  .debug_str:0000000000001326 .LASF1916
     /tmp/ccvncDcb.s:113763  .debug_str:000000000004a7e5 .LASF1917
     /tmp/ccvncDcb.s:107687  .debug_str:00000000000319fd .LASF1918
     /tmp/ccvncDcb.s:111689  .debug_str:0000000000041d78 .LASF1919
     /tmp/ccvncDcb.s:104611  .debug_str:0000000000025c2d .LASF1920
     /tmp/ccvncDcb.s:108271  .debug_str:0000000000033eb2 .LASF1921
     /tmp/ccvncDcb.s:97843  .debug_str:000000000000aa95 .LASF1922
     /tmp/ccvncDcb.s:100995  .debug_str:0000000000016d21 .LASF1923
     /tmp/ccvncDcb.s:103559  .debug_str:00000000000215e9 .LASF1924
     /tmp/ccvncDcb.s:107381  .debug_str:00000000000307d2 .LASF1925
     /tmp/ccvncDcb.s:103693  .debug_str:0000000000021fa8 .LASF1926
     /tmp/ccvncDcb.s:103201  .debug_str:000000000001fcbf .LASF1927
     /tmp/ccvncDcb.s:99533  .debug_str:0000000000011428 .LASF1928
     /tmp/ccvncDcb.s:105507  .debug_str:00000000000290e5 .LASF1929
     /tmp/ccvncDcb.s:113311  .debug_str:0000000000048b14 .LASF1930
     /tmp/ccvncDcb.s:112789  .debug_str:0000000000046904 .LASF1931
     /tmp/ccvncDcb.s:109297  .debug_str:0000000000038362 .LASF1932
     /tmp/ccvncDcb.s:96847  .debug_str:000000000000679a .LASF1933
     /tmp/ccvncDcb.s:99315  .debug_str:00000000000106a2 .LASF1934
     /tmp/ccvncDcb.s:108189  .debug_str:0000000000033a33 .LASF1935
     /tmp/ccvncDcb.s:112191  .debug_str:0000000000043d16 .LASF1936
     /tmp/ccvncDcb.s:112771  .debug_str:0000000000046778 .LASF1937
     /tmp/ccvncDcb.s:112091  .debug_str:00000000000436cb .LASF1938
     /tmp/ccvncDcb.s:96799  .debug_str:00000000000064c0 .LASF1939
     /tmp/ccvncDcb.s:102581  .debug_str:000000000001d2fd .LASF1940
     /tmp/ccvncDcb.s:103229  .debug_str:000000000001feb8 .LASF1941
     /tmp/ccvncDcb.s:106737  .debug_str:000000000002e073 .LASF1942
     /tmp/ccvncDcb.s:102609  .debug_str:000000000001d4c6 .LASF1943
     /tmp/ccvncDcb.s:104623  .debug_str:0000000000025ce3 .LASF1944
     /tmp/ccvncDcb.s:102831  .debug_str:000000000001e36a .LASF1945
     /tmp/ccvncDcb.s:103953  .debug_str:00000000000230f0 .LASF1946
     /tmp/ccvncDcb.s:99945  .debug_str:0000000000012bba .LASF1947
     /tmp/ccvncDcb.s:95737  .debug_str:0000000000001f7c .LASF1948
     /tmp/ccvncDcb.s:102515  .debug_str:000000000001cf28 .LASF1949
     /tmp/ccvncDcb.s:97909  .debug_str:000000000000af38 .LASF1950
     /tmp/ccvncDcb.s:95675  .debug_str:0000000000001aee .LASF1951
     /tmp/ccvncDcb.s:103371  .debug_str:00000000000208ad .LASF1952
     /tmp/ccvncDcb.s:108831  .debug_str:000000000003645a .LASF1953
     /tmp/ccvncDcb.s:95865  .debug_str:000000000000281a .LASF1954
     /tmp/ccvncDcb.s:110983  .debug_str:000000000003ed61 .LASF1955
     /tmp/ccvncDcb.s:113711  .debug_str:000000000004a438 .LASF1956
     /tmp/ccvncDcb.s:96473  .debug_str:00000000000050a0 .LASF1957
     /tmp/ccvncDcb.s:97341  .debug_str:0000000000008957 .LASF1958
     /tmp/ccvncDcb.s:98133  .debug_str:000000000000bef0 .LASF1959
     /tmp/ccvncDcb.s:101301  .debug_str:00000000000180c7 .LASF1960
     /tmp/ccvncDcb.s:114273  .debug_str:000000000004c8b7 .LASF1961
     /tmp/ccvncDcb.s:108677  .debug_str:0000000000035a0f .LASF1962
     /tmp/ccvncDcb.s:114795  .debug_str:000000000004eac1 .LASF1963
     /tmp/ccvncDcb.s:104217  .debug_str:0000000000024280 .LASF1964
     /tmp/ccvncDcb.s:108979  .debug_str:0000000000036d54 .LASF1965
     /tmp/ccvncDcb.s:97193  .debug_str:0000000000008029 .LASF1966
     /tmp/ccvncDcb.s:114705  .debug_str:000000000004e4ff .LASF1967
     /tmp/ccvncDcb.s:101861  .debug_str:000000000001a458 .LASF1968
     /tmp/ccvncDcb.s:110069  .debug_str:000000000003b61c .LASF1969
     /tmp/ccvncDcb.s:113803  .debug_str:000000000004aa65 .LASF1970
     /tmp/ccvncDcb.s:103627  .debug_str:0000000000021a46 .LASF1971
     /tmp/ccvncDcb.s:106003  .debug_str:000000000002b172 .LASF1972
     /tmp/ccvncDcb.s:101555  .debug_str:0000000000019211 .LASF1973
     /tmp/ccvncDcb.s:96371  .debug_str:00000000000049a5 .LASF1974
     /tmp/ccvncDcb.s:105023  .debug_str:000000000002756a .LASF1975
     /tmp/ccvncDcb.s:99539  .debug_str:00000000000114d9 .LASF1976
     /tmp/ccvncDcb.s:112007  .debug_str:00000000000431be .LASF1977
     /tmp/ccvncDcb.s:97525  .debug_str:0000000000009581 .LASF1978
     /tmp/ccvncDcb.s:114931  .debug_str:000000000004f2f4 .LASF1979
     /tmp/ccvncDcb.s:109189  .debug_str:0000000000037bd9 .LASF1980
     /tmp/ccvncDcb.s:115327  .debug_str:0000000000050e7f .LASF1981
     /tmp/ccvncDcb.s:104435  .debug_str:0000000000025024 .LASF1982
     /tmp/ccvncDcb.s:102321  .debug_str:000000000001c3d0 .LASF1983
     /tmp/ccvncDcb.s:115845  .debug_str:0000000000053338 .LASF1984
     /tmp/ccvncDcb.s:99193  .debug_str:000000000001001d .LASF1985
     /tmp/ccvncDcb.s:112015  .debug_str:0000000000043261 .LASF1986
     /tmp/ccvncDcb.s:112817  .debug_str:0000000000046b1b .LASF1987
     /tmp/ccvncDcb.s:114281  .debug_str:000000000004c919 .LASF1988
     /tmp/ccvncDcb.s:105199  .debug_str:0000000000027ece .LASF1989
     /tmp/ccvncDcb.s:106805  .debug_str:000000000002e40d .LASF1990
     /tmp/ccvncDcb.s:97567  .debug_str:000000000000987b .LASF1991
     /tmp/ccvncDcb.s:97991  .debug_str:000000000000b496 .LASF1992
     /tmp/ccvncDcb.s:104337  .debug_str:00000000000249c3 .LASF1993
     /tmp/ccvncDcb.s:95351  .debug_str:000000000000046e .LASF1994
     /tmp/ccvncDcb.s:115827  .debug_str:0000000000053209 .LASF1995
     /tmp/ccvncDcb.s:96683  .debug_str:0000000000005d98 .LASF1996
     /tmp/ccvncDcb.s:111591  .debug_str:0000000000041629 .LASF1997
     /tmp/ccvncDcb.s:105633  .debug_str:00000000000297f4 .LASF1998
     /tmp/ccvncDcb.s:98195  .debug_str:000000000000c3bc .LASF1999
     /tmp/ccvncDcb.s:106721  .debug_str:000000000002df87 .LASF2000
     /tmp/ccvncDcb.s:113301  .debug_str:0000000000048a53 .LASF2001
     /tmp/ccvncDcb.s:96795  .debug_str:0000000000006450 .LASF2002
     /tmp/ccvncDcb.s:107985  .debug_str:0000000000032d24 .LASF2003
     /tmp/ccvncDcb.s:98089  .debug_str:000000000000bb9b .LASF2004
     /tmp/ccvncDcb.s:114023  .debug_str:000000000004b81c .LASF2005
     /tmp/ccvncDcb.s:110967  .debug_str:000000000003ec42 .LASF2006
     /tmp/ccvncDcb.s:104619  .debug_str:0000000000025ca7 .LASF2007
     /tmp/ccvncDcb.s:103159  .debug_str:000000000001f9c3 .LASF2008
     /tmp/ccvncDcb.s:115003  .debug_str:000000000004f81f .LASF2009
     /tmp/ccvncDcb.s:116143  .debug_str:0000000000054669 .LASF2010
     /tmp/ccvncDcb.s:104777  .debug_str:0000000000026752 .LASF2011
     /tmp/ccvncDcb.s:99917  .debug_str:00000000000129cf .LASF2012
     /tmp/ccvncDcb.s:110203  .debug_str:000000000003be4d .LASF2013
     /tmp/ccvncDcb.s:103663  .debug_str:0000000000021d4a .LASF2014
     /tmp/ccvncDcb.s:111169  .debug_str:000000000003f9e4 .LASF2015
     /tmp/ccvncDcb.s:103045  .debug_str:000000000001f188 .LASF2016
     /tmp/ccvncDcb.s:99941  .debug_str:0000000000012b63 .LASF2017
     /tmp/ccvncDcb.s:96885  .debug_str:0000000000006a61 .LASF2018
     /tmp/ccvncDcb.s:108261  .debug_str:0000000000033e3a .LASF2019
     /tmp/ccvncDcb.s:100875  .debug_str:0000000000016503 .LASF2020
     /tmp/ccvncDcb.s:97715  .debug_str:000000000000a181 .LASF2021
     /tmp/ccvncDcb.s:103109  .debug_str:000000000001f67e .LASF2022
     /tmp/ccvncDcb.s:99741  .debug_str:0000000000011f95 .LASF2023
     /tmp/ccvncDcb.s:111727  .debug_str:000000000004202b .LASF2024
     /tmp/ccvncDcb.s:107131  .debug_str:000000000002f83b .LASF2025
     /tmp/ccvncDcb.s:108205  .debug_str:0000000000033b26 .LASF2026
     /tmp/ccvncDcb.s:96225  .debug_str:0000000000003f67 .LASF2027
     /tmp/ccvncDcb.s:95979  .debug_str:0000000000002f8e .LASF2028
     /tmp/ccvncDcb.s:96585  .debug_str:00000000000056df .LASF2029
     /tmp/ccvncDcb.s:110395  .debug_str:000000000003c8d5 .LASF2030
     /tmp/ccvncDcb.s:99507  .debug_str:0000000000011281 .LASF2031
     /tmp/ccvncDcb.s:98193  .debug_str:000000000000c3a1 .LASF2032
     /tmp/ccvncDcb.s:112133  .debug_str:000000000004396f .LASF2033
     /tmp/ccvncDcb.s:95479  .debug_str:0000000000000cb7 .LASF2034
     /tmp/ccvncDcb.s:99033  .debug_str:000000000000f79f .LASF2035
     /tmp/ccvncDcb.s:95823  .debug_str:0000000000002545 .LASF2036
     /tmp/ccvncDcb.s:103345  .debug_str:00000000000206b1 .LASF2037
     /tmp/ccvncDcb.s:111747  .debug_str:000000000004217e .LASF2038
     /tmp/ccvncDcb.s:113665  .debug_str:000000000004a15a .LASF2039
     /tmp/ccvncDcb.s:111899  .debug_str:0000000000042b8d .LASF2040
     /tmp/ccvncDcb.s:115013  .debug_str:000000000004f8c9 .LASF2041
     /tmp/ccvncDcb.s:109421  .debug_str:0000000000038c05 .LASF2042
     /tmp/ccvncDcb.s:103059  .debug_str:000000000001f27c .LASF2043
     /tmp/ccvncDcb.s:96605  .debug_str:000000000000585a .LASF2044
     /tmp/ccvncDcb.s:109023  .debug_str:0000000000036fea .LASF2045
     /tmp/ccvncDcb.s:112569  .debug_str:00000000000457cc .LASF2046
     /tmp/ccvncDcb.s:105515  .debug_str:0000000000029180 .LASF2047
     /tmp/ccvncDcb.s:115293  .debug_str:0000000000050c28 .LASF2048
     /tmp/ccvncDcb.s:100497  .debug_str:0000000000014f56 .LASF2049
     /tmp/ccvncDcb.s:98471  .debug_str:000000000000d686 .LASF2050
     /tmp/ccvncDcb.s:116139  .debug_str:0000000000054608 .LASF2051
     /tmp/ccvncDcb.s:100939  .debug_str:00000000000168d0 .LASF2052
     /tmp/ccvncDcb.s:98633  .debug_str:000000000000e1a2 .LASF2053
     /tmp/ccvncDcb.s:103951  .debug_str:00000000000230c8 .LASF2054
     /tmp/ccvncDcb.s:101873  .debug_str:000000000001a548 .LASF2055
     /tmp/ccvncDcb.s:110495  .debug_str:000000000003ce49 .LASF2056
     /tmp/ccvncDcb.s:103047  .debug_str:000000000001f1b1 .LASF2057
     /tmp/ccvncDcb.s:114743  .debug_str:000000000004e7dd .LASF2058
     /tmp/ccvncDcb.s:97771  .debug_str:000000000000a673 .LASF2059
     /tmp/ccvncDcb.s:104007  .debug_str:0000000000023482 .LASF2060
     /tmp/ccvncDcb.s:105355  .debug_str:0000000000028737 .LASF2061
     /tmp/ccvncDcb.s:99531  .debug_str:00000000000113ff .LASF2062
     /tmp/ccvncDcb.s:100127  .debug_str:00000000000137ab .LASF2063
     /tmp/ccvncDcb.s:115755  .debug_str:0000000000052d52 .LASF2064
     /tmp/ccvncDcb.s:113341  .debug_str:0000000000048cd9 .LASF2065
     /tmp/ccvncDcb.s:98787  .debug_str:000000000000ea1d .LASF2066
     /tmp/ccvncDcb.s:97613  .debug_str:0000000000009b42 .LASF2067
     /tmp/ccvncDcb.s:109441  .debug_str:0000000000038dd2 .LASF2068
     /tmp/ccvncDcb.s:112773  .debug_str:00000000000467a0 .LASF2069
     /tmp/ccvncDcb.s:106269  .debug_str:000000000002c26a .LASF2070
     /tmp/ccvncDcb.s:107691  .debug_str:0000000000031a3c .LASF2071
     /tmp/ccvncDcb.s:99875  .debug_str:0000000000012721 .LASF2072
     /tmp/ccvncDcb.s:103761  .debug_str:0000000000022480 .LASF2073
     /tmp/ccvncDcb.s:108073  .debug_str:0000000000033301 .LASF2074
     /tmp/ccvncDcb.s:103927  .debug_str:0000000000022f01 .LASF2075
     /tmp/ccvncDcb.s:97165  .debug_str:0000000000007e08 .LASF2076
     /tmp/ccvncDcb.s:101431  .debug_str:000000000001890c .LASF2077
     /tmp/ccvncDcb.s:109139  .debug_str:0000000000037785 .LASF2078
     /tmp/ccvncDcb.s:96091  .debug_str:00000000000036f8 .LASF2079
     /tmp/ccvncDcb.s:111735  .debug_str:0000000000042099 .LASF2080
     /tmp/ccvncDcb.s:96581  .debug_str:00000000000056b8 .LASF2081
     /tmp/ccvncDcb.s:103181  .debug_str:000000000001fb8c .LASF2082
     /tmp/ccvncDcb.s:109757  .debug_str:000000000003a269 .LASF2083
     /tmp/ccvncDcb.s:106607  .debug_str:000000000002d861 .LASF2084
     /tmp/ccvncDcb.s:102937  .debug_str:000000000001ea23 .LASF2085
     /tmp/ccvncDcb.s:113587  .debug_str:0000000000049c43 .LASF2086
     /tmp/ccvncDcb.s:111387  .debug_str:00000000000408c5 .LASF2087
     /tmp/ccvncDcb.s:101177  .debug_str:0000000000017860 .LASF2088
     /tmp/ccvncDcb.s:114781  .debug_str:000000000004e9dc .LASF2089
     /tmp/ccvncDcb.s:96761  .debug_str:000000000000629e .LASF2090
     /tmp/ccvncDcb.s:99349  .debug_str:000000000001094d .LASF2091
     /tmp/ccvncDcb.s:102953  .debug_str:000000000001eb07 .LASF2092
     /tmp/ccvncDcb.s:108123  .debug_str:000000000003361d .LASF2093
     /tmp/ccvncDcb.s:115491  .debug_str:00000000000519df .LASF2094
     /tmp/ccvncDcb.s:114453  .debug_str:000000000004d3ba .LASF2095
     /tmp/ccvncDcb.s:109805  .debug_str:000000000003a5fd .LASF2096
     /tmp/ccvncDcb.s:102037  .debug_str:000000000001b0c5 .LASF2097
     /tmp/ccvncDcb.s:107089  .debug_str:000000000002f5eb .LASF2098
     /tmp/ccvncDcb.s:109865  .debug_str:000000000003a982 .LASF2099
     /tmp/ccvncDcb.s:102279  .debug_str:000000000001c0e3 .LASF2100
     /tmp/ccvncDcb.s:116069  .debug_str:0000000000054189 .LASF2101
     /tmp/ccvncDcb.s:98021  .debug_str:000000000000b6ae .LASF2102
     /tmp/ccvncDcb.s:110293  .debug_str:000000000003c369 .LASF2103
     /tmp/ccvncDcb.s:104735  .debug_str:0000000000026486 .LASF2104
     /tmp/ccvncDcb.s:110995  .debug_str:000000000003ee55 .LASF2105
     /tmp/ccvncDcb.s:104829  .debug_str:0000000000026aa1 .LASF2106
     /tmp/ccvncDcb.s:97679  .debug_str:0000000000009f84 .LASF2107
     /tmp/ccvncDcb.s:109255  .debug_str:000000000003800c .LASF2108
     /tmp/ccvncDcb.s:113637  .debug_str:0000000000049fd2 .LASF2109
     /tmp/ccvncDcb.s:98291  .debug_str:000000000000caca .LASF2110
     /tmp/ccvncDcb.s:100035  .debug_str:0000000000013200 .LASF2111
     /tmp/ccvncDcb.s:99865  .debug_str:0000000000012676 .LASF2112
     /tmp/ccvncDcb.s:99409  .debug_str:0000000000010d30 .LASF2113
     /tmp/ccvncDcb.s:110251  .debug_str:000000000003c08c .LASF2114
     /tmp/ccvncDcb.s:97535  .debug_str:000000000000961b .LASF2115
     /tmp/ccvncDcb.s:114409  .debug_str:000000000004d13b .LASF2116
     /tmp/ccvncDcb.s:113519  .debug_str:00000000000497c0 .LASF2117
     /tmp/ccvncDcb.s:103631  .debug_str:0000000000021a89 .LASF2118
     /tmp/ccvncDcb.s:111823  .debug_str:000000000004261d .LASF2119
     /tmp/ccvncDcb.s:111583  .debug_str:00000000000415bb .LASF2120
     /tmp/ccvncDcb.s:106697  .debug_str:000000000002ddaf .LASF2121
     /tmp/ccvncDcb.s:100745  .debug_str:0000000000015d65 .LASF2122
     /tmp/ccvncDcb.s:98347  .debug_str:000000000000ce4c .LASF2123
     /tmp/ccvncDcb.s:102405  .debug_str:000000000001c8e7 .LASF2124
     /tmp/ccvncDcb.s:114165  .debug_str:000000000004c0c6 .LASF2125
     /tmp/ccvncDcb.s:112719  .debug_str:0000000000046444 .LASF2126
     /tmp/ccvncDcb.s:95991  .debug_str:0000000000003054 .LASF2127
     /tmp/ccvncDcb.s:101963  .debug_str:000000000001ab33 .LASF2128
     /tmp/ccvncDcb.s:95427  .debug_str:00000000000009bf .LASF2129
     /tmp/ccvncDcb.s:106181  .debug_str:000000000002bc99 .LASF2130
     /tmp/ccvncDcb.s:109217  .debug_str:0000000000037d66 .LASF2131
     /tmp/ccvncDcb.s:104837  .debug_str:0000000000026b07 .LASF2132
     /tmp/ccvncDcb.s:114129  .debug_str:000000000004bea4 .LASF2133
     /tmp/ccvncDcb.s:109785  .debug_str:000000000003a43f .LASF2134
     /tmp/ccvncDcb.s:106215  .debug_str:000000000002bf3c .LASF2135
     /tmp/ccvncDcb.s:105769  .debug_str:000000000002a1f3 .LASF2136
     /tmp/ccvncDcb.s:111455  .debug_str:0000000000040d09 .LASF2137
     /tmp/ccvncDcb.s:104527  .debug_str:000000000002570c .LASF2138
     /tmp/ccvncDcb.s:107565  .debug_str:0000000000031230 .LASF2139
     /tmp/ccvncDcb.s:111771  .debug_str:00000000000422e3 .LASF2140
     /tmp/ccvncDcb.s:101775  .debug_str:0000000000019f1a .LASF2141
     /tmp/ccvncDcb.s:109157  .debug_str:00000000000378b7 .LASF2142
     /tmp/ccvncDcb.s:113137  .debug_str:0000000000047fe9 .LASF2143
     /tmp/ccvncDcb.s:111301  .debug_str:000000000004031d .LASF2144
     /tmp/ccvncDcb.s:102093  .debug_str:000000000001b4b1 .LASF2145
     /tmp/ccvncDcb.s:108855  .debug_str:000000000003665e .LASF2146
     /tmp/ccvncDcb.s:95657  .debug_str:00000000000018f6 .LASF2147
     /tmp/ccvncDcb.s:97313  .debug_str:00000000000087b1 .LASF2148
     /tmp/ccvncDcb.s:97825  .debug_str:000000000000a93f .LASF2149
     /tmp/ccvncDcb.s:106595  .debug_str:000000000002d7c1 .LASF2150
     /tmp/ccvncDcb.s:114875  .debug_str:000000000004ef49 .LASF2151
     /tmp/ccvncDcb.s:103813  .debug_str:000000000002281c .LASF2152
     /tmp/ccvncDcb.s:100149  .debug_str:0000000000013901 .LASF2153
     /tmp/ccvncDcb.s:95469  .debug_str:0000000000000c25 .LASF2154
     /tmp/ccvncDcb.s:109907  .debug_str:000000000003ac1a .LASF2155
     /tmp/ccvncDcb.s:115085  .debug_str:000000000004fe76 .LASF2156
     /tmp/ccvncDcb.s:104319  .debug_str:0000000000024895 .LASF2157
     /tmp/ccvncDcb.s:110497  .debug_str:000000000003ce71 .LASF2158
     /tmp/ccvncDcb.s:115745  .debug_str:0000000000052c77 .LASF2159
     /tmp/ccvncDcb.s:108029  .debug_str:0000000000032fb4 .LASF2160
     /tmp/ccvncDcb.s:109171  .debug_str:0000000000037a12 .LASF2161
     /tmp/ccvncDcb.s:105739  .debug_str:0000000000029fbb .LASF2162
     /tmp/ccvncDcb.s:102561  .debug_str:000000000001d157 .LASF2163
     /tmp/ccvncDcb.s:104475  .debug_str:00000000000252b8 .LASF2164
     /tmp/ccvncDcb.s:96121  .debug_str:0000000000003838 .LASF2165
     /tmp/ccvncDcb.s:107123  .debug_str:000000000002f794 .LASF2166
     /tmp/ccvncDcb.s:113377  .debug_str:0000000000048ef9 .LASF2167
     /tmp/ccvncDcb.s:105293  .debug_str:0000000000028385 .LASF2168
     /tmp/ccvncDcb.s:108807  .debug_str:000000000003623c .LASF2169
     /tmp/ccvncDcb.s:98461  .debug_str:000000000000d5a1 .LASF2170
     /tmp/ccvncDcb.s:97541  .debug_str:0000000000009689 .LASF2171
     /tmp/ccvncDcb.s:109389  .debug_str:0000000000038a1e .LASF2172
     /tmp/ccvncDcb.s:115527  .debug_str:0000000000051c99 .LASF2173
     /tmp/ccvncDcb.s:112835  .debug_str:0000000000046cb0 .LASF2174
     /tmp/ccvncDcb.s:103105  .debug_str:000000000001f639 .LASF2175
     /tmp/ccvncDcb.s:104731  .debug_str:0000000000026434 .LASF2176
     /tmp/ccvncDcb.s:112625  .debug_str:0000000000045b5e .LASF2177
     /tmp/ccvncDcb.s:108103  .debug_str:0000000000033519 .LASF2178
     /tmp/ccvncDcb.s:99197  .debug_str:000000000001005d .LASF2179
     /tmp/ccvncDcb.s:106411  .debug_str:000000000002cc28 .LASF2180
     /tmp/ccvncDcb.s:95857  .debug_str:000000000000274c .LASF2181
     /tmp/ccvncDcb.s:96807  .debug_str:0000000000006535 .LASF2182
     /tmp/ccvncDcb.s:96601  .debug_str:0000000000005806 .LASF2183
     /tmp/ccvncDcb.s:115015  .debug_str:000000000004f8eb .LASF2184
     /tmp/ccvncDcb.s:105393  .debug_str:000000000002894e .LASF2185
     /tmp/ccvncDcb.s:108621  .debug_str:00000000000355e7 .LASF2186
     /tmp/ccvncDcb.s:108289  .debug_str:0000000000033ff1 .LASF2187
     /tmp/ccvncDcb.s:110287  .debug_str:000000000003c2dd .LASF2188
     /tmp/ccvncDcb.s:95375  .debug_str:000000000000063a .LASF2189
     /tmp/ccvncDcb.s:103467  .debug_str:0000000000020f5b .LASF2190
     /tmp/ccvncDcb.s:112647  .debug_str:0000000000045d1b .LASF2191
     /tmp/ccvncDcb.s:104441  .debug_str:000000000002509d .LASF2192
     /tmp/ccvncDcb.s:106699  .debug_str:000000000002ddd0 .LASF2193
     /tmp/ccvncDcb.s:112071  .debug_str:00000000000435a0 .LASF2194
     /tmp/ccvncDcb.s:112075  .debug_str:00000000000435e6 .LASF2195
     /tmp/ccvncDcb.s:105087  .debug_str:000000000002783b .LASF2196
     /tmp/ccvncDcb.s:103303  .debug_str:00000000000203ee .LASF2197
     /tmp/ccvncDcb.s:114767  .debug_str:000000000004e90c .LASF2198
     /tmp/ccvncDcb.s:97603  .debug_str:0000000000009ac5 .LASF2199
     /tmp/ccvncDcb.s:106997  .debug_str:000000000002efe2 .LASF2200
     /tmp/ccvncDcb.s:101903  .debug_str:000000000001a723 .LASF2201
     /tmp/ccvncDcb.s:102645  .debug_str:000000000001d701 .LASF2202
     /tmp/ccvncDcb.s:101515  .debug_str:0000000000018f1e .LASF2203
     /tmp/ccvncDcb.s:100669  .debug_str:0000000000015909 .LASF2204
     /tmp/ccvncDcb.s:113867  .debug_str:000000000004adb3 .LASF2205
     /tmp/ccvncDcb.s:105179  .debug_str:0000000000027d0f .LASF2206
     /tmp/ccvncDcb.s:98283  .debug_str:000000000000ca79 .LASF2207
     /tmp/ccvncDcb.s:96727  .debug_str:000000000000604d .LASF2208
     /tmp/ccvncDcb.s:112175  .debug_str:0000000000043c0a .LASF2209
     /tmp/ccvncDcb.s:111249  .debug_str:000000000003ff60 .LASF2210
     /tmp/ccvncDcb.s:107885  .debug_str:000000000003270f .LASF2211
     /tmp/ccvncDcb.s:97263  .debug_str:00000000000084e9 .LASF2212
     /tmp/ccvncDcb.s:109617  .debug_str:0000000000039978 .LASF2213
     /tmp/ccvncDcb.s:113733  .debug_str:000000000004a598 .LASF2214
     /tmp/ccvncDcb.s:96141  .debug_str:0000000000003959 .LASF2215
     /tmp/ccvncDcb.s:111471  .debug_str:0000000000040e2a .LASF2216
     /tmp/ccvncDcb.s:110685  .debug_str:000000000003d8a6 .LASF2217
     /tmp/ccvncDcb.s:109237  .debug_str:0000000000037eb5 .LASF2218
     /tmp/ccvncDcb.s:103959  .debug_str:0000000000023164 .LASF2219
     /tmp/ccvncDcb.s:109817  .debug_str:000000000003a6de .LASF2220
     /tmp/ccvncDcb.s:101161  .debug_str:000000000001774a .LASF2221
     /tmp/ccvncDcb.s:101233  .debug_str:0000000000017c55 .LASF2222
     /tmp/ccvncDcb.s:113155  .debug_str:0000000000048112 .LASF2223
     /tmp/ccvncDcb.s:108899  .debug_str:000000000003683f .LASF2224
     /tmp/ccvncDcb.s:100445  .debug_str:0000000000014bb1 .LASF2225
     /tmp/ccvncDcb.s:100125  .debug_str:000000000001377d .LASF2226
     /tmp/ccvncDcb.s:107295  .debug_str:00000000000301fd .LASF2227
     /tmp/ccvncDcb.s:111185  .debug_str:000000000003fb2a .LASF2228
     /tmp/ccvncDcb.s:113553  .debug_str:00000000000499a7 .LASF2229
     /tmp/ccvncDcb.s:100195  .debug_str:0000000000013b98 .LASF2230
     /tmp/ccvncDcb.s:97463  .debug_str:0000000000009210 .LASF2231
     /tmp/ccvncDcb.s:99585  .debug_str:00000000000116d1 .LASF2232
     /tmp/ccvncDcb.s:115427  .debug_str:000000000005158b .LASF2233
     /tmp/ccvncDcb.s:97571  .debug_str:00000000000098cf .LASF2234
     /tmp/ccvncDcb.s:112211  .debug_str:0000000000043e57 .LASF2235
     /tmp/ccvncDcb.s:99877  .debug_str:0000000000012749 .LASF2236
     /tmp/ccvncDcb.s:103277  .debug_str:0000000000020291 .LASF2237
     /tmp/ccvncDcb.s:100303  .debug_str:00000000000142cb .LASF2238
     /tmp/ccvncDcb.s:103925  .debug_str:0000000000022edd .LASF2239
     /tmp/ccvncDcb.s:95325  .debug_str:0000000000000277 .LASF2240
     /tmp/ccvncDcb.s:95529  .debug_str:0000000000000fd6 .LASF2241
     /tmp/ccvncDcb.s:112511  .debug_str:00000000000452ce .LASF2242
     /tmp/ccvncDcb.s:96227  .debug_str:0000000000003f89 .LASF2243
     /tmp/ccvncDcb.s:103513  .debug_str:00000000000212ac .LASF2244
     /tmp/ccvncDcb.s:104633  .debug_str:0000000000025d5d .LASF2245
     /tmp/ccvncDcb.s:104645  .debug_str:0000000000025e2b .LASF2246
     /tmp/ccvncDcb.s:105805  .debug_str:000000000002a421 .LASF2247
     /tmp/ccvncDcb.s:98577  .debug_str:000000000000ddf7 .LASF2248
     /tmp/ccvncDcb.s:98357  .debug_str:000000000000cec9 .LASF2249
     /tmp/ccvncDcb.s:102107  .debug_str:000000000001b541 .LASF2250
     /tmp/ccvncDcb.s:100813  .debug_str:00000000000160d5 .LASF2251
     /tmp/ccvncDcb.s:107353  .debug_str:00000000000305f0 .LASF2252
     /tmp/ccvncDcb.s:104807  .debug_str:000000000002697d .LASF2253
     /tmp/ccvncDcb.s:111557  .debug_str:00000000000413d0 .LASF2254
     /tmp/ccvncDcb.s:107059  .debug_str:000000000002f3b0 .LASF2255
     /tmp/ccvncDcb.s:114531  .debug_str:000000000004d916 .LASF2256
     /tmp/ccvncDcb.s:111817  .debug_str:00000000000425b9 .LASF2257
     /tmp/ccvncDcb.s:101283  .debug_str:0000000000017fc7 .LASF2258
     /tmp/ccvncDcb.s:97929  .debug_str:000000000000b0ea .LASF2259
     /tmp/ccvncDcb.s:103697  .debug_str:0000000000021fd5 .LASF2260
     /tmp/ccvncDcb.s:104705  .debug_str:0000000000026227 .LASF2261
     /tmp/ccvncDcb.s:113931  .debug_str:000000000004b151 .LASF2262
     /tmp/ccvncDcb.s:111641  .debug_str:00000000000419f6 .LASF2263
     /tmp/ccvncDcb.s:109625  .debug_str:00000000000399e1 .LASF2264
     /tmp/ccvncDcb.s:97265  .debug_str:0000000000008515 .LASF2265
     /tmp/ccvncDcb.s:106131  .debug_str:000000000002ba6f .LASF2266
     /tmp/ccvncDcb.s:104067  .debug_str:00000000000238bf .LASF2267
     /tmp/ccvncDcb.s:112097  .debug_str:0000000000043720 .LASF2268
     /tmp/ccvncDcb.s:102169  .debug_str:000000000001b92a .LASF2269
     /tmp/ccvncDcb.s:105351  .debug_str:00000000000286fd .LASF2270
     /tmp/ccvncDcb.s:100573  .debug_str:0000000000015395 .LASF2271
     /tmp/ccvncDcb.s:115193  .debug_str:0000000000050565 .LASF2272
     /tmp/ccvncDcb.s:106921  .debug_str:000000000002ebb6 .LASF2273
     /tmp/ccvncDcb.s:96025  .debug_str:00000000000032bb .LASF2274
     /tmp/ccvncDcb.s:98255  .debug_str:000000000000c85a .LASF2275
     /tmp/ccvncDcb.s:114753  .debug_str:000000000004e860 .LASF2276
     /tmp/ccvncDcb.s:101979  .debug_str:000000000001acb6 .LASF2277
     /tmp/ccvncDcb.s:111551  .debug_str:000000000004137b .LASF2278
     /tmp/ccvncDcb.s:98667  .debug_str:000000000000e388 .LASF2279
     /tmp/ccvncDcb.s:102181  .debug_str:000000000001b9fb .LASF2280
     /tmp/ccvncDcb.s:115685  .debug_str:0000000000052732 .LASF2281
     /tmp/ccvncDcb.s:100253  .debug_str:0000000000013f53 .LASF2282
     /tmp/ccvncDcb.s:111259  .debug_str:0000000000040041 .LASF2283
     /tmp/ccvncDcb.s:102811  .debug_str:000000000001e210 .LASF2284
     /tmp/ccvncDcb.s:107283  .debug_str:0000000000030143 .LASF2285
     /tmp/ccvncDcb.s:101481  .debug_str:0000000000018cfc .LASF2286
     /tmp/ccvncDcb.s:102893  .debug_str:000000000001e767 .LASF2287
     /tmp/ccvncDcb.s:108295  .debug_str:000000000003404c .LASF2288
     /tmp/ccvncDcb.s:113579  .debug_str:0000000000049b3a .LASF2289
     /tmp/ccvncDcb.s:116303  .debug_str:0000000000055151 .LASF2290
     /tmp/ccvncDcb.s:106849  .debug_str:000000000002e74d .LASF2291
     /tmp/ccvncDcb.s:114155  .debug_str:000000000004c03a .LASF2292
     /tmp/ccvncDcb.s:100001  .debug_str:0000000000012f70 .LASF2293
     /tmp/ccvncDcb.s:113345  .debug_str:0000000000048d23 .LASF2294
     /tmp/ccvncDcb.s:114343  .debug_str:000000000004ccc6 .LASF2295
     /tmp/ccvncDcb.s:114465  .debug_str:000000000004d466 .LASF2296
     /tmp/ccvncDcb.s:107661  .debug_str:00000000000318c7 .LASF2297
     /tmp/ccvncDcb.s:110385  .debug_str:000000000003c81a .LASF2298
     /tmp/ccvncDcb.s:99071  .debug_str:000000000000fa02 .LASF2299
     /tmp/ccvncDcb.s:98687  .debug_str:000000000000e4bc .LASF2300
     /tmp/ccvncDcb.s:109781  .debug_str:000000000003a3f4 .LASF2301
     /tmp/ccvncDcb.s:104447  .debug_str:00000000000250ed .LASF2302
     /tmp/ccvncDcb.s:97111  .debug_str:0000000000007aa7 .LASF2303
     /tmp/ccvncDcb.s:109599  .debug_str:00000000000398af .LASF2304
     /tmp/ccvncDcb.s:101553  .debug_str:00000000000191e9 .LASF2305
     /tmp/ccvncDcb.s:112621  .debug_str:0000000000045b0a .LASF2306
     /tmp/ccvncDcb.s:106101  .debug_str:000000000002b89c .LASF2307
     /tmp/ccvncDcb.s:97977  .debug_str:000000000000b3dd .LASF2308
     /tmp/ccvncDcb.s:97895  .debug_str:000000000000ae09 .LASF2309
     /tmp/ccvncDcb.s:116185  .debug_str:000000000005498c .LASF2310
     /tmp/ccvncDcb.s:111375  .debug_str:00000000000407cf .LASF2311
     /tmp/ccvncDcb.s:107707  .debug_str:0000000000031b4f .LASF2312
     /tmp/ccvncDcb.s:101463  .debug_str:0000000000018bae .LASF2313
     /tmp/ccvncDcb.s:97367  .debug_str:0000000000008b38 .LASF2314
     /tmp/ccvncDcb.s:112997  .debug_str:0000000000047661 .LASF2315
     /tmp/ccvncDcb.s:96915  .debug_str:0000000000006c31 .LASF2316
     /tmp/ccvncDcb.s:95597  .debug_str:0000000000001485 .LASF2317
     /tmp/ccvncDcb.s:112119  .debug_str:000000000004386a .LASF2318
     /tmp/ccvncDcb.s:99089  .debug_str:000000000000fac4 .LASF2319
     /tmp/ccvncDcb.s:108425  .debug_str:00000000000348c0 .LASF2320
     /tmp/ccvncDcb.s:113765  .debug_str:000000000004a802 .LASF2321
     /tmp/ccvncDcb.s:107267  .debug_str:0000000000030024 .LASF2322
     /tmp/ccvncDcb.s:103575  .debug_str:00000000000216fc .LASF2323
     /tmp/ccvncDcb.s:101057  .debug_str:000000000001716f .LASF2324
     /tmp/ccvncDcb.s:115919  .debug_str:0000000000053834 .LASF2325
     /tmp/ccvncDcb.s:100093  .debug_str:00000000000135a9 .LASF2326
     /tmp/ccvncDcb.s:100989  .debug_str:0000000000016c29 .LASF2327
     /tmp/ccvncDcb.s:113927  .debug_str:000000000004b126 .LASF2328
     /tmp/ccvncDcb.s:105395  .debug_str:000000000002897a .LASF2329
     /tmp/ccvncDcb.s:104377  .debug_str:0000000000024c59 .LASF2330
     /tmp/ccvncDcb.s:96139  .debug_str:000000000000392e .LASF2331
     /tmp/ccvncDcb.s:115873  .debug_str:000000000005355a .LASF2332
     /tmp/ccvncDcb.s:107495  .debug_str:0000000000030e6a .LASF2333
     /tmp/ccvncDcb.s:106589  .debug_str:000000000002d776 .LASF2334
     /tmp/ccvncDcb.s:107309  .debug_str:00000000000302d0 .LASF2335
     /tmp/ccvncDcb.s:116217  .debug_str:0000000000054bb0 .LASF2336
     /tmp/ccvncDcb.s:111565  .debug_str:0000000000041472 .LASF2337
     /tmp/ccvncDcb.s:114405  .debug_str:000000000004d10e .LASF2338
     /tmp/ccvncDcb.s:109229  .debug_str:0000000000037e3e .LASF2339
     /tmp/ccvncDcb.s:115905  .debug_str:0000000000053773 .LASF2340
     /tmp/ccvncDcb.s:100147  .debug_str:00000000000138e0 .LASF2341
     /tmp/ccvncDcb.s:114945  .debug_str:000000000004f479 .LASF2342
     /tmp/ccvncDcb.s:102647  .debug_str:000000000001d727 .LASF2343
     /tmp/ccvncDcb.s:98119  .debug_str:000000000000bdc4 .LASF2344
     /tmp/ccvncDcb.s:95291  .debug_str:000000000000001b .LASF2345
     /tmp/ccvncDcb.s:100349  .debug_str:0000000000014607 .LASF2346
     /tmp/ccvncDcb.s:106869  .debug_str:000000000002e8d4 .LASF2347
     /tmp/ccvncDcb.s:111651  .debug_str:0000000000041a7f .LASF2348
     /tmp/ccvncDcb.s:114319  .debug_str:000000000004cb96 .LASF2349
     /tmp/ccvncDcb.s:100791  .debug_str:0000000000015f99 .LASF2350
     /tmp/ccvncDcb.s:101645  .debug_str:000000000001980b .LASF2351
     /tmp/ccvncDcb.s:111239  .debug_str:000000000003feee .LASF2352
     /tmp/ccvncDcb.s:99359  .debug_str:0000000000010a0c .LASF2353
     /tmp/ccvncDcb.s:99777  .debug_str:0000000000012144 .LASF2354
     /tmp/ccvncDcb.s:102381  .debug_str:000000000001c714 .LASF2355
     /tmp/ccvncDcb.s:108263  .debug_str:0000000000033e5d .LASF2356
     /tmp/ccvncDcb.s:104107  .debug_str:0000000000023c0c .LASF2357
     /tmp/ccvncDcb.s:100305  .debug_str:00000000000142f7 .LASF2358
     /tmp/ccvncDcb.s:115601  .debug_str:00000000000520af .LASF2359
     /tmp/ccvncDcb.s:96655  .debug_str:0000000000005bdb .LASF2360
     /tmp/ccvncDcb.s:99149  .debug_str:000000000000fd19 .LASF2361
     /tmp/ccvncDcb.s:113741  .debug_str:000000000004a62a .LASF2362
     /tmp/ccvncDcb.s:96653  .debug_str:0000000000005bb9 .LASF2363
     /tmp/ccvncDcb.s:98049  .debug_str:000000000000b8df .LASF2364
     /tmp/ccvncDcb.s:111501  .debug_str:0000000000041007 .LASF2365
     /tmp/ccvncDcb.s:106065  .debug_str:000000000002b5e4 .LASF2366
     /tmp/ccvncDcb.s:99057  .debug_str:000000000000f937 .LASF2367
     /tmp/ccvncDcb.s:112395  .debug_str:0000000000044996 .LASF2368
     /tmp/ccvncDcb.s:115853  .debug_str:00000000000533c8 .LASF2369
     /tmp/ccvncDcb.s:96003  .debug_str:000000000000310d .LASF2370
     /tmp/ccvncDcb.s:106085  .debug_str:000000000002b761 .LASF2371
     /tmp/ccvncDcb.s:95709  .debug_str:0000000000001d3e .LASF2372
     /tmp/ccvncDcb.s:107273  .debug_str:0000000000030091 .LASF2373
     /tmp/ccvncDcb.s:102471  .debug_str:000000000001cc5a .LASF2374
     /tmp/ccvncDcb.s:113535  .debug_str:00000000000498b6 .LASF2375
     /tmp/ccvncDcb.s:104079  .debug_str:00000000000239b7 .LASF2376
     /tmp/ccvncDcb.s:111439  .debug_str:0000000000040c1a .LASF2377
     /tmp/ccvncDcb.s:104841  .debug_str:0000000000026b59 .LASF2378
     /tmp/ccvncDcb.s:100665  .debug_str:00000000000158c6 .LASF2379
     /tmp/ccvncDcb.s:102709  .debug_str:000000000001db43 .LASF2380
     /tmp/ccvncDcb.s:114595  .debug_str:000000000004dd32 .LASF2381
     /tmp/ccvncDcb.s:96619  .debug_str:0000000000005956 .LASF2382
     /tmp/ccvncDcb.s:99327  .debug_str:00000000000107a0 .LASF2383
     /tmp/ccvncDcb.s:99001  .debug_str:000000000000f641 .LASF2384
     /tmp/ccvncDcb.s:97765  .debug_str:000000000000a5e8 .LASF2385
     /tmp/ccvncDcb.s:110997  .debug_str:000000000003ee76 .LASF2386
     /tmp/ccvncDcb.s:96451  .debug_str:0000000000004ec2 .LASF2387
     /tmp/ccvncDcb.s:101493  .debug_str:0000000000018de1 .LASF2388
     /tmp/ccvncDcb.s:108433  .debug_str:000000000003492a .LASF2389
     /tmp/ccvncDcb.s:113087  .debug_str:0000000000047cc0 .LASF2390
     /tmp/ccvncDcb.s:111997  .debug_str:00000000000430d2 .LASF2391
     /tmp/ccvncDcb.s:103531  .debug_str:000000000002141d .LASF2392
     /tmp/ccvncDcb.s:109859  .debug_str:000000000003a91d .LASF2393
     /tmp/ccvncDcb.s:106581  .debug_str:000000000002d6ea .LASF2394
     /tmp/ccvncDcb.s:106049  .debug_str:000000000002b4cb .LASF2395
     /tmp/ccvncDcb.s:115723  .debug_str:0000000000052ac5 .LASF2396
     /tmp/ccvncDcb.s:110683  .debug_str:000000000003d884 .LASF2397
     /tmp/ccvncDcb.s:114989  .debug_str:000000000004f771 .LASF2398
     /tmp/ccvncDcb.s:98149  .debug_str:000000000000c032 .LASF2399
     /tmp/ccvncDcb.s:106393  .debug_str:000000000002cadf .LASF2400
     /tmp/ccvncDcb.s:108445  .debug_str:00000000000349c8 .LASF2401
     /tmp/ccvncDcb.s:109041  .debug_str:0000000000037132 .LASF2402
     /tmp/ccvncDcb.s:105973  .debug_str:000000000002af56 .LASF2403
     /tmp/ccvncDcb.s:114455  .debug_str:000000000004d3e1 .LASF2404
     /tmp/ccvncDcb.s:112541  .debug_str:00000000000455b5 .LASF2405
     /tmp/ccvncDcb.s:108897  .debug_str:000000000003681e .LASF2406
     /tmp/ccvncDcb.s:98883  .debug_str:000000000000efec .LASF2407
     /tmp/ccvncDcb.s:96347  .debug_str:00000000000048a6 .LASF2408
     /tmp/ccvncDcb.s:100653  .debug_str:000000000001583c .LASF2409
     /tmp/ccvncDcb.s:105279  .debug_str:0000000000028280 .LASF2410
     /tmp/ccvncDcb.s:98959  .debug_str:000000000000f457 .LASF2411
     /tmp/ccvncDcb.s:113603  .debug_str:0000000000049d5f .LASF2412
     /tmp/ccvncDcb.s:108823  .debug_str:00000000000363b1 .LASF2413
     /tmp/ccvncDcb.s:106693  .debug_str:000000000002dd7b .LASF2414
     /tmp/ccvncDcb.s:107695  .debug_str:0000000000031a6e .LASF2415
     /tmp/ccvncDcb.s:96545  .debug_str:00000000000054ed .LASF2416
     /tmp/ccvncDcb.s:107923  .debug_str:0000000000032985 .LASF2417
     /tmp/ccvncDcb.s:96317  .debug_str:0000000000004628 .LASF2418
     /tmp/ccvncDcb.s:113023  .debug_str:000000000004786a .LASF2419
     /tmp/ccvncDcb.s:108971  .debug_str:0000000000036cc4 .LASF2420
     /tmp/ccvncDcb.s:103979  .debug_str:0000000000023294 .LASF2421
     /tmp/ccvncDcb.s:102089  .debug_str:000000000001b449 .LASF2422
     /tmp/ccvncDcb.s:102297  .debug_str:000000000001c266 .LASF2423
     /tmp/ccvncDcb.s:106523  .debug_str:000000000002d295 .LASF2424
     /tmp/ccvncDcb.s:108921  .debug_str:00000000000369dc .LASF2425
     /tmp/ccvncDcb.s:106275  .debug_str:000000000002c2c5 .LASF2426
     /tmp/ccvncDcb.s:111721  .debug_str:0000000000041f84 .LASF2427
     /tmp/ccvncDcb.s:114363  .debug_str:000000000004ce39 .LASF2428
     /tmp/ccvncDcb.s:98823  .debug_str:000000000000ec22 .LASF2429
     /tmp/ccvncDcb.s:108455  .debug_str:0000000000034a6b .LASF2430
     /tmp/ccvncDcb.s:110561  .debug_str:000000000003d1a6 .LASF2431
     /tmp/ccvncDcb.s:98715  .debug_str:000000000000e6a9 .LASF2432
     /tmp/ccvncDcb.s:100899  .debug_str:0000000000016691 .LASF2433
     /tmp/ccvncDcb.s:110441  .debug_str:000000000003ca87 .LASF2434
     /tmp/ccvncDcb.s:114669  .debug_str:000000000004e28d .LASF2435
     /tmp/ccvncDcb.s:101355  .debug_str:00000000000183b4 .LASF2436
     /tmp/ccvncDcb.s:104675  .debug_str:000000000002602a .LASF2437
     /tmp/ccvncDcb.s:105899  .debug_str:000000000002aa13 .LASF2438
     /tmp/ccvncDcb.s:108581  .debug_str:0000000000035371 .LASF2439
     /tmp/ccvncDcb.s:95343  .debug_str:00000000000003c0 .LASF2440
     /tmp/ccvncDcb.s:106015  .debug_str:000000000002b23e .LASF2441
     /tmp/ccvncDcb.s:100761  .debug_str:0000000000015dfb .LASF2442
     /tmp/ccvncDcb.s:103103  .debug_str:000000000001f61e .LASF2443
     /tmp/ccvncDcb.s:113243  .debug_str:000000000004868b .LASF2444
     /tmp/ccvncDcb.s:110935  .debug_str:000000000003ea54 .LASF2445
     /tmp/ccvncDcb.s:97065  .debug_str:00000000000077a1 .LASF2446
     /tmp/ccvncDcb.s:110211  .debug_str:000000000003bee7 .LASF2447
     /tmp/ccvncDcb.s:95443  .debug_str:0000000000000aac .LASF2448
     /tmp/ccvncDcb.s:104459  .debug_str:00000000000251a4 .LASF2449
     /tmp/ccvncDcb.s:106341  .debug_str:000000000002c754 .LASF2450
     /tmp/ccvncDcb.s:98765  .debug_str:000000000000e986 .LASF2451
     /tmp/ccvncDcb.s:96713  .debug_str:0000000000005f96 .LASF2452
     /tmp/ccvncDcb.s:111077  .debug_str:000000000003f3f2 .LASF2453
     /tmp/ccvncDcb.s:108141  .debug_str:0000000000033744 .LASF2454
     /tmp/ccvncDcb.s:102459  .debug_str:000000000001cba9 .LASF2455
     /tmp/ccvncDcb.s:97597  .debug_str:0000000000009a8b .LASF2456
     /tmp/ccvncDcb.s:113019  .debug_str:000000000004783f .LASF2457
     /tmp/ccvncDcb.s:111477  .debug_str:0000000000040e78 .LASF2458
     /tmp/ccvncDcb.s:114605  .debug_str:000000000004de19 .LASF2459
     /tmp/ccvncDcb.s:99441  .debug_str:0000000000010f67 .LASF2460
     /tmp/ccvncDcb.s:111125  .debug_str:000000000003f6f5 .LASF2461
     /tmp/ccvncDcb.s:111093  .debug_str:000000000003f4c9 .LASF2462
     /tmp/ccvncDcb.s:101655  .debug_str:00000000000198c7 .LASF2463
     /tmp/ccvncDcb.s:101425  .debug_str:00000000000188a9 .LASF2464
     /tmp/ccvncDcb.s:113251  .debug_str:00000000000486fa .LASF2465
     /tmp/ccvncDcb.s:113609  .debug_str:0000000000049dd0 .LASF2466
     /tmp/ccvncDcb.s:103037  .debug_str:000000000001f0e7 .LASF2467
     /tmp/ccvncDcb.s:106211  .debug_str:000000000002bf0a .LASF2468
     /tmp/ccvncDcb.s:104703  .debug_str:000000000002620b .LASF2469
     /tmp/ccvncDcb.s:95633  .debug_str:00000000000016c9 .LASF2470
     /tmp/ccvncDcb.s:109501  .debug_str:0000000000039227 .LASF2471
     /tmp/ccvncDcb.s:109631  .debug_str:0000000000039a70 .LASF2472
     /tmp/ccvncDcb.s:104305  .debug_str:00000000000247a2 .LASF2473
     /tmp/ccvncDcb.s:110079  .debug_str:000000000003b6b4 .LASF2474
     /tmp/ccvncDcb.s:95963  .debug_str:0000000000002e5b .LASF2475
     /tmp/ccvncDcb.s:102573  .debug_str:000000000001d262 .LASF2476
     /tmp/ccvncDcb.s:106959  .debug_str:000000000002ed92 .LASF2477
     /tmp/ccvncDcb.s:114109  .debug_str:000000000004bd65 .LASF2478
     /tmp/ccvncDcb.s:97761  .debug_str:000000000000a5aa .LASF2479
     /tmp/ccvncDcb.s:96007  .debug_str:0000000000003152 .LASF2480
     /tmp/ccvncDcb.s:105277  .debug_str:000000000002825d .LASF2481
     /tmp/ccvncDcb.s:116081  .debug_str:0000000000054261 .LASF2482
     /tmp/ccvncDcb.s:116159  .debug_str:00000000000547c3 .LASF2483
     /tmp/ccvncDcb.s:109657  .debug_str:0000000000039c3e .LASF2484
     /tmp/ccvncDcb.s:114525  .debug_str:000000000004d89c .LASF2485
     /tmp/ccvncDcb.s:102849  .debug_str:000000000001e440 .LASF2486
     /tmp/ccvncDcb.s:112605  .debug_str:0000000000045a48 .LASF2487
     /tmp/ccvncDcb.s:111033  .debug_str:000000000003f172 .LASF2488
     /tmp/ccvncDcb.s:102043  .debug_str:000000000001b11d .LASF2489
     /tmp/ccvncDcb.s:108487  .debug_str:0000000000034ca7 .LASF2490
     /tmp/ccvncDcb.s:113245  .debug_str:00000000000486ae .LASF2491
     /tmp/ccvncDcb.s:95297  .debug_str:00000000000000a0 .LASF2492
     /tmp/ccvncDcb.s:105453  .debug_str:0000000000028d98 .LASF2493
     /tmp/ccvncDcb.s:115083  .debug_str:000000000004fe53 .LASF2494
     /tmp/ccvncDcb.s:105531  .debug_str:00000000000292a3 .LASF2495
     /tmp/ccvncDcb.s:108717  .debug_str:0000000000035c88 .LASF2496
     /tmp/ccvncDcb.s:102203  .debug_str:000000000001bbe1 .LASF2497
     /tmp/ccvncDcb.s:95983  .debug_str:0000000000002fb2 .LASF2498
     /tmp/ccvncDcb.s:97973  .debug_str:000000000000b3a2 .LASF2499
     /tmp/ccvncDcb.s:108275  .debug_str:0000000000033ef5 .LASF2500
     /tmp/ccvncDcb.s:116165  .debug_str:000000000005483f .LASF2501
     /tmp/ccvncDcb.s:114755  .debug_str:000000000004e885 .LASF2502
     /tmp/ccvncDcb.s:100927  .debug_str:0000000000016833 .LASF2503
     /tmp/ccvncDcb.s:108583  .debug_str:000000000003538c .LASF2504
     /tmp/ccvncDcb.s:99811  .debug_str:00000000000123da .LASF2505
     /tmp/ccvncDcb.s:101333  .debug_str:0000000000018277 .LASF2506
     /tmp/ccvncDcb.s:100443  .debug_str:0000000000014b95 .LASF2507
     /tmp/ccvncDcb.s:113589  .debug_str:0000000000049c6b .LASF2508
     /tmp/ccvncDcb.s:114963  .debug_str:000000000004f55f .LASF2509
     /tmp/ccvncDcb.s:100285  .debug_str:0000000000014179 .LASF2510
     /tmp/ccvncDcb.s:103939  .debug_str:0000000000022ffe .LASF2511
     /tmp/ccvncDcb.s:112665  .debug_str:0000000000045e0d .LASF2512
     /tmp/ccvncDcb.s:106379  .debug_str:000000000002c9e5 .LASF2513
     /tmp/ccvncDcb.s:116157  .debug_str:00000000000547a2 .LASF2514
     /tmp/ccvncDcb.s:115991  .debug_str:0000000000053cee .LASF2515
     /tmp/ccvncDcb.s:114105  .debug_str:000000000004bd1c .LASF2516
     /tmp/ccvncDcb.s:99469  .debug_str:00000000000110f9 .LASF2517
     /tmp/ccvncDcb.s:101097  .debug_str:000000000001736f .LASF2518
     /tmp/ccvncDcb.s:110035  .debug_str:000000000003b4a7 .LASF2519
     /tmp/ccvncDcb.s:116251  .debug_str:0000000000054e09 .LASF2520
     /tmp/ccvncDcb.s:95705  .debug_str:0000000000001d06 .LASF2521
     /tmp/ccvncDcb.s:108675  .debug_str:00000000000359f0 .LASF2522
     /tmp/ccvncDcb.s:109241  .debug_str:0000000000037f07 .LASF2523
     /tmp/ccvncDcb.s:115415  .debug_str:000000000005148e .LASF2524
     /tmp/ccvncDcb.s:99271  .debug_str:00000000000104ef .LASF2525
     /tmp/ccvncDcb.s:105915  .debug_str:000000000002ab22 .LASF2526
     /tmp/ccvncDcb.s:110713  .debug_str:000000000003daf4 .LASF2527
     /tmp/ccvncDcb.s:100571  .debug_str:0000000000015375 .LASF2528
     /tmp/ccvncDcb.s:114603  .debug_str:000000000004ddf0 .LASF2529
     /tmp/ccvncDcb.s:100563  .debug_str:00000000000152fe .LASF2530
     /tmp/ccvncDcb.s:112689  .debug_str:0000000000046212 .LASF2531
     /tmp/ccvncDcb.s:98999  .debug_str:000000000000f610 .LASF2532
     /tmp/ccvncDcb.s:97791  .debug_str:000000000000a786 .LASF2533
     /tmp/ccvncDcb.s:98517  .debug_str:000000000000d9dd .LASF2534
     /tmp/ccvncDcb.s:114885  .debug_str:000000000004effa .LASF2535
     /tmp/ccvncDcb.s:103919  .debug_str:0000000000022e83 .LASF2536
     /tmp/ccvncDcb.s:112141  .debug_str:0000000000043a04 .LASF2537
     /tmp/ccvncDcb.s:115567  .debug_str:0000000000051eed .LASF2538
     /tmp/ccvncDcb.s:102287  .debug_str:000000000001c17c .LASF2539
     /tmp/ccvncDcb.s:106063  .debug_str:000000000002b5a9 .LASF2540
     /tmp/ccvncDcb.s:109799  .debug_str:000000000003a550 .LASF2541
     /tmp/ccvncDcb.s:115793  .debug_str:000000000005300f .LASF2542
     /tmp/ccvncDcb.s:104025  .debug_str:00000000000235ea .LASF2543
     /tmp/ccvncDcb.s:110273  .debug_str:000000000003c214 .LASF2544
     /tmp/ccvncDcb.s:115215  .debug_str:00000000000506ed .LASF2545
     /tmp/ccvncDcb.s:100815  .debug_str:00000000000160fc .LASF2546
     /tmp/ccvncDcb.s:105443  .debug_str:0000000000028cce .LASF2547
     /tmp/ccvncDcb.s:112367  .debug_str:000000000004476e .LASF2548
     /tmp/ccvncDcb.s:95605  .debug_str:000000000000150d .LASF2549
     /tmp/ccvncDcb.s:111265  .debug_str:0000000000040079 .LASF2550
     /tmp/ccvncDcb.s:104473  .debug_str:0000000000025278 .LASF2551
     /tmp/ccvncDcb.s:97049  .debug_str:0000000000007673 .LASF2552
     /tmp/ccvncDcb.s:112663  .debug_str:0000000000045dcc .LASF2553
     /tmp/ccvncDcb.s:98555  .debug_str:000000000000dc1c .LASF2554
     /tmp/ccvncDcb.s:105877  .debug_str:000000000002a881 .LASF2555
     /tmp/ccvncDcb.s:107743  .debug_str:0000000000031e42 .LASF2556
     /tmp/ccvncDcb.s:101083  .debug_str:00000000000172b9 .LASF2557
     /tmp/ccvncDcb.s:114599  .debug_str:000000000004dd80 .LASF2558
     /tmp/ccvncDcb.s:115697  .debug_str:0000000000052829 .LASF2559
     /tmp/ccvncDcb.s:104881  .debug_str:0000000000026d1d .LASF2560
     /tmp/ccvncDcb.s:97013  .debug_str:0000000000007357 .LASF2561
     /tmp/ccvncDcb.s:111631  .debug_str:0000000000041944 .LASF2562
     /tmp/ccvncDcb.s:114241  .debug_str:000000000004c641 .LASF2563
     /tmp/ccvncDcb.s:114883  .debug_str:000000000004efbb .LASF2564
     /tmp/ccvncDcb.s:101779  .debug_str:0000000000019f60 .LASF2565
     /tmp/ccvncDcb.s:103811  .debug_str:00000000000227e0 .LASF2566
     /tmp/ccvncDcb.s:95649  .debug_str:00000000000017f4 .LASF2567
     /tmp/ccvncDcb.s:105551  .debug_str:00000000000293c0 .LASF2568
     /tmp/ccvncDcb.s:105963  .debug_str:000000000002ae9f .LASF2569
     /tmp/ccvncDcb.s:100325  .debug_str:00000000000144a1 .LASF2570
     /tmp/ccvncDcb.s:116199  .debug_str:0000000000054a6d .LASF2571
     /tmp/ccvncDcb.s:102263  .debug_str:000000000001bf7d .LASF2572
     /tmp/ccvncDcb.s:115361  .debug_str:000000000005108a .LASF2573
     /tmp/ccvncDcb.s:107185  .debug_str:000000000002fb5d .LASF2574
     /tmp/ccvncDcb.s:104599  .debug_str:0000000000025b45 .LASF2575
     /tmp/ccvncDcb.s:112815  .debug_str:0000000000046ae2 .LASF2576
     /tmp/ccvncDcb.s:110353  .debug_str:000000000003c5d0 .LASF2577
     /tmp/ccvncDcb.s:101287  .debug_str:0000000000017ffa .LASF2578
     /tmp/ccvncDcb.s:99681  .debug_str:0000000000011b86 .LASF2579
     /tmp/ccvncDcb.s:104213  .debug_str:00000000000241b7 .LASF2580
     /tmp/ccvncDcb.s:100481  .debug_str:0000000000014e2f .LASF2581
     /tmp/ccvncDcb.s:105513  .debug_str:0000000000029146 .LASF2582
     /tmp/ccvncDcb.s:97897  .debug_str:000000000000ae28 .LASF2583
     /tmp/ccvncDcb.s:112361  .debug_str:00000000000446ee .LASF2584
     /tmp/ccvncDcb.s:100301  .debug_str:0000000000014286 .LASF2585
     /tmp/ccvncDcb.s:97033  .debug_str:0000000000007556 .LASF2586
     /tmp/ccvncDcb.s:116155  .debug_str:0000000000054763 .LASF2587
     /tmp/ccvncDcb.s:105061  .debug_str:00000000000276e4 .LASF2588
     /tmp/ccvncDcb.s:115833  .debug_str:0000000000053260 .LASF2589
     /tmp/ccvncDcb.s:99031  .debug_str:000000000000f765 .LASF2590
     /tmp/ccvncDcb.s:96435  .debug_str:0000000000004e03 .LASF2591
     /tmp/ccvncDcb.s:97703  .debug_str:000000000000a0b9 .LASF2592
     /tmp/ccvncDcb.s:111489  .debug_str:0000000000040f43 .LASF2593
     /tmp/ccvncDcb.s:100031  .debug_str:0000000000013187 .LASF2594
     /tmp/ccvncDcb.s:98097  .debug_str:000000000000bc56 .LASF2595
     /tmp/ccvncDcb.s:113975  .debug_str:000000000004b4a7 .LASF2596
     /tmp/ccvncDcb.s:99835  .debug_str:000000000001253e .LASF2597
     /tmp/ccvncDcb.s:97259  .debug_str:000000000000848b .LASF2598
     /tmp/ccvncDcb.s:111615  .debug_str:00000000000417a6 .LASF2599
     /tmp/ccvncDcb.s:108631  .debug_str:00000000000356aa .LASF2600
     /tmp/ccvncDcb.s:101991  .debug_str:000000000001ad6d .LASF2601
     /tmp/ccvncDcb.s:108253  .debug_str:0000000000033dba .LASF2602
     /tmp/ccvncDcb.s:108457  .debug_str:0000000000034a8d .LASF2603
     /tmp/ccvncDcb.s:115443  .debug_str:000000000005167e .LASF2604
     /tmp/ccvncDcb.s:115983  .debug_str:0000000000053c2e .LASF2605
     /tmp/ccvncDcb.s:97861  .debug_str:000000000000ac06 .LASF2606
     /tmp/ccvncDcb.s:102201  .debug_str:000000000001bba9 .LASF2607
     /tmp/ccvncDcb.s:95809  .debug_str:000000000000243f .LASF2608
     /tmp/ccvncDcb.s:97039  .debug_str:00000000000075c6 .LASF2609
     /tmp/ccvncDcb.s:107153  .debug_str:000000000002f977 .LASF2610
     /tmp/ccvncDcb.s:95913  .debug_str:0000000000002b13 .LASF2611
     /tmp/ccvncDcb.s:115931  .debug_str:0000000000053929 .LASF2612
     /tmp/ccvncDcb.s:110877  .debug_str:000000000003e649 .LASF2613
     /tmp/ccvncDcb.s:96375  .debug_str:00000000000049df .LASF2614
     /tmp/ccvncDcb.s:113901  .debug_str:000000000004af9c .LASF2615
     /tmp/ccvncDcb.s:95791  .debug_str:00000000000022cd .LASF2616
     /tmp/ccvncDcb.s:114237  .debug_str:000000000004c5d2 .LASF2617
     /tmp/ccvncDcb.s:103569  .debug_str:0000000000021696 .LASF2618
     /tmp/ccvncDcb.s:106031  .debug_str:000000000002b34a .LASF2619
     /tmp/ccvncDcb.s:103689  .debug_str:0000000000021f23 .LASF2620
     /tmp/ccvncDcb.s:111613  .debug_str:000000000004176d .LASF2621
     /tmp/ccvncDcb.s:111291  .debug_str:0000000000040254 .LASF2622
     /tmp/ccvncDcb.s:113241  .debug_str:000000000004864b .LASF2623
     /tmp/ccvncDcb.s:98073  .debug_str:000000000000ba5b .LASF2624
     /tmp/ccvncDcb.s:105743  .debug_str:000000000002a000 .LASF2625
     /tmp/ccvncDcb.s:112527  .debug_str:000000000004546a .LASF2626
     /tmp/ccvncDcb.s:95515  .debug_str:0000000000000edb .LASF2627
     /tmp/ccvncDcb.s:106745  .debug_str:000000000002e0f8 .LASF2628
     /tmp/ccvncDcb.s:111277  .debug_str:0000000000040132 .LASF2629
     /tmp/ccvncDcb.s:108723  .debug_str:0000000000035ccd .LASF2630
     /tmp/ccvncDcb.s:106077  .debug_str:000000000002b6c6 .LASF2631
     /tmp/ccvncDcb.s:106413  .debug_str:000000000002cc5a .LASF2632
     /tmp/ccvncDcb.s:109061  .debug_str:000000000003726b .LASF2633
     /tmp/ccvncDcb.s:112571  .debug_str:00000000000457e7 .LASF2634
     /tmp/ccvncDcb.s:103829  .debug_str:000000000002294d .LASF2635
     /tmp/ccvncDcb.s:108655  .debug_str:0000000000035845 .LASF2636
     /tmp/ccvncDcb.s:98329  .debug_str:000000000000cd19 .LASF2637
     /tmp/ccvncDcb.s:96531  .debug_str:0000000000005414 .LASF2638
     /tmp/ccvncDcb.s:103725  .debug_str:0000000000022185 .LASF2639
     /tmp/ccvncDcb.s:108143  .debug_str:0000000000033760 .LASF2640
     /tmp/ccvncDcb.s:99803  .debug_str:000000000001232c .LASF2641
     /tmp/ccvncDcb.s:107943  .debug_str:0000000000032adc .LASF2642
     /tmp/ccvncDcb.s:101485  .debug_str:0000000000018d60 .LASF2643
     /tmp/ccvncDcb.s:110001  .debug_str:000000000003b17f .LASF2644
     /tmp/ccvncDcb.s:115883  .debug_str:000000000005361f .LASF2645
     /tmp/ccvncDcb.s:103315  .debug_str:0000000000020505 .LASF2646
     /tmp/ccvncDcb.s:104243  .debug_str:0000000000024436 .LASF2647
     /tmp/ccvncDcb.s:110809  .debug_str:000000000003e11c .LASF2648
     /tmp/ccvncDcb.s:106469  .debug_str:000000000002cf50 .LASF2649
     /tmp/ccvncDcb.s:96991  .debug_str:0000000000007145 .LASF2650
     /tmp/ccvncDcb.s:98135  .debug_str:000000000000bf21 .LASF2651
     /tmp/ccvncDcb.s:105031  .debug_str:00000000000275c4 .LASF2652
     /tmp/ccvncDcb.s:112641  .debug_str:0000000000045ca2 .LASF2653
     /tmp/ccvncDcb.s:110185  .debug_str:000000000003bca3 .LASF2654
     /tmp/ccvncDcb.s:111389  .debug_str:00000000000408e0 .LASF2655
     /tmp/ccvncDcb.s:115721  .debug_str:0000000000052a7d .LASF2656
     /tmp/ccvncDcb.s:113037  .debug_str:000000000004791d .LASF2657
     /tmp/ccvncDcb.s:104635  .debug_str:0000000000025d83 .LASF2658
     /tmp/ccvncDcb.s:103373  .debug_str:00000000000208d5 .LASF2659
     /tmp/ccvncDcb.s:113061  .debug_str:0000000000047aa7 .LASF2660
     /tmp/ccvncDcb.s:105217  .debug_str:0000000000027fd5 .LASF2661
     /tmp/ccvncDcb.s:97949  .debug_str:000000000000b233 .LASF2662
     /tmp/ccvncDcb.s:104787  .debug_str:000000000002681b .LASF2663
     /tmp/ccvncDcb.s:110357  .debug_str:000000000003c62a .LASF2664
     /tmp/ccvncDcb.s:108379  .debug_str:00000000000345d9 .LASF2665
     /tmp/ccvncDcb.s:104371  .debug_str:0000000000024bf3 .LASF2666
     /tmp/ccvncDcb.s:96395  .debug_str:0000000000004b3a .LASF2667
     /tmp/ccvncDcb.s:104111  .debug_str:0000000000023c41 .LASF2668
     /tmp/ccvncDcb.s:105681  .debug_str:0000000000029b59 .LASF2669
     /tmp/ccvncDcb.s:102891  .debug_str:000000000001e72f .LASF2670
     /tmp/ccvncDcb.s:97243  .debug_str:0000000000008330 .LASF2671
     /tmp/ccvncDcb.s:103211  .debug_str:000000000001fd44 .LASF2672
     /tmp/ccvncDcb.s:102655  .debug_str:000000000001d794 .LASF2673
     /tmp/ccvncDcb.s:110531  .debug_str:000000000003cfa7 .LASF2674
     /tmp/ccvncDcb.s:100401  .debug_str:00000000000148e0 .LASF2675
     /tmp/ccvncDcb.s:109659  .debug_str:0000000000039c5a .LASF2676
     /tmp/ccvncDcb.s:106903  .debug_str:000000000002eaac .LASF2677
     /tmp/ccvncDcb.s:99675  .debug_str:0000000000011b35 .LASF2678
     /tmp/ccvncDcb.s:102051  .debug_str:000000000001b1d8 .LASF2679
     /tmp/ccvncDcb.s:106563  .debug_str:000000000002d51b .LASF2680
     /tmp/ccvncDcb.s:112697  .debug_str:00000000000462b1 .LASF2681
     /tmp/ccvncDcb.s:97303  .debug_str:000000000000870a .LASF2682
     /tmp/ccvncDcb.s:107293  .debug_str:00000000000301bc .LASF2683
     /tmp/ccvncDcb.s:112407  .debug_str:0000000000044a6d .LASF2684
     /tmp/ccvncDcb.s:114047  .debug_str:000000000004b91e .LASF2685
     /tmp/ccvncDcb.s:100225  .debug_str:0000000000013d17 .LASF2686
     /tmp/ccvncDcb.s:111955  .debug_str:0000000000042dcd .LASF2687
     /tmp/ccvncDcb.s:101183  .debug_str:00000000000178cb .LASF2688
     /tmp/ccvncDcb.s:106865  .debug_str:000000000002e870 .LASF2689
     /tmp/ccvncDcb.s:95829  .debug_str:00000000000025b1 .LASF2690
     /tmp/ccvncDcb.s:104037  .debug_str:0000000000023690 .LASF2691
     /tmp/ccvncDcb.s:111757  .debug_str:00000000000421fb .LASF2692
     /tmp/ccvncDcb.s:96261  .debug_str:00000000000041d5 .LASF2693
     /tmp/ccvncDcb.s:115649  .debug_str:000000000005240f .LASF2694
     /tmp/ccvncDcb.s:98789  .debug_str:000000000000ea46 .LASF2695
     /tmp/ccvncDcb.s:111183  .debug_str:000000000003faf1 .LASF2696
     /tmp/ccvncDcb.s:111657  .debug_str:0000000000041ae7 .LASF2697
     /tmp/ccvncDcb.s:115149  .debug_str:00000000000502f0 .LASF2698
     /tmp/ccvncDcb.s:104021  .debug_str:000000000002355d .LASF2699
     /tmp/ccvncDcb.s:99899  .debug_str:0000000000012884 .LASF2700
     /tmp/ccvncDcb.s:95635  .debug_str:00000000000016ed .LASF2701
     /tmp/ccvncDcb.s:107603  .debug_str:000000000003148a .LASF2702
     /tmp/ccvncDcb.s:111871  .debug_str:000000000004296b .LASF2703
     /tmp/ccvncDcb.s:105727  .debug_str:0000000000029ece .LASF2704
     /tmp/ccvncDcb.s:101009  .debug_str:0000000000016dff .LASF2705
     /tmp/ccvncDcb.s:101393  .debug_str:000000000001860f .LASF2706
     /tmp/ccvncDcb.s:103023  .debug_str:000000000001eff4 .LASF2707
     /tmp/ccvncDcb.s:97731  .debug_str:000000000000a329 .LASF2708
     /tmp/ccvncDcb.s:116071  .debug_str:00000000000541b1 .LASF2709
     /tmp/ccvncDcb.s:95923  .debug_str:0000000000002bcc .LASF2710
     /tmp/ccvncDcb.s:99175  .debug_str:000000000000fed2 .LASF2711
     /tmp/ccvncDcb.s:107341  .debug_str:0000000000030507 .LASF2712
     /tmp/ccvncDcb.s:95925  .debug_str:0000000000002c03 .LASF2713
     /tmp/ccvncDcb.s:95557  .debug_str:00000000000011d5 .LASF2714
     /tmp/ccvncDcb.s:108829  .debug_str:0000000000036411 .LASF2715
     /tmp/ccvncDcb.s:108055  .debug_str:000000000003317e .LASF2716
     /tmp/ccvncDcb.s:99935  .debug_str:0000000000012adf .LASF2717
     /tmp/ccvncDcb.s:112131  .debug_str:0000000000043948 .LASF2718
     /tmp/ccvncDcb.s:111483  .debug_str:0000000000040ec0 .LASF2719
     /tmp/ccvncDcb.s:108503  .debug_str:0000000000034d79 .LASF2720
     /tmp/ccvncDcb.s:101471  .debug_str:0000000000018c2e .LASF2721
     /tmp/ccvncDcb.s:97279  .debug_str:00000000000085d1 .LASF2722
     /tmp/ccvncDcb.s:115217  .debug_str:000000000005072d .LASF2723
     /tmp/ccvncDcb.s:110973  .debug_str:000000000003ecc1 .LASF2724
     /tmp/ccvncDcb.s:116037  .debug_str:0000000000054006 .LASF2725
     /tmp/ccvncDcb.s:96059  .debug_str:00000000000034b4 .LASF2726
     /tmp/ccvncDcb.s:106577  .debug_str:000000000002d67d .LASF2727
     /tmp/ccvncDcb.s:104999  .debug_str:00000000000273d2 .LASF2728
     /tmp/ccvncDcb.s:96343  .debug_str:000000000000484e .LASF2729
     /tmp/ccvncDcb.s:97451  .debug_str:00000000000090eb .LASF2730
     /tmp/ccvncDcb.s:108549  .debug_str:00000000000350b3 .LASF2731
     /tmp/ccvncDcb.s:108835  .debug_str:0000000000036495 .LASF2732
     /tmp/ccvncDcb.s:107403  .debug_str:000000000003092e .LASF2733
     /tmp/ccvncDcb.s:101803  .debug_str:000000000001a0d4 .LASF2734
     /tmp/ccvncDcb.s:96029  .debug_str:0000000000003329 .LASF2735
     /tmp/ccvncDcb.s:109419  .debug_str:0000000000038bc4 .LASF2736
     /tmp/ccvncDcb.s:115739  .debug_str:0000000000052bf4 .LASF2737
     /tmp/ccvncDcb.s:114903  .debug_str:000000000004f113 .LASF2738
     /tmp/ccvncDcb.s:115019  .debug_str:000000000004f92f .LASF2739
     /tmp/ccvncDcb.s:100495  .debug_str:0000000000014f18 .LASF2740
     /tmp/ccvncDcb.s:113083  .debug_str:0000000000047c43 .LASF2741
     /tmp/ccvncDcb.s:100617  .debug_str:000000000001564c .LASF2742
     /tmp/ccvncDcb.s:104081  .debug_str:00000000000239d7 .LASF2743
     /tmp/ccvncDcb.s:97393  .debug_str:0000000000008ce1 .LASF2744
     /tmp/ccvncDcb.s:111013  .debug_str:000000000003f001 .LASF2745
     /tmp/ccvncDcb.s:114979  .debug_str:000000000004f6b2 .LASF2746
     /tmp/ccvncDcb.s:99505  .debug_str:0000000000011242 .LASF2747
     /tmp/ccvncDcb.s:95919  .debug_str:0000000000002b6c .LASF2748
     /tmp/ccvncDcb.s:98179  .debug_str:000000000000c255 .LASF2749
     /tmp/ccvncDcb.s:105305  .debug_str:000000000002846a .LASF2750
     /tmp/ccvncDcb.s:116099  .debug_str:000000000005432e .LASF2751
     /tmp/ccvncDcb.s:97031  .debug_str:0000000000007512 .LASF2752
     /tmp/ccvncDcb.s:113601  .debug_str:0000000000049d23 .LASF2753
     /tmp/ccvncDcb.s:98265  .debug_str:000000000000c926 .LASF2754
     /tmp/ccvncDcb.s:116011  .debug_str:0000000000053e66 .LASF2755
     /tmp/ccvncDcb.s:107371  .debug_str:000000000003071e .LASF2756
     /tmp/ccvncDcb.s:96065  .debug_str:000000000000350d .LASF2757
     /tmp/ccvncDcb.s:95321  .debug_str:000000000000022c .LASF2758
     /tmp/ccvncDcb.s:111987  .debug_str:000000000004302b .LASF2759
     /tmp/ccvncDcb.s:105641  .debug_str:0000000000029860 .LASF2760
     /tmp/ccvncDcb.s:106671  .debug_str:000000000002dc45 .LASF2761
     /tmp/ccvncDcb.s:115877  .debug_str:00000000000535a8 .LASF2762
     /tmp/ccvncDcb.s:113407  .debug_str:0000000000049103 .LASF2763
     /tmp/ccvncDcb.s:115847  .debug_str:0000000000053358 .LASF2764
     /tmp/ccvncDcb.s:105829  .debug_str:000000000002a5aa .LASF2765
     /tmp/ccvncDcb.s:114339  .debug_str:000000000004cc7d .LASF2766
     /tmp/ccvncDcb.s:107099  .debug_str:000000000002f65c .LASF2767
     /tmp/ccvncDcb.s:114553  .debug_str:000000000004daa6 .LASF2768
     /tmp/ccvncDcb.s:97649  .debug_str:0000000000009dc3 .LASF2769
     /tmp/ccvncDcb.s:99691  .debug_str:0000000000011c01 .LASF2770
     /tmp/ccvncDcb.s:113897  .debug_str:000000000004af51 .LASF2771
     /tmp/ccvncDcb.s:101453  .debug_str:0000000000018ad9 .LASF2772
     /tmp/ccvncDcb.s:116273  .debug_str:0000000000054f70 .LASF2773
     /tmp/ccvncDcb.s:107973  .debug_str:0000000000032c67 .LASF2774
     /tmp/ccvncDcb.s:98125  .debug_str:000000000000be34 .LASF2775
     /tmp/ccvncDcb.s:98571  .debug_str:000000000000dd45 .LASF2776
     /tmp/ccvncDcb.s:113043  .debug_str:0000000000047981 .LASF2777
     /tmp/ccvncDcb.s:104689  .debug_str:0000000000026116 .LASF2778
     /tmp/ccvncDcb.s:111237  .debug_str:000000000003fec7 .LASF2779
     /tmp/ccvncDcb.s:109033  .debug_str:00000000000370a0 .LASF2780
     /tmp/ccvncDcb.s:103877  .debug_str:0000000000022c06 .LASF2781
     /tmp/ccvncDcb.s:99335  .debug_str:000000000001081f .LASF2782
     /tmp/ccvncDcb.s:105891  .debug_str:000000000002a982 .LASF2783
     /tmp/ccvncDcb.s:111165  .debug_str:000000000003f99b .LASF2784
     /tmp/ccvncDcb.s:96021  .debug_str:0000000000003267 .LASF2785
     /tmp/ccvncDcb.s:100765  .debug_str:0000000000015e2c .LASF2786
     /tmp/ccvncDcb.s:106041  .debug_str:000000000002b41b .LASF2787
     /tmp/ccvncDcb.s:98163  .debug_str:000000000000c110 .LASF2788
     /tmp/ccvncDcb.s:97481  .debug_str:0000000000009302 .LASF2789
     /tmp/ccvncDcb.s:102753  .debug_str:000000000001ddba .LASF2790
     /tmp/ccvncDcb.s:108075  .debug_str:000000000003332a .LASF2791
     /tmp/ccvncDcb.s:114269  .debug_str:000000000004c862 .LASF2792
     /tmp/ccvncDcb.s:112525  .debug_str:000000000004542a .LASF2793
     /tmp/ccvncDcb.s:113843  .debug_str:000000000004ac60 .LASF2794
     /tmp/ccvncDcb.s:107927  .debug_str:00000000000329ec .LASF2795
     /tmp/ccvncDcb.s:101331  .debug_str:000000000001823e .LASF2796
     /tmp/ccvncDcb.s:111527  .debug_str:00000000000411f1 .LASF2797
     /tmp/ccvncDcb.s:100351  .debug_str:0000000000014630 .LASF2798
     /tmp/ccvncDcb.s:109629  .debug_str:0000000000039a2c .LASF2799
     /tmp/ccvncDcb.s:112695  .debug_str:000000000004627b .LASF2800
     /tmp/ccvncDcb.s:109595  .debug_str:0000000000039865 .LASF2801
     /tmp/ccvncDcb.s:98459  .debug_str:000000000000d56b .LASF2802
     /tmp/ccvncDcb.s:109713  .debug_str:0000000000039fe9 .LASF2803
     /tmp/ccvncDcb.s:104553  .debug_str:00000000000258db .LASF2804
     /tmp/ccvncDcb.s:101923  .debug_str:000000000001a824 .LASF2805
     /tmp/ccvncDcb.s:109193  .debug_str:0000000000037c09 .LASF2806
     /tmp/ccvncDcb.s:113285  .debug_str:000000000004890d .LASF2807
     /tmp/ccvncDcb.s:98567  .debug_str:000000000000dcec .LASF2808
     /tmp/ccvncDcb.s:103621  .debug_str:00000000000219bf .LASF2809
     /tmp/ccvncDcb.s:109377  .debug_str:0000000000038972 .LASF2810
     /tmp/ccvncDcb.s:97719  .debug_str:000000000000a1d3 .LASF2811
     /tmp/ccvncDcb.s:106833  .debug_str:000000000002e613 .LASF2812
     /tmp/ccvncDcb.s:108155  .debug_str:0000000000033822 .LASF2813
     /tmp/ccvncDcb.s:102019  .debug_str:000000000001af9b .LASF2814
     /tmp/ccvncDcb.s:97253  .debug_str:0000000000008431 .LASF2815
     /tmp/ccvncDcb.s:106205  .debug_str:000000000002be7b .LASF2816
     /tmp/ccvncDcb.s:110175  .debug_str:000000000003bc0b .LASF2817
     /tmp/ccvncDcb.s:106313  .debug_str:000000000002c546 .LASF2818
     /tmp/ccvncDcb.s:105379  .debug_str:0000000000028866 .LASF2819
     /tmp/ccvncDcb.s:111909  .debug_str:0000000000042c0f .LASF2820
     /tmp/ccvncDcb.s:109647  .debug_str:0000000000039b5c .LASF2821
     /tmp/ccvncDcb.s:109433  .debug_str:0000000000038d0c .LASF2822
     /tmp/ccvncDcb.s:98691  .debug_str:000000000000e4fe .LASF2823
     /tmp/ccvncDcb.s:111571  .debug_str:00000000000414e3 .LASF2824
     /tmp/ccvncDcb.s:111793  .debug_str:000000000004245b .LASF2825
     /tmp/ccvncDcb.s:103137  .debug_str:000000000001f856 .LASF2826
     /tmp/ccvncDcb.s:103929  .debug_str:0000000000022f22 .LASF2827
     /tmp/ccvncDcb.s:105651  .debug_str:0000000000029972 .LASF2828
     /tmp/ccvncDcb.s:115197  .debug_str:00000000000505cd .LASF2829
     /tmp/ccvncDcb.s:109125  .debug_str:0000000000037626 .LASF2830
     /tmp/ccvncDcb.s:115143  .debug_str:0000000000050266 .LASF2831
     /tmp/ccvncDcb.s:103847  .debug_str:0000000000022a74 .LASF2832
     /tmp/ccvncDcb.s:99429  .debug_str:0000000000010ead .LASF2833
     /tmp/ccvncDcb.s:100233  .debug_str:0000000000013d99 .LASF2834
     /tmp/ccvncDcb.s:107319  .debug_str:00000000000303ce .LASF2835
     /tmp/ccvncDcb.s:103363  .debug_str:00000000000207f7 .LASF2836
     /tmp/ccvncDcb.s:111627  .debug_str:00000000000418f4 .LASF2837
     /tmp/ccvncDcb.s:103443  .debug_str:0000000000020d0c .LASF2838
     /tmp/ccvncDcb.s:101695  .debug_str:0000000000019b39 .LASF2839
     /tmp/ccvncDcb.s:110551  .debug_str:000000000003d0df .LASF2840
     /tmp/ccvncDcb.s:116141  .debug_str:000000000005462b .LASF2841
     /tmp/ccvncDcb.s:104391  .debug_str:0000000000024d5c .LASF2842
     /tmp/ccvncDcb.s:106673  .debug_str:000000000002dc7e .LASF2843
     /tmp/ccvncDcb.s:102923  .debug_str:000000000001e8dd .LASF2844
     /tmp/ccvncDcb.s:97023  .debug_str:0000000000007467 .LASF2845
     /tmp/ccvncDcb.s:109175  .debug_str:0000000000037a73 .LASF2846
     /tmp/ccvncDcb.s:115693  .debug_str:00000000000527e8 .LASF2847
     /tmp/ccvncDcb.s:108281  .debug_str:0000000000033f58 .LASF2848
     /tmp/ccvncDcb.s:106197  .debug_str:000000000002bde2 .LASF2849
     /tmp/ccvncDcb.s:99381  .debug_str:0000000000010c06 .LASF2850
     /tmp/ccvncDcb.s:102821  .debug_str:000000000001e2d2 .LASF2851
     /tmp/ccvncDcb.s:109703  .debug_str:0000000000039f32 .LASF2852
     /tmp/ccvncDcb.s:115437  .debug_str:0000000000051624 .LASF2853
     /tmp/ccvncDcb.s:99795  .debug_str:0000000000012282 .LASF2854
     /tmp/ccvncDcb.s:108087  .debug_str:0000000000033413 .LASF2855
     /tmp/ccvncDcb.s:108765  .debug_str:0000000000035f71 .LASF2856
     /tmp/ccvncDcb.s:104953  .debug_str:0000000000027101 .LASF2857
     /tmp/ccvncDcb.s:96011  .debug_str:0000000000003190 .LASF2858
     /tmp/ccvncDcb.s:112479  .debug_str:0000000000045086 .LASF2859
     /tmp/ccvncDcb.s:115713  .debug_str:00000000000529ab .LASF2860
     /tmp/ccvncDcb.s:95629  .debug_str:000000000000167e .LASF2861
     /tmp/ccvncDcb.s:105901  .debug_str:000000000002aa36 .LASF2862
     /tmp/ccvncDcb.s:102363  .debug_str:000000000001c5ff .LASF2863
     /tmp/ccvncDcb.s:100847  .debug_str:00000000000162dc .LASF2864
     /tmp/ccvncDcb.s:107315  .debug_str:000000000003034d .LASF2865
     /tmp/ccvncDcb.s:98661  .debug_str:000000000000e313 .LASF2866
     /tmp/ccvncDcb.s:109841  .debug_str:000000000003a806 .LASF2867
     /tmp/ccvncDcb.s:108667  .debug_str:0000000000035947 .LASF2868
     /tmp/ccvncDcb.s:98187  .debug_str:000000000000c33f .LASF2869
     /tmp/ccvncDcb.s:97247  .debug_str:00000000000083b1 .LASF2870
     /tmp/ccvncDcb.s:103673  .debug_str:0000000000021e0e .LASF2871
     /tmp/ccvncDcb.s:105747  .debug_str:000000000002a057 .LASF2872
     /tmp/ccvncDcb.s:98361  .debug_str:000000000000cefb .LASF2873
     /tmp/ccvncDcb.s:106199  .debug_str:000000000002be1d .LASF2874
     /tmp/ccvncDcb.s:114367  .debug_str:000000000004ce87 .LASF2875
     /tmp/ccvncDcb.s:100243  .debug_str:0000000000013e79 .LASF2876
     /tmp/ccvncDcb.s:104637  .debug_str:0000000000025dbe .LASF2877
     /tmp/ccvncDcb.s:112295  .debug_str:000000000004434d .LASF2878
     /tmp/ccvncDcb.s:99189  .debug_str:000000000000ffc2 .LASF2879
     /tmp/ccvncDcb.s:107271  .debug_str:000000000003004d .LASF2880
     /tmp/ccvncDcb.s:115123  .debug_str:0000000000050130 .LASF2881
     /tmp/ccvncDcb.s:97177  .debug_str:0000000000007f1d .LASF2882
     /tmp/ccvncDcb.s:111959  .debug_str:0000000000042e39 .LASF2883
     /tmp/ccvncDcb.s:115637  .debug_str:0000000000052320 .LASF2884
     /tmp/ccvncDcb.s:95499  .debug_str:0000000000000dda .LASF2885
     /tmp/ccvncDcb.s:107573  .debug_str:00000000000312bf .LASF2886
     /tmp/ccvncDcb.s:96157  .debug_str:0000000000003ab0 .LASF2887
     /tmp/ccvncDcb.s:99267  .debug_str:0000000000010491 .LASF2888
     /tmp/ccvncDcb.s:110463  .debug_str:000000000003cc0e .LASF2889
     /tmp/ccvncDcb.s:101519  .debug_str:0000000000018f58 .LASF2890
     /tmp/ccvncDcb.s:103427  .debug_str:0000000000020c06 .LASF2891
     /tmp/ccvncDcb.s:97677  .debug_str:0000000000009f42 .LASF2892
     /tmp/ccvncDcb.s:98381  .debug_str:000000000000d023 .LASF2893
     /tmp/ccvncDcb.s:105219  .debug_str:0000000000028018 .LASF2894
     /tmp/ccvncDcb.s:98271  .debug_str:000000000000c9aa .LASF2895
     /tmp/ccvncDcb.s:115505  .debug_str:0000000000051ad7 .LASF2896
     /tmp/ccvncDcb.s:107531  .debug_str:00000000000310d6 .LASF2897
     /tmp/ccvncDcb.s:110859  .debug_str:000000000003e50a .LASF2898
     /tmp/ccvncDcb.s:109815  .debug_str:000000000003a69b .LASF2899
     /tmp/ccvncDcb.s:95373  .debug_str:00000000000005ef .LASF2900
     /tmp/ccvncDcb.s:101487  .debug_str:0000000000018d9a .LASF2901
     /tmp/ccvncDcb.s:107657  .debug_str:0000000000031874 .LASF2902
     /tmp/ccvncDcb.s:114079  .debug_str:000000000004bb36 .LASF2903
     /tmp/ccvncDcb.s:111211  .debug_str:000000000003fcd5 .LASF2904
     /tmp/ccvncDcb.s:112465  .debug_str:0000000000044f8d .LASF2905
     /tmp/ccvncDcb.s:109481  .debug_str:00000000000390ea .LASF2906
     /tmp/ccvncDcb.s:98185  .debug_str:000000000000c2f9 .LASF2907
     /tmp/ccvncDcb.s:99371  .debug_str:0000000000010b54 .LASF2908
     /tmp/ccvncDcb.s:101663  .debug_str:0000000000019922 .LASF2909
     /tmp/ccvncDcb.s:105661  .debug_str:0000000000029a4a .LASF2910
     /tmp/ccvncDcb.s:95751  .debug_str:00000000000020ac .LASF2911
     /tmp/ccvncDcb.s:106817  .debug_str:000000000002e4a2 .LASF2912
     /tmp/ccvncDcb.s:107085  .debug_str:000000000002f59e .LASF2913
     /tmp/ccvncDcb.s:101383  .debug_str:000000000001859a .LASF2914
     /tmp/ccvncDcb.s:97157  .debug_str:0000000000007d2d .LASF2915
     /tmp/ccvncDcb.s:100261  .debug_str:0000000000013fee .LASF2916
     /tmp/ccvncDcb.s:106109  .debug_str:000000000002b905 .LASF2917
     /tmp/ccvncDcb.s:105493  .debug_str:0000000000028fc6 .LASF2918
     /tmp/ccvncDcb.s:113909  .debug_str:000000000004b050 .LASF2919
     /tmp/ccvncDcb.s:103393  .debug_str:0000000000020972 .LASF2920
     /tmp/ccvncDcb.s:99511  .debug_str:00000000000112c5 .LASF2921
     /tmp/ccvncDcb.s:109039  .debug_str:00000000000370f9 .LASF2922
     /tmp/ccvncDcb.s:112853  .debug_str:0000000000046dd4 .LASF2923
     /tmp/ccvncDcb.s:111119  .debug_str:000000000003f672 .LASF2924
     /tmp/ccvncDcb.s:97089  .debug_str:0000000000007924 .LASF2925
     /tmp/ccvncDcb.s:113295  .debug_str:00000000000489b5 .LASF2926
     /tmp/ccvncDcb.s:107719  .debug_str:0000000000031c61 .LASF2927
     /tmp/ccvncDcb.s:107419  .debug_str:0000000000030a22 .LASF2928
     /tmp/ccvncDcb.s:109427  .debug_str:0000000000038c68 .LASF2929
     /tmp/ccvncDcb.s:97631  .debug_str:0000000000009c83 .LASF2930
     /tmp/ccvncDcb.s:115231  .debug_str:0000000000050817 .LASF2931
     /tmp/ccvncDcb.s:104335  .debug_str:0000000000024984 .LASF2932
     /tmp/ccvncDcb.s:101669  .debug_str:00000000000199a7 .LASF2933
     /tmp/ccvncDcb.s:113799  .debug_str:000000000004aa0e .LASF2934
     /tmp/ccvncDcb.s:104383  .debug_str:0000000000024cc8 .LASF2935
     /tmp/ccvncDcb.s:98427  .debug_str:000000000000d358 .LASF2936
     /tmp/ccvncDcb.s:95999  .debug_str:00000000000030b4 .LASF2937
     /tmp/ccvncDcb.s:98007  .debug_str:000000000000b5e2 .LASF2938
     /tmp/ccvncDcb.s:96263  .debug_str:0000000000004219 .LASF2939
     /tmp/ccvncDcb.s:105521  .debug_str:00000000000291d6 .LASF2940
     /tmp/ccvncDcb.s:104773  .debug_str:00000000000266f3 .LASF2941
     /tmp/ccvncDcb.s:100111  .debug_str:00000000000136c2 .LASF2942
     /tmp/ccvncDcb.s:108673  .debug_str:00000000000359ac .LASF2943
     /tmp/ccvncDcb.s:105731  .debug_str:0000000000029f14 .LASF2944
     /tmp/ccvncDcb.s:104477  .debug_str:00000000000252e8 .LASF2945
     /tmp/ccvncDcb.s:101497  .debug_str:0000000000018e0e .LASF2946
     /tmp/ccvncDcb.s:104297  .debug_str:00000000000246eb .LASF2947
     /tmp/ccvncDcb.s:107217  .debug_str:000000000002fce5 .LASF2948
     /tmp/ccvncDcb.s:98299  .debug_str:000000000000cb4b .LASF2949
     /tmp/ccvncDcb.s:102603  .debug_str:000000000001d461 .LASF2950
     /tmp/ccvncDcb.s:100515  .debug_str:0000000000015003 .LASF2951
     /tmp/ccvncDcb.s:101683  .debug_str:0000000000019a91 .LASF2952
     /tmp/ccvncDcb.s:102707  .debug_str:000000000001db01 .LASF2953
     /tmp/ccvncDcb.s:96755  .debug_str:000000000000620a .LASF2954
     /tmp/ccvncDcb.s:107997  .debug_str:0000000000032dea .LASF2955
     /tmp/ccvncDcb.s:100423  .debug_str:0000000000014a5c .LASF2956
     /tmp/ccvncDcb.s:97141  .debug_str:0000000000007c49 .LASF2957
     /tmp/ccvncDcb.s:110061  .debug_str:000000000003b531 .LASF2958
     /tmp/ccvncDcb.s:99993  .debug_str:0000000000012ee9 .LASF2959
     /tmp/ccvncDcb.s:101597  .debug_str:00000000000194a4 .LASF2960
     /tmp/ccvncDcb.s:95683  .debug_str:0000000000001b87 .LASF2961
     /tmp/ccvncDcb.s:97681  .debug_str:0000000000009fa6 .LASF2962
     /tmp/ccvncDcb.s:103327  .debug_str:00000000000205f0 .LASF2963
     /tmp/ccvncDcb.s:111789  .debug_str:0000000000042413 .LASF2964
     /tmp/ccvncDcb.s:103797  .debug_str:000000000002275b .LASF2965
     /tmp/ccvncDcb.s:104381  .debug_str:0000000000024c97 .LASF2966
     /tmp/ccvncDcb.s:111607  .debug_str:000000000004172d .LASF2967
     /tmp/ccvncDcb.s:108469  .debug_str:0000000000034b41 .LASF2968
     /tmp/ccvncDcb.s:113811  .debug_str:000000000004aad4 .LASF2969
     /tmp/ccvncDcb.s:114523  .debug_str:000000000004d861 .LASF2970
     /tmp/ccvncDcb.s:96623  .debug_str:000000000000598f .LASF2971
     /tmp/ccvncDcb.s:105567  .debug_str:000000000002948d .LASF2972
     /tmp/ccvncDcb.s:111009  .debug_str:000000000003efa8 .LASF2973
     /tmp/ccvncDcb.s:98463  .debug_str:000000000000d5d1 .LASF2974
     /tmp/ccvncDcb.s:98025  .debug_str:000000000000b6d1 .LASF2975
     /tmp/ccvncDcb.s:111133  .debug_str:000000000003f752 .LASF2976
     /tmp/ccvncDcb.s:111719  .debug_str:0000000000041f44 .LASF2977
     /tmp/ccvncDcb.s:96309  .debug_str:00000000000045a4 .LASF2978
     /tmp/ccvncDcb.s:110267  .debug_str:000000000003c1be .LASF2979
     /tmp/ccvncDcb.s:103711  .debug_str:0000000000022089 .LASF2980
     /tmp/ccvncDcb.s:100359  .debug_str:0000000000014696 .LASF2981
     /tmp/ccvncDcb.s:103705  .debug_str:0000000000022028 .LASF2982
     /tmp/ccvncDcb.s:111661  .debug_str:0000000000041b5b .LASF2983
     /tmp/ccvncDcb.s:102509  .debug_str:000000000001cec9 .LASF2984
     /tmp/ccvncDcb.s:104783  .debug_str:00000000000267bf .LASF2985
     /tmp/ccvncDcb.s:107375  .debug_str:000000000003076d .LASF2986
     /tmp/ccvncDcb.s:111723  .debug_str:0000000000041fae .LASF2987
     /tmp/ccvncDcb.s:96857  .debug_str:0000000000006851 .LASF2988
     /tmp/ccvncDcb.s:104455  .debug_str:000000000002514e .LASF2989
     /tmp/ccvncDcb.s:109403  .debug_str:0000000000038af5 .LASF2990
     /tmp/ccvncDcb.s:114933  .debug_str:000000000004f31d .LASF2991
     /tmp/ccvncDcb.s:96979  .debug_str:000000000000705a .LASF2992
     /tmp/ccvncDcb.s:97995  .debug_str:000000000000b4dc .LASF2993
     /tmp/ccvncDcb.s:115273  .debug_str:0000000000050ad4 .LASF2994
     /tmp/ccvncDcb.s:105463  .debug_str:0000000000028e39 .LASF2995
     /tmp/ccvncDcb.s:100685  .debug_str:00000000000159f2 .LASF2996
     /tmp/ccvncDcb.s:102389  .debug_str:000000000001c79e .LASF2997
     /tmp/ccvncDcb.s:113635  .debug_str:0000000000049f93 .LASF2998
     /tmp/ccvncDcb.s:107771  .debug_str:000000000003201c .LASF2999
     /tmp/ccvncDcb.s:109203  .debug_str:0000000000037ccc .LASF3000
     /tmp/ccvncDcb.s:115303  .debug_str:0000000000050cfa .LASF3001
     /tmp/ccvncDcb.s:103987  .debug_str:0000000000023304 .LASF3002
     /tmp/ccvncDcb.s:111025  .debug_str:000000000003f0ed .LASF3003
     /tmp/ccvncDcb.s:108477  .debug_str:0000000000034bcb .LASF3004
     /tmp/ccvncDcb.s:111451  .debug_str:0000000000040cb3 .LASF3005
     /tmp/ccvncDcb.s:112705  .debug_str:000000000004637d .LASF3006
     /tmp/ccvncDcb.s:113419  .debug_str:000000000004921c .LASF3007
     /tmp/ccvncDcb.s:101217  .debug_str:0000000000017acd .LASF3008
     /tmp/ccvncDcb.s:103101  .debug_str:000000000001f5dd .LASF3009
     /tmp/ccvncDcb.s:106507  .debug_str:000000000002d1b2 .LASF3010
     /tmp/ccvncDcb.s:113105  .debug_str:0000000000047dea .LASF3011
     /tmp/ccvncDcb.s:103941  .debug_str:0000000000023023 .LASF3012
     /tmp/ccvncDcb.s:102251  .debug_str:000000000001be46 .LASF3013
     /tmp/ccvncDcb.s:102485  .debug_str:000000000001cd52 .LASF3014
     /tmp/ccvncDcb.s:102045  .debug_str:000000000001b141 .LASF3015
     /tmp/ccvncDcb.s:109367  .debug_str:0000000000038852 .LASF3016
     /tmp/ccvncDcb.s:100207  .debug_str:0000000000013c0c .LASF3017
     /tmp/ccvncDcb.s:106433  .debug_str:000000000002cd76 .LASF3018
     /tmp/ccvncDcb.s:108063  .debug_str:000000000003321c .LASF3019
     /tmp/ccvncDcb.s:97045  .debug_str:0000000000007623 .LASF3020
     /tmp/ccvncDcb.s:102497  .debug_str:000000000001cdd6 .LASF3021
     /tmp/ccvncDcb.s:113065  .debug_str:0000000000047b11 .LASF3022
     /tmp/ccvncDcb.s:100281  .debug_str:0000000000014129 .LASF3023
     /tmp/ccvncDcb.s:96425  .debug_str:0000000000004d86 .LASF3024
     /tmp/ccvncDcb.s:115825  .debug_str:00000000000531c7 .LASF3025
     /tmp/ccvncDcb.s:99805  .debug_str:0000000000012365 .LASF3026
     /tmp/ccvncDcb.s:96889  .debug_str:0000000000006aa0 .LASF3027
     /tmp/ccvncDcb.s:111421  .debug_str:0000000000040aa2 .LASF3028
     /tmp/ccvncDcb.s:109471  .debug_str:000000000003903e .LASF3029
     /tmp/ccvncDcb.s:112823  .debug_str:0000000000046b97 .LASF3030
     /tmp/ccvncDcb.s:104655  .debug_str:0000000000025ec5 .LASF3031
     /tmp/ccvncDcb.s:102947  .debug_str:000000000001ea84 .LASF3032
     /tmp/ccvncDcb.s:101399  .debug_str:000000000001866e .LASF3033
     /tmp/ccvncDcb.s:114183  .debug_str:000000000004c1de .LASF3034
     /tmp/ccvncDcb.s:112973  .debug_str:00000000000474ab .LASF3035
     /tmp/ccvncDcb.s:114819  .debug_str:000000000004ec55 .LASF3036
     /tmp/ccvncDcb.s:98605  .debug_str:000000000000dfe1 .LASF3037
     /tmp/ccvncDcb.s:111003  .debug_str:000000000003ef10 .LASF3038
     /tmp/ccvncDcb.s:109401  .debug_str:0000000000038abd .LASF3039
     /tmp/ccvncDcb.s:100575  .debug_str:00000000000153c2 .LASF3040
     /tmp/ccvncDcb.s:97857  .debug_str:000000000000abba .LASF3041
     /tmp/ccvncDcb.s:111857  .debug_str:0000000000042867 .LASF3042
     /tmp/ccvncDcb.s:109519  .debug_str:0000000000039311 .LASF3043
     /tmp/ccvncDcb.s:96297  .debug_str:00000000000044b3 .LASF3044
     /tmp/ccvncDcb.s:108373  .debug_str:0000000000034559 .LASF3045
     /tmp/ccvncDcb.s:110999  .debug_str:000000000003ee97 .LASF3046
     /tmp/ccvncDcb.s:101001  .debug_str:0000000000016d5d .LASF3047
     /tmp/ccvncDcb.s:115689  .debug_str:000000000005277d .LASF3048
     /tmp/ccvncDcb.s:102591  .debug_str:000000000001d3d0 .LASF3049
     /tmp/ccvncDcb.s:115455  .debug_str:0000000000051722 .LASF3050
     /tmp/ccvncDcb.s:115895  .debug_str:00000000000536de .LASF3051
     /tmp/ccvncDcb.s:107061  .debug_str:000000000002f3d3 .LASF3052
     /tmp/ccvncDcb.s:101539  .debug_str:00000000000190ff .LASF3053
     /tmp/ccvncDcb.s:110011  .debug_str:000000000003b24a .LASF3054
     /tmp/ccvncDcb.s:100877  .debug_str:000000000001652e .LASF3055
     /tmp/ccvncDcb.s:109369  .debug_str:000000000003888c .LASF3056
     /tmp/ccvncDcb.s:112001  .debug_str:0000000000043137 .LASF3057
     /tmp/ccvncDcb.s:111621  .debug_str:000000000004183e .LASF3058
     /tmp/ccvncDcb.s:113151  .debug_str:00000000000480c6 .LASF3059
     /tmp/ccvncDcb.s:102643  .debug_str:000000000001d6ba .LASF3060
     /tmp/ccvncDcb.s:96729  .debug_str:0000000000006075 .LASF3061
     /tmp/ccvncDcb.s:113937  .debug_str:000000000004b1ac .LASF3062
     /tmp/ccvncDcb.s:109699  .debug_str:0000000000039ece .LASF3063
     /tmp/ccvncDcb.s:95571  .debug_str:00000000000012d2 .LASF3064
     /tmp/ccvncDcb.s:104309  .debug_str:00000000000247de .LASF3065
     /tmp/ccvncDcb.s:109219  .debug_str:0000000000037d88 .LASF3066
     /tmp/ccvncDcb.s:98203  .debug_str:000000000000c443 .LASF3067
     /tmp/ccvncDcb.s:96265  .debug_str:000000000000425d .LASF3068
     /tmp/ccvncDcb.s:114015  .debug_str:000000000004b77d .LASF3069
     /tmp/ccvncDcb.s:112991  .debug_str:00000000000475cb .LASF3070
     /tmp/ccvncDcb.s:108895  .debug_str:00000000000367e5 .LASF3071
     /tmp/ccvncDcb.s:95801  .debug_str:000000000000238f .LASF3072
     /tmp/ccvncDcb.s:103665  .debug_str:0000000000021d67 .LASF3073
     /tmp/ccvncDcb.s:106333  .debug_str:000000000002c680 .LASF3074
     /tmp/ccvncDcb.s:99411  .debug_str:0000000000010d52 .LASF3075
     /tmp/ccvncDcb.s:106115  .debug_str:000000000002b976 .LASF3076
     /tmp/ccvncDcb.s:97213  .debug_str:0000000000008158 .LASF3077
     /tmp/ccvncDcb.s:112185  .debug_str:0000000000043c8c .LASF3078
     /tmp/ccvncDcb.s:110173  .debug_str:000000000003bbce .LASF3079
     /tmp/ccvncDcb.s:112583  .debug_str:00000000000458c4 .LASF3080
     /tmp/ccvncDcb.s:111217  .debug_str:000000000003fd7b .LASF3081
     /tmp/ccvncDcb.s:97011  .debug_str:0000000000007318 .LASF3082
     /tmp/ccvncDcb.s:106287  .debug_str:000000000002c396 .LASF3083
     /tmp/ccvncDcb.s:102791  .debug_str:000000000001e0a8 .LASF3084
     /tmp/ccvncDcb.s:114013  .debug_str:000000000004b743 .LASF3085
     /tmp/ccvncDcb.s:107369  .debug_str:00000000000306dc .LASF3086
     /tmp/ccvncDcb.s:110109  .debug_str:000000000003b8c7 .LASF3087
     /tmp/ccvncDcb.s:114347  .debug_str:000000000004ccf9 .LASF3088
     /tmp/ccvncDcb.s:106339  .debug_str:000000000002c714 .LASF3089
     /tmp/ccvncDcb.s:95795  .debug_str:000000000000231f .LASF3090
     /tmp/ccvncDcb.s:113859  .debug_str:000000000004ad6f .LASF3091
     /tmp/ccvncDcb.s:107057  .debug_str:000000000002f375 .LASF3092
     /tmp/ccvncDcb.s:103749  .debug_str:0000000000022341 .LASF3093
     /tmp/ccvncDcb.s:97371  .debug_str:0000000000008b74 .LASF3094
     /tmp/ccvncDcb.s:112913  .debug_str:00000000000470d0 .LASF3095
     /tmp/ccvncDcb.s:107925  .debug_str:00000000000329b1 .LASF3096
     /tmp/ccvncDcb.s:103349  .debug_str:0000000000020700 .LASF3097
     /tmp/ccvncDcb.s:111015  .debug_str:000000000003f041 .LASF3098
     /tmp/ccvncDcb.s:100611  .debug_str:00000000000155c3 .LASF3099
     /tmp/ccvncDcb.s:101885  .debug_str:000000000001a5c6 .LASF3100
     /tmp/ccvncDcb.s:97461  .debug_str:00000000000091d0 .LASF3101
     /tmp/ccvncDcb.s:114693  .debug_str:000000000004e425 .LASF3102
     /tmp/ccvncDcb.s:102027  .debug_str:000000000001b01f .LASF3103
     /tmp/ccvncDcb.s:115229  .debug_str:00000000000507df .LASF3104
     /tmp/ccvncDcb.s:113339  .debug_str:0000000000048c99 .LASF3105
     /tmp/ccvncDcb.s:114113  .debug_str:000000000004bda9 .LASF3106
     /tmp/ccvncDcb.s:101085  .debug_str:00000000000172f7 .LASF3107
     /tmp/ccvncDcb.s:99711  .debug_str:0000000000011d58 .LASF3108
     /tmp/ccvncDcb.s:98523  .debug_str:000000000000da4e .LASF3109
     /tmp/ccvncDcb.s:113143  .debug_str:000000000004803a .LASF3110
     /tmp/ccvncDcb.s:95425  .debug_str:000000000000097b .LASF3111
     /tmp/ccvncDcb.s:105801  .debug_str:000000000002a3e3 .LASF3112
     /tmp/ccvncDcb.s:116013  .debug_str:0000000000053e9f .LASF3113
     /tmp/ccvncDcb.s:108223  .debug_str:0000000000033c0c .LASF3114
     /tmp/ccvncDcb.s:105289  .debug_str:000000000002830b .LASF3115
     /tmp/ccvncDcb.s:107855  .debug_str:000000000003255a .LASF3116
     /tmp/ccvncDcb.s:113261  .debug_str:000000000004878c .LASF3117
     /tmp/ccvncDcb.s:102357  .debug_str:000000000001c55e .LASF3118
     /tmp/ccvncDcb.s:104209  .debug_str:000000000002414e .LASF3119
     /tmp/ccvncDcb.s:114123  .debug_str:000000000004be3a .LASF3120
     /tmp/ccvncDcb.s:107783  .debug_str:0000000000032121 .LASF3121
     /tmp/ccvncDcb.s:116133  .debug_str:000000000005457e .LASF3122
     /tmp/ccvncDcb.s:116281  .debug_str:0000000000054ff1 .LASF3123
     /tmp/ccvncDcb.s:105291  .debug_str:0000000000028349 .LASF3124
     /tmp/ccvncDcb.s:100895  .debug_str:0000000000016634 .LASF3125
     /tmp/ccvncDcb.s:102739  .debug_str:000000000001dd08 .LASF3126
     /tmp/ccvncDcb.s:115985  .debug_str:0000000000053c66 .LASF3127
     /tmp/ccvncDcb.s:112667  .debug_str:0000000000045e29 .LASF3128
     /tmp/ccvncDcb.s:100299  .debug_str:0000000000014245 .LASF3129
     /tmp/ccvncDcb.s:99743  .debug_str:0000000000011faa .LASF3130
     /tmp/ccvncDcb.s:110707  .debug_str:000000000003da36 .LASF3131
     /tmp/ccvncDcb.s:115481  .debug_str:00000000000518d2 .LASF3132
     /tmp/ccvncDcb.s:108915  .debug_str:000000000003694f .LASF3133
     /tmp/ccvncDcb.s:110405  .debug_str:000000000003c953 .LASF3134
     /tmp/ccvncDcb.s:110161  .debug_str:000000000003bb00 .LASF3135
     /tmp/ccvncDcb.s:95825  .debug_str:0000000000002560 .LASF3136
     /tmp/ccvncDcb.s:113979  .debug_str:000000000004b4fc .LASF3137
     /tmp/ccvncDcb.s:106359  .debug_str:000000000002c879 .LASF3138
     /tmp/ccvncDcb.s:103253  .debug_str:00000000000200ff .LASF3139
     /tmp/ccvncDcb.s:112443  .debug_str:0000000000044d0e .LASF3140
     /tmp/ccvncDcb.s:101591  .debug_str:0000000000019433 .LASF3141
     /tmp/ccvncDcb.s:95507  .debug_str:0000000000000e51 .LASF3142
     /tmp/ccvncDcb.s:112633  .debug_str:0000000000045c11 .LASF3143
     /tmp/ccvncDcb.s:99365  .debug_str:0000000000010aa3 .LASF3144
     /tmp/ccvncDcb.s:96745  .debug_str:0000000000006147 .LASF3145
     /tmp/ccvncDcb.s:99841  .debug_str:0000000000012596 .LASF3146
     /tmp/ccvncDcb.s:98095  .debug_str:000000000000bc14 .LASF3147
     /tmp/ccvncDcb.s:114639  .debug_str:000000000004e02c .LASF3148
     /tmp/ccvncDcb.s:110585  .debug_str:000000000003d361 .LASF3149
     /tmp/ccvncDcb.s:96647  .debug_str:0000000000005b1c .LASF3150
     /tmp/ccvncDcb.s:98685  .debug_str:000000000000e474 .LASF3151
     /tmp/ccvncDcb.s:111075  .debug_str:000000000003f3cb .LASF3152
     /tmp/ccvncDcb.s:109017  .debug_str:0000000000036f7b .LASF3153
     /tmp/ccvncDcb.s:115195  .debug_str:000000000005058a .LASF3154
     /tmp/ccvncDcb.s:114511  .debug_str:000000000004d79a .LASF3155
     /tmp/ccvncDcb.s:105033  .debug_str:0000000000027606 .LASF3156
     /tmp/ccvncDcb.s:104925  .debug_str:0000000000027035 .LASF3157
     /tmp/ccvncDcb.s:95591  .debug_str:0000000000001410 .LASF3158
     /tmp/ccvncDcb.s:103523  .debug_str:0000000000021372 .LASF3159
     /tmp/ccvncDcb.s:115619  .debug_str:00000000000521ec .LASF3160
     /tmp/ccvncDcb.s:97729  .debug_str:000000000000a2f1 .LASF3161
     /tmp/ccvncDcb.s:112227  .debug_str:0000000000043f03 .LASF3162
     /tmp/ccvncDcb.s:106663  .debug_str:000000000002db28 .LASF3163
     /tmp/ccvncDcb.s:105945  .debug_str:000000000002ad3f .LASF3164
     /tmp/ccvncDcb.s:99943  .debug_str:0000000000012b82 .LASF3165
     /tmp/ccvncDcb.s:115077  .debug_str:000000000004fde3 .LASF3166
     /tmp/ccvncDcb.s:111195  .debug_str:000000000003fbc5 .LASF3167
     /tmp/ccvncDcb.s:112579  .debug_str:000000000004587c .LASF3168
     /tmp/ccvncDcb.s:98939  .debug_str:000000000000f2bf .LASF3169
     /tmp/ccvncDcb.s:102611  .debug_str:000000000001d4e1 .LASF3170
     /tmp/ccvncDcb.s:113999  .debug_str:000000000004b63a .LASF3171
     /tmp/ccvncDcb.s:95397  .debug_str:0000000000000775 .LASF3172
     /tmp/ccvncDcb.s:109445  .debug_str:0000000000038e05 .LASF3173
     /tmp/ccvncDcb.s:104011  .debug_str:00000000000234bb .LASF3174
     /tmp/ccvncDcb.s:106193  .debug_str:000000000002bd7f .LASF3175
     /tmp/ccvncDcb.s:104301  .debug_str:0000000000024743 .LASF3176
     /tmp/ccvncDcb.s:101859  .debug_str:000000000001a41f .LASF3177
     /tmp/ccvncDcb.s:96149  .debug_str:00000000000039f8 .LASF3178
     /tmp/ccvncDcb.s:112003  .debug_str:0000000000043177 .LASF3179
     /tmp/ccvncDcb.s:109931  .debug_str:000000000003ade0 .LASF3180
     /tmp/ccvncDcb.s:102129  .debug_str:000000000001b6c7 .LASF3181
     /tmp/ccvncDcb.s:112759  .debug_str:00000000000466a7 .LASF3182
     /tmp/ccvncDcb.s:105161  .debug_str:0000000000027bd2 .LASF3183
     /tmp/ccvncDcb.s:103955  .debug_str:0000000000023118 .LASF3184
     /tmp/ccvncDcb.s:116265  .debug_str:0000000000054ec7 .LASF3185
     /tmp/ccvncDcb.s:95565  .debug_str:0000000000001262 .LASF3186
     /tmp/ccvncDcb.s:113795  .debug_str:000000000004a99a .LASF3187
     /tmp/ccvncDcb.s:105979  .debug_str:000000000002afed .LASF3188
     /tmp/ccvncDcb.s:111677  .debug_str:0000000000041c9a .LASF3189
     /tmp/ccvncDcb.s:105927  .debug_str:000000000002abdf .LASF3190
     /tmp/ccvncDcb.s:111799  .debug_str:00000000000424b3 .LASF3191
     /tmp/ccvncDcb.s:114585  .debug_str:000000000004dcb5 .LASF3192
     /tmp/ccvncDcb.s:109329  .debug_str:0000000000038595 .LASF3193
     /tmp/ccvncDcb.s:103837  .debug_str:00000000000229ac .LASF3194
     /tmp/ccvncDcb.s:116089  .debug_str:00000000000542bf .LASF3195
     /tmp/ccvncDcb.s:114095  .debug_str:000000000004bc58 .LASF3196
     /tmp/ccvncDcb.s:102507  .debug_str:000000000001ce90 .LASF3197
     /tmp/ccvncDcb.s:108235  .debug_str:0000000000033cb2 .LASF3198
     /tmp/ccvncDcb.s:104701  .debug_str:00000000000261d1 .LASF3199
     /tmp/ccvncDcb.s:112589  .debug_str:000000000004593c .LASF3200
     /tmp/ccvncDcb.s:96951  .debug_str:0000000000006e75 .LASF3201
     /tmp/ccvncDcb.s:100873  .debug_str:00000000000164be .LASF3202
     /tmp/ccvncDcb.s:97491  .debug_str:000000000000939c .LASF3203
     /tmp/ccvncDcb.s:107233  .debug_str:000000000002fddc .LASF3204
     /tmp/ccvncDcb.s:113751  .debug_str:000000000004a6bf .LASF3205
     /tmp/ccvncDcb.s:112377  .debug_str:000000000004482b .LASF3206
     /tmp/ccvncDcb.s:95419  .debug_str:00000000000008ee .LASF3207
     /tmp/ccvncDcb.s:108557  .debug_str:0000000000035158 .LASF3208
     /tmp/ccvncDcb.s:116153  .debug_str:0000000000054722 .LASF3209
     /tmp/ccvncDcb.s:106911  .debug_str:000000000002eb1b .LASF3210
     /tmp/ccvncDcb.s:108045  .debug_str:00000000000330dd .LASF3211
     /tmp/ccvncDcb.s:111989  .debug_str:0000000000043064 .LASF3212
     /tmp/ccvncDcb.s:110119  .debug_str:000000000003b96e .LASF3213
     /tmp/ccvncDcb.s:96067  .debug_str:0000000000003546 .LASF3214
     /tmp/ccvncDcb.s:107045  .debug_str:000000000002f28c .LASF3215
     /tmp/ccvncDcb.s:110611  .debug_str:000000000003d46d .LASF3216
     /tmp/ccvncDcb.s:102583  .debug_str:000000000001d32e .LASF3217
     /tmp/ccvncDcb.s:100945  .debug_str:000000000001690a .LASF3218
     /tmp/ccvncDcb.s:109777  .debug_str:000000000003a3a5 .LASF3219
     /tmp/ccvncDcb.s:113193  .debug_str:0000000000048392 .LASF3220
     /tmp/ccvncDcb.s:111869  .debug_str:000000000004292b .LASF3221
     /tmp/ccvncDcb.s:103633  .debug_str:0000000000021ab3 .LASF3222
     /tmp/ccvncDcb.s:113605  .debug_str:0000000000049d80 .LASF3223
     /tmp/ccvncDcb.s:115099  .debug_str:000000000004ff68 .LASF3224
     /tmp/ccvncDcb.s:104421  .debug_str:0000000000024f4e .LASF3225
     /tmp/ccvncDcb.s:95885  .debug_str:00000000000028dc .LASF3226
     /tmp/ccvncDcb.s:114973  .debug_str:000000000004f613 .LASF3227
     /tmp/ccvncDcb.s:110481  .debug_str:000000000003cd3d .LASF3228
     /tmp/ccvncDcb.s:102819  .debug_str:000000000001e292 .LASF3229
     /tmp/ccvncDcb.s:113323  .debug_str:0000000000048be5 .LASF3230
     /tmp/ccvncDcb.s:106493  .debug_str:000000000002d078 .LASF3231
     /tmp/ccvncDcb.s:100441  .debug_str:0000000000014b59 .LASF3232
     /tmp/ccvncDcb.s:106567  .debug_str:000000000002d58b .LASF3233
     /tmp/ccvncDcb.s:114175  .debug_str:000000000004c163 .LASF3234
     /tmp/ccvncDcb.s:113011  .debug_str:0000000000047777 .LASF3235
     /tmp/ccvncDcb.s:100025  .debug_str:000000000001312b .LASF3236
     /tmp/ccvncDcb.s:113313  .debug_str:0000000000048b46 .LASF3237
     /tmp/ccvncDcb.s:100033  .debug_str:00000000000131c7 .LASF3238
     /tmp/ccvncDcb.s:100143  .debug_str:0000000000013881 .LASF3239
     /tmp/ccvncDcb.s:104101  .debug_str:0000000000023b80 .LASF3240
     /tmp/ccvncDcb.s:112861  .debug_str:0000000000046e6d .LASF3241
     /tmp/ccvncDcb.s:96649  .debug_str:0000000000005b5c .LASF3242
     /tmp/ccvncDcb.s:114965  .debug_str:000000000004f576 .LASF3243
     /tmp/ccvncDcb.s:110955  .debug_str:000000000003ebbe .LASF3244
     /tmp/ccvncDcb.s:98465  .debug_str:000000000000d60c .LASF3245
     /tmp/ccvncDcb.s:106299  .debug_str:000000000002c46f .LASF3246
     /tmp/ccvncDcb.s:111339  .debug_str:00000000000404ef .LASF3247
     /tmp/ccvncDcb.s:103747  .debug_str:0000000000022305 .LASF3248
     /tmp/ccvncDcb.s:95893  .debug_str:0000000000002977 .LASF3249
     /tmp/ccvncDcb.s:95611  .debug_str:0000000000001563 .LASF3250
     /tmp/ccvncDcb.s:108361  .debug_str:00000000000344a8 .LASF3251
     /tmp/ccvncDcb.s:113185  .debug_str:00000000000482d5 .LASF3252
     /tmp/ccvncDcb.s:111019  .debug_str:000000000003f084 .LASF3253
     /tmp/ccvncDcb.s:95701  .debug_str:0000000000001c99 .LASF3254
     /tmp/ccvncDcb.s:107883  .debug_str:00000000000326ce .LASF3255
     /tmp/ccvncDcb.s:102799  .debug_str:000000000001e173 .LASF3256
     /tmp/ccvncDcb.s:96985  .debug_str:00000000000070bb .LASF3257
     /tmp/ccvncDcb.s:111695  .debug_str:0000000000041e09 .LASF3258
     /tmp/ccvncDcb.s:96759  .debug_str:000000000000625d .LASF3259
     /tmp/ccvncDcb.s:99535  .debug_str:0000000000011459 .LASF3260
     /tmp/ccvncDcb.s:102929  .debug_str:000000000001e969 .LASF3261
     /tmp/ccvncDcb.s:99779  .debug_str:000000000001216d .LASF3262
     /tmp/ccvncDcb.s:107317  .debug_str:0000000000030389 .LASF3263
     /tmp/ccvncDcb.s:111845  .debug_str:00000000000427b4 .LASF3264
     /tmp/ccvncDcb.s:101633  .debug_str:00000000000196f9 .LASF3265
     /tmp/ccvncDcb.s:110547  .debug_str:000000000003d07e .LASF3266
     /tmp/ccvncDcb.s:108627  .debug_str:0000000000035640 .LASF3267
     /tmp/ccvncDcb.s:104467  .debug_str:0000000000025218 .LASF3268
     /tmp/ccvncDcb.s:95717  .debug_str:0000000000001dec .LASF3269
     /tmp/ccvncDcb.s:99639  .debug_str:00000000000119e1 .LASF3270
     /tmp/ccvncDcb.s:103777  .debug_str:00000000000225d0 .LASF3271
     /tmp/ccvncDcb.s:98281  .debug_str:000000000000ca39 .LASF3272
     /tmp/ccvncDcb.s:112967  .debug_str:000000000004743d .LASF3273
     /tmp/ccvncDcb.s:97391  .debug_str:0000000000008cb8 .LASF3274
     /tmp/ccvncDcb.s:98433  .debug_str:000000000000d3da .LASF3275
     /tmp/ccvncDcb.s:102641  .debug_str:000000000001d674 .LASF3276
     /tmp/ccvncDcb.s:97831  .debug_str:000000000000a9b9 .LASF3277
     /tmp/ccvncDcb.s:111841  .debug_str:0000000000042756 .LASF3278
     /tmp/ccvncDcb.s:100679  .debug_str:0000000000015969 .LASF3279
     /tmp/ccvncDcb.s:99929  .debug_str:0000000000012a7f .LASF3280
     /tmp/ccvncDcb.s:105779  .debug_str:000000000002a259 .LASF3281
     /tmp/ccvncDcb.s:97363  .debug_str:0000000000008abf .LASF3282
     /tmp/ccvncDcb.s:96171  .debug_str:0000000000003bab .LASF3283
     /tmp/ccvncDcb.s:109319  .debug_str:00000000000384c4 .LASF3284
     /tmp/ccvncDcb.s:107797  .debug_str:0000000000032211 .LASF3285
     /tmp/ccvncDcb.s:115819  .debug_str:0000000000053162 .LASF3286
     /tmp/ccvncDcb.s:116215  .debug_str:0000000000054b75 .LASF3287
     /tmp/ccvncDcb.s:111563  .debug_str:000000000004142f .LASF3288
     /tmp/ccvncDcb.s:96993  .debug_str:0000000000007184 .LASF3289
     /tmp/ccvncDcb.s:112827  .debug_str:0000000000046bf0 .LASF3290
     /tmp/ccvncDcb.s:97581  .debug_str:0000000000009966 .LASF3291
     /tmp/ccvncDcb.s:115699  .debug_str:0000000000052867 .LASF3292
     /tmp/ccvncDcb.s:98053  .debug_str:000000000000b938 .LASF3293
     /tmp/ccvncDcb.s:111525  .debug_str:00000000000411aa .LASF3294
     /tmp/ccvncDcb.s:106055  .debug_str:000000000002b521 .LASF3295
     /tmp/ccvncDcb.s:100311  .debug_str:000000000001434b .LASF3296
     /tmp/ccvncDcb.s:112775  .debug_str:00000000000467c0 .LASF3297
     /tmp/ccvncDcb.s:111007  .debug_str:000000000003ef67 .LASF3298
     /tmp/ccvncDcb.s:105505  .debug_str:00000000000290a9 .LASF3299
     /tmp/ccvncDcb.s:109349  .debug_str:00000000000386e3 .LASF3300
     /tmp/ccvncDcb.s:113851  .debug_str:000000000004ad00 .LASF3301
     /tmp/ccvncDcb.s:101609  .debug_str:000000000001957b .LASF3302
     /tmp/ccvncDcb.s:97021  .debug_str:0000000000007425 .LASF3303
     /tmp/ccvncDcb.s:114431  .debug_str:000000000004d23c .LASF3304
     /tmp/ccvncDcb.s:111297  .debug_str:00000000000402c2 .LASF3305
     /tmp/ccvncDcb.s:101437  .debug_str:0000000000018969 .LASF3306
     /tmp/ccvncDcb.s:103279  .debug_str:00000000000202b5 .LASF3307
     /tmp/ccvncDcb.s:97915  .debug_str:000000000000af95 .LASF3308
     /tmp/ccvncDcb.s:100681  .debug_str:00000000000159a7 .LASF3309
     /tmp/ccvncDcb.s:100951  .debug_str:0000000000016999 .LASF3310
     /tmp/ccvncDcb.s:98573  .debug_str:000000000000dd8e .LASF3311
     /tmp/ccvncDcb.s:112461  .debug_str:0000000000044f2e .LASF3312
     /tmp/ccvncDcb.s:112519  .debug_str:00000000000453be .LASF3313
     /tmp/ccvncDcb.s:101559  .debug_str:0000000000019265 .LASF3314
     /tmp/ccvncDcb.s:115073  .debug_str:000000000004fd95 .LASF3315
     /tmp/ccvncDcb.s:95811  .debug_str:000000000000247f .LASF3316
     /tmp/ccvncDcb.s:99973  .debug_str:0000000000012d87 .LASF3317
     /tmp/ccvncDcb.s:108567  .debug_str:0000000000035275 .LASF3318
     /tmp/ccvncDcb.s:114799  .debug_str:000000000004eb11 .LASF3319
     /tmp/ccvncDcb.s:108847  .debug_str:00000000000365ba .LASF3320
     /tmp/ccvncDcb.s:112515  .debug_str:000000000004533a .LASF3321
     /tmp/ccvncDcb.s:108863  .debug_str:00000000000366cd .LASF3322
     /tmp/ccvncDcb.s:96461  .debug_str:0000000000004f82 .LASF3323
     /tmp/ccvncDcb.s:99721  .debug_str:0000000000011e21 .LASF3324
     /tmp/ccvncDcb.s:112459  .debug_str:0000000000044ef4 .LASF3325
     /tmp/ccvncDcb.s:102183  .debug_str:000000000001ba26 .LASF3326
     /tmp/ccvncDcb.s:115769  .debug_str:0000000000052e6e .LASF3327
     /tmp/ccvncDcb.s:102975  .debug_str:000000000001ecb5 .LASF3328
     /tmp/ccvncDcb.s:110797  .debug_str:000000000003e01c .LASF3329
     /tmp/ccvncDcb.s:110709  .debug_str:000000000003da77 .LASF3330
     /tmp/ccvncDcb.s:97979  .debug_str:000000000000b40d .LASF3331
     /tmp/ccvncDcb.s:104099  .debug_str:0000000000023b34 .LASF3332
     /tmp/ccvncDcb.s:109935  .debug_str:000000000003ae4b .LASF3333
     /tmp/ccvncDcb.s:107761  .debug_str:0000000000031f88 .LASF3334
     /tmp/ccvncDcb.s:100963  .debug_str:0000000000016a9a .LASF3335
     /tmp/ccvncDcb.s:115519  .debug_str:0000000000051bd1 .LASF3336
     /tmp/ccvncDcb.s:112129  .debug_str:0000000000043902 .LASF3337
     /tmp/ccvncDcb.s:110113  .debug_str:000000000003b910 .LASF3338
     /tmp/ccvncDcb.s:102273  .debug_str:000000000001c04a .LASF3339
     /tmp/ccvncDcb.s:103449  .debug_str:0000000000020da7 .LASF3340
     /tmp/ccvncDcb.s:113593  .debug_str:0000000000049c99 .LASF3341
     /tmp/ccvncDcb.s:98731  .debug_str:000000000000e79c .LASF3342
     /tmp/ccvncDcb.s:111251  .debug_str:000000000003ff89 .LASF3343
     /tmp/ccvncDcb.s:110471  .debug_str:000000000003cca6 .LASF3344
     /tmp/ccvncDcb.s:101341  .debug_str:00000000000182f6 .LASF3345
     /tmp/ccvncDcb.s:100807  .debug_str:0000000000016075 .LASF3346
     /tmp/ccvncDcb.s:108735  .debug_str:0000000000035d87 .LASF3347
     /tmp/ccvncDcb.s:112355  .debug_str:000000000004468e .LASF3348
     /tmp/ccvncDcb.s:96753  .debug_str:00000000000061c7 .LASF3349
     /tmp/ccvncDcb.s:111253  .debug_str:000000000003ffcc .LASF3350
     /tmp/ccvncDcb.s:111693  .debug_str:0000000000041dc6 .LASF3351
     /tmp/ccvncDcb.s:102007  .debug_str:000000000001aed9 .LASF3352
     /tmp/ccvncDcb.s:112495  .debug_str:00000000000451af .LASF3353
     /tmp/ccvncDcb.s:114305  .debug_str:000000000004ca79 .LASF3354
     /tmp/ccvncDcb.s:107745  .debug_str:0000000000031e78 .LASF3355
     /tmp/ccvncDcb.s:100957  .debug_str:0000000000016a30 .LASF3356
     /tmp/ccvncDcb.s:97245  .debug_str:0000000000008370 .LASF3357
     /tmp/ccvncDcb.s:107819  .debug_str:0000000000032339 .LASF3358
     /tmp/ccvncDcb.s:98419  .debug_str:000000000000d2a1 .LASF3359
     /tmp/ccvncDcb.s:111725  .debug_str:0000000000041fef .LASF3360
     /tmp/ccvncDcb.s:106087  .debug_str:000000000002b789 .LASF3361
     /tmp/ccvncDcb.s:115425  .debug_str:0000000000051548 .LASF3362
     /tmp/ccvncDcb.s:110101  .debug_str:000000000003b7fc .LASF3363
     /tmp/ccvncDcb.s:113017  .debug_str:00000000000477fd .LASF3364
     /tmp/ccvncDcb.s:104767  .debug_str:0000000000026655 .LASF3365
     /tmp/ccvncDcb.s:97413  .debug_str:0000000000008e65 .LASF3366
     /tmp/ccvncDcb.s:110243  .debug_str:000000000003bfd9 .LASF3367
     /tmp/ccvncDcb.s:106651  .debug_str:000000000002da53 .LASF3368
     /tmp/ccvncDcb.s:107841  .debug_str:000000000003248d .LASF3369
     /tmp/ccvncDcb.s:115981  .debug_str:0000000000053bef .LASF3370
     /tmp/ccvncDcb.s:96939  .debug_str:0000000000006db4 .LASF3371
     /tmp/ccvncDcb.s:109183  .debug_str:0000000000037b53 .LASF3372
     /tmp/ccvncDcb.s:114317  .debug_str:000000000004cb52 .LASF3373
     /tmp/ccvncDcb.s:103771  .debug_str:0000000000022533 .LASF3374
     /tmp/ccvncDcb.s:103413  .debug_str:0000000000020b1d .LASF3375
     /tmp/ccvncDcb.s:113613  .debug_str:0000000000049e1a .LASF3376
     /tmp/ccvncDcb.s:97543  .debug_str:00000000000096c1 .LASF3377
     /tmp/ccvncDcb.s:110435  .debug_str:000000000003ca30 .LASF3378
     /tmp/ccvncDcb.s:103087  .debug_str:000000000001f495 .LASF3379
     /tmp/ccvncDcb.s:104169  .debug_str:0000000000023f16 .LASF3380
     /tmp/ccvncDcb.s:111369  .debug_str:0000000000040744 .LASF3381
     /tmp/ccvncDcb.s:101143  .debug_str:000000000001760e .LASF3382
     /tmp/ccvncDcb.s:115761  .debug_str:0000000000052dbd .LASF3383
     /tmp/ccvncDcb.s:106747  .debug_str:000000000002e13c .LASF3384
     /tmp/ccvncDcb.s:99369  .debug_str:0000000000010b0c .LASF3385
     /tmp/ccvncDcb.s:107679  .debug_str:0000000000031985 .LASF3386
     /tmp/ccvncDcb.s:104917  .debug_str:0000000000026f71 .LASF3387
     /tmp/ccvncDcb.s:96955  .debug_str:0000000000006ed6 .LASF3388
     /tmp/ccvncDcb.s:102191  .debug_str:000000000001bae6 .LASF3389
     /tmp/ccvncDcb.s:102269  .debug_str:000000000001c002 .LASF3390
     /tmp/ccvncDcb.s:102585  .debug_str:000000000001d371 .LASF3391
     /tmp/ccvncDcb.s:107527  .debug_str:0000000000031075 .LASF3392
     /tmp/ccvncDcb.s:97721  .debug_str:000000000000a217 .LASF3393
     /tmp/ccvncDcb.s:111091  .debug_str:000000000003f486 .LASF3394
     /tmp/ccvncDcb.s:96997  .debug_str:00000000000071fd .LASF3395
     /tmp/ccvncDcb.s:103123  .debug_str:000000000001f772 .LASF3396
     /tmp/ccvncDcb.s:107905  .debug_str:000000000003283c .LASF3397
     /tmp/ccvncDcb.s:101025  .debug_str:0000000000016f9d .LASF3398
     /tmp/ccvncDcb.s:98177  .debug_str:000000000000c217 .LASF3399
     /tmp/ccvncDcb.s:112321  .debug_str:00000000000444e1 .LASF3400
     /tmp/ccvncDcb.s:97499  .debug_str:0000000000009406 .LASF3401
     /tmp/ccvncDcb.s:102483  .debug_str:000000000001cd0c .LASF3402
     /tmp/ccvncDcb.s:113059  .debug_str:0000000000047a6c .LASF3403
     /tmp/ccvncDcb.s:101017  .debug_str:0000000000016ed5 .LASF3404
     /tmp/ccvncDcb.s:103505  .debug_str:000000000002120f .LASF3405
     /tmp/ccvncDcb.s:114097  .debug_str:000000000004bc99 .LASF3406
     /tmp/ccvncDcb.s:105501  .debug_str:0000000000029057 .LASF3407
     /tmp/ccvncDcb.s:110253  .debug_str:000000000003c0b6 .LASF3408
     /tmp/ccvncDcb.s:105687  .debug_str:0000000000029bc5 .LASF3409
     /tmp/ccvncDcb.s:100347  .debug_str:00000000000145c4 .LASF3410
     /tmp/ccvncDcb.s:104493  .debug_str:000000000002541b .LASF3411
     /tmp/ccvncDcb.s:109307  .debug_str:00000000000383f3 .LASF3412
     /tmp/ccvncDcb.s:96019  .debug_str:000000000000322b .LASF3413
     /tmp/ccvncDcb.s:101811  .debug_str:000000000001a16e .LASF3414
     /tmp/ccvncDcb.s:95439  .debug_str:0000000000000a5d .LASF3415
     /tmp/ccvncDcb.s:103691  .debug_str:0000000000021f61 .LASF3416
     /tmp/ccvncDcb.s:111685  .debug_str:0000000000041d19 .LASF3417
     /tmp/ccvncDcb.s:96797  .debug_str:000000000000647f .LASF3418
     /tmp/ccvncDcb.s:102691  .debug_str:000000000001d9b7 .LASF3419
     /tmp/ccvncDcb.s:102987  .debug_str:000000000001ed6c .LASF3420
     /tmp/ccvncDcb.s:96625  .debug_str:00000000000059d2 .LASF3421
     /tmp/ccvncDcb.s:101865  .debug_str:000000000001a4ab .LASF3422
     /tmp/ccvncDcb.s:108345  .debug_str:0000000000034393 .LASF3423
     /tmp/ccvncDcb.s:111865  .debug_str:00000000000428d2 .LASF3424
     /tmp/ccvncDcb.s:102679  .debug_str:000000000001d8f6 .LASF3425
     /tmp/ccvncDcb.s:107713  .debug_str:0000000000031bda .LASF3426
     /tmp/ccvncDcb.s:101647  .debug_str:000000000001982e .LASF3427
     /tmp/ccvncDcb.s:114535  .debug_str:000000000004d947 .LASF3428
     /tmp/ccvncDcb.s:115369  .debug_str:000000000005111d .LASF3429
     /tmp/ccvncDcb.s:105693  .debug_str:0000000000029c41 .LASF3430
     /tmp/ccvncDcb.s:106095  .debug_str:000000000002b846 .LASF3431
     /tmp/ccvncDcb.s:97917  .debug_str:000000000000afdc .LASF3432
     /tmp/ccvncDcb.s:115115  .debug_str:000000000005006d .LASF3433
     /tmp/ccvncDcb.s:100259  .debug_str:0000000000013faa .LASF3434
     /tmp/ccvncDcb.s:110025  .debug_str:000000000003b3d0 .LASF3435
     /tmp/ccvncDcb.s:108575  .debug_str:000000000003530d .LASF3436
     /tmp/ccvncDcb.s:104605  .debug_str:0000000000025bb1 .LASF3437
     /tmp/ccvncDcb.s:110751  .debug_str:000000000003dd1b .LASF3438
     /tmp/ccvncDcb.s:110013  .debug_str:000000000003b288 .LASF3439
     /tmp/ccvncDcb.s:99821  .debug_str:000000000001243a .LASF3440
     /tmp/ccvncDcb.s:97097  .debug_str:00000000000079a0 .LASF3441
     /tmp/ccvncDcb.s:105647  .debug_str:0000000000029919 .LASF3442
     /tmp/ccvncDcb.s:111141  .debug_str:000000000003f7e9 .LASF3443
     /tmp/ccvncDcb.s:107613  .debug_str:000000000003154d .LASF3444
     /tmp/ccvncDcb.s:95771  .debug_str:00000000000021a6 .LASF3445
     /tmp/ccvncDcb.s:101895  .debug_str:000000000001a660 .LASF3446
     /tmp/ccvncDcb.s:100215  .debug_str:0000000000013c82 .LASF3447
     /tmp/ccvncDcb.s:107741  .debug_str:0000000000031e00 .LASF3448
     /tmp/ccvncDcb.s:97411  .debug_str:0000000000008e2b .LASF3449
     /tmp/ccvncDcb.s:113101  .debug_str:0000000000047d9c .LASF3450
     /tmp/ccvncDcb.s:112039  .debug_str:00000000000433dd .LASF3451
     /tmp/ccvncDcb.s:114401  .debug_str:000000000004d0b9 .LASF3452
     /tmp/ccvncDcb.s:108821  .debug_str:000000000003636d .LASF3453
     /tmp/ccvncDcb.s:104023  .debug_str:000000000002359e .LASF3454
     /tmp/ccvncDcb.s:103911  .debug_str:0000000000022ddb .LASF3455
     /tmp/ccvncDcb.s:112137  .debug_str:00000000000439a9 .LASF3456
     /tmp/ccvncDcb.s:96693  .debug_str:0000000000005e8d .LASF3457
     /tmp/ccvncDcb.s:112549  .debug_str:0000000000045654 .LASF3458
     /tmp/ccvncDcb.s:114143  .debug_str:000000000004bf63 .LASF3459
     /tmp/ccvncDcb.s:103015  .debug_str:000000000001ef48 .LASF3460
     /tmp/ccvncDcb.s:101205  .debug_str:00000000000179d6 .LASF3461
     /tmp/ccvncDcb.s:114529  .debug_str:000000000004d8d8 .LASF3462
     /tmp/ccvncDcb.s:112491  .debug_str:000000000004514a .LASF3463
     /tmp/ccvncDcb.s:106377  .debug_str:000000000002c9aa .LASF3464
     /tmp/ccvncDcb.s:110529  .debug_str:000000000003cf64 .LASF3465
     /tmp/ccvncDcb.s:96737  .debug_str:00000000000060de .LASF3466
     /tmp/ccvncDcb.s:96245  .debug_str:0000000000004095 .LASF3467
     /tmp/ccvncDcb.s:106369  .debug_str:000000000002c91c .LASF3468
     /tmp/ccvncDcb.s:116121  .debug_str:000000000005449a .LASF3469
     /tmp/ccvncDcb.s:98643  .debug_str:000000000000e1ed .LASF3470
     /tmp/ccvncDcb.s:97647  .debug_str:0000000000009d80 .LASF3471
     /tmp/ccvncDcb.s:97533  .debug_str:00000000000095e0 .LASF3472
     /tmp/ccvncDcb.s:113183  .debug_str:0000000000048292 .LASF3473
     /tmp/ccvncDcb.s:108973  .debug_str:0000000000036ce8 .LASF3474
     /tmp/ccvncDcb.s:106291  .debug_str:000000000002c3e5 .LASF3475
     /tmp/ccvncDcb.s:102547  .debug_str:000000000001d09f .LASF3476
     /tmp/ccvncDcb.s:99589  .debug_str:0000000000011703 .LASF3477
     /tmp/ccvncDcb.s:111961  .debug_str:0000000000042e75 .LASF3478
     /tmp/ccvncDcb.s:103779  .debug_str:0000000000022619 .LASF3479
     /tmp/ccvncDcb.s:97561  .debug_str:0000000000009816 .LASF3480
     /tmp/ccvncDcb.s:102797  .debug_str:000000000001e132 .LASF3481
     /tmp/ccvncDcb.s:102927  .debug_str:000000000001e92d .LASF3482
     /tmp/ccvncDcb.s:109905  .debug_str:000000000003abd6 .LASF3483
     /tmp/ccvncDcb.s:101105  .debug_str:00000000000173d0 .LASF3484
     /tmp/ccvncDcb.s:112631  .debug_str:0000000000045bc6 .LASF3485
     /tmp/ccvncDcb.s:113757  .debug_str:000000000004a728 .LASF3486
     /tmp/ccvncDcb.s:111213  .debug_str:000000000003fd13 .LASF3487
     /tmp/ccvncDcb.s:111523  .debug_str:000000000004116b .LASF3488
     /tmp/ccvncDcb.s:110835  .debug_str:000000000003e3aa .LASF3489
     /tmp/ccvncDcb.s:111623  .debug_str:0000000000041886 .LASF3490
     /tmp/ccvncDcb.s:99903  .debug_str:00000000000128dd .LASF3491
     /tmp/ccvncDcb.s:104273  .debug_str:0000000000024581 .LASF3492
     /tmp/ccvncDcb.s:110291  .debug_str:000000000003c322 .LASF3493
     /tmp/ccvncDcb.s:100099  .debug_str:00000000000135f0 .LASF3494
     /tmp/ccvncDcb.s:97551  .debug_str:0000000000009750 .LASF3495
     /tmp/ccvncDcb.s:115999  .debug_str:0000000000053d63 .LASF3496
     /tmp/ccvncDcb.s:110443  .debug_str:000000000003caa9 .LASF3497
     /tmp/ccvncDcb.s:110939  .debug_str:000000000003ea90 .LASF3498
     /tmp/ccvncDcb.s:101965  .debug_str:000000000001ab5d .LASF3499
     /tmp/ccvncDcb.s:112281  .debug_str:000000000004424a .LASF3500
     /tmp/ccvncDcb.s:96591  .debug_str:0000000000005742 .LASF3501
     /tmp/ccvncDcb.s:111101  .debug_str:000000000003f556 .LASF3502
     /tmp/ccvncDcb.s:96379  .debug_str:0000000000004a2f .LASF3503
     /tmp/ccvncDcb.s:113841  .debug_str:000000000004ac23 .LASF3504
     /tmp/ccvncDcb.s:105433  .debug_str:0000000000028bf1 .LASF3505
     /tmp/ccvncDcb.s:105977  .debug_str:000000000002afad .LASF3506
     /tmp/ccvncDcb.s:111671  .debug_str:0000000000041c11 .LASF3507
     /tmp/ccvncDcb.s:98437  .debug_str:000000000000d44d .LASF3508
     /tmp/ccvncDcb.s:98501  .debug_str:000000000000d8c2 .LASF3509
     /tmp/ccvncDcb.s:114665  .debug_str:000000000004e229 .LASF3510
     /tmp/ccvncDcb.s:115785  .debug_str:0000000000052f79 .LASF3511
     /tmp/ccvncDcb.s:101789  .debug_str:000000000001a01e .LASF3512
     /tmp/ccvncDcb.s:102761  .debug_str:000000000001de30 .LASF3513
     /tmp/ccvncDcb.s:101167  .debug_str:00000000000177cd .LASF3514
     /tmp/ccvncDcb.s:110033  .debug_str:000000000003b45b .LASF3515
     /tmp/ccvncDcb.s:113761  .debug_str:000000000004a7a2 .LASF3516
     /tmp/ccvncDcb.s:112255  .debug_str:00000000000440b6 .LASF3517
     /tmp/ccvncDcb.s:115549  .debug_str:0000000000051dda .LASF3518
     /tmp/ccvncDcb.s:102401  .debug_str:000000000001c868 .LASF3519
     /tmp/ccvncDcb.s:110831  .debug_str:000000000003e340 .LASF3520
     /tmp/ccvncDcb.s:107655  .debug_str:0000000000031836 .LASF3521
     /tmp/ccvncDcb.s:111465  .debug_str:0000000000040da0 .LASF3522
     /tmp/ccvncDcb.s:97925  .debug_str:000000000000b085 .LASF3523
     /tmp/ccvncDcb.s:101381  .debug_str:0000000000018554 .LASF3524
     /tmp/ccvncDcb.s:104911  .debug_str:0000000000026efc .LASF3525
     /tmp/ccvncDcb.s:103499  .debug_str:00000000000211ab .LASF3526
     /tmp/ccvncDcb.s:111051  .debug_str:000000000003f272 .LASF3527
     /tmp/ccvncDcb.s:114721  .debug_str:000000000004e5e9 .LASF3528
     /tmp/ccvncDcb.s:101379  .debug_str:0000000000018519 .LASF3529
     /tmp/ccvncDcb.s:104899  .debug_str:0000000000026e4a .LASF3530
     /tmp/ccvncDcb.s:112941  .debug_str:000000000004727a .LASF3531
     /tmp/ccvncDcb.s:97069  .debug_str:00000000000077c6 .LASF3532
     /tmp/ccvncDcb.s:113529  .debug_str:0000000000049837 .LASF3533
     /tmp/ccvncDcb.s:103999  .debug_str:00000000000233d8 .LASF3534
     /tmp/ccvncDcb.s:103033  .debug_str:000000000001f095 .LASF3535
     /tmp/ccvncDcb.s:109529  .debug_str:00000000000393b8 .LASF3536
     /tmp/ccvncDcb.s:95363  .debug_str:000000000000053c .LASF3537
     /tmp/ccvncDcb.s:109283  .debug_str:0000000000038201 .LASF3538
     /tmp/ccvncDcb.s:106785  .debug_str:000000000002e2d6 .LASF3539
     /tmp/ccvncDcb.s:107237  .debug_str:000000000002fe2c .LASF3540
     /tmp/ccvncDcb.s:113707  .debug_str:000000000004a3d9 .LASF3541
     /tmp/ccvncDcb.s:111047  .debug_str:000000000003f21f .LASF3542
     /tmp/ccvncDcb.s:109031  .debug_str:0000000000037064 .LASF3543
     /tmp/ccvncDcb.s:96527  .debug_str:00000000000053b3 .LASF3544
     /tmp/ccvncDcb.s:115749  .debug_str:0000000000052cc4 .LASF3545
     /tmp/ccvncDcb.s:100069  .debug_str:0000000000013466 .LASF3546
     /tmp/ccvncDcb.s:108355  .debug_str:0000000000034445 .LASF3547
     /tmp/ccvncDcb.s:114677  .debug_str:000000000004e30f .LASF3548
     /tmp/ccvncDcb.s:115111  .debug_str:0000000000050021 .LASF3549
     /tmp/ccvncDcb.s:101227  .debug_str:0000000000017ba3 .LASF3550
     /tmp/ccvncDcb.s:107433  .debug_str:0000000000030af5 .LASF3551
     /tmp/ccvncDcb.s:114009  .debug_str:000000000004b6de .LASF3552
     /tmp/ccvncDcb.s:109437  .debug_str:0000000000038d7a .LASF3553
     /tmp/ccvncDcb.s:105695  .debug_str:0000000000029c88 .LASF3554
     /tmp/ccvncDcb.s:106395  .debug_str:000000000002cb00 .LASF3555
     /tmp/ccvncDcb.s:104707  .debug_str:0000000000026252 .LASF3556
     /tmp/ccvncDcb.s:96501  .debug_str:000000000000522e .LASF3557
     /tmp/ccvncDcb.s:112197  .debug_str:0000000000043d62 .LASF3558
     /tmp/ccvncDcb.s:105169  .debug_str:0000000000027c74 .LASF3559
     /tmp/ccvncDcb.s:103497  .debug_str:0000000000021167 .LASF3560
     /tmp/ccvncDcb.s:111705  .debug_str:0000000000041e9d .LASF3561
     /tmp/ccvncDcb.s:114501  .debug_str:000000000004d70f .LASF3562
     /tmp/ccvncDcb.s:97163  .debug_str:0000000000007dcc .LASF3563
     /tmp/ccvncDcb.s:114481  .debug_str:000000000004d5a7 .LASF3564
     /tmp/ccvncDcb.s:109687  .debug_str:0000000000039e0e .LASF3565
     /tmp/ccvncDcb.s:101405  .debug_str:0000000000018712 .LASF3566
     /tmp/ccvncDcb.s:98553  .debug_str:000000000000dbdc .LASF3567
     /tmp/ccvncDcb.s:106255  .debug_str:000000000002c16e .LASF3568
     /tmp/ccvncDcb.s:96813  .debug_str:0000000000006580 .LASF3569
     /tmp/ccvncDcb.s:113297  .debug_str:00000000000489f1 .LASF3570
     /tmp/ccvncDcb.s:113003  .debug_str:00000000000476c3 .LASF3571
     /tmp/ccvncDcb.s:97553  .debug_str:0000000000009794 .LASF3572
     /tmp/ccvncDcb.s:100467  .debug_str:0000000000014d3d .LASF3573
     /tmp/ccvncDcb.s:99319  .debug_str:0000000000010709 .LASF3574
     /tmp/ccvncDcb.s:97899  .debug_str:000000000000ae6a .LASF3575
     /tmp/ccvncDcb.s:116131  .debug_str:0000000000054532 .LASF3576
     /tmp/ccvncDcb.s:102003  .debug_str:000000000001ae5d .LASF3577
     /tmp/ccvncDcb.s:99245  .debug_str:000000000001024b .LASF3578
     /tmp/ccvncDcb.s:104905  .debug_str:0000000000026ead .LASF3579
     /tmp/ccvncDcb.s:96995  .debug_str:00000000000071bf .LASF3580
     /tmp/ccvncDcb.s:115411  .debug_str:0000000000051433 .LASF3581
     /tmp/ccvncDcb.s:109181  .debug_str:0000000000037b15 .LASF3582
     /tmp/ccvncDcb.s:100915  .debug_str:0000000000016768 .LASF3583
     /tmp/ccvncDcb.s:108307  .debug_str:00000000000340df .LASF3584
     /tmp/ccvncDcb.s:112753  .debug_str:000000000004662b .LASF3585
     /tmp/ccvncDcb.s:115603  .debug_str:00000000000520d1 .LASF3586
     /tmp/ccvncDcb.s:98251  .debug_str:000000000000c7eb .LASF3587
     /tmp/ccvncDcb.s:104885  .debug_str:0000000000026d66 .LASF3588
     /tmp/ccvncDcb.s:112943  .debug_str:00000000000472b5 .LASF3589
     /tmp/ccvncDcb.s:110853  .debug_str:000000000003e4c3 .LASF3590
     /tmp/ccvncDcb.s:103119  .debug_str:000000000001f713 .LASF3591
     /tmp/ccvncDcb.s:105165  .debug_str:0000000000027c2b .LASF3592
     /tmp/ccvncDcb.s:109075  .debug_str:0000000000037378 .LASF3593
     /tmp/ccvncDcb.s:100019  .debug_str:00000000000130b7 .LASF3594
     /tmp/ccvncDcb.s:102123  .debug_str:000000000001b648 .LASF3595
     /tmp/ccvncDcb.s:109485  .debug_str:000000000003913e .LASF3596
     /tmp/ccvncDcb.s:102047  .debug_str:000000000001b182 .LASF3597
     /tmp/ccvncDcb.s:102957  .debug_str:000000000001eb3e .LASF3598
     /tmp/ccvncDcb.s:95361  .debug_str:00000000000004f5 .LASF3599
     /tmp/ccvncDcb.s:109277  .debug_str:0000000000038166 .LASF3600
     /tmp/ccvncDcb.s:97009  .debug_str:00000000000072d7 .LASF3601
     /tmp/ccvncDcb.s:95965  .debug_str:0000000000002e72 .LASF3602
     /tmp/ccvncDcb.s:102403  .debug_str:000000000001c8a6 .LASF3603
     /tmp/ccvncDcb.s:99959  .debug_str:0000000000012c8d .LASF3604
     /tmp/ccvncDcb.s:101213  .debug_str:0000000000017a50 .LASF3605
     /tmp/ccvncDcb.s:103455  .debug_str:0000000000020e36 .LASF3606
     /tmp/ccvncDcb.s:96145  .debug_str:00000000000039a0 .LASF3607
     /tmp/ccvncDcb.s:95315  .debug_str:00000000000001b1 .LASF3608
     /tmp/ccvncDcb.s:104201  .debug_str:00000000000240a1 .LASF3609
     /tmp/ccvncDcb.s:95665  .debug_str:0000000000001a1e .LASF3610
     /tmp/ccvncDcb.s:104843  .debug_str:0000000000026b78 .LASF3611
     /tmp/ccvncDcb.s:111121  .debug_str:000000000003f6ab .LASF3612
     /tmp/ccvncDcb.s:95447  .debug_str:0000000000000b06 .LASF3613
     /tmp/ccvncDcb.s:101145  .debug_str:000000000001764b .LASF3614
     /tmp/ccvncDcb.s:109333  .debug_str:00000000000385e4 .LASF3615
     /tmp/ccvncDcb.s:97153  .debug_str:0000000000007ceb .LASF3616
     /tmp/ccvncDcb.s:96963  .debug_str:0000000000006f7c .LASF3617
     /tmp/ccvncDcb.s:113119  .debug_str:0000000000047ebe .LASF3618
     /tmp/ccvncDcb.s:103769  .debug_str:00000000000224ef .LASF3619
     /tmp/ccvncDcb.s:110371  .debug_str:000000000003c72f .LASF3620
     /tmp/ccvncDcb.s:105831  .debug_str:000000000002a5e4 .LASF3621
     /tmp/ccvncDcb.s:109245  .debug_str:0000000000037f4f .LASF3622
     /tmp/ccvncDcb.s:116073  .debug_str:00000000000541f0 .LASF3623
     /tmp/ccvncDcb.s:97421  .debug_str:0000000000008eff .LASF3624
     /tmp/ccvncDcb.s:116043  .debug_str:0000000000054070 .LASF3625
     /tmp/ccvncDcb.s:115119  .debug_str:00000000000500c1 .LASF3626
     /tmp/ccvncDcb.s:103169  .debug_str:000000000001fa75 .LASF3627
     /tmp/ccvncDcb.s:97437  .debug_str:0000000000009021 .LASF3628
     /tmp/ccvncDcb.s:107781  .debug_str:00000000000320d9 .LASF3629
     /tmp/ccvncDcb.s:100131  .debug_str:00000000000137d8 .LASF3630
     /tmp/ccvncDcb.s:111401  .debug_str:0000000000040974 .LASF3631
     /tmp/ccvncDcb.s:116269  .debug_str:0000000000054f20 .LASF3632
     /tmp/ccvncDcb.s:95677  .debug_str:0000000000001b1e .LASF3633
     /tmp/ccvncDcb.s:115733  .debug_str:0000000000052b6c .LASF3634
     /tmp/ccvncDcb.s:99037  .debug_str:000000000000f805 .LASF3635
     /tmp/ccvncDcb.s:110023  .debug_str:000000000003b38c .LASF3636
     /tmp/ccvncDcb.s:115709  .debug_str:0000000000052931 .LASF3637
     /tmp/ccvncDcb.s:99035  .debug_str:000000000000f7c2 .LASF3638
     /tmp/ccvncDcb.s:110719  .debug_str:000000000003db37 .LASF3639
     /tmp/ccvncDcb.s:109559  .debug_str:00000000000395ba .LASF3640
     /tmp/ccvncDcb.s:111573  .debug_str:000000000004151c .LASF3641
     /tmp/ccvncDcb.s:103255  .debug_str:0000000000020141 .LASF3642
     /tmp/ccvncDcb.s:101229  .debug_str:0000000000017bea .LASF3643
     /tmp/ccvncDcb.s:99537  .debug_str:0000000000011493 .LASF3644
     /tmp/ccvncDcb.s:112995  .debug_str:0000000000047623 .LASF3645
     /tmp/ccvncDcb.s:96419  .debug_str:0000000000004ce5 .LASF3646
     /tmp/ccvncDcb.s:103241  .debug_str:000000000001ff60 .LASF3647
     /tmp/ccvncDcb.s:98943  .debug_str:000000000000f330 .LASF3648
     /tmp/ccvncDcb.s:113417  .debug_str:00000000000491e1 .LASF3649
     /tmp/ccvncDcb.s:110389  .debug_str:000000000003c858 .LASF3650
     /tmp/ccvncDcb.s:106399  .debug_str:000000000002cb4e .LASF3651
     /tmp/ccvncDcb.s:100459  .debug_str:0000000000014c95 .LASF3652
     /tmp/ccvncDcb.s:115539  .debug_str:0000000000051d55 .LASF3653
     /tmp/ccvncDcb.s:97633  .debug_str:0000000000009cc5 .LASF3654
     /tmp/ccvncDcb.s:104715  .debug_str:00000000000262fa .LASF3655
     /tmp/ccvncDcb.s:113725  .debug_str:000000000004a51a .LASF3656
     /tmp/ccvncDcb.s:98137  .debug_str:000000000000bf5b .LASF3657
     /tmp/ccvncDcb.s:109891  .debug_str:000000000003aad0 .LASF3658
     /tmp/ccvncDcb.s:98531  .debug_str:000000000000dad0 .LASF3659
     /tmp/ccvncDcb.s:112423  .debug_str:0000000000044bcb .LASF3660
     /tmp/ccvncDcb.s:110777  .debug_str:000000000003deaa .LASF3661
     /tmp/ccvncDcb.s:97469  .debug_str:000000000000924a .LASF3662
     /tmp/ccvncDcb.s:96303  .debug_str:0000000000004517 .LASF3663
     /tmp/ccvncDcb.s:112543  .debug_str:00000000000455de .LASF3664
     /tmp/ccvncDcb.s:106067  .debug_str:000000000002b60b .LASF3665
     /tmp/ccvncDcb.s:101111  .debug_str:000000000001745f .LASF3666
     /tmp/ccvncDcb.s:100789  .debug_str:0000000000015f56 .LASF3667
     /tmp/ccvncDcb.s:103773  .debug_str:000000000002256f .LASF3668
     /tmp/ccvncDcb.s:109161  .debug_str:000000000003790c .LASF3669
     /tmp/ccvncDcb.s:111423  .debug_str:0000000000040ae2 .LASF3670
     /tmp/ccvncDcb.s:97269  .debug_str:000000000000854c .LASF3671
     /tmp/ccvncDcb.s:102195  .debug_str:000000000001bb45 .LASF3672
     /tmp/ccvncDcb.s:115861  .debug_str:0000000000053476 .LASF3673
     /tmp/ccvncDcb.s:112517  .debug_str:0000000000045377 .LASF3674
     /tmp/ccvncDcb.s:112639  .debug_str:0000000000045c63 .LASF3675
     /tmp/ccvncDcb.s:104565  .debug_str:0000000000025972 .LASF3676
     /tmp/ccvncDcb.s:103447  .debug_str:0000000000020d6b .LASF3677
     /tmp/ccvncDcb.s:103095  .debug_str:000000000001f534 .LASF3678
     /tmp/ccvncDcb.s:105881  .debug_str:000000000002a8ce .LASF3679
     /tmp/ccvncDcb.s:113389  .debug_str:0000000000048fcf .LASF3680
     /tmp/ccvncDcb.s:113971  .debug_str:000000000004b452 .LASF3681
     /tmp/ccvncDcb.s:102577  .debug_str:000000000001d29b .LASF3682
     /tmp/ccvncDcb.s:108841  .debug_str:000000000003652b .LASF3683
     /tmp/ccvncDcb.s:113075  .debug_str:0000000000047bd0 .LASF3684
     /tmp/ccvncDcb.s:115345  .debug_str:0000000000050f90 .LASF3685
     /tmp/ccvncDcb.s:112833  .debug_str:0000000000046c6c .LASF3686
     /tmp/ccvncDcb.s:103461  .debug_str:0000000000020eee .LASF3687
     /tmp/ccvncDcb.s:102185  .debug_str:000000000001ba68 .LASF3688
     /tmp/ccvncDcb.s:101969  .debug_str:000000000001abd2 .LASF3689
     /tmp/ccvncDcb.s:100651  .debug_str:00000000000157f4 .LASF3690
     /tmp/ccvncDcb.s:108983  .debug_str:0000000000036d8e .LASF3691
     /tmp/ccvncDcb.s:114257  .debug_str:000000000004c791 .LASF3692
     /tmp/ccvncDcb.s:114601  .debug_str:000000000004ddb6 .LASF3693
     /tmp/ccvncDcb.s:113537  .debug_str:00000000000498de .LASF3694
     /tmp/ccvncDcb.s:98245  .debug_str:000000000000c716 .LASF3695
     /tmp/ccvncDcb.s:101535  .debug_str:000000000001908b .LASF3696
     /tmp/ccvncDcb.s:96293  .debug_str:0000000000004444 .LASF3697
     /tmp/ccvncDcb.s:105659  .debug_str:00000000000299fe .LASF3698
     /tmp/ccvncDcb.s:116167  .debug_str:000000000005485b .LASF3699
     /tmp/ccvncDcb.s:110849  .debug_str:000000000003e461 .LASF3700
     /tmp/ccvncDcb.s:101047  .debug_str:00000000000170eb .LASF3701
     /tmp/ccvncDcb.s:106117  .debug_str:000000000002b9b7 .LASF3702
     /tmp/ccvncDcb.s:104543  .debug_str:000000000002581f .LASF3703
     /tmp/ccvncDcb.s:96705  .debug_str:0000000000005f21 .LASF3704
     /tmp/ccvncDcb.s:99521  .debug_str:0000000000011380 .LASF3705
     /tmp/ccvncDcb.s:105091  .debug_str:000000000002787f .LASF3706
     /tmp/ccvncDcb.s:106013  .debug_str:000000000002b223 .LASF3707
     /tmp/ccvncDcb.s:102967  .debug_str:000000000001ebdd .LASF3708
     /tmp/ccvncDcb.s:103307  .debug_str:0000000000020461 .LASF3709
     /tmp/ccvncDcb.s:95365  .debug_str:000000000000057b .LASF3710
     /tmp/ccvncDcb.s:114131  .debug_str:000000000004bed0 .LASF3711
     /tmp/ccvncDcb.s:98373  .debug_str:000000000000cfc6 .LASF3712
     /tmp/ccvncDcb.s:110959  .debug_str:000000000003ec04 .LASF3713
     /tmp/ccvncDcb.s:101807  .debug_str:000000000001a13b .LASF3714
     /tmp/ccvncDcb.s:96821  .debug_str:00000000000065fe .LASF3715
     /tmp/ccvncDcb.s:114247  .debug_str:000000000004c6c3 .LASF3716
     /tmp/ccvncDcb.s:100145  .debug_str:00000000000138c2 .LASF3717
     /tmp/ccvncDcb.s:113437  .debug_str:0000000000049310 .LASF3718
     /tmp/ccvncDcb.s:101235  .debug_str:0000000000017c83 .LASF3719
     /tmp/ccvncDcb.s:105511  .debug_str:0000000000029128 .LASF3720
     /tmp/ccvncDcb.s:98695  .debug_str:000000000000e560 .LASF3721
     /tmp/ccvncDcb.s:105671  .debug_str:0000000000029af1 .LASF3722
     /tmp/ccvncDcb.s:106365  .debug_str:000000000002c8f3 .LASF3723
     /tmp/ccvncDcb.s:109727  .debug_str:000000000003a0e2 .LASF3724
     /tmp/ccvncDcb.s:98737  .debug_str:000000000000e82a .LASF3725
     /tmp/ccvncDcb.s:109285  .debug_str:0000000000038248 .LASF3726
     /tmp/ccvncDcb.s:100163  .debug_str:0000000000013a1e .LASF3727
     /tmp/ccvncDcb.s:107561  .debug_str:00000000000311ee .LASF3728
     /tmp/ccvncDcb.s:108799  .debug_str:00000000000361bc .LASF3729
     /tmp/ccvncDcb.s:105281  .debug_str:00000000000282a1 .LASF3730
     /tmp/ccvncDcb.s:109693  .debug_str:0000000000039e92 .LASF3731
     /tmp/ccvncDcb.s:97087  .debug_str:0000000000007902 .LASF3732
     /tmp/ccvncDcb.s:97479  .debug_str:00000000000092d6 .LASF3733
     /tmp/ccvncDcb.s:97395  .debug_str:0000000000008d22 .LASF3734
     /tmp/ccvncDcb.s:100393  .debug_str:000000000001488d .LASF3735
     /tmp/ccvncDcb.s:113095  .debug_str:0000000000047d56 .LASF3736
     /tmp/ccvncDcb.s:109323  .debug_str:0000000000038521 .LASF3737
     /tmp/ccvncDcb.s:115987  .debug_str:0000000000053caa .LASF3738
     /tmp/ccvncDcb.s:103567  .debug_str:0000000000021673 .LASF3739
     /tmp/ccvncDcb.s:102639  .debug_str:000000000001d64f .LASF3740
     /tmp/ccvncDcb.s:103153  .debug_str:000000000001f960 .LASF3741
     /tmp/ccvncDcb.s:108761  .debug_str:0000000000035f33 .LASF3742
     /tmp/ccvncDcb.s:104395  .debug_str:0000000000024dbe .LASF3743
     /tmp/ccvncDcb.s:103217  .debug_str:000000000001fde4 .LASF3744
     /tmp/ccvncDcb.s:97829  .debug_str:000000000000a996 .LASF3745
     /tmp/ccvncDcb.s:105867  .debug_str:000000000002a7dd .LASF3746
     /tmp/ccvncDcb.s:95621  .debug_str:0000000000001612 .LASF3747
     /tmp/ccvncDcb.s:95673  .debug_str:0000000000001acd .LASF3748
     /tmp/ccvncDcb.s:109243  .debug_str:0000000000037f2e .LASF3749
     /tmp/ccvncDcb.s:114011  .debug_str:000000000004b725 .LASF3750
     /tmp/ccvncDcb.s:107253  .debug_str:000000000002ff2b .LASF3751
     /tmp/ccvncDcb.s:102281  .debug_str:000000000001c102 .LASF3752
     /tmp/ccvncDcb.s:99955  .debug_str:0000000000012c59 .LASF3753
     /tmp/ccvncDcb.s:99183  .debug_str:000000000000ff53 .LASF3754
     /tmp/ccvncDcb.s:109005  .debug_str:0000000000036eca .LASF3755
     /tmp/ccvncDcb.s:108237  .debug_str:0000000000033cf3 .LASF3756
     /tmp/ccvncDcb.s:96953  .debug_str:0000000000006eb2 .LASF3757
     /tmp/ccvncDcb.s:107563  .debug_str:000000000003120e .LASF3758
     /tmp/ccvncDcb.s:109015  .debug_str:0000000000036f59 .LASF3759
     /tmp/ccvncDcb.s:111703  .debug_str:0000000000041e79 .LASF3760
     /tmp/ccvncDcb.s:104061  .debug_str:0000000000023814 .LASF3761
     /tmp/ccvncDcb.s:108917  .debug_str:0000000000036990 .LASF3763
     /tmp/ccvncDcb.s:112843  .debug_str:0000000000046d3d .LASF3764
     /tmp/ccvncDcb.s:112217  .debug_str:0000000000043eaa .LASF3765
     /tmp/ccvncDcb.s:107935  .debug_str:0000000000032a88 .LASF3766
     /tmp/ccvncDcb.s:107517  .debug_str:0000000000030fcc .LASF3767
     /tmp/ccvncDcb.s:105897  .debug_str:000000000002a9f6 .LASF3768
     /tmp/ccvncDcb.s:99831  .debug_str:00000000000124fc .LASF3769
     /tmp/ccvncDcb.s:107811  .debug_str:00000000000322b2 .LASF3770
     /tmp/ccvncDcb.s:105401  .debug_str:00000000000289c8 .LASF3771
     /tmp/ccvncDcb.s:111707  .debug_str:0000000000041ed9 .LASF3772
     /tmp/ccvncDcb.s:97735  .debug_str:000000000000a374 .LASF3773
     /tmp/ccvncDcb.s:107579  .debug_str:0000000000031335 .LASF3774
     /tmp/ccvncDcb.s:115121  .debug_str:00000000000500fe .LASF3775
     /tmp/ccvncDcb.s:104997  .debug_str:00000000000273b8 .LASF3776
     /tmp/ccvncDcb.s:102455  .debug_str:000000000001cb58 .LASF3777
     /tmp/ccvncDcb.s:104729  .debug_str:000000000002640d .LASF3778
     /tmp/ccvncDcb.s:115875  .debug_str:000000000005357d .LASF3779
     /tmp/ccvncDcb.s:114353  .debug_str:000000000004cd85 .LASF3780
     /tmp/ccvncDcb.s:103299  .debug_str:00000000000203bc .LASF3781
     /tmp/ccvncDcb.s:111193  .debug_str:000000000003fba2 .LASF3782
     /tmp/ccvncDcb.s:115341  .debug_str:0000000000050f58 .LASF3783
     /tmp/ccvncDcb.s:100137  .debug_str:0000000000013824 .LASF3784
     /tmp/ccvncDcb.s:110937  .debug_str:000000000003ea6b .LASF3785
     /tmp/ccvncDcb.s:105421  .debug_str:0000000000028b04 .LASF3786
     /tmp/ccvncDcb.s:106305  .debug_str:000000000002c4e4 .LASF3787
     /tmp/ccvncDcb.s:96055  .debug_str:0000000000003496 .LASF3788
     /tmp/ccvncDcb.s:103133  .debug_str:000000000001f80b .LASF3789
     /tmp/ccvncDcb.s:108543  .debug_str:000000000003505b .LASF3790
     /tmp/ccvncDcb.s:100491  .debug_str:0000000000014ed7 .LASF3791
     /tmp/ccvncDcb.s:96503  .debug_str:000000000000526a .LASF3792
     /tmp/ccvncDcb.s:103681  .debug_str:0000000000021e99 .LASF3793
     /tmp/ccvncDcb.s:104191  .debug_str:0000000000024021 .LASF3794
     /tmp/ccvncDcb.s:111985  .debug_str:0000000000043014 .LASF3795
     /tmp/ccvncDcb.s:99787  .debug_str:00000000000121e8 .LASF3796
     /tmp/ccvncDcb.s:109027  .debug_str:0000000000037040 .LASF3797
     /tmp/ccvncDcb.s:96767  .debug_str:00000000000062d5 .LASF3798
     /tmp/ccvncDcb.s:113939  .debug_str:000000000004b1f0 .LASF3799
     /tmp/ccvncDcb.s:114761  .debug_str:000000000004e8d6 .LASF3800
     /tmp/ccvncDcb.s:100429  .debug_str:0000000000014ad4 .LASF3801
     /tmp/ccvncDcb.s:111581  .debug_str:00000000000415a6 .LASF3802
     /tmp/ccvncDcb.s:106289  .debug_str:000000000002c3cd .LASF3803
     /tmp/ccvncDcb.s:106467  .debug_str:000000000002cf41 .LASF3804
     /tmp/ccvncDcb.s:115731  .debug_str:0000000000052b5f .LASF3805
     /tmp/ccvncDcb.s:110905  .debug_str:000000000003e876 .LASF3806
     /tmp/ccvncDcb.s:99543  .debug_str:0000000000011506 .LASF3807
     /tmp/ccvncDcb.s:115719  .debug_str:0000000000052a54 .LASF3808
     /tmp/ccvncDcb.s:112513  .debug_str:00000000000452fc .LASF3809
     /tmp/ccvncDcb.s:95721  .debug_str:0000000000001e47 .LASF3810
     /tmp/ccvncDcb.s:106787  .debug_str:000000000002e30f .LASF3811
     /tmp/ccvncDcb.s:102119  .debug_str:000000000001b605 .LASF3812
     /tmp/ccvncDcb.s:100763  .debug_str:0000000000015e1e .LASF3813
     /tmp/ccvncDcb.s:96241  .debug_str:0000000000004062 .LASF3814
     /tmp/ccvncDcb.s:114261  .debug_str:000000000004c7e2 .LASF3815
     /tmp/ccvncDcb.s:107611  .debug_str:000000000003152a .LASF3816
     /tmp/ccvncDcb.s:108185  .debug_str:00000000000339f8 .LASF3817
     /tmp/ccvncDcb.s:114719  .debug_str:000000000004e5c8 .LASF3818
     /tmp/ccvncDcb.s:115767  .debug_str:0000000000052e4d .LASF3819
     /tmp/ccvncDcb.s:106675  .debug_str:000000000002dcbc .LASF3820
     /tmp/ccvncDcb.s:115039  .debug_str:000000000004fac0 .LASF3821
     /tmp/ccvncDcb.s:103043  .debug_str:000000000001f128 .LASF3822
     /tmp/ccvncDcb.s:114925  .debug_str:000000000004f28d .LASF3823
     /tmp/ccvncDcb.s:116079  .debug_str:0000000000054256 .LASF3824
     /tmp/ccvncDcb.s:106993  .debug_str:000000000002efc7 .LASF3825
     /tmp/ccvncDcb.s:107949  .debug_str:0000000000032b55 .LASF3826
     /tmp/ccvncDcb.s:110193  .debug_str:000000000003bd54 .LASF3827
     /tmp/ccvncDcb.s:96437  .debug_str:0000000000004e45 .LASF3828
     /tmp/ccvncDcb.s:110477  .debug_str:000000000003cd1d .LASF3829
     /tmp/ccvncDcb.s:112403  .debug_str:0000000000044a2d .LASF3830
     /tmp/ccvncDcb.s:115395  .debug_str:0000000000051335 .LASF3831
     /tmp/ccvncDcb.s:108037  .debug_str:000000000003303b .LASF3832
     /tmp/ccvncDcb.s:115775  .debug_str:0000000000052ee7 .LASF3833
     /tmp/ccvncDcb.s:113545  .debug_str:000000000004995f .LASF3834
     /tmp/ccvncDcb.s:112739  .debug_str:0000000000046567 .LASF3835
     /tmp/ccvncDcb.s:108357  .debug_str:0000000000034487 .LASF3836
     /tmp/ccvncDcb.s:98923  .debug_str:000000000000f216 .LASF3837
     /tmp/ccvncDcb.s:110767  .debug_str:000000000003de4f .LASF3838
     /tmp/ccvncDcb.s:106561  .debug_str:000000000002d503 .LASF3839
     /tmp/ccvncDcb.s:106525  .debug_str:000000000002d2b7 .LASF3840
     /tmp/ccvncDcb.s:108333  .debug_str:00000000000342af .LASF3841
     /tmp/ccvncDcb.s:97299  .debug_str:00000000000086d3 .LASF3842
     /tmp/ccvncDcb.s:103591  .debug_str:0000000000021804 .LASF3843
     /tmp/ccvncDcb.s:96487  .debug_str:0000000000005194 .LASF3844
     /tmp/ccvncDcb.s:110731  .debug_str:000000000003dbdb .LASF3845
     /tmp/ccvncDcb.s:115859  .debug_str:000000000005345f .LASF3846
     /tmp/ccvncDcb.s:110379  .debug_str:000000000003c7cb .LASF3847
     /tmp/ccvncDcb.s:108251  .debug_str:0000000000033da3 .LASF3848
     /tmp/ccvncDcb.s:101891  .debug_str:000000000001a620 .LASF3849
     /tmp/ccvncDcb.s:104193  .debug_str:000000000002403a .LASF3850
     /tmp/ccvncDcb.s:109795  .debug_str:000000000003a526 .LASF3851
     /tmp/ccvncDcb.s:110655  .debug_str:000000000003d72f .LASF3852
     /tmp/ccvncDcb.s:96267  .debug_str:000000000000429e .LASF3853
     /tmp/ccvncDcb.s:113069  .debug_str:0000000000047b5c .LASF3854
     /tmp/ccvncDcb.s:106251  .debug_str:000000000002c12a .LASF3855
     /tmp/ccvncDcb.s:106083  .debug_str:000000000002b741 .LASF3856
     /tmp/ccvncDcb.s:114293  .debug_str:000000000004c9c3 .LASF3857
     /tmp/ccvncDcb.s:115949  .debug_str:0000000000053a87 .LASF3858
     /tmp/ccvncDcb.s:98333  .debug_str:000000000000cd86 .LASF3859
     /tmp/ccvncDcb.s:114763  .debug_str:000000000004e8e8 .LASF3860
     /tmp/ccvncDcb.s:106879  .debug_str:000000000002e989 .LASF3861
     /tmp/ccvncDcb.s:115623  .debug_str:0000000000052249 .LASF3862
     /tmp/ccvncDcb.s:108079  .debug_str:0000000000033379 .LASF3863
     /tmp/ccvncDcb.s:116209  .debug_str:0000000000054b29 .LASF3864
     /tmp/ccvncDcb.s:102735  .debug_str:000000000001dce1 .LASF3865
     /tmp/ccvncDcb.s:99339  .debug_str:0000000000010887 .LASF3866
     /tmp/ccvncDcb.s:98793  .debug_str:000000000000eab2 .LASF3867
     /tmp/ccvncDcb.s:100857  .debug_str:0000000000016394 .LASF3868
     /tmp/ccvncDcb.s:100645  .debug_str:00000000000157c9 .LASF3869
     /tmp/ccvncDcb.s:103977  .debug_str:000000000002327d .LASF3870
     /tmp/ccvncDcb.s:101257  .debug_str:0000000000017da9 .LASF3871
     /tmp/ccvncDcb.s:95371  .debug_str:00000000000005da .LASF3872
     /tmp/ccvncDcb.s:106229  .debug_str:000000000002c01c .LASF3873
     /tmp/ccvncDcb.s:113853  .debug_str:000000000004ad43 .LASF3874
     /tmp/ccvncDcb.s:113271  .debug_str:000000000004882f .LASF3875
     /tmp/ccvncDcb.s:114089  .debug_str:000000000004bbf9 .LASF3876
     /tmp/ccvncDcb.s:111441  .debug_str:0000000000040c42 .LASF3877
     /tmp/ccvncDcb.s:109643  .debug_str:0000000000039b20 .LASF3878
     /tmp/ccvncDcb.s:105573  .debug_str:00000000000294f6 .LASF3879
     /tmp/ccvncDcb.s:109809  .debug_str:000000000003a620 .LASF3880
     /tmp/ccvncDcb.s:112713  .debug_str:00000000000463f8 .LASF3881
     /tmp/ccvncDcb.s:97675  .debug_str:0000000000009f30 .LASF3882
     /tmp/ccvncDcb.s:96255  .debug_str:0000000000004175 .LASF3883
     /tmp/ccvncDcb.s:114461  .debug_str:000000000004d443 .LASF3884
     /tmp/ccvncDcb.s:101427  .debug_str:00000000000188cc .LASF3885
     /tmp/ccvncDcb.s:113325  .debug_str:0000000000048c1e .LASF3886
     /tmp/ccvncDcb.s:110689  .debug_str:000000000003d8f3 .LASF3887
     /tmp/ccvncDcb.s:101409  .debug_str:0000000000018774 .LASF3888
     /tmp/ccvncDcb.s:110447  .debug_str:000000000003cb08 .LASF3889
     /tmp/ccvncDcb.s:102457  .debug_str:000000000001cb7b .LASF3890
     /tmp/ccvncDcb.s:102605  .debug_str:000000000001d4a1 .LASF3891
     /tmp/ccvncDcb.s:98739  .debug_str:000000000000e849 .LASF3892
     /tmp/ccvncDcb.s:113111  .debug_str:0000000000047e5b .LASF3893
     /tmp/ccvncDcb.s:111777  .debug_str:0000000000042369 .LASF3894
     /tmp/ccvncDcb.s:96757  .debug_str:0000000000006244 .LASF3895
     /tmp/ccvncDcb.s:108343  .debug_str:0000000000034380 .LASF3896
     /tmp/ccvncDcb.s:115997  .debug_str:0000000000053d50 .LASF3897
     /tmp/ccvncDcb.s:105775  .debug_str:000000000002a23d .LASF3898
     /tmp/ccvncDcb.s:107907  .debug_str:000000000003287a .LASF3899
     /tmp/ccvncDcb.s:107637  .debug_str:00000000000316b7 .LASF3900
     /tmp/ccvncDcb.s:105133  .debug_str:0000000000027b36 .LASF3901
     /tmp/ccvncDcb.s:109483  .debug_str:0000000000039128 .LASF3902
     /tmp/ccvncDcb.s:112723  .debug_str:000000000004647c .LASF3903
     /tmp/ccvncDcb.s:99911  .debug_str:0000000000012984 .LASF3904
     /tmp/ccvncDcb.s:100775  .debug_str:0000000000015ebe .LASF3905
     /tmp/ccvncDcb.s:99421  .debug_str:0000000000010e42 .LASF3906
     /tmp/ccvncDcb.s:98607  .debug_str:000000000000e019 .LASF3907
     /tmp/ccvncDcb.s:114307  .debug_str:000000000004cab8 .LASF3908
     /tmp/ccvncDcb.s:98897  .debug_str:000000000000f0c8 .LASF3909
     /tmp/ccvncDcb.s:100569  .debug_str:000000000001535e .LASF3910
     /tmp/ccvncDcb.s:110851  .debug_str:000000000003e4ac .LASF3911
     /tmp/ccvncDcb.s:104503  .debug_str:00000000000254a2 .LASF3912
     /tmp/ccvncDcb.s:113067  .debug_str:0000000000047b48 .LASF3913
     /tmp/ccvncDcb.s:108695  .debug_str:0000000000035b00 .LASF3914
     /tmp/ccvncDcb.s:104775  .debug_str:0000000000026737 .LASF3915
     /tmp/ccvncDcb.s:107879  .debug_str:000000000003269a .LASF3916
     /tmp/ccvncDcb.s:100699  .debug_str:0000000000015ab5 .LASF3917
     /tmp/ccvncDcb.s:104499  .debug_str:0000000000025479 .LASF3918
     /tmp/ccvncDcb.s:114045  .debug_str:000000000004b901 .LASF3919
     /tmp/ccvncDcb.s:107529  .debug_str:00000000000310b9 .LASF3920
     /tmp/ccvncDcb.s:98899  .debug_str:000000000000f0e5 .LASF3921
     /tmp/ccvncDcb.s:116241  .debug_str:0000000000054d6d .LASF3922
     /tmp/ccvncDcb.s:101467  .debug_str:0000000000018bfe .LASF3923
     /tmp/ccvncDcb.s:107823  .debug_str:0000000000032387 .LASF3924
     /tmp/ccvncDcb.s:100123  .debug_str:000000000001376b .LASF3925
     /tmp/ccvncDcb.s:99631  .debug_str:0000000000011968 .LASF3926
     /tmp/ccvncDcb.s:97127  .debug_str:0000000000007ba7 .LASF3927
     /tmp/ccvncDcb.s:107987  .debug_str:0000000000032d4a .LASF3928
     /tmp/ccvncDcb.s:106753  .debug_str:000000000002e19f .LASF3929
     /tmp/ccvncDcb.s:115953  .debug_str:0000000000053ab2 .LASF3930
     /tmp/ccvncDcb.s:115407  .debug_str:00000000000513cf .LASF3931
     /tmp/ccvncDcb.s:113801  .debug_str:000000000004aa4d .LASF3932
     /tmp/ccvncDcb.s:108335  .debug_str:00000000000342c6 .LASF3933
     /tmp/ccvncDcb.s:103139  .debug_str:000000000001f890 .LASF3934
     /tmp/ccvncDcb.s:99355  .debug_str:00000000000109b4 .LASF3935
     /tmp/ccvncDcb.s:111309  .debug_str:0000000000040395 .LASF3936
     /tmp/ccvncDcb.s:103557  .debug_str:00000000000215d8 .LASF3937
     /tmp/ccvncDcb.s:104677  .debug_str:0000000000026045 .LASF3938
     /tmp/ccvncDcb.s:102977  .debug_str:000000000001ecf7 .LASF3939
     /tmp/ccvncDcb.s:104765  .debug_str:0000000000026643 .LASF3940
     /tmp/ccvncDcb.s:105667  .debug_str:0000000000029abd .LASF3941
     /tmp/ccvncDcb.s:111305  .debug_str:000000000004036a .LASF3942
     /tmp/ccvncDcb.s:108595  .debug_str:000000000003543f .LASF3943
     /tmp/ccvncDcb.s:114561  .debug_str:000000000004db4b .LASF3944
     /tmp/ccvncDcb.s:111017  .debug_str:000000000003f079 .LASF3945
     /tmp/ccvncDcb.s:104817  .debug_str:0000000000026a0f .LASF3946
     /tmp/ccvncDcb.s:100781  .debug_str:0000000000015f07 .LASF3947
     /tmp/ccvncDcb.s:98467  .debug_str:000000000000d650 .LASF3948
     /tmp/ccvncDcb.s:108785  .debug_str:00000000000360c3 .LASF3949
     /tmp/ccvncDcb.s:108231  .debug_str:0000000000033c8b .LASF3950
     /tmp/ccvncDcb.s:107809  .debug_str:00000000000322a3 .LASF3951
     /tmp/ccvncDcb.s:106273  .debug_str:000000000002c2b8 .LASF3952
     /tmp/ccvncDcb.s:105857  .debug_str:000000000002a765 .LASF3953
     /tmp/ccvncDcb.s:100209  .debug_str:0000000000013c4e .LASF3954
     /tmp/ccvncDcb.s:100357  .debug_str:0000000000014688 .LASF3955
     /tmp/ccvncDcb.s:110663  .debug_str:000000000003d787 .LASF3956
     /tmp/ccvncDcb.s:98175  .debug_str:000000000000c209 .LASF3957
     /tmp/ccvncDcb.s:104993  .debug_str:000000000002738d .LASF3958
     /tmp/ccvncDcb.s:113055  .debug_str:0000000000047a36 .LASF3959
     /tmp/ccvncDcb.s:113153  .debug_str:0000000000048105 .LASF3960
     /tmp/ccvncDcb.s:113875  .debug_str:000000000004ae32 .LASF3961
     /tmp/ccvncDcb.s:100759  .debug_str:0000000000015def .LASF3962
     /tmp/ccvncDcb.s:109105  .debug_str:0000000000037523 .LASF3963
     /tmp/ccvncDcb.s:105015  .debug_str:00000000000274ee .LASF3964
     /tmp/ccvncDcb.s:101705  .debug_str:0000000000019bfa .LASF3965
     /tmp/ccvncDcb.s:102375  .debug_str:000000000001c6d8 .LASF3966
     /tmp/ccvncDcb.s:101697  .debug_str:0000000000019b81 .LASF3967
     /tmp/ccvncDcb.s:104831  .debug_str:0000000000026aca .LASF3968
     /tmp/ccvncDcb.s:112219  .debug_str:0000000000043ec6 .LASF3969
     /tmp/ccvncDcb.s:109679  .debug_str:0000000000039dab .LASF3970
     /tmp/ccvncDcb.s:95487  .debug_str:0000000000000d26 .LASF3971
     /tmp/ccvncDcb.s:114421  .debug_str:000000000004d1dc .LASF3972
     /tmp/ccvncDcb.s:107647  .debug_str:00000000000317cf .LASF3973
     /tmp/ccvncDcb.s:99583  .debug_str:00000000000116c5 .LASF3974
     /tmp/ccvncDcb.s:96867  .debug_str:0000000000006926 .LASF3975
     /tmp/ccvncDcb.s:113347  .debug_str:0000000000048d50 .LASF3976
     /tmp/ccvncDcb.s:101997  .debug_str:000000000001ae14 .LASF3977
     /tmp/ccvncDcb.s:96657  .debug_str:0000000000005c05 .LASF3978
     /tmp/ccvncDcb.s:114527  .debug_str:000000000004d8c0 .LASF3979
     /tmp/ccvncDcb.s:101197  .debug_str:000000000001796d .LASF3980
     /tmp/ccvncDcb.s:115259  .debug_str:0000000000050a08 .LASF3981
     /tmp/ccvncDcb.s:104593  .debug_str:0000000000025afb .LASF3982
     /tmp/ccvncDcb.s:114467  .debug_str:000000000004d493 .LASF3983
     /tmp/ccvncDcb.s:113259  .debug_str:0000000000048770 .LASF3984
     /tmp/ccvncDcb.s:104397  .debug_str:0000000000024de3 .LASF3985
     /tmp/ccvncDcb.s:109207  .debug_str:0000000000037d14 .LASF3986
     /tmp/ccvncDcb.s:111885  .debug_str:0000000000042a40 .LASF3987
     /tmp/ccvncDcb.s:106819  .debug_str:000000000002e4dd .LASF3988
     /tmp/ccvncDcb.s:99171  .debug_str:000000000000fe50 .LASF3989
     /tmp/ccvncDcb.s:112529  .debug_str:00000000000454b1 .LASF3990
     /tmp/ccvncDcb.s:109169  .debug_str:000000000003798f .LASF3991
     /tmp/ccvncDcb.s:106667  .debug_str:000000000002db90 .LASF3992
     /tmp/ccvncDcb.s:114821  .debug_str:000000000004ec98 .LASF3993
     /tmp/ccvncDcb.s:98237  .debug_str:000000000000c6be .LASF3994
     /tmp/ccvncDcb.s:107665  .debug_str:00000000000318fa .LASF3995
     /tmp/ccvncDcb.s:114133  .debug_str:000000000004beee .LASF3996
     /tmp/ccvncDcb.s:109095  .debug_str:00000000000374a2 .LASF3997
     /tmp/ccvncDcb.s:101833  .debug_str:000000000001a25d .LASF3998
     /tmp/ccvncDcb.s:95521  .debug_str:0000000000000f65 .LASF3999
     /tmp/ccvncDcb.s:114397  .debug_str:000000000004d090 .LASF4000
     /tmp/ccvncDcb.s:114995  .debug_str:000000000004f7cd .LASF4001
     /tmp/ccvncDcb.s:99697  .debug_str:0000000000011c56 .LASF4002
     /tmp/ccvncDcb.s:109467  .debug_str:0000000000038ff5 .LASF4003
     /tmp/ccvncDcb.s:108489  .debug_str:0000000000034cc3 .LASF4004
     /tmp/ccvncDcb.s:110675  .debug_str:000000000003d844 .LASF4005
     /tmp/ccvncDcb.s:100053  .debug_str:0000000000013340 .LASF4006
     /tmp/ccvncDcb.s:99699  .debug_str:0000000000011c66 .LASF4007
     /tmp/ccvncDcb.s:97513  .debug_str:00000000000094ff .LASF4008
     /tmp/ccvncDcb.s:102737  .debug_str:000000000001dcf8 .LASF4009
     /tmp/ccvncDcb.s:104389  .debug_str:0000000000024d4b .LASF4010
     /tmp/ccvncDcb.s:102517  .debug_str:000000000001cf57 .LASF4011
     /tmp/ccvncDcb.s:104463  .debug_str:00000000000251df .LASF4012
     /tmp/ccvncDcb.s:109719  .debug_str:000000000003a05f .LASF4013
     /tmp/ccvncDcb.s:98389  .debug_str:000000000000d0d3 .LASF4014
     /tmp/ccvncDcb.s:116025  .debug_str:0000000000053f9e .LASF4015
     /tmp/ccvncDcb.s:108247  .debug_str:0000000000033d73 .LASF4016
     /tmp/ccvncDcb.s:105207  .debug_str:0000000000027f50 .LASF4017
     /tmp/ccvncDcb.s:112547  .debug_str:0000000000045643 .LASF4018
     /tmp/ccvncDcb.s:111425  .debug_str:0000000000040b2c .LASF4019
     /tmp/ccvncDcb.s:105537  .debug_str:0000000000029300 .LASF4020
     /tmp/ccvncDcb.s:103541  .debug_str:00000000000214ed .LASF4021
     /tmp/ccvncDcb.s:101041  .debug_str:0000000000017083 .LASF4022
     /tmp/ccvncDcb.s:115343  .debug_str:0000000000050f7d .LASF4023
     /tmp/ccvncDcb.s:109149  .debug_str:0000000000037851 .LASF4024
     /tmp/ccvncDcb.s:108387  .debug_str:0000000000034664 .LASF4025
     /tmp/ccvncDcb.s:109823  .debug_str:000000000003a73d .LASF4026
     /tmp/ccvncDcb.s:97091  .debug_str:0000000000007965 .LASF4027
     /tmp/ccvncDcb.s:102759  .debug_str:000000000001de1b .LASF4028
     /tmp/ccvncDcb.s:113549  .debug_str:000000000004997e .LASF4029
     /tmp/ccvncDcb.s:97229  .debug_str:000000000000826e .LASF4030
     /tmp/ccvncDcb.s:101397  .debug_str:000000000001865d .LASF4031
     /tmp/ccvncDcb.s:111785  .debug_str:00000000000423cb .LASF4032
     /tmp/ccvncDcb.s:103577  .debug_str:0000000000021728 .LASF4033
     /tmp/ccvncDcb.s:101123  .debug_str:0000000000017533 .LASF4034
     /tmp/ccvncDcb.s:111575  .debug_str:000000000004155a .LASF4035
     /tmp/ccvncDcb.s:107913  .debug_str:00000000000328d0 .LASF4036
     /tmp/ccvncDcb.s:106689  .debug_str:000000000002dd5c .LASF4037
     /tmp/ccvncDcb.s:111199  .debug_str:000000000003fc11 .LASF4038
     /tmp/ccvncDcb.s:114159  .debug_str:000000000004c073 .LASF4039
     /tmp/ccvncDcb.s:105369  .debug_str:00000000000287d2 .LASF4040
     /tmp/ccvncDcb.s:107161  .debug_str:000000000002f9f2 .LASF4041
     /tmp/ccvncDcb.s:113627  .debug_str:0000000000049f08 .LASF4042
     /tmp/ccvncDcb.s:105337  .debug_str:0000000000028616 .LASF4043
     /tmp/ccvncDcb.s:115529  .debug_str:0000000000051cc6 .LASF4044
     /tmp/ccvncDcb.s:98503  .debug_str:000000000000d904 .LASF4045
     /tmp/ccvncDcb.s:104495  .debug_str:0000000000025456 .LASF4046
     /tmp/ccvncDcb.s:102931  .debug_str:000000000001e9ab .LASF4047
     /tmp/ccvncDcb.s:111395  .debug_str:0000000000040949 .LASF4048
     /tmp/ccvncDcb.s:115831  .debug_str:000000000005324b .LASF4049
     /tmp/ccvncDcb.s:103493  .debug_str:000000000002113a .LASF4050
     /tmp/ccvncDcb.s:102997  .debug_str:000000000001ee47 .LASF4051
     /tmp/ccvncDcb.s:111057  .debug_str:000000000003f2f1 .LASF4052
     /tmp/ccvncDcb.s:112747  .debug_str:00000000000465e9 .LASF4053
     /tmp/ccvncDcb.s:115907  .debug_str:000000000005379c .LASF4054
     /tmp/ccvncDcb.s:116029  .debug_str:0000000000053fcb .LASF4055
     /tmp/ccvncDcb.s:98551  .debug_str:000000000000dbca .LASF4056
     /tmp/ccvncDcb.s:113483  .debug_str:00000000000495f8 .LASF4057
     /tmp/ccvncDcb.s:112397  .debug_str:00000000000449b6 .LASF4058
     /tmp/ccvncDcb.s:95783  .debug_str:0000000000002286 .LASF4059
     /tmp/ccvncDcb.s:96871  .debug_str:0000000000006964 .LASF4060
     /tmp/ccvncDcb.s:95473  .debug_str:0000000000000c71 .LASF4061
     /tmp/ccvncDcb.s:108859  .debug_str:00000000000366a8 .LASF4062
     /tmp/ccvncDcb.s:105873  .debug_str:000000000002a85c .LASF4063
     /tmp/ccvncDcb.s:106915  .debug_str:000000000002eb80 .LASF4064
     /tmp/ccvncDcb.s:114451  .debug_str:000000000004d3a4 .LASF4065
     /tmp/ccvncDcb.s:113495  .debug_str:000000000004969b .LASF4066
     /tmp/ccvncDcb.s:103477  .debug_str:000000000002103e .LASF4067
     /tmp/ccvncDcb.s:102839  .debug_str:000000000001e3d9 .LASF4068
     /tmp/ccvncDcb.s:106687  .debug_str:000000000002dd4a .LASF4069
     /tmp/ccvncDcb.s:114617  .debug_str:000000000004df04 .LASF4070
     /tmp/ccvncDcb.s:95851  .debug_str:00000000000026e0 .LASF4071
     /tmp/ccvncDcb.s:109233  .debug_str:0000000000037e70 .LASF4072
     /tmp/ccvncDcb.s:114033  .debug_str:000000000004b89c .LASF4073
     /tmp/ccvncDcb.s:108121  .debug_str:000000000003360e .LASF4074
     /tmp/ccvncDcb.s:113263  .debug_str:00000000000487cd .LASF4075
     /tmp/ccvncDcb.s:98641  .debug_str:000000000000e1de .LASF4076
     /tmp/ccvncDcb.s:95959  .debug_str:0000000000002e26 .LASF4077
     /tmp/ccvncDcb.s:103189  .debug_str:000000000001fc24 .LASF4078
     /tmp/ccvncDcb.s:103273  .debug_str:000000000002027a .LASF4079
     /tmp/ccvncDcb.s:104267  .debug_str:000000000002451e .LASF4080
     /tmp/ccvncDcb.s:109725  .debug_str:000000000003a0d1 .LASF4081
     /tmp/ccvncDcb.s:101815  .debug_str:000000000001a1c4 .LASF4082
     /tmp/ccvncDcb.s:110387  .debug_str:000000000003c847 .LASF4083
     /tmp/ccvncDcb.s:104009  .debug_str:00000000000234ab .LASF4084
     /tmp/ccvncDcb.s:107017  .debug_str:000000000002f10f .LASF4085
     /tmp/ccvncDcb.s:95733  .debug_str:0000000000001f47 .LASF4086
     /tmp/ccvncDcb.s:108299  .debug_str:000000000003408d .LASF4087
     /tmp/ccvncDcb.s:109191  .debug_str:0000000000037bfa .LASF4088
     /tmp/ccvncDcb.s:108935  .debug_str:0000000000036ac0 .LASF4089
     /tmp/ccvncDcb.s:115235  .debug_str:000000000005086b .LASF4090
     /tmp/ccvncDcb.s:99783  .debug_str:00000000000121b7 .LASF4091
     /tmp/ccvncDcb.s:98533  .debug_str:000000000000db0f .LASF4092
     /tmp/ccvncDcb.s:98147  .debug_str:000000000000c022 .LASF4093
     /tmp/ccvncDcb.s:105415  .debug_str:0000000000028aab .LASF4094
     /tmp/ccvncDcb.s:102489  .debug_str:000000000001cd91 .LASF4095
     /tmp/ccvncDcb.s:100865  .debug_str:000000000001643d .LASF4096
     /tmp/ccvncDcb.s:100081  .debug_str:000000000001352d .LASF4097
     /tmp/ccvncDcb.s:95707  .debug_str:0000000000001d2a .LASF4098
     /tmp/ccvncDcb.s:96933  .debug_str:0000000000006d1a .LASF4099
     /tmp/ccvncDcb.s:107555  .debug_str:00000000000311a0 .LASF4100
     /tmp/ccvncDcb.s:96217  .debug_str:0000000000003eeb .LASF4101
     /tmp/ccvncDcb.s:114117  .debug_str:000000000004bde9 .LASF4102
     /tmp/ccvncDcb.s:96031  .debug_str:0000000000003362 .LASF4103
     /tmp/ccvncDcb.s:104187  .debug_str:0000000000023fde .LASF4104
     /tmp/ccvncDcb.s:115479  .debug_str:00000000000518bc .LASF4105
     /tmp/ccvncDcb.s:106005  .debug_str:000000000002b193 .LASF4106
     /tmp/ccvncDcb.s:105819  .debug_str:000000000002a4fb .LASF4107
     /tmp/ccvncDcb.s:111293  .debug_str:0000000000040295 .LASF4108
     /tmp/ccvncDcb.s:103973  .debug_str:0000000000023257 .LASF4109
     /tmp/ccvncDcb.s:97573  .debug_str:00000000000098f9 .LASF4110
     /tmp/ccvncDcb.s:102217  .debug_str:000000000001bcc6 .LASF4111
     /tmp/ccvncDcb.s:104227  .debug_str:0000000000024367 .LASF4112
     /tmp/ccvncDcb.s:102979  .debug_str:000000000001ed09 .LASF4113
     /tmp/ccvncDcb.s:100263  .debug_str:0000000000014029 .LASF4114
     /tmp/ccvncDcb.s:104979  .debug_str:00000000000272ce .LASF4115
     /tmp/ccvncDcb.s:106259  .debug_str:000000000002c1db .LASF4116
     /tmp/ccvncDcb.s:115515  .debug_str:0000000000051b9b .LASF4117
     /tmp/ccvncDcb.s:100735  .debug_str:0000000000015ce8 .LASF4118
     /tmp/ccvncDcb.s:102993  .debug_str:000000000001ee14 .LASF4119
     /tmp/ccvncDcb.s:107831  .debug_str:000000000003241f .LASF4120
     /tmp/ccvncDcb.s:107151  .debug_str:000000000002f962 .LASF4121
     /tmp/ccvncDcb.s:110823  .debug_str:000000000003e2cb .LASF4122
     /tmp/ccvncDcb.s:98725  .debug_str:000000000000e732 .LASF4123
     /tmp/ccvncDcb.s:107895  .debug_str:00000000000327c2 .LASF4124
     /tmp/ccvncDcb.s:102867  .debug_str:000000000001e599 .LASF4125
     /tmp/ccvncDcb.s:105989  .debug_str:000000000002b0a5 .LASF4126
     /tmp/ccvncDcb.s:107465  .debug_str:0000000000030c80 .LASF4127
     /tmp/ccvncDcb.s:112081  .debug_str:0000000000043653 .LASF4128
     /tmp/ccvncDcb.s:112871  .debug_str:0000000000046f08 .LASF4129
     /tmp/ccvncDcb.s:112239  .debug_str:0000000000043fef .LASF4130
     /tmp/ccvncDcb.s:106707  .debug_str:000000000002de8e .LASF4131
     /tmp/ccvncDcb.s:110861  .debug_str:000000000003e556 .LASF4132
     /tmp/ccvncDcb.s:96785  .debug_str:00000000000063a9 .LASF4133
     /tmp/ccvncDcb.s:104835  .debug_str:0000000000026aee .LASF4134
     /tmp/ccvncDcb.s:115105  .debug_str:000000000004fff4 .LASF4135
     /tmp/ccvncDcb.s:112749  .debug_str:00000000000465fa .LASF4136
     /tmp/ccvncDcb.s:101159  .debug_str:000000000001772f .LASF4137
     /tmp/ccvncDcb.s:95437  .debug_str:0000000000000a43 .LASF4138
     /tmp/ccvncDcb.s:98139  .debug_str:000000000000bf97 .LASF4139
     /tmp/ccvncDcb.s:104295  .debug_str:00000000000246d1 .LASF4140
     /tmp/ccvncDcb.s:113879  .debug_str:000000000004ae4a .LASF4141
     /tmp/ccvncDcb.s:109143  .debug_str:00000000000377ce .LASF4142
     /tmp/ccvncDcb.s:97459  .debug_str:00000000000091ba .LASF4143
     /tmp/ccvncDcb.s:116307  .debug_str:0000000000055197 .LASF4144
     /tmp/ccvncDcb.s:101887  .debug_str:000000000001a5fe .LASF4145
     /tmp/ccvncDcb.s:104073  .debug_str:0000000000023963 .LASF4146
     /tmp/ccvncDcb.s:103865  .debug_str:0000000000022b33 .LASF4147
     /tmp/ccvncDcb.s:109977  .debug_str:000000000003b012 .LASF4148
     /tmp/ccvncDcb.s:108439  .debug_str:000000000003496e .LASF4149
     /tmp/ccvncDcb.s:111553  .debug_str:0000000000041396 .LASF4150
     /tmp/ccvncDcb.s:105283  .debug_str:00000000000282cc .LASF4151
     /tmp/ccvncDcb.s:103319  .debug_str:0000000000020580 .LASF4152
     /tmp/ccvncDcb.s:107789  .debug_str:00000000000321a0 .LASF4153
     /tmp/ccvncDcb.s:107717  .debug_str:0000000000031c48 .LASF4154
     /tmp/ccvncDcb.s:114233  .debug_str:000000000004c561 .LASF4155
     /tmp/ccvncDcb.s:95933  .debug_str:0000000000002c99 .LASF4156
     /tmp/ccvncDcb.s:113159  .debug_str:0000000000048161 .LASF4157
     /tmp/ccvncDcb.s:102393  .debug_str:000000000001c807 .LASF4158
     /tmp/ccvncDcb.s:109495  .debug_str:00000000000391dc .LASF4159
     /tmp/ccvncDcb.s:107689  .debug_str:0000000000031a22 .LASF4160
     /tmp/ccvncDcb.s:96865  .debug_str:000000000000690b .LASF4161
     /tmp/ccvncDcb.s:115615  .debug_str:0000000000052184 .LASF4162
     /tmp/ccvncDcb.s:104955  .debug_str:000000000002713d .LASF4163
     /tmp/ccvncDcb.s:98321  .debug_str:000000000000ccb4 .LASF4164
     /tmp/ccvncDcb.s:97965  .debug_str:000000000000b33a .LASF4165
     /tmp/ccvncDcb.s:102021  .debug_str:000000000001afd7 .LASF4166
     /tmp/ccvncDcb.s:108297  .debug_str:0000000000034077 .LASF4167
     /tmp/ccvncDcb.s:100335  .debug_str:0000000000014537 .LASF4168
     /tmp/ccvncDcb.s:97361  .debug_str:0000000000008aae .LASF4169
     /tmp/ccvncDcb.s:100275  .debug_str:00000000000140be .LASF4170
     /tmp/ccvncDcb.s:115791  .debug_str:0000000000052ff9 .LASF4171
     /tmp/ccvncDcb.s:107361  .debug_str:0000000000030673 .LASF4172
     /tmp/ccvncDcb.s:113123  .debug_str:0000000000047f30 .LASF4173
     /tmp/ccvncDcb.s:110653  .debug_str:000000000003d71a .LASF4174
     /tmp/ccvncDcb.s:112811  .debug_str:0000000000046aaf .LASF4175
     /tmp/ccvncDcb.s:108623  .debug_str:000000000003561b .LASF4176
     /tmp/ccvncDcb.s:115263  .debug_str:0000000000050a42 .LASF4177
     /tmp/ccvncDcb.s:113139  .debug_str:000000000004801a .LASF4178
     /tmp/ccvncDcb.s:96911  .debug_str:0000000000006bf1 .LASF4179
     /tmp/ccvncDcb.s:101387  .debug_str:00000000000185e1 .LASF4180
     /tmp/ccvncDcb.s:102095  .debug_str:000000000001b4e0 .LASF4181
     /tmp/ccvncDcb.s:107255  .debug_str:000000000002ff50 .LASF4182
     /tmp/ccvncDcb.s:101623  .debug_str:0000000000019622 .LASF4183
     /tmp/ccvncDcb.s:105833  .debug_str:000000000002a628 .LASF4184
     /tmp/ccvncDcb.s:97383  .debug_str:0000000000008c45 .LASF4185
     /tmp/ccvncDcb.s:99047  .debug_str:000000000000f8e9 .LASF4186
     /tmp/ccvncDcb.s:101781  .debug_str:0000000000019fa7 .LASF4187
     /tmp/ccvncDcb.s:107205  .debug_str:000000000002fc89 .LASF4188
     /tmp/ccvncDcb.s:105361  .debug_str:0000000000028789 .LASF4189
     /tmp/ccvncDcb.s:97115  .debug_str:0000000000007b03 .LASF4190
     /tmp/ccvncDcb.s:96895  .debug_str:0000000000006b43 .LASF4191
     /tmp/ccvncDcb.s:115213  .debug_str:00000000000506db .LASF4192
     /tmp/ccvncDcb.s:99593  .debug_str:000000000001176f .LASF4193
     /tmp/ccvncDcb.s:114389  .debug_str:000000000004cff2 .LASF4194
     /tmp/ccvncDcb.s:106531  .debug_str:000000000002d306 .LASF4195
     /tmp/ccvncDcb.s:102511  .debug_str:000000000001cf01 .LASF4196
     /tmp/ccvncDcb.s:100777  .debug_str:0000000000015ee0 .LASF4197
     /tmp/ccvncDcb.s:108975  .debug_str:0000000000036d24 .LASF4198
     /tmp/ccvncDcb.s:97289  .debug_str:000000000000866a .LASF4199
     /tmp/ccvncDcb.s:113845  .debug_str:000000000004ac98 .LASF4200
     /tmp/ccvncDcb.s:106597  .debug_str:000000000002d7eb .LASF4201
     /tmp/ccvncDcb.s:96801  .debug_str:00000000000064e9 .LASF4202
     /tmp/ccvncDcb.s:101067  .debug_str:000000000001721b .LASF4203
     /tmp/ccvncDcb.s:111269  .debug_str:00000000000400bf .LASF4204
     /tmp/ccvncDcb.s:115009  .debug_str:000000000004f89e .LASF4205
     /tmp/ccvncDcb.s:111027  .debug_str:000000000003f131 .LASF4206
     /tmp/ccvncDcb.s:106231  .debug_str:000000000002c031 .LASF4207
     /tmp/ccvncDcb.s:108047  .debug_str:000000000003311d .LASF4208
     /tmp/ccvncDcb.s:112263  .debug_str:0000000000044157 .LASF4209
     /tmp/ccvncDcb.s:115897  .debug_str:0000000000053714 .LASF4210
     /tmp/ccvncDcb.s:98907  .debug_str:000000000000f170 .LASF4211
     /tmp/ccvncDcb.s:100861  .debug_str:0000000000016402 .LASF4212
     /tmp/ccvncDcb.s:107159  .debug_str:000000000002f9da .LASF4213
     /tmp/ccvncDcb.s:104679  .debug_str:0000000000026057 .LASF4214
     /tmp/ccvncDcb.s:105089  .debug_str:0000000000027867 .LASF4215
     /tmp/ccvncDcb.s:104721  .debug_str:0000000000026385 .LASF4216
     /tmp/ccvncDcb.s:105885  .debug_str:000000000002a922 .LASF4217
     /tmp/ccvncDcb.s:111157  .debug_str:000000000003f92a .LASF4218
     /tmp/ccvncDcb.s:98093  .debug_str:000000000000bbfd .LASF4219
     /tmp/ccvncDcb.s:97653  .debug_str:0000000000009e14 .LASF4220
     /tmp/ccvncDcb.s:109397  .debug_str:0000000000038a95 .LASF4221
     /tmp/ccvncDcb.s:116301  .debug_str:000000000005513a .LASF4222
     /tmp/ccvncDcb.s:95995  .debug_str:0000000000003085 .LASF4223
     /tmp/ccvncDcb.s:110863  .debug_str:000000000003e56f .LASF4224
     /tmp/ccvncDcb.s:110195  .debug_str:000000000003bd5c .LASF4225
     /tmp/ccvncDcb.s:97445  .debug_str:00000000000090b7 .LASF4226
     /tmp/ccvncDcb.s:113597  .debug_str:0000000000049cf6 .LASF4227
     /tmp/ccvncDcb.s:100773  .debug_str:0000000000015ea6 .LASF4228
     /tmp/ccvncDcb.s:114967  .debug_str:000000000004f5bd .LASF4229
     /tmp/ccvncDcb.s:114499  .debug_str:000000000004d6f6 .LASF4230
     /tmp/ccvncDcb.s:102595  .debug_str:000000000001d41c .LASF4231
     /tmp/ccvncDcb.s:96069  .debug_str:0000000000003581 .LASF4232
     /tmp/ccvncDcb.s:109521  .debug_str:0000000000039349 .LASF4233
     /tmp/ccvncDcb.s:95383  .debug_str:00000000000006b1 .LASF4234
     /tmp/ccvncDcb.s:116171  .debug_str:00000000000548b4 .LASF4235
     /tmp/ccvncDcb.s:95767  .debug_str:0000000000002176 .LASF4236
     /tmp/ccvncDcb.s:107481  .debug_str:0000000000030d50 .LASF4237
     /tmp/ccvncDcb.s:116263  .debug_str:0000000000054eae .LASF4238
     /tmp/ccvncDcb.s:115319  .debug_str:0000000000050de1 .LASF4239
     /tmp/ccvncDcb.s:98065  .debug_str:000000000000ba05 .LASF4240
     /tmp/ccvncDcb.s:114141  .debug_str:000000000004bf4a .LASF4241
     /tmp/ccvncDcb.s:103079  .debug_str:000000000001f423 .LASF4242
     /tmp/ccvncDcb.s:115625  .debug_str:000000000005225f .LASF4243
     /tmp/ccvncDcb.s:106529  .debug_str:000000000002d2ef .LASF4244
     /tmp/ccvncDcb.s:105741  .debug_str:0000000000029fe9 .LASF4245
     /tmp/ccvncDcb.s:97993  .debug_str:000000000000b4c5 .LASF4246
     /tmp/ccvncDcb.s:115117  .debug_str:00000000000500a9 .LASF4247
     /tmp/ccvncDcb.s:113595  .debug_str:0000000000049cdf .LASF4248
     /tmp/ccvncDcb.s:103535  .debug_str:0000000000021469 .LASF4249
     /tmp/ccvncDcb.s:101731  .debug_str:0000000000019dab .LASF4250
     /tmp/ccvncDcb.s:105125  .debug_str:0000000000027acd .LASF4251
     /tmp/ccvncDcb.s:103439  .debug_str:0000000000020ccc .LASF4252
     /tmp/ccvncDcb.s:96429  .debug_str:0000000000004dd5 .LASF4253
     /tmp/ccvncDcb.s:96211  .debug_str:0000000000003e85 .LASF4254
     /tmp/ccvncDcb.s:101855  .debug_str:000000000001a3db .LASF4255
     /tmp/ccvncDcb.s:98615  .debug_str:000000000000e09b .LASF4256
     /tmp/ccvncDcb.s:106491  .debug_str:000000000002d060 .LASF4257
     /tmp/ccvncDcb.s:102913  .debug_str:000000000001e87d .LASF4258
     /tmp/ccvncDcb.s:112751  .debug_str:0000000000046613 .LASF4259
     /tmp/ccvncDcb.s:106803  .debug_str:000000000002e3f6 .LASF4260
     /tmp/ccvncDcb.s:96589  .debug_str:0000000000005728 .LASF4261
     /tmp/ccvncDcb.s:106941  .debug_str:000000000002ec9e .LASF4262
     /tmp/ccvncDcb.s:111461  .debug_str:0000000000040d7b .LASF4263
     /tmp/ccvncDcb.s:99261  .debug_str:000000000001042f .LASF4264
     /tmp/ccvncDcb.s:103883  .debug_str:0000000000022c7a .LASF4265
     /tmp/ccvncDcb.s:96161  .debug_str:0000000000003b17 .LASF4266
     /tmp/ccvncDcb.s:110703  .debug_str:000000000003da03 .LASF4267
     /tmp/ccvncDcb.s:111059  .debug_str:000000000003f304 .LASF4268
     /tmp/ccvncDcb.s:112043  .debug_str:0000000000043433 .LASF4269
     /tmp/ccvncDcb.s:109019  .debug_str:0000000000036fb6 .LASF4270
     /tmp/ccvncDcb.s:114019  .debug_str:000000000004b7d0 .LASF4271
     /tmp/ccvncDcb.s:106933  .debug_str:000000000002ec39 .LASF4272
     /tmp/ccvncDcb.s:103547  .debug_str:000000000002153c .LASF4273
     /tmp/ccvncDcb.s:100029  .debug_str:0000000000013171 .LASF4274
     /tmp/ccvncDcb.s:109621  .debug_str:00000000000399c3 .LASF4275
     /tmp/ccvncDcb.s:102785  .debug_str:000000000001e03a .LASF4276
     /tmp/ccvncDcb.s:97737  .debug_str:000000000000a3a5 .LASF4277
     /tmp/ccvncDcb.s:110467  .debug_str:000000000003cc59 .LASF4278
     /tmp/ccvncDcb.s:107619  .debug_str:00000000000315cf .LASF4279
     /tmp/ccvncDcb.s:98561  .debug_str:000000000000dc9b .LASF4280
     /tmp/ccvncDcb.s:111755  .debug_str:00000000000421e4 .LASF4281
     /tmp/ccvncDcb.s:106079  .debug_str:000000000002b702 .LASF4282
     /tmp/ccvncDcb.s:104651  .debug_str:0000000000025e93 .LASF4283
     /tmp/ccvncDcb.s:116169  .debug_str:000000000005489e .LASF4284
     /tmp/ccvncDcb.s:105441  .debug_str:0000000000028cb7 .LASF4285
     /tmp/ccvncDcb.s:110401  .debug_str:000000000003c91b .LASF4286
     /tmp/ccvncDcb.s:109681  .debug_str:0000000000039db7 .LASF4287
     /tmp/ccvncDcb.s:115759  .debug_str:0000000000052da7 .LASF4288
     /tmp/ccvncDcb.s:110629  .debug_str:000000000003d5c9 .LASF4289
     /tmp/ccvncDcb.s:100205  .debug_str:0000000000013bf3 .LASF4290
     /tmp/ccvncDcb.s:111977  .debug_str:0000000000042f9d .LASF4291
     /tmp/ccvncDcb.s:95601  .debug_str:00000000000014df .LASF4292
     /tmp/ccvncDcb.s:109357  .debug_str:00000000000387c6 .LASF4293
     /tmp/ccvncDcb.s:96899  .debug_str:0000000000006b63 .LASF4294
     /tmp/ccvncDcb.s:100565  .debug_str:000000000001532f .LASF4295
     /tmp/ccvncDcb.s:99165  .debug_str:000000000000fe12 .LASF4296
     /tmp/ccvncDcb.s:102127  .debug_str:000000000001b6ae .LASF4297
     /tmp/ccvncDcb.s:105115  .debug_str:0000000000027a4a .LASF4298
     /tmp/ccvncDcb.s:100241  .debug_str:0000000000013e5f .LASF4299
     /tmp/ccvncDcb.s:115843  .debug_str:000000000005331f .LASF4300
     /tmp/ccvncDcb.s:103271  .debug_str:0000000000020260 .LASF4301
     /tmp/ccvncDcb.s:112849  .debug_str:0000000000046d9c .LASF4302
     /tmp/ccvncDcb.s:110445  .debug_str:000000000003caed .LASF4303
     /tmp/ccvncDcb.s:107919  .debug_str:0000000000032959 .LASF4304
     /tmp/ccvncDcb.s:113543  .debug_str:0000000000049945 .LASF4305
     /tmp/ccvncDcb.s:111295  .debug_str:00000000000402a9 .LASF4306
     /tmp/ccvncDcb.s:100643  .debug_str:00000000000157ae .LASF4307
     /tmp/ccvncDcb.s:105603  .debug_str:00000000000296b6 .LASF4308
     /tmp/ccvncDcb.s:115355  .debug_str:0000000000051035 .LASF4309
     /tmp/ccvncDcb.s:111479  .debug_str:0000000000040e8f .LASF4310
     /tmp/ccvncDcb.s:100083  .debug_str:0000000000013542 .LASF4311
     /tmp/ccvncDcb.s:113445  .debug_str:000000000004939a .LASF4312
     /tmp/ccvncDcb.s:103625  .debug_str:0000000000021a2c .LASF4313
     /tmp/ccvncDcb.s:115665  .debug_str:0000000000052554 .LASF4314
     /tmp/ccvncDcb.s:105593  .debug_str:000000000002961a .LASF4315
     /tmp/ccvncDcb.s:112879  .debug_str:0000000000046f75 .LASF4316
     /tmp/ccvncDcb.s:99893  .debug_str:000000000001280d .LASF4317
     /tmp/ccvncDcb.s:106553  .debug_str:000000000002d461 .LASF4318
     /tmp/ccvncDcb.s:114895  .debug_str:000000000004f0a6 .LASF4319
     /tmp/ccvncDcb.s:96137  .debug_str:0000000000003914 .LASF4320
     /tmp/ccvncDcb.s:99153  .debug_str:000000000000fd4b .LASF4321
     /tmp/ccvncDcb.s:97519  .debug_str:0000000000009540 .LASF4322
     /tmp/ccvncDcb.s:99645  .debug_str:0000000000011a40 .LASF4323
     /tmp/ccvncDcb.s:113907  .debug_str:000000000004b037 .LASF4324
     /tmp/ccvncDcb.s:99867  .debug_str:00000000000126a0 .LASF4325
     /tmp/ccvncDcb.s:95769  .debug_str:000000000000218d .LASF4326
     /tmp/ccvncDcb.s:99503  .debug_str:0000000000011227 .LASF4327
     /tmp/ccvncDcb.s:116259  .debug_str:0000000000054e89 .LASF4328
     /tmp/ccvncDcb.s:109059  .debug_str:0000000000037251 .LASF4329
     /tmp/ccvncDcb.s:115849  .debug_str:0000000000053399 .LASF4330
     /tmp/ccvncDcb.s:95581  .debug_str:0000000000001380 .LASF4331
     /tmp/ccvncDcb.s:113045  .debug_str:00000000000479c1 .LASF4332
     /tmp/ccvncDcb.s:114399  .debug_str:000000000004d0a0 .LASF4333
     /tmp/ccvncDcb.s:101523  .debug_str:0000000000018ff6 .LASF4334
     /tmp/ccvncDcb.s:104287  .debug_str:000000000002465e .LASF4335
     /tmp/ccvncDcb.s:95985  .debug_str:0000000000002fd5 .LASF4336
     /tmp/ccvncDcb.s:101509  .debug_str:0000000000018ed9 .LASF4337
     /tmp/ccvncDcb.s:111447  .debug_str:0000000000040c8d .LASF4338
     /tmp/ccvncDcb.s:111403  .debug_str:00000000000409b6 .LASF4339
     /tmp/ccvncDcb.s:95719  .debug_str:0000000000001e2e .LASF4340
     /tmp/ccvncDcb.s:110691  .debug_str:000000000003d905 .LASF4341
     /tmp/ccvncDcb.s:99633  .debug_str:000000000001197a .LASF4342
     /tmp/ccvncDcb.s:107391  .debug_str:0000000000030862 .LASF4343
     /tmp/ccvncDcb.s:108459  .debug_str:0000000000034ac5 .LASF4344
     /tmp/ccvncDcb.s:116285  .debug_str:0000000000055064 .LASF4345
     /tmp/ccvncDcb.s:111585  .debug_str:00000000000415e4 .LASF4346
     /tmp/ccvncDcb.s:107023  .debug_str:000000000002f146 .LASF4347
     /tmp/ccvncDcb.s:99869  .debug_str:00000000000126ba .LASF4348
     /tmp/ccvncDcb.s:107503  .debug_str:0000000000030f03 .LASF4349
     /tmp/ccvncDcb.s:102991  .debug_str:000000000001edfb .LASF4350
     /tmp/ccvncDcb.s:105851  .debug_str:000000000002a715 .LASF4351
     /tmp/ccvncDcb.s:106191  .debug_str:000000000002bd65 .LASF4352
     /tmp/ccvncDcb.s:106609  .debug_str:000000000002d87c .LASF4353
     /tmp/ccvncDcb.s:109463  .debug_str:0000000000038fa7 .LASF4354
     /tmp/ccvncDcb.s:115839  .debug_str:0000000000053305 .LASF4355
     /tmp/ccvncDcb.s:106427  .debug_str:000000000002cd3a .LASF4356
     /tmp/ccvncDcb.s:114889  .debug_str:000000000004f04f .LASF4357
     /tmp/ccvncDcb.s:97753  .debug_str:000000000000a4f9 .LASF4358
     /tmp/ccvncDcb.s:106167  .debug_str:000000000002bbf1 .LASF4359
     /tmp/ccvncDcb.s:109151  .debug_str:0000000000037863 .LASF4360
     /tmp/ccvncDcb.s:111495  .debug_str:0000000000040fab .LASF4361
     /tmp/ccvncDcb.s:104157  .debug_str:0000000000023e92 .LASF4362
     /tmp/ccvncDcb.s:98801  .debug_str:000000000000eb0d .LASF4363
     /tmp/ccvncDcb.s:114361  .debug_str:000000000004ce29 .LASF4364
     /tmp/ccvncDcb.s:104181  .debug_str:0000000000023fa5 .LASF4365
     /tmp/ccvncDcb.s:114999  .debug_str:000000000004f7f7 .LASF4366
     /tmp/ccvncDcb.s:98293  .debug_str:000000000000caf4 .LASF4367
     /tmp/ccvncDcb.s:115911  .debug_str:00000000000537ce .LASF4368
     /tmp/ccvncDcb.s:112977  .debug_str:00000000000474fd .LASF4369
     /tmp/ccvncDcb.s:111779  .debug_str:0000000000042381 .LASF4370
     /tmp/ccvncDcb.s:95833  .debug_str:0000000000002618 .LASF4371
     /tmp/ccvncDcb.s:110765  .debug_str:000000000003de37 .LASF4372
     /tmp/ccvncDcb.s:103009  .debug_str:000000000001eedc .LASF4373
     /tmp/ccvncDcb.s:101543  .debug_str:000000000001913f .LASF4374
     /tmp/ccvncDcb.s:96999  .debug_str:0000000000007248 .LASF4375
     /tmp/ccvncDcb.s:109387  .debug_str:0000000000038a07 .LASF4376
     /tmp/ccvncDcb.s:113957  .debug_str:000000000004b335 .LASF4377
     /tmp/ccvncDcb.s:111229  .debug_str:000000000003fe3e .LASF4378
     /tmp/ccvncDcb.s:107639  .debug_str:00000000000316d0 .LASF4379
     /tmp/ccvncDcb.s:110635  .debug_str:000000000003d62c .LASF4380
     /tmp/ccvncDcb.s:114457  .debug_str:000000000004d402 .LASF4381
     /tmp/ccvncDcb.s:109769  .debug_str:000000000003a32a .LASF4382
     /tmp/ccvncDcb.s:114483  .debug_str:000000000004d5eb .LASF4383
     /tmp/ccvncDcb.s:104183  .debug_str:0000000000023fb6 .LASF4384
     /tmp/ccvncDcb.s:114211  .debug_str:000000000004c426 .LASF4385
     /tmp/ccvncDcb.s:95333  .debug_str:000000000000031a .LASF4386
     /tmp/ccvncDcb.s:98219  .debug_str:000000000000c529 .LASF4387
     /tmp/ccvncDcb.s:111849  .debug_str:0000000000042801 .LASF4388
     /tmp/ccvncDcb.s:104241  .debug_str:000000000002441d .LASF4389
     /tmp/ccvncDcb.s:114921  .debug_str:000000000004f263 .LASF4390
     /tmp/ccvncDcb.s:100751  .debug_str:0000000000015da2 .LASF4391
     /tmp/ccvncDcb.s:105467  .debug_str:0000000000028e8b .LASF4392
     /tmp/ccvncDcb.s:110609  .debug_str:000000000003d455 .LASF4393
     /tmp/ccvncDcb.s:96083  .debug_str:000000000000367b .LASF4394
     /tmp/ccvncDcb.s:111953  .debug_str:0000000000042dbb .LASF4395
     /tmp/ccvncDcb.s:100113  .debug_str:00000000000136fe .LASF4396
     /tmp/ccvncDcb.s:101701  .debug_str:0000000000019bbb .LASF4397
     /tmp/ccvncDcb.s:110021  .debug_str:000000000003b379 .LASF4398
     /tmp/ccvncDcb.s:98547  .debug_str:000000000000dba5 .LASF4399
     /tmp/ccvncDcb.s:107019  .debug_str:000000000002f120 .LASF4400
     /tmp/ccvncDcb.s:107257  .debug_str:000000000002ff65 .LASF4401
     /tmp/ccvncDcb.s:113223  .debug_str:000000000004851d .LASF4402
     /tmp/ccvncDcb.s:105853  .debug_str:000000000002a730 .LASF4403
     /tmp/ccvncDcb.s:102105  .debug_str:000000000001b530 .LASF4404
     /tmp/ccvncDcb.s:96103  .debug_str:000000000000377e .LASF4405
     /tmp/ccvncDcb.s:105675  .debug_str:0000000000029b1b .LASF4406
     /tmp/ccvncDcb.s:97859  .debug_str:000000000000abf2 .LASF4407
     /tmp/ccvncDcb.s:107805  .debug_str:0000000000032284 .LASF4408
     /tmp/ccvncDcb.s:111877  .debug_str:00000000000429ca .LASF4409
     /tmp/ccvncDcb.s:100085  .debug_str:000000000001355c .LASF4410
     /tmp/ccvncDcb.s:100671  .debug_str:0000000000015930 .LASF4411
     /tmp/ccvncDcb.s:109921  .debug_str:000000000003ad2f .LASF4412
     /tmp/ccvncDcb.s:105311  .debug_str:00000000000284e3 .LASF4413
     /tmp/ccvncDcb.s:115507  .debug_str:0000000000051b1c .LASF4414
     /tmp/ccvncDcb.s:106303  .debug_str:000000000002c4d2 .LASF4415
     /tmp/ccvncDcb.s:115219  .debug_str:0000000000050768 .LASF4416
     /tmp/ccvncDcb.s:106039  .debug_str:000000000002b408 .LASF4417
     /tmp/ccvncDcb.s:100197  .debug_str:0000000000013bb3 .LASF4418
     /tmp/ccvncDcb.s:113813  .debug_str:000000000004aafb .LASF4419
     /tmp/ccvncDcb.s:111049  .debug_str:000000000003f260 .LASF4420
     /tmp/ccvncDcb.s:102465  .debug_str:000000000001cc16 .LASF4421
     /tmp/ccvncDcb.s:109557  .debug_str:00000000000395a9 .LASF4422
     /tmp/ccvncDcb.s:110659  .debug_str:000000000003d766 .LASF4423
     /tmp/ccvncDcb.s:98325  .debug_str:000000000000ccea .LASF4424
     /tmp/ccvncDcb.s:112319  .debug_str:00000000000444d0 .LASF4425
     /tmp/ccvncDcb.s:109745  .debug_str:000000000003a1de .LASF4426
     /tmp/ccvncDcb.s:103421  .debug_str:0000000000020ba3 .LASF4427
     /tmp/ccvncDcb.s:115535  .debug_str:0000000000051d1f .LASF4428
     /tmp/ccvncDcb.s:109695  .debug_str:0000000000039eb1 .LASF4429
     /tmp/ccvncDcb.s:101077  .debug_str:000000000001726b .LASF4430
     /tmp/ccvncDcb.s:99311  .debug_str:000000000001067a .LASF4431
     /tmp/ccvncDcb.s:107193  .debug_str:000000000002fbc6 .LASF4432
     /tmp/ccvncDcb.s:114627  .debug_str:000000000004df9a .LASF4433
     /tmp/ccvncDcb.s:99237  .debug_str:000000000001020a .LASF4434
     /tmp/ccvncDcb.s:106345  .debug_str:000000000002c7a7 .LASF4435
     /tmp/ccvncDcb.s:111569  .debug_str:00000000000414d0 .LASF4436
     /tmp/ccvncDcb.s:95637  .debug_str:000000000000172e .LASF4437
     /tmp/ccvncDcb.s:96275  .debug_str:0000000000004306 .LASF4438
     /tmp/ccvncDcb.s:96563  .debug_str:00000000000055d6 .LASF4439
     /tmp/ccvncDcb.s:107675  .debug_str:0000000000031953 .LASF4440
     /tmp/ccvncDcb.s:98387  .debug_str:000000000000d0c0 .LASF4441
     /tmp/ccvncDcb.s:112475  .debug_str:0000000000045040 .LASF4442
     /tmp/ccvncDcb.s:102865  .debug_str:000000000001e587 .LASF4443
     /tmp/ccvncDcb.s:108313  .debug_str:000000000003413c .LASF4444
     /tmp/ccvncDcb.s:115449  .debug_str:00000000000516eb .LASF4445
     /tmp/ccvncDcb.s:111453  .debug_str:0000000000040cf7 .LASF4446
     /tmp/ccvncDcb.s:99925  .debug_str:0000000000012a45 .LASF4447
     /tmp/ccvncDcb.s:113517  .debug_str:00000000000497ad .LASF4448
     /tmp/ccvncDcb.s:111515  .debug_str:00000000000410e2 .LASF4449
     /tmp/ccvncDcb.s:114837  .debug_str:000000000004ed73 .LASF4450
     /tmp/ccvncDcb.s:104277  .debug_str:00000000000245f0 .LASF4451
     /tmp/ccvncDcb.s:107683  .debug_str:00000000000319e4 .LASF4452
     /tmp/ccvncDcb.s:99517  .debug_str:000000000001134c .LASF4453
     /tmp/ccvncDcb.s:103581  .debug_str:0000000000021774 .LASF4454
     /tmp/ccvncDcb.s:98545  .debug_str:000000000000db91 .LASF4455
     /tmp/ccvncDcb.s:98411  .debug_str:000000000000d234 .LASF4456
     /tmp/ccvncDcb.s:99093  .debug_str:000000000000faf8 .LASF4457
     /tmp/ccvncDcb.s:109379  .debug_str:00000000000389ae .LASF4458
     /tmp/ccvncDcb.s:100913  .debug_str:0000000000016753 .LASF4459
     /tmp/ccvncDcb.s:97919  .debug_str:000000000000b023 .LASF4460
     /tmp/ccvncDcb.s:114823  .debug_str:000000000004ecb0 .LASF4461
     /tmp/ccvncDcb.s:105177  .debug_str:0000000000027cfc .LASF4462
     /tmp/ccvncDcb.s:108745  .debug_str:0000000000035e22 .LASF4463
     /tmp/ccvncDcb.s:97687  .debug_str:000000000000a001 .LASF4464
     /tmp/ccvncDcb.s:96001  .debug_str:00000000000030fb .LASF4465
     /tmp/ccvncDcb.s:102885  .debug_str:000000000001e6c8 .LASF4466
     /tmp/ccvncDcb.s:104109  .debug_str:0000000000023c2e .LASF4467
     /tmp/ccvncDcb.s:114879  .debug_str:000000000004ef91 .LASF4468
     /tmp/ccvncDcb.s:112629  .debug_str:0000000000045bb1 .LASF4469
     /tmp/ccvncDcb.s:106625  .debug_str:000000000002d924 .LASF4470
     /tmp/ccvncDcb.s:115951  .debug_str:0000000000053a9e .LASF4471
     /tmp/ccvncDcb.s:114419  .debug_str:000000000004d1c9 .LASF4472
     /tmp/ccvncDcb.s:105635  .debug_str:0000000000029825 .LASF4473
     /tmp/ccvncDcb.s:104961  .debug_str:000000000002717f .LASF4474
     /tmp/ccvncDcb.s:109667  .debug_str:0000000000039d04 .LASF4475
     /tmp/ccvncDcb.s:103313  .debug_str:00000000000204f1 .LASF4476
     /tmp/ccvncDcb.s:102683  .debug_str:000000000001d94a .LASF4477
     /tmp/ccvncDcb.s:109079  .debug_str:00000000000373f3 .LASF4478
     /tmp/ccvncDcb.s:107559  .debug_str:00000000000311d1 .LASF4479
     /tmp/ccvncDcb.s:108033  .debug_str:0000000000032ff7 .LASF4480
     /tmp/ccvncDcb.s:109109  .debug_str:0000000000037572 .LASF4481
     /tmp/ccvncDcb.s:111791  .debug_str:0000000000042444 .LASF4482
     /tmp/ccvncDcb.s:98323  .debug_str:000000000000ccce .LASF4483
     /tmp/ccvncDcb.s:102265  .debug_str:000000000001bfb6 .LASF4484
     /tmp/ccvncDcb.s:108611  .debug_str:0000000000035514 .LASF4485
     /tmp/ccvncDcb.s:97593  .debug_str:0000000000009a5d .LASF4486
     /tmp/ccvncDcb.s:95555  .debug_str:00000000000011c2 .LASF4487
     /tmp/ccvncDcb.s:101565  .debug_str:00000000000192ca .LASF4488
     /tmp/ccvncDcb.s:115081  .debug_str:000000000004fe3a .LASF4489
     /tmp/ccvncDcb.s:108213  .debug_str:0000000000033ba8 .LASF4490
     /tmp/ccvncDcb.s:98983  .debug_str:000000000000f506 .LASF4491
     /tmp/ccvncDcb.s:103083  .debug_str:000000000001f460 .LASF4492
     /tmp/ccvncDcb.s:105575  .debug_str:0000000000029507 .LASF4493
     /tmp/ccvncDcb.s:103875  .debug_str:0000000000022bef .LASF4494
     /tmp/ccvncDcb.s:105417  .debug_str:0000000000028aba .LASF4495
     /tmp/ccvncDcb.s:98369  .debug_str:000000000000cf9b .LASF4496
     /tmp/ccvncDcb.s:102365  .debug_str:000000000001c638 .LASF4497
     /tmp/ccvncDcb.s:112493  .debug_str:0000000000045190 .LASF4498
     /tmp/ccvncDcb.s:103049  .debug_str:000000000001f1d2 .LASF4499
     /tmp/ccvncDcb.s:102553  .debug_str:000000000001d118 .LASF4500
     /tmp/ccvncDcb.s:106715  .debug_str:000000000002df30 .LASF4501
     /tmp/ccvncDcb.s:99669  .debug_str:0000000000011acc .LASF4502
     /tmp/ccvncDcb.s:111179  .debug_str:000000000003fa8b .LASF4503
     /tmp/ccvncDcb.s:101573  .debug_str:0000000000019324 .LASF4504
     /tmp/ccvncDcb.s:97773  .debug_str:000000000000a694 .LASF4505
     /tmp/ccvncDcb.s:108027  .debug_str:0000000000032f9d .LASF4506
     /tmp/ccvncDcb.s:111579  .debug_str:000000000004158a .LASF4507
     /tmp/ccvncDcb.s:98259  .debug_str:000000000000c8a1 .LASF4508
     /tmp/ccvncDcb.s:104031  .debug_str:0000000000023646 .LASF4509
     /tmp/ccvncDcb.s:103257  .debug_str:0000000000020187 .LASF4510
     /tmp/ccvncDcb.s:100961  .debug_str:0000000000016a87 .LASF4511
     /tmp/ccvncDcb.s:114127  .debug_str:000000000004be90 .LASF4512
     /tmp/ccvncDcb.s:100273  .debug_str:00000000000140a5 .LASF4513
     /tmp/ccvncDcb.s:103259  .debug_str:00000000000201a6 .LASF4514
     /tmp/ccvncDcb.s:98847  .debug_str:000000000000eddc .LASF4515
     /tmp/ccvncDcb.s:105339  .debug_str:0000000000028628 .LASF4516
     /tmp/ccvncDcb.s:111209  .debug_str:000000000003fcbd .LASF4517
     /tmp/ccvncDcb.s:107407  .debug_str:0000000000030986 .LASF4518
     /tmp/ccvncDcb.s:113563  .debug_str:0000000000049a51 .LASF4519
     /tmp/ccvncDcb.s:115993  .debug_str:0000000000053d17 .LASF4520
     /tmp/ccvncDcb.s:108249  .debug_str:0000000000033d83 .LASF4521
     /tmp/ccvncDcb.s:107135  .debug_str:000000000002f876 .LASF4522
     /tmp/ccvncDcb.s:96101  .debug_str:000000000000376f .LASF4523
     /tmp/ccvncDcb.s:110095  .debug_str:000000000003b7aa .LASF4524
     /tmp/ccvncDcb.s:104149  .debug_str:0000000000023e46 .LASF4525
     /tmp/ccvncDcb.s:108625  .debug_str:0000000000035630 .LASF4526
     /tmp/ccvncDcb.s:100227  .debug_str:0000000000013d56 .LASF4527
     /tmp/ccvncDcb.s:106397  .debug_str:000000000002cb3c .LASF4528
     /tmp/ccvncDcb.s:97669  .debug_str:0000000000009ee5 .LASF4529
     /tmp/ccvncDcb.s:106939  .debug_str:000000000002ec88 .LASF4530
     /tmp/ccvncDcb.s:116161  .debug_str:00000000000547e6 .LASF4531
     /tmp/ccvncDcb.s:96213  .debug_str:0000000000003e9e .LASF4532
     /tmp/ccvncDcb.s:101719  .debug_str:0000000000019cf2 .LASF4533
     /tmp/ccvncDcb.s:107363  .debug_str:000000000003068a .LASF4534
     /tmp/ccvncDcb.s:111311  .debug_str:00000000000403b4 .LASF4535
     /tmp/ccvncDcb.s:109393  .debug_str:0000000000038a54 .LASF4536
     /tmp/ccvncDcb.s:101357  .debug_str:00000000000183d6 .LASF4537
     /tmp/ccvncDcb.s:103071  .debug_str:000000000001f3a2 .LASF4538
     /tmp/ccvncDcb.s:102965  .debug_str:000000000001ebc6 .LASF4539
     /tmp/ccvncDcb.s:96773  .debug_str:0000000000006320 .LASF4540
     /tmp/ccvncDcb.s:96417  .debug_str:0000000000004cce .LASF4541
     /tmp/ccvncDcb.s:111681  .debug_str:0000000000041cea .LASF4542
     /tmp/ccvncDcb.s:115065  .debug_str:000000000004fd13 .LASF4543
     /tmp/ccvncDcb.s:111667  .debug_str:0000000000041be3 .LASF4544
     /tmp/ccvncDcb.s:112643  .debug_str:0000000000045ce3 .LASF4545
     /tmp/ccvncDcb.s:103707  .debug_str:0000000000022060 .LASF4546
     /tmp/ccvncDcb.s:112993  .debug_str:000000000004760c .LASF4547
     /tmp/ccvncDcb.s:101577  .debug_str:0000000000019372 .LASF4548
     /tmp/ccvncDcb.s:98197  .debug_str:000000000000c3e3 .LASF4549
     /tmp/ccvncDcb.s:116219  .debug_str:0000000000054bd0 .LASF4550
     /tmp/ccvncDcb.s:96203  .debug_str:0000000000003dfb .LASF4551
     /tmp/ccvncDcb.s:96291  .debug_str:000000000000442d .LASF4552
     /tmp/ccvncDcb.s:109637  .debug_str:0000000000039ac4 .LASF4553
     /tmp/ccvncDcb.s:102665  .debug_str:000000000001d876 .LASF4554
     /tmp/ccvncDcb.s:103183  .debug_str:000000000001fbaa .LASF4555
     /tmp/ccvncDcb.s:115277  .debug_str:0000000000050b2d .LASF4556
     /tmp/ccvncDcb.s:100705  .debug_str:0000000000015b1d .LASF4557
     /tmp/ccvncDcb.s:115823  .debug_str:00000000000531b5 .LASF4558
     /tmp/ccvncDcb.s:108687  .debug_str:0000000000035ab5 .LASF4559
     /tmp/ccvncDcb.s:99151  .debug_str:000000000000fd3b .LASF4560
     /tmp/ccvncDcb.s:100587  .debug_str:0000000000015460 .LASF4561
     /tmp/ccvncDcb.s:107779  .debug_str:00000000000320c6 .LASF4562
     /tmp/ccvncDcb.s:112029  .debug_str:000000000004330b .LASF4563
     /tmp/ccvncDcb.s:96023  .debug_str:00000000000032aa .LASF4564
     /tmp/ccvncDcb.s:96643  .debug_str:0000000000005ab0 .LASF4565
     /tmp/ccvncDcb.s:108363  .debug_str:00000000000344e9 .LASF4566
     /tmp/ccvncDcb.s:100501  .debug_str:0000000000014f82 .LASF4567
     /tmp/ccvncDcb.s:95627  .debug_str:000000000000166c .LASF4568
     /tmp/ccvncDcb.s:97435  .debug_str:0000000000009012 .LASF4569
     /tmp/ccvncDcb.s:112809  .debug_str:0000000000046a9d .LASF4570
     /tmp/ccvncDcb.s:97041  .debug_str:00000000000075fe .LASF4571
     /tmp/ccvncDcb.s:103549  .debug_str:0000000000021553 .LASF4572
     /tmp/ccvncDcb.s:95623  .debug_str:0000000000001635 .LASF4573
     /tmp/ccvncDcb.s:103799  .debug_str:0000000000022784 .LASF4574
     /tmp/ccvncDcb.s:97685  .debug_str:0000000000009fee .LASF4575
     /tmp/ccvncDcb.s:108719  .debug_str:0000000000035cab .LASF4576
     /tmp/ccvncDcb.s:110571  .debug_str:000000000003d257 .LASF4577
     /tmp/ccvncDcb.s:113815  .debug_str:000000000004ab0e .LASF4578
     /tmp/ccvncDcb.s:115173  .debug_str:0000000000050461 .LASF4579
     /tmp/ccvncDcb.s:99087  .debug_str:000000000000fab2 .LASF4580
     /tmp/ccvncDcb.s:96175  .debug_str:0000000000003c14 .LASF4581
     /tmp/ccvncDcb.s:97281  .debug_str:0000000000008614 .LASF4582
     /tmp/ccvncDcb.s:103007  .debug_str:000000000001eeca .LASF4583
     /tmp/ccvncDcb.s:106309  .debug_str:000000000002c52a .LASF4584
     /tmp/ccvncDcb.s:102299  .debug_str:000000000001c292 .LASF4585
     /tmp/ccvncDcb.s:103831  .debug_str:0000000000022986 .LASF4586
     /tmp/ccvncDcb.s:113129  .debug_str:0000000000047f84 .LASF4587
     /tmp/ccvncDcb.s:104431  .debug_str:0000000000025002 .LASF4588
     /tmp/ccvncDcb.s:110741  .debug_str:000000000003dca2 .LASF4589
     /tmp/ccvncDcb.s:98755  .debug_str:000000000000e919 .LASF4590
     /tmp/ccvncDcb.s:110899  .debug_str:000000000003e826 .LASF4591
     /tmp/ccvncDcb.s:99281  .debug_str:0000000000010596 .LASF4592
     /tmp/ccvncDcb.s:108381  .debug_str:0000000000034619 .LASF4593
     /tmp/ccvncDcb.s:111535  .debug_str:0000000000041292 .LASF4594
     /tmp/ccvncDcb.s:99673  .debug_str:0000000000011b21 .LASF4595
     /tmp/ccvncDcb.s:109103  .debug_str:000000000003750f .LASF4596
     /tmp/ccvncDcb.s:113991  .debug_str:000000000004b5d2 .LASF4597
     /tmp/ccvncDcb.s:106635  .debug_str:000000000002d987 .LASF4598
     /tmp/ccvncDcb.s:115867  .debug_str:00000000000534fd .LASF4599
     /tmp/ccvncDcb.s:107965  .debug_str:0000000000032c1f .LASF4600
     /tmp/ccvncDcb.s:101787  .debug_str:000000000001a00d .LASF4601
     /tmp/ccvncDcb.s:104659  .debug_str:0000000000025f1a .LASF4602
     /tmp/ccvncDcb.s:98181  .debug_str:000000000000c291 .LASF4603
     /tmp/ccvncDcb.s:114259  .debug_str:000000000004c7d3 .LASF4604
     /tmp/ccvncDcb.s:111267  .debug_str:00000000000400b1 .LASF4605
     /tmp/ccvncDcb.s:111067  .debug_str:000000000003f357 .LASF4606
     /tmp/ccvncDcb.s:99577  .debug_str:0000000000011650 .LASF4607
     /tmp/ccvncDcb.s:101679  .debug_str:0000000000019a70 .LASF4608
     /tmp/ccvncDcb.s:99405  .debug_str:0000000000010d12 .LASF4609
     /tmp/ccvncDcb.s:110569  .debug_str:000000000003d240 .LASF4610
     /tmp/ccvncDcb.s:112339  .debug_str:00000000000445bc .LASF4611
     /tmp/ccvncDcb.s:103737  .debug_str:0000000000022264 .LASF4612
     /tmp/ccvncDcb.s:106121  .debug_str:000000000002b9ee .LASF4613
     /tmp/ccvncDcb.s:101209  .debug_str:0000000000017a24 .LASF4614
     /tmp/ccvncDcb.s:110651  .debug_str:000000000003d703 .LASF4615
     /tmp/ccvncDcb.s:113399  .debug_str:0000000000049098 .LASF4616
     /tmp/ccvncDcb.s:110347  .debug_str:000000000003c57a .LASF4617
     /tmp/ccvncDcb.s:103285  .debug_str:0000000000020309 .LASF4618
     /tmp/ccvncDcb.s:112585  .debug_str:0000000000045909 .LASF4619
     /tmp/ccvncDcb.s:100805  .debug_str:000000000001605d .LASF4620
     /tmp/ccvncDcb.s:107825  .debug_str:00000000000323a2 .LASF4621
     /tmp/ccvncDcb.s:98279  .debug_str:000000000000ca21 .LASF4622
     /tmp/ccvncDcb.s:116087  .debug_str:00000000000542a7 .LASF4623
     /tmp/ccvncDcb.s:109527  .debug_str:00000000000393a0 .LASF4624
     /tmp/ccvncDcb.s:109765  .debug_str:000000000003a2d0 .LASF4625
     /tmp/ccvncDcb.s:96219  .debug_str:0000000000003f00 .LASF4626
     /tmp/ccvncDcb.s:114675  .debug_str:000000000004e2f7 .LASF4627
     /tmp/ccvncDcb.s:96075  .debug_str:0000000000003600 .LASF4628
     /tmp/ccvncDcb.s:103113  .debug_str:000000000001f6c2 .LASF4629
     /tmp/ccvncDcb.s:99141  .debug_str:000000000000fcaa .LASF4630
     /tmp/ccvncDcb.s:96093  .debug_str:0000000000003719 .LASF4631
     /tmp/ccvncDcb.s:101339  .debug_str:00000000000182de .LASF4632
     /tmp/ccvncDcb.s:102749  .debug_str:000000000001dd90 .LASF4633
     /tmp/ccvncDcb.s:107633  .debug_str:0000000000031674 .LASF4634
     /tmp/ccvncDcb.s:95763  .debug_str:000000000000214d .LASF4635
     /tmp/ccvncDcb.s:107955  .debug_str:0000000000032b98 .LASF4636
     /tmp/ccvncDcb.s:96105  .debug_str:0000000000003793 .LASF4637
     /tmp/ccvncDcb.s:113179  .debug_str:0000000000048251 .LASF4638
     /tmp/ccvncDcb.s:111601  .debug_str:00000000000416e2 .LASF4639
     /tmp/ccvncDcb.s:106243  .debug_str:000000000002c0ce .LASF4640
     /tmp/ccvncDcb.s:112433  .debug_str:0000000000044c75 .LASF4641
     /tmp/ccvncDcb.s:99915  .debug_str:00000000000129ba .LASF4642
     /tmp/ccvncDcb.s:108305  .debug_str:00000000000340ca .LASF4643
     /tmp/ccvncDcb.s:114745  .debug_str:000000000004e806 .LASF4644
     /tmp/ccvncDcb.s:115221  .debug_str:0000000000050779 .LASF4645
     /tmp/ccvncDcb.s:101061  .debug_str:00000000000171bf .LASF4646
     /tmp/ccvncDcb.s:110485  .debug_str:000000000003cd85 .LASF4647
     /tmp/ccvncDcb.s:115179  .debug_str:00000000000504ca .LASF4648
     /tmp/ccvncDcb.s:107999  .debug_str:0000000000032e2c .LASF4649
     /tmp/ccvncDcb.s:100657  .debug_str:000000000001587f .LASF4650
     /tmp/ccvncDcb.s:105517  .debug_str:00000000000291a3 .LASF4651
     /tmp/ccvncDcb.s:114787  .debug_str:000000000004ea3b .LASF4652
     /tmp/ccvncDcb.s:103035  .debug_str:000000000001f0d1 .LASF4653
     /tmp/ccvncDcb.s:112147  .debug_str:0000000000043a8a .LASF4654
     /tmp/ccvncDcb.s:101823  .debug_str:000000000001a207 .LASF4655
     /tmp/ccvncDcb.s:105917  .debug_str:000000000002ab41 .LASF4656
     /tmp/ccvncDcb.s:100889  .debug_str:00000000000165d3 .LASF4657
     /tmp/ccvncDcb.s:110297  .debug_str:000000000003c3b2 .LASF4658
     /tmp/ccvncDcb.s:98343  .debug_str:000000000000cdeb .LASF4659
     /tmp/ccvncDcb.s:107389  .debug_str:000000000003084c .LASF4660
     /tmp/ccvncDcb.s:96017  .debug_str:0000000000003215 .LASF4661
     /tmp/ccvncDcb.s:95743  .debug_str:000000000000200d .LASF4662
     /tmp/ccvncDcb.s:105231  .debug_str:00000000000280cc .LASF4663
     /tmp/ccvncDcb.s:102705  .debug_str:000000000001daeb .LASF4664
     /tmp/ccvncDcb.s:114959  .debug_str:000000000004f53b .LASF4665
     /tmp/ccvncDcb.s:112187  .debug_str:0000000000043cce .LASF4666
     /tmp/ccvncDcb.s:113831  .debug_str:000000000004abb1 .LASF4667
     /tmp/ccvncDcb.s:115451  .debug_str:00000000000516fe .LASF4668
     /tmp/ccvncDcb.s:103719  .debug_str:0000000000022134 .LASF4669
     /tmp/ccvncDcb.s:102745  .debug_str:000000000001dd72 .LASF4670
     /tmp/ccvncDcb.s:102109  .debug_str:000000000001b560 .LASF4671
     /tmp/ccvncDcb.s:114969  .debug_str:000000000004f5d7 .LASF4672
     /tmp/ccvncDcb.s:103587  .debug_str:00000000000217da .LASF4673
     /tmp/ccvncDcb.s:107039  .debug_str:000000000002f248 .LASF4674
     /tmp/ccvncDcb.s:97403  .debug_str:0000000000008d9b .LASF4675
     /tmp/ccvncDcb.s:109099  .debug_str:00000000000374d9 .LASF4676
     /tmp/ccvncDcb.s:99449  .debug_str:0000000000010fc5 .LASF4677
     /tmp/ccvncDcb.s:108239  .debug_str:0000000000033d15 .LASF4678
     /tmp/ccvncDcb.s:100141  .debug_str:000000000001386a .LASF4679
     /tmp/ccvncDcb.s:100809  .debug_str:00000000000160b0 .LASF4680
     /tmp/ccvncDcb.s:111549  .debug_str:0000000000041363 .LASF4681
     /tmp/ccvncDcb.s:111315  .debug_str:00000000000403ed .LASF4682
     /tmp/ccvncDcb.s:113393  .debug_str:0000000000049021 .LASF4683
     /tmp/ccvncDcb.s:113723  .debug_str:000000000004a502 .LASF4684
     /tmp/ccvncDcb.s:98115  .debug_str:000000000000bd9e .LASF4685
     /tmp/ccvncDcb.s:105939  .debug_str:000000000002ad07 .LASF4686
     /tmp/ccvncDcb.s:109753  .debug_str:000000000003a21d .LASF4687
     /tmp/ccvncDcb.s:105883  .debug_str:000000000002a90a .LASF4688
     /tmp/ccvncDcb.s:111981  .debug_str:0000000000042fda .LASF4689
     /tmp/ccvncDcb.s:109895  .debug_str:000000000003ab48 .LASF4690
     /tmp/ccvncDcb.s:104833  .debug_str:0000000000026ad6 .LASF4691
     /tmp/ccvncDcb.s:97319  .debug_str:0000000000008836 .LASF4692
     /tmp/ccvncDcb.s:106799  .debug_str:000000000002e3bd .LASF4693
     /tmp/ccvncDcb.s:99471  .debug_str:0000000000011120 .LASF4694
     /tmp/ccvncDcb.s:97749  .debug_str:000000000000a488 .LASF4695
     /tmp/ccvncDcb.s:99187  .debug_str:000000000000ffaa .LASF4696
     /tmp/ccvncDcb.s:99195  .debug_str:0000000000010045 .LASF4697
     /tmp/ccvncDcb.s:101327  .debug_str:0000000000018209 .LASF4698
     /tmp/ccvncDcb.s:112931  .debug_str:00000000000471d7 .LASF4699
     /tmp/ccvncDcb.s:103225  .debug_str:000000000001fe74 .LASF4700
     /tmp/ccvncDcb.s:98165  .debug_str:000000000000c148 .LASF4701
     /tmp/ccvncDcb.s:109985  .debug_str:000000000003b0ba .LASF4702
     /tmp/ccvncDcb.s:111087  .debug_str:000000000003f466 .LASF4703
     /tmp/ccvncDcb.s:110315  .debug_str:000000000003c481 .LASF4704
     /tmp/ccvncDcb.s:98565  .debug_str:000000000000dcd4 .LASF4705
     /tmp/ccvncDcb.s:102475  .debug_str:000000000001cc80 .LASF4706
     /tmp/ccvncDcb.s:101563  .debug_str:00000000000192b2 .LASF4707
     /tmp/ccvncDcb.s:113205  .debug_str:0000000000048446 .LASF4708
     /tmp/ccvncDcb.s:112247  .debug_str:0000000000044058 .LASF4709
     /tmp/ccvncDcb.s:110645  .debug_str:000000000003d6c2 .LASF4710
     /tmp/ccvncDcb.s:105745  .debug_str:000000000002a03f .LASF4711
     /tmp/ccvncDcb.s:102379  .debug_str:000000000001c6fb .LASF4712
     /tmp/ccvncDcb.s:112969  .debug_str:0000000000047485 .LASF4713
     /tmp/ccvncDcb.s:104461  .debug_str:00000000000251c6 .LASF4714
     /tmp/ccvncDcb.s:108767  .debug_str:0000000000035fb4 .LASF4715
     /tmp/ccvncDcb.s:110313  .debug_str:000000000003c468 .LASF4716
     /tmp/ccvncDcb.s:113793  .debug_str:000000000004a981 .LASF4717
     /tmp/ccvncDcb.s:108443  .debug_str:00000000000349af .LASF4718
     /tmp/ccvncDcb.s:98749  .debug_str:000000000000e8ee .LASF4719
     /tmp/ccvncDcb.s:110519  .debug_str:000000000003cedb .LASF4720
     /tmp/ccvncDcb.s:100897  .debug_str:0000000000016678 .LASF4721
     /tmp/ccvncDcb.s:111541  .debug_str:00000000000412ca .LASF4722
     /tmp/ccvncDcb.s:107399  .debug_str:00000000000308da .LASF4723
     /tmp/ccvncDcb.s:107867  .debug_str:0000000000032610 .LASF4724
     /tmp/ccvncDcb.s:109439  .debug_str:0000000000038db9 .LASF4725
     /tmp/ccvncDcb.s:99819  .debug_str:0000000000012421 .LASF4726
     /tmp/ccvncDcb.s:105721  .debug_str:0000000000029e81 .LASF4727
     /tmp/ccvncDcb.s:101727  .debug_str:0000000000019d5f .LASF4728
     /tmp/ccvncDcb.s:98301  .debug_str:000000000000cb90 .LASF4729
     /tmp/ccvncDcb.s:105549  .debug_str:00000000000293a7 .LASF4730
     /tmp/ccvncDcb.s:115359  .debug_str:0000000000051071 .LASF4731
     /tmp/ccvncDcb.s:97417  .debug_str:0000000000008ecb .LASF4732
     /tmp/ccvncDcb.s:102015  .debug_str:000000000001af66 .LASF4733
     /tmp/ccvncDcb.s:110757  .debug_str:000000000003ddcd .LASF4734
     /tmp/ccvncDcb.s:97325  .debug_str:000000000000887d .LASF4735
     /tmp/ccvncDcb.s:100277  .debug_str:00000000000140d4 .LASF4736
     /tmp/ccvncDcb.s:98267  .debug_str:000000000000c96a .LASF4737
     /tmp/ccvncDcb.s:103039  .debug_str:000000000001f103 .LASF4738
     /tmp/ccvncDcb.s:100389  .debug_str:0000000000014870 .LASF4739
     /tmp/ccvncDcb.s:107029  .debug_str:000000000002f1ad .LASF4740
     /tmp/ccvncDcb.s:112135  .debug_str:0000000000043992 .LASF4741
     /tmp/ccvncDcb.s:109993  .debug_str:000000000003b119 .LASF4742
     /tmp/ccvncDcb.s:105953  .debug_str:000000000002adee .LASF4743
     /tmp/ccvncDcb.s:108955  .debug_str:0000000000036c09 .LASF4744
     /tmp/ccvncDcb.s:114539  .debug_str:000000000004d9b6 .LASF4745
     /tmp/ccvncDcb.s:116047  .debug_str:00000000000540c1 .LASF4746
     /tmp/ccvncDcb.s:106929  .debug_str:000000000002ec07 .LASF4747
     /tmp/ccvncDcb.s:106283  .debug_str:000000000002c357 .LASF4748
     /tmp/ccvncDcb.s:109353  .debug_str:0000000000038740 .LASF4749
     /tmp/ccvncDcb.s:100059  .debug_str:00000000000133a7 .LASF4750
     /tmp/ccvncDcb.s:103525  .debug_str:00000000000213aa .LASF4751
     /tmp/ccvncDcb.s:107083  .debug_str:000000000002f577 .LASF4752
     /tmp/ccvncDcb.s:114225  .debug_str:000000000004c4d3 .LASF4753
     /tmp/ccvncDcb.s:111773  .debug_str:0000000000042311 .LASF4754
     /tmp/ccvncDcb.s:113667  .debug_str:000000000004a17d .LASF4755
     /tmp/ccvncDcb.s:97217  .debug_str:000000000000819e .LASF4756
     /tmp/ccvncDcb.s:107281  .debug_str:0000000000030120 .LASF4757
     /tmp/ccvncDcb.s:107365  .debug_str:00000000000306a0 .LASF4758
     /tmp/ccvncDcb.s:106669  .debug_str:000000000002dc15 .LASF4759
     /tmp/ccvncDcb.s:100425  .debug_str:0000000000014a99 .LASF4760
     /tmp/ccvncDcb.s:105343  .debug_str:000000000002866d .LASF4761
     /tmp/ccvncDcb.s:106617  .debug_str:000000000002d8d6 .LASF4762
     /tmp/ccvncDcb.s:106505  .debug_str:000000000002d185 .LASF4763
     /tmp/ccvncDcb.s:105299  .debug_str:00000000000283fa .LASF4764
     /tmp/ccvncDcb.s:112285  .debug_str:00000000000442a7 .LASF4765
     /tmp/ccvncDcb.s:103533  .debug_str:000000000002143e .LASF4766
     /tmp/ccvncDcb.s:108465  .debug_str:0000000000034b08 .LASF4767
     /tmp/ccvncDcb.s:101707  .debug_str:0000000000019c10 .LASF4768
     /tmp/ccvncDcb.s:98929  .debug_str:000000000000f257 .LASF4769
     /tmp/ccvncDcb.s:98791  .debug_str:000000000000ea87 .LASF4770
     /tmp/ccvncDcb.s:103619  .debug_str:0000000000021992 .LASF4771
     /tmp/ccvncDcb.s:97835  .debug_str:000000000000aa1a .LASF4772
     /tmp/ccvncDcb.s:102063  .debug_str:000000000001b2bd .LASF4773
     /tmp/ccvncDcb.s:105705  .debug_str:0000000000029d7a .LASF4774
     /tmp/ccvncDcb.s:110539  .debug_str:000000000003cfff .LASF4775
     /tmp/ccvncDcb.s:108609  .debug_str:00000000000354e6 .LASF4776
     /tmp/ccvncDcb.s:107511  .debug_str:0000000000030f6c .LASF4777
     /tmp/ccvncDcb.s:111889  .debug_str:0000000000042ad0 .LASF4778
     /tmp/ccvncDcb.s:106623  .debug_str:000000000002d8f7 .LASF4779
     /tmp/ccvncDcb.s:114917  .debug_str:000000000004f21e .LASF4780
     /tmp/ccvncDcb.s:95961  .debug_str:0000000000002e36 .LASF4781
     /tmp/ccvncDcb.s:110295  .debug_str:000000000003c38a .LASF4782
     /tmp/ccvncDcb.s:115477  .debug_str:0000000000051895 .LASF4783
     /tmp/ccvncDcb.s:109473  .debug_str:0000000000039086 .LASF4784
     /tmp/ccvncDcb.s:109683  .debug_str:0000000000039dce .LASF4785
     /tmp/ccvncDcb.s:102863  .debug_str:000000000001e55a .LASF4786
     /tmp/ccvncDcb.s:102449  .debug_str:000000000001caef .LASF4787
     /tmp/ccvncDcb.s:96181  .debug_str:0000000000003c4c .LASF4788
     /tmp/ccvncDcb.s:99061  .debug_str:000000000000f960 .LASF4789
     /tmp/ccvncDcb.s:97747  .debug_str:000000000000a45a .LASF4790
     /tmp/ccvncDcb.s:105095  .debug_str:00000000000278c4 .LASF4791
     /tmp/ccvncDcb.s:112929  .debug_str:00000000000471b1 .LASF4792
     /tmp/ccvncDcb.s:98915  .debug_str:000000000000f1ad .LASF4793
     /tmp/ccvncDcb.s:100615  .debug_str:0000000000015623 .LASF4794
     /tmp/ccvncDcb.s:99259  .debug_str:0000000000010401 .LASF4795
     /tmp/ccvncDcb.s:106853  .debug_str:000000000002e780 .LASF4796
     /tmp/ccvncDcb.s:114509  .debug_str:000000000004d78d .LASF4797
     /tmp/ccvncDcb.s:108827  .debug_str:00000000000363ea .LASF4798
     /tmp/ccvncDcb.s:115495  .debug_str:0000000000051a25 .LASF4799
     /tmp/ccvncDcb.s:110393  .debug_str:000000000003c8a4 .LASF4800
     /tmp/ccvncDcb.s:102267  .debug_str:000000000001bfd1 .LASF4801
     /tmp/ccvncDcb.s:107701  .debug_str:0000000000031abe .LASF4802
     /tmp/ccvncDcb.s:101443  .debug_str:0000000000018a0c .LASF4803
     /tmp/ccvncDcb.s:113531  .debug_str:0000000000049872 .LASF4804
     /tmp/ccvncDcb.s:100635  .debug_str:000000000001572f .LASF4805
     /tmp/ccvncDcb.s:104385  .debug_str:0000000000024d0f .LASF4806
     /tmp/ccvncDcb.s:112693  .debug_str:0000000000046249 .LASF4807
     /tmp/ccvncDcb.s:114559  .debug_str:000000000004db19 .LASF4808
     /tmp/ccvncDcb.s:101953  .debug_str:000000000001aa6f .LASF4809
     /tmp/ccvncDcb.s:106549  .debug_str:000000000002d3fc .LASF4810
     /tmp/ccvncDcb.s:112189  .debug_str:0000000000043ce4 .LASF4811
     /tmp/ccvncDcb.s:104407  .debug_str:0000000000024e87 .LASF4812
     /tmp/ccvncDcb.s:101269  .debug_str:0000000000017ea7 .LASF4813
     /tmp/ccvncDcb.s:111223  .debug_str:000000000003fde0 .LASF4814
     /tmp/ccvncDcb.s:106923  .debug_str:000000000002ebe3 .LASF4815
     /tmp/ccvncDcb.s:101343  .debug_str:0000000000018339 .LASF4816
     /tmp/ccvncDcb.s:105197  .debug_str:0000000000027e97 .LASF4817
     /tmp/ccvncDcb.s:111787  .debug_str:00000000000423db .LASF4818
     /tmp/ccvncDcb.s:96525  .debug_str:000000000000537b .LASF4819
     /tmp/ccvncDcb.s:99317  .debug_str:00000000000106d1 .LASF4820
     /tmp/ccvncDcb.s:113759  .debug_str:000000000004a76a .LASF4821
     /tmp/ccvncDcb.s:96185  .debug_str:0000000000003c88 .LASF4822
     /tmp/ccvncDcb.s:97015  .debug_str:0000000000007398 .LASF4823
     /tmp/ccvncDcb.s:114551  .debug_str:000000000004da6e .LASF4824
     /tmp/ccvncDcb.s:107891  .debug_str:0000000000032777 .LASF4825
     /tmp/ccvncDcb.s:101037  .debug_str:0000000000017040 .LASF4826
     /tmp/ccvncDcb.s:115375  .debug_str:000000000005118f .LASF4827
     /tmp/ccvncDcb.s:103173  .debug_str:000000000001fae7 .LASF4828
     /tmp/ccvncDcb.s:109651  .debug_str:0000000000039bd8 .LASF4829
     /tmp/ccvncDcb.s:102005  .debug_str:000000000001aea0 .LASF4830
     /tmp/ccvncDcb.s:112035  .debug_str:000000000004337e .LASF4831
     /tmp/ccvncDcb.s:100901  .debug_str:00000000000166ab .LASF4832
     /tmp/ccvncDcb.s:111001  .debug_str:000000000003eed7 .LASF4833
     /tmp/ccvncDcb.s:98273  .debug_str:000000000000c9e7 .LASF4834
     /tmp/ccvncDcb.s:96707  .debug_str:0000000000005f3c .LASF4835
     /tmp/ccvncDcb.s:97945  .debug_str:000000000000b1ec .LASF4836
     /tmp/ccvncDcb.s:113767  .debug_str:000000000004a82b .LASF4837
     /tmp/ccvncDcb.s:98601  .debug_str:000000000000df83 .LASF4838
     /tmp/ccvncDcb.s:96881  .debug_str:00000000000069f4 .LASF4839
     /tmp/ccvncDcb.s:106335  .debug_str:000000000002c6c1 .LASF4840
     /tmp/ccvncDcb.s:106573  .debug_str:000000000002d629 .LASF4841
     /tmp/ccvncDcb.s:112121  .debug_str:000000000004388c .LASF4842
     /tmp/ccvncDcb.s:107203  .debug_str:000000000002fc51 .LASF4843
     /tmp/ccvncDcb.s:102253  .debug_str:000000000001be87 .LASF4844
     /tmp/ccvncDcb.s:114867  .debug_str:000000000004eebc .LASF4845
     /tmp/ccvncDcb.s:108207  .debug_str:0000000000033b40 .LASF4846
     /tmp/ccvncDcb.s:115057  .debug_str:000000000004fc88 .LASF4847
     /tmp/ccvncDcb.s:108409  .debug_str:0000000000034763 .LASF4848
     /tmp/ccvncDcb.s:101547  .debug_str:0000000000019186 .LASF4849
     /tmp/ccvncDcb.s:115921  .debug_str:000000000005385e .LASF4850
     /tmp/ccvncDcb.s:109261  .debug_str:0000000000038066 .LASF4851
     /tmp/ccvncDcb.s:102421  .debug_str:000000000001c9b9 .LASF4852
     /tmp/ccvncDcb.s:108011  .debug_str:0000000000032e9f .LASF4853
     /tmp/ccvncDcb.s:105065  .debug_str:000000000002772e .LASF4854
     /tmp/ccvncDcb.s:99975  .debug_str:0000000000012dc3 .LASF4855
     /tmp/ccvncDcb.s:106343  .debug_str:000000000002c76f .LASF4856
     /tmp/ccvncDcb.s:101021  .debug_str:0000000000016f25 .LASF4857
     /tmp/ccvncDcb.s:105821  .debug_str:000000000002a50f .LASF4858
     /tmp/ccvncDcb.s:108179  .debug_str:0000000000033989 .LASF4859
     /tmp/ccvncDcb.s:99065  .debug_str:000000000000f984 .LASF4860
     /tmp/ccvncDcb.s:99357  .debug_str:00000000000109d4 .LASF4861
     /tmp/ccvncDcb.s:109469  .debug_str:0000000000039006 .LASF4862
     /tmp/ccvncDcb.s:114207  .debug_str:000000000004c3c9 .LASF4863
     /tmp/ccvncDcb.s:108341  .debug_str:0000000000034348 .LASF4864
     /tmp/ccvncDcb.s:100709  .debug_str:0000000000015b5d .LASF4865
     /tmp/ccvncDcb.s:100237  .debug_str:0000000000013dfc .LASF4866
     /tmp/ccvncDcb.s:99979  .debug_str:0000000000012e01 .LASF4867
     /tmp/ccvncDcb.s:102345  .debug_str:000000000001c4ba .LASF4868
     /tmp/ccvncDcb.s:96013  .debug_str:00000000000031d4 .LASF4869
     /tmp/ccvncDcb.s:101215  .debug_str:0000000000017a94 .LASF4870
     /tmp/ccvncDcb.s:99305  .debug_str:000000000001061e .LASF4871
     /tmp/ccvncDcb.s:109581  .debug_str:0000000000039790 .LASF4872
     /tmp/ccvncDcb.s:112565  .debug_str:0000000000045780 .LASF4873
     /tmp/ccvncDcb.s:101993  .debug_str:000000000001ada8 .LASF4874
     /tmp/ccvncDcb.s:98941  .debug_str:000000000000f2f8 .LASF4875
     /tmp/ccvncDcb.s:105097  .debug_str:00000000000278f4 .LASF4876
     /tmp/ccvncDcb.s:107989  .debug_str:0000000000032d52 .LASF4877
     /tmp/ccvncDcb.s:96791  .debug_str:00000000000063f7 .LASF4878
     /tmp/ccvncDcb.s:105965  .debug_str:000000000002aee3 .LASF4879
     /tmp/ccvncDcb.s:95687  .debug_str:0000000000001bdb .LASF4880
     /tmp/ccvncDcb.s:97741  .debug_str:000000000000a3dc .LASF4881
     /tmp/ccvncDcb.s:106845  .debug_str:000000000002e6ed .LASF4882
     /tmp/ccvncDcb.s:100011  .debug_str:000000000001300f .LASF4883
     /tmp/ccvncDcb.s:114371  .debug_str:000000000004cef1 .LASF4884
     /tmp/ccvncDcb.s:98307  .debug_str:000000000000cbec .LASF4885
     /tmp/ccvncDcb.s:115421  .debug_str:00000000000514f3 .LASF4886
     /tmp/ccvncDcb.s:106025  .debug_str:000000000002b2e0 .LASF4887
     /tmp/ccvncDcb.s:96859  .debug_str:000000000000688d .LASF4888
     /tmp/ccvncDcb.s:101377  .debug_str:00000000000184e0 .LASF4889
     /tmp/ccvncDcb.s:115937  .debug_str:00000000000539ba .LASF4890
     /tmp/ccvncDcb.s:107723  .debug_str:0000000000031cc7 .LASF4891
     /tmp/ccvncDcb.s:110007  .debug_str:000000000003b1f3 .LASF4892
     /tmp/ccvncDcb.s:105791  .debug_str:000000000002a330 .LASF4893
     /tmp/ccvncDcb.s:96893  .debug_str:0000000000006b0b .LASF4894
     /tmp/ccvncDcb.s:115271  .debug_str:0000000000050a9c .LASF4895
     /tmp/ccvncDcb.s:111437  .debug_str:0000000000040be2 .LASF4896
     /tmp/ccvncDcb.s:105455  .debug_str:0000000000028db3 .LASF4897
     /tmp/ccvncDcb.s:103013  .debug_str:000000000001ef10 .LASF4898
     /tmp/ccvncDcb.s:114479  .debug_str:000000000004d56f .LASF4899
     /tmp/ccvncDcb.s:106323  .debug_str:000000000002c5ed .LASF4900
     /tmp/ccvncDcb.s:109787  .debug_str:000000000003a463 .LASF4901
     /tmp/ccvncDcb.s:97837  .debug_str:000000000000aa45 .LASF4902
     /tmp/ccvncDcb.s:107199  .debug_str:000000000002fc08 .LASF4903
     /tmp/ccvncDcb.s:110365  .debug_str:000000000003c6cb .LASF4904
     /tmp/ccvncDcb.s:104399  .debug_str:0000000000024df4 .LASF4905
     /tmp/ccvncDcb.s:112799  .debug_str:0000000000046a1a .LASF4906
     /tmp/ccvncDcb.s:113397  .debug_str:000000000004905f .LASF4907
     /tmp/ccvncDcb.s:108093  .debug_str:000000000003345f .LASF4908
     /tmp/ccvncDcb.s:98385  .debug_str:000000000000d087 .LASF4909
     /tmp/ccvncDcb.s:105057  .debug_str:00000000000276c8 .LASF4910
     /tmp/ccvncDcb.s:106327  .debug_str:000000000002c634 .LASF4911
     /tmp/ccvncDcb.s:99473  .debug_str:0000000000011138 .LASF4912
     /tmp/ccvncDcb.s:113885  .debug_str:000000000004aead .LASF4913
     /tmp/ccvncDcb.s:103611  .debug_str:00000000000218fa .LASF4914
     /tmp/ccvncDcb.s:111145  .debug_str:000000000003f84e .LASF4915
     /tmp/ccvncDcb.s:99951  .debug_str:0000000000012c12 .LASF4916
     /tmp/ccvncDcb.s:108201  .debug_str:0000000000033ac5 .LASF4917
     /tmp/ccvncDcb.s:98735  .debug_str:000000000000e7f3 .LASF4918
     /tmp/ccvncDcb.s:115715  .debug_str:00000000000529f2 .LASF4919
     /tmp/ccvncDcb.s:109063  .debug_str:00000000000372a4 .LASF4920
     /tmp/ccvncDcb.s:110375  .debug_str:000000000003c787 .LASF4921
     /tmp/ccvncDcb.s:103561  .debug_str:0000000000021609 .LASF4922
     /tmp/ccvncDcb.s:114521  .debug_str:000000000004d829 .LASF4923
     /tmp/ccvncDcb.s:111175  .debug_str:000000000003fa3f .LASF4924
     /tmp/ccvncDcb.s:115041  .debug_str:000000000004fb08 .LASF4925
     /tmp/ccvncDcb.s:114611  .debug_str:000000000004de82 .LASF4926
     /tmp/ccvncDcb.s:98409  .debug_str:000000000000d224 .LASF4927
     /tmp/ccvncDcb.s:98997  .debug_str:000000000000f5d9 .LASF4928
     /tmp/ccvncDcb.s:98403  .debug_str:000000000000d1bc .LASF4929
     /tmp/ccvncDcb.s:114063  .debug_str:000000000004ba10 .LASF4930
     /tmp/ccvncDcb.s:97311  .debug_str:000000000000877a .LASF4931
     /tmp/ccvncDcb.s:114203  .debug_str:000000000004c350 .LASF4932
     /tmp/ccvncDcb.s:96215  .debug_str:0000000000003eb4 .LASF4933
     /tmp/ccvncDcb.s:106277  .debug_str:000000000002c2e7 .LASF4934
     /tmp/ccvncDcb.s:115007  .debug_str:000000000004f867 .LASF4935
     /tmp/ccvncDcb.s:101867  .debug_str:000000000001a4ef .LASF4936
     /tmp/ccvncDcb.s:115045  .debug_str:000000000004fb70 .LASF4937
     /tmp/ccvncDcb.s:101897  .debug_str:000000000001a6a8 .LASF4938
     /tmp/ccvncDcb.s:109077  .debug_str:00000000000373bb .LASF4939
     /tmp/ccvncDcb.s:109567  .debug_str:0000000000039647 .LASF4940
     /tmp/ccvncDcb.s:102783  .debug_str:000000000001e002 .LASF4941
     /tmp/ccvncDcb.s:115203  .debug_str:0000000000050655 .LASF4942
     /tmp/ccvncDcb.s:110451  .debug_str:000000000003cb60 .LASF4943
     /tmp/ccvncDcb.s:102033  .debug_str:000000000001b095 .LASF4944
     /tmp/ccvncDcb.s:115269  .debug_str:0000000000050a65 .LASF4945
     /tmp/ccvncDcb.s:115835  .debug_str:000000000005329f .LASF4946
     /tmp/ccvncDcb.s:104727  .debug_str:00000000000263d6 .LASF4947
     /tmp/ccvncDcb.s:114711  .debug_str:000000000004e54d .LASF4948
     /tmp/ccvncDcb.s:103649  .debug_str:0000000000021bf9 .LASF4949
     /tmp/ccvncDcb.s:106133  .debug_str:000000000002ba92 .LASF4950
     /tmp/ccvncDcb.s:114365  .debug_str:000000000004ce50 .LASF4951
     /tmp/ccvncDcb.s:96223  .debug_str:0000000000003f30 .LASF4952
     /tmp/ccvncDcb.s:111257  .debug_str:000000000004002f .LASF4953
     /tmp/ccvncDcb.s:104103  .debug_str:0000000000023bc0 .LASF4954
     /tmp/ccvncDcb.s:103247  .debug_str:000000000001ffda .LASF4955
     /tmp/ccvncDcb.s:102969  .debug_str:000000000001ebfb .LASF4956
     /tmp/ccvncDcb.s:110949  .debug_str:000000000003eb42 .LASF4957
     /tmp/ccvncDcb.s:98319  .debug_str:000000000000cca4 .LASF4958
     /tmp/ccvncDcb.s:108511  .debug_str:0000000000034df5 .LASF4959
     /tmp/ccvncDcb.s:114829  .debug_str:000000000004ece2 .LASF4960
     /tmp/ccvncDcb.s:108167  .debug_str:00000000000338d6 .LASF4961
     /tmp/ccvncDcb.s:96193  .debug_str:0000000000003d4a .LASF4962
     /tmp/ccvncDcb.s:115869  .debug_str:0000000000053511 .LASF4963
     /tmp/ccvncDcb.s:97847  .debug_str:000000000000aad7 .LASF4964
     /tmp/ccvncDcb.s:102359  .debug_str:000000000001c59e .LASF4965
     /tmp/ccvncDcb.s:95643  .debug_str:000000000000176d .LASF4966
     /tmp/ccvncDcb.s:116035  .debug_str:0000000000053ff6 .LASF4967
     /tmp/ccvncDcb.s:105437  .debug_str:0000000000028c58 .LASF4968
     /tmp/ccvncDcb.s:102057  .debug_str:000000000001b246 .LASF4969
     /tmp/ccvncDcb.s:100849  .debug_str:000000000001631d .LASF4970
     /tmp/ccvncDcb.s:115165  .debug_str:00000000000503e2 .LASF4971
     /tmp/ccvncDcb.s:108517  .debug_str:0000000000034e94 .LASF4972
     /tmp/ccvncDcb.s:105329  .debug_str:0000000000028581 .LASF4973
     /tmp/ccvncDcb.s:116021  .debug_str:0000000000053f46 .LASF4974
     /tmp/ccvncDcb.s:112033  .debug_str:0000000000043347 .LASF4975
     /tmp/ccvncDcb.s:100327  .debug_str:00000000000144dd .LASF4976
     /tmp/ccvncDcb.s:110799  .debug_str:000000000003e059 .LASF4977
     /tmp/ccvncDcb.s:116197  .debug_str:0000000000054a37 .LASF4978
     /tmp/ccvncDcb.s:105117  .debug_str:0000000000027a62 .LASF4979
     /tmp/ccvncDcb.s:111567  .debug_str:000000000004149a .LASF4980
     /tmp/ccvncDcb.s:115541  .debug_str:0000000000051d90 .LASF4981
     /tmp/ccvncDcb.s:101401  .debug_str:00000000000186a9 .LASF4982
     /tmp/ccvncDcb.s:109135  .debug_str:0000000000037708 .LASF4983
     /tmp/ccvncDcb.s:101931  .debug_str:000000000001a8a8 .LASF4984
     /tmp/ccvncDcb.s:112305  .debug_str:00000000000443fb .LASF4985
     /tmp/ccvncDcb.s:113769  .debug_str:000000000004a863 .LASF4986
     /tmp/ccvncDcb.s:115967  .debug_str:0000000000053b3a .LASF4987
     /tmp/ccvncDcb.s:102291  .debug_str:000000000001c1ea .LASF4988
     /tmp/ccvncDcb.s:101015  .debug_str:0000000000016e9f .LASF4989
     /tmp/ccvncDcb.s:95725  .debug_str:0000000000001e9d .LASF4990
     /tmp/ccvncDcb.s:97769  .debug_str:000000000000a63d .LASF4991
     /tmp/ccvncDcb.s:103317  .debug_str:000000000002054a .LASF4992
     /tmp/ccvncDcb.s:110869  .debug_str:000000000003e5cb .LASF4993
     /tmp/ccvncDcb.s:111153  .debug_str:000000000003f8d9 .LASF4994
     /tmp/ccvncDcb.s:115605  .debug_str:000000000005210c .LASF4995
     /tmp/ccvncDcb.s:110711  .debug_str:000000000003dabc .LASF4996
     /tmp/ccvncDcb.s:116203  .debug_str:0000000000054abb .LASF4997
     /tmp/ccvncDcb.s:114701  .debug_str:000000000004e4d1 .LASF4998
     /tmp/ccvncDcb.s:98397  .debug_str:000000000000d13c .LASF4999
     /tmp/ccvncDcb.s:110881  .debug_str:000000000003e69a .LASF5000
     /tmp/ccvncDcb.s:103937  .debug_str:0000000000022fd9 .LASF5001
     /tmp/ccvncDcb.s:107785  .debug_str:0000000000032168 .LASF5002
     /tmp/ccvncDcb.s:115591  .debug_str:000000000005200c .LASF5003
     /tmp/ccvncDcb.s:106559  .debug_str:000000000002d4dd .LASF5004
     /tmp/ccvncDcb.s:113689  .debug_str:000000000004a2ec .LASF5005
     /tmp/ccvncDcb.s:100465  .debug_str:0000000000014d17 .LASF5006
     /tmp/ccvncDcb.s:113429  .debug_str:00000000000492b9 .LASF5007
     /tmp/ccvncDcb.s:112037  .debug_str:00000000000433b7 .LASF5008
     /tmp/ccvncDcb.s:107359  .debug_str:000000000003064d .LASF5009
     /tmp/ccvncDcb.s:111687  .debug_str:0000000000041d52 .LASF5010
     /tmp/ccvncDcb.s:114169  .debug_str:000000000004c0f8 .LASF5011
     /tmp/ccvncDcb.s:109465  .debug_str:0000000000038fbf .LASF5012
     /tmp/ccvncDcb.s:96549  .debug_str:000000000000551d .LASF5013
     /tmp/ccvncDcb.s:109253  .debug_str:0000000000037fd6 .LASF5014
     /tmp/ccvncDcb.s:105937  .debug_str:000000000002acd1 .LASF5015
     /tmp/ccvncDcb.s:95711  .debug_str:0000000000001d5d .LASF5016
     /tmp/ccvncDcb.s:97209  .debug_str:00000000000080fa .LASF5017
     /tmp/ccvncDcb.s:95405  .debug_str:0000000000000808 .LASF5018
     /tmp/ccvncDcb.s:111825  .debug_str:000000000004263e .LASF5019
     /tmp/ccvncDcb.s:107599  .debug_str:0000000000031431 .LASF5020
     /tmp/ccvncDcb.s:111739  .debug_str:00000000000420d0 .LASF5021
     /tmp/ccvncDcb.s:110889  .debug_str:000000000003e729 .LASF5022
     /tmp/ccvncDcb.s:105797  .debug_str:000000000002a37e .LASF5023
     /tmp/ccvncDcb.s:104225  .debug_str:0000000000024331 .LASF5024
     /tmp/ccvncDcb.s:114691  .debug_str:000000000004e3ed .LASF5025
     /tmp/ccvncDcb.s:116145  .debug_str:0000000000054699 .LASF5026
     /tmp/ccvncDcb.s:116297  .debug_str:00000000000550f4 .LASF5027
     /tmp/ccvncDcb.s:109179  .debug_str:0000000000037add .LASF5028
     /tmp/ccvncDcb.s:101639  .debug_str:0000000000019774 .LASF5029
     /tmp/ccvncDcb.s:107641  .debug_str:00000000000316e9 .LASF5030
     /tmp/ccvncDcb.s:98161  .debug_str:000000000000c0d8 .LASF5031
     /tmp/ccvncDcb.s:111415  .debug_str:0000000000040a67 .LASF5032
     /tmp/ccvncDcb.s:110159  .debug_str:000000000003bad6 .LASF5033
     /tmp/ccvncDcb.s:103931  .debug_str:0000000000022f64 .LASF5034
     /tmp/ccvncDcb.s:108183  .debug_str:00000000000339dd .LASF5035
     /tmp/ccvncDcb.s:96913  .debug_str:0000000000006c07 .LASF5036
     /tmp/ccvncDcb.s:97137  .debug_str:0000000000007c05 .LASF5037
     /tmp/ccvncDcb.s:109563  .debug_str:000000000003960a .LASF5038
     /tmp/ccvncDcb.s:113025  .debug_str:0000000000047896 .LASF5039
     /tmp/ccvncDcb.s:99223  .debug_str:00000000000100fc .LASF5040
     /tmp/ccvncDcb.s:96637  .debug_str:0000000000005a57 .LASF5041
     /tmp/ccvncDcb.s:103361  .debug_str:00000000000207cd .LASF5042
     /tmp/ccvncDcb.s:108787  .debug_str:00000000000360d0 .LASF5043
     /tmp/ccvncDcb.s:115391  .debug_str:00000000000512db .LASF5044
     /tmp/ccvncDcb.s:109899  .debug_str:000000000003ab86 .LASF5045
     /tmp/ccvncDcb.s:109129  .debug_str:00000000000376ab .LASF5046
     /tmp/ccvncDcb.s:107463  .debug_str:0000000000030c46 .LASF5047
     /tmp/ccvncDcb.s:97017  .debug_str:00000000000073d0 .LASF5048
     /tmp/ccvncDcb.s:114777  .debug_str:000000000004e996 .LASF5049
     /tmp/ccvncDcb.s:101457  .debug_str:0000000000018b43 .LASF5050
     /tmp/ccvncDcb.s:109025  .debug_str:000000000003700d .LASF5051
     /tmp/ccvncDcb.s:104545  .debug_str:000000000002584b .LASF5052
     /tmp/ccvncDcb.s:113357  .debug_str:0000000000048dcb .LASF5053
     /tmp/ccvncDcb.s:104507  .debug_str:00000000000254cd .LASF5054
     /tmp/ccvncDcb.s:103579  .debug_str:000000000002173a .LASF5055
     /tmp/ccvncDcb.s:95671  .debug_str:0000000000001a93 .LASF5056
     /tmp/ccvncDcb.s:111999  .debug_str:00000000000430fb .LASF5057
     /tmp/ccvncDcb.s:110699  .debug_str:000000000003d998 .LASF5058
     /tmp/ccvncDcb.s:99255  .debug_str:00000000000103a9 .LASF5059
     /tmp/ccvncDcb.s:106709  .debug_str:000000000002dea8 .LASF5060
     /tmp/ccvncDcb.s:116249  .debug_str:0000000000054dcd .LASF5061
     /tmp/ccvncDcb.s:108947  .debug_str:0000000000036b64 .LASF5062
     /tmp/ccvncDcb.s:98173  .debug_str:000000000000c1cd .LASF5063
     /tmp/ccvncDcb.s:97117  .debug_str:0000000000007b15 .LASF5064
     /tmp/ccvncDcb.s:114887  .debug_str:000000000004f021 .LASF5065
     /tmp/ccvncDcb.s:109689  .debug_str:0000000000039e4b .LASF5066
     /tmp/ccvncDcb.s:96663  .debug_str:0000000000005c86 .LASF5067
     /tmp/ccvncDcb.s:110277  .debug_str:000000000003c25b .LASF5068
     /tmp/ccvncDcb.s:109523  .debug_str:0000000000039361 .LASF5069
     /tmp/ccvncDcb.s:103843  .debug_str:0000000000022a36 .LASF5070
     /tmp/ccvncDcb.s:108397  .debug_str:00000000000346c4 .LASF5071
     /tmp/ccvncDcb.s:111879  .debug_str:00000000000429de .LASF5072
     /tmp/ccvncDcb.s:103645  .debug_str:0000000000021bad .LASF5073
     /tmp/ccvncDcb.s:105571  .debug_str:00000000000294d1 .LASF5074
     /tmp/ccvncDcb.s:95549  .debug_str:000000000000113d .LASF5075
     /tmp/ccvncDcb.s:113611  .debug_str:0000000000049df3 .LASF5076
     /tmp/ccvncDcb.s:99591  .debug_str:000000000001174a .LASF5077
     /tmp/ccvncDcb.s:115447  .debug_str:00000000000516c6 .LASF5078
     /tmp/ccvncDcb.s:112779  .debug_str:000000000004682e .LASF5079
     /tmp/ccvncDcb.s:110489  .debug_str:000000000003cdb0 .LASF5080
     /tmp/ccvncDcb.s:116049  .debug_str:00000000000540dc .LASF5081
     /tmp/ccvncDcb.s:108131  .debug_str:00000000000336c7 .LASF5082
     /tmp/ccvncDcb.s:113797  .debug_str:000000000004a9d6 .LASF5083
     /tmp/ccvncDcb.s:111745  .debug_str:0000000000042144 .LASF5084
     /tmp/ccvncDcb.s:101575  .debug_str:0000000000019340 .LASF5085
     /tmp/ccvncDcb.s:109173  .debug_str:0000000000037a48 .LASF5086
     /tmp/ccvncDcb.s:106713  .debug_str:000000000002deef .LASF5087
     /tmp/ccvncDcb.s:107777  .debug_str:00000000000320b3 .LASF5088
     /tmp/ccvncDcb.s:111129  .debug_str:000000000003f71d .LASF5089
     /tmp/ccvncDcb.s:97725  .debug_str:000000000000a285 .LASF5090
     /tmp/ccvncDcb.s:109627  .debug_str:0000000000039a04 .LASF5091
     /tmp/ccvncDcb.s:114741  .debug_str:000000000004e7b2 .LASF5092
     /tmp/ccvncDcb.s:101141  .debug_str:00000000000175e6 .LASF5093
     /tmp/ccvncDcb.s:98131  .debug_str:000000000000bec2 .LASF5094
     /tmp/ccvncDcb.s:103245  .debug_str:000000000001ffab .LASF5095
     /tmp/ccvncDcb.s:99157  .debug_str:000000000000fd8a .LASF5096
     /tmp/ccvncDcb.s:95599  .debug_str:00000000000014af .LASF5097
     /tmp/ccvncDcb.s:103635  .debug_str:0000000000021aeb .LASF5098
     /tmp/ccvncDcb.s:114731  .debug_str:000000000004e700 .LASF5099
     /tmp/ccvncDcb.s:114369  .debug_str:000000000004cec6 .LASF5100
     /tmp/ccvncDcb.s:104511  .debug_str:0000000000025521 .LASF5101
     /tmp/ccvncDcb.s:103401  .debug_str:0000000000020a2c .LASF5102
     /tmp/ccvncDcb.s:115691  .debug_str:00000000000527be .LASF5103
     /tmp/ccvncDcb.s:105919  .debug_str:000000000002ab57 .LASF5104
     /tmp/ccvncDcb.s:105201  .debug_str:0000000000027ef8 .LASF5105
     /tmp/ccvncDcb.s:108791  .debug_str:0000000000036146 .LASF5106
     /tmp/ccvncDcb.s:111599  .debug_str:00000000000416b2 .LASF5107
     /tmp/ccvncDcb.s:107483  .debug_str:0000000000030d6a .LASF5108
     /tmp/ccvncDcb.s:103069  .debug_str:000000000001f372 .LASF5109
     /tmp/ccvncDcb.s:95511  .debug_str:0000000000000e95 .LASF5110
     /tmp/ccvncDcb.s:111139  .debug_str:000000000003f7bb .LASF5111
     /tmp/ccvncDcb.s:105411  .debug_str:0000000000028a71 .LASF5112
     /tmp/ccvncDcb.s:113201  .debug_str:00000000000483fc .LASF5113
     /tmp/ccvncDcb.s:104063  .debug_str:0000000000023854 .LASF5114
     /tmp/ccvncDcb.s:97425  .debug_str:0000000000008f5e .LASF5115
     /tmp/ccvncDcb.s:111343  .debug_str:000000000004055c .LASF5116
     /tmp/ccvncDcb.s:100381  .debug_str:00000000000147f7 .LASF5117
     /tmp/ccvncDcb.s:97849  .debug_str:000000000000ab0e .LASF5118
     /tmp/ccvncDcb.s:101203  .debug_str:00000000000179ab .LASF5119
     /tmp/ccvncDcb.s:100043  .debug_str:000000000001328b .LASF5120
     /tmp/ccvncDcb.s:105809  .debug_str:000000000002a467 .LASF5121
     /tmp/ccvncDcb.s:95931  .debug_str:0000000000002c69 .LASF5122
     /tmp/ccvncDcb.s:102551  .debug_str:000000000001d0eb .LASF5123
     /tmp/ccvncDcb.s:115521  .debug_str:0000000000051c0f .LASF5124
     /tmp/ccvncDcb.s:99439  .debug_str:0000000000010f3a .LASF5125
     /tmp/ccvncDcb.s:104323  .debug_str:00000000000248f3 .LASF5126
     /tmp/ccvncDcb.s:107635  .debug_str:000000000003168c .LASF5127
     /tmp/ccvncDcb.s:106981  .debug_str:000000000002ef02 .LASF5128
     /tmp/ccvncDcb.s:104327  .debug_str:000000000002492d .LASF5129
     /tmp/ccvncDcb.s:114005  .debug_str:000000000004b6a5 .LASF5130
     /tmp/ccvncDcb.s:97061  .debug_str:0000000000007712 .LASF5131
     /tmp/ccvncDcb.s:104697  .debug_str:00000000000261a1 .LASF5132
     /tmp/ccvncDcb.s:100715  .debug_str:0000000000015bb7 .LASF5133
     /tmp/ccvncDcb.s:104083  .debug_str:0000000000023a10 .LASF5134
     /tmp/ccvncDcb.s:100507  .debug_str:0000000000014fc5 .LASF5135
     /tmp/ccvncDcb.s:103399  .debug_str:0000000000020a09 .LASF5136
     /tmp/ccvncDcb.s:109661  .debug_str:0000000000039c96 .LASF5137
     /tmp/ccvncDcb.s:103509  .debug_str:0000000000021268 .LASF5138
     /tmp/ccvncDcb.s:105995  .debug_str:000000000002b0e0 .LASF5139
     /tmp/ccvncDcb.s:101367  .debug_str:000000000001846d .LASF5140
     /tmp/ccvncDcb.s:111485  .debug_str:0000000000040efb .LASF5141
     /tmp/ccvncDcb.s:104489  .debug_str:00000000000253d4 .LASF5142
     /tmp/ccvncDcb.s:96341  .debug_str:000000000000482b .LASF5143
     /tmp/ccvncDcb.s:113703  .debug_str:000000000004a3a5 .LASF5144
     /tmp/ccvncDcb.s:104683  .debug_str:000000000002609b .LASF5145
     /tmp/ccvncDcb.s:98719  .debug_str:000000000000e6e1 .LASF5146
     /tmp/ccvncDcb.s:112613  .debug_str:0000000000045acb .LASF5147
     /tmp/ccvncDcb.s:111831  .debug_str:00000000000426a7 .LASF5148
     /tmp/ccvncDcb.s:103263  .debug_str:00000000000201df .LASF5149
     /tmp/ccvncDcb.s:95391  .debug_str:0000000000000736 .LASF5150
     /tmp/ccvncDcb.s:100741  .debug_str:0000000000015d3b .LASF5151
     /tmp/ccvncDcb.s:107275  .debug_str:00000000000300b8 .LASF5152
     /tmp/ccvncDcb.s:101729  .debug_str:0000000000019d78 .LASF5153
     /tmp/ccvncDcb.s:114135  .debug_str:000000000004bf00 .LASF5154
     /tmp/ccvncDcb.s:113451  .debug_str:00000000000493e2 .LASF5155
     /tmp/ccvncDcb.s:110753  .debug_str:000000000003dd5f .LASF5156
     /tmp/ccvncDcb.s:103459  .debug_str:0000000000020eb2 .LASF5157
     /tmp/ccvncDcb.s:110673  .debug_str:000000000003d815 .LASF5158
     /tmp/ccvncDcb.s:111547  .debug_str:0000000000041334 .LASF5159
     /tmp/ccvncDcb.s:98015  .debug_str:000000000000b64b .LASF5160
     /tmp/ccvncDcb.s:112561  .debug_str:0000000000045743 .LASF5161
     /tmp/ccvncDcb.s:111405  .debug_str:00000000000409d0 .LASF5162
     /tmp/ccvncDcb.s:96579  .debug_str:000000000000568a .LASF5163
     /tmp/ccvncDcb.s:115683  .debug_str:0000000000052704 .LASF5164
     /tmp/ccvncDcb.s:112409  .debug_str:0000000000044aad .LASF5165
     /tmp/ccvncDcb.s:101957  .debug_str:000000000001aad2 .LASF5166
     /tmp/ccvncDcb.s:112343  .debug_str:00000000000445e3 .LASF5167
     /tmp/ccvncDcb.s:95583  .debug_str:000000000000139b .LASF5168
     /tmp/ccvncDcb.s:107861  .debug_str:00000000000325b9 .LASF5169
     /tmp/ccvncDcb.s:99713  .debug_str:0000000000011d91 .LASF5170
     /tmp/ccvncDcb.s:103357  .debug_str:0000000000020780 .LASF5171
     /tmp/ccvncDcb.s:109381  .debug_str:00000000000389c1 .LASF5172
     /tmp/ccvncDcb.s:111143  .debug_str:000000000003f826 .LASF5173
     /tmp/ccvncDcb.s:97683  .debug_str:0000000000009fc6 .LASF5174
     /tmp/ccvncDcb.s:99529  .debug_str:00000000000113d1 .LASF5175
     /tmp/ccvncDcb.s:105579  .debug_str:0000000000029525 .LASF5176
     /tmp/ccvncDcb.s:115743  .debug_str:0000000000052c50 .LASF5177
     /tmp/ccvncDcb.s:104609  .debug_str:0000000000025c02 .LASF5178
     /tmp/ccvncDcb.s:105391  .debug_str:000000000002891a .LASF5179
     /tmp/ccvncDcb.s:97221  .debug_str:00000000000081f0 .LASF5180
     /tmp/ccvncDcb.s:116015  .debug_str:0000000000053edd .LASF5181
     /tmp/ccvncDcb.s:115941  .debug_str:0000000000053a1a .LASF5182
     /tmp/ccvncDcb.s:110205  .debug_str:000000000003be7c .LASF5183
     /tmp/ccvncDcb.s:103237  .debug_str:000000000001ff1a .LASF5184
     /tmp/ccvncDcb.s:112683  .debug_str:00000000000461b3 .LASF5185
     /tmp/ccvncDcb.s:104263  .debug_str:00000000000244e7 .LASF5186
     /tmp/ccvncDcb.s:101439  .debug_str:00000000000189b0 .LASF5187
     /tmp/ccvncDcb.s:96133  .debug_str:00000000000038d7 .LASF5188
     /tmp/ccvncDcb.s:111619  .debug_str:000000000004180b .LASF5189
     /tmp/ccvncDcb.s:100369  .debug_str:000000000001474d .LASF5190
     /tmp/ccvncDcb.s:105701  .debug_str:0000000000029d21 .LASF5191
     /tmp/ccvncDcb.s:110893  .debug_str:000000000003e77f .LASF5192
     /tmp/ccvncDcb.s:102711  .debug_str:000000000001db65 .LASF5193
     /tmp/ccvncDcb.s:101715  .debug_str:0000000000019cb7 .LASF5194
     /tmp/ccvncDcb.s:99367  .debug_str:0000000000010ada .LASF5195
     /tmp/ccvncDcb.s:107047  .debug_str:000000000002f2cf .LASF5196
     /tmp/ccvncDcb.s:101605  .debug_str:0000000000019536 .LASF5197
     /tmp/ccvncDcb.s:100239  .debug_str:0000000000013e35 .LASF5198
     /tmp/ccvncDcb.s:114865  .debug_str:000000000004ee86 .LASF5199
     /tmp/ccvncDcb.s:114797  .debug_str:000000000004eae8 .LASF5200
     /tmp/ccvncDcb.s:101899  .debug_str:000000000001a6e0 .LASF5201
     /tmp/ccvncDcb.s:111503  .debug_str:0000000000041026 .LASF5202
     /tmp/ccvncDcb.s:105547  .debug_str:0000000000029377 .LASF5203
     /tmp/ccvncDcb.s:115071  .debug_str:000000000004fd63 .LASF5204
     /tmp/ccvncDcb.s:97197  .debug_str:000000000000806a .LASF5205
     /tmp/ccvncDcb.s:100953  .debug_str:00000000000169e0 .LASF5206
     /tmp/ccvncDcb.s:110793  .debug_str:000000000003dfbc .LASF5207
     /tmp/ccvncDcb.s:101967  .debug_str:000000000001aba1 .LASF5208
     /tmp/ccvncDcb.s:106043  .debug_str:000000000002b45b .LASF5209
     /tmp/ccvncDcb.s:105135  .debug_str:0000000000027b4d .LASF5210
     /tmp/ccvncDcb.s:107223  .debug_str:000000000002fd5f .LASF5211
     /tmp/ccvncDcb.s:112745  .debug_str:00000000000465c3 .LASF5212
     /tmp/ccvncDcb.s:97503  .debug_str:0000000000009469 .LASF5213
     /tmp/ccvncDcb.s:104405  .debug_str:0000000000024e5a .LASF5214
     /tmp/ccvncDcb.s:106195  .debug_str:000000000002bdb5 .LASF5215
     /tmp/ccvncDcb.s:114735  .debug_str:000000000004e74a .LASF5216
     /tmp/ccvncDcb.s:107681  .debug_str:00000000000319bf .LASF5217
     /tmp/ccvncDcb.s:97441  .debug_str:0000000000009084 .LASF5218
     /tmp/ccvncDcb.s:114263  .debug_str:000000000004c807 .LASF5219
     /tmp/ccvncDcb.s:99581  .debug_str:0000000000011696 .LASF5220
     /tmp/ccvncDcb.s:113283  .debug_str:00000000000488d9 .LASF5221
     /tmp/ccvncDcb.s:100051  .debug_str:000000000001330c .LASF5222
     /tmp/ccvncDcb.s:109315  .debug_str:0000000000038486 .LASF5223
     /tmp/ccvncDcb.s:102463  .debug_str:000000000001cbe2 .LASF5224
     /tmp/ccvncDcb.s:104779  .debug_str:000000000002676f .LASF5225
     /tmp/ccvncDcb.s:112435  .debug_str:0000000000044c8a .LASF5226
     /tmp/ccvncDcb.s:95495  .debug_str:0000000000000d99 .LASF5227
     /tmp/ccvncDcb.s:102141  .debug_str:000000000001b7b7 .LASF5228
     /tmp/ccvncDcb.s:104317  .debug_str:0000000000024861 .LASF5229
     /tmp/ccvncDcb.s:101221  .debug_str:0000000000017b14 .LASF5230
     /tmp/ccvncDcb.s:109893  .debug_str:000000000003ab14 .LASF5231
     /tmp/ccvncDcb.s:115053  .debug_str:000000000004fc3d .LASF5232
     /tmp/ccvncDcb.s:109755  .debug_str:000000000003a235 .LASF5233
     /tmp/ccvncDcb.s:102887  .debug_str:000000000001e6d9 .LASF5234
     /tmp/ccvncDcb.s:103177  .debug_str:000000000001fb47 .LASF5235
     /tmp/ccvncDcb.s:105525  .debug_str:0000000000029244 .LASF5236
     /tmp/ccvncDcb.s:111837  .debug_str:000000000004270e .LASF5237
     /tmp/ccvncDcb.s:111115  .debug_str:000000000003f633 .LASF5238
     /tmp/ccvncDcb.s:110697  .debug_str:000000000003d964 .LASF5239
     /tmp/ccvncDcb.s:108967  .debug_str:0000000000036c81 .LASF5240
     /tmp/ccvncDcb.s:110071  .debug_str:000000000003b639 .LASF5241
     /tmp/ccvncDcb.s:114173  .debug_str:000000000004c12e .LASF5242
     /tmp/ccvncDcb.s:103293  .debug_str:0000000000020375 .LASF5243
     /tmp/ccvncDcb.s:111653  .debug_str:0000000000041aa8 .LASF5244
     /tmp/ccvncDcb.s:106187  .debug_str:000000000002bcfa .LASF5245
     /tmp/ccvncDcb.s:98711  .debug_str:000000000000e64e .LASF5246
     /tmp/ccvncDcb.s:99595  .debug_str:0000000000011783 .LASF5247
     /tmp/ccvncDcb.s:105213  .debug_str:0000000000027f92 .LASF5248
     /tmp/ccvncDcb.s:95967  .debug_str:0000000000002eab .LASF5249
     /tmp/ccvncDcb.s:100071  .debug_str:00000000000134b1 .LASF5250
     /tmp/ccvncDcb.s:104519  .debug_str:000000000002559d .LASF5251
     /tmp/ccvncDcb.s:106703  .debug_str:000000000002de24 .LASF5252
     /tmp/ccvncDcb.s:96155  .debug_str:0000000000003a76 .LASF5253
     /tmp/ccvncDcb.s:95895  .debug_str:00000000000029bb .LASF5254
     /tmp/ccvncDcb.s:112233  .debug_str:0000000000043f73 .LASF5255
     /tmp/ccvncDcb.s:108839  .debug_str:0000000000036502 .LASF5256
     /tmp/ccvncDcb.s:101223  .debug_str:0000000000017b48 .LASF5257
     /tmp/ccvncDcb.s:112839  .debug_str:0000000000046cfc .LASF5258
     /tmp/ccvncDcb.s:115301  .debug_str:0000000000050cc3 .LASF5259
     /tmp/ccvncDcb.s:116279  .debug_str:0000000000054fc2 .LASF5260
     /tmp/ccvncDcb.s:113125  .debug_str:0000000000047f44 .LASF5261
     /tmp/ccvncDcb.s:97767  .debug_str:000000000000a60f .LASF5262
     /tmp/ccvncDcb.s:109051  .debug_str:00000000000371bd .LASF5263
     /tmp/ccvncDcb.s:110885  .debug_str:000000000003e6e0 .LASF5264
     /tmp/ccvncDcb.s:114873  .debug_str:000000000004ef1c .LASF5265
     /tmp/ccvncDcb.s:98831  .debug_str:000000000000ec98 .LASF5266
     /tmp/ccvncDcb.s:96287  .debug_str:00000000000043fd .LASF5267
     /tmp/ccvncDcb.s:110701  .debug_str:000000000003d9d4 .LASF5268
     /tmp/ccvncDcb.s:112047  .debug_str:0000000000043454 .LASF5269
     /tmp/ccvncDcb.s:108495  .debug_str:0000000000034d02 .LASF5270
     /tmp/ccvncDcb.s:107835  .debug_str:000000000003243b .LASF5271
     /tmp/ccvncDcb.s:98853  .debug_str:000000000000ee2b .LASF5272
     /tmp/ccvncDcb.s:103227  .debug_str:000000000001fe8c .LASF5273
     /tmp/ccvncDcb.s:112057  .debug_str:00000000000434db .LASF5274
     /tmp/ccvncDcb.s:99043  .debug_str:000000000000f8a8 .LASF5275
     /tmp/ccvncDcb.s:97025  .debug_str:00000000000074a5 .LASF5276
     /tmp/ccvncDcb.s:96153  .debug_str:0000000000003a53 .LASF5277
     /tmp/ccvncDcb.s:98317  .debug_str:000000000000cc81 .LASF5278
     /tmp/ccvncDcb.s:112939  .debug_str:0000000000047256 .LASF5279
     /tmp/ccvncDcb.s:113647  .debug_str:000000000004a081 .LASF5280
     /tmp/ccvncDcb.s:99009  .debug_str:000000000000f6bb .LASF5281
     /tmp/ccvncDcb.s:114469  .debug_str:000000000004d4ab .LASF5282
     /tmp/ccvncDcb.s:112945  .debug_str:00000000000472f8 .LASF5283
     /tmp/ccvncDcb.s:96535  .debug_str:0000000000005477 .LASF5284
     /tmp/ccvncDcb.s:99701  .debug_str:0000000000011c78 .LASF5285
     /tmp/ccvncDcb.s:98113  .debug_str:000000000000bd7a .LASF5286
     /tmp/ccvncDcb.s:109707  .debug_str:0000000000039f8f .LASF5287
     /tmp/ccvncDcb.s:115279  .debug_str:0000000000050b44 .LASF5288
     /tmp/ccvncDcb.s:115631  .debug_str:00000000000522c1 .LASF5289
     /tmp/ccvncDcb.s:96483  .debug_str:000000000000513d .LASF5290
     /tmp/ccvncDcb.s:115711  .debug_str:000000000005297d .LASF5291
     /tmp/ccvncDcb.s:103405  .debug_str:0000000000020a9b .LASF5292
     /tmp/ccvncDcb.s:99003  .debug_str:000000000000f660 .LASF5293
     /tmp/ccvncDcb.s:108757  .debug_str:0000000000035ee9 .LASF5294
     /tmp/ccvncDcb.s:106719  .debug_str:000000000002df55 .LASF5295
     /tmp/ccvncDcb.s:102395  .debug_str:000000000001c820 .LASF5296
     /tmp/ccvncDcb.s:98169  .debug_str:000000000000c17f .LASF5297
     /tmp/ccvncDcb.s:96329  .debug_str:0000000000004723 .LASF5298
     /tmp/ccvncDcb.s:100139  .debug_str:0000000000013847 .LASF5299
     /tmp/ccvncDcb.s:102873  .debug_str:000000000001e60b .LASF5300
     /tmp/ccvncDcb.s:106649  .debug_str:000000000002da2f .LASF5301
     /tmp/ccvncDcb.s:97249  .debug_str:00000000000083fb .LASF5302
     /tmp/ccvncDcb.s:105947  .debug_str:000000000002ad7f .LASF5303
     /tmp/ccvncDcb.s:110867  .debug_str:000000000003e59d .LASF5304
     /tmp/ccvncDcb.s:104189  .debug_str:0000000000023ff5 .LASF5305
     /tmp/ccvncDcb.s:104535  .debug_str:00000000000257a2 .LASF5306
     /tmp/ccvncDcb.s:98365  .debug_str:000000000000cf54 .LASF5307
     /tmp/ccvncDcb.s:103073  .debug_str:000000000001f3b9 .LASF5308
     /tmp/ccvncDcb.s:114491  .debug_str:000000000004d65e .LASF5309
     /tmp/ccvncDcb.s:116283  .debug_str:0000000000055035 .LASF5310
     /tmp/ccvncDcb.s:95661  .debug_str:0000000000001947 .LASF5311
     /tmp/ccvncDcb.s:115501  .debug_str:0000000000051a99 .LASF5312
     /tmp/ccvncDcb.s:102385  .debug_str:000000000001c755 .LASF5313
     /tmp/ccvncDcb.s:114297  .debug_str:000000000004c9e9 .LASF5314
     /tmp/ccvncDcb.s:107081  .debug_str:000000000002f548 .LASF5315
     /tmp/ccvncDcb.s:98811  .debug_str:000000000000eb59 .LASF5316
     /tmp/ccvncDcb.s:101537  .debug_str:00000000000190d0 .LASF5317
     /tmp/ccvncDcb.s:104077  .debug_str:0000000000023988 .LASF5318
     /tmp/ccvncDcb.s:111055  .debug_str:000000000003f2c2 .LASF5319
     /tmp/ccvncDcb.s:101545  .debug_str:0000000000019157 .LASF5320
     /tmp/ccvncDcb.s:103147  .debug_str:000000000001f901 .LASF5321
     /tmp/ccvncDcb.s:109733  .debug_str:000000000003a141 .LASF5322
     /tmp/ccvncDcb.s:101125  .debug_str:0000000000017544 .LASF5323
     /tmp/ccvncDcb.s:107247  .debug_str:000000000002fed5 .LASF5324
     /tmp/ccvncDcb.s:107651  .debug_str:00000000000317f4 .LASF5325
     /tmp/ccvncDcb.s:108159  .debug_str:000000000003386e .LASF5326
     /tmp/ccvncDcb.s:106665  .debug_str:000000000002db60 .LASF5327
     /tmp/ccvncDcb.s:111957  .debug_str:0000000000042e14 .LASF5328
     /tmp/ccvncDcb.s:96587  .debug_str:0000000000005702 .LASF5329
     /tmp/ccvncDcb.s:99771  .debug_str:00000000000120ca .LASF5330
     /tmp/ccvncDcb.s:98829  .debug_str:000000000000ec70 .LASF5331
     /tmp/ccvncDcb.s:97667  .debug_str:0000000000009ec1 .LASF5332
     /tmp/ccvncDcb.s:97483  .debug_str:0000000000009342 .LASF5333
     /tmp/ccvncDcb.s:112819  .debug_str:0000000000046b43 .LASF5334
     /tmp/ccvncDcb.s:111163  .debug_str:000000000003f977 .LASF5335
     /tmp/ccvncDcb.s:99971  .debug_str:0000000000012d5f .LASF5336
     /tmp/ccvncDcb.s:97051  .debug_str:00000000000076ac .LASF5337
     /tmp/ccvncDcb.s:104219  .debug_str:00000000000242af .LASF5338
     /tmp/ccvncDcb.s:105349  .debug_str:00000000000286d8 .LASF5339
     /tmp/ccvncDcb.s:108705  .debug_str:0000000000035b93 .LASF5340
     /tmp/ccvncDcb.s:106061  .debug_str:000000000002b582 .LASF5341
     /tmp/ccvncDcb.s:100641  .debug_str:0000000000015786 .LASF5342
     /tmp/ccvncDcb.s:112545  .debug_str:000000000004561f .LASF5343
     /tmp/ccvncDcb.s:109055  .debug_str:0000000000037219 .LASF5344
     /tmp/ccvncDcb.s:107753  .debug_str:0000000000031f21 .LASF5345
     /tmp/ccvncDcb.s:110107  .debug_str:000000000003b89c .LASF5346
     /tmp/ccvncDcb.s:97219  .debug_str:00000000000081c1 .LASF5347
     /tmp/ccvncDcb.s:105021  .debug_str:000000000002753e .LASF5348
     /tmp/ccvncDcb.s:103471  .debug_str:0000000000020f99 .LASF5349
     /tmp/ccvncDcb.s:105865  .debug_str:000000000002a7b3 .LASF5350
     /tmp/ccvncDcb.s:109721  .debug_str:000000000003a06e .LASF5351
     /tmp/ccvncDcb.s:105403  .debug_str:00000000000289e7 .LASF5352
     /tmp/ccvncDcb.s:98431  .debug_str:000000000000d3a3 .LASF5353
     /tmp/ccvncDcb.s:108803  .debug_str:00000000000361f7 .LASF5354
     /tmp/ccvncDcb.s:108573  .debug_str:00000000000352e4 .LASF5355
     /tmp/ccvncDcb.s:102659  .debug_str:000000000001d7fe .LASF5356
     /tmp/ccvncDcb.s:104533  .debug_str:0000000000025778 .LASF5357
     /tmp/ccvncDcb.s:115049  .debug_str:000000000004fbe9 .LASF5358
     /tmp/ccvncDcb.s:111827  .debug_str:000000000004266d .LASF5359
     /tmp/ccvncDcb.s:105811  .debug_str:000000000002a497 .LASF5360
     /tmp/ccvncDcb.s:115773  .debug_str:0000000000052ec2 .LASF5361
     /tmp/ccvncDcb.s:105333  .debug_str:00000000000285e1 .LASF5362
     /tmp/ccvncDcb.s:114121  .debug_str:000000000004be06 .LASF5363
     /tmp/ccvncDcb.s:103165  .debug_str:000000000001fa34 .LASF5364
     /tmp/ccvncDcb.s:105195  .debug_str:0000000000027e65 .LASF5365
     /tmp/ccvncDcb.s:96869  .debug_str:0000000000006932 .LASF5366
     /tmp/ccvncDcb.s:104445  .debug_str:00000000000250c9 .LASF5367
     /tmp/ccvncDcb.s:101709  .debug_str:0000000000019c3b .LASF5368
     /tmp/ccvncDcb.s:100037  .debug_str:0000000000013222 .LASF5369
     /tmp/ccvncDcb.s:110639  .debug_str:000000000003d668 .LASF5370
     /tmp/ccvncDcb.s:95667  .debug_str:0000000000001a5d .LASF5371
     /tmp/ccvncDcb.s:115043  .debug_str:000000000004fb40 .LASF5372
     /tmp/ccvncDcb.s:112821  .debug_str:0000000000046b69 .LASF5373
     /tmp/ccvncDcb.s:98003  .debug_str:000000000000b59f .LASF5374
     /tmp/ccvncDcb.s:106245  .debug_str:000000000002c0e3 .LASF5375
     /tmp/ccvncDcb.s:114855  .debug_str:000000000004ee1e .LASF5376
     /tmp/ccvncDcb.s:104275  .debug_str:00000000000245c0 .LASF5377
     /tmp/ccvncDcb.s:101225  .debug_str:0000000000017b70 .LASF5378
     /tmp/ccvncDcb.s:109963  .debug_str:000000000003af1a .LASF5379
     /tmp/ccvncDcb.s:110581  .debug_str:000000000003d330 .LASF5380
     /tmp/ccvncDcb.s:113559  .debug_str:0000000000049a0b .LASF5381
     /tmp/ccvncDcb.s:113073  .debug_str:0000000000047ba9 .LASF5382
     /tmp/ccvncDcb.s:111095  .debug_str:000000000003f4ec .LASF5383
     /tmp/ccvncDcb.s:113969  .debug_str:000000000004b421 .LASF5384
     /tmp/ccvncDcb.s:109225  .debug_str:0000000000037e07 .LASF5385
     /tmp/ccvncDcb.s:100489  .debug_str:0000000000014eb0 .LASF5386
     /tmp/ccvncDcb.s:101805  .debug_str:000000000001a114 .LASF5387
     /tmp/ccvncDcb.s:102249  .debug_str:000000000001be1f .LASF5388
     /tmp/ccvncDcb.s:98989  .debug_str:000000000000f555 .LASF5389
     /tmp/ccvncDcb.s:108555  .debug_str:000000000003512c .LASF5390
     /tmp/ccvncDcb.s:97819  .debug_str:000000000000a8e0 .LASF5391
     /tmp/ccvncDcb.s:107851  .debug_str:000000000003251e .LASF5392
     /tmp/ccvncDcb.s:111741  .debug_str:0000000000042106 .LASF5393
     /tmp/ccvncDcb.s:100555  .debug_str:0000000000015245 .LASF5394
     /tmp/ccvncDcb.s:110491  .debug_str:000000000003cdd7 .LASF5395
     /tmp/ccvncDcb.s:99825  .debug_str:000000000001249b .LASF5396
     /tmp/ccvncDcb.s:104805  .debug_str:000000000002694f .LASF5397
     /tmp/ccvncDcb.s:102505  .debug_str:000000000001ce63 .LASF5398
     /tmp/ccvncDcb.s:104437  .debug_str:0000000000025044 .LASF5399
     /tmp/ccvncDcb.s:97407  .debug_str:0000000000008ddb .LASF5400
     /tmp/ccvncDcb.s:98479  .debug_str:000000000000d6fa .LASF5401
     /tmp/ccvncDcb.s:98331  .debug_str:000000000000cd52 .LASF5402
     /tmp/ccvncDcb.s:97795  .debug_str:000000000000a7c1 .LASF5403
     /tmp/ccvncDcb.s:105101  .debug_str:000000000002794e .LASF5404
     /tmp/ccvncDcb.s:104071  .debug_str:0000000000023932 .LASF5405
     /tmp/ccvncDcb.s:100017  .debug_str:000000000001307d .LASF5406
     /tmp/ccvncDcb.s:110825  .debug_str:000000000003e2e0 .LASF5407
     /tmp/ccvncDcb.s:107401  .debug_str:00000000000308f3 .LASF5408
     /tmp/ccvncDcb.s:110947  .debug_str:000000000003eb0f .LASF5409
     /tmp/ccvncDcb.s:115765  .debug_str:0000000000052e1b .LASF5410
     /tmp/ccvncDcb.s:108203  .debug_str:0000000000033afc .LASF5411
     /tmp/ccvncDcb.s:95417  .debug_str:00000000000008be .LASF5412
     /tmp/ccvncDcb.s:105263  .debug_str:0000000000028172 .LASF5413
     /tmp/ccvncDcb.s:113409  .debug_str:000000000004913c .LASF5414
     /tmp/ccvncDcb.s:115067  .debug_str:000000000004fd2a .LASF5415
     /tmp/ccvncDcb.s:103661  .debug_str:0000000000021d19 .LASF5416
     /tmp/ccvncDcb.s:95859  .debug_str:0000000000002776 .LASF5417
     /tmp/ccvncDcb.s:101641  .debug_str:00000000000197ac .LASF5418
     /tmp/ccvncDcb.s:107079  .debug_str:000000000002f515 .LASF5419
     /tmp/ccvncDcb.s:98247  .debug_str:000000000000c753 .LASF5420
     /tmp/ccvncDcb.s:97037  .debug_str:00000000000075a0 .LASF5421
     /tmp/ccvncDcb.s:104095  .debug_str:0000000000023ad1 .LASF5422
     /tmp/ccvncDcb.s:97347  .debug_str:00000000000089c6 .LASF5423
     /tmp/ccvncDcb.s:100169  .debug_str:0000000000013a7a .LASF5424
     /tmp/ccvncDcb.s:110457  .debug_str:000000000003cbb7 .LASF5425
     /tmp/ccvncDcb.s:114299  .debug_str:000000000004ca18 .LASF5426
     /tmp/ccvncDcb.s:110105  .debug_str:000000000003b864 .LASF5427
     /tmp/ccvncDcb.s:109641  .debug_str:0000000000039ae7 .LASF5428
     /tmp/ccvncDcb.s:108277  .debug_str:0000000000033f18 .LASF5429
     /tmp/ccvncDcb.s:97745  .debug_str:000000000000a41e .LASF5430
     /tmp/ccvncDcb.s:100221  .debug_str:0000000000013cdd .LASF5431
     /tmp/ccvncDcb.s:106829  .debug_str:000000000002e5c8 .LASF5432
     /tmp/ccvncDcb.s:113229  .debug_str:000000000004857d .LASF5433
     /tmp/ccvncDcb.s:98817  .debug_str:000000000000ebc5 .LASF5434
     /tmp/ccvncDcb.s:105499  .debug_str:0000000000029025 .LASF5435
     /tmp/ccvncDcb.s:107277  .debug_str:00000000000300c4 .LASF5436
     /tmp/ccvncDcb.s:97399  .debug_str:0000000000008d57 .LASF5437
     /tmp/ccvncDcb.s:99185  .debug_str:000000000000ff78 .LASF5438
     /tmp/ccvncDcb.s:97359  .debug_str:0000000000008a83 .LASF5439
     /tmp/ccvncDcb.s:100293  .debug_str:00000000000141fa .LASF5440
     /tmp/ccvncDcb.s:102697  .debug_str:000000000001da37 .LASF5441
     /tmp/ccvncDcb.s:103683  .debug_str:0000000000021eb6 .LASF5442
     /tmp/ccvncDcb.s:96187  .debug_str:0000000000003cc0 .LASF5443
     /tmp/ccvncDcb.s:109123  .debug_str:00000000000375f0 .LASF5444
     /tmp/ccvncDcb.s:114359  .debug_str:000000000004cdf9 .LASF5445
     /tmp/ccvncDcb.s:115815  .debug_str:0000000000053129 .LASF5446
     /tmp/ccvncDcb.s:115335  .debug_str:0000000000050efc .LASF5447
     /tmp/ccvncDcb.s:96305  .debug_str:0000000000004550 .LASF5448
     /tmp/ccvncDcb.s:98101  .debug_str:000000000000bce0 .LASF5449
     /tmp/ccvncDcb.s:111467  .debug_str:0000000000040de6 .LASF5450
     /tmp/ccvncDcb.s:110121  .debug_str:000000000003b995 .LASF5451
     /tmp/ccvncDcb.s:106383  .debug_str:000000000002ca53 .LASF5452
     /tmp/ccvncDcb.s:104977  .debug_str:000000000002729a .LASF5453
     /tmp/ccvncDcb.s:96113  .debug_str:00000000000037de .LASF5454
     /tmp/ccvncDcb.s:100313  .debug_str:000000000001438c .LASF5455
     /tmp/ccvncDcb.s:107173  .debug_str:000000000002fa8d .LASF5456
     /tmp/ccvncDcb.s:100543  .debug_str:00000000000151a7 .LASF5457
     /tmp/ccvncDcb.s:101265  .debug_str:0000000000017e3c .LASF5458
     /tmp/ccvncDcb.s:101181  .debug_str:00000000000178a1 .LASF5459
     /tmp/ccvncDcb.s:114445  .debug_str:000000000004d34e .LASF5460
     /tmp/ccvncDcb.s:107073  .debug_str:000000000002f47e .LASF5461
     /tmp/ccvncDcb.s:105799  .debug_str:000000000002a3b4 .LASF5462
     /tmp/ccvncDcb.s:100453  .debug_str:0000000000014c3c .LASF5463
     /tmp/ccvncDcb.s:109235  .debug_str:0000000000037e85 .LASF5464
     /tmp/ccvncDcb.s:110449  .debug_str:000000000003cb30 .LASF5465
     /tmp/ccvncDcb.s:104921  .debug_str:0000000000026fd0 .LASF5466
     /tmp/ccvncDcb.s:107975  .debug_str:0000000000032ca9 .LASF5467
     /tmp/ccvncDcb.s:96917  .debug_str:0000000000006c53 .LASF5468
     /tmp/ccvncDcb.s:109089  .debug_str:000000000003744f .LASF5469
     /tmp/ccvncDcb.s:96615  .debug_str:00000000000058fd .LASF5470
     /tmp/ccvncDcb.s:103197  .debug_str:000000000001fc82 .LASF5471
     /tmp/ccvncDcb.s:114311  .debug_str:000000000004caf1 .LASF5472
     /tmp/ccvncDcb.s:115929  .debug_str:00000000000538f4 .LASF5473
     /tmp/ccvncDcb.s:98489  .debug_str:000000000000d7fe .LASF5474
     /tmp/ccvncDcb.s:105975  .debug_str:000000000002af7f .LASF5475
     /tmp/ccvncDcb.s:109811  .debug_str:000000000003a631 .LASF5476
     /tmp/ccvncDcb.s:114249  .debug_str:000000000004c6de .LASF5477
     /tmp/ccvncDcb.s:111459  .debug_str:0000000000040d4b .LASF5478
     /tmp/ccvncDcb.s:107945  .debug_str:0000000000032b1d .LASF5479
     /tmp/ccvncDcb.s:107471  .debug_str:0000000000030cb7 .LASF5480
     /tmp/ccvncDcb.s:115323  .debug_str:0000000000050e2c .LASF5481
     /tmp/ccvncDcb.s:99719  .debug_str:0000000000011df0 .LASF5482
     /tmp/ccvncDcb.s:98295  .debug_str:000000000000cb07 .LASF5483
     /tmp/ccvncDcb.s:105665  .debug_str:0000000000029a8e .LASF5484
     /tmp/ccvncDcb.s:101479  .debug_str:0000000000018cc6 .LASF5485
     /tmp/ccvncDcb.s:96457  .debug_str:0000000000004f1b .LASF5486
     /tmp/ccvncDcb.s:96441  .debug_str:0000000000004e5c .LASF5487
     /tmp/ccvncDcb.s:102877  .debug_str:000000000001e63e .LASF5488
     /tmp/ccvncDcb.s:114621  .debug_str:000000000004df44 .LASF5489
     /tmp/ccvncDcb.s:110383  .debug_str:000000000003c7eb .LASF5490
     /tmp/ccvncDcb.s:103457  .debug_str:0000000000020e79 .LASF5491
     /tmp/ccvncDcb.s:100891  .debug_str:00000000000165e9 .LASF5492
     /tmp/ccvncDcb.s:106217  .debug_str:000000000002bf68 .LASF5493
     /tmp/ccvncDcb.s:101483  .debug_str:0000000000018d27 .LASF5494
     /tmp/ccvncDcb.s:110789  .debug_str:000000000003df77 .LASF5495
     /tmp/ccvncDcb.s:114899  .debug_str:000000000004f0d1 .LASF5496
     /tmp/ccvncDcb.s:113269  .debug_str:00000000000487f8 .LASF5497
     /tmp/ccvncDcb.s:115935  .debug_str:0000000000053983 .LASF5498
     /tmp/ccvncDcb.s:102771  .debug_str:000000000001df10 .LASF5499
     /tmp/ccvncDcb.s:109371  .debug_str:00000000000388cd .LASF5500
     /tmp/ccvncDcb.s:114549  .debug_str:000000000004da35 .LASF5501
     /tmp/ccvncDcb.s:115469  .debug_str:0000000000051823 .LASF5502
     /tmp/ccvncDcb.s:103643  .debug_str:0000000000021b78 .LASF5503
     /tmp/ccvncDcb.s:110217  .debug_str:000000000003bf37 .LASF5504
     /tmp/ccvncDcb.s:104681  .debug_str:000000000002606e .LASF5505
     /tmp/ccvncDcb.s:103093  .debug_str:000000000001f506 .LASF5506
     /tmp/ccvncDcb.s:115097  .debug_str:000000000004ff40 .LASF5507
     /tmp/ccvncDcb.s:115837  .debug_str:00000000000532d6 .LASF5508
     /tmp/ccvncDcb.s:115781  .debug_str:0000000000052f24 .LASF5509
     /tmp/ccvncDcb.s:106125  .debug_str:000000000002ba11 .LASF5510
     /tmp/ccvncDcb.s:105887  .debug_str:000000000002a93b .LASF5511
     /tmp/ccvncDcb.s:98623  .debug_str:000000000000e0ef .LASF5512
     /tmp/ccvncDcb.s:115703  .debug_str:00000000000528c8 .LASF5513
     /tmp/ccvncDcb.s:102909  .debug_str:000000000001e844 .LASF5514
     /tmp/ccvncDcb.s:113959  .debug_str:000000000004b34d .LASF5515
     /tmp/ccvncDcb.s:104877  .debug_str:0000000000026cb8 .LASF5516
     /tmp/ccvncDcb.s:109269  .debug_str:00000000000380e8 .LASF5517
     /tmp/ccvncDcb.s:106731  .debug_str:000000000002e012 .LASF5518
     /tmp/ccvncDcb.s:101937  .debug_str:000000000001a933 .LASF5519
     /tmp/ccvncDcb.s:107493  .debug_str:0000000000030e3a .LASF5520
     /tmp/ccvncDcb.s:104425  .debug_str:0000000000024fa0 .LASF5521
     /tmp/ccvncDcb.s:112139  .debug_str:00000000000439f4 .LASF5522
     /tmp/ccvncDcb.s:111595  .debug_str:0000000000041672 .LASF5523
     /tmp/ccvncDcb.s:99725  .debug_str:0000000000011e76 .LASF5524
     /tmp/ccvncDcb.s:98241  .debug_str:000000000000c6e0 .LASF5525
     /tmp/ccvncDcb.s:111255  .debug_str:0000000000040007 .LASF5526
     /tmp/ccvncDcb.s:100559  .debug_str:00000000000152bb .LASF5527
     /tmp/ccvncDcb.s:108113  .debug_str:0000000000033588 .LASF5528
     /tmp/ccvncDcb.s:106511  .debug_str:000000000002d1fc .LASF5529
     /tmp/ccvncDcb.s:97723  .debug_str:000000000000a263 .LASF5530
     /tmp/ccvncDcb.s:109797  .debug_str:000000000003a53e .LASF5531
     /tmp/ccvncDcb.s:109979  .debug_str:000000000003b02b .LASF5532
     /tmp/ccvncDcb.s:106875  .debug_str:000000000002e943 .LASF5533
     /tmp/ccvncDcb.s:113307  .debug_str:0000000000048acc .LASF5534
     /tmp/ccvncDcb.s:114049  .debug_str:000000000004b966 .LASF5535
     /tmp/ccvncDcb.s:108721  .debug_str:0000000000035cba .LASF5536
     /tmp/ccvncDcb.s:96769  .debug_str:00000000000062ec .LASF5537
     /tmp/ccvncDcb.s:112627  .debug_str:0000000000045b86 .LASF5538
     /tmp/ccvncDcb.s:115459  .debug_str:0000000000051775 .LASF5539
     /tmp/ccvncDcb.s:105445  .debug_str:0000000000028d0e .LASF5540
     /tmp/ccvncDcb.s:95531  .debug_str:0000000000000ffc .LASF5541
     /tmp/ccvncDcb.s:110549  .debug_str:000000000003d0b5 .LASF5542
     /tmp/ccvncDcb.s:115405  .debug_str:00000000000513a7 .LASF5543
     /tmp/ccvncDcb.s:107279  .debug_str:00000000000300f6 .LASF5544
     /tmp/ccvncDcb.s:99115  .debug_str:000000000000fb4f .LASF5545
     /tmp/ccvncDcb.s:105951  .debug_str:000000000002adc3 .LASF5546
     /tmp/ccvncDcb.s:115879  .debug_str:00000000000535e9 .LASF5547
     /tmp/ccvncDcb.s:97231  .debug_str:0000000000008283 .LASF5548
     /tmp/ccvncDcb.s:110321  .debug_str:000000000003c4f8 .LASF5549
     /tmp/ccvncDcb.s:96251  .debug_str:0000000000004122 .LASF5550
     /tmp/ccvncDcb.s:113471  .debug_str:0000000000049517 .LASF5551
     /tmp/ccvncDcb.s:112963  .debug_str:00000000000473de .LASF5552
     /tmp/ccvncDcb.s:113181  .debug_str:0000000000048266 .LASF5553
     /tmp/ccvncDcb.s:112373  .debug_str:00000000000447f1 .LASF5554
     /tmp/ccvncDcb.s:97717  .debug_str:000000000000a1a5 .LASF5555
     /tmp/ccvncDcb.s:95727  .debug_str:0000000000001ed3 .LASF5556
     /tmp/ccvncDcb.s:102657  .debug_str:000000000001d7d4 .LASF5557
     /tmp/ccvncDcb.s:115757  .debug_str:0000000000052d7b .LASF5558
     /tmp/ccvncDcb.s:110027  .debug_str:000000000003b40c .LASF5559
     /tmp/ccvncDcb.s:105643  .debug_str:00000000000298a1 .LASF5560
     /tmp/ccvncDcb.s:101415  .debug_str:00000000000187db .LASF5561
     /tmp/ccvncDcb.s:96283  .debug_str:00000000000043a4 .LASF5562
     /tmp/ccvncDcb.s:112707  .debug_str:00000000000463b6 .LASF5563
     /tmp/ccvncDcb.s:103971  .debug_str:000000000002322c .LASF5564
     /tmp/ccvncDcb.s:103653  .debug_str:0000000000021c6b .LASF5565
     /tmp/ccvncDcb.s:99739  .debug_str:0000000000011f6a .LASF5566
     /tmp/ccvncDcb.s:111497  .debug_str:0000000000040fbc .LASF5567
     /tmp/ccvncDcb.s:95537  .debug_str:000000000000106b .LASF5568
     /tmp/ccvncDcb.s:98707  .debug_str:000000000000e60d .LASF5569
     /tmp/ccvncDcb.s:110317  .debug_str:000000000003c495 .LASF5570
     /tmp/ccvncDcb.s:109429  .debug_str:0000000000038cb3 .LASF5571
     /tmp/ccvncDcb.s:102305  .debug_str:000000000001c2f8 .LASF5572
     /tmp/ccvncDcb.s:109543  .debug_str:0000000000039494 .LASF5573
     /tmp/ccvncDcb.s:104849  .debug_str:0000000000026bed .LASF5574
     /tmp/ccvncDcb.s:96205  .debug_str:0000000000003e12 .LASF5575
     /tmp/ccvncDcb.s:98655  .debug_str:000000000000e2a5 .LASF5576
     /tmp/ccvncDcb.s:108531  .debug_str:0000000000034f5b .LASF5577
     /tmp/ccvncDcb.s:104089  .debug_str:0000000000023a55 .LASF5578
     /tmp/ccvncDcb.s:101693  .debug_str:0000000000019b0f .LASF5579
     /tmp/ccvncDcb.s:101981  .debug_str:000000000001ace3 .LASF5580
     /tmp/ccvncDcb.s:109455  .debug_str:0000000000038f07 .LASF5581
     /tmp/ccvncDcb.s:113515  .debug_str:0000000000049781 .LASF5582
     /tmp/ccvncDcb.s:114569  .debug_str:000000000004db8b .LASF5583
     /tmp/ccvncDcb.s:114253  .debug_str:000000000004c743 .LASF5584
     /tmp/ccvncDcb.s:106163  .debug_str:000000000002bbb6 .LASF5585
     /tmp/ccvncDcb.s:105447  .debug_str:0000000000028d3a .LASF5586
     /tmp/ccvncDcb.s:114839  .debug_str:000000000004ed86 .LASF5587
     /tmp/ccvncDcb.s:109159  .debug_str:00000000000378e0 .LASF5588
     /tmp/ccvncDcb.s:115027  .debug_str:000000000004f9b8 .LASF5589
     /tmp/ccvncDcb.s:106537  .debug_str:000000000002d352 .LASF5590
     /tmp/ccvncDcb.s:104231  .debug_str:000000000002439a .LASF5591
     /tmp/ccvncDcb.s:113633  .debug_str:0000000000049f67 .LASF5592
     /tmp/ccvncDcb.s:104281  .debug_str:0000000000024612 .LASF5593
     /tmp/ccvncDcb.s:98613  .debug_str:000000000000e077 .LASF5594
     /tmp/ccvncDcb.s:105187  .debug_str:0000000000027da4 .LASF5595
     /tmp/ccvncDcb.s:102117  .debug_str:000000000001b5d2 .LASF5596
     /tmp/ccvncDcb.s:116039  .debug_str:000000000005403e .LASF5598
     /tmp/ccvncDcb.s:98491  .debug_str:000000000000d827 .LASF5599
     /tmp/ccvncDcb.s:103825  .debug_str:00000000000228ea .LASF5600
     /tmp/ccvncDcb.s:111113  .debug_str:000000000003f612 .LASF5601
     /tmp/ccvncDcb.s:106631  .debug_str:000000000002d963 .LASF5602
     /tmp/ccvncDcb.s:107149  .debug_str:000000000002f93f .LASF5603
     /tmp/ccvncDcb.s:115531  .debug_str:0000000000051cdb .LASF5604
     /tmp/ccvncDcb.s:99453  .debug_str:0000000000010ff8 .LASF5605
     /tmp/ccvncDcb.s:99717  .debug_str:0000000000011dd3 .LASF5606
     /tmp/ccvncDcb.s:111983  .debug_str:0000000000042ff2 .LASF5607
     /tmp/ccvncDcb.s:107615  .debug_str:0000000000031592 .LASF5608
     /tmp/ccvncDcb.s:99423  .debug_str:0000000000010e5f .LASF5609
     /tmp/ccvncDcb.s:111951  .debug_str:0000000000042d9e .LASF5610
     /tmp/ccvncDcb.s:103001  .debug_str:000000000001ee6f .LASF5611
     /tmp/ccvncDcb.s:109491  .debug_str:00000000000391b4 .LASF5612
     /tmp/ccvncDcb.s:106023  .debug_str:000000000002b2c3 .LASF5613
     /tmp/ccvncDcb.s:114943  .debug_str:000000000004f45d .LASF5614
     /tmp/ccvncDcb.s:101455  .debug_str:0000000000018b18 .LASF5615
     /tmp/ccvncDcb.s:114189  .debug_str:000000000004c261 .LASF5616
     /tmp/ccvncDcb.s:98399  .debug_str:000000000000d161 .LASF5617
     /tmp/ccvncDcb.s:95349  .debug_str:0000000000000435 .LASF5618
     /tmp/ccvncDcb.s:102861  .debug_str:000000000001e525 .LASF5619
     /tmp/ccvncDcb.s:115583  .debug_str:0000000000051fa7 .LASF5620
     /tmp/ccvncDcb.s:114239  .debug_str:000000000004c608 .LASF5621
     /tmp/ccvncDcb.s:112595  .debug_str:00000000000459b7 .LASF5622
     /tmp/ccvncDcb.s:102859  .debug_str:000000000001e505 .LASF5623
     /tmp/ccvncDcb.s:96313  .debug_str:00000000000045ea .LASF5624
     /tmp/ccvncDcb.s:103815  .debug_str:0000000000022846 .LASF5625
     /tmp/ccvncDcb.s:110019  .debug_str:000000000003b353 .LASF5626
     /tmp/ccvncDcb.s:111043  .debug_str:000000000003f1d4 .LASF5627
     /tmp/ccvncDcb.s:96049  .debug_str:0000000000003436 .LASF5628
     /tmp/ccvncDcb.s:97797  .debug_str:000000000000a7f3 .LASF5629
     /tmp/ccvncDcb.s:110473  .debug_str:000000000003cce1 .LASF5630
     /tmp/ccvncDcb.s:111529  .debug_str:0000000000041232 .LASF5631
     /tmp/ccvncDcb.s:95679  .debug_str:0000000000001b60 .LASF5632
     /tmp/ccvncDcb.s:106917  .debug_str:000000000002eb95 .LASF5633
     /tmp/ccvncDcb.s:112955  .debug_str:0000000000047393 .LASF5634
     /tmp/ccvncDcb.s:111905  .debug_str:0000000000042bea .LASF5635
     /tmp/ccvncDcb.s:105949  .debug_str:000000000002ada7 .LASF5636
     /tmp/ccvncDcb.s:100731  .debug_str:0000000000015cc4 .LASF5637
     /tmp/ccvncDcb.s:100373  .debug_str:00000000000147a2 .LASF5638
     /tmp/ccvncDcb.s:96485  .debug_str:000000000000516a .LASF5639
     /tmp/ccvncDcb.s:107181  .debug_str:000000000002fb1f .LASF5640
     /tmp/ccvncDcb.s:105471  .debug_str:0000000000028eae .LASF5641
     /tmp/ccvncDcb.s:98841  .debug_str:000000000000ed87 .LASF5642
     /tmp/ccvncDcb.s:104487  .debug_str:00000000000253a2 .LASF5643
     /tmp/ccvncDcb.s:106963  .debug_str:000000000002edce .LASF5644
     /tmp/ccvncDcb.s:112535  .debug_str:0000000000045552 .LASF5645
     /tmp/ccvncDcb.s:97699  .debug_str:000000000000a072 .LASF5646
     /tmp/ccvncDcb.s:97397  .debug_str:0000000000008d3e .LASF5647
     /tmp/ccvncDcb.s:97555  .debug_str:00000000000097d6 .LASF5648
     /tmp/ccvncDcb.s:101449  .debug_str:0000000000018aaa .LASF5649
     /tmp/ccvncDcb.s:107437  .debug_str:0000000000030b4c .LASF5650
     /tmp/ccvncDcb.s:115187  .debug_str:0000000000050517 .LASF5651
     /tmp/ccvncDcb.s:109141  .debug_str:00000000000377ae .LASF5652
     /tmp/ccvncDcb.s:99599  .debug_str:00000000000117c5 .LASF5653
     /tmp/ccvncDcb.s:102425  .debug_str:000000000001c9fb .LASF5654
     /tmp/ccvncDcb.s:115403  .debug_str:0000000000051385 .LASF5655
     /tmp/ccvncDcb.s:108145  .debug_str:00000000000337a1 .LASF5656
     /tmp/ccvncDcb.s:107231  .debug_str:000000000002fdb9 .LASF5657
     /tmp/ccvncDcb.s:103933  .debug_str:0000000000022f9c .LASF5658
     /tmp/ccvncDcb.s:97523  .debug_str:0000000000009564 .LASF5659
     /tmp/ccvncDcb.s:98127  .debug_str:000000000000be75 .LASF5660
     /tmp/ccvncDcb.s:102257  .debug_str:000000000001bf0d .LASF5661
     /tmp/ccvncDcb.s:96945  .debug_str:0000000000006e20 .LASF5662
     /tmp/ccvncDcb.s:106267  .debug_str:000000000002c24c .LASF5663
     /tmp/ccvncDcb.s:110151  .debug_str:000000000003ba63 .LASF5664
     /tmp/ccvncDcb.s:109417  .debug_str:0000000000038ba9 .LASF5665
     /tmp/ccvncDcb.s:107581  .debug_str:000000000003135e .LASF5666
     /tmp/ccvncDcb.s:113481  .debug_str:00000000000495ce .LASF5667
     /tmp/ccvncDcb.s:104197  .debug_str:000000000002407a .LASF5668
     /tmp/ccvncDcb.s:95303  .debug_str:00000000000000fc .LASF5669
     /tmp/ccvncDcb.s:108779  .debug_str:000000000003606c .LASF5670
     /tmp/ccvncDcb.s:100115  .debug_str:000000000001370f .LASF5671
     /tmp/ccvncDcb.s:103723  .debug_str:000000000002214a .LASF5672
     /tmp/ccvncDcb.s:105935  .debug_str:000000000002ac93 .LASF5673
     /tmp/ccvncDcb.s:114357  .debug_str:000000000004cdbb .LASF5674
     /tmp/ccvncDcb.s:115257  .debug_str:00000000000509cc .LASF5675
     /tmp/ccvncDcb.s:107313  .debug_str:0000000000030311 .LASF5676
     /tmp/ccvncDcb.s:96989  .debug_str:0000000000007108 .LASF5677
     /tmp/ccvncDcb.s:109069  .debug_str:0000000000037332 .LASF5678
     /tmp/ccvncDcb.s:99343  .debug_str:00000000000108c7 .LASF5679
     /tmp/ccvncDcb.s:115051  .debug_str:000000000004fc12 .LASF5680
     /tmp/ccvncDcb.s:97627  .debug_str:0000000000009bef .LASF5681
     /tmp/ccvncDcb.s:96027  .debug_str:00000000000032e0 .LASF5682
     /tmp/ccvncDcb.s:95435  .debug_str:0000000000000a2e .LASF5683
     /tmp/ccvncDcb.s:109045  .debug_str:000000000003716a .LASF5684
     /tmp/ccvncDcb.s:104357  .debug_str:0000000000024b2d .LASF5685
     /tmp/ccvncDcb.s:110363  .debug_str:000000000003c697 .LASF5686
     /tmp/ccvncDcb.s:113121  .debug_str:0000000000047efa .LASF5687
     /tmp/ccvncDcb.s:99373  .debug_str:0000000000010b8f .LASF5688
     /tmp/ccvncDcb.s:98813  .debug_str:000000000000eb88 .LASF5689
     /tmp/ccvncDcb.s:111969  .debug_str:0000000000042f0a .LASF5690
     /tmp/ccvncDcb.s:108039  .debug_str:0000000000033052 .LASF5691
     /tmp/ccvncDcb.s:110469  .debug_str:000000000003cc6f .LASF5692
     /tmp/ccvncDcb.s:108853  .debug_str:0000000000036627 .LASF5693
     /tmp/ccvncDcb.s:96331  .debug_str:0000000000004746 .LASF5694
     /tmp/ccvncDcb.s:115379  .debug_str:00000000000511e2 .LASF5695
     /tmp/ccvncDcb.s:113967  .debug_str:000000000004b3ec .LASF5696
     /tmp/ccvncDcb.s:99345  .debug_str:00000000000108e8 .LASF5697
     /tmp/ccvncDcb.s:114803  .debug_str:000000000004eb73 .LASF5698
     /tmp/ccvncDcb.s:98005  .debug_str:000000000000b5cd .LASF5699
     /tmp/ccvncDcb.s:107209  .debug_str:000000000002fcab .LASF5700
     /tmp/ccvncDcb.s:115657  .debug_str:00000000000524a3 .LASF5701
     /tmp/ccvncDcb.s:97133  .debug_str:0000000000007bd7 .LASF5702
     /tmp/ccvncDcb.s:102769  .debug_str:000000000001defa .LASF5703
     /tmp/ccvncDcb.s:98393  .debug_str:000000000000d0fd .LASF5704
     /tmp/ccvncDcb.s:108059  .debug_str:00000000000331d8 .LASF5705
     /tmp/ccvncDcb.s:113063  .debug_str:0000000000047ae2 .LASF5706
     /tmp/ccvncDcb.s:112437  .debug_str:0000000000044cbe .LASF5707
     /tmp/ccvncDcb.s:114975  .debug_str:000000000004f653 .LASF5708
     /tmp/ccvncDcb.s:101711  .debug_str:0000000000019c5f .LASF5709
     /tmp/ccvncDcb.s:98949  .debug_str:000000000000f3de .LASF5710
     /tmp/ccvncDcb.s:108845  .debug_str:000000000003658b .LASF5711
     /tmp/ccvncDcb.s:108937  .debug_str:0000000000036ad0 .LASF5712
     /tmp/ccvncDcb.s:106935  .debug_str:000000000002ec4f .LASF5713
     /tmp/ccvncDcb.s:105013  .debug_str:00000000000274c2 .LASF5714
     /tmp/ccvncDcb.s:107179  .debug_str:000000000002faf3 .LASF5715
     /tmp/ccvncDcb.s:115237  .debug_str:000000000005087a .LASF5716
     /tmp/ccvncDcb.s:106019  .debug_str:000000000002b26d .LASF5717
     /tmp/ccvncDcb.s:112031  .debug_str:000000000004331a .LASF5718
     /tmp/ccvncDcb.s:111443  .debug_str:0000000000040c54 .LASF5719
     /tmp/ccvncDcb.s:95295  .debug_str:0000000000000073 .LASF5720
     /tmp/ccvncDcb.s:103743  .debug_str:00000000000222c7 .LASF5721
     /tmp/ccvncDcb.s:107827  .debug_str:00000000000323ba .LASF5722
     /tmp/ccvncDcb.s:104515  .debug_str:0000000000025567 .LASF5723
     /tmp/ccvncDcb.s:96879  .debug_str:00000000000069c8 .LASF5724
     /tmp/ccvncDcb.s:112881  .debug_str:0000000000046f8f .LASF5725
     /tmp/ccvncDcb.s:104685  .debug_str:00000000000260be .LASF5726
     /tmp/ccvncDcb.s:101059  .debug_str:0000000000017191 .LASF5727
     /tmp/ccvncDcb.s:105849  .debug_str:000000000002a6e7 .LASF5728
     /tmp/ccvncDcb.s:100193  .debug_str:0000000000013b6a .LASF5729
     /tmp/ccvncDcb.s:97957  .debug_str:000000000000b2d7 .LASF5730
     /tmp/ccvncDcb.s:113485  .debug_str:000000000004960b .LASF5731
     /tmp/ccvncDcb.s:114981  .debug_str:000000000004f6fa .LASF5732
     /tmp/ccvncDcb.s:103161  .debug_str:000000000001f9f1 .LASF5733
     /tmp/ccvncDcb.s:109373  .debug_str:0000000000038906 .LASF5734
     /tmp/ccvncDcb.s:103667  .debug_str:0000000000021da0 .LASF5735
     /tmp/ccvncDcb.s:104485  .debug_str:0000000000025376 .LASF5736
     /tmp/ccvncDcb.s:112009  .debug_str:00000000000431e9 .LASF5737
     /tmp/ccvncDcb.s:96825  .debug_str:000000000000663c .LASF5738
     /tmp/ccvncDcb.s:104549  .debug_str:000000000002588e .LASF5739
     /tmp/ccvncDcb.s:114541  .debug_str:000000000004d9ce .LASF5740
     /tmp/ccvncDcb.s:98575  .debug_str:000000000000ddca .LASF5741
     /tmp/ccvncDcb.s:104139  .debug_str:0000000000023dc9 .LASF5742
     /tmp/ccvncDcb.s:99965  .debug_str:0000000000012cff .LASF5743
     /tmp/ccvncDcb.s:105737  .debug_str:0000000000029f8f .LASF5744
     /tmp/ccvncDcb.s:100023  .debug_str:00000000000130ff .LASF5745
     /tmp/ccvncDcb.s:101507  .debug_str:0000000000018eab .LASF5746
     /tmp/ccvncDcb.s:105419  .debug_str:0000000000028ad6 .LASF5747
     /tmp/ccvncDcb.s:96173  .debug_str:0000000000003be6 .LASF5748
     /tmp/ccvncDcb.s:110795  .debug_str:000000000003dfee .LASF5749
     /tmp/ccvncDcb.s:99347  .debug_str:000000000001091f .LASF5750
     /tmp/ccvncDcb.s:98111  .debug_str:000000000000bd4c .LASF5751
     /tmp/ccvncDcb.s:104839  .debug_str:0000000000026b2b .LASF5752
     /tmp/ccvncDcb.s:102651  .debug_str:000000000001d759 .LASF5753
     /tmp/ccvncDcb.s:100713  .debug_str:0000000000015ba3 .LASF5754
     /tmp/ccvncDcb.s:115701  .debug_str:00000000000528ab .LASF5755
     /tmp/ccvncDcb.s:112273  .debug_str:00000000000441dd .LASF5756
     /tmp/ccvncDcb.s:115641  .debug_str:00000000000523a7 .LASF5757
     /tmp/ccvncDcb.s:97955  .debug_str:000000000000b2c8 .LASF5758
     /tmp/ccvncDcb.s:104205  .debug_str:0000000000024108 .LASF5759
     /tmp/ccvncDcb.s:97689  .debug_str:000000000000a015 .LASF5760
     /tmp/ccvncDcb.s:97867  .debug_str:000000000000ac7a .LASF5761
     /tmp/ccvncDcb.s:104673  .debug_str:0000000000026009 .LASF5762
     /tmp/ccvncDcb.s:115613  .debug_str:0000000000052163 .LASF5763
     /tmp/ccvncDcb.s:99879  .debug_str:0000000000012775 .LASF5764
     /tmp/ccvncDcb.s:103187  .debug_str:000000000001fc03 .LASF5765
     /tmp/ccvncDcb.s:109773  .debug_str:000000000003a369 .LASF5766
     /tmp/ccvncDcb.s:101913  .debug_str:000000000001a7a8 .LASF5767
     /tmp/ccvncDcb.s:99333  .debug_str:00000000000107fe .LASF5768
     /tmp/ccvncDcb.s:102817  .debug_str:000000000001e271 .LASF5769
     /tmp/ccvncDcb.s:111853  .debug_str:0000000000042826 .LASF5770
     /tmp/ccvncDcb.s:96169  .debug_str:0000000000003b8a .LASF5771
     /tmp/ccvncDcb.s:96793  .debug_str:000000000000642f .LASF5772
     /tmp/ccvncDcb.s:115131  .debug_str:00000000000501b2 .LASF5773
     /tmp/ccvncDcb.s:97545  .debug_str:0000000000009705 .LASF5774
     /tmp/ccvncDcb.s:111431  .debug_str:0000000000040b69 .LASF5775
     /tmp/ccvncDcb.s:109205  .debug_str:0000000000037d08 .LASF5776
     /tmp/ccvncDcb.s:100399  .debug_str:00000000000148bb .LASF5777
     /tmp/ccvncDcb.s:109571  .debug_str:00000000000396c5 .LASF5778
     /tmp/ccvncDcb.s:109889  .debug_str:000000000003aabd .LASF5780
     /tmp/ccvncDcb.s:100661  .debug_str:00000000000158a9 .LASF5781
     /tmp/ccvncDcb.s:105793  .debug_str:000000000002a367 .LASF5782
     /tmp/ccvncDcb.s:97905  .debug_str:000000000000aef0 .LASF5783
     /tmp/ccvncDcb.s:96129  .debug_str:00000000000038bc .LASF5784
     /tmp/ccvncDcb.s:102467  .debug_str:000000000001cc28 .LASF5785
     /tmp/ccvncDcb.s:107705  .debug_str:0000000000031b16 .LASF5786
     /tmp/ccvncDcb.s:103975  .debug_str:000000000002326c .LASF5787
     /tmp/ccvncDcb.s:111519  .debug_str:000000000004111c .LASF5788
     /tmp/ccvncDcb.s:107501  .debug_str:0000000000030edf .LASF5789
     /tmp/ccvncDcb.s:107025  .debug_str:000000000002f161 .LASF5790
     /tmp/ccvncDcb.s:98541  .debug_str:000000000000db5f .LASF5791
     /tmp/ccvncDcb.s:103935  .debug_str:0000000000022fbd .LASF5792
     /tmp/ccvncDcb.s:103453  .debug_str:0000000000020e1a .LASF5793
     /tmp/ccvncDcb.s:110281  .debug_str:000000000003c28e .LASF5794
     /tmp/ccvncDcb.s:95889  .debug_str:000000000000294e .LASF5795
     /tmp/ccvncDcb.s:102671  .debug_str:000000000001d8aa .LASF5796
     /tmp/ccvncDcb.s:109489  .debug_str:0000000000039198 .LASF5797
     /tmp/ccvncDcb.s:101407  .debug_str:0000000000018757 .LASF5798
     /tmp/ccvncDcb.s:109415  .debug_str:0000000000038b8f .LASF5799
     /tmp/ccvncDcb.s:111833  .debug_str:00000000000426ca .LASF5800
     /tmp/ccvncDcb.s:99135  .debug_str:000000000000fc4b .LASF5801
     /tmp/ccvncDcb.s:114757  .debug_str:000000000004e8a9 .LASF5802
     /tmp/ccvncDcb.s:97845  .debug_str:000000000000aab7 .LASF5803
     /tmp/ccvncDcb.s:114485  .debug_str:000000000004d603 .LASF5804
     /tmp/ccvncDcb.s:112041  .debug_str:000000000004341a .LASF5805
     /tmp/ccvncDcb.s:98305  .debug_str:000000000000cbd3 .LASF5806
     /tmp/ccvncDcb.s:101359  .debug_str:00000000000183ed .LASF5807
     /tmp/ccvncDcb.s:105129  .debug_str:0000000000027af8 .LASF5808
     /tmp/ccvncDcb.s:97335  .debug_str:00000000000088ed .LASF5809
     /tmp/ccvncDcb.s:99219  .debug_str:00000000000100cd .LASF5810
     /tmp/ccvncDcb.s:103411  .debug_str:0000000000020b04 .LASF5811
     /tmp/ccvncDcb.s:108095  .debug_str:0000000000033498 .LASF5812
     /tmp/ccvncDcb.s:106071  .debug_str:000000000002b671 .LASF5813
     /tmp/ccvncDcb.s:105301  .debug_str:0000000000028425 .LASF5814
     /tmp/ccvncDcb.s:99635  .debug_str:0000000000011994 .LASF5815
     /tmp/ccvncDcb.s:100545  .debug_str:00000000000151d1 .LASF5816
     /tmp/ccvncDcb.s:96621  .debug_str:0000000000005976 .LASF5817
     /tmp/ccvncDcb.s:106961  .debug_str:000000000002edb5 .LASF5818
     /tmp/ccvncDcb.s:114729  .debug_str:000000000004e6e7 .LASF5819
     /tmp/ccvncDcb.s:108775  .debug_str:0000000000036018 .LASF5820
     /tmp/ccvncDcb.s:108605  .debug_str:00000000000354c7 .LASF5821
     /tmp/ccvncDcb.s:110399  .debug_str:000000000003c902 .LASF5822
     /tmp/ccvncDcb.s:100595  .debug_str:00000000000154c2 .LASF5823
     /tmp/ccvncDcb.s:100979  .debug_str:0000000000016b94 .LASF5824
     /tmp/ccvncDcb.s:114859  .debug_str:000000000004ee5b .LASF5825
     /tmp/ccvncDcb.s:114983  .debug_str:000000000004f728 .LASF5826
     /tmp/ccvncDcb.s:113049  .debug_str:00000000000479f5 .LASF5827
     /tmp/ccvncDcb.s:101839  .debug_str:000000000001a2b5 .LASF5828
     /tmp/ccvncDcb.s:105763  .debug_str:000000000002a1b6 .LASF5829
     /tmp/ccvncDcb.s:105837  .debug_str:000000000002a655 .LASF5830
     /tmp/ccvncDcb.s:103853  .debug_str:0000000000022acb .LASF5831
     /tmp/ccvncDcb.s:112841  .debug_str:0000000000046d24 .LASF5832
     /tmp/ccvncDcb.s:110687  .debug_str:000000000003d8da .LASF5833
     /tmp/ccvncDcb.s:99269  .debug_str:00000000000104d6 .LASF5834
     /tmp/ccvncDcb.s:105905  .debug_str:000000000002aaaf .LASF5835
     /tmp/ccvncDcb.s:114923  .debug_str:000000000004f27b .LASF5836
     /tmp/ccvncDcb.s:103731  .debug_str:0000000000022224 .LASF5837
     /tmp/ccvncDcb.s:105069  .debug_str:0000000000027773 .LASF5838
     /tmp/ccvncDcb.s:114271  .debug_str:000000000004c89a .LASF5839
     /tmp/ccvncDcb.s:110993  .debug_str:000000000003ee38 .LASF5840
     /tmp/ccvncDcb.s:104801  .debug_str:0000000000026908 .LASF5841
     /tmp/ccvncDcb.s:116287  .debug_str:000000000005507e .LASF5842
     /tmp/ccvncDcb.s:106825  .debug_str:000000000002e593 .LASF5843
     /tmp/ccvncDcb.s:115467  .debug_str:0000000000051809 .LASF5844
     /tmp/ccvncDcb.s:100015  .debug_str:0000000000013060 .LASF5845
     /tmp/ccvncDcb.s:107157  .debug_str:000000000002f9bd .LASF5846
     /tmp/ccvncDcb.s:97433  .debug_str:0000000000008ff5 .LASF5847
     /tmp/ccvncDcb.s:114153  .debug_str:000000000004c01f .LASF5848
     /tmp/ccvncDcb.s:97419  .debug_str:0000000000008ee4 .LASF5849
     /tmp/ccvncDcb.s:110745  .debug_str:000000000003dcd2 .LASF5850
     /tmp/ccvncDcb.s:105823  .debug_str:000000000002a547 .LASF5851
     /tmp/ccvncDcb.s:102835  .debug_str:000000000001e3aa .LASF5852
     /tmp/ccvncDcb.s:107881  .debug_str:00000000000326b6 .LASF5853
     /tmp/ccvncDcb.s:98483  .debug_str:000000000000d784 .LASF5854
     /tmp/ccvncDcb.s:103117  .debug_str:000000000001f6fb .LASF5855
     /tmp/ccvncDcb.s:108389  .debug_str:0000000000034676 .LASF5856
     /tmp/ccvncDcb.s:114505  .debug_str:000000000004d76c .LASF5857
     /tmp/ccvncDcb.s:103481  .debug_str:0000000000021059 .LASF5858
     /tmp/ccvncDcb.s:101983  .debug_str:000000000001ad0d .LASF5859
     /tmp/ccvncDcb.s:105943  .debug_str:000000000002ad27 .LASF5860
     /tmp/ccvncDcb.s:104221  .debug_str:00000000000242d7 .LASF5861
     /tmp/ccvncDcb.s:109081  .debug_str:000000000003740b .LASF5862
     /tmp/ccvncDcb.s:98189  .debug_str:000000000000c381 .LASF5863
     /tmp/ccvncDcb.s:106975  .debug_str:000000000002ee8d .LASF5864
     /tmp/ccvncDcb.s:114687  .debug_str:000000000004e3b0 .LASF5865
     /tmp/ccvncDcb.s:111783  .debug_str:00000000000423b2 .LASF5866
     /tmp/ccvncDcb.s:99995  .debug_str:0000000000012f35 .LASF5867
     /tmp/ccvncDcb.s:113737  .debug_str:000000000004a5e8 .LASF5868
     /tmp/ccvncDcb.s:95317  .debug_str:00000000000001f3 .LASF5869
     /tmp/ccvncDcb.s:98679  .debug_str:000000000000e435 .LASF5870
     /tmp/ccvncDcb.s:100949  .debug_str:0000000000016980 .LASF5871
     /tmp/ccvncDcb.s:109475  .debug_str:00000000000390ae .LASF5872
     /tmp/ccvncDcb.s:115943  .debug_str:0000000000053a4c .LASF5873
     /tmp/ccvncDcb.s:114503  .debug_str:000000000004d753 .LASF5874
     /tmp/ccvncDcb.s:95451  .debug_str:0000000000000b6c .LASF5875
     /tmp/ccvncDcb.s:114267  .debug_str:000000000004c849 .LASF5876
     /tmp/ccvncDcb.s:110355  .debug_str:000000000003c611 .LASF5877
     /tmp/ccvncDcb.s:100095  .debug_str:00000000000135ca .LASF5878
     /tmp/ccvncDcb.s:104129  .debug_str:0000000000023d4c .LASF5879
     /tmp/ccvncDcb.s:104901  .debug_str:0000000000026e8d .LASF5880
     /tmp/ccvncDcb.s:102661  .debug_str:000000000001d828 .LASF5881
     /tmp/ccvncDcb.s:100203  .debug_str:0000000000013bda .LASF5882
     /tmp/ccvncDcb.s:112221  .debug_str:0000000000043ed2 .LASF5883
     /tmp/ccvncDcb.s:112073  .debug_str:00000000000435cd .LASF5884
     /tmp/ccvncDcb.s:100541  .debug_str:000000000001519c .LASF5885
     /tmp/ccvncDcb.s:96295  .debug_str:0000000000004488 .LASF5886
     /tmp/ccvncDcb.s:108067  .debug_str:000000000003329a .LASF5887
     /tmp/ccvncDcb.s:98213  .debug_str:000000000000c4dd .LASF5888
     /tmp/ccvncDcb.s:110085  .debug_str:000000000003b6ef .LASF5889
     /tmp/ccvncDcb.s:102813  .debug_str:000000000001e23b .LASF5890
     /tmp/ccvncDcb.s:111521  .debug_str:0000000000041139 .LASF5891
     /tmp/ccvncDcb.s:104339  .debug_str:00000000000249ea .LASF5892
     /tmp/ccvncDcb.s:103685  .debug_str:0000000000021ee9 .LASF5893
     /tmp/ccvncDcb.s:110559  .debug_str:000000000003d174 .LASF5894
     /tmp/ccvncDcb.s:105523  .debug_str:0000000000029212 .LASF5895
     /tmp/ccvncDcb.s:115227  .debug_str:00000000000507ab .LASF5896
     /tmp/ccvncDcb.s:113275  .debug_str:000000000004884f .LASF5897
     /tmp/ccvncDcb.s:95703  .debug_str:0000000000001cd2 .LASF5898
     /tmp/ccvncDcb.s:115727  .debug_str:0000000000052b0c .LASF5899
     /tmp/ccvncDcb.s:99637  .debug_str:00000000000119ad .LASF5900
     /tmp/ccvncDcb.s:109697  .debug_str:0000000000039ec3 .LASF5901
     /tmp/ccvncDcb.s:95563  .debug_str:0000000000001242 .LASF5902
     /tmp/ccvncDcb.s:105103  .debug_str:000000000002797d .LASF5903
     /tmp/ccvncDcb.s:114513  .debug_str:000000000004d7d5 .LASF5904
     /tmp/ccvncDcb.s:101943  .debug_str:000000000001a977 .LASF5905
     /tmp/ccvncDcb.s:100905  .debug_str:00000000000166eb .LASF5906
     /tmp/ccvncDcb.s:99999  .debug_str:0000000000012f5b .LASF5907
     /tmp/ccvncDcb.s:115247  .debug_str:000000000005091c .LASF5908
     /tmp/ccvncDcb.s:99829  .debug_str:00000000000124dc .LASF5909
     /tmp/ccvncDcb.s:107297  .debug_str:0000000000030233 .LASF5910
     /tmp/ccvncDcb.s:100613  .debug_str:0000000000015603 .LASF5911
     /tmp/ccvncDcb.s:99901  .debug_str:00000000000128bd .LASF5912
     /tmp/ccvncDcb.s:105431  .debug_str:0000000000028bd1 .LASF5913
     /tmp/ccvncDcb.s:99329  .debug_str:00000000000107c8 .LASF5914
     /tmp/ccvncDcb.s:106513  .debug_str:000000000002d225 .LASF5915
     /tmp/ccvncDcb.s:98987  .debug_str:000000000000f537 .LASF5916
     /tmp/ccvncDcb.s:103595  .debug_str:000000000002182e .LASF5917
     /tmp/ccvncDcb.s:96959  .debug_str:0000000000006f20 .LASF5918
     /tmp/ccvncDcb.s:96235  .debug_str:0000000000004005 .LASF5919
     /tmp/ccvncDcb.s:110215  .debug_str:000000000003bf19 .LASF5920
     /tmp/ccvncDcb.s:110909  .debug_str:000000000003e890 .LASF5921
     /tmp/ccvncDcb.s:105807  .debug_str:000000000002a449 .LASF5922
     /tmp/ccvncDcb.s:112947  .debug_str:000000000004731c .LASF5923
     /tmp/ccvncDcb.s:115909  .debug_str:00000000000537b0 .LASF5924
     /tmp/ccvncDcb.s:115029  .debug_str:000000000004f9e7 .LASF5925
     /tmp/ccvncDcb.s:112383  .debug_str:00000000000448b2 .LASF5926
     /tmp/ccvncDcb.s:95553  .debug_str:00000000000011a3 .LASF5927
     /tmp/ccvncDcb.s:110541  .debug_str:000000000003d02a .LASF5928
     /tmp/ccvncDcb.s:104995  .debug_str:0000000000027399 .LASF5929
     /tmp/ccvncDcb.s:113453  .debug_str:000000000004940e .LASF5930
     /tmp/ccvncDcb.s:113621  .debug_str:0000000000049ec2 .LASF5931
     /tmp/ccvncDcb.s:95389  .debug_str:0000000000000716 .LASF5932
     /tmp/ccvncDcb.s:109313  .debug_str:0000000000038466 .LASF5933
     /tmp/ccvncDcb.s:108255  .debug_str:0000000000033dfd .LASF5934
     /tmp/ccvncDcb.s:111029  .debug_str:000000000003f148 .LASF5935
     /tmp/ccvncDcb.s:95379  .debug_str:0000000000000672 .LASF5936
     /tmp/ccvncDcb.s:114891  .debug_str:000000000004f060 .LASF5937
     /tmp/ccvncDcb.s:108747  .debug_str:0000000000035e37 .LASF5938
     /tmp/ccvncDcb.s:115679  .debug_str:00000000000526c6 .LASF5939
     /tmp/ccvncDcb.s:112467  .debug_str:0000000000044fd3 .LASF5940
     /tmp/ccvncDcb.s:107961  .debug_str:0000000000032be7 .LASF5941
     /tmp/ccvncDcb.s:114645  .debug_str:000000000004e09e .LASF5942
     /tmp/ccvncDcb.s:100607  .debug_str:000000000001558a .LASF5943
     /tmp/ccvncDcb.s:106171  .debug_str:000000000002bc14 .LASF5944
     /tmp/ccvncDcb.s:113197  .debug_str:00000000000483d9 .LASF5946
     /tmp/ccvncDcb.s:111457  .debug_str:0000000000040d38 .LASF5947
     /tmp/ccvncDcb.s:112533  .debug_str:0000000000045534 .LASF5948
     /tmp/ccvncDcb.s:106953  .debug_str:000000000002ed3a .LASF5949
     /tmp/ccvncDcb.s:113209  .debug_str:0000000000048486 .LASF5950
     /tmp/ccvncDcb.s:109525  .debug_str:000000000003938a .LASF5951
     /tmp/ccvncDcb.s:110657  .debug_str:000000000003d74f .LASF5952
     /tmp/ccvncDcb.s:104791  .debug_str:000000000002686f .LASF5953
     /tmp/ccvncDcb.s:95739  .debug_str:0000000000001fa3 .LASF5954
     /tmp/ccvncDcb.s:99769  .debug_str:00000000000120b1 .LASF5955
     /tmp/ccvncDcb.s:103793  .debug_str:0000000000022738 .LASF5956
     /tmp/ccvncDcb.s:106119  .debug_str:000000000002b9d5 .LASF5957
     /tmp/ccvncDcb.s:113415  .debug_str:00000000000491c8 .LASF5958
     /tmp/ccvncDcb.s:108195  .debug_str:0000000000033a92 .LASF5959
     /tmp/ccvncDcb.s:113653  .debug_str:000000000004a0cc .LASF5960
     /tmp/ccvncDcb.s:112065  .debug_str:0000000000043557 .LASF5961
     /tmp/ccvncDcb.s:115565  .debug_str:0000000000051ed4 .LASF5962
     /tmp/ccvncDcb.s:115485  .debug_str:0000000000051940 .LASF5963
     /tmp/ccvncDcb.s:111691  .debug_str:0000000000041d9d .LASF5964
     /tmp/ccvncDcb.s:102961  .debug_str:000000000001eb8a .LASF5965
     /tmp/ccvncDcb.s:95863  .debug_str:0000000000002800 .LASF5966
     /tmp/ccvncDcb.s:97637  .debug_str:0000000000009d1d .LASF5968
     /tmp/ccvncDcb.s:108315  .debug_str:000000000003414d .LASF5969
     /tmp/ccvncDcb.s:102261  .debug_str:000000000001bf48 .LASF5970
     /tmp/ccvncDcb.s:105871  .debug_str:000000000002a830 .LASF5971
     /tmp/ccvncDcb.s:111069  .debug_str:000000000003f36a .LASF5972
     /tmp/ccvncDcb.s:114613  .debug_str:000000000004deba .LASF5973
     /tmp/ccvncDcb.s:102917  .debug_str:000000000001e8a5 .LASF5974
     /tmp/ccvncDcb.s:96195  .debug_str:0000000000003d81 .LASF5975
     /tmp/ccvncDcb.s:97493  .debug_str:00000000000093d3 .LASF5976
     /tmp/ccvncDcb.s:103991  .debug_str:000000000002335f .LASF5977
     /tmp/ccvncDcb.s:112103  .debug_str:000000000004376c .LASF5978
     /tmp/ccvncDcb.s:95867  .debug_str:0000000000002843 .LASF5979
     /tmp/ccvncDcb.s:100659  .debug_str:0000000000015895 .LASF5980
     /tmp/ccvncDcb.s:113233  .debug_str:00000000000485c9 .LASF5981
     /tmp/ccvncDcb.s:113993  .debug_str:000000000004b5e6 .LASF5982
     /tmp/ccvncDcb.s:104331  .debug_str:0000000000024950 .LASF5983
     /tmp/ccvncDcb.s:114663  .debug_str:000000000004e207 .LASF5984
     /tmp/ccvncDcb.s:116163  .debug_str:00000000000547fc .LASF5985
     /tmp/ccvncDcb.s:108709  .debug_str:0000000000035bd9 .LASF5986
     /tmp/ccvncDcb.s:106373  .debug_str:000000000002c963 .LASF5987
     /tmp/ccvncDcb.s:114671  .debug_str:000000000004e2a7 .LASF5988
     /tmp/ccvncDcb.s:99257  .debug_str:00000000000103e5 .LASF5989
     /tmp/ccvncDcb.s:113219  .debug_str:0000000000048505 .LASF5990
     /tmp/ccvncDcb.s:95935  .debug_str:0000000000002cb2 .LASF5991
     /tmp/ccvncDcb.s:98027  .debug_str:000000000000b714 .LASF5992
     /tmp/ccvncDcb.s:116113  .debug_str:0000000000054424 .LASF5993
     /tmp/ccvncDcb.s:115671  .debug_str:000000000005259a .LASF5994
     /tmp/ccvncDcb.s:110299  .debug_str:000000000003c3c8 .LASF5996
     /tmp/ccvncDcb.s:104457  .debug_str:0000000000025192 .LASF5997
     /tmp/ccvncDcb.s:108267  .debug_str:0000000000033e8d .LASF5998
     /tmp/ccvncDcb.s:102187  .debug_str:000000000001baad .LASF5999
     /tmp/ccvncDcb.s:97101  .debug_str:0000000000007a1e .LASF6000
     /tmp/ccvncDcb.s:104403  .debug_str:0000000000024e45 .LASF6001
     /tmp/ccvncDcb.s:106569  .debug_str:000000000002d5cf .LASF6002
     /tmp/ccvncDcb.s:114255  .debug_str:000000000004c770 .LASF6003
     /tmp/ccvncDcb.s:103585  .debug_str:00000000000217bc .LASF6004
     /tmp/ccvncDcb.s:110265  .debug_str:000000000003c1a0 .LASF6005
     /tmp/ccvncDcb.s:104315  .debug_str:000000000002483f .LASF6006
     /tmp/ccvncDcb.s:100431  .debug_str:0000000000014ae8 .LASF6007
     /tmp/ccvncDcb.s:96641  .debug_str:0000000000005a8c .LASF6008
     /tmp/ccvncDcb.s:114807  .debug_str:000000000004ebc3 .LASF6009
     /tmp/ccvncDcb.s:96833  .debug_str:00000000000066c1 .LASF6010
     /tmp/ccvncDcb.s:96327  .debug_str:0000000000004711 .LASF6011
     /tmp/ccvncDcb.s:100593  .debug_str:00000000000154b6 .LASF6012
     /tmp/ccvncDcb.s:101517  .debug_str:0000000000018f4c .LASF6013
     /tmp/ccvncDcb.s:113169  .debug_str:00000000000481e3 .LASF6014
     /tmp/ccvncDcb.s:98535  .debug_str:000000000000db1e .LASF6016
     /tmp/ccvncDcb.s:98091  .debug_str:000000000000bbc9 .LASF6017
     /tmp/ccvncDcb.s:112329  .debug_str:0000000000044567 .LASF6018
     /tmp/ccvncDcb.s:97113  .debug_str:0000000000007acf .LASF6019
     /tmp/ccvncDcb.s:110555  .debug_str:000000000003d126 .LASF6020
     /tmp/ccvncDcb.s:112419  .debug_str:0000000000044b6f .LASF6021
     /tmp/ccvncDcb.s:102219  .debug_str:000000000001bcda .LASF6022
     /tmp/ccvncDcb.s:113963  .debug_str:000000000004b39e .LASF6023
     /tmp/ccvncDcb.s:105085  .debug_str:0000000000027827 .LASF6024
     /tmp/ccvncDcb.s:96421  .debug_str:0000000000004d2b .LASF6025
     /tmp/ccvncDcb.s:101053  .debug_str:000000000001713d .LASF6026
     /tmp/ccvncDcb.s:112391  .debug_str:0000000000044945 .LASF6027
     /tmp/ccvncDcb.s:96659  .debug_str:0000000000005c49 .LASF6028
     /tmp/ccvncDcb.s:103839  .debug_str:00000000000229ed .LASF6029
     /tmp/ccvncDcb.s:96559  .debug_str:00000000000055b3 .LASF6030
     /tmp/ccvncDcb.s:100061  .debug_str:00000000000133d8 .LASF6031
     /tmp/ccvncDcb.s:108725  .debug_str:0000000000035d11 .LASF6032
     /tmp/ccvncDcb.s:100055  .debug_str:0000000000013351 .LASF6033
     /tmp/ccvncDcb.s:100727  .debug_str:0000000000015c88 .LASF6034
     /tmp/ccvncDcb.s:101835  .debug_str:000000000001a26d .LASF6035
     /tmp/ccvncDcb.s:112167  .debug_str:0000000000043ba6 .LASF6036
     /tmp/ccvncDcb.s:113619  .debug_str:0000000000049eaf .LASF6037
     /tmp/ccvncDcb.s:97923  .debug_str:000000000000b058 .LASF6038
     /tmp/ccvncDcb.s:99337  .debug_str:000000000001085a .LASF6039
     /tmp/ccvncDcb.s:105765  .debug_str:000000000002a1cf .LASF6040
     /tmp/ccvncDcb.s:104165  .debug_str:0000000000023ee8 .LASF6041
     /tmp/ccvncDcb.s:110749  .debug_str:000000000003dd00 .LASF6042
     /tmp/ccvncDcb.s:113383  .debug_str:0000000000048f45 .LASF6043
     /tmp/ccvncDcb.s:107435  .debug_str:0000000000030b34 .LASF6044
     /tmp/ccvncDcb.s:114789  .debug_str:000000000004ea51 .LASF6045
     /tmp/ccvncDcb.s:98401  .debug_str:000000000000d19c .LASF6046
     /tmp/ccvncDcb.s:99325  .debug_str:000000000001077f .LASF6047
     /tmp/ccvncDcb.s:103903  .debug_str:0000000000022d7b .LASF6048
     /tmp/ccvncDcb.s:109043  .debug_str:0000000000037153 .LASF6049
     /tmp/ccvncDcb.s:106605  .debug_str:000000000002d846 .LASF6050
     /tmp/ccvncDcb.s:95289  .debug_str:0000000000000000 .LASF6051
     /tmp/ccvncDcb.s:96469  .debug_str:0000000000005075 .LASF6052
     /tmp/ccvncDcb.s:111803  .debug_str:00000000000424f9 .LASF6053
     /tmp/ccvncDcb.s:99459  .debug_str:0000000000011055 .LASF6054
     /tmp/ccvncDcb.s:97019  .debug_str:000000000000740a .LASF6055
     /tmp/ccvncDcb.s:107951  .debug_str:0000000000032b5e .LASF6056
     /tmp/ccvncDcb.s:102041  .debug_str:000000000001b105 .LASF6057
     /tmp/ccvncDcb.s:98675  .debug_str:000000000000e40e .LASF6058
     /tmp/ccvncDcb.s:95915  .debug_str:0000000000002b4b .LASF6059
     /tmp/ccvncDcb.s:101101  .debug_str:0000000000017396 .LASF6060
     /tmp/ccvncDcb.s:112711  .debug_str:00000000000463df .LASF6061
     /tmp/ccvncDcb.s:114349  .debug_str:000000000004cd42 .LASF6062
     /tmp/ccvncDcb.s:107649  .debug_str:00000000000317db .LASF6063
     /tmp/ccvncDcb.s:95761  .debug_str:0000000000002134 .LASF6064
     /tmp/ccvncDcb.s:105509  .debug_str:000000000002910f .LASF6065
     /tmp/ccvncDcb.s:108269  .debug_str:0000000000033e99 .LASF6066
     /tmp/ccvncDcb.s:98353  .debug_str:000000000000ce9a .LASF6067
     /tmp/ccvncDcb.s:105699  .debug_str:0000000000029cf9 .LASF6068
     /tmp/ccvncDcb.s:106883  .debug_str:000000000002e9b6 .LASF6069
     /tmp/ccvncDcb.s:112113  .debug_str:0000000000043801 .LASF6070
     /tmp/ccvncDcb.s:103203  .debug_str:000000000001fce8 .LASF6071
     /tmp/ccvncDcb.s:108909  .debug_str:00000000000368e9 .LASF6072
     /tmp/ccvncDcb.s:104513  .debug_str:000000000002554b .LASF6073
     /tmp/ccvncDcb.s:97823  .debug_str:000000000000a922 .LASF6074
     /tmp/ccvncDcb.s:114313  .debug_str:000000000004cb1f .LASF6075
     /tmp/ccvncDcb.s:99413  .debug_str:0000000000010d8b .LASF6076
     /tmp/ccvncDcb.s:112577  .debug_str:000000000004585e .LASF6077
     /tmp/ccvncDcb.s:102795  .debug_str:000000000001e0f5 .LASF6078
     /tmp/ccvncDcb.s:96651  .debug_str:0000000000005b9b .LASF6079
     /tmp/ccvncDcb.s:113615  .debug_str:0000000000049e56 .LASF6080
     /tmp/ccvncDcb.s:114773  .debug_str:000000000004e96b .LASF6081
     /tmp/ccvncDcb.s:103423  .debug_str:0000000000020bb6 .LASF6082
     /tmp/ccvncDcb.s:101337  .debug_str:00000000000182ad .LASF6083
     /tmp/ccvncDcb.s:114017  .debug_str:000000000004b7b6 .LASF6084
     /tmp/ccvncDcb.s:111965  .debug_str:0000000000042ec9 .LASF6085
     /tmp/ccvncDcb.s:101971  .debug_str:000000000001ac12 .LASF6086
     /tmp/ccvncDcb.s:98629  .debug_str:000000000000e16e .LASF6087
     /tmp/ccvncDcb.s:104649  .debug_str:0000000000025e64 .LASF6088
     /tmp/ccvncDcb.s:97975  .debug_str:000000000000b3bd .LASF6089
     /tmp/ccvncDcb.s:114877  .debug_str:000000000004ef7b .LASF6090
     /tmp/ccvncDcb.s:97705  .debug_str:000000000000a0fa .LASF6091
     /tmp/ccvncDcb.s:100983  .debug_str:0000000000016bcd .LASF6092
     /tmp/ccvncDcb.s:107129  .debug_str:000000000002f80d .LASF6093
     /tmp/ccvncDcb.s:96863  .debug_str:00000000000068ec .LASF6094
     /tmp/ccvncDcb.s:107669  .debug_str:0000000000031926 .LASF6095
     /tmp/ccvncDcb.s:113467  .debug_str:00000000000494d6 .LASF6096
     /tmp/ccvncDcb.s:98029  .debug_str:000000000000b77f .LASF6097
     /tmp/ccvncDcb.s:96891  .debug_str:0000000000006ae9 .LASF6098
     /tmp/ccvncDcb.s:98345  .debug_str:000000000000ce01 .LASF6099
     /tmp/ccvncDcb.s:98699  .debug_str:000000000000e59d .LASF6100
     /tmp/ccvncDcb.s:111665  .debug_str:0000000000041bc1 .LASF6101
     /tmp/ccvncDcb.s:96323  .debug_str:00000000000046ae .LASF6102
     /tmp/ccvncDcb.s:110733  .debug_str:000000000003dbf3 .LASF6103
     /tmp/ccvncDcb.s:113623  .debug_str:0000000000049edf .LASF6104
     /tmp/ccvncDcb.s:106143  .debug_str:000000000002bb22 .LASF6105
     /tmp/ccvncDcb.s:110811  .debug_str:000000000003e15b .LASF6106
     /tmp/ccvncDcb.s:102407  .debug_str:000000000001c911 .LASF6107
     /tmp/ccvncDcb.s:99907  .debug_str:0000000000012965 .LASF6108
     /tmp/ccvncDcb.s:106501  .debug_str:000000000002d14d .LASF6109
     /tmp/ccvncDcb.s:112917  .debug_str:0000000000047121 .LASF6110
     /tmp/ccvncDcb.s:98233  .debug_str:000000000000c68f .LASF6111
     /tmp/ccvncDcb.s:97507  .debug_str:00000000000094b5 .LASF6112
     /tmp/ccvncDcb.s:105461  .debug_str:0000000000028e0f .LASF6113
     /tmp/ccvncDcb.s:106835  .debug_str:000000000002e64f .LASF6114
     /tmp/ccvncDcb.s:99313  .debug_str:000000000001068d .LASF6115
     /tmp/ccvncDcb.s:105365  .debug_str:00000000000287ae .LASF6116
     /tmp/ccvncDcb.s:107431  .debug_str:0000000000030ae1 .LASF6117
     /tmp/ccvncDcb.s:97623  .debug_str:0000000000009bc1 .LASF6118
     /tmp/ccvncDcb.s:98991  .debug_str:000000000000f586 .LASF6119
     /tmp/ccvncDcb.s:111673  .debug_str:0000000000041c59 .LASF6120
     /tmp/ccvncDcb.s:104173  .debug_str:0000000000023f63 .LASF6121
     /tmp/ccvncDcb.s:99127  .debug_str:000000000000fbdc .LASF6124
     /tmp/ccvncDcb.s:112271  .debug_str:00000000000441c6 .LASF6125
     /tmp/ccvncDcb.s:114673  .debug_str:000000000004e2e0 .LASF6126
     /tmp/ccvncDcb.s:107909  .debug_str:000000000003288d .LASF6127
     /tmp/ccvncDcb.s:103085  .debug_str:000000000001f47c .LASF6128
     /tmp/ccvncDcb.s:112027  .debug_str:00000000000432f2 .LASF6129
     /tmp/ccvncDcb.s:108025  .debug_str:0000000000032f84 .LASF6130
     /tmp/ccvncDcb.s:111245  .debug_str:000000000003ff3c .LASF6131
     /tmp/ccvncDcb.s:105825  .debug_str:000000000002a564 .LASF6132
     /tmp/ccvncDcb.s:101081  .debug_str:000000000001729e .LASF6133
     /tmp/ccvncDcb.s:106141  .debug_str:000000000002bb05 .LASF6134
     /tmp/ccvncDcb.s:101737  .debug_str:0000000000019e01 .LASF6135
     /tmp/ccvncDcb.s:109709  .debug_str:0000000000039fb2 .LASF6136
     /tmp/ccvncDcb.s:102569  .debug_str:000000000001d216 .LASF6137
     /tmp/ccvncDcb.s:108151  .debug_str:00000000000337f4 .LASF6138
     /tmp/ccvncDcb.s:104479  .debug_str:000000000002532c .LASF6139
     /tmp/ccvncDcb.s:106129  .debug_str:000000000002ba49 .LASF6140
     /tmp/ccvncDcb.s:104663  .debug_str:0000000000025f77 .LASF6141
     /tmp/ccvncDcb.s:110637  .debug_str:000000000003d644 .LASF6142
     /tmp/ccvncDcb.s:104821  .debug_str:0000000000026a41 .LASF6143
     /tmp/ccvncDcb.s:98603  .debug_str:000000000000dfbb .LASF6144
     /tmp/ccvncDcb.s:97619  .debug_str:0000000000009b88 .LASF6145
     /tmp/ccvncDcb.s:106113  .debug_str:000000000002b94d .LASF6146
     /tmp/ccvncDcb.s:115939  .debug_str:00000000000539f3 .LASF6147
     /tmp/ccvncDcb.s:100841  .debug_str:000000000001628a .LASF6148
     /tmp/ccvncDcb.s:105373  .debug_str:000000000002880e .LASF6149
     /tmp/ccvncDcb.s:113227  .debug_str:0000000000048556 .LASF6150
     /tmp/ccvncDcb.s:100553  .debug_str:0000000000015222 .LASF6151
     /tmp/ccvncDcb.s:110259  .debug_str:000000000003c12f .LASF6152
     /tmp/ccvncDcb.s:106271  .debug_str:000000000002c292 .LASF6153
     /tmp/ccvncDcb.s:113779  .debug_str:000000000004a8c2 .LASF6154
     /tmp/ccvncDcb.s:113961  .debug_str:000000000004b379 .LASF6155
     /tmp/ccvncDcb.s:115737  .debug_str:0000000000052bd0 .LASF6156
     /tmp/ccvncDcb.s:116119  .debug_str:0000000000054478 .LASF6157
     /tmp/ccvncDcb.s:115787  .debug_str:0000000000052fbb .LASF6158
     /tmp/ccvncDcb.s:104743  .debug_str:000000000002651c .LASF6159
     /tmp/ccvncDcb.s:103131  .debug_str:000000000001f7ec .LASF6160
     /tmp/ccvncDcb.s:101533  .debug_str:000000000001906c .LASF6161
     /tmp/ccvncDcb.s:106465  .debug_str:000000000002cf22 .LASF6162
     /tmp/ccvncDcb.s:105093  .debug_str:00000000000278a5 .LASF6163
     /tmp/ccvncDcb.s:102367  .debug_str:000000000001c658 .LASF6164
     /tmp/ccvncDcb.s:110553  .debug_str:000000000003d108 .LASF6165
     /tmp/ccvncDcb.s:95409  .debug_str:0000000000000860 .LASF6166
     /tmp/ccvncDcb.s:109487  .debug_str:000000000003917a .LASF6167
     /tmp/ccvncDcb.s:104471  .debug_str:0000000000025261 .LASF6168
     /tmp/ccvncDcb.s:112429  .debug_str:0000000000044c4c .LASF6169
     /tmp/ccvncDcb.s:97271  .debug_str:000000000000858b .LASF6170
     /tmp/ccvncDcb.s:108941  .debug_str:0000000000036b22 .LASF6171
     /tmp/ccvncDcb.s:111813  .debug_str:000000000004258e .LASF6172
     /tmp/ccvncDcb.s:98457  .debug_str:000000000000d553 .LASF6173
     /tmp/ccvncDcb.s:106985  .debug_str:000000000002ef53 .LASF6174
     /tmp/ccvncDcb.s:109653  .debug_str:0000000000039c11 .LASF6175
     /tmp/ccvncDcb.s:111683  .debug_str:0000000000041d01 .LASF6176
     /tmp/ccvncDcb.s:111147  .debug_str:000000000003f885 .LASF6177
     /tmp/ccvncDcb.s:113161  .debug_str:000000000004817b .LASF6178
     /tmp/ccvncDcb.s:106051  .debug_str:000000000002b4f1 .LASF6179
     /tmp/ccvncDcb.s:102503  .debug_str:000000000001ce3c .LASF6180
     /tmp/ccvncDcb.s:106301  .debug_str:000000000002c4ab .LASF6181
     /tmp/ccvncDcb.s:109457  .debug_str:0000000000038f2e .LASF6182
     /tmp/ccvncDcb.s:112855  .debug_str:0000000000046e15 .LASF6183
     /tmp/ccvncDcb.s:102369  .debug_str:000000000001c676 .LASF6184
     /tmp/ccvncDcb.s:97811  .debug_str:000000000000a896 .LASF6185
     /tmp/ccvncDcb.s:101653  .debug_str:00000000000198aa .LASF6186
     /tmp/ccvncDcb.s:96319  .debug_str:000000000000464c .LASF6187
     /tmp/ccvncDcb.s:96923  .debug_str:0000000000006ca3 .LASF6188
     /tmp/ccvncDcb.s:107171  .debug_str:000000000002fa70 .LASF6189
     /tmp/ccvncDcb.s:115621  .debug_str:000000000005222c .LASF6190
     /tmp/ccvncDcb.s:102995  .debug_str:000000000001ee2a .LASF6191
     /tmp/ccvncDcb.s:107795  .debug_str:00000000000321f4 .LASF6192
     /tmp/ccvncDcb.s:104601  .debug_str:0000000000025b86 .LASF6193
     /tmp/ccvncDcb.s:101011  .debug_str:0000000000016e41 .LASF6194
     /tmp/ccvncDcb.s:113789  .debug_str:000000000004a951 .LASF6195
     /tmp/ccvncDcb.s:95305  .debug_str:0000000000000111 .LASF6196
     /tmp/ccvncDcb.s:111409  .debug_str:0000000000040a19 .LASF6197
     /tmp/ccvncDcb.s:99265  .debug_str:0000000000010473 .LASF6198
     /tmp/ccvncDcb.s:111413  .debug_str:0000000000040a49 .LASF6199
     /tmp/ccvncDcb.s:111731  .debug_str:000000000004206d .LASF6200
     /tmp/ccvncDcb.s:104133  .debug_str:0000000000023d6d .LASF6201
     /tmp/ccvncDcb.s:105109  .debug_str:0000000000027a05 .LASF6202
     /tmp/ccvncDcb.s:96699  .debug_str:0000000000005eeb .LASF6203
     /tmp/ccvncDcb.s:97131  .debug_str:0000000000007bb9 .LASF6204
     /tmp/ccvncDcb.s:113091  .debug_str:0000000000047cf5 .LASF6205
     /tmp/ccvncDcb.s:107981  .debug_str:0000000000032ced .LASF6206
     /tmp/ccvncDcb.s:113805  .debug_str:000000000004aa86 .LASF6207
     /tmp/ccvncDcb.s:107575  .debug_str:0000000000031303 .LASF6208
     /tmp/ccvncDcb.s:97081  .debug_str:00000000000078a3 .LASF6209
     /tmp/ccvncDcb.s:108187  .debug_str:0000000000033a15 .LASF6210
     /tmp/ccvncDcb.s:113149  .debug_str:00000000000480a8 .LASF6211
     /tmp/ccvncDcb.s:103507  .debug_str:000000000002124a .LASF6212
     /tmp/ccvncDcb.s:103817  .debug_str:000000000002286e .LASF6213
     /tmp/ccvncDcb.s:110123  .debug_str:000000000003b9d2 .LASF6214
     /tmp/ccvncDcb.s:97375  .debug_str:0000000000008bde .LASF6215
     /tmp/ccvncDcb.s:100319  .debug_str:0000000000014446 .LASF6216
     /tmp/ccvncDcb.s:103641  .debug_str:0000000000021b55 .LASF6217
     /tmp/ccvncDcb.s:107055  .debug_str:000000000002f351 .LASF6218
     /tmp/ccvncDcb.s:97439  .debug_str:0000000000009061 .LASF6219
     /tmp/ccvncDcb.s:115783  .debug_str:0000000000052f52 .LASF6220
     /tmp/ccvncDcb.s:112609  .debug_str:0000000000045a8f .LASF6221
     /tmp/ccvncDcb.s:104803  .debug_str:0000000000026925 .LASF6222
     /tmp/ccvncDcb.s:102985  .debug_str:000000000001ed42 .LASF6223
     /tmp/ccvncDcb.s:96097  .debug_str:000000000000373c .LASF6224
     /tmp/ccvncDcb.s:98993  .debug_str:000000000000f59f .LASF6226
     /tmp/ccvncDcb.s:96413  .debug_str:0000000000004c7e .LASF6227
     /tmp/ccvncDcb.s:111897  .debug_str:0000000000042b7d .LASF6228
     /tmp/ccvncDcb.s:104135  .debug_str:0000000000023d8b .LASF6229
     /tmp/ccvncDcb.s:113099  .debug_str:0000000000047d8d .LASF6230
     /tmp/ccvncDcb.s:99443  .debug_str:0000000000010f8a .LASF6231
     /tmp/ccvncDcb.s:113363  .debug_str:0000000000048e23 .LASF6232
     /tmp/ccvncDcb.s:103679  .debug_str:0000000000021e88 .LASF6233
     /tmp/ccvncDcb.s:110679  .debug_str:000000000003d865 .LASF6234
     /tmp/ccvncDcb.s:114429  .debug_str:000000000004d223 .LASF6235
     /tmp/ccvncDcb.s:100153  .debug_str:000000000001395d .LASF6236
     /tmp/ccvncDcb.s:97075  .debug_str:000000000000785a .LASF6237
     /tmp/ccvncDcb.s:109093  .debug_str:000000000003748a .LASF6238
     /tmp/ccvncDcb.s:104365  .debug_str:0000000000024b95 .LASF6239
     /tmp/ccvncDcb.s:102355  .debug_str:000000000001c545 .LASF6240
     /tmp/ccvncDcb.s:110017  .debug_str:000000000003b339 .LASF6241
     /tmp/ccvncDcb.s:100767  .debug_str:0000000000015e64 .LASF6242
     /tmp/ccvncDcb.s:115209  .debug_str:00000000000506b4 .LASF6243
     /tmp/ccvncDcb.s:105385  .debug_str:00000000000288c6 .LASF6244
     /tmp/ccvncDcb.s:109303  .debug_str:00000000000383cd .LASF6245
     /tmp/ccvncDcb.s:112763  .debug_str:0000000000046705 .LASF6246
     /tmp/ccvncDcb.s:102901  .debug_str:000000000001e7ed .LASF6247
     /tmp/ccvncDcb.s:106877  .debug_str:000000000002e973 .LASF6248
     /tmp/ccvncDcb.s:95559  .debug_str:0000000000001216 .LASF6249
     /tmp/ccvncDcb.s:96221  .debug_str:0000000000003f18 .LASF6250
     /tmp/ccvncDcb.s:100853  .debug_str:0000000000016368 .LASF6251
     /tmp/ccvncDcb.s:112951  .debug_str:0000000000047367 .LASF6252
     /tmp/ccvncDcb.s:97323  .debug_str:0000000000008867 .LASF6253
     /tmp/ccvncDcb.s:106347  .debug_str:000000000002c7bb .LASF6254
     /tmp/ccvncDcb.s:111085  .debug_str:000000000003f445 .LASF6255
     /tmp/ccvncDcb.s:107031  .debug_str:000000000002f1c8 .LASF6256
     /tmp/ccvncDcb.s:102205  .debug_str:000000000001bbfc .LASF6257
     /tmp/ccvncDcb.s:108927  .debug_str:0000000000036a75 .LASF6258
     /tmp/ccvncDcb.s:108659  .debug_str:00000000000358b9 .LASF6259
     /tmp/ccvncDcb.s:112735  .debug_str:0000000000046525 .LASF6260
     /tmp/ccvncDcb.s:96595  .debug_str:00000000000057a8 .LASF6261
     /tmp/ccvncDcb.s:108171  .debug_str:0000000000033921 .LASF6262
     /tmp/ccvncDcb.s:114067  .debug_str:000000000004ba5b .LASF6266
     /tmp/ccvncDcb.s:114977  .debug_str:000000000004f684 .LASF6267
     /tmp/ccvncDcb.s:109917  .debug_str:000000000003ace2 .LASF6268
     /tmp/ccvncDcb.s:97873  .debug_str:000000000000ace9 .LASF6269
     /tmp/ccvncDcb.s:110197  .debug_str:000000000003bd74 .LASF6270
     /tmp/ccvncDcb.s:110817  .debug_str:000000000003e1d9 .LASF6271
     /tmp/ccvncDcb.s:111363  .debug_str:0000000000040671 .LASF6272
     /tmp/ccvncDcb.s:101627  .debug_str:0000000000019659 .LASF6273
     /tmp/ccvncDcb.s:95651  .debug_str:0000000000001838 .LASF6274
     /tmp/ccvncDcb.s:103251  .debug_str:000000000002004f .LASF6275
     /tmp/ccvncDcb.s:115673  .debug_str:00000000000525f4 .LASF6276
     /tmp/ccvncDcb.s:108417  .debug_str:00000000000347f6 .LASF6277
     /tmp/ccvncDcb.s:96687  .debug_str:0000000000005dd4 .LASF6278
     /tmp/ccvncDcb.s:100993  .debug_str:0000000000016c73 .LASF6279
     /tmp/ccvncDcb.s:107645  .debug_str:0000000000031730 .LASF6280
     /tmp/ccvncDcb.s:96497  .debug_str:00000000000051de .LASF6281
     /tmp/ccvncDcb.s:97695  .debug_str:000000000000a04a .LASF6282
     /tmp/ccvncDcb.s:105533  .debug_str:00000000000292be .LASF6283
     /tmp/ccvncDcb.s:96453  .debug_str:0000000000004eeb .LASF6284
     /tmp/ccvncDcb.s:112299  .debug_str:00000000000443b3 .LASF6285
     /tmp/ccvncDcb.s:112251  .debug_str:000000000004409f .LASF6286
     /tmp/ccvncDcb.s:109819  .debug_str:000000000003a70c .LASF6287
     /tmp/ccvncDcb.s:100417  .debug_str:0000000000014a0b .LASF6288
                           .group:0000000000000000 wm4.0.f7b5aef9685edec5249bbd7570880f7e
                           .group:0000000000000000 wm4._newlib_version.h.4.9ba035841e762c3308916a0ce96032e7
                           .group:0000000000000000 wm4.newlib.h.24.c310527e65dab9224e8fef4278ad2129
                           .group:0000000000000000 wm4.ieeefp.h.195.a810689bf65b84f4ad2c33b483468c94
                           .group:0000000000000000 wm4.features.h.22.fad1cec3bc7ff06488171438dbdcfd02
                           .group:0000000000000000 wm4.config.h.83.0359905d884ebfe41c79e1d7c780ef62
                           .group:0000000000000000 wm4._ansi.h.31.de524f58584151836e90d8620a16f8e8
                           .group:0000000000000000 wm4.stdio.h.31.7c0e28c411445f3f9c5b11accf882760
                           .group:0000000000000000 wm4._default_types.h.6.74c1620e62c751216328238764a7f2e5
                           .group:0000000000000000 wm4.stddef.h.187.2ff233552538c6ff9b8575ca8ea52cb3
                           .group:0000000000000000 wm4.cdefs.h.49.6260d97adb8d27534cbdc0f868b8ea87
                           .group:0000000000000000 wm4.stddef.h.39.ec95e8feac892e292b69dc7ae75b0d64
                           .group:0000000000000000 wm4.stdarg.h.34.3a23a216c0c293b3d2ea2e89281481e6
                           .group:0000000000000000 wm4._types.h.20.dd0d04dca3800a0d2a6129b87f3adbb2
                           .group:0000000000000000 wm4.stddef.h.161.5349cb105733e8777bfb0cf53c4e3f34
                           .group:0000000000000000 wm4._types.h.127.c5cfac939eadb83d223592dbacad7524
                           .group:0000000000000000 wm4.reent.h.17.487f8c1f76499d088b190f62530a0034
                           .group:0000000000000000 wm4.lock.h.2.c0958401bd0ce484d507ee19aacab817
                           .group:0000000000000000 wm4.reent.h.77.1187f1075ff88452c642b29ed9a9030d
                           .group:0000000000000000 wm4.types.h.40.8b6acba56cefbb11746718204edc8f5e
                           .group:0000000000000000 wm4._stdint.h.10.c24fa3af3bc1706662bb5593a907e841
                           .group:0000000000000000 wm4._endian.h.18.1bf9649e8e5bbc91042012680270b9ed
                           .group:0000000000000000 wm4.endian.h.9.49f3a4695c1b61e8a0808de3c4a106cb
                           .group:0000000000000000 wm4._timeval.h.30.0e8bfd94e85db17dda3286ee81496fe6
                           .group:0000000000000000 wm4.timespec.h.41.d855182eb0e690443ab8651bcedca6e1
                           .group:0000000000000000 wm4.select.h.19.97ca6fd0c752a0f3b6719fd314d361e6
                           .group:0000000000000000 wm4.types.h.51.5571ec98f267d17d3c670b7a3ba33afa
                           .group:0000000000000000 wm4.sched.h.22.c60982713a5c428609783c78f9c78d95
                           .group:0000000000000000 wm4._pthreadtypes.h.36.fcee9961c35163dde6267ef772ad1972
                           .group:0000000000000000 wm4.stdio.h.2.4aa87247282eca6c8f36f9de33d8df1a
                           .group:0000000000000000 wm4.stdio.h.81.60a2ded7dae310b81f9d6907fe5e3dbf
                           .group:0000000000000000 wm4.string.h.8.c4b8571ce60dff2817f43fec8b86aecd
                           .group:0000000000000000 wm4.stddef.h.161.19e15733342b50ead2919490b095303e
                           .group:0000000000000000 wm4.stdbool.h.29.07dce69c3b78884144b7f7bd19483461
                           .group:0000000000000000 wm4._intsup.h.10.b28b45fc63caeb010c3f7ee592257700
                           .group:0000000000000000 wm4.stdint.h.23.d53047a68f4a85177f80b422d52785ed
                           .group:0000000000000000 wm4.mss_assert.h.10.f54828af61f4d15c5e0162b6a5c84a60
                           .group:0000000000000000 wm4.mss_legacy_defines.h.20.594d5f03b0f5314e3b2e801d98173479
                           .group:0000000000000000 wm4.mss_beu_def.h.19.f849410d457a56a11edf68024874b76f
                           .group:0000000000000000 wm4.mss_ddr_defs.h.18.224212e3bcbcd97ac31a2f20c30c3b70
                           .group:0000000000000000 wm4.mss_sysreg.h.19.614456a035a0cca3fd9d4348b0740228
                           .group:0000000000000000 wm4.mss_ddr_sgmii_regs.h.5543.4c565db9c25f7d4b45bd9b264c475c73
                           .group:0000000000000000 wm4.mss_io_config.h.18.90215bc7a282e15d1e42d6c6f74bed4e
                           .group:0000000000000000 wm4.mss_pll.h.192.d6d9146a5a36ce9e7f6a5ae2e7816970
                           .group:0000000000000000 wm4.mss_scb_nwc_regs.h.19.92192026ece1a0bf26c7a7af9a56e40a
                           .group:0000000000000000 wm4.mss_sw_config.h.37.50b47aaab5eef0809806cc5dbc8be4fc
                           .group:0000000000000000 wm4.atomic.h.33.7c17fdf64e267483cec1d3aead0473f4
                           .group:0000000000000000 wm4.bits.h.32.2ced66ae3bdb7651edf1ccfb67de7b38
                           .group:0000000000000000 wm4.encoding.h.34.68f898bac6356b153788044b6c29d177
                           .group:0000000000000000 wm4.fpga_design_config.h.28.f7eb28fae6ebd09bf8c2082deeea643c
                           .group:0000000000000000 wm4.hw_memory.h.28.20599cf485f90ffaa97f313798a86238
                           .group:0000000000000000 wm4.hw_apb_split.h.28.a2537f445f7a8784a4f064a3a60be381
                           .group:0000000000000000 wm4.hw_cache.h.28.aa59d0803f1283c480a862ba52ff4d4f
                           .group:0000000000000000 wm4.hw_pmp_hart0.h.28.354eeff78ff2eb91d2783e01dbe4e5a4
                           .group:0000000000000000 wm4.hw_pmp_hart1.h.28.0ab9e64d9d5e4b3cdd2ef9fae2ec18f2
                           .group:0000000000000000 wm4.hw_pmp_hart2.h.28.361fe83e7fd64067a0988f3e9bcd6e5d
                           .group:0000000000000000 wm4.hw_pmp_hart3.h.28.8c3eca8078d58a4979d23ae7fc3ceb35
                           .group:0000000000000000 wm4.hw_pmp_hart4.h.28.f8bf6b50f09effab3f4dfc16a44d5d0e
                           .group:0000000000000000 wm4.hw_mpu_fic0.h.28.3a719367ee0b56c20c7541cca5239296
                           .group:0000000000000000 wm4.hw_mpu_fic1.h.28.35d3b72b131707dc62529924d8a0d281
                           .group:0000000000000000 wm4.hw_mpu_fic2.h.28.88b1cd488fc04fd09199876067a670cb
                           .group:0000000000000000 wm4.hw_mpu_crypto.h.28.45628d14bd81b7ae15853711bd55f118
                           .group:0000000000000000 wm4.hw_mpu_gem0.h.28.e88b73a77e588162ac08b038acfe3e30
                           .group:0000000000000000 wm4.hw_mpu_gem1.h.28.dadc3a640dcfb61a8f24791560fa3605
                           .group:0000000000000000 wm4.hw_mpu_usb.h.28.0b0c25c65da87670d72dffa8e9b51ad6
                           .group:0000000000000000 wm4.hw_mpu_mmc.h.28.a5df85f7a87dfaafd939c0c9743b44a9
                           .group:0000000000000000 wm4.hw_mpu_scb.h.28.2b778d620a29a13b1a33733b3fefaf3e
                           .group:0000000000000000 wm4.hw_mpu_trace.h.28.dbb150e27983d45d78ea646dfe7486fe
                           .group:0000000000000000 wm4.hw_nvm_map.h.28.f162fac35e5cde635e7ad6a64d1e9039
                           .group:0000000000000000 wm4.hw_mssio_mux.h.28.e7454fde92f262ddd8d62a867ea0920e
                           .group:0000000000000000 wm4.hw_mssio_mux_alternate.h.28.b8d16e28a2ceb0dfb89390fbf8a0824d
                           .group:0000000000000000 wm4.hw_hsio_mux.h.28.924a66a0f83f27c24767fbfdaffeb21f
                           .group:0000000000000000 wm4.hw_sgmii_tip.h.28.300e564dcb0b8e10a02f8aa22cd1e406
                           .group:0000000000000000 wm4.hw_ddr_options.h.28.57c69fbed22b132a5116a2e8202ef31b
                           .group:0000000000000000 wm4.hw_ddr_io_bank.h.28.97994078373a03e402aa7d6fbee4d10b
                           .group:0000000000000000 wm4.hw_ddr_mode.h.28.e12980d85cda7fc598d8fc4b0c6ae80a
                           .group:0000000000000000 wm4.hw_ddr_off_mode.h.28.c8f0d4bcf68d083d8ff0335e558930e9
                           .group:0000000000000000 wm4.hw_ddr_segs.h.28.93c530a254cc8a9c015d0bae044125b2
                           .group:0000000000000000 wm4.hw_ddrc.h.28.08059da746396e3799516897e3659011
                           .group:0000000000000000 wm4.hw_mss_clks.h.28.5ac7bc8afbcd8bf20af19bba21fd090a
                           .group:0000000000000000 wm4.hw_clk_sysreg.h.28.adf2eb2b08eeb2ee56f6129328388395
                           .group:0000000000000000 wm4.hw_clk_mss_pll.h.28.f29e56095f72545e176a24c00b4a4f9d
                           .group:0000000000000000 wm4.hw_clk_sgmii_pll.h.28.e5a751841e3330e1fa1c9e56e6520989
                           .group:0000000000000000 wm4.hw_clk_ddr_pll.h.28.c1ea1ad10a832d67220904a0d0b17b34
                           .group:0000000000000000 wm4.hw_clk_mss_cfm.h.28.365f11189fcbf1e2f08db25b2ea1557a
                           .group:0000000000000000 wm4.hw_clk_sgmii_cfm.h.28.f59fda78ad3b4981ccbc9fbc0d90ca0a
                           .group:0000000000000000 wm4.hw_gen_peripherals.h.28.b7ed6b1beed7bdf1572b3ce67f40701d
                           .group:0000000000000000 wm4.mss_ddr.h.335.2d2abad6760d8499d248b54011590468
                           .group:0000000000000000 wm4.mss_clint.h.28.3d2c636f4c8175d64797a2e961db02ff
                           .group:0000000000000000 wm4.mss_h2f.h.21.7086260854010c63b41a469cd9f7486d
                           .group:0000000000000000 wm4.mss_hart_ints.h.20.6ad89e0f9e22266fcd17f0448e2fe1a4
                           .group:0000000000000000 wm4.mss_beu.h.19.c2ae917e6cfe25f403b47f73645e65f7
                           .group:0000000000000000 wm4.mss_mpu.h.20.dd1fa2a8702d0e819fbbb263dc6428d1
                           .group:0000000000000000 wm4.mss_pmp.h.19.8f83d750289fe5e95625891444a65774
                           .group:0000000000000000 wm4.mss_plic.h.37.f01c8d38f1aa08d20212658e203ce75a
                           .group:0000000000000000 wm4.mss_seg.h.38.d7fedb2c993ff2eb58c3c1c5f57af66f
                           .group:0000000000000000 wm4.mss_util.h.31.57922375d48cf596b0783b975bb89aba
                           .group:0000000000000000 wm4.mss_mtrap.h.32.3506bc2f7b97dc7165484cc307bc8c3b
                           .group:0000000000000000 wm4.mss_l2_cache.h.430.934410ee5d62996f3b8869a34907e316
                           .group:0000000000000000 wm4.mss_axiswitch.h.110.fc13072c0144cbd8e516d1d4f8c599b2
                           .group:0000000000000000 wm4.mss_peripherals.h.19.9837bc1f8d1c62dfd266b4590a8830b2
                           .group:0000000000000000 wm4.mss_cfm.h.20.474baf099ef6f60b14912c934c5e47c6
                           .group:0000000000000000 wm4.mss_sgmii.h.18.7850ab5b5e05dabb42db8143f362bae8
                           .group:0000000000000000 wm4.system_startup.h.17.372727b49fdab2e286123d13f6b6542a
                           .group:0000000000000000 wm4.mss_ddr_debug.h.40.79a83a45aea2f09f97e5663e254e5e65
                           .group:0000000000000000 wm4.mpfs_hal_version.h.2.4f1932bcec60116a82f2b90098b8daa2
                           .group:0000000000000000 wm4.mss_uart.h.349.4489a38f3707af0b8be76db963910455
                           .group:0000000000000000 wm4.mss_gpio.h.186.6a8b841ac6365293c5e69064e920e3ed
                           .group:0000000000000000 wm4.mss_i2c_regs.h.12.dc0a6c16a1ede02e88700b3f14143e42
                           .group:0000000000000000 wm4.hal.h.66.8e950b6ccd872269e9e0b8c8cf854447
                           .group:0000000000000000 wm4.mss_i2c.h.391.9c1d11647c8c5ea6cc220453e59f0fba
                           .group:0000000000000000 wm4.hdmi_tx.h.11.58b1aabb95ca699fda12d50846d01f3f

UNDEFINED SYMBOLS
MSS_GPIO_set_output
MSS_GPIO_clear_irq
__enable_irq
mss_config_clk_rst
MSS_UART_init
strcpy
strlen
MSS_UART_polled_tx
SysTick_Config
plic_hart_lookup
MSS_GPIO_init
MSS_GPIO_config
HDMI_tx_init
MSS_GPIO_enable_irq
MSS_UART_get_rx
MSS_UART_polled_tx_string
g_mss_uart0_lo
