   1              		.file	"mss_plic.c"
   2              		.option nopic
   3              		.attribute arch, "rv64i2p0_m2p0_a2p0_f2p0_d2p0_c2p0"
   4              		.attribute unaligned_access, 0
   5              		.attribute stack_align, 16
   6              		.text
   7              	.Ltext0:
   8              		.cfi_sections	.debug_frame
   9              		.globl	plic_hart_lookup
  10              		.section	.rodata.plic_hart_lookup,"a"
  11              		.align	3
  14              	plic_hart_lookup:
  15 0000 00000000 		.dword	0
  15      00000000 
  16 0008 01000000 		.dword	1
  16      00000000 
  17 0010 03000000 		.dword	3
  17      00000000 
  18 0018 05000000 		.dword	5
  18      00000000 
  19 0020 07000000 		.dword	7
  19      00000000 
  20              		.text
  21              	.Letext0:
  22              		.file 1 "/home/makro/microchip/SoftConsole-v2022.2-RISC-V-747/riscv-unknown-elf-gcc/riscv64-unknow
  23              		.file 2 "/home/makro/microchip/SoftConsole-v2022.2-RISC-V-747/riscv-unknown-elf-gcc/riscv64-unknow
  24              		.file 3 "/home/makro/softconsole_2022/led-hdmi-uart-switches/src/platform/mpfs_hal/common/nwc/mss_
  25              		.file 4 "/home/makro/softconsole_2022/led-hdmi-uart-switches/src/platform/mpfs_hal/common/nwc/mss_
  26              		.file 5 "/home/makro/softconsole_2022/led-hdmi-uart-switches/src/platform/mpfs_hal/common/nwc/mss_
  27              		.file 6 "/home/makro/softconsole_2022/led-hdmi-uart-switches/src/platform/mpfs_hal/common/mss_mpu.
  28              		.file 7 "/home/makro/softconsole_2022/led-hdmi-uart-switches/src/platform/mpfs_hal/common/mss_plic
  29              		.file 8 "/home/makro/softconsole_2022/led-hdmi-uart-switches/src/platform/mpfs_hal/startup_gcc/sys
  30              		.file 9 "../src/platform/mpfs_hal/common/mss_plic.c"
DEFINED SYMBOLS
                            *ABS*:0000000000000000 mss_plic.c
     /tmp/cc7KEiL4.s:14     .rodata.plic_hart_lookup:0000000000000000 plic_hart_lookup
     /tmp/cc7KEiL4.s:66055  .debug_abbrev:0000000000000000 .Ldebug_abbrev0
     /tmp/cc7KEiL4.s:101708  .debug_str:0000000000046257 .LASF9198
     /tmp/cc7KEiL4.s:95730  .debug_str:000000000002d6f5 .LASF9199
     /tmp/cc7KEiL4.s:94902  .debug_str:0000000000029fad .LASF9200
     /tmp/cc7KEiL4.s:84772  .debug_line:0000000000000000 .Ldebug_line0
     /tmp/cc7KEiL4.s:66582  .debug_macro:0000000000000000 .Ldebug_macro0
     /tmp/cc7KEiL4.s:101582  .debug_str:0000000000045963 .LASF5722
     /tmp/cc7KEiL4.s:90560  .debug_str:0000000000017e9f .LASF5723
     /tmp/cc7KEiL4.s:103002  .debug_str:000000000004bd36 .LASF5724
     /tmp/cc7KEiL4.s:96312  .debug_str:000000000002fe2c .LASF5725
     /tmp/cc7KEiL4.s:101160  .debug_str:0000000000043d33 .LASF5726
     /tmp/cc7KEiL4.s:85844  .debug_str:0000000000004acb .LASF5730
     /tmp/cc7KEiL4.s:89338  .debug_str:0000000000012f68 .LASF5727
     /tmp/cc7KEiL4.s:99450  .debug_str:000000000003cbcf .LASF5728
     /tmp/cc7KEiL4.s:95640  .debug_str:000000000002d066 .LASF5729
     /tmp/cc7KEiL4.s:92886  .debug_str:0000000000022056 .LASF5731
     /tmp/cc7KEiL4.s:85508  .debug_str:0000000000003388 .LASF5732
     /tmp/cc7KEiL4.s:88754  .debug_str:00000000000108f8 .LASF5733
     /tmp/cc7KEiL4.s:100920  .debug_str:0000000000042da6 .LASF5734
     /tmp/cc7KEiL4.s:90494  .debug_str:0000000000017ab6 .LASF5735
     /tmp/cc7KEiL4.s:101834  .debug_str:0000000000046b2f .LASF5736
     /tmp/cc7KEiL4.s:89180  .debug_str:00000000000124ed .LASF5737
     /tmp/cc7KEiL4.s:88546  .debug_str:000000000000fb80 .LASF5738
     /tmp/cc7KEiL4.s:94720  .debug_str:000000000002935c .LASF5739
     /tmp/cc7KEiL4.s:92066  .debug_str:000000000001e7d7 .LASF5740
     /tmp/cc7KEiL4.s:92624  .debug_str:0000000000020dcc .LASF5741
     /tmp/cc7KEiL4.s:86784  .debug_str:0000000000008ac9 .LASF5742
     /tmp/cc7KEiL4.s:85604  .debug_str:00000000000039f2 .LASF5743
     /tmp/cc7KEiL4.s:96204  .debug_str:000000000002f734 .LASF5744
     /tmp/cc7KEiL4.s:94986  .debug_str:000000000002a54b .LASF5745
     /tmp/cc7KEiL4.s:85638  .debug_str:0000000000003c07 .LASF5746
     /tmp/cc7KEiL4.s:102486  .debug_str:00000000000498a6 .LASF5747
     /tmp/cc7KEiL4.s:99284  .debug_str:000000000003c142 .LASF5748
     /tmp/cc7KEiL4.s:95652  .debug_str:000000000002d132 .LASF5749
     /tmp/cc7KEiL4.s:84876  .debug_str:0000000000000717 .LASF5750
     /tmp/cc7KEiL4.s:96406  .debug_str:0000000000030540 .LASF5751
     /tmp/cc7KEiL4.s:100832  .debug_str:000000000004282b .LASF5752
     /tmp/cc7KEiL4.s:90456  .debug_str:00000000000178c6 .LASF5753
     /tmp/cc7KEiL4.s:96452  .debug_str:000000000003086a .LASF5754
     /tmp/cc7KEiL4.s:96398  .debug_str:00000000000304d3 .LASF5755
     /tmp/cc7KEiL4.s:92432  .debug_str:000000000002018e .LASF5756
     /tmp/cc7KEiL4.s:100132  .debug_str:000000000003fa46 .LASF5757
     /tmp/cc7KEiL4.s:96864  .debug_str:0000000000032433 .LASF5758
     /tmp/cc7KEiL4.s:97078  .debug_str:0000000000033343 .LASF5759
     /tmp/cc7KEiL4.s:96420  .debug_str:0000000000030626 .LASF5760
     /tmp/cc7KEiL4.s:102334  .debug_str:0000000000048d5d .LASF5761
     /tmp/cc7KEiL4.s:98488  .debug_str:0000000000038a28 .LASF5762
     /tmp/cc7KEiL4.s:89942  .debug_str:0000000000015594 .LASF5763
     /tmp/cc7KEiL4.s:92408  .debug_str:0000000000020029 .LASF5764
     /tmp/cc7KEiL4.s:85784  .debug_str:0000000000004666 .LASF5765
     /tmp/cc7KEiL4.s:95370  .debug_str:000000000002bdbd .LASF5766
     /tmp/cc7KEiL4.s:97120  .debug_str:00000000000335ab .LASF5767
     /tmp/cc7KEiL4.s:95008  .debug_str:000000000002a741 .LASF5768
     /tmp/cc7KEiL4.s:95666  .debug_str:000000000002d294 .LASF5769
     /tmp/cc7KEiL4.s:96346  .debug_str:0000000000030074 .LASF5770
     /tmp/cc7KEiL4.s:95392  .debug_str:000000000002bf36 .LASF5771
     /tmp/cc7KEiL4.s:101306  .debug_str:00000000000446d8 .LASF5772
     /tmp/cc7KEiL4.s:86562  .debug_str:0000000000007b39 .LASF5773
     /tmp/cc7KEiL4.s:88902  .debug_str:0000000000011226 .LASF5774
     /tmp/cc7KEiL4.s:91338  .debug_str:000000000001b5bb .LASF5775
     /tmp/cc7KEiL4.s:84914  .debug_str:00000000000009a2 .LASF5776
     /tmp/cc7KEiL4.s:98540  .debug_str:0000000000038e47 .LASF5777
     /tmp/cc7KEiL4.s:99836  .debug_str:000000000003e4f6 .LASF5778
     /tmp/cc7KEiL4.s:101570  .debug_str:0000000000045885 .LASF5779
     /tmp/cc7KEiL4.s:94380  .debug_str:0000000000027e15 .LASF5780
     /tmp/cc7KEiL4.s:96438  .debug_str:0000000000030795 .LASF5781
     /tmp/cc7KEiL4.s:85012  .debug_str:0000000000001083 .LASF5782
     /tmp/cc7KEiL4.s:87078  .debug_str:0000000000009e8b .LASF5783
     /tmp/cc7KEiL4.s:89758  .debug_str:00000000000149a7 .LASF5784
     /tmp/cc7KEiL4.s:85102  .debug_str:0000000000001620 .LASF5785
     /tmp/cc7KEiL4.s:97814  .debug_str:00000000000362b6 .LASF5786
     /tmp/cc7KEiL4.s:95686  .debug_str:000000000002d414 .LASF5787
     /tmp/cc7KEiL4.s:89242  .debug_str:00000000000129f2 .LASF5788
     /tmp/cc7KEiL4.s:101854  .debug_str:0000000000046c6b .LASF5789
     /tmp/cc7KEiL4.s:85034  .debug_str:00000000000011db .LASF5790
     /tmp/cc7KEiL4.s:92772  .debug_str:0000000000021810 .LASF5791
     /tmp/cc7KEiL4.s:90306  .debug_str:0000000000016e9a .LASF5792
     /tmp/cc7KEiL4.s:89494  .debug_str:000000000001392b .LASF5793
     /tmp/cc7KEiL4.s:91518  .debug_str:000000000001c110 .LASF5794
     /tmp/cc7KEiL4.s:95394  .debug_str:000000000002bf5d .LASF5795
     /tmp/cc7KEiL4.s:102702  .debug_str:000000000004a946 .LASF5796
     /tmp/cc7KEiL4.s:100638  .debug_str:0000000000041c2b .LASF5797
     /tmp/cc7KEiL4.s:88860  .debug_str:0000000000010f23 .LASF5798
     /tmp/cc7KEiL4.s:99562  .debug_str:000000000003d2e1 .LASF5799
     /tmp/cc7KEiL4.s:90124  .debug_str:000000000001618b .LASF5800
     /tmp/cc7KEiL4.s:85868  .debug_str:0000000000004c1e .LASF5801
     /tmp/cc7KEiL4.s:84948  .debug_str:0000000000000bbd .LASF5802
     /tmp/cc7KEiL4.s:91146  .debug_str:000000000001a757 .LASF5803
     /tmp/cc7KEiL4.s:101332  .debug_str:000000000004489b .LASF5804
     /tmp/cc7KEiL4.s:102796  .debug_str:000000000004afc3 .LASF5805
     /tmp/cc7KEiL4.s:97858  .debug_str:00000000000364a4 .LASF5806
     /tmp/cc7KEiL4.s:87724  .debug_str:000000000000cba6 .LASF5807
     /tmp/cc7KEiL4.s:87900  .debug_str:000000000000d688 .LASF5808
     /tmp/cc7KEiL4.s:102594  .debug_str:000000000004a02d .LASF5809
     /tmp/cc7KEiL4.s:100354  .debug_str:0000000000040967 .LASF5810
     /tmp/cc7KEiL4.s:102022  .debug_str:000000000004770d .LASF5811
     /tmp/cc7KEiL4.s:85488  .debug_str:0000000000003254 .LASF5812
     /tmp/cc7KEiL4.s:102994  .debug_str:000000000004bcb4 .LASF5813
     /tmp/cc7KEiL4.s:90044  .debug_str:0000000000015cca .LASF5814
     /tmp/cc7KEiL4.s:98790  .debug_str:0000000000039faa .LASF5815
     /tmp/cc7KEiL4.s:86754  .debug_str:00000000000088ae .LASF5816
     /tmp/cc7KEiL4.s:85998  .debug_str:0000000000005584 .LASF5817
     /tmp/cc7KEiL4.s:85848  .debug_str:0000000000004ae3 .LASF5818
     /tmp/cc7KEiL4.s:97636  .debug_str:00000000000357eb .LASF5819
     /tmp/cc7KEiL4.s:98074  .debug_str:0000000000037056 .LASF5820
     /tmp/cc7KEiL4.s:85750  .debug_str:0000000000004404 .LASF5821
     /tmp/cc7KEiL4.s:94092  .debug_str:0000000000026b51 .LASF5822
     /tmp/cc7KEiL4.s:102154  .debug_str:0000000000048122 .LASF5823
     /tmp/cc7KEiL4.s:94618  .debug_str:0000000000028d13 .LASF5824
     /tmp/cc7KEiL4.s:89906  .debug_str:0000000000015351 .LASF5825
     /tmp/cc7KEiL4.s:88192  .debug_str:000000000000e70a .LASF5826
     /tmp/cc7KEiL4.s:86032  .debug_str:0000000000005842 .LASF5827
     /tmp/cc7KEiL4.s:99874  .debug_str:000000000003e832 .LASF5828
     /tmp/cc7KEiL4.s:98794  .debug_str:000000000003a00b .LASF5829
     /tmp/cc7KEiL4.s:88642  .debug_str:00000000000100f5 .LASF5830
     /tmp/cc7KEiL4.s:87952  .debug_str:000000000000d9f7 .LASF5831
     /tmp/cc7KEiL4.s:92350  .debug_str:000000000001fbd6 .LASF5832
     /tmp/cc7KEiL4.s:85266  .debug_str:0000000000002212 .LASF5833
     /tmp/cc7KEiL4.s:86074  .debug_str:0000000000005b0f .LASF5834
     /tmp/cc7KEiL4.s:90422  .debug_str:0000000000017668 .LASF5835
     /tmp/cc7KEiL4.s:96546  .debug_str:0000000000030ef4 .LASF5836
     /tmp/cc7KEiL4.s:89988  .debug_str:000000000001585f .LASF5837
     /tmp/cc7KEiL4.s:94490  .debug_str:0000000000028591 .LASF5838
     /tmp/cc7KEiL4.s:88666  .debug_str:00000000000102c0 .LASF5839
     /tmp/cc7KEiL4.s:98870  .debug_str:000000000003a4ec .LASF5840
     /tmp/cc7KEiL4.s:102618  .debug_str:000000000004a27d .LASF5841
     /tmp/cc7KEiL4.s:99782  .debug_str:000000000003e16c .LASF5842
     /tmp/cc7KEiL4.s:96850  .debug_str:0000000000032373 .LASF5843
     /tmp/cc7KEiL4.s:93224  .debug_str:0000000000023596 .LASF5844
     /tmp/cc7KEiL4.s:96852  .debug_str:000000000003237f .LASF5845
     /tmp/cc7KEiL4.s:98218  .debug_str:000000000003780b .LASF5846
     /tmp/cc7KEiL4.s:94746  .debug_str:00000000000295d0 .LASF5847
     /tmp/cc7KEiL4.s:91846  .debug_str:000000000001d7f5 .LASF5848
     /tmp/cc7KEiL4.s:91950  .debug_str:000000000001dfc7 .LASF5849
     /tmp/cc7KEiL4.s:96108  .debug_str:000000000002f119 .LASF5850
     /tmp/cc7KEiL4.s:86882  .debug_str:0000000000009129 .LASF5851
     /tmp/cc7KEiL4.s:91748  .debug_str:000000000001d1a3 .LASF5852
     /tmp/cc7KEiL4.s:87048  .debug_str:0000000000009cdf .LASF5853
     /tmp/cc7KEiL4.s:91610  .debug_str:000000000001c7d8 .LASF5854
     /tmp/cc7KEiL4.s:86850  .debug_str:0000000000008f74 .LASF5855
     /tmp/cc7KEiL4.s:94620  .debug_str:0000000000028d2f .LASF5856
     /tmp/cc7KEiL4.s:91462  .debug_str:000000000001bd8c .LASF5857
     /tmp/cc7KEiL4.s:101526  .debug_str:00000000000455b2 .LASF5858
     /tmp/cc7KEiL4.s:86266  .debug_str:00000000000067e1 .LASF5859
     /tmp/cc7KEiL4.s:97406  .debug_str:000000000003490b .LASF5860
     /tmp/cc7KEiL4.s:102218  .debug_str:000000000004854e .LASF5861
     /tmp/cc7KEiL4.s:102514  .debug_str:0000000000049a3e .LASF5862
     /tmp/cc7KEiL4.s:85728  .debug_str:0000000000004308 .LASF5863
     /tmp/cc7KEiL4.s:102528  .debug_str:0000000000049b30 .LASF5864
     /tmp/cc7KEiL4.s:87466  .debug_str:000000000000ba8d .LASF5865
     /tmp/cc7KEiL4.s:92864  .debug_str:0000000000021ed1 .LASF5866
     /tmp/cc7KEiL4.s:87942  .debug_str:000000000000d98a .LASF5867
     /tmp/cc7KEiL4.s:92978  .debug_str:0000000000022604 .LASF5868
     /tmp/cc7KEiL4.s:95216  .debug_str:000000000002b38e .LASF5869
     /tmp/cc7KEiL4.s:102834  .debug_str:000000000004b275 .LASF5870
     /tmp/cc7KEiL4.s:92920  .debug_str:0000000000022297 .LASF5871
     /tmp/cc7KEiL4.s:95248  .debug_str:000000000002b589 .LASF5872
     /tmp/cc7KEiL4.s:90588  .debug_str:00000000000180cc .LASF5873
     /tmp/cc7KEiL4.s:90590  .debug_str:00000000000180db .LASF5874
     /tmp/cc7KEiL4.s:90768  .debug_str:0000000000018d28 .LASF5875
     /tmp/cc7KEiL4.s:89922  .debug_str:000000000001541b .LASF5876
     /tmp/cc7KEiL4.s:96740  .debug_str:0000000000031c87 .LASF5877
     /tmp/cc7KEiL4.s:91820  .debug_str:000000000001d6bb .LASF5878
     /tmp/cc7KEiL4.s:88264  .debug_str:000000000000eaf0 .LASF5879
     /tmp/cc7KEiL4.s:88266  .debug_str:000000000000eaff .LASF5880
     /tmp/cc7KEiL4.s:90256  .debug_str:0000000000016b67 .LASF5881
     /tmp/cc7KEiL4.s:93298  .debug_str:0000000000023987 .LASF5882
     /tmp/cc7KEiL4.s:100078  .debug_str:000000000003f67e .LASF5883
     /tmp/cc7KEiL4.s:99538  .debug_str:000000000003d18d .LASF5884
     /tmp/cc7KEiL4.s:91822  .debug_str:000000000001d6c5 .LASF5885
     /tmp/cc7KEiL4.s:86682  .debug_str:00000000000083a6 .LASF5886
     /tmp/cc7KEiL4.s:93404  .debug_str:0000000000023edd .LASF5887
     /tmp/cc7KEiL4.s:101490  .debug_str:0000000000045341 .LASF5888
     /tmp/cc7KEiL4.s:91050  .debug_str:000000000001a0ef .LASF5889
     /tmp/cc7KEiL4.s:93088  .debug_str:0000000000022de6 .LASF5890
     /tmp/cc7KEiL4.s:98132  .debug_str:0000000000037359 .LASF5891
     /tmp/cc7KEiL4.s:95520  .debug_str:000000000002c853 .LASF5892
     /tmp/cc7KEiL4.s:101208  .debug_str:0000000000043fe0 .LASF5893
     /tmp/cc7KEiL4.s:85686  .debug_str:0000000000003fc6 .LASF5894
     /tmp/cc7KEiL4.s:88576  .debug_str:000000000000fdcc .LASF5895
     /tmp/cc7KEiL4.s:98290  .debug_str:0000000000037cd9 .LASF5896
     /tmp/cc7KEiL4.s:101062  .debug_str:000000000004365f .LASF5897
     /tmp/cc7KEiL4.s:93000  .debug_str:0000000000022794 .LASF5898
     /tmp/cc7KEiL4.s:99678  .debug_str:000000000003d9e8 .LASF5899
     /tmp/cc7KEiL4.s:100584  .debug_str:000000000004181b .LASF5900
     /tmp/cc7KEiL4.s:91430  .debug_str:000000000001bb76 .LASF5901
     /tmp/cc7KEiL4.s:102872  .debug_str:000000000004b478 .LASF5902
     /tmp/cc7KEiL4.s:92448  .debug_str:00000000000202fc .LASF5903
     /tmp/cc7KEiL4.s:87932  .debug_str:000000000000d8f3 .LASF5904
     /tmp/cc7KEiL4.s:87204  .debug_str:000000000000a778 .LASF5905
     /tmp/cc7KEiL4.s:86178  .debug_str:0000000000006194 .LASF5906
     /tmp/cc7KEiL4.s:100366  .debug_str:0000000000040a4a .LASF5907
     /tmp/cc7KEiL4.s:87714  .debug_str:000000000000cb19 .LASF5908
     /tmp/cc7KEiL4.s:100590  .debug_str:00000000000418a8 .LASF5909
     /tmp/cc7KEiL4.s:96530  .debug_str:0000000000030ddf .LASF5910
     /tmp/cc7KEiL4.s:100296  .debug_str:00000000000404ba .LASF5911
     /tmp/cc7KEiL4.s:101850  .debug_str:0000000000046c29 .LASF5912
     /tmp/cc7KEiL4.s:95092  .debug_str:000000000002aca3 .LASF5913
     /tmp/cc7KEiL4.s:101192  .debug_str:0000000000043eca .LASF5914
     /tmp/cc7KEiL4.s:102502  .debug_str:000000000004997a .LASF5915
     /tmp/cc7KEiL4.s:97512  .debug_str:000000000003503d .LASF5916
     /tmp/cc7KEiL4.s:94416  .debug_str:000000000002809b .LASF5917
     /tmp/cc7KEiL4.s:94428  .debug_str:0000000000028163 .LASF5918
     /tmp/cc7KEiL4.s:87782  .debug_str:000000000000cf87 .LASF5919
     /tmp/cc7KEiL4.s:100778  .debug_str:00000000000424f3 .LASF5920
     /tmp/cc7KEiL4.s:100554  .debug_str:000000000004166a .LASF5921
     /tmp/cc7KEiL4.s:100780  .debug_str:00000000000424fd .LASF5922
     /tmp/cc7KEiL4.s:89366  .debug_str:0000000000013150 .LASF5923
     /tmp/cc7KEiL4.s:100786  .debug_str:000000000004254f .LASF5924
     /tmp/cc7KEiL4.s:100018  .debug_str:000000000003f22e .LASF5925
     /tmp/cc7KEiL4.s:99054  .debug_str:000000000003b10a .LASF5926
     /tmp/cc7KEiL4.s:87548  .debug_str:000000000000bfb7 .LASF5927
     /tmp/cc7KEiL4.s:96076  .debug_str:000000000002ef26 .LASF5928
     /tmp/cc7KEiL4.s:100788  .debug_str:0000000000042559 .LASF5929
     /tmp/cc7KEiL4.s:87946  .debug_str:000000000000d9d9 .LASF5930
     /tmp/cc7KEiL4.s:92512  .debug_str:0000000000020749 .LASF5931
     /tmp/cc7KEiL4.s:87544  .debug_str:000000000000bf4d .LASF5932
     /tmp/cc7KEiL4.s:102958  .debug_str:000000000004ba7e .LASF5933
     /tmp/cc7KEiL4.s:89260  .debug_str:0000000000012b05 .LASF5934
     /tmp/cc7KEiL4.s:87948  .debug_str:000000000000d9e3 .LASF5935
     /tmp/cc7KEiL4.s:85396  .debug_str:0000000000002b89 .LASF5936
     /tmp/cc7KEiL4.s:87950  .debug_str:000000000000d9ed .LASF5937
     /tmp/cc7KEiL4.s:89838  .debug_str:0000000000014fc6 .LASF5938
     /tmp/cc7KEiL4.s:97418  .debug_str:00000000000349cf .LASF5939
     /tmp/cc7KEiL4.s:88026  .debug_str:000000000000df06 .LASF5940
     /tmp/cc7KEiL4.s:92034  .debug_str:000000000001e56c .LASF5941
     /tmp/cc7KEiL4.s:88028  .debug_str:000000000000df10 .LASF5942
     /tmp/cc7KEiL4.s:84904  .debug_str:0000000000000913 .LASF5943
     /tmp/cc7KEiL4.s:88280  .debug_str:000000000000ebf7 .LASF5944
     /tmp/cc7KEiL4.s:98048  .debug_str:0000000000036ed7 .LASF5945
     /tmp/cc7KEiL4.s:87034  .debug_str:0000000000009c20 .LASF5946
     /tmp/cc7KEiL4.s:100928  .debug_str:0000000000042e27 .LASF5947
     /tmp/cc7KEiL4.s:99580  .debug_str:000000000003d411 .LASF5948
     /tmp/cc7KEiL4.s:88032  .debug_str:000000000000df33 .LASF5949
     /tmp/cc7KEiL4.s:87624  .debug_str:000000000000c512 .LASF5950
     /tmp/cc7KEiL4.s:95136  .debug_str:000000000002aefe .LASF5951
     /tmp/cc7KEiL4.s:88034  .debug_str:000000000000df3d .LASF5952
     /tmp/cc7KEiL4.s:86822  .debug_str:0000000000008d83 .LASF5953
     /tmp/cc7KEiL4.s:99594  .debug_str:000000000003d4d2 .LASF5954
     /tmp/cc7KEiL4.s:102922  .debug_str:000000000004b840 .LASF5955
     /tmp/cc7KEiL4.s:102052  .debug_str:00000000000479dd .LASF5956
     /tmp/cc7KEiL4.s:100156  .debug_str:000000000003fb94 .LASF5957
     /tmp/cc7KEiL4.s:86612  .debug_str:0000000000007ea3 .LASF5958
     /tmp/cc7KEiL4.s:88036  .debug_str:000000000000df47 .LASF5959
     /tmp/cc7KEiL4.s:101948  .debug_str:0000000000047293 .LASF5960
     /tmp/cc7KEiL4.s:88038  .debug_str:000000000000df51 .LASF5961
     /tmp/cc7KEiL4.s:96520  .debug_str:0000000000030d33 .LASF5962
     /tmp/cc7KEiL4.s:85628  .debug_str:0000000000003b7a .LASF5963
     /tmp/cc7KEiL4.s:88040  .debug_str:000000000000df5b .LASF5964
     /tmp/cc7KEiL4.s:94158  .debug_str:0000000000026fce .LASF5965
     /tmp/cc7KEiL4.s:90750  .debug_str:0000000000018b9e .LASF5966
     /tmp/cc7KEiL4.s:86272  .debug_str:000000000000684d .LASF5967
     /tmp/cc7KEiL4.s:89826  .debug_str:0000000000014f31 .LASF5968
     /tmp/cc7KEiL4.s:100498  .debug_str:00000000000412b1 .LASF5969
     /tmp/cc7KEiL4.s:88042  .debug_str:000000000000df65 .LASF5970
     /tmp/cc7KEiL4.s:94394  .debug_str:0000000000027f20 .LASF5971
     /tmp/cc7KEiL4.s:89690  .debug_str:000000000001459b .LASF5972
     /tmp/cc7KEiL4.s:100896  .debug_str:0000000000042bf9 .LASF5973
     /tmp/cc7KEiL4.s:101048  .debug_str:0000000000043589 .LASF5974
     /tmp/cc7KEiL4.s:91018  .debug_str:0000000000019f1a .LASF5975
     /tmp/cc7KEiL4.s:95458  .debug_str:000000000002c3d7 .LASF5976
     /tmp/cc7KEiL4.s:84972  .debug_str:0000000000000d76 .LASF5977
     /tmp/cc7KEiL4.s:93970  .debug_str:000000000002634b .LASF5978
     /tmp/cc7KEiL4.s:99912  .debug_str:000000000003eb03 .LASF5979
     /tmp/cc7KEiL4.s:94094  .debug_str:0000000000026b94 .LASF5980
     /tmp/cc7KEiL4.s:88210  .debug_str:000000000000e871 .LASF5981
     /tmp/cc7KEiL4.s:100888  .debug_str:0000000000042b66 .LASF5982
     /tmp/cc7KEiL4.s:101138  .debug_str:0000000000043b82 .LASF5983
     /tmp/cc7KEiL4.s:88102  .debug_str:000000000000e2ce .LASF5984
     /tmp/cc7KEiL4.s:87258  .debug_str:000000000000ab86 .LASF5985
     /tmp/cc7KEiL4.s:86634  .debug_str:0000000000008029 .LASF5986
     /tmp/cc7KEiL4.s:89178  .debug_str:00000000000124e6 .LASF5987
     /tmp/cc7KEiL4.s:89062  .debug_str:0000000000011d22 .LASF5988
     /tmp/cc7KEiL4.s:100594  .debug_str:00000000000418eb .LASF5989
     /tmp/cc7KEiL4.s:99254  .debug_str:000000000003bf11 .LASF5990
     /tmp/cc7KEiL4.s:94190  .debug_str:000000000002722a .LASF5991
     /tmp/cc7KEiL4.s:87318  .debug_str:000000000000afe0 .LASF5992
     /tmp/cc7KEiL4.s:99944  .debug_str:000000000003ed41 .LASF5993
     /tmp/cc7KEiL4.s:92098  .debug_str:000000000001ea83 .LASF5994
     /tmp/cc7KEiL4.s:87850  .debug_str:000000000000d3c6 .LASF5995
     /tmp/cc7KEiL4.s:102730  .debug_str:000000000004aaf1 .LASF5996
     /tmp/cc7KEiL4.s:89258  .debug_str:0000000000012adb .LASF5997
     /tmp/cc7KEiL4.s:90674  .debug_str:00000000000186a0 .LASF5998
     /tmp/cc7KEiL4.s:99386  .debug_str:000000000003c7a3 .LASF5999
     /tmp/cc7KEiL4.s:94882  .debug_str:0000000000029e8c .LASF6000
     /tmp/cc7KEiL4.s:95348  .debug_str:000000000002bc83 .LASF6001
     /tmp/cc7KEiL4.s:95022  .debug_str:000000000002a803 .LASF6002
     /tmp/cc7KEiL4.s:93972  .debug_str:0000000000026365 .LASF6003
     /tmp/cc7KEiL4.s:96068  .debug_str:000000000002eeb4 .LASF6004
     /tmp/cc7KEiL4.s:84868  .debug_str:00000000000006ae .LASF6005
     /tmp/cc7KEiL4.s:85524  .debug_str:000000000000342e .LASF6006
     /tmp/cc7KEiL4.s:101990  .debug_str:000000000004753f .LASF6007
     /tmp/cc7KEiL4.s:87990  .debug_str:000000000000dc89 .LASF6008
     /tmp/cc7KEiL4.s:87854  .debug_str:000000000000d3fa .LASF6009
     /tmp/cc7KEiL4.s:87856  .debug_str:000000000000d404 .LASF6010
     /tmp/cc7KEiL4.s:91100  .debug_str:000000000001a415 .LASF6011
     /tmp/cc7KEiL4.s:100700  .debug_str:000000000004200d .LASF6012
     /tmp/cc7KEiL4.s:94828  .debug_str:0000000000029ad3 .LASF6013
     /tmp/cc7KEiL4.s:96458  .debug_str:000000000003091c .LASF6014
     /tmp/cc7KEiL4.s:93914  .debug_str:0000000000025fb4 .LASF6015
     /tmp/cc7KEiL4.s:87044  .debug_str:0000000000009cc3 .LASF6016
     /tmp/cc7KEiL4.s:100884  .debug_str:0000000000042b33 .LASF6017
     /tmp/cc7KEiL4.s:91360  .debug_str:000000000001b74e .LASF6018
     /tmp/cc7KEiL4.s:87970  .debug_str:000000000000db68 .LASF6019
     /tmp/cc7KEiL4.s:97890  .debug_str:00000000000366e1 .LASF6020
     /tmp/cc7KEiL4.s:94576  .debug_str:0000000000028a84 .LASF6021
     /tmp/cc7KEiL4.s:87444  .debug_str:000000000000b940 .LASF6022
     /tmp/cc7KEiL4.s:88176  .debug_str:000000000000e5e5 .LASF6023
     /tmp/cc7KEiL4.s:98062  .debug_str:0000000000036fb5 .LASF6024
     /tmp/cc7KEiL4.s:96274  .debug_str:000000000002fba8 .LASF6025
     /tmp/cc7KEiL4.s:92458  .debug_str:00000000000203c2 .LASF6026
     /tmp/cc7KEiL4.s:91760  .debug_str:000000000001d293 .LASF6027
     /tmp/cc7KEiL4.s:86704  .debug_str:0000000000008518 .LASF6028
     /tmp/cc7KEiL4.s:98712  .debug_str:00000000000399e2 .LASF6029
     /tmp/cc7KEiL4.s:91370  .debug_str:000000000001b7c3 .LASF6030
     /tmp/cc7KEiL4.s:87028  .debug_str:0000000000009b9d .LASF6031
     /tmp/cc7KEiL4.s:100544  .debug_str:00000000000415f0 .LASF6032
     /tmp/cc7KEiL4.s:101954  .debug_str:00000000000472b7 .LASF6033
     /tmp/cc7KEiL4.s:98100  .debug_str:000000000003711d .LASF6034
     /tmp/cc7KEiL4.s:91864  .debug_str:000000000001d923 .LASF6035
     /tmp/cc7KEiL4.s:86144  .debug_str:0000000000005f96 .LASF6036
     /tmp/cc7KEiL4.s:97096  .debug_str:0000000000033440 .LASF6037
     /tmp/cc7KEiL4.s:95138  .debug_str:000000000002af09 .LASF6038
     /tmp/cc7KEiL4.s:92084  .debug_str:000000000001e973 .LASF6039
     /tmp/cc7KEiL4.s:84788  .debug_str:0000000000000119 .LASF6040
     /tmp/cc7KEiL4.s:89680  .debug_str:000000000001449a .LASF6041
     /tmp/cc7KEiL4.s:92904  .debug_str:0000000000022199 .LASF6042
     /tmp/cc7KEiL4.s:86620  .debug_str:0000000000007f1d .LASF6043
     /tmp/cc7KEiL4.s:101080  .debug_str:0000000000043719 .LASF6044
     /tmp/cc7KEiL4.s:85950  .debug_str:00000000000051a5 .LASF6045
     /tmp/cc7KEiL4.s:100134  .debug_str:000000000003fa6d .LASF6046
     /tmp/cc7KEiL4.s:93764  .debug_str:0000000000025598 .LASF6047
     /tmp/cc7KEiL4.s:99274  .debug_str:000000000003c099 .LASF6048
     /tmp/cc7KEiL4.s:91986  .debug_str:000000000001e28b .LASF6049
     /tmp/cc7KEiL4.s:87232  .debug_str:000000000000a934 .LASF6050
     /tmp/cc7KEiL4.s:96286  .debug_str:000000000002fc7b .LASF6051
     /tmp/cc7KEiL4.s:89978  .debug_str:00000000000157b0 .LASF6052
     /tmp/cc7KEiL4.s:102864  .debug_str:000000000004b419 .LASF6053
     /tmp/cc7KEiL4.s:97780  .debug_str:0000000000036065 .LASF6054
     /tmp/cc7KEiL4.s:93676  .debug_str:0000000000024f7f .LASF6055
     /tmp/cc7KEiL4.s:94776  .debug_str:00000000000297d4 .LASF6056
     /tmp/cc7KEiL4.s:97388  .debug_str:000000000003483c .LASF6057
     /tmp/cc7KEiL4.s:97554  .debug_str:000000000003531a .LASF6058
     /tmp/cc7KEiL4.s:94796  .debug_str:000000000002991b .LASF6059
     /tmp/cc7KEiL4.s:97404  .debug_str:00000000000348fc .LASF6060
     /tmp/cc7KEiL4.s:86040  .debug_str:000000000000589b .LASF6061
     /tmp/cc7KEiL4.s:94122  .debug_str:0000000000026d90 .LASF6062
     /tmp/cc7KEiL4.s:91936  .debug_str:000000000001dec6 .LASF6063
     /tmp/cc7KEiL4.s:88110  .debug_str:000000000000e32f .LASF6064
     /tmp/cc7KEiL4.s:87472  .debug_str:000000000000bacb .LASF6065
     /tmp/cc7KEiL4.s:87506  .debug_str:000000000000bcfb .LASF6066
     /tmp/cc7KEiL4.s:94792  .debug_str:00000000000298d4 .LASF6067
     /tmp/cc7KEiL4.s:92738  .debug_str:000000000002161d .LASF6068
     /tmp/cc7KEiL4.s:96450  .debug_str:0000000000030856 .LASF6069
     /tmp/cc7KEiL4.s:90614  .debug_str:0000000000018233 .LASF6070
     /tmp/cc7KEiL4.s:102450  .debug_str:0000000000049611 .LASF6071
     /tmp/cc7KEiL4.s:100880  .debug_str:0000000000042ae3 .LASF6072
     /tmp/cc7KEiL4.s:94354  .debug_str:0000000000027c4c .LASF6073
     /tmp/cc7KEiL4.s:90624  .debug_str:0000000000018337 .LASF6074
     /tmp/cc7KEiL4.s:95796  .debug_str:000000000002db4d .LASF6075
     /tmp/cc7KEiL4.s:87212  .debug_str:000000000000a805 .LASF6076
     /tmp/cc7KEiL4.s:95200  .debug_str:000000000002b2b1 .LASF6077
     /tmp/cc7KEiL4.s:89542  .debug_str:0000000000013c54 .LASF6078
     /tmp/cc7KEiL4.s:89598  .debug_str:0000000000013f0a .LASF6079
     /tmp/cc7KEiL4.s:99028  .debug_str:000000000003af58 .LASF6080
     /tmp/cc7KEiL4.s:94622  .debug_str:0000000000028d3f .LASF6081
     /tmp/cc7KEiL4.s:94442  .debug_str:000000000002825c .LASF6082
     /tmp/cc7KEiL4.s:86672  .debug_str:00000000000082c9 .LASF6083
     /tmp/cc7KEiL4.s:93264  .debug_str:000000000002381a .LASF6084
     /tmp/cc7KEiL4.s:87792  .debug_str:000000000000d02b .LASF6085
     /tmp/cc7KEiL4.s:92590  .debug_str:0000000000020c39 .LASF6086
     /tmp/cc7KEiL4.s:91974  .debug_str:000000000001e184 .LASF6087
     /tmp/cc7KEiL4.s:98200  .debug_str:00000000000376f3 .LASF6088
     /tmp/cc7KEiL4.s:98198  .debug_str:00000000000376e3 .LASF6089
     /tmp/cc7KEiL4.s:96486  .debug_str:0000000000030aff .LASF6090
     /tmp/cc7KEiL4.s:87350  .debug_str:000000000000b24c .LASF6091
     /tmp/cc7KEiL4.s:101020  .debug_str:00000000000433be .LASF6092
     /tmp/cc7KEiL4.s:87122  .debug_str:000000000000a222 .LASF6093
     /tmp/cc7KEiL4.s:92424  .debug_str:0000000000020118 .LASF6094
     /tmp/cc7KEiL4.s:90570  .debug_str:0000000000017f73 .LASF6095
     /tmp/cc7KEiL4.s:92592  .debug_str:0000000000020c42 .LASF6096
     /tmp/cc7KEiL4.s:97440  .debug_str:0000000000034b60 .LASF6097
     /tmp/cc7KEiL4.s:101214  .debug_str:000000000004405f .LASF6098
     /tmp/cc7KEiL4.s:95670  .debug_str:000000000002d2db .LASF6099
     /tmp/cc7KEiL4.s:99470  .debug_str:000000000003ccfe .LASF6100
     /tmp/cc7KEiL4.s:93888  .debug_str:0000000000025db6 .LASF6101
     /tmp/cc7KEiL4.s:102934  .debug_str:000000000004b90f .LASF6102
     /tmp/cc7KEiL4.s:92594  .debug_str:0000000000020c4b .LASF6103
     /tmp/cc7KEiL4.s:98818  .debug_str:000000000003a1aa .LASF6104
     /tmp/cc7KEiL4.s:99472  .debug_str:000000000003cd0c .LASF6105
     /tmp/cc7KEiL4.s:97034  .debug_str:0000000000033006 .LASF6106
     /tmp/cc7KEiL4.s:101634  .debug_str:0000000000045d3d .LASF6107
     /tmp/cc7KEiL4.s:98628  .debug_str:00000000000393a6 .LASF6108
     /tmp/cc7KEiL4.s:94036  .debug_str:000000000002673f .LASF6109
     /tmp/cc7KEiL4.s:94024  .debug_str:000000000002667a .LASF6110
     /tmp/cc7KEiL4.s:101350  .debug_str:0000000000044a20 .LASF6111
     /tmp/cc7KEiL4.s:93210  .debug_str:0000000000023494 .LASF6112
     /tmp/cc7KEiL4.s:87858  .debug_str:000000000000d40e .LASF6113
     /tmp/cc7KEiL4.s:92596  .debug_str:0000000000020c54 .LASF6114
     /tmp/cc7KEiL4.s:92884  .debug_str:0000000000022033 .LASF6115
     /tmp/cc7KEiL4.s:92916  .debug_str:000000000002226a .LASF6116
     /tmp/cc7KEiL4.s:87540  .debug_str:000000000000bf1c .LASF6117
     /tmp/cc7KEiL4.s:87320  .debug_str:000000000000afeb .LASF6118
     /tmp/cc7KEiL4.s:95892  .debug_str:000000000002e273 .LASF6119
     /tmp/cc7KEiL4.s:85346  .debug_str:000000000000281a .LASF6120
     /tmp/cc7KEiL4.s:86244  .debug_str:0000000000006682 .LASF6121
     /tmp/cc7KEiL4.s:85596  .debug_str:000000000000398d .LASF6122
     /tmp/cc7KEiL4.s:88504  .debug_str:000000000000f955 .LASF6123
     /tmp/cc7KEiL4.s:86132  .debug_str:0000000000005ebd .LASF6124
     /tmp/cc7KEiL4.s:94658  .debug_str:0000000000029030 .LASF6125
     /tmp/cc7KEiL4.s:99208  .debug_str:000000000003bc22 .LASF6126
     /tmp/cc7KEiL4.s:87860  .debug_str:000000000000d418 .LASF6127
     /tmp/cc7KEiL4.s:92598  .debug_str:0000000000020c5d .LASF6128
     /tmp/cc7KEiL4.s:87008  .debug_str:0000000000009a3c .LASF6129
     /tmp/cc7KEiL4.s:100186  .debug_str:000000000003fcee .LASF6130
     /tmp/cc7KEiL4.s:100162  .debug_str:000000000003fba8 .LASF6131
     /tmp/cc7KEiL4.s:101884  .debug_str:0000000000046e46 .LASF6132
     /tmp/cc7KEiL4.s:101868  .debug_str:0000000000046d57 .LASF6133
     /tmp/cc7KEiL4.s:87862  .debug_str:000000000000d422 .LASF6134
     /tmp/cc7KEiL4.s:92600  .debug_str:0000000000020c66 .LASF6135
     /tmp/cc7KEiL4.s:99662  .debug_str:000000000003d93c .LASF6136
     /tmp/cc7KEiL4.s:86432  .debug_str:000000000000737a .LASF6137
     /tmp/cc7KEiL4.s:103172  .debug_str:000000000004c931 .LASF6138
     /tmp/cc7KEiL4.s:87864  .debug_str:000000000000d42c .LASF6139
     /tmp/cc7KEiL4.s:92602  .debug_str:0000000000020c6f .LASF6140
     /tmp/cc7KEiL4.s:90586  .debug_str:00000000000180a9 .LASF6141
     /tmp/cc7KEiL4.s:85860  .debug_str:0000000000004bcc .LASF6142
     /tmp/cc7KEiL4.s:101528  .debug_str:00000000000455c2 .LASF6143
     /tmp/cc7KEiL4.s:93508  .debug_str:0000000000024452 .LASF6144
     /tmp/cc7KEiL4.s:100618  .debug_str:0000000000041aa9 .LASF6145
     /tmp/cc7KEiL4.s:87176  .debug_str:000000000000a57d .LASF6146
     /tmp/cc7KEiL4.s:90706  .debug_str:00000000000188bf .LASF6147
     /tmp/cc7KEiL4.s:89362  .debug_str:00000000000130f5 .LASF6148
     /tmp/cc7KEiL4.s:85518  .debug_str:00000000000033e4 .LASF6149
     /tmp/cc7KEiL4.s:96228  .debug_str:000000000002f8da .LASF6150
     /tmp/cc7KEiL4.s:98996  .debug_str:000000000003ad2b .LASF6151
     /tmp/cc7KEiL4.s:86306  .debug_str:0000000000006b37 .LASF6152
     /tmp/cc7KEiL4.s:85754  .debug_str:000000000000445e .LASF6153
     /tmp/cc7KEiL4.s:96910  .debug_str:0000000000032812 .LASF6154
     /tmp/cc7KEiL4.s:102208  .debug_str:00000000000484bf .LASF6155
     /tmp/cc7KEiL4.s:92198  .debug_str:000000000001f264 .LASF6156
     /tmp/cc7KEiL4.s:94150  .debug_str:0000000000026f4c .LASF6157
     /tmp/cc7KEiL4.s:91356  .debug_str:000000000001b701 .LASF6158
     /tmp/cc7KEiL4.s:94176  .debug_str:0000000000027135 .LASF6159
     /tmp/cc7KEiL4.s:88824  .debug_str:0000000000010cba .LASF6160
     /tmp/cc7KEiL4.s:94422  .debug_str:0000000000028117 .LASF6161
     /tmp/cc7KEiL4.s:85368  .debug_str:000000000000295d .LASF6162
     /tmp/cc7KEiL4.s:84894  .debug_str:000000000000086b .LASF6163
     /tmp/cc7KEiL4.s:98238  .debug_str:0000000000037903 .LASF6164
     /tmp/cc7KEiL4.s:91618  .debug_str:000000000001c858 .LASF6165
     /tmp/cc7KEiL4.s:100014  .debug_str:000000000003f200 .LASF6166
     /tmp/cc7KEiL4.s:102106  .debug_str:0000000000047d98 .LASF6167
     /tmp/cc7KEiL4.s:86474  .debug_str:0000000000007624 .LASF6168
     /tmp/cc7KEiL4.s:98388  .debug_str:00000000000383c7 .LASF6169
     /tmp/cc7KEiL4.s:93772  .debug_str:000000000002561a .LASF6170
     /tmp/cc7KEiL4.s:100696  .debug_str:0000000000041feb .LASF6171
     /tmp/cc7KEiL4.s:94386  .debug_str:0000000000027e69 .LASF6172
     /tmp/cc7KEiL4.s:100290  .debug_str:0000000000040486 .LASF6173
     /tmp/cc7KEiL4.s:99144  .debug_str:000000000003b7c0 .LASF6174
     /tmp/cc7KEiL4.s:91170  .debug_str:000000000001a975 .LASF6175
     /tmp/cc7KEiL4.s:93774  .debug_str:0000000000025623 .LASF6176
     /tmp/cc7KEiL4.s:101480  .debug_str:00000000000452b3 .LASF6177
     /tmp/cc7KEiL4.s:90832  .debug_str:0000000000019153 .LASF6178
     /tmp/cc7KEiL4.s:97294  .debug_str:00000000000341ee .LASF6179
     /tmp/cc7KEiL4.s:92764  .debug_str:00000000000217ac .LASF6180
     /tmp/cc7KEiL4.s:97772  .debug_str:0000000000035fc4 .LASF6181
     /tmp/cc7KEiL4.s:91800  .debug_str:000000000001d539 .LASF6182
     /tmp/cc7KEiL4.s:96348  .debug_str:00000000000300b4 .LASF6183
     /tmp/cc7KEiL4.s:93776  .debug_str:000000000002562c .LASF6184
     /tmp/cc7KEiL4.s:92232  .debug_str:000000000001f445 .LASF6185
     /tmp/cc7KEiL4.s:87962  .debug_str:000000000000dad3 .LASF6186
     /tmp/cc7KEiL4.s:102236  .debug_str:0000000000048698 .LASF6187
     /tmp/cc7KEiL4.s:95590  .debug_str:000000000002cd15 .LASF6188
     /tmp/cc7KEiL4.s:93778  .debug_str:0000000000025635 .LASF6189
     /tmp/cc7KEiL4.s:85462  .debug_str:000000000000307c .LASF6190
     /tmp/cc7KEiL4.s:87368  .debug_str:000000000000b397 .LASF6191
     /tmp/cc7KEiL4.s:94436  .debug_str:0000000000028200 .LASF6192
     /tmp/cc7KEiL4.s:90746  .debug_str:0000000000018b7b .LASF6193
     /tmp/cc7KEiL4.s:98284  .debug_str:0000000000037c79 .LASF6194
     /tmp/cc7KEiL4.s:98560  .debug_str:0000000000038f85 .LASF6195
     /tmp/cc7KEiL4.s:89500  .debug_str:000000000001396c .LASF6196
     /tmp/cc7KEiL4.s:91906  .debug_str:000000000001dca0 .LASF6197
     /tmp/cc7KEiL4.s:94478  .debug_str:00000000000284d8 .LASF6198
     /tmp/cc7KEiL4.s:93782  .debug_str:0000000000025658 .LASF6199
     /tmp/cc7KEiL4.s:86368  .debug_str:0000000000006f6a .LASF6200
     /tmp/cc7KEiL4.s:102822  .debug_str:000000000004b187 .LASF6201
     /tmp/cc7KEiL4.s:95406  .debug_str:000000000002c066 .LASF6202
     /tmp/cc7KEiL4.s:96034  .debug_str:000000000002ec86 .LASF6203
     /tmp/cc7KEiL4.s:97392  .debug_str:000000000003487a .LASF6204
     /tmp/cc7KEiL4.s:92310  .debug_str:000000000001f8f5 .LASF6205
     /tmp/cc7KEiL4.s:90144  .debug_str:000000000001633c .LASF6206
     /tmp/cc7KEiL4.s:89948  .debug_str:0000000000015611 .LASF6207
     /tmp/cc7KEiL4.s:100124  .debug_str:000000000003f9c5 .LASF6208
     /tmp/cc7KEiL4.s:85094  .debug_str:0000000000001572 .LASF6209
     /tmp/cc7KEiL4.s:97416  .debug_str:000000000003499b .LASF6210
     /tmp/cc7KEiL4.s:99326  .debug_str:000000000003c359 .LASF6211
     /tmp/cc7KEiL4.s:100072  .debug_str:000000000003f647 .LASF6212
     /tmp/cc7KEiL4.s:92280  .debug_str:000000000001f700 .LASF6213
     /tmp/cc7KEiL4.s:102120  .debug_str:0000000000047ecd .LASF6214
     /tmp/cc7KEiL4.s:93936  .debug_str:0000000000026106 .LASF6215
     /tmp/cc7KEiL4.s:87670  .debug_str:000000000000c7d2 .LASF6216
     /tmp/cc7KEiL4.s:95204  .debug_str:000000000002b2ce .LASF6217
     /tmp/cc7KEiL4.s:87214  .debug_str:000000000000a832 .LASF6218
     /tmp/cc7KEiL4.s:101478  .debug_str:0000000000045290 .LASF6219
     /tmp/cc7KEiL4.s:87762  .debug_str:000000000000ce2f .LASF6220
     /tmp/cc7KEiL4.s:96608  .debug_str:0000000000031343 .LASF6221
     /tmp/cc7KEiL4.s:96974  .debug_str:0000000000032bb3 .LASF6222
     /tmp/cc7KEiL4.s:93680  .debug_str:0000000000024fc2 .LASF6223
     /tmp/cc7KEiL4.s:93348  .debug_str:0000000000023c7b .LASF6224
     /tmp/cc7KEiL4.s:95208  .debug_str:000000000002b312 .LASF6225
     /tmp/cc7KEiL4.s:84992  .debug_str:0000000000000eeb .LASF6226
     /tmp/cc7KEiL4.s:86832  .debug_str:0000000000008e59 .LASF6227
     /tmp/cc7KEiL4.s:99760  .debug_str:000000000003dff1 .LASF6228
     /tmp/cc7KEiL4.s:98938  .debug_str:000000000003a99f .LASF6229
     /tmp/cc7KEiL4.s:99292  .debug_str:000000000003c1df .LASF6230
     /tmp/cc7KEiL4.s:100866  .debug_str:00000000000429f8 .LASF6231
     /tmp/cc7KEiL4.s:99896  .debug_str:000000000003ea18 .LASF6232
     /tmp/cc7KEiL4.s:102064  .debug_str:0000000000047a8d .LASF6233
     /tmp/cc7KEiL4.s:96170  .debug_str:000000000002f4b7 .LASF6234
     /tmp/cc7KEiL4.s:98674  .debug_str:0000000000039754 .LASF6235
     /tmp/cc7KEiL4.s:86446  .debug_str:0000000000007460 .LASF6236
     /tmp/cc7KEiL4.s:91576  .debug_str:000000000001c56c .LASF6237
     /tmp/cc7KEiL4.s:86838  .debug_str:0000000000008ea1 .LASF6238
     /tmp/cc7KEiL4.s:90654  .debug_str:0000000000018566 .LASF6239
     /tmp/cc7KEiL4.s:84944  .debug_str:0000000000000b8e .LASF6240
     /tmp/cc7KEiL4.s:99972  .debug_str:000000000003eec1 .LASF6241
     /tmp/cc7KEiL4.s:92090  .debug_str:000000000001e9f4 .LASF6242
     /tmp/cc7KEiL4.s:100838  .debug_str:0000000000042895 .LASF6243
     /tmp/cc7KEiL4.s:102924  .debug_str:000000000004b851 .LASF6244
     /tmp/cc7KEiL4.s:89008  .debug_str:00000000000119ee .LASF6245
     /tmp/cc7KEiL4.s:96310  .debug_str:000000000002fe09 .LASF6246
     /tmp/cc7KEiL4.s:93954  .debug_str:000000000002621a .LASF6247
     /tmp/cc7KEiL4.s:97744  .debug_str:0000000000035f0b .LASF6248
     /tmp/cc7KEiL4.s:91552  .debug_str:000000000001c36c .LASF6249
     /tmp/cc7KEiL4.s:94970  .debug_str:000000000002a439 .LASF6250
     /tmp/cc7KEiL4.s:100504  .debug_str:000000000004130b .LASF6251
     /tmp/cc7KEiL4.s:86968  .debug_str:00000000000097fe .LASF6252
     /tmp/cc7KEiL4.s:94972  .debug_str:000000000002a449 .LASF6253
     /tmp/cc7KEiL4.s:84874  .debug_str:000000000000070e .LASF6254
     /tmp/cc7KEiL4.s:100970  .debug_str:00000000000430ff .LASF6255
     /tmp/cc7KEiL4.s:91372  .debug_str:000000000001b7d5 .LASF6256
     /tmp/cc7KEiL4.s:88604  .debug_str:000000000000ff61 .LASF6257
     /tmp/cc7KEiL4.s:101390  .debug_str:0000000000044ca8 .LASF6258
     /tmp/cc7KEiL4.s:96190  .debug_str:000000000002f662 .LASF6259
     /tmp/cc7KEiL4.s:91434  .debug_str:000000000001bb92 .LASF6260
     /tmp/cc7KEiL4.s:96900  .debug_str:00000000000326fd .LASF6261
     /tmp/cc7KEiL4.s:91296  .debug_str:000000000001b24d .LASF6262
     /tmp/cc7KEiL4.s:90874  .debug_str:0000000000019471 .LASF6263
     /tmp/cc7KEiL4.s:93986  .debug_str:000000000002646c .LASF6264
     /tmp/cc7KEiL4.s:97822  .debug_str:000000000003631c .LASF6265
     /tmp/cc7KEiL4.s:93530  .debug_str:00000000000245d4 .LASF6266
     /tmp/cc7KEiL4.s:87116  .debug_str:000000000000a1b2 .LASF6267
     /tmp/cc7KEiL4.s:96696  .debug_str:00000000000319d9 .LASF6268
     /tmp/cc7KEiL4.s:90396  .debug_str:00000000000174fb .LASF6269
     /tmp/cc7KEiL4.s:102770  .debug_str:000000000004add2 .LASF6270
     /tmp/cc7KEiL4.s:96698  .debug_str:00000000000319e5 .LASF6271
     /tmp/cc7KEiL4.s:99306  .debug_str:000000000003c2cf .LASF6272
     /tmp/cc7KEiL4.s:96990  .debug_str:0000000000032cca .LASF6273
     /tmp/cc7KEiL4.s:96700  .debug_str:00000000000319f1 .LASF6274
     /tmp/cc7KEiL4.s:99308  .debug_str:000000000003c2d5 .LASF6275
     /tmp/cc7KEiL4.s:91110  .debug_str:000000000001a4b1 .LASF6276
     /tmp/cc7KEiL4.s:94812  .debug_str:0000000000029a1c .LASF6277
     /tmp/cc7KEiL4.s:99906  .debug_str:000000000003ead0 .LASF6278
     /tmp/cc7KEiL4.s:99064  .debug_str:000000000003b1c4 .LASF6279
     /tmp/cc7KEiL4.s:94814  .debug_str:0000000000029a26 .LASF6280
     /tmp/cc7KEiL4.s:99312  .debug_str:000000000003c2e7 .LASF6281
     /tmp/cc7KEiL4.s:86582  .debug_str:0000000000007c64 .LASF6282
     /tmp/cc7KEiL4.s:101552  .debug_str:0000000000045728 .LASF6283
     /tmp/cc7KEiL4.s:99314  .debug_str:000000000003c2ed .LASF6284
     /tmp/cc7KEiL4.s:92028  .debug_str:000000000001e4f4 .LASF6285
     /tmp/cc7KEiL4.s:94818  .debug_str:0000000000029a45 .LASF6286
     /tmp/cc7KEiL4.s:90414  .debug_str:00000000000175db .LASF6287
     /tmp/cc7KEiL4.s:92678  .debug_str:0000000000021176 .LASF6288
     /tmp/cc7KEiL4.s:102550  .debug_str:0000000000049c75 .LASF6289
     /tmp/cc7KEiL4.s:99318  .debug_str:000000000003c2fa .LASF6290
     /tmp/cc7KEiL4.s:98864  .debug_str:000000000003a45f .LASF6291
     /tmp/cc7KEiL4.s:99600  .debug_str:000000000003d525 .LASF6292
     /tmp/cc7KEiL4.s:99320  .debug_str:000000000003c300 .LASF6293
     /tmp/cc7KEiL4.s:91506  .debug_str:000000000001c039 .LASF6294
     /tmp/cc7KEiL4.s:85324  .debug_str:000000000000265d .LASF6295
     /tmp/cc7KEiL4.s:90462  .debug_str:0000000000017960 .LASF6296
     /tmp/cc7KEiL4.s:88878  .debug_str:000000000001107a .LASF6297
     /tmp/cc7KEiL4.s:85326  .debug_str:0000000000002668 .LASF6298
     /tmp/cc7KEiL4.s:90464  .debug_str:0000000000017967 .LASF6299
     /tmp/cc7KEiL4.s:101476  .debug_str:000000000004526f .LASF6300
     /tmp/cc7KEiL4.s:99126  .debug_str:000000000003b6b2 .LASF6301
     /tmp/cc7KEiL4.s:88594  .debug_str:000000000000fea7 .LASF6302
     /tmp/cc7KEiL4.s:100510  .debug_str:0000000000041357 .LASF6303
     /tmp/cc7KEiL4.s:99128  .debug_str:000000000003b6bb .LASF6304
     /tmp/cc7KEiL4.s:90468  .debug_str:0000000000017975 .LASF6305
     /tmp/cc7KEiL4.s:89810  .debug_str:0000000000014d71 .LASF6306
     /tmp/cc7KEiL4.s:99130  .debug_str:000000000003b6c4 .LASF6307
     /tmp/cc7KEiL4.s:90470  .debug_str:000000000001797c .LASF6308
     /tmp/cc7KEiL4.s:102352  .debug_str:0000000000048ea3 .LASF6309
     /tmp/cc7KEiL4.s:99132  .debug_str:000000000003b6cd .LASF6310
     /tmp/cc7KEiL4.s:89562  .debug_str:0000000000013d72 .LASF6311
     /tmp/cc7KEiL4.s:96590  .debug_str:000000000003123d .LASF6312
     /tmp/cc7KEiL4.s:98948  .debug_str:000000000003aa60 .LASF6313
     /tmp/cc7KEiL4.s:89566  .debug_str:0000000000013da2 .LASF6314
     /tmp/cc7KEiL4.s:90714  .debug_str:000000000001892c .LASF6315
     /tmp/cc7KEiL4.s:99708  .debug_str:000000000003dc25 .LASF6316
     /tmp/cc7KEiL4.s:97518  .debug_str:00000000000350a7 .LASF6317
     /tmp/cc7KEiL4.s:86922  .debug_str:0000000000009451 .LASF6318
     /tmp/cc7KEiL4.s:100960  .debug_str:0000000000043043 .LASF6319
     /tmp/cc7KEiL4.s:97520  .debug_str:00000000000350ad .LASF6320
     /tmp/cc7KEiL4.s:99566  .debug_str:000000000003d330 .LASF6321
     /tmp/cc7KEiL4.s:88118  .debug_str:000000000000e3cc .LASF6322
     /tmp/cc7KEiL4.s:97522  .debug_str:00000000000350b3 .LASF6323
     /tmp/cc7KEiL4.s:93732  .debug_str:0000000000025389 .LASF6324
     /tmp/cc7KEiL4.s:96674  .debug_str:00000000000317fe .LASF6325
     /tmp/cc7KEiL4.s:97580  .debug_str:00000000000354fb .LASF6326
     /tmp/cc7KEiL4.s:97486  .debug_str:0000000000034ebc .LASF6327
     /tmp/cc7KEiL4.s:85224  .debug_str:0000000000001ed6 .LASF6328
     /tmp/cc7KEiL4.s:97582  .debug_str:0000000000035501 .LASF6329
     /tmp/cc7KEiL4.s:99582  .debug_str:000000000003d41a .LASF6330
     /tmp/cc7KEiL4.s:99956  .debug_str:000000000003eded .LASF6331
     /tmp/cc7KEiL4.s:97584  .debug_str:0000000000035507 .LASF6332
     /tmp/cc7KEiL4.s:93750  .debug_str:00000000000254db .LASF6333
     /tmp/cc7KEiL4.s:92278  .debug_str:000000000001f6f2 .LASF6334
     /tmp/cc7KEiL4.s:97586  .debug_str:000000000003550d .LASF6335
     /tmp/cc7KEiL4.s:87842  .debug_str:000000000000d35f .LASF6336
     /tmp/cc7KEiL4.s:92282  .debug_str:000000000001f723 .LASF6337
     /tmp/cc7KEiL4.s:97588  .debug_str:0000000000035513 .LASF6338
     /tmp/cc7KEiL4.s:100528  .debug_str:00000000000414ab .LASF6339
     /tmp/cc7KEiL4.s:95350  .debug_str:000000000002bc93 .LASF6340
     /tmp/cc7KEiL4.s:97590  .debug_str:0000000000035519 .LASF6341
     /tmp/cc7KEiL4.s:94738  .debug_str:0000000000029542 .LASF6342
     /tmp/cc7KEiL4.s:102530  .debug_str:0000000000049b39 .LASF6343
     /tmp/cc7KEiL4.s:97592  .debug_str:000000000003551f .LASF6344
     /tmp/cc7KEiL4.s:88854  .debug_str:0000000000010ecd .LASF6345
     /tmp/cc7KEiL4.s:96222  .debug_str:000000000002f8a2 .LASF6346
     /tmp/cc7KEiL4.s:97594  .debug_str:0000000000035525 .LASF6347
     /tmp/cc7KEiL4.s:102660  .debug_str:000000000004a621 .LASF6348
     /tmp/cc7KEiL4.s:96640  .debug_str:00000000000315ab .LASF6349
     /tmp/cc7KEiL4.s:94694  .debug_str:00000000000291f9 .LASF6350
     /tmp/cc7KEiL4.s:95664  .debug_str:000000000002d274 .LASF6351
     /tmp/cc7KEiL4.s:90152  .debug_str:000000000001637e .LASF6352
     /tmp/cc7KEiL4.s:97598  .debug_str:000000000003554c .LASF6353
     /tmp/cc7KEiL4.s:89790  .debug_str:0000000000014c2e .LASF6354
     /tmp/cc7KEiL4.s:96604  .debug_str:000000000003130c .LASF6355
     /tmp/cc7KEiL4.s:97670  .debug_str:0000000000035a76 .LASF6356
     /tmp/cc7KEiL4.s:101472  .debug_str:0000000000045246 .LASF6357
     /tmp/cc7KEiL4.s:97408  .debug_str:000000000003491a .LASF6358
     /tmp/cc7KEiL4.s:97672  .debug_str:0000000000035a7c .LASF6359
     /tmp/cc7KEiL4.s:95680  .debug_str:000000000002d399 .LASF6360
     /tmp/cc7KEiL4.s:85606  .debug_str:0000000000003a2e .LASF6361
     /tmp/cc7KEiL4.s:97674  .debug_str:0000000000035a82 .LASF6362
     /tmp/cc7KEiL4.s:89808  .debug_str:0000000000014d51 .LASF6363
     /tmp/cc7KEiL4.s:88646  .debug_str:0000000000010153 .LASF6364
     /tmp/cc7KEiL4.s:97676  .debug_str:0000000000035a88 .LASF6365
     /tmp/cc7KEiL4.s:102348  .debug_str:0000000000048e6d .LASF6366
     /tmp/cc7KEiL4.s:88648  .debug_str:000000000001015d .LASF6367
     /tmp/cc7KEiL4.s:97678  .debug_str:0000000000035a8e .LASF6368
     /tmp/cc7KEiL4.s:85624  .debug_str:0000000000003b25 .LASF6369
     /tmp/cc7KEiL4.s:94082  .debug_str:0000000000026a9e .LASF6370
     /tmp/cc7KEiL4.s:94846  .debug_str:0000000000029bfc .LASF6371
     /tmp/cc7KEiL4.s:87810  .debug_str:000000000000d132 .LASF6372
     /tmp/cc7KEiL4.s:102722  .debug_str:000000000004aa6b .LASF6373
     /tmp/cc7KEiL4.s:97682  .debug_str:0000000000035aa3 .LASF6374
     /tmp/cc7KEiL4.s:84882  .debug_str:0000000000000795 .LASF6375
     /tmp/cc7KEiL4.s:102726  .debug_str:000000000004aaa4 .LASF6376
     /tmp/cc7KEiL4.s:97684  .debug_str:0000000000035aa9 .LASF6377
     /tmp/cc7KEiL4.s:97500  .debug_str:0000000000034fac .LASF6378
     /tmp/cc7KEiL4.s:88440  .debug_str:000000000000f65f .LASF6379
     /tmp/cc7KEiL4.s:97686  .debug_str:0000000000035aaf .LASF6380
     /tmp/cc7KEiL4.s:91598  .debug_str:000000000001c6f2 .LASF6381
     /tmp/cc7KEiL4.s:103106  .debug_str:000000000004c4c9 .LASF6382
     /tmp/cc7KEiL4.s:97688  .debug_str:0000000000035ab5 .LASF6383
     /tmp/cc7KEiL4.s:85776  .debug_str:00000000000045b8 .LASF6384
     /tmp/cc7KEiL4.s:96614  .debug_str:00000000000313ab .LASF6385
     /tmp/cc7KEiL4.s:97748  .debug_str:0000000000035f4e .LASF6386
     /tmp/cc7KEiL4.s:97526  .debug_str:00000000000350e3 .LASF6387
     /tmp/cc7KEiL4.s:93828  .debug_str:000000000002595b .LASF6388
     /tmp/cc7KEiL4.s:97750  .debug_str:0000000000035f54 .LASF6389
     /tmp/cc7KEiL4.s:91620  .debug_str:000000000001c868 .LASF6390
     /tmp/cc7KEiL4.s:85648  .debug_str:0000000000003cd2 .LASF6391
     /tmp/cc7KEiL4.s:97752  .debug_str:0000000000035f5a .LASF6392
     /tmp/cc7KEiL4.s:85792  .debug_str:000000000000473e .LASF6393
     /tmp/cc7KEiL4.s:89832  .debug_str:0000000000014f76 .LASF6394
     /tmp/cc7KEiL4.s:97754  .debug_str:0000000000035f60 .LASF6395
     /tmp/cc7KEiL4.s:98522  .debug_str:0000000000038ca4 .LASF6396
     /tmp/cc7KEiL4.s:89834  .debug_str:0000000000014f82 .LASF6397
     /tmp/cc7KEiL4.s:97756  .debug_str:0000000000035f66 .LASF6398
     /tmp/cc7KEiL4.s:92578  .debug_str:0000000000020b67 .LASF6399
     /tmp/cc7KEiL4.s:90038  .debug_str:0000000000015c52 .LASF6400
     /tmp/cc7KEiL4.s:97758  .debug_str:0000000000035f6c .LASF6401
     /tmp/cc7KEiL4.s:86688  .debug_str:00000000000083ff .LASF6402
     /tmp/cc7KEiL4.s:85472  .debug_str:0000000000003109 .LASF6403
     /tmp/cc7KEiL4.s:97760  .debug_str:0000000000035f72 .LASF6404
     /tmp/cc7KEiL4.s:99328  .debug_str:000000000003c364 .LASF6405
     /tmp/cc7KEiL4.s:85476  .debug_str:0000000000003155 .LASF6406
     /tmp/cc7KEiL4.s:97762  .debug_str:0000000000035f78 .LASF6407
     /tmp/cc7KEiL4.s:93490  .debug_str:00000000000242ec .LASF6408
     /tmp/cc7KEiL4.s:93600  .debug_str:0000000000024a31 .LASF6409
     /tmp/cc7KEiL4.s:97764  .debug_str:0000000000035f7e .LASF6410
     /tmp/cc7KEiL4.s:87610  .debug_str:000000000000c40d .LASF6411
     /tmp/cc7KEiL4.s:93108  .debug_str:0000000000022f24 .LASF6412
     /tmp/cc7KEiL4.s:97766  .debug_str:0000000000035f84 .LASF6413
     /tmp/cc7KEiL4.s:100264  .debug_str:0000000000040296 .LASF6414
     /tmp/cc7KEiL4.s:102788  .debug_str:000000000004af31 .LASF6415
     /tmp/cc7KEiL4.s:97828  .debug_str:000000000003637f .LASF6416
     /tmp/cc7KEiL4.s:93514  .debug_str:00000000000244d7 .LASF6417
     /tmp/cc7KEiL4.s:92726  .debug_str:0000000000021559 .LASF6418
     /tmp/cc7KEiL4.s:95132  .debug_str:000000000002aecc .LASF6419
     /tmp/cc7KEiL4.s:87632  .debug_str:000000000000c599 .LASF6420
     /tmp/cc7KEiL4.s:98494  .debug_str:0000000000038ab3 .LASF6421
     /tmp/cc7KEiL4.s:97832  .debug_str:0000000000036390 .LASF6422
     /tmp/cc7KEiL4.s:100288  .debug_str:0000000000040466 .LASF6423
     /tmp/cc7KEiL4.s:91750  .debug_str:000000000001d1ab .LASF6424
     /tmp/cc7KEiL4.s:97834  .debug_str:0000000000036396 .LASF6425
     /tmp/cc7KEiL4.s:94476  .debug_str:00000000000284b8 .LASF6426
     /tmp/cc7KEiL4.s:89914  .debug_str:00000000000153e7 .LASF6427
     /tmp/cc7KEiL4.s:97836  .debug_str:000000000003639c .LASF6428
     /tmp/cc7KEiL4.s:88578  .debug_str:000000000000fdd9 .LASF6429
     /tmp/cc7KEiL4.s:89918  .debug_str:0000000000015404 .LASF6430
     /tmp/cc7KEiL4.s:97838  .debug_str:00000000000363a2 .LASF6431
     /tmp/cc7KEiL4.s:101202  .debug_str:0000000000043f60 .LASF6432
     /tmp/cc7KEiL4.s:99330  .debug_str:000000000003c384 .LASF6433
     /tmp/cc7KEiL4.s:97840  .debug_str:00000000000363a8 .LASF6434
     /tmp/cc7KEiL4.s:95438  .debug_str:000000000002c266 .LASF6435
     /tmp/cc7KEiL4.s:84956  .debug_str:0000000000000c58 .LASF6436
     /tmp/cc7KEiL4.s:97842  .debug_str:00000000000363ae .LASF6437
     /tmp/cc7KEiL4.s:89538  .debug_str:0000000000013bfd .LASF6438
     /tmp/cc7KEiL4.s:85550  .debug_str:00000000000035c3 .LASF6439
     /tmp/cc7KEiL4.s:97844  .debug_str:00000000000363b4 .LASF6440
     /tmp/cc7KEiL4.s:102084  .debug_str:0000000000047c04 .LASF6441
     /tmp/cc7KEiL4.s:96522  .debug_str:0000000000030d3c .LASF6442
     /tmp/cc7KEiL4.s:95150  .debug_str:000000000002afee .LASF6443
     /tmp/cc7KEiL4.s:96334  .debug_str:000000000002ff7d .LASF6444
     /tmp/cc7KEiL4.s:94834  .debug_str:0000000000029b36 .LASF6445
     /tmp/cc7KEiL4.s:97924  .debug_str:00000000000368ce .LASF6446
     /tmp/cc7KEiL4.s:89722  .debug_str:0000000000014763 .LASF6447
     /tmp/cc7KEiL4.s:94836  .debug_str:0000000000029b44 .LASF6448
     /tmp/cc7KEiL4.s:97926  .debug_str:00000000000368d4 .LASF6449
     /tmp/cc7KEiL4.s:102270  .debug_str:00000000000488fd .LASF6450
     /tmp/cc7KEiL4.s:88756  .debug_str:0000000000010900 .LASF6451
     /tmp/cc7KEiL4.s:97928  .debug_str:00000000000368da .LASF6452
     /tmp/cc7KEiL4.s:96514  .debug_str:0000000000030ce5 .LASF6453
     /tmp/cc7KEiL4.s:90404  .debug_str:0000000000017555 .LASF6454
     /tmp/cc7KEiL4.s:97930  .debug_str:00000000000368e0 .LASF6455
     /tmp/cc7KEiL4.s:90626  .debug_str:0000000000018347 .LASF6456
     /tmp/cc7KEiL4.s:90408  .debug_str:000000000001759d .LASF6457
     /tmp/cc7KEiL4.s:97932  .debug_str:00000000000368e6 .LASF6458
     /tmp/cc7KEiL4.s:84796  .debug_str:00000000000001b2 .LASF6459
     /tmp/cc7KEiL4.s:89976  .debug_str:000000000001579c .LASF6460
     /tmp/cc7KEiL4.s:97934  .debug_str:00000000000368ec .LASF6461
     /tmp/cc7KEiL4.s:99946  .debug_str:000000000003ed46 .LASF6462
     /tmp/cc7KEiL4.s:88428  .debug_str:000000000000f5c1 .LASF6463
     /tmp/cc7KEiL4.s:97936  .debug_str:00000000000368f2 .LASF6464
     /tmp/cc7KEiL4.s:91542  .debug_str:000000000001c2b3 .LASF6465
     /tmp/cc7KEiL4.s:103032  .debug_str:000000000004bfd9 .LASF6466
     /tmp/cc7KEiL4.s:97938  .debug_str:00000000000368f8 .LASF6467
     /tmp/cc7KEiL4.s:85700  .debug_str:00000000000040ba .LASF6468
     /tmp/cc7KEiL4.s:101126  .debug_str:0000000000043ab6 .LASF6469
     /tmp/cc7KEiL4.s:97940  .debug_str:00000000000368fe .LASF6470
     /tmp/cc7KEiL4.s:98440  .debug_str:0000000000038752 .LASF6471
     /tmp/cc7KEiL4.s:92648  .debug_str:0000000000020f7f .LASF6472
     /tmp/cc7KEiL4.s:97942  .debug_str:0000000000036904 .LASF6473
     /tmp/cc7KEiL4.s:92494  .debug_str:000000000002063f .LASF6474
     /tmp/cc7KEiL4.s:92654  .debug_str:0000000000020fd3 .LASF6475
     /tmp/cc7KEiL4.s:97998  .debug_str:0000000000036cbc .LASF6476
     /tmp/cc7KEiL4.s:85722  .debug_str:00000000000042ab .LASF6477
     /tmp/cc7KEiL4.s:94666  .debug_str:000000000002907b .LASF6478
     /tmp/cc7KEiL4.s:98000  .debug_str:0000000000036cc2 .LASF6479
     /tmp/cc7KEiL4.s:98458  .debug_str:000000000003882a .LASF6480
     /tmp/cc7KEiL4.s:98920  .debug_str:000000000003a88b .LASF6481
     /tmp/cc7KEiL4.s:98002  .debug_str:0000000000036cc8 .LASF6482
     /tmp/cc7KEiL4.s:92508  .debug_str:0000000000020719 .LASF6483
     /tmp/cc7KEiL4.s:98924  .debug_str:000000000003a8b1 .LASF6484
     /tmp/cc7KEiL4.s:98004  .debug_str:0000000000036cce .LASF6485
     /tmp/cc7KEiL4.s:86618  .debug_str:0000000000007efd .LASF6486
     /tmp/cc7KEiL4.s:96946  .debug_str:00000000000329ee .LASF6487
     /tmp/cc7KEiL4.s:98006  .debug_str:0000000000036cd4 .LASF6488
     /tmp/cc7KEiL4.s:99246  .debug_str:000000000003be96 .LASF6489
     /tmp/cc7KEiL4.s:91022  .debug_str:0000000000019f40 .LASF6490
     /tmp/cc7KEiL4.s:98008  .debug_str:0000000000036cda .LASF6491
     /tmp/cc7KEiL4.s:93396  .debug_str:0000000000023e4b .LASF6492
     /tmp/cc7KEiL4.s:91026  .debug_str:0000000000019f6d .LASF6493
     /tmp/cc7KEiL4.s:98010  .debug_str:0000000000036ce0 .LASF6494
     /tmp/cc7KEiL4.s:87532  .debug_str:000000000000bec8 .LASF6495
     /tmp/cc7KEiL4.s:91006  .debug_str:0000000000019e3c .LASF6496
     /tmp/cc7KEiL4.s:98012  .debug_str:0000000000036ce6 .LASF6497
     /tmp/cc7KEiL4.s:100172  .debug_str:000000000003fc37 .LASF6498
     /tmp/cc7KEiL4.s:85302  .debug_str:0000000000002484 .LASF6499
     /tmp/cc7KEiL4.s:98014  .debug_str:0000000000036cec .LASF6500
     /tmp/cc7KEiL4.s:94382  .debug_str:0000000000027e2e .LASF6501
     /tmp/cc7KEiL4.s:101182  .debug_str:0000000000043e65 .LASF6502
     /tmp/cc7KEiL4.s:98016  .debug_str:0000000000036cf2 .LASF6503
     /tmp/cc7KEiL4.s:96148  .debug_str:000000000002f351 .LASF6504
     /tmp/cc7KEiL4.s:99576  .debug_str:000000000003d3c6 .LASF6505
     /tmp/cc7KEiL4.s:98078  .debug_str:00000000000370c8 .LASF6506
     /tmp/cc7KEiL4.s:100206  .debug_str:000000000003fe1e .LASF6507
     /tmp/cc7KEiL4.s:102980  .debug_str:000000000004bbac .LASF6508
     /tmp/cc7KEiL4.s:98080  .debug_str:00000000000370ce .LASF6509
     /tmp/cc7KEiL4.s:94402  .debug_str:0000000000027fa1 .LASF6510
     /tmp/cc7KEiL4.s:99376  .debug_str:000000000003c6c1 .LASF6511
     /tmp/cc7KEiL4.s:98082  .debug_str:00000000000370d4 .LASF6512
     /tmp/cc7KEiL4.s:88500  .debug_str:000000000000f917 .LASF6513
     /tmp/cc7KEiL4.s:86062  .debug_str:0000000000005a2a .LASF6514
     /tmp/cc7KEiL4.s:98084  .debug_str:00000000000370da .LASF6515
     /tmp/cc7KEiL4.s:101132  .debug_str:0000000000043b05 .LASF6516
     /tmp/cc7KEiL4.s:94554  .debug_str:0000000000028979 .LASF6517
     /tmp/cc7KEiL4.s:98086  .debug_str:00000000000370e0 .LASF6518
     /tmp/cc7KEiL4.s:95362  .debug_str:000000000002bd4f .LASF6519
     /tmp/cc7KEiL4.s:97968  .debug_str:0000000000036aed .LASF6520
     /tmp/cc7KEiL4.s:98088  .debug_str:00000000000370e6 .LASF6521
     /tmp/cc7KEiL4.s:89464  .debug_str:000000000001376e .LASF6522
     /tmp/cc7KEiL4.s:93756  .debug_str:000000000002553c .LASF6523
     /tmp/cc7KEiL4.s:98090  .debug_str:00000000000370ec .LASF6524
     /tmp/cc7KEiL4.s:102006  .debug_str:0000000000047600 .LASF6525
     /tmp/cc7KEiL4.s:90146  .debug_str:0000000000016351 .LASF6526
     /tmp/cc7KEiL4.s:98092  .debug_str:00000000000370f2 .LASF6527
     /tmp/cc7KEiL4.s:96256  .debug_str:000000000002faba .LASF6528
     /tmp/cc7KEiL4.s:90150  .debug_str:0000000000016372 .LASF6529
     /tmp/cc7KEiL4.s:98094  .debug_str:00000000000370f8 .LASF6530
     /tmp/cc7KEiL4.s:90380  .debug_str:00000000000173ab .LASF6531
     /tmp/cc7KEiL4.s:93806  .debug_str:000000000002577e .LASF6532
     /tmp/cc7KEiL4.s:98096  .debug_str:00000000000370fe .LASF6533
     /tmp/cc7KEiL4.s:102966  .debug_str:000000000004bad0 .LASF6534
     /tmp/cc7KEiL4.s:94104  .debug_str:0000000000026c49 .LASF6535
     /tmp/cc7KEiL4.s:98164  .debug_str:000000000003757f .LASF6536
     /tmp/cc7KEiL4.s:97236  .debug_str:0000000000033dc6 .LASF6537
     /tmp/cc7KEiL4.s:97008  .debug_str:0000000000032e42 .LASF6538
     /tmp/cc7KEiL4.s:98166  .debug_str:0000000000037585 .LASF6539
     /tmp/cc7KEiL4.s:90398  .debug_str:0000000000017501 .LASF6540
     /tmp/cc7KEiL4.s:96332  .debug_str:000000000002ff6f .LASF6541
     /tmp/cc7KEiL4.s:95742  .debug_str:000000000002d7ea .LASF6542
     /tmp/cc7KEiL4.s:90800  .debug_str:0000000000018f18 .LASF6543
     /tmp/cc7KEiL4.s:99490  .debug_str:000000000003ce8a .LASF6544
     /tmp/cc7KEiL4.s:98170  .debug_str:00000000000375a8 .LASF6545
     /tmp/cc7KEiL4.s:97188  .debug_str:0000000000033af1 .LASF6546
     /tmp/cc7KEiL4.s:85540  .debug_str:000000000000352a .LASF6547
     /tmp/cc7KEiL4.s:95748  .debug_str:000000000002d843 .LASF6548
     /tmp/cc7KEiL4.s:91316  .debug_str:000000000001b385 .LASF6549
     /tmp/cc7KEiL4.s:90948  .debug_str:0000000000019a32 .LASF6550
     /tmp/cc7KEiL4.s:98174  .debug_str:00000000000375cc .LASF6551
     /tmp/cc7KEiL4.s:85502  .debug_str:000000000000333c .LASF6552
     /tmp/cc7KEiL4.s:89284  .debug_str:0000000000012c04 .LASF6553
     /tmp/cc7KEiL4.s:98176  .debug_str:00000000000375d2 .LASF6554
     /tmp/cc7KEiL4.s:96460  .debug_str:000000000003092f .LASF6555
     /tmp/cc7KEiL4.s:99012  .debug_str:000000000003ae3d .LASF6556
     /tmp/cc7KEiL4.s:98178  .debug_str:00000000000375d8 .LASF6557
     /tmp/cc7KEiL4.s:92260  .debug_str:000000000001f5d3 .LASF6558
     /tmp/cc7KEiL4.s:85460  .debug_str:0000000000003071 .LASF6559
     /tmp/cc7KEiL4.s:98180  .debug_str:00000000000375de .LASF6560
     /tmp/cc7KEiL4.s:86372  .debug_str:0000000000006f8d .LASF6561
     /tmp/cc7KEiL4.s:93058  .debug_str:0000000000022c14 .LASF6562
     /tmp/cc7KEiL4.s:98182  .debug_str:00000000000375e4 .LASF6563
     /tmp/cc7KEiL4.s:99032  .debug_str:000000000003af91 .LASF6564
     /tmp/cc7KEiL4.s:97878  .debug_str:000000000003663c .LASF6565
     /tmp/cc7KEiL4.s:88064  .debug_str:000000000000e0d8 .LASF6566
     /tmp/cc7KEiL4.s:86344  .debug_str:0000000000006db2 .LASF6567
     /tmp/cc7KEiL4.s:97882  .debug_str:0000000000036683 .LASF6568
     /tmp/cc7KEiL4.s:89262  .debug_str:0000000000012b10 .LASF6569
     /tmp/cc7KEiL4.s:99010  .debug_str:000000000003ae1c .LASF6570
     /tmp/cc7KEiL4.s:90808  .debug_str:0000000000018fc5 .LASF6571
     /tmp/cc7KEiL4.s:89266  .debug_str:0000000000012b36 .LASF6572
     /tmp/cc7KEiL4.s:91062  .debug_str:000000000001a1c0 .LASF6573
     /tmp/cc7KEiL4.s:93434  .debug_str:0000000000024109 .LASF6574
     /tmp/cc7KEiL4.s:89270  .debug_str:0000000000012b45 .LASF6575
     /tmp/cc7KEiL4.s:87236  .debug_str:000000000000a989 .LASF6576
     /tmp/cc7KEiL4.s:93436  .debug_str:0000000000024118 .LASF6577
     /tmp/cc7KEiL4.s:88072  .debug_str:000000000000e151 .LASF6578
     /tmp/cc7KEiL4.s:99876  .debug_str:000000000003e873 .LASF6579
     /tmp/cc7KEiL4.s:92510  .debug_str:0000000000020739 .LASF6580
     /tmp/cc7KEiL4.s:88074  .debug_str:000000000000e158 .LASF6581
     /tmp/cc7KEiL4.s:94068  .debug_str:0000000000026975 .LASF6582
     /tmp/cc7KEiL4.s:90444  .debug_str:00000000000177fa .LASF6583
     /tmp/cc7KEiL4.s:88076  .debug_str:000000000000e15f .LASF6584
     /tmp/cc7KEiL4.s:88166  .debug_str:000000000000e53c .LASF6585
     /tmp/cc7KEiL4.s:87376  .debug_str:000000000000b44f .LASF6586
     /tmp/cc7KEiL4.s:88078  .debug_str:000000000000e166 .LASF6587
     /tmp/cc7KEiL4.s:100852  .debug_str:000000000004293a .LASF6588
     /tmp/cc7KEiL4.s:93654  .debug_str:0000000000024e52 .LASF6589
     /tmp/cc7KEiL4.s:88080  .debug_str:000000000000e16d .LASF6590
     /tmp/cc7KEiL4.s:95034  .debug_str:000000000002a8a8 .LASF6591
     /tmp/cc7KEiL4.s:93656  .debug_str:0000000000024e63 .LASF6592
     /tmp/cc7KEiL4.s:88082  .debug_str:000000000000e174 .LASF6593
     /tmp/cc7KEiL4.s:89162  .debug_str:00000000000123dc .LASF6594
     /tmp/cc7KEiL4.s:100246  .debug_str:0000000000040139 .LASF6595
     /tmp/cc7KEiL4.s:88134  .debug_str:000000000000e456 .LASF6596
     /tmp/cc7KEiL4.s:100872  .debug_str:0000000000042a74 .LASF6597
     /tmp/cc7KEiL4.s:89300  .debug_str:0000000000012d21 .LASF6598
     /tmp/cc7KEiL4.s:88136  .debug_str:000000000000e45d .LASF6599
     /tmp/cc7KEiL4.s:95050  .debug_str:000000000002a98a .LASF6600
     /tmp/cc7KEiL4.s:89302  .debug_str:0000000000012d32 .LASF6601
     /tmp/cc7KEiL4.s:88138  .debug_str:000000000000e464 .LASF6602
     /tmp/cc7KEiL4.s:89176  .debug_str:00000000000124c5 .LASF6603
     /tmp/cc7KEiL4.s:86434  .debug_str:000000000000738a .LASF6604
     /tmp/cc7KEiL4.s:89420  .debug_str:0000000000013488 .LASF6605
     /tmp/cc7KEiL4.s:101730  .debug_str:000000000004644e .LASF6606
     /tmp/cc7KEiL4.s:96154  .debug_str:000000000002f390 .LASF6607
     /tmp/cc7KEiL4.s:88142  .debug_str:000000000000e48f .LASF6608
     /tmp/cc7KEiL4.s:95972  .debug_str:000000000002e84b .LASF6609
     /tmp/cc7KEiL4.s:96160  .debug_str:000000000002f3d9 .LASF6610
     /tmp/cc7KEiL4.s:88144  .debug_str:000000000000e496 .LASF6611
     /tmp/cc7KEiL4.s:90080  .debug_str:0000000000015f25 .LASF6612
     /tmp/cc7KEiL4.s:86988  .debug_str:0000000000009903 .LASF6613
     /tmp/cc7KEiL4.s:88146  .debug_str:000000000000e49d .LASF6614
     /tmp/cc7KEiL4.s:85716  .debug_str:0000000000004255 .LASF6615
     /tmp/cc7KEiL4.s:84854  .debug_str:00000000000005d9 .LASF6616
     /tmp/cc7KEiL4.s:88148  .debug_str:000000000000e4a4 .LASF6617
     /tmp/cc7KEiL4.s:96890  .debug_str:000000000003263f .LASF6618
     /tmp/cc7KEiL4.s:86536  .debug_str:00000000000079be .LASF6619
     /tmp/cc7KEiL4.s:88150  .debug_str:000000000000e4ab .LASF6620
     /tmp/cc7KEiL4.s:91002  .debug_str:0000000000019e10 .LASF6621
     /tmp/cc7KEiL4.s:96202  .debug_str:000000000002f723 .LASF6622
     /tmp/cc7KEiL4.s:88152  .debug_str:000000000000e4b2 .LASF6623
     /tmp/cc7KEiL4.s:85160  .debug_str:0000000000001a8b .LASF6624
     /tmp/cc7KEiL4.s:92146  .debug_str:000000000001eda9 .LASF6625
     /tmp/cc7KEiL4.s:88228  .debug_str:000000000000e9b6 .LASF6626
     /tmp/cc7KEiL4.s:102172  .debug_str:000000000004821b .LASF6627
     /tmp/cc7KEiL4.s:96296  .debug_str:000000000002fd08 .LASF6628
     /tmp/cc7KEiL4.s:88230  .debug_str:000000000000e9bd .LASF6629
     /tmp/cc7KEiL4.s:91024  .debug_str:0000000000019f4c .LASF6630
     /tmp/cc7KEiL4.s:89568  .debug_str:0000000000013da9 .LASF6631
     /tmp/cc7KEiL4.s:88232  .debug_str:000000000000e9c4 .LASF6632
     /tmp/cc7KEiL4.s:85178  .debug_str:0000000000001bb8 .LASF6633
     /tmp/cc7KEiL4.s:91868  .debug_str:000000000001d97a .LASF6634
     /tmp/cc7KEiL4.s:88234  .debug_str:000000000000e9cb .LASF6635
     /tmp/cc7KEiL4.s:101788  .debug_str:000000000004681f .LASF6636
     /tmp/cc7KEiL4.s:91870  .debug_str:000000000001d989 .LASF6637
     /tmp/cc7KEiL4.s:88236  .debug_str:000000000000e9d2 .LASF6638
     /tmp/cc7KEiL4.s:91932  .debug_str:000000000001de77 .LASF6639
     /tmp/cc7KEiL4.s:85714  .debug_str:0000000000004248 .LASF6640
     /tmp/cc7KEiL4.s:88238  .debug_str:000000000000e9d9 .LASF6641
     /tmp/cc7KEiL4.s:86092  .debug_str:0000000000005c06 .LASF6642
     /tmp/cc7KEiL4.s:85184  .debug_str:0000000000001c42 .LASF6643
     /tmp/cc7KEiL4.s:90858  .debug_str:0000000000019363 .LASF6644
     /tmp/cc7KEiL4.s:98780  .debug_str:0000000000039ef0 .LASF6645
     /tmp/cc7KEiL4.s:85188  .debug_str:0000000000001c7e .LASF6646
     /tmp/cc7KEiL4.s:88242  .debug_str:000000000000ea08 .LASF6647
     /tmp/cc7KEiL4.s:85108  .debug_str:00000000000016ab .LASF6648
     /tmp/cc7KEiL4.s:103066  .debug_str:000000000004c1fd .LASF6649
     /tmp/cc7KEiL4.s:88244  .debug_str:000000000000ea0f .LASF6650
     /tmp/cc7KEiL4.s:102960  .debug_str:000000000004ba89 .LASF6651
     /tmp/cc7KEiL4.s:99252  .debug_str:000000000003bf06 .LASF6652
     /tmp/cc7KEiL4.s:88246  .debug_str:000000000000ea16 .LASF6653
     /tmp/cc7KEiL4.s:99622  .debug_str:000000000003d69e .LASF6654
     /tmp/cc7KEiL4.s:91532  .debug_str:000000000001c1ee .LASF6655
     /tmp/cc7KEiL4.s:89714  .debug_str:0000000000014716 .LASF6656
     /tmp/cc7KEiL4.s:99446  .debug_str:000000000003cb95 .LASF6657
     /tmp/cc7KEiL4.s:91696  .debug_str:000000000001ce0d .LASF6658
     /tmp/cc7KEiL4.s:88300  .debug_str:000000000000ed67 .LASF6659
     /tmp/cc7KEiL4.s:86932  .debug_str:000000000000951d .LASF6660
     /tmp/cc7KEiL4.s:99954  .debug_str:000000000003eddf .LASF6661
     /tmp/cc7KEiL4.s:88302  .debug_str:000000000000ed6e .LASF6662
     /tmp/cc7KEiL4.s:99644  .debug_str:000000000003d814 .LASF6663
     /tmp/cc7KEiL4.s:89316  .debug_str:0000000000012de2 .LASF6664
     /tmp/cc7KEiL4.s:88304  .debug_str:000000000000ed75 .LASF6665
     /tmp/cc7KEiL4.s:93834  .debug_str:00000000000259ad .LASF6666
     /tmp/cc7KEiL4.s:96988  .debug_str:0000000000032cc1 .LASF6667
     /tmp/cc7KEiL4.s:88306  .debug_str:000000000000ed7c .LASF6668
     /tmp/cc7KEiL4.s:87910  .debug_str:000000000000d76a .LASF6669
     /tmp/cc7KEiL4.s:86284  .debug_str:0000000000006966 .LASF6670
     /tmp/cc7KEiL4.s:88308  .debug_str:000000000000ed83 .LASF6671
     /tmp/cc7KEiL4.s:100582  .debug_str:00000000000417fa .LASF6672
     /tmp/cc7KEiL4.s:89696  .debug_str:00000000000145e3 .LASF6673
     /tmp/cc7KEiL4.s:89738  .debug_str:0000000000014895 .LASF6674
     /tmp/cc7KEiL4.s:94794  .debug_str:00000000000298fa .LASF6675
     /tmp/cc7KEiL4.s:97516  .debug_str:000000000003509b .LASF6676
     /tmp/cc7KEiL4.s:88312  .debug_str:000000000000edb8 .LASF6677
     /tmp/cc7KEiL4.s:86224  .debug_str:00000000000064d9 .LASF6678
     /tmp/cc7KEiL4.s:97886  .debug_str:00000000000366bb .LASF6679
     /tmp/cc7KEiL4.s:88314  .debug_str:000000000000edbf .LASF6680
     /tmp/cc7KEiL4.s:101510  .debug_str:0000000000045498 .LASF6681
     /tmp/cc7KEiL4.s:95800  .debug_str:000000000002db76 .LASF6682
     /tmp/cc7KEiL4.s:89746  .debug_str:0000000000014908 .LASF6683
     /tmp/cc7KEiL4.s:98370  .debug_str:0000000000038268 .LASF6684
     /tmp/cc7KEiL4.s:92300  .debug_str:000000000001f81e .LASF6685
     /tmp/cc7KEiL4.s:88384  .debug_str:000000000000f36d .LASF6686
     /tmp/cc7KEiL4.s:96748  .debug_str:0000000000031d17 .LASF6687
     /tmp/cc7KEiL4.s:93036  .debug_str:0000000000022a36 .LASF6688
     /tmp/cc7KEiL4.s:88386  .debug_str:000000000000f374 .LASF6689
     /tmp/cc7KEiL4.s:101524  .debug_str:0000000000045591 .LASF6690
     /tmp/cc7KEiL4.s:86060  .debug_str:0000000000005a1f .LASF6691
     /tmp/cc7KEiL4.s:88388  .debug_str:000000000000f37b .LASF6692
     /tmp/cc7KEiL4.s:95750  .debug_str:000000000002d849 .LASF6693
     /tmp/cc7KEiL4.s:89928  .debug_str:0000000000015493 .LASF6694
     /tmp/cc7KEiL4.s:88390  .debug_str:000000000000f382 .LASF6695
     /tmp/cc7KEiL4.s:89852  .debug_str:0000000000015057 .LASF6696
     /tmp/cc7KEiL4.s:89908  .debug_str:0000000000015393 .LASF6697
     /tmp/cc7KEiL4.s:88392  .debug_str:000000000000f389 .LASF6698
     /tmp/cc7KEiL4.s:102414  .debug_str:0000000000049314 .LASF6699
     /tmp/cc7KEiL4.s:88938  .debug_str:00000000000114cb .LASF6700
     /tmp/cc7KEiL4.s:88394  .debug_str:000000000000f390 .LASF6701
     /tmp/cc7KEiL4.s:89892  .debug_str:0000000000015240 .LASF6702
     /tmp/cc7KEiL4.s:91410  .debug_str:000000000001ba6d .LASF6703
     /tmp/cc7KEiL4.s:89878  .debug_str:00000000000151ce .LASF6704
     /tmp/cc7KEiL4.s:95956  .debug_str:000000000002e704 .LASF6705
     /tmp/cc7KEiL4.s:95106  .debug_str:000000000002ad62 .LASF6706
     /tmp/cc7KEiL4.s:89880  .debug_str:00000000000151d5 .LASF6707
     /tmp/cc7KEiL4.s:84936  .debug_str:0000000000000b13 .LASF6708
     /tmp/cc7KEiL4.s:96820  .debug_str:00000000000321ea .LASF6709
     /tmp/cc7KEiL4.s:89882  .debug_str:00000000000151dc .LASF6710
     /tmp/cc7KEiL4.s:97556  .debug_str:0000000000035328 .LASF6711
     /tmp/cc7KEiL4.s:86052  .debug_str:0000000000005988 .LASF6712
     /tmp/cc7KEiL4.s:89884  .debug_str:00000000000151e3 .LASF6713
     /tmp/cc7KEiL4.s:91658  .debug_str:000000000001cb3e .LASF6714
     /tmp/cc7KEiL4.s:99890  .debug_str:000000000003e9a2 .LASF6715
     /tmp/cc7KEiL4.s:88468  .debug_str:000000000000f823 .LASF6716
     /tmp/cc7KEiL4.s:84950  .debug_str:0000000000000bdd .LASF6717
     /tmp/cc7KEiL4.s:90682  .debug_str:0000000000018728 .LASF6718
     /tmp/cc7KEiL4.s:88470  .debug_str:000000000000f82a .LASF6719
     /tmp/cc7KEiL4.s:99952  .debug_str:000000000003edbe .LASF6720
     /tmp/cc7KEiL4.s:101172  .debug_str:0000000000043da5 .LASF6721
     /tmp/cc7KEiL4.s:88472  .debug_str:000000000000f831 .LASF6722
     /tmp/cc7KEiL4.s:91680  .debug_str:000000000001cced .LASF6723
     /tmp/cc7KEiL4.s:87110  .debug_str:000000000000a13d .LASF6724
     /tmp/cc7KEiL4.s:88474  .debug_str:000000000000f838 .LASF6725
     /tmp/cc7KEiL4.s:101210  .debug_str:000000000004400e .LASF6726
     /tmp/cc7KEiL4.s:95384  .debug_str:000000000002beb7 .LASF6727
     /tmp/cc7KEiL4.s:88476  .debug_str:000000000000f83f .LASF6728
     /tmp/cc7KEiL4.s:98570  .debug_str:0000000000038fcf .LASF6729
     /tmp/cc7KEiL4.s:88872  .debug_str:0000000000011018 .LASF6730
     /tmp/cc7KEiL4.s:88478  .debug_str:000000000000f846 .LASF6731
     /tmp/cc7KEiL4.s:92644  .debug_str:0000000000020f24 .LASF6732
     /tmp/cc7KEiL4.s:102016  .debug_str:00000000000476c3 .LASF6733
     /tmp/cc7KEiL4.s:88480  .debug_str:000000000000f84d .LASF6734
     /tmp/cc7KEiL4.s:86736  .debug_str:0000000000008714 .LASF6735
     /tmp/cc7KEiL4.s:90864  .debug_str:00000000000193cd .LASF6736
     /tmp/cc7KEiL4.s:88482  .debug_str:000000000000f854 .LASF6737
     /tmp/cc7KEiL4.s:99398  .debug_str:000000000003c86d .LASF6738
     /tmp/cc7KEiL4.s:102806  .debug_str:000000000004b08d .LASF6739
     /tmp/cc7KEiL4.s:88484  .debug_str:000000000000f85b .LASF6740
     /tmp/cc7KEiL4.s:93566  .debug_str:00000000000247f3 .LASF6741
     /tmp/cc7KEiL4.s:85206  .debug_str:0000000000001d91 .LASF6742
     /tmp/cc7KEiL4.s:88486  .debug_str:000000000000f862 .LASF6743
     /tmp/cc7KEiL4.s:87666  .debug_str:000000000000c79b .LASF6744
     /tmp/cc7KEiL4.s:86476  .debug_str:0000000000007634 .LASF6745
     /tmp/cc7KEiL4.s:88526  .debug_str:000000000000fae9 .LASF6746
     /tmp/cc7KEiL4.s:99572  .debug_str:000000000003d38c .LASF6747
     /tmp/cc7KEiL4.s:95018  .debug_str:000000000002a7ce .LASF6748
     /tmp/cc7KEiL4.s:88528  .debug_str:000000000000faf0 .LASF6749
     /tmp/cc7KEiL4.s:93738  .debug_str:00000000000253df .LASF6750
     /tmp/cc7KEiL4.s:98550  .debug_str:0000000000038ee3 .LASF6751
     /tmp/cc7KEiL4.s:88530  .debug_str:000000000000faf7 .LASF6752
     /tmp/cc7KEiL4.s:87826  .debug_str:000000000000d23f .LASF6753
     /tmp/cc7KEiL4.s:99522  .debug_str:000000000003d08d .LASF6754
     /tmp/cc7KEiL4.s:91730  .debug_str:000000000001d08b .LASF6755
     /tmp/cc7KEiL4.s:100512  .debug_str:0000000000041378 .LASF6756
     /tmp/cc7KEiL4.s:99288  .debug_str:000000000003c1b3 .LASF6757
     /tmp/cc7KEiL4.s:88534  .debug_str:000000000000fb1f .LASF6758
     /tmp/cc7KEiL4.s:94722  .debug_str:0000000000029375 .LASF6759
     /tmp/cc7KEiL4.s:90014  .debug_str:0000000000015a65 .LASF6760
     /tmp/cc7KEiL4.s:88536  .debug_str:000000000000fb26 .LASF6761
     /tmp/cc7KEiL4.s:84988  .debug_str:0000000000000ea8 .LASF6762
     /tmp/cc7KEiL4.s:98454  .debug_str:0000000000038801 .LASF6763
     /tmp/cc7KEiL4.s:88538  .debug_str:000000000000fb2d .LASF6764
     /tmp/cc7KEiL4.s:90994  .debug_str:0000000000019d61 .LASF6765
     /tmp/cc7KEiL4.s:96466  .debug_str:00000000000309d4 .LASF6766
     /tmp/cc7KEiL4.s:88540  .debug_str:000000000000fb34 .LASF6767
     /tmp/cc7KEiL4.s:95650  .debug_str:000000000002d111 .LASF6768
     /tmp/cc7KEiL4.s:95642  .debug_str:000000000002d079 .LASF6769
     /tmp/cc7KEiL4.s:88542  .debug_str:000000000000fb3b .LASF6770
     /tmp/cc7KEiL4.s:103010  .debug_str:000000000004bdea .LASF6771
     /tmp/cc7KEiL4.s:91418  .debug_str:000000000001baee .LASF6772
     /tmp/cc7KEiL4.s:90192  .debug_str:00000000000166a4 .LASF6773
     /tmp/cc7KEiL4.s:102314  .debug_str:0000000000048be5 .LASF6774
     /tmp/cc7KEiL4.s:85126  .debug_str:0000000000001800 .LASF6775
     /tmp/cc7KEiL4.s:90304  .debug_str:0000000000016e93 .LASF6776
     /tmp/cc7KEiL4.s:95672  .debug_str:000000000002d2e5 .LASF6777
     /tmp/cc7KEiL4.s:86990  .debug_str:000000000000990f .LASF6778
     /tmp/cc7KEiL4.s:90308  .debug_str:0000000000016ece .LASF6779
     /tmp/cc7KEiL4.s:89800  .debug_str:0000000000014cd3 .LASF6780
     /tmp/cc7KEiL4.s:86994  .debug_str:0000000000009931 .LASF6781
     /tmp/cc7KEiL4.s:88616  .debug_str:000000000000ffee .LASF6782
     /tmp/cc7KEiL4.s:102340  .debug_str:0000000000048dbd .LASF6783
     /tmp/cc7KEiL4.s:98042  .debug_str:0000000000036ea3 .LASF6784
     /tmp/cc7KEiL4.s:88618  .debug_str:000000000000fff5 .LASF6785
     /tmp/cc7KEiL4.s:88614  .debug_str:000000000000ffcd .LASF6786
     /tmp/cc7KEiL4.s:98020  .debug_str:0000000000036d1b .LASF6787
     /tmp/cc7KEiL4.s:88620  .debug_str:000000000000fffc .LASF6788
     /tmp/cc7KEiL4.s:90690  .debug_str:0000000000018792 .LASF6789
     /tmp/cc7KEiL4.s:98024  .debug_str:0000000000036d65 .LASF6790
     /tmp/cc7KEiL4.s:88622  .debug_str:0000000000010003 .LASF6791
     /tmp/cc7KEiL4.s:84864  .debug_str:000000000000066a .LASF6792
     /tmp/cc7KEiL4.s:98336  .debug_str:0000000000037fe7 .LASF6793
     /tmp/cc7KEiL4.s:88624  .debug_str:000000000001000a .LASF6794
     /tmp/cc7KEiL4.s:97484  .debug_str:0000000000034e9b .LASF6795
     /tmp/cc7KEiL4.s:93580  .debug_str:00000000000248cb .LASF6796
     /tmp/cc7KEiL4.s:88626  .debug_str:0000000000010011 .LASF6797
     /tmp/cc7KEiL4.s:91588  .debug_str:000000000001c64a .LASF6798
     /tmp/cc7KEiL4.s:93584  .debug_str:000000000002491a .LASF6799
     /tmp/cc7KEiL4.s:88628  .debug_str:0000000000010018 .LASF6800
     /tmp/cc7KEiL4.s:85762  .debug_str:00000000000044e3 .LASF6801
     /tmp/cc7KEiL4.s:99276  .debug_str:000000000003c0c3 .LASF6802
     /tmp/cc7KEiL4.s:90326  .debug_str:0000000000016fce .LASF6803
     /tmp/cc7KEiL4.s:87770  .debug_str:000000000000ce96 .LASF6804
     /tmp/cc7KEiL4.s:91222  .debug_str:000000000001ad4a .LASF6805
     /tmp/cc7KEiL4.s:92222  .debug_str:000000000001f3cf .LASF6806
     /tmp/cc7KEiL4.s:91600  .debug_str:000000000001c712 .LASF6807
     /tmp/cc7KEiL4.s:91226  .debug_str:000000000001ad75 .LASF6808
     /tmp/cc7KEiL4.s:88698  .debug_str:0000000000010573 .LASF6809
     /tmp/cc7KEiL4.s:85778  .debug_str:00000000000045d8 .LASF6810
     /tmp/cc7KEiL4.s:98504  .debug_str:0000000000038b52 .LASF6811
     /tmp/cc7KEiL4.s:88700  .debug_str:000000000001057a .LASF6812
     /tmp/cc7KEiL4.s:98508  .debug_str:0000000000038b8d .LASF6813
     /tmp/cc7KEiL4.s:86798  .debug_str:0000000000008be4 .LASF6814
     /tmp/cc7KEiL4.s:90466  .debug_str:000000000001796e .LASF6815
     /tmp/cc7KEiL4.s:92560  .debug_str:00000000000209dc .LASF6816
     /tmp/cc7KEiL4.s:86802  .debug_str:0000000000008c0f .LASF6817
     /tmp/cc7KEiL4.s:88704  .debug_str:00000000000105c4 .LASF6818
     /tmp/cc7KEiL4.s:86674  .debug_str:00000000000082dd .LASF6819
     /tmp/cc7KEiL4.s:89868  .debug_str:0000000000015133 .LASF6820
     /tmp/cc7KEiL4.s:88706  .debug_str:00000000000105cb .LASF6821
     /tmp/cc7KEiL4.s:99304  .debug_str:000000000003c2ae .LASF6822
     /tmp/cc7KEiL4.s:92108  .debug_str:000000000001eb42 .LASF6823
     /tmp/cc7KEiL4.s:88708  .debug_str:00000000000105d2 .LASF6824
     /tmp/cc7KEiL4.s:93476  .debug_str:000000000002422a .LASF6825
     /tmp/cc7KEiL4.s:92110  .debug_str:000000000001eb50 .LASF6826
     /tmp/cc7KEiL4.s:88710  .debug_str:00000000000105d9 .LASF6827
     /tmp/cc7KEiL4.s:87592  .debug_str:000000000000c29b .LASF6828
     /tmp/cc7KEiL4.s:95558  .debug_str:000000000002cb48 .LASF6829
     /tmp/cc7KEiL4.s:90482  .debug_str:00000000000179e8 .LASF6830
     /tmp/cc7KEiL4.s:100250  .debug_str:0000000000040174 .LASF6831
     /tmp/cc7KEiL4.s:87684  .debug_str:000000000000c917 .LASF6832
     /tmp/cc7KEiL4.s:88714  .debug_str:000000000001060a .LASF6833
     /tmp/cc7KEiL4.s:94446  .debug_str:000000000002828c .LASF6834
     /tmp/cc7KEiL4.s:87688  .debug_str:000000000000c95a .LASF6835
     /tmp/cc7KEiL4.s:88786  .debug_str:0000000000010b00 .LASF6836
     /tmp/cc7KEiL4.s:87620  .debug_str:000000000000c4cb .LASF6837
     /tmp/cc7KEiL4.s:90928  .debug_str:00000000000198e7 .LASF6838
     /tmp/cc7KEiL4.s:88788  .debug_str:0000000000010b07 .LASF6839
     /tmp/cc7KEiL4.s:100272  .debug_str:000000000004033f .LASF6840
     /tmp/cc7KEiL4.s:101514  .debug_str:00000000000454cc .LASF6841
     /tmp/cc7KEiL4.s:88790  .debug_str:0000000000010b0e .LASF6842
     /tmp/cc7KEiL4.s:94464  .debug_str:000000000002839e .LASF6843
     /tmp/cc7KEiL4.s:87202  .debug_str:000000000000a769 .LASF6844
     /tmp/cc7KEiL4.s:92460  .debug_str:00000000000203d2 .LASF6845
     /tmp/cc7KEiL4.s:101564  .debug_str:0000000000045800 .LASF6846
     /tmp/cc7KEiL4.s:90068  .debug_str:0000000000015e2e .LASF6847
     /tmp/cc7KEiL4.s:88794  .debug_str:0000000000010b3f .LASF6848
     /tmp/cc7KEiL4.s:101194  .debug_str:0000000000043ed1 .LASF6849
     /tmp/cc7KEiL4.s:101326  .debug_str:0000000000044850 .LASF6850
     /tmp/cc7KEiL4.s:88796  .debug_str:0000000000010b46 .LASF6851
     /tmp/cc7KEiL4.s:95422  .debug_str:000000000002c182 .LASF6852
     /tmp/cc7KEiL4.s:101330  .debug_str:000000000004488c .LASF6853
     /tmp/cc7KEiL4.s:88798  .debug_str:0000000000010b4d .LASF6854
     /tmp/cc7KEiL4.s:89518  .debug_str:0000000000013ab4 .LASF6855
     /tmp/cc7KEiL4.s:99668  .debug_str:000000000003d97c .LASF6856
     /tmp/cc7KEiL4.s:88800  .debug_str:0000000000010b54 .LASF6857
     /tmp/cc7KEiL4.s:88732  .debug_str:000000000001072e .LASF6858
     /tmp/cc7KEiL4.s:94600  .debug_str:0000000000028c17 .LASF6859
     /tmp/cc7KEiL4.s:88802  .debug_str:0000000000010b5b .LASF6860
     /tmp/cc7KEiL4.s:96316  .debug_str:000000000002fe64 .LASF6861
     /tmp/cc7KEiL4.s:97912  .debug_str:0000000000036835 .LASF6862
     /tmp/cc7KEiL4.s:88804  .debug_str:0000000000010b62 .LASF6863
     /tmp/cc7KEiL4.s:90440  .debug_str:00000000000177a1 .LASF6864
     /tmp/cc7KEiL4.s:97700  .debug_str:0000000000035bd3 .LASF6865
     /tmp/cc7KEiL4.s:93110  .debug_str:0000000000022f31 .LASF6866
     /tmp/cc7KEiL4.s:97922  .debug_str:00000000000368ad .LASF6867
     /tmp/cc7KEiL4.s:97704  .debug_str:0000000000035c0a .LASF6868
     /tmp/cc7KEiL4.s:93112  .debug_str:0000000000022f38 .LASF6869
     /tmp/cc7KEiL4.s:92008  .debug_str:000000000001e3b7 .LASF6870
     /tmp/cc7KEiL4.s:97954  .debug_str:00000000000369db .LASF6871
     /tmp/cc7KEiL4.s:93114  .debug_str:0000000000022f3f .LASF6872
     /tmp/cc7KEiL4.s:86158  .debug_str:000000000000605e .LASF6873
     /tmp/cc7KEiL4.s:93248  .debug_str:0000000000023731 .LASF6874
     /tmp/cc7KEiL4.s:93116  .debug_str:0000000000022f46 .LASF6875
     /tmp/cc7KEiL4.s:98848  .debug_str:000000000003a391 .LASF6876
     /tmp/cc7KEiL4.s:93252  .debug_str:0000000000023750 .LASF6877
     /tmp/cc7KEiL4.s:93118  .debug_str:0000000000022f4d .LASF6878
     /tmp/cc7KEiL4.s:92918  .debug_str:0000000000022276 .LASF6879
     /tmp/cc7KEiL4.s:89964  .debug_str:0000000000015739 .LASF6880
     /tmp/cc7KEiL4.s:93120  .debug_str:0000000000022f54 .LASF6881
     /tmp/cc7KEiL4.s:103026  .debug_str:000000000004bf36 .LASF6882
     /tmp/cc7KEiL4.s:91740  .debug_str:000000000001d11a .LASF6883
     /tmp/cc7KEiL4.s:93122  .debug_str:0000000000022f5b .LASF6884
     /tmp/cc7KEiL4.s:102442  .debug_str:0000000000049576 .LASF6885
     /tmp/cc7KEiL4.s:97920  .debug_str:000000000003689d .LASF6886
     /tmp/cc7KEiL4.s:93124  .debug_str:0000000000022f62 .LASF6887
     /tmp/cc7KEiL4.s:93876  .debug_str:0000000000025cef .LASF6888
     /tmp/cc7KEiL4.s:101432  .debug_str:0000000000044f97 .LASF6889
     /tmp/cc7KEiL4.s:93126  .debug_str:0000000000022f69 .LASF6890
     /tmp/cc7KEiL4.s:87958  .debug_str:000000000000da7e .LASF6891
     /tmp/cc7KEiL4.s:98962  .debug_str:000000000003ab0e .LASF6892
     /tmp/cc7KEiL4.s:93128  .debug_str:0000000000022f70 .LASF6893
     /tmp/cc7KEiL4.s:100636  .debug_str:0000000000041c0a .LASF6894
     /tmp/cc7KEiL4.s:86572  .debug_str:0000000000007be6 .LASF6895
     /tmp/cc7KEiL4.s:93180  .debug_str:000000000002334d .LASF6896
     /tmp/cc7KEiL4.s:93898  .debug_str:0000000000025e4f .LASF6897
     /tmp/cc7KEiL4.s:86574  .debug_str:0000000000007bf5 .LASF6898
     /tmp/cc7KEiL4.s:93182  .debug_str:0000000000023354 .LASF6899
     /tmp/cc7KEiL4.s:87984  .debug_str:000000000000dc3e .LASF6900
     /tmp/cc7KEiL4.s:86808  .debug_str:0000000000008c47 .LASF6901
     /tmp/cc7KEiL4.s:93184  .debug_str:000000000002335b .LASF6902
     /tmp/cc7KEiL4.s:100658  .debug_str:0000000000041d58 .LASF6903
     /tmp/cc7KEiL4.s:100718  .debug_str:000000000004213d .LASF6904
     /tmp/cc7KEiL4.s:93186  .debug_str:0000000000023362 .LASF6905
     /tmp/cc7KEiL4.s:94870  .debug_str:0000000000029dac .LASF6906
     /tmp/cc7KEiL4.s:100722  .debug_str:0000000000042156 .LASF6907
     /tmp/cc7KEiL4.s:99502  .debug_str:000000000003cf74 .LASF6908
     /tmp/cc7KEiL4.s:89000  .debug_str:000000000001193c .LASF6909
     /tmp/cc7KEiL4.s:90628  .debug_str:0000000000018367 .LASF6910
     /tmp/cc7KEiL4.s:93190  .debug_str:00000000000233a8 .LASF6911
     /tmp/cc7KEiL4.s:101562  .debug_str:00000000000457df .LASF6912
     /tmp/cc7KEiL4.s:87046  .debug_str:0000000000009cd4 .LASF6913
     /tmp/cc7KEiL4.s:93192  .debug_str:00000000000233af .LASF6914
     /tmp/cc7KEiL4.s:95792  .debug_str:000000000002daf4 .LASF6915
     /tmp/cc7KEiL4.s:87050  .debug_str:0000000000009ce8 .LASF6916
     /tmp/cc7KEiL4.s:93194  .debug_str:00000000000233b6 .LASF6917
     /tmp/cc7KEiL4.s:89896  .debug_str:00000000000152a4 .LASF6918
     /tmp/cc7KEiL4.s:99268  .debug_str:000000000003c04d .LASF6919
     /tmp/cc7KEiL4.s:93196  .debug_str:00000000000233bd .LASF6920
     /tmp/cc7KEiL4.s:102464  .debug_str:00000000000496fc .LASF6921
     /tmp/cc7KEiL4.s:97540  .debug_str:0000000000035210 .LASF6922
     /tmp/cc7KEiL4.s:93198  .debug_str:00000000000233c4 .LASF6923
     /tmp/cc7KEiL4.s:96706  .debug_str:0000000000031a3e .LASF6924
     /tmp/cc7KEiL4.s:93176  .debug_str:0000000000023332 .LASF6925
     /tmp/cc7KEiL4.s:93272  .debug_str:00000000000238c2 .LASF6926
     /tmp/cc7KEiL4.s:87086  .debug_str:0000000000009f67 .LASF6927
     /tmp/cc7KEiL4.s:101188  .debug_str:0000000000043eb4 .LASF6928
     /tmp/cc7KEiL4.s:93274  .debug_str:00000000000238c9 .LASF6929
     /tmp/cc7KEiL4.s:93106  .debug_str:0000000000022f03 .LASF6930
     /tmp/cc7KEiL4.s:101190  .debug_str:0000000000043ebf .LASF6931
     /tmp/cc7KEiL4.s:99658  .debug_str:000000000003d90d .LASF6932
     /tmp/cc7KEiL4.s:96730  .debug_str:0000000000031bc2 .LASF6933
     /tmp/cc7KEiL4.s:101498  .debug_str:00000000000453a9 .LASF6934
     /tmp/cc7KEiL4.s:93278  .debug_str:0000000000023905 .LASF6935
     /tmp/cc7KEiL4.s:90834  .debug_str:0000000000019177 .LASF6936
     /tmp/cc7KEiL4.s:86054  .debug_str:0000000000005997 .LASF6937
     /tmp/cc7KEiL4.s:93280  .debug_str:000000000002390c .LASF6938
     /tmp/cc7KEiL4.s:84996  .debug_str:0000000000000f29 .LASF6939
     /tmp/cc7KEiL4.s:95528  .debug_str:000000000002c8f4 .LASF6940
     /tmp/cc7KEiL4.s:93282  .debug_str:0000000000023913 .LASF6941
     /tmp/cc7KEiL4.s:97632  .debug_str:0000000000035788 .LASF6942
     /tmp/cc7KEiL4.s:86630  .debug_str:0000000000008000 .LASF6943
     /tmp/cc7KEiL4.s:93284  .debug_str:000000000002391a .LASF6944
     /tmp/cc7KEiL4.s:91720  .debug_str:000000000001d003 .LASF6945
     /tmp/cc7KEiL4.s:96628  .debug_str:00000000000314c6 .LASF6946
     /tmp/cc7KEiL4.s:93286  .debug_str:0000000000023921 .LASF6947
     /tmp/cc7KEiL4.s:85892  .debug_str:0000000000004de5 .LASF6948
     /tmp/cc7KEiL4.s:95414  .debug_str:000000000002c112 .LASF6949
     /tmp/cc7KEiL4.s:93288  .debug_str:0000000000023928 .LASF6950
     /tmp/cc7KEiL4.s:98604  .debug_str:0000000000039212 .LASF6951
     /tmp/cc7KEiL4.s:95462  .debug_str:000000000002c418 .LASF6952
     /tmp/cc7KEiL4.s:93290  .debug_str:000000000002392f .LASF6953
     /tmp/cc7KEiL4.s:92682  .debug_str:00000000000211aa .LASF6954
     /tmp/cc7KEiL4.s:90056  .debug_str:0000000000015da0 .LASF6955
     /tmp/cc7KEiL4.s:93360  .debug_str:0000000000023d11 .LASF6956
     /tmp/cc7KEiL4.s:98288  .debug_str:0000000000037cb8 .LASF6957
     /tmp/cc7KEiL4.s:90064  .debug_str:0000000000015e0b .LASF6958
     /tmp/cc7KEiL4.s:93362  .debug_str:0000000000023d18 .LASF6959
     /tmp/cc7KEiL4.s:98626  .debug_str:0000000000039385 .LASF6960
     /tmp/cc7KEiL4.s:86700  .debug_str:00000000000084d8 .LASF6961
     /tmp/cc7KEiL4.s:93364  .debug_str:0000000000023d1f .LASF6962
     /tmp/cc7KEiL4.s:92694  .debug_str:00000000000212bb .LASF6963
     /tmp/cc7KEiL4.s:97576  .debug_str:00000000000354d3 .LASF6964
     /tmp/cc7KEiL4.s:93366  .debug_str:0000000000023d26 .LASF6965
     /tmp/cc7KEiL4.s:86794  .debug_str:0000000000008ba4 .LASF6966
     /tmp/cc7KEiL4.s:102054  .debug_str:0000000000047a08 .LASF6967
     /tmp/cc7KEiL4.s:93368  .debug_str:0000000000023d2d .LASF6968
     /tmp/cc7KEiL4.s:89998  .debug_str:000000000001592f .LASF6969
     /tmp/cc7KEiL4.s:95070  .debug_str:000000000002ab19 .LASF6970
     /tmp/cc7KEiL4.s:93370  .debug_str:0000000000023d34 .LASF6971
     /tmp/cc7KEiL4.s:93618  .debug_str:0000000000024b35 .LASF6972
     /tmp/cc7KEiL4.s:95072  .debug_str:000000000002ab25 .LASF6973
     /tmp/cc7KEiL4.s:93372  .debug_str:0000000000023d3b .LASF6974
     /tmp/cc7KEiL4.s:87722  .debug_str:000000000000cb85 .LASF6975
     /tmp/cc7KEiL4.s:95074  .debug_str:000000000002ab31 .LASF6976
     /tmp/cc7KEiL4.s:93374  .debug_str:0000000000023d42 .LASF6977
     /tmp/cc7KEiL4.s:100402  .debug_str:0000000000040c7f .LASF6978
     /tmp/cc7KEiL4.s:90104  .debug_str:00000000000160a7 .LASF6979
     /tmp/cc7KEiL4.s:93376  .debug_str:0000000000023d49 .LASF6980
     /tmp/cc7KEiL4.s:94606  .debug_str:0000000000028c60 .LASF6981
     /tmp/cc7KEiL4.s:86388  .debug_str:0000000000007087 .LASF6982
     /tmp/cc7KEiL4.s:93378  .debug_str:0000000000023d50 .LASF6983
     /tmp/cc7KEiL4.s:88686  .debug_str:000000000001047a .LASF6984
     /tmp/cc7KEiL4.s:90108  .debug_str:00000000000160c2 .LASF6985
     /tmp/cc7KEiL4.s:93448  .debug_str:00000000000241a0 .LASF6986
     /tmp/cc7KEiL4.s:100430  .debug_str:0000000000040e81 .LASF6987
     /tmp/cc7KEiL4.s:93794  .debug_str:00000000000256f2 .LASF6988
     /tmp/cc7KEiL4.s:93450  .debug_str:00000000000241a7 .LASF6989
     /tmp/cc7KEiL4.s:94626  .debug_str:0000000000028d67 .LASF6990
     /tmp/cc7KEiL4.s:96934  .debug_str:000000000003296f .LASF6991
     /tmp/cc7KEiL4.s:93452  .debug_str:00000000000241ae .LASF6992
     /tmp/cc7KEiL4.s:88718  .debug_str:0000000000010621 .LASF6993
     /tmp/cc7KEiL4.s:87878  .debug_str:000000000000d52d .LASF6994
     /tmp/cc7KEiL4.s:93454  .debug_str:00000000000241b5 .LASF6995
     /tmp/cc7KEiL4.s:101324  .debug_str:000000000004482f .LASF6996
     /tmp/cc7KEiL4.s:94178  .debug_str:000000000002713f .LASF6997
     /tmp/cc7KEiL4.s:93456  .debug_str:00000000000241bc .LASF6998
     /tmp/cc7KEiL4.s:87192  .debug_str:000000000000a6bb .LASF6999
     /tmp/cc7KEiL4.s:87882  .debug_str:000000000000d55c .LASF7000
     /tmp/cc7KEiL4.s:93458  .debug_str:00000000000241c3 .LASF7001
     /tmp/cc7KEiL4.s:96918  .debug_str:00000000000328ab .LASF7002
     /tmp/cc7KEiL4.s:102942  .debug_str:000000000004b978 .LASF7003
     /tmp/cc7KEiL4.s:93460  .debug_str:00000000000241ca .LASF7004
     /tmp/cc7KEiL4.s:102220  .debug_str:0000000000048559 .LASF7005
     /tmp/cc7KEiL4.s:102944  .debug_str:000000000004b982 .LASF7006
     /tmp/cc7KEiL4.s:93462  .debug_str:00000000000241d1 .LASF7007
     /tmp/cc7KEiL4.s:86788  .debug_str:0000000000008b1f .LASF7008
     /tmp/cc7KEiL4.s:98384  .debug_str:0000000000038376 .LASF7009
     /tmp/cc7KEiL4.s:93464  .debug_str:00000000000241d8 .LASF7010
     /tmp/cc7KEiL4.s:90566  .debug_str:0000000000017f1a .LASF7011
     /tmp/cc7KEiL4.s:102948  .debug_str:000000000004b9bc .LASF7012
     /tmp/cc7KEiL4.s:93466  .debug_str:00000000000241df .LASF7013
     /tmp/cc7KEiL4.s:103154  .debug_str:000000000004c807 .LASF7014
     /tmp/cc7KEiL4.s:89102  .debug_str:0000000000011ff0 .LASF7015
     /tmp/cc7KEiL4.s:93540  .debug_str:0000000000024682 .LASF7016
     /tmp/cc7KEiL4.s:97338  .debug_str:00000000000344e5 .LASF7017
     /tmp/cc7KEiL4.s:96718  .debug_str:0000000000031b3b .LASF7018
     /tmp/cc7KEiL4.s:88122  .debug_str:000000000000e40d .LASF7019
     /tmp/cc7KEiL4.s:95850  .debug_str:000000000002df60 .LASF7020
     /tmp/cc7KEiL4.s:96720  .debug_str:0000000000031b47 .LASF7021
     /tmp/cc7KEiL4.s:88126  .debug_str:000000000000e429 .LASF7022
     /tmp/cc7KEiL4.s:89956  .debug_str:00000000000156a0 .LASF7023
     /tmp/cc7KEiL4.s:96722  .debug_str:0000000000031b53 .LASF7024
     /tmp/cc7KEiL4.s:89432  .debug_str:0000000000013544 .LASF7025
     /tmp/cc7KEiL4.s:102540  .debug_str:0000000000049bb8 .LASF7026
     /tmp/cc7KEiL4.s:99544  .debug_str:000000000003d1d4 .LASF7027
     /tmp/cc7KEiL4.s:90122  .debug_str:0000000000016181 .LASF7028
     /tmp/cc7KEiL4.s:92868  .debug_str:0000000000021efe .LASF7029
     /tmp/cc7KEiL4.s:98772  .debug_str:0000000000039e86 .LASF7030
     /tmp/cc7KEiL4.s:98246  .debug_str:000000000003795e .LASF7031
     /tmp/cc7KEiL4.s:95976  .debug_str:000000000002e88a .LASF7032
     /tmp/cc7KEiL4.s:88106  .debug_str:000000000000e312 .LASF7033
     /tmp/cc7KEiL4.s:100428  .debug_str:0000000000040e5b .LASF7034
     /tmp/cc7KEiL4.s:99670  .debug_str:000000000003d98e .LASF7035
     /tmp/cc7KEiL4.s:88066  .debug_str:000000000000e0df .LASF7036
     /tmp/cc7KEiL4.s:91812  .debug_str:000000000001d617 .LASF7037
     /tmp/cc7KEiL4.s:99560  .debug_str:000000000003d2d3 .LASF7038
     /tmp/cc7KEiL4.s:86492  .debug_str:00000000000076f2 .LASF7039
     /tmp/cc7KEiL4.s:89064  .debug_str:0000000000011d29 .LASF7040
     /tmp/cc7KEiL4.s:99666  .debug_str:000000000003d970 .LASF7041
     /tmp/cc7KEiL4.s:97042  .debug_str:000000000003308c .LASF7042
     /tmp/cc7KEiL4.s:98566  .debug_str:0000000000038fb1 .LASF7043
     /tmp/cc7KEiL4.s:100656  .debug_str:0000000000041d4a .LASF7044
     /tmp/cc7KEiL4.s:93718  .debug_str:00000000000252b2 .LASF7045
     /tmp/cc7KEiL4.s:91394  .debug_str:000000000001b94d .LASF7046
     /tmp/cc7KEiL4.s:94676  .debug_str:0000000000029119 .LASF7047
     /tmp/cc7KEiL4.s:96412  .debug_str:00000000000305a8 .LASF7048
     /tmp/cc7KEiL4.s:98476  .debug_str:0000000000038975 .LASF7049
     /tmp/cc7KEiL4.s:88052  .debug_str:000000000000dfd1 .LASF7050
     /tmp/cc7KEiL4.s:101442  .debug_str:0000000000045033 .LASF7051
     /tmp/cc7KEiL4.s:100810  .debug_str:00000000000426c6 .LASF7052
     /tmp/cc7KEiL4.s:92170  .debug_str:000000000001efaf .LASF7053
     /tmp/cc7KEiL4.s:90770  .debug_str:0000000000018d36 .LASF7054
     /tmp/cc7KEiL4.s:85806  .debug_str:0000000000004810 .LASF7055
     /tmp/cc7KEiL4.s:87626  .debug_str:000000000000c51d .LASF7056
     /tmp/cc7KEiL4.s:92346  .debug_str:000000000001fb9d .LASF7057
     /tmp/cc7KEiL4.s:100332  .debug_str:0000000000040798 .LASF7058
     /tmp/cc7KEiL4.s:85642  .debug_str:0000000000003c5a .LASF7059
     /tmp/cc7KEiL4.s:99848  .debug_str:000000000003e624 .LASF7060
     /tmp/cc7KEiL4.s:91004  .debug_str:0000000000019e31 .LASF7061
     /tmp/cc7KEiL4.s:99430  .debug_str:000000000003ca80 .LASF7062
     /tmp/cc7KEiL4.s:85312  .debug_str:0000000000002547 .LASF7063
     /tmp/cc7KEiL4.s:99062  .debug_str:000000000003b1b7 .LASF7064
     /tmp/cc7KEiL4.s:88740  .debug_str:00000000000107dc .LASF7065
     /tmp/cc7KEiL4.s:96936  .debug_str:0000000000032977 .LASF7066
     /tmp/cc7KEiL4.s:101474  .debug_str:0000000000045266 .LASF7067
     /tmp/cc7KEiL4.s:98018  .debug_str:0000000000036cf8 .LASF7068
     /tmp/cc7KEiL4.s:85914  .debug_str:0000000000004f43 .LASF7069
     /tmp/cc7KEiL4.s:93928  .debug_str:00000000000260c3 .LASF7070
     /tmp/cc7KEiL4.s:84806  .debug_str:0000000000000245 .LASF7071
     /tmp/cc7KEiL4.s:94678  .debug_str:0000000000029141 .LASF7072
     /tmp/cc7KEiL4.s:94406  .debug_str:0000000000027fd4 .LASF7073
     /tmp/cc7KEiL4.s:89002  .debug_str:000000000001195d .LASF7074
     /tmp/cc7KEiL4.s:93992  .debug_str:00000000000264af .LASF7075
     /tmp/cc7KEiL4.s:86080  .debug_str:0000000000005b9d .LASF7076
     /tmp/cc7KEiL4.s:100064  .debug_str:000000000003f5a2 .LASF7077
     /tmp/cc7KEiL4.s:100026  .debug_str:000000000003f29b .LASF7078
     /tmp/cc7KEiL4.s:87358  .debug_str:000000000000b2bd .LASF7079
     /tmp/cc7KEiL4.s:101716  .debug_str:000000000004638f .LASF7080
     /tmp/cc7KEiL4.s:102354  .debug_str:0000000000048ec4 .LASF7081
     /tmp/cc7KEiL4.s:99962  .debug_str:000000000003ee26 .LASF7082
     /tmp/cc7KEiL4.s:86010  .debug_str:0000000000005681 .LASF7083
     /tmp/cc7KEiL4.s:89744  .debug_str:00000000000148e1 .LASF7084
     /tmp/cc7KEiL4.s:90142  .debug_str:000000000001632a .LASF7085
     /tmp/cc7KEiL4.s:96064  .debug_str:000000000002ee98 .LASF7086
     /tmp/cc7KEiL4.s:96958  .debug_str:0000000000032a9a .LASF7087
     /tmp/cc7KEiL4.s:94900  .debug_str:0000000000029fa0 .LASF7088
     /tmp/cc7KEiL4.s:94856  .debug_str:0000000000029c75 .LASF7089
     /tmp/cc7KEiL4.s:92684  .debug_str:00000000000211cb .LASF7090
     /tmp/cc7KEiL4.s:100862  .debug_str:00000000000429c7 .LASF7091
     /tmp/cc7KEiL4.s:98114  .debug_str:0000000000037224 .LASF7092
     /tmp/cc7KEiL4.s:92672  .debug_str:00000000000210fc .LASF7093
     /tmp/cc7KEiL4.s:90514  .debug_str:0000000000017bc7 .LASF7094
     /tmp/cc7KEiL4.s:98736  .debug_str:0000000000039c03 .LASF7095
     /tmp/cc7KEiL4.s:88162  .debug_str:000000000000e505 .LASF7096
     /tmp/cc7KEiL4.s:96400  .debug_str:00000000000304eb .LASF7097
     /tmp/cc7KEiL4.s:98116  .debug_str:000000000003722b .LASF7098
     /tmp/cc7KEiL4.s:86766  .debug_str:0000000000008983 .LASF7099
     /tmp/cc7KEiL4.s:98888  .debug_str:000000000003a672 .LASF7100
     /tmp/cc7KEiL4.s:96304  .debug_str:000000000002fda3 .LASF7101
     /tmp/cc7KEiL4.s:97360  .debug_str:000000000003465a .LASF7102
     /tmp/cc7KEiL4.s:95436  .debug_str:000000000002c252 .LASF7103
     /tmp/cc7KEiL4.s:100980  .debug_str:0000000000043177 .LASF7104
     /tmp/cc7KEiL4.s:95920  .debug_str:000000000002e423 .LASF7105
     /tmp/cc7KEiL4.s:101890  .debug_str:0000000000046eaf .LASF7106
     /tmp/cc7KEiL4.s:100982  .debug_str:0000000000043185 .LASF7107
     /tmp/cc7KEiL4.s:90024  .debug_str:0000000000015b00 .LASF7108
     /tmp/cc7KEiL4.s:93822  .debug_str:00000000000258d2 .LASF7109
     /tmp/cc7KEiL4.s:100984  .debug_str:0000000000043193 .LASF7110
     /tmp/cc7KEiL4.s:102610  .debug_str:000000000004a1af .LASF7111
     /tmp/cc7KEiL4.s:92908  .debug_str:00000000000221ec .LASF7112
     /tmp/cc7KEiL4.s:98682  .debug_str:00000000000397e8 .LASF7113
     /tmp/cc7KEiL4.s:96836  .debug_str:000000000003226e .LASF7114
     /tmp/cc7KEiL4.s:86946  .debug_str:000000000000967e .LASF7115
     /tmp/cc7KEiL4.s:100988  .debug_str:00000000000431e3 .LASF7116
     /tmp/cc7KEiL4.s:90950  .debug_str:0000000000019a40 .LASF7117
     /tmp/cc7KEiL4.s:97660  .debug_str:00000000000359ca .LASF7118
     /tmp/cc7KEiL4.s:100990  .debug_str:00000000000431f1 .LASF7119
     /tmp/cc7KEiL4.s:98410  .debug_str:0000000000038532 .LASF7120
     /tmp/cc7KEiL4.s:100166  .debug_str:000000000003fbf7 .LASF7121
     /tmp/cc7KEiL4.s:95608  .debug_str:000000000002cdef .LASF7122
     /tmp/cc7KEiL4.s:95610  .debug_str:000000000002ce01 .LASF7123
     /tmp/cc7KEiL4.s:95614  .debug_str:000000000002ce3f .LASF7124
     /tmp/cc7KEiL4.s:98612  .debug_str:000000000003928f .LASF7125
     /tmp/cc7KEiL4.s:101236  .debug_str:00000000000441de .LASF7126
     /tmp/cc7KEiL4.s:100174  .debug_str:000000000003fc57 .LASF7127
     /tmp/cc7KEiL4.s:100176  .debug_str:000000000003fc69 .LASF7128
     /tmp/cc7KEiL4.s:100178  .debug_str:000000000003fc7b .LASF7129
     /tmp/cc7KEiL4.s:100180  .debug_str:000000000003fc8d .LASF7130
     /tmp/cc7KEiL4.s:98614  .debug_str:000000000003929e .LASF7131
     /tmp/cc7KEiL4.s:95470  .debug_str:000000000002c49b .LASF7132
     /tmp/cc7KEiL4.s:97602  .debug_str:000000000003555a .LASF7133
     /tmp/cc7KEiL4.s:101380  .debug_str:0000000000044c37 .LASF7134
     /tmp/cc7KEiL4.s:93632  .debug_str:0000000000024c74 .LASF7135
     /tmp/cc7KEiL4.s:97352  .debug_str:00000000000345dc .LASF7136
     /tmp/cc7KEiL4.s:98652  .debug_str:0000000000039591 .LASF7137
     /tmp/cc7KEiL4.s:100950  .debug_str:0000000000042faa .LASF7138
     /tmp/cc7KEiL4.s:99526  .debug_str:000000000003d0cc .LASF7139
     /tmp/cc7KEiL4.s:102988  .debug_str:000000000004bc4b .LASF7140
     /tmp/cc7KEiL4.s:89950  .debug_str:0000000000015627 .LASF7141
     /tmp/cc7KEiL4.s:100956  .debug_str:0000000000043004 .LASF7142
     /tmp/cc7KEiL4.s:85082  .debug_str:00000000000014da .LASF7143
     /tmp/cc7KEiL4.s:101920  .debug_str:0000000000047097 .LASF7144
     /tmp/cc7KEiL4.s:99116  .debug_str:000000000003b5f8 .LASF7145
     /tmp/cc7KEiL4.s:84828  .debug_str:00000000000003ca .LASF7146
     /tmp/cc7KEiL4.s:94230  .debug_str:000000000002753a .LASF7147
     /tmp/cc7KEiL4.s:86360  .debug_str:0000000000006ed9 .LASF7148
     /tmp/cc7KEiL4.s:86206  .debug_str:00000000000063a8 .LASF7149
     /tmp/cc7KEiL4.s:95110  .debug_str:000000000002ad80 .LASF7150
     /tmp/cc7KEiL4.s:95112  .debug_str:000000000002ad98 .LASF7151
     /tmp/cc7KEiL4.s:95114  .debug_str:000000000002adb0 .LASF7152
     /tmp/cc7KEiL4.s:95116  .debug_str:000000000002adc8 .LASF7153
     /tmp/cc7KEiL4.s:100516  .debug_str:00000000000413cd .LASF7154
     /tmp/cc7KEiL4.s:102878  .debug_str:000000000004b4d7 .LASF7155
     /tmp/cc7KEiL4.s:95118  .debug_str:000000000002ade0 .LASF7156
     /tmp/cc7KEiL4.s:88396  .debug_str:000000000000f397 .LASF7157
     /tmp/cc7KEiL4.s:88398  .debug_str:000000000000f3b5 .LASF7158
     /tmp/cc7KEiL4.s:88400  .debug_str:000000000000f3d3 .LASF7159
     /tmp/cc7KEiL4.s:88402  .debug_str:000000000000f3f1 .LASF7160
     /tmp/cc7KEiL4.s:88404  .debug_str:000000000000f40f .LASF7161
     /tmp/cc7KEiL4.s:92018  .debug_str:000000000001e470 .LASF7162
     /tmp/cc7KEiL4.s:88094  .debug_str:000000000000e272 .LASF7163
     /tmp/cc7KEiL4.s:92022  .debug_str:000000000001e49d .LASF7164
     /tmp/cc7KEiL4.s:92024  .debug_str:000000000001e4ba .LASF7165
     /tmp/cc7KEiL4.s:92026  .debug_str:000000000001e4d7 .LASF7166
     /tmp/cc7KEiL4.s:103048  .debug_str:000000000004c0f8 .LASF7167
     /tmp/cc7KEiL4.s:103050  .debug_str:000000000004c112 .LASF7168
     /tmp/cc7KEiL4.s:103052  .debug_str:000000000004c12c .LASF7169
     /tmp/cc7KEiL4.s:103054  .debug_str:000000000004c146 .LASF7170
     /tmp/cc7KEiL4.s:103056  .debug_str:000000000004c160 .LASF7171
     /tmp/cc7KEiL4.s:97770  .debug_str:0000000000035faa .LASF7172
     /tmp/cc7KEiL4.s:99910  .debug_str:000000000003eaec .LASF7173
     /tmp/cc7KEiL4.s:100518  .debug_str:00000000000413e5 .LASF7174
     /tmp/cc7KEiL4.s:99564  .debug_str:000000000003d2fe .LASF7175
     /tmp/cc7KEiL4.s:97140  .debug_str:00000000000337b5 .LASF7176
     /tmp/cc7KEiL4.s:86438  .debug_str:00000000000073c9 .LASF7177
     /tmp/cc7KEiL4.s:86440  .debug_str:00000000000073e6 .LASF7178
     /tmp/cc7KEiL4.s:97150  .debug_str:0000000000033846 .LASF7179
     /tmp/cc7KEiL4.s:85370  .debug_str:0000000000002965 .LASF7180
     /tmp/cc7KEiL4.s:94994  .debug_str:000000000002a609 .LASF7181
     /tmp/cc7KEiL4.s:86444  .debug_str:0000000000007443 .LASF7182
     /tmp/cc7KEiL4.s:95320  .debug_str:000000000002baa6 .LASF7183
     /tmp/cc7KEiL4.s:95322  .debug_str:000000000002bac9 .LASF7184
     /tmp/cc7KEiL4.s:95324  .debug_str:000000000002baec .LASF7185
     /tmp/cc7KEiL4.s:95326  .debug_str:000000000002bb0f .LASF7186
     /tmp/cc7KEiL4.s:95328  .debug_str:000000000002bb32 .LASF7187
     /tmp/cc7KEiL4.s:92284  .debug_str:000000000001f731 .LASF7188
     /tmp/cc7KEiL4.s:92286  .debug_str:000000000001f753 .LASF7189
     /tmp/cc7KEiL4.s:93326  .debug_str:0000000000023b23 .LASF7190
     /tmp/cc7KEiL4.s:92290  .debug_str:000000000001f786 .LASF7191
     /tmp/cc7KEiL4.s:92292  .debug_str:000000000001f7a8 .LASF7192
     /tmp/cc7KEiL4.s:94920  .debug_str:000000000002a11f .LASF7193
     /tmp/cc7KEiL4.s:94922  .debug_str:000000000002a13e .LASF7194
     /tmp/cc7KEiL4.s:94924  .debug_str:000000000002a15d .LASF7195
     /tmp/cc7KEiL4.s:97996  .debug_str:0000000000036c9d .LASF7196
     /tmp/cc7KEiL4.s:94928  .debug_str:000000000002a18a .LASF7197
     /tmp/cc7KEiL4.s:95040  .debug_str:000000000002a8ef .LASF7198
     /tmp/cc7KEiL4.s:100056  .debug_str:000000000003f4f2 .LASF7199
     /tmp/cc7KEiL4.s:85372  .debug_str:0000000000002982 .LASF7200
     /tmp/cc7KEiL4.s:92266  .debug_str:000000000001f642 .LASF7201
     /tmp/cc7KEiL4.s:96750  .debug_str:0000000000031d38 .LASF7202
     /tmp/cc7KEiL4.s:96752  .debug_str:0000000000031d50 .LASF7203
     /tmp/cc7KEiL4.s:96754  .debug_str:0000000000031d68 .LASF7204
     /tmp/cc7KEiL4.s:96756  .debug_str:0000000000031d80 .LASF7205
     /tmp/cc7KEiL4.s:91494  .debug_str:000000000001bfa0 .LASF7206
     /tmp/cc7KEiL4.s:91052  .debug_str:000000000001a0fe .LASF7207
     /tmp/cc7KEiL4.s:96758  .debug_str:0000000000031d98 .LASF7208
     /tmp/cc7KEiL4.s:90052  .debug_str:0000000000015d64 .LASF7209
     /tmp/cc7KEiL4.s:90054  .debug_str:0000000000015d82 .LASF7210
     /tmp/cc7KEiL4.s:100142  .debug_str:000000000003fac5 .LASF7211
     /tmp/cc7KEiL4.s:90058  .debug_str:0000000000015dab .LASF7212
     /tmp/cc7KEiL4.s:90060  .debug_str:0000000000015dc9 .LASF7213
     /tmp/cc7KEiL4.s:93658  .debug_str:0000000000024e74 .LASF7214
     /tmp/cc7KEiL4.s:93660  .debug_str:0000000000024e91 .LASF7215
     /tmp/cc7KEiL4.s:93662  .debug_str:0000000000024eae .LASF7216
     /tmp/cc7KEiL4.s:93664  .debug_str:0000000000024ecb .LASF7217
     /tmp/cc7KEiL4.s:93666  .debug_str:0000000000024ee8 .LASF7218
     /tmp/cc7KEiL4.s:86256  .debug_str:000000000000675f .LASF7219
     /tmp/cc7KEiL4.s:86258  .debug_str:0000000000006779 .LASF7220
     /tmp/cc7KEiL4.s:86260  .debug_str:0000000000006793 .LASF7221
     /tmp/cc7KEiL4.s:86262  .debug_str:00000000000067ad .LASF7222
     /tmp/cc7KEiL4.s:86264  .debug_str:00000000000067c7 .LASF7223
     /tmp/cc7KEiL4.s:89492  .debug_str:0000000000013911 .LASF7224
     /tmp/cc7KEiL4.s:96964  .debug_str:0000000000032b08 .LASF7225
     /tmp/cc7KEiL4.s:91498  .debug_str:000000000001bfd4 .LASF7226
     /tmp/cc7KEiL4.s:85210  .debug_str:0000000000001dc8 .LASF7227
     /tmp/cc7KEiL4.s:88826  .debug_str:0000000000010cc4 .LASF7228
     /tmp/cc7KEiL4.s:88828  .debug_str:0000000000010cdb .LASF7229
     /tmp/cc7KEiL4.s:88830  .debug_str:0000000000010cf2 .LASF7230
     /tmp/cc7KEiL4.s:102664  .debug_str:000000000004a677 .LASF7231
     /tmp/cc7KEiL4.s:89572  .debug_str:0000000000013dc6 .LASF7232
     /tmp/cc7KEiL4.s:93218  .debug_str:000000000002351c .LASF7233
     /tmp/cc7KEiL4.s:88834  .debug_str:0000000000010d1a .LASF7234
     /tmp/cc7KEiL4.s:99512  .debug_str:000000000003cffc .LASF7235
     /tmp/cc7KEiL4.s:99514  .debug_str:000000000003d019 .LASF7236
     /tmp/cc7KEiL4.s:99516  .debug_str:000000000003d036 .LASF7237
     /tmp/cc7KEiL4.s:99518  .debug_str:000000000003d053 .LASF7238
     /tmp/cc7KEiL4.s:99520  .debug_str:000000000003d070 .LASF7239
     /tmp/cc7KEiL4.s:89610  .debug_str:0000000000014019 .LASF7240
     /tmp/cc7KEiL4.s:89612  .debug_str:0000000000014035 .LASF7241
     /tmp/cc7KEiL4.s:85306  .debug_str:00000000000024d5 .LASF7242
     /tmp/cc7KEiL4.s:89616  .debug_str:0000000000014081 .LASF7243
     /tmp/cc7KEiL4.s:89618  .debug_str:000000000001409d .LASF7244
     /tmp/cc7KEiL4.s:95308  .debug_str:000000000002b9ef .LASF7245
     /tmp/cc7KEiL4.s:95310  .debug_str:000000000002ba08 .LASF7246
     /tmp/cc7KEiL4.s:95312  .debug_str:000000000002ba21 .LASF7247
     /tmp/cc7KEiL4.s:95314  .debug_str:000000000002ba3a .LASF7248
     /tmp/cc7KEiL4.s:95316  .debug_str:000000000002ba53 .LASF7249
     /tmp/cc7KEiL4.s:96550  .debug_str:0000000000030f32 .LASF7250
     /tmp/cc7KEiL4.s:98462  .debug_str:0000000000038873 .LASF7251
     /tmp/cc7KEiL4.s:89574  .debug_str:0000000000013ddd .LASF7252
     /tmp/cc7KEiL4.s:90632  .debug_str:00000000000183a6 .LASF7253
     /tmp/cc7KEiL4.s:89646  .debug_str:0000000000014250 .LASF7254
     /tmp/cc7KEiL4.s:89648  .debug_str:0000000000014273 .LASF7255
     /tmp/cc7KEiL4.s:89650  .debug_str:0000000000014296 .LASF7256
     /tmp/cc7KEiL4.s:89652  .debug_str:00000000000142b9 .LASF7257
     /tmp/cc7KEiL4.s:89654  .debug_str:00000000000142dc .LASF7258
     /tmp/cc7KEiL4.s:102918  .debug_str:000000000004b813 .LASF7259
     /tmp/cc7KEiL4.s:100204  .debug_str:000000000003fde8 .LASF7260
     /tmp/cc7KEiL4.s:101648  .debug_str:0000000000045e2a .LASF7261
     /tmp/cc7KEiL4.s:100190  .debug_str:000000000003fd0e .LASF7262
     /tmp/cc7KEiL4.s:100192  .debug_str:000000000003fd32 .LASF7263
     /tmp/cc7KEiL4.s:100864  .debug_str:00000000000429d4 .LASF7264
     /tmp/cc7KEiL4.s:100196  .debug_str:000000000003fd62 .LASF7265
     /tmp/cc7KEiL4.s:100198  .debug_str:000000000003fd86 .LASF7266
     /tmp/cc7KEiL4.s:95766  .debug_str:000000000002d951 .LASF7267
     /tmp/cc7KEiL4.s:102832  .debug_str:000000000004b247 .LASF7268
     /tmp/cc7KEiL4.s:92178  .debug_str:000000000001f0a4 .LASF7269
     /tmp/cc7KEiL4.s:87748  .debug_str:000000000000cd34 .LASF7270
     /tmp/cc7KEiL4.s:95214  .debug_str:000000000002b375 .LASF7271
     /tmp/cc7KEiL4.s:102292  .debug_str:0000000000048a8a .LASF7272
     /tmp/cc7KEiL4.s:95584  .debug_str:000000000002ccd4 .LASF7273
     /tmp/cc7KEiL4.s:92188  .debug_str:000000000001f1b3 .LASF7274
     /tmp/cc7KEiL4.s:86410  .debug_str:00000000000071cb .LASF7275
     /tmp/cc7KEiL4.s:97876  .debug_str:0000000000036635 .LASF7276
     /tmp/cc7KEiL4.s:88318  .debug_str:000000000000eddd .LASF7277
     /tmp/cc7KEiL4.s:87168  .debug_str:000000000000a51a .LASF7278
     /tmp/cc7KEiL4.s:91468  .debug_str:000000000001bdb3 .LASF7279
     /tmp/cc7KEiL4.s:87014  .debug_str:0000000000009ac3 .LASF7280
     /tmp/cc7KEiL4.s:86506  .debug_str:0000000000007843 .LASF7281
     /tmp/cc7KEiL4.s:94426  .debug_str:0000000000028157 .LASF7282
     /tmp/cc7KEiL4.s:101006  .debug_str:0000000000043318 .LASF7283
     /tmp/cc7KEiL4.s:94980  .debug_str:000000000002a4df .LASF7284
     /tmp/cc7KEiL4.s:92186  .debug_str:000000000001f19d .LASF7285
     /tmp/cc7KEiL4.s:90042  .debug_str:0000000000015cb2 .LASF7286
     /tmp/cc7KEiL4.s:103122  .debug_str:000000000004c5c5 .LASF7287
     /tmp/cc7KEiL4.s:87960  .debug_str:000000000000da9f .LASF7288
     /tmp/cc7KEiL4.s:102496  .debug_str:000000000004991d .LASF7289
     /tmp/cc7KEiL4.s:102498  .debug_str:000000000004993c .LASF7290
     /tmp/cc7KEiL4.s:102500  .debug_str:000000000004995b .LASF7291
     /tmp/cc7KEiL4.s:99646  .debug_str:000000000003d835 .LASF7292
     /tmp/cc7KEiL4.s:91396  .debug_str:000000000001b95b .LASF7293
     /tmp/cc7KEiL4.s:90360  .debug_str:00000000000171e4 .LASF7294
     /tmp/cc7KEiL4.s:102504  .debug_str:0000000000049988 .LASF7295
     /tmp/cc7KEiL4.s:97962  .debug_str:0000000000036a68 .LASF7296
     /tmp/cc7KEiL4.s:97616  .debug_str:0000000000035680 .LASF7297
     /tmp/cc7KEiL4.s:93784  .debug_str:0000000000025661 .LASF7298
     /tmp/cc7KEiL4.s:93786  .debug_str:000000000002567e .LASF7299
     /tmp/cc7KEiL4.s:93788  .debug_str:000000000002569b .LASF7300
     /tmp/cc7KEiL4.s:93790  .debug_str:00000000000256b8 .LASF7301
     /tmp/cc7KEiL4.s:93792  .debug_str:00000000000256d5 .LASF7302
     /tmp/cc7KEiL4.s:85580  .debug_str:000000000000380d .LASF7303
     /tmp/cc7KEiL4.s:102410  .debug_str:00000000000492c5 .LASF7304
     /tmp/cc7KEiL4.s:97206  .debug_str:0000000000033c0b .LASF7305
     /tmp/cc7KEiL4.s:95238  .debug_str:000000000002b516 .LASF7306
     /tmp/cc7KEiL4.s:96938  .debug_str:0000000000032984 .LASF7307
     /tmp/cc7KEiL4.s:84846  .debug_str:0000000000000542 .LASF7308
     /tmp/cc7KEiL4.s:98514  .debug_str:0000000000038c08 .LASF7309
     /tmp/cc7KEiL4.s:97046  .debug_str:00000000000330c6 .LASF7310
     /tmp/cc7KEiL4.s:97048  .debug_str:00000000000330e2 .LASF7311
     /tmp/cc7KEiL4.s:97050  .debug_str:00000000000330fe .LASF7312
     /tmp/cc7KEiL4.s:97052  .debug_str:000000000003311a .LASF7313
     /tmp/cc7KEiL4.s:103112  .debug_str:000000000004c521 .LASF7314
     /tmp/cc7KEiL4.s:94342  .debug_str:0000000000027b8c .LASF7315
     /tmp/cc7KEiL4.s:97054  .debug_str:0000000000033136 .LASF7316
     /tmp/cc7KEiL4.s:94898  .debug_str:0000000000029f89 .LASF7317
     /tmp/cc7KEiL4.s:101548  .debug_str:00000000000456e1 .LASF7318
     /tmp/cc7KEiL4.s:86722  .debug_str:0000000000008664 .LASF7319
     /tmp/cc7KEiL4.s:98670  .debug_str:0000000000039721 .LASF7320
     /tmp/cc7KEiL4.s:102262  .debug_str:0000000000048864 .LASF7321
     /tmp/cc7KEiL4.s:94348  .debug_str:0000000000027bec .LASF7322
     /tmp/cc7KEiL4.s:99534  .debug_str:000000000003d146 .LASF7323
     /tmp/cc7KEiL4.s:99454  .debug_str:000000000003cbea .LASF7324
     /tmp/cc7KEiL4.s:92136  .debug_str:000000000001ed15 .LASF7325
     /tmp/cc7KEiL4.s:94096  .debug_str:0000000000026ba5 .LASF7326
     /tmp/cc7KEiL4.s:89730  .debug_str:0000000000014804 .LASF7327
     /tmp/cc7KEiL4.s:94516  .debug_str:0000000000028759 .LASF7328
     /tmp/cc7KEiL4.s:103078  .debug_str:000000000004c2d4 .LASF7329
     /tmp/cc7KEiL4.s:90244  .debug_str:0000000000016aa3 .LASF7330
     /tmp/cc7KEiL4.s:96594  .debug_str:0000000000031270 .LASF7331
     /tmp/cc7KEiL4.s:100916  .debug_str:0000000000042d68 .LASF7332
     /tmp/cc7KEiL4.s:86048  .debug_str:000000000000593f .LASF7333
     /tmp/cc7KEiL4.s:103174  .debug_str:000000000004c942 .LASF7334
     /tmp/cc7KEiL4.s:87384  .debug_str:000000000000b4b2 .LASF7335
     /tmp/cc7KEiL4.s:97794  .debug_str:0000000000036170 .LASF7336
     /tmp/cc7KEiL4.s:96436  .debug_str:000000000003076c .LASF7337
     /tmp/cc7KEiL4.s:93648  .debug_str:0000000000024ddc .LASF7338
     /tmp/cc7KEiL4.s:86404  .debug_str:000000000000716e .LASF7339
     /tmp/cc7KEiL4.s:89342  .debug_str:0000000000012f9a .LASF7340
     /tmp/cc7KEiL4.s:86478  .debug_str:0000000000007642 .LASF7341
     /tmp/cc7KEiL4.s:90608  .debug_str:00000000000181e3 .LASF7342
     /tmp/cc7KEiL4.s:102390  .debug_str:000000000004916b .LASF7343
     /tmp/cc7KEiL4.s:98594  .debug_str:000000000003918c .LASF7344
     /tmp/cc7KEiL4.s:93552  .debug_str:000000000002473d .LASF7345
     /tmp/cc7KEiL4.s:89174  .debug_str:00000000000124b4 .LASF7346
     /tmp/cc7KEiL4.s:90182  .debug_str:0000000000016605 .LASF7347
     /tmp/cc7KEiL4.s:92936  .debug_str:000000000002238d .LASF7348
     /tmp/cc7KEiL4.s:88780  .debug_str:0000000000010aa9 .LASF7349
     /tmp/cc7KEiL4.s:100436  .debug_str:0000000000040f03 .LASF7350
     /tmp/cc7KEiL4.s:96046  .debug_str:000000000002ed47 .LASF7351
     /tmp/cc7KEiL4.s:91854  .debug_str:000000000001d87b .LASF7352
     /tmp/cc7KEiL4.s:85090  .debug_str:0000000000001530 .LASF7353
     /tmp/cc7KEiL4.s:98602  .debug_str:0000000000039207 .LASF7354
     /tmp/cc7KEiL4.s:91694  .debug_str:000000000001ce02 .LASF7355
     /tmp/cc7KEiL4.s:87534  .debug_str:000000000000bee8 .LASF7356
     /tmp/cc7KEiL4.s:96440  .debug_str:00000000000307d1 .LASF7357
     /tmp/cc7KEiL4.s:97396  .debug_str:00000000000348a9 .LASF7358
     /tmp/cc7KEiL4.s:92680  .debug_str:0000000000021196 .LASF7359
     /tmp/cc7KEiL4.s:95156  .debug_str:000000000002b01d .LASF7360
     /tmp/cc7KEiL4.s:89842  .debug_str:0000000000014fe2 .LASF7361
     /tmp/cc7KEiL4.s:94144  .debug_str:0000000000026ee2 .LASF7362
     /tmp/cc7KEiL4.s:86978  .debug_str:000000000000988e .LASF7363
     /tmp/cc7KEiL4.s:88380  .debug_str:000000000000f32f .LASF7364
     /tmp/cc7KEiL4.s:92366  .debug_str:000000000001fcdd .LASF7365
     /tmp/cc7KEiL4.s:88376  .debug_str:000000000000f2dd .LASF7366
     /tmp/cc7KEiL4.s:92364  .debug_str:000000000001fcc4 .LASF7367
     /tmp/cc7KEiL4.s:90910  .debug_str:000000000001972b .LASF7368
     /tmp/cc7KEiL4.s:91964  .debug_str:000000000001e0e6 .LASF7369
     /tmp/cc7KEiL4.s:101822  .debug_str:0000000000046a2b .LASF7370
     /tmp/cc7KEiL4.s:90698  .debug_str:0000000000018820 .LASF7371
     /tmp/cc7KEiL4.s:89348  .debug_str:0000000000012fe8 .LASF7372
     /tmp/cc7KEiL4.s:87824  .debug_str:000000000000d229 .LASF7373
     /tmp/cc7KEiL4.s:89152  .debug_str:000000000001233f .LASF7374
     /tmp/cc7KEiL4.s:91390  .debug_str:000000000001b90e .LASF7375
     /tmp/cc7KEiL4.s:99632  .debug_str:000000000003d73f .LASF7376
     /tmp/cc7KEiL4.s:99638  .debug_str:000000000003d7b1 .LASF7377
     /tmp/cc7KEiL4.s:95272  .debug_str:000000000002b740 .LASF7378
     /tmp/cc7KEiL4.s:87938  .debug_str:000000000000d93d .LASF7379
     /tmp/cc7KEiL4.s:89990  .debug_str:0000000000015892 .LASF7380
     /tmp/cc7KEiL4.s:96328  .debug_str:000000000002ff2a .LASF7381
     /tmp/cc7KEiL4.s:101940  .debug_str:000000000004722a .LASF7382
     /tmp/cc7KEiL4.s:91924  .debug_str:000000000001de05 .LASF7383
     /tmp/cc7KEiL4.s:93342  .debug_str:0000000000023c44 .LASF7384
     /tmp/cc7KEiL4.s:101024  .debug_str:00000000000433e5 .LASF7385
     /tmp/cc7KEiL4.s:86128  .debug_str:0000000000005e80 .LASF7386
     /tmp/cc7KEiL4.s:101658  .debug_str:0000000000045ef1 .LASF7387
     /tmp/cc7KEiL4.s:89532  .debug_str:0000000000013bcc .LASF7388
     /tmp/cc7KEiL4.s:85766  .debug_str:000000000000451d .LASF7389
     /tmp/cc7KEiL4.s:87804  .debug_str:000000000000d0ee .LASF7390
     /tmp/cc7KEiL4.s:93384  .debug_str:0000000000023db0 .LASF7391
     /tmp/cc7KEiL4.s:98730  .debug_str:0000000000039b85 .LASF7392
     /tmp/cc7KEiL4.s:96556  .debug_str:0000000000030fa7 .LASF7393
     /tmp/cc7KEiL4.s:95082  .debug_str:000000000002abcb .LASF7394
     /tmp/cc7KEiL4.s:98230  .debug_str:0000000000037893 .LASF7395
     /tmp/cc7KEiL4.s:85958  .debug_str:000000000000526f .LASF7396
     /tmp/cc7KEiL4.s:100508  .debug_str:0000000000041348 .LASF7397
     /tmp/cc7KEiL4.s:94222  .debug_str:00000000000274a3 .LASF7398
     /tmp/cc7KEiL4.s:90082  .debug_str:0000000000015f46 .LASF7399
     /tmp/cc7KEiL4.s:88432  .debug_str:000000000000f5df .LASF7400
     /tmp/cc7KEiL4.s:100626  .debug_str:0000000000041b4e .LASF7401
     /tmp/cc7KEiL4.s:93952  .debug_str:000000000002620c .LASF7402
     /tmp/cc7KEiL4.s:97714  .debug_str:0000000000035ca6 .LASF7403
     /tmp/cc7KEiL4.s:102030  .debug_str:00000000000477c6 .LASF7404
     /tmp/cc7KEiL4.s:98038  .debug_str:0000000000036e5a .LASF7405
     /tmp/cc7KEiL4.s:94824  .debug_str:0000000000029aa9 .LASF7406
     /tmp/cc7KEiL4.s:85918  .debug_str:0000000000004f71 .LASF7407
     /tmp/cc7KEiL4.s:99978  .debug_str:000000000003ef2a .LASF7408
     /tmp/cc7KEiL4.s:100782  .debug_str:0000000000042507 .LASF7409
     /tmp/cc7KEiL4.s:102852  .debug_str:000000000004b37d .LASF7410
     /tmp/cc7KEiL4.s:91926  .debug_str:000000000001de13 .LASF7411
     /tmp/cc7KEiL4.s:93422  .debug_str:0000000000024010 .LASF7412
     /tmp/cc7KEiL4.s:85118  .debug_str:0000000000001777 .LASF7413
     /tmp/cc7KEiL4.s:96784  .debug_str:0000000000031f72 .LASF7414
     /tmp/cc7KEiL4.s:85964  .debug_str:00000000000052be .LASF7415
     /tmp/cc7KEiL4.s:85362  .debug_str:000000000000290a .LASF7416
     /tmp/cc7KEiL4.s:93588  .debug_str:0000000000024950 .LASF7417
     /tmp/cc7KEiL4.s:86698  .debug_str:00000000000084bf .LASF7418
     /tmp/cc7KEiL4.s:90426  .debug_str:00000000000176a1 .LASF7419
     /tmp/cc7KEiL4.s:90488  .debug_str:0000000000017a4c .LASF7420
     /tmp/cc7KEiL4.s:93104  .debug_str:0000000000022ef6 .LASF7421
     /tmp/cc7KEiL4.s:94290  .debug_str:0000000000027820 .LASF7422
     /tmp/cc7KEiL4.s:85536  .debug_str:00000000000034ee .LASF7423
     /tmp/cc7KEiL4.s:90940  .debug_str:00000000000199d1 .LASF7424
     /tmp/cc7KEiL4.s:99428  .debug_str:000000000003ca5b .LASF7425
     /tmp/cc7KEiL4.s:89218  .debug_str:0000000000012833 .LASF7426
     /tmp/cc7KEiL4.s:100734  .debug_str:000000000004221f .LASF7427
     /tmp/cc7KEiL4.s:89214  .debug_str:0000000000012809 .LASF7428
     /tmp/cc7KEiL4.s:100472  .debug_str:00000000000410fc .LASF7429
     /tmp/cc7KEiL4.s:96094  .debug_str:000000000002f04e .LASF7430
     /tmp/cc7KEiL4.s:91414  .debug_str:000000000001baba .LASF7431
     /tmp/cc7KEiL4.s:96586  .debug_str:00000000000311df .LASF7432
     /tmp/cc7KEiL4.s:99346  .debug_str:000000000003c4be .LASF7433
     /tmp/cc7KEiL4.s:97986  .debug_str:0000000000036c03 .LASF7434
     /tmp/cc7KEiL4.s:92384  .debug_str:000000000001fe6f .LASF7435
     /tmp/cc7KEiL4.s:94454  .debug_str:000000000002833f .LASF7436
     /tmp/cc7KEiL4.s:101436  .debug_str:0000000000044fbe .LASF7437
     /tmp/cc7KEiL4.s:97796  .debug_str:000000000003617f .LASF7438
     /tmp/cc7KEiL4.s:101446  .debug_str:000000000004505f .LASF7439
     /tmp/cc7KEiL4.s:89656  .debug_str:00000000000142ff .LASF7440
     /tmp/cc7KEiL4.s:84926  .debug_str:0000000000000a80 .LASF7441
     /tmp/cc7KEiL4.s:101232  .debug_str:00000000000441b3 .LASF7442
     /tmp/cc7KEiL4.s:102312  .debug_str:0000000000048bd5 .LASF7443
     /tmp/cc7KEiL4.s:99266  .debug_str:000000000003c040 .LASF7444
     /tmp/cc7KEiL4.s:99754  .debug_str:000000000003df6e .LASF7445
     /tmp/cc7KEiL4.s:102986  .debug_str:000000000004bc31 .LASF7446
     /tmp/cc7KEiL4.s:94874  .debug_str:0000000000029de8 .LASF7447
     /tmp/cc7KEiL4.s:101864  .debug_str:0000000000046cfd .LASF7448
     /tmp/cc7KEiL4.s:89304  .debug_str:0000000000012d43 .LASF7449
     /tmp/cc7KEiL4.s:86718  .debug_str:000000000000863a .LASF7450
     /tmp/cc7KEiL4.s:103116  .debug_str:000000000004c53f .LASF7451
     /tmp/cc7KEiL4.s:85810  .debug_str:000000000000484b .LASF7452
     /tmp/cc7KEiL4.s:100440  .debug_str:0000000000040f3e .LASF7453
     /tmp/cc7KEiL4.s:90126  .debug_str:00000000000161d6 .LASF7454
     /tmp/cc7KEiL4.s:92236  .debug_str:000000000001f492 .LASF7455
     /tmp/cc7KEiL4.s:87896  .debug_str:000000000000d634 .LASF7456
     /tmp/cc7KEiL4.s:87638  .debug_str:000000000000c622 .LASF7457
     /tmp/cc7KEiL4.s:93736  .debug_str:00000000000253d6 .LASF7458
     /tmp/cc7KEiL4.s:95556  .debug_str:000000000002cb25 .LASF7459
     /tmp/cc7KEiL4.s:89900  .debug_str:00000000000152f0 .LASF7460
     /tmp/cc7KEiL4.s:92548  .debug_str:00000000000208da .LASF7461
     /tmp/cc7KEiL4.s:94860  .debug_str:0000000000029c9f .LASF7462
     /tmp/cc7KEiL4.s:87270  .debug_str:000000000000ac23 .LASF7463
     /tmp/cc7KEiL4.s:93558  .debug_str:0000000000024795 .LASF7464
     /tmp/cc7KEiL4.s:93526  .debug_str:00000000000245aa .LASF7465
     /tmp/cc7KEiL4.s:93532  .debug_str:00000000000245ea .LASF7466
     /tmp/cc7KEiL4.s:86336  .debug_str:0000000000006d32 .LASF7467
     /tmp/cc7KEiL4.s:95304  .debug_str:000000000002b9c5 .LASF7468
     /tmp/cc7KEiL4.s:95290  .debug_str:000000000002b878 .LASF7469
     /tmp/cc7KEiL4.s:99552  .debug_str:000000000003d282 .LASF7470
     /tmp/cc7KEiL4.s:85834  .debug_str:0000000000004a31 .LASF7471
     /tmp/cc7KEiL4.s:102164  .debug_str:00000000000481c9 .LASF7472
     /tmp/cc7KEiL4.s:95860  .debug_str:000000000002dfee .LASF7473
     /tmp/cc7KEiL4.s:101808  .debug_str:0000000000046931 .LASF7474
     /tmp/cc7KEiL4.s:98444  .debug_str:000000000003879f .LASF7475
     /tmp/cc7KEiL4.s:93730  .debug_str:0000000000025364 .LASF7476
     /tmp/cc7KEiL4.s:89486  .debug_str:0000000000013896 .LASF7477
     /tmp/cc7KEiL4.s:86034  .debug_str:000000000000585e .LASF7478
     /tmp/cc7KEiL4.s:100254  .debug_str:00000000000401b8 .LASF7479
     /tmp/cc7KEiL4.s:94526  .debug_str:0000000000028835 .LASF7480
     /tmp/cc7KEiL4.s:94528  .debug_str:0000000000028843 .LASF7481
     /tmp/cc7KEiL4.s:94530  .debug_str:0000000000028851 .LASF7482
     /tmp/cc7KEiL4.s:94532  .debug_str:000000000002885f .LASF7483
     /tmp/cc7KEiL4.s:94534  .debug_str:000000000002886d .LASF7484
     /tmp/cc7KEiL4.s:94536  .debug_str:000000000002887b .LASF7485
     /tmp/cc7KEiL4.s:94538  .debug_str:0000000000028889 .LASF7486
     /tmp/cc7KEiL4.s:94540  .debug_str:0000000000028897 .LASF7487
     /tmp/cc7KEiL4.s:94542  .debug_str:00000000000288a5 .LASF7488
     /tmp/cc7KEiL4.s:94544  .debug_str:00000000000288b3 .LASF7489
     /tmp/cc7KEiL4.s:102080  .debug_str:0000000000047bc0 .LASF7490
     /tmp/cc7KEiL4.s:87290  .debug_str:000000000000adf6 .LASF7491
     /tmp/cc7KEiL4.s:97290  .debug_str:00000000000341bd .LASF7492
     /tmp/cc7KEiL4.s:93134  .debug_str:0000000000022fd3 .LASF7493
     /tmp/cc7KEiL4.s:85886  .debug_str:0000000000004db5 .LASF7494
     /tmp/cc7KEiL4.s:100406  .debug_str:0000000000040cc9 .LASF7495
     /tmp/cc7KEiL4.s:92556  .debug_str:000000000002096f .LASF7496
     /tmp/cc7KEiL4.s:89970  .debug_str:0000000000015767 .LASF7497
     /tmp/cc7KEiL4.s:100418  .debug_str:0000000000040d6a .LASF7498
     /tmp/cc7KEiL4.s:85774  .debug_str:0000000000004594 .LASF7499
     /tmp/cc7KEiL4.s:84858  .debug_str:0000000000000607 .LASF7500
     /tmp/cc7KEiL4.s:91802  .debug_str:000000000001d540 .LASF7501
     /tmp/cc7KEiL4.s:88580  .debug_str:000000000000fdf9 .LASF7502
     /tmp/cc7KEiL4.s:102808  .debug_str:000000000004b09d .LASF7503
     /tmp/cc7KEiL4.s:87414  .debug_str:000000000000b72f .LASF7504
     /tmp/cc7KEiL4.s:94580  .debug_str:0000000000028ae4 .LASF7505
     /tmp/cc7KEiL4.s:97400  .debug_str:00000000000348d6 .LASF7506
     /tmp/cc7KEiL4.s:100858  .debug_str:00000000000429a1 .LASF7507
     /tmp/cc7KEiL4.s:101300  .debug_str:0000000000044653 .LASF7508
     /tmp/cc7KEiL4.s:91042  .debug_str:000000000001a051 .LASF7509
     /tmp/cc7KEiL4.s:100860  .debug_str:00000000000429b4 .LASF7510
     /tmp/cc7KEiL4.s:95542  .debug_str:000000000002ca26 .LASF7511
     /tmp/cc7KEiL4.s:90520  .debug_str:0000000000017bf5 .LASF7512
     /tmp/cc7KEiL4.s:85866  .debug_str:0000000000004c0c .LASF7513
     /tmp/cc7KEiL4.s:101052  .debug_str:00000000000435b6 .LASF7514
     /tmp/cc7KEiL4.s:90522  .debug_str:0000000000017c07 .LASF7515
     /tmp/cc7KEiL4.s:97330  .debug_str:0000000000034461 .LASF7516
     /tmp/cc7KEiL4.s:95274  .debug_str:000000000002b749 .LASF7517
     /tmp/cc7KEiL4.s:90524  .debug_str:0000000000017c19 .LASF7518
     /tmp/cc7KEiL4.s:85870  .debug_str:0000000000004c4a .LASF7519
     /tmp/cc7KEiL4.s:89376  .debug_str:00000000000131dc .LASF7520
     /tmp/cc7KEiL4.s:92752  .debug_str:00000000000216f5 .LASF7521
     /tmp/cc7KEiL4.s:97336  .debug_str:00000000000344d3 .LASF7522
     /tmp/cc7KEiL4.s:101918  .debug_str:0000000000047071 .LASF7523
     /tmp/cc7KEiL4.s:89040  .debug_str:0000000000011bf2 .LASF7524
     /tmp/cc7KEiL4.s:102214  .debug_str:0000000000048504 .LASF7525
     /tmp/cc7KEiL4.s:87096  .debug_str:000000000000a045 .LASF7526
     /tmp/cc7KEiL4.s:89042  .debug_str:0000000000011c04 .LASF7527
     /tmp/cc7KEiL4.s:102798  .debug_str:000000000004afe3 .LASF7528
     /tmp/cc7KEiL4.s:99750  .debug_str:000000000003df06 .LASF7529
     /tmp/cc7KEiL4.s:89044  .debug_str:0000000000011c16 .LASF7530
     /tmp/cc7KEiL4.s:102224  .debug_str:000000000004858f .LASF7531
     /tmp/cc7KEiL4.s:93942  .debug_str:000000000002615b .LASF7532
     /tmp/cc7KEiL4.s:89916  .debug_str:00000000000153f4 .LASF7533
     /tmp/cc7KEiL4.s:84912  .debug_str:0000000000000992 .LASF7534
     /tmp/cc7KEiL4.s:95334  .debug_str:000000000002bb8e .LASF7535
     /tmp/cc7KEiL4.s:97894  .debug_str:0000000000036714 .LASF7536
     /tmp/cc7KEiL4.s:90826  .debug_str:00000000000190ff .LASF7537
     /tmp/cc7KEiL4.s:96172  .debug_str:000000000002f4da .LASF7538
     /tmp/cc7KEiL4.s:90110  .debug_str:00000000000160cc .LASF7539
     /tmp/cc7KEiL4.s:100634  .debug_str:0000000000041bf4 .LASF7540
     /tmp/cc7KEiL4.s:85388  .debug_str:0000000000002b03 .LASF7541
     /tmp/cc7KEiL4.s:95032  .debug_str:000000000002a895 .LASF7542
     /tmp/cc7KEiL4.s:86772  .debug_str:00000000000089f6 .LASF7543
     /tmp/cc7KEiL4.s:89334  .debug_str:0000000000012f2a .LASF7544
     /tmp/cc7KEiL4.s:90128  .debug_str:00000000000161ea .LASF7545
     /tmp/cc7KEiL4.s:96292  .debug_str:000000000002fcd3 .LASF7546
     /tmp/cc7KEiL4.s:93520  .debug_str:0000000000024543 .LASF7547
     /tmp/cc7KEiL4.s:100182  .debug_str:000000000003fc9f .LASF7548
     /tmp/cc7KEiL4.s:85072  .debug_str:000000000000144c .LASF7549
     /tmp/cc7KEiL4.s:102830  .debug_str:000000000004b227 .LASF7550
     /tmp/cc7KEiL4.s:100194  .debug_str:000000000003fd56 .LASF7551
     /tmp/cc7KEiL4.s:92376  .debug_str:000000000001fdc2 .LASF7552
     /tmp/cc7KEiL4.s:92972  .debug_str:00000000000225ad .LASF7553
     /tmp/cc7KEiL4.s:93524  .debug_str:000000000002459e .LASF7554
     /tmp/cc7KEiL4.s:85676  .debug_str:0000000000003ef4 .LASF7555
     /tmp/cc7KEiL4.s:95724  .debug_str:000000000002d687 .LASF7556
     /tmp/cc7KEiL4.s:100746  .debug_str:000000000004231f .LASF7557
     /tmp/cc7KEiL4.s:102186  .debug_str:0000000000048327 .LASF7558
     /tmp/cc7KEiL4.s:86714  .debug_str:00000000000085f4 .LASF7559
     /tmp/cc7KEiL4.s:87218  .debug_str:000000000000a852 .LASF7560
     /tmp/cc7KEiL4.s:89860  .debug_str:00000000000150de .LASF7561
     /tmp/cc7KEiL4.s:97552  .debug_str:00000000000352ea .LASF7562
     /tmp/cc7KEiL4.s:94242  .debug_str:00000000000275d7 .LASF7563
     /tmp/cc7KEiL4.s:86656  .debug_str:00000000000081d6 .LASF7564
     /tmp/cc7KEiL4.s:91910  .debug_str:000000000001dcc1 .LASF7565
     /tmp/cc7KEiL4.s:89576  .debug_str:0000000000013df4 .LASF7566
     /tmp/cc7KEiL4.s:90392  .debug_str:00000000000174a5 .LASF7567
     /tmp/cc7KEiL4.s:101200  .debug_str:0000000000043f3d .LASF7568
     /tmp/cc7KEiL4.s:85256  .debug_str:0000000000002155 .LASF7569
     /tmp/cc7KEiL4.s:102894  .debug_str:000000000004b635 .LASF7570
     /tmp/cc7KEiL4.s:97718  .debug_str:0000000000035cf2 .LASF7571
     /tmp/cc7KEiL4.s:96762  .debug_str:0000000000031dd1 .LASF7572
     /tmp/cc7KEiL4.s:85042  .debug_str:0000000000001257 .LASF7573
     /tmp/cc7KEiL4.s:92632  .debug_str:0000000000020e34 .LASF7574
     /tmp/cc7KEiL4.s:98194  .debug_str:0000000000037691 .LASF7575
     /tmp/cc7KEiL4.s:97638  .debug_str:0000000000035809 .LASF7576
     /tmp/cc7KEiL4.s:101646  .debug_str:0000000000045e02 .LASF7577
     /tmp/cc7KEiL4.s:101402  .debug_str:0000000000044da9 .LASF7578
     /tmp/cc7KEiL4.s:95790  .debug_str:000000000002dade .LASF7579
     /tmp/cc7KEiL4.s:90942  .debug_str:00000000000199dc .LASF7580
     /tmp/cc7KEiL4.s:101962  .debug_str:0000000000047337 .LASF7581
     /tmp/cc7KEiL4.s:92714  .debug_str:0000000000021458 .LASF7582
     /tmp/cc7KEiL4.s:101690  .debug_str:0000000000046146 .LASF7583
     /tmp/cc7KEiL4.s:98548  .debug_str:0000000000038ecb .LASF7584
     /tmp/cc7KEiL4.s:95706  .debug_str:000000000002d5b9 .LASF7585
     /tmp/cc7KEiL4.s:98980  .debug_str:000000000003abfd .LASF7586
     /tmp/cc7KEiL4.s:85376  .debug_str:00000000000029ca .LASF7587
     /tmp/cc7KEiL4.s:93084  .debug_str:0000000000022dbb .LASF7588
     /tmp/cc7KEiL4.s:93944  .debug_str:0000000000026181 .LASF7589
     /tmp/cc7KEiL4.s:89164  .debug_str:00000000000123fd .LASF7590
     /tmp/cc7KEiL4.s:99090  .debug_str:000000000003b3a3 .LASF7591
     /tmp/cc7KEiL4.s:94996  .debug_str:000000000002a640 .LASF7592
     /tmp/cc7KEiL4.s:96066  .debug_str:000000000002eea4 .LASF7593
     /tmp/cc7KEiL4.s:90318  .debug_str:0000000000016f6b .LASF7594
     /tmp/cc7KEiL4.s:101664  .debug_str:0000000000045f31 .LASF7595
     /tmp/cc7KEiL4.s:93864  .debug_str:0000000000025c16 .LASF7596
     /tmp/cc7KEiL4.s:88640  .debug_str:00000000000100e5 .LASF7597
     /tmp/cc7KEiL4.s:85812  .debug_str:000000000000485c .LASF7598
     /tmp/cc7KEiL4.s:100042  .debug_str:000000000003f3d6 .LASF7599
     /tmp/cc7KEiL4.s:85816  .debug_str:00000000000048a9 .LASF7600
     /tmp/cc7KEiL4.s:89898  .debug_str:00000000000152c5 .LASF7601
     /tmp/cc7KEiL4.s:87708  .debug_str:000000000000cac0 .LASF7602
     /tmp/cc7KEiL4.s:93354  .debug_str:0000000000023cd0 .LASF7603
     /tmp/cc7KEiL4.s:98372  .debug_str:0000000000038289 .LASF7604
     /tmp/cc7KEiL4.s:92124  .debug_str:000000000001ec39 .LASF7605
     /tmp/cc7KEiL4.s:93832  .debug_str:0000000000025993 .LASF7606
     /tmp/cc7KEiL4.s:92976  .debug_str:00000000000225d6 .LASF7607
     /tmp/cc7KEiL4.s:89846  .debug_str:000000000001500f .LASF7608
     /tmp/cc7KEiL4.s:92434  .debug_str:00000000000201cf .LASF7609
     /tmp/cc7KEiL4.s:95432  .debug_str:000000000002c21d .LASF7610
     /tmp/cc7KEiL4.s:85022  .debug_str:0000000000001105 .LASF7611
     /tmp/cc7KEiL4.s:87918  .debug_str:000000000000d7f7 .LASF7612
     /tmp/cc7KEiL4.s:100834  .debug_str:0000000000042852 .LASF7613
     /tmp/cc7KEiL4.s:91312  .debug_str:000000000001b340 .LASF7614
     /tmp/cc7KEiL4.s:98878  .debug_str:000000000003a59f .LASF7615
     /tmp/cc7KEiL4.s:89138  .debug_str:000000000001223f .LASF7616
     /tmp/cc7KEiL4.s:96580  .debug_str:000000000003117c .LASF7617
     /tmp/cc7KEiL4.s:86384  .debug_str:0000000000007069 .LASF7618
     /tmp/cc7KEiL4.s:90660  .debug_str:00000000000185b1 .LASF7619
     /tmp/cc7KEiL4.s:94888  .debug_str:0000000000029ec9 .LASF7620
     /tmp/cc7KEiL4.s:97286  .debug_str:000000000003417c .LASF7621
     /tmp/cc7KEiL4.s:94318  .debug_str:0000000000027a25 .LASF7622
     /tmp/cc7KEiL4.s:100574  .debug_str:0000000000041793 .LASF7623
     /tmp/cc7KEiL4.s:88904  .debug_str:000000000001124e .LASF7624
     /tmp/cc7KEiL4.s:95636  .debug_str:000000000002d033 .LASF7625
     /tmp/cc7KEiL4.s:89864  .debug_str:0000000000015112 .LASF7626
     /tmp/cc7KEiL4.s:100414  .debug_str:0000000000040d52 .LASF7627
     /tmp/cc7KEiL4.s:100036  .debug_str:000000000003f34f .LASF7628
     /tmp/cc7KEiL4.s:94594  .debug_str:0000000000028bd5 .LASF7629
     /tmp/cc7KEiL4.s:102144  .debug_str:0000000000048055 .LASF7630
     /tmp/cc7KEiL4.s:89600  .debug_str:0000000000013f19 .LASF7631
     /tmp/cc7KEiL4.s:90278  .debug_str:0000000000016d20 .LASF7632
     /tmp/cc7KEiL4.s:98894  .debug_str:000000000003a69f .LASF7633
     /tmp/cc7KEiL4.s:99366  .debug_str:000000000003c5ea .LASF7634
     /tmp/cc7KEiL4.s:88490  .debug_str:000000000000f88a .LASF7635
     /tmp/cc7KEiL4.s:97196  .debug_str:0000000000033b66 .LASF7636
     /tmp/cc7KEiL4.s:91642  .debug_str:000000000001ca2f .LASF7637
     /tmp/cc7KEiL4.s:95478  .debug_str:000000000002c522 .LASF7638
     /tmp/cc7KEiL4.s:92074  .debug_str:000000000001e8a7 .LASF7639
     /tmp/cc7KEiL4.s:100724  .debug_str:0000000000042165 .LASF7640
     /tmp/cc7KEiL4.s:101046  .debug_str:0000000000043575 .LASF7641
     /tmp/cc7KEiL4.s:85014  .debug_str:00000000000010a8 .LASF7642
     /tmp/cc7KEiL4.s:102174  .debug_str:000000000004823c .LASF7643
     /tmp/cc7KEiL4.s:103150  .debug_str:000000000004c7e8 .LASF7644
     /tmp/cc7KEiL4.s:93070  .debug_str:0000000000022cca .LASF7645
     /tmp/cc7KEiL4.s:88114  .debug_str:000000000000e37a .LASF7646
     /tmp/cc7KEiL4.s:100456  .debug_str:0000000000040ffe .LASF7647
     /tmp/cc7KEiL4.s:88024  .debug_str:000000000000defc .LASF7648
     /tmp/cc7KEiL4.s:84812  .debug_str:0000000000000294 .LASF7649
     /tmp/cc7KEiL4.s:100448  .debug_str:0000000000040fab .LASF7650
     /tmp/cc7KEiL4.s:90602  .debug_str:000000000001816f .LASF7651
     /tmp/cc7KEiL4.s:88806  .debug_str:0000000000010b69 .LASF7652
     /tmp/cc7KEiL4.s:90210  .debug_str:0000000000016817 .LASF7653
     /tmp/cc7KEiL4.s:92520  .debug_str:0000000000020798 .LASF7654
     /tmp/cc7KEiL4.s:90546  .debug_str:0000000000017d82 .LASF7655
     /tmp/cc7KEiL4.s:91630  .debug_str:000000000001c919 .LASF7656
     /tmp/cc7KEiL4.s:89932  .debug_str:00000000000154e3 .LASF7657
     /tmp/cc7KEiL4.s:95104  .debug_str:000000000002ad39 .LASF7658
     /tmp/cc7KEiL4.s:93842  .debug_str:0000000000025a12 .LASF7659
     /tmp/cc7KEiL4.s:96150  .debug_str:000000000002f371 .LASF7660
     /tmp/cc7KEiL4.s:100300  .debug_str:00000000000404ea .LASF7661
     /tmp/cc7KEiL4.s:94752  .debug_str:000000000002960a .LASF7662
     /tmp/cc7KEiL4.s:100794  .debug_str:0000000000042595 .LASF7663
     /tmp/cc7KEiL4.s:93752  .debug_str:00000000000254fb .LASF7664
     /tmp/cc7KEiL4.s:94742  .debug_str:0000000000029582 .LASF7665
     /tmp/cc7KEiL4.s:100790  .debug_str:0000000000042563 .LASF7666
     /tmp/cc7KEiL4.s:97804  .debug_str:00000000000361f5 .LASF7667
     /tmp/cc7KEiL4.s:100562  .debug_str:00000000000416bf .LASF7668
     /tmp/cc7KEiL4.s:88130  .debug_str:000000000000e43b .LASF7669
     /tmp/cc7KEiL4.s:91546  .debug_str:000000000001c305 .LASF7670
     /tmp/cc7KEiL4.s:100552  .debug_str:0000000000041660 .LASF7671
     /tmp/cc7KEiL4.s:88128  .debug_str:000000000000e431 .LASF7672
     /tmp/cc7KEiL4.s:89274  .debug_str:0000000000012b8d .LASF7673
     /tmp/cc7KEiL4.s:84810  .debug_str:0000000000000283 .LASF7674
     /tmp/cc7KEiL4.s:84778  .debug_str:000000000000006c .LASF7675
     /tmp/cc7KEiL4.s:86604  .debug_str:0000000000007df9 .LASF7676
     /tmp/cc7KEiL4.s:87846  .debug_str:000000000000d3a2 .LASF7677
     /tmp/cc7KEiL4.s:87812  .debug_str:000000000000d152 .LASF7678
     /tmp/cc7KEiL4.s:103060  .debug_str:000000000004c18d .LASF7679
     /tmp/cc7KEiL4.s:91172  .debug_str:000000000001a985 .LASF7680
     /tmp/cc7KEiL4.s:85846  .debug_str:0000000000004ad5 .LASF7681
     /tmp/cc7KEiL4.s:90218  .debug_str:00000000000168a7 .LASF7682
     /tmp/cc7KEiL4.s:97972  .debug_str:0000000000036b10 .LASF7683
     /tmp/cc7KEiL4.s:98754  .debug_str:0000000000039d4c .LASF7684
     /tmp/cc7KEiL4.s:98500  .debug_str:0000000000038b1a .LASF7685
     /tmp/cc7KEiL4.s:88016  .debug_str:000000000000de9c .LASF7686
     /tmp/cc7KEiL4.s:87834  .debug_str:000000000000d2d9 .LASF7687
     /tmp/cc7KEiL4.s:92552  .debug_str:0000000000020931 .LASF7688
     /tmp/cc7KEiL4.s:97982  .debug_str:0000000000036bc9 .LASF7689
     /tmp/cc7KEiL4.s:98762  .debug_str:0000000000039de5 .LASF7690
     /tmp/cc7KEiL4.s:99300  .debug_str:000000000003c280 .LASF7691
     /tmp/cc7KEiL4.s:87902  .debug_str:000000000000d6a9 .LASF7692
     /tmp/cc7KEiL4.s:87432  .debug_str:000000000000b853 .LASF7693
     /tmp/cc7KEiL4.s:85076  .debug_str:0000000000001468 .LASF7694
     /tmp/cc7KEiL4.s:97566  .debug_str:000000000003540a .LASF7695
     /tmp/cc7KEiL4.s:85354  .debug_str:0000000000002898 .LASF7696
     /tmp/cc7KEiL4.s:93720  .debug_str:00000000000252b8 .LASF7697
     /tmp/cc7KEiL4.s:97568  .debug_str:0000000000035422 .LASF7698
     /tmp/cc7KEiL4.s:92326  .debug_str:000000000001fa2a .LASF7699
     /tmp/cc7KEiL4.s:99724  .debug_str:000000000003dd1f .LASF7700
     /tmp/cc7KEiL4.s:102576  .debug_str:0000000000049ecb .LASF7701
     /tmp/cc7KEiL4.s:90410  .debug_str:00000000000175ab .LASF7702
     /tmp/cc7KEiL4.s:95928  .debug_str:000000000002e4c1 .LASF7703
     /tmp/cc7KEiL4.s:102578  .debug_str:0000000000049ee3 .LASF7704
     /tmp/cc7KEiL4.s:90412  .debug_str:00000000000175c3 .LASF7705
     /tmp/cc7KEiL4.s:90028  .debug_str:0000000000015b6d .LASF7706
     /tmp/cc7KEiL4.s:90228  .debug_str:0000000000016949 .LASF7707
     /tmp/cc7KEiL4.s:95530  .debug_str:000000000002c908 .LASF7708
     /tmp/cc7KEiL4.s:88752  .debug_str:00000000000108cc .LASF7709
     /tmp/cc7KEiL4.s:89222  .debug_str:0000000000012860 .LASF7710
     /tmp/cc7KEiL4.s:95532  .debug_str:000000000002c920 .LASF7711
     /tmp/cc7KEiL4.s:101356  .debug_str:0000000000044a8a .LASF7712
     /tmp/cc7KEiL4.s:94284  .debug_str:00000000000277c8 .LASF7713
     /tmp/cc7KEiL4.s:100520  .debug_str:00000000000413fd .LASF7714
     /tmp/cc7KEiL4.s:100248  .debug_str:0000000000040148 .LASF7715
     /tmp/cc7KEiL4.s:94286  .debug_str:00000000000277e0 .LASF7716
     /tmp/cc7KEiL4.s:100522  .debug_str:0000000000041415 .LASF7717
     /tmp/cc7KEiL4.s:87164  .debug_str:000000000000a4b2 .LASF7718
     /tmp/cc7KEiL4.s:91992  .debug_str:000000000001e2fd .LASF7719
     /tmp/cc7KEiL4.s:95908  .debug_str:000000000002e336 .LASF7720
     /tmp/cc7KEiL4.s:93242  .debug_str:00000000000236b1 .LASF7721
     /tmp/cc7KEiL4.s:99298  .debug_str:000000000003c268 .LASF7722
     /tmp/cc7KEiL4.s:87072  .debug_str:0000000000009e2b .LASF7723
     /tmp/cc7KEiL4.s:87394  .debug_str:000000000000b5d2 .LASF7724
     /tmp/cc7KEiL4.s:85902  .debug_str:0000000000004e78 .LASF7725
     /tmp/cc7KEiL4.s:92190  .debug_str:000000000001f1db .LASF7726
     /tmp/cc7KEiL4.s:86156  .debug_str:0000000000006032 .LASF7727
     /tmp/cc7KEiL4.s:85904  .debug_str:0000000000004e90 .LASF7728
     /tmp/cc7KEiL4.s:92192  .debug_str:000000000001f1f3 .LASF7729
     /tmp/cc7KEiL4.s:98846  .debug_str:000000000003a365 .LASF7730
     /tmp/cc7KEiL4.s:90970  .debug_str:0000000000019bb1 .LASF7731
     /tmp/cc7KEiL4.s:97252  .debug_str:0000000000033f1b .LASF7732
     /tmp/cc7KEiL4.s:94358  .debug_str:0000000000027c73 .LASF7733
     /tmp/cc7KEiL4.s:90972  .debug_str:0000000000019bc9 .LASF7734
     /tmp/cc7KEiL4.s:97254  .debug_str:0000000000033f33 .LASF7735
     /tmp/cc7KEiL4.s:91796  .debug_str:000000000001d4ca .LASF7736
     /tmp/cc7KEiL4.s:96070  .debug_str:000000000002eec0 .LASF7737
     /tmp/cc7KEiL4.s:102248  .debug_str:0000000000048773 .LASF7738
     /tmp/cc7KEiL4.s:90704  .debug_str:0000000000018893 .LASF7739
     /tmp/cc7KEiL4.s:96072  .debug_str:000000000002eed8 .LASF7740
     /tmp/cc7KEiL4.s:102250  .debug_str:000000000004878b .LASF7741
     /tmp/cc7KEiL4.s:84878  .debug_str:0000000000000731 .LASF7742
     /tmp/cc7KEiL4.s:101094  .debug_str:0000000000043812 .LASF7743
     /tmp/cc7KEiL4.s:88922  .debug_str:0000000000011397 .LASF7744
     /tmp/cc7KEiL4.s:101978  .debug_str:0000000000047429 .LASF7745
     /tmp/cc7KEiL4.s:101096  .debug_str:000000000004382a .LASF7746
     /tmp/cc7KEiL4.s:88924  .debug_str:00000000000113af .LASF7747
     /tmp/cc7KEiL4.s:96236  .debug_str:000000000002f94a .LASF7748
     /tmp/cc7KEiL4.s:87646  .debug_str:000000000000c690 .LASF7749
     /tmp/cc7KEiL4.s:93968  .debug_str:0000000000026333 .LASF7750
     /tmp/cc7KEiL4.s:95134  .debug_str:000000000002aed2 .LASF7751
     /tmp/cc7KEiL4.s:87648  .debug_str:000000000000c6a8 .LASF7752
     /tmp/cc7KEiL4.s:91074  .debug_str:000000000001a289 .LASF7753
     /tmp/cc7KEiL4.s:89246  .debug_str:0000000000012a2d .LASF7754
     /tmp/cc7KEiL4.s:102704  .debug_str:000000000004a968 .LASF7755
     /tmp/cc7KEiL4.s:89084  .debug_str:0000000000011eba .LASF7756
     /tmp/cc7KEiL4.s:91314  .debug_str:000000000001b358 .LASF7757
     /tmp/cc7KEiL4.s:102706  .debug_str:000000000004a981 .LASF7758
     /tmp/cc7KEiL4.s:89086  .debug_str:0000000000011ed3 .LASF7759
     /tmp/cc7KEiL4.s:85500  .debug_str:000000000000330f .LASF7760
     /tmp/cc7KEiL4.s:89344  .debug_str:0000000000012fb6 .LASF7761
     /tmp/cc7KEiL4.s:98492  .debug_str:0000000000038a9a .LASF7762
     /tmp/cc7KEiL4.s:102794  .debug_str:000000000004af96 .LASF7763
     /tmp/cc7KEiL4.s:89346  .debug_str:0000000000012fcf .LASF7764
     /tmp/cc7KEiL4.s:94124  .debug_str:0000000000026d99 .LASF7765
     /tmp/cc7KEiL4.s:87498  .debug_str:000000000000bc70 .LASF7766
     /tmp/cc7KEiL4.s:92502  .debug_str:00000000000206da .LASF7767
     /tmp/cc7KEiL4.s:99160  .debug_str:000000000003b8f9 .LASF7768
     /tmp/cc7KEiL4.s:95904  .debug_str:000000000002e2df .LASF7769
     /tmp/cc7KEiL4.s:92504  .debug_str:00000000000206f3 .LASF7770
     /tmp/cc7KEiL4.s:99162  .debug_str:000000000003b912 .LASF7771
     /tmp/cc7KEiL4.s:90004  .debug_str:00000000000159d5 .LASF7772
     /tmp/cc7KEiL4.s:102588  .debug_str:0000000000049fbf .LASF7773
     /tmp/cc7KEiL4.s:85758  .debug_str:00000000000044b1 .LASF7774
     /tmp/cc7KEiL4.s:88724  .debug_str:000000000001068b .LASF7775
     /tmp/cc7KEiL4.s:99440  .debug_str:000000000003cb1f .LASF7776
     /tmp/cc7KEiL4.s:85760  .debug_str:00000000000044ca .LASF7777
     /tmp/cc7KEiL4.s:101328  .debug_str:000000000004485f .LASF7778
     /tmp/cc7KEiL4.s:86036  .debug_str:0000000000005869 .LASF7779
     /tmp/cc7KEiL4.s:90828  .debug_str:0000000000019110 .LASF7780
     /tmp/cc7KEiL4.s:100218  .debug_str:000000000003ff0f .LASF7781
     /tmp/cc7KEiL4.s:86038  .debug_str:0000000000005882 .LASF7782
     /tmp/cc7KEiL4.s:98954  .debug_str:000000000003aa9a .LASF7783
     /tmp/cc7KEiL4.s:94414  .debug_str:000000000002806e .LASF7784
     /tmp/cc7KEiL4.s:91116  .debug_str:000000000001a50f .LASF7785
     /tmp/cc7KEiL4.s:95936  .debug_str:000000000002e55c .LASF7786
     /tmp/cc7KEiL4.s:93214  .debug_str:00000000000234e4 .LASF7787
     /tmp/cc7KEiL4.s:85912  .debug_str:0000000000004f2a .LASF7788
     /tmp/cc7KEiL4.s:95938  .debug_str:000000000002e575 .LASF7789
     /tmp/cc7KEiL4.s:87364  .debug_str:000000000000b328 .LASF7790
     /tmp/cc7KEiL4.s:97334  .debug_str:00000000000344b5 .LASF7791
     /tmp/cc7KEiL4.s:90132  .debug_str:0000000000016217 .LASF7792
     /tmp/cc7KEiL4.s:95950  .debug_str:000000000002e687 .LASF7793
     /tmp/cc7KEiL4.s:96826  .debug_str:000000000003222b .LASF7794
     /tmp/cc7KEiL4.s:86846  .debug_str:0000000000008f3e .LASF7795
     /tmp/cc7KEiL4.s:96280  .debug_str:000000000002fc20 .LASF7796
     /tmp/cc7KEiL4.s:96828  .debug_str:0000000000032238 .LASF7797
     /tmp/cc7KEiL4.s:88960  .debug_str:000000000001165c .LASF7798
     /tmp/cc7KEiL4.s:90400  .debug_str:0000000000017521 .LASF7799
     /tmp/cc7KEiL4.s:96830  .debug_str:0000000000032245 .LASF7800
     /tmp/cc7KEiL4.s:86852  .debug_str:0000000000008f82 .LASF7801
     /tmp/cc7KEiL4.s:97192  .debug_str:0000000000033b2d .LASF7802
     /tmp/cc7KEiL4.s:95456  .debug_str:000000000002c3cb .LASF7803
     /tmp/cc7KEiL4.s:86334  .debug_str:0000000000006d26 .LASF7804
     /tmp/cc7KEiL4.s:91416  .debug_str:000000000001bace .LASF7805
     /tmp/cc7KEiL4.s:99310  .debug_str:000000000003c2db .LASF7806
     /tmp/cc7KEiL4.s:91178  .debug_str:000000000001a9dd .LASF7807
     /tmp/cc7KEiL4.s:102256  .debug_str:0000000000048800 .LASF7808
     /tmp/cc7KEiL4.s:88880  .debug_str:000000000001109b .LASF7809
     /tmp/cc7KEiL4.s:98632  .debug_str:00000000000393f8 .LASF7810
     /tmp/cc7KEiL4.s:89240  .debug_str:00000000000129c3 .LASF7811
     /tmp/cc7KEiL4.s:97146  .debug_str:000000000003380c .LASF7812
     /tmp/cc7KEiL4.s:91364  .debug_str:000000000001b77b .LASF7813
     /tmp/cc7KEiL4.s:84902  .debug_str:00000000000008ec .LASF7814
     /tmp/cc7KEiL4.s:92298  .debug_str:000000000001f80c .LASF7815
     /tmp/cc7KEiL4.s:96322  .debug_str:000000000002fedf .LASF7816
     /tmp/cc7KEiL4.s:100892  .debug_str:0000000000042bb0 .LASF7817
     /tmp/cc7KEiL4.s:90252  .debug_str:0000000000016b1e .LASF7818
     /tmp/cc7KEiL4.s:94280  .debug_str:0000000000027799 .LASF7819
     /tmp/cc7KEiL4.s:98986  .debug_str:000000000003ac48 .LASF7820
     /tmp/cc7KEiL4.s:100356  .debug_str:0000000000040981 .LASF7821
     /tmp/cc7KEiL4.s:97038  .debug_str:000000000003302f .LASF7822
     /tmp/cc7KEiL4.s:97386  .debug_str:0000000000034812 .LASF7823
     /tmp/cc7KEiL4.s:85196  .debug_str:0000000000001cd8 .LASF7824
     /tmp/cc7KEiL4.s:98516  .debug_str:0000000000038c2f .LASF7825
     /tmp/cc7KEiL4.s:91562  .debug_str:000000000001c42d .LASF7826
     /tmp/cc7KEiL4.s:99904  .debug_str:000000000003eabf .LASF7827
     /tmp/cc7KEiL4.s:102856  .debug_str:000000000004b39a .LASF7828
     /tmp/cc7KEiL4.s:99976  .debug_str:000000000003ef05 .LASF7829
     /tmp/cc7KEiL4.s:89468  .debug_str:00000000000137a1 .LASF7830
     /tmp/cc7KEiL4.s:95222  .debug_str:000000000002b3e8 .LASF7831
     /tmp/cc7KEiL4.s:95140  .debug_str:000000000002af1a .LASF7832
     /tmp/cc7KEiL4.s:99424  .debug_str:000000000003ca49 .LASF7833
     /tmp/cc7KEiL4.s:95450  .debug_str:000000000002c368 .LASF7834
     /tmp/cc7KEiL4.s:96978  .debug_str:0000000000032c0f .LASF7835
     /tmp/cc7KEiL4.s:85546  .debug_str:000000000000359a .LASF7836
     /tmp/cc7KEiL4.s:95240  .debug_str:000000000002b52a .LASF7837
     /tmp/cc7KEiL4.s:95062  .debug_str:000000000002aa55 .LASF7838
     /tmp/cc7KEiL4.s:91736  .debug_str:000000000001d0f5 .LASF7839
     /tmp/cc7KEiL4.s:94708  .debug_str:0000000000029281 .LASF7840
     /tmp/cc7KEiL4.s:84928  .debug_str:0000000000000a91 .LASF7841
     /tmp/cc7KEiL4.s:93564  .debug_str:00000000000247e3 .LASF7842
     /tmp/cc7KEiL4.s:96798  .debug_str:000000000003203c .LASF7843
     /tmp/cc7KEiL4.s:93996  .debug_str:00000000000264d6 .LASF7844
     /tmp/cc7KEiL4.s:91030  .debug_str:0000000000019fb2 .LASF7845
     /tmp/cc7KEiL4.s:103152  .debug_str:000000000004c7fe .LASF7846
     /tmp/cc7KEiL4.s:92168  .debug_str:000000000001ef92 .LASF7847
     /tmp/cc7KEiL4.s:87170  .debug_str:000000000000a531 .LASF7848
     /tmp/cc7KEiL4.s:96924  .debug_str:00000000000328f7 .LASF7849
     /tmp/cc7KEiL4.s:103156  .debug_str:000000000004c828 .LASF7850
     /tmp/cc7KEiL4.s:86734  .debug_str:0000000000008709 .LASF7851
     /tmp/cc7KEiL4.s:86520  .debug_str:0000000000007907 .LASF7852
     /tmp/cc7KEiL4.s:92574  .debug_str:0000000000020b1d .LASF7853
     /tmp/cc7KEiL4.s:101784  .debug_str:00000000000467fb .LASF7854
     /tmp/cc7KEiL4.s:88262  .debug_str:000000000000eae0 .LASF7855
     /tmp/cc7KEiL4.s:96248  .debug_str:000000000002fa32 .LASF7856
     /tmp/cc7KEiL4.s:92030  .debug_str:000000000001e514 .LASF7857
     /tmp/cc7KEiL4.s:86530  .debug_str:000000000000796f .LASF7858
     /tmp/cc7KEiL4.s:90784  .debug_str:0000000000018dcf .LASF7859
     /tmp/cc7KEiL4.s:89384  .debug_str:0000000000013255 .LASF7860
     /tmp/cc7KEiL4.s:102102  .debug_str:0000000000047d51 .LASF7861
     /tmp/cc7KEiL4.s:98422  .debug_str:00000000000385ec .LASF7862
     /tmp/cc7KEiL4.s:103114  .debug_str:000000000004c537 .LASF7863
     /tmp/cc7KEiL4.s:87890  .debug_str:000000000000d5e3 .LASF7864
     /tmp/cc7KEiL4.s:85726  .debug_str:00000000000042ec .LASF7865
     /tmp/cc7KEiL4.s:85800  .debug_str:00000000000047be .LASF7866
     /tmp/cc7KEiL4.s:89122  .debug_str:0000000000012146 .LASF7867
     /tmp/cc7KEiL4.s:101744  .debug_str:000000000004653f .LASF7868
     /tmp/cc7KEiL4.s:88418  .debug_str:000000000000f534 .LASF7869
     /tmp/cc7KEiL4.s:98184  .debug_str:00000000000375ea .LASF7870
     /tmp/cc7KEiL4.s:90364  .debug_str:0000000000017259 .LASF7871
     /tmp/cc7KEiL4.s:88408  .debug_str:000000000000f444 .LASF7872
     /tmp/cc7KEiL4.s:98160  .debug_str:000000000003752f .LASF7873
     /tmp/cc7KEiL4.s:92516  .debug_str:0000000000020768 .LASF7874
     /tmp/cc7KEiL4.s:97736  .debug_str:0000000000035e60 .LASF7875
     /tmp/cc7KEiL4.s:100978  .debug_str:000000000004316f .LASF7876
     /tmp/cc7KEiL4.s:89390  .debug_str:00000000000132a4 .LASF7877
     /tmp/cc7KEiL4.s:84924  .debug_str:0000000000000a78 .LASF7878
     /tmp/cc7KEiL4.s:102854  .debug_str:000000000004b392 .LASF7879
     /tmp/cc7KEiL4.s:98206  .debug_str:0000000000037754 .LASF7880
     /tmp/cc7KEiL4.s:92244  .debug_str:000000000001f51b .LASF7881
     /tmp/cc7KEiL4.s:89268  .debug_str:0000000000012b3d .LASF7882
     /tmp/cc7KEiL4.s:95898  .debug_str:000000000002e29d .LASF7883
     /tmp/cc7KEiL4.s:88838  .debug_str:0000000000010d4b .LASF7884
     /tmp/cc7KEiL4.s:98568  .debug_str:0000000000038fc8 .LASF7885
     /tmp/cc7KEiL4.s:95778  .debug_str:000000000002da0a .LASF7886
     /tmp/cc7KEiL4.s:92800  .debug_str:0000000000021a0c .LASF7887
     /tmp/cc7KEiL4.s:96128  .debug_str:000000000002f25e .LASF7888
     /tmp/cc7KEiL4.s:86098  .debug_str:0000000000005c67 .LASF7889
     /tmp/cc7KEiL4.s:101310  .debug_str:0000000000044701 .LASF7890
     /tmp/cc7KEiL4.s:87412  .debug_str:000000000000b726 .LASF7891
     /tmp/cc7KEiL4.s:97018  .debug_str:0000000000032f0b .LASF7892
     /tmp/cc7KEiL4.s:88918  .debug_str:0000000000011357 .LASF7893
     /tmp/cc7KEiL4.s:97786  .debug_str:00000000000360cb .LASF7894
     /tmp/cc7KEiL4.s:84978  .debug_str:0000000000000dfb .LASF7895
     /tmp/cc7KEiL4.s:97854  .debug_str:000000000003646d .LASF7896
     /tmp/cc7KEiL4.s:101076  .debug_str:00000000000436ee .LASF7897
     /tmp/cc7KEiL4.s:101410  .debug_str:0000000000044e2b .LASF7898
     /tmp/cc7KEiL4.s:87256  .debug_str:000000000000ab7f .LASF7899
     /tmp/cc7KEiL4.s:97004  .debug_str:0000000000032df9 .LASF7900
     /tmp/cc7KEiL4.s:92418  .debug_str:00000000000200d2 .LASF7901
     /tmp/cc7KEiL4.s:91700  .debug_str:000000000001ce51 .LASF7902
     /tmp/cc7KEiL4.s:100844  .debug_str:00000000000428f1 .LASF7903
     /tmp/cc7KEiL4.s:84952  .debug_str:0000000000000bfe .LASF7904
     /tmp/cc7KEiL4.s:93480  .debug_str:0000000000024264 .LASF7905
     /tmp/cc7KEiL4.s:98486  .debug_str:0000000000038a15 .LASF7906
     /tmp/cc7KEiL4.s:102628  .debug_str:000000000004a35b .LASF7907
     /tmp/cc7KEiL4.s:98044  .debug_str:0000000000036eb3 .LASF7908
     /tmp/cc7KEiL4.s:91228  .debug_str:000000000001ad84 .LASF7909
     /tmp/cc7KEiL4.s:91806  .debug_str:000000000001d587 .LASF7910
     /tmp/cc7KEiL4.s:98610  .debug_str:000000000003927d .LASF7911
     /tmp/cc7KEiL4.s:99748  .debug_str:000000000003def4 .LASF7912
     /tmp/cc7KEiL4.s:93146  .debug_str:00000000000230e7 .LASF7913
     /tmp/cc7KEiL4.s:87486  .debug_str:000000000000bba2 .LASF7914
     /tmp/cc7KEiL4.s:90866  .debug_str:00000000000193df .LASF7915
     /tmp/cc7KEiL4.s:93860  .debug_str:0000000000025bc4 .LASF7916
     /tmp/cc7KEiL4.s:92086  .debug_str:000000000001e99e .LASF7917
     /tmp/cc7KEiL4.s:94718  .debug_str:0000000000029345 .LASF7918
     /tmp/cc7KEiL4.s:89582  .debug_str:0000000000013e1d .LASF7919
     /tmp/cc7KEiL4.s:102368  .debug_str:0000000000048fd6 .LASF7920
     /tmp/cc7KEiL4.s:90548  .debug_str:0000000000017dac .LASF7921
     /tmp/cc7KEiL4.s:99704  .debug_str:000000000003dbce .LASF7922
     /tmp/cc7KEiL4.s:91848  .debug_str:000000000001d7fe .LASF7923
     /tmp/cc7KEiL4.s:99920  .debug_str:000000000003ebb5 .LASF7924
     /tmp/cc7KEiL4.s:87996  .debug_str:000000000000dcdf .LASF7925
     /tmp/cc7KEiL4.s:88014  .debug_str:000000000000de8a .LASF7926
     /tmp/cc7KEiL4.s:100666  .debug_str:0000000000041dd7 .LASF7927
     /tmp/cc7KEiL4.s:86464  .debug_str:000000000000756b .LASF7928
     /tmp/cc7KEiL4.s:97460  .debug_str:0000000000034cf7 .LASF7929
     /tmp/cc7KEiL4.s:100736  .debug_str:0000000000042236 .LASF7930
     /tmp/cc7KEiL4.s:97308  .debug_str:00000000000342bb .LASF7931
     /tmp/cc7KEiL4.s:87182  .debug_str:000000000000a5ce .LASF7932
     /tmp/cc7KEiL4.s:96932  .debug_str:0000000000032968 .LASF7933
     /tmp/cc7KEiL4.s:93314  .debug_str:0000000000023a4e .LASF7934
     /tmp/cc7KEiL4.s:99316  .debug_str:000000000003c2f3 .LASF7935
     /tmp/cc7KEiL4.s:97086  .debug_str:00000000000333d5 .LASF7936
     /tmp/cc7KEiL4.s:91242  .debug_str:000000000001ae41 .LASF7937
     /tmp/cc7KEiL4.s:90298  .debug_str:0000000000016e5e .LASF7938
     /tmp/cc7KEiL4.s:90112  .debug_str:00000000000160e2 .LASF7939
     /tmp/cc7KEiL4.s:93700  .debug_str:0000000000025160 .LASF7940
     /tmp/cc7KEiL4.s:98580  .debug_str:00000000000390a0 .LASF7941
     /tmp/cc7KEiL4.s:86524  .debug_str:000000000000792f .LASF7942
     /tmp/cc7KEiL4.s:92982  .debug_str:0000000000022624 .LASF7943
     /tmp/cc7KEiL4.s:97186  .debug_str:0000000000033ae1 .LASF7944
     /tmp/cc7KEiL4.s:85028  .debug_str:000000000000117b .LASF7945
     /tmp/cc7KEiL4.s:93616  .debug_str:0000000000024b11 .LASF7946
     /tmp/cc7KEiL4.s:98236  .debug_str:00000000000378f7 .LASF7947
     /tmp/cc7KEiL4.s:85798  .debug_str:00000000000047b2 .LASF7948
     /tmp/cc7KEiL4.s:98836  .debug_str:000000000003a28e .LASF7949
     /tmp/cc7KEiL4.s:96250  .debug_str:000000000002fa56 .LASF7950
     /tmp/cc7KEiL4.s:93602  .debug_str:0000000000024a3d .LASF7951
     /tmp/cc7KEiL4.s:90730  .debug_str:0000000000018a36 .LASF7952
     /tmp/cc7KEiL4.s:91432  .debug_str:000000000001bb82 .LASF7953
     /tmp/cc7KEiL4.s:97800  .debug_str:00000000000361b7 .LASF7954
     /tmp/cc7KEiL4.s:100770  .debug_str:000000000004245d .LASF7955
     /tmp/cc7KEiL4.s:100580  .debug_str:00000000000417ea .LASF7956
     /tmp/cc7KEiL4.s:103022  .debug_str:000000000004bf06 .LASF7957
     /tmp/cc7KEiL4.s:93232  .debug_str:0000000000023634 .LASF7958
     /tmp/cc7KEiL4.s:90106  .debug_str:00000000000160b1 .LASF7959
     /tmp/cc7KEiL4.s:92288  .debug_str:000000000001f775 .LASF7960
     /tmp/cc7KEiL4.s:97618  .debug_str:00000000000356b6 .LASF7961
     /tmp/cc7KEiL4.s:94556  .debug_str:0000000000028985 .LASF7962
     /tmp/cc7KEiL4.s:101058  .debug_str:0000000000043639 .LASF7963
     /tmp/cc7KEiL4.s:95618  .debug_str:000000000002ce88 .LASF7964
     /tmp/cc7KEiL4.s:94558  .debug_str:0000000000028998 .LASF7965
     /tmp/cc7KEiL4.s:101060  .debug_str:000000000004364c .LASF7966
     /tmp/cc7KEiL4.s:91282  .debug_str:000000000001b187 .LASF7967
     /tmp/cc7KEiL4.s:94560  .debug_str:00000000000289ab .LASF7968
     /tmp/cc7KEiL4.s:93932  .debug_str:00000000000260e0 .LASF7969
     /tmp/cc7KEiL4.s:102278  .debug_str:0000000000048981 .LASF7970
     /tmp/cc7KEiL4.s:93994  .debug_str:00000000000264c3 .LASF7971
     /tmp/cc7KEiL4.s:101064  .debug_str:000000000004366c .LASF7972
     /tmp/cc7KEiL4.s:96526  .debug_str:0000000000030d75 .LASF7973
     /tmp/cc7KEiL4.s:94564  .debug_str:00000000000289df .LASF7974
     /tmp/cc7KEiL4.s:101066  .debug_str:000000000004367f .LASF7975
     /tmp/cc7KEiL4.s:90636  .debug_str:00000000000183e3 .LASF7976
     /tmp/cc7KEiL4.s:94566  .debug_str:00000000000289f2 .LASF7977
     /tmp/cc7KEiL4.s:101068  .debug_str:0000000000043692 .LASF7978
     /tmp/cc7KEiL4.s:84802  .debug_str:00000000000001f5 .LASF7979
     /tmp/cc7KEiL4.s:94568  .debug_str:0000000000028a05 .LASF7980
     /tmp/cc7KEiL4.s:101070  .debug_str:00000000000436a5 .LASF7981
     /tmp/cc7KEiL4.s:97426  .debug_str:0000000000034a4c .LASF7982
     /tmp/cc7KEiL4.s:94570  .debug_str:0000000000028a18 .LASF7983
     /tmp/cc7KEiL4.s:101072  .debug_str:00000000000436b8 .LASF7984
     /tmp/cc7KEiL4.s:91548  .debug_str:000000000001c323 .LASF7985
     /tmp/cc7KEiL4.s:94800  .debug_str:000000000002996b .LASF7986
     /tmp/cc7KEiL4.s:91778  .debug_str:000000000001d40f .LASF7987
     /tmp/cc7KEiL4.s:97430  .debug_str:0000000000034a94 .LASF7988
     /tmp/cc7KEiL4.s:100750  .debug_str:000000000004234b .LASF7989
     /tmp/cc7KEiL4.s:91780  .debug_str:000000000001d422 .LASF7990
     /tmp/cc7KEiL4.s:95446  .debug_str:000000000002c30b .LASF7991
     /tmp/cc7KEiL4.s:85268  .debug_str:000000000000222b .LASF7992
     /tmp/cc7KEiL4.s:91782  .debug_str:000000000001d435 .LASF7993
     /tmp/cc7KEiL4.s:89548  .debug_str:0000000000013ca2 .LASF7994
     /tmp/cc7KEiL4.s:85270  .debug_str:000000000000223e .LASF7995
     /tmp/cc7KEiL4.s:91784  .debug_str:000000000001d448 .LASF7996
     /tmp/cc7KEiL4.s:102094  .debug_str:0000000000047cc1 .LASF7997
     /tmp/cc7KEiL4.s:100758  .debug_str:0000000000042397 .LASF7998
     /tmp/cc7KEiL4.s:91786  .debug_str:000000000001d45b .LASF7999
     /tmp/cc7KEiL4.s:91302  .debug_str:000000000001b29d .LASF8000
     /tmp/cc7KEiL4.s:85274  .debug_str:0000000000002291 .LASF8001
     /tmp/cc7KEiL4.s:91788  .debug_str:000000000001d46e .LASF8002
     /tmp/cc7KEiL4.s:90736  .debug_str:0000000000018aac .LASF8003
     /tmp/cc7KEiL4.s:85276  .debug_str:00000000000022a4 .LASF8004
     /tmp/cc7KEiL4.s:91790  .debug_str:000000000001d481 .LASF8005
     /tmp/cc7KEiL4.s:103046  .debug_str:000000000004c0d1 .LASF8006
     /tmp/cc7KEiL4.s:85278  .debug_str:00000000000022b7 .LASF8007
     /tmp/cc7KEiL4.s:91792  .debug_str:000000000001d494 .LASF8008
     /tmp/cc7KEiL4.s:97242  .debug_str:0000000000033e20 .LASF8009
     /tmp/cc7KEiL4.s:102012  .debug_str:000000000004766f .LASF8010
     /tmp/cc7KEiL4.s:94474  .debug_str:00000000000284a5 .LASF8011
     /tmp/cc7KEiL4.s:102124  .debug_str:0000000000047ef6 .LASF8012
     /tmp/cc7KEiL4.s:92668  .debug_str:00000000000210d6 .LASF8013
     /tmp/cc7KEiL4.s:85050  .debug_str:00000000000012e2 .LASF8014
     /tmp/cc7KEiL4.s:89394  .debug_str:00000000000132d5 .LASF8015
     /tmp/cc7KEiL4.s:91522  .debug_str:000000000001c14a .LASF8016
     /tmp/cc7KEiL4.s:96442  .debug_str:00000000000307e2 .LASF8017
     /tmp/cc7KEiL4.s:95372  .debug_str:000000000002bdd5 .LASF8018
     /tmp/cc7KEiL4.s:93164  .debug_str:00000000000231fe .LASF8019
     /tmp/cc7KEiL4.s:98328  .debug_str:0000000000037f7d .LASF8020
     /tmp/cc7KEiL4.s:102460  .debug_str:00000000000496bf .LASF8021
     /tmp/cc7KEiL4.s:93470  .debug_str:00000000000241fc .LASF8022
     /tmp/cc7KEiL4.s:90526  .debug_str:0000000000017c2b .LASF8023
     /tmp/cc7KEiL4.s:86590  .debug_str:0000000000007cf3 .LASF8024
     /tmp/cc7KEiL4.s:96966  .debug_str:0000000000032b1f .LASF8025
     /tmp/cc7KEiL4.s:102978  .debug_str:000000000004bba2 .LASF8026
     /tmp/cc7KEiL4.s:86962  .debug_str:00000000000097a7 .LASF8027
     /tmp/cc7KEiL4.s:97510  .debug_str:0000000000035029 .LASF8028
     /tmp/cc7KEiL4.s:96382  .debug_str:00000000000303a6 .LASF8029
     /tmp/cc7KEiL4.s:86064  .debug_str:0000000000005a38 .LASF8030
     /tmp/cc7KEiL4.s:99404  .debug_str:000000000003c8d5 .LASF8031
     /tmp/cc7KEiL4.s:95714  .debug_str:000000000002d605 .LASF8032
     /tmp/cc7KEiL4.s:88950  .debug_str:0000000000011572 .LASF8033
     /tmp/cc7KEiL4.s:97232  .debug_str:0000000000033da9 .LASF8034
     /tmp/cc7KEiL4.s:100488  .debug_str:0000000000041202 .LASF8035
     /tmp/cc7KEiL4.s:91594  .debug_str:000000000001c6c6 .LASF8036
     /tmp/cc7KEiL4.s:102310  .debug_str:0000000000048bce .LASF8037
     /tmp/cc7KEiL4.s:98634  .debug_str:0000000000039413 .LASF8038
     /tmp/cc7KEiL4.s:85872  .debug_str:0000000000004c5c .LASF8039
     /tmp/cc7KEiL4.s:100720  .debug_str:000000000004214c .LASF8040
     /tmp/cc7KEiL4.s:85890  .debug_str:0000000000004ddb .LASF8041
     /tmp/cc7KEiL4.s:100278  .debug_str:00000000000403c4 .LASF8042
     /tmp/cc7KEiL4.s:97600  .debug_str:0000000000035552 .LASF8043
     /tmp/cc7KEiL4.s:100878  .debug_str:0000000000042adb .LASF8044
     /tmp/cc7KEiL4.s:92620  .debug_str:0000000000020d99 .LASF8045
     /tmp/cc7KEiL4.s:89080  .debug_str:0000000000011e84 .LASF8046
     /tmp/cc7KEiL4.s:101272  .debug_str:0000000000044451 .LASF8047
     /tmp/cc7KEiL4.s:92832  .debug_str:0000000000021c3b .LASF8048
     /tmp/cc7KEiL4.s:88560  .debug_str:000000000000fcac .LASF8049
     /tmp/cc7KEiL4.s:87380  .debug_str:000000000000b47c .LASF8050
     /tmp/cc7KEiL4.s:101750  .debug_str:000000000004658d .LASF8051
     /tmp/cc7KEiL4.s:102478  .debug_str:0000000000049825 .LASF8052
     /tmp/cc7KEiL4.s:87042  .debug_str:0000000000009cb7 .LASF8053
     /tmp/cc7KEiL4.s:87786  .debug_str:000000000000cfba .LASF8054
     /tmp/cc7KEiL4.s:92402  .debug_str:000000000001ffed .LASF8055
     /tmp/cc7KEiL4.s:88910  .debug_str:00000000000112b3 .LASF8056
     /tmp/cc7KEiL4.s:100076  .debug_str:000000000003f661 .LASF8057
     /tmp/cc7KEiL4.s:87936  .debug_str:000000000000d932 .LASF8058
     /tmp/cc7KEiL4.s:101422  .debug_str:0000000000044f09 .LASF8059
     /tmp/cc7KEiL4.s:84918  .debug_str:0000000000000a29 .LASF8060
     /tmp/cc7KEiL4.s:87128  .debug_str:000000000000a26f .LASF8061
     /tmp/cc7KEiL4.s:101370  .debug_str:0000000000044b98 .LASF8062
     /tmp/cc7KEiL4.s:99354  .debug_str:000000000003c52c .LASF8063
     /tmp/cc7KEiL4.s:93892  .debug_str:0000000000025dfe .LASF8064
     /tmp/cc7KEiL4.s:85850  .debug_str:0000000000004b0d .LASF8065
     /tmp/cc7KEiL4.s:101292  .debug_str:0000000000044598 .LASF8066
     /tmp/cc7KEiL4.s:90886  .debug_str:0000000000019504 .LASF8067
     /tmp/cc7KEiL4.s:94182  .debug_str:0000000000027184 .LASF8068
     /tmp/cc7KEiL4.s:91896  .debug_str:000000000001dbcd .LASF8069
     /tmp/cc7KEiL4.s:84900  .debug_str:00000000000008dc .LASF8070
     /tmp/cc7KEiL4.s:85632  .debug_str:0000000000003ba7 .LASF8071
     /tmp/cc7KEiL4.s:94650  .debug_str:0000000000028f9a .LASF8072
     /tmp/cc7KEiL4.s:101482  .debug_str:00000000000452bd .LASF8073
     /tmp/cc7KEiL4.s:93250  .debug_str:0000000000023740 .LASF8074
     /tmp/cc7KEiL4.s:85402  .debug_str:0000000000002bc9 .LASF8075
     /tmp/cc7KEiL4.s:89016  .debug_str:0000000000011a2f .LASF8076
     /tmp/cc7KEiL4.s:95502  .debug_str:000000000002c721 .LASF8077
     /tmp/cc7KEiL4.s:90818  .debug_str:0000000000019067 .LASF8078
     /tmp/cc7KEiL4.s:89828  .debug_str:0000000000014f3d .LASF8079
     /tmp/cc7KEiL4.s:98590  .debug_str:000000000003913e .LASF8080
     /tmp/cc7KEiL4.s:102138  .debug_str:0000000000048010 .LASF8081
     /tmp/cc7KEiL4.s:93474  .debug_str:000000000002421a .LASF8082
     /tmp/cc7KEiL4.s:87696  .debug_str:000000000000c9f1 .LASF8083
     /tmp/cc7KEiL4.s:96622  .debug_str:000000000003145b .LASF8084
     /tmp/cc7KEiL4.s:94692  .debug_str:00000000000291e5 .LASF8085
     /tmp/cc7KEiL4.s:95094  .debug_str:000000000002acad .LASF8086
     /tmp/cc7KEiL4.s:99096  .debug_str:000000000003b439 .LASF8087
     /tmp/cc7KEiL4.s:97506  .debug_str:0000000000034ff2 .LASF8088
     /tmp/cc7KEiL4.s:93266  .debug_str:000000000002382f .LASF8089
     /tmp/cc7KEiL4.s:93824  .debug_str:00000000000258ed .LASF8090
     /tmp/cc7KEiL4.s:96022  .debug_str:000000000002ebd0 .LASF8091
     /tmp/cc7KEiL4.s:87016  .debug_str:0000000000009acd .LASF8092
     /tmp/cc7KEiL4.s:97990  .debug_str:0000000000036c2a .LASF8093
     /tmp/cc7KEiL4.s:89404  .debug_str:0000000000013357 .LASF8094
     /tmp/cc7KEiL4.s:89694  .debug_str:00000000000145c8 .LASF8095
     /tmp/cc7KEiL4.s:91398  .debug_str:000000000001b977 .LASF8096
     /tmp/cc7KEiL4.s:90944  .debug_str:0000000000019a06 .LASF8097
     /tmp/cc7KEiL4.s:91238  .debug_str:000000000001ae08 .LASF8098
     /tmp/cc7KEiL4.s:86436  .debug_str:000000000000739a .LASF8099
     /tmp/cc7KEiL4.s:88424  .debug_str:000000000000f574 .LASF8100
     /tmp/cc7KEiL4.s:101308  .debug_str:00000000000446f3 .LASF8101
     /tmp/cc7KEiL4.s:88930  .debug_str:000000000001142a .LASF8102
     /tmp/cc7KEiL4.s:89966  .debug_str:000000000001574a .LASF8103
     /tmp/cc7KEiL4.s:92262  .debug_str:000000000001f5f3 .LASF8104
     /tmp/cc7KEiL4.s:89378  .debug_str:0000000000013202 .LASF8105
     /tmp/cc7KEiL4.s:86660  .debug_str:0000000000008206 .LASF8106
     /tmp/cc7KEiL4.s:94706  .debug_str:0000000000029273 .LASF8107
     /tmp/cc7KEiL4.s:96362  .debug_str:00000000000301c1 .LASF8108
     /tmp/cc7KEiL4.s:103160  .debug_str:000000000004c87b .LASF8109
     /tmp/cc7KEiL4.s:85534  .debug_str:00000000000034e0 .LASF8110
     /tmp/cc7KEiL4.s:94156  .debug_str:0000000000026fac .LASF8111
     /tmp/cc7KEiL4.s:102586  .debug_str:0000000000049fb2 .LASF8112
     /tmp/cc7KEiL4.s:86268  .debug_str:00000000000067ff .LASF8113
     /tmp/cc7KEiL4.s:94056  .debug_str:00000000000268ac .LASF8114
     /tmp/cc7KEiL4.s:87500  .debug_str:000000000000bc9d .LASF8115
     /tmp/cc7KEiL4.s:96892  .debug_str:0000000000032660 .LASF8116
     /tmp/cc7KEiL4.s:95332  .debug_str:000000000002bb6a .LASF8117
     /tmp/cc7KEiL4.s:91994  .debug_str:000000000001e315 .LASF8118
     /tmp/cc7KEiL4.s:101282  .debug_str:00000000000444d2 .LASF8119
     /tmp/cc7KEiL4.s:95068  .debug_str:000000000002aaf5 .LASF8120
     /tmp/cc7KEiL4.s:102272  .debug_str:000000000004891d .LASF8121
     /tmp/cc7KEiL4.s:96052  .debug_str:000000000002edb9 .LASF8122
     /tmp/cc7KEiL4.s:90378  .debug_str:000000000001738e .LASF8123
     /tmp/cc7KEiL4.s:88610  .debug_str:000000000000ff99 .LASF8124
     /tmp/cc7KEiL4.s:92112  .debug_str:000000000001eb5e .LASF8125
     /tmp/cc7KEiL4.s:98726  .debug_str:0000000000039b28 .LASF8126
     /tmp/cc7KEiL4.s:91584  .debug_str:000000000001c61a .LASF8127
     /tmp/cc7KEiL4.s:87490  .debug_str:000000000000bbd2 .LASF8128
     /tmp/cc7KEiL4.s:86400  .debug_str:0000000000007126 .LASF8129
     /tmp/cc7KEiL4.s:100114  .debug_str:000000000003f92d .LASF8130
     /tmp/cc7KEiL4.s:93446  .debug_str:000000000002418a .LASF8131
     /tmp/cc7KEiL4.s:85658  .debug_str:0000000000003d9c .LASF8132
     /tmp/cc7KEiL4.s:90780  .debug_str:0000000000018d92 .LASF8133
     /tmp/cc7KEiL4.s:102690  .debug_str:000000000004a855 .LASF8134
     /tmp/cc7KEiL4.s:85558  .debug_str:0000000000003688 .LASF8135
     /tmp/cc7KEiL4.s:94808  .debug_str:00000000000299f9 .LASF8136
     /tmp/cc7KEiL4.s:88198  .debug_str:000000000000e751 .LASF8137
     /tmp/cc7KEiL4.s:96220  .debug_str:000000000002f878 .LASF8138
     /tmp/cc7KEiL4.s:97480  .debug_str:0000000000034e5c .LASF8139
     /tmp/cc7KEiL4.s:100756  .debug_str:000000000004238f .LASF8140
     /tmp/cc7KEiL4.s:90324  .debug_str:0000000000016fb2 .LASF8141
     /tmp/cc7KEiL4.s:97488  .debug_str:0000000000034edc .LASF8142
     /tmp/cc7KEiL4.s:100764  .debug_str:0000000000042406 .LASF8143
     /tmp/cc7KEiL4.s:100942  .debug_str:0000000000042f52 .LASF8144
     /tmp/cc7KEiL4.s:99620  .debug_str:000000000003d68c .LASF8145
     /tmp/cc7KEiL4.s:96124  .debug_str:000000000002f209 .LASF8146
     /tmp/cc7KEiL4.s:94334  .debug_str:0000000000027b18 .LASF8147
     /tmp/cc7KEiL4.s:102142  .debug_str:000000000004804e .LASF8148
     /tmp/cc7KEiL4.s:98564  .debug_str:0000000000038faa .LASF8149
     /tmp/cc7KEiL4.s:93880  .debug_str:0000000000025d23 .LASF8150
     /tmp/cc7KEiL4.s:96010  .debug_str:000000000002eae4 .LASF8151
     /tmp/cc7KEiL4.s:96408  .debug_str:000000000003057d .LASF8152
     /tmp/cc7KEiL4.s:95354  .debug_str:000000000002bcda .LASF8153
     /tmp/cc7KEiL4.s:102182  .debug_str:00000000000482fc .LASF8154
     /tmp/cc7KEiL4.s:101706  .debug_str:0000000000046243 .LASF8155
     /tmp/cc7KEiL4.s:100556  .debug_str:0000000000041670 .LASF8156
     /tmp/cc7KEiL4.s:102630  .debug_str:000000000004a382 .LASF8157
     /tmp/cc7KEiL4.s:98126  .debug_str:00000000000372de .LASF8158
     /tmp/cc7KEiL4.s:97628  .debug_str:0000000000035738 .LASF8159
     /tmp/cc7KEiL4.s:88782  .debug_str:0000000000010ab4 .LASF8160
     /tmp/cc7KEiL4.s:93418  .debug_str:0000000000023fee .LASF8161
     /tmp/cc7KEiL4.s:85392  .debug_str:0000000000002b48 .LASF8162
     /tmp/cc7KEiL4.s:88030  .debug_str:000000000000df1a .LASF8163
     /tmp/cc7KEiL4.s:90734  .debug_str:0000000000018a93 .LASF8164
     /tmp/cc7KEiL4.s:92880  .debug_str:0000000000021fe3 .LASF8165
     /tmp/cc7KEiL4.s:99048  .debug_str:000000000003b086 .LASF8166
     /tmp/cc7KEiL4.s:93804  .debug_str:000000000002576e .LASF8167
     /tmp/cc7KEiL4.s:97178  .debug_str:0000000000033a4f .LASF8168
     /tmp/cc7KEiL4.s:102300  .debug_str:0000000000048b19 .LASF8169
     /tmp/cc7KEiL4.s:97084  .debug_str:00000000000333be .LASF8170
     /tmp/cc7KEiL4.s:89734  .debug_str:000000000001485c .LASF8171
     /tmp/cc7KEiL4.s:93096  .debug_str:0000000000022e51 .LASF8172
     /tmp/cc7KEiL4.s:94118  .debug_str:0000000000026d66 .LASF8173
     /tmp/cc7KEiL4.s:94194  .debug_str:000000000002726d .LASF8174
     /tmp/cc7KEiL4.s:88124  .debug_str:000000000000e415 .LASF8175
     /tmp/cc7KEiL4.s:94488  .debug_str:000000000002857d .LASF8176
     /tmp/cc7KEiL4.s:102772  .debug_str:000000000004adf2 .LASF8177
     /tmp/cc7KEiL4.s:89720  .debug_str:000000000001474c .LASF8178
     /tmp/cc7KEiL4.s:89678  .debug_str:0000000000014483 .LASF8179
     /tmp/cc7KEiL4.s:92788  .debug_str:0000000000021900 .LASF8180
     /tmp/cc7KEiL4.s:86726  .debug_str:0000000000008694 .LASF8181
     /tmp/cc7KEiL4.s:90852  .debug_str:0000000000019329 .LASF8182
     /tmp/cc7KEiL4.s:91368  .debug_str:000000000001b7a3 .LASF8183
     /tmp/cc7KEiL4.s:102844  .debug_str:000000000004b327 .LASF8184
     /tmp/cc7KEiL4.s:87024  .debug_str:0000000000009b4a .LASF8185
     /tmp/cc7KEiL4.s:100688  .debug_str:0000000000041f5b .LASF8186
     /tmp/cc7KEiL4.s:90582  .debug_str:000000000001806e .LASF8187
     /tmp/cc7KEiL4.s:100648  .debug_str:0000000000041ce6 .LASF8188
     /tmp/cc7KEiL4.s:101612  .debug_str:0000000000045bab .LASF8189
     /tmp/cc7KEiL4.s:95864  .debug_str:000000000002e044 .LASF8190
     /tmp/cc7KEiL4.s:89350  .debug_str:0000000000012ff6 .LASF8191
     /tmp/cc7KEiL4.s:87154  .debug_str:000000000000a3ea .LASF8192
     /tmp/cc7KEiL4.s:89278  .debug_str:0000000000012bc5 .LASF8193
     /tmp/cc7KEiL4.s:100130  .debug_str:000000000003fa2f .LASF8194
     /tmp/cc7KEiL4.s:95514  .debug_str:000000000002c7d7 .LASF8195
     /tmp/cc7KEiL4.s:92272  .debug_str:000000000001f6a7 .LASF8196
     /tmp/cc7KEiL4.s:96596  .debug_str:000000000003127f .LASF8197
     /tmp/cc7KEiL4.s:102296  .debug_str:0000000000048ac5 .LASF8198
     /tmp/cc7KEiL4.s:97262  .debug_str:0000000000033fca .LASF8199
     /tmp/cc7KEiL4.s:102342  .debug_str:0000000000048dde .LASF8200
     /tmp/cc7KEiL4.s:102640  .debug_str:000000000004a469 .LASF8201
     /tmp/cc7KEiL4.s:87698  .debug_str:000000000000ca01 .LASF8202
     /tmp/cc7KEiL4.s:95580  .debug_str:000000000002cc9a .LASF8203
     /tmp/cc7KEiL4.s:99280  .debug_str:000000000003c0fe .LASF8204
     /tmp/cc7KEiL4.s:97726  .debug_str:0000000000035d92 .LASF8205
     /tmp/cc7KEiL4.s:86138  .debug_str:0000000000005f34 .LASF8206
     /tmp/cc7KEiL4.s:102234  .debug_str:0000000000048673 .LASF8207
     /tmp/cc7KEiL4.s:86764  .debug_str:0000000000008978 .LASF8208
     /tmp/cc7KEiL4.s:101010  .debug_str:0000000000043347 .LASF8209
     /tmp/cc7KEiL4.s:92744  .debug_str:0000000000021663 .LASF8210
     /tmp/cc7KEiL4.s:95500  .debug_str:000000000002c716 .LASF8211
     /tmp/cc7KEiL4.s:91166  .debug_str:000000000001a92e .LASF8212
     /tmp/cc7KEiL4.s:100560  .debug_str:00000000000416a0 .LASF8213
     /tmp/cc7KEiL4.s:102374  .debug_str:0000000000049045 .LASF8214
     /tmp/cc7KEiL4.s:98240  .debug_str:0000000000037912 .LASF8215
     /tmp/cc7KEiL4.s:96364  .debug_str:00000000000301e3 .LASF8216
     /tmp/cc7KEiL4.s:100546  .debug_str:0000000000041600 .LASF8217
     /tmp/cc7KEiL4.s:94982  .debug_str:000000000002a513 .LASF8218
     /tmp/cc7KEiL4.s:90434  .debug_str:000000000001772e .LASF8219
     /tmp/cc7KEiL4.s:88968  .debug_str:00000000000116e0 .LASF8220
     /tmp/cc7KEiL4.s:93142  .debug_str:000000000002309c .LASF8221
     /tmp/cc7KEiL4.s:87742  .debug_str:000000000000ccba .LASF8222
     /tmp/cc7KEiL4.s:94588  .debug_str:0000000000028b7d .LASF8223
     /tmp/cc7KEiL4.s:90294  .debug_str:0000000000016e34 .LASF8224
     /tmp/cc7KEiL4.s:87756  .debug_str:000000000000cdbe .LASF8225
     /tmp/cc7KEiL4.s:99070  .debug_str:000000000003b244 .LASF8226
     /tmp/cc7KEiL4.s:91292  .debug_str:000000000001b203 .LASF8227
     /tmp/cc7KEiL4.s:101832  .debug_str:0000000000046b09 .LASF8228
     /tmp/cc7KEiL4.s:99302  .debug_str:000000000003c29d .LASF8229
     /tmp/cc7KEiL4.s:91422  .debug_str:000000000001bb21 .LASF8230
     /tmp/cc7KEiL4.s:102286  .debug_str:0000000000048a21 .LASF8231
     /tmp/cc7KEiL4.s:86782  .debug_str:0000000000008ab0 .LASF8232
     /tmp/cc7KEiL4.s:92630  .debug_str:0000000000020e1b .LASF8233
     /tmp/cc7KEiL4.s:98144  .debug_str:0000000000037431 .LASF8234
     /tmp/cc7KEiL4.s:99852  .debug_str:000000000003e6af .LASF8235
     /tmp/cc7KEiL4.s:88590  .debug_str:000000000000fe89 .LASF8236
     /tmp/cc7KEiL4.s:97788  .debug_str:00000000000360d2 .LASF8237
     /tmp/cc7KEiL4.s:85530  .debug_str:00000000000034a2 .LASF8238
     /tmp/cc7KEiL4.s:94926  .debug_str:000000000002a17c .LASF8239
     /tmp/cc7KEiL4.s:102420  .debug_str:0000000000049388 .LASF8240
     /tmp/cc7KEiL4.s:99216  .debug_str:000000000003bc70 .LASF8241
     /tmp/cc7KEiL4.s:97502  .debug_str:0000000000034fcc .LASF8242
     /tmp/cc7KEiL4.s:102018  .debug_str:00000000000476d5 .LASF8243
     /tmp/cc7KEiL4.s:88832  .debug_str:0000000000010d09 .LASF8244
     /tmp/cc7KEiL4.s:86666  .debug_str:0000000000008237 .LASF8245
     /tmp/cc7KEiL4.s:99686  .debug_str:000000000003da42 .LASF8246
     /tmp/cc7KEiL4.s:87774  .debug_str:000000000000cee7 .LASF8247
     /tmp/cc7KEiL4.s:102778  .debug_str:000000000004ae65 .LASF8248
     /tmp/cc7KEiL4.s:89902  .debug_str:00000000000152fe .LASF8249
     /tmp/cc7KEiL4.s:86884  .debug_str:0000000000009133 .LASF8250
     /tmp/cc7KEiL4.s:94054  .debug_str:000000000002689b .LASF8251
     /tmp/cc7KEiL4.s:86780  .debug_str:0000000000008a8b .LASF8252
     /tmp/cc7KEiL4.s:90598  .debug_str:0000000000018149 .LASF8253
     /tmp/cc7KEiL4.s:87260  .debug_str:000000000000ab95 .LASF8254
     /tmp/cc7KEiL4.s:89780  .debug_str:0000000000014b70 .LASF8255
     /tmp/cc7KEiL4.s:90320  .debug_str:0000000000016f7b .LASF8256
     /tmp/cc7KEiL4.s:87262  .debug_str:000000000000aba7 .LASF8257
     /tmp/cc7KEiL4.s:102324  .debug_str:0000000000048c9c .LASF8258
     /tmp/cc7KEiL4.s:87738  .debug_str:000000000000cc96 .LASF8259
     /tmp/cc7KEiL4.s:89946  .debug_str:0000000000015600 .LASF8260
     /tmp/cc7KEiL4.s:87542  .debug_str:000000000000bf28 .LASF8261
     /tmp/cc7KEiL4.s:91682  .debug_str:000000000001cd0e .LASF8262
     /tmp/cc7KEiL4.s:98778  .debug_str:0000000000039ed8 .LASF8263
     /tmp/cc7KEiL4.s:96998  .debug_str:0000000000032d95 .LASF8264
     /tmp/cc7KEiL4.s:98966  .debug_str:000000000003ab30 .LASF8265
     /tmp/cc7KEiL4.s:90284  .debug_str:0000000000016daa .LASF8266
     /tmp/cc7KEiL4.s:97904  .debug_str:00000000000367d5 .LASF8267
     /tmp/cc7KEiL4.s:95202  .debug_str:000000000002b2bb .LASF8268
     /tmp/cc7KEiL4.s:92526  .debug_str:00000000000207dc .LASF8269
     /tmp/cc7KEiL4.s:100024  .debug_str:000000000003f274 .LASF8270
     /tmp/cc7KEiL4.s:85888  .debug_str:0000000000004dc6 .LASF8271
     /tmp/cc7KEiL4.s:97268  .debug_str:0000000000034021 .LASF8272
     /tmp/cc7KEiL4.s:101594  .debug_str:0000000000045a33 .LASF8273
     /tmp/cc7KEiL4.s:91942  .debug_str:000000000001df16 .LASF8274
     /tmp/cc7KEiL4.s:95624  .debug_str:000000000002ceff .LASF8275
     /tmp/cc7KEiL4.s:86414  .debug_str:0000000000007214 .LASF8276
     /tmp/cc7KEiL4.s:94166  .debug_str:0000000000027059 .LASF8277
     /tmp/cc7KEiL4.s:102318  .debug_str:0000000000048c1f .LASF8278
     /tmp/cc7KEiL4.s:100670  .debug_str:0000000000041e08 .LASF8279
     /tmp/cc7KEiL4.s:93246  .debug_str:0000000000023712 .LASF8280
     /tmp/cc7KEiL4.s:101468  .debug_str:00000000000451ef .LASF8281
     /tmp/cc7KEiL4.s:87710  .debug_str:000000000000cacd .LASF8282
     /tmp/cc7KEiL4.s:91098  .debug_str:000000000001a3fe .LASF8283
     /tmp/cc7KEiL4.s:90088  .debug_str:0000000000015f87 .LASF8284
     /tmp/cc7KEiL4.s:97444  .debug_str:0000000000034b8c .LASF8285
     /tmp/cc7KEiL4.s:97374  .debug_str:000000000003476b .LASF8286
     /tmp/cc7KEiL4.s:100220  .debug_str:000000000003ff3c .LASF8287
     /tmp/cc7KEiL4.s:88984  .debug_str:0000000000011821 .LASF8288
     /tmp/cc7KEiL4.s:85386  .debug_str:0000000000002af5 .LASF8289
     /tmp/cc7KEiL4.s:92158  .debug_str:000000000001eebc .LASF8290
     /tmp/cc7KEiL4.s:91402  .debug_str:000000000001b9da .LASF8291
     /tmp/cc7KEiL4.s:95684  .debug_str:000000000002d400 .LASF8292
     /tmp/cc7KEiL4.s:99542  .debug_str:000000000003d1c0 .LASF8293
     /tmp/cc7KEiL4.s:102456  .debug_str:0000000000049677 .LASF8294
     /tmp/cc7KEiL4.s:98324  .debug_str:0000000000037f30 .LASF8295
     /tmp/cc7KEiL4.s:98106  .debug_str:000000000003717d .LASF8296
     /tmp/cc7KEiL4.s:99712  .debug_str:000000000003dc53 .LASF8297
     /tmp/cc7KEiL4.s:101960  .debug_str:0000000000047325 .LASF8298
     /tmp/cc7KEiL4.s:91206  .debug_str:000000000001ac11 .LASF8299
     /tmp/cc7KEiL4.s:98212  .debug_str:00000000000377ab .LASF8300
     /tmp/cc7KEiL4.s:85898  .debug_str:0000000000004e48 .LASF8301
     /tmp/cc7KEiL4.s:99232  .debug_str:000000000003bd8b .LASF8302
     /tmp/cc7KEiL4.s:93406  .debug_str:0000000000023f06 .LASF8303
     /tmp/cc7KEiL4.s:91058  .debug_str:000000000001a177 .LASF8304
     /tmp/cc7KEiL4.s:89314  .debug_str:0000000000012dcd .LASF8305
     /tmp/cc7KEiL4.s:90180  .debug_str:00000000000165dc .LASF8306
     /tmp/cc7KEiL4.s:96380  .debug_str:000000000003038f .LASF8307
     /tmp/cc7KEiL4.s:94884  .debug_str:0000000000029e96 .LASF8308
     /tmp/cc7KEiL4.s:93980  .debug_str:00000000000263e2 .LASF8309
     /tmp/cc7KEiL4.s:90724  .debug_str:0000000000018a0e .LASF8310
     /tmp/cc7KEiL4.s:92002  .debug_str:000000000001e384 .LASF8311
     /tmp/cc7KEiL4.s:98598  .debug_str:00000000000391ac .LASF8312
     /tmp/cc7KEiL4.s:86002  .debug_str:00000000000055db .LASF8313
     /tmp/cc7KEiL4.s:87894  .debug_str:000000000000d61d .LASF8314
     /tmp/cc7KEiL4.s:98474  .debug_str:000000000003894a .LASF8315
     /tmp/cc7KEiL4.s:87788  .debug_str:000000000000cfda .LASF8316
     /tmp/cc7KEiL4.s:87224  .debug_str:000000000000a88c .LASF8317
     /tmp/cc7KEiL4.s:94652  .debug_str:0000000000028fbe .LASF8318
     /tmp/cc7KEiL4.s:101726  .debug_str:0000000000046439 .LASF8319
     /tmp/cc7KEiL4.s:86898  .debug_str:000000000000923e .LASF8320
     /tmp/cc7KEiL4.s:101516  .debug_str:00000000000454db .LASF8321
     /tmp/cc7KEiL4.s:101748  .debug_str:0000000000046583 .LASF8322
     /tmp/cc7KEiL4.s:86926  .debug_str:00000000000094a9 .LASF8323
     /tmp/cc7KEiL4.s:101206  .debug_str:0000000000043fc2 .LASF8324
     /tmp/cc7KEiL4.s:85636  .debug_str:0000000000003bfa .LASF8325
     /tmp/cc7KEiL4.s:88570  .debug_str:000000000000fd69 .LASF8326
     /tmp/cc7KEiL4.s:98058  .debug_str:0000000000036f85 .LASF8327
     /tmp/cc7KEiL4.s:87652  .debug_str:000000000000c6dd .LASF8328
     /tmp/cc7KEiL4.s:99464  .debug_str:000000000003ccc0 .LASF8329
     /tmp/cc7KEiL4.s:100646  .debug_str:0000000000041cbd .LASF8330
     /tmp/cc7KEiL4.s:95076  .debug_str:000000000002ab3d .LASF8331
     /tmp/cc7KEiL4.s:100362  .debug_str:00000000000409f4 .LASF8332
     /tmp/cc7KEiL4.s:84984  .debug_str:0000000000000e4e .LASF8333
     /tmp/cc7KEiL4.s:89936  .debug_str:0000000000015505 .LASF8334
     /tmp/cc7KEiL4.s:87226  .debug_str:000000000000a8b1 .LASF8335
     /tmp/cc7KEiL4.s:90536  .debug_str:0000000000017cbd .LASF8336
     /tmp/cc7KEiL4.s:95646  .debug_str:000000000002d0ae .LASF8337
     /tmp/cc7KEiL4.s:85900  .debug_str:0000000000004e5c .LASF8338
     /tmp/cc7KEiL4.s:87200  .debug_str:000000000000a739 .LASF8339
     /tmp/cc7KEiL4.s:97578  .debug_str:00000000000354de .LASF8340
     /tmp/cc7KEiL4.s:85414  .debug_str:0000000000002ccc .LASF8341
     /tmp/cc7KEiL4.s:90316  .debug_str:0000000000016f3a .LASF8342
     /tmp/cc7KEiL4.s:97328  .debug_str:000000000003444e .LASF8343
     /tmp/cc7KEiL4.s:95896  .debug_str:000000000002e28a .LASF8344
     /tmp/cc7KEiL4.s:86538  .debug_str:00000000000079cc .LASF8345
     /tmp/cc7KEiL4.s:102710  .debug_str:000000000004a9aa .LASF8346
     /tmp/cc7KEiL4.s:93998  .debug_str:00000000000264fa .LASF8347
     /tmp/cc7KEiL4.s:87002  .debug_str:00000000000099b5 .LASF8348
     /tmp/cc7KEiL4.s:96416  .debug_str:00000000000305dc .LASF8349
     /tmp/cc7KEiL4.s:102382  .debug_str:00000000000490dd .LASF8350
     /tmp/cc7KEiL4.s:95418  .debug_str:000000000002c140 .LASF8351
     /tmp/cc7KEiL4.s:92530  .debug_str:0000000000020818 .LASF8352
     /tmp/cc7KEiL4.s:93498  .debug_str:000000000002439a .LASF8353
     /tmp/cc7KEiL4.s:85112  .debug_str:00000000000016fb .LASF8354
     /tmp/cc7KEiL4.s:85924  .debug_str:0000000000004fce .LASF8355
     /tmp/cc7KEiL4.s:102380  .debug_str:00000000000490d0 .LASF8356
     /tmp/cc7KEiL4.s:98656  .debug_str:00000000000395d9 .LASF8357
     /tmp/cc7KEiL4.s:97092  .debug_str:0000000000033418 .LASF8358
     /tmp/cc7KEiL4.s:97220  .debug_str:0000000000033cd7 .LASF8359
     /tmp/cc7KEiL4.s:92304  .debug_str:000000000001f86d .LASF8360
     /tmp/cc7KEiL4.s:99176  .debug_str:000000000003ba25 .LASF8361
     /tmp/cc7KEiL4.s:90246  .debug_str:0000000000016ab6 .LASF8362
     /tmp/cc7KEiL4.s:88220  .debug_str:000000000000e92d .LASF8363
     /tmp/cc7KEiL4.s:95760  .debug_str:000000000002d903 .LASF8364
     /tmp/cc7KEiL4.s:86542  .debug_str:0000000000007a0a .LASF8365
     /tmp/cc7KEiL4.s:87032  .debug_str:0000000000009c01 .LASF8366
     /tmp/cc7KEiL4.s:88890  .debug_str:0000000000011155 .LASF8367
     /tmp/cc7KEiL4.s:101906  .debug_str:0000000000046f98 .LASF8368
     /tmp/cc7KEiL4.s:91184  .debug_str:000000000001aa45 .LASF8369
     /tmp/cc7KEiL4.s:93758  .debug_str:0000000000025546 .LASF8370
     /tmp/cc7KEiL4.s:90558  .debug_str:0000000000017e8f .LASF8371
     /tmp/cc7KEiL4.s:102562  .debug_str:0000000000049d6c .LASF8372
     /tmp/cc7KEiL4.s:92792  .debug_str:0000000000021965 .LASF8373
     /tmp/cc7KEiL4.s:99882  .debug_str:000000000003e900 .LASF8374
     /tmp/cc7KEiL4.s:102990  .debug_str:000000000004bc60 .LASF8375
     /tmp/cc7KEiL4.s:100478  .debug_str:0000000000041150 .LASF8376
     /tmp/cc7KEiL4.s:91016  .debug_str:0000000000019f0d .LASF8377
     /tmp/cc7KEiL4.s:96326  .debug_str:000000000002ff09 .LASF8378
     /tmp/cc7KEiL4.s:87982  .debug_str:000000000000dc31 .LASF8379
     /tmp/cc7KEiL4.s:102950  .debug_str:000000000004b9c6 .LASF8380
     /tmp/cc7KEiL4.s:95474  .debug_str:000000000002c4ec .LASF8381
     /tmp/cc7KEiL4.s:99200  .debug_str:000000000003bb99 .LASF8382
     /tmp/cc7KEiL4.s:102268  .debug_str:00000000000488f1 .LASF8383
     /tmp/cc7KEiL4.s:88178  .debug_str:000000000000e60e .LASF8384
     /tmp/cc7KEiL4.s:88582  .debug_str:000000000000fe2c .LASF8385
     /tmp/cc7KEiL4.s:98698  .debug_str:0000000000039909 .LASF8386
     /tmp/cc7KEiL4.s:98498  .debug_str:0000000000038af6 .LASF8387
     /tmp/cc7KEiL4.s:88584  .debug_str:000000000000fe3c .LASF8388
     /tmp/cc7KEiL4.s:98700  .debug_str:0000000000039919 .LASF8389
     /tmp/cc7KEiL4.s:85936  .debug_str:000000000000509a .LASF8390
     /tmp/cc7KEiL4.s:90048  .debug_str:0000000000015d31 .LASF8391
     /tmp/cc7KEiL4.s:91540  .debug_str:000000000001c2a3 .LASF8392
     /tmp/cc7KEiL4.s:86380  .debug_str:000000000000702f .LASF8393
     /tmp/cc7KEiL4.s:98826  .debug_str:000000000003a239 .LASF8394
     /tmp/cc7KEiL4.s:94000  .debug_str:000000000002650c .LASF8395
     /tmp/cc7KEiL4.s:99042  .debug_str:000000000003b036 .LASF8396
     /tmp/cc7KEiL4.s:98828  .debug_str:000000000003a249 .LASF8397
     /tmp/cc7KEiL4.s:90348  .debug_str:0000000000017149 .LASF8398
     /tmp/cc7KEiL4.s:93132  .debug_str:0000000000022faf .LASF8399
     /tmp/cc7KEiL4.s:98830  .debug_str:000000000003a259 .LASF8400
     /tmp/cc7KEiL4.s:90350  .debug_str:0000000000017159 .LASF8401
     /tmp/cc7KEiL4.s:95630  .debug_str:000000000002cfb2 .LASF8402
     /tmp/cc7KEiL4.s:98832  .debug_str:000000000003a269 .LASF8403
     /tmp/cc7KEiL4.s:90352  .debug_str:0000000000017169 .LASF8404
     /tmp/cc7KEiL4.s:99932  .debug_str:000000000003ec2b .LASF8405
     /tmp/cc7KEiL4.s:92394  .debug_str:000000000001ff24 .LASF8406
     /tmp/cc7KEiL4.s:95476  .debug_str:000000000002c50d .LASF8407
     /tmp/cc7KEiL4.s:89452  .debug_str:0000000000013648 .LASF8408
     /tmp/cc7KEiL4.s:89754  .debug_str:000000000001495c .LASF8409
     /tmp/cc7KEiL4.s:98824  .debug_str:000000000003a229 .LASF8410
     /tmp/cc7KEiL4.s:89510  .debug_str:0000000000013a3f .LASF8411
     /tmp/cc7KEiL4.s:85730  .debug_str:000000000000431d .LASF8412
     /tmp/cc7KEiL4.s:87562  .debug_str:000000000000c0c5 .LASF8413
     /tmp/cc7KEiL4.s:102436  .debug_str:0000000000049506 .LASF8414
     /tmp/cc7KEiL4.s:85732  .debug_str:0000000000004333 .LASF8415
     /tmp/cc7KEiL4.s:87564  .debug_str:000000000000c0db .LASF8416
     /tmp/cc7KEiL4.s:95644  .debug_str:000000000002d084 .LASF8417
     /tmp/cc7KEiL4.s:85734  .debug_str:0000000000004349 .LASF8418
     /tmp/cc7KEiL4.s:87566  .debug_str:000000000000c0f1 .LASF8419
     /tmp/cc7KEiL4.s:89766  .debug_str:0000000000014a68 .LASF8420
     /tmp/cc7KEiL4.s:85736  .debug_str:000000000000435f .LASF8421
     /tmp/cc7KEiL4.s:87568  .debug_str:000000000000c107 .LASF8422
     /tmp/cc7KEiL4.s:102308  .debug_str:0000000000048ba4 .LASF8423
     /tmp/cc7KEiL4.s:85738  .debug_str:0000000000004375 .LASF8424
     /tmp/cc7KEiL4.s:87570  .debug_str:000000000000c11d .LASF8425
     /tmp/cc7KEiL4.s:96726  .debug_str:0000000000031b64 .LASF8426
     /tmp/cc7KEiL4.s:85740  .debug_str:000000000000438b .LASF8427
     /tmp/cc7KEiL4.s:87572  .debug_str:000000000000c133 .LASF8428
     /tmp/cc7KEiL4.s:90830  .debug_str:0000000000019129 .LASF8429
     /tmp/cc7KEiL4.s:85742  .debug_str:00000000000043a1 .LASF8430
     /tmp/cc7KEiL4.s:87574  .debug_str:000000000000c149 .LASF8431
     /tmp/cc7KEiL4.s:84994  .debug_str:0000000000000eff .LASF8432
     /tmp/cc7KEiL4.s:85744  .debug_str:00000000000043b7 .LASF8433
     /tmp/cc7KEiL4.s:87576  .debug_str:000000000000c15f .LASF8434
     /tmp/cc7KEiL4.s:97630  .debug_str:000000000003575e .LASF8435
     /tmp/cc7KEiL4.s:91894  .debug_str:000000000001dbbe .LASF8436
     /tmp/cc7KEiL4.s:95382  .debug_str:000000000002bea8 .LASF8437
     /tmp/cc7KEiL4.s:98910  .debug_str:000000000003a7aa .LASF8438
     /tmp/cc7KEiL4.s:89428  .debug_str:0000000000013513 .LASF8439
     /tmp/cc7KEiL4.s:98068  .debug_str:0000000000036fec .LASF8440
     /tmp/cc7KEiL4.s:93016  .debug_str:00000000000228be .LASF8441
     /tmp/cc7KEiL4.s:90876  .debug_str:0000000000019482 .LASF8442
     /tmp/cc7KEiL4.s:86648  .debug_str:000000000000815d .LASF8443
     /tmp/cc7KEiL4.s:93308  .debug_str:00000000000239ff .LASF8444
     /tmp/cc7KEiL4.s:92218  .debug_str:000000000001f383 .LASF8445
     /tmp/cc7KEiL4.s:96818  .debug_str:00000000000321d3 .LASF8446
     /tmp/cc7KEiL4.s:101956  .debug_str:00000000000472e1 .LASF8447
     /tmp/cc7KEiL4.s:99402  .debug_str:000000000003c8c5 .LASF8448
     /tmp/cc7KEiL4.s:93930  .debug_str:00000000000260d0 .LASF8449
     /tmp/cc7KEiL4.s:98296  .debug_str:0000000000037d4f .LASF8450
     /tmp/cc7KEiL4.s:100462  .debug_str:0000000000041041 .LASF8451
     /tmp/cc7KEiL4.s:100306  .debug_str:000000000004056d .LASF8452
     /tmp/cc7KEiL4.s:90844  .debug_str:0000000000019255 .LASF8453
     /tmp/cc7KEiL4.s:92958  .debug_str:00000000000224f7 .LASF8454
     /tmp/cc7KEiL4.s:88770  .debug_str:00000000000109f8 .LASF8455
     /tmp/cc7KEiL4.s:89144  .debug_str:00000000000122b2 .LASF8456
     /tmp/cc7KEiL4.s:93026  .debug_str:0000000000022984 .LASF8457
     /tmp/cc7KEiL4.s:88898  .debug_str:00000000000111d7 .LASF8458
     /tmp/cc7KEiL4.s:94910  .debug_str:000000000002a077 .LASF8459
     /tmp/cc7KEiL4.s:89586  .debug_str:0000000000013e80 .LASF8460
     /tmp/cc7KEiL4.s:89014  .debug_str:0000000000011a25 .LASF8461
     /tmp/cc7KEiL4.s:87372  .debug_str:000000000000b415 .LASF8462
     /tmp/cc7KEiL4.s:100128  .debug_str:000000000003fa24 .LASF8463
     /tmp/cc7KEiL4.s:100386  .debug_str:0000000000040b6f .LASF8464
     /tmp/cc7KEiL4.s:94610  .debug_str:0000000000028c95 .LASF8465
     /tmp/cc7KEiL4.s:98876  .debug_str:000000000003a589 .LASF8466
     /tmp/cc7KEiL4.s:103000  .debug_str:000000000004bd20 .LASF8467
     /tmp/cc7KEiL4.s:98320  .debug_str:0000000000037eee .LASF8468
     /tmp/cc7KEiL4.s:100140  .debug_str:000000000003fab6 .LASF8469
     /tmp/cc7KEiL4.s:94116  .debug_str:0000000000026d57 .LASF8470
     /tmp/cc7KEiL4.s:94010  .debug_str:000000000002659d .LASF8471
     /tmp/cc7KEiL4.s:88488  .debug_str:000000000000f869 .LASF8472
     /tmp/cc7KEiL4.s:102444  .debug_str:0000000000049597 .LASF8473
     /tmp/cc7KEiL4.s:102430  .debug_str:000000000004945c .LASF8474
     /tmp/cc7KEiL4.s:99022  .debug_str:000000000003aef5 .LASF8475
     /tmp/cc7KEiL4.s:94562  .debug_str:00000000000289be .LASF8476
     /tmp/cc7KEiL4.s:94646  .debug_str:0000000000028f47 .LASF8477
     /tmp/cc7KEiL4.s:96764  .debug_str:0000000000031ddf .LASF8478
     /tmp/cc7KEiL4.s:102860  .debug_str:000000000004b3cb .LASF8479
     /tmp/cc7KEiL4.s:94294  .debug_str:000000000002785a .LASF8480
     /tmp/cc7KEiL4.s:88442  .debug_str:000000000000f671 .LASF8481
     /tmp/cc7KEiL4.s:98944  .debug_str:000000000003aa1b .LASF8482
     /tmp/cc7KEiL4.s:103108  .debug_str:000000000004c4d9 .LASF8483
     /tmp/cc7KEiL4.s:99530  .debug_str:000000000003d106 .LASF8484
     /tmp/cc7KEiL4.s:86540  .debug_str:00000000000079f3 .LASF8485
     /tmp/cc7KEiL4.s:94524  .debug_str:000000000002880a .LASF8486
     /tmp/cc7KEiL4.s:98850  .debug_str:000000000003a3b2 .LASF8487
     /tmp/cc7KEiL4.s:85450  .debug_str:0000000000002ff4 .LASF8488
     /tmp/cc7KEiL4.s:85694  .debug_str:000000000000404a .LASF8489
     /tmp/cc7KEiL4.s:98852  .debug_str:000000000003a3cb .LASF8490
     /tmp/cc7KEiL4.s:85452  .debug_str:000000000000300d .LASF8491
     /tmp/cc7KEiL4.s:91638  .debug_str:000000000001c9c9 .LASF8492
     /tmp/cc7KEiL4.s:98854  .debug_str:000000000003a3e4 .LASF8493
     /tmp/cc7KEiL4.s:85454  .debug_str:0000000000003026 .LASF8494
     /tmp/cc7KEiL4.s:92488  .debug_str:00000000000205f7 .LASF8495
     /tmp/cc7KEiL4.s:98856  .debug_str:000000000003a3fd .LASF8496
     /tmp/cc7KEiL4.s:85456  .debug_str:000000000000303f .LASF8497
     /tmp/cc7KEiL4.s:86596  .debug_str:0000000000007d4d .LASF8498
     /tmp/cc7KEiL4.s:98858  .debug_str:000000000003a416 .LASF8499
     /tmp/cc7KEiL4.s:85458  .debug_str:0000000000003058 .LASF8500
     /tmp/cc7KEiL4.s:99228  .debug_str:000000000003bd2a .LASF8501
     /tmp/cc7KEiL4.s:100802  .debug_str:0000000000042615 .LASF8502
     /tmp/cc7KEiL4.s:100292  .debug_str:0000000000040495 .LASF8503
     /tmp/cc7KEiL4.s:95002  .debug_str:000000000002a6bb .LASF8504
     /tmp/cc7KEiL4.s:90502  .debug_str:0000000000017b45 .LASF8505
     /tmp/cc7KEiL4.s:92932  .debug_str:0000000000022352 .LASF8506
     /tmp/cc7KEiL4.s:92956  .debug_str:00000000000224d6 .LASF8507
     /tmp/cc7KEiL4.s:94942  .debug_str:000000000002a25e .LASF8508
     /tmp/cc7KEiL4.s:89306  .debug_str:0000000000012d60 .LASF8509
     /tmp/cc7KEiL4.s:93008  .debug_str:000000000002282f .LASF8510
     /tmp/cc7KEiL4.s:87848  .debug_str:000000000000d3b3 .LASF8511
     /tmp/cc7KEiL4.s:96208  .debug_str:000000000002f786 .LASF8512
     /tmp/cc7KEiL4.s:96340  .debug_str:000000000003000a .LASF8513
     /tmp/cc7KEiL4.s:91328  .debug_str:000000000001b4cb .LASF8514
     /tmp/cc7KEiL4.s:100904  .debug_str:0000000000042ca7 .LASF8515
     /tmp/cc7KEiL4.s:96672  .debug_str:00000000000317dc .LASF8516
     /tmp/cc7KEiL4.s:95746  .debug_str:000000000002d837 .LASF8517
     /tmp/cc7KEiL4.s:89480  .debug_str:0000000000013854 .LASF8518
     /tmp/cc7KEiL4.s:93062  .debug_str:0000000000022c39 .LASF8519
     /tmp/cc7KEiL4.s:90610  .debug_str:00000000000181f0 .LASF8520
     /tmp/cc7KEiL4.s:89972  .debug_str:0000000000015777 .LASF8521
     /tmp/cc7KEiL4.s:99060  .debug_str:000000000003b196 .LASF8522
     /tmp/cc7KEiL4.s:90512  .debug_str:0000000000017bb3 .LASF8523
     /tmp/cc7KEiL4.s:90020  .debug_str:0000000000015ad9 .LASF8524
     /tmp/cc7KEiL4.s:98472  .debug_str:0000000000038922 .LASF8525
     /tmp/cc7KEiL4.s:85688  .debug_str:0000000000003fd6 .LASF8526
     /tmp/cc7KEiL4.s:92640  .debug_str:0000000000020ed2 .LASF8527
     /tmp/cc7KEiL4.s:92396  .debug_str:000000000001ff39 .LASF8528
     /tmp/cc7KEiL4.s:85746  .debug_str:00000000000043cd .LASF8529
     /tmp/cc7KEiL4.s:95836  .debug_str:000000000002de88 .LASF8530
     /tmp/cc7KEiL4.s:102592  .debug_str:000000000004a003 .LASF8531
     /tmp/cc7KEiL4.s:86576  .debug_str:0000000000007c04 .LASF8532
     /tmp/cc7KEiL4.s:95158  .debug_str:000000000002b02a .LASF8533
     /tmp/cc7KEiL4.s:102032  .debug_str:00000000000477d7 .LASF8534
     /tmp/cc7KEiL4.s:96862  .debug_str:000000000003242b .LASF8535
     /tmp/cc7KEiL4.s:101660  .debug_str:0000000000045eff .LASF8536
     /tmp/cc7KEiL4.s:94826  .debug_str:0000000000029ab7 .LASF8537
     /tmp/cc7KEiL4.s:86458  .debug_str:000000000000750d .LASF8538
     /tmp/cc7KEiL4.s:101704  .debug_str:0000000000046230 .LASF8539
     /tmp/cc7KEiL4.s:91670  .debug_str:000000000001cc28 .LASF8540
     /tmp/cc7KEiL4.s:86460  .debug_str:0000000000007520 .LASF8541
     /tmp/cc7KEiL4.s:91818  .debug_str:000000000001d6a8 .LASF8542
     /tmp/cc7KEiL4.s:101082  .debug_str:000000000004372a .LASF8543
     /tmp/cc7KEiL4.s:97104  .debug_str:00000000000334ef .LASF8544
     /tmp/cc7KEiL4.s:85992  .debug_str:0000000000005548 .LASF8545
     /tmp/cc7KEiL4.s:100068  .debug_str:000000000003f5e6 .LASF8546
     /tmp/cc7KEiL4.s:97106  .debug_str:0000000000033503 .LASF8547
     /tmp/cc7KEiL4.s:85994  .debug_str:000000000000555c .LASF8548
     /tmp/cc7KEiL4.s:94288  .debug_str:00000000000277f8 .LASF8549
     /tmp/cc7KEiL4.s:97108  .debug_str:0000000000033517 .LASF8550
     /tmp/cc7KEiL4.s:85996  .debug_str:0000000000005570 .LASF8551
     /tmp/cc7KEiL4.s:88522  .debug_str:000000000000fa8b .LASF8552
     /tmp/cc7KEiL4.s:97110  .debug_str:000000000003352b .LASF8553
     /tmp/cc7KEiL4.s:92492  .debug_str:000000000002062b .LASF8554
     /tmp/cc7KEiL4.s:88084  .debug_str:000000000000e17b .LASF8555
     /tmp/cc7KEiL4.s:97112  .debug_str:000000000003353f .LASF8556
     /tmp/cc7KEiL4.s:86000  .debug_str:00000000000055c7 .LASF8557
     /tmp/cc7KEiL4.s:95252  .debug_str:000000000002b5e6 .LASF8558
     /tmp/cc7KEiL4.s:90094  .debug_str:0000000000015fd2 .LASF8559
     /tmp/cc7KEiL4.s:92928  .debug_str:000000000002232e .LASF8560
     /tmp/cc7KEiL4.s:85364  .debug_str:0000000000002918 .LASF8561
     /tmp/cc7KEiL4.s:86552  .debug_str:0000000000007a98 .LASF8562
     /tmp/cc7KEiL4.s:92930  .debug_str:0000000000022340 .LASF8563
     /tmp/cc7KEiL4.s:93438  .debug_str:0000000000024127 .LASF8564
     /tmp/cc7KEiL4.s:86554  .debug_str:0000000000007aaa .LASF8565
     /tmp/cc7KEiL4.s:87508  .debug_str:000000000000bd07 .LASF8566
     /tmp/cc7KEiL4.s:102846  .debug_str:000000000004b338 .LASF8567
     /tmp/cc7KEiL4.s:85134  .debug_str:0000000000001865 .LASF8568
     /tmp/cc7KEiL4.s:86084  .debug_str:0000000000005bbf .LASF8569
     /tmp/cc7KEiL4.s:101506  .debug_str:0000000000045437 .LASF8570
     /tmp/cc7KEiL4.s:85136  .debug_str:0000000000001877 .LASF8571
     /tmp/cc7KEiL4.s:86086  .debug_str:0000000000005bd1 .LASF8572
     /tmp/cc7KEiL4.s:95720  .debug_str:000000000002d641 .LASF8573
     /tmp/cc7KEiL4.s:100540  .debug_str:00000000000415b4 .LASF8574
     /tmp/cc7KEiL4.s:86088  .debug_str:0000000000005be3 .LASF8575
     /tmp/cc7KEiL4.s:89830  .debug_str:0000000000014f50 .LASF8576
     /tmp/cc7KEiL4.s:101654  .debug_str:0000000000045ecb .LASF8577
     /tmp/cc7KEiL4.s:95710  .debug_str:000000000002d5e0 .LASF8578
     /tmp/cc7KEiL4.s:92274  .debug_str:000000000001f6b2 .LASF8579
     /tmp/cc7KEiL4.s:100378  .debug_str:0000000000040ae8 .LASF8580
     /tmp/cc7KEiL4.s:101858  .debug_str:0000000000046cc9 .LASF8581
     /tmp/cc7KEiL4.s:95834  .debug_str:000000000002de62 .LASF8582
     /tmp/cc7KEiL4.s:85238  .debug_str:0000000000001fed .LASF8583
     /tmp/cc7KEiL4.s:96884  .debug_str:00000000000325bd .LASF8584
     /tmp/cc7KEiL4.s:97282  .debug_str:0000000000034136 .LASF8585
     /tmp/cc7KEiL4.s:89112  .debug_str:0000000000012079 .LASF8586
     /tmp/cc7KEiL4.s:102116  .debug_str:0000000000047e8f .LASF8587
     /tmp/cc7KEiL4.s:93854  .debug_str:0000000000025b09 .LASF8588
     /tmp/cc7KEiL4.s:91464  .debug_str:000000000001bd9b .LASF8589
     /tmp/cc7KEiL4.s:101426  .debug_str:0000000000044f3e .LASF8590
     /tmp/cc7KEiL4.s:90206  .debug_str:00000000000167aa .LASF8591
     /tmp/cc7KEiL4.s:94480  .debug_str:00000000000284e2 .LASF8592
     /tmp/cc7KEiL4.s:100372  .debug_str:0000000000040a9d .LASF8593
     /tmp/cc7KEiL4.s:98808  .debug_str:000000000003a124 .LASF8594
     /tmp/cc7KEiL4.s:89392  .debug_str:00000000000132c0 .LASF8595
     /tmp/cc7KEiL4.s:93512  .debug_str:00000000000244c2 .LASF8596
     /tmp/cc7KEiL4.s:93770  .debug_str:00000000000255f1 .LASF8597
     /tmp/cc7KEiL4.s:93382  .debug_str:0000000000023d93 .LASF8598
     /tmp/cc7KEiL4.s:87302  .debug_str:000000000000aea4 .LASF8599
     /tmp/cc7KEiL4.s:101040  .debug_str:0000000000043502 .LASF8600
     /tmp/cc7KEiL4.s:91940  .debug_str:000000000001def9 .LASF8601
     /tmp/cc7KEiL4.s:85878  .debug_str:0000000000004cf3 .LASF8602
     /tmp/cc7KEiL4.s:102762  .debug_str:000000000004ad0d .LASF8603
     /tmp/cc7KEiL4.s:85652  .debug_str:0000000000003d24 .LASF8604
     /tmp/cc7KEiL4.s:93482  .debug_str:0000000000024277 .LASF8605
     /tmp/cc7KEiL4.s:97126  .debug_str:000000000003365f .LASF8606
     /tmp/cc7KEiL4.s:93416  .debug_str:0000000000023fda .LASF8607
     /tmp/cc7KEiL4.s:100342  .debug_str:0000000000040856 .LASF8608
     /tmp/cc7KEiL4.s:94396  .debug_str:0000000000027f2b .LASF8609
     /tmp/cc7KEiL4.s:99808  .debug_str:000000000003e343 .LASF8610
     /tmp/cc7KEiL4.s:85770  .debug_str:000000000000456a .LASF8611
     /tmp/cc7KEiL4.s:94520  .debug_str:00000000000287aa .LASF8612
     /tmp/cc7KEiL4.s:101786  .debug_str:000000000004680b .LASF8613
     /tmp/cc7KEiL4.s:100684  .debug_str:0000000000041f11 .LASF8614
     /tmp/cc7KEiL4.s:102440  .debug_str:000000000004954e .LASF8615
     /tmp/cc7KEiL4.s:86152  .debug_str:0000000000005ff9 .LASF8616
     /tmp/cc7KEiL4.s:97012  .debug_str:0000000000032e8b .LASF8617
     /tmp/cc7KEiL4.s:93620  .debug_str:0000000000024b56 .LASF8618
     /tmp/cc7KEiL4.s:88020  .debug_str:000000000000debe .LASF8619
     /tmp/cc7KEiL4.s:93840  .debug_str:00000000000259fd .LASF8620
     /tmp/cc7KEiL4.s:100566  .debug_str:0000000000041709 .LASF8621
     /tmp/cc7KEiL4.s:91376  .debug_str:000000000001b80d .LASF8622
     /tmp/cc7KEiL4.s:96394  .debug_str:00000000000304a8 .LASF8623
     /tmp/cc7KEiL4.s:94200  .debug_str:00000000000272e4 .LASF8624
     /tmp/cc7KEiL4.s:87144  .debug_str:000000000000a358 .LASF8625
     /tmp/cc7KEiL4.s:100652  .debug_str:0000000000041d21 .LASF8626
     /tmp/cc7KEiL4.s:102086  .debug_str:0000000000047c24 .LASF8627
     /tmp/cc7KEiL4.s:88044  .debug_str:000000000000df6f .LASF8628
     /tmp/cc7KEiL4.s:92240  .debug_str:000000000001f4d1 .LASF8629
     /tmp/cc7KEiL4.s:95662  .debug_str:000000000002d24d .LASF8630
     /tmp/cc7KEiL4.s:89658  .debug_str:000000000001430c .LASF8631
     /tmp/cc7KEiL4.s:100996  .debug_str:000000000004322c .LASF8632
     /tmp/cc7KEiL4.s:101116  .debug_str:00000000000439ed .LASF8633
     /tmp/cc7KEiL4.s:87468  .debug_str:000000000000ba99 .LASF8634
     /tmp/cc7KEiL4.s:90066  .debug_str:0000000000015e16 .LASF8635
     /tmp/cc7KEiL4.s:102720  .debug_str:000000000004aa3f .LASF8636
     /tmp/cc7KEiL4.s:100576  .debug_str:00000000000417a1 .LASF8637
     /tmp/cc7KEiL4.s:96796  .debug_str:000000000003202d .LASF8638
     /tmp/cc7KEiL4.s:100262  .debug_str:0000000000040273 .LASF8639
     /tmp/cc7KEiL4.s:90988  .debug_str:0000000000019d1d .LASF8640
     /tmp/cc7KEiL4.s:98690  .debug_str:0000000000039877 .LASF8641
     /tmp/cc7KEiL4.s:92306  .debug_str:000000000001f892 .LASF8642
     /tmp/cc7KEiL4.s:87398  .debug_str:000000000000b62b .LASF8643
     /tmp/cc7KEiL4.s:102684  .debug_str:000000000004a7ff .LASF8644
     /tmp/cc7KEiL4.s:98676  .debug_str:000000000003975b .LASF8645
     /tmp/cc7KEiL4.s:102184  .debug_str:0000000000048310 .LASF8646
     /tmp/cc7KEiL4.s:88316  .debug_str:000000000000edc6 .LASF8647
     /tmp/cc7KEiL4.s:96338  .debug_str:000000000002ffdf .LASF8648
     /tmp/cc7KEiL4.s:85390  .debug_str:0000000000002b2d .LASF8649
     /tmp/cc7KEiL4.s:97432  .debug_str:0000000000034abb .LASF8650
     /tmp/cc7KEiL4.s:94668  .debug_str:0000000000029089 .LASF8651
     /tmp/cc7KEiL4.s:97666  .debug_str:0000000000035a5a .LASF8652
     /tmp/cc7KEiL4.s:95434  .debug_str:000000000002c242 .LASF8653
     /tmp/cc7KEiL4.s:97960  .debug_str:0000000000036a44 .LASF8654
     /tmp/cc7KEiL4.s:90230  .debug_str:0000000000016961 .LASF8655
     /tmp/cc7KEiL4.s:85220  .debug_str:0000000000001e7d .LASF8656
     /tmp/cc7KEiL4.s:89528  .debug_str:0000000000013b6b .LASF8657
     /tmp/cc7KEiL4.s:88048  .debug_str:000000000000df9f .LASF8658
     /tmp/cc7KEiL4.s:97784  .debug_str:00000000000360b7 .LASF8659
     /tmp/cc7KEiL4.s:100460  .debug_str:0000000000041019 .LASF8660
     /tmp/cc7KEiL4.s:90592  .debug_str:00000000000180ea .LASF8661
     /tmp/cc7KEiL4.s:95108  .debug_str:000000000002ad6d .LASF8662
     /tmp/cc7KEiL4.s:86642  .debug_str:00000000000080dc .LASF8663
     /tmp/cc7KEiL4.s:94128  .debug_str:0000000000026dd5 .LASF8664
     /tmp/cc7KEiL4.s:92990  .debug_str:00000000000226e9 .LASF8665
     /tmp/cc7KEiL4.s:102534  .debug_str:0000000000049b56 .LASF8666
     /tmp/cc7KEiL4.s:94130  .debug_str:0000000000026df2 .LASF8667
     /tmp/cc7KEiL4.s:92992  .debug_str:0000000000022706 .LASF8668
     /tmp/cc7KEiL4.s:84934  .debug_str:0000000000000ae2 .LASF8669
     /tmp/cc7KEiL4.s:99168  .debug_str:000000000003b97e .LASF8670
     /tmp/cc7KEiL4.s:98168  .debug_str:000000000003758b .LASF8671
     /tmp/cc7KEiL4.s:100762  .debug_str:00000000000423d5 .LASF8672
     /tmp/cc7KEiL4.s:99170  .debug_str:000000000003b99b .LASF8673
     /tmp/cc7KEiL4.s:86124  .debug_str:0000000000005e4d .LASF8674
     /tmp/cc7KEiL4.s:89778  .debug_str:0000000000014b3f .LASF8675
     /tmp/cc7KEiL4.s:101164  .debug_str:0000000000043d4c .LASF8676
     /tmp/cc7KEiL4.s:89158  .debug_str:00000000000123a8 .LASF8677
     /tmp/cc7KEiL4.s:99598  .debug_str:000000000003d4f6 .LASF8678
     /tmp/cc7KEiL4.s:101166  .debug_str:0000000000043d67 .LASF8679
     /tmp/cc7KEiL4.s:97860  .debug_str:00000000000364ed .LASF8680
     /tmp/cc7KEiL4.s:93766  .debug_str:00000000000255a8 .LASF8681
     /tmp/cc7KEiL4.s:87716  .debug_str:000000000000cb1e .LASF8682
     /tmp/cc7KEiL4.s:94208  .debug_str:0000000000027399 .LASF8683
     /tmp/cc7KEiL4.s:92500  .debug_str:00000000000206ab .LASF8684
     /tmp/cc7KEiL4.s:87718  .debug_str:000000000000cb39 .LASF8685
     /tmp/cc7KEiL4.s:89482  .debug_str:0000000000013860 .LASF8686
     /tmp/cc7KEiL4.s:86610  .debug_str:0000000000007e74 .LASF8687
     /tmp/cc7KEiL4.s:93256  .debug_str:000000000002378b .LASF8688
     /tmp/cc7KEiL4.s:92054  .debug_str:000000000001e6c7 .LASF8689
     /tmp/cc7KEiL4.s:84892  .debug_str:000000000000083a .LASF8690
     /tmp/cc7KEiL4.s:93258  .debug_str:00000000000237a8 .LASF8691
     /tmp/cc7KEiL4.s:92056  .debug_str:000000000001e6e4 .LASF8692
     /tmp/cc7KEiL4.s:94578  .debug_str:0000000000028ab3 .LASF8693
     /tmp/cc7KEiL4.s:98466  .debug_str:00000000000388be .LASF8694
     /tmp/cc7KEiL4.s:97142  .debug_str:00000000000337d2 .LASF8695
     /tmp/cc7KEiL4.s:96252  .debug_str:000000000002fa68 .LASF8696
     /tmp/cc7KEiL4.s:98468  .debug_str:00000000000388db .LASF8697
     /tmp/cc7KEiL4.s:97144  .debug_str:00000000000337ef .LASF8698
     /tmp/cc7KEiL4.s:90372  .debug_str:00000000000172fb .LASF8699
     /tmp/cc7KEiL4.s:103094  .debug_str:000000000004c3e9 .LASF8700
     /tmp/cc7KEiL4.s:87102  .debug_str:000000000000a0b1 .LASF8701
     /tmp/cc7KEiL4.s:90686  .debug_str:000000000001874c .LASF8702
     /tmp/cc7KEiL4.s:103096  .debug_str:000000000004c402 .LASF8703
     /tmp/cc7KEiL4.s:87104  .debug_str:000000000000a0ca .LASF8704
     /tmp/cc7KEiL4.s:84862  .debug_str:000000000000063d .LASF8705
     /tmp/cc7KEiL4.s:86690  .debug_str:000000000000841f .LASF8706
     /tmp/cc7KEiL4.s:98840  .debug_str:000000000003a2e3 .LASF8707
     /tmp/cc7KEiL4.s:88332  .debug_str:000000000000eecb .LASF8708
     /tmp/cc7KEiL4.s:87640  .debug_str:000000000000c630 .LASF8709
     /tmp/cc7KEiL4.s:91234  .debug_str:000000000001addd .LASF8710
     /tmp/cc7KEiL4.s:102060  .debug_str:0000000000047a37 .LASF8711
     /tmp/cc7KEiL4.s:86834  .debug_str:0000000000008e70 .LASF8712
     /tmp/cc7KEiL4.s:102998  .debug_str:000000000004bd14 .LASF8713
     /tmp/cc7KEiL4.s:85250  .debug_str:00000000000020e1 .LASF8714
     /tmp/cc7KEiL4.s:101848  .debug_str:0000000000046c16 .LASF8715
     /tmp/cc7KEiL4.s:88296  .debug_str:000000000000ed3a .LASF8716
     /tmp/cc7KEiL4.s:100650  .debug_str:0000000000041cfa .LASF8717
     /tmp/cc7KEiL4.s:92118  .debug_str:000000000001ebbf .LASF8718
     /tmp/cc7KEiL4.s:95866  .debug_str:000000000002e052 .LASF8719
     /tmp/cc7KEiL4.s:89724  .debug_str:0000000000014783 .LASF8720
     /tmp/cc7KEiL4.s:86992  .debug_str:000000000000991a .LASF8721
     /tmp/cc7KEiL4.s:93392  .debug_str:0000000000023e1a .LASF8722
     /tmp/cc7KEiL4.s:88202  .debug_str:000000000000e7be .LASF8723
     /tmp/cc7KEiL4.s:95764  .debug_str:000000000002d940 .LASF8724
     /tmp/cc7KEiL4.s:91426  .debug_str:000000000001bb49 .LASF8725
     /tmp/cc7KEiL4.s:94704  .debug_str:000000000002924e .LASF8726
     /tmp/cc7KEiL4.s:92874  .debug_str:0000000000021f75 .LASF8727
     /tmp/cc7KEiL4.s:99998  .debug_str:000000000003f0a6 .LASF8728
     /tmp/cc7KEiL4.s:101840  .debug_str:0000000000046ba8 .LASF8729
     /tmp/cc7KEiL4.s:96716  .debug_str:0000000000031b25 .LASF8730
     /tmp/cc7KEiL4.s:94992  .debug_str:000000000002a5f3 .LASF8731
     /tmp/cc7KEiL4.s:88366  .debug_str:000000000000f1c3 .LASF8732
     /tmp/cc7KEiL4.s:94832  .debug_str:0000000000029b21 .LASF8733
     /tmp/cc7KEiL4.s:100850  .debug_str:0000000000042925 .LASF8734
     /tmp/cc7KEiL4.s:92132  .debug_str:000000000001ecd1 .LASF8735
     /tmp/cc7KEiL4.s:95390  .debug_str:000000000002bf22 .LASF8736
     /tmp/cc7KEiL4.s:91660  .debug_str:000000000001cb5f .LASF8737
     /tmp/cc7KEiL4.s:97956  .debug_str:00000000000369e8 .LASF8738
     /tmp/cc7KEiL4.s:93296  .debug_str:000000000002397b .LASF8739
     /tmp/cc7KEiL4.s:99604  .debug_str:000000000003d57b .LASF8740
     /tmp/cc7KEiL4.s:102330  .debug_str:0000000000048d14 .LASF8741
     /tmp/cc7KEiL4.s:95196  .debug_str:000000000002b28b .LASF8742
     /tmp/cc7KEiL4.s:90814  .debug_str:0000000000019016 .LASF8743
     /tmp/cc7KEiL4.s:100772  .debug_str:0000000000042481 .LASF8744
     /tmp/cc7KEiL4.s:102506  .debug_str:00000000000499a7 .LASF8745
     /tmp/cc7KEiL4.s:89414  .debug_str:0000000000013422 .LASF8746
     /tmp/cc7KEiL4.s:87758  .debug_str:000000000000cde3 .LASF8747
     /tmp/cc7KEiL4.s:101700  .debug_str:00000000000461fd .LASF8748
     /tmp/cc7KEiL4.s:86126  .debug_str:0000000000005e6a .LASF8749
     /tmp/cc7KEiL4.s:90978  .debug_str:0000000000019c58 .LASF8750
     /tmp/cc7KEiL4.s:93816  .debug_str:000000000002585f .LASF8751
     /tmp/cc7KEiL4.s:88746  .debug_str:0000000000010870 .LASF8752
     /tmp/cc7KEiL4.s:99776  .debug_str:000000000003e134 .LASF8753
     /tmp/cc7KEiL4.s:92256  .debug_str:000000000001f5a8 .LASF8754
     /tmp/cc7KEiL4.s:86592  .debug_str:0000000000007d10 .LASF8755
     /tmp/cc7KEiL4.s:86676  .debug_str:00000000000082fe .LASF8756
     /tmp/cc7KEiL4.s:101198  .debug_str:0000000000043f29 .LASF8757
     /tmp/cc7KEiL4.s:93852  .debug_str:0000000000025af5 .LASF8758
     /tmp/cc7KEiL4.s:86594  .debug_str:0000000000007d25 .LASF8759
     /tmp/cc7KEiL4.s:101036  .debug_str:00000000000434be .LASF8760
     /tmp/cc7KEiL4.s:102002  .debug_str:00000000000475bf .LASF8761
     /tmp/cc7KEiL4.s:87178  .debug_str:000000000000a586 .LASF8762
     /tmp/cc7KEiL4.s:89012  .debug_str:0000000000011a08 .LASF8763
     /tmp/cc7KEiL4.s:86522  .debug_str:0000000000007912 .LASF8764
     /tmp/cc7KEiL4.s:98356  .debug_str:000000000003816e .LASF8765
     /tmp/cc7KEiL4.s:90472  .debug_str:0000000000017983 .LASF8766
     /tmp/cc7KEiL4.s:90474  .debug_str:0000000000017992 .LASF8767
     /tmp/cc7KEiL4.s:90476  .debug_str:00000000000179a1 .LASF8768
     /tmp/cc7KEiL4.s:92428  .debug_str:000000000002013a .LASF8769
     /tmp/cc7KEiL4.s:90848  .debug_str:00000000000192c5 .LASF8770
     /tmp/cc7KEiL4.s:90684  .debug_str:0000000000018733 .LASF8771
     /tmp/cc7KEiL4.s:92380  .debug_str:000000000001fe11 .LASF8772
     /tmp/cc7KEiL4.s:99858  .debug_str:000000000003e711 .LASF8773
     /tmp/cc7KEiL4.s:89128  .debug_str:000000000001219c .LASF8774
     /tmp/cc7KEiL4.s:97892  .debug_str:00000000000366f6 .LASF8775
     /tmp/cc7KEiL4.s:88062  .debug_str:000000000000e0c0 .LASF8776
     /tmp/cc7KEiL4.s:88980  .debug_str:00000000000117cf .LASF8777
     /tmp/cc7KEiL4.s:92370  .debug_str:000000000001fd32 .LASF8778
     /tmp/cc7KEiL4.s:85962  .debug_str:00000000000052a6 .LASF8779
     /tmp/cc7KEiL4.s:86330  .debug_str:0000000000006d01 .LASF8780
     /tmp/cc7KEiL4.s:89588  .debug_str:0000000000013e8a .LASF8781
     /tmp/cc7KEiL4.s:89250  .debug_str:0000000000012a7f .LASF8782
     /tmp/cc7KEiL4.s:99816  .debug_str:000000000003e3ac .LASF8783
     /tmp/cc7KEiL4.s:99812  .debug_str:000000000003e39a .LASF8784
     /tmp/cc7KEiL4.s:99814  .debug_str:000000000003e3a3 .LASF8785
     /tmp/cc7KEiL4.s:100106  .debug_str:000000000003f8ca .LASF8786
     /tmp/cc7KEiL4.s:99684  .debug_str:000000000003da3d .LASF8787
     /tmp/cc7KEiL4.s:90336  .debug_str:0000000000017072 .LASF8788
     /tmp/cc7KEiL4.s:95840  .debug_str:000000000002ded4 .LASF8789
     /tmp/cc7KEiL4.s:89372  .debug_str:0000000000013186 .LASF8790
     /tmp/cc7KEiL4.s:93216  .debug_str:0000000000023511 .LASF8791
     /tmp/cc7KEiL4.s:97642  .debug_str:0000000000035854 .LASF8792
     /tmp/cc7KEiL4.s:99072  .debug_str:000000000003b256 .LASF8793
     /tmp/cc7KEiL4.s:90480  .debug_str:00000000000179d9 .LASF8794
     /tmp/cc7KEiL4.s:94616  .debug_str:0000000000028d08 .LASF8795
     /tmp/cc7KEiL4.s:99432  .debug_str:000000000003caa5 .LASF8796
     /tmp/cc7KEiL4.s:95882  .debug_str:000000000002e197 .LASF8797
     /tmp/cc7KEiL4.s:94460  .debug_str:000000000002837e .LASF8798
     /tmp/cc7KEiL4.s:93358  .debug_str:0000000000023d03 .LASF8799
     /tmp/cc7KEiL4.s:92698  .debug_str:0000000000021318 .LASF8800
     /tmp/cc7KEiL4.s:86468  .debug_str:00000000000075cb .LASF8801
     /tmp/cc7KEiL4.s:100416  .debug_str:0000000000040d60 .LASF8802
     /tmp/cc7KEiL4.s:95280  .debug_str:000000000002b7c5 .LASF8803
     /tmp/cc7KEiL4.s:94330  .debug_str:0000000000027af2 .LASF8804
     /tmp/cc7KEiL4.s:92414  .debug_str:00000000000200ad .LASF8805
     /tmp/cc7KEiL4.s:90084  .debug_str:0000000000015f54 .LASF8806
     /tmp/cc7KEiL4.s:99692  .debug_str:000000000003dae6 .LASF8807
     /tmp/cc7KEiL4.s:99826  .debug_str:000000000003e481 .LASF8808
     /tmp/cc7KEiL4.s:85130  .debug_str:0000000000001841 .LASF8809
     /tmp/cc7KEiL4.s:91346  .debug_str:000000000001b652 .LASF8810
     /tmp/cc7KEiL4.s:96942  .debug_str:00000000000329ba .LASF8811
     /tmp/cc7KEiL4.s:88814  .debug_str:0000000000010be5 .LASF8812
     /tmp/cc7KEiL4.s:92818  .debug_str:0000000000021b6e .LASF8813
     /tmp/cc7KEiL4.s:87142  .debug_str:000000000000a352 .LASF8814
     /tmp/cc7KEiL4.s:92954  .debug_str:00000000000224bf .LASF8815
     /tmp/cc7KEiL4.s:94312  .debug_str:00000000000279a6 .LASF8816
     /tmp/cc7KEiL4.s:89312  .debug_str:0000000000012dc6 .LASF8817
     /tmp/cc7KEiL4.s:91230  .debug_str:000000000001ad95 .LASF8818
     /tmp/cc7KEiL4.s:101596  .debug_str:0000000000045a5c .LASF8819
     /tmp/cc7KEiL4.s:86120  .debug_str:0000000000005e0b .LASF8820
     /tmp/cc7KEiL4.s:95164  .debug_str:000000000002b092 .LASF8821
     /tmp/cc7KEiL4.s:94502  .debug_str:000000000002869c .LASF8822
     /tmp/cc7KEiL4.s:88194  .debug_str:000000000000e732 .LASF8823
     /tmp/cc7KEiL4.s:87446  .debug_str:000000000000b94f .LASF8824
     /tmp/cc7KEiL4.s:88320  .debug_str:000000000000ede9 .LASF8825
     /tmp/cc7KEiL4.s:87220  .debug_str:000000000000a86e .LASF8826
     /tmp/cc7KEiL4.s:101950  .debug_str:000000000004729b .LASF8827
     /tmp/cc7KEiL4.s:93570  .debug_str:0000000000024827 .LASF8828
     /tmp/cc7KEiL4.s:100284  .debug_str:0000000000040448 .LASF8829
     /tmp/cc7KEiL4.s:86114  .debug_str:0000000000005da4 .LASF8830
     /tmp/cc7KEiL4.s:88008  .debug_str:000000000000ddef .LASF8831
     /tmp/cc7KEiL4.s:98892  .debug_str:000000000003a695 .LASF8832
     /tmp/cc7KEiL4.s:88868  .debug_str:0000000000010fac .LASF8833
     /tmp/cc7KEiL4.s:94232  .debug_str:000000000002754e .LASF8834
     /tmp/cc7KEiL4.s:86332  .debug_str:0000000000006d1c .LASF8835
     /tmp/cc7KEiL4.s:90222  .debug_str:00000000000168f3 .LASF8836
     /tmp/cc7KEiL4.s:87306  .debug_str:000000000000af0a .LASF8837
     /tmp/cc7KEiL4.s:96246  .debug_str:000000000002fa0b .LASF8838
     /tmp/cc7KEiL4.s:84800  .debug_str:00000000000001eb .LASF8839
     /tmp/cc7KEiL4.s:99652  .debug_str:000000000003d890 .LASF8840
     /tmp/cc7KEiL4.s:90772  .debug_str:0000000000018d3c .LASF8841
     /tmp/cc7KEiL4.s:94844  .debug_str:0000000000029bd6 .LASF8842
     /tmp/cc7KEiL4.s:99046  .debug_str:000000000003b07b .LASF8843
     /tmp/cc7KEiL4.s:98330  .debug_str:0000000000037f91 .LASF8844
     /tmp/cc7KEiL4.s:86150  .debug_str:0000000000005fed .LASF8845
     /tmp/cc7KEiL4.s:96242  .debug_str:000000000002f9c7 .LASF8846
     /tmp/cc7KEiL4.s:94162  .debug_str:0000000000026ff4 .LASF8847
     /tmp/cc7KEiL4.s:85718  .debug_str:0000000000004276 .LASF8848
     /tmp/cc7KEiL4.s:101862  .debug_str:0000000000046cf0 .LASF8849
     /tmp/cc7KEiL4.s:93728  .debug_str:0000000000025356 .LASF8850
     /tmp/cc7KEiL4.s:91088  .debug_str:000000000001a384 .LASF8851
     /tmp/cc7KEiL4.s:93428  .debug_str:0000000000024072 .LASF8852
     /tmp/cc7KEiL4.s:90936  .debug_str:000000000001999d .LASF8853
     /tmp/cc7KEiL4.s:102198  .debug_str:00000000000483ed .LASF8854
     /tmp/cc7KEiL4.s:91064  .debug_str:000000000001a1e1 .LASF8855
     /tmp/cc7KEiL4.s:93940  .debug_str:000000000002614a .LASF8856
     /tmp/cc7KEiL4.s:98978  .debug_str:000000000003abec .LASF8857
     /tmp/cc7KEiL4.s:84886  .debug_str:00000000000007dc .LASF8858
     /tmp/cc7KEiL4.s:85506  .debug_str:000000000000337d .LASF8859
     /tmp/cc7KEiL4.s:94762  .debug_str:00000000000296b5 .LASF8860
     /tmp/cc7KEiL4.s:91068  .debug_str:000000000001a225 .LASF8861
     /tmp/cc7KEiL4.s:97668  .debug_str:0000000000035a6a .LASF8862
     /tmp/cc7KEiL4.s:94240  .debug_str:00000000000275cb .LASF8863
     /tmp/cc7KEiL4.s:96854  .debug_str:000000000003238b .LASF8864
     /tmp/cc7KEiL4.s:84830  .debug_str:00000000000003db .LASF8865
     /tmp/cc7KEiL4.s:93076  .debug_str:0000000000022d20 .LASF8866
     /tmp/cc7KEiL4.s:90680  .debug_str:0000000000018722 .LASF8867
     /tmp/cc7KEiL4.s:85068  .debug_str:0000000000001402 .LASF8868
     /tmp/cc7KEiL4.s:92534  .debug_str:0000000000020837 .LASF8869
     /tmp/cc7KEiL4.s:87998  .debug_str:000000000000dd09 .LASF8870
     /tmp/cc7KEiL4.s:96238  .debug_str:000000000002f976 .LASF8871
     /tmp/cc7KEiL4.s:101240  .debug_str:000000000004423f .LASF8872
     /tmp/cc7KEiL4.s:92490  .debug_str:0000000000020624 .LASF8873
     /tmp/cc7KEiL4.s:98036  .debug_str:0000000000036e4e .LASF8874
     /tmp/cc7KEiL4.s:92230  .debug_str:000000000001f43e .LASF8875
     /tmp/cc7KEiL4.s:92486  .debug_str:00000000000205f0 .LASF8876
     /tmp/cc7KEiL4.s:100468  .debug_str:00000000000410b0 .LASF8877
     /tmp/cc7KEiL4.s:94346  .debug_str:0000000000027bc4 .LASF8878
     /tmp/cc7KEiL4.s:87198  .debug_str:000000000000a72f .LASF8879
     /tmp/cc7KEiL4.s:86528  .debug_str:0000000000007949 .LASF8880
     /tmp/cc7KEiL4.s:94664  .debug_str:0000000000029074 .LASF8881
     /tmp/cc7KEiL4.s:101090  .debug_str:00000000000437c9 .LASF8882
     /tmp/cc7KEiL4.s:99928  .debug_str:000000000003ebed .LASF8883
     /tmp/cc7KEiL4.s:92046  .debug_str:000000000001e630 .LASF8884
     /tmp/cc7KEiL4.s:92866  .debug_str:0000000000021ef7 .LASF8885
     /tmp/cc7KEiL4.s:100238  .debug_str:00000000000400c7 .LASF8886
     /tmp/cc7KEiL4.s:96000  .debug_str:000000000002ea0a .LASF8887
     /tmp/cc7KEiL4.s:96434  .debug_str:0000000000030761 .LASF8888
     /tmp/cc7KEiL4.s:86176  .debug_str:0000000000006185 .LASF8889
     /tmp/cc7KEiL4.s:102538  .debug_str:0000000000049bb2 .LASF8890
     /tmp/cc7KEiL4.s:101170  .debug_str:0000000000043d9e .LASF8891
     /tmp/cc7KEiL4.s:95516  .debug_str:000000000002c802 .LASF8892
     /tmp/cc7KEiL4.s:85858  .debug_str:0000000000004ba3 .LASF8893
     /tmp/cc7KEiL4.s:91514  .debug_str:000000000001c0e7 .LASF8894
     /tmp/cc7KEiL4.s:100412  .debug_str:0000000000040d49 .LASF8895
     /tmp/cc7KEiL4.s:99210  .debug_str:000000000003bc34 .LASF8896
     /tmp/cc7KEiL4.s:92202  .debug_str:000000000001f283 .LASF8897
     /tmp/cc7KEiL4.s:92204  .debug_str:000000000001f28d .LASF8898
     /tmp/cc7KEiL4.s:101738  .debug_str:00000000000464e4 .LASF8899
     /tmp/cc7KEiL4.s:92208  .debug_str:000000000001f2d0 .LASF8900
     /tmp/cc7KEiL4.s:97026  .debug_str:0000000000032f8f .LASF8901
     /tmp/cc7KEiL4.s:95856  .debug_str:000000000002dfc4 .LASF8902
     /tmp/cc7KEiL4.s:101032  .debug_str:0000000000043494 .LASF8903
     /tmp/cc7KEiL4.s:94458  .debug_str:0000000000028373 .LASF8904
     /tmp/cc7KEiL4.s:90794  .debug_str:0000000000018ea0 .LASF8905
     /tmp/cc7KEiL4.s:86518  .debug_str:00000000000078ff .LASF8906
     /tmp/cc7KEiL4.s:85442  .debug_str:0000000000002f69 .LASF8907
     /tmp/cc7KEiL4.s:90584  .debug_str:0000000000018082 .LASF8908
     /tmp/cc7KEiL4.s:87056  .debug_str:0000000000009d30 .LASF8909
     /tmp/cc7KEiL4.s:88926  .debug_str:00000000000113c7 .LASF8910
     /tmp/cc7KEiL4.s:87058  .debug_str:0000000000009d3b .LASF8911
     /tmp/cc7KEiL4.s:94968  .debug_str:000000000002a412 .LASF8912
     /tmp/cc7KEiL4.s:87060  .debug_str:0000000000009d46 .LASF8913
     /tmp/cc7KEiL4.s:91500  .debug_str:000000000001bfec .LASF8914
     /tmp/cc7KEiL4.s:87062  .debug_str:0000000000009d51 .LASF8915
     /tmp/cc7KEiL4.s:85664  .debug_str:0000000000003deb .LASF8916
     /tmp/cc7KEiL4.s:97168  .debug_str:00000000000339b8 .LASF8917
     /tmp/cc7KEiL4.s:86006  .debug_str:000000000000562c .LASF8918
     /tmp/cc7KEiL4.s:94260  .debug_str:00000000000276db .LASF8919
     /tmp/cc7KEiL4.s:100608  .debug_str:00000000000419e9 .LASF8920
     /tmp/cc7KEiL4.s:94262  .debug_str:00000000000276e5 .LASF8921
     /tmp/cc7KEiL4.s:101358  .debug_str:0000000000044ab6 .LASF8922
     /tmp/cc7KEiL4.s:97172  .debug_str:00000000000339eb .LASF8923
     /tmp/cc7KEiL4.s:88946  .debug_str:000000000001152a .LASF8924
     /tmp/cc7KEiL4.s:94266  .debug_str:0000000000027725 .LASF8925
     /tmp/cc7KEiL4.s:101522  .debug_str:000000000004556b .LASF8926
     /tmp/cc7KEiL4.s:94268  .debug_str:000000000002772f .LASF8927
     /tmp/cc7KEiL4.s:97708  .debug_str:0000000000035c3d .LASF8928
     /tmp/cc7KEiL4.s:94270  .debug_str:0000000000027739 .LASF8929
     /tmp/cc7KEiL4.s:89848  .debug_str:0000000000015020 .LASF8930
     /tmp/cc7KEiL4.s:94272  .debug_str:0000000000027743 .LASF8931
     /tmp/cc7KEiL4.s:102412  .debug_str:00000000000492ee .LASF8932
     /tmp/cc7KEiL4.s:93302  .debug_str:00000000000239d1 .LASF8933
     /tmp/cc7KEiL4.s:87974  .debug_str:000000000000db94 .LASF8934
     /tmp/cc7KEiL4.s:90606  .debug_str:00000000000181ba .LASF8935
     /tmp/cc7KEiL4.s:94784  .debug_str:0000000000029857 .LASF8936
     /tmp/cc7KEiL4.s:88874  .debug_str:000000000001102c .LASF8937
     /tmp/cc7KEiL4.s:89674  .debug_str:000000000001444d .LASF8938
     /tmp/cc7KEiL4.s:100908  .debug_str:0000000000042cd8 .LASF8939
     /tmp/cc7KEiL4.s:88588  .debug_str:000000000000fe63 .LASF8940
     /tmp/cc7KEiL4.s:99834  .debug_str:000000000003e4ef .LASF8941
     /tmp/cc7KEiL4.s:101916  .debug_str:0000000000047065 .LASF8942
     /tmp/cc7KEiL4.s:99142  .debug_str:000000000003b798 .LASF8943
     /tmp/cc7KEiL4.s:89514  .debug_str:0000000000013a77 .LASF8944
     /tmp/cc7KEiL4.s:85166  .debug_str:0000000000001b06 .LASF8945
     /tmp/cc7KEiL4.s:95218  .debug_str:000000000002b39e .LASF8946
     /tmp/cc7KEiL4.s:102028  .debug_str:000000000004779f .LASF8947
     /tmp/cc7KEiL4.s:98470  .debug_str:00000000000388f8 .LASF8948
     /tmp/cc7KEiL4.s:96276  .debug_str:000000000002fbd3 .LASF8949
     /tmp/cc7KEiL4.s:100542  .debug_str:00000000000415c6 .LASF8950
     /tmp/cc7KEiL4.s:99264  .debug_str:000000000003c02e .LASF8951
     /tmp/cc7KEiL4.s:96142  .debug_str:000000000002f30d .LASF8952
     /tmp/cc7KEiL4.s:89026  .debug_str:0000000000011abb .LASF8953
     /tmp/cc7KEiL4.s:89224  .debug_str:0000000000012878 .LASF8954
     /tmp/cc7KEiL4.s:91142  .debug_str:000000000001a715 .LASF8955
     /tmp/cc7KEiL4.s:92250  .debug_str:000000000001f54f .LASF8956
     /tmp/cc7KEiL4.s:93674  .debug_str:0000000000024f6e .LASF8957
     /tmp/cc7KEiL4.s:86664  .debug_str:000000000000822b .LASF8958
     /tmp/cc7KEiL4.s:95430  .debug_str:000000000002c20c .LASF8959
     /tmp/cc7KEiL4.s:90758  .debug_str:0000000000018c4e .LASF8960
     /tmp/cc7KEiL4.s:90010  .debug_str:0000000000015a4b .LASF8961
     /tmp/cc7KEiL4.s:100946  .debug_str:0000000000042f84 .LASF8962
     /tmp/cc7KEiL4.s:90728  .debug_str:0000000000018a2c .LASF8963
     /tmp/cc7KEiL4.s:94212  .debug_str:00000000000273ec .LASF8964
     /tmp/cc7KEiL4.s:84968  .debug_str:0000000000000d39 .LASF8965
     /tmp/cc7KEiL4.s:91310  .debug_str:000000000001b32f .LASF8966
     /tmp/cc7KEiL4.s:97680  .debug_str:0000000000035a94 .LASF8967
     /tmp/cc7KEiL4.s:96152  .debug_str:000000000002f386 .LASF8968
     /tmp/cc7KEiL4.s:92848  .debug_str:0000000000021d99 .LASF8969
     /tmp/cc7KEiL4.s:93922  .debug_str:0000000000026082 .LASF8970
     /tmp/cc7KEiL4.s:92652  .debug_str:0000000000020fcd .LASF8971
     /tmp/cc7KEiL4.s:85018  .debug_str:00000000000010dc .LASF8972
     /tmp/cc7KEiL4.s:85164  .debug_str:0000000000001ae2 .LASF8973
     /tmp/cc7KEiL4.s:87728  .debug_str:000000000000cbf9 .LASF8974
     /tmp/cc7KEiL4.s:87482  .debug_str:000000000000bb80 .LASF8975
     /tmp/cc7KEiL4.s:95420  .debug_str:000000000002c174 .LASF8976
     /tmp/cc7KEiL4.s:91374  .debug_str:000000000001b7e3 .LASF8977
     /tmp/cc7KEiL4.s:95178  .debug_str:000000000002b177 .LASF8978
     /tmp/cc7KEiL4.s:95180  .debug_str:000000000002b17c .LASF8979
     /tmp/cc7KEiL4.s:86488  .debug_str:00000000000076e8 .LASF8980
     /tmp/cc7KEiL4.s:86490  .debug_str:00000000000076ed .LASF8981
     /tmp/cc7KEiL4.s:102200  .debug_str:0000000000048402 .LASF8982
     /tmp/cc7KEiL4.s:98906  .debug_str:000000000003a765 .LASF8983
     /tmp/cc7KEiL4.s:100158  .debug_str:000000000003fb9c .LASF8984
     /tmp/cc7KEiL4.s:100160  .debug_str:000000000003fba2 .LASF8985
     /tmp/cc7KEiL4.s:93726  .debug_str:0000000000025350 .LASF8986
     /tmp/cc7KEiL4.s:100168  .debug_str:000000000003fc09 .LASF8987
     /tmp/cc7KEiL4.s:101404  .debug_str:0000000000044dbf .LASF8988
     /tmp/cc7KEiL4.s:90712  .debug_str:0000000000018900 .LASF8989
     /tmp/cc7KEiL4.s:100604  .debug_str:00000000000419c3 .LASF8990
     /tmp/cc7KEiL4.s:85594  .debug_str:0000000000003963 .LASF8991
     /tmp/cc7KEiL4.s:92420  .debug_str:00000000000200ed .LASF8992
     /tmp/cc7KEiL4.s:94936  .debug_str:000000000002a1e1 .LASF8993
     /tmp/cc7KEiL4.s:100098  .debug_str:000000000003f818 .LASF8994
     /tmp/cc7KEiL4.s:102708  .debug_str:000000000004a99a .LASF8995
     /tmp/cc7KEiL4.s:95230  .debug_str:000000000002b489 .LASF8996
     /tmp/cc7KEiL4.s:85420  .debug_str:0000000000002d29 .LASF8997
     /tmp/cc7KEiL4.s:96132  .debug_str:000000000002f286 .LASF8998
     /tmp/cc7KEiL4.s:93030  .debug_str:00000000000229ca .LASF8999
     /tmp/cc7KEiL4.s:95232  .debug_str:000000000002b492 .LASF9000
     /tmp/cc7KEiL4.s:94816  .debug_str:0000000000029a30 .LASF9001
     /tmp/cc7KEiL4.s:90882  .debug_str:00000000000194d7 .LASF9002
     /tmp/cc7KEiL4.s:86456  .debug_str:00000000000074fb .LASF9003
     /tmp/cc7KEiL4.s:95752  .debug_str:000000000002d86a .LASF9004
     /tmp/cc7KEiL4.s:85916  .debug_str:0000000000004f59 .LASF9005
     /tmp/cc7KEiL4.s:92962  .debug_str:000000000002252c .LASF9006
     /tmp/cc7KEiL4.s:102718  .debug_str:000000000004aa33 .LASF9007
     /tmp/cc7KEiL4.s:91938  .debug_str:000000000001dee9 .LASF9008
     /tmp/cc7KEiL4.s:102972  .debug_str:000000000004bb47 .LASF9009
     /tmp/cc7KEiL4.s:86804  .debug_str:0000000000008c1e .LASF9010
     /tmp/cc7KEiL4.s:85356  .debug_str:00000000000028b0 .LASF9011
     /tmp/cc7KEiL4.s:100208  .debug_str:000000000003fe3e .LASF9012
     /tmp/cc7KEiL4.s:99524  .debug_str:000000000003d09f .LASF9013
     /tmp/cc7KEiL4.s:93878  .debug_str:0000000000025d10 .LASF9014
     /tmp/cc7KEiL4.s:98334  .debug_str:0000000000037fd4 .LASF9015
     /tmp/cc7KEiL4.s:101388  .debug_str:0000000000044c95 .LASF9016
     /tmp/cc7KEiL4.s:90386  .debug_str:000000000001741e .LASF9017
     /tmp/cc7KEiL4.s:95780  .debug_str:000000000002da25 .LASF9018
     /tmp/cc7KEiL4.s:99058  .debug_str:000000000003b167 .LASF9019
     /tmp/cc7KEiL4.s:96516  .debug_str:0000000000030d05 .LASF9020
     /tmp/cc7KEiL4.s:95098  .debug_str:000000000002acfe .LASF9021
     /tmp/cc7KEiL4.s:90194  .debug_str:00000000000166ab .LASF9022
     /tmp/cc7KEiL4.s:89544  .debug_str:0000000000013c5e .LASF9023
     /tmp/cc7KEiL4.s:91960  .debug_str:000000000001e0c1 .LASF9024
     /tmp/cc7KEiL4.s:91866  .debug_str:000000000001d94b .LASF9025
     /tmp/cc7KEiL4.s:98354  .debug_str:0000000000038166 .LASF9026
     /tmp/cc7KEiL4.s:99780  .debug_str:000000000003e164 .LASF9027
     /tmp/cc7KEiL4.s:91082  .debug_str:000000000001a356 .LASF9028
     /tmp/cc7KEiL4.s:91092  .debug_str:000000000001a39d .LASF9029
     /tmp/cc7KEiL4.s:95014  .debug_str:000000000002a7bb .LASF9030
     /tmp/cc7KEiL4.s:97542  .debug_str:000000000003521f .LASF9031
     /tmp/cc7KEiL4.s:95102  .debug_str:000000000002ad31 .LASF9032
     /tmp/cc7KEiL4.s:89052  .debug_str:0000000000011c8b .LASF9033
     /tmp/cc7KEiL4.s:91674  .debug_str:000000000001cc65 .LASF9034
     /tmp/cc7KEiL4.s:91274  .debug_str:000000000001b11b .LASF9035
     /tmp/cc7KEiL4.s:103074  .debug_str:000000000004c2a8 .LASF9036
     /tmp/cc7KEiL4.s:84940  .debug_str:0000000000000b4d .LASF9037
     /tmp/cc7KEiL4.s:85060  .debug_str:00000000000013a9 .LASF9038
     /tmp/cc7KEiL4.s:90920  .debug_str:00000000000197fe .LASF9039
     /tmp/cc7KEiL4.s:86216  .debug_str:0000000000006463 .LASF9040
     /tmp/cc7KEiL4.s:93442  .debug_str:0000000000024172 .LASF9041
     /tmp/cc7KEiL4.s:99778  .debug_str:000000000003e15d .LASF9042
     /tmp/cc7KEiL4.s:91090  .debug_str:000000000001a393 .LASF9043
     /tmp/cc7KEiL4.s:94680  .debug_str:0000000000029150 .LASF9044
     /tmp/cc7KEiL4.s:90662  .debug_str:00000000000185db .LASF9045
     /tmp/cc7KEiL4.s:85062  .debug_str:00000000000013b4 .LASF9046
     /tmp/cc7KEiL4.s:85096  .debug_str:000000000000158c .LASF9047
     /tmp/cc7KEiL4.s:97658  .debug_str:00000000000359c3 .LASF9048
     /tmp/cc7KEiL4.s:91824  .debug_str:000000000001d6cf .LASF9049
     /tmp/cc7KEiL4.s:91826  .debug_str:000000000001d6d9 .LASF9050
     /tmp/cc7KEiL4.s:91828  .debug_str:000000000001d6e3 .LASF9051
     /tmp/cc7KEiL4.s:91830  .debug_str:000000000001d6ed .LASF9052
     /tmp/cc7KEiL4.s:91832  .debug_str:000000000001d6f7 .LASF9053
     /tmp/cc7KEiL4.s:96786  .debug_str:0000000000031f80 .LASF9054
     /tmp/cc7KEiL4.s:91834  .debug_str:000000000001d701 .LASF9055
     /tmp/cc7KEiL4.s:88156  .debug_str:000000000000e4e4 .LASF9056
     /tmp/cc7KEiL4.s:88158  .debug_str:000000000000e4ef .LASF9057
     /tmp/cc7KEiL4.s:102602  .debug_str:000000000004a12d .LASF9058
     /tmp/cc7KEiL4.s:99924  .debug_str:000000000003ebd7 .LASF9059
     /tmp/cc7KEiL4.s:86348  .debug_str:0000000000006e03 .LASF9060
     /tmp/cc7KEiL4.s:92770  .debug_str:0000000000021807 .LASF9061
     /tmp/cc7KEiL4.s:86516  .debug_str:00000000000078f3 .LASF9062
     /tmp/cc7KEiL4.s:99926  .debug_str:000000000003ebe2 .LASF9063
     /tmp/cc7KEiL4.s:99014  .debug_str:000000000003ae47 .LASF9064
     /tmp/cc7KEiL4.s:85230  .debug_str:0000000000001f4b .LASF9065
     /tmp/cc7KEiL4.s:90516  .debug_str:0000000000017bd4 .LASF9066
     /tmp/cc7KEiL4.s:93082  .debug_str:0000000000022d94 .LASF9067
     /tmp/cc7KEiL4.s:99198  .debug_str:000000000003bb8e .LASF9068
     /tmp/cc7KEiL4.s:98862  .debug_str:000000000003a454 .LASF9069
     /tmp/cc7KEiL4.s:85212  .debug_str:0000000000001dfa .LASF9070
     /tmp/cc7KEiL4.s:89186  .debug_str:000000000001256a .LASF9071
     /tmp/cc7KEiL4.s:92040  .debug_str:000000000001e5c7 .LASF9072
     /tmp/cc7KEiL4.s:93150  .debug_str:0000000000023137 .LASF9073
     /tmp/cc7KEiL4.s:88776  .debug_str:0000000000010a47 .LASF9074
     /tmp/cc7KEiL4.s:93152  .debug_str:0000000000023142 .LASF9075
     /tmp/cc7KEiL4.s:100600  .debug_str:0000000000041958 .LASF9076
     /tmp/cc7KEiL4.s:89640  .debug_str:000000000001422f .LASF9077
     /tmp/cc7KEiL4.s:102656  .debug_str:000000000004a5be .LASF9078
     /tmp/cc7KEiL4.s:89642  .debug_str:000000000001423a .LASF9079
     /tmp/cc7KEiL4.s:96876  .debug_str:0000000000032547 .LASF9080
     /tmp/cc7KEiL4.s:89644  .debug_str:0000000000014245 .LASF9081
     /tmp/cc7KEiL4.s:90986  .debug_str:0000000000019cf6 .LASF9082
     /tmp/cc7KEiL4.s:92496  .debug_str:000000000002065f .LASF9083
     /tmp/cc7KEiL4.s:97806  .debug_str:0000000000036213 .LASF9084
     /tmp/cc7KEiL4.s:89448  .debug_str:0000000000013632 .LASF9085
     /tmp/cc7KEiL4.s:86746  .debug_str:00000000000087ea .LASF9086
     /tmp/cc7KEiL4.s:89450  .debug_str:000000000001363d .LASF9087
     /tmp/cc7KEiL4.s:99406  .debug_str:000000000003c8e1 .LASF9088
     /tmp/cc7KEiL4.s:89774  .debug_str:0000000000014b25 .LASF9089
     /tmp/cc7KEiL4.s:100714  .debug_str:00000000000420fe .LASF9090
     /tmp/cc7KEiL4.s:97830  .debug_str:0000000000036385 .LASF9091
     /tmp/cc7KEiL4.s:94908  .debug_str:000000000002a050 .LASF9092
     /tmp/cc7KEiL4.s:100154  .debug_str:000000000003fb89 .LASF9093
     /tmp/cc7KEiL4.s:100482  .debug_str:0000000000041178 .LASF9094
     /tmp/cc7KEiL4.s:95998  .debug_str:000000000002ea00 .LASF9095
     /tmp/cc7KEiL4.s:85046  .debug_str:0000000000001279 .LASF9096
     /tmp/cc7KEiL4.s:91038  .debug_str:000000000001a03b .LASF9097
     /tmp/cc7KEiL4.s:103084  .debug_str:000000000004c30d .LASF9098
     /tmp/cc7KEiL4.s:91040  .debug_str:000000000001a046 .LASF9099
     /tmp/cc7KEiL4.s:96538  .debug_str:0000000000030e42 .LASF9100
     /tmp/cc7KEiL4.s:87422  .debug_str:000000000000b7d7 .LASF9101
     /tmp/cc7KEiL4.s:86652  .debug_str:00000000000081a0 .LASF9102
     /tmp/cc7KEiL4.s:87424  .debug_str:000000000000b7e2 .LASF9103
     /tmp/cc7KEiL4.s:92852  .debug_str:0000000000021dc3 .LASF9104
     /tmp/cc7KEiL4.s:87426  .debug_str:000000000000b7ed .LASF9105
     /tmp/cc7KEiL4.s:86964  .debug_str:00000000000097c5 .LASF9106
     /tmp/cc7KEiL4.s:99426  .debug_str:000000000003ca51 .LASF9107
     /tmp/cc7KEiL4.s:90756  .debug_str:0000000000018c28 .LASF9108
     /tmp/cc7KEiL4.s:94248  .debug_str:0000000000027642 .LASF9109
     /tmp/cc7KEiL4.s:94250  .debug_str:0000000000027656 .LASF9110
     /tmp/cc7KEiL4.s:94252  .debug_str:000000000002766a .LASF9111
     /tmp/cc7KEiL4.s:93304  .debug_str:00000000000239dd .LASF9112
     /tmp/cc7KEiL4.s:93306  .debug_str:00000000000239ee .LASF9113
     /tmp/cc7KEiL4.s:85246  .debug_str:00000000000020ae .LASF9114
     /tmp/cc7KEiL4.s:93310  .debug_str:0000000000023a2c .LASF9115
     /tmp/cc7KEiL4.s:93312  .debug_str:0000000000023a3d .LASF9116
     /tmp/cc7KEiL4.s:86486  .debug_str:00000000000076d6 .LASF9117
     /tmp/cc7KEiL4.s:93390  .debug_str:0000000000023e05 .LASF9118
     /tmp/cc7KEiL4.s:89752  .debug_str:000000000001494d .LASF9119
     /tmp/cc7KEiL4.s:89776  .debug_str:0000000000014b30 .LASF9120
     /tmp/cc7KEiL4.s:102520  .debug_str:0000000000049ab5 .LASF9121
     /tmp/cc7KEiL4.s:88284  .debug_str:000000000000ec67 .LASF9122
     /tmp/cc7KEiL4.s:96644  .debug_str:00000000000315ff .LASF9123
     /tmp/cc7KEiL4.s:101756  .debug_str:000000000004662c .LASF9124
     /tmp/cc7KEiL4.s:100532  .debug_str:00000000000414f3 .LASF9125
     /tmp/cc7KEiL4.s:88988  .debug_str:0000000000011863 .LASF9126
     /tmp/cc7KEiL4.s:91456  .debug_str:000000000001bd24 .LASF9127
     /tmp/cc7KEiL4.s:95122  .debug_str:000000000002ae28 .LASF9128
     /tmp/cc7KEiL4.s:97622  .debug_str:00000000000356f3 .LASF9129
     /tmp/cc7KEiL4.s:100450  .debug_str:0000000000040fb5 .LASF9130
     /tmp/cc7KEiL4.s:85894  .debug_str:0000000000004e06 .LASF9131
     /tmp/cc7KEiL4.s:92606  .debug_str:0000000000020ca6 .LASF9132
     /tmp/cc7KEiL4.s:91220  .debug_str:000000000001ad41 .LASF9133
     /tmp/cc7KEiL4.s:94932  .debug_str:000000000002a1cb .LASF9134
     /tmp/cc7KEiL4.s:93608  .debug_str:0000000000024ab4 .LASF9135
     /tmp/cc7KEiL4.s:95602  .debug_str:000000000002cda9 .LASF9136
     /tmp/cc7KEiL4.s:87136  .debug_str:000000000000a2f9 .LASF9137
     /tmp/cc7KEiL4.s:92830  .debug_str:0000000000021c31 .LASF9138
     /tmp/cc7KEiL4.s:96016  .debug_str:000000000002eb6c .LASF9139
     /tmp/cc7KEiL4.s:92142  .debug_str:000000000001ed88 .LASF9140
     /tmp/cc7KEiL4.s:98390  .debug_str:00000000000383d4 .LASF9141
     /tmp/cc7KEiL4.s:98392  .debug_str:00000000000383df .LASF9142
     /tmp/cc7KEiL4.s:98394  .debug_str:00000000000383ea .LASF9143
     /tmp/cc7KEiL4.s:98396  .debug_str:00000000000383f5 .LASF9144
     /tmp/cc7KEiL4.s:85520  .debug_str:00000000000033ef .LASF9145
     /tmp/cc7KEiL4.s:92004  .debug_str:000000000001e396 .LASF9146
     /tmp/cc7KEiL4.s:97226  .debug_str:0000000000033d55 .LASF9147
     /tmp/cc7KEiL4.s:88654  .debug_str:00000000000101b6 .LASF9148
     /tmp/cc7KEiL4.s:102748  .debug_str:000000000004ac33 .LASF9149
     /tmp/cc7KEiL4.s:100818  .debug_str:000000000004275c .LASF9150
     /tmp/cc7KEiL4.s:86970  .debug_str:0000000000009821 .LASF9151
     /tmp/cc7KEiL4.s:100346  .debug_str:00000000000408ad .LASF9152
     /tmp/cc7KEiL4.s:102136  .debug_str:0000000000048000 .LASF9153
     /tmp/cc7KEiL4.s:99352  .debug_str:000000000003c51a .LASF9154
     /tmp/cc7KEiL4.s:88682  .debug_str:000000000001042a .LASF9155
     /tmp/cc7KEiL4.s:91148  .debug_str:000000000001a7a1 .LASF9156
     /tmp/cc7KEiL4.s:95728  .debug_str:000000000002d6e0 .LASF9157
     /tmp/cc7KEiL4.s:84822  .debug_str:000000000000036d .LASF9158
     /tmp/cc7KEiL4.s:94328  .debug_str:0000000000027ae6 .LASF9159
     /tmp/cc7KEiL4.s:99002  .debug_str:000000000003ad8f .LASF9160
     /tmp/cc7KEiL4.s:89116  .debug_str:00000000000120cc .LASF9161
     /tmp/cc7KEiL4.s:102328  .debug_str:0000000000048d01 .LASF9162
     /tmp/cc7KEiL4.s:89184  .debug_str:000000000001255a .LASF9163
     /tmp/cc7KEiL4.s:92248  .debug_str:000000000001f53c .LASF9164
     /tmp/cc7KEiL4.s:89254  .debug_str:0000000000012a9e .LASF9165
     /tmp/cc7KEiL4.s:92330  .debug_str:000000000001fa6b .LASF9166
     /tmp/cc7KEiL4.s:89322  .debug_str:0000000000012e51 .LASF9167
     /tmp/cc7KEiL4.s:92404  .debug_str:000000000001fff6 .LASF9168
     /tmp/cc7KEiL4.s:89406  .debug_str:0000000000013372 .LASF9169
     /tmp/cc7KEiL4.s:92476  .debug_str:0000000000020557 .LASF9170
     /tmp/cc7KEiL4.s:100948  .debug_str:0000000000042f92 .LASF9171
     /tmp/cc7KEiL4.s:99394  .debug_str:000000000003c837 .LASF9172
     /tmp/cc7KEiL4.s:89506  .debug_str:00000000000139f3 .LASF9173
     /tmp/cc7KEiL4.s:86198  .debug_str:000000000000631c .LASF9174
     /tmp/cc7KEiL4.s:98360  .debug_str:00000000000381b1 .LASF9175
     /tmp/cc7KEiL4.s:101872  .debug_str:0000000000046d75 .LASF9176
     /tmp/cc7KEiL4.s:101910  .debug_str:0000000000046fdf .LASF9177
     /tmp/cc7KEiL4.s:86508  .debug_str:000000000000784d .LASF9178
     /tmp/cc7KEiL4.s:86896  .debug_str:0000000000009234 .LASF9179
     /tmp/cc7KEiL4.s:86398  .debug_str:0000000000007119 .LASF9180
     /tmp/cc7KEiL4.s:102490  .debug_str:00000000000498d3 .LASF9181
     /tmp/cc7KEiL4.s:89058  .debug_str:0000000000011cdc .LASF9182
     /tmp/cc7KEiL4.s:97306  .debug_str:00000000000342af .LASF9183
     /tmp/cc7KEiL4.s:102056  .debug_str:0000000000047a13 .LASF9184
     /tmp/cc7KEiL4.s:101042  .debug_str:0000000000043533 .LASF9185
     /tmp/cc7KEiL4.s:87188  .debug_str:000000000000a683 .LASF9186
     /tmp/cc7KEiL4.s:97866  .debug_str:0000000000036575 .LASF9187
     /tmp/cc7KEiL4.s:89968  .debug_str:0000000000015757 .LASF9188
     /tmp/cc7KEiL4.s:91624  .debug_str:000000000001c8ad .LASF9189
     /tmp/cc7KEiL4.s:91188  .debug_str:000000000001aaa9 .LASF9190
     /tmp/cc7KEiL4.s:89234  .debug_str:0000000000012953 .LASF9191
     /tmp/cc7KEiL4.s:101268  .debug_str:0000000000044411 .LASF9192
     /tmp/cc7KEiL4.s:97606  .debug_str:0000000000035597 .LASF9193
     /tmp/cc7KEiL4.s:92890  .debug_str:0000000000022079 .LASF9194
     /tmp/cc7KEiL4.s:93596  .debug_str:00000000000249e9 .LASF9195
     /tmp/cc7KEiL4.s:102488  .debug_str:00000000000498c0 .LASF9196
     /tmp/cc7KEiL4.s:89632  .debug_str:0000000000014190 .LASF9197
     /tmp/cc7KEiL4.s:32     .debug_info:0000000000000000 .Ldebug_info0
     /tmp/cc7KEiL4.s:67228  .debug_macro:0000000000000000 .Ldebug_macro2
     /tmp/cc7KEiL4.s:94216  .debug_str:0000000000027451 .LASF326
     /tmp/cc7KEiL4.s:68211  .debug_macro:0000000000000000 .Ldebug_macro3
     /tmp/cc7KEiL4.s:68375  .debug_macro:0000000000000000 .Ldebug_macro4
     /tmp/cc7KEiL4.s:90968  .debug_str:0000000000019ba6 .LASF385
     /tmp/cc7KEiL4.s:99648  .debug_str:000000000003d854 .LASF386
     /tmp/cc7KEiL4.s:97372  .debug_str:000000000003475a .LASF387
     /tmp/cc7KEiL4.s:68395  .debug_macro:0000000000000000 .Ldebug_macro5
     /tmp/cc7KEiL4.s:68415  .debug_macro:0000000000000000 .Ldebug_macro6
     /tmp/cc7KEiL4.s:68480  .debug_macro:0000000000000000 .Ldebug_macro7
     /tmp/cc7KEiL4.s:68521  .debug_macro:0000000000000000 .Ldebug_macro8
     /tmp/cc7KEiL4.s:68643  .debug_macro:0000000000000000 .Ldebug_macro9
     /tmp/cc7KEiL4.s:68699  .debug_macro:0000000000000000 .Ldebug_macro10
     /tmp/cc7KEiL4.s:90600  .debug_str:000000000001815b .LASF541
     /tmp/cc7KEiL4.s:68911  .debug_macro:0000000000000000 .Ldebug_macro11
     /tmp/cc7KEiL4.s:68922  .debug_macro:0000000000000000 .Ldebug_macro12
     /tmp/cc7KEiL4.s:70721  .debug_macro:0000000000000000 .Ldebug_macro13
     /tmp/cc7KEiL4.s:70747  .debug_macro:0000000000000000 .Ldebug_macro14
     /tmp/cc7KEiL4.s:91646  .debug_str:000000000001ca8a .LASF1175
     /tmp/cc7KEiL4.s:70830  .debug_macro:0000000000000000 .Ldebug_macro15
     /tmp/cc7KEiL4.s:99558  .debug_str:000000000003d2b8 .LASF3366
     /tmp/cc7KEiL4.s:77405  .debug_macro:0000000000000000 .Ldebug_macro16
     /tmp/cc7KEiL4.s:77422  .debug_macro:0000000000000000 .Ldebug_macro17
     /tmp/cc7KEiL4.s:77454  .debug_macro:0000000000000000 .Ldebug_macro18
     /tmp/cc7KEiL4.s:77471  .debug_macro:0000000000000000 .Ldebug_macro19
     /tmp/cc7KEiL4.s:77500  .debug_macro:0000000000000000 .Ldebug_macro20
     /tmp/cc7KEiL4.s:77562  .debug_macro:0000000000000000 .Ldebug_macro21
     /tmp/cc7KEiL4.s:77585  .debug_macro:0000000000000000 .Ldebug_macro22
     /tmp/cc7KEiL4.s:77644  .debug_macro:0000000000000000 .Ldebug_macro23
     /tmp/cc7KEiL4.s:80403  .debug_macro:0000000000000000 .Ldebug_macro24
     /tmp/cc7KEiL4.s:80447  .debug_macro:0000000000000000 .Ldebug_macro25
     /tmp/cc7KEiL4.s:80533  .debug_macro:0000000000000000 .Ldebug_macro26
     /tmp/cc7KEiL4.s:80562  .debug_macro:0000000000000000 .Ldebug_macro27
     /tmp/cc7KEiL4.s:80621  .debug_macro:0000000000000000 .Ldebug_macro28
     /tmp/cc7KEiL4.s:80683  .debug_macro:0000000000000000 .Ldebug_macro29
     /tmp/cc7KEiL4.s:80745  .debug_macro:0000000000000000 .Ldebug_macro30
     /tmp/cc7KEiL4.s:80807  .debug_macro:0000000000000000 .Ldebug_macro31
     /tmp/cc7KEiL4.s:80869  .debug_macro:0000000000000000 .Ldebug_macro32
     /tmp/cc7KEiL4.s:80931  .debug_macro:0000000000000000 .Ldebug_macro33
     /tmp/cc7KEiL4.s:80987  .debug_macro:0000000000000000 .Ldebug_macro34
     /tmp/cc7KEiL4.s:81043  .debug_macro:0000000000000000 .Ldebug_macro35
     /tmp/cc7KEiL4.s:81075  .debug_macro:0000000000000000 .Ldebug_macro36
     /tmp/cc7KEiL4.s:81095  .debug_macro:0000000000000000 .Ldebug_macro37
     /tmp/cc7KEiL4.s:81127  .debug_macro:0000000000000000 .Ldebug_macro38
     /tmp/cc7KEiL4.s:81159  .debug_macro:0000000000000000 .Ldebug_macro39
     /tmp/cc7KEiL4.s:81179  .debug_macro:0000000000000000 .Ldebug_macro40
     /tmp/cc7KEiL4.s:81199  .debug_macro:0000000000000000 .Ldebug_macro41
     /tmp/cc7KEiL4.s:81231  .debug_macro:0000000000000000 .Ldebug_macro42
     /tmp/cc7KEiL4.s:81245  .debug_macro:0000000000000000 .Ldebug_macro43
     /tmp/cc7KEiL4.s:81265  .debug_macro:0000000000000000 .Ldebug_macro44
     /tmp/cc7KEiL4.s:81366  .debug_macro:0000000000000000 .Ldebug_macro45
     /tmp/cc7KEiL4.s:81467  .debug_macro:0000000000000000 .Ldebug_macro46
     /tmp/cc7KEiL4.s:81484  .debug_macro:0000000000000000 .Ldebug_macro47
     /tmp/cc7KEiL4.s:81522  .debug_macro:0000000000000000 .Ldebug_macro48
     /tmp/cc7KEiL4.s:81545  .debug_macro:0000000000000000 .Ldebug_macro49
     /tmp/cc7KEiL4.s:81673  .debug_macro:0000000000000000 .Ldebug_macro50
     /tmp/cc7KEiL4.s:81687  .debug_macro:0000000000000000 .Ldebug_macro51
     /tmp/cc7KEiL4.s:81701  .debug_macro:0000000000000000 .Ldebug_macro52
     /tmp/cc7KEiL4.s:81757  .debug_macro:0000000000000000 .Ldebug_macro53
     /tmp/cc7KEiL4.s:82872  .debug_macro:0000000000000000 .Ldebug_macro54
     /tmp/cc7KEiL4.s:82904  .debug_macro:0000000000000000 .Ldebug_macro55
     /tmp/cc7KEiL4.s:82924  .debug_macro:0000000000000000 .Ldebug_macro56
     /tmp/cc7KEiL4.s:82968  .debug_macro:0000000000000000 .Ldebug_macro57
     /tmp/cc7KEiL4.s:83015  .debug_macro:0000000000000000 .Ldebug_macro58
     /tmp/cc7KEiL4.s:83062  .debug_macro:0000000000000000 .Ldebug_macro59
     /tmp/cc7KEiL4.s:83097  .debug_macro:0000000000000000 .Ldebug_macro60
     /tmp/cc7KEiL4.s:83120  .debug_macro:0000000000000000 .Ldebug_macro61
     /tmp/cc7KEiL4.s:84870  .debug_str:00000000000006ba .LASF5201
     /tmp/cc7KEiL4.s:83137  .debug_macro:0000000000000000 .Ldebug_macro62
     /tmp/cc7KEiL4.s:101608  .debug_str:0000000000045b57 .LASF5383
     /tmp/cc7KEiL4.s:83685  .debug_macro:0000000000000000 .Ldebug_macro63
     /tmp/cc7KEiL4.s:83702  .debug_macro:0000000000000000 .Ldebug_macro64
     /tmp/cc7KEiL4.s:83716  .debug_macro:0000000000000000 .Ldebug_macro65
     /tmp/cc7KEiL4.s:84015  .debug_macro:0000000000000000 .Ldebug_macro66
     /tmp/cc7KEiL4.s:84068  .debug_macro:0000000000000000 .Ldebug_macro67
     /tmp/cc7KEiL4.s:84088  .debug_macro:0000000000000000 .Ldebug_macro68
     /tmp/cc7KEiL4.s:95344  .debug_str:000000000002bc35 .LASF5549
     /tmp/cc7KEiL4.s:84210  .debug_macro:0000000000000000 .Ldebug_macro69
     /tmp/cc7KEiL4.s:84272  .debug_macro:0000000000000000 .Ldebug_macro70
     /tmp/cc7KEiL4.s:94058  .debug_str:00000000000268cd .LASF5571
     /tmp/cc7KEiL4.s:84283  .debug_macro:0000000000000000 .Ldebug_macro71
     /tmp/cc7KEiL4.s:84312  .debug_macro:0000000000000000 .Ldebug_macro72
     /tmp/cc7KEiL4.s:98448  .debug_str:00000000000387cf .LASF5599
     /tmp/cc7KEiL4.s:84374  .debug_macro:0000000000000000 .Ldebug_macro73
     /tmp/cc7KEiL4.s:90946  .debug_str:0000000000019a21 .LASF5619
     /tmp/cc7KEiL4.s:84436  .debug_macro:0000000000000000 .Ldebug_macro74
     /tmp/cc7KEiL4.s:84504  .debug_macro:0000000000000000 .Ldebug_macro75
     /tmp/cc7KEiL4.s:84527  .debug_macro:0000000000000000 .Ldebug_macro76
     /tmp/cc7KEiL4.s:84607  .debug_macro:0000000000000000 .Ldebug_macro77
     /tmp/cc7KEiL4.s:84738  .debug_macro:0000000000000000 .Ldebug_macro78
     /tmp/cc7KEiL4.s:84758  .debug_macro:0000000000000000 .Ldebug_macro79
     /tmp/cc7KEiL4.s:89382  .debug_str:000000000001324a .LASF0
     /tmp/cc7KEiL4.s:95876  .debug_str:000000000002e13e .LASF1
     /tmp/cc7KEiL4.s:93162  .debug_str:00000000000231ec .LASF2
     /tmp/cc7KEiL4.s:94338  .debug_str:0000000000027b61 .LASF3
     /tmp/cc7KEiL4.s:87986  .debug_str:000000000000dc5f .LASF4
     /tmp/cc7KEiL4.s:88160  .debug_str:000000000000e4fa .LASF5
     /tmp/cc7KEiL4.s:98380  .debug_str:000000000003831f .LASF6
     /tmp/cc7KEiL4.s:86958  .debug_str:0000000000009752 .LASF7
     /tmp/cc7KEiL4.s:85344  .debug_str:0000000000002806 .LASF8
     /tmp/cc7KEiL4.s:85036  .debug_str:00000000000011fc .LASF9
     /tmp/cc7KEiL4.s:97908  .debug_str:0000000000036818 .LASF10
     /tmp/cc7KEiL4.s:101430  .debug_str:0000000000044f84 .LASF11
     /tmp/cc7KEiL4.s:95576  .debug_str:000000000002cc49 .LASF12
     /tmp/cc7KEiL4.s:91450  .debug_str:000000000001bcc4 .LASF13
     /tmp/cc7KEiL4.s:87740  .debug_str:000000000000cca7 .LASF14
     /tmp/cc7KEiL4.s:88606  .debug_str:000000000000ff6b .LASF15
     /tmp/cc7KEiL4.s:95568  .debug_str:000000000002cbe6 .LASF16
     /tmp/cc7KEiL4.s:86986  .debug_str:00000000000098ec .LASF17
     /tmp/cc7KEiL4.s:100558  .debug_str:0000000000041698 .LASF18
     /tmp/cc7KEiL4.s:98982  .debug_str:000000000003ac29 .LASF19
     /tmp/cc7KEiL4.s:90454  .debug_str:00000000000178b5 .LASF20
     /tmp/cc7KEiL4.s:101384  .debug_str:0000000000044c61 .LASF21
     /tmp/cc7KEiL4.s:101122  .debug_str:0000000000043a85 .LASF22
     /tmp/cc7KEiL4.s:92524  .debug_str:00000000000207c9 .LASF23
     /tmp/cc7KEiL4.s:86320  .debug_str:0000000000006c41 .LASF24
     /tmp/cc7KEiL4.s:88100  .debug_str:000000000000e2ba .LASF25
     /tmp/cc7KEiL4.s:99964  .debug_str:000000000003ee36 .LASF26
     /tmp/cc7KEiL4.s:98306  .debug_str:0000000000037dd4 .LASF27
     /tmp/cc7KEiL4.s:87658  .debug_str:000000000000c71c .LASF28
     /tmp/cc7KEiL4.s:86724  .debug_str:000000000000867b .LASF29
     /tmp/cc7KEiL4.s:99846  .debug_str:000000000003e607 .LASF30
     /tmp/cc7KEiL4.s:98190  .debug_str:0000000000037644 .LASF31
     /tmp/cc7KEiL4.s:90172  .debug_str:0000000000016531 .LASF32
     /tmp/cc7KEiL4.s:97312  .debug_str:00000000000342ec .LASF33
     /tmp/cc7KEiL4.s:91118  .debug_str:000000000001a528 .LASF34
     /tmp/cc7KEiL4.s:95028  .debug_str:000000000002a861 .LASF35
     /tmp/cc7KEiL4.s:94716  .debug_str:0000000000029325 .LASF36
     /tmp/cc7KEiL4.s:87494  .debug_str:000000000000bc29 .LASF37
     /tmp/cc7KEiL4.s:89596  .debug_str:0000000000013ef7 .LASF38
     /tmp/cc7KEiL4.s:93948  .debug_str:00000000000261ba .LASF39
     /tmp/cc7KEiL4.s:103062  .debug_str:000000000004c1b2 .LASF40
     /tmp/cc7KEiL4.s:93022  .debug_str:0000000000022938 .LASF41
     /tmp/cc7KEiL4.s:94140  .debug_str:0000000000026ea4 .LASF42
     /tmp/cc7KEiL4.s:89558  .debug_str:0000000000013d32 .LASF43
     /tmp/cc7KEiL4.s:86188  .debug_str:000000000000624e .LASF44
     /tmp/cc7KEiL4.s:98788  .debug_str:0000000000039f90 .LASF45
     /tmp/cc7KEiL4.s:85498  .debug_str:00000000000032f6 .LASF46
     /tmp/cc7KEiL4.s:99718  .debug_str:000000000003dce4 .LASF47
     /tmp/cc7KEiL4.s:86160  .debug_str:000000000000607f .LASF48
     /tmp/cc7KEiL4.s:98302  .debug_str:0000000000037d9d .LASF49
     /tmp/cc7KEiL4.s:95302  .debug_str:000000000002b9a2 .LASF50
     /tmp/cc7KEiL4.s:91692  .debug_str:000000000001cde5 .LASF51
     /tmp/cc7KEiL4.s:87502  .debug_str:000000000000bcad .LASF52
     /tmp/cc7KEiL4.s:86378  .debug_str:000000000000700f .LASF53
     /tmp/cc7KEiL4.s:90540  .debug_str:0000000000017d3d .LASF54
     /tmp/cc7KEiL4.s:97058  .debug_str:0000000000033196 .LASF55
     /tmp/cc7KEiL4.s:85190  .debug_str:0000000000001c89 .LASF56
     /tmp/cc7KEiL4.s:87618  .debug_str:000000000000c4a8 .LASF57
     /tmp/cc7KEiL4.s:101120  .debug_str:0000000000043a5c .LASF58
     /tmp/cc7KEiL4.s:99612  .debug_str:000000000003d611 .LASF59
     /tmp/cc7KEiL4.s:102228  .debug_str:00000000000485fa .LASF60
     /tmp/cc7KEiL4.s:100774  .debug_str:00000000000424a5 .LASF61
     /tmp/cc7KEiL4.s:95270  .debug_str:000000000002b728 .LASF62
     /tmp/cc7KEiL4.s:100836  .debug_str:000000000004287d .LASF63
     /tmp/cc7KEiL4.s:94256  .debug_str:0000000000027699 .LASF64
     /tmp/cc7KEiL4.s:99510  .debug_str:000000000003cfdb .LASF65
     /tmp/cc7KEiL4.s:93628  .debug_str:0000000000024c1b .LASF66
     /tmp/cc7KEiL4.s:94930  .debug_str:000000000002a1a9 .LASF67
     /tmp/cc7KEiL4.s:96268  .debug_str:000000000002fb53 .LASF68
     /tmp/cc7KEiL4.s:91742  .debug_str:000000000001d12b .LASF69
     /tmp/cc7KEiL4.s:100894  .debug_str:0000000000042bd6 .LASF70
     /tmp/cc7KEiL4.s:98686  .debug_str:0000000000039817 .LASF71
     /tmp/cc7KEiL4.s:103064  .debug_str:000000000004c1cb .LASF72
     /tmp/cc7KEiL4.s:90086  .debug_str:0000000000015f70 .LASF73
     /tmp/cc7KEiL4.s:85294  .debug_str:00000000000023e3 .LASF74
     /tmp/cc7KEiL4.s:101334  .debug_str:00000000000448c7 .LASF75
     /tmp/cc7KEiL4.s:93528  .debug_str:00000000000245bd .LASF76
     /tmp/cc7KEiL4.s:90130  .debug_str:00000000000161f6 .LASF77
     /tmp/cc7KEiL4.s:92870  .debug_str:0000000000021f09 .LASF78
     /tmp/cc7KEiL4.s:86770  .debug_str:00000000000089dd .LASF79
     /tmp/cc7KEiL4.s:96482  .debug_str:0000000000030ad3 .LASF80
     /tmp/cc7KEiL4.s:94612  .debug_str:0000000000028cb4 .LASF81
     /tmp/cc7KEiL4.s:96030  .debug_str:000000000002ec4d .LASF82
     /tmp/cc7KEiL4.s:89356  .debug_str:0000000000013070 .LASF83
     /tmp/cc7KEiL4.s:86940  .debug_str:00000000000095ed .LASF84
     /tmp/cc7KEiL4.s:86966  .debug_str:00000000000097ec .LASF85
     /tmp/cc7KEiL4.s:88592  .debug_str:000000000000fe95 .LASF86
     /tmp/cc7KEiL4.s:94976  .debug_str:000000000002a4a0 .LASF87
     /tmp/cc7KEiL4.s:96646  .debug_str:0000000000031617 .LASF88
     /tmp/cc7KEiL4.s:93206  .debug_str:0000000000023469 .LASF89
     /tmp/cc7KEiL4.s:101688  .debug_str:0000000000046133 .LASF90
     /tmp/cc7KEiL4.s:86252  .debug_str:0000000000006732 .LASF91
     /tmp/cc7KEiL4.s:93874  .debug_str:0000000000025cda .LASF92
     /tmp/cc7KEiL4.s:90786  .debug_str:0000000000018df3 .LASF93
     /tmp/cc7KEiL4.s:92882  .debug_str:0000000000022010 .LASF94
     /tmp/cc7KEiL4.s:101710  .debug_str:000000000004631e .LASF95
     /tmp/cc7KEiL4.s:102118  .debug_str:0000000000047ea8 .LASF96
     /tmp/cc7KEiL4.s:96318  .debug_str:000000000002fe85 .LASF97
     /tmp/cc7KEiL4.s:92484  .debug_str:00000000000205dc .LASF98
     /tmp/cc7KEiL4.s:87992  .debug_str:000000000000dc94 .LASF99
     /tmp/cc7KEiL4.s:96478  .debug_str:0000000000030a98 .LASF100
     /tmp/cc7KEiL4.s:98426  .debug_str:000000000003864e .LASF101
     /tmp/cc7KEiL4.s:97848  .debug_str:00000000000363d5 .LASF102
     /tmp/cc7KEiL4.s:85468  .debug_str:00000000000030e2 .LASF103
     /tmp/cc7KEiL4.s:95128  .debug_str:000000000002ae94 .LASF104
     /tmp/cc7KEiL4.s:87664  .debug_str:000000000000c779 .LASF105
     /tmp/cc7KEiL4.s:95012  .debug_str:000000000002a7a8 .LASF106
     /tmp/cc7KEiL4.s:93086  .debug_str:0000000000022dd0 .LASF107
     /tmp/cc7KEiL4.s:94820  .debug_str:0000000000029a4f .LASF108
     /tmp/cc7KEiL4.s:85832  .debug_str:0000000000004a0d .LASF109
     /tmp/cc7KEiL4.s:97498  .debug_str:0000000000034f94 .LASF110
     /tmp/cc7KEiL4.s:95980  .debug_str:000000000002e8bd .LASF111
     /tmp/cc7KEiL4.s:98298  .debug_str:0000000000037d73 .LASF112
     /tmp/cc7KEiL4.s:87806  .debug_str:000000000000d101 .LASF113
     /tmp/cc7KEiL4.s:98248  .debug_str:000000000003796d .LASF114
     /tmp/cc7KEiL4.s:84938  .debug_str:0000000000000b34 .LASF115
     /tmp/cc7KEiL4.s:100120  .debug_str:000000000003f98c .LASF116
     /tmp/cc7KEiL4.s:101502  .debug_str:00000000000453fe .LASF117
     /tmp/cc7KEiL4.s:93424  .debug_str:0000000000024024 .LASF118
     /tmp/cc7KEiL4.s:89142  .debug_str:000000000001228a .LASF119
     /tmp/cc7KEiL4.s:89664  .debug_str:000000000001439e .LASF120
     /tmp/cc7KEiL4.s:97492  .debug_str:0000000000034f27 .LASF121
     /tmp/cc7KEiL4.s:95306  .debug_str:000000000002b9d6 .LASF122
     /tmp/cc7KEiL4.s:88520  .debug_str:000000000000fa7c .LASF123
     /tmp/cc7KEiL4.s:89886  .debug_str:00000000000151ea .LASF124
     /tmp/cc7KEiL4.s:88716  .debug_str:0000000000010611 .LASF125
     /tmp/cc7KEiL4.s:90742  .debug_str:0000000000018b19 .LASF126
     /tmp/cc7KEiL4.s:97988  .debug_str:0000000000036c15 .LASF127
     /tmp/cc7KEiL4.s:99506  .debug_str:000000000003cf9b .LASF128
     /tmp/cc7KEiL4.s:99154  .debug_str:000000000003b88a .LASF129
     /tmp/cc7KEiL4.s:98420  .debug_str:00000000000385cf .LASF130
     /tmp/cc7KEiL4.s:94448  .debug_str:00000000000282ad .LASF131
     /tmp/cc7KEiL4.s:99036  .debug_str:000000000003afd3 .LASF132
     /tmp/cc7KEiL4.s:88888  .debug_str:000000000001113d .LASF133
     /tmp/cc7KEiL4.s:92634  .debug_str:0000000000020e56 .LASF134
     /tmp/cc7KEiL4.s:94514  .debug_str:0000000000028741 .LASF135
     /tmp/cc7KEiL4.s:89226  .debug_str:0000000000012884 .LASF136
     /tmp/cc7KEiL4.s:101260  .debug_str:000000000004436f .LASF137
     /tmp/cc7KEiL4.s:99332  .debug_str:000000000003c38f .LASF138
     /tmp/cc7KEiL4.s:99504  .debug_str:000000000003cf7b .LASF139
     /tmp/cc7KEiL4.s:91614  .debug_str:000000000001c809 .LASF140
     /tmp/cc7KEiL4.s:97564  .debug_str:00000000000353e1 .LASF141
     /tmp/cc7KEiL4.s:89794  .debug_str:0000000000014c73 .LASF142
     /tmp/cc7KEiL4.s:102254  .debug_str:00000000000487ec .LASF143
     /tmp/cc7KEiL4.s:94362  .debug_str:0000000000027ce7 .LASF144
     /tmp/cc7KEiL4.s:93344  .debug_str:0000000000023c52 .LASF145
     /tmp/cc7KEiL4.s:88944  .debug_str:0000000000011512 .LASF146
     /tmp/cc7KEiL4.s:87594  .debug_str:000000000000c2bc .LASF147
     /tmp/cc7KEiL4.s:88532  .debug_str:000000000000fafe .LASF148
     /tmp/cc7KEiL4.s:89282  .debug_str:0000000000012bee .LASF149
     /tmp/cc7KEiL4.s:92020  .debug_str:000000000001e48d .LASF150
     /tmp/cc7KEiL4.s:96028  .debug_str:000000000002ec39 .LASF151
     /tmp/cc7KEiL4.s:99554  .debug_str:000000000003d291 .LASF152
     /tmp/cc7KEiL4.s:90822  .debug_str:00000000000190bb .LASF153
     /tmp/cc7KEiL4.s:93478  .debug_str:000000000002424b .LASF154
     /tmp/cc7KEiL4.s:86916  .debug_str:00000000000093f5 .LASF155
     /tmp/cc7KEiL4.s:99958  .debug_str:000000000003edf9 .LASF156
     /tmp/cc7KEiL4.s:89252  .debug_str:0000000000012a88 .LASF157
     /tmp/cc7KEiL4.s:101312  .debug_str:000000000004470a .LASF158
     /tmp/cc7KEiL4.s:95142  .debug_str:000000000002af3f .LASF159
     /tmp/cc7KEiL4.s:86004  .debug_str:00000000000055f2 .LASF160
     /tmp/cc7KEiL4.s:86248  .debug_str:00000000000066b0 .LASF161
     /tmp/cc7KEiL4.s:102526  .debug_str:0000000000049b1b .LASF162
     /tmp/cc7KEiL4.s:99762  .debug_str:000000000003e022 .LASF163
     /tmp/cc7KEiL4.s:102048  .debug_str:000000000004798c .LASF164
     /tmp/cc7KEiL4.s:89010  .debug_str:00000000000119f7 .LASF165
     /tmp/cc7KEiL4.s:89802  .debug_str:0000000000014cf4 .LASF166
     /tmp/cc7KEiL4.s:101804  .debug_str:00000000000468e6 .LASF167
     /tmp/cc7KEiL4.s:96324  .debug_str:000000000002fef1 .LASF168
     /tmp/cc7KEiL4.s:89090  .debug_str:0000000000011f1d .LASF169
     /tmp/cc7KEiL4.s:85284  .debug_str:0000000000002321 .LASF170
     /tmp/cc7KEiL4.s:95360  .debug_str:000000000002bd38 .LASF171
     /tmp/cc7KEiL4.s:98510  .debug_str:0000000000038bae .LASF172
     /tmp/cc7KEiL4.s:97006  .debug_str:0000000000032e00 .LASF173
     /tmp/cc7KEiL4.s:95812  .debug_str:000000000002dc79 .LASF174
     /tmp/cc7KEiL4.s:87234  .debug_str:000000000000a944 .LASF175
     /tmp/cc7KEiL4.s:98694  .debug_str:00000000000398a8 .LASF176
     /tmp/cc7KEiL4.s:96264  .debug_str:000000000002fb24 .LASF177
     /tmp/cc7KEiL4.s:89290  .debug_str:0000000000012c78 .LASF178
     /tmp/cc7KEiL4.s:89220  .debug_str:0000000000012848 .LASF179
     /tmp/cc7KEiL4.s:97818  .debug_str:00000000000362ee .LASF180
     /tmp/cc7KEiL4.s:95262  .debug_str:000000000002b6a2 .LASF181
     /tmp/cc7KEiL4.s:97032  .debug_str:0000000000032ff6 .LASF182
     /tmp/cc7KEiL4.s:89324  .debug_str:0000000000012e61 .LASF183
     /tmp/cc7KEiL4.s:102168  .debug_str:00000000000481e4 .LASF184
     /tmp/cc7KEiL4.s:86984  .debug_str:00000000000098d5 .LASF185
     /tmp/cc7KEiL4.s:101434  .debug_str:0000000000044fa5 .LASF186
     /tmp/cc7KEiL4.s:92774  .debug_str:0000000000021825 .LASF187
     /tmp/cc7KEiL4.s:90076  .debug_str:0000000000015ec1 .LASF188
     /tmp/cc7KEiL4.s:93622  .debug_str:0000000000024b7c .LASF189
     /tmp/cc7KEiL4.s:85882  .debug_str:0000000000004d56 .LASF190
     /tmp/cc7KEiL4.s:85768  .debug_str:000000000000452e .LASF191
     /tmp/cc7KEiL4.s:89204  .debug_str:0000000000012726 .LASF192
     /tmp/cc7KEiL4.s:102758  .debug_str:000000000004accf .LASF193
     /tmp/cc7KEiL4.s:99236  .debug_str:000000000003bde5 .LASF194
     /tmp/cc7KEiL4.s:91920  .debug_str:000000000001dda9 .LASF195
     /tmp/cc7KEiL4.s:85772  .debug_str:000000000000457e .LASF196
     /tmp/cc7KEiL4.s:99584  .debug_str:000000000003d43a .LASF197
     /tmp/cc7KEiL4.s:100994  .debug_str:0000000000043213 .LASF198
     /tmp/cc7KEiL4.s:92942  .debug_str:00000000000223de .LASF199
     /tmp/cc7KEiL4.s:84836  .debug_str:000000000000041f .LASF200
     /tmp/cc7KEiL4.s:85492  .debug_str:0000000000003295 .LASF201
     /tmp/cc7KEiL4.s:100138  .debug_str:000000000003fa9e .LASF202
     /tmp/cc7KEiL4.s:95540  .debug_str:000000000002c9eb .LASF203
     /tmp/cc7KEiL4.s:101650  .debug_str:0000000000045e4f .LASF204
     /tmp/cc7KEiL4.s:98196  .debug_str:00000000000376a5 .LASF205
     /tmp/cc7KEiL4.s:85944  .debug_str:000000000000511f .LASF206
     /tmp/cc7KEiL4.s:101620  .debug_str:0000000000045c2f .LASF207
     /tmp/cc7KEiL4.s:93074  .debug_str:0000000000022d07 .LASF208
     /tmp/cc7KEiL4.s:100122  .debug_str:000000000003f9ab .LASF209
     /tmp/cc7KEiL4.s:91722  .debug_str:000000000001d024 .LASF210
     /tmp/cc7KEiL4.s:94782  .debug_str:0000000000029841 .LASF211
     /tmp/cc7KEiL4.s:90186  .debug_str:0000000000016653 .LASF212
     /tmp/cc7KEiL4.s:87920  .debug_str:000000000000d80e .LASF213
     /tmp/cc7KEiL4.s:102870  .debug_str:000000000004b45c .LASF214
     /tmp/cc7KEiL4.s:100244  .debug_str:0000000000040122 .LASF215
     /tmp/cc7KEiL4.s:90258  .debug_str:0000000000016b75 .LASF216
     /tmp/cc7KEiL4.s:93336  .debug_str:0000000000023bbd .LASF217
     /tmp/cc7KEiL4.s:91708  .debug_str:000000000001cee7 .LASF218
     /tmp/cc7KEiL4.s:90032  .debug_str:0000000000015bc8 .LASF219
     /tmp/cc7KEiL4.s:96908  .debug_str:00000000000327d3 .LASF220
     /tmp/cc7KEiL4.s:86076  .debug_str:0000000000005b43 .LASF221
     /tmp/cc7KEiL4.s:92734  .debug_str:00000000000215ed .LASF222
     /tmp/cc7KEiL4.s:102678  .debug_str:000000000004a7a3 .LASF223
     /tmp/cc7KEiL4.s:99186  .debug_str:000000000003bac2 .LASF224
     /tmp/cc7KEiL4.s:89466  .debug_str:000000000001378e .LASF225
     /tmp/cc7KEiL4.s:100698  .debug_str:0000000000041ff5 .LASF226
     /tmp/cc7KEiL4.s:102402  .debug_str:0000000000049229 .LASF227
     /tmp/cc7KEiL4.s:90798  .debug_str:0000000000018efc .LASF228
     /tmp/cc7KEiL4.s:99114  .debug_str:000000000003b5da .LASF229
     /tmp/cc7KEiL4.s:90884  .debug_str:00000000000194eb .LASF230
     /tmp/cc7KEiL4.s:97846  .debug_str:00000000000363ba .LASF231
     /tmp/cc7KEiL4.s:86974  .debug_str:0000000000009852 .LASF232
     /tmp/cc7KEiL4.s:87240  .debug_str:000000000000a9c9 .LASF233
     /tmp/cc7KEiL4.s:90916  .debug_str:00000000000197a2 .LASF234
     /tmp/cc7KEiL4.s:88736  .debug_str:0000000000010766 .LASF235
     /tmp/cc7KEiL4.s:86014  .debug_str:00000000000056a9 .LASF236
     /tmp/cc7KEiL4.s:98812  .debug_str:000000000003a15d .LASF237
     /tmp/cc7KEiL4.s:96084  .debug_str:000000000002efa2 .LASF238
     /tmp/cc7KEiL4.s:88434  .debug_str:000000000000f5f4 .LASF239
     /tmp/cc7KEiL4.s:88098  .debug_str:000000000000e2a3 .LASF240
     /tmp/cc7KEiL4.s:102070  .debug_str:0000000000047b04 .LASF241
     /tmp/cc7KEiL4.s:90356  .debug_str:0000000000017195 .LASF242
     /tmp/cc7KEiL4.s:91580  .debug_str:000000000001c5d1 .LASF243
     /tmp/cc7KEiL4.s:86218  .debug_str:000000000000646b .LASF244
     /tmp/cc7KEiL4.s:89276  .debug_str:0000000000012bab .LASF245
     /tmp/cc7KEiL4.s:100848  .debug_str:000000000004290b .LASF246
     /tmp/cc7KEiL4.s:97198  .debug_str:0000000000033b79 .LASF247
     /tmp/cc7KEiL4.s:90338  .debug_str:000000000001707a .LASF248
     /tmp/cc7KEiL4.s:99914  .debug_str:000000000003eb14 .LASF249
     /tmp/cc7KEiL4.s:92872  .debug_str:0000000000021f30 .LASF250
     /tmp/cc7KEiL4.s:97194  .debug_str:0000000000033b4e .LASF251
     /tmp/cc7KEiL4.s:91656  .debug_str:000000000001cb24 .LASF252
     /tmp/cc7KEiL4.s:101698  .debug_str:00000000000461e2 .LASF253
     /tmp/cc7KEiL4.s:91104  .debug_str:000000000001a452 .LASF254
     /tmp/cc7KEiL4.s:97712  .debug_str:0000000000035c8e .LASF255
     /tmp/cc7KEiL4.s:85574  .debug_str:00000000000037bb .LASF256
     /tmp/cc7KEiL4.s:98718  .debug_str:0000000000039a6c .LASF257
     /tmp/cc7KEiL4.s:86286  .debug_str:0000000000006974 .LASF258
     /tmp/cc7KEiL4.s:86566  .debug_str:0000000000007b91 .LASF259
     /tmp/cc7KEiL4.s:101994  .debug_str:000000000004756a .LASF260
     /tmp/cc7KEiL4.s:99992  .debug_str:000000000003f040 .LASF261
     /tmp/cc7KEiL4.s:88294  .debug_str:000000000000ecfb .LASF262
     /tmp/cc7KEiL4.s:91754  .debug_str:000000000001d1ee .LASF263
     /tmp/cc7KEiL4.s:101092  .debug_str:00000000000437d1 .LASF264
     /tmp/cc7KEiL4.s:98880  .debug_str:000000000003a5b7 .LASF265
     /tmp/cc7KEiL4.s:94960  .debug_str:000000000002a3ab .LASF266
     /tmp/cc7KEiL4.s:87470  .debug_str:000000000000bab1 .LASF267
     /tmp/cc7KEiL4.s:92710  .debug_str:00000000000213f6 .LASF268
     /tmp/cc7KEiL4.s:95428  .debug_str:000000000002c1f7 .LASF269
     /tmp/cc7KEiL4.s:92036  .debug_str:000000000001e575 .LASF270
     /tmp/cc7KEiL4.s:97774  .debug_str:0000000000035fe5 .LASF271
     /tmp/cc7KEiL4.s:96356  .debug_str:0000000000030146 .LASF272
     /tmp/cc7KEiL4.s:88270  .debug_str:000000000000eb59 .LASF273
     /tmp/cc7KEiL4.s:102158  .debug_str:0000000000048158 .LASF274
     /tmp/cc7KEiL4.s:89380  .debug_str:0000000000013223 .LASF275
     /tmp/cc7KEiL4.s:91672  .debug_str:000000000001cc4f .LASF276
     /tmp/cc7KEiL4.s:98220  .debug_str:000000000003781b .LASF277
     /tmp/cc7KEiL4.s:93870  .debug_str:0000000000025c86 .LASF278
     /tmp/cc7KEiL4.s:84922  .debug_str:0000000000000a61 .LASF279
     /tmp/cc7KEiL4.s:97536  .debug_str:00000000000351b0 .LASF280
     /tmp/cc7KEiL4.s:96446  .debug_str:0000000000030817 .LASF281
     /tmp/cc7KEiL4.s:102282  .debug_str:00000000000489c2 .LASF282
     /tmp/cc7KEiL4.s:94696  .debug_str:00000000000291ff .LASF283
     /tmp/cc7KEiL4.s:99698  .debug_str:000000000003db59 .LASF284
     /tmp/cc7KEiL4.s:85152  .debug_str:00000000000019bb .LASF285
     /tmp/cc7KEiL4.s:103166  .debug_str:000000000004c8cd .LASF286
     /tmp/cc7KEiL4.s:96462  .debug_str:000000000003094f .LASF287
     /tmp/cc7KEiL4.s:96258  .debug_str:000000000002fada .LASF288
     /tmp/cc7KEiL4.s:90026  .debug_str:0000000000015b28 .LASF289
     /tmp/cc7KEiL4.s:102866  .debug_str:000000000004b42e .LASF290
     /tmp/cc7KEiL4.s:101618  .debug_str:0000000000045c18 .LASF291
     /tmp/cc7KEiL4.s:90274  .debug_str:0000000000016cde .LASF292
     /tmp/cc7KEiL4.s:98860  .debug_str:000000000003a42f .LASF293
     /tmp/cc7KEiL4.s:100572  .debug_str:000000000004176e .LASF294
     /tmp/cc7KEiL4.s:97624  .debug_str:0000000000035705 .LASF295
     /tmp/cc7KEiL4.s:86480  .debug_str:0000000000007678 .LASF296
     /tmp/cc7KEiL4.s:94352  .debug_str:0000000000027c2a .LASF297
     /tmp/cc7KEiL4.s:92094  .debug_str:000000000001ea2f .LASF298
     /tmp/cc7KEiL4.s:99626  .debug_str:000000000003d6d7 .LASF299
     /tmp/cc7KEiL4.s:87314  .debug_str:000000000000af9d .LASF300
     /tmp/cc7KEiL4.s:99796  .debug_str:000000000003e263 .LASF301
     /tmp/cc7KEiL4.s:89770  .debug_str:0000000000014acb .LASF302
     /tmp/cc7KEiL4.s:99736  .debug_str:000000000003de13 .LASF303
     /tmp/cc7KEiL4.s:101348  .debug_str:00000000000449fc .LASF304
     /tmp/cc7KEiL4.s:93708  .debug_str:000000000002521f .LASF305
     /tmp/cc7KEiL4.s:98338  .debug_str:0000000000037ff3 .LASF306
     /tmp/cc7KEiL4.s:96502  .debug_str:0000000000030c0e .LASF307
     /tmp/cc7KEiL4.s:92898  .debug_str:000000000002212c .LASF308
     /tmp/cc7KEiL4.s:101644  .debug_str:0000000000045ded .LASF309
     /tmp/cc7KEiL4.s:101656  .debug_str:0000000000045edd .LASF310
     /tmp/cc7KEiL4.s:95934  .debug_str:000000000002e545 .LASF311
     /tmp/cc7KEiL4.s:86502  .debug_str:00000000000077f5 .LASF312
     /tmp/cc7KEiL4.s:84930  .debug_str:0000000000000ab2 .LASF313
     /tmp/cc7KEiL4.s:98214  .debug_str:00000000000377d1 .LASF314
     /tmp/cc7KEiL4.s:96652  .debug_str:00000000000316a4 .LASF315
     /tmp/cc7KEiL4.s:97476  .debug_str:0000000000034e20 .LASF316
     /tmp/cc7KEiL4.s:84998  .debug_str:0000000000000f4a .LASF317
     /tmp/cc7KEiL4.s:91596  .debug_str:000000000001c6e2 .LASF318
     /tmp/cc7KEiL4.s:92740  .debug_str:0000000000021639 .LASF319
     /tmp/cc7KEiL4.s:92104  .debug_str:000000000001eb10 .LASF320
     /tmp/cc7KEiL4.s:101876  .debug_str:0000000000046daf .LASF321
     /tmp/cc7KEiL4.s:99468  .debug_str:000000000003cce3 .LASF322
     /tmp/cc7KEiL4.s:96092  .debug_str:000000000002f036 .LASF323
     /tmp/cc7KEiL4.s:89920  .debug_str:0000000000015411 .LASF324
     /tmp/cc7KEiL4.s:94074  .debug_str:0000000000026a07 .LASF325
     /tmp/cc7KEiL4.s:103128  .debug_str:000000000004c631 .LASF327
     /tmp/cc7KEiL4.s:90634  .debug_str:00000000000183d7 .LASF328
     /tmp/cc7KEiL4.s:93668  .debug_str:0000000000024f05 .LASF329
     /tmp/cc7KEiL4.s:98904  .debug_str:000000000003a759 .LASF330
     /tmp/cc7KEiL4.s:86756  .debug_str:00000000000088cb .LASF331
     /tmp/cc7KEiL4.s:101796  .debug_str:0000000000046886 .LASF332
     /tmp/cc7KEiL4.s:101278  .debug_str:00000000000444a3 .LASF333
     /tmp/cc7KEiL4.s:91972  .debug_str:000000000001e177 .LASF334
     /tmp/cc7KEiL4.s:90534  .debug_str:0000000000017cac .LASF335
     /tmp/cc7KEiL4.s:89666  .debug_str:00000000000143b2 .LASF336
     /tmp/cc7KEiL4.s:101244  .debug_str:000000000004425c .LASF337
     /tmp/cc7KEiL4.s:95048  .debug_str:000000000002a975 .LASF338
     /tmp/cc7KEiL4.s:100294  .debug_str:00000000000404a9 .LASF339
     /tmp/cc7KEiL4.s:98976  .debug_str:000000000003abe0 .LASF340
     /tmp/cc7KEiL4.s:99372  .debug_str:000000000003c68c .LASF341
     /tmp/cc7KEiL4.s:92974  .debug_str:00000000000225cd .LASF342
     /tmp/cc7KEiL4.s:102152  .debug_str:0000000000048113 .LASF343
     /tmp/cc7KEiL4.s:99722  .debug_str:000000000003dd15 .LASF344
     /tmp/cc7KEiL4.s:96196  .debug_str:000000000002f6cb .LASF345
     /tmp/cc7KEiL4.s:99078  .debug_str:000000000003b2bb .LASF346
     /tmp/cc7KEiL4.s:87730  .debug_str:000000000000cbff .LASF347
     /tmp/cc7KEiL4.s:101694  .debug_str:0000000000046193 .LASF348
     /tmp/cc7KEiL4.s:99672  .debug_str:000000000003d993 .LASF349
     /tmp/cc7KEiL4.s:86428  .debug_str:0000000000007325 .LASF350
     /tmp/cc7KEiL4.s:85360  .debug_str:00000000000028f4 .LASF351
     /tmp/cc7KEiL4.s:89196  .debug_str:000000000001265a .LASF352
     /tmp/cc7KEiL4.s:92150  .debug_str:000000000001ede5 .LASF353
     /tmp/cc7KEiL4.s:95894  .debug_str:000000000002e27d .LASF354
     /tmp/cc7KEiL4.s:86684  .debug_str:00000000000083b5 .LASF355
     /tmp/cc7KEiL4.s:91452  .debug_str:000000000001bcd7 .LASF356
     /tmp/cc7KEiL4.s:86720  .debug_str:0000000000008656 .LASF357
     /tmp/cc7KEiL4.s:96832  .debug_str:0000000000032252 .LASF358
     /tmp/cc7KEiL4.s:94810  .debug_str:0000000000029a0f .LASF359
     /tmp/cc7KEiL4.s:90286  .debug_str:0000000000016dc0 .LASF360
     /tmp/cc7KEiL4.s:95770  .debug_str:000000000002d97c .LASF361
     /tmp/cc7KEiL4.s:103140  .debug_str:000000000004c722 .LASF362
     /tmp/cc7KEiL4.s:101776  .debug_str:0000000000046787 .LASF363
     /tmp/cc7KEiL4.s:97550  .debug_str:00000000000352df .LASF364
     /tmp/cc7KEiL4.s:92626  .debug_str:0000000000020df2 .LASF365
     /tmp/cc7KEiL4.s:86550  .debug_str:0000000000007a85 .LASF366
     /tmp/cc7KEiL4.s:85660  .debug_str:0000000000003dc6 .LASF367
     /tmp/cc7KEiL4.s:85862  .debug_str:0000000000004be6 .LASF368
     /tmp/cc7KEiL4.s:102166  .debug_str:00000000000481d2 .LASF369
     /tmp/cc7KEiL4.s:94112  .debug_str:0000000000026d03 .LASF370
     /tmp/cc7KEiL4.s:100150  .debug_str:000000000003fb56 .LASF371
     /tmp/cc7KEiL4.s:88672  .debug_str:0000000000010342 .LASF372
     /tmp/cc7KEiL4.s:99570  .debug_str:000000000003d37e .LASF373
     /tmp/cc7KEiL4.s:98524  .debug_str:0000000000038cc4 .LASF374
     /tmp/cc7KEiL4.s:95256  .debug_str:000000000002b632 .LASF375
     /tmp/cc7KEiL4.s:93760  .debug_str:0000000000025556 .LASF376
     /tmp/cc7KEiL4.s:88430  .debug_str:000000000000f5d3 .LASF377
     /tmp/cc7KEiL4.s:91252  .debug_str:000000000001af11 .LASF378
     /tmp/cc7KEiL4.s:97200  .debug_str:0000000000033bb7 .LASF379
     /tmp/cc7KEiL4.s:87954  .debug_str:000000000000da39 .LASF380
     /tmp/cc7KEiL4.s:90644  .debug_str:00000000000184aa .LASF381
     /tmp/cc7KEiL4.s:94700  .debug_str:0000000000029233 .LASF382
     /tmp/cc7KEiL4.s:94344  .debug_str:0000000000027bbc .LASF383
     /tmp/cc7KEiL4.s:102858  .debug_str:000000000004b3ab .LASF384
     /tmp/cc7KEiL4.s:90740  .debug_str:0000000000018b03 .LASF388
     /tmp/cc7KEiL4.s:97346  .debug_str:0000000000034551 .LASF389
     /tmp/cc7KEiL4.s:94686  .debug_str:0000000000029197 .LASF390
     /tmp/cc7KEiL4.s:89472  .debug_str:00000000000137d0 .LASF391
     /tmp/cc7KEiL4.s:97994  .debug_str:0000000000036c85 .LASF392
     /tmp/cc7KEiL4.s:95250  .debug_str:000000000002b592 .LASF393
     /tmp/cc7KEiL4.s:86140  .debug_str:0000000000005f45 .LASF394
     /tmp/cc7KEiL4.s:99250  .debug_str:000000000003bef6 .LASF395
     /tmp/cc7KEiL4.s:84888  .debug_str:00000000000007ee .LASF396
     /tmp/cc7KEiL4.s:89626  .debug_str:0000000000014123 .LASF397
     /tmp/cc7KEiL4.s:91704  .debug_str:000000000001ce9e .LASF398
     /tmp/cc7KEiL4.s:91176  .debug_str:000000000001a9cd .LASF399
     /tmp/cc7KEiL4.s:89698  .debug_str:00000000000145ef .LASF400
     /tmp/cc7KEiL4.s:94596  .debug_str:0000000000028bef .LASF401
     /tmp/cc7KEiL4.s:99452  .debug_str:000000000003cbd9 .LASF402
     /tmp/cc7KEiL4.s:99860  .debug_str:000000000003e729 .LASF403
     /tmp/cc7KEiL4.s:98064  .debug_str:0000000000036fc6 .LASF404
     /tmp/cc7KEiL4.s:89804  .debug_str:0000000000014d08 .LASF405
     /tmp/cc7KEiL4.s:90672  .debug_str:000000000001868b .LASF406
     /tmp/cc7KEiL4.s:93468  .debug_str:00000000000241e6 .LASF407
     /tmp/cc7KEiL4.s:95592  .debug_str:000000000002cd1c .LASF408
     /tmp/cc7KEiL4.s:87884  .debug_str:000000000000d568 .LASF409
     /tmp/cc7KEiL4.s:91194  .debug_str:000000000001ab08 .LASF410
     /tmp/cc7KEiL4.s:90888  .debug_str:000000000001950c .LASF411
     /tmp/cc7KEiL4.s:87800  .debug_str:000000000000d0bd .LASF412
     /tmp/cc7KEiL4.s:90328  .debug_str:0000000000016fd5 .LASF413
     /tmp/cc7KEiL4.s:100614  .debug_str:0000000000041a60 .LASF414
     /tmp/cc7KEiL4.s:88652  .debug_str:00000000000101a6 .LASF415
     /tmp/cc7KEiL4.s:85620  .debug_str:0000000000003aef .LASF416
     /tmp/cc7KEiL4.s:89434  .debug_str:000000000001354c .LASF417
     /tmp/cc7KEiL4.s:100918  .debug_str:0000000000042d91 .LASF418
     /tmp/cc7KEiL4.s:90506  .debug_str:0000000000017b79 .LASF419
     /tmp/cc7KEiL4.s:88454  .debug_str:000000000000f749 .LASF420
     /tmp/cc7KEiL4.s:95758  .debug_str:000000000002d8e8 .LASF421
     /tmp/cc7KEiL4.s:98950  .debug_str:000000000003aa67 .LASF422
     /tmp/cc7KEiL4.s:96376  .debug_str:0000000000030330 .LASF423
     /tmp/cc7KEiL4.s:96262  .debug_str:000000000002fb1e .LASF424
     /tmp/cc7KEiL4.s:100710  .debug_str:00000000000420bc .LASF425
     /tmp/cc7KEiL4.s:85132  .debug_str:0000000000001849 .LASF426
     /tmp/cc7KEiL4.s:97394  .debug_str:00000000000348a2 .LASF427
     /tmp/cc7KEiL4.s:95026  .debug_str:000000000002a858 .LASF428
     /tmp/cc7KEiL4.s:89550  .debug_str:0000000000013cc9 .LASF429
     /tmp/cc7KEiL4.s:94310  .debug_str:00000000000279a0 .LASF430
     /tmp/cc7KEiL4.s:102902  .debug_str:000000000004b6d6 .LASF431
     /tmp/cc7KEiL4.s:95978  .debug_str:000000000002e8b3 .LASF432
     /tmp/cc7KEiL4.s:96724  .debug_str:0000000000031b5f .LASF433
     /tmp/cc7KEiL4.s:85236  .debug_str:0000000000001fe3 .LASF434
     /tmp/cc7KEiL4.s:87552  .debug_str:000000000000bfea .LASF435
     /tmp/cc7KEiL4.s:95846  .debug_str:000000000002df4f .LASF436
     /tmp/cc7KEiL4.s:94028  .debug_str:00000000000266d3 .LASF437
     /tmp/cc7KEiL4.s:101728  .debug_str:0000000000046443 .LASF438
     /tmp/cc7KEiL4.s:98026  .debug_str:0000000000036d73 .LASF439
     /tmp/cc7KEiL4.s:96920  .debug_str:00000000000328cc .LASF440
     /tmp/cc7KEiL4.s:100952  .debug_str:0000000000042fd4 .LASF441
     /tmp/cc7KEiL4.s:97218  .debug_str:0000000000033cc6 .LASF442
     /tmp/cc7KEiL4.s:91288  .debug_str:000000000001b1df .LASF443
     /tmp/cc7KEiL4.s:97276  .debug_str:00000000000340e5 .LASF444
     /tmp/cc7KEiL4.s:96484  .debug_str:0000000000030af6 .LASF445
     /tmp/cc7KEiL4.s:90542  .debug_str:0000000000017d5c .LASF446
     /tmp/cc7KEiL4.s:101944  .debug_str:000000000004726e .LASF447
     /tmp/cc7KEiL4.s:87976  .debug_str:000000000000dba1 .LASF448
     /tmp/cc7KEiL4.s:97910  .debug_str:000000000003682b .LASF449
     /tmp/cc7KEiL4.s:86236  .debug_str:00000000000065da .LASF450
     /tmp/cc7KEiL4.s:88758  .debug_str:000000000001090c .LASF451
     /tmp/cc7KEiL4.s:91354  .debug_str:000000000001b6f3 .LASF452
     /tmp/cc7KEiL4.s:98154  .debug_str:00000000000374df .LASF453
     /tmp/cc7KEiL4.s:103082  .debug_str:000000000004c2ff .LASF454
     /tmp/cc7KEiL4.s:93946  .debug_str:00000000000261aa .LASF455
     /tmp/cc7KEiL4.s:92362  .debug_str:000000000001fcb2 .LASF456
     /tmp/cc7KEiL4.s:98450  .debug_str:00000000000387df .LASF457
     /tmp/cc7KEiL4.s:89866  .debug_str:0000000000015120 .LASF458
     /tmp/cc7KEiL4.s:101456  .debug_str:000000000004510f .LASF459
     /tmp/cc7KEiL4.s:92012  .debug_str:000000000001e3ee .LASF460
     /tmp/cc7KEiL4.s:99212  .debug_str:000000000003bc41 .LASF461
     /tmp/cc7KEiL4.s:94504  .debug_str:00000000000286c3 .LASF462
     /tmp/cc7KEiL4.s:85044  .debug_str:0000000000001265 .LASF463
     /tmp/cc7KEiL4.s:92252  .debug_str:000000000001f55b .LASF464
     /tmp/cc7KEiL4.s:100664  .debug_str:0000000000041dc4 .LASF465
     /tmp/cc7KEiL4.s:93060  .debug_str:0000000000022c25 .LASF466
     /tmp/cc7KEiL4.s:100334  .debug_str:00000000000407a4 .LASF467
     /tmp/cc7KEiL4.s:101870  .debug_str:0000000000046d61 .LASF468
     /tmp/cc7KEiL4.s:95902  .debug_str:000000000002e2ca .LASF469
     /tmp/cc7KEiL4.s:94788  .debug_str:000000000002988e .LASF470
     /tmp/cc7KEiL4.s:97320  .debug_str:00000000000343bb .LASF471
     /tmp/cc7KEiL4.s:101336  .debug_str:00000000000448db .LASF472
     /tmp/cc7KEiL4.s:98112  .debug_str:000000000003720a .LASF473
     /tmp/cc7KEiL4.s:88932  .debug_str:000000000001144c .LASF474
     /tmp/cc7KEiL4.s:97030  .debug_str:0000000000032fdc .LASF475
     /tmp/cc7KEiL4.s:86100  .debug_str:0000000000005c83 .LASF476
     /tmp/cc7KEiL4.s:99540  .debug_str:000000000003d1a7 .LASF477
     /tmp/cc7KEiL4.s:92422  .debug_str:00000000000200ff .LASF478
     /tmp/cc7KEiL4.s:84798  .debug_str:00000000000001d2 .LASF479
     /tmp/cc7KEiL4.s:91984  .debug_str:000000000001e26a .LASF480
     /tmp/cc7KEiL4.s:92754  .debug_str:0000000000021707 .LASF481
     /tmp/cc7KEiL4.s:100464  .debug_str:000000000004105b .LASF482
     /tmp/cc7KEiL4.s:101758  .debug_str:000000000004663a .LASF483
     /tmp/cc7KEiL4.s:94014  .debug_str:00000000000265cd .LASF484
     /tmp/cc7KEiL4.s:92162  .debug_str:000000000001ef00 .LASF485
     /tmp/cc7KEiL4.s:96032  .debug_str:000000000002ec5d .LASF486
     /tmp/cc7KEiL4.s:95056  .debug_str:000000000002a9ed .LASF487
     /tmp/cc7KEiL4.s:91246  .debug_str:000000000001ae95 .LASF488
     /tmp/cc7KEiL4.s:102650  .debug_str:000000000004a555 .LASF489
     /tmp/cc7KEiL4.s:88298  .debug_str:000000000000ed4d .LASF490
     /tmp/cc7KEiL4.s:101184  .debug_str:0000000000043e72 .LASF491
     /tmp/cc7KEiL4.s:94368  .debug_str:0000000000027d41 .LASF492
     /tmp/cc7KEiL4.s:86164  .debug_str:00000000000060d3 .LASF493
     /tmp/cc7KEiL4.s:101180  .debug_str:0000000000043e3d .LASF494
     /tmp/cc7KEiL4.s:89140  .debug_str:000000000001226b .LASF495
     /tmp/cc7KEiL4.s:92742  .debug_str:0000000000021649 .LASF496
     /tmp/cc7KEiL4.s:101382  .debug_str:0000000000044c45 .LASF497
     /tmp/cc7KEiL4.s:85322  .debug_str:0000000000002632 .LASF498
     /tmp/cc7KEiL4.s:96144  .debug_str:000000000002f316 .LASF499
     /tmp/cc7KEiL4.s:103068  .debug_str:000000000004c206 .LASF500
     /tmp/cc7KEiL4.s:99628  .debug_str:000000000003d6f8 .LASF501
     /tmp/cc7KEiL4.s:85864  .debug_str:0000000000004bf2 .LASF502
     /tmp/cc7KEiL4.s:86402  .debug_str:0000000000007152 .LASF503
     /tmp/cc7KEiL4.s:101576  .debug_str:0000000000045907 .LASF504
     /tmp/cc7KEiL4.s:97690  .debug_str:0000000000035abb .LASF505
     /tmp/cc7KEiL4.s:100954  .debug_str:0000000000042fdc .LASF506
     /tmp/cc7KEiL4.s:84982  .debug_str:0000000000000e27 .LASF507
     /tmp/cc7KEiL4.s:88994  .debug_str:00000000000118b6 .LASF508
     /tmp/cc7KEiL4.s:101734  .debug_str:0000000000046488 .LASF509
     /tmp/cc7KEiL4.s:85098  .debug_str:00000000000015b3 .LASF510
     /tmp/cc7KEiL4.s:92834  .debug_str:0000000000021c5b .LASF511
     /tmp/cc7KEiL4.s:85180  .debug_str:0000000000001bd9 .LASF512
     /tmp/cc7KEiL4.s:86340  .debug_str:0000000000006d6f .LASF513
     /tmp/cc7KEiL4.s:95398  .debug_str:000000000002bfd4 .LASF514
     /tmp/cc7KEiL4.s:95176  .debug_str:000000000002b151 .LASF515
     /tmp/cc7KEiL4.s:96494  .debug_str:0000000000030b6e .LASF516
     /tmp/cc7KEiL4.s:102132  .debug_str:0000000000047fb5 .LASF517
     /tmp/cc7KEiL4.s:96708  .debug_str:0000000000031a5f .LASF518
     /tmp/cc7KEiL4.s:98804  .debug_str:000000000003a0e1 .LASF519
     /tmp/cc7KEiL4.s:101088  .debug_str:00000000000437ac .LASF520
     /tmp/cc7KEiL4.s:89470  .debug_str:00000000000137b2 .LASF521
     /tmp/cc7KEiL4.s:91086  .debug_str:000000000001a36c .LASF522
     /tmp/cc7KEiL4.s:95554  .debug_str:000000000002caf9 .LASF523
     /tmp/cc7KEiL4.s:100706  .debug_str:000000000004206e .LASF524
     /tmp/cc7KEiL4.s:97176  .debug_str:0000000000033a31 .LASF525
     /tmp/cc7KEiL4.s:101222  .debug_str:00000000000440c1 .LASF526
     /tmp/cc7KEiL4.s:95228  .debug_str:000000000002b46f .LASF527
     /tmp/cc7KEiL4.s:94040  .debug_str:0000000000026797 .LASF528
     /tmp/cc7KEiL4.s:92482  .debug_str:00000000000205c4 .LASF529
     /tmp/cc7KEiL4.s:97204  .debug_str:0000000000033bf3 .LASF530
     /tmp/cc7KEiL4.s:102714  .debug_str:000000000004aa04 .LASF531
     /tmp/cc7KEiL4.s:102548  .debug_str:0000000000049c5d .LASF532
     /tmp/cc7KEiL4.s:99592  .debug_str:000000000003d4ba .LASF533
     /tmp/cc7KEiL4.s:97472  .debug_str:0000000000034ded .LASF534
     /tmp/cc7KEiL4.s:89912  .debug_str:00000000000153cf .LASF535
     /tmp/cc7KEiL4.s:97368  .debug_str:0000000000034702 .LASF536
     /tmp/cc7KEiL4.s:101842  .debug_str:0000000000046bd2 .LASF537
     /tmp/cc7KEiL4.s:101124  .debug_str:0000000000043a9c .LASF538
     /tmp/cc7KEiL4.s:92836  .debug_str:0000000000021c7f .LASF539
     /tmp/cc7KEiL4.s:89388  .debug_str:0000000000013288 .LASF540
     /tmp/cc7KEiL4.s:86312  .debug_str:0000000000006bbe .LASF542
     /tmp/cc7KEiL4.s:93444  .debug_str:000000000002417b .LASF543
     /tmp/cc7KEiL4.s:91458  .debug_str:000000000001bd4e .LASF544
     /tmp/cc7KEiL4.s:91842  .debug_str:000000000001d77f .LASF545
     /tmp/cc7KEiL4.s:98234  .debug_str:00000000000378af .LASF546
     /tmp/cc7KEiL4.s:93038  .debug_str:0000000000022a43 .LASF547
     /tmp/cc7KEiL4.s:97272  .debug_str:0000000000034063 .LASF548
     /tmp/cc7KEiL4.s:101934  .debug_str:0000000000047181 .LASF549
     /tmp/cc7KEiL4.s:88452  .debug_str:000000000000f707 .LASF550
     /tmp/cc7KEiL4.s:93056  .debug_str:0000000000022bd2 .LASF551
     /tmp/cc7KEiL4.s:97610  .debug_str:00000000000355f1 .LASF552
     /tmp/cc7KEiL4.s:102160  .debug_str:0000000000048171 .LASF553
     /tmp/cc7KEiL4.s:88356  .debug_str:000000000000f0dd .LASF554
     /tmp/cc7KEiL4.s:91318  .debug_str:000000000001b3a5 .LASF555
     /tmp/cc7KEiL4.s:88634  .debug_str:000000000001005e .LASF556
     /tmp/cc7KEiL4.s:100776  .debug_str:00000000000424bc .LASF557
     /tmp/cc7KEiL4.s:92064  .debug_str:000000000001e792 .LASF558
     /tmp/cc7KEiL4.s:98108  .debug_str:0000000000037186 .LASF559
     /tmp/cc7KEiL4.s:85782  .debug_str:0000000000004627 .LASF560
     /tmp/cc7KEiL4.s:87402  .debug_str:000000000000b660 .LASF561
     /tmp/cc7KEiL4.s:96540  .debug_str:0000000000030e69 .LASF562
     /tmp/cc7KEiL4.s:87026  .debug_str:0000000000009b5b .LASF563
     /tmp/cc7KEiL4.s:96336  .debug_str:000000000002ff9d .LASF564
     /tmp/cc7KEiL4.s:102040  .debug_str:00000000000478c2 .LASF565
     /tmp/cc7KEiL4.s:92686  .debug_str:00000000000211d8 .LASF566
     /tmp/cc7KEiL4.s:91476  .debug_str:000000000001be52 .LASF567
     /tmp/cc7KEiL4.s:92498  .debug_str:0000000000020669 .LASF568
     /tmp/cc7KEiL4.s:96374  .debug_str:00000000000302ee .LASF569
     /tmp/cc7KEiL4.s:87524  .debug_str:000000000000be16 .LASF570
     /tmp/cc7KEiL4.s:87288  .debug_str:000000000000adb4 .LASF571
     /tmp/cc7KEiL4.s:96422  .debug_str:000000000003064d .LASF572
     /tmp/cc7KEiL4.s:84816  .debug_str:00000000000002eb .LASF573
     /tmp/cc7KEiL4.s:96212  .debug_str:000000000002f7d1 .LASF574
     /tmp/cc7KEiL4.s:101922  .debug_str:00000000000470a9 .LASF575
     /tmp/cc7KEiL4.s:92570  .debug_str:0000000000020aa5 .LASF576
     /tmp/cc7KEiL4.s:101740  .debug_str:00000000000464ee .LASF577
     /tmp/cc7KEiL4.s:92382  .debug_str:000000000001fe2d .LASF578
     /tmp/cc7KEiL4.s:87362  .debug_str:000000000000b2e6 .LASF579
     /tmp/cc7KEiL4.s:96506  .debug_str:0000000000030c6b .LASF580
     /tmp/cc7KEiL4.s:87158  .debug_str:000000000000a42d .LASF581
     /tmp/cc7KEiL4.s:96302  .debug_str:000000000002fd61 .LASF582
     /tmp/cc7KEiL4.s:86790  .debug_str:0000000000008b40 .LASF583
     /tmp/cc7KEiL4.s:94136  .debug_str:0000000000026e46 .LASF584
     /tmp/cc7KEiL4.s:101824  .debug_str:0000000000046a3b .LASF585
     /tmp/cc7KEiL4.s:92464  .debug_str:0000000000020401 .LASF586
     /tmp/cc7KEiL4.s:101640  .debug_str:0000000000045d75 .LASF587
     /tmp/cc7KEiL4.s:92264  .debug_str:000000000001f600 .LASF588
     /tmp/cc7KEiL4.s:87252  .debug_str:000000000000ab0b .LASF589
     /tmp/cc7KEiL4.s:96392  .debug_str:0000000000030466 .LASF590
     /tmp/cc7KEiL4.s:87040  .debug_str:0000000000009c75 .LASF591
     /tmp/cc7KEiL4.s:96180  .debug_str:000000000002f556 .LASF592
     /tmp/cc7KEiL4.s:93212  .debug_str:00000000000234aa .LASF593
     /tmp/cc7KEiL4.s:87602  .debug_str:000000000000c346 .LASF594
     /tmp/cc7KEiL4.s:100490  .debug_str:000000000004120a .LASF595
     /tmp/cc7KEiL4.s:100344  .debug_str:000000000004086a .LASF596
     /tmp/cc7KEiL4.s:94114  .debug_str:0000000000026d14 .LASF597
     /tmp/cc7KEiL4.s:96868  .debug_str:0000000000032484 .LASF598
     /tmp/cc7KEiL4.s:88060  .debug_str:000000000000e079 .LASF599
     /tmp/cc7KEiL4.s:102378  .debug_str:0000000000049089 .LASF600
     /tmp/cc7KEiL4.s:89816  .debug_str:0000000000014dfc .LASF601
     /tmp/cc7KEiL4.s:103092  .debug_str:000000000004c3a6 .LASF602
     /tmp/cc7KEiL4.s:91980  .debug_str:000000000001e1ef .LASF603
     /tmp/cc7KEiL4.s:100898  .debug_str:0000000000042c05 .LASF604
     /tmp/cc7KEiL4.s:100598  .debug_str:0000000000041911 .LASF605
     /tmp/cc7KEiL4.s:100338  .debug_str:00000000000407ee .LASF606
     /tmp/cc7KEiL4.s:85154  .debug_str:00000000000019d3 .LASF607
     /tmp/cc7KEiL4.s:99810  .debug_str:000000000003e357 .LASF608
     /tmp/cc7KEiL4.s:93748  .debug_str:0000000000025498 .LASF609
     /tmp/cc7KEiL4.s:97454  .debug_str:0000000000034c4e .LASF610
     /tmp/cc7KEiL4.s:91970  .debug_str:000000000001e130 .LASF611
     /tmp/cc7KEiL4.s:91678  .debug_str:000000000001cca6 .LASF612
     /tmp/cc7KEiL4.s:89930  .debug_str:00000000000154a2 .LASF613
     /tmp/cc7KEiL4.s:102582  .debug_str:0000000000049f34 .LASF614
     /tmp/cc7KEiL4.s:96574  .debug_str:00000000000310e9 .LASF615
     /tmp/cc7KEiL4.s:92156  .debug_str:000000000001ee75 .LASF616
     /tmp/cc7KEiL4.s:95910  .debug_str:000000000002e34e .LASF617
     /tmp/cc7KEiL4.s:95648  .debug_str:000000000002d0ca .LASF618
     /tmp/cc7KEiL4.s:85282  .debug_str:00000000000022e0 .LASF619
     /tmp/cc7KEiL4.s:95884  .debug_str:000000000002e1a1 .LASF620
     /tmp/cc7KEiL4.s:98520  .debug_str:0000000000038c63 .LASF621
     /tmp/cc7KEiL4.s:86912  .debug_str:0000000000009378 .LASF622
     /tmp/cc7KEiL4.s:88848  .debug_str:0000000000010e48 .LASF623
     /tmp/cc7KEiL4.s:102564  .debug_str:0000000000049d90 .LASF624
     /tmp/cc7KEiL4.s:97562  .debug_str:00000000000353a0 .LASF625
     /tmp/cc7KEiL4.s:85702  .debug_str:00000000000040da .LASF626
     /tmp/cc7KEiL4.s:85006  .debug_str:0000000000000fe2 .LASF627
     /tmp/cc7KEiL4.s:95444  .debug_str:000000000002c2d0 .LASF628
     /tmp/cc7KEiL4.s:93522  .debug_str:0000000000024563 .LASF629
     /tmp/cc7KEiL4.s:102584  .debug_str:0000000000049f77 .LASF630
     /tmp/cc7KEiL4.s:102372  .debug_str:000000000004900a .LASF631
     /tmp/cc7KEiL4.s:103098  .debug_str:000000000004c41b .LASF632
     /tmp/cc7KEiL4.s:89822  .debug_str:0000000000014eab .LASF633
     /tmp/cc7KEiL4.s:95010  .debug_str:000000000002a768 .LASF634
     /tmp/cc7KEiL4.s:100062  .debug_str:000000000003f562 .LASF635
     /tmp/cc7KEiL4.s:99000  .debug_str:000000000003ad4f .LASF636
     /tmp/cc7KEiL4.s:85646  .debug_str:0000000000003c92 .LASF637
     /tmp/cc7KEiL4.s:88656  .debug_str:00000000000101c3 .LASF638
     /tmp/cc7KEiL4.s:95990  .debug_str:000000000002e95d .LASF639
     /tmp/cc7KEiL4.s:101100  .debug_str:0000000000043884 .LASF640
     /tmp/cc7KEiL4.s:95960  .debug_str:000000000002e73b .LASF641
     /tmp/cc7KEiL4.s:101316  .debug_str:0000000000044778 .LASF642
     /tmp/cc7KEiL4.s:91902  .debug_str:000000000001dc4c .LASF643
     /tmp/cc7KEiL4.s:100986  .debug_str:00000000000431a1 .LASF644
     /tmp/cc7KEiL4.s:91686  .debug_str:000000000001cd4a .LASF645
     /tmp/cc7KEiL4.s:97548  .debug_str:000000000003529d .LASF646
     /tmp/cc7KEiL4.s:88068  .debug_str:000000000000e0eb .LASF647
     /tmp/cc7KEiL4.s:97332  .debug_str:0000000000034473 .LASF648
     /tmp/cc7KEiL4.s:87838  .debug_str:000000000000d2f5 .LASF649
     /tmp/cc7KEiL4.s:96992  .debug_str:0000000000032cea .LASF650
     /tmp/cc7KEiL4.s:99752  .debug_str:000000000003df2c .LASF651
     /tmp/cc7KEiL4.s:101204  .debug_str:0000000000043f80 .LASF652
     /tmp/cc7KEiL4.s:91412  .debug_str:000000000001ba78 .LASF653
     /tmp/cc7KEiL4.s:100882  .debug_str:0000000000042af1 .LASF654
     /tmp/cc7KEiL4.s:91578  .debug_str:000000000001c58f .LASF655
     /tmp/cc7KEiL4.s:97422  .debug_str:00000000000349f2 .LASF656
     /tmp/cc7KEiL4.s:87930  .debug_str:000000000000d8b1 .LASF657
     /tmp/cc7KEiL4.s:97222  .debug_str:0000000000033ce8 .LASF658
     /tmp/cc7KEiL4.s:85404  .debug_str:0000000000002bed .LASF659
     /tmp/cc7KEiL4.s:96874  .debug_str:0000000000032505 .LASF660
     /tmp/cc7KEiL4.s:87366  .debug_str:000000000000b355 .LASF661
     /tmp/cc7KEiL4.s:101098  .debug_str:0000000000043842 .LASF662
     /tmp/cc7KEiL4.s:91650  .debug_str:000000000001cab2 .LASF663
     /tmp/cc7KEiL4.s:94506  .debug_str:00000000000286d6 .LASF664
     /tmp/cc7KEiL4.s:86392  .debug_str:00000000000070a2 .LASF665
     /tmp/cc7KEiL4.s:96038  .debug_str:000000000002eccc .LASF666
     /tmp/cc7KEiL4.s:91408  .debug_str:000000000001ba57 .LASF667
     /tmp/cc7KEiL4.s:92426  .debug_str:0000000000020125 .LASF668
     /tmp/cc7KEiL4.s:97234  .debug_str:0000000000033db1 .LASF669
     /tmp/cc7KEiL4.s:86828  .debug_str:0000000000008e11 .LASF670
     /tmp/cc7KEiL4.s:89986  .debug_str:000000000001584a .LASF671
     /tmp/cc7KEiL4.s:102974  .debug_str:000000000004bb51 .LASF672
     /tmp/cc7KEiL4.s:92518  .debug_str:0000000000020783 .LASF673
     /tmp/cc7KEiL4.s:90748  .debug_str:0000000000018b88 .LASF674
     /tmp/cc7KEiL4.s:102388  .debug_str:0000000000049158 .LASF675
     /tmp/cc7KEiL4.s:95700  .debug_str:000000000002d544 .LASF676
     /tmp/cc7KEiL4.s:95776  .debug_str:000000000002d9f3 .LASF677
     /tmp/cc7KEiL4.s:93078  .debug_str:0000000000022d48 .LASF678
     /tmp/cc7KEiL4.s:85764  .debug_str:0000000000004504 .LASF679
     /tmp/cc7KEiL4.s:95552  .debug_str:000000000002cae0 .LASF680
     /tmp/cc7KEiL4.s:97398  .debug_str:00000000000348bd .LASF681
     /tmp/cc7KEiL4.s:97228  .debug_str:0000000000033d5d .LASF682
     /tmp/cc7KEiL4.s:88864  .debug_str:0000000000010f7f .LASF683
     /tmp/cc7KEiL4.s:99158  .debug_str:000000000003b8e0 .LASF684
     /tmp/cc7KEiL4.s:90804  .debug_str:0000000000018f6c .LASF685
     /tmp/cc7KEiL4.s:100922  .debug_str:0000000000042daf .LASF686
     /tmp/cc7KEiL4.s:92532  .debug_str:000000000002081e .LASF687
     /tmp/cc7KEiL4.s:89160  .debug_str:00000000000123c3 .LASF688
     /tmp/cc7KEiL4.s:102716  .debug_str:000000000004aa1a .LASF689
     /tmp/cc7KEiL4.s:91020  .debug_str:0000000000019f27 .LASF690
     /tmp/cc7KEiL4.s:101112  .debug_str:00000000000439ad .LASF691
     /tmp/cc7KEiL4.s:92736  .debug_str:0000000000021604 .LASF692
     /tmp/cc7KEiL4.s:102824  .debug_str:000000000004b1ab .LASF693
     /tmp/cc7KEiL4.s:94598  .debug_str:0000000000028bfe .LASF694
     /tmp/cc7KEiL4.s:86324  .debug_str:0000000000006c8b .LASF695
     /tmp/cc7KEiL4.s:96472  .debug_str:0000000000030a2e .LASF696
     /tmp/cc7KEiL4.s:88018  .debug_str:000000000000dea5 .LASF697
     /tmp/cc7KEiL4.s:103100  .debug_str:000000000004c45b .LASF698
     /tmp/cc7KEiL4.s:100678  .debug_str:0000000000041ea5 .LASF699
     /tmp/cc7KEiL4.s:86370  .debug_str:0000000000006f74 .LASF700
     /tmp/cc7KEiL4.s:96532  .debug_str:0000000000030ded .LASF701
     /tmp/cc7KEiL4.s:88256  .debug_str:000000000000ea7f .LASF702
     /tmp/cc7KEiL4.s:98484  .debug_str:00000000000389fc .LASF703
     /tmp/cc7KEiL4.s:98998  .debug_str:000000000003ad36 .LASF704
     /tmp/cc7KEiL4.s:100474  .debug_str:0000000000041113 .LASF705
     /tmp/cc7KEiL4.s:91770  .debug_str:000000000001d364 .LASF706
     /tmp/cc7KEiL4.s:101998  .debug_str:0000000000047596 .LASF707
     /tmp/cc7KEiL4.s:87344  .debug_str:000000000000b1ca .LASF708
     /tmp/cc7KEiL4.s:90292  .debug_str:0000000000016e1b .LASF709
     /tmp/cc7KEiL4.s:100398  .debug_str:0000000000040c41 .LASF710
     /tmp/cc7KEiL4.s:101294  .debug_str:00000000000445b8 .LASF711
     /tmp/cc7KEiL4.s:103058  .debug_str:000000000004c17a .LASF712
     /tmp/cc7KEiL4.s:99872  .debug_str:000000000003e81c .LASF713
     /tmp/cc7KEiL4.s:92912  .debug_str:000000000002222d .LASF714
     /tmp/cc7KEiL4.s:85946  .debug_str:0000000000005161 .LASF715
     /tmp/cc7KEiL4.s:97504  .debug_str:0000000000034fde .LASF716
     /tmp/cc7KEiL4.s:96662  .debug_str:0000000000031737 .LASF717
     /tmp/cc7KEiL4.s:90216  .debug_str:0000000000016894 .LASF718
     /tmp/cc7KEiL4.s:89440  .debug_str:00000000000135a1 .LASF719
     /tmp/cc7KEiL4.s:100944  .debug_str:0000000000042f6e .LASF720
     /tmp/cc7KEiL4.s:93802  .debug_str:0000000000025758 .LASF721
     /tmp/cc7KEiL4.s:89512  .debug_str:0000000000013a63 .LASF722
     /tmp/cc7KEiL4.s:88456  .debug_str:000000000000f763 .LASF723
     /tmp/cc7KEiL4.s:97020  .debug_str:0000000000032f28 .LASF724
     /tmp/cc7KEiL4.s:102146  .debug_str:000000000004806f .LASF725
     /tmp/cc7KEiL4.s:90226  .debug_str:0000000000016934 .LASF726
     /tmp/cc7KEiL4.s:90500  .debug_str:0000000000017b2a .LASF727
     /tmp/cc7KEiL4.s:102738  .debug_str:000000000004ab62 .LASF728
     /tmp/cc7KEiL4.s:94434  .debug_str:00000000000281e5 .LASF729
     /tmp/cc7KEiL4.s:86012  .debug_str:000000000000568e .LASF730
     /tmp/cc7KEiL4.s:96230  .debug_str:000000000002f8e4 .LASF731
     /tmp/cc7KEiL4.s:87924  .debug_str:000000000000d845 .LASF732
     /tmp/cc7KEiL4.s:98156  .debug_str:00000000000374ea .LASF733
     /tmp/cc7KEiL4.s:92134  .debug_str:000000000001ecfa .LASF734
     /tmp/cc7KEiL4.s:99790  .debug_str:000000000003e212 .LASF735
     /tmp/cc7KEiL4.s:91442  .debug_str:000000000001bbf8 .LASF736
     /tmp/cc7KEiL4.s:94060  .debug_str:00000000000268d9 .LASF737
     /tmp/cc7KEiL4.s:85668  .debug_str:0000000000003e5b .LASF738
     /tmp/cc7KEiL4.s:95828  .debug_str:000000000002de01 .LASF739
     /tmp/cc7KEiL4.s:87352  .debug_str:000000000000b25d .LASF740
     /tmp/cc7KEiL4.s:99970  .debug_str:000000000003eea5 .LASF741
     /tmp/cc7KEiL4.s:89370  .debug_str:000000000001316a .LASF742
     /tmp/cc7KEiL4.s:99438  .debug_str:000000000003cb03 .LASF743
     /tmp/cc7KEiL4.s:91094  .debug_str:000000000001a3a3 .LASF744
     /tmp/cc7KEiL4.s:101168  .debug_str:0000000000043d82 .LASF745
     /tmp/cc7KEiL4.s:92798  .debug_str:00000000000219f0 .LASF746
     /tmp/cc7KEiL4.s:89430  .debug_str:0000000000013528 .LASF747
     /tmp/cc7KEiL4.s:99488  .debug_str:000000000003ce6e .LASF748
     /tmp/cc7KEiL4.s:91304  .debug_str:000000000001b2c4 .LASF749
     /tmp/cc7KEiL4.s:87138  .debug_str:000000000000a305 .LASF750
     /tmp/cc7KEiL4.s:93048  .debug_str:0000000000022b39 .LASF751
     /tmp/cc7KEiL4.s:90036  .debug_str:0000000000015c36 .LASF752
     /tmp/cc7KEiL4.s:94886  .debug_str:0000000000029ead .LASF753
     /tmp/cc7KEiL4.s:86586  .debug_str:0000000000007cad .LASF754
     /tmp/cc7KEiL4.s:96766  .debug_str:0000000000031df7 .LASF755
     /tmp/cc7KEiL4.s:88322  .debug_str:000000000000edf0 .LASF756
     /tmp/cc7KEiL4.s:84962  .debug_str:0000000000000cc1 .LASF757
     /tmp/cc7KEiL4.s:95090  .debug_str:000000000002ac87 .LASF758
     /tmp/cc7KEiL4.s:89438  .debug_str:0000000000013576 .LASF759
     /tmp/cc7KEiL4.s:85486  .debug_str:0000000000003217 .LASF760
     /tmp/cc7KEiL4.s:96814  .debug_str:0000000000032174 .LASF761
     /tmp/cc7KEiL4.s:90796  .debug_str:0000000000018ec7 .LASF762
     /tmp/cc7KEiL4.s:96712  .debug_str:0000000000031ac1 .LASF763
     /tmp/cc7KEiL4.s:93244  .debug_str:00000000000236dd .LASF764
     /tmp/cc7KEiL4.s:98312  .debug_str:0000000000037e67 .LASF765
     /tmp/cc7KEiL4.s:92730  .debug_str:0000000000021586 .LASF766
     /tmp/cc7KEiL4.s:99286  .debug_str:000000000003c180 .LASF767
     /tmp/cc7KEiL4.s:92220  .debug_str:000000000001f39a .LASF768
     /tmp/cc7KEiL4.s:98974  .debug_str:000000000003abad .LASF769
     /tmp/cc7KEiL4.s:88816  .debug_str:0000000000010bfd .LASF770
     /tmp/cc7KEiL4.s:101774  .debug_str:0000000000046754 .LASF771
     /tmp/cc7KEiL4.s:100586  .debug_str:0000000000041829 .LASF772
     /tmp/cc7KEiL4.s:90872  .debug_str:000000000001941b .LASF773
     /tmp/cc7KEiL4.s:90650  .debug_str:00000000000184fa .LASF774
     /tmp/cc7KEiL4.s:90268  .debug_str:0000000000016c38 .LASF775
     /tmp/cc7KEiL4.s:90040  .debug_str:0000000000015c5c .LASF776
     /tmp/cc7KEiL4.s:89670  .debug_str:00000000000143de .LASF777
     /tmp/cc7KEiL4.s:89446  .debug_str:00000000000135dc .LASF778
     /tmp/cc7KEiL4.s:89078  .debug_str:0000000000011e2e .LASF779
     /tmp/cc7KEiL4.s:88840  .debug_str:0000000000010d52 .LASF780
     /tmp/cc7KEiL4.s:88416  .debug_str:000000000000f4de .LASF781
     /tmp/cc7KEiL4.s:88664  .debug_str:0000000000010267 .LASF782
     /tmp/cc7KEiL4.s:86934  .debug_str:000000000000953e .LASF783
     /tmp/cc7KEiL4.s:85318  .debug_str:00000000000025c1 .LASF784
     /tmp/cc7KEiL4.s:102034  .debug_str:0000000000047801 .LASF785
     /tmp/cc7KEiL4.s:87330  .debug_str:000000000000b076 .LASF786
     /tmp/cc7KEiL4.s:91912  .debug_str:000000000001dce0 .LASF787
     /tmp/cc7KEiL4.s:96692  .debug_str:000000000003195a .LASF788
     /tmp/cc7KEiL4.s:101340  .debug_str:000000000004490e .LASF789
     /tmp/cc7KEiL4.s:87390  .debug_str:000000000000b538 .LASF790
     /tmp/cc7KEiL4.s:92164  .debug_str:000000000001ef1a .LASF791
     /tmp/cc7KEiL4.s:87370  .debug_str:000000000000b3be .LASF792
     /tmp/cc7KEiL4.s:97692  .debug_str:0000000000035ae1 .LASF793
     /tmp/cc7KEiL4.s:102150  .debug_str:00000000000480bc .LASF794
     /tmp/cc7KEiL4.s:98912  .debug_str:000000000003a7cd .LASF795
     /tmp/cc7KEiL4.s:92184  .debug_str:000000000001f144 .LASF796
     /tmp/cc7KEiL4.s:102434  .debug_str:00000000000494ad .LASF797
     /tmp/cc7KEiL4.s:94164  .debug_str:0000000000027000 .LASF798
     /tmp/cc7KEiL4.s:85976  .debug_str:0000000000005385 .LASF799
     /tmp/cc7KEiL4.s:96164  .debug_str:000000000002f42a .LASF800
     /tmp/cc7KEiL4.s:87908  .debug_str:000000000000d711 .LASF801
     /tmp/cc7KEiL4.s:91958  .debug_str:000000000001e068 .LASF802
     /tmp/cc7KEiL4.s:102226  .debug_str:00000000000485a1 .LASF803
     /tmp/cc7KEiL4.s:95494  .debug_str:000000000002c686 .LASF804
     /tmp/cc7KEiL4.s:93228  .debug_str:00000000000235de .LASF805
     /tmp/cc7KEiL4.s:98742  .debug_str:0000000000039c42 .LASF806
     /tmp/cc7KEiL4.s:96562  .debug_str:0000000000031002 .LASF807
     /tmp/cc7KEiL4.s:94614  .debug_str:0000000000028ccd .LASF808
     /tmp/cc7KEiL4.s:92440  .debug_str:0000000000020250 .LASF809
     /tmp/cc7KEiL4.s:96118  .debug_str:000000000002f176 .LASF810
     /tmp/cc7KEiL4.s:94628  .debug_str:0000000000028d88 .LASF811
     /tmp/cc7KEiL4.s:88414  .debug_str:000000000000f49c .LASF812
     /tmp/cc7KEiL4.s:88164  .debug_str:000000000000e512 .LASF813
     /tmp/cc7KEiL4.s:89786  .debug_str:0000000000014beb .LASF814
     /tmp/cc7KEiL4.s:100868  .debug_str:0000000000042a1b .LASF815
     /tmp/cc7KEiL4.s:86710  .debug_str:00000000000085a9 .LASF816
     /tmp/cc7KEiL4.s:94904  .debug_str:0000000000029fe9 .LASF817
     /tmp/cc7KEiL4.s:92032  .debug_str:000000000001e524 .LASF818
     /tmp/cc7KEiL4.s:91544  .debug_str:000000000001c2d3 .LASF819
     /tmp/cc7KEiL4.s:99804  .debug_str:000000000003e2d0 .LASF820
     /tmp/cc7KEiL4.s:99392  .debug_str:000000000003c801 .LASF821
     /tmp/cc7KEiL4.s:85494  .debug_str:00000000000032ad .LASF822
     /tmp/cc7KEiL4.s:95166  .debug_str:000000000002b09d .LASF823
     /tmp/cc7KEiL4.s:103124  .debug_str:000000000004c5df .LASF824
     /tmp/cc7KEiL4.s:102900  .debug_str:000000000004b69e .LASF825
     /tmp/cc7KEiL4.s:94210  .debug_str:00000000000273b4 .LASF826
     /tmp/cc7KEiL4.s:91860  .debug_str:000000000001d8b5 .LASF827
     /tmp/cc7KEiL4.s:90754  .debug_str:0000000000018bf4 .LASF828
     /tmp/cc7KEiL4.s:96372  .debug_str:00000000000302bc .LASF829
     /tmp/cc7KEiL4.s:94076  .debug_str:0000000000026a10 .LASF830
     /tmp/cc7KEiL4.s:98792  .debug_str:0000000000039fd3 .LASF831
     /tmp/cc7KEiL4.s:84942  .debug_str:0000000000000b56 .LASF832
     /tmp/cc7KEiL4.s:95004  .debug_str:000000000002a6e3 .LASF833
     /tmp/cc7KEiL4.s:100624  .debug_str:0000000000041b1a .LASF834
     /tmp/cc7KEiL4.s:96598  .debug_str:000000000003128a .LASF835
     /tmp/cc7KEiL4.s:87828  .debug_str:000000000000d260 .LASF836
     /tmp/cc7KEiL4.s:100452  .debug_str:0000000000040fbc .LASF837
     /tmp/cc7KEiL4.s:94050  .debug_str:000000000002684a .LASF838
     /tmp/cc7KEiL4.s:85000  .debug_str:0000000000000f5b .LASF839
     /tmp/cc7KEiL4.s:93486  .debug_str:000000000002429f .LASF840
     /tmp/cc7KEiL4.s:97478  .debug_str:0000000000034e2e .LASF841
     /tmp/cc7KEiL4.s:100058  .debug_str:000000000003f50e .LASF842
     /tmp/cc7KEiL4.s:86288  .debug_str:0000000000006992 .LASF843
     /tmp/cc7KEiL4.s:88172  .debug_str:000000000000e5a3 .LASF844
     /tmp/cc7KEiL4.s:92996  .debug_str:000000000002274d .LASF845
     /tmp/cc7KEiL4.s:93920  .debug_str:0000000000026054 .LASF846
     /tmp/cc7KEiL4.s:100002  .debug_str:000000000003f0d5 .LASF847
     /tmp/cc7KEiL4.s:94300  .debug_str:00000000000278b9 .LASF848
     /tmp/cc7KEiL4.s:93166  .debug_str:0000000000023212 .LASF849
     /tmp/cc7KEiL4.s:92122  .debug_str:000000000001ec09 .LASF850
     /tmp/cc7KEiL4.s:85532  .debug_str:00000000000034b0 .LASF851
     /tmp/cc7KEiL4.s:98714  .debug_str:0000000000039a0e .LASF852
     /tmp/cc7KEiL4.s:90738  .debug_str:0000000000018ad3 .LASF853
     /tmp/cc7KEiL4.s:100232  .debug_str:0000000000040034 .LASF854
     /tmp/cc7KEiL4.s:102216  .debug_str:0000000000048516 .LASF855
     /tmp/cc7KEiL4.s:92690  .debug_str:0000000000021242 .LASF856
     /tmp/cc7KEiL4.s:92612  .debug_str:0000000000020cd3 .LASF857
     /tmp/cc7KEiL4.s:97716  .debug_str:0000000000035cb4 .LASF858
     /tmp/cc7KEiL4.s:95448  .debug_str:000000000002c332 .LASF859
     /tmp/cc7KEiL4.s:101642  .debug_str:0000000000045db7 .LASF860
     /tmp/cc7KEiL4.s:89328  .debug_str:0000000000012ebe .LASF861
     /tmp/cc7KEiL4.s:95654  .debug_str:000000000002d158 .LASF862
     /tmp/cc7KEiL4.s:93500  .debug_str:00000000000243a0 .LASF863
     /tmp/cc7KEiL4.s:91916  .debug_str:000000000001dd5f .LASF864
     /tmp/cc7KEiL4.s:91076  .debug_str:000000000001a2a1 .LASF865
     /tmp/cc7KEiL4.s:85852  .debug_str:0000000000004b19 .LASF866
     /tmp/cc7KEiL4.s:92160  .debug_str:000000000001eeca .LASF867
     /tmp/cc7KEiL4.s:95566  .debug_str:000000000002cbb0 .LASF868
     /tmp/cc7KEiL4.s:102984  .debug_str:000000000004bbf9 .LASF869
     /tmp/cc7KEiL4.s:90806  .debug_str:0000000000018f85 .LASF870
     /tmp/cc7KEiL4.s:86442  .debug_str:0000000000007403 .LASF871
     /tmp/cc7KEiL4.s:91758  .debug_str:000000000001d259 .LASF872
     /tmp/cc7KEiL4.s:85070  .debug_str:000000000000140a .LASF873
     /tmp/cc7KEiL4.s:98136  .debug_str:000000000003737e .LASF874
     /tmp/cc7KEiL4.s:85308  .debug_str:00000000000024f1 .LASF875
     /tmp/cc7KEiL4.s:94636  .debug_str:0000000000028e3e .LASF876
     /tmp/cc7KEiL4.s:96456  .debug_str:00000000000308e9 .LASF877
     /tmp/cc7KEiL4.s:103102  .debug_str:000000000004c474 .LASF878
     /tmp/cc7KEiL4.s:91386  .debug_str:000000000001b8b6 .LASF879
     /tmp/cc7KEiL4.s:98192  .debug_str:000000000003765e .LASF880
     /tmp/cc7KEiL4.s:90390  .debug_str:0000000000017472 .LASF881
     /tmp/cc7KEiL4.s:93028  .debug_str:0000000000022997 .LASF882
     /tmp/cc7KEiL4.s:99080  .debug_str:000000000003b2c5 .LASF883
     /tmp/cc7KEiL4.s:84976  .debug_str:0000000000000dc8 .LASF884
     /tmp/cc7KEiL4.s:94830  .debug_str:0000000000029aee .LASF885
     /tmp/cc7KEiL4.s:101484  .debug_str:00000000000452cd .LASF886
     /tmp/cc7KEiL4.s:93912  .debug_str:0000000000025f7f .LASF887
     /tmp/cc7KEiL4.s:101002  .debug_str:00000000000432a0 .LASF888
     /tmp/cc7KEiL4.s:99180  .debug_str:000000000003ba5e .LASF889
     /tmp/cc7KEiL4.s:101942  .debug_str:0000000000047239 .LASF890
     /tmp/cc7KEiL4.s:85340  .debug_str:000000000000278f .LASF891
     /tmp/cc7KEiL4.s:89036  .debug_str:0000000000011b92 .LASF892
     /tmp/cc7KEiL4.s:91604  .debug_str:000000000001c749 .LASF893
     /tmp/cc7KEiL4.s:94316  .debug_str:00000000000279f0 .LASF894
     /tmp/cc7KEiL4.s:97130  .debug_str:00000000000336c9 .LASF895
     /tmp/cc7KEiL4.s:99716  .debug_str:000000000003dcaf .LASF896
     /tmp/cc7KEiL4.s:90960  .debug_str:0000000000019af9 .LASF897
     /tmp/cc7KEiL4.s:93604  .debug_str:0000000000024a4f .LASF898
     /tmp/cc7KEiL4.s:87084  .debug_str:0000000000009f32 .LASF899
     /tmp/cc7KEiL4.s:99068  .debug_str:000000000003b20f .LASF900
     /tmp/cc7KEiL4.s:101684  .debug_str:00000000000460ea .LASF901
     /tmp/cc7KEiL4.s:86042  .debug_str:00000000000058a9 .LASF902
     /tmp/cc7KEiL4.s:88688  .debug_str:000000000001049b .LASF903
     /tmp/cc7KEiL4.s:91352  .debug_str:000000000001b6be .LASF904
     /tmp/cc7KEiL4.s:94174  .debug_str:0000000000027100 .LASF905
     /tmp/cc7KEiL4.s:96846  .debug_str:000000000003231f .LASF906
     /tmp/cc7KEiL4.s:87968  .debug_str:000000000000db33 .LASF907
     /tmp/cc7KEiL4.s:90666  .debug_str:0000000000018622 .LASF908
     /tmp/cc7KEiL4.s:93276  .debug_str:00000000000238d0 .LASF909
     /tmp/cc7KEiL4.s:88574  .debug_str:000000000000fd97 .LASF910
     /tmp/cc7KEiL4.s:98838  .debug_str:000000000003a2ae .LASF911
     /tmp/cc7KEiL4.s:101568  .debug_str:0000000000045850 .LASF912
     /tmp/cc7KEiL4.s:95226  .debug_str:000000000002b43a .LASF913
     /tmp/cc7KEiL4.s:88552  .debug_str:000000000000fbf8 .LASF914
     /tmp/cc7KEiL4.s:91218  .debug_str:000000000001ad0c .LASF915
     /tmp/cc7KEiL4.s:93882  .debug_str:0000000000025d3e .LASF916
     /tmp/cc7KEiL4.s:85104  .debug_str:0000000000001646 .LASF917
     /tmp/cc7KEiL4.s:87686  .debug_str:000000000000c925 .LASF918
     /tmp/cc7KEiL4.s:90532  .debug_str:0000000000017c77 .LASF919
     /tmp/cc7KEiL4.s:102298  .debug_str:0000000000048ae4 .LASF920
     /tmp/cc7KEiL4.s:95886  .debug_str:000000000002e1e6 .LASF921
     /tmp/cc7KEiL4.s:98702  .debug_str:0000000000039929 .LASF922
     /tmp/cc7KEiL4.s:101276  .debug_str:000000000004446e .LASF923
     /tmp/cc7KEiL4.s:85626  .debug_str:0000000000003b45 .LASF924
     /tmp/cc7KEiL4.s:88258  .debug_str:000000000000ea98 .LASF925
     /tmp/cc7KEiL4.s:90930  .debug_str:00000000000198f8 .LASF926
     /tmp/cc7KEiL4.s:100616  .debug_str:0000000000041a74 .LASF927
     /tmp/cc7KEiL4.s:91884  .debug_str:000000000001dab1 .LASF928
     /tmp/cc7KEiL4.s:92716  .debug_str:000000000002146f .LASF929
     /tmp/cc7KEiL4.s:87750  .debug_str:000000000000cd4d .LASF930
     /tmp/cc7KEiL4.s:92878  .debug_str:0000000000021fae .LASF931
     /tmp/cc7KEiL4.s:95774  .debug_str:000000000002d9be .LASF932
     /tmp/cc7KEiL4.s:98464  .debug_str:0000000000038889 .LASF933
     /tmp/cc7KEiL4.s:101156  .debug_str:0000000000043cdc .LASF934
     /tmp/cc7KEiL4.s:85358  .debug_str:00000000000028bf .LASF935
     /tmp/cc7KEiL4.s:87934  .debug_str:000000000000d8fd .LASF936
     /tmp/cc7KEiL4.s:97722  .debug_str:0000000000035d2a .LASF937
     /tmp/cc7KEiL4.s:100330  .debug_str:0000000000040763 .LASF938
     /tmp/cc7KEiL4.s:97152  .debug_str:0000000000033863 .LASF939
     /tmp/cc7KEiL4.s:87274  .debug_str:000000000000ac53 .LASF940
     /tmp/cc7KEiL4.s:92016  .debug_str:000000000001e420 .LASF941
     /tmp/cc7KEiL4.s:95626  .debug_str:000000000002cf1d .LASF942
     /tmp/cc7KEiL4.s:95080  .debug_str:000000000002ab80 .LASF943
     /tmp/cc7KEiL4.s:94546  .debug_str:00000000000288c1 .LASF944
     /tmp/cc7KEiL4.s:93812  .debug_str:00000000000257fb .LASF945
     /tmp/cc7KEiL4.s:102126  .debug_str:0000000000047f1d .LASF946
     /tmp/cc7KEiL4.s:89170  .debug_str:000000000001243e .LASF947
     /tmp/cc7KEiL4.s:97010  .debug_str:0000000000032e52 .LASF948
     /tmp/cc7KEiL4.s:87682  .debug_str:000000000000c8e8 .LASF949
     /tmp/cc7KEiL4.s:94956  .debug_str:000000000002a35e .LASF950
     /tmp/cc7KEiL4.s:88662  .debug_str:0000000000010238 .LASF951
     /tmp/cc7KEiL4.s:99892  .debug_str:000000000003e9ab .LASF952
     /tmp/cc7KEiL4.s:87600  .debug_str:000000000000c317 .LASF953
     /tmp/cc7KEiL4.s:96660  .debug_str:000000000003170a .LASF954
     /tmp/cc7KEiL4.s:97856  .debug_str:0000000000036475 .LASF955
     /tmp/cc7KEiL4.s:98496  .debug_str:0000000000038ac9 .LASF956
     /tmp/cc7KEiL4.s:102180  .debug_str:00000000000482cd .LASF957
     /tmp/cc7KEiL4.s:100144  .debug_str:000000000003fae3 .LASF958
     /tmp/cc7KEiL4.s:89202  .debug_str:00000000000126dd .LASF959
     /tmp/cc7KEiL4.s:97608  .debug_str:00000000000355a8 .LASF960
     /tmp/cc7KEiL4.s:87304  .debug_str:000000000000aec1 .LASF961
     /tmp/cc7KEiL4.s:95802  .debug_str:000000000002db82 .LASF962
     /tmp/cc7KEiL4.s:85666  .debug_str:0000000000003e12 .LASF963
     /tmp/cc7KEiL4.s:93918  .debug_str:000000000002600b .LASF964
     /tmp/cc7KEiL4.s:102252  .debug_str:00000000000487a3 .LASF965
     /tmp/cc7KEiL4.s:92072  .debug_str:000000000001e85e .LASF966
     /tmp/cc7KEiL4.s:101586  .debug_str:0000000000045979 .LASF967
     /tmp/cc7KEiL4.s:85528  .debug_str:0000000000003459 .LASF968
     /tmp/cc7KEiL4.s:85234  .debug_str:0000000000001f95 .LASF969
     /tmp/cc7KEiL4.s:91486  .debug_str:000000000001bf13 .LASF970
     /tmp/cc7KEiL4.s:103120  .debug_str:000000000004c577 .LASF971
     /tmp/cc7KEiL4.s:85588  .debug_str:00000000000038c5 .LASF972
     /tmp/cc7KEiL4.s:92950  .debug_str:0000000000022453 .LASF973
     /tmp/cc7KEiL4.s:89410  .debug_str:00000000000133ac .LASF974
     /tmp/cc7KEiL4.s:86942  .debug_str:000000000000960f .LASF975
     /tmp/cc7KEiL4.s:91444  .debug_str:000000000001bc13 .LASF976
     /tmp/cc7KEiL4.s:99474  .debug_str:000000000003cd1e .LASF977
     /tmp/cc7KEiL4.s:87230  .debug_str:000000000000a8e8 .LASF978
     /tmp/cc7KEiL4.s:90078  .debug_str:0000000000015ed9 .LASF979
     /tmp/cc7KEiL4.s:96370  .debug_str:0000000000030270 .LASF980
     /tmp/cc7KEiL4.s:102364  .debug_str:0000000000048f7a .LASF981
     /tmp/cc7KEiL4.s:90208  .debug_str:00000000000167cb .LASF982
     /tmp/cc7KEiL4.s:96350  .debug_str:00000000000300b9 .LASF983
     /tmp/cc7KEiL4.s:102556  .debug_str:0000000000049cc7 .LASF984
     /tmp/cc7KEiL4.s:90538  .debug_str:0000000000017cef .LASF985
     /tmp/cc7KEiL4.s:96860  .debug_str:00000000000323dd .LASF986
     /tmp/cc7KEiL4.s:97256  .debug_str:0000000000033f4b .LASF987
     /tmp/cc7KEiL4.s:90896  .debug_str:00000000000195bc .LASF988
     /tmp/cc7KEiL4.s:90860  .debug_str:000000000001936a .LASF989
     /tmp/cc7KEiL4.s:85826  .debug_str:0000000000004970 .LASF990
     /tmp/cc7KEiL4.s:87194  .debug_str:000000000000a6dc .LASF991
     /tmp/cc7KEiL4.s:87448  .debug_str:000000000000b955 .LASF992
     /tmp/cc7KEiL4.s:86174  .debug_str:0000000000006155 .LASF993
     /tmp/cc7KEiL4.s:100046  .debug_str:000000000003f403 .LASF994
     /tmp/cc7KEiL4.s:90202  .debug_str:000000000001675a .LASF995
     /tmp/cc7KEiL4.s:91626  .debug_str:000000000001c8bb .LASF996
     /tmp/cc7KEiL4.s:98202  .debug_str:0000000000037703 .LASF997
     /tmp/cc7KEiL4.s:94880  .debug_str:0000000000029e55 .LASF998
     /tmp/cc7KEiL4.s:91510  .debug_str:000000000001c097 .LASF999
     /tmp/cc7KEiL4.s:100740  .debug_str:0000000000042279 .LASF1000
     /tmp/cc7KEiL4.s:91034  .debug_str:0000000000019fd9 .LASF1001
     /tmp/cc7KEiL4.s:91878  .debug_str:000000000001da18 .LASF1002
     /tmp/cc7KEiL4.s:100668  .debug_str:0000000000041de9 .LASF1003
     /tmp/cc7KEiL4.s:93536  .debug_str:000000000002462b .LASF1004
     /tmp/cc7KEiL4.s:96714  .debug_str:0000000000031afa .LASF1005
     /tmp/cc7KEiL4.s:88422  .debug_str:000000000000f54d .LASF1006
     /tmp/cc7KEiL4.s:99374  .debug_str:000000000003c698 .LASF1007
     /tmp/cc7KEiL4.s:101266  .debug_str:00000000000443e6 .LASF1008
     /tmp/cc7KEiL4.s:94552  .debug_str:0000000000028952 .LASF1009
     /tmp/cc7KEiL4.s:99870  .debug_str:000000000003e7f5 .LASF1010
     /tmp/cc7KEiL4.s:94070  .debug_str:0000000000026996 .LASF1011
     /tmp/cc7KEiL4.s:86774  .debug_str:0000000000008a09 .LASF1012
     /tmp/cc7KEiL4.s:98142  .debug_str:0000000000037404 .LASF1013
     /tmp/cc7KEiL4.s:84804  .debug_str:000000000000021c .LASF1014
     /tmp/cc7KEiL4.s:92786  .debug_str:00000000000218d7 .LASF1015
     /tmp/cc7KEiL4.s:85988  .debug_str:00000000000054ed .LASF1016
     /tmp/cc7KEiL4.s:89904  .debug_str:0000000000015324 .LASF1017
     /tmp/cc7KEiL4.s:101674  .debug_str:000000000004600f .LASF1018
     /tmp/cc7KEiL4.s:93734  .debug_str:00000000000253a9 .LASF1019
     /tmp/cc7KEiL4.s:92328  .debug_str:000000000001fa42 .LASF1020
     /tmp/cc7KEiL4.s:89130  .debug_str:00000000000121b4 .LASF1021
     /tmp/cc7KEiL4.s:86366  .debug_str:0000000000006f3f .LASF1022
     /tmp/cc7KEiL4.s:93762  .debug_str:0000000000025567 .LASF1023
     /tmp/cc7KEiL4.s:96178  .debug_str:000000000002f52d .LASF1024
     /tmp/cc7KEiL4.s:89682  .debug_str:00000000000144c5 .LASF1025
     /tmp/cc7KEiL4.s:89952  .debug_str:0000000000015656 .LASF1026
     /tmp/cc7KEiL4.s:91140  .debug_str:000000000001a6ec .LASF1027
     /tmp/cc7KEiL4.s:94336  .debug_str:0000000000027b3e .LASF1028
     /tmp/cc7KEiL4.s:90670  .debug_str:0000000000018668 .LASF1029
     /tmp/cc7KEiL4.s:85228  .debug_str:0000000000001f2c .LASF1030
     /tmp/cc7KEiL4.s:96498  .debug_str:0000000000030bbe .LASF1031
     /tmp/cc7KEiL4.s:99124  .debug_str:000000000003b68d .LASF1032
     /tmp/cc7KEiL4.s:101050  .debug_str:0000000000043593 .LASF1033
     /tmp/cc7KEiL4.s:101902  .debug_str:0000000000046f56 .LASF1034
     /tmp/cc7KEiL4.s:85260  .debug_str:00000000000021a9 .LASF1035
     /tmp/cc7KEiL4.s:93586  .debug_str:0000000000024928 .LASF1036
     /tmp/cc7KEiL4.s:99730  .debug_str:000000000003ddb8 .LASF1037
     /tmp/cc7KEiL4.s:96448  .debug_str:0000000000030831 .LASF1038
     /tmp/cc7KEiL4.s:93020  .debug_str:0000000000022913 .LASF1039
     /tmp/cc7KEiL4.s:89740  .debug_str:000000000001489c .LASF1040
     /tmp/cc7KEiL4.s:101186  .debug_str:0000000000043e8e .LASF1041
     /tmp/cc7KEiL4.s:87840  .debug_str:000000000000d337 .LASF1042
     /tmp/cc7KEiL4.s:85828  .debug_str:00000000000049be .LASF1043
     /tmp/cc7KEiL4.s:88598  .debug_str:000000000000fed8 .LASF1044
     /tmp/cc7KEiL4.s:100094  .debug_str:000000000003f7a3 .LASF1045
     /tmp/cc7KEiL4.s:102590  .debug_str:0000000000049fd8 .LASF1046
     /tmp/cc7KEiL4.s:90276  .debug_str:0000000000016cf5 .LASF1047
     /tmp/cc7KEiL4.s:96430  .debug_str:00000000000306f3 .LASF1048
     /tmp/cc7KEiL4.s:102472  .debug_str:00000000000497b8 .LASF1049
     /tmp/cc7KEiL4.s:90178  .debug_str:00000000000165b1 .LASF1050
     /tmp/cc7KEiL4.s:89038  .debug_str:0000000000011bc7 .LASF1051
     /tmp/cc7KEiL4.s:95172  .debug_str:000000000002b10e .LASF1052
     /tmp/cc7KEiL4.s:101220  .debug_str:0000000000044096 .LASF1053
     /tmp/cc7KEiL4.s:88908  .debug_str:0000000000011288 .LASF1054
     /tmp/cc7KEiL4.s:95052  .debug_str:000000000002a9ab .LASF1055
     /tmp/cc7KEiL4.s:100444  .debug_str:0000000000040f6a .LASF1056
     /tmp/cc7KEiL4.s:86346  .debug_str:0000000000006dd3 .LASF1057
     /tmp/cc7KEiL4.s:100116  .debug_str:000000000003f943 .LASF1058
     /tmp/cc7KEiL4.s:95808  .debug_str:000000000002dc1c .LASF1059
     /tmp/cc7KEiL4.s:92092  .debug_str:000000000001e9fd .LASF1060
     /tmp/cc7KEiL4.s:88496  .debug_str:000000000000f8d9 .LASF1061
     /tmp/cc7KEiL4.s:87702  .debug_str:000000000000ca40 .LASF1062
     /tmp/cc7KEiL4.s:99630  .debug_str:000000000003d717 .LASF1063
     /tmp/cc7KEiL4.s:91914  .debug_str:000000000001dd37 .LASF1064
     /tmp/cc7KEiL4.s:102480  .debug_str:0000000000049831 .LASF1065
     /tmp/cc7KEiL4.s:92348  .debug_str:000000000001fbae .LASF1066
     /tmp/cc7KEiL4.s:86856  .debug_str:0000000000008fa7 .LASF1067
     /tmp/cc7KEiL4.s:97702  .debug_str:0000000000035be2 .LASF1068
     /tmp/cc7KEiL4.s:89812  .debug_str:0000000000014d92 .LASF1069
     /tmp/cc7KEiL4.s:100530  .debug_str:00000000000414cb .LASF1070
     /tmp/cc7KEiL4.s:92662  .debug_str:0000000000021071 .LASF1071
     /tmp/cc7KEiL4.s:96694  .debug_str:00000000000319b1 .LASF1072
     /tmp/cc7KEiL4.s:87070  .debug_str:0000000000009e01 .LASF1073
     /tmp/cc7KEiL4.s:96352  .debug_str:0000000000030107 .LASF1074
     /tmp/cc7KEiL4.s:86810  .debug_str:0000000000008c54 .LASF1075
     /tmp/cc7KEiL4.s:95946  .debug_str:000000000002e632 .LASF1076
     /tmp/cc7KEiL4.s:86588  .debug_str:0000000000007cc9 .LASF1077
     /tmp/cc7KEiL4.s:95702  .debug_str:000000000002d554 .LASF1078
     /tmp/cc7KEiL4.s:86354  .debug_str:0000000000006e7b .LASF1079
     /tmp/cc7KEiL4.s:98546  .debug_str:0000000000038ea1 .LASF1080
     /tmp/cc7KEiL4.s:86116  .debug_str:0000000000005daf .LASF1081
     /tmp/cc7KEiL4.s:95210  .debug_str:000000000002b325 .LASF1082
     /tmp/cc7KEiL4.s:87550  .debug_str:000000000000bfc0 .LASF1083
     /tmp/cc7KEiL4.s:91724  .debug_str:000000000001d037 .LASF1084
     /tmp/cc7KEiL4.s:87126  .debug_str:000000000000a245 .LASF1085
     /tmp/cc7KEiL4.s:96418  .debug_str:00000000000305fc .LASF1086
     /tmp/cc7KEiL4.s:99172  .debug_str:000000000003b9b8 .LASF1087
     /tmp/cc7KEiL4.s:89782  .debug_str:0000000000014b96 .LASF1088
     /tmp/cc7KEiL4.s:86650  .debug_str:0000000000008176 .LASF1089
     /tmp/cc7KEiL4.s:95926  .debug_str:000000000002e497 .LASF1090
     /tmp/cc7KEiL4.s:86416  .debug_str:0000000000007246 .LASF1091
     /tmp/cc7KEiL4.s:87700  .debug_str:000000000000ca16 .LASF1092
     /tmp/cc7KEiL4.s:87852  .debug_str:000000000000d3d0 .LASF1093
     /tmp/cc7KEiL4.s:96984  .debug_str:0000000000032c7e .LASF1094
     /tmp/cc7KEiL4.s:87628  .debug_str:000000000000c546 .LASF1095
     /tmp/cc7KEiL4.s:96744  .debug_str:0000000000031cd4 .LASF1096
     /tmp/cc7KEiL4.s:91744  .debug_str:000000000001d144 .LASF1097
     /tmp/cc7KEiL4.s:96490  .debug_str:0000000000030b2a .LASF1098
     /tmp/cc7KEiL4.s:87114  .debug_str:000000000000a188 .LASF1099
     /tmp/cc7KEiL4.s:96240  .debug_str:000000000002f99d .LASF1100
     /tmp/cc7KEiL4.s:86862  .debug_str:0000000000009009 .LASF1101
     /tmp/cc7KEiL4.s:95986  .debug_str:000000000002e919 .LASF1102
     /tmp/cc7KEiL4.s:88206  .debug_str:000000000000e81a .LASF1103
     /tmp/cc7KEiL4.s:97446  .debug_str:0000000000034bb7 .LASF1104
     /tmp/cc7KEiL4.s:87928  .debug_str:000000000000d887 .LASF1105
     /tmp/cc7KEiL4.s:97202  .debug_str:0000000000033bc9 .LASF1106
     /tmp/cc7KEiL4.s:87690  .debug_str:000000000000c968 .LASF1107
     /tmp/cc7KEiL4.s:96968  .debug_str:0000000000032b29 .LASF1108
     /tmp/cc7KEiL4.s:87438  .debug_str:000000000000b8c4 .LASF1109
     /tmp/cc7KEiL4.s:96558  .debug_str:0000000000030fb0 .LASF1110
     /tmp/cc7KEiL4.s:87190  .debug_str:000000000000a691 .LASF1111
     /tmp/cc7KEiL4.s:102508  .debug_str:00000000000499c0 .LASF1112
     /tmp/cc7KEiL4.s:88712  .debug_str:00000000000105e0 .LASF1113
     /tmp/cc7KEiL4.s:97798  .debug_str:000000000003618d .LASF1114
     /tmp/cc7KEiL4.s:88448  .debug_str:000000000000f6c3 .LASF1115
     /tmp/cc7KEiL4.s:97524  .debug_str:00000000000350b9 .LASF1116
     /tmp/cc7KEiL4.s:87940  .debug_str:000000000000d960 .LASF1117
     /tmp/cc7KEiL4.s:97264  .debug_str:0000000000033fe1 .LASF1118
     /tmp/cc7KEiL4.s:93148  .debug_str:000000000002310d .LASF1119
     /tmp/cc7KEiL4.s:97044  .debug_str:000000000003309c .LASF1120
     /tmp/cc7KEiL4.s:87512  .debug_str:000000000000bd53 .LASF1121
     /tmp/cc7KEiL4.s:96802  .debug_str:000000000003207e .LASF1122
     /tmp/cc7KEiL4.s:89076  .debug_str:0000000000011e04 .LASF1123
     /tmp/cc7KEiL4.s:98318  .debug_str:0000000000037ec4 .LASF1124
     /tmp/cc7KEiL4.s:88792  .debug_str:0000000000010b15 .LASF1125
     /tmp/cc7KEiL4.s:97868  .debug_str:0000000000036581 .LASF1126
     /tmp/cc7KEiL4.s:88738  .debug_str:00000000000107a7 .LASF1127
     /tmp/cc7KEiL4.s:89540  .debug_str:0000000000013c1d .LASF1128
     /tmp/cc7KEiL4.s:86900  .debug_str:0000000000009248 .LASF1129
     /tmp/cc7KEiL4.s:98398  .debug_str:0000000000038400 .LASF1130
     /tmp/cc7KEiL4.s:92430  .debug_str:0000000000020157 .LASF1131
     /tmp/cc7KEiL4.s:100380  .debug_str:0000000000040afa .LASF1132
     /tmp/cc7KEiL4.s:85466  .debug_str:00000000000030b1 .LASF1133
     /tmp/cc7KEiL4.s:97966  .debug_str:0000000000036abc .LASF1134
     /tmp/cc7KEiL4.s:86228  .debug_str:000000000000650e .LASF1135
     /tmp/cc7KEiL4.s:86580  .debug_str:0000000000007c33 .LASF1136
     /tmp/cc7KEiL4.s:89318  .debug_str:0000000000012ded .LASF1137
     /tmp/cc7KEiL4.s:89634  .debug_str:00000000000141a1 .LASF1138
     /tmp/cc7KEiL4.s:97068  .debug_str:0000000000033244 .LASF1139
     /tmp/cc7KEiL4.s:99480  .debug_str:000000000003cd97 .LASF1140
     /tmp/cc7KEiL4.s:101914  .debug_str:000000000004702e .LASF1141
     /tmp/cc7KEiL4.s:98418  .debug_str:00000000000385c0 .LASF1142
     /tmp/cc7KEiL4.s:99800  .debug_str:000000000003e29b .LASF1143
     /tmp/cc7KEiL4.s:90552  .debug_str:0000000000017df1 .LASF1144
     /tmp/cc7KEiL4.s:99742  .debug_str:000000000003de63 .LASF1145
     /tmp/cc7KEiL4.s:90498  .debug_str:0000000000017b07 .LASF1146
     /tmp/cc7KEiL4.s:99682  .debug_str:000000000003da1a .LASF1147
     /tmp/cc7KEiL4.s:98460  .debug_str:000000000003884a .LASF1148
     /tmp/cc7KEiL4.s:86230  .debug_str:000000000000653f .LASF1149
     /tmp/cc7KEiL4.s:102100  .debug_str:0000000000047d2f .LASF1150
     /tmp/cc7KEiL4.s:85622  .debug_str:0000000000003b03 .LASF1151
     /tmp/cc7KEiL4.s:100252  .debug_str:0000000000040195 .LASF1152
     /tmp/cc7KEiL4.s:100870  .debug_str:0000000000042a57 .LASF1153
     /tmp/cc7KEiL4.s:99650  .debug_str:000000000003d86f .LASF1154
     /tmp/cc7KEiL4.s:99832  .debug_str:000000000003e4ce .LASF1155
     /tmp/cc7KEiL4.s:90692  .debug_str:00000000000187b3 .LASF1156
     /tmp/cc7KEiL4.s:90344  .debug_str:0000000000017105 .LASF1157
     /tmp/cc7KEiL4.s:102868  .debug_str:000000000004b443 .LASF1158
     /tmp/cc7KEiL4.s:94656  .debug_str:000000000002901a .LASF1159
     /tmp/cc7KEiL4.s:88506  .debug_str:000000000000f966 .LASF1160
     /tmp/cc7KEiL4.s:96812  .debug_str:000000000003215e .LASF1161
     /tmp/cc7KEiL4.s:86982  .debug_str:00000000000098bf .LASF1162
     /tmp/cc7KEiL4.s:84784  .debug_str:00000000000000c1 .LASF1163
     /tmp/cc7KEiL4.s:92702  .debug_str:0000000000021350 .LASF1164
     /tmp/cc7KEiL4.s:92946  .debug_str:0000000000022428 .LASF1165
     /tmp/cc7KEiL4.s:98750  .debug_str:0000000000039ce7 .LASF1166
     /tmp/cc7KEiL4.s:100842  .debug_str:00000000000428dc .LASF1167
     /tmp/cc7KEiL4.s:102242  .debug_str:000000000004870e .LASF1168
     /tmp/cc7KEiL4.s:92140  .debug_str:000000000001ed68 .LASF1169
     /tmp/cc7KEiL4.s:95740  .debug_str:000000000002d7c1 .LASF1170
     /tmp/cc7KEiL4.s:93576  .debug_str:0000000000024881 .LASF1171
     /tmp/cc7KEiL4.s:97496  .debug_str:0000000000034f68 .LASF1172
     /tmp/cc7KEiL4.s:89386  .debug_str:000000000001325d .LASF1173
     /tmp/cc7KEiL4.s:99588  .debug_str:000000000003d473 .LASF1174
     /tmp/cc7KEiL4.s:88748  .debug_str:0000000000010885 .LASF1176
     /tmp/cc7KEiL4.s:101636  .debug_str:0000000000045d4f .LASF1177
     /tmp/cc7KEiL4.s:89934  .debug_str:00000000000154f8 .LASF1178
     /tmp/cc7KEiL4.s:94276  .debug_str:000000000002777a .LASF1179
     /tmp/cc7KEiL4.s:89796  .debug_str:0000000000014c96 .LASF1180
     /tmp/cc7KEiL4.s:89736  .debug_str:0000000000014887 .LASF1181
     /tmp/cc7KEiL4.s:95708  .debug_str:000000000002d5d1 .LASF1182
     /tmp/cc7KEiL4.s:84832  .debug_str:00000000000003e7 .LASF1183
     /tmp/cc7KEiL4.s:90012  .debug_str:0000000000015a54 .LASF1184
     /tmp/cc7KEiL4.s:91930  .debug_str:000000000001de61 .LASF1185
     /tmp/cc7KEiL4.s:93014  .debug_str:000000000002289a .LASF1186
     /tmp/cc7KEiL4.s:100074  .debug_str:000000000003f650 .LASF1187
     /tmp/cc7KEiL4.s:88248  .debug_str:000000000000ea1d .LASF1188
     /tmp/cc7KEiL4.s:94496  .debug_str:0000000000028602 .LASF1189
     /tmp/cc7KEiL4.s:86254  .debug_str:0000000000006744 .LASF1190
     /tmp/cc7KEiL4.s:87106  .debug_str:000000000000a0e3 .LASF1191
     /tmp/cc7KEiL4.s:94840  .debug_str:0000000000029b8b .LASF1192
     /tmp/cc7KEiL4.s:87100  .debug_str:000000000000a08a .LASF1193
     /tmp/cc7KEiL4.s:91774  .debug_str:000000000001d3b7 .LASF1194
     /tmp/cc7KEiL4.s:96682  .debug_str:000000000003188b .LASF1195
     /tmp/cc7KEiL4.s:101252  .debug_str:00000000000442f3 .LASF1196
     /tmp/cc7KEiL4.s:85464  .debug_str:0000000000003089 .LASF1197
     /tmp/cc7KEiL4.s:94366  .debug_str:0000000000027d21 .LASF1198
     /tmp/cc7KEiL4.s:85836  .debug_str:0000000000004a41 .LASF1199
     /tmp/cc7KEiL4.s:87914  .debug_str:000000000000d7b7 .LASF1200
     /tmp/cc7KEiL4.s:103104  .debug_str:000000000004c4a7 .LASF1201
     /tmp/cc7KEiL4.s:94148  .debug_str:0000000000026f22 .LASF1202
     /tmp/cc7KEiL4.s:102814  .debug_str:000000000004b0fa .LASF1203
     /tmp/cc7KEiL4.s:94492  .debug_str:00000000000285b7 .LASF1204
     /tmp/cc7KEiL4.s:101320  .debug_str:00000000000447f2 .LASF1205
     /tmp/cc7KEiL4.s:100390  .debug_str:0000000000040ba4 .LASF1206
     /tmp/cc7KEiL4.s:88272  .debug_str:000000000000eb75 .LASF1207
     /tmp/cc7KEiL4.s:101800  .debug_str:00000000000468a3 .LASF1208
     /tmp/cc7KEiL4.s:91156  .debug_str:000000000001a81c .LASF1209
     /tmp/cc7KEiL4.s:90700  .debug_str:000000000001882e .LASF1210
     /tmp/cc7KEiL4.s:94470  .debug_str:000000000002841e .LASF1211
     /tmp/cc7KEiL4.s:86638  .debug_str:0000000000008080 .LASF1212
     /tmp/cc7KEiL4.s:88744  .debug_str:000000000001082c .LASF1213
     /tmp/cc7KEiL4.s:96474  .debug_str:0000000000030a47 .LASF1214
     /tmp/cc7KEiL4.s:88010  .debug_str:000000000000de16 .LASF1215
     /tmp/cc7KEiL4.s:101692  .debug_str:0000000000046171 .LASF1216
     /tmp/cc7KEiL4.s:90762  .debug_str:0000000000018c9f .LASF1217
     /tmp/cc7KEiL4.s:102914  .debug_str:000000000004b7e1 .LASF1218
     /tmp/cc7KEiL4.s:88548  .debug_str:000000000000fba5 .LASF1219
     /tmp/cc7KEiL4.s:96848  .debug_str:0000000000032354 .LASF1220
     /tmp/cc7KEiL4.s:102764  .debug_str:000000000004ad3e .LASF1221
     /tmp/cc7KEiL4.s:95826  .debug_str:000000000002dde2 .LASF1222
     /tmp/cc7KEiL4.s:93872  .debug_str:0000000000025c9c .LASF1223
     /tmp/cc7KEiL4.s:96634  .debug_str:0000000000031537 .LASF1224
     /tmp/cc7KEiL4.s:90934  .debug_str:0000000000019959 .LASF1225
     /tmp/cc7KEiL4.s:97572  .debug_str:000000000003546d .LASF1226
     /tmp/cc7KEiL4.s:100012  .debug_str:000000000003f1b4 .LASF1227
     /tmp/cc7KEiL4.s:98886  .debug_str:000000000003a658 .LASF1228
     /tmp/cc7KEiL4.s:91248  .debug_str:000000000001aebb .LASF1229
     /tmp/cc7KEiL4.s:95160  .debug_str:000000000002b040 .LASF1230
     /tmp/cc7KEiL4.s:102338  .debug_str:0000000000048d9b .LASF1231
     /tmp/cc7KEiL4.s:88596  .debug_str:000000000000feae .LASF1232
     /tmp/cc7KEiL4.s:87634  .debug_str:000000000000c5b9 .LASF1233
     /tmp/cc7KEiL4.s:87346  .debug_str:000000000000b1e3 .LASF1234
     /tmp/cc7KEiL4.s:85170  .debug_str:0000000000001b3a .LASF1235
     /tmp/cc7KEiL4.s:96358  .debug_str:000000000003015c .LASF1236
     /tmp/cc7KEiL4.s:89784  .debug_str:0000000000014bc0 .LASF1237
     /tmp/cc7KEiL4.s:88120  .debug_str:000000000000e3da .LASF1238
     /tmp/cc7KEiL4.s:96566  .debug_str:0000000000031053 .LASF1239
     /tmp/cc7KEiL4.s:91900  .debug_str:000000000001dc19 .LASF1240
     /tmp/cc7KEiL4.s:90596  .debug_str:000000000001811e .LASF1241
     /tmp/cc7KEiL4.s:97230  .debug_str:0000000000033d76 .LASF1242
     /tmp/cc7KEiL4.s:86888  .debug_str:0000000000009160 .LASF1243
     /tmp/cc7KEiL4.s:96002  .debug_str:000000000002ea33 .LASF1244
     /tmp/cc7KEiL4.s:100020  .debug_str:000000000003f23e .LASF1245
     /tmp/cc7KEiL4.s:91612  .debug_str:000000000001c7e2 .LASF1246
     /tmp/cc7KEiL4.s:102874  .debug_str:000000000004b482 .LASF1247
     /tmp/cc7KEiL4.s:100016  .debug_str:000000000003f210 .LASF1248
     /tmp/cc7KEiL4.s:102896  .debug_str:000000000004b64d .LASF1249
     /tmp/cc7KEiL4.s:87816  .debug_str:000000000000d19e .LASF1250
     /tmp/cc7KEiL4.s:102384  .debug_str:00000000000490fd .LASF1251
     /tmp/cc7KEiL4.s:91836  .debug_str:000000000001d70b .LASF1252
     /tmp/cc7KEiL4.s:101770  .debug_str:0000000000046726 .LASF1253
     /tmp/cc7KEiL4.s:85934  .debug_str:0000000000005078 .LASF1254
     /tmp/cc7KEiL4.s:90232  .debug_str:0000000000016976 .LASF1255
     /tmp/cc7KEiL4.s:100310  .debug_str:00000000000405a0 .LASF1256
     /tmp/cc7KEiL4.s:90564  .debug_str:0000000000017ef8 .LASF1257
     /tmp/cc7KEiL4.s:93138  .debug_str:0000000000023033 .LASF1258
     /tmp/cc7KEiL4.s:92588  .debug_str:0000000000020c1d .LASF1259
     /tmp/cc7KEiL4.s:103076  .debug_str:000000000004c2b2 .LASF1260
     /tmp/cc7KEiL4.s:96344  .debug_str:0000000000030044 .LASF1261
     /tmp/cc7KEiL4.s:86972  .debug_str:0000000000009837 .LASF1262
     /tmp/cc7KEiL4.s:93440  .debug_str:000000000002414d .LASF1263
     /tmp/cc7KEiL4.s:96882  .debug_str:0000000000032590 .LASF1264
     /tmp/cc7KEiL4.s:84964  .debug_str:0000000000000cdd .LASF1265
     /tmp/cc7KEiL4.s:88208  .debug_str:000000000000e844 .LASF1266
     /tmp/cc7KEiL4.s:87876  .debug_str:000000000000d508 .LASF1267
     /tmp/cc7KEiL4.s:102096  .debug_str:0000000000047ce8 .LASF1268
     /tmp/cc7KEiL4.s:94724  .debug_str:0000000000029396 .LASF1269
     /tmp/cc7KEiL4.s:93550  .debug_str:0000000000024710 .LASF1270
     /tmp/cc7KEiL4.s:87590  .debug_str:000000000000c279 .LASF1271
     /tmp/cc7KEiL4.s:92688  .debug_str:000000000002121a .LASF1272
     /tmp/cc7KEiL4.s:96680  .debug_str:0000000000031855 .LASF1273
     /tmp/cc7KEiL4.s:101592  .debug_str:0000000000045a1d .LASF1274
     /tmp/cc7KEiL4.s:103134  .debug_str:000000000004c691 .LASF1275
     /tmp/cc7KEiL4.s:98960  .debug_str:000000000003aae9 .LASF1276
     /tmp/cc7KEiL4.s:94858  .debug_str:0000000000029c82 .LASF1277
     /tmp/cc7KEiL4.s:90322  .debug_str:0000000000016f8d .LASF1278
     /tmp/cc7KEiL4.s:86560  .debug_str:0000000000007b1c .LASF1279
     /tmp/cc7KEiL4.s:100152  .debug_str:000000000003fb64 .LASF1280
     /tmp/cc7KEiL4.s:96736  .debug_str:0000000000031c43 .LASF1281
     /tmp/cc7KEiL4.s:91566  .debug_str:000000000001c46a .LASF1282
     /tmp/cc7KEiL4.s:88290  .debug_str:000000000000ecc0 .LASF1283
     /tmp/cc7KEiL4.s:101438  .debug_str:0000000000044fcc .LASF1284
     /tmp/cc7KEiL4.s:101628  .debug_str:0000000000045cfc .LASF1285
     /tmp/cc7KEiL4.s:90812  .debug_str:0000000000018ff3 .LASF1286
     /tmp/cc7KEiL4.s:93230  .debug_str:0000000000023619 .LASF1287
     /tmp/cc7KEiL4.s:100674  .debug_str:0000000000041e5a .LASF1288
     /tmp/cc7KEiL4.s:84932  .debug_str:0000000000000ac7 .LASF1289
     /tmp/cc7KEiL4.s:92070  .debug_str:000000000001e83b .LASF1290
     /tmp/cc7KEiL4.s:95060  .debug_str:000000000002aa3a .LASF1291
     /tmp/cc7KEiL4.s:89396  .debug_str:00000000000132fc .LASF1292
     /tmp/cc7KEiL4.s:86606  .debug_str:0000000000007e1e .LASF1293
     /tmp/cc7KEiL4.s:97456  .debug_str:0000000000034c95 .LASF1294
     /tmp/cc7KEiL4.s:99990  .debug_str:000000000003f026 .LASF1295
     /tmp/cc7KEiL4.s:89526  .debug_str:0000000000013b49 .LASF1296
     /tmp/cc7KEiL4.s:86874  .debug_str:00000000000090c7 .LASF1297
     /tmp/cc7KEiL4.s:99360  .debug_str:000000000003c58e .LASF1298
     /tmp/cc7KEiL4.s:86146  .debug_str:0000000000005fa6 .LASF1299
     /tmp/cc7KEiL4.s:93578  .debug_str:00000000000248a9 .LASF1300
     /tmp/cc7KEiL4.s:96288  .debug_str:000000000002fc8c .LASF1301
     /tmp/cc7KEiL4.s:84990  .debug_str:0000000000000ec9 .LASF1302
     /tmp/cc7KEiL4.s:97364  .debug_str:00000000000346c5 .LASF1303
     /tmp/cc7KEiL4.s:89872  .debug_str:0000000000015154 .LASF1304
     /tmp/cc7KEiL4.s:89024  .debug_str:0000000000011aa1 .LASF1305
     /tmp/cc7KEiL4.s:99702  .debug_str:000000000003dbac .LASF1306
     /tmp/cc7KEiL4.s:99786  .debug_str:000000000003e1b3 .LASF1307
     /tmp/cc7KEiL4.s:91852  .debug_str:000000000001d858 .LASF1308
     /tmp/cc7KEiL4.s:102290  .debug_str:0000000000048a6f .LASF1309
     /tmp/cc7KEiL4.s:100906  .debug_str:0000000000042cb5 .LASF1310
     /tmp/cc7KEiL4.s:91120  .debug_str:000000000001a555 .LASF1311
     /tmp/cc7KEiL4.s:98430  .debug_str:000000000003868b .LASF1312
     /tmp/cc7KEiL4.s:102274  .debug_str:0000000000048926 .LASF1313
     /tmp/cc7KEiL4.s:89718  .debug_str:0000000000014728 .LASF1314
     /tmp/cc7KEiL4.s:95966  .debug_str:000000000002e7de .LASF1315
     /tmp/cc7KEiL4.s:92808  .debug_str:0000000000021a95 .LASF1316
     /tmp/cc7KEiL4.s:85410  .debug_str:0000000000002c69 .LASF1317
     /tmp/cc7KEiL4.s:91634  .debug_str:000000000001c960 .LASF1318
     /tmp/cc7KEiL4.s:98262  .debug_str:0000000000037a55 .LASF1319
     /tmp/cc7KEiL4.s:91132  .debug_str:000000000001a657 .LASF1320
     /tmp/cc7KEiL4.s:97528  .debug_str:0000000000035103 .LASF1321
     /tmp/cc7KEiL4.s:99680  .debug_str:000000000003d9f5 .LASF1322
     /tmp/cc7KEiL4.s:94332  .debug_str:0000000000027afc .LASF1323
     /tmp/cc7KEiL4.s:95596  .debug_str:000000000002cd3f .LASF1324
     /tmp/cc7KEiL4.s:93050  .debug_str:0000000000022b55 .LASF1325
     /tmp/cc7KEiL4.s:87294  .debug_str:000000000000ae1d .LASF1326
     /tmp/cc7KEiL4.s:91554  .debug_str:000000000001c38f .LASF1327
     /tmp/cc7KEiL4.s:85064  .debug_str:00000000000013bf .LASF1328
     /tmp/cc7KEiL4.s:99606  .debug_str:000000000003d587 .LASF1329
     /tmp/cc7KEiL4.s:87694  .debug_str:000000000000c9d2 .LASF1330
     /tmp/cc7KEiL4.s:90710  .debug_str:00000000000188d9 .LASF1331
     /tmp/cc7KEiL4.s:95488  .debug_str:000000000002c60a .LASF1332
     /tmp/cc7KEiL4.s:100434  .debug_str:0000000000040eda .LASF1333
     /tmp/cc7KEiL4.s:87880  .debug_str:000000000000d539 .LASF1334
     /tmp/cc7KEiL4.s:92700  .debug_str:0000000000021325 .LASF1335
     /tmp/cc7KEiL4.s:98124  .debug_str:00000000000372bb .LASF1336
     /tmp/cc7KEiL4.s:95024  .debug_str:000000000002a82d .LASF1337
     /tmp/cc7KEiL4.s:89692  .debug_str:00000000000145a5 .LASF1338
     /tmp/cc7KEiL4.s:93978  .debug_str:00000000000263b7 .LASF1339
     /tmp/cc7KEiL4.s:92896  .debug_str:0000000000022109 .LASF1340
     /tmp/cc7KEiL4.s:85374  .debug_str:000000000000299f .LASF1341
     /tmp/cc7KEiL4.s:85066  .debug_str:00000000000013df .LASF1342
     /tmp/cc7KEiL4.s:95286  .debug_str:000000000002b830 .LASF1343
     /tmp/cc7KEiL4.s:103024  .debug_str:000000000004bf16 .LASF1344
     /tmp/cc7KEiL4.s:99356  .debug_str:000000000003c54b .LASF1345
     /tmp/cc7KEiL4.s:94740  .debug_str:0000000000029562 .LASF1346
     /tmp/cc7KEiL4.s:86026  .debug_str:00000000000057b8 .LASF1347
     /tmp/cc7KEiL4.s:100876  .debug_str:0000000000042abb .LASF1348
     /tmp/cc7KEiL4.s:91956  .debug_str:000000000001e040 .LASF1349
     /tmp/cc7KEiL4.s:92952  .debug_str:000000000002249f .LASF1350
     /tmp/cc7KEiL4.s:94892  .debug_str:0000000000029f0e .LASF1351
     /tmp/cc7KEiL4.s:100224  .debug_str:000000000003ff69 .LASF1352
     /tmp/cc7KEiL4.s:99696  .debug_str:000000000003db31 .LASF1353
     /tmp/cc7KEiL4.s:96670  .debug_str:00000000000317bc .LASF1354
     /tmp/cc7KEiL4.s:91122  .debug_str:000000000001a571 .LASF1355
     /tmp/cc7KEiL4.s:89750  .debug_str:000000000001492d .LASF1356
     /tmp/cc7KEiL4.s:101520  .debug_str:0000000000045543 .LASF1357
     /tmp/cc7KEiL4.s:102970  .debug_str:000000000004bb26 .LASF1358
     /tmp/cc7KEiL4.s:90196  .debug_str:00000000000166be .LASF1359
     /tmp/cc7KEiL4.s:97066  .debug_str:0000000000033224 .LASF1360
     /tmp/cc7KEiL4.s:100682  .debug_str:0000000000041ee9 .LASF1361
     /tmp/cc7KEiL4.s:90366  .debug_str:0000000000017274 .LASF1362
     /tmp/cc7KEiL4.s:86234  .debug_str:00000000000065b1 .LASF1363
     /tmp/cc7KEiL4.s:85838  .debug_str:0000000000004a69 .LASF1364
     /tmp/cc7KEiL4.s:90190  .debug_str:000000000001667a .LASF1365
     /tmp/cc7KEiL4.s:99756  .debug_str:000000000003df88 .LASF1366
     /tmp/cc7KEiL4.s:102446  .debug_str:00000000000495b8 .LASF1367
     /tmp/cc7KEiL4.s:95298  .debug_str:000000000002b93f .LASF1368
     /tmp/cc7KEiL4.s:92994  .debug_str:0000000000022723 .LASF1369
     /tmp/cc7KEiL4.s:92344  .debug_str:000000000001fb7c .LASF1370
     /tmp/cc7KEiL4.s:95044  .debug_str:000000000002a931 .LASF1371
     /tmp/cc7KEiL4.s:91718  .debug_str:000000000001cfe2 .LASF1372
     /tmp/cc7KEiL4.s:91150  .debug_str:000000000001a7b7 .LASF1373
     /tmp/cc7KEiL4.s:87156  .debug_str:000000000000a40c .LASF1374
     /tmp/cc7KEiL4.s:100312  .debug_str:00000000000405bc .LASF1375
     /tmp/cc7KEiL4.s:101134  .debug_str:0000000000043b25 .LASF1376
     /tmp/cc7KEiL4.s:91384  .debug_str:000000000001b88d .LASF1377
     /tmp/cc7KEiL4.s:90810  .debug_str:0000000000018fd2 .LASF1378
     /tmp/cc7KEiL4.s:100404  .debug_str:0000000000040ca0 .LASF1379
     /tmp/cc7KEiL4.s:87480  .debug_str:000000000000bb5d .LASF1380
     /tmp/cc7KEiL4.s:99618  .debug_str:000000000003d661 .LASF1381
     /tmp/cc7KEiL4.s:101818  .debug_str:00000000000469ed .LASF1382
     /tmp/cc7KEiL4.s:95100  .debug_str:000000000002ad09 .LASF1383
     /tmp/cc7KEiL4.s:101034  .debug_str:00000000000434a4 .LASF1384
     /tmp/cc7KEiL4.s:86644  .debug_str:0000000000008103 .LASF1385
     /tmp/cc7KEiL4.s:93640  .debug_str:0000000000024d1f .LASF1386
     /tmp/cc7KEiL4.s:98172  .debug_str:00000000000375ae .LASF1387
     /tmp/cc7KEiL4.s:99436  .debug_str:000000000003cadd .LASF1388
     /tmp/cc7KEiL4.s:89748  .debug_str:000000000001490f .LASF1389
     /tmp/cc7KEiL4.s:91072  .debug_str:000000000001a263 .LASF1390
     /tmp/cc7KEiL4.s:100998  .debug_str:0000000000043246 .LASF1391
     /tmp/cc7KEiL4.s:100270  .debug_str:000000000004031a .LASF1392
     /tmp/cc7KEiL4.s:101812  .debug_str:000000000004697a .LASF1393
     /tmp/cc7KEiL4.s:87092  .debug_str:0000000000009ff3 .LASF1394
     /tmp/cc7KEiL4.s:96444  .debug_str:00000000000307f6 .LASF1395
     /tmp/cc7KEiL4.s:92466  .debug_str:0000000000020443 .LASF1396
     /tmp/cc7KEiL4.s:91152  .debug_str:000000000001a7e0 .LASF1397
     /tmp/cc7KEiL4.s:102260  .debug_str:000000000004883b .LASF1398
     /tmp/cc7KEiL4.s:101228  .debug_str:0000000000044164 .LASF1399
     /tmp/cc7KEiL4.s:93546  .debug_str:00000000000246b7 .LASF1400
     /tmp/cc7KEiL4.s:92850  .debug_str:0000000000021da2 .LASF1401
     /tmp/cc7KEiL4.s:87036  .debug_str:0000000000009c2b .LASF1402
     /tmp/cc7KEiL4.s:102938  .debug_str:000000000004b943 .LASF1403
     /tmp/cc7KEiL4.s:94868  .debug_str:0000000000029d83 .LASF1404
     /tmp/cc7KEiL4.s:89286  .debug_str:0000000000012c0f .LASF1405
     /tmp/cc7KEiL4.s:95994  .debug_str:000000000002e9c7 .LASF1406
     /tmp/cc7KEiL4.s:99350  .debug_str:000000000003c4fc .LASF1407
     /tmp/cc7KEiL4.s:85564  .debug_str:00000000000036f9 .LASF1408
     /tmp/cc7KEiL4.s:93896  .debug_str:0000000000025e31 .LASF1409
     /tmp/cc7KEiL4.s:96306  .debug_str:000000000002fdb1 .LASF1410
     /tmp/cc7KEiL4.s:95974  .debug_str:000000000002e86c .LASF1411
     /tmp/cc7KEiL4.s:87622  .debug_str:000000000000c4ec .LASF1412
     /tmp/cc7KEiL4.s:86424  .debug_str:00000000000072f0 .LASF1413
     /tmp/cc7KEiL4.s:92706  .debug_str:00000000000213ad .LASF1414
     /tmp/cc7KEiL4.s:96578  .debug_str:000000000003115e .LASF1415
     /tmp/cc7KEiL4.s:102546  .debug_str:0000000000049c37 .LASF1416
     /tmp/cc7KEiL4.s:91032  .debug_str:0000000000019fbb .LASF1417
     /tmp/cc7KEiL4.s:94584  .debug_str:0000000000028b2a .LASF1418
     /tmp/cc7KEiL4.s:95030  .debug_str:000000000002a876 .LASF1419
     /tmp/cc7KEiL4.s:84884  .debug_str:00000000000007b5 .LASF1420
     /tmp/cc7KEiL4.s:101678  .debug_str:0000000000046074 .LASF1421
     /tmp/cc7KEiL4.s:102604  .debug_str:000000000004a138 .LASF1422
     /tmp/cc7KEiL4.s:89238  .debug_str:00000000000129a4 .LASF1423
     /tmp/cc7KEiL4.s:91570  .debug_str:000000000001c4d3 .LASF1424
     /tmp/cc7KEiL4.s:95722  .debug_str:000000000002d667 .LASF1425
     /tmp/cc7KEiL4.s:91874  .debug_str:000000000001d9b0 .LASF1426
     /tmp/cc7KEiL4.s:91134  .debug_str:000000000001a679 .LASF1427
     /tmp/cc7KEiL4.s:100926  .debug_str:0000000000042dff .LASF1428
     /tmp/cc7KEiL4.s:86546  .debug_str:0000000000007a2c .LASF1429
     /tmp/cc7KEiL4.s:102574  .debug_str:0000000000049ea3 .LASF1430
     /tmp/cc7KEiL4.s:97436  .debug_str:0000000000034b19 .LASF1431
     /tmp/cc7KEiL4.s:100350  .debug_str:00000000000408ff .LASF1432
     /tmp/cc7KEiL4.s:94412  .debug_str:000000000002804f .LASF1433
     /tmp/cc7KEiL4.s:96534  .debug_str:0000000000030e06 .LASF1434
     /tmp/cc7KEiL4.s:94510  .debug_str:0000000000028712 .LASF1435
     /tmp/cc7KEiL4.s:86980  .debug_str:0000000000009898 .LASF1436
     /tmp/cc7KEiL4.s:99828  .debug_str:000000000003e48b .LASF1437
     /tmp/cc7KEiL4.s:102134  .debug_str:0000000000047fd9 .LASF1438
     /tmp/cc7KEiL4.s:95368  .debug_str:000000000002bd9e .LASF1439
     /tmp/cc7KEiL4.s:87076  .debug_str:0000000000009e64 .LASF1440
     /tmp/cc7KEiL4.s:98968  .debug_str:000000000003ab46 .LASF1441
     /tmp/cc7KEiL4.s:99206  .debug_str:000000000003bbf9 .LASF1442
     /tmp/cc7KEiL4.s:98150  .debug_str:00000000000374a8 .LASF1443
     /tmp/cc7KEiL4.s:87796  .debug_str:000000000000d075 .LASF1444
     /tmp/cc7KEiL4.s:94842  .debug_str:0000000000029bb6 .LASF1445
     /tmp/cc7KEiL4.s:96688  .debug_str:0000000000031908 .LASF1446
     /tmp/cc7KEiL4.s:84834  .debug_str:0000000000000409 .LASF1447
     /tmp/cc7KEiL4.s:87238  .debug_str:000000000000a9aa .LASF1448
     /tmp/cc7KEiL4.s:90782  .debug_str:0000000000018da8 .LASF1449
     /tmp/cc7KEiL4.s:87098  .debug_str:000000000000a06b .LASF1450
     /tmp/cc7KEiL4.s:93712  .debug_str:0000000000025258 .LASF1451
     /tmp/cc7KEiL4.s:99636  .debug_str:000000000003d78f .LASF1452
     /tmp/cc7KEiL4.s:90574  .debug_str:0000000000017f95 .LASF1453
     /tmp/cc7KEiL4.s:102910  .debug_str:000000000004b788 .LASF1454
     /tmp/cc7KEiL4.s:91130  .debug_str:000000000001a62d .LASF1455
     /tmp/cc7KEiL4.s:97266  .debug_str:000000000003400b .LASF1456
     /tmp/cc7KEiL4.s:101672  .debug_str:0000000000045fee .LASF1457
     /tmp/cc7KEiL4.s:99482  .debug_str:000000000003cdce .LASF1458
     /tmp/cc7KEiL4.s:95824  .debug_str:000000000002ddc1 .LASF1459
     /tmp/cc7KEiL4.s:100588  .debug_str:000000000004187f .LASF1460
     /tmp/cc7KEiL4.s:100044  .debug_str:000000000003f3ed .LASF1461
     /tmp/cc7KEiL4.s:93672  .debug_str:0000000000024f51 .LASF1462
     /tmp/cc7KEiL4.s:86570  .debug_str:0000000000007bc1 .LASF1463
     /tmp/cc7KEiL4.s:94640  .debug_str:0000000000028ebc .LASF1464
     /tmp/cc7KEiL4.s:94224  .debug_str:00000000000274b1 .LASF1465
     /tmp/cc7KEiL4.s:89398  .debug_str:000000000001331f .LASF1466
     /tmp/cc7KEiL4.s:96134  .debug_str:000000000002f293 .LASF1467
     /tmp/cc7KEiL4.s:90164  .debug_str:0000000000016473 .LASF1468
     /tmp/cc7KEiL4.s:94850  .debug_str:0000000000029c1a .LASF1469
     /tmp/cc7KEiL4.s:86848  .debug_str:0000000000008f4b .LASF1470
     /tmp/cc7KEiL4.s:101128  .debug_str:0000000000043ac6 .LASF1471
     /tmp/cc7KEiL4.s:95810  .debug_str:000000000002dc46 .LASF1472
     /tmp/cc7KEiL4.s:85942  .debug_str:00000000000050fe .LASF1473
     /tmp/cc7KEiL4.s:87674  .debug_str:000000000000c80d .LASF1474
     /tmp/cc7KEiL4.s:85672  .debug_str:0000000000003ea4 .LASF1475
     /tmp/cc7KEiL4.s:90070  .debug_str:0000000000015e3b .LASF1476
     /tmp/cc7KEiL4.s:86792  .debug_str:0000000000008b82 .LASF1477
     /tmp/cc7KEiL4.s:95854  .debug_str:000000000002df9a .LASF1478
     /tmp/cc7KEiL4.s:97070  .debug_str:000000000003327b .LASF1479
     /tmp/cc7KEiL4.s:93716  .debug_str:0000000000025294 .LASF1480
     /tmp/cc7KEiL4.s:93886  .debug_str:0000000000025d90 .LASF1481
     /tmp/cc7KEiL4.s:89092  .debug_str:0000000000011f37 .LASF1482
     /tmp/cc7KEiL4.s:97816  .debug_str:00000000000362d0 .LASF1483
     /tmp/cc7KEiL4.s:88186  .debug_str:000000000000e679 .LASF1484
     /tmp/cc7KEiL4.s:85576  .debug_str:00000000000037cd .LASF1485
     /tmp/cc7KEiL4.s:102792  .debug_str:000000000004af79 .LASF1486
     /tmp/cc7KEiL4.s:95284  .debug_str:000000000002b80b .LASF1487
     /tmp/cc7KEiL4.s:97782  .debug_str:0000000000036094 .LASF1488
     /tmp/cc7KEiL4.s:102536  .debug_str:0000000000049b87 .LASF1489
     /tmp/cc7KEiL4.s:92296  .debug_str:000000000001f7f0 .LASF1490
     /tmp/cc7KEiL4.s:92410  .debug_str:0000000000020045 .LASF1491
     /tmp/cc7KEiL4.s:92824  .debug_str:0000000000021bc9 .LASF1492
     /tmp/cc7KEiL4.s:87612  .debug_str:000000000000c42d .LASF1493
     /tmp/cc7KEiL4.s:97302  .debug_str:0000000000034284 .LASF1494
     /tmp/cc7KEiL4.s:96986  .debug_str:0000000000032ca8 .LASF1495
     /tmp/cc7KEiL4.s:87404  .debug_str:000000000000b6a2 .LASF1496
     /tmp/cc7KEiL4.s:88986  .debug_str:000000000001184b .LASF1497
     /tmp/cc7KEiL4.s:94444  .debug_str:000000000002826b .LASF1498
     /tmp/cc7KEiL4.s:87778  .debug_str:000000000000cf3a .LASF1499
     /tmp/cc7KEiL4.s:99240  .debug_str:000000000003be34 .LASF1500
     /tmp/cc7KEiL4.s:85366  .debug_str:000000000000293e .LASF1501
     /tmp/cc7KEiL4.s:96300  .debug_str:000000000002fd3a .LASF1502
     /tmp/cc7KEiL4.s:98368  .debug_str:000000000003824f .LASF1503
     /tmp/cc7KEiL4.s:99774  .debug_str:000000000003e113 .LASF1504
     /tmp/cc7KEiL4.s:90648  .debug_str:00000000000184e1 .LASF1505
     /tmp/cc7KEiL4.s:95506  .debug_str:000000000002c744 .LASF1506
     /tmp/cc7KEiL4.s:96078  .debug_str:000000000002ef33 .LASF1507
     /tmp/cc7KEiL4.s:89556  .debug_str:0000000000013d11 .LASF1508
     /tmp/cc7KEiL4.s:95984  .debug_str:000000000002e8f0 .LASF1509
     /tmp/cc7KEiL4.s:87768  .debug_str:000000000000ce82 .LASF1510
     /tmp/cc7KEiL4.s:93012  .debug_str:000000000002287a .LASF1511
     /tmp/cc7KEiL4.s:95962  .debug_str:000000000002e77b .LASF1512
     /tmp/cc7KEiL4.s:89330  .debug_str:0000000000012ef4 .LASF1513
     /tmp/cc7KEiL4.s:85244  .debug_str:0000000000002088 .LASF1514
     /tmp/cc7KEiL4.s:91322  .debug_str:000000000001b420 .LASF1515
     /tmp/cc7KEiL4.s:87912  .debug_str:000000000000d78b .LASF1516
     /tmp/cc7KEiL4.s:98340  .debug_str:000000000003800f .LASF1517
     /tmp/cc7KEiL4.s:95992  .debug_str:000000000002e99d .LASF1518
     /tmp/cc7KEiL4.s:91240  .debug_str:000000000001ae23 .LASF1519
     /tmp/cc7KEiL4.s:94508  .debug_str:00000000000286ec .LASF1520
     /tmp/cc7KEiL4.s:100936  .debug_str:0000000000042eee .LASF1521
     /tmp/cc7KEiL4.s:86836  .debug_str:0000000000008e7c .LASF1522
     /tmp/cc7KEiL4.s:99106  .debug_str:000000000003b510 .LASF1523
     /tmp/cc7KEiL4.s:92902  .debug_str:000000000002216c .LASF1524
     /tmp/cc7KEiL4.s:96114  .debug_str:000000000002f146 .LASF1525
     /tmp/cc7KEiL4.s:87018  .debug_str:0000000000009adb .LASF1526
     /tmp/cc7KEiL4.s:90330  .debug_str:0000000000016fea .LASF1527
     /tmp/cc7KEiL4.s:87558  .debug_str:000000000000c06b .LASF1528
     /tmp/cc7KEiL4.s:95356  .debug_str:000000000002bcf5 .LASF1529
     /tmp/cc7KEiL4.s:88292  .debug_str:000000000000ecdd .LASF1530
     /tmp/cc7KEiL4.s:91666  .debug_str:000000000001cbe9 .LASF1531
     /tmp/cc7KEiL4.s:88510  .debug_str:000000000000f9a9 .LASF1532
     /tmp/cc7KEiL4.s:93690  .debug_str:00000000000250a7 .LASF1533
     /tmp/cc7KEiL4.s:88766  .debug_str:0000000000010999 .LASF1534
     /tmp/cc7KEiL4.s:100060  .debug_str:000000000003f53c .LASF1535
     /tmp/cc7KEiL4.s:101230  .debug_str:0000000000044185 .LASF1536
     /tmp/cc7KEiL4.s:86154  .debug_str:000000000000600b .LASF1537
     /tmp/cc7KEiL4.s:88326  .debug_str:000000000000ee1f .LASF1538
     /tmp/cc7KEiL4.s:96044  .debug_str:000000000002ed20 .LASF1539
     /tmp/cc7KEiL4.s:99550  .debug_str:000000000003d253 .LASF1540
     /tmp/cc7KEiL4.s:93154  .debug_str:000000000002314d .LASF1541
     /tmp/cc7KEiL4.s:99458  .debug_str:000000000003cc4e .LASF1542
     /tmp/cc7KEiL4.s:86110  .debug_str:0000000000005d64 .LASF1543
     /tmp/cc7KEiL4.s:91160  .debug_str:000000000001a875 .LASF1544
     /tmp/cc7KEiL4.s:102082  .debug_str:0000000000047bda .LASF1545
     /tmp/cc7KEiL4.s:94790  .debug_str:00000000000298a2 .LASF1546
     /tmp/cc7KEiL4.s:91180  .debug_str:000000000001a9e9 .LASF1547
     /tmp/cc7KEiL4.s:92914  .debug_str:0000000000022243 .LASF1548
     /tmp/cc7KEiL4.s:85910  .debug_str:0000000000004efb .LASF1549
     /tmp/cc7KEiL4.s:92334  .debug_str:000000000001faa6 .LASF1550
     /tmp/cc7KEiL4.s:88886  .debug_str:000000000001110d .LASF1551
     /tmp/cc7KEiL4.s:85172  .debug_str:0000000000001b5f .LASF1552
     /tmp/cc7KEiL4.s:91112  .debug_str:000000000001a4d1 .LASF1553
     /tmp/cc7KEiL4.s:100326  .debug_str:00000000000406f7 .LASF1554
     /tmp/cc7KEiL4.s:94066  .debug_str:0000000000026945 .LASF1555
     /tmp/cc7KEiL4.s:91814  .debug_str:000000000001d63d .LASF1556
     /tmp/cc7KEiL4.s:85446  .debug_str:0000000000002fad .LASF1557
     /tmp/cc7KEiL4.s:96524  .debug_str:0000000000030d4c .LASF1558
     /tmp/cc7KEiL4.s:90820  .debug_str:000000000001908a .LASF1559
     /tmp/cc7KEiL4.s:99660  .debug_str:000000000003d914 .LASF1560
     /tmp/cc7KEiL4.s:101212  .debug_str:000000000004402f .LASF1561
     /tmp/cc7KEiL4.s:86584  .debug_str:0000000000007c84 .LASF1562
     /tmp/cc7KEiL4.s:90618  .debug_str:0000000000018292 .LASF1563
     /tmp/cc7KEiL4.s:98558  .debug_str:0000000000038f69 .LASF1564
     /tmp/cc7KEiL4.s:101378  .debug_str:0000000000044c11 .LASF1565
     /tmp/cc7KEiL4.s:96470  .debug_str:0000000000030a00 .LASF1566
     /tmp/cc7KEiL4.s:101826  .debug_str:0000000000046a7d .LASF1567
     /tmp/cc7KEiL4.s:92564  .debug_str:0000000000020a36 .LASF1568
     /tmp/cc7KEiL4.s:96738  .debug_str:0000000000031c60 .LASF1569
     /tmp/cc7KEiL4.s:86448  .debug_str:0000000000007469 .LASF1570
     /tmp/cc7KEiL4.s:101746  .debug_str:000000000004655b .LASF1571
     /tmp/cc7KEiL4.s:90550  .debug_str:0000000000017dc1 .LASF1572
     /tmp/cc7KEiL4.s:97696  .debug_str:0000000000035b81 .LASF1573
     /tmp/cc7KEiL4.s:97380  .debug_str:00000000000347ba .LASF1574
     /tmp/cc7KEiL4.s:92044  .debug_str:000000000001e607 .LASF1575
     /tmp/cc7KEiL4.s:94132  .debug_str:0000000000026e0f .LASF1576
     /tmp/cc7KEiL4.s:101856  .debug_str:0000000000046ca0 .LASF1577
     /tmp/cc7KEiL4.s:85748  .debug_str:00000000000043e3 .LASF1578
     /tmp/cc7KEiL4.s:93262  .debug_str:00000000000237f1 .LASF1579
     /tmp/cc7KEiL4.s:85706  .debug_str:0000000000004170 .LASF1580
     /tmp/cc7KEiL4.s:99388  .debug_str:000000000003c7aa .LASF1581
     /tmp/cc7KEiL4.s:86730  .debug_str:00000000000086bd .LASF1582
     /tmp/cc7KEiL4.s:101936  .debug_str:00000000000471c3 .LASF1583
     /tmp/cc7KEiL4.s:96912  .debug_str:000000000003283b .LASF1584
     /tmp/cc7KEiL4.s:102288  .debug_str:0000000000048a46 .LASF1585
     /tmp/cc7KEiL4.s:92758  .debug_str:0000000000021736 .LASF1586
     /tmp/cc7KEiL4.s:90952  .debug_str:0000000000019a68 .LASF1587
     /tmp/cc7KEiL4.s:102752  .debug_str:000000000004ac55 .LASF1588
     /tmp/cc7KEiL4.s:88222  .debug_str:000000000000e94c .LASF1589
     /tmp/cc7KEiL4.s:99396  .debug_str:000000000003c84d .LASF1590
     /tmp/cc7KEiL4.s:100086  .debug_str:000000000003f700 .LASF1591
     /tmp/cc7KEiL4.s:101386  .debug_str:0000000000044c73 .LASF1592
     /tmp/cc7KEiL4.s:93412  .debug_str:0000000000023f97 .LASF1593
     /tmp/cc7KEiL4.s:94854  .debug_str:0000000000029c52 .LASF1594
     /tmp/cc7KEiL4.s:101026  .debug_str:00000000000433fa .LASF1595
     /tmp/cc7KEiL4.s:84780  .debug_str:000000000000007d .LASF1596
     /tmp/cc7KEiL4.s:92674  .debug_str:000000000002111d .LASF1597
     /tmp/cc7KEiL4.s:94684  .debug_str:0000000000029168 .LASF1598
     /tmp/cc7KEiL4.s:89552  .debug_str:0000000000013cce .LASF1599
     /tmp/cc7KEiL4.s:86008  .debug_str:0000000000005652 .LASF1600
     /tmp/cc7KEiL4.s:99030  .debug_str:000000000003af68 .LASF1601
     /tmp/cc7KEiL4.s:93798  .debug_str:0000000000025712 .LASF1602
     /tmp/cc7KEiL4.s:85338  .debug_str:0000000000002768 .LASF1603
     /tmp/cc7KEiL4.s:94780  .debug_str:0000000000029812 .LASF1604
     /tmp/cc7KEiL4.s:95496  .debug_str:000000000002c6c1 .LASF1605
     /tmp/cc7KEiL4.s:86106  .debug_str:0000000000005cf4 .LASF1606
     /tmp/cc7KEiL4.s:90266  .debug_str:0000000000016c12 .LASF1607
     /tmp/cc7KEiL4.s:87242  .debug_str:000000000000aa08 .LASF1608
     /tmp/cc7KEiL4.s:100274  .debug_str:0000000000040360 .LASF1609
     /tmp/cc7KEiL4.s:98506  .debug_str:0000000000038b5f .LASF1610
     /tmp/cc7KEiL4.s:92910  .debug_str:0000000000022207 .LASF1611
     /tmp/cc7KEiL4.s:91628  .debug_str:000000000001c8eb .LASF1612
     /tmp/cc7KEiL4.s:102396  .debug_str:00000000000491dc .LASF1613
     /tmp/cc7KEiL4.s:102552  .debug_str:0000000000049c7d .LASF1614
     /tmp/cc7KEiL4.s:93044  .debug_str:0000000000022ae8 .LASF1615
     /tmp/cc7KEiL4.s:88858  .debug_str:0000000000010f02 .LASF1616
     /tmp/cc7KEiL4.s:97810  .debug_str:0000000000036254 .LASF1617
     /tmp/cc7KEiL4.s:92078  .debug_str:000000000001e8f1 .LASF1618
     /tmp/cc7KEiL4.s:98684  .debug_str:00000000000397f6 .LASF1619
     /tmp/cc7KEiL4.s:91536  .debug_str:000000000001c259 .LASF1620
     /tmp/cc7KEiL4.s:88882  .debug_str:00000000000110b6 .LASF1621
     /tmp/cc7KEiL4.s:86186  .debug_str:0000000000006227 .LASF1622
     /tmp/cc7KEiL4.s:96104  .debug_str:000000000002f0ce .LASF1623
     /tmp/cc7KEiL4.s:89686  .debug_str:0000000000014537 .LASF1624
     /tmp/cc7KEiL4.s:102356  .debug_str:0000000000048ed4 .LASF1625
     /tmp/cc7KEiL4.s:91582  .debug_str:000000000001c5ee .LASF1626
     /tmp/cc7KEiL4.s:88692  .debug_str:00000000000104e3 .LASF1627
     /tmp/cc7KEiL4.s:100748  .debug_str:0000000000042331 .LASF1628
     /tmp/cc7KEiL4.s:95126  .debug_str:000000000002ae72 .LASF1629
     /tmp/cc7KEiL4.s:96058  .debug_str:000000000002ee23 .LASF1630
     /tmp/cc7KEiL4.s:85618  .debug_str:0000000000003acd .LASF1631
     /tmp/cc7KEiL4.s:85394  .debug_str:0000000000002b6e .LASF1632
     /tmp/cc7KEiL4.s:87196  .debug_str:000000000000a70c .LASF1633
     /tmp/cc7KEiL4.s:99282  .debug_str:000000000003c127 .LASF1634
     /tmp/cc7KEiL4.s:96298  .debug_str:000000000002fd17 .LASF1635
     /tmp/cc7KEiL4.s:87340  .debug_str:000000000000b198 .LASF1636
     /tmp/cc7KEiL4.s:97604  .debug_str:0000000000035574 .LASF1637
     /tmp/cc7KEiL4.s:101140  .debug_str:0000000000043b90 .LASF1638
     /tmp/cc7KEiL4.s:88086  .debug_str:000000000000e1a3 .LASF1639
     /tmp/cc7KEiL4.s:85252  .debug_str:0000000000002101 .LASF1640
     /tmp/cc7KEiL4.s:91794  .debug_str:000000000001d4a7 .LASF1641
     /tmp/cc7KEiL4.s:101630  .debug_str:0000000000045d17 .LASF1642
     /tmp/cc7KEiL4.s:100854  .debug_str:000000000004295b .LASF1643
     /tmp/cc7KEiL4.s:98434  .debug_str:00000000000386dc .LASF1644
     /tmp/cc7KEiL4.s:101016  .debug_str:0000000000043391 .LASF1645
     /tmp/cc7KEiL4.s:93780  .debug_str:000000000002563e .LASF1646
     /tmp/cc7KEiL4.s:91550  .debug_str:000000000001c34a .LASF1647
     /tmp/cc7KEiL4.s:85970  .debug_str:0000000000005333 .LASF1648
     /tmp/cc7KEiL4.s:99770  .debug_str:000000000003e0b3 .LASF1649
     /tmp/cc7KEiL4.s:99886  .debug_str:000000000003e946 .LASF1650
     /tmp/cc7KEiL4.s:90342  .debug_str:00000000000170e2 .LASF1651
     /tmp/cc7KEiL4.s:102258  .debug_str:0000000000048820 .LASF1652
     /tmp/cc7KEiL4.s:89360  .debug_str:00000000000130d2 .LASF1653
     /tmp/cc7KEiL4.s:97808  .debug_str:0000000000036239 .LASF1654
     /tmp/cc7KEiL4.s:103014  .debug_str:000000000004be4f .LASF1655
     /tmp/cc7KEiL4.s:100672  .debug_str:0000000000041e3f .LASF1656
     /tmp/cc7KEiL4.s:102458  .debug_str:000000000004969f .LASF1657
     /tmp/cc7KEiL4.s:92332  .debug_str:000000000001fa7e .LASF1658
     /tmp/cc7KEiL4.s:84960  .debug_str:0000000000000ca1 .LASF1659
     /tmp/cc7KEiL4.s:101304  .debug_str:00000000000446b0 .LASF1660
     /tmp/cc7KEiL4.s:91538  .debug_str:000000000001c282 .LASF1661
     /tmp/cc7KEiL4.s:101780  .debug_str:00000000000467bd .LASF1662
     /tmp/cc7KEiL4.s:86954  .debug_str:0000000000009719 .LASF1663
     /tmp/cc7KEiL4.s:92386  .debug_str:000000000001fe78 .LASF1664
     /tmp/cc7KEiL4.s:93560  .debug_str:00000000000247a6 .LASF1665
     /tmp/cc7KEiL4.s:93686  .debug_str:0000000000025042 .LASF1666
     /tmp/cc7KEiL4.s:89056  .debug_str:0000000000011cbb .LASF1667
     /tmp/cc7KEiL4.s:102670  .debug_str:000000000004a6f3 .LASF1668
     /tmp/cc7KEiL4.s:97596  .debug_str:000000000003552b .LASF1669
     /tmp/cc7KEiL4.s:87866  .debug_str:000000000000d436 .LASF1670
     /tmp/cc7KEiL4.s:86814  .debug_str:0000000000008c8e .LASF1671
     /tmp/cc7KEiL4.s:97136  .debug_str:0000000000033756 .LASF1672
     /tmp/cc7KEiL4.s:100048  .debug_str:000000000003f433 .LASF1673
     /tmp/cc7KEiL4.s:94372  .debug_str:0000000000027d8a .LASF1674
     /tmp/cc7KEiL4.s:95606  .debug_str:000000000002cdcf .LASF1675
     /tmp/cc7KEiL4.s:88818  .debug_str:0000000000010c32 .LASF1676
     /tmp/cc7KEiL4.s:92166  .debug_str:000000000001ef71 .LASF1677
     /tmp/cc7KEiL4.s:95952  .debug_str:000000000002e6b9 .LASF1678
     /tmp/cc7KEiL4.s:92314  .debug_str:000000000001f92f .LASF1679
     /tmp/cc7KEiL4.s:86422  .debug_str:00000000000072c7 .LASF1680
     /tmp/cc7KEiL4.s:92762  .debug_str:000000000002178b .LASF1681
     /tmp/cc7KEiL4.s:90156  .debug_str:00000000000163c8 .LASF1682
     /tmp/cc7KEiL4.s:85504  .debug_str:000000000000335c .LASF1683
     /tmp/cc7KEiL4.s:99146  .debug_str:000000000003b7ce .LASF1684
     /tmp/cc7KEiL4.s:85922  .debug_str:0000000000004fb4 .LASF1685
     /tmp/cc7KEiL4.s:86220  .debug_str:0000000000006483 .LASF1686
     /tmp/cc7KEiL4.s:97414  .debug_str:0000000000034974 .LASF1687
     /tmp/cc7KEiL4.s:94672  .debug_str:00000000000290d3 .LASF1688
     /tmp/cc7KEiL4.s:100066  .debug_str:000000000003f5c7 .LASF1689
     /tmp/cc7KEiL4.s:100792  .debug_str:000000000004256d .LASF1690
     /tmp/cc7KEiL4.s:98882  .debug_str:000000000003a5fd .LASF1691
     /tmp/cc7KEiL4.s:89954  .debug_str:0000000000015681 .LASF1692
     /tmp/cc7KEiL4.s:92922  .debug_str:00000000000222a4 .LASF1693
     /tmp/cc7KEiL4.s:86072  .debug_str:0000000000005af4 .LASF1694
     /tmp/cc7KEiL4.s:88354  .debug_str:000000000000f0be .LASF1695
     /tmp/cc7KEiL4.s:91460  .debug_str:000000000001bd64 .LASF1696
     /tmp/cc7KEiL4.s:95988  .debug_str:000000000002e943 .LASF1697
     /tmp/cc7KEiL4.s:102438  .debug_str:0000000000049530 .LASF1698
     /tmp/cc7KEiL4.s:101534  .debug_str:0000000000045600 .LASF1699
     /tmp/cc7KEiL4.s:95358  .debug_str:000000000002bd1d .LASF1700
     /tmp/cc7KEiL4.s:101540  .debug_str:000000000004565a .LASF1701
     /tmp/cc7KEiL4.s:85820  .debug_str:00000000000048f6 .LASF1702
     /tmp/cc7KEiL4.s:98738  .debug_str:0000000000039c10 .LASF1703
     /tmp/cc7KEiL4.s:91284  .debug_str:000000000001b1ae .LASF1704
     /tmp/cc7KEiL4.s:102952  .debug_str:000000000004b9d3 .LASF1705
     /tmp/cc7KEiL4.s:87180  .debug_str:000000000000a5b2 .LASF1706
     /tmp/cc7KEiL4.s:99640  .debug_str:000000000003d7bd .LASF1707
     /tmp/cc7KEiL4.s:93010  .debug_str:0000000000022851 .LASF1708
     /tmp/cc7KEiL4.s:96980  .debug_str:0000000000032c2b .LASF1709
     /tmp/cc7KEiL4.s:102004  .debug_str:00000000000475d7 .LASF1710
     /tmp/cc7KEiL4.s:86868  .debug_str:000000000000905d .LASF1711
     /tmp/cc7KEiL4.s:96972  .debug_str:0000000000032b89 .LASF1712
     /tmp/cc7KEiL4.s:100702  .debug_str:0000000000042037 .LASF1713
     /tmp/cc7KEiL4.s:87428  .debug_str:000000000000b7f8 .LASF1714
     /tmp/cc7KEiL4.s:88976  .debug_str:000000000001177f .LASF1715
     /tmp/cc7KEiL4.s:88808  .debug_str:0000000000010b87 .LASF1716
     /tmp/cc7KEiL4.s:102668  .debug_str:000000000004a6d1 .LASF1717
     /tmp/cc7KEiL4.s:97862  .debug_str:0000000000036508 .LASF1718
     /tmp/cc7KEiL4.s:86740  .debug_str:0000000000008770 .LASF1719
     /tmp/cc7KEiL4.s:101504  .debug_str:000000000004540d .LASF1720
     /tmp/cc7KEiL4.s:100730  .debug_str:00000000000421d1 .LASF1721
     /tmp/cc7KEiL4.s:92048  .debug_str:000000000001e635 .LASF1722
     /tmp/cc7KEiL4.s:99218  .debug_str:000000000003bc82 .LASF1723
     /tmp/cc7KEiL4.s:99024  .debug_str:000000000003af16 .LASF1724
     /tmp/cc7KEiL4.s:94758  .debug_str:0000000000029667 .LASF1725
     /tmp/cc7KEiL4.s:89564  .debug_str:0000000000013d79 .LASF1726
     /tmp/cc7KEiL4.s:87478  .debug_str:000000000000bb3b .LASF1727
     /tmp/cc7KEiL4.s:91012  .debug_str:0000000000019ea7 .LASF1728
     /tmp/cc7KEiL4.s:101280  .debug_str:00000000000444b0 .LASF1729
     /tmp/cc7KEiL4.s:100006  .debug_str:000000000003f13a .LASF1730
     /tmp/cc7KEiL4.s:85406  .debug_str:0000000000002c2f .LASF1731
     /tmp/cc7KEiL4.s:85264  .debug_str:00000000000021e8 .LASF1732
     /tmp/cc7KEiL4.s:84898  .debug_str:00000000000008ba .LASF1733
     /tmp/cc7KEiL4.s:94292  .debug_str:0000000000027830 .LASF1734
     /tmp/cc7KEiL4.s:96940  .debug_str:0000000000032998 .LASF1735
     /tmp/cc7KEiL4.s:99830  .debug_str:000000000003e4aa .LASF1736
     /tmp/cc7KEiL4.s:90496  .debug_str:0000000000017adb .LASF1737
     /tmp/cc7KEiL4.s:98756  .debug_str:0000000000039d55 .LASF1738
     /tmp/cc7KEiL4.s:94324  .debug_str:0000000000027a81 .LASF1739
     /tmp/cc7KEiL4.s:100708  .debug_str:0000000000042095 .LASF1740
     /tmp/cc7KEiL4.s:98930  .debug_str:000000000003a913 .LASF1741
     /tmp/cc7KEiL4.s:92838  .debug_str:0000000000021c99 .LASF1742
     /tmp/cc7KEiL4.s:95512  .debug_str:000000000002c7a0 .LASF1743
     /tmp/cc7KEiL4.s:99178  .debug_str:000000000003ba30 .LASF1744
     /tmp/cc7KEiL4.s:90486  .debug_str:0000000000017a16 .LASF1745
     /tmp/cc7KEiL4.s:96886  .debug_str:00000000000325d4 .LASF1746
     /tmp/cc7KEiL4.s:100382  .debug_str:0000000000040b29 .LASF1747
     /tmp/cc7KEiL4.s:98806  .debug_str:000000000003a0fd .LASF1748
     /tmp/cc7KEiL4.s:90764  .debug_str:0000000000018ce3 .LASF1749
     /tmp/cc7KEiL4.s:96632  .debug_str:000000000003150f .LASF1750
     /tmp/cc7KEiL4.s:85106  .debug_str:000000000000167b .LASF1751
     /tmp/cc7KEiL4.s:86558  .debug_str:0000000000007af3 .LASF1752
     /tmp/cc7KEiL4.s:93388  .debug_str:0000000000023dd4 .LASF1753
     /tmp/cc7KEiL4.s:93916  .debug_str:0000000000025fe1 .LASF1754
     /tmp/cc7KEiL4.s:101888  .debug_str:0000000000046e7d .LASF1755
     /tmp/cc7KEiL4.s:92214  .debug_str:000000000001f331 .LASF1756
     /tmp/cc7KEiL4.s:89074  .debug_str:0000000000011dd2 .LASF1757
     /tmp/cc7KEiL4.s:98344  .debug_str:0000000000038068 .LASF1758
     /tmp/cc7KEiL4.s:97546  .debug_str:000000000003526a .LASF1759
     /tmp/cc7KEiL4.s:102078  .debug_str:0000000000047b92 .LASF1760
     /tmp/cc7KEiL4.s:92660  .debug_str:000000000002103b .LASF1761
     /tmp/cc7KEiL4.s:98076  .debug_str:000000000003709a .LASF1762
     /tmp/cc7KEiL4.s:102662  .debug_str:000000000004a641 .LASF1763
     /tmp/cc7KEiL4.s:95914  .debug_str:000000000002e3c7 .LASF1764
     /tmp/cc7KEiL4.s:96896  .debug_str:0000000000032681 .LASF1765
     /tmp/cc7KEiL4.s:93902  .debug_str:0000000000025e9c .LASF1766
     /tmp/cc7KEiL4.s:91144  .debug_str:000000000001a721 .LASF1767
     /tmp/cc7KEiL4.s:102470  .debug_str:0000000000049788 .LASF1768
     /tmp/cc7KEiL4.s:100100  .debug_str:000000000003f82d .LASF1769
     /tmp/cc7KEiL4.s:95120  .debug_str:000000000002adf8 .LASF1770
     /tmp/cc7KEiL4.s:93502  .debug_str:00000000000243d6 .LASF1771
     /tmp/cc7KEiL4.s:91266  .debug_str:000000000001b04e .LASF1772
     /tmp/cc7KEiL4.s:98732  .debug_str:0000000000039b9a .LASF1773
     /tmp/cc7KEiL4.s:87582  .debug_str:000000000000c1d4 .LASF1774
     /tmp/cc7KEiL4.s:86748  .debug_str:0000000000008811 .LASF1775
     /tmp/cc7KEiL4.s:97090  .debug_str:00000000000333f3 .LASF1776
     /tmp/cc7KEiL4.s:102474  .debug_str:00000000000497e3 .LASF1777
     /tmp/cc7KEiL4.s:100104  .debug_str:000000000003f8a9 .LASF1778
     /tmp/cc7KEiL4.s:103018  .debug_str:000000000004beb0 .LASF1779
     /tmp/cc7KEiL4.s:93006  .debug_str:00000000000227ff .LASF1780
     /tmp/cc7KEiL4.s:99934  .debug_str:000000000003ec4f .LASF1781
     /tmp/cc7KEiL4.s:91190  .debug_str:000000000001aabc .LASF1782
     /tmp/cc7KEiL4.s:88226  .debug_str:000000000000e98c .LASF1783
     /tmp/cc7KEiL4.s:94498  .debug_str:0000000000028626 .LASF1784
     /tmp/cc7KEiL4.s:85286  .debug_str:0000000000002336 .LASF1785
     /tmp/cc7KEiL4.s:86118  .debug_str:0000000000005dd9 .LASF1786
     /tmp/cc7KEiL4.s:85938  .debug_str:00000000000050be .LASF1787
     /tmp/cc7KEiL4.s:96308  .debug_str:000000000002fdd7 .LASF1788
     /tmp/cc7KEiL4.s:93592  .debug_str:0000000000024992 .LASF1789
     /tmp/cc7KEiL4.s:102736  .debug_str:000000000004ab2e .LASF1790
     /tmp/cc7KEiL4.s:96130  .debug_str:000000000002f266 .LASF1791
     /tmp/cc7KEiL4.s:88612  .debug_str:000000000000ffab .LASF1792
     /tmp/cc7KEiL4.s:84852  .debug_str:00000000000005af .LASF1793
     /tmp/cc7KEiL4.s:88760  .debug_str:000000000001091a .LASF1794
     /tmp/cc7KEiL4.s:90774  .debug_str:0000000000018d46 .LASF1795
     /tmp/cc7KEiL4.s:102898  .debug_str:000000000004b679 .LASF1796
     /tmp/cc7KEiL4.s:94760  .debug_str:0000000000029688 .LASF1797
     /tmp/cc7KEiL4.s:84790  .debug_str:000000000000012a .LASF1798
     /tmp/cc7KEiL4.s:92760  .debug_str:0000000000021756 .LASF1799
     /tmp/cc7KEiL4.s:102422  .debug_str:00000000000493aa .LASF1800
     /tmp/cc7KEiL4.s:91752  .debug_str:000000000001d1ba .LASF1801
     /tmp/cc7KEiL4.s:96776  .debug_str:0000000000031eb0 .LASF1802
     /tmp/cc7KEiL4.s:101932  .debug_str:0000000000047152 .LASF1803
     /tmp/cc7KEiL4.s:95020  .debug_str:000000000002a7de .LASF1804
     /tmp/cc7KEiL4.s:86532  .debug_str:000000000000797f .LASF1805
     /tmp/cc7KEiL4.s:91202  .debug_str:000000000001abcb .LASF1806
     /tmp/cc7KEiL4.s:98716  .debug_str:0000000000039a3e .LASF1807
     /tmp/cc7KEiL4.s:86454  .debug_str:00000000000074d4 .LASF1808
     /tmp/cc7KEiL4.s:96476  .debug_str:0000000000030a69 .LASF1809
     /tmp/cc7KEiL4.s:100170  .debug_str:000000000003fc0f .LASF1810
     /tmp/cc7KEiL4.s:87420  .debug_str:000000000000b7a7 .LASF1811
     /tmp/cc7KEiL4.s:86044  .debug_str:00000000000058de .LASF1812
     /tmp/cc7KEiL4.s:99536  .debug_str:000000000003d15d .LASF1813
     /tmp/cc7KEiL4.s:98758  .debug_str:0000000000039d79 .LASF1814
     /tmp/cc7KEiL4.s:95788  .debug_str:000000000002daad .LASF1815
     /tmp/cc7KEiL4.s:86512  .debug_str:000000000000789c .LASF1816
     /tmp/cc7KEiL4.s:97288  .debug_str:0000000000034189 .LASF1817
     /tmp/cc7KEiL4.s:100910  .debug_str:0000000000042ce2 .LASF1818
     /tmp/cc7KEiL4.s:85544  .debug_str:0000000000003566 .LASF1819
     /tmp/cc7KEiL4.s:98946  .debug_str:000000000003aa34 .LASF1820
     /tmp/cc7KEiL4.s:98252  .debug_str:000000000003799e .LASF1821
     /tmp/cc7KEiL4.s:96956  .debug_str:0000000000032a6e .LASF1822
     /tmp/cc7KEiL4.s:92340  .debug_str:000000000001fb35 .LASF1823
     /tmp/cc7KEiL4.s:97470  .debug_str:0000000000034dbf .LASF1824
     /tmp/cc7KEiL4.s:89938  .debug_str:0000000000015523 .LASF1825
     /tmp/cc7KEiL4.s:90006  .debug_str:0000000000015a02 .LASF1826
     /tmp/cc7KEiL4.s:100396  .debug_str:0000000000040c0b .LASF1827
     /tmp/cc7KEiL4.s:86352  .debug_str:0000000000006e4d .LASF1828
     /tmp/cc7KEiL4.s:89194  .debug_str:0000000000012624 .LASF1829
     /tmp/cc7KEiL4.s:85780  .debug_str:00000000000045f9 .LASF1830
     /tmp/cc7KEiL4.s:95276  .debug_str:000000000002b76f .LASF1831
     /tmp/cc7KEiL4.s:90878  .debug_str:000000000001949b .LASF1832
     /tmp/cc7KEiL4.s:100760  .debug_str:00000000000423aa .LASF1833
     /tmp/cc7KEiL4.s:97284  .debug_str:0000000000034161 .LASF1834
     /tmp/cc7KEiL4.s:99710  .debug_str:000000000003dc31 .LASF1835
     /tmp/cc7KEiL4.s:98782  .debug_str:0000000000039f11 .LASF1836
     /tmp/cc7KEiL4.s:88948  .debug_str:0000000000011550 .LASF1837
     /tmp/cc7KEiL4.s:100266  .debug_str:00000000000402b6 .LASF1838
     /tmp/cc7KEiL4.s:94806  .debug_str:00000000000299d5 .LASF1839
     /tmp/cc7KEiL4.s:91448  .debug_str:000000000001bc98 .LASF1840
     /tmp/cc7KEiL4.s:91732  .debug_str:000000000001d092 .LASF1841
     /tmp/cc7KEiL4.s:101398  .debug_str:0000000000044d4e .LASF1842
     /tmp/cc7KEiL4.s:92312  .debug_str:000000000001f90b .LASF1843
     /tmp/cc7KEiL4.s:87504  .debug_str:000000000000bccf .LASF1844
     /tmp/cc7KEiL4.s:100376  .debug_str:0000000000040ac2 .LASF1845
     /tmp/cc7KEiL4.s:88310  .debug_str:000000000000ed8a .LASF1846
     /tmp/cc7KEiL4.s:90914  .debug_str:000000000001977c .LASF1847
     /tmp/cc7KEiL4.s:91934  .debug_str:000000000001de98 .LASF1848
     /tmp/cc7KEiL4.s:92924  .debug_str:00000000000222cc .LASF1849
     /tmp/cc7KEiL4.s:92934  .debug_str:000000000002235f .LASF1850
     /tmp/cc7KEiL4.s:93960  .debug_str:0000000000026291 .LASF1851
     /tmp/cc7KEiL4.s:95676  .debug_str:000000000002d351 .LASF1852
     /tmp/cc7KEiL4.s:87488  .debug_str:000000000000bbb8 .LASF1853
     /tmp/cc7KEiL4.s:94296  .debug_str:0000000000027886 .LASF1854
     /tmp/cc7KEiL4.s:89628  .debug_str:0000000000014131 .LASF1855
     /tmp/cc7KEiL4.s:95330  .debug_str:000000000002bb55 .LASF1856
     /tmp/cc7KEiL4.s:93068  .debug_str:0000000000022ca4 .LASF1857
     /tmp/cc7KEiL4.s:102518  .debug_str:0000000000049a87 .LASF1858
     /tmp/cc7KEiL4.s:95190  .debug_str:000000000002b21e .LASF1859
     /tmp/cc7KEiL4.s:101606  .debug_str:0000000000045b2c .LASF1860
     /tmp/cc7KEiL4.s:99214  .debug_str:000000000003bc55 .LASF1861
     /tmp/cc7KEiL4.s:90046  .debug_str:0000000000015d0e .LASF1862
     /tmp/cc7KEiL4.s:87094  .debug_str:000000000000a01a .LASF1863
     /tmp/cc7KEiL4.s:92106  .debug_str:000000000001eb1f .LASF1864
     /tmp/cc7KEiL4.s:92986  .debug_str:000000000002267a .LASF1865
     /tmp/cc7KEiL4.s:101078  .debug_str:00000000000436f6 .LASF1866
     /tmp/cc7KEiL4.s:99066  .debug_str:000000000003b1e4 .LASF1867
     /tmp/cc7KEiL4.s:97296  .debug_str:00000000000341f5 .LASF1868
     /tmp/cc7KEiL4.s:86514  .debug_str:00000000000078c8 .LASF1869
     /tmp/cc7KEiL4.s:96518  .debug_str:0000000000030d10 .LASF1870
     /tmp/cc7KEiL4.s:92442  .debug_str:000000000002028b .LASF1871
     /tmp/cc7KEiL4.s:99462  .debug_str:000000000003cc9b .LASF1872
     /tmp/cc7KEiL4.s:90824  .debug_str:00000000000190d2 .LASF1873
     /tmp/cc7KEiL4.s:93556  .debug_str:0000000000024770 .LASF1874
     /tmp/cc7KEiL4.s:89424  .debug_str:00000000000134a6 .LASF1875
     /tmp/cc7KEiL4.s:87588  .debug_str:000000000000c254 .LASF1876
     /tmp/cc7KEiL4.s:88678  .debug_str:00000000000103ce .LASF1877
     /tmp/cc7KEiL4.s:101966  .debug_str:0000000000047364 .LASF1878
     /tmp/cc7KEiL4.s:87396  .debug_str:000000000000b5fe .LASF1879
     /tmp/cc7KEiL4.s:94258  .debug_str:00000000000276b6 .LASF1880
     /tmp/cc7KEiL4.s:86020  .debug_str:0000000000005739 .LASF1881
     /tmp/cc7KEiL4.s:85024  .debug_str:000000000000111c .LASF1882
     /tmp/cc7KEiL4.s:87754  .debug_str:000000000000cd9b .LASF1883
     /tmp/cc7KEiL4.s:90836  .debug_str:0000000000019198 .LASF1884
     /tmp/cc7KEiL4.s:102608  .debug_str:000000000004a18c .LASF1885
     /tmp/cc7KEiL4.s:89146  .debug_str:00000000000122da .LASF1886
     /tmp/cc7KEiL4.s:98902  .debug_str:000000000003a736 .LASF1887
     /tmp/cc7KEiL4.s:87746  .debug_str:000000000000cd09 .LASF1888
     /tmp/cc7KEiL4.s:95268  .debug_str:000000000002b705 .LASF1889
     /tmp/cc7KEiL4.s:90236  .debug_str:00000000000169dc .LASF1890
     /tmp/cc7KEiL4.s:91406  .debug_str:000000000001ba34 .LASF1891
     /tmp/cc7KEiL4.s:96136  .debug_str:000000000002f2be .LASF1892
     /tmp/cc7KEiL4.s:100784  .debug_str:000000000004252a .LASF1893
     /tmp/cc7KEiL4.s:103164  .debug_str:000000000004c8a0 .LASF1894
     /tmp/cc7KEiL4.s:94894  .debug_str:0000000000029f36 .LASF1895
     /tmp/cc7KEiL4.s:101270  .debug_str:0000000000044424 .LASF1896
     /tmp/cc7KEiL4.s:88942  .debug_str:00000000000114ed .LASF1897
     /tmp/cc7KEiL4.s:100568  .debug_str:0000000000041732 .LASF1898
     /tmp/cc7KEiL4.s:101444  .debug_str:000000000004503a .LASF1899
     /tmp/cc7KEiL4.s:101542  .debug_str:0000000000045679 .LASF1900
     /tmp/cc7KEiL4.s:95582  .debug_str:000000000002ccaf .LASF1901
     /tmp/cc7KEiL4.s:97976  .debug_str:0000000000036b48 .LASF1902
     /tmp/cc7KEiL4.s:88116  .debug_str:000000000000e3a4 .LASF1903
     /tmp/cc7KEiL4.s:87772  .debug_str:000000000000ceb7 .LASF1904
     /tmp/cc7KEiL4.s:97438  .debug_str:0000000000034b38 .LASF1905
     /tmp/cc7KEiL4.s:92768  .debug_str:00000000000217d7 .LASF1906
     /tmp/cc7KEiL4.s:88170  .debug_str:000000000000e57b .LASF1907
     /tmp/cc7KEiL4.s:97946  .debug_str:0000000000036922 .LASF1908
     /tmp/cc7KEiL4.s:97494  .debug_str:0000000000034f40 .LASF1909
     /tmp/cc7KEiL4.s:102946  .debug_str:000000000004b98c .LASF1910
     /tmp/cc7KEiL4.s:88240  .debug_str:000000000000e9e0 .LASF1911
     /tmp/cc7KEiL4.s:89614  .debug_str:0000000000014051 .LASF1912
     /tmp/cc7KEiL4.s:87064  .debug_str:0000000000009d5c .LASF1913
     /tmp/cc7KEiL4.s:85334  .debug_str:00000000000026ff .LASF1914
     /tmp/cc7KEiL4.s:98872  .debug_str:000000000003a520 .LASF1915
     /tmp/cc7KEiL4.s:95490  .debug_str:000000000002c62b .LASF1916
     /tmp/cc7KEiL4.s:90220  .debug_str:00000000000168c9 .LASF1917
     /tmp/cc7KEiL4.s:86018  .debug_str:0000000000005718 .LASF1918
     /tmp/cc7KEiL4.s:98216  .debug_str:00000000000377e2 .LASF1919
     /tmp/cc7KEiL4.s:86212  .debug_str:0000000000006411 .LASF1920
     /tmp/cc7KEiL4.s:85052  .debug_str:00000000000012f5 .LASF1921
     /tmp/cc7KEiL4.s:102680  .debug_str:000000000004a7bc .LASF1922
     /tmp/cc7KEiL4.s:94952  .debug_str:000000000002a323 .LASF1923
     /tmp/cc7KEiL4.s:96254  .debug_str:000000000002fa99 .LASF1924
     /tmp/cc7KEiL4.s:93024  .debug_str:000000000002295b .LASF1925
     /tmp/cc7KEiL4.s:95254  .debug_str:000000000002b60e .LASF1926
     /tmp/cc7KEiL4.s:100732  .debug_str:00000000000421f3 .LASF1927
     /tmp/cc7KEiL4.s:89854  .debug_str:0000000000015078 .LASF1928
     /tmp/cc7KEiL4.s:102826  .debug_str:000000000004b1c4 .LASF1929
     /tmp/cc7KEiL4.s:89028  .debug_str:0000000000011aca .LASF1930
     /tmp/cc7KEiL4.s:89798  .debug_str:0000000000014caa .LASF1931
     /tmp/cc7KEiL4.s:101074  .debug_str:00000000000436cb .LASF1932
     /tmp/cc7KEiL4.s:93594  .debug_str:00000000000249be .LASF1933
     /tmp/cc7KEiL4.s:92708  .debug_str:00000000000213d3 .LASF1934
     /tmp/cc7KEiL4.s:85542  .debug_str:000000000000353b .LASF1935
     /tmp/cc7KEiL4.s:102780  .debug_str:000000000004ae77 .LASF1936
     /tmp/cc7KEiL4.s:95454  .debug_str:000000000002c3a0 .LASF1937
     /tmp/cc7KEiL4.s:94654  .debug_str:0000000000028ff7 .LASF1938
     /tmp/cc7KEiL4.s:86732  .debug_str:00000000000086de .LASF1939
     /tmp/cc7KEiL4.s:103088  .debug_str:000000000004c36f .LASF1940
     /tmp/cc7KEiL4.s:88862  .debug_str:0000000000010f57 .LASF1941
     /tmp/cc7KEiL4.s:103004  .debug_str:000000000004bd44 .LASF1942
     /tmp/cc7KEiL4.s:96948  .debug_str:00000000000329f8 .LASF1943
     /tmp/cc7KEiL4.s:102810  .debug_str:000000000004b0bd .LASF1944
     /tmp/cc7KEiL4.s:93820  .debug_str:00000000000258b1 .LASF1945
     /tmp/cc7KEiL4.s:94244  .debug_str:00000000000275e2 .LASF1946
     /tmp/cc7KEiL4.s:91204  .debug_str:000000000001abf1 .LASF1947
     /tmp/cc7KEiL4.s:88250  .debug_str:000000000000ea33 .LASF1948
     /tmp/cc7KEiL4.s:84774  .debug_str:0000000000000000 .LASF1949
     /tmp/cc7KEiL4.s:89230  .debug_str:00000000000128ee .LASF1950
     /tmp/cc7KEiL4.s:94906  .debug_str:000000000002a02f .LASF1951
     /tmp/cc7KEiL4.s:99074  .debug_str:000000000003b25d .LASF1952
     /tmp/cc7KEiL4.s:101420  .debug_str:0000000000044ee9 .LASF1953
     /tmp/cc7KEiL4.s:89604  .debug_str:0000000000013f8a .LASF1954
     /tmp/cc7KEiL4.s:90374  .debug_str:000000000001732c .LASF1955
     /tmp/cc7KEiL4.s:98748  .debug_str:0000000000039cbc .LASF1956
     /tmp/cc7KEiL4.s:88364  .debug_str:000000000000f1a2 .LASF1957
     /tmp/cc7KEiL4.s:88726  .debug_str:00000000000106b8 .LASF1958
     /tmp/cc7KEiL4.s:94220  .debug_str:0000000000027483 .LASF1959
     /tmp/cc7KEiL4.s:96106  .debug_str:000000000002f0f1 .LASF1960
     /tmp/cc7KEiL4.s:92478  .debug_str:000000000002056a .LASF1961
     /tmp/cc7KEiL4.s:89192  .debug_str:00000000000125fa .LASF1962
     /tmp/cc7KEiL4.s:102542  .debug_str:0000000000049bda .LASF1963
     /tmp/cc7KEiL4.s:85984  .debug_str:000000000000547f .LASF1964
     /tmp/cc7KEiL4.s:88180  .debug_str:000000000000e62e .LASF1965
     /tmp/cc7KEiL4.s:95906  .debug_str:000000000002e30c .LASF1966
     /tmp/cc7KEiL4.s:85982  .debug_str:000000000000545d .LASF1967
     /tmp/cc7KEiL4.s:87206  .debug_str:000000000000a786 .LASF1968
     /tmp/cc7KEiL4.s:95942  .debug_str:000000000002e5ce .LASF1969
     /tmp/cc7KEiL4.s:88630  .debug_str:000000000001001f .LASF1970
     /tmp/cc7KEiL4.s:101452  .debug_str:00000000000450cf .LASF1971
     /tmp/cc7KEiL4.s:99732  .debug_str:000000000003dddd .LASF1972
     /tmp/cc7KEiL4.s:102760  .debug_str:000000000004ace5 .LASF1973
     /tmp/cc7KEiL4.s:85418  .debug_str:0000000000002d09 .LASF1974
     /tmp/cc7KEiL4.s:94204  .debug_str:000000000002732d .LASF1975
     /tmp/cc7KEiL4.s:85148  .debug_str:0000000000001966 .LASF1976
     /tmp/cc7KEiL4.s:95260  .debug_str:000000000002b67b .LASF1977
     /tmp/cc7KEiL4.s:100826  .debug_str:00000000000427ae .LASF1978
     /tmp/cc7KEiL4.s:89054  .debug_str:0000000000011c93 .LASF1979
     /tmp/cc7KEiL4.s:92452  .debug_str:000000000002033b .LASF1980
     /tmp/cc7KEiL4.s:98914  .debug_str:000000000003a824 .LASF1981
     /tmp/cc7KEiL4.s:93100  .debug_str:0000000000022e90 .LASF1982
     /tmp/cc7KEiL4.s:90484  .debug_str:00000000000179ef .LASF1983
     /tmp/cc7KEiL4.s:85248  .debug_str:00000000000020bf .LASF1984
     /tmp/cc7KEiL4.s:101662  .debug_str:0000000000045f07 .LASF1985
     /tmp/cc7KEiL4.s:85952  .debug_str:00000000000051d0 .LASF1986
     /tmp/cc7KEiL4.s:88336  .debug_str:000000000000ef11 .LASF1987
     /tmp/cc7KEiL4.s:88058  .debug_str:000000000000e05a .LASF1988
     /tmp/cc7KEiL4.s:93072  .debug_str:0000000000022ce0 .LASF1989
     /tmp/cc7KEiL4.s:98530  .debug_str:0000000000038d2c .LASF1990
     /tmp/cc7KEiL4.s:85814  .debug_str:0000000000004880 .LASF1991
     /tmp/cc7KEiL4.s:90248  .debug_str:0000000000016ac1 .LASF1992
     /tmp/cc7KEiL4.s:96260  .debug_str:000000000002faf5 .LASF1993
     /tmp/cc7KEiL4.s:100340  .debug_str:0000000000040835 .LASF1994
     /tmp/cc7KEiL4.s:87578  .debug_str:000000000000c175 .LASF1995
     /tmp/cc7KEiL4.s:91952  .debug_str:000000000001dff4 .LASF1996
     /tmp/cc7KEiL4.s:97508  .debug_str:0000000000035000 .LASF1997
     /tmp/cc7KEiL4.s:94648  .debug_str:0000000000028f7c .LASF1998
     /tmp/cc7KEiL4.s:86094  .debug_str:0000000000005c27 .LASF1999
     /tmp/cc7KEiL4.s:102646  .debug_str:000000000004a505 .LASF2000
     /tmp/cc7KEiL4.s:98250  .debug_str:000000000003797c .LASF2001
     /tmp/cc7KEiL4.s:87338  .debug_str:000000000000b16e .LASF2002
     /tmp/cc7KEiL4.s:87298  .debug_str:000000000000ae77 .LASF2003
     /tmp/cc7KEiL4.s:98280  .debug_str:0000000000037c0d .LASF2004
     /tmp/cc7KEiL4.s:95408  .debug_str:000000000002c07c .LASF2005
     /tmp/cc7KEiL4.s:96790  .debug_str:0000000000031fc1 .LASF2006
     /tmp/cc7KEiL4.s:94106  .debug_str:0000000000026c56 .LASF2007
     /tmp/cc7KEiL4.s:101536  .debug_str:0000000000045627 .LASF2008
     /tmp/cc7KEiL4.s:99862  .debug_str:000000000003e73c .LASF2009
     /tmp/cc7KEiL4.s:96666  .debug_str:0000000000031784 .LASF2010
     /tmp/cc7KEiL4.s:90478  .debug_str:00000000000179b0 .LASF2011
     /tmp/cc7KEiL4.s:85724  .debug_str:00000000000042cb .LASF2012
     /tmp/cc7KEiL4.s:89490  .debug_str:00000000000138e8 .LASF2013
     /tmp/cc7KEiL4.s:98378  .debug_str:00000000000382fe .LASF2014
     /tmp/cc7KEiL4.s:88022  .debug_str:000000000000ded3 .LASF2015
     /tmp/cc7KEiL4.s:100806  .debug_str:0000000000042665 .LASF2016
     /tmp/cc7KEiL4.s:89210  .debug_str:00000000000127ce .LASF2017
     /tmp/cc7KEiL4.s:96024  .debug_str:000000000002ebde .LASF2018
     /tmp/cc7KEiL4.s:95612  .debug_str:000000000002ce13 .LASF2019
     /tmp/cc7KEiL4.s:90062  .debug_str:0000000000015de7 .LASF2020
     /tmp/cc7KEiL4.s:95818  .debug_str:000000000002dd1a .LASF2021
     /tmp/cc7KEiL4.s:102572  .debug_str:0000000000049e7f .LASF2022
     /tmp/cc7KEiL4.s:93018  .debug_str:00000000000228e7 .LASF2023
     /tmp/cc7KEiL4.s:96732  .debug_str:0000000000031be3 .LASF2024
     /tmp/cc7KEiL4.s:92360  .debug_str:000000000001fc86 .LASF2025
     /tmp/cc7KEiL4.s:90760  .debug_str:0000000000018c7b .LASF2026
     /tmp/cc7KEiL4.s:90932  .debug_str:000000000001992d .LASF2027
     /tmp/cc7KEiL4.s:94602  .debug_str:0000000000028c27 .LASF2028
     /tmp/cc7KEiL4.s:96690  .debug_str:0000000000031930 .LASF2029
     /tmp/cc7KEiL4.s:87272  .debug_str:000000000000ac31 .LASF2030
     /tmp/cc7KEiL4.s:99136  .debug_str:000000000003b6f1 .LASF2031
     /tmp/cc7KEiL4.s:101462  .debug_str:0000000000045162 .LASF2032
     /tmp/cc7KEiL4.s:88894  .debug_str:000000000001119c .LASF2033
     /tmp/cc7KEiL4.s:96282  .debug_str:000000000002fc41 .LASF2034
     /tmp/cc7KEiL4.s:98140  .debug_str:00000000000373ea .LASF2035
     /tmp/cc7KEiL4.s:87798  .debug_str:000000000000d09b .LASF2036
     /tmp/cc7KEiL4.s:89710  .debug_str:00000000000146c3 .LASF2037
     /tmp/cc7KEiL4.s:98028  .debug_str:0000000000036d80 .LASF2038
     /tmp/cc7KEiL4.s:101718  .debug_str:00000000000463b9 .LASF2039
     /tmp/cc7KEiL4.s:90114  .debug_str:00000000000160eb .LASF2040
     /tmp/cc7KEiL4.s:86844  .debug_str:0000000000008f23 .LASF2041
     /tmp/cc7KEiL4.s:94046  .debug_str:00000000000267e6 .LASF2042
     /tmp/cc7KEiL4.s:96388  .debug_str:0000000000030427 .LASF2043
     /tmp/cc7KEiL4.s:84818  .debug_str:000000000000032d .LASF2044
     /tmp/cc7KEiL4.s:96166  .debug_str:000000000002f483 .LASF2045
     /tmp/cc7KEiL4.s:94226  .debug_str:00000000000274d4 .LASF2046
     /tmp/cc7KEiL4.s:92580  .debug_str:0000000000020b87 .LASF2047
     /tmp/cc7KEiL4.s:85526  .debug_str:0000000000003436 .LASF2048
     /tmp/cc7KEiL4.s:98478  .debug_str:0000000000038984 .LASF2049
     /tmp/cc7KEiL4.s:86342  .debug_str:0000000000006d98 .LASF2050
     /tmp/cc7KEiL4.s:101158  .debug_str:0000000000043d11 .LASF2051
     /tmp/cc7KEiL4.s:96492  .debug_str:0000000000030b54 .LASF2052
     /tmp/cc7KEiL4.s:92780  .debug_str:000000000002188e .LASF2053
     /tmp/cc7KEiL4.s:94438  .debug_str:0000000000028209 .LASF2054
     /tmp/cc7KEiL4.s:87844  .debug_str:000000000000d37f .LASF2055
     /tmp/cc7KEiL4.s:86030  .debug_str:0000000000005827 .LASF2056
     /tmp/cc7KEiL4.s:98608  .debug_str:000000000003925a .LASF2057
     /tmp/cc7KEiL4.s:102888  .debug_str:000000000004b5ca .LASF2058
     /tmp/cc7KEiL4.s:91056  .debug_str:000000000001a153 .LASF2059
     /tmp/cc7KEiL4.s:86800  .debug_str:0000000000008bf3 .LASF2060
     /tmp/cc7KEiL4.s:100282  .debug_str:0000000000040424 .LASF2061
     /tmp/cc7KEiL4.s:94804  .debug_str:00000000000299be .LASF2062
     /tmp/cc7KEiL4.s:88458  .debug_str:000000000000f777 .LASF2063
     /tmp/cc7KEiL4.s:88438  .debug_str:000000000000f63c .LASF2064
     /tmp/cc7KEiL4.s:98646  .debug_str:000000000003950d .LASF2065
     /tmp/cc7KEiL4.s:98622  .debug_str:000000000003932f .LASF2066
     /tmp/cc7KEiL4.s:90382  .debug_str:00000000000173cb .LASF2067
     /tmp/cc7KEiL4.s:90184  .debug_str:0000000000016630 .LASF2068
     /tmp/cc7KEiL4.s:100484  .debug_str:000000000004119f .LASF2069
     /tmp/cc7KEiL4.s:100812  .debug_str:00000000000426d6 .LASF2070
     /tmp/cc7KEiL4.s:91528  .debug_str:000000000001c1b8 .LASF2071
     /tmp/cc7KEiL4.s:94320  .debug_str:0000000000027a46 .LASF2072
     /tmp/cc7KEiL4.s:86948  .debug_str:0000000000009699 .LASF2073
     /tmp/cc7KEiL4.s:85084  .debug_str:00000000000014ec .LASF2074
     /tmp/cc7KEiL4.s:97190  .debug_str:0000000000033b11 .LASF2075
     /tmp/cc7KEiL4.s:87832  .debug_str:000000000000d2b5 .LASF2076
     /tmp/cc7KEiL4.s:93562  .debug_str:00000000000247c7 .LASF2077
     /tmp/cc7KEiL4.s:97706  .debug_str:0000000000035c19 .LASF2078
     /tmp/cc7KEiL4.s:90998  .debug_str:0000000000019db1 .LASF2079
     /tmp/cc7KEiL4.s:91154  .debug_str:000000000001a801 .LASF2080
     /tmp/cc7KEiL4.s:94984  .debug_str:000000000002a528 .LASF2081
     /tmp/cc7KEiL4.s:101234  .debug_str:00000000000441c3 .LASF2082
     /tmp/cc7KEiL4.s:86944  .debug_str:000000000000965b .LASF2083
     /tmp/cc7KEiL4.s:92860  .debug_str:0000000000021e7d .LASF2084
     /tmp/cc7KEiL4.s:97118  .debug_str:0000000000033588 .LASF2085
     /tmp/cc7KEiL4.s:102964  .debug_str:000000000004bab5 .LASF2086
     /tmp/cc7KEiL4.s:98518  .debug_str:0000000000038c40 .LASF2087
     /tmp/cc7KEiL4.s:97322  .debug_str:00000000000343d0 .LASF2088
     /tmp/cc7KEiL4.s:88140  .debug_str:000000000000e46b .LASF2089
     /tmp/cc7KEiL4.s:101286  .debug_str:0000000000044511 .LASF2090
     /tmp/cc7KEiL4.s:99916  .debug_str:000000000003eb55 .LASF2091
     /tmp/cc7KEiL4.s:98562  .debug_str:0000000000038f8e .LASF2092
     /tmp/cc7KEiL4.s:90718  .debug_str:0000000000018965 .LASF2093
     /tmp/cc7KEiL4.s:101946  .debug_str:0000000000047277 .LASF2094
     /tmp/cc7KEiL4.s:100476  .debug_str:000000000004112c .LASF2095
     /tmp/cc7KEiL4.s:95872  .debug_str:000000000002e0e2 .LASF2096
     /tmp/cc7KEiL4.s:93644  .debug_str:0000000000024d89 .LASF2097
     /tmp/cc7KEiL4.s:102076  .debug_str:0000000000047b6f .LASF2098
     /tmp/cc7KEiL4.s:85300  .debug_str:0000000000002469 .LASF2099
     /tmp/cc7KEiL4.s:93754  .debug_str:0000000000025519 .LASF2100
     /tmp/cc7KEiL4.s:90856  .debug_str:0000000000019348 .LASF2101
     /tmp/cc7KEiL4.s:85398  .debug_str:0000000000002b92 .LASF2102
     /tmp/cc7KEiL4.s:87130  .debug_str:000000000000a27a .LASF2103
     /tmp/cc7KEiL4.s:96120  .debug_str:000000000002f1b8 .LASF2104
     /tmp/cc7KEiL4.s:103038  .debug_str:000000000004c044 .LASF2105
     /tmp/cc7KEiL4.s:87054  .debug_str:0000000000009d0c .LASF2106
     /tmp/cc7KEiL4.s:94138  .debug_str:0000000000026e88 .LASF2107
     /tmp/cc7KEiL4.s:96390  .debug_str:0000000000030442 .LASF2108
     /tmp/cc7KEiL4.s:93846  .debug_str:0000000000025a5e .LASF2109
     /tmp/cc7KEiL4.s:88070  .debug_str:000000000000e12d .LASF2110
     /tmp/cc7KEiL4.s:89310  .debug_str:0000000000012daa .LASF2111
     /tmp/cc7KEiL4.s:96922  .debug_str:00000000000328d3 .LASF2112
     /tmp/cc7KEiL4.s:101970  .debug_str:00000000000473a4 .LASF2113
     /tmp/cc7KEiL4.s:90918  .debug_str:00000000000197e1 .LASF2114
     /tmp/cc7KEiL4.s:91520  .debug_str:000000000001c125 .LASF2115
     /tmp/cc7KEiL4.s:99966  .debug_str:000000000003ee50 .LASF2116
     /tmp/cc7KEiL4.s:94468  .debug_str:00000000000283fa .LASF2117
     /tmp/cc7KEiL4.s:94878  .debug_str:0000000000029e34 .LASF2118
     /tmp/cc7KEiL4.s:85144  .debug_str:0000000000001929 .LASF2119
     /tmp/cc7KEiL4.s:92210  .debug_str:000000000001f2da .LASF2120
     /tmp/cc7KEiL4.s:88460  .debug_str:000000000000f792 .LASF2121
     /tmp/cc7KEiL4.s:89888  .debug_str:0000000000015206 .LASF2122
     /tmp/cc7KEiL4.s:97664  .debug_str:0000000000035a31 .LASF2123
     /tmp/cc7KEiL4.s:90092  .debug_str:0000000000015fb6 .LASF2124
     /tmp/cc7KEiL4.s:96782  .debug_str:0000000000031f4e .LASF2125
     /tmp/cc7KEiL4.s:96468  .debug_str:00000000000309e1 .LASF2126
     /tmp/cc7KEiL4.s:96960  .debug_str:0000000000032ac0 .LASF2127
     /tmp/cc7KEiL4.s:102370  .debug_str:0000000000048feb .LASF2128
     /tmp/cc7KEiL4.s:88288  .debug_str:000000000000ec99 .LASF2129
     /tmp/cc7KEiL4.s:94062  .debug_str:00000000000268f5 .LASF2130
     /tmp/cc7KEiL4.s:98278  .debug_str:0000000000037be6 .LASF2131
     /tmp/cc7KEiL4.s:86184  .debug_str:0000000000006207 .LASF2132
     /tmp/cc7KEiL4.s:101670  .debug_str:0000000000045fc5 .LASF2133
     /tmp/cc7KEiL4.s:90346  .debug_str:0000000000017118 .LASF2134
     /tmp/cc7KEiL4.s:99324  .debug_str:000000000003c330 .LASF2135
     /tmp/cc7KEiL4.s:88056  .debug_str:000000000000e029 .LASF2136
     /tmp/cc7KEiL4.s:99222  .debug_str:000000000003bccf .LASF2137
     /tmp/cc7KEiL4.s:87630  .debug_str:000000000000c570 .LASF2138
     /tmp/cc7KEiL4.s:101894  .debug_str:0000000000046ed1 .LASF2139
     /tmp/cc7KEiL4.s:92308  .debug_str:000000000001f8ba .LASF2140
     /tmp/cc7KEiL4.s:99500  .debug_str:000000000003cf31 .LASF2141
     /tmp/cc7KEiL4.s:102512  .debug_str:0000000000049a03 .LASF2142
     /tmp/cc7KEiL4.s:90922  .debug_str:0000000000019825 .LASF2143
     /tmp/cc7KEiL4.s:94186  .debug_str:00000000000271b3 .LASF2144
     /tmp/cc7KEiL4.s:97452  .debug_str:0000000000034c0b .LASF2145
     /tmp/cc7KEiL4.s:102700  .debug_str:000000000004a90e .LASF2146
     /tmp/cc7KEiL4.s:92400  .debug_str:000000000001ffad .LASF2147
     /tmp/cc7KEiL4.s:97880  .debug_str:000000000003664b .LASF2148
     /tmp/cc7KEiL4.s:102190  .debug_str:000000000004834b .LASF2149
     /tmp/cc7KEiL4.s:89630  .debug_str:0000000000014158 .LASF2150
     /tmp/cc7KEiL4.s:93636  .debug_str:0000000000024cb3 .LASF2151
     /tmp/cc7KEiL4.s:99700  .debug_str:000000000003db74 .LASF2152
     /tmp/cc7KEiL4.s:85058  .debug_str:0000000000001369 .LASF2153
     /tmp/cc7KEiL4.s:98774  .debug_str:0000000000039e92 .LASF2154
     /tmp/cc7KEiL4.s:93172  .debug_str:00000000000232b7 .LASF2155
     /tmp/cc7KEiL4.s:86326  .debug_str:0000000000006ca4 .LASF2156
     /tmp/cc7KEiL4.s:100912  .debug_str:0000000000042d0e .LASF2157
     /tmp/cc7KEiL4.s:87662  .debug_str:000000000000c73d .LASF2158
     /tmp/cc7KEiL4.s:94026  .debug_str:000000000002668f .LASF2159
     /tmp/cc7KEiL4.s:95658  .debug_str:000000000002d1d0 .LASF2160
     /tmp/cc7KEiL4.s:102344  .debug_str:0000000000048df5 .LASF2161
     /tmp/cc7KEiL4.s:101666  .debug_str:0000000000045f55 .LASF2162
     /tmp/cc7KEiL4.s:102620  .debug_str:000000000004a28c .LASF2163
     /tmp/cc7KEiL4.s:93140  .debug_str:0000000000023063 .LASF2164
     /tmp/cc7KEiL4.s:95300  .debug_str:000000000002b961 .LASF2165
     /tmp/cc7KEiL4.s:91186  .debug_str:000000000001aa69 .LASF2166
     /tmp/cc7KEiL4.s:99610  .debug_str:000000000003d5c9 .LASF2167
     /tmp/cc7KEiL4.s:99484  .debug_str:000000000003cdf7 .LASF2168
     /tmp/cc7KEiL4.s:90490  .debug_str:0000000000017a5c .LASF2169
     /tmp/cc7KEiL4.s:98528  .debug_str:0000000000038cf0 .LASF2170
     /tmp/cc7KEiL4.s:85100  .debug_str:00000000000015dc .LASF2171
     /tmp/cc7KEiL4.s:93724  .debug_str:0000000000025314 .LASF2172
     /tmp/cc7KEiL4.s:94100  .debug_str:0000000000026bcd .LASF2173
     /tmp/cc7KEiL4.s:89206  .debug_str:0000000000012767 .LASF2174
     /tmp/cc7KEiL4.s:103072  .debug_str:000000000004c264 .LASF2175
     /tmp/cc7KEiL4.s:90902  .debug_str:0000000000019669 .LASF2176
     /tmp/cc7KEiL4.s:102322  .debug_str:0000000000048c5b .LASF2177
     /tmp/cc7KEiL4.s:86204  .debug_str:000000000000636f .LASF2178
     /tmp/cc7KEiL4.s:92892  .debug_str:000000000002208c .LASF2179
     /tmp/cc7KEiL4.s:100084  .debug_str:000000000003f6c7 .LASF2180
     /tmp/cc7KEiL4.s:101866  .debug_str:0000000000046d16 .LASF2181
     /tmp/cc7KEiL4.s:95492  .debug_str:000000000002c64d .LASF2182
     /tmp/cc7KEiL4.s:88644  .debug_str:0000000000010112 .LASF2183
     /tmp/cc7KEiL4.s:92562  .debug_str:00000000000209fd .LASF2184
     /tmp/cc7KEiL4.s:90816  .debug_str:0000000000019026 .LASF2185
     /tmp/cc7KEiL4.s:87296  .debug_str:000000000000ae3d .LASF2186
     /tmp/cc7KEiL4.s:87066  .debug_str:0000000000009d7b .LASF2187
     /tmp/cc7KEiL4.s:99694  .debug_str:000000000003daf4 .LASF2188
     /tmp/cc7KEiL4.s:89190  .debug_str:00000000000125b5 .LASF2189
     /tmp/cc7KEiL4.s:86310  .debug_str:0000000000006b87 .LASF2190
     /tmp/cc7KEiL4.s:103028  .debug_str:000000000004bf57 .LASF2191
     /tmp/cc7KEiL4.s:100466  .debug_str:0000000000041079 .LASF2192
     /tmp/cc7KEiL4.s:102740  .debug_str:000000000004ab7d .LASF2193
     /tmp/cc7KEiL4.s:97746  .debug_str:0000000000035f14 .LASF2194
     /tmp/cc7KEiL4.s:85802  .debug_str:00000000000047c6 .LASF2195
     /tmp/cc7KEiL4.s:96504  .debug_str:0000000000030c2a .LASF2196
     /tmp/cc7KEiL4.s:97694  .debug_str:0000000000035b38 .LASF2197
     /tmp/cc7KEiL4.s:88972  .debug_str:0000000000011706 .LASF2198
     /tmp/cc7KEiL4.s:87250  .debug_str:000000000000aac3 .LASF2199
     /tmp/cc7KEiL4.s:101114  .debug_str:00000000000439c6 .LASF2200
     /tmp/cc7KEiL4.s:88778  .debug_str:0000000000010a6e .LASF2201
     /tmp/cc7KEiL4.s:86510  .debug_str:0000000000007859 .LASF2202
     /tmp/cc7KEiL4.s:99052  .debug_str:000000000003b0cf .LASF2203
     /tmp/cc7KEiL4.s:96432  .debug_str:000000000003071e .LASF2204
     /tmp/cc7KEiL4.s:90664  .debug_str:00000000000185e7 .LASF2205
     /tmp/cc7KEiL4.s:87732  .debug_str:000000000000cc09 .LASF2206
     /tmp/cc7KEiL4.s:92794  .debug_str:0000000000021974 .LASF2207
     /tmp/cc7KEiL4.s:102392  .debug_str:0000000000049177 .LASF2208
     /tmp/cc7KEiL4.s:88344  .debug_str:000000000000efbf .LASF2209
     /tmp/cc7KEiL4.s:93848  .debug_str:0000000000025a7a .LASF2210
     /tmp/cc7KEiL4.s:85966  .debug_str:00000000000052d1 .LASF2211
     /tmp/cc7KEiL4.s:85240  .debug_str:0000000000002004 .LASF2212
     /tmp/cc7KEiL4.s:86316  .debug_str:0000000000006bf7 .LASF2213
     /tmp/cc7KEiL4.s:95148  .debug_str:000000000002afae .LASF2214
     /tmp/cc7KEiL4.s:85330  .debug_str:00000000000026ac .LASF2215
     /tmp/cc7KEiL4.s:102836  .debug_str:000000000004b284 .LASF2216
     /tmp/cc7KEiL4.s:92206  .debug_str:000000000001f297 .LASF2217
     /tmp/cc7KEiL4.s:85752  .debug_str:000000000000441d .LASF2218
     /tmp/cc7KEiL4.s:92696  .debug_str:00000000000212dc .LASF2219
     /tmp/cc7KEiL4.s:85222  .debug_str:0000000000001e92 .LASF2220
     /tmp/cc7KEiL4.s:101342  .debug_str:0000000000044965 .LASF2221
     /tmp/cc7KEiL4.s:91990  .debug_str:000000000001e2bf .LASF2222
     /tmp/cc7KEiL4.s:89022  .debug_str:0000000000011a6b .LASF2223
     /tmp/cc7KEiL4.s:92100  .debug_str:000000000001ea8b .LASF2224
     /tmp/cc7KEiL4.s:99050  .debug_str:000000000003b096 .LASF2225
     /tmp/cc7KEiL4.s:98796  .debug_str:000000000003a034 .LASF2226
     /tmp/cc7KEiL4.s:100470  .debug_str:00000000000410bc .LASF2227
     /tmp/cc7KEiL4.s:100486  .debug_str:00000000000411ba .LASF2228
     /tmp/cc7KEiL4.s:93906  .debug_str:0000000000025ee1 .LASF2229
     /tmp/cc7KEiL4.s:94974  .debug_str:000000000002a459 .LASF2230
     /tmp/cc7KEiL4.s:84974  .debug_str:0000000000000d8c .LASF2231
     /tmp/cc7KEiL4.s:94798  .debug_str:0000000000029927 .LASF2232
     /tmp/cc7KEiL4.s:98784  .debug_str:0000000000039f3b .LASF2233
     /tmp/cc7KEiL4.s:85304  .debug_str:0000000000002491 .LASF2234
     /tmp/cc7KEiL4.s:94196  .debug_str:0000000000027292 .LASF2235
     /tmp/cc7KEiL4.s:94500  .debug_str:0000000000028658 .LASF2236
     /tmp/cc7KEiL4.s:96808  .debug_str:00000000000320ee .LASF2237
     /tmp/cc7KEiL4.s:99888  .debug_str:000000000003e961 .LASF2238
     /tmp/cc7KEiL4.s:92226  .debug_str:000000000001f3f2 .LASF2239
     /tmp/cc7KEiL4.s:96454  .debug_str:00000000000308a8 .LASF2240
     /tmp/cc7KEiL4.s:87460  .debug_str:000000000000ba08 .LASF2241
     /tmp/cc7KEiL4.s:86894  .debug_str:00000000000091f3 .LASF2242
     /tmp/cc7KEiL4.s:101428  .debug_str:0000000000044f4b .LASF2243
     /tmp/cc7KEiL4.s:96004  .debug_str:000000000002ea66 .LASF2244
     /tmp/cc7KEiL4.s:88750  .debug_str:0000000000010893 .LASF2245
     /tmp/cc7KEiL4.s:95842  .debug_str:000000000002dede .LASF2246
     /tmp/cc7KEiL4.s:90240  .debug_str:0000000000016a40 .LASF2247
     /tmp/cc7KEiL4.s:97634  .debug_str:00000000000357a9 .LASF2248
     /tmp/cc7KEiL4.s:102790  .debug_str:000000000004af3c .LASF2249
     /tmp/cc7KEiL4.s:91764  .debug_str:000000000001d2d1 .LASF2250
     /tmp/cc7KEiL4.s:95772  .debug_str:000000000002d987 .LASF2251
     /tmp/cc7KEiL4.s:98364  .debug_str:00000000000381d4 .LASF2252
     /tmp/cc7KEiL4.s:94550  .debug_str:000000000002891b .LASF2253
     /tmp/cc7KEiL4.s:102820  .debug_str:000000000004b148 .LASF2254
     /tmp/cc7KEiL4.s:87282  .debug_str:000000000000ad23 .LASF2255
     /tmp/cc7KEiL4.s:93268  .debug_str:000000000002383d .LASF2256
     /tmp/cc7KEiL4.s:99948  .debug_str:000000000003ed66 .LASF2257
     /tmp/cc7KEiL4.s:96048  .debug_str:000000000002ed57 .LASF2258
     /tmp/cc7KEiL4.s:98884  .debug_str:000000000003a618 .LASF2259
     /tmp/cc7KEiL4.s:102644  .debug_str:000000000004a4bd .LASF2260
     /tmp/cc7KEiL4.s:100298  .debug_str:00000000000404c3 .LASF2261
     /tmp/cc7KEiL4.s:85292  .debug_str:00000000000023a8 .LASF2262
     /tmp/cc7KEiL4.s:91816  .debug_str:000000000001d665 .LASF2263
     /tmp/cc7KEiL4.s:100316  .debug_str:0000000000040620 .LASF2264
     /tmp/cc7KEiL4.s:101682  .debug_str:00000000000460a7 .LASF2265
     /tmp/cc7KEiL4.s:87112  .debug_str:000000000000a14d .LASF2266
     /tmp/cc7KEiL4.s:93052  .debug_str:0000000000022b7d .LASF2267
     /tmp/cc7KEiL4.s:97952  .debug_str:00000000000369a3 .LASF2268
     /tmp/cc7KEiL4.s:96216  .debug_str:000000000002f825 .LASF2269
     /tmp/cc7KEiL4.s:89524  .debug_str:0000000000013b11 .LASF2270
     /tmp/cc7KEiL4.s:85272  .debug_str:0000000000002251 .LASF2271
     /tmp/cc7KEiL4.s:92480  .debug_str:000000000002058c .LASF2272
     /tmp/cc7KEiL4.s:95184  .debug_str:000000000002b193 .LASF2273
     /tmp/cc7KEiL4.s:91404  .debug_str:000000000001b9fc .LASF2274
     /tmp/cc7KEiL4.s:86494  .debug_str:00000000000076fe .LASF2275
     /tmp/cc7KEiL4.s:91676  .debug_str:000000000001cc6e .LASF2276
     /tmp/cc7KEiL4.s:91210  .debug_str:000000000001ac5f .LASF2277
     /tmp/cc7KEiL4.s:84814  .debug_str:00000000000002b2 .LASF2278
     /tmp/cc7KEiL4.s:89272  .debug_str:0000000000012b4c .LASF2279
     /tmp/cc7KEiL4.s:97738  .debug_str:0000000000035e68 .LASF2280
     /tmp/cc7KEiL4.s:94938  .debug_str:000000000002a1f7 .LASF2281
     /tmp/cc7KEiL4.s:88638  .debug_str:00000000000100af .LASF2282
     /tmp/cc7KEiL4.s:99878  .debug_str:000000000003e894 .LASF2283
     /tmp/cc7KEiL4.s:94634  .debug_str:0000000000028e08 .LASF2284
     /tmp/cc7KEiL4.s:99988  .debug_str:000000000003efe8 .LASF2285
     /tmp/cc7KEiL4.s:86548  .debug_str:0000000000007a4c .LASF2286
     /tmp/cc7KEiL4.s:102014  .debug_str:0000000000047682 .LASF2287
     /tmp/cc7KEiL4.s:99744  .debug_str:000000000003de86 .LASF2288
     /tmp/cc7KEiL4.s:101176  .debug_str:0000000000043dcd .LASF2289
     /tmp/cc7KEiL4.s:89124  .debug_str:000000000001214e .LASF2290
     /tmp/cc7KEiL4.s:99338  .debug_str:000000000003c3dd .LASF2291
     /tmp/cc7KEiL4.s:89960  .debug_str:00000000000156ec .LASF2292
     /tmp/cc7KEiL4.s:99690  .debug_str:000000000003daa2 .LASF2293
     /tmp/cc7KEiL4.s:85258  .debug_str:000000000000216d .LASF2294
     /tmp/cc7KEiL4.s:92412  .debug_str:0000000000020069 .LASF2295
     /tmp/cc7KEiL4.s:99166  .debug_str:000000000003b942 .LASF2296
     /tmp/cc7KEiL4.s:85650  .debug_str:0000000000003ce0 .LASF2297
     /tmp/cc7KEiL4.s:102580  .debug_str:0000000000049efb .LASF2298
     /tmp/cc7KEiL4.s:90744  .debug_str:0000000000018b3a .LASF2299
     /tmp/cc7KEiL4.s:98146  .debug_str:000000000003745e .LASF2300
     /tmp/cc7KEiL4.s:99726  .debug_str:000000000003dd4b .LASF2301
     /tmp/cc7KEiL4.s:93518  .debug_str:000000000002450a .LASF2302
     /tmp/cc7KEiL4.s:90460  .debug_str:000000000001791f .LASF2303
     /tmp/cc7KEiL4.s:88842  .debug_str:0000000000010da8 .LASF2304
     /tmp/cc7KEiL4.s:99456  .debug_str:000000000003cc0d .LASF2305
     /tmp/cc7KEiL4.s:95538  .debug_str:000000000002c9b2 .LASF2306
     /tmp/cc7KEiL4.s:99262  .debug_str:000000000003bfed .LASF2307
     /tmp/cc7KEiL4.s:93890  .debug_str:0000000000025dc4 .LASF2308
     /tmp/cc7KEiL4.s:89814  .debug_str:0000000000014dba .LASF2309
     /tmp/cc7KEiL4.s:90154  .debug_str:000000000001638b .LASF2310
     /tmp/cc7KEiL4.s:95874  .debug_str:000000000002e0f9 .LASF2311
     /tmp/cc7KEiL4.s:92840  .debug_str:0000000000021cc8 .LASF2312
     /tmp/cc7KEiL4.s:102954  .debug_str:000000000004b9fb .LASF2313
     /tmp/cc7KEiL4.s:88514  .debug_str:000000000000fa20 .LASF2314
     /tmp/cc7KEiL4.s:98118  .debug_str:0000000000037232 .LASF2315
     /tmp/cc7KEiL4.s:95318  .debug_str:000000000002ba6c .LASF2316
     /tmp/cc7KEiL4.s:85342  .debug_str:00000000000027c4 .LASF2317
     /tmp/cc7KEiL4.s:85010  .debug_str:0000000000001042 .LASF2318
     /tmp/cc7KEiL4.s:90924  .debug_str:0000000000019868 .LASF2319
     /tmp/cc7KEiL4.s:95940  .debug_str:000000000002e58e .LASF2320
     /tmp/cc7KEiL4.s:88876  .debug_str:0000000000011032 .LASF2321
     /tmp/cc7KEiL4.s:99494  .debug_str:000000000003cee3 .LASF2322
     /tmp/cc7KEiL4.s:100226  .debug_str:000000000003ff89 .LASF2323
     /tmp/cc7KEiL4.s:96320  .debug_str:000000000002fe9c .LASF2324
     /tmp/cc7KEiL4.s:91046  .debug_str:000000000001a08c .LASF2325
     /tmp/cc7KEiL4.s:88702  .debug_str:0000000000010581 .LASF2326
     /tmp/cc7KEiL4.s:102192  .debug_str:000000000004838b .LASF2327
     /tmp/cc7KEiL4.s:98512  .debug_str:0000000000038bc5 .LASF2328
     /tmp/cc7KEiL4.s:102928  .debug_str:000000000004b872 .LASF2329
     /tmp/cc7KEiL4.s:85474  .debug_str:0000000000003115 .LASF2330
     /tmp/cc7KEiL4.s:94644  .debug_str:0000000000028f0f .LASF2331
     /tmp/cc7KEiL4.s:95380  .debug_str:000000000002be68 .LASF2332
     /tmp/cc7KEiL4.s:86222  .debug_str:00000000000064a1 .LASF2333
     /tmp/cc7KEiL4.s:86668  .debug_str:0000000000008248 .LASF2334
     /tmp/cc7KEiL4.s:96360  .debug_str:0000000000030189 .LASF2335
     /tmp/cc7KEiL4.s:96616  .debug_str:00000000000313b6 .LASF2336
     /tmp/cc7KEiL4.s:102362  .debug_str:0000000000048f42 .LASF2337
     /tmp/cc7KEiL4.s:85856  .debug_str:0000000000004b63 .LASF2338
     /tmp/cc7KEiL4.s:85444  .debug_str:0000000000002f74 .LASF2339
     /tmp/cc7KEiL4.s:100360  .debug_str:00000000000409b3 .LASF2340
     /tmp/cc7KEiL4.s:102658  .debug_str:000000000004a5e5 .LASF2341
     /tmp/cc7KEiL4.s:101912  .debug_str:0000000000046fea .LASF2342
     /tmp/cc7KEiL4.s:94264  .debug_str:00000000000276ef .LASF2343
     /tmp/cc7KEiL4.s:89358  .debug_str:0000000000013094 .LASF2344
     /tmp/cc7KEiL4.s:100336  .debug_str:00000000000407b8 .LASF2345
     /tmp/cc7KEiL4.s:89462  .debug_str:0000000000013730 .LASF2346
     /tmp/cc7KEiL4.s:92454  .debug_str:000000000002035b .LASF2347
     /tmp/cc7KEiL4.s:86624  .debug_str:0000000000007f71 .LASF2348
     /tmp/cc7KEiL4.s:86776  .debug_str:0000000000008a36 .LASF2349
     /tmp/cc7KEiL4.s:101984  .debug_str:00000000000474b0 .LASF2350
     /tmp/cc7KEiL4.s:102570  .debug_str:0000000000049e40 .LASF2351
     /tmp/cc7KEiL4.s:85336  .debug_str:0000000000002721 .LASF2352
     /tmp/cc7KEiL4.s:94998  .debug_str:000000000002a666 .LASF2353
     /tmp/cc7KEiL4.s:93510  .debug_str:000000000002447e .LASF2354
     /tmp/cc7KEiL4.s:102976  .debug_str:000000000004bb66 .LASF2355
     /tmp/cc7KEiL4.s:86308  .debug_str:0000000000006b43 .LASF2356
     /tmp/cc7KEiL4.s:100804  .debug_str:0000000000042629 .LASF2357
     /tmp/cc7KEiL4.s:95396  .debug_str:000000000002bf90 .LASF2358
     /tmp/cc7KEiL4.s:90174  .debug_str:000000000001654b .LASF2359
     /tmp/cc7KEiL4.s:94450  .debug_str:00000000000282c4 .LASF2360
     /tmp/cc7KEiL4.s:85480  .debug_str:000000000000318a .LASF2361
     /tmp/cc7KEiL4.s:91690  .debug_str:000000000001cda4 .LASF2362
     /tmp/cc7KEiL4.s:99368  .debug_str:000000000003c60b .LASF2363
     /tmp/cc7KEiL4.s:93808  .debug_str:000000000002578d .LASF2364
     /tmp/cc7KEiL4.s:94732  .debug_str:00000000000294a8 .LASF2365
     /tmp/cc7KEiL4.s:102784  .debug_str:000000000004aec5 .LASF2366
     /tmp/cc7KEiL4.s:100620  .debug_str:0000000000041ab3 .LASF2367
     /tmp/cc7KEiL4.s:102754  .debug_str:000000000004ac75 .LASF2368
     /tmp/cc7KEiL4.s:102128  .debug_str:0000000000047f42 .LASF2369
     /tmp/cc7KEiL4.s:101440  .debug_str:0000000000044ff1 .LASF2370
     /tmp/cc7KEiL4.s:95096  .debug_str:000000000002acc1 .LASF2371
     /tmp/cc7KEiL4.s:101626  .debug_str:0000000000045cb7 .LASF2372
     /tmp/cc7KEiL4.s:86842  .debug_str:0000000000008eec .LASF2373
     /tmp/cc7KEiL4.s:88650  .debug_str:0000000000010167 .LASF2374
     /tmp/cc7KEiL4.s:101044  .debug_str:000000000004353e .LASF2375
     /tmp/cc7KEiL4.s:93188  .debug_str:0000000000023369 .LASF2376
     /tmp/cc7KEiL4.s:103138  .debug_str:000000000004c6e8 .LASF2377
     /tmp/cc7KEiL4.s:95870  .debug_str:000000000002e0a0 .LASF2378
     /tmp/cc7KEiL4.s:87276  .debug_str:000000000000ac88 .LASF2379
     /tmp/cc7KEiL4.s:87676  .debug_str:000000000000c836 .LASF2380
     /tmp/cc7KEiL4.s:100302  .debug_str:0000000000040513 .LASF2381
     /tmp/cc7KEiL4.s:89732  .debug_str:0000000000014814 .LASF2382
     /tmp/cc7KEiL4.s:98746  .debug_str:0000000000039c95 .LASF2383
     /tmp/cc7KEiL4.s:96780  .debug_str:0000000000031f13 .LASF2384
     /tmp/cc7KEiL4.s:102598  .debug_str:000000000004a090 .LASF2385
     /tmp/cc7KEiL4.s:88340  .debug_str:000000000000ef57 .LASF2386
     /tmp/cc7KEiL4.s:94038  .debug_str:0000000000026754 .LASF2387
     /tmp/cc7KEiL4.s:98680  .debug_str:00000000000397ad .LASF2388
     /tmp/cc7KEiL4.s:85436  .debug_str:0000000000002ecc .LASF2389
     /tmp/cc7KEiL4.s:89584  .debug_str:0000000000013e48 .LASF2390
     /tmp/cc7KEiL4.s:94170  .debug_str:000000000002708f .LASF2391
     /tmp/cc7KEiL4.s:87310  .debug_str:000000000000af4d .LASF2392
     /tmp/cc7KEiL4.s:86694  .debug_str:000000000000845c .LASF2393
     /tmp/cc7KEiL4.s:91294  .debug_str:000000000001b215 .LASF2394
     /tmp/cc7KEiL4.s:96648  .debug_str:0000000000031629 .LASF2395
     /tmp/cc7KEiL4.s:101374  .debug_str:0000000000044bbc .LASF2396
     /tmp/cc7KEiL4.s:87944  .debug_str:000000000000d999 .LASF2397
     /tmp/cc7KEiL4.s:95968  .debug_str:000000000002e7fa .LASF2398
     /tmp/cc7KEiL4.s:95822  .debug_str:000000000002dd81 .LASF2399
     /tmp/cc7KEiL4.s:91446  .debug_str:000000000001bc5f .LASF2400
     /tmp/cc7KEiL4.s:88346  .debug_str:000000000000eff7 .LASF2401
     /tmp/cc7KEiL4.s:89232  .debug_str:0000000000012917 .LASF2402
     /tmp/cc7KEiL4.s:97300  .debug_str:0000000000034240 .LASF2403
     /tmp/cc7KEiL4.s:99986  .debug_str:000000000003efb2 .LASF2404
     /tmp/cc7KEiL4.s:97274  .debug_str:00000000000340a7 .LASF2405
     /tmp/cc7KEiL4.s:87580  .debug_str:000000000000c19e .LASF2406
     /tmp/cc7KEiL4.s:97370  .debug_str:000000000003471c .LASF2407
     /tmp/cc7KEiL4.s:92862  .debug_str:0000000000021e98 .LASF2408
     /tmp/cc7KEiL4.s:90604  .debug_str:0000000000018179 .LASF2409
     /tmp/cc7KEiL4.s:96916  .debug_str:000000000003286b .LASF2410
     /tmp/cc7KEiL4.s:102712  .debug_str:000000000004a9bc .LASF2411
     /tmp/cc7KEiL4.s:97850  .debug_str:00000000000363e7 .LASF2412
     /tmp/cc7KEiL4.s:85142  .debug_str:00000000000018e2 .LASF2413
     /tmp/cc7KEiL4.s:99918  .debug_str:000000000003eb79 .LASF2414
     /tmp/cc7KEiL4.s:86906  .debug_str:00000000000092c6 .LASF2415
     /tmp/cc7KEiL4.s:95466  .debug_str:000000000002c436 .LASF2416
     /tmp/cc7KEiL4.s:96014  .debug_str:000000000002eb28 .LASF2417
     /tmp/cc7KEiL4.s:90694  .debug_str:00000000000187cf .LASF2418
     /tmp/cc7KEiL4.s:86504  .debug_str:00000000000077ff .LASF2419
     /tmp/cc7KEiL4.s:94314  .debug_str:00000000000279b7 .LASF2420
     /tmp/cc7KEiL4.s:97792  .debug_str:000000000003612f .LASF2421
     /tmp/cc7KEiL4.s:94410  .debug_str:0000000000028016 .LASF2422
     /tmp/cc7KEiL4.s:93582  .debug_str:00000000000248d9 .LASF2423
     /tmp/cc7KEiL4.s:99294  .debug_str:000000000003c1e8 .LASF2424
     /tmp/cc7KEiL4.s:97314  .debug_str:0000000000034313 .LASF2425
     /tmp/cc7KEiL4.s:97128  .debug_str:0000000000033690 .LASF2426
     /tmp/cc7KEiL4.s:87776  .debug_str:000000000000cef9 .LASF2427
     /tmp/cc7KEiL4.s:87956  .debug_str:000000000000da45 .LASF2428
     /tmp/cc7KEiL4.s:99196  .debug_str:000000000003bb4d .LASF2429
     /tmp/cc7KEiL4.s:91606  .debug_str:000000000001c77e .LASF2430
     /tmp/cc7KEiL4.s:92316  .debug_str:000000000001f950 .LASF2431
     /tmp/cc7KEiL4.s:93818  .debug_str:0000000000025874 .LASF2432
     /tmp/cc7KEiL4.s:85586  .debug_str:0000000000003880 .LASF2433
     /tmp/cc7KEiL4.s:99400  .debug_str:000000000003c88e .LASF2434
     /tmp/cc7KEiL4.s:102276  .debug_str:0000000000048942 .LASF2435
     /tmp/cc7KEiL4.s:92242  .debug_str:000000000001f4e4 .LASF2436
     /tmp/cc7KEiL4.s:88426  .debug_str:000000000000f582 .LASF2437
     /tmp/cc7KEiL4.s:92646  .debug_str:0000000000020f45 .LASF2438
     /tmp/cc7KEiL4.s:96612  .debug_str:0000000000031369 .LASF2439
     /tmp/cc7KEiL4.s:91810  .debug_str:000000000001d5d6 .LASF2440
     /tmp/cc7KEiL4.s:102800  .debug_str:000000000004aff5 .LASF2441
     /tmp/cc7KEiL4.s:91876  .debug_str:000000000001d9d8 .LASF2442
     /tmp/cc7KEiL4.s:90418  .debug_str:000000000001760b .LASF2443
     /tmp/cc7KEiL4.s:99532  .debug_str:000000000003d11d .LASF2444
     /tmp/cc7KEiL4.s:103016  .debug_str:000000000004be72 .LASF2445
     /tmp/cc7KEiL4.s:92720  .debug_str:00000000000214b5 .LASF2446
     /tmp/cc7KEiL4.s:94734  .debug_str:00000000000294e1 .LASF2447
     /tmp/cc7KEiL4.s:86938  .debug_str:00000000000095a7 .LASF2448
     /tmp/cc7KEiL4.s:86300  .debug_str:0000000000006aae .LASF2449
     /tmp/cc7KEiL4.s:96898  .debug_str:00000000000326b7 .LASF2450
     /tmp/cc7KEiL4.s:102616  .debug_str:000000000004a242 .LASF2451
     /tmp/cc7KEiL4.s:96126  .debug_str:000000000002f21b .LASF2452
     /tmp/cc7KEiL4.s:94306  .debug_str:0000000000027952 .LASF2453
     /tmp/cc7KEiL4.s:87874  .debug_str:000000000000d4c5 .LASF2454
     /tmp/cc7KEiL4.s:86056  .debug_str:00000000000059a5 .LASF2455
     /tmp/cc7KEiL4.s:97362  .debug_str:0000000000034682 .LASF2456
     /tmp/cc7KEiL4.s:96206  .debug_str:000000000002f74b .LASF2457
     /tmp/cc7KEiL4.s:88742  .debug_str:00000000000107e9 .LASF2458
     /tmp/cc7KEiL4.s:95964  .debug_str:000000000002e7a3 .LASF2459
     /tmp/cc7KEiL4.s:96552  .debug_str:0000000000030f4b .LASF2460
     /tmp/cc7KEiL4.s:93202  .debug_str:0000000000023413 .LASF2461
     /tmp/cc7KEiL4.s:85426  .debug_str:0000000000002dbf .LASF2462
     /tmp/cc7KEiL4.s:99806  .debug_str:000000000003e304 .LASF2463
     /tmp/cc7KEiL4.s:102636  .debug_str:000000000004a3eb .LASF2464
     /tmp/cc7KEiL4.s:85080  .debug_str:00000000000014a1 .LASF2465
     /tmp/cc7KEiL4.s:94048  .debug_str:0000000000026809 .LASF2466
     /tmp/cc7KEiL4.s:90980  .debug_str:0000000000019c82 .LASF2467
     /tmp/cc7KEiL4.s:89660  .debug_str:0000000000014326 .LASF2468
     /tmp/cc7KEiL4.s:95294  .debug_str:000000000002b8be .LASF2469
     /tmp/cc7KEiL4.s:98326  .debug_str:0000000000037f39 .LASF2470
     /tmp/cc7KEiL4.s:97490  .debug_str:0000000000034ee4 .LASF2471
     /tmp/cc7KEiL4.s:96464  .debug_str:0000000000030989 .LASF2472
     /tmp/cc7KEiL4.s:87334  .debug_str:000000000000b113 .LASF2473
     /tmp/cc7KEiL4.s:86498  .debug_str:000000000000777f .LASF2474
     /tmp/cc7KEiL4.s:92088  .debug_str:000000000001e9b5 .LASF2475
     /tmp/cc7KEiL4.s:93910  .debug_str:0000000000025f38 .LASF2476
     /tmp/cc7KEiL4.s:87492  .debug_str:000000000000bbea .LASF2477
     /tmp/cc7KEiL4.s:102884  .debug_str:000000000004b568 .LASF2478
     /tmp/cc7KEiL4.s:101466  .debug_str:00000000000451b0 .LASF2479
     /tmp/cc7KEiL4.s:93430  .debug_str:0000000000024080 .LASF2480
     /tmp/cc7KEiL4.s:92926  .debug_str:00000000000222f2 .LASF2481
     /tmp/cc7KEiL4.s:99634  .debug_str:000000000003d74b .LASF2482
     /tmp/cc7KEiL4.s:88218  .debug_str:000000000000e8f1 .LASF2483
     /tmp/cc7KEiL4.s:95258  .debug_str:000000000002b637 .LASF2484
     /tmp/cc7KEiL4.s:102114  .debug_str:0000000000047e53 .LASF2485
     /tmp/cc7KEiL4.s:86430  .debug_str:0000000000007336 .LASF2486
     /tmp/cc7KEiL4.s:99342  .debug_str:000000000003c449 .LASF2487
     /tmp/cc7KEiL4.s:95536  .debug_str:000000000002c96e .LASF2488
     /tmp/cc7KEiL4.s:84958  .debug_str:0000000000000c65 .LASF2489
     /tmp/cc7KEiL4.s:95518  .debug_str:000000000002c80f .LASF2490
     /tmp/cc7KEiL4.s:85556  .debug_str:000000000000364b .LASF2491
     /tmp/cc7KEiL4.s:88282  .debug_str:000000000000ec22 .LASF2492
     /tmp/cc7KEiL4.s:90264  .debug_str:0000000000016bd2 .LASF2493
     /tmp/cc7KEiL4.s:91324  .debug_str:000000000001b444 .LASF2494
     /tmp/cc7KEiL4.s:91862  .debug_str:000000000001d8e9 .LASF2495
     /tmp/cc7KEiL4.s:88696  .debug_str:0000000000010531 .LASF2496
     /tmp/cc7KEiL4.s:87510  .debug_str:000000000000bd19 .LASF2497
     /tmp/cc7KEiL4.s:93432  .debug_str:00000000000240c7 .LASF2498
     /tmp/cc7KEiL4.s:87408  .debug_str:000000000000b6d8 .LASF2499
     /tmp/cc7KEiL4.s:102452  .debug_str:0000000000049620 .LASF2500
     /tmp/cc7KEiL4.s:99444  .debug_str:000000000003cb51 .LASF2501
     /tmp/cc7KEiL4.s:101754  .debug_str:00000000000465e0 .LASF2502
     /tmp/cc7KEiL4.s:97468  .debug_str:0000000000034d7c .LASF2503
     /tmp/cc7KEiL4.s:84850  .debug_str:0000000000000564 .LASF2504
     /tmp/cc7KEiL4.s:90242  .debug_str:0000000000016a7a .LASF2505
     /tmp/cc7KEiL4.s:88544  .debug_str:000000000000fb42 .LASF2506
     /tmp/cc7KEiL4.s:85880  .debug_str:0000000000004d10 .LASF2507
     /tmp/cc7KEiL4.s:98722  .debug_str:0000000000039aa0 .LASF2508
     /tmp/cc7KEiL4.s:95816  .debug_str:000000000002dcd4 .LASF2509
     /tmp/cc7KEiL4.s:90458  .debug_str:00000000000178e1 .LASF2510
     /tmp/cc7KEiL4.s:87332  .debug_str:000000000000b0cd .LASF2511
     /tmp/cc7KEiL4.s:88372  .debug_str:000000000000f26c .LASF2512
     /tmp/cc7KEiL4.s:90388  .debug_str:000000000001742f .LASF2513
     /tmp/cc7KEiL4.s:88378  .debug_str:000000000000f2f4 .LASF2514
     /tmp/cc7KEiL4.s:85182  .debug_str:0000000000001bff .LASF2515
     /tmp/cc7KEiL4.s:98582  .debug_str:00000000000390a8 .LASF2516
     /tmp/cc7KEiL4.s:95088  .debug_str:000000000002ac44 .LASF2517
     /tmp/cc7KEiL4.s:90140  .debug_str:00000000000162ef .LASF2518
     /tmp/cc7KEiL4.s:86412  .debug_str:00000000000071d1 .LASF2519
     /tmp/cc7KEiL4.s:89154  .debug_str:0000000000012358 .LASF2520
     /tmp/cc7KEiL4.s:94228  .debug_str:00000000000274f7 .LASF2521
     /tmp/cc7KEiL4.s:93678  .debug_str:0000000000024f86 .LASF2522
     /tmp/cc7KEiL4.s:101056  .debug_str:00000000000435f5 .LASF2523
     /tmp/cc7KEiL4.s:94822  .debug_str:0000000000029a6a .LASF2524
     /tmp/cc7KEiL4.s:99296  .debug_str:000000000003c221 .LASF2525
     /tmp/cc7KEiL4.s:101392  .debug_str:0000000000044ccc .LASF2526
     /tmp/cc7KEiL4.s:100052  .debug_str:000000000003f48c .LASF2527
     /tmp/cc7KEiL4.s:98642  .debug_str:0000000000039495 .LASF2528
     /tmp/cc7KEiL4.s:100164  .debug_str:000000000003fbb6 .LASF2529
     /tmp/cc7KEiL4.s:100524  .debug_str:000000000004142d .LASF2530
     /tmp/cc7KEiL4.s:95634  .debug_str:000000000002cfef .LASF2531
     /tmp/cc7KEiL4.s:95388  .debug_str:000000000002bedf .LASF2532
     /tmp/cc7KEiL4.s:97122  .debug_str:00000000000335ec .LASF2533
     /tmp/cc7KEiL4.s:86824  .debug_str:0000000000008d8c .LASF2534
     /tmp/cc7KEiL4.s:102206  .debug_str:0000000000048475 .LASF2535
     /tmp/cc7KEiL4.s:86960  .debug_str:0000000000009768 .LASF2536
     /tmp/cc7KEiL4.s:90394  .debug_str:00000000000174b4 .LASF2537
     /tmp/cc7KEiL4.s:100964  .debug_str:000000000004308b .LASF2538
     /tmp/cc7KEiL4.s:92712  .debug_str:0000000000021411 .LASF2539
     /tmp/cc7KEiL4.s:96278  .debug_str:000000000002fbe1 .LASF2540
     /tmp/cc7KEiL4.s:85412  .debug_str:0000000000002c85 .LASF2541
     /tmp/cc7KEiL4.s:87166  .debug_str:000000000000a4de .LASF2542
     /tmp/cc7KEiL4.s:102516  .debug_str:0000000000049a43 .LASF2543
     /tmp/cc7KEiL4.s:93702  .debug_str:000000000002517d .LASF2544
     /tmp/cc7KEiL4.s:93040  .debug_str:0000000000022a89 .LASF2545
     /tmp/cc7KEiL4.s:89046  .debug_str:0000000000011c28 .LASF2546
     /tmp/cc7KEiL4.s:90120  .debug_str:000000000001613d .LASF2547
     /tmp/cc7KEiL4.s:102904  .debug_str:000000000004b6de .LASF2548
     /tmp/cc7KEiL4.s:92796  .debug_str:00000000000219ac .LASF2549
     /tmp/cc7KEiL4.s:90250  .debug_str:0000000000016ae2 .LASF2550
     /tmp/cc7KEiL4.s:92638  .debug_str:0000000000020e8e .LASF2551
     /tmp/cc7KEiL4.s:95206  .debug_str:000000000002b2d5 .LASF2552
     /tmp/cc7KEiL4.s:87434  .debug_str:000000000000b866 .LASF2553
     /tmp/cc7KEiL4.s:99156  .debug_str:000000000003b8a0 .LASF2554
     /tmp/cc7KEiL4.s:89374  .debug_str:0000000000013194 .LASF2555
     /tmp/cc7KEiL4.s:90406  .debug_str:0000000000017563 .LASF2556
     /tmp/cc7KEiL4.s:91256  .debug_str:000000000001af5f .LASF2557
     /tmp/cc7KEiL4.s:86066  .debug_str:0000000000005a60 .LASF2558
     /tmp/cc7KEiL4.s:95888  .debug_str:000000000002e21b .LASF2559
     /tmp/cc7KEiL4.s:96012  .debug_str:000000000002eaeb .LASF2560
     /tmp/cc7KEiL4.s:101500  .debug_str:00000000000453b9 .LASF2561
     /tmp/cc7KEiL4.s:96840  .debug_str:00000000000322ad .LASF2562
     /tmp/cc7KEiL4.s:88934  .debug_str:0000000000011466 .LASF2563
     /tmp/cc7KEiL4.s:90332  .debug_str:0000000000017002 .LASF2564
     /tmp/cc7KEiL4.s:84776  .debug_str:0000000000000021 .LASF2565
     /tmp/cc7KEiL4.s:86870  .debug_str:000000000000907f .LASF2566
     /tmp/cc7KEiL4.s:91776  .debug_str:000000000001d3e6 .LASF2567
     /tmp/cc7KEiL4.s:99192  .debug_str:000000000003bb05 .LASF2568
     /tmp/cc7KEiL4.s:89476  .debug_str:00000000000137fb .LASF2569
     /tmp/cc7KEiL4.s:86818  .debug_str:0000000000008cc7 .LASF2570
     /tmp/cc7KEiL4.s:99044  .debug_str:000000000003b05a .LASF2571
     /tmp/cc7KEiL4.s:96294  .debug_str:000000000002fcdf .LASF2572
     /tmp/cc7KEiL4.s:100972  .debug_str:0000000000043122 .LASF2573
     /tmp/cc7KEiL4.s:101600  .debug_str:0000000000045a9b .LASF2574
     /tmp/cc7KEiL4.s:85954  .debug_str:00000000000051f0 .LASF2575
     /tmp/cc7KEiL4.s:93740  .debug_str:0000000000025400 .LASF2576
     /tmp/cc7KEiL4.s:96162  .debug_str:000000000002f3e7 .LASF2577
     /tmp/cc7KEiL4.s:85296  .debug_str:00000000000023f6 .LASF2578
     /tmp/cc7KEiL4.s:87184  .debug_str:000000000000a5d5 .LASF2579
     /tmp/cc7KEiL4.s:98654  .debug_str:00000000000395a1 .LASF2580
     /tmp/cc7KEiL4.s:87898  .debug_str:000000000000d648 .LASF2581
     /tmp/cc7KEiL4.s:90384  .debug_str:00000000000173e6 .LASF2582
     /tmp/cc7KEiL4.s:97874  .debug_str:00000000000365f5 .LASF2583
     /tmp/cc7KEiL4.s:92120  .debug_str:000000000001ebd1 .LASF2584
     /tmp/cc7KEiL4.s:89236  .debug_str:0000000000012964 .LASF2585
     /tmp/cc7KEiL4.s:92114  .debug_str:000000000001eb70 .LASF2586
     /tmp/cc7KEiL4.s:99082  .debug_str:000000000003b2f8 .LASF2587
     /tmp/cc7KEiL4.s:91106  .debug_str:000000000001a466 .LASF2588
     /tmp/cc7KEiL4.s:88358  .debug_str:000000000000f11f .LASF2589
     /tmp/cc7KEiL4.s:95352  .debug_str:000000000002bca1 .LASF2590
     /tmp/cc7KEiL4.s:99138  .debug_str:000000000003b71b .LASF2591
     /tmp/cc7KEiL4.s:86162  .debug_str:0000000000006097 .LASF2592
     /tmp/cc7KEiL4.s:92776  .debug_str:0000000000021838 .LASF2593
     /tmp/cc7KEiL4.s:97102  .debug_str:00000000000334b9 .LASF2594
     /tmp/cc7KEiL4.s:101938  .debug_str:00000000000471ec .LASF2595
     /tmp/cc7KEiL4.s:102968  .debug_str:000000000004baf0 .LASF2596
     /tmp/cc7KEiL4.s:87152  .debug_str:000000000000a3ac .LASF2597
     /tmp/cc7KEiL4.s:102240  .debug_str:00000000000486d5 .LASF2598
     /tmp/cc7KEiL4.s:93652  .debug_str:0000000000024e11 .LASF2599
     /tmp/cc7KEiL4.s:89508  .debug_str:00000000000139ff .LASF2600
     /tmp/cc7KEiL4.s:91000  .debug_str:0000000000019dc8 .LASF2601
     /tmp/cc7KEiL4.s:86680  .debug_str:0000000000008367 .LASF2602
     /tmp/cc7KEiL4.s:95682  .debug_str:000000000002d3b9 .LASF2603
     /tmp/cc7KEiL4.s:96926  .debug_str:00000000000328fe .LASF2604
     /tmp/cc7KEiL4.s:102266  .debug_str:00000000000488ad .LASF2605
     /tmp/cc7KEiL4.s:92368  .debug_str:000000000001fcf6 .LASF2606
     /tmp/cc7KEiL4.s:92842  .debug_str:0000000000021cff .LASF2607
     /tmp/cc7KEiL4.s:87606  .debug_str:000000000000c3a4 .LASF2608
     /tmp/cc7KEiL4.s:98926  .debug_str:000000000003a8bd .LASF2609
     /tmp/cc7KEiL4.s:99994  .debug_str:000000000003f05a .LASF2610
     /tmp/cc7KEiL4.s:100632  .debug_str:0000000000041bb3 .LASF2611
     /tmp/cc7KEiL4.s:95378  .debug_str:000000000002be2f .LASF2612
     /tmp/cc7KEiL4.s:91340  .debug_str:000000000001b5d7 .LASF2613
     /tmp/cc7KEiL4.s:93226  .debug_str:00000000000235a5 .LASF2614
     /tmp/cc7KEiL4.s:100352  .debug_str:0000000000040926 .LASF2615
     /tmp/cc7KEiL4.s:86046  .debug_str:0000000000005906 .LASF2616
     /tmp/cc7KEiL4.s:90892  .debug_str:0000000000019543 .LASF2617
     /tmp/cc7KEiL4.s:91080  .debug_str:000000000001a31d .LASF2618
     /tmp/cc7KEiL4.s:90720  .debug_str:0000000000018989 .LASF2619
     /tmp/cc7KEiL4.s:97072  .debug_str:000000000003328f .LASF2620
     /tmp/cc7KEiL4.s:89108  .debug_str:000000000001202a .LASF2621
     /tmp/cc7KEiL4.s:94518  .debug_str:000000000002876d .LASF2622
     /tmp/cc7KEiL4.s:95944  .debug_str:000000000002e5ed .LASF2623
     /tmp/cc7KEiL4.s:86322  .debug_str:0000000000006c54 .LASF2624
     /tmp/cc7KEiL4.s:91096  .debug_str:000000000001a3bf .LASF2625
     /tmp/cc7KEiL4.s:100320  .debug_str:000000000004068a .LASF2626
     /tmp/cc7KEiL4.s:89172  .debug_str:0000000000012475 .LASF2627
     /tmp/cc7KEiL4.s:85794  .debug_str:000000000000475e .LASF2628
     /tmp/cc7KEiL4.s:93696  .debug_str:0000000000025108 .LASF2629
     /tmp/cc7KEiL4.s:94946  .debug_str:000000000002a2b5 .LASF2630
     /tmp/cc7KEiL4.s:86190  .debug_str:0000000000006266 .LASF2631
     /tmp/cc7KEiL4.s:98908  .debug_str:000000000003a76a .LASF2632
     /tmp/cc7KEiL4.s:97162  .debug_str:000000000003392f .LASF2633
     /tmp/cc7KEiL4.s:100092  .debug_str:000000000003f77c .LASF2634
     /tmp/cc7KEiL4.s:98592  .debug_str:0000000000039151 .LASF2635
     /tmp/cc7KEiL4.s:91454  .debug_str:000000000001bce1 .LASF2636
     /tmp/cc7KEiL4.s:90160  .debug_str:0000000000016402 .LASF2637
     /tmp/cc7KEiL4.s:101296  .debug_str:00000000000445d1 .LASF2638
     /tmp/cc7KEiL4.s:100240  .debug_str:00000000000400d4 .LASF2639
     /tmp/cc7KEiL4.s:92704  .debug_str:000000000002136a .LASF2640
     /tmp/cc7KEiL4.s:85204  .debug_str:0000000000001d59 .LASF2641
     /tmp/cc7KEiL4.s:98536  .debug_str:0000000000038dc6 .LASF2642
     /tmp/cc7KEiL4.s:97100  .debug_str:0000000000033481 .LASF2643
     /tmp/cc7KEiL4.s:89426  .debug_str:00000000000134d3 .LASF2644
     /tmp/cc7KEiL4.s:87030  .debug_str:0000000000009bc9 .LASF2645
     /tmp/cc7KEiL4.s:99248  .debug_str:000000000003beb6 .LASF2646
     /tmp/cc7KEiL4.s:97208  .debug_str:0000000000033c1e .LASF2647
     /tmp/cc7KEiL4.s:85684  .debug_str:0000000000003f86 .LASF2648
     /tmp/cc7KEiL4.s:96210  .debug_str:000000000002f799 .LASF2649
     /tmp/cc7KEiL4.s:98532  .debug_str:0000000000038d4d .LASF2650
     /tmp/cc7KEiL4.s:89806  .debug_str:0000000000014d18 .LASF2651
     /tmp/cc7KEiL4.s:102612  .debug_str:000000000004a1d7 .LASF2652
     /tmp/cc7KEiL4.s:91168  .debug_str:000000000001a939 .LASF2653
     /tmp/cc7KEiL4.s:102404  .debug_str:000000000004923b .LASF2654
     /tmp/cc7KEiL4.s:102802  .debug_str:000000000004b03e .LASF2655
     /tmp/cc7KEiL4.s:95066  .debug_str:000000000002aab7 .LASF2656
     /tmp/cc7KEiL4.s:88524  .debug_str:000000000000fab3 .LASF2657
     /tmp/cc7KEiL4.s:97644  .debug_str:0000000000035863 .LASF2658
     /tmp/cc7KEiL4.s:89688  .debug_str:0000000000014562 .LASF2659
     /tmp/cc7KEiL4.s:97074  .debug_str:00000000000332c9 .LASF2660
     /tmp/cc7KEiL4.s:99382  .debug_str:000000000003c723 .LASF2661
     /tmp/cc7KEiL4.s:91664  .debug_str:000000000001cba1 .LASF2662
     /tmp/cc7KEiL4.s:100392  .debug_str:0000000000040bbf .LASF2663
     /tmp/cc7KEiL4.s:91200  .debug_str:000000000001ab84 .LASF2664
     /tmp/cc7KEiL4.s:101838  .debug_str:0000000000046b6c .LASF2665
     /tmp/cc7KEiL4.s:101084  .debug_str:0000000000043751 .LASF2666
     /tmp/cc7KEiL4.s:97358  .debug_str:000000000003461e .LASF2667
     /tmp/cc7KEiL4.s:85026  .debug_str:0000000000001137 .LASF2668
     /tmp/cc7KEiL4.s:92650  .debug_str:0000000000020f91 .LASF2669
     /tmp/cc7KEiL4.s:98406  .debug_str:00000000000384d4 .LASF2670
     /tmp/cc7KEiL4.s:87348  .debug_str:000000000000b213 .LASF2671
     /tmp/cc7KEiL4.s:85654  .debug_str:0000000000003d41 .LASF2672
     /tmp/cc7KEiL4.s:101150  .debug_str:0000000000043c72 .LASF2673
     /tmp/cc7KEiL4.s:100256  .debug_str:00000000000401dd .LASF2674
     /tmp/cc7KEiL4.s:96664  .debug_str:000000000003174b .LASF2675
     /tmp/cc7KEiL4.s:85232  .debug_str:0000000000001f54 .LASF2676
     /tmp/cc7KEiL4.s:92080  .debug_str:000000000001e90e .LASF2677
     /tmp/cc7KEiL4.s:94430  .debug_str:000000000002816c .LASF2678
     /tmp/cc7KEiL4.s:88410  .debug_str:000000000000f44b .LASF2679
     /tmp/cc7KEiL4.s:94234  .debug_str:0000000000027553 .LASF2680
     /tmp/cc7KEiL4.s:86466  .debug_str:0000000000007591 .LASF2681
     /tmp/cc7KEiL4.s:99546  .debug_str:000000000003d1df .LASF2682
     /tmp/cc7KEiL4.s:97790  .debug_str:00000000000360f2 .LASF2683
     /tmp/cc7KEiL4.s:99898  .debug_str:000000000003ea20 .LASF2684
     /tmp/cc7KEiL4.s:98728  .debug_str:0000000000039b4e .LASF2685
     /tmp/cc7KEiL4.s:86290  .debug_str:00000000000069bc .LASF2686
     /tmp/cc7KEiL4.s:94388  .debug_str:0000000000027e8d .LASF2687
     /tmp/cc7KEiL4.s:91326  .debug_str:000000000001b48c .LASF2688
     /tmp/cc7KEiL4.s:101148  .debug_str:0000000000043c38 .LASF2689
     /tmp/cc7KEiL4.s:95346  .debug_str:000000000002bc41 .LASF2690
     /tmp/cc7KEiL4.s:97734  .debug_str:0000000000035e1f .LASF2691
     /tmp/cc7KEiL4.s:101448  .debug_str:000000000004506d .LASF2692
     /tmp/cc7KEiL4.s:97558  .debug_str:0000000000035349 .LASF2693
     /tmp/cc7KEiL4.s:85226  .debug_str:0000000000001ee4 .LASF2694
     /tmp/cc7KEiL4.s:101012  .debug_str:0000000000043352 .LASF2695
     /tmp/cc7KEiL4.s:95064  .debug_str:000000000002aa7c .LASF2696
     /tmp/cc7KEiL4.s:92154  .debug_str:000000000001ee32 .LASF2697
     /tmp/cc7KEiL4.s:86608  .debug_str:0000000000007e39 .LASF2698
     /tmp/cc7KEiL4.s:100184  .debug_str:000000000003fcab .LASF2699
     /tmp/cc7KEiL4.s:95820  .debug_str:000000000002dd46 .LASF2700
     /tmp/cc7KEiL4.s:91798  .debug_str:000000000001d4f6 .LASF2701
     /tmp/cc7KEiL4.s:90272  .debug_str:0000000000016ca6 .LASF2702
     /tmp/cc7KEiL4.s:89456  .debug_str:00000000000136a7 .LASF2703
     /tmp/cc7KEiL4.s:90568  .debug_str:0000000000017f3b .LASF2704
     /tmp/cc7KEiL4.s:86678  .debug_str:0000000000008327 .LASF2705
     /tmp/cc7KEiL4.s:101736  .debug_str:00000000000464ac .LASF2706
     /tmp/cc7KEiL4.s:90702  .debug_str:0000000000018853 .LASF2707
     /tmp/cc7KEiL4.s:102204  .debug_str:000000000004843d .LASF2708
     /tmp/cc7KEiL4.s:100564  .debug_str:00000000000416c9 .LASF2709
     /tmp/cc7KEiL4.s:101238  .debug_str:0000000000044207 .LASF2710
     /tmp/cc7KEiL4.s:89876  .debug_str:000000000001518e .LASF2711
     /tmp/cc7KEiL4.s:88668  .debug_str:00000000000102da .LASF2712
     /tmp/cc7KEiL4.s:87636  .debug_str:000000000000c5e1 .LASF2713
     /tmp/cc7KEiL4.s:96188  .debug_str:000000000002f626 .LASF2714
     /tmp/cc7KEiL4.s:93642  .debug_str:0000000000024d45 .LASF2715
     /tmp/cc7KEiL4.s:93958  .debug_str:000000000002625b .LASF2716
     /tmp/cc7KEiL4.s:102906  .debug_str:000000000004b71a .LASF2717
     /tmp/cc7KEiL4.s:96074  .debug_str:000000000002eef0 .LASF2718
     /tmp/cc7KEiL4.s:93492  .debug_str:000000000002430c .LASF2719
     /tmp/cc7KEiL4.s:95756  .debug_str:000000000002d8af .LASF2720
     /tmp/cc7KEiL4.s:100494  .debug_str:0000000000041260 .LASF2721
     /tmp/cc7KEiL4.s:90974  .debug_str:0000000000019be1 .LASF2722
     /tmp/cc7KEiL4.s:92558  .debug_str:0000000000020994 .LASF2723
     /tmp/cc7KEiL4.s:101248  .debug_str:00000000000442a0 .LASF2724
     /tmp/cc7KEiL4.s:95694  .debug_str:000000000002d4be .LASF2725
     /tmp/cc7KEiL4.s:103008  .debug_str:000000000004bdae .LASF2726
     /tmp/cc7KEiL4.s:103144  .debug_str:000000000004c75b .LASF2727
     /tmp/cc7KEiL4.s:93494  .debug_str:000000000002434a .LASF2728
     /tmp/cc7KEiL4.s:89706  .debug_str:0000000000014666 .LASF2729
     /tmp/cc7KEiL4.s:91280  .debug_str:000000000001b14b .LASF2730
     /tmp/cc7KEiL4.s:102880  .debug_str:000000000004b509 .LASF2731
     /tmp/cc7KEiL4.s:99968  .debug_str:000000000003ee6c .LASF2732
     /tmp/cc7KEiL4.s:89188  .debug_str:0000000000012574 .LASF2733
     /tmp/cc7KEiL4.s:88694  .debug_str:00000000000104f8 .LASF2734
     /tmp/cc7KEiL4.s:98272  .debug_str:0000000000037b28 .LASF2735
     /tmp/cc7KEiL4.s:102428  .debug_str:0000000000049423 .LASF2736
     /tmp/cc7KEiL4.s:96684  .debug_str:00000000000318a3 .LASF2737
     /tmp/cc7KEiL4.s:97992  .debug_str:0000000000036c4c .LASF2738
     /tmp/cc7KEiL4.s:97778  .debug_str:0000000000036024 .LASF2739
     /tmp/cc7KEiL4.s:85254  .debug_str:000000000000211c .LASF2740
     /tmp/cc7KEiL4.s:101118  .debug_str:0000000000043a1b .LASF2741
     /tmp/cc7KEiL4.s:94452  .debug_str:0000000000028305 .LASF2742
     /tmp/cc7KEiL4.s:91710  .debug_str:000000000001cf23 .LASF2743
     /tmp/cc7KEiL4.s:99772  .debug_str:000000000003e0d6 .LASF2744
     /tmp/cc7KEiL4.s:95236  .debug_str:000000000002b4d1 .LASF2745
     /tmp/cc7KEiL4.s:84966  .debug_str:0000000000000d02 .LASF2746
     /tmp/cc7KEiL4.s:99942  .debug_str:000000000003ed02 .LASF2747
     /tmp/cc7KEiL4.s:88368  .debug_str:000000000000f1ed .LASF2748
     /tmp/cc7KEiL4.s:86058  .debug_str:00000000000059e0 .LASF2749
     /tmp/cc7KEiL4.s:88784  .debug_str:0000000000010ac6 .LASF2750
     /tmp/cc7KEiL4.s:87248  .debug_str:000000000000aa81 .LASF2751
     /tmp/cc7KEiL4.s:101696  .debug_str:00000000000461a1 .LASF2752
     /tmp/cc7KEiL4.s:98162  .debug_str:0000000000037536 .LASF2753
     /tmp/cc7KEiL4.s:85978  .debug_str:00000000000053de .LASF2754
     /tmp/cc7KEiL4.s:95526  .debug_str:000000000002c8ac .LASF2755
     /tmp/cc7KEiL4.s:98606  .debug_str:0000000000039233 .LASF2756
     /tmp/cc7KEiL4.s:96768  .debug_str:0000000000031e13 .LASF2757
     /tmp/cc7KEiL4.s:102178  .debug_str:000000000004828a .LASF2758
     /tmp/cc7KEiL4.s:101588  .debug_str:00000000000459c2 .LASF2759
     /tmp/cc7KEiL4.s:93270  .debug_str:000000000002387f .LASF2760
     /tmp/cc7KEiL4.s:93174  .debug_str:00000000000232f7 .LASF2761
     /tmp/cc7KEiL4.s:85048  .debug_str:000000000000129f .LASF2762
     /tmp/cc7KEiL4.s:95410  .debug_str:000000000002c0a5 .LASF2763
     /tmp/cc7KEiL4.s:102558  .debug_str:0000000000049d15 .LASF2764
     /tmp/cc7KEiL4.s:86914  .debug_str:00000000000093bd .LASF2765
     /tmp/cc7KEiL4.s:99578  .debug_str:000000000003d3d1 .LASF2766
     /tmp/cc7KEiL4.s:94726  .debug_str:00000000000293bb .LASF2767
     /tmp/cc7KEiL4.s:94086  .debug_str:0000000000026abe .LASF2768
     /tmp/cc7KEiL4.s:88884  .debug_str:00000000000110d5 .LASF2769
     /tmp/cc7KEiL4.s:102072  .debug_str:0000000000047b16 .LASF2770
     /tmp/cc7KEiL4.s:98706  .debug_str:0000000000039981 .LASF2771
     /tmp/cc7KEiL4.s:99894  .debug_str:000000000003e9d8 .LASF2772
     /tmp/cc7KEiL4.s:88002  .debug_str:000000000000dd3b .LASF2773
     /tmp/cc7KEiL4.s:91182  .debug_str:000000000001aa04 .LASF2774
     /tmp/cc7KEiL4.s:101136  .debug_str:0000000000043b46 .LASF2775
     /tmp/cc7KEiL4.s:84872  .debug_str:00000000000006ca .LASF2776
     /tmp/cc7KEiL4.s:97138  .debug_str:000000000003377f .LASF2777
     /tmp/cc7KEiL4.s:92390  .debug_str:000000000001feb1 .LASF2778
     /tmp/cc7KEiL4.s:94302  .debug_str:00000000000278ef .LASF2779
     /tmp/cc7KEiL4.s:92642  .debug_str:0000000000020ee6 .LASF2780
     /tmp/cc7KEiL4.s:98104  .debug_str:0000000000037144 .LASF2781
     /tmp/cc7KEiL4.s:85552  .debug_str:00000000000035d0 .LASF2782
     /tmp/cc7KEiL4.s:99384  .debug_str:000000000003c763 .LASF2783
     /tmp/cc7KEiL4.s:93200  .debug_str:00000000000233cb .LASF2784
     /tmp/cc7KEiL4.s:90792  .debug_str:0000000000018e61 .LASF2785
     /tmp/cc7KEiL4.s:100040  .debug_str:000000000003f38f .LASF2786
     /tmp/cc7KEiL4.s:93380  .debug_str:0000000000023d57 .LASF2787
     /tmp/cc7KEiL4.s:92336  .debug_str:000000000001face .LASF2788
     /tmp/cc7KEiL4.s:103132  .debug_str:000000000004c655 .LASF2789
     /tmp/cc7KEiL4.s:84842  .debug_str:00000000000004bb .LASF2790
     /tmp/cc7KEiL4.s:99092  .debug_str:000000000003b3b5 .LASF2791
     /tmp/cc7KEiL4.s:94110  .debug_str:0000000000026cbf .LASF2792
     /tmp/cc7KEiL4.s:99098  .debug_str:000000000003b461 .LASF2793
     /tmp/cc7KEiL4.s:99258  .debug_str:000000000003bf6c .LASF2794
     /tmp/cc7KEiL4.s:99202  .debug_str:000000000003bba5 .LASF2795
     /tmp/cc7KEiL4.s:101652  .debug_str:0000000000045e8a .LASF2796
     /tmp/cc7KEiL4.s:90018  .debug_str:0000000000015aa0 .LASF2797
     /tmp/cc7KEiL4.s:92234  .debug_str:000000000001f451 .LASF2798
     /tmp/cc7KEiL4.s:85328  .debug_str:0000000000002673 .LASF2799
     /tmp/cc7KEiL4.s:101224  .debug_str:00000000000440e0 .LASF2800
     /tmp/cc7KEiL4.s:96082  .debug_str:000000000002ef69 .LASF2801
     /tmp/cc7KEiL4.s:96086  .debug_str:000000000002efbc .LASF2802
     /tmp/cc7KEiL4.s:92984  .debug_str:0000000000022640 .LASF2803
     /tmp/cc7KEiL4.s:99902  .debug_str:000000000003ea7d .LASF2804
     /tmp/cc7KEiL4.s:86238  .debug_str:00000000000065e7 .LASF2805
     /tmp/cc7KEiL4.s:89684  .debug_str:00000000000144f2 .LASF2806
     /tmp/cc7KEiL4.s:86702  .debug_str:00000000000084e1 .LASF2807
     /tmp/cc7KEiL4.s:95220  .debug_str:000000000002b3a9 .LASF2808
     /tmp/cc7KEiL4.s:100924  .debug_str:0000000000042dc8 .LASF2809
     /tmp/cc7KEiL4.s:99714  .debug_str:000000000003dc70 .LASF2810
     /tmp/cc7KEiL4.s:84890  .debug_str:0000000000000800 .LASF2811
     /tmp/cc7KEiL4.s:96368  .debug_str:000000000003022e .LASF2812
     /tmp/cc7KEiL4.s:86706  .debug_str:000000000000852a .LASF2813
     /tmp/cc7KEiL4.s:94944  .debug_str:000000000002a26c .LASF2814
     /tmp/cc7KEiL4.s:95930  .debug_str:000000000002e4ed .LASF2815
     /tmp/cc7KEiL4.s:99370  .debug_str:000000000003c644 .LASF2816
     /tmp/cc7KEiL4.s:97742  .debug_str:0000000000035ee4 .LASF2817
     /tmp/cc7KEiL4.s:85482  .debug_str:00000000000031c3 .LASF2818
     /tmp/cc7KEiL4.s:99174  .debug_str:000000000003b9e2 .LASF2819
     /tmp/cc7KEiL4.s:98188  .debug_str:0000000000037609 .LASF2820
     /tmp/cc7KEiL4.s:91162  .debug_str:000000000001a8a6 .LASF2821
     /tmp/cc7KEiL4.s:89756  .debug_str:000000000001496c .LASF2822
     /tmp/cc7KEiL4.s:97434  .debug_str:0000000000034ad6 .LASF2823
     /tmp/cc7KEiL4.s:100432  .debug_str:0000000000040ea2 .LASF2824
     /tmp/cc7KEiL4.s:99260  .debug_str:000000000003bfad .LASF2825
     /tmp/cc7KEiL4.s:92050  .debug_str:000000000001e65f .LASF2826
     /tmp/cc7KEiL4.s:100808  .debug_str:0000000000042686 .LASF2827
     /tmp/cc7KEiL4.s:102092  .debug_str:0000000000047c89 .LASF2828
     /tmp/cc7KEiL4.s:92194  .debug_str:000000000001f20b .LASF2829
     /tmp/cc7KEiL4.s:90282  .debug_str:0000000000016d72 .LASF2830
     /tmp/cc7KEiL4.s:101980  .debug_str:0000000000047455 .LASF2831
     /tmp/cc7KEiL4.s:86136  .debug_str:0000000000005efc .LASF2832
     /tmp/cc7KEiL4.s:91350  .debug_str:000000000001b67e .LASF2833
     /tmp/cc7KEiL4.s:100548  .debug_str:0000000000041615 .LASF2834
     /tmp/cc7KEiL4.s:94574  .debug_str:0000000000028a43 .LASF2835
     /tmp/cc7KEiL4.s:89308  .debug_str:0000000000012d6e .LASF2836
     /tmp/cc7KEiL4.s:94638  .debug_str:0000000000028e78 .LASF2837
     /tmp/cc7KEiL4.s:101290  .debug_str:0000000000044562 .LASF2838
     /tmp/cc7KEiL4.s:100276  .debug_str:0000000000040386 .LASF2839
     /tmp/cc7KEiL4.s:88964  .debug_str:0000000000011695 .LASF2840
     /tmp/cc7KEiL4.s:100538  .debug_str:0000000000041576 .LASF2841
     /tmp/cc7KEiL4.s:88974  .debug_str:0000000000011746 .LASF2842
     /tmp/cc7KEiL4.s:89072  .debug_str:0000000000011d91 .LASF2843
     /tmp/cc7KEiL4.s:92472  .debug_str:00000000000204de .LASF2844
     /tmp/cc7KEiL4.s:100126  .debug_str:000000000003f9dc .LASF2845
     /tmp/cc7KEiL4.s:85980  .debug_str:000000000000541e .LASF2846
     /tmp/cc7KEiL4.s:86028  .debug_str:00000000000057e0 .LASF2847
     /tmp/cc7KEiL4.s:96638  .debug_str:000000000003156f .LASF2848
     /tmp/cc7KEiL4.s:87584  .debug_str:000000000000c204 .LASF2849
     /tmp/cc7KEiL4.s:94398  .debug_str:0000000000027f53 .LASF2850
     /tmp/cc7KEiL4.s:98842  .debug_str:000000000003a2f4 .LASF2851
     /tmp/cc7KEiL4.s:92152  .debug_str:000000000001edf6 .LASF2852
     /tmp/cc7KEiL4.s:85314  .debug_str:0000000000002554 .LASF2853
     /tmp/cc7KEiL4.s:86614  .debug_str:0000000000007eaf .LASF2854
     /tmp/cc7KEiL4.s:96198  .debug_str:000000000002f6d4 .LASF2855
     /tmp/cc7KEiL4.s:100426  .debug_str:0000000000040e22 .LASF2856
     /tmp/cc7KEiL4.s:86670  .debug_str:0000000000008288 .LASF2857
     /tmp/cc7KEiL4.s:98542  .debug_str:0000000000038e5d .LASF2858
     /tmp/cc7KEiL4.s:95786  .debug_str:000000000002da6c .LASF2859
     /tmp/cc7KEiL4.s:91334  .debug_str:000000000001b557 .LASF2860
     /tmp/cc7KEiL4.s:86270  .debug_str:000000000000680c .LASF2861
     /tmp/cc7KEiL4.s:99112  .debug_str:000000000003b5a1 .LASF2862
     /tmp/cc7KEiL4.s:86070  .debug_str:0000000000005ab3 .LASF2863
     /tmp/cc7KEiL4.s:91772  .debug_str:000000000001d37d .LASF2864
     /tmp/cc7KEiL4.s:92906  .debug_str:00000000000221aa .LASF2865
     /tmp/cc7KEiL4.s:88728  .debug_str:00000000000106e1 .LASF2866
     /tmp/cc7KEiL4.s:95296  .debug_str:000000000002b8fa .LASF2867
     /tmp/cc7KEiL4.s:99238  .debug_str:000000000003bdfd .LASF2868
     /tmp/cc7KEiL4.s:90362  .debug_str:000000000001721a .LASF2869
     /tmp/cc7KEiL4.s:94990  .debug_str:000000000002a5bc .LASF2870
     /tmp/cc7KEiL4.s:96428  .debug_str:00000000000306b4 .LASF2871
     /tmp/cc7KEiL4.s:92790  .debug_str:000000000002192b .LASF2872
     /tmp/cc7KEiL4.s:85156  .debug_str:0000000000001a14 .LASF2873
     /tmp/cc7KEiL4.s:88602  .debug_str:000000000000ff20 .LASF2874
     /tmp/cc7KEiL4.s:92180  .debug_str:000000000001f0ba .LASF2875
     /tmp/cc7KEiL4.s:87418  .debug_str:000000000000b767 .LASF2876
     /tmp/cc7KEiL4.s:100234  .debug_str:0000000000040066 .LASF2877
     /tmp/cc7KEiL4.s:86622  .debug_str:0000000000007f48 .LASF2878
     /tmp/cc7KEiL4.s:87556  .debug_str:000000000000c02d .LASF2879
     /tmp/cc7KEiL4.s:91198  .debug_str:000000000001ab3e .LASF2880
     /tmp/cc7KEiL4.s:87006  .debug_str:00000000000099fe .LASF2881
     /tmp/cc7KEiL4.s:99234  .debug_str:000000000003bd9f .LASF2882
     /tmp/cc7KEiL4.s:89502  .debug_str:0000000000013976 .LASF2883
     /tmp/cc7KEiL4.s:88870  .debug_str:0000000000010fd2 .LASF2884
     /tmp/cc7KEiL4.s:93938  .debug_str:000000000002610f .LASF2885
     /tmp/cc7KEiL4.s:86602  .debug_str:0000000000007db6 .LASF2886
     /tmp/cc7KEiL4.s:85568  .debug_str:0000000000003740 .LASF2887
     /tmp/cc7KEiL4.s:97028  .debug_str:0000000000032f99 .LASF2888
     /tmp/cc7KEiL4.s:95704  .debug_str:000000000002d57e .LASF2889
     /tmp/cc7KEiL4.s:102728  .debug_str:000000000004aaae .LASF2890
     /tmp/cc7KEiL4.s:103086  .debug_str:000000000004c334 .LASF2891
     /tmp/cc7KEiL4.s:91036  .debug_str:0000000000019ff8 .LASF2892
     /tmp/cc7KEiL4.s:86278  .debug_str:00000000000068c8 .LASF2893
     /tmp/cc7KEiL4.s:100096  .debug_str:000000000003f7d5 .LASF2894
     /tmp/cc7KEiL4.s:86786  .debug_str:0000000000008ae3 .LASF2895
     /tmp/cc7KEiL4.s:102622  .debug_str:000000000004a2ca .LASF2896
     /tmp/cc7KEiL4.s:87210  .debug_str:000000000000a7c6 .LASF2897
     /tmp/cc7KEiL4.s:98992  .debug_str:000000000003acd0 .LASF2898
     /tmp/cc7KEiL4.s:94180  .debug_str:000000000002714b .LASF2899
     /tmp/cc7KEiL4.s:89198  .debug_str:000000000001266c .LASF2900
     /tmp/cc7KEiL4.s:100050  .debug_str:000000000003f453 .LASF2901
     /tmp/cc7KEiL4.s:98538  .debug_str:0000000000038e06 .LASF2902
     /tmp/cc7KEiL4.s:93688  .debug_str:000000000002506b .LASF2903
     /tmp/cc7KEiL4.s:97056  .debug_str:0000000000033152 .LASF2904
     /tmp/cc7KEiL4.s:101004  .debug_str:00000000000432d5 .LASF2905
     /tmp/cc7KEiL4.s:98752  .debug_str:0000000000039d01 .LASF2906
     /tmp/cc7KEiL4.s:86298  .debug_str:0000000000006a6c .LASF2907
     /tmp/cc7KEiL4.s:101518  .debug_str:00000000000454f9 .LASF2908
     /tmp/cc7KEiL4.s:98802  .debug_str:000000000003a0a2 .LASF2909
     /tmp/cc7KEiL4.s:90198  .debug_str:00000000000166e7 .LASF2910
     /tmp/cc7KEiL4.s:91734  .debug_str:000000000001d0b6 .LASF2911
     /tmp/cc7KEiL4.s:87080  .debug_str:0000000000009ea4 .LASF2912
     /tmp/cc7KEiL4.s:89504  .debug_str:00000000000139b4 .LASF2913
     /tmp/cc7KEiL4.s:89762  .debug_str:00000000000149fb .LASF2914
     /tmp/cc7KEiL4.s:87678  .debug_str:000000000000c87f .LASF2915
     /tmp/cc7KEiL4.s:99788  .debug_str:000000000003e1ce .LASF2916
     /tmp/cc7KEiL4.s:102568  .debug_str:0000000000049e04 .LASF2917
     /tmp/cc7KEiL4.s:94744  .debug_str:000000000002958c .LASF2918
     /tmp/cc7KEiL4.s:102068  .debug_str:0000000000047ac8 .LASF2919
     /tmp/cc7KEiL4.s:85242  .debug_str:0000000000002044 .LASF2920
     /tmp/cc7KEiL4.s:88914  .debug_str:00000000000112e4 .LASF2921
     /tmp/cc7KEiL4.s:96378  .debug_str:000000000003034b .LASF2922
     /tmp/cc7KEiL4.s:101830  .debug_str:0000000000046acd .LASF2923
     /tmp/cc7KEiL4.s:94072  .debug_str:00000000000269c3 .LASF2924
     /tmp/cc7KEiL4.s:99840  .debug_str:000000000003e571 .LASF2925
     /tmp/cc7KEiL4.s:96642  .debug_str:00000000000315ba .LASF2926
     /tmp/cc7KEiL4.s:85822  .debug_str:000000000000491e .LASF2927
     /tmp/cc7KEiL4.s:88676  .debug_str:0000000000010386 .LASF2928
     /tmp/cc7KEiL4.s:92038  .debug_str:000000000001e58d .LASF2929
     /tmp/cc7KEiL4.s:90838  .debug_str:00000000000191c3 .LASF2930
     /tmp/cc7KEiL4.s:95282  .debug_str:000000000002b7d1 .LASF2931
     /tmp/cc7KEiL4.s:95486  .debug_str:000000000002c5c8 .LASF2932
     /tmp/cc7KEiL4.s:98350  .debug_str:00000000000380f3 .LASF2933
     /tmp/cc7KEiL4.s:98274  .debug_str:0000000000037b69 .LASF2934
     /tmp/cc7KEiL4.s:87134  .debug_str:000000000000a2b5 .LASF2935
     /tmp/cc7KEiL4.s:92470  .debug_str:0000000000020492 .LASF2936
     /tmp/cc7KEiL4.s:97574  .debug_str:0000000000035490 .LASF2937
     /tmp/cc7KEiL4.s:95674  .debug_str:000000000002d306 .LASF2938
     /tmp/cc7KEiL4.s:98866  .debug_str:000000000003a47f .LASF2939
     /tmp/cc7KEiL4.s:102466  .debug_str:000000000004971d .LASF2940
     /tmp/cc7KEiL4.s:99492  .debug_str:000000000003ce9d .LASF2941
     /tmp/cc7KEiL4.s:101814  .debug_str:0000000000046999 .LASF2942
     /tmp/cc7KEiL4.s:90912  .debug_str:0000000000019736 .LASF2943
     /tmp/cc7KEiL4.s:91882  .debug_str:000000000001da73 .LASF2944
     /tmp/cc7KEiL4.s:100796  .debug_str:000000000004259f .LASF2945
     /tmp/cc7KEiL4.s:87814  .debug_str:000000000000d163 .LASF2946
     /tmp/cc7KEiL4.s:98760  .debug_str:0000000000039da2 .LASF2947
     /tmp/cc7KEiL4.s:98054  .debug_str:0000000000036f2f .LASF2948
     /tmp/cc7KEiL4.s:90100  .debug_str:000000000001602d .LASF2949
     /tmp/cc7KEiL4.s:89622  .debug_str:00000000000140d1 .LASF2950
     /tmp/cc7KEiL4.s:96528  .debug_str:0000000000030d9c .LASF2951
     /tmp/cc7KEiL4.s:99688  .debug_str:000000000003da67 .LASF2952
     /tmp/cc7KEiL4.s:91358  .debug_str:000000000001b70b .LASF2953
     /tmp/cc7KEiL4.s:98764  .debug_str:0000000000039dee .LASF2954
     /tmp/cc7KEiL4.s:99110  .debug_str:000000000003b55e .LASF2955
     /tmp/cc7KEiL4.s:91268  .debug_str:000000000001b07e .LASF2956
     /tmp/cc7KEiL4.s:99822  .debug_str:000000000003e41a .LASF2957
     /tmp/cc7KEiL4.s:101406  .debug_str:0000000000044dcf .LASF2958
     /tmp/cc7KEiL4.s:95660  .debug_str:000000000002d206 .LASF2959
     /tmp/cc7KEiL4.s:89768  .debug_str:0000000000014a92 .LASF2960
     /tmp/cc7KEiL4.s:86496  .debug_str:000000000000773e .LASF2961
     /tmp/cc7KEiL4.s:95726  .debug_str:000000000002d6a7 .LASF2962
     /tmp/cc7KEiL4.s:87546  .debug_str:000000000000bf76 .LASF2963
     /tmp/cc7KEiL4.s:99140  .debug_str:000000000003b75c .LASF2964
     /tmp/cc7KEiL4.s:94206  .debug_str:0000000000027355 .LASF2965
     /tmp/cc7KEiL4.s:100228  .debug_str:000000000003ffc4 .LASF2966
     /tmp/cc7KEiL4.s:89288  .debug_str:0000000000012c2d .LASF2967
     /tmp/cc7KEiL4.s:100280  .debug_str:00000000000403e2 .LASF2968
     /tmp/cc7KEiL4.s:93034  .debug_str:00000000000229ec .LASF2969
     /tmp/cc7KEiL4.s:101298  .debug_str:0000000000044614 .LASF2970
     /tmp/cc7KEiL4.s:97852  .debug_str:0000000000036426 .LASF2971
     /tmp/cc7KEiL4.s:94714  .debug_str:00000000000292e6 .LASF2972
     /tmp/cc7KEiL4.s:95744  .debug_str:000000000002d7f0 .LASF2973
     /tmp/cc7KEiL4.s:102876  .debug_str:000000000004b498 .LASF2974
     /tmp/cc7KEiL4.s:86232  .debug_str:000000000000656a .LASF2975
     /tmp/cc7KEiL4.s:96906  .debug_str:0000000000032797 .LASF2976
     /tmp/cc7KEiL4.s:101418  .debug_str:0000000000044ea5 .LASF2977
     /tmp/cc7KEiL4.s:92174  .debug_str:000000000001f01d .LASF2978
     /tmp/cc7KEiL4.s:91850  .debug_str:000000000001d814 .LASF2979
     /tmp/cc7KEiL4.s:100816  .debug_str:0000000000042720 .LASF2980
     /tmp/cc7KEiL4.s:86750  .debug_str:0000000000008849 .LASF2981
     /tmp/cc7KEiL4.s:98022  .debug_str:0000000000036d29 .LASF2982
     /tmp/cc7KEiL4.s:91568  .debug_str:000000000001c48f .LASF2983
     /tmp/cc7KEiL4.s:88684  .debug_str:000000000001043e .LASF2984
     /tmp/cc7KEiL4.s:98868  .debug_str:000000000003a4a8 .LASF2985
     /tmp/cc7KEiL4.s:89926  .debug_str:0000000000015456 .LASF2986
     /tmp/cc7KEiL4.s:102676  .debug_str:000000000004a75e .LASF2987
     /tmp/cc7KEiL4.s:94802  .debug_str:000000000002997e .LASF2988
     /tmp/cc7KEiL4.s:88370  .debug_str:000000000000f224 .LASF2989
     /tmp/cc7KEiL4.s:95598  .debug_str:000000000002cd5f .LASF2990
     /tmp/cc7KEiL4.s:93168  .debug_str:0000000000023245 .LASF2991
     /tmp/cc7KEiL4.s:86242  .debug_str:0000000000006648 .LASF2992
     /tmp/cc7KEiL4.s:90846  .debug_str:0000000000019283 .LASF2993
     /tmp/cc7KEiL4.s:90908  .debug_str:00000000000196ee .LASF2994
     /tmp/cc7KEiL4.s:91164  .debug_str:000000000001a8e9 .LASF2995
     /tmp/cc7KEiL4.s:95482  .debug_str:000000000002c567 .LASF2996
     /tmp/cc7KEiL4.s:86908  .debug_str:000000000000930a .LASF2997
     /tmp/cc7KEiL4.s:98620  .debug_str:00000000000392ec .LASF2998
     /tmp/cc7KEiL4.s:86280  .debug_str:0000000000006903 .LASF2999
     /tmp/cc7KEiL4.s:92528  .debug_str:00000000000207ef .LASF3000
     /tmp/cc7KEiL4.s:95804  .debug_str:000000000002dbcb .LASF3001
     /tmp/cc7KEiL4.s:89824  .debug_str:0000000000014eeb .LASF3002
     /tmp/cc7KEiL4.s:87324  .debug_str:000000000000b003 .LASF3003
     /tmp/cc7KEiL4.s:99656  .debug_str:000000000003d8c7 .LASF3004
     /tmp/cc7KEiL4.s:86708  .debug_str:000000000000856b .LASF3005
     /tmp/cc7KEiL4.s:91078  .debug_str:000000000001a2d7 .LASF3006
     /tmp/cc7KEiL4.s:100314  .debug_str:00000000000405e5 .LASF3007
     /tmp/cc7KEiL4.s:96588  .debug_str:00000000000311fa .LASF3008
     /tmp/cc7KEiL4.s:91928  .debug_str:000000000001de26 .LASF3009
     /tmp/cc7KEiL4.s:101226  .debug_str:0000000000044121 .LASF3010
     /tmp/cc7KEiL4.s:93684  .debug_str:0000000000025007 .LASF3011
     /tmp/cc7KEiL4.s:97864  .debug_str:0000000000036532 .LASF3012
     /tmp/cc7KEiL4.s:93850  .debug_str:0000000000025aba .LASF3013
     /tmp/cc7KEiL4.s:89228  .debug_str:00000000000128ab .LASF3014
     /tmp/cc7KEiL4.s:92810  .debug_str:0000000000021ab9 .LASF3015
     /tmp/cc7KEiL4.s:97014  .debug_str:0000000000032e9d .LASF3016
     /tmp/cc7KEiL4.s:85434  .debug_str:0000000000002e90 .LASF3017
     /tmp/cc7KEiL4.s:97062  .debug_str:00000000000331c6 .LASF3018
     /tmp/cc7KEiL4.s:84910  .debug_str:0000000000000953 .LASF3019
     /tmp/cc7KEiL4.s:92102  .debug_str:000000000001eac9 .LASF3020
     /tmp/cc7KEiL4.s:99102  .debug_str:000000000003b4b1 .LASF3021
     /tmp/cc7KEiL4.s:86108  .debug_str:0000000000005d23 .LASF3022
     /tmp/cc7KEiL4.s:91244  .debug_str:000000000001ae5c .LASF3023
     /tmp/cc7KEiL4.s:91484  .debug_str:000000000001bed2 .LASF3024
     /tmp/cc7KEiL4.s:85956  .debug_str:0000000000005233 .LASF3025
     /tmp/cc7KEiL4.s:90554  .debug_str:0000000000017e14 .LASF3026
     /tmp/cc7KEiL4.s:96186  .debug_str:000000000002f5e3 .LASF3027
     /tmp/cc7KEiL4.s:99256  .debug_str:000000000003bf21 .LASF3028
     /tmp/cc7KEiL4.s:91232  .debug_str:000000000001ad9b .LASF3029
     /tmp/cc7KEiL4.s:95628  .debug_str:000000000002cf68 .LASF3030
     /tmp/cc7KEiL4.s:90376  .debug_str:000000000001734f .LASF3031
     /tmp/cc7KEiL4.s:101610  .debug_str:0000000000045b64 .LASF3032
     /tmp/cc7KEiL4.s:102326  .debug_str:0000000000048cc2 .LASF3033
     /tmp/cc7KEiL4.s:93856  .debug_str:0000000000025b36 .LASF3034
     /tmp/cc7KEiL4.s:94214  .debug_str:0000000000027412 .LASF3035
     /tmp/cc7KEiL4.s:87082  .debug_str:0000000000009eeb .LASF3036
     /tmp/cc7KEiL4.s:102108  .debug_str:0000000000047da8 .LASF3037
     /tmp/cc7KEiL4.s:103012  .debug_str:000000000004be0b .LASF3038
     /tmp/cc7KEiL4.s:97654  .debug_str:000000000003595a .LASF3039
     /tmp/cc7KEiL4.s:96386  .debug_str:00000000000303e3 .LASF3040
     /tmp/cc7KEiL4.s:92894  .debug_str:00000000000220cd .LASF3041
     /tmp/cc7KEiL4.s:98308  .debug_str:0000000000037de8 .LASF3042
     /tmp/cc7KEiL4.s:97646  .debug_str:00000000000358a1 .LASF3043
     /tmp/cc7KEiL4.s:88764  .debug_str:0000000000010955 .LASF3044
     /tmp/cc7KEiL4.s:86362  .debug_str:0000000000006ee8 .LASF3045
     /tmp/cc7KEiL4.s:88558  .debug_str:000000000000fc68 .LASF3046
     /tmp/cc7KEiL4.s:98660  .debug_str:0000000000039628 .LASF3047
     /tmp/cc7KEiL4.s:95546  .debug_str:000000000002ca70 .LASF3048
     /tmp/cc7KEiL4.s:85202  .debug_str:0000000000001d19 .LASF3049
     /tmp/cc7KEiL4.s:90576  .debug_str:0000000000017fbf .LASF3050
     /tmp/cc7KEiL4.s:89114  .debug_str:0000000000012092 .LASF3051
     /tmp/cc7KEiL4.s:95656  .debug_str:000000000002d18e .LASF3052
     /tmp/cc7KEiL4.s:86640  .debug_str:00000000000080a2 .LASF3053
     /tmp/cc7KEiL4.s:100348  .debug_str:00000000000408bd .LASF3054
     /tmp/cc7KEiL4.s:99418  .debug_str:000000000003c9da .LASF3055
     /tmp/cc7KEiL4.s:100742  .debug_str:0000000000042298 .LASF3056
     /tmp/cc7KEiL4.s:96600  .debug_str:00000000000312c0 .LASF3057
     /tmp/cc7KEiL4.s:92398  .debug_str:000000000001ff61 .LASF3058
     /tmp/cc7KEiL4.s:92302  .debug_str:000000000001f82a .LASF3059
     /tmp/cc7KEiL4.s:86890  .debug_str:000000000000918b .LASF3060
     /tmp/cc7KEiL4.s:86016  .debug_str:00000000000056ef .LASF3061
     /tmp/cc7KEiL4.s:99868  .debug_str:000000000003e7b7 .LASF3062
     /tmp/cc7KEiL4.s:101264  .debug_str:00000000000443a0 .LASF3063
     /tmp/cc7KEiL4.s:91508  .debug_str:000000000001c059 .LASF3064
     /tmp/cc7KEiL4.s:89982  .debug_str:00000000000157ed .LASF3065
     /tmp/cc7KEiL4.s:101604  .debug_str:0000000000045aee .LASF3066
     /tmp/cc7KEiL4.s:99818  .debug_str:000000000003e3b5 .LASF3067
     /tmp/cc7KEiL4.s:94466  .debug_str:00000000000283bf .LASF3068
     /tmp/cc7KEiL4.s:98110  .debug_str:00000000000371c7 .LASF3069
     /tmp/cc7KEiL4.s:86050  .debug_str:000000000000594d .LASF3070
     /tmp/cc7KEiL4.s:85634  .debug_str:0000000000003bb7 .LASF3071
     /tmp/cc7KEiL4.s:91124  .debug_str:000000000001a599 .LASF3072
     /tmp/cc7KEiL4.s:102996  .debug_str:000000000004bcd1 .LASF3073
     /tmp/cc7KEiL4.s:87736  .debug_str:000000000000cc5b .LASF3074
     /tmp/cc7KEiL4.s:86840  .debug_str:0000000000008ea9 .LASF3075
     /tmp/cc7KEiL4.s:86738  .debug_str:0000000000008735 .LASF3076
     /tmp/cc7KEiL4.s:100424  .debug_str:0000000000040ddf .LASF3077
     /tmp/cc7KEiL4.s:96734  .debug_str:0000000000031c07 .LASF3078
     /tmp/cc7KEiL4.s:94392  .debug_str:0000000000027edc .LASF3079
     /tmp/cc7KEiL4.s:91136  .debug_str:000000000001a699 .LASF3080
     /tmp/cc7KEiL4.s:88562  .debug_str:000000000000fcb4 .LASF3081
     /tmp/cc7KEiL4.s:99344  .debug_str:000000000003c485 .LASF3082
     /tmp/cc7KEiL4.s:92182  .debug_str:000000000001f103 .LASF3083
     /tmp/cc7KEiL4.s:86768  .debug_str:00000000000089a4 .LASF3084
     /tmp/cc7KEiL4.s:91332  .debug_str:000000000001b516 .LASF3085
     /tmp/cc7KEiL4.s:91436  .debug_str:000000000001bb9c .LASF3086
     /tmp/cc7KEiL4.s:97544  .debug_str:0000000000035226 .LASF3087
     /tmp/cc7KEiL4.s:89894  .debug_str:0000000000015261 .LASF3088
     /tmp/cc7KEiL4.s:99940  .debug_str:000000000003ecb7 .LASF3089
     /tmp/cc7KEiL4.s:100930  .debug_str:0000000000042e31 .LASF3090
     /tmp/cc7KEiL4.s:98724  .debug_str:0000000000039ade .LASF3091
     /tmp/cc7KEiL4.s:101810  .debug_str:000000000004693b .LASF3092
     /tmp/cc7KEiL4.s:98386  .debug_str:0000000000038380 .LASF3093
     /tmp/cc7KEiL4.s:97326  .debug_str:000000000003440f .LASF3094
     /tmp/cc7KEiL4.s:88846  .debug_str:0000000000010e01 .LASF3095
     /tmp/cc7KEiL4.s:92614  .debug_str:0000000000020d19 .LASF3096
     /tmp/cc7KEiL4.s:97896  .debug_str:0000000000036725 .LASF3097
     /tmp/cc7KEiL4.s:89034  .debug_str:0000000000011b56 .LASF3098
     /tmp/cc7KEiL4.s:86758  .debug_str:00000000000088d8 .LASF3099
     /tmp/cc7KEiL4.s:102892  .debug_str:000000000004b5f9 .LASF3100
     /tmp/cc7KEiL4.s:98030  .debug_str:0000000000036da2 .LASF3101
     /tmp/cc7KEiL4.s:98482  .debug_str:00000000000389c0 .LASF3102
     /tmp/cc7KEiL4.s:90640  .debug_str:0000000000018435 .LASF3103
     /tmp/cc7KEiL4.s:93670  .debug_str:0000000000024f15 .LASF3104
     /tmp/cc7KEiL4.s:85932  .debug_str:0000000000005034 .LASF3105
     /tmp/cc7KEiL4.s:98630  .debug_str:00000000000393bc .LASF3106
     /tmp/cc7KEiL4.s:85756  .debug_str:000000000000446d .LASF3107
     /tmp/cc7KEiL4.s:101000  .debug_str:0000000000043263 .LASF3108
     /tmp/cc7KEiL4.s:93626  .debug_str:0000000000024bd6 .LASF3109
     /tmp/cc7KEiL4.s:94108  .debug_str:0000000000026c7f .LASF3110
     /tmp/cc7KEiL4.s:99094  .debug_str:000000000003b3f1 .LASF3111
     /tmp/cc7KEiL4.s:87560  .debug_str:000000000000c08b .LASF3112
     /tmp/cc7KEiL4.s:87614  .debug_str:000000000000c455 .LASF3113
     /tmp/cc7KEiL4.s:101714  .debug_str:0000000000046355 .LASF3114
     /tmp/cc7KEiL4.s:102694  .debug_str:000000000004a899 .LASF3115
     /tmp/cc7KEiL4.s:90074  .debug_str:0000000000015e84 .LASF3116
     /tmp/cc7KEiL4.s:89352  .debug_str:0000000000013004 .LASF3117
     /tmp/cc7KEiL4.s:89944  .debug_str:00000000000155bc .LASF3118
     /tmp/cc7KEiL4.s:97662  .debug_str:00000000000359e5 .LASF3119
     /tmp/cc7KEiL4.s:100934  .debug_str:0000000000042eab .LASF3120
     /tmp/cc7KEiL4.s:99602  .debug_str:000000000003d530 .LASF3121
     /tmp/cc7KEiL4.s:102492  .debug_str:00000000000498e1 .LASF3122
     /tmp/cc7KEiL4.s:85430  .debug_str:0000000000002e3c .LASF3123
     /tmp/cc7KEiL4.s:98382  .debug_str:0000000000038330 .LASF3124
     /tmp/cc7KEiL4.s:95578  .debug_str:000000000002cc5c .LASF3125
     /tmp/cc7KEiL4.s:98940  .debug_str:000000000003a9aa .LASF3126
     /tmp/cc7KEiL4.s:87090  .debug_str:0000000000009fb5 .LASF3127
     /tmp/cc7KEiL4.s:90138  .debug_str:00000000000162a9 .LASF3128
     /tmp/cc7KEiL4.s:100010  .debug_str:000000000003f179 .LASF3129
     /tmp/cc7KEiL4.s:91922  .debug_str:000000000001ddc2 .LASF3130
     /tmp/cc7KEiL4.s:98578  .debug_str:0000000000039065 .LASF3131
     /tmp/cc7KEiL4.s:101762  .debug_str:0000000000046678 .LASF3132
     /tmp/cc7KEiL4.s:90136  .debug_str:000000000001626e .LASF3133
     /tmp/cc7KEiL4.s:93156  .debug_str:0000000000023175 .LASF3134
     /tmp/cc7KEiL4.s:100210  .debug_str:000000000003fe4f .LASF3135
     /tmp/cc7KEiL4.s:103030  .debug_str:000000000004bf96 .LASF3136
     /tmp/cc7KEiL4.s:100738  .debug_str:000000000004223e .LASF3137
     /tmp/cc7KEiL4.s:92378  .debug_str:000000000001fdce .LASF3138
     /tmp/cc7KEiL4.s:91208  .debug_str:000000000001ac23 .LASF3139
     /tmp/cc7KEiL4.s:91524  .debug_str:000000000001c15e .LASF3140
     /tmp/cc7KEiL4.s:84840  .debug_str:000000000000047c .LASF3141
     /tmp/cc7KEiL4.s:96994  .debug_str:0000000000032d2c .LASF3142
     /tmp/cc7KEiL4.s:94838  .debug_str:0000000000029b52 .LASF3143
     /tmp/cc7KEiL4.s:95224  .debug_str:000000000002b3f9 .LASF3144
     /tmp/cc7KEiL4.s:100890  .debug_str:0000000000042b77 .LASF3145
     /tmp/cc7KEiL4.s:98574  .debug_str:0000000000039012 .LASF3146
     /tmp/cc7KEiL4.s:96778  .debug_str:0000000000031ed7 .LASF3147
     /tmp/cc7KEiL4.s:85876  .debug_str:0000000000004caf .LASF3148
     /tmp/cc7KEiL4.s:102666  .debug_str:000000000004a68e .LASF3149
     /tmp/cc7KEiL4.s:89006  .debug_str:00000000000119a3 .LASF3150
     /tmp/cc7KEiL4.s:96192  .debug_str:000000000002f671 .LASF3151
     /tmp/cc7KEiL4.s:90452  .debug_str:000000000001786b .LASF3152
     /tmp/cc7KEiL4.s:102104  .debug_str:0000000000047d59 .LASF3153
     /tmp/cc7KEiL4.s:90000  .debug_str:0000000000015950 .LASF3154
     /tmp/cc7KEiL4.s:95402  .debug_str:000000000002c00c .LASF3155
     /tmp/cc7KEiL4.s:101144  .debug_str:0000000000043bd3 .LASF3156
     /tmp/cc7KEiL4.s:97132  .debug_str:00000000000336fe .LASF3157
     /tmp/cc7KEiL4.s:93858  .debug_str:0000000000025b7d .LASF3158
     /tmp/cc7KEiL4.s:94482  .debug_str:00000000000284f4 .LASF3159
     /tmp/cc7KEiL4.s:92988  .debug_str:00000000000226a5 .LASF3160
     /tmp/cc7KEiL4.s:89772  .debug_str:0000000000014ae9 .LASF3161
     /tmp/cc7KEiL4.s:101972  .debug_str:00000000000473bb .LASF3162
     /tmp/cc7KEiL4.s:85218  .debug_str:0000000000001e41 .LASF3163
     /tmp/cc7KEiL4.s:92582  .debug_str:0000000000020ba2 .LASF3164
     /tmp/cc7KEiL4.s:99120  .debug_str:000000000003b62f .LASF3165
     /tmp/cc7KEiL4.s:101574  .debug_str:00000000000458c3 .LASF3166
     /tmp/cc7KEiL4.s:86420  .debug_str:000000000000728b .LASF3167
     /tmp/cc7KEiL4.s:101556  .debug_str:000000000004576a .LASF3168
     /tmp/cc7KEiL4.s:97348  .debug_str:0000000000034569 .LASF3169
     /tmp/cc7KEiL4.s:90166  .debug_str:00000000000164a6 .LASF3170
     /tmp/cc7KEiL4.s:102982  .debug_str:000000000004bbb9 .LASF3171
     /tmp/cc7KEiL4.s:94360  .debug_str:0000000000027c9f .LASF3172
     /tmp/cc7KEiL4.s:86122  .debug_str:0000000000005e13 .LASF3173
     /tmp/cc7KEiL4.s:100526  .debug_str:0000000000041469 .LASF3174
     /tmp/cc7KEiL4.s:100268  .debug_str:00000000000402e0 .LASF3175
     /tmp/cc7KEiL4.s:86760  .debug_str:000000000000891c .LASF3176
     /tmp/cc7KEiL4.s:98260  .debug_str:0000000000037a18 .LASF3177
     /tmp/cc7KEiL4.s:88330  .debug_str:000000000000ee86 .LASF3178
     /tmp/cc7KEiL4.s:87068  .debug_str:0000000000009dbd .LASF3179
     /tmp/cc7KEiL4.s:103006  .debug_str:000000000004bd62 .LASF3180
     /tmp/cc7KEiL4.s:90676  .debug_str:00000000000186a6 .LASF3181
     /tmp/cc7KEiL4.s:88268  .debug_str:000000000000eb0e .LASF3182
     /tmp/cc7KEiL4.s:85216  .debug_str:0000000000001e18 .LASF3183
     /tmp/cc7KEiL4.s:94418  .debug_str:00000000000280a1 .LASF3184
     /tmp/cc7KEiL4.s:98424  .debug_str:0000000000038608 .LASF3185
     /tmp/cc7KEiL4.s:96904  .debug_str:0000000000032759 .LASF3186
     /tmp/cc7KEiL4.s:89728  .debug_str:00000000000147be .LASF3187
     /tmp/cc7KEiL4.s:89030  .debug_str:0000000000011aeb .LASF3188
     /tmp/cc7KEiL4.s:100034  .debug_str:000000000003f309 .LASF3189
     /tmp/cc7KEiL4.s:102544  .debug_str:0000000000049bfc .LASF3190
     /tmp/cc7KEiL4.s:87392  .debug_str:000000000000b58f .LASF3191
     /tmp/cc7KEiL4.s:93144  .debug_str:00000000000230ac .LASF3192
     /tmp/cc7KEiL4.s:100212  .debug_str:000000000003fe8a .LASF3193
     /tmp/cc7KEiL4.s:98404  .debug_str:0000000000038499 .LASF3194
     /tmp/cc7KEiL4.s:91592  .debug_str:000000000001c683 .LASF3195
     /tmp/cc7KEiL4.s:89940  .debug_str:0000000000015559 .LASF3196
     /tmp/cc7KEiL4.s:84844  .debug_str:00000000000004ff .LASF3197
     /tmp/cc7KEiL4.s:88958  .debug_str:0000000000011621 .LASF3198
     /tmp/cc7KEiL4.s:90788  .debug_str:0000000000018e05 .LASF3199
     /tmp/cc7KEiL4.s:97174  .debug_str:00000000000339f5 .LASF3200
     /tmp/cc7KEiL4.s:90722  .debug_str:00000000000189ca .LASF3201
     /tmp/cc7KEiL4.s:85908  .debug_str:0000000000004ebc .LASF3202
     /tmp/cc7KEiL4.s:84838  .debug_str:0000000000000435 .LASF3203
     /tmp/cc7KEiL4.s:99784  .debug_str:000000000003e17a .LASF3204
     /tmp/cc7KEiL4.s:93572  .debug_str:000000000002482c .LASF3205
     /tmp/cc7KEiL4.s:85382  .debug_str:0000000000002a87 .LASF3206
     /tmp/cc7KEiL4.s:91010  .debug_str:0000000000019e66 .LASF3207
     /tmp/cc7KEiL4.s:88900  .debug_str:00000000000111ea .LASF3208
     /tmp/cc7KEiL4.s:98822  .debug_str:000000000003a1e5 .LASF3209
     /tmp/cc7KEiL4.s:91888  .debug_str:000000000001db02 .LASF3210
     /tmp/cc7KEiL4.s:89608  .debug_str:0000000000013fce .LASF3211
     /tmp/cc7KEiL4.s:84792  .debug_str:0000000000000157 .LASF3212
     /tmp/cc7KEiL4.s:92550  .debug_str:00000000000208e7 .LASF3213
     /tmp/cc7KEiL4.s:85114  .debug_str:0000000000001715 .LASF3214
     /tmp/cc7KEiL4.s:93102  .debug_str:0000000000022eaf .LASF3215
     /tmp/cc7KEiL4.s:98644  .debug_str:00000000000394ce .LASF3216
     /tmp/cc7KEiL4.s:84916  .debug_str:00000000000009e2 .LASF3217
     /tmp/cc7KEiL4.s:98874  .debug_str:000000000003a54a .LASF3218
     /tmp/cc7KEiL4.s:97040  .debug_str:0000000000033045 .LASF3219
     /tmp/cc7KEiL4.s:86408  .debug_str:000000000000718f .LASF3220
     /tmp/cc7KEiL4.s:86250  .debug_str:00000000000066ee .LASF3221
     /tmp/cc7KEiL4.s:100364  .debug_str:0000000000040a0e .LASF3222
     /tmp/cc7KEiL4.s:92172  .debug_str:000000000001efd9 .LASF3223
     /tmp/cc7KEiL4.s:95868  .debug_str:000000000002e064 .LASF3224
     /tmp/cc7KEiL4.s:93982  .debug_str:000000000002640d .LASF3225
     /tmp/cc7KEiL4.s:91128  .debug_str:000000000001a5f1 .LASF3226
     /tmp/cc7KEiL4.s:102956  .debug_str:000000000004ba3a .LASF3227
     /tmp/cc7KEiL4.s:86646  .debug_str:0000000000008121 .LASF3228
     /tmp/cc7KEiL4.s:102932  .debug_str:000000000004b8cb .LASF3229
     /tmp/cc7KEiL4.s:102110  .debug_str:0000000000047de4 .LASF3230
     /tmp/cc7KEiL4.s:91636  .debug_str:000000000001c984 .LASF3231
     /tmp/cc7KEiL4.s:87692  .debug_str:000000000000c992 .LASF3232
     /tmp/cc7KEiL4.s:95692  .debug_str:000000000002d476 .LASF3233
     /tmp/cc7KEiL4.s:89060  .debug_str:0000000000011ce8 .LASF3234
     /tmp/cc7KEiL4.s:98896  .debug_str:000000000003a6ac .LASF3235
     /tmp/cc7KEiL4.s:103136  .debug_str:000000000004c6ae .LASF3236
     /tmp/cc7KEiL4.s:85122  .debug_str:00000000000017ab .LASF3237
     /tmp/cc7KEiL4.s:102654  .debug_str:000000000004a581 .LASF3238
     /tmp/cc7KEiL4.s:88090  .debug_str:000000000000e209 .LASF3239
     /tmp/cc7KEiL4.s:97652  .debug_str:0000000000035916 .LASF3240
     /tmp/cc7KEiL4.s:102632  .debug_str:000000000004a394 .LASF3241
     /tmp/cc7KEiL4.s:88088  .debug_str:000000000000e1c6 .LASF3242
     /tmp/cc7KEiL4.s:98282  .debug_str:0000000000037c2e .LASF3243
     /tmp/cc7KEiL4.s:97240  .debug_str:0000000000033df7 .LASF3244
     /tmp/cc7KEiL4.s:99020  .debug_str:000000000003aeb7 .LASF3245
     /tmp/cc7KEiL4.s:91712  .debug_str:000000000001cf65 .LASF3246
     /tmp/cc7KEiL4.s:90002  .debug_str:0000000000015997 .LASF3247
     /tmp/cc7KEiL4.s:88512  .debug_str:000000000000f9da .LASF3248
     /tmp/cc7KEiL4.s:100260  .debug_str:0000000000040235 .LASF3249
     /tmp/cc7KEiL4.s:85788  .debug_str:00000000000046bd .LASF3250
     /tmp/cc7KEiL4.s:91702  .debug_str:000000000001ce63 .LASF3251
     /tmp/cc7KEiL4.s:88006  .debug_str:000000000000ddac .LASF3252
     /tmp/cc7KEiL4.s:100630  .debug_str:0000000000041b78 .LASF3253
     /tmp/cc7KEiL4.s:97980  .debug_str:0000000000036b86 .LASF3254
     /tmp/cc7KEiL4.s:94486  .debug_str:0000000000028542 .LASF3255
     /tmp/cc7KEiL4.s:89326  .debug_str:0000000000012e7b .LASF3256
     /tmp/cc7KEiL4.s:102484  .debug_str:000000000004986b .LASF3257
     /tmp/cc7KEiL4.s:86826  .debug_str:0000000000008dce .LASF3258
     /tmp/cc7KEiL4.s:101508  .debug_str:000000000004545d .LASF3259
     /tmp/cc7KEiL4.s:100902  .debug_str:0000000000042c64 .LASF3260
     /tmp/cc7KEiL4.s:87284  .debug_str:000000000000ad5d .LASF3261
     /tmp/cc7KEiL4.s:97530  .debug_str:0000000000035120 .LASF3262
     /tmp/cc7KEiL4.s:87642  .debug_str:000000000000c642 .LASF3263
     /tmp/cc7KEiL4.s:99758  .debug_str:000000000003dfaa .LASF3264
     /tmp/cc7KEiL4.s:98332  .debug_str:0000000000037f9b .LASF3265
     /tmp/cc7KEiL4.s:86686  .debug_str:00000000000083be .LASF3266
     /tmp/cc7KEiL4.s:85690  .debug_str:0000000000003fea .LASF3267
     /tmp/cc7KEiL4.s:99864  .debug_str:000000000003e765 .LASF3268
     /tmp/cc7KEiL4.s:94188  .debug_str:00000000000271ee .LASF3269
     /tmp/cc7KEiL4.s:98648  .debug_str:0000000000039528 .LASF3270
     /tmp/cc7KEiL4.s:89602  .debug_str:0000000000013f47 .LASF3271
     /tmp/cc7KEiL4.s:92176  .debug_str:000000000001f059 .LASF3272
     /tmp/cc7KEiL4.s:96888  .debug_str:00000000000325fd .LASF3273
     /tmp/cc7KEiL4.s:92814  .debug_str:0000000000021b08 .LASF3274
     /tmp/cc7KEiL4.s:98128  .debug_str:00000000000372f0 .LASF3275
     /tmp/cc7KEiL4.s:90850  .debug_str:00000000000192e2 .LASF3276
     /tmp/cc7KEiL4.s:102768  .debug_str:000000000004ad93 .LASF3277
     /tmp/cc7KEiL4.s:99842  .debug_str:000000000003e5ae .LASF3278
     /tmp/cc7KEiL4.s:88820  .debug_str:0000000000010c5a .LASF3279
     /tmp/cc7KEiL4.s:90562  .debug_str:0000000000017eb1 .LASF3280
     /tmp/cc7KEiL4.s:91880  .debug_str:000000000001da37 .LASF3281
     /tmp/cc7KEiL4.s:91574  .debug_str:000000000001c528 .LASF3282
     /tmp/cc7KEiL4.s:88928  .debug_str:00000000000113ee .LASF3283
     /tmp/cc7KEiL4.s:100602  .debug_str:000000000004197f .LASF3284
     /tmp/cc7KEiL4.s:101110  .debug_str:0000000000043971 .LASF3285
     /tmp/cc7KEiL4.s:91158  .debug_str:000000000001a831 .LASF3286
     /tmp/cc7KEiL4.s:96620  .debug_str:000000000003141f .LASF3287
     /tmp/cc7KEiL4.s:100328  .debug_str:000000000004071f .LASF3288
     /tmp/cc7KEiL4.s:102306  .debug_str:0000000000048b68 .LASF3289
     /tmp/cc7KEiL4.s:100102  .debug_str:000000000003f865 .LASF3290
     /tmp/cc7KEiL4.s:91892  .debug_str:000000000001db81 .LASF3291
     /tmp/cc7KEiL4.s:90840  .debug_str:0000000000019205 .LASF3292
     /tmp/cc7KEiL4.s:97740  .debug_str:0000000000035ea4 .LASF3293
     /tmp/cc7KEiL4.s:89488  .debug_str:00000000000138a0 .LASF3294
     /tmp/cc7KEiL4.s:96742  .debug_str:0000000000031c9a .LASF3295
     /tmp/cc7KEiL4.s:101362  .debug_str:0000000000044afd .LASF3296
     /tmp/cc7KEiL4.s:101668  .debug_str:0000000000045f8b .LASF3297
     /tmp/cc7KEiL4.s:100744  .debug_str:00000000000422dd .LASF3298
     /tmp/cc7KEiL4.s:87386  .debug_str:000000000000b4ba .LASF3299
     /tmp/cc7KEiL4.s:90280  .debug_str:0000000000016d2d .LASF3300
     /tmp/cc7KEiL4.s:85680  .debug_str:0000000000003f17 .LASF3301
     /tmp/cc7KEiL4.s:93826  .debug_str:000000000002590f .LASF3302
     /tmp/cc7KEiL4.s:103040  .debug_str:000000000004c060 .LASF3303
     /tmp/cc7KEiL4.s:98400  .debug_str:0000000000038437 .LASF3304
     /tmp/cc7KEiL4.s:89844  .debug_str:0000000000014ff4 .LASF3305
     /tmp/cc7KEiL4.s:94236  .debug_str:0000000000027594 .LASF3306
     /tmp/cc7KEiL4.s:92854  .debug_str:0000000000021dea .LASF3307
     /tmp/cc7KEiL4.s:86022  .debug_str:0000000000005766 .LASF3308
     /tmp/cc7KEiL4.s:88502  .debug_str:000000000000f937 .LASF3309
     /tmp/cc7KEiL4.s:93320  .debug_str:0000000000023a95 .LASF3310
     /tmp/cc7KEiL4.s:94142  .debug_str:0000000000026ec7 .LASF3311
     /tmp/cc7KEiL4.s:91472  .debug_str:000000000001bdfb .LASF3312
     /tmp/cc7KEiL4.s:91756  .debug_str:000000000001d22d .LASF3313
     /tmp/cc7KEiL4.s:97826  .debug_str:0000000000036364 .LASF3314
     /tmp/cc7KEiL4.s:101254  .debug_str:0000000000044312 .LASF3315
     /tmp/cc7KEiL4.s:98438  .debug_str:000000000003872c .LASF3316
     /tmp/cc7KEiL4.s:98502  .debug_str:0000000000038b37 .LASF3317
     /tmp/cc7KEiL4.s:92586  .debug_str:0000000000020bff .LASF3318
     /tmp/cc7KEiL4.s:86130  .debug_str:0000000000005e91 .LASF3319
     /tmp/cc7KEiL4.s:101352  .debug_str:0000000000044a36 .LASF3320
     /tmp/cc7KEiL4.s:99614  .debug_str:000000000003d634 .LASF3321
     /tmp/cc7KEiL4.s:100644  .debug_str:0000000000041c97 .LASF3322
     /tmp/cc7KEiL4.s:90008  .debug_str:0000000000015a30 .LASF3323
     /tmp/cc7KEiL4.s:93694  .debug_str:00000000000250ea .LASF3324
     /tmp/cc7KEiL4.s:87780  .debug_str:000000000000cf5b .LASF3325
     /tmp/cc7KEiL4.s:93836  .debug_str:00000000000259ce .LASF3326
     /tmp/cc7KEiL4.s:85030  .debug_str:000000000000118b .LASF3327
     /tmp/cc7KEiL4.s:97384  .debug_str:00000000000347ec .LASF3328
     /tmp/cc7KEiL4.s:87820  .debug_str:000000000000d1f1 .LASF3329
     /tmp/cc7KEiL4.s:96996  .debug_str:0000000000032d73 .LASF3330
     /tmp/cc7KEiL4.s:89082  .debug_str:0000000000011e90 .LASF3331
     /tmp/cc7KEiL4.s:89520  .debug_str:0000000000013ad5 .LASF3332
     /tmp/cc7KEiL4.s:96582  .debug_str:0000000000031192 .LASF3333
     /tmp/cc7KEiL4.s:96568  .debug_str:000000000003107e .LASF3334
     /tmp/cc7KEiL4.s:97354  .debug_str:00000000000345ed .LASF3335
     /tmp/cc7KEiL4.s:86356  .debug_str:0000000000006ea5 .LASF3336
     /tmp/cc7KEiL4.s:86692  .debug_str:0000000000008430 .LASF3337
     /tmp/cc7KEiL4.s:86626  .debug_str:0000000000007fb2 .LASF3338
     /tmp/cc7KEiL4.s:89264  .debug_str:0000000000012b17 .LASF3339
     /tmp/cc7KEiL4.s:93894  .debug_str:0000000000025e0a .LASF3340
     /tmp/cc7KEiL4.s:89336  .debug_str:0000000000012f51 .LASF3341
     /tmp/cc7KEiL4.s:102882  .debug_str:000000000004b54d .LASF3342
     /tmp/cc7KEiL4.s:91988  .debug_str:000000000001e29c .LASF3343
     /tmp/cc7KEiL4.s:91196  .debug_str:000000000001ab19 .LASF3344
     /tmp/cc7KEiL4.s:91622  .debug_str:000000000001c888 .LASF3345
     /tmp/cc7KEiL4.s:96548  .debug_str:0000000000030f0d .LASF3346
     /tmp/cc7KEiL4.s:92722  .debug_str:00000000000214fb .LASF3347
     /tmp/cc7KEiL4.s:89004  .debug_str:0000000000011980 .LASF3348
     /tmp/cc7KEiL4.s:87004  .debug_str:00000000000099db .LASF3349
     /tmp/cc7KEiL4.s:94020  .debug_str:000000000002662b .LASF3350
     /tmp/cc7KEiL4.s:92338  .debug_str:000000000001fb12 .LASF3351
     /tmp/cc7KEiL4.s:85120  .debug_str:000000000000178a .LASF3352
     /tmp/cc7KEiL4.s:96962  .debug_str:0000000000032ae7 .LASF3353
     /tmp/cc7KEiL4.s:101146  .debug_str:0000000000043c1a .LASF3354
     /tmp/cc7KEiL4.s:95242  .debug_str:000000000002b53d .LASF3355
     /tmp/cc7KEiL4.s:89340  .debug_str:0000000000012f76 .LASF3356
     /tmp/cc7KEiL4.s:88896  .debug_str:00000000000111b6 .LASF3357
     /tmp/cc7KEiL4.s:88212  .debug_str:000000000000e882 .LASF3358
     /tmp/cc7KEiL4.s:96760  .debug_str:0000000000031db0 .LASF3359
     /tmp/cc7KEiL4.s:96088  .debug_str:000000000002effd .LASF3360
     /tmp/cc7KEiL4.s:86240  .debug_str:0000000000006624 .LASF3361
     /tmp/cc7KEiL4.s:95510  .debug_str:000000000002c77e .LASF3362
     /tmp/cc7KEiL4.s:95954  .debug_str:000000000002e6e2 .LASF3363
     /tmp/cc7KEiL4.s:99118  .debug_str:000000000003b60b .LASF3364
     /tmp/cc7KEiL4.s:92436  .debug_str:00000000000201e0 .LASF3365
     /tmp/cc7KEiL4.s:96686  .debug_str:00000000000318e4 .LASF3367
     /tmp/cc7KEiL4.s:100112  .debug_str:000000000003f914 .LASF3368
     /tmp/cc7KEiL4.s:86744  .debug_str:00000000000087ce .LASF3369
     /tmp/cc7KEiL4.s:95830  .debug_str:000000000002de1d .LASF3370
     /tmp/cc7KEiL4.s:95472  .debug_str:000000000002c4c4 .LASF3371
     /tmp/cc7KEiL4.s:94044  .debug_str:00000000000267c9 .LASF3372
     /tmp/cc7KEiL4.s:88774  .debug_str:0000000000010a2c .LASF3373
     /tmp/cc7KEiL4.s:95718  .debug_str:000000000002d620 .LASF3374
     /tmp/cc7KEiL4.s:94916  .debug_str:000000000002a0e5 .LASF3375
     /tmp/cc7KEiL4.s:99122  .debug_str:000000000003b66b .LASF3376
     /tmp/cc7KEiL4.s:86918  .debug_str:0000000000009409 .LASF3377
     /tmp/cc7KEiL4.s:95522  .debug_str:000000000002c867 .LASF3378
     /tmp/cc7KEiL4.s:102112  .debug_str:0000000000047e21 .LASF3379
     /tmp/cc7KEiL4.s:93238  .debug_str:0000000000023683 .LASF3380
     /tmp/cc7KEiL4.s:91054  .debug_str:000000000001a130 .LASF3381
     /tmp/cc7KEiL4.s:93004  .debug_str:00000000000227d8 .LASF3382
     /tmp/cc7KEiL4.s:102782  .debug_str:000000000004ae9a .LASF3383
     /tmp/cc7KEiL4.s:101454  .debug_str:00000000000450ec .LASF3384
     /tmp/cc7KEiL4.s:96062  .debug_str:000000000002ee75 .LASF3385
     /tmp/cc7KEiL4.s:98704  .debug_str:000000000003995e .LASF3386
     /tmp/cc7KEiL4.s:102302  .debug_str:0000000000048b30 .LASF3387
     /tmp/cc7KEiL4.s:89066  .debug_str:0000000000011d34 .LASF3388
     /tmp/cc7KEiL4.s:98480  .debug_str:000000000003899b .LASF3389
     /tmp/cc7KEiL4.s:93614  .debug_str:0000000000024ae9 .LASF3390
     /tmp/cc7KEiL4.s:102176  .debug_str:0000000000048264 .LASF3391
     /tmp/cc7KEiL4.s:85470  .debug_str:00000000000030f7 .LASF3392
     /tmp/cc7KEiL4.s:91602  .debug_str:000000000001c733 .LASF3393
     /tmp/cc7KEiL4.s:96354  .debug_str:0000000000030131 .LASF3394
     /tmp/cc7KEiL4.s:101992  .debug_str:000000000004754d .LASF3395
     /tmp/cc7KEiL4.s:85854  .debug_str:0000000000004b4f .LASF3396
     /tmp/cc7KEiL4.s:86892  .debug_str:00000000000091d6 .LASF3397
     /tmp/cc7KEiL4.s:92544  .debug_str:00000000000208aa .LASF3398
     /tmp/cc7KEiL4.s:87150  .debug_str:000000000000a395 .LASF3399
     /tmp/cc7KEiL4.s:88734  .debug_str:000000000001074f .LASF3400
     /tmp/cc7KEiL4.s:96774  .debug_str:0000000000031e99 .LASF3401
     /tmp/cc7KEiL4.s:86078  .debug_str:0000000000005b86 .LASF3402
     /tmp/cc7KEiL4.s:101086  .debug_str:0000000000043795 .LASF3403
     /tmp/cc7KEiL4.s:101792  .debug_str:000000000004685c .LASF3404
     /tmp/cc7KEiL4.s:89296  .debug_str:0000000000012ce9 .LASF3405
     /tmp/cc7KEiL4.s:98708  .debug_str:00000000000399b9 .LASF3406
     /tmp/cc7KEiL4.s:94390  .debug_str:0000000000027ec4 .LASF3407
     /tmp/cc7KEiL4.s:94548  .debug_str:000000000002890c .LASF3408
     /tmp/cc7KEiL4.s:102652  .debug_str:000000000004a574 .LASF3409
     /tmp/cc7KEiL4.s:98452  .debug_str:00000000000387f2 .LASF3410
     /tmp/cc7KEiL4.s:88516  .debug_str:000000000000fa57 .LASF3411
     /tmp/cc7KEiL4.s:102642  .debug_str:000000000004a494 .LASF3412
     /tmp/cc7KEiL4.s:99838  .debug_str:000000000003e533 .LASF3413
     /tmp/cc7KEiL4.s:85158  .debug_str:0000000000001a56 .LASF3414
     /tmp/cc7KEiL4.s:91948  .debug_str:000000000001df8f .LASF3415
     /tmp/cc7KEiL4.s:88204  .debug_str:000000000000e7e9 .LASF3416
     /tmp/cc7KEiL4.s:89580  .debug_str:0000000000013e0f .LASF3417
     /tmp/cc7KEiL4.s:85630  .debug_str:0000000000003b84 .LASF3418
     /tmp/cc7KEiL4.s:101366  .debug_str:0000000000044b4e .LASF3419
     /tmp/cc7KEiL4.s:95544  .debug_str:000000000002ca4d .LASF3420
     /tmp/cc7KEiL4.s:96042  .debug_str:000000000002ed03 .LASF3421
     /tmp/cc7KEiL4.s:101760  .debug_str:0000000000046657 .LASF3422
     /tmp/cc7KEiL4.s:102682  .debug_str:000000000004a7de .LASF3423
     /tmp/cc7KEiL4.s:94736  .debug_str:000000000002951f .LASF3424
     /tmp/cc7KEiL4.s:91272  .debug_str:000000000001b0d3 .LASF3425
     /tmp/cc7KEiL4.s:91534  .debug_str:000000000001c1f9 .LASF3426
     /tmp/cc7KEiL4.s:101930  .debug_str:0000000000047143 .LASF3427
     /tmp/cc7KEiL4.s:102962  .debug_str:000000000004baaa .LASF3428
     /tmp/cc7KEiL4.s:95016  .debug_str:000000000002a7c3 .LASF3429
     /tmp/cc7KEiL4.s:95848  .debug_str:000000000002df57 .LASF3430
     /tmp/cc7KEiL4.s:96602  .debug_str:0000000000031304 .LASF3431
     /tmp/cc7KEiL4.s:85804  .debug_str:0000000000004808 .LASF3432
     /tmp/cc7KEiL4.s:98060  .debug_str:0000000000036fa6 .LASF3433
     /tmp/cc7KEiL4.s:99740  .debug_str:000000000003de46 .LASF3434
     /tmp/cc7KEiL4.s:102350  .debug_str:0000000000048e8d .LASF3435
     /tmp/cc7KEiL4.s:95922  .debug_str:000000000002e44b .LASF3436
     /tmp/cc7KEiL4.s:102688  .debug_str:000000000004a83e .LASF3437
     /tmp/cc7KEiL4.s:100754  .debug_str:0000000000042378 .LASF3438
     /tmp/cc7KEiL4.s:100022  .debug_str:000000000003f25d .LASF3439
     /tmp/cc7KEiL4.s:96194  .debug_str:000000000002f6b3 .LASF3440
     /tmp/cc7KEiL4.s:87988  .debug_str:000000000000dc71 .LASF3441
     /tmp/cc7KEiL4.s:98322  .debug_str:0000000000037f18 .LASF3442
     /tmp/cc7KEiL4.s:94632  .debug_str:0000000000028df0 .LASF3443
     /tmp/cc7KEiL4.s:94604  .debug_str:0000000000028c49 .LASF3444
     /tmp/cc7KEiL4.s:96174  .debug_str:000000000002f4ff .LASF3445
     /tmp/cc7KEiL4.s:86544  .debug_str:0000000000007a15 .LASF3446
     /tmp/cc7KEiL4.s:92010  .debug_str:000000000001e3d8 .LASF3447
     /tmp/cc7KEiL4.s:85842  .debug_str:0000000000004ab5 .LASF3448
     /tmp/cc7KEiL4.s:98292  .debug_str:0000000000037ce6 .LASF3449
     /tmp/cc7KEiL4.s:102766  .debug_str:000000000004ad7c .LASF3450
     /tmp/cc7KEiL4.s:97970  .debug_str:0000000000036af9 .LASF3451
     /tmp/cc7KEiL4.s:96100  .debug_str:000000000002f09a .LASF3452
     /tmp/cc7KEiL4.s:90572  .debug_str:0000000000017f7f .LASF3453
     /tmp/cc7KEiL4.s:92546  .debug_str:00000000000208c3 .LASF3454
     /tmp/cc7KEiL4.s:97448  .debug_str:0000000000034be1 .LASF3455
     /tmp/cc7KEiL4.s:98226  .debug_str:0000000000037860 .LASF3456
     /tmp/cc7KEiL4.s:85656  .debug_str:0000000000003d82 .LASF3457
     /tmp/cc7KEiL4.s:100324  .debug_str:00000000000406d5 .LASF3458
     /tmp/cc7KEiL4.s:94356  .debug_str:0000000000027c5b .LASF3459
     /tmp/cc7KEiL4.s:94202  .debug_str:000000000002730d .LASF3460
     /tmp/cc7KEiL4.s:101396  .debug_str:0000000000044d37 .LASF3461
     /tmp/cc7KEiL4.s:102848  .debug_str:000000000004b35e .LASF3462
     /tmp/cc7KEiL4.s:87464  .debug_str:000000000000ba75 .LASF3463
     /tmp/cc7KEiL4.s:101794  .debug_str:000000000004686e .LASF3464
     /tmp/cc7KEiL4.s:94914  .debug_str:000000000002a0ce .LASF3465
     /tmp/cc7KEiL4.s:87208  .debug_str:000000000000a7b0 .LASF3466
     /tmp/cc7KEiL4.s:95958  .debug_str:000000000002e725 .LASF3467
     /tmp/cc7KEiL4.s:103080  .debug_str:000000000004c2e8 .LASF3468
     /tmp/cc7KEiL4.s:91276  .debug_str:000000000001b124 .LASF3469
     /tmp/cc7KEiL4.s:93710  .debug_str:0000000000025240 .LASF3470
     /tmp/cc7KEiL4.s:87870  .debug_str:000000000000d48a .LASF3471
     /tmp/cc7KEiL4.s:89668  .debug_str:00000000000143c6 .LASF3472
     /tmp/cc7KEiL4.s:92374  .debug_str:000000000001fdad .LASF3473
     /tmp/cc7KEiL4.s:92356  .debug_str:000000000001fc37 .LASF3474
     /tmp/cc7KEiL4.s:92610  .debug_str:0000000000020cbe .LASF3475
     /tmp/cc7KEiL4.s:84848  .debug_str:000000000000054f .LASF3476
     /tmp/cc7KEiL4.s:88966  .debug_str:00000000000116cb .LASF3477
     /tmp/cc7KEiL4.s:101008  .debug_str:0000000000043332 .LASF3478
     /tmp/cc7KEiL4.s:100502  .debug_str:00000000000412f4 .LASF3479
     /tmp/cc7KEiL4.s:101218  .debug_str:0000000000044081 .LASF3480
     /tmp/cc7KEiL4.s:98916  .debug_str:000000000003a84c .LASF3481
     /tmp/cc7KEiL4.s:97310  .debug_str:00000000000342d7 .LASF3482
     /tmp/cc7KEiL4.s:101798  .debug_str:0000000000046892 .LASF3483
     /tmp/cc7KEiL4.s:97462  .debug_str:0000000000034cff .LASF3484
     /tmp/cc7KEiL4.s:102366  .debug_str:0000000000048fc6 .LASF3485
     /tmp/cc7KEiL4.s:86864  .debug_str:0000000000009033 .LASF3486
     /tmp/cc7KEiL4.s:85644  .debug_str:0000000000003c80 .LASF3487
     /tmp/cc7KEiL4.s:101538  .debug_str:0000000000045648 .LASF3488
     /tmp/cc7KEiL4.s:90188  .debug_str:0000000000016664 .LASF3489
     /tmp/cc7KEiL4.s:100550  .debug_str:000000000004164e .LASF3490
     /tmp/cc7KEiL4.s:98256  .debug_str:00000000000379eb .LASF3491
     /tmp/cc7KEiL4.s:90170  .debug_str:0000000000016508 .LASF3492
     /tmp/cc7KEiL4.s:96560  .debug_str:0000000000030fda .LASF3493
     /tmp/cc7KEiL4.s:101488  .debug_str:0000000000045313 .LASF3494
     /tmp/cc7KEiL4.s:87052  .debug_str:0000000000009cf3 .LASF3495
     /tmp/cc7KEiL4.s:87822  .debug_str:000000000000d210 .LASF3496
     /tmp/cc7KEiL4.s:100358  .debug_str:0000000000040997 .LASF3497
     /tmp/cc7KEiL4.s:99182  .debug_str:000000000003ba93 .LASF3498
     /tmp/cc7KEiL4.s:86068  .debug_str:0000000000005a9a .LASF3499
     /tmp/cc7KEiL4.s:96184  .debug_str:000000000002f5d0 .LASF3500
     /tmp/cc7KEiL4.s:102890  .debug_str:000000000004b5e6 .LASF3501
     /tmp/cc7KEiL4.s:93934  .debug_str:00000000000260f3 .LASF3502
     /tmp/cc7KEiL4.s:95806  .debug_str:000000000002dc09 .LASF3503
     /tmp/cc7KEiL4.s:95564  .debug_str:000000000002cb97 .LASF3504
     /tmp/cc7KEiL4.s:86426  .debug_str:000000000000730e .LASF3505
     /tmp/cc7KEiL4.s:90262  .debug_str:0000000000016bbc .LASF3506
     /tmp/cc7KEiL4.s:100008  .debug_str:000000000003f164 .LASF3507
     /tmp/cc7KEiL4.s:88852  .debug_str:0000000000010eb7 .LASF3508
     /tmp/cc7KEiL4.s:89592  .debug_str:0000000000013ec1 .LASF3509
     /tmp/cc7KEiL4.s:99460  .debug_str:000000000003cc7e .LASF3510
     /tmp/cc7KEiL4.s:87706  .debug_str:000000000000caa2 .LASF3511
     /tmp/cc7KEiL4.s:101408  .debug_str:0000000000044e0e .LASF3512
     /tmp/cc7KEiL4.s:87964  .debug_str:000000000000daf9 .LASF3513
     /tmp/cc7KEiL4.s:89422  .debug_str:000000000001348f .LASF3514
     /tmp/cc7KEiL4.s:98402  .debug_str:0000000000038482 .LASF3515
     /tmp/cc7KEiL4.s:92820  .debug_str:0000000000021b7b .LASF3516
     /tmp/cc7KEiL4.s:100322  .debug_str:00000000000406c1 .LASF3517
     /tmp/cc7KEiL4.s:96488  .debug_str:0000000000030b10 .LASF3518
     /tmp/cc7KEiL4.s:93042  .debug_str:0000000000022acd .LASF3519
     /tmp/cc7KEiL4.s:95782  .debug_str:000000000002da38 .LASF3520
     /tmp/cc7KEiL4.s:89522  .debug_str:0000000000013af5 .LASF3521
     /tmp/cc7KEiL4.s:92816  .debug_str:0000000000021b52 .LASF3522
     /tmp/cc7KEiL4.s:101174  .debug_str:0000000000043db0 .LASF3523
     /tmp/cc7KEiL4.s:95484  .debug_str:000000000002c5ab .LASF3524
     /tmp/cc7KEiL4.s:87966  .debug_str:000000000000db16 .LASF3525
     /tmp/cc7KEiL4.s:103110  .debug_str:000000000004c506 .LASF3526
     /tmp/cc7KEiL4.s:90224  .debug_str:0000000000016919 .LASF3527
     /tmp/cc7KEiL4.s:87802  .debug_str:000000000000d0d3 .LASF3528
     /tmp/cc7KEiL4.s:96214  .debug_str:000000000002f813 .LASF3529
     /tmp/cc7KEiL4.s:88600  .debug_str:000000000000ff0e .LASF3530
     /tmp/cc7KEiL4.s:86386  .debug_str:000000000000707f .LASF3531
     /tmp/cc7KEiL4.s:95878  .debug_str:000000000002e157 .LASF3532
     /tmp/cc7KEiL4.s:100846  .debug_str:0000000000042903 .LASF3533
     /tmp/cc7KEiL4.s:102850  .debug_str:000000000004b375 .LASF3534
     /tmp/cc7KEiL4.s:100716  .debug_str:0000000000042125 .LASF3535
     /tmp/cc7KEiL4.s:100966  .debug_str:00000000000430ca .LASF3536
     /tmp/cc7KEiL4.s:96176  .debug_str:000000000002f516 .LASF3537
     /tmp/cc7KEiL4.s:91608  .debug_str:000000000001c7b8 .LASF3538
     /tmp/cc7KEiL4.s:88360  .debug_str:000000000000f15f .LASF3539
     /tmp/cc7KEiL4.s:98814  .debug_str:000000000003a175 .LASF3540
     /tmp/cc7KEiL4.s:91976  .debug_str:000000000001e1a7 .LASF3541
     /tmp/cc7KEiL4.s:92964  .debug_str:0000000000022534 .LASF3542
     /tmp/cc7KEiL4.s:91478  .debug_str:000000000001be94 .LASF3543
     /tmp/cc7KEiL4.s:93032  .debug_str:00000000000229da .LASF3544
     /tmp/cc7KEiL4.s:85516  .debug_str:00000000000033d1 .LASF3545
     /tmp/cc7KEiL4.s:98810  .debug_str:000000000003a14a .LASF3546
     /tmp/cc7KEiL4.s:96402  .debug_str:00000000000304f8 .LASF3547
     /tmp/cc7KEiL4.s:101632  .debug_str:0000000000045d32 .LASF3548
     /tmp/cc7KEiL4.s:98544  .debug_str:0000000000038e96 .LASF3549
     /tmp/cc7KEiL4.s:93484  .debug_str:0000000000024294 .LASF3550
     /tmp/cc7KEiL4.s:94934  .debug_str:000000000002a1d6 .LASF3551
     /tmp/cc7KEiL4.s:87586  .debug_str:000000000000c248 .LASF3552
     /tmp/cc7KEiL4.s:96570  .debug_str:00000000000310a9 .LASF3553
     /tmp/cc7KEiL4.s:96080  .debug_str:000000000002ef5c .LASF3554
     /tmp/cc7KEiL4.s:95716  .debug_str:000000000002d611 .LASF3555
     /tmp/cc7KEiL4.s:94374  .debug_str:0000000000027db2 .LASF3556
     /tmp/cc7KEiL4.s:94012  .debug_str:00000000000265c0 .LASF3557
     /tmp/cc7KEiL4.s:89110  .debug_str:000000000001206c .LASF3558
     /tmp/cc7KEiL4.s:93402  .debug_str:0000000000023ecf .LASF3559
     /tmp/cc7KEiL4.s:98232  .debug_str:00000000000378a1 .LASF3560
     /tmp/cc7KEiL4.s:87322  .debug_str:000000000000aff5 .LASF3561
     /tmp/cc7KEiL4.s:93234  .debug_str:0000000000023658 .LASF3562
     /tmp/cc7KEiL4.s:93742  .debug_str:000000000002543b .LASF3563
     /tmp/cc7KEiL4.s:100394  .debug_str:0000000000040bfe .LASF3564
     /tmp/cc7KEiL4.s:101018  .debug_str:00000000000433b3 .LASF3565
     /tmp/cc7KEiL4.s:89578  .debug_str:0000000000013e03 .LASF3566
     /tmp/cc7KEiL4.s:96844  .debug_str:0000000000032305 .LASF3567
     /tmp/cc7KEiL4.s:101530  .debug_str:00000000000455d4 .LASF3568
     /tmp/cc7KEiL4.s:90428  .debug_str:00000000000176be .LASF3569
     /tmp/cc7KEiL4.s:90990  .debug_str:0000000000019d31 .LASF3570
     /tmp/cc7KEiL4.s:90420  .debug_str:0000000000017653 .LASF3571
     /tmp/cc7KEiL4.s:93092  .debug_str:0000000000022e2d .LASF3572
     /tmp/cc7KEiL4.s:90726  .debug_str:0000000000018a20 .LASF3573
     /tmp/cc7KEiL4.s:97340  .debug_str:0000000000034506 .LASF3574
     /tmp/cc7KEiL4.s:84946  .debug_str:0000000000000bb1 .LASF3575
     /tmp/cc7KEiL4.s:85088  .debug_str:0000000000001524 .LASF3576
     /tmp/cc7KEiL4.s:95570  .debug_str:000000000002cbf5 .LASF3577
     /tmp/cc7KEiL4.s:88556  .debug_str:000000000000fc5c .LASF3578
     /tmp/cc7KEiL4.s:86170  .debug_str:0000000000006133 .LASF3579
     /tmp/cc7KEiL4.s:100570  .debug_str:000000000004175f .LASF3580
     /tmp/cc7KEiL4.s:90668  .debug_str:0000000000018657 .LASF3581
     /tmp/cc7KEiL4.s:85986  .debug_str:00000000000054a9 .LASF3582
     /tmp/cc7KEiL4.s:101602  .debug_str:0000000000045ad6 .LASF3583
     /tmp/cc7KEiL4.s:89974  .debug_str:0000000000015784 .LASF3584
     /tmp/cc7KEiL4.s:102232  .debug_str:000000000004865e .LASF3585
     /tmp/cc7KEiL4.s:92888  .debug_str:0000000000022061 .LASF3586
     /tmp/cc7KEiL4.s:101544  .debug_str:00000000000456a6 .LASF3587
     /tmp/cc7KEiL4.s:100492  .debug_str:0000000000041244 .LASF3588
     /tmp/cc7KEiL4.s:102838  .debug_str:000000000004b2c4 .LASF3589
     /tmp/cc7KEiL4.s:96930  .debug_str:0000000000032946 .LASF3590
     /tmp/cc7KEiL4.s:87978  .debug_str:000000000000dbab .LASF3591
     /tmp/cc7KEiL4.s:94866  .debug_str:0000000000029d17 .LASF3592
     /tmp/cc7KEiL4.s:88200  .debug_str:000000000000e767 .LASF3593
     /tmp/cc7KEiL4.s:99850  .debug_str:000000000003e638 .LASF3594
     /tmp/cc7KEiL4.s:85380  .debug_str:0000000000002a04 .LASF3595
     /tmp/cc7KEiL4.s:94728  .debug_str:00000000000293f3 .LASF3596
     /tmp/cc7KEiL4.s:101844  .debug_str:0000000000046bea .LASF3597
     /tmp/cc7KEiL4.s:87378  .debug_str:000000000000b462 .LASF3598
     /tmp/cc7KEiL4.s:95586  .debug_str:000000000002cce2 .LASF3599
     /tmp/cc7KEiL4.s:101256  .debug_str:0000000000044330 .LASF3600
     /tmp/cc7KEiL4.s:96834  .debug_str:000000000003225f .LASF3601
     /tmp/cc7KEiL4.s:90528  .debug_str:0000000000017c34 .LASF3602
     /tmp/cc7KEiL4.s:84980  .debug_str:0000000000000e16 .LASF3603
     /tmp/cc7KEiL4.s:101494  .debug_str:0000000000045380 .LASF3604
     /tmp/cc7KEiL4.s:101996  .debug_str:0000000000047585 .LASF3605
     /tmp/cc7KEiL4.s:87514  .debug_str:000000000000bd7d .LASF3606
     /tmp/cc7KEiL4.s:97158  .debug_str:00000000000338e6 .LASF3607
     /tmp/cc7KEiL4.s:86812  .debug_str:0000000000008c7e .LASF3608
     /tmp/cc7KEiL4.s:98244  .debug_str:000000000003794c .LASF3609
     /tmp/cc7KEiL4.s:88992  .debug_str:00000000000118a5 .LASF3610
     /tmp/cc7KEiL4.s:88658  .debug_str:0000000000010203 .LASF3611
     /tmp/cc7KEiL4.s:85598  .debug_str:000000000000399f .LASF3612
     /tmp/cc7KEiL4.s:91278  .debug_str:000000000001b13b .LASF3613
     /tmp/cc7KEiL4.s:92718  .debug_str:00000000000214a4 .LASF3614
     /tmp/cc7KEiL4.s:91114  .debug_str:000000000001a500 .LASF3615
     /tmp/cc7KEiL4.s:92784  .debug_str:00000000000218c9 .LASF3616
     /tmp/cc7KEiL4.s:97376  .debug_str:0000000000034781 .LASF3617
     /tmp/cc7KEiL4.s:87520  .debug_str:000000000000bdd9 .LASF3618
     /tmp/cc7KEiL4.s:102916  .debug_str:000000000004b802 .LASF3619
     /tmp/cc7KEiL4.s:96096  .debug_str:000000000002f06a .LASF3620
     /tmp/cc7KEiL4.s:93420  .debug_str:0000000000024000 .LASF3621
     /tmp/cc7KEiL4.s:99866  .debug_str:000000000003e7a6 .LASF3622
     /tmp/cc7KEiL4.s:85824  .debug_str:000000000000495e .LASF3623
     /tmp/cc7KEiL4.s:93714  .debug_str:000000000002527f .LASF3624
     /tmp/cc7KEiL4.s:91962  .debug_str:000000000001e0d4 .LASF3625
     /tmp/cc7KEiL4.s:89840  .debug_str:0000000000014fd1 .LASF3626
     /tmp/cc7KEiL4.s:102304  .debug_str:0000000000048b55 .LASF3627
     /tmp/cc7KEiL4.s:96878  .debug_str:000000000003256e .LASF3628
     /tmp/cc7KEiL4.s:96224  .debug_str:000000000002f8b0 .LASF3629
     /tmp/cc7KEiL4.s:89962  .debug_str:0000000000015728 .LASF3630
     /tmp/cc7KEiL4.s:86358  .debug_str:0000000000006ec7 .LASF3631
     /tmp/cc7KEiL4.s:91298  .debug_str:000000000001b25f .LASF3632
     /tmp/cc7KEiL4.s:90956  .debug_str:0000000000019aa9 .LASF3633
     /tmp/cc7KEiL4.s:86482  .debug_str:0000000000007696 .LASF3634
     /tmp/cc7KEiL4.s:90158  .debug_str:00000000000163f1 .LASF3635
     /tmp/cc7KEiL4.s:99190  .debug_str:000000000003baf5 .LASF3636
     /tmp/cc7KEiL4.s:91996  .debug_str:000000000001e325 .LASF3637
     /tmp/cc7KEiL4.s:92748  .debug_str:00000000000216b0 .LASF3638
     /tmp/cc7KEiL4.s:91342  .debug_str:000000000001b618 .LASF3639
     /tmp/cc7KEiL4.s:93496  .debug_str:0000000000024386 .LASF3640
     /tmp/cc7KEiL4.s:94750  .debug_str:00000000000295f5 .LASF3641
     /tmp/cc7KEiL4.s:98710  .debug_str:00000000000399ce .LASF3642
     /tmp/cc7KEiL4.s:101274  .debug_str:000000000004445d .LASF3643
     /tmp/cc7KEiL4.s:93574  .debug_str:000000000002486d .LASF3644
     /tmp/cc7KEiL4.s:95154  .debug_str:000000000002b00c .LASF3645
     /tmp/cc7KEiL4.s:100824  .debug_str:000000000004279a .LASF3646
     /tmp/cc7KEiL4.s:93542  .debug_str:0000000000024689 .LASF3647
     /tmp/cc7KEiL4.s:102476  .debug_str:0000000000049810 .LASF3648
     /tmp/cc7KEiL4.s:87616  .debug_str:000000000000c497 .LASF3649
     /tmp/cc7KEiL4.s:92812  .debug_str:0000000000021af4 .LASF3650
     /tmp/cc7KEiL4.s:91440  .debug_str:000000000001bbe7 .LASF3651
     /tmp/cc7KEiL4.s:98890  .debug_str:000000000003a681 .LASF3652
     /tmp/cc7KEiL4.s:101724  .debug_str:0000000000046424 .LASF3653
     /tmp/cc7KEiL4.s:91918  .debug_str:000000000001dd95 .LASF3654
     /tmp/cc7KEiL4.s:91492  .debug_str:000000000001bf90 .LASF3655
     /tmp/cc7KEiL4.s:98586  .debug_str:0000000000039112 .LASF3656
     /tmp/cc7KEiL4.s:100030  .debug_str:000000000003f2df .LASF3657
     /tmp/cc7KEiL4.s:102812  .debug_str:000000000004b0e6 .LASF3658
     /tmp/cc7KEiL4.s:102920  .debug_str:000000000004b82f .LASF3659
     /tmp/cc7KEiL4.s:87660  .debug_str:000000000000c72b .LASF3660
     /tmp/cc7KEiL4.s:100692  .debug_str:0000000000041faa .LASF3661
     /tmp/cc7KEiL4.s:99734  .debug_str:000000000003ddfd .LASF3662
     /tmp/cc7KEiL4.s:85214  .debug_str:0000000000001e05 .LASF3663
     /tmp/cc7KEiL4.s:86172  .debug_str:000000000000613f .LASF3664
     /tmp/cc7KEiL4.s:87216  .debug_str:000000000000a83b .LASF3665
     /tmp/cc7KEiL4.s:96636  .debug_str:0000000000031559 .LASF3666
     /tmp/cc7KEiL4.s:89704  .debug_str:0000000000014656 .LASF3667
     /tmp/cc7KEiL4.s:94948  .debug_str:000000000002a2f6 .LASF3668
     /tmp/cc7KEiL4.s:101532  .debug_str:00000000000455ea .LASF3669
     /tmp/cc7KEiL4.s:100704  .debug_str:0000000000042059 .LASF3670
     /tmp/cc7KEiL4.s:91904  .debug_str:000000000001dc8e .LASF3671
     /tmp/cc7KEiL4.s:91366  .debug_str:000000000001b78e .LASF3672
     /tmp/cc7KEiL4.s:94748  .debug_str:00000000000295e3 .LASF3673
     /tmp/cc7KEiL4.s:101680  .debug_str:0000000000046092 .LASF3674
     /tmp/cc7KEiL4.s:85280  .debug_str:00000000000022ca .LASF3675
     /tmp/cc7KEiL4.s:96952  .debug_str:0000000000032a29 .LASF3676
     /tmp/cc7KEiL4.s:101162  .debug_str:0000000000043d3f .LASF3677
     /tmp/cc7KEiL4.s:91438  .debug_str:000000000001bbd8 .LASF3678
     /tmp/cc7KEiL4.s:100496  .debug_str:00000000000412a1 .LASF3679
     /tmp/cc7KEiL4.s:87734  .debug_str:000000000000cc4c .LASF3680
     /tmp/cc7KEiL4.s:96654  .debug_str:00000000000316b2 .LASF3681
     /tmp/cc7KEiL4.s:91654  .debug_str:000000000001cb15 .LASF3682
     /tmp/cc7KEiL4.s:91728  .debug_str:000000000001d07b .LASF3683
     /tmp/cc7KEiL4.s:92608  .debug_str:0000000000020caf .LASF3684
     /tmp/cc7KEiL4.s:97382  .debug_str:00000000000347db .LASF3685
     /tmp/cc7KEiL4.s:90508  .debug_str:0000000000017b8e .LASF3686
     /tmp/cc7KEiL4.s:97978  .debug_str:0000000000036b75 .LASF3687
     /tmp/cc7KEiL4.s:92388  .debug_str:000000000001fea1 .LASF3688
     /tmp/cc7KEiL4.s:95036  .debug_str:000000000002a8c9 .LASF3689
     /tmp/cc7KEiL4.s:85168  .debug_str:0000000000001b2a .LASF3690
     /tmp/cc7KEiL4.s:96140  .debug_str:000000000002f2ff .LASF3691
     /tmp/cc7KEiL4.s:96914  .debug_str:000000000003285c .LASF3692
     /tmp/cc7KEiL4.s:96702  .debug_str:00000000000319fd .LASF3693
     /tmp/cc7KEiL4.s:102210  .debug_str:00000000000484c9 .LASF3694
     /tmp/cc7KEiL4.s:88730  .debug_str:000000000001071e .LASF3695
     /tmp/cc7KEiL4.s:87644  .debug_str:000000000000c681 .LASF3696
     /tmp/cc7KEiL4.s:87292  .debug_str:000000000000ae0d .LASF3697
     /tmp/cc7KEiL4.s:93610  .debug_str:0000000000024abe .LASF3698
     /tmp/cc7KEiL4.s:91084  .debug_str:000000000001a35c .LASF3699
     /tmp/cc7KEiL4.s:102020  .debug_str:00000000000476fb .LASF3700
     /tmp/cc7KEiL4.s:98834  .debug_str:000000000003a279 .LASF3701
     /tmp/cc7KEiL4.s:85146  .debug_str:0000000000001952 .LASF3702
     /tmp/cc7KEiL4.s:86226  .debug_str:00000000000064fa .LASF3703
     /tmp/cc7KEiL4.s:95504  .debug_str:000000000002c730 .LASF3704
     /tmp/cc7KEiL4.s:85614  .debug_str:0000000000003aa0 .LASF3705
     /tmp/cc7KEiL4.s:101242  .debug_str:0000000000044247 .LASF3706
     /tmp/cc7KEiL4.s:85448  .debug_str:0000000000002fdd .LASF3707
     /tmp/cc7KEiL4.s:92540  .debug_str:0000000000020867 .LASF3708
     /tmp/cc7KEiL4.s:87300  .debug_str:000000000000ae8e .LASF3709
     /tmp/cc7KEiL4.s:94134  .debug_str:0000000000026e30 .LASF3710
     /tmp/cc7KEiL4.s:93974  .debug_str:000000000002636b .LASF3711
     /tmp/cc7KEiL4.s:98798  .debug_str:000000000003a075 .LASF3712
     /tmp/cc7KEiL4.s:90510  .debug_str:0000000000017b9e .LASF3713
     /tmp/cc7KEiL4.s:86778  .debug_str:0000000000008a76 .LASF3714
     /tmp/cc7KEiL4.s:90868  .debug_str:00000000000193f5 .LASF3715
     /tmp/cc7KEiL4.s:93240  .debug_str:000000000002369d .LASF3716
     /tmp/cc7KEiL4.s:91480  .debug_str:000000000001bea6 .LASF3717
     /tmp/cc7KEiL4.s:89156  .debug_str:0000000000012393 .LASF3718
     /tmp/cc7KEiL4.s:93222  .debug_str:0000000000023581 .LASF3719
     /tmp/cc7KEiL4.s:94364  .debug_str:0000000000027d0c .LASF3720
     /tmp/cc7KEiL4.s:102462  .debug_str:00000000000496e7 .LASF3721
     /tmp/cc7KEiL4.s:90072  .debug_str:0000000000015e6f .LASF3722
     /tmp/cc7KEiL4.s:91490  .debug_str:000000000001bf7a .LASF3723
     /tmp/cc7KEiL4.s:95734  .debug_str:000000000002d74c .LASF3724
     /tmp/cc7KEiL4.s:95146  .debug_str:000000000002af99 .LASF3725
     /tmp/cc7KEiL4.s:98374  .debug_str:00000000000382aa .LASF3726
     /tmp/cc7KEiL4.s:87808  .debug_str:000000000000d11c .LASF3727
     /tmp/cc7KEiL4.s:95798  .debug_str:000000000002db60 .LASF3728
     /tmp/cc7KEiL4.s:91382  .debug_str:000000000001b877 .LASF3729
     /tmp/cc7KEiL4.s:94120  .debug_str:0000000000026d77 .LASF3730
     /tmp/cc7KEiL4.s:95426  .debug_str:000000000002c1dd .LASF3731
     /tmp/cc7KEiL4.s:99448  .debug_str:000000000003cbb6 .LASF3732
     /tmp/cc7KEiL4.s:100136  .debug_str:000000000003fa85 .LASF3733
     /tmp/cc7KEiL4.s:99590  .debug_str:000000000003d4a2 .LASF3734
     /tmp/cc7KEiL4.s:94768  .debug_str:0000000000029724 .LASF3735
     /tmp/cc7KEiL4.s:98412  .debug_str:000000000003855a .LASF3736
     /tmp/cc7KEiL4.s:86096  .debug_str:0000000000005c4d .LASF3737
     /tmp/cc7KEiL4.s:96746  .debug_str:0000000000031cfe .LASF3738
     /tmp/cc7KEiL4.s:102098  .debug_str:0000000000047d15 .LASF3739
     /tmp/cc7KEiL4.s:100032  .debug_str:000000000003f2f0 .LASF3740
     /tmp/cc7KEiL4.s:102734  .debug_str:000000000004ab13 .LASF3741
     /tmp/cc7KEiL4.s:84908  .debug_str:0000000000000939 .LASF3742
     /tmp/cc7KEiL4.s:87286  .debug_str:000000000000ad99 .LASF3743
     /tmp/cc7KEiL4.s:92636  .debug_str:0000000000020e74 .LASF3744
     /tmp/cc7KEiL4.s:101022  .debug_str:00000000000433cb .LASF3745
     /tmp/cc7KEiL4.s:96872  .debug_str:00000000000324eb .LASF3746
     /tmp/cc7KEiL4.s:96116  .debug_str:000000000002f160 .LASF3747
     /tmp/cc7KEiL4.s:103168  .debug_str:000000000004c8e6 .LASF3748
     /tmp/cc7KEiL4.s:97280  .debug_str:0000000000034120 .LASF3749
     /tmp/cc7KEiL4.s:92446  .debug_str:00000000000202e7 .LASF3750
     /tmp/cc7KEiL4.s:92258  .debug_str:000000000001f5bd .LASF3751
     /tmp/cc7KEiL4.s:97612  .debug_str:0000000000035633 .LASF3752
     /tmp/cc7KEiL4.s:96266  .debug_str:000000000002fb39 .LASF3753
     /tmp/cc7KEiL4.s:99792  .debug_str:000000000003e22d .LASF3754
     /tmp/cc7KEiL4.s:93488  .debug_str:00000000000242d3 .LASF3755
     /tmp/cc7KEiL4.s:91768  .debug_str:000000000001d34c .LASF3756
     /tmp/cc7KEiL4.s:95698  .debug_str:000000000002d52a .LASF3757
     /tmp/cc7KEiL4.s:95632  .debug_str:000000000002cfd6 .LASF3758
     /tmp/cc7KEiL4.s:101338  .debug_str:00000000000448f4 .LASF3759
     /tmp/cc7KEiL4.s:85350  .debug_str:000000000000285a .LASF3760
     /tmp/cc7KEiL4.s:93394  .debug_str:0000000000023e31 .LASF3761
     /tmp/cc7KEiL4.s:99556  .debug_str:000000000003d29f .LASF3762
     /tmp/cc7KEiL4.s:96008  .debug_str:000000000002eac9 .LASF3763
     /tmp/cc7KEiL4.s:95604  .debug_str:000000000002cdb5 .LASF3764
     /tmp/cc7KEiL4.s:86168  .debug_str:0000000000006118 .LASF3765
     /tmp/cc7KEiL4.s:102554  .debug_str:0000000000049cad .LASF3766
     /tmp/cc7KEiL4.s:93204  .debug_str:000000000002344f .LASF3767
     /tmp/cc7KEiL4.s:87454  .debug_str:000000000000b9c0 .LASF3768
     /tmp/cc7KEiL4.s:87124  .debug_str:000000000000a22f .LASF3769
     /tmp/cc7KEiL4.s:90696  .debug_str:000000000001880b .LASF3770
     /tmp/cc7KEiL4.s:96138  .debug_str:000000000002f2e9 .LASF3771
     /tmp/cc7KEiL4.s:89216  .debug_str:000000000001281e .LASF3772
     /tmp/cc7KEiL4.s:86600  .debug_str:0000000000007da5 .LASF3773
     /tmp/cc7KEiL4.s:89168  .debug_str:0000000000012428 .LASF3774
     /tmp/cc7KEiL4.s:102698  .debug_str:000000000004a8f8 .LASF3775
     /tmp/cc7KEiL4.s:95338  .debug_str:000000000002bbd8 .LASF3776
     /tmp/cc7KEiL4.s:100368  .debug_str:0000000000040a5b .LASF3777
     /tmp/cc7KEiL4.s:98224  .debug_str:000000000003784b .LASF3778
     /tmp/cc7KEiL4.s:90652  .debug_str:0000000000018550 .LASF3779
     /tmp/cc7KEiL4.s:96424  .debug_str:000000000003068f .LASF3780
     /tmp/cc7KEiL4.s:86452  .debug_str:00000000000074be .LASF3781
     /tmp/cc7KEiL4.s:100384  .debug_str:0000000000040b5a .LASF3782
     /tmp/cc7KEiL4.s:86208  .debug_str:00000000000063d1 .LASF3783
     /tmp/cc7KEiL4.s:90148  .debug_str:000000000001635d .LASF3784
     /tmp/cc7KEiL4.s:90766  .debug_str:0000000000018d12 .LASF3785
     /tmp/cc7KEiL4.s:95244  .debug_str:000000000002b562 .LASF3786
     /tmp/cc7KEiL4.s:90354  .debug_str:0000000000017179 .LASF3787
     /tmp/cc7KEiL4.s:93984  .debug_str:0000000000026451 .LASF3788
     /tmp/cc7KEiL4.s:86616  .debug_str:0000000000007ee8 .LASF3789
     /tmp/cc7KEiL4.s:88096  .debug_str:000000000000e28f .LASF3790
     /tmp/cc7KEiL4.s:90492  .debug_str:0000000000017aa3 .LASF3791
     /tmp/cc7KEiL4.s:95194  .debug_str:000000000002b279 .LASF3792
     /tmp/cc7KEiL4.s:93568  .debug_str:0000000000024814 .LASF3793
     /tmp/cc7KEiL4.s:93178  .debug_str:000000000002333b .LASF3794
     /tmp/cc7KEiL4.s:86196  .debug_str:0000000000006309 .LASF3795
     /tmp/cc7KEiL4.s:102188  .debug_str:0000000000048339 .LASF3796
     /tmp/cc7KEiL4.s:88566  .debug_str:000000000000fd20 .LASF3797
     /tmp/cc7KEiL4.s:101486  .debug_str:0000000000045300 .LASF3798
     /tmp/cc7KEiL4.s:94608  .debug_str:0000000000028c81 .LASF3799
     /tmp/cc7KEiL4.s:91108  .debug_str:000000000001a49e .LASF3800
     /tmp/cc7KEiL4.s:89594  .debug_str:0000000000013ee3 .LASF3801
     /tmp/cc7KEiL4.s:92342  .debug_str:000000000001fb69 .LASF3802
     /tmp/cc7KEiL4.s:86534  .debug_str:00000000000079ac .LASF3803
     /tmp/cc7KEiL4.s:95622  .debug_str:000000000002cee8 .LASF3804
     /tmp/cc7KEiL4.s:94662  .debug_str:000000000002905d .LASF3805
     /tmp/cc7KEiL4.s:86112  .debug_str:0000000000005d8d .LASF3806
     /tmp/cc7KEiL4.s:89862  .debug_str:00000000000150fa .LASF3807
     /tmp/cc7KEiL4.s:99960  .debug_str:000000000003ee0f .LASF3808
     /tmp/cc7KEiL4.s:102010  .debug_str:0000000000047657 .LASF3809
     /tmp/cc7KEiL4.s:98554  .debug_str:0000000000038f31 .LASF3810
     /tmp/cc7KEiL4.s:94340  .debug_str:0000000000027b73 .LASF3811
     /tmp/cc7KEiL4.s:95932  .debug_str:000000000002e52d .LASF3812
     /tmp/cc7KEiL4.s:99608  .debug_str:000000000003d5af .LASF3813
     /tmp/cc7KEiL4.s:102804  .debug_str:000000000004b074 .LASF3814
     /tmp/cc7KEiL4.s:87972  .debug_str:000000000000db7a .LASF3815
     /tmp/cc7KEiL4.s:89672  .debug_str:0000000000014434 .LASF3816
     /tmp/cc7KEiL4.s:95152  .debug_str:000000000002aff4 .LASF3817
     /tmp/cc7KEiL4.s:92966  .debug_str:0000000000022546 .LASF3818
     /tmp/cc7KEiL4.s:93318  .debug_str:0000000000023a7d .LASF3819
     /tmp/cc7KEiL4.s:92998  .debug_str:000000000002277d .LASF3820
     /tmp/cc7KEiL4.s:94032  .debug_str:00000000000266f4 .LASF3821
     /tmp/cc7KEiL4.s:98672  .debug_str:000000000003973c .LASF3822
     /tmp/cc7KEiL4.s:87246  .debug_str:000000000000aa6a .LASF3823
     /tmp/cc7KEiL4.s:102140  .debug_str:0000000000048037 .LASF3824
     /tmp/cc7KEiL4.s:97098  .debug_str:000000000003346a .LASF3825
     /tmp/cc7KEiL4.s:103162  .debug_str:000000000004c889 .LASF3826
     /tmp/cc7KEiL4.s:85408  .debug_str:0000000000002c51 .LASF3827
     /tmp/cc7KEiL4.s:98414  .debug_str:0000000000038573 .LASF3828
     /tmp/cc7KEiL4.s:93988  .debug_str:000000000002647e .LASF3829
     /tmp/cc7KEiL4.s:86662  .debug_str:0000000000008214 .LASF3830
     /tmp/cc7KEiL4.s:100800  .debug_str:00000000000425fc .LASF3831
     /tmp/cc7KEiL4.s:89590  .debug_str:0000000000013ea9 .LASF3832
     /tmp/cc7KEiL4.s:101974  .debug_str:00000000000473ff .LASF3833
     /tmp/cc7KEiL4.s:101572  .debug_str:00000000000458aa .LASF3834
     /tmp/cc7KEiL4.s:92416  .debug_str:00000000000200b8 .LASF3835
     /tmp/cc7KEiL4.s:85484  .debug_str:00000000000031fe .LASF3836
     /tmp/cc7KEiL4.s:97210  .debug_str:0000000000033c56 .LASF3837
     /tmp/cc7KEiL4.s:84860  .debug_str:0000000000000626 .LASF3838
     /tmp/cc7KEiL4.s:103044  .debug_str:000000000004c0b9 .LASF3839
     /tmp/cc7KEiL4.s:85198  .debug_str:0000000000001ce9 .LASF3840
     /tmp/cc7KEiL4.s:95440  .debug_str:000000000002c286 .LASF3841
     /tmp/cc7KEiL4.s:103130  .debug_str:000000000004c63c .LASF3842
     /tmp/cc7KEiL4.s:102280  .debug_str:00000000000489a8 .LASF3843
     /tmp/cc7KEiL4.s:87222  .debug_str:000000000000a873 .LASF3844
     /tmp/cc7KEiL4.s:101262  .debug_str:0000000000044387 .LASF3845
     /tmp/cc7KEiL4.s:91564  .debug_str:000000000001c452 .LASF3846
     /tmp/cc7KEiL4.s:102560  .debug_str:0000000000049d55 .LASF3847
     /tmp/cc7KEiL4.s:94160  .debug_str:0000000000026fdd .LASF3848
     /tmp/cc7KEiL4.s:93904  .debug_str:0000000000025eca .LASF3849
     /tmp/cc7KEiL4.s:87148  .debug_str:000000000000a37e .LASF3850
     /tmp/cc7KEiL4.s:86866  .debug_str:0000000000009045 .LASF3851
     /tmp/cc7KEiL4.s:100798  .debug_str:00000000000425e5 .LASF3852
     /tmp/cc7KEiL4.s:87450  .debug_str:000000000000b985 .LASF3853
     /tmp/cc7KEiL4.s:90450  .debug_str:0000000000017854 .LASF3854
     /tmp/cc7KEiL4.s:93346  .debug_str:0000000000023c62 .LASF3855
     /tmp/cc7KEiL4.s:91872  .debug_str:000000000001d998 .LASF3856
     /tmp/cc7KEiL4.s:85796  .debug_str:0000000000004798 .LASF3857
     /tmp/cc7KEiL4.s:85608  .debug_str:0000000000003a3a .LASF3858
     /tmp/cc7KEiL4.s:90544  .debug_str:0000000000017d68 .LASF3859
     /tmp/cc7KEiL4.s:87712  .debug_str:000000000000cb00 .LASF3860
     /tmp/cc7KEiL4.s:94572  .debug_str:0000000000028a2b .LASF3861
     /tmp/cc7KEiL4.s:91424  .debug_str:000000000001bb32 .LASF3862
     /tmp/cc7KEiL4.s:101216  .debug_str:0000000000044069 .LASF3863
     /tmp/cc7KEiL4.s:94852  .debug_str:0000000000029c3b .LASF3864
     /tmp/cc7KEiL4.s:85930  .debug_str:000000000000501a .LASF3865
     /tmp/cc7KEiL4.s:98102  .debug_str:000000000003712b .LASF3866
     /tmp/cc7KEiL4.s:98936  .debug_str:000000000003a985 .LASF3867
     /tmp/cc7KEiL4.s:88278  .debug_str:000000000000ebde .LASF3868
     /tmp/cc7KEiL4.s:92276  .debug_str:000000000001f6d8 .LASF3869
     /tmp/cc7KEiL4.s:85560  .debug_str:00000000000036b2 .LASF3870
     /tmp/cc7KEiL4.s:98270  .debug_str:0000000000037b0e .LASF3871
     /tmp/cc7KEiL4.s:98588  .debug_str:0000000000039125 .LASF3872
     /tmp/cc7KEiL4.s:99422  .debug_str:000000000003ca30 .LASF3873
     /tmp/cc7KEiL4.s:96770  .debug_str:0000000000031e4e .LASF3874
     /tmp/cc7KEiL4.s:101154  .debug_str:0000000000043cc5 .LASF3875
     /tmp/cc7KEiL4.s:94962  .debug_str:000000000002a3c3 .LASF3876
     /tmp/cc7KEiL4.s:91966  .debug_str:000000000001e10b .LASF3877
     /tmp/cc7KEiL4.s:88970  .debug_str:00000000000116f0 .LASF3878
     /tmp/cc7KEiL4.s:87172  .debug_str:000000000000a538 .LASF3879
     /tmp/cc7KEiL4.s:85940  .debug_str:00000000000050e8 .LASF3880
     /tmp/cc7KEiL4.s:86920  .debug_str:000000000000943a .LASF3881
     /tmp/cc7KEiL4.s:98050  .debug_str:0000000000036ee2 .LASF3882
     /tmp/cc7KEiL4.s:95550  .debug_str:000000000002cac9 .LASF3883
     /tmp/cc7KEiL4.s:87668  .debug_str:000000000000c7bc .LASF3884
     /tmp/cc7KEiL4.s:99164  .debug_str:000000000003b92b .LASF3885
     /tmp/cc7KEiL4.s:94198  .debug_str:00000000000272ce .LASF3886
     /tmp/cc7KEiL4.s:92940  .debug_str:00000000000223c7 .LASF3887
     /tmp/cc7KEiL4.s:103042  .debug_str:000000000004c0a3 .LASF3888
     /tmp/cc7KEiL4.s:93634  .debug_str:0000000000024c9c .LASF3889
     /tmp/cc7KEiL4.s:87146  .debug_str:000000000000a368 .LASF3890
     /tmp/cc7KEiL4.s:97342  .debug_str:0000000000034512 .LASF3891
     /tmp/cc7KEiL4.s:102674  .debug_str:000000000004a748 .LASF3892
     /tmp/cc7KEiL4.s:98204  .debug_str:000000000003773a .LASF3893
     /tmp/cc7KEiL4.s:89106  .debug_str:0000000000012011 .LASF3894
     /tmp/cc7KEiL4.s:99358  .debug_str:000000000003c573 .LASF3895
     /tmp/cc7KEiL4.s:85056  .debug_str:000000000000134f .LASF3896
     /tmp/cc7KEiL4.s:97064  .debug_str:000000000003320a .LASF3897
     /tmp/cc7KEiL4.s:86200  .debug_str:0000000000006329 .LASF3898
     /tmp/cc7KEiL4.s:89418  .debug_str:000000000001346d .LASF3899
     /tmp/cc7KEiL4.s:88196  .debug_str:000000000000e737 .LASF3900
     /tmp/cc7KEiL4.s:90790  .debug_str:0000000000018e48 .LASF3901
     /tmp/cc7KEiL4.s:86816  .debug_str:0000000000008caf .LASF3902
     /tmp/cc7KEiL4.s:89136  .debug_str:0000000000012225 .LASF3903
     /tmp/cc7KEiL4.s:102750  .debug_str:000000000004ac3c .LASF3904
     /tmp/cc7KEiL4.s:91726  .debug_str:000000000001d061 .LASF3905
     /tmp/cc7KEiL4.s:100118  .debug_str:000000000003f973 .LASF3906
     /tmp/cc7KEiL4.s:93160  .debug_str:00000000000231d1 .LASF3907
     /tmp/cc7KEiL4.s:92324  .debug_str:000000000001fa10 .LASF3908
     /tmp/cc7KEiL4.s:100752  .debug_str:000000000004235e .LASF3909
     /tmp/cc7KEiL4.s:98800  .debug_str:000000000003a089 .LASF3910
     /tmp/cc7KEiL4.s:89484  .debug_str:000000000001387b .LASF3911
     /tmp/cc7KEiL4.s:93768  .debug_str:00000000000255d7 .LASF3912
     /tmp/cc7KEiL4.s:102316  .debug_str:0000000000048c06 .LASF3913
     /tmp/cc7KEiL4.s:98952  .debug_str:000000000003aa82 .LASF3914
     /tmp/cc7KEiL4.s:89018  .debug_str:0000000000011a3e .LASF3915
     /tmp/cc7KEiL4.s:100654  .debug_str:0000000000041d31 .LASF3916
     /tmp/cc7KEiL4.s:92042  .debug_str:000000000001e5ed .LASF3917
     /tmp/cc7KEiL4.s:102596  .debug_str:000000000004a077 .LASF3918
     /tmp/cc7KEiL4.s:91008  .debug_str:0000000000019e4b .LASF3919
     /tmp/cc7KEiL4.s:100146  .debug_str:000000000003fb10 .LASF3920
     /tmp/cc7KEiL4.s:88836  .debug_str:0000000000010d31 .LASF3921
     /tmp/cc7KEiL4.s:94624  .debug_str:0000000000028d4e .LASF3922
     /tmp/cc7KEiL4.s:101904  .debug_str:0000000000046f7d .LASF3923
     /tmp/cc7KEiL4.s:95386  .debug_str:000000000002bec5 .LASF3924
     /tmp/cc7KEiL4.s:88184  .debug_str:000000000000e660 .LASF3925
     /tmp/cc7KEiL4.s:95174  .debug_str:000000000002b139 .LASF3926
     /tmp/cc7KEiL4.s:88608  .debug_str:000000000000ff7f .LASF3927
     /tmp/cc7KEiL4.s:101054  .debug_str:00000000000435dc .LASF3928
     /tmp/cc7KEiL4.s:88810  .debug_str:0000000000010bb1 .LASF3929
     /tmp/cc7KEiL4.s:85200  .debug_str:0000000000001d00 .LASF3930
     /tmp/cc7KEiL4.s:88492  .debug_str:000000000000f89d .LASF3931
     /tmp/cc7KEiL4.s:103126  .debug_str:000000000004c617 .LASF3932
     /tmp/cc7KEiL4.s:96806  .debug_str:00000000000320d4 .LASF3933
     /tmp/cc7KEiL4.s:102756  .debug_str:000000000004acb6 .LASF3934
     /tmp/cc7KEiL4.s:85038  .debug_str:000000000000120f .LASF3935
     /tmp/cc7KEiL4.s:100304  .debug_str:0000000000040553 .LASF3936
     /tmp/cc7KEiL4.s:101496  .debug_str:0000000000045390 .LASF3937
     /tmp/cc7KEiL4.s:90270  .debug_str:0000000000016c8e .LASF3938
     /tmp/cc7KEiL4.s:92628  .debug_str:0000000000020e01 .LASF3939
     /tmp/cc7KEiL4.s:90880  .debug_str:00000000000194be .LASF3940
     /tmp/cc7KEiL4.s:101982  .debug_str:0000000000047495 .LASF3941
     /tmp/cc7KEiL4.s:98922  .debug_str:000000000003a897 .LASF3942
     /tmp/cc7KEiL4.s:98898  .debug_str:000000000003a6ee .LASF3943
     /tmp/cc7KEiL4.s:90296  .debug_str:0000000000016e45 .LASF3944
     /tmp/cc7KEiL4.s:98258  .debug_str:00000000000379fd .LASF3945
     /tmp/cc7KEiL4.s:94098  .debug_str:0000000000026bb3 .LASF3946
     /tmp/cc7KEiL4.s:95366  .debug_str:000000000002bd85 .LASF3947
     /tmp/cc7KEiL4.s:96284  .debug_str:000000000002fc63 .LASF3948
     /tmp/cc7KEiL4.s:103148  .debug_str:000000000004c7ce .LASF3949
     /tmp/cc7KEiL4.s:99026  .debug_str:000000000003af3f .LASF3950
     /tmp/cc7KEiL4.s:101968  .debug_str:0000000000047389 .LASF3951
     /tmp/cc7KEiL4.s:88812  .debug_str:0000000000010bcb .LASF3952
     /tmp/cc7KEiL4.s:95460  .debug_str:000000000002c3fe .LASF3953
     /tmp/cc7KEiL4.s:91488  .debug_str:000000000001bf61 .LASF3954
     /tmp/cc7KEiL4.s:94006  .debug_str:0000000000026570 .LASF3955
     /tmp/cc7KEiL4.s:97292  .debug_str:00000000000341d4 .LASF3956
     /tmp/cc7KEiL4.s:102522  .debug_str:0000000000049ac7 .LASF3957
     /tmp/cc7KEiL4.s:97154  .debug_str:0000000000033898 .LASF3958
     /tmp/cc7KEiL4.s:102746  .debug_str:000000000004ac22 .LASF3959
     /tmp/cc7KEiL4.s:94512  .debug_str:0000000000028731 .LASF3960
     /tmp/cc7KEiL4.s:101898  .debug_str:0000000000046f26 .LASF3961
     /tmp/cc7KEiL4.s:86936  .debug_str:0000000000009597 .LASF3962
     /tmp/cc7KEiL4.s:94278  .debug_str:0000000000027788 .LASF3963
     /tmp/cc7KEiL4.s:96880  .debug_str:0000000000032580 .LASF3964
     /tmp/cc7KEiL4.s:98964  .debug_str:000000000003ab1f .LASF3965
     /tmp/cc7KEiL4.s:92514  .debug_str:0000000000020758 .LASF3966
     /tmp/cc7KEiL4.s:86090  .debug_str:0000000000005bf5 .LASF3967
     /tmp/cc7KEiL4.s:101460  .debug_str:0000000000045152 .LASF3968
     /tmp/cc7KEiL4.s:92536  .debug_str:000000000002083f .LASF3969
     /tmp/cc7KEiL4.s:102000  .debug_str:00000000000475af .LASF3970
     /tmp/cc7KEiL4.s:97036  .debug_str:000000000003301c .LASF3971
     /tmp/cc7KEiL4.s:102818  .debug_str:000000000004b131 .LASF3972
     /tmp/cc7KEiL4.s:100242  .debug_str:000000000004010f .LASF3973
     /tmp/cc7KEiL4.s:99184  .debug_str:000000000003baab .LASF3974
     /tmp/cc7KEiL4.s:85262  .debug_str:00000000000021d4 .LASF3975
     /tmp/cc7KEiL4.s:101014  .debug_str:0000000000043379 .LASF3976
     /tmp/cc7KEiL4.s:91504  .debug_str:000000000001c025 .LASF3977
     /tmp/cc7KEiL4.s:90288  .debug_str:0000000000016dca .LASF3978
     /tmp/cc7KEiL4.s:86282  .debug_str:000000000000694e .LASF3979
     /tmp/cc7KEiL4.s:97088  .debug_str:00000000000333dc .LASF3980
     /tmp/cc7KEiL4.s:101102  .debug_str:00000000000438c4 .LASF3981
     /tmp/cc7KEiL4.s:98740  .debug_str:0000000000039c2b .LASF3982
     /tmp/cc7KEiL4.s:93814  .debug_str:0000000000025846 .LASF3983
     /tmp/cc7KEiL4.s:98208  .debug_str:0000000000037770 .LASF3984
     /tmp/cc7KEiL4.s:95814  .debug_str:000000000002dcbb .LASF3985
     /tmp/cc7KEiL4.s:97424  .debug_str:0000000000034a34 .LASF3986
     /tmp/cc7KEiL4.s:101558  .debug_str:00000000000457ae .LASF3987
     /tmp/cc7KEiL4.s:92538  .debug_str:0000000000020850 .LASF3988
     /tmp/cc7KEiL4.s:101322  .debug_str:0000000000044817 .LASF3989
     /tmp/cc7KEiL4.s:84808  .debug_str:000000000000026c .LASF3990
     /tmp/cc7KEiL4.s:87360  .debug_str:000000000000b2cd .LASF3991
     /tmp/cc7KEiL4.s:99242  .debug_str:000000000003be5d .LASF3992
     /tmp/cc7KEiL4.s:92584  .debug_str:0000000000020be6 .LASF3993
     /tmp/cc7KEiL4.s:101926  .debug_str:0000000000047119 .LASF3994
     /tmp/cc7KEiL4.s:89570  .debug_str:0000000000013db6 .LASF3995
     /tmp/cc7KEiL4.s:89280  .debug_str:0000000000012bdc .LASF3996
     /tmp/cc7KEiL4.s:98186  .debug_str:00000000000375f1 .LASF3997
     /tmp/cc7KEiL4.s:85496  .debug_str:00000000000032df .LASF3998
     /tmp/cc7KEiL4.s:99336  .debug_str:000000000003c3cb .LASF3999
     /tmp/cc7KEiL4.s:89048  .debug_str:0000000000011c64 .LASF4000
     /tmp/cc7KEiL4.s:90424  .debug_str:000000000001768d .LASF4001
     /tmp/cc7KEiL4.s:97650  .debug_str:0000000000035903 .LASF4002
     /tmp/cc7KEiL4.s:87656  .debug_str:000000000000c706 .LASF4003
     /tmp/cc7KEiL4.s:95038  .debug_str:000000000002a8da .LASF4004
     /tmp/cc7KEiL4.s:95246  .debug_str:000000000002b577 .LASF4005
     /tmp/cc7KEiL4.s:100458  .debug_str:0000000000041008 .LASF4006
     /tmp/cc7KEiL4.s:94008  .debug_str:000000000002658b .LASF4007
     /tmp/cc7KEiL4.s:90776  .debug_str:0000000000018d70 .LASF4008
     /tmp/cc7KEiL4.s:85512  .debug_str:00000000000033a4 .LASF4009
     /tmp/cc7KEiL4.s:93838  .debug_str:00000000000259e9 .LASF4010
     /tmp/cc7KEiL4.s:85400  .debug_str:0000000000002bb5 .LASF4011
     /tmp/cc7KEiL4.s:95712  .debug_str:000000000002d5f2 .LASF4012
     /tmp/cc7KEiL4.s:99270  .debug_str:000000000003c05e .LASF4013
     /tmp/cc7KEiL4.s:89020  .debug_str:0000000000011a58 .LASF4014
     /tmp/cc7KEiL4.s:89498  .debug_str:0000000000013957 .LASF4015
     /tmp/cc7KEiL4.s:97560  .debug_str:0000000000035389 .LASF4016
     /tmp/cc7KEiL4.s:93516  .debug_str:00000000000244f7 .LASF4017
     /tmp/cc7KEiL4.s:102454  .debug_str:0000000000049665 .LASF4018
     /tmp/cc7KEiL4.s:94400  .debug_str:0000000000027f8f .LASF4019
     /tmp/cc7KEiL4.s:102194  .debug_str:00000000000483c6 .LASF4020
     /tmp/cc7KEiL4.s:94168  .debug_str:000000000002707c .LASF4021
     /tmp/cc7KEiL4.s:89098  .debug_str:0000000000011fae .LASF4022
     /tmp/cc7KEiL4.s:100974  .debug_str:0000000000043149 .LASF4023
     /tmp/cc7KEiL4.s:98576  .debug_str:0000000000039053 .LASF4024
     /tmp/cc7KEiL4.s:101772  .debug_str:0000000000046742 .LASF4025
     /tmp/cc7KEiL4.s:97238  .debug_str:0000000000033de6 .LASF4026
     /tmp/cc7KEiL4.s:98228  .debug_str:0000000000037880 .LASF4027
     /tmp/cc7KEiL4.s:87458  .debug_str:000000000000b9f6 .LASF4028
     /tmp/cc7KEiL4.s:99654  .debug_str:000000000003d8b6 .LASF4029
     /tmp/cc7KEiL4.s:97402  .debug_str:00000000000348e9 .LASF4030
     /tmp/cc7KEiL4.s:91856  .debug_str:000000000001d886 .LASF4031
     /tmp/cc7KEiL4.s:102482  .debug_str:0000000000049859 .LASF4032
     /tmp/cc7KEiL4.s:97356  .debug_str:000000000003460c .LASF4033
     /tmp/cc7KEiL4.s:89870  .debug_str:0000000000015143 .LASF4034
     /tmp/cc7KEiL4.s:88324  .debug_str:000000000000ee0c .LASF4035
     /tmp/cc7KEiL4.s:95182  .debug_str:000000000002b181 .LASF4036
     /tmp/cc7KEiL4.s:101686  .debug_str:000000000004611f .LASF4037
     /tmp/cc7KEiL4.s:88260  .debug_str:000000000000eacd .LASF4038
     /tmp/cc7KEiL4.s:94462  .debug_str:000000000002838a .LASF4039
     /tmp/cc7KEiL4.s:99018  .debug_str:000000000003aea4 .LASF4040
     /tmp/cc7KEiL4.s:85086  .debug_str:0000000000001510 .LASF4041
     /tmp/cc7KEiL4.s:85662  .debug_str:0000000000003dd8 .LASF4042
     /tmp/cc7KEiL4.s:95186  .debug_str:000000000002b1d3 .LASF4043
     /tmp/cc7KEiL4.s:95594  .debug_str:000000000002cd2d .LASF4044
     /tmp/cc7KEiL4.s:87518  .debug_str:000000000000bdc6 .LASF4045
     /tmp/cc7KEiL4.s:99802  .debug_str:000000000003e2be .LASF4046
     /tmp/cc7KEiL4.s:88420  .debug_str:000000000000f53b .LASF4047
     /tmp/cc7KEiL4.s:96156  .debug_str:000000000002f39e .LASF4048
     /tmp/cc7KEiL4.s:102398  .debug_str:0000000000049204 .LASF4049
     /tmp/cc7KEiL4.s:98928  .debug_str:000000000003a901 .LASF4050
     /tmp/cc7KEiL4.s:88866  .debug_str:0000000000010f98 .LASF4051
     /tmp/cc7KEiL4.s:100728  .debug_str:00000000000421be .LASF4052
     /tmp/cc7KEiL4.s:98984  .debug_str:000000000003ac34 .LASF4053
     /tmp/cc7KEiL4.s:98046  .debug_str:0000000000036ec4 .LASF4054
     /tmp/cc7KEiL4.s:92618  .debug_str:0000000000020d88 .LASF4055
     /tmp/cc7KEiL4.s:95600  .debug_str:000000000002cd99 .LASF4056
     /tmp/cc7KEiL4.s:88498  .debug_str:000000000000f903 .LASF4057
     /tmp/cc7KEiL4.s:92000  .debug_str:000000000001e371 .LASF4058
     /tmp/cc7KEiL4.s:87654  .debug_str:000000000000c6f2 .LASF4059
     /tmp/cc7KEiL4.s:87538  .debug_str:000000000000bf09 .LASF4060
     /tmp/cc7KEiL4.s:88132  .debug_str:000000000000e445 .LASF4061
     /tmp/cc7KEiL4.s:97080  .debug_str:0000000000033383 .LASF4062
     /tmp/cc7KEiL4.s:89726  .debug_str:00000000000147a9 .LASF4063
     /tmp/cc7KEiL4.s:86406  .debug_str:000000000000717b .LASF4064
     /tmp/cc7KEiL4.s:101846  .debug_str:0000000000046c02 .LASF4065
     /tmp/cc7KEiL4.s:94308  .debug_str:000000000002798d .LASF4066
     /tmp/cc7KEiL4.s:96536  .debug_str:0000000000030e2d .LASF4067
     /tmp/cc7KEiL4.s:86878  .debug_str:00000000000090f4 .LASF4068
     /tmp/cc7KEiL4.s:99844  .debug_str:000000000003e5f5 .LASF4069
     /tmp/cc7KEiL4.s:95464  .debug_str:000000000002c425 .LASF4070
     /tmp/cc7KEiL4.s:90022  .debug_str:0000000000015aed .LASF4071
     /tmp/cc7KEiL4.s:101892  .debug_str:0000000000046ebf .LASF4072
     /tmp/cc7KEiL4.s:99938  .debug_str:000000000003eca2 .LASF4073
     /tmp/cc7KEiL4.s:94690  .debug_str:00000000000291d1 .LASF4074
     /tmp/cc7KEiL4.s:102940  .debug_str:000000000004b964 .LASF4075
     /tmp/cc7KEiL4.s:101512  .debug_str:00000000000454b9 .LASF4076
     /tmp/cc7KEiL4.s:93800  .debug_str:0000000000025743 .LASF4077
     /tmp/cc7KEiL4.s:93208  .debug_str:0000000000023480 .LASF4078
     /tmp/cc7KEiL4.s:90962  .debug_str:0000000000019b2e .LASF4079
     /tmp/cc7KEiL4.s:91762  .debug_str:000000000001d2bd .LASF4080
     /tmp/cc7KEiL4.s:91236  .debug_str:000000000001adef .LASF4081
     /tmp/cc7KEiL4.s:96822  .debug_str:00000000000321fb .LASF4082
     /tmp/cc7KEiL4.s:95508  .debug_str:000000000002c761 .LASF4083
     /tmp/cc7KEiL4.s:95918  .debug_str:000000000002e407 .LASF4084
     /tmp/cc7KEiL4.s:98744  .debug_str:0000000000039c7d .LASF4085
     /tmp/cc7KEiL4.s:99194  .debug_str:000000000003bb36 .LASF4086
     /tmp/cc7KEiL4.s:87456  .debug_str:000000000000b9da .LASF4087
     /tmp/cc7KEiL4.s:90904  .debug_str:00000000000196a2 .LASF4088
     /tmp/cc7KEiL4.s:85416  .debug_str:0000000000002ce9 .LASF4089
     /tmp/cc7KEiL4.s:86796  .debug_str:0000000000008bc5 .LASF4090
     /tmp/cc7KEiL4.s:90854  .debug_str:0000000000019335 .LASF4091
     /tmp/cc7KEiL4.s:90302  .debug_str:0000000000016e7f .LASF4092
     /tmp/cc7KEiL4.s:102074  .debug_str:0000000000047b56 .LASF4093
     /tmp/cc7KEiL4.s:89874  .debug_str:0000000000015176 .LASF4094
     /tmp/cc7KEiL4.s:88046  .debug_str:000000000000df82 .LASF4095
     /tmp/cc7KEiL4.s:91192  .debug_str:000000000001aaec .LASF4096
     /tmp/cc7KEiL4.s:93744  .debug_str:0000000000025448 .LASF4097
     /tmp/cc7KEiL4.s:92268  .debug_str:000000000001f679 .LASF4098
     /tmp/cc7KEiL4.s:93612  .debug_str:0000000000024acd .LASF4099
     /tmp/cc7KEiL4.s:87872  .debug_str:000000000000d4aa .LASF4100
     /tmp/cc7KEiL4.s:90984  .debug_str:0000000000019cd6 .LASF4101
     /tmp/cc7KEiL4.s:99820  .debug_str:000000000003e3fb .LASF4102
     /tmp/cc7KEiL4.s:88690  .debug_str:00000000000104d0 .LASF4103
     /tmp/cc7KEiL4.s:91138  .debug_str:000000000001a6d8 .LASF4104
     /tmp/cc7KEiL4.s:94774  .debug_str:00000000000297bb .LASF4105
     /tmp/cc7KEiL4.s:88632  .debug_str:0000000000010046 .LASF4106
     /tmp/cc7KEiL4.s:98692  .debug_str:000000000003988b .LASF4107
     /tmp/cc7KEiL4.s:90310  .debug_str:0000000000016ed5 .LASF4108
     /tmp/cc7KEiL4.s:86956  .debug_str:000000000000973a .LASF4109
     /tmp/cc7KEiL4.s:88586  .debug_str:000000000000fe4c .LASF4110
     /tmp/cc7KEiL4.s:94016  .debug_str:00000000000265e5 .LASF4111
     /tmp/cc7KEiL4.s:87400  .debug_str:000000000000b645 .LASF4112
     /tmp/cc7KEiL4.s:92406  .debug_str:0000000000020009 .LASF4113
     /tmp/cc7KEiL4.s:91714  .debug_str:000000000001cfab .LASF4114
     /tmp/cc7KEiL4.s:101416  .debug_str:0000000000044e92 .LASF4115
     /tmp/cc7KEiL4.s:101250  .debug_str:00000000000442df .LASF4116
     /tmp/cc7KEiL4.s:89166  .debug_str:000000000001240f .LASF4117
     /tmp/cc7KEiL4.s:91716  .debug_str:000000000001cfca .LASF4118
     /tmp/cc7KEiL4.s:87922  .debug_str:000000000000d828 .LASF4119
     /tmp/cc7KEiL4.s:93544  .debug_str:000000000002469b .LASF4120
     /tmp/cc7KEiL4.s:98720  .debug_str:0000000000039a88 .LASF4121
     /tmp/cc7KEiL4.s:96668  .debug_str:00000000000317a5 .LASF4122
     /tmp/cc7KEiL4.s:100768  .debug_str:0000000000042441 .LASF4123
     /tmp/cc7KEiL4.s:102886  .debug_str:000000000004b5af .LASF4124
     /tmp/cc7KEiL4.s:96098  .debug_str:000000000002f07a .LASF4125
     /tmp/cc7KEiL4.s:95130  .debug_str:000000000002aead .LASF4126
     /tmp/cc7KEiL4.s:85510  .debug_str:0000000000003395 .LASF4127
     /tmp/cc7KEiL4.s:97720  .debug_str:0000000000035d1e .LASF4128
     /tmp/cc7KEiL4.s:92506  .debug_str:000000000002070c .LASF4129
     /tmp/cc7KEiL4.s:96426  .debug_str:00000000000306a4 .LASF4130
     /tmp/cc7KEiL4.s:89126  .debug_str:000000000001218d .LASF4131
     /tmp/cc7KEiL4.s:94484  .debug_str:0000000000028530 .LASF4132
     /tmp/cc7KEiL4.s:86860  .debug_str:0000000000008ff3 .LASF4133
     /tmp/cc7KEiL4.s:94964  .debug_str:000000000002a3d9 .LASF4134
     /tmp/cc7KEiL4.s:103034  .debug_str:000000000004bfeb .LASF4135
     /tmp/cc7KEiL4.s:85610  .debug_str:0000000000003a53 .LASF4136
     /tmp/cc7KEiL4.s:90438  .debug_str:000000000001778b .LASF4137
     /tmp/cc7KEiL4.s:95340  .debug_str:000000000002bbef .LASF4138
     /tmp/cc7KEiL4.s:98816  .debug_str:000000000003a194 .LASF4139
     /tmp/cc7KEiL4.s:97094  .debug_str:0000000000033429 .LASF4140
     /tmp/cc7KEiL4.s:90116  .debug_str:000000000001610d .LASF4141
     /tmp/cc7KEiL4.s:91558  .debug_str:000000000001c3e7 .LASF4142
     /tmp/cc7KEiL4.s:91470  .debug_str:000000000001bde4 .LASF4143
     /tmp/cc7KEiL4.s:86082  .debug_str:0000000000005ba8 .LASF4144
     /tmp/cc7KEiL4.s:85786  .debug_str:00000000000046a6 .LASF4145
     /tmp/cc7KEiL4.s:99100  .debug_str:000000000003b49a .LASF4146
     /tmp/cc7KEiL4.s:102058  .debug_str:0000000000047a20 .LASF4147
     /tmp/cc7KEiL4.s:99088  .debug_str:000000000003b38c .LASF4148
     /tmp/cc7KEiL4.s:99950  .debug_str:000000000003eda7 .LASF4149
     /tmp/cc7KEiL4.s:92116  .debug_str:000000000001eba8 .LASF4150
     /tmp/cc7KEiL4.s:100258  .debug_str:000000000004021e .LASF4151
     /tmp/cc7KEiL4.s:90314  .debug_str:0000000000016f23 .LASF4152
     /tmp/cc7KEiL4.s:87342  .debug_str:000000000000b1b3 .LASF4153
     /tmp/cc7KEiL4.s:103090  .debug_str:000000000004c38f .LASF4154
     /tmp/cc7KEiL4.s:85600  .debug_str:00000000000039b0 .LASF4155
     /tmp/cc7KEiL4.s:85678  .debug_str:0000000000003f00 .LASF4156
     /tmp/cc7KEiL4.s:97304  .debug_str:0000000000034298 .LASF4157
     /tmp/cc7KEiL4.s:92270  .debug_str:000000000001f690 .LASF4158
     /tmp/cc7KEiL4.s:91648  .debug_str:000000000001ca9b .LASF4159
     /tmp/cc7KEiL4.s:102244  .debug_str:000000000004872e .LASF4160
     /tmp/cc7KEiL4.s:91482  .debug_str:000000000001bebb .LASF4161
     /tmp/cc7KEiL4.s:102732  .debug_str:000000000004ab01 .LASF4162
     /tmp/cc7KEiL4.s:96480  .debug_str:0000000000030ac5 .LASF4163
     /tmp/cc7KEiL4.s:88182  .debug_str:000000000000e650 .LASF4164
     /tmp/cc7KEiL4.s:89436  .debug_str:0000000000013561 .LASF4165
     /tmp/cc7KEiL4.s:95690  .debug_str:000000000002d463 .LASF4166
     /tmp/cc7KEiL4.s:99408  .debug_str:000000000003c908 .LASF4167
     /tmp/cc7KEiL4.s:85438  .debug_str:0000000000002f0f .LASF4168
     /tmp/cc7KEiL4.s:85974  .debug_str:0000000000005372 .LASF4169
     /tmp/cc7KEiL4.s:96200  .debug_str:000000000002f715 .LASF4170
     /tmp/cc7KEiL4.s:93332  .debug_str:0000000000023b95 .LASF4171
     /tmp/cc7KEiL4.s:85078  .debug_str:000000000000148f .LASF4172
     /tmp/cc7KEiL4.s:86654  .debug_str:00000000000081c7 .LASF4173
     /tmp/cc7KEiL4.s:100080  .debug_str:000000000003f691 .LASF4174
     /tmp/cc7KEiL4.s:86318  .debug_str:0000000000006c2f .LASF4175
     /tmp/cc7KEiL4.s:91968  .debug_str:000000000001e122 .LASF4176
     /tmp/cc7KEiL4.s:85074  .debug_str:0000000000001458 .LASF4177
     /tmp/cc7KEiL4.s:92200  .debug_str:000000000001f26e .LASF4178
     /tmp/cc7KEiL4.s:86876  .debug_str:00000000000090e1 .LASF4179
     /tmp/cc7KEiL4.s:96508  .debug_str:0000000000030cad .LASF4180
     /tmp/cc7KEiL4.s:98148  .debug_str:0000000000037497 .LASF4181
     /tmp/cc7KEiL4.s:100976  .debug_str:000000000004315c .LASF4182
     /tmp/cc7KEiL4.s:102156  .debug_str:000000000004814a .LASF4183
     /tmp/cc7KEiL4.s:95916  .debug_str:000000000002e3f5 .LASF4184
     /tmp/cc7KEiL4.s:85572  .debug_str:00000000000037a9 .LASF4185
     /tmp/cc7KEiL4.s:86526  .debug_str:0000000000007937 .LASF4186
     /tmp/cc7KEiL4.s:91502  .debug_str:000000000001c013 .LASF4187
     /tmp/cc7KEiL4.s:94404  .debug_str:0000000000027fc1 .LASF4188
     /tmp/cc7KEiL4.s:102494  .debug_str:000000000004990a .LASF4189
     /tmp/cc7KEiL4.s:92228  .debug_str:000000000001f42b .LASF4190
     /tmp/cc7KEiL4.s:100374  .debug_str:0000000000040aaf .LASF4191
     /tmp/cc7KEiL4.s:92756  .debug_str:0000000000021723 .LASF4192
     /tmp/cc7KEiL4.s:98300  .debug_str:0000000000037d8a .LASF4193
     /tmp/cc7KEiL4.s:87836  .debug_str:000000000000d2e2 .LASF4194
     /tmp/cc7KEiL4.s:101638  .debug_str:0000000000045d62 .LASF4195
     /tmp/cc7KEiL4.s:98956  .debug_str:000000000003aab3 .LASF4196
     /tmp/cc7KEiL4.s:96218  .debug_str:000000000002f865 .LASF4197
     /tmp/cc7KEiL4.s:98994  .debug_str:000000000003ad17 .LASF4198
     /tmp/cc7KEiL4.s:88636  .debug_str:000000000001009b .LASF4199
     /tmp/cc7KEiL4.s:96842  .debug_str:00000000000322f1 .LASF4200
     /tmp/cc7KEiL4.s:101130  .debug_str:0000000000043af1 .LASF4201
     /tmp/cc7KEiL4.s:94702  .debug_str:000000000002923a .LASF4202
     /tmp/cc7KEiL4.s:102774  .debug_str:000000000004ae1a .LASF4203
     /tmp/cc7KEiL4.s:89212  .debug_str:00000000000127f7 .LASF4204
     /tmp/cc7KEiL4.s:84826  .debug_str:00000000000003b9 .LASF4205
     /tmp/cc7KEiL4.s:92948  .debug_str:0000000000022442 .LASF4206
     /tmp/cc7KEiL4.s:87328  .debug_str:000000000000b065 .LASF4207
     /tmp/cc7KEiL4.s:101364  .debug_str:0000000000044b3f .LASF4208
     /tmp/cc7KEiL4.s:98776  .debug_str:0000000000039eca .LASF4209
     /tmp/cc7KEiL4.s:98596  .debug_str:0000000000039199 .LASF4210
     /tmp/cc7KEiL4.s:88550  .debug_str:000000000000fbe7 .LASF4211
     /tmp/cc7KEiL4.s:90402  .debug_str:0000000000017542 .LASF4212
     /tmp/cc7KEiL4.s:88406  .debug_str:000000000000f42d .LASF4213
     /tmp/cc7KEiL4.s:94322  .debug_str:0000000000027a6a .LASF4214
     /tmp/cc7KEiL4.s:99674  .debug_str:000000000003d9a5 .LASF4215
     /tmp/cc7KEiL4.s:92144  .debug_str:000000000001ed92 .LASF4216
     /tmp/cc7KEiL4.s:100286  .debug_str:000000000004044f .LASF4217
     /tmp/cc7KEiL4.s:89984  .debug_str:0000000000015833 .LASF4218
     /tmp/cc7KEiL4.s:98222  .debug_str:0000000000037834 .LASF4219
     /tmp/cc7KEiL4.s:100612  .debug_str:0000000000041a48 .LASF4220
     /tmp/cc7KEiL4.s:97944  .debug_str:000000000003690a .LASF4221
     /tmp/cc7KEiL4.s:91738  .debug_str:000000000001d102 .LASF4222
     /tmp/cc7KEiL4.s:99900  .debug_str:000000000003ea65 .LASF4223
     /tmp/cc7KEiL4.s:89620  .debug_str:00000000000140b9 .LASF4224
     /tmp/cc7KEiL4.s:86854  .debug_str:0000000000008f8f .LASF4225
     /tmp/cc7KEiL4.s:87416  .debug_str:000000000000b74f .LASF4226
     /tmp/cc7KEiL4.s:95678  .debug_str:000000000002d381 .LASF4227
     /tmp/cc7KEiL4.s:85320  .debug_str:000000000000261a .LASF4228
     /tmp/cc7KEiL4.s:97420  .debug_str:00000000000349da .LASF4229
     /tmp/cc7KEiL4.s:85616  .debug_str:0000000000003ab5 .LASF4230
     /tmp/cc7KEiL4.s:101722  .debug_str:000000000004640c .LASF4231
     /tmp/cc7KEiL4.s:85490  .debug_str:000000000000327d .LASF4232
     /tmp/cc7KEiL4.s:91586  .debug_str:000000000001c632 .LASF4233
     /tmp/cc7KEiL4.s:88174  .debug_str:000000000000e5cd .LASF4234
     /tmp/cc7KEiL4.s:89474  .debug_str:00000000000137e3 .LASF4235
     /tmp/cc7KEiL4.s:90098  .debug_str:0000000000016015 .LASF4236
     /tmp/cc7KEiL4.s:91290  .debug_str:000000000001b1eb .LASF4237
     /tmp/cc7KEiL4.s:95560  .debug_str:000000000002cb54 .LASF4238
     /tmp/cc7KEiL4.s:85194  .debug_str:0000000000001cc0 .LASF4239
     /tmp/cc7KEiL4.s:95852  .debug_str:000000000002df82 .LASF4240
     /tmp/cc7KEiL4.s:85514  .debug_str:00000000000033b9 .LASF4241
     /tmp/cc7KEiL4.s:90862  .debug_str:00000000000193b8 .LASF4242
     /tmp/cc7KEiL4.s:99040  .debug_str:000000000003b021 .LASF4243
     /tmp/cc7KEiL4.s:88518  .debug_str:000000000000fa67 .LASF4244
     /tmp/cc7KEiL4.s:99764  .debug_str:000000000003e039 .LASF4245
     /tmp/cc7KEiL4.s:88856  .debug_str:0000000000010eed .LASF4246
     /tmp/cc7KEiL4.s:96146  .debug_str:000000000002f33c .LASF4247
     /tmp/cc7KEiL4.s:101782  .debug_str:00000000000467e6 .LASF4248
     /tmp/cc7KEiL4.s:102196  .debug_str:00000000000483d7 .LASF4249
     /tmp/cc7KEiL4.s:89858  .debug_str:00000000000150c8 .LASF4250
     /tmp/cc7KEiL4.s:98066  .debug_str:0000000000036fd6 .LASF4251
     /tmp/cc7KEiL4.s:102162  .debug_str:00000000000481b3 .LASF4252
     /tmp/cc7KEiL4.s:95890  .debug_str:000000000002e25d .LASF4253
     /tmp/cc7KEiL4.s:85548  .debug_str:00000000000035ad .LASF4254
     /tmp/cc7KEiL4.s:93698  .debug_str:000000000002514a .LASF4255
     /tmp/cc7KEiL4.s:101816  .debug_str:00000000000469d7 .LASF4256
     /tmp/cc7KEiL4.s:91526  .debug_str:000000000001c1a2 .LASF4257
     /tmp/cc7KEiL4.s:99508  .debug_str:000000000003cfc5 .LASF4258
     /tmp/cc7KEiL4.s:90518  .debug_str:0000000000017bdf .LASF4259
     /tmp/cc7KEiL4.s:99982  .debug_str:000000000003ef6a .LASF4260
     /tmp/cc7KEiL4.s:89700  .debug_str:0000000000014607 .LASF4261
     /tmp/cc7KEiL4.s:97900  .debug_str:0000000000036794 .LASF4262
     /tmp/cc7KEiL4.s:87474  .debug_str:000000000000bada .LASF4263
     /tmp/cc7KEiL4.s:95364  .debug_str:000000000002bd6f .LASF4264
     /tmp/cc7KEiL4.s:85432  .debug_str:0000000000002e7a .LASF4265
     /tmp/cc7KEiL4.s:93386  .debug_str:0000000000023dbe .LASF4266
     /tmp/cc7KEiL4.s:101550  .debug_str:0000000000045712 .LASF4267
     /tmp/cc7KEiL4.s:91254  .debug_str:000000000001af49 .LASF4268
     /tmp/cc7KEiL4.s:101964  .debug_str:000000000004734e .LASF4269
     /tmp/cc7KEiL4.s:86382  .debug_str:0000000000007053 .LASF4270
     /tmp/cc7KEiL4.s:100992  .debug_str:00000000000431ff .LASF4271
     /tmp/cc7KEiL4.s:102400  .debug_str:0000000000049217 .LASF4272
     /tmp/cc7KEiL4.s:92126  .debug_str:000000000001ec53 .LASF4273
     /tmp/cc7KEiL4.s:91286  .debug_str:000000000001b1cd .LASF4274
     /tmp/cc7KEiL4.s:90778  .debug_str:0000000000018d81 .LASF4275
     /tmp/cc7KEiL4.s:101976  .debug_str:0000000000047419 .LASF4276
     /tmp/cc7KEiL4.s:92006  .debug_str:000000000001e3a4 .LASF4277
     /tmp/cc7KEiL4.s:95054  .debug_str:000000000002a9d6 .LASF4278
     /tmp/cc7KEiL4.s:86632  .debug_str:0000000000008012 .LASF4279
     /tmp/cc7KEiL4.s:96838  .debug_str:0000000000032296 .LASF4280
     /tmp/cc7KEiL4.s:88444  .debug_str:000000000000f68a .LASF4281
     /tmp/cc7KEiL4.s:96090  .debug_str:000000000002f01f .LASF4282
     /tmp/cc7KEiL4.s:89070  .debug_str:0000000000011d7a .LASF4283
     /tmp/cc7KEiL4.s:89624  .debug_str:000000000001410c .LASF4284
     /tmp/cc7KEiL4.s:99006  .debug_str:000000000003adcf .LASF4285
     /tmp/cc7KEiL4.s:98820  .debug_str:000000000003a1cd .LASF4286
     /tmp/cc7KEiL4.s:100606  .debug_str:00000000000419d1 .LASF4287
     /tmp/cc7KEiL4.s:100900  .debug_str:0000000000042c4c .LASF4288
     /tmp/cc7KEiL4.s:87268  .debug_str:000000000000ac0b .LASF4289
     /tmp/cc7KEiL4.s:94080  .debug_str:0000000000026a86 .LASF4290
     /tmp/cc7KEiL4.s:97410  .debug_str:0000000000034928 .LASF4291
     /tmp/cc7KEiL4.s:94030  .debug_str:00000000000266dc .LASF4292
     /tmp/cc7KEiL4.s:99362  .debug_str:000000000003c5b0 .LASF4293
     /tmp/cc7KEiL4.s:97534  .debug_str:0000000000035198 .LASF4294
     /tmp/cc7KEiL4.s:93094  .debug_str:0000000000022e39 .LASF4295
     /tmp/cc7KEiL4.s:98362  .debug_str:00000000000381bc .LASF4296
     /tmp/cc7KEiL4.s:94848  .debug_str:0000000000029c02 .LASF4297
     /tmp/cc7KEiL4.s:88462  .debug_str:000000000000f7b9 .LASF4298
     /tmp/cc7KEiL4.s:96626  .debug_str:00000000000314ae .LASF4299
     /tmp/cc7KEiL4.s:88216  .debug_str:000000000000e8d9 .LASF4300
     /tmp/cc7KEiL4.s:88224  .debug_str:000000000000e974 .LASF4301
     /tmp/cc7KEiL4.s:90090  .debug_str:0000000000015f9e .LASF4302
     /tmp/cc7KEiL4.s:100202  .debug_str:000000000003fdd0 .LASF4303
     /tmp/cc7KEiL4.s:91688  .debug_str:000000000001cd8c .LASF4304
     /tmp/cc7KEiL4.s:87312  .debug_str:000000000000af85 .LASF4305
     /tmp/cc7KEiL4.s:97620  .debug_str:00000000000356db .LASF4306
     /tmp/cc7KEiL4.s:98616  .debug_str:00000000000392ad .LASF4307
     /tmp/cc7KEiL4.s:97916  .debug_str:000000000003685f .LASF4308
     /tmp/cc7KEiL4.s:87672  .debug_str:000000000000c7f5 .LASF4309
     /tmp/cc7KEiL4.s:98696  .debug_str:00000000000398f1 .LASF4310
     /tmp/cc7KEiL4.s:90300  .debug_str:0000000000016e67 .LASF4311
     /tmp/cc7KEiL4.s:100442  .debug_str:0000000000040f52 .LASF4312
     /tmp/cc7KEiL4.s:99596  .debug_str:000000000003d4de .LASF4313
     /tmp/cc7KEiL4.s:94042  .debug_str:00000000000267b1 .LASF4314
     /tmp/cc7KEiL4.s:93908  .debug_str:0000000000025f20 .LASF4315
     /tmp/cc7KEiL4.s:90992  .debug_str:0000000000019d48 .LASF4316
     /tmp/cc7KEiL4.s:100236  .debug_str:00000000000400ae .LASF4317
     /tmp/cc7KEiL4.s:92782  .debug_str:00000000000218b0 .LASF4318
     /tmp/cc7KEiL4.s:96554  .debug_str:0000000000030f8e .LASF4319
     /tmp/cc7KEiL4.s:97914  .debug_str:0000000000036846 .LASF4320
     /tmp/cc7KEiL4.s:102088  .debug_str:0000000000047c48 .LASF4321
     /tmp/cc7KEiL4.s:96270  .debug_str:000000000002fb7a .LASF4322
     /tmp/cc7KEiL4.s:87830  .debug_str:000000000000d29c .LASF4323
     /tmp/cc7KEiL4.s:98098  .debug_str:0000000000037104 .LASF4324
     /tmp/cc7KEiL4.s:89708  .debug_str:00000000000146aa .LASF4325
     /tmp/cc7KEiL4.s:85176  .debug_str:0000000000001b9f .LASF4326
     /tmp/cc7KEiL4.s:95374  .debug_str:000000000002bdfd .LASF4327
     /tmp/cc7KEiL4.s:86902  .debug_str:000000000000927f .LASF4328
     /tmp/cc7KEiL4.s:97134  .debug_str:000000000003373d .LASF4329
     /tmp/cc7KEiL4.s:88762  .debug_str:000000000001093c .LASF4330
     /tmp/cc7KEiL4.s:90954  .debug_str:0000000000019a90 .LASF4331
     /tmp/cc7KEiL4.s:90446  .debug_str:0000000000017808 .LASF4332
     /tmp/cc7KEiL4.s:87436  .debug_str:000000000000b8ab .LASF4333
     /tmp/cc7KEiL4.s:99378  .debug_str:000000000003c6ce .LASF4334
     /tmp/cc7KEiL4.s:102320  .debug_str:0000000000048c42 .LASF4335
     /tmp/cc7KEiL4.s:97906  .debug_str:00000000000367ff .LASF4336
     /tmp/cc7KEiL4.s:90688  .debug_str:0000000000018779 .LASF4337
     /tmp/cc7KEiL4.s:98314  .debug_str:0000000000037e9a .LASF4338
     /tmp/cc7KEiL4.s:86568  .debug_str:0000000000007baa .LASF4339
     /tmp/cc7KEiL4.s:100038  .debug_str:000000000003f371 .LASF4340
     /tmp/cc7KEiL4.s:87406  .debug_str:000000000000b6c3 .LASF4341
     /tmp/cc7KEiL4.s:91530  .debug_str:000000000001c1d4 .LASF4342
     /tmp/cc7KEiL4.s:101952  .debug_str:00000000000472a1 .LASF4343
     /tmp/cc7KEiL4.s:95046  .debug_str:000000000002a95a .LASF4344
     /tmp/cc7KEiL4.s:99496  .debug_str:000000000003cf0a .LASF4345
     /tmp/cc7KEiL4.s:97626  .debug_str:0000000000035723 .LASF4346
     /tmp/cc7KEiL4.s:99798  .debug_str:000000000003e280 .LASF4347
     /tmp/cc7KEiL4.s:90982  .debug_str:0000000000019cbb .LASF4348
     /tmp/cc7KEiL4.s:101614  .debug_str:0000000000045bd3 .LASF4349
     /tmp/cc7KEiL4.s:94756  .debug_str:000000000002964c .LASF4350
     /tmp/cc7KEiL4.s:94958  .debug_str:000000000002a391 .LASF4351
     /tmp/cc7KEiL4.s:94384  .debug_str:0000000000027e4e .LASF4352
     /tmp/cc7KEiL4.s:97060  .debug_str:00000000000331af .LASF4353
     /tmp/cc7KEiL4.s:88996  .debug_str:00000000000118d8 .LASF4354
     /tmp/cc7KEiL4.s:91946  .debug_str:000000000001df60 .LASF4355
     /tmp/cc7KEiL4.s:95086  .debug_str:000000000002ac1d .LASF4356
     /tmp/cc7KEiL4.s:89516  .debug_str:0000000000013a7f .LASF4357
     /tmp/cc7KEiL4.s:102336  .debug_str:0000000000048d78 .LASF4358
     /tmp/cc7KEiL4.s:100856  .debug_str:000000000004297e .LASF4359
     /tmp/cc7KEiL4.s:86470  .debug_str:00000000000075d7 .LASF4360
     /tmp/cc7KEiL4.s:95266  .debug_str:000000000002b6e2 .LASF4361
     /tmp/cc7KEiL4.s:95342  .debug_str:000000000002bc05 .LASF4362
     /tmp/cc7KEiL4.s:94730  .debug_str:0000000000029478 .LASF4363
     /tmp/cc7KEiL4.s:89292  .debug_str:0000000000012c8f .LASF4364
     /tmp/cc7KEiL4.s:93548  .debug_str:00000000000246e0 .LASF4365
     /tmp/cc7KEiL4.s:94682  .debug_str:000000000002915a .LASF4366
     /tmp/cc7KEiL4.s:94586  .debug_str:0000000000028b50 .LASF4367
     /tmp/cc7KEiL4.s:93504  .debug_str:000000000002440e .LASF4368
     /tmp/cc7KEiL4.s:86148  .debug_str:0000000000005fc0 .LASF4369
     /tmp/cc7KEiL4.s:91954  .debug_str:000000000001e015 .LASF4370
     /tmp/cc7KEiL4.s:96290  .debug_str:000000000002fca6 .LASF4371
     /tmp/cc7KEiL4.s:90430  .debug_str:00000000000176d4 .LASF4372
     /tmp/cc7KEiL4.s:87994  .debug_str:000000000000dcb2 .LASF4373
     /tmp/cc7KEiL4.s:87868  .debug_str:000000000000d45f .LASF4374
     /tmp/cc7KEiL4.s:89032  .debug_str:0000000000011b29 .LASF4375
     /tmp/cc7KEiL4.s:87010  .debug_str:0000000000009a5f .LASF4376
     /tmp/cc7KEiL4.s:88000  .debug_str:000000000000dd14 .LASF4377
     /tmp/cc7KEiL4.s:93868  .debug_str:0000000000025c5c .LASF4378
     /tmp/cc7KEiL4.s:98120  .debug_str:0000000000037271 .LASF4379
     /tmp/cc7KEiL4.s:96414  .debug_str:00000000000305ae .LASF4380
     /tmp/cc7KEiL4.s:95468  .debug_str:000000000002c472 .LASF4381
     /tmp/cc7KEiL4.s:99278  .debug_str:000000000003c0d4 .LASF4382
     /tmp/cc7KEiL4.s:94688  .debug_str:00000000000291a4 .LASF4383
     /tmp/cc7KEiL4.s:101924  .debug_str:00000000000470eb .LASF4384
     /tmp/cc7KEiL4.s:85378  .debug_str:00000000000029df .LASF4385
     /tmp/cc7KEiL4.s:97898  .debug_str:000000000003676c .LASF4386
     /tmp/cc7KEiL4.s:94218  .debug_str:000000000002745c .LASF4387
     /tmp/cc7KEiL4.s:97164  .debug_str:0000000000033977 .LASF4388
     /tmp/cc7KEiL4.s:97344  .debug_str:0000000000034529 .LASF4389
     /tmp/cc7KEiL4.s:84896  .debug_str:000000000000088d .LASF4390
     /tmp/cc7KEiL4.s:91048  .debug_str:000000000001a0c7 .LASF4391
     /tmp/cc7KEiL4.s:85578  .debug_str:00000000000037e0 .LASF4392
     /tmp/cc7KEiL4.s:88108  .debug_str:000000000000e31e .LASF4393
     /tmp/cc7KEiL4.s:86930  .debug_str:00000000000094ef .LASF4394
     /tmp/cc7KEiL4.s:93322  .debug_str:0000000000023abb .LASF4395
     /tmp/cc7KEiL4.s:100200  .debug_str:000000000003fdaa .LASF4396
     /tmp/cc7KEiL4.s:87980  .debug_str:000000000000dc08 .LASF4397
     /tmp/cc7KEiL4.s:89460  .debug_str:0000000000013707 .LASF4398
     /tmp/cc7KEiL4.s:88276  .debug_str:000000000000ebb0 .LASF4399
     /tmp/cc7KEiL4.s:94896  .debug_str:0000000000029f5b .LASF4400
     /tmp/cc7KEiL4.s:101584  .debug_str:000000000004596c .LASF4401
     /tmp/cc7KEiL4.s:96606  .debug_str:000000000003131c .LASF4402
     /tmp/cc7KEiL4.s:102332  .debug_str:0000000000048d34 .LASF4403
     /tmp/cc7KEiL4.s:97984  .debug_str:0000000000036bd2 .LASF4404
     /tmp/cc7KEiL4.s:85186  .debug_str:0000000000001c4d .LASF4405
     /tmp/cc7KEiL4.s:90906  .debug_str:00000000000196bd .LASF4406
     /tmp/cc7KEiL4.s:96676  .debug_str:000000000003180c .LASF4407
     /tmp/cc7KEiL4.s:100642  .debug_str:0000000000041c67 .LASF4408
     /tmp/cc7KEiL4.s:89478  .debug_str:0000000000013824 .LASF4409
     /tmp/cc7KEiL4.s:89416  .debug_str:000000000001343b .LASF4410
     /tmp/cc7KEiL4.s:99984  .debug_str:000000000003ef80 .LASF4411
     /tmp/cc7KEiL4.s:100408  .debug_str:0000000000040cda .LASF4412
     /tmp/cc7KEiL4.s:90630  .debug_str:0000000000018374 .LASF4413
     /tmp/cc7KEiL4.s:92130  .debug_str:000000000001ec9f .LASF4414
     /tmp/cc7KEiL4.s:99548  .debug_str:000000000003d221 .LASF4415
     /tmp/cc7KEiL4.s:92732  .debug_str:00000000000215bb .LASF4416
     /tmp/cc7KEiL4.s:90034  .debug_str:0000000000015c04 .LASF4417
     /tmp/cc7KEiL4.s:98734  .debug_str:0000000000039bd2 .LASF4418
     /tmp/cc7KEiL4.s:94954  .debug_str:000000000002a34d .LASF4419
     /tmp/cc7KEiL4.s:90102  .debug_str:0000000000016070 .LASF4420
     /tmp/cc7KEiL4.s:93410  .debug_str:0000000000023f60 .LASF4421
     /tmp/cc7KEiL4.s:93338  .debug_str:0000000000023bd6 .LASF4422
     /tmp/cc7KEiL4.s:85874  .debug_str:0000000000004c77 .LASF4423
     /tmp/cc7KEiL4.s:88328  .debug_str:000000000000ee4e .LASF4424
     /tmp/cc7KEiL4.s:100932  .debug_str:0000000000042e73 .LASF4425
     /tmp/cc7KEiL4.s:85582  .debug_str:000000000000381c .LASF4426
     /tmp/cc7KEiL4.s:89118  .debug_str:00000000000120dc .LASF4427
     /tmp/cc7KEiL4.s:101624  .debug_str:0000000000045c7f .LASF4428
     /tmp/cc7KEiL4.s:95794  .debug_str:000000000002db15 .LASF4429
     /tmp/cc7KEiL4.s:89836  .debug_str:0000000000014f8e .LASF4430
     /tmp/cc7KEiL4.s:92358  .debug_str:000000000001fc4e .LASF4431
     /tmp/cc7KEiL4.s:91640  .debug_str:000000000001c9f6 .LASF4432
     /tmp/cc7KEiL4.s:100420  .debug_str:0000000000040d7a .LASF4433
     /tmp/cc7KEiL4.s:90678  .debug_str:00000000000186e9 .LASF4434
     /tmp/cc7KEiL4.s:99414  .debug_str:000000000003c97b .LASF4435
     /tmp/cc7KEiL4.s:89712  .debug_str:00000000000146dd .LASF4436
     /tmp/cc7KEiL4.s:98534  .debug_str:0000000000038d8d .LASF4437
     /tmp/cc7KEiL4.s:87410  .debug_str:000000000000b715 .LASF4438
     /tmp/cc7KEiL4.s:86024  .debug_str:0000000000005781 .LASF4439
     /tmp/cc7KEiL4.s:87108  .debug_str:000000000000a106 .LASF4440
     /tmp/cc7KEiL4.s:100938  .debug_str:0000000000042f0b .LASF4441
     /tmp/cc7KEiL4.s:87704  .debug_str:000000000000ca6a .LASF4442
     /tmp/cc7KEiL4.s:86182  .debug_str:00000000000061cf .LASF4443
     /tmp/cc7KEiL4.s:94432  .debug_str:00000000000281ad .LASF4444
     /tmp/cc7KEiL4.s:94642  .debug_str:0000000000028ed7 .LASF4445
     /tmp/cc7KEiL4.s:99486  .debug_str:000000000003ce36 .LASF4446
     /tmp/cc7KEiL4.s:95192  .debug_str:000000000002b241 .LASF4447
     /tmp/cc7KEiL4.s:90894  .debug_str:0000000000019584 .LASF4448
     /tmp/cc7KEiL4.s:101882  .debug_str:0000000000046e0e .LASF4449
     /tmp/cc7KEiL4.s:96060  .debug_str:000000000002ee3d .LASF4450
     /tmp/cc7KEiL4.s:102050  .debug_str:00000000000479a4 .LASF4451
     /tmp/cc7KEiL4.s:96244  .debug_str:000000000002f9d2 .LASF4452
     /tmp/cc7KEiL4.s:90290  .debug_str:0000000000016de2 .LASF4453
     /tmp/cc7KEiL4.s:102828  .debug_str:000000000004b1ee .LASF4454
     /tmp/cc7KEiL4.s:96976  .debug_str:0000000000032bd6 .LASF4455
     /tmp/cc7KEiL4.s:91028  .debug_str:0000000000019f79 .LASF4456
     /tmp/cc7KEiL4.s:95900  .debug_str:000000000002e2b9 .LASF4457
     /tmp/cc7KEiL4.s:93300  .debug_str:000000000002399a .LASF4458
     /tmp/cc7KEiL4.s:88916  .debug_str:0000000000011320 .LASF4459
     /tmp/cc7KEiL4.s:94440  .debug_str:0000000000028224 .LASF4460
     /tmp/cc7KEiL4.s:89820  .debug_str:0000000000014e73 .LASF4461
     /tmp/cc7KEiL4.s:93976  .debug_str:000000000002637f .LASF4462
     /tmp/cc7KEiL4.s:96036  .debug_str:000000000002ec94 .LASF4463
     /tmp/cc7KEiL4.s:88112  .debug_str:000000000000e342 .LASF4464
     /tmp/cc7KEiL4.s:94754  .debug_str:0000000000029614 .LASF4465
     /tmp/cc7KEiL4.s:97160  .debug_str:00000000000338f7 .LASF4466
     /tmp/cc7KEiL4.s:101318  .debug_str:00000000000447ba .LASF4467
     /tmp/cc7KEiL4.s:96182  .debug_str:000000000002f598 .LASF4468
     /tmp/cc7KEiL4.s:89530  .debug_str:0000000000013b94 .LASF4469
     /tmp/cc7KEiL4.s:94864  .debug_str:0000000000029cde .LASF4470
     /tmp/cc7KEiL4.s:88920  .debug_str:000000000001135e .LASF4471
     /tmp/cc7KEiL4.s:90966  .debug_str:0000000000019b6d .LASF4472
     /tmp/cc7KEiL4.s:85428  .debug_str:0000000000002e03 .LASF4473
     /tmp/cc7KEiL4.s:89638  .debug_str:00000000000141f6 .LASF4474
     /tmp/cc7KEiL4.s:102130  .debug_str:0000000000047f7c .LASF4475
     /tmp/cc7KEiL4.s:97260  .debug_str:0000000000033fb9 .LASF4476
     /tmp/cc7KEiL4.s:99884  .debug_str:000000000003e90f .LASF4477
     /tmp/cc7KEiL4.s:93090  .debug_str:0000000000022df6 .LASF4478
     /tmp/cc7KEiL4.s:88004  .debug_str:000000000000dd74 .LASF4479
     /tmp/cc7KEiL4.s:93324  .debug_str:0000000000023aeb .LASF4480
     /tmp/cc7KEiL4.s:95880  .debug_str:000000000002e15f .LASF4481
     /tmp/cc7KEiL4.s:86102  .debug_str:0000000000005c9b .LASF4482
     /tmp/cc7KEiL4.s:94102  .debug_str:0000000000026c11 .LASF4483
     /tmp/cc7KEiL4.s:85128  .debug_str:0000000000001809 .LASF4484
     /tmp/cc7KEiL4.s:86924  .debug_str:0000000000009471 .LASF4485
     /tmp/cc7KEiL4.s:94890  .debug_str:0000000000029ed6 .LASF4486
     /tmp/cc7KEiL4.s:88952  .debug_str:0000000000011592 .LASF4487
     /tmp/cc7KEiL4.s:101470  .debug_str:000000000004520e .LASF4488
     /tmp/cc7KEiL4.s:87442  .debug_str:000000000000b907 .LASF4489
     /tmp/cc7KEiL4.s:102376  .debug_str:0000000000049050 .LASF4490
     /tmp/cc7KEiL4.s:94154  .debug_str:0000000000026f73 .LASF4491
     /tmp/cc7KEiL4.s:88190  .debug_str:000000000000e6d1 .LASF4492
     /tmp/cc7KEiL4.s:90134  .debug_str:0000000000016235 .LASF4493
     /tmp/cc7KEiL4.s:102842  .debug_str:000000000004b2ee .LASF4494
     /tmp/cc7KEiL4.s:95638  .debug_str:000000000002d055 .LASF4495
     /tmp/cc7KEiL4.s:97640  .debug_str:000000000003581d .LASF4496
     /tmp/cc7KEiL4.s:93950  .debug_str:00000000000261d5 .LASF4497
     /tmp/cc7KEiL4.s:86194  .debug_str:00000000000062d1 .LASF4498
     /tmp/cc7KEiL4.s:102238  .debug_str:000000000004869d .LASF4499
     /tmp/cc7KEiL4.s:93130  .debug_str:0000000000022f77 .LASF4500
     /tmp/cc7KEiL4.s:93646  .debug_str:0000000000024da4 .LASF4501
     /tmp/cc7KEiL4.s:92212  .debug_str:000000000001f2f9 .LASF4502
     /tmp/cc7KEiL4.s:101554  .debug_str:0000000000045732 .LASF4503
     /tmp/cc7KEiL4.s:94420  .debug_str:00000000000280df .LASF4504
     /tmp/cc7KEiL4.s:99930  .debug_str:000000000003ebf3 .LASF4505
     /tmp/cc7KEiL4.s:97948  .debug_str:0000000000036952 .LASF4506
     /tmp/cc7KEiL4.s:95188  .debug_str:000000000002b1e6 .LASF4507
     /tmp/cc7KEiL4.s:92254  .debug_str:000000000001f56f .LASF4508
     /tmp/cc7KEiL4.s:92724  .debug_str:0000000000021520 .LASF4509
     /tmp/cc7KEiL4.s:100070  .debug_str:000000000003f60e .LASF4510
     /tmp/cc7KEiL4.s:100610  .debug_str:0000000000041a0f .LASF4511
     /tmp/cc7KEiL4.s:87012  .debug_str:0000000000009a8a .LASF4512
     /tmp/cc7KEiL4.s:87516  .debug_str:000000000000bd8d .LASF4513
     /tmp/cc7KEiL4.s:93294  .debug_str:000000000002396b .LASF4514
     /tmp/cc7KEiL4.s:94424  .debug_str:0000000000028120 .LASF4515
     /tmp/cc7KEiL4.s:88464  .debug_str:000000000000f7d1 .LASF4516
     /tmp/cc7KEiL4.s:101028  .debug_str:0000000000043421 .LASF4517
     /tmp/cc7KEiL4.s:97482  .debug_str:0000000000034e64 .LASF4518
     /tmp/cc7KEiL4.s:98664  .debug_str:000000000003968d .LASF4519
     /tmp/cc7KEiL4.s:88892  .debug_str:0000000000011165 .LASF4520
     /tmp/cc7KEiL4.s:96054  .debug_str:000000000002edc2 .LASF4521
     /tmp/cc7KEiL4.s:87818  .debug_str:000000000000d1ba .LASF4522
     /tmp/cc7KEiL4.s:102638  .debug_str:000000000004a432 .LASF4523
     /tmp/cc7KEiL4.s:96810  .debug_str:0000000000032127 .LASF4524
     /tmp/cc7KEiL4.s:97964  .debug_str:0000000000036a84 .LASF4525
     /tmp/cc7KEiL4.s:91982  .debug_str:000000000001e232 .LASF4526
     /tmp/cc7KEiL4.s:101598  .debug_str:0000000000045a63 .LASF4527
     /tmp/cc7KEiL4.s:98688  .debug_str:000000000003983f .LASF4528
     /tmp/cc7KEiL4.s:102036  .debug_str:000000000004785a .LASF4529
     /tmp/cc7KEiL4.s:101676  .debug_str:000000000004603c .LASF4530
     /tmp/cc7KEiL4.s:87536  .debug_str:000000000000bef9 .LASF4531
     /tmp/cc7KEiL4.s:97318  .debug_str:0000000000034384 .LASF4532
     /tmp/cc7KEiL4.s:100592  .debug_str:00000000000418b4 .LASF4533
     /tmp/cc7KEiL4.s:101196  .debug_str:0000000000043ef2 .LASF4534
     /tmp/cc7KEiL4.s:86556  .debug_str:0000000000007abc .LASF4535
     /tmp/cc7KEiL4.s:101314  .debug_str:0000000000044741 .LASF4536
     /tmp/cc7KEiL4.s:85612  .debug_str:0000000000003a69 .LASF4537
     /tmp/cc7KEiL4.s:94378  .debug_str:0000000000027dde .LASF4538
     /tmp/cc7KEiL4.s:102008  .debug_str:0000000000047620 .LASF4539
     /tmp/cc7KEiL4.s:90556  .debug_str:0000000000017e58 .LASF4540
     /tmp/cc7KEiL4.s:90254  .debug_str:0000000000016b30 .LASF4541
     /tmp/cc7KEiL4.s:90578  .debug_str:0000000000018007 .LASF4542
     /tmp/cc7KEiL4.s:94522  .debug_str:00000000000287d2 .LASF4543
     /tmp/cc7KEiL4.s:97246  .debug_str:0000000000033e71 .LASF4544
     /tmp/cc7KEiL4.s:91320  .debug_str:000000000001b3e8 .LASF4545
     /tmp/cc7KEiL4.s:85424  .debug_str:0000000000002d87 .LASF4546
     /tmp/cc7KEiL4.s:98034  .debug_str:0000000000036e16 .LASF4547
     /tmp/cc7KEiL4.s:90708  .debug_str:00000000000188c9 .LASF4548
     /tmp/cc7KEiL4.s:99980  .debug_str:000000000003ef33 .LASF4549
     /tmp/cc7KEiL4.s:102742  .debug_str:000000000004abbc .LASF4550
     /tmp/cc7KEiL4.s:93002  .debug_str:00000000000227a1 .LASF4551
     /tmp/cc7KEiL4.s:101752  .debug_str:00000000000465a9 .LASF4552
     /tmp/cc7KEiL4.s:92062  .debug_str:000000000001e75b .LASF4553
     /tmp/cc7KEiL4.s:94246  .debug_str:000000000002760b .LASF4554
     /tmp/cc7KEiL4.s:101464  .debug_str:0000000000045179 .LASF4555
     /tmp/cc7KEiL4.s:95616  .debug_str:000000000002ce51 .LASF4556
     /tmp/cc7KEiL4.s:98768  .debug_str:0000000000039e51 .LASF4557
     /tmp/cc7KEiL4.s:92474  .debug_str:000000000002051e .LASF4558
     /tmp/cc7KEiL4.s:91706  .debug_str:000000000001ceae .LASF4559
     /tmp/cc7KEiL4.s:91474  .debug_str:000000000001be19 .LASF4560
     /tmp/cc7KEiL4.s:85422  .debug_str:0000000000002d4e .LASF4561
     /tmp/cc7KEiL4.s:96950  .debug_str:0000000000032a19 .LASF4562
     /tmp/cc7KEiL4.s:89364  .debug_str:0000000000013119 .LASF4563
     /tmp/cc7KEiL4.s:101852  .debug_str:0000000000046c34 .LASF4564
     /tmp/cc7KEiL4.s:96026  .debug_str:000000000002ec02 .LASF4565
     /tmp/cc7KEiL4.s:85590  .debug_str:0000000000003913 .LASF4566
     /tmp/cc7KEiL4.s:102776  .debug_str:000000000004ae2e .LASF4567
     /tmp/cc7KEiL4.s:91978  .debug_str:000000000001e1b8 .LASF4568
     /tmp/cc7KEiL4.s:90976  .debug_str:0000000000019c21 .LASF4569
     /tmp/cc7KEiL4.s:85092  .debug_str:000000000000153b .LASF4570
     /tmp/cc7KEiL4.s:102926  .debug_str:000000000004b862 .LASF4571
     /tmp/cc7KEiL4.s:93630  .debug_str:0000000000024c3d .LASF4572
     /tmp/cc7KEiL4.s:90732  .debug_str:0000000000018a5c .LASF4573
     /tmp/cc7KEiL4.s:89662  .debug_str:0000000000014367 .LASF4574
     /tmp/cc7KEiL4.s:102148  .debug_str:0000000000048085 .LASF4575
     /tmp/cc7KEiL4.s:96330  .debug_str:000000000002ff38 .LASF4576
     /tmp/cc7KEiL4.s:93534  .debug_str:00000000000245f4 .LASF4577
     /tmp/cc7KEiL4.s:102912  .debug_str:000000000004b7aa .LASF4578
     /tmp/cc7KEiL4.s:99412  .debug_str:000000000003c944 .LASF4579
     /tmp/cc7KEiL4.s:98316  .debug_str:0000000000037eb5 .LASF4580
     /tmp/cc7KEiL4.s:98352  .debug_str:0000000000038130 .LASF4581
     /tmp/cc7KEiL4.s:103070  .debug_str:000000000004c22e .LASF4582
     /tmp/cc7KEiL4.s:93340  .debug_str:0000000000023c0e .LASF4583
     /tmp/cc7KEiL4.s:99016  .debug_str:000000000003ae6e .LASF4584
     /tmp/cc7KEiL4.s:89148  .debug_str:0000000000012305 .LASF4585
     /tmp/cc7KEiL4.s:90162  .debug_str:000000000001643d .LASF4586
     /tmp/cc7KEiL4.s:96866  .debug_str:000000000003244e .LASF4587
     /tmp/cc7KEiL4.s:90612  .debug_str:00000000000181fd .LASF4588
     /tmp/cc7KEiL4.s:99642  .debug_str:000000000003d7de .LASF4589
     /tmp/cc7KEiL4.s:100940  .debug_str:0000000000042f43 .LASF4590
     /tmp/cc7KEiL4.s:102862  .debug_str:000000000004b3e3 .LASF4591
     /tmp/cc7KEiL4.s:90926  .debug_str:00000000000198b1 .LASF4592
     /tmp/cc7KEiL4.s:89818  .debug_str:0000000000014e3d .LASF4593
     /tmp/cc7KEiL4.s:85162  .debug_str:0000000000001aac .LASF4594
     /tmp/cc7KEiL4.s:86952  .debug_str:00000000000096e3 .LASF4595
     /tmp/cc7KEiL4.s:91766  .debug_str:000000000001d316 .LASF4596
     /tmp/cc7KEiL4.s:98416  .debug_str:000000000003858a .LASF4597
     /tmp/cc7KEiL4.s:98668  .debug_str:00000000000396eb .LASF4598
     /tmp/cc7KEiL4.s:94456  .debug_str:0000000000028362 .LASF4599
     /tmp/cc7KEiL4.s:98276  .debug_str:0000000000037bae .LASF4600
     /tmp/cc7KEiL4.s:85298  .debug_str:0000000000002431 .LASF4601
     /tmp/cc7KEiL4.s:101742  .debug_str:0000000000046530 .LASF4602
     /tmp/cc7KEiL4.s:87526  .debug_str:000000000000be58 .LASF4603
     /tmp/cc7KEiL4.s:98428  .debug_str:0000000000038666 .LASF4604
     /tmp/cc7KEiL4.s:92322  .debug_str:000000000001f9eb .LASF4605
     /tmp/cc7KEiL4.s:95696  .debug_str:000000000002d505 .LASF4606
     /tmp/cc7KEiL4.s:102532  .debug_str:0000000000049b45 .LASF4607
     /tmp/cc7KEiL4.s:94630  .debug_str:0000000000028dca .LASF4608
     /tmp/cc7KEiL4.s:100874  .debug_str:0000000000042a95 .LASF4609
     /tmp/cc7KEiL4.s:91264  .debug_str:000000000001b028 .LASF4610
     /tmp/cc7KEiL4.s:100640  .debug_str:0000000000041c41 .LASF4611
     /tmp/cc7KEiL4.s:99416  .debug_str:000000000003c9b4 .LASF4612
     /tmp/cc7KEiL4.s:95336  .debug_str:000000000002bbb2 .LASF4613
     /tmp/cc7KEiL4.s:99104  .debug_str:000000000003b4ea .LASF4614
     /tmp/cc7KEiL4.s:101284  .debug_str:00000000000444e2 .LASF4615
     /tmp/cc7KEiL4.s:97156  .debug_str:00000000000338b0 .LASF4616
     /tmp/cc7KEiL4.s:85896  .debug_str:0000000000004e12 .LASF4617
     /tmp/cc7KEiL4.s:96970  .debug_str:0000000000032b53 .LASF4618
     /tmp/cc7KEiL4.s:100686  .debug_str:0000000000041f25 .LASF4619
     /tmp/cc7KEiL4.s:85150  .debug_str:0000000000001985 .LASF4620
     /tmp/cc7KEiL4.s:86462  .debug_str:0000000000007533 .LASF4621
     /tmp/cc7KEiL4.s:84880  .debug_str:000000000000075d .LASF4622
     /tmp/cc7KEiL4.s:101492  .debug_str:0000000000045351 .LASF4623
     /tmp/cc7KEiL4.s:95534  .debug_str:000000000002c938 .LASF4624
     /tmp/cc7KEiL4.s:99150  .debug_str:000000000003b82c .LASF4625
     /tmp/cc7KEiL4.s:98436  .debug_str:00000000000386f6 .LASF4626
     /tmp/cc7KEiL4.s:97514  .debug_str:0000000000035065 .LASF4627
     /tmp/cc7KEiL4.s:92572  .debug_str:0000000000020ae7 .LASF4628
     /tmp/cc7KEiL4.s:90442  .debug_str:00000000000177c2 .LASF4629
     /tmp/cc7KEiL4.s:91070  .debug_str:000000000001a22b .LASF4630
     /tmp/cc7KEiL4.s:103158  .debug_str:000000000004c843 .LASF4631
     /tmp/cc7KEiL4.s:96902  .debug_str:0000000000032721 .LASF4632
     /tmp/cc7KEiL4.s:90368  .debug_str:0000000000017295 .LASF4633
     /tmp/cc7KEiL4.s:97184  .debug_str:0000000000033aa9 .LASF4634
     /tmp/cc7KEiL4.s:87308  .debug_str:000000000000af15 .LASF4635
     /tmp/cc7KEiL4.s:100388  .debug_str:0000000000040b7a .LASF4636
     /tmp/cc7KEiL4.s:97776  .debug_str:0000000000035ffa .LASF4637
     /tmp/cc7KEiL4.s:92318  .debug_str:000000000001f992 .LASF4638
     /tmp/cc7KEiL4.s:96040  .debug_str:000000000002ece8 .LASF4639
     /tmp/cc7KEiL4.s:86210  .debug_str:00000000000063e7 .LASF4640
     /tmp/cc7KEiL4.s:86394  .debug_str:00000000000070bf .LASF4641
     /tmp/cc7KEiL4.s:97244  .debug_str:0000000000033e47 .LASF4642
     /tmp/cc7KEiL4.s:93398  .debug_str:0000000000023e6b .LASF4643
     /tmp/cc7KEiL4.s:89294  .debug_str:0000000000012cbf .LASF4644
     /tmp/cc7KEiL4.s:85968  .debug_str:0000000000005309 .LASF4645
     /tmp/cc7KEiL4.s:91808  .debug_str:000000000001d5ac .LASF4646
     /tmp/cc7KEiL4.s:96572  .debug_str:00000000000310b6 .LASF4647
     /tmp/cc7KEiL4.s:102346  .debug_str:0000000000048e33 .LASF4648
     /tmp/cc7KEiL4.s:97538  .debug_str:00000000000351d6 .LASF4649
     /tmp/cc7KEiL4.s:96232  .debug_str:000000000002f8ff .LASF4650
     /tmp/cc7KEiL4.s:95424  .debug_str:000000000002c1a3 .LASF4651
     /tmp/cc7KEiL4.s:86294  .debug_str:0000000000006a17 .LASF4652
     /tmp/cc7KEiL4.s:101806  .debug_str:00000000000468f5 .LASF4653
     /tmp/cc7KEiL4.s:90214  .debug_str:0000000000016858 .LASF4654
     /tmp/cc7KEiL4.s:96772  .debug_str:0000000000031e66 .LASF4655
     /tmp/cc7KEiL4.s:92856  .debug_str:0000000000021e16 .LASF4656
     /tmp/cc7KEiL4.s:100578  .debug_str:00000000000417b0 .LASF4657
     /tmp/cc7KEiL4.s:92822  .debug_str:0000000000021b8f .LASF4658
     /tmp/cc7KEiL4.s:91998  .debug_str:000000000001e337 .LASF4659
     /tmp/cc7KEiL4.s:91174  .debug_str:000000000001a993 .LASF4660
     /tmp/cc7KEiL4.s:99380  .debug_str:000000000003c6e7 .LASF4661
     /tmp/cc7KEiL4.s:98266  .debug_str:0000000000037aa3 .LASF4662
     /tmp/cc7KEiL4.s:101030  .debug_str:0000000000043458 .LASF4663
     /tmp/cc7KEiL4.s:94770  .debug_str:000000000002973e .LASF4664
     /tmp/cc7KEiL4.s:95736  .debug_str:000000000002d762 .LASF4665
     /tmp/cc7KEiL4.s:96710  .debug_str:0000000000031a85 .LASF4666
     /tmp/cc7KEiL4.s:86742  .debug_str:0000000000008792 .LASF4667
     /tmp/cc7KEiL4.s:86376  .debug_str:0000000000006fe1 .LASF4668
     /tmp/cc7KEiL4.s:101896  .debug_str:0000000000046ef8 .LASF4669
     /tmp/cc7KEiL4.s:97350  .debug_str:00000000000345a6 .LASF4670
     /tmp/cc7KEiL4.s:96858  .debug_str:00000000000323cd .LASF4671
     /tmp/cc7KEiL4.s:97884  .debug_str:0000000000036692 .LASF4672
     /tmp/cc7KEiL4.s:97212  .debug_str:0000000000033c6e .LASF4673
     /tmp/cc7KEiL4.s:92238  .debug_str:000000000001f4a6 .LASF4674
     /tmp/cc7KEiL4.s:96234  .debug_str:000000000002f939 .LASF4675
     /tmp/cc7KEiL4.s:99272  .debug_str:000000000003c072 .LASF4676
     /tmp/cc7KEiL4.s:92060  .debug_str:000000000001e736 .LASF4677
     /tmp/cc7KEiL4.s:85696  .debug_str:0000000000004077 .LASF4678
     /tmp/cc7KEiL4.s:85002  .debug_str:0000000000000f91 .LASF4679
     /tmp/cc7KEiL4.s:100814  .debug_str:00000000000426f9 .LASF4680
     /tmp/cc7KEiL4.s:88564  .debug_str:000000000000fcfb .LASF4681
     /tmp/cc7KEiL4.s:102394  .debug_str:00000000000491b7 .LASF4682
     /tmp/cc7KEiL4.s:100054  .debug_str:000000000003f4cd .LASF4683
     /tmp/cc7KEiL4.s:98070  .debug_str:0000000000037001 .LASF4684
     /tmp/cc7KEiL4.s:102936  .debug_str:000000000004b91c .LASF4685
     /tmp/cc7KEiL4.s:95996  .debug_str:000000000002e9ed .LASF4686
     /tmp/cc7KEiL4.s:100962  .debug_str:0000000000043053 .LASF4687
     /tmp/cc7KEiL4.s:88104  .debug_str:000000000000e2d8 .LASF4688
     /tmp/cc7KEiL4.s:90312  .debug_str:0000000000016ef1 .LASF4689
     /tmp/cc7KEiL4.s:94674  .debug_str:00000000000290ee .LASF4690
     /tmp/cc7KEiL4.s:94772  .debug_str:000000000002977a .LASF4691
     /tmp/cc7KEiL4.s:95688  .debug_str:000000000002d450 .LASF4692
     /tmp/cc7KEiL4.s:98650  .debug_str:000000000003956c .LASF4693
     /tmp/cc7KEiL4.s:98666  .debug_str:00000000000396c4 .LASF4694
     /tmp/cc7KEiL4.s:97298  .debug_str:0000000000034218 .LASF4695
     /tmp/cc7KEiL4.s:101778  .debug_str:0000000000046792 .LASF4696
     /tmp/cc7KEiL4.s:89924  .debug_str:000000000001542e .LASF4697
     /tmp/cc7KEiL4.s:87280  .debug_str:000000000000acf5 .LASF4698
     /tmp/cc7KEiL4.s:92944  .debug_str:00000000000223f9 .LASF4699
     /tmp/cc7KEiL4.s:88188  .debug_str:000000000000e69f .LASF4700
     /tmp/cc7KEiL4.s:85054  .debug_str:000000000000131f .LASF4701
     /tmp/cc7KEiL4.s:92052  .debug_str:000000000001e697 .LASF4702
     /tmp/cc7KEiL4.s:101768  .debug_str:00000000000466f8 .LASF4703
     /tmp/cc7KEiL4.s:91336  .debug_str:000000000001b590 .LASF4704
     /tmp/cc7KEiL4.s:99322  .debug_str:000000000003c306 .LASF4705
     /tmp/cc7KEiL4.s:90638  .debug_str:000000000001840a .LASF4706
     /tmp/cc7KEiL4.s:102614  .debug_str:000000000004a218 .LASF4707
     /tmp/cc7KEiL4.s:94064  .debug_str:0000000000026914 .LASF4708
     /tmp/cc7KEiL4.s:99084  .debug_str:000000000003b338 .LASF4709
     /tmp/cc7KEiL4.s:96576  .debug_str:000000000003112c .LASF4710
     /tmp/cc7KEiL4.s:99038  .debug_str:000000000003aff1 .LASF4711
     /tmp/cc7KEiL4.s:95442  .debug_str:000000000002c2a0 .LASF4712
     /tmp/cc7KEiL4.s:91556  .debug_str:000000000001c3b7 .LASF4713
     /tmp/cc7KEiL4.s:84970  .debug_str:0000000000000d46 .LASF4714
     /tmp/cc7KEiL4.s:98658  .debug_str:00000000000395fa .LASF4715
     /tmp/cc7KEiL4.s:93606  .debug_str:0000000000024a84 .LASF4716
     /tmp/cc7KEiL4.s:100438  .debug_str:0000000000040f0e .LASF4717
     /tmp/cc7KEiL4.s:92438  .debug_str:0000000000020220 .LASF4718
     /tmp/cc7KEiL4.s:100958  .debug_str:0000000000043016 .LASF4719
     /tmp/cc7KEiL4.s:98844  .debug_str:000000000003a338 .LASF4720
     /tmp/cc7KEiL4.s:89256  .debug_str:0000000000012aae .LASF4721
     /tmp/cc7KEiL4.s:87022  .debug_str:0000000000009b1d .LASF4722
     /tmp/cc7KEiL4.s:89980  .debug_str:00000000000157c2 .LASF4723
     /tmp/cc7KEiL4.s:88982  .debug_str:00000000000117f1 .LASF4724
     /tmp/cc7KEiL4.s:93964  .debug_str:00000000000262d7 .LASF4725
     /tmp/cc7KEiL4.s:85348  .debug_str:000000000000282a .LASF4726
     /tmp/cc7KEiL4.s:86202  .debug_str:0000000000006342 .LASF4727
     /tmp/cc7KEiL4.s:102468  .debug_str:000000000004975b .LASF4728
     /tmp/cc7KEiL4.s:88436  .debug_str:000000000000f60f .LASF4729
     /tmp/cc7KEiL4.s:92664  .debug_str:0000000000021099 .LASF4730
     /tmp/cc7KEiL4.s:95562  .debug_str:000000000002cb6c .LASF4731
     /tmp/cc7KEiL4.s:95006  .debug_str:000000000002a717 .LASF4732
     /tmp/cc7KEiL4.s:92666  .debug_str:00000000000210c6 .LASF4733
     /tmp/cc7KEiL4.s:101142  .debug_str:0000000000043bab .LASF4734
     /tmp/cc7KEiL4.s:86338  .debug_str:0000000000006d43 .LASF4735
     /tmp/cc7KEiL4.s:92980  .debug_str:0000000000022610 .LASF4736
     /tmp/cc7KEiL4.s:85004  .debug_str:0000000000000fb6 .LASF4737
     /tmp/cc7KEiL4.s:92456  .debug_str:0000000000020394 .LASF4738
     /tmp/cc7KEiL4.s:89368  .debug_str:000000000001315a .LASF4739
     /tmp/cc7KEiL4.s:91838  .debug_str:000000000001d73b .LASF4740
     /tmp/cc7KEiL4.s:97324  .debug_str:00000000000343ec .LASF4741
     /tmp/cc7KEiL4.s:88362  .debug_str:000000000000f17f .LASF4742
     /tmp/cc7KEiL4.s:94126  .debug_str:0000000000026db2 .LASF4743
     /tmp/cc7KEiL4.s:99824  .debug_str:000000000003e45e .LASF4744
     /tmp/cc7KEiL4.s:98958  .debug_str:000000000003aac6 .LASF4745
     /tmp/cc7KEiL4.s:92806  .debug_str:0000000000021a72 .LASF4746
     /tmp/cc7KEiL4.s:98770  .debug_str:0000000000039e63 .LASF4747
     /tmp/cc7KEiL4.s:100886  .debug_str:0000000000042b43 .LASF4748
     /tmp/cc7KEiL4.s:92970  .debug_str:000000000002258a .LASF4749
     /tmp/cc7KEiL4.s:94940  .debug_str:000000000002a23b .LASF4750
     /tmp/cc7KEiL4.s:86350  .debug_str:0000000000006e2a .LASF4751
     /tmp/cc7KEiL4.s:99224  .debug_str:000000000003bcf0 .LASF4752
     /tmp/cc7KEiL4.s:92876  .debug_str:0000000000021f8b .LASF4753
     /tmp/cc7KEiL4.s:84866  .debug_str:000000000000068b .LASF4754
     /tmp/cc7KEiL4.s:89560  .debug_str:0000000000013d4f .LASF4755
     /tmp/cc7KEiL4.s:99922  .debug_str:000000000003ebcb .LASF4756
     /tmp/cc7KEiL4.s:90448  .debug_str:0000000000017821 .LASF4757
     /tmp/cc7KEiL4.s:101258  .debug_str:0000000000044342 .LASF4758
     /tmp/cc7KEiL4.s:100660  .debug_str:0000000000041d79 .LASF4759
     /tmp/cc7KEiL4.s:98310  .debug_str:0000000000037e2c .LASF4760
     /tmp/cc7KEiL4.s:91890  .debug_str:000000000001db45 .LASF4761
     /tmp/cc7KEiL4.s:98242  .debug_str:000000000003791d .LASF4762
     /tmp/cc7KEiL4.s:99004  .debug_str:000000000003ada0 .LASF4763
     /tmp/cc7KEiL4.s:87174  .debug_str:000000000000a54f .LASF4764
     /tmp/cc7KEiL4.s:99880  .debug_str:000000000003e8d2 .LASF4765
     /tmp/cc7KEiL4.s:98900  .debug_str:000000000003a708 .LASF4766
     /tmp/cc7KEiL4.s:85920  .debug_str:0000000000004f86 .LASF4767
     /tmp/cc7KEiL4.s:102606  .debug_str:000000000004a15e .LASF4768
     /tmp/cc7KEiL4.s:99746  .debug_str:000000000003dec6 .LASF4769
     /tmp/cc7KEiL4.s:88850  .debug_str:0000000000010e89 .LASF4770
     /tmp/cc7KEiL4.s:99676  .debug_str:000000000003d9bc .LASF4771
     /tmp/cc7KEiL4.s:85040  .debug_str:000000000000122a .LASF4772
     /tmp/cc7KEiL4.s:95762  .debug_str:000000000002d90e .LASF4773
     /tmp/cc7KEiL4.s:88670  .debug_str:0000000000010313 .LASF4774
     /tmp/cc7KEiL4.s:91804  .debug_str:000000000001d55f .LASF4775
     /tmp/cc7KEiL4.s:97082  .debug_str:0000000000033396 .LASF4776
     /tmp/cc7KEiL4.s:98662  .debug_str:0000000000039665 .LASF4777
     /tmp/cc7KEiL4.s:86872  .debug_str:000000000000909f .LASF4778
     /tmp/cc7KEiL4.s:88508  .debug_str:000000000000f97b .LASF4779
     /tmp/cc7KEiL4.s:93746  .debug_str:0000000000025460 .LASF4780
     /tmp/cc7KEiL4.s:88382  .debug_str:000000000000f346 .LASF4781
     /tmp/cc7KEiL4.s:92900  .debug_str:0000000000022141 .LASF4782
     /tmp/cc7KEiL4.s:93590  .debug_str:000000000002495e .LASF4783
     /tmp/cc7KEiL4.s:86472  .debug_str:00000000000075fa .LASF4784
     /tmp/cc7KEiL4.s:102908  .debug_str:000000000004b758 .LASF4785
     /tmp/cc7KEiL4.s:87766  .debug_str:000000000000ce50 .LASF4786
     /tmp/cc7KEiL4.s:97812  .debug_str:0000000000036283 .LASF4787
     /tmp/cc7KEiL4.s:91698  .debug_str:000000000001ce1d .LASF4788
     /tmp/cc7KEiL4.s:99974  .debug_str:000000000003eed4 .LASF4789
     /tmp/cc7KEiL4.s:92604  .debug_str:0000000000020c78 .LASF4790
     /tmp/cc7KEiL4.s:90200  .debug_str:000000000001672e .LASF4791
     /tmp/cc7KEiL4.s:85538  .debug_str:00000000000034fe .LASF4792
     /tmp/cc7KEiL4.s:99056  .debug_str:000000000003b134 .LASF4793
     /tmp/cc7KEiL4.s:89244  .debug_str:0000000000012a04 .LASF4794
     /tmp/cc7KEiL4.s:93866  .debug_str:0000000000025c26 .LASF4795
     /tmp/cc7KEiL4.s:98442  .debug_str:0000000000038772 .LASF4796
     /tmp/cc7KEiL4.s:91258  .debug_str:000000000001afa1 .LASF4797
     /tmp/cc7KEiL4.s:90436  .debug_str:0000000000017757 .LASF4798
     /tmp/cc7KEiL4.s:96788  .debug_str:0000000000031f8f .LASF4799
     /tmp/cc7KEiL4.s:95058  .debug_str:000000000002aa11 .LASF4800
     /tmp/cc7KEiL4.s:90340  .debug_str:00000000000170b8 .LASF4801
     /tmp/cc7KEiL4.s:89134  .debug_str:00000000000121fb .LASF4802
     /tmp/cc7KEiL4.s:101880  .debug_str:0000000000046dd8 .LASF4803
     /tmp/cc7KEiL4.s:101828  .debug_str:0000000000046aa4 .LASF4804
     /tmp/cc7KEiL4.s:90580  .debug_str:000000000001803f .LASF4805
     /tmp/cc7KEiL4.s:98972  .debug_str:000000000003ab78 .LASF4806
     /tmp/cc7KEiL4.s:93722  .debug_str:00000000000252e4 .LASF4807
     /tmp/cc7KEiL4.s:102066  .debug_str:0000000000047a96 .LASF4808
     /tmp/cc7KEiL4.s:86450  .debug_str:0000000000007498 .LASF4809
     /tmp/cc7KEiL4.s:89764  .debug_str:0000000000014a42 .LASF4810
     /tmp/cc7KEiL4.s:98346  .debug_str:0000000000038093 .LASF4811
     /tmp/cc7KEiL4.s:90642  .debug_str:0000000000018479 .LASF4812
     /tmp/cc7KEiL4.s:94172  .debug_str:00000000000270cf .LASF4813
     /tmp/cc7KEiL4.s:93356  .debug_str:0000000000023cdd .LASF4814
     /tmp/cc7KEiL4.s:95212  .debug_str:000000000002b34f .LASF4815
     /tmp/cc7KEiL4.s:100028  .debug_str:000000000003f2b9 .LASF4816
     /tmp/cc7KEiL4.s:86712  .debug_str:00000000000085ce .LASF4817
     /tmp/cc7KEiL4.s:90334  .debug_str:0000000000017045 .LASF4818
     /tmp/cc7KEiL4.s:94304  .debug_str:0000000000027925 .LASF4819
     /tmp/cc7KEiL4.s:95832  .debug_str:000000000002de38 .LASF4820
     /tmp/cc7KEiL4.s:98446  .debug_str:00000000000387aa .LASF4821
     /tmp/cc7KEiL4.s:86658  .debug_str:00000000000081e1 .LASF4822
     /tmp/cc7KEiL4.s:101368  .debug_str:0000000000044b73 .LASF4823
     /tmp/cc7KEiL4.s:88554  .debug_str:000000000000fc2d .LASF4824
     /tmp/cc7KEiL4.s:100514  .debug_str:0000000000041399 .LASF4825
     /tmp/cc7KEiL4.s:88990  .debug_str:0000000000011871 .LASF4826
     /tmp/cc7KEiL4.s:97024  .debug_str:0000000000032f5b .LASF4827
     /tmp/cc7KEiL4.s:91060  .debug_str:000000000001a18c .LASF4828
     /tmp/cc7KEiL4.s:93046  .debug_str:0000000000022b05 .LASF4829
     /tmp/cc7KEiL4.s:99766  .debug_str:000000000003e04e .LASF4830
     /tmp/cc7KEiL4.s:84954  .debug_str:0000000000000c24 .LASF4831
     /tmp/cc7KEiL4.s:90802  .debug_str:0000000000018f38 .LASF4832
     /tmp/cc7KEiL4.s:92658  .debug_str:0000000000021007 .LASF4833
     /tmp/cc7KEiL4.s:89992  .debug_str:00000000000158a0 .LASF4834
     /tmp/cc7KEiL4.s:97532  .debug_str:0000000000035164 .LASF4835
     /tmp/cc7KEiL4.s:102046  .debug_str:0000000000047958 .LASF4836
     /tmp/cc7KEiL4.s:97412  .debug_str:0000000000034940 .LASF4837
     /tmp/cc7KEiL4.s:91400  .debug_str:000000000001b9a6 .LASF4838
     /tmp/cc7KEiL4.s:91644  .debug_str:000000000001ca56 .LASF4839
     /tmp/cc7KEiL4.s:93706  .debug_str:00000000000251eb .LASF4840
     /tmp/cc7KEiL4.s:99230  .debug_str:000000000003bd57 .LASF4841
     /tmp/cc7KEiL4.s:85990  .debug_str:0000000000005514 .LASF4842
     /tmp/cc7KEiL4.s:98264  .debug_str:0000000000037a6f .LASF4843
     /tmp/cc7KEiL4.s:96728  .debug_str:0000000000031b8e .LASF4844
     /tmp/cc7KEiL4.s:97698  .debug_str:0000000000035b9e .LASF4845
     /tmp/cc7KEiL4.s:101288  .debug_str:000000000004452d .LASF4846
     /tmp/cc7KEiL4.s:91746  .debug_str:000000000001d16e .LASF4847
     /tmp/cc7KEiL4.s:99076  .debug_str:000000000003b286 .LASF4848
     /tmp/cc7KEiL4.s:93292  .debug_str:0000000000023936 .LASF4849
     /tmp/cc7KEiL4.s:87794  .debug_str:000000000000d040 .LASF4850
     /tmp/cc7KEiL4.s:88568  .debug_str:000000000000fd34 .LASF4851
     /tmp/cc7KEiL4.s:93426  .debug_str:000000000002403d .LASF4852
     /tmp/cc7KEiL4.s:85384  .debug_str:0000000000002ac0 .LASF4853
     /tmp/cc7KEiL4.s:95412  .debug_str:000000000002c0dd .LASF4854
     /tmp/cc7KEiL4.s:99148  .debug_str:000000000003b7f7 .LASF4855
     /tmp/cc7KEiL4.s:94764  .debug_str:00000000000296dc .LASF4856
     /tmp/cc7KEiL4.s:85554  .debug_str:0000000000003611 .LASF4857
     /tmp/cc7KEiL4.s:85316  .debug_str:0000000000002598 .LASF4858
     /tmp/cc7KEiL4.s:99586  .debug_str:000000000003d44a .LASF4859
     /tmp/cc7KEiL4.s:96618  .debug_str:00000000000313f6 .LASF4860
     /tmp/cc7KEiL4.s:89994  .debug_str:00000000000158d4 .LASF4861
     /tmp/cc7KEiL4.s:100108  .debug_str:000000000003f8d3 .LASF4862
     /tmp/cc7KEiL4.s:102264  .debug_str:0000000000048876 .LASF4863
     /tmp/cc7KEiL4.s:103142  .debug_str:000000000004c72c .LASF4864
     /tmp/cc7KEiL4.s:100370  .debug_str:0000000000040a6f .LASF4865
     /tmp/cc7KEiL4.s:86950  .debug_str:00000000000096b5 .LASF4866
     /tmp/cc7KEiL4.s:96800  .debug_str:000000000003204c .LASF4867
     /tmp/cc7KEiL4.s:98432  .debug_str:00000000000386af .LASF4868
     /tmp/cc7KEiL4.s:101886  .debug_str:0000000000046e50 .LASF4869
     /tmp/cc7KEiL4.s:87906  .debug_str:000000000000d6e4 .LASF4870
     /tmp/cc7KEiL4.s:85674  .debug_str:0000000000003ed0 .LASF4871
     /tmp/cc7KEiL4.s:98268  .debug_str:0000000000037adf .LASF4872
     /tmp/cc7KEiL4.s:97002  .debug_str:0000000000032dd0 .LASF4873
     /tmp/cc7KEiL4.s:96314  .debug_str:000000000002fe38 .LASF4874
     /tmp/cc7KEiL4.s:95738  .debug_str:000000000002d79e .LASF4875
     /tmp/cc7KEiL4.s:87926  .debug_str:000000000000d860 .LASF4876
     /tmp/cc7KEiL4.s:91944  .debug_str:000000000001df34 .LASF4877
     /tmp/cc7KEiL4.s:99434  .debug_str:000000000003cab9 .LASF4878
     /tmp/cc7KEiL4.s:88092  .debug_str:000000000000e24e .LASF4879
     /tmp/cc7KEiL4.s:86302  .debug_str:0000000000006aec .LASF4880
     /tmp/cc7KEiL4.s:94966  .debug_str:000000000002a3ef .LASF4881
     /tmp/cc7KEiL4.s:87452  .debug_str:000000000000b99d .LASF4882
     /tmp/cc7KEiL4.s:91262  .debug_str:000000000001b004 .LASF4883
     /tmp/cc7KEiL4.s:100840  .debug_str:00000000000428b8 .LASF4884
     /tmp/cc7KEiL4.s:91684  .debug_str:000000000001cd26 .LASF4885
     /tmp/cc7KEiL4.s:101546  .debug_str:00000000000456be .LASF4886
     /tmp/cc7KEiL4.s:100214  .debug_str:000000000003fecd .LASF4887
     /tmp/cc7KEiL4.s:85884  .debug_str:0000000000004d90 .LASF4888
     /tmp/cc7KEiL4.s:88660  .debug_str:0000000000010215 .LASF4889
     /tmp/cc7KEiL4.s:87266  .debug_str:000000000000abe7 .LASF4890
     /tmp/cc7KEiL4.s:97366  .debug_str:00000000000346df .LASF4891
     /tmp/cc7KEiL4.s:102246  .debug_str:0000000000048745 .LASF4892
     /tmp/cc7KEiL4.s:102566  .debug_str:0000000000049dd5 .LASF4893
     /tmp/cc7KEiL4.s:90964  .debug_str:0000000000019b40 .LASF4894
     /tmp/cc7KEiL4.s:95498  .debug_str:000000000002c6e8 .LASF4895
     /tmp/cc7KEiL4.s:91844  .debug_str:000000000001d7c3 .LASF4896
     /tmp/cc7KEiL4.s:97724  .debug_str:0000000000035d5f .LASF4897
     /tmp/cc7KEiL4.s:96544  .debug_str:0000000000030ec3 .LASF4898
     /tmp/cc7KEiL4.s:94778  .debug_str:00000000000297e0 .LASF4899
     /tmp/cc7KEiL4.s:92746  .debug_str:0000000000021682 .LASF4900
     /tmp/cc7KEiL4.s:87316  .debug_str:000000000000afbc .LASF4901
     /tmp/cc7KEiL4.s:85708  .debug_str:0000000000004193 .LASF4902
     /tmp/cc7KEiL4.s:89068  .debug_str:0000000000011d57 .LASF4903
     /tmp/cc7KEiL4.s:91388  .debug_str:000000000001b8e9 .LASF4904
     /tmp/cc7KEiL4.s:94712  .debug_str:00000000000292c2 .LASF4905
     /tmp/cc7KEiL4.s:86500  .debug_str:00000000000077c9 .LASF4906
     /tmp/cc7KEiL4.s:94088  .debug_str:0000000000026afe .LASF4907
     /tmp/cc7KEiL4.s:103020  .debug_str:000000000004bed8 .LASF4908
     /tmp/cc7KEiL4.s:92542  .debug_str:000000000002087e .LASF4909
     /tmp/cc7KEiL4.s:92846  .debug_str:0000000000021d6d .LASF4910
     /tmp/cc7KEiL4.s:87496  .debug_str:000000000000bc43 .LASF4911
     /tmp/cc7KEiL4.s:91560  .debug_str:000000000001c3fe .LASF4912
     /tmp/cc7KEiL4.s:101566  .debug_str:0000000000045821 .LASF4913
     /tmp/cc7KEiL4.s:103146  .debug_str:000000000004c79f .LASF4914
     /tmp/cc7KEiL4.s:85110  .debug_str:00000000000016cc .LASF4915
     /tmp/cc7KEiL4.s:102448  .debug_str:00000000000495e2 .LASF4916
     /tmp/cc7KEiL4.s:90996  .debug_str:0000000000019d82 .LASF4917
     /tmp/cc7KEiL4.s:101400  .debug_str:0000000000044d7a .LASF4918
     /tmp/cc7KEiL4.s:95084  .debug_str:000000000002abee .LASF4919
     /tmp/cc7KEiL4.s:87886  .debug_str:000000000000d57f .LASF4920
     /tmp/cc7KEiL4.s:87000  .debug_str:0000000000009986 .LASF4921
     /tmp/cc7KEiL4.s:92450  .debug_str:000000000002030c .LASF4922
     /tmp/cc7KEiL4.s:98584  .debug_str:00000000000390e3 .LASF4923
     /tmp/cc7KEiL4.s:97278  .debug_str:00000000000340f1 .LASF4924
     /tmp/cc7KEiL4.s:91616  .debug_str:000000000001c829 .LASF4925
     /tmp/cc7KEiL4.s:97390  .debug_str:000000000003484b .LASF4926
     /tmp/cc7KEiL4.s:89910  .debug_str:00000000000153a0 .LASF4927
     /tmp/cc7KEiL4.s:95234  .debug_str:000000000002b4a2 .LASF4928
     /tmp/cc7KEiL4.s:95574  .debug_str:000000000002cc1a .LASF4929
     /tmp/cc7KEiL4.s:96018  .debug_str:000000000002eb74 .LASF4930
     /tmp/cc7KEiL4.s:97316  .debug_str:0000000000034354 .LASF4931
     /tmp/cc7KEiL4.s:99340  .debug_str:000000000003c424 .LASF4932
     /tmp/cc7KEiL4.s:85928  .debug_str:0000000000004ff4 .LASF4933
     /tmp/cc7KEiL4.s:88722  .debug_str:000000000001065b .LASF4934
     /tmp/cc7KEiL4.s:87904  .debug_str:000000000000d6bc .LASF4935
     /tmp/cc7KEiL4.s:86858  .debug_str:0000000000008fcf .LASF4936
     /tmp/cc7KEiL4.s:86696  .debug_str:000000000000849c .LASF4937
     /tmp/cc7KEiL4.s:100088  .debug_str:000000000003f728 .LASF4938
     /tmp/cc7KEiL4.s:98678  .debug_str:0000000000039789 .LASF4939
     /tmp/cc7KEiL4.s:88912  .debug_str:00000000000112bc .LASF4940
     /tmp/cc7KEiL4.s:86328  .debug_str:0000000000006cdd .LASF4941
     /tmp/cc7KEiL4.s:92566  .debug_str:0000000000020a65 .LASF4942
     /tmp/cc7KEiL4.s:93554  .debug_str:000000000002474b .LASF4943
     /tmp/cc7KEiL4.s:96496  .debug_str:0000000000030b97 .LASF4944
     /tmp/cc7KEiL4.s:94184  .debug_str:000000000002718c .LASF4945
     /tmp/cc7KEiL4.s:101346  .debug_str:00000000000449d4 .LASF4946
     /tmp/cc7KEiL4.s:101764  .debug_str:00000000000466bb .LASF4947
     /tmp/cc7KEiL4.s:96804  .debug_str:00000000000320a8 .LASF4948
     /tmp/cc7KEiL4.s:95668  .debug_str:000000000002d2af .LASF4949
     /tmp/cc7KEiL4.s:97732  .debug_str:0000000000035df4 .LASF4950
     /tmp/cc7KEiL4.s:88054  .debug_str:000000000000dffa .LASF4951
     /tmp/cc7KEiL4.s:93260  .debug_str:00000000000237c5 .LASF4952
     /tmp/cc7KEiL4.s:91898  .debug_str:000000000001dbe9 .LASF4953
     /tmp/cc7KEiL4.s:94018  .debug_str:0000000000026601 .LASF4954
     /tmp/cc7KEiL4.s:97378  .debug_str:0000000000034790 .LASF4955
     /tmp/cc7KEiL4.s:93598  .debug_str:00000000000249fa .LASF4956
     /tmp/cc7KEiL4.s:87554  .debug_str:000000000000bff6 .LASF4957
     /tmp/cc7KEiL4.s:96584  .debug_str:00000000000311b5 .LASF4958
     /tmp/cc7KEiL4.s:96384  .debug_str:00000000000303ba .LASF4959
     /tmp/cc7KEiL4.s:91214  .debug_str:000000000001acc9 .LASF4960
     /tmp/cc7KEiL4.s:92844  .debug_str:0000000000021d43 .LASF4961
     /tmp/cc7KEiL4.s:102042  .debug_str:0000000000047904 .LASF4962
     /tmp/cc7KEiL4.s:99220  .debug_str:000000000003bca3 .LASF4963
     /tmp/cc7KEiL4.s:93966  .debug_str:0000000000026307 .LASF4964
     /tmp/cc7KEiL4.s:102686  .debug_str:000000000004a819 .LASF4965
     /tmp/cc7KEiL4.s:93538  .debug_str:0000000000024654 .LASF4966
     /tmp/cc7KEiL4.s:101246  .debug_str:000000000004426c .LASF4967
     /tmp/cc7KEiL4.s:91632  .debug_str:000000000001c92e .LASF4968
     /tmp/cc7KEiL4.s:93408  .debug_str:0000000000023f2e .LASF4969
     /tmp/cc7KEiL4.s:86276  .debug_str:0000000000006896 .LASF4970
     /tmp/cc7KEiL4.s:92766  .debug_str:00000000000217b3 .LASF4971
     /tmp/cc7KEiL4.s:87326  .debug_str:000000000000b041 .LASF4972
     /tmp/cc7KEiL4.s:88978  .debug_str:00000000000117a1 .LASF4973
     /tmp/cc7KEiL4.s:98210  .debug_str:0000000000037788 .LASF4974
     /tmp/cc7KEiL4.s:85116  .debug_str:0000000000001754 .LASF4975
     /tmp/cc7KEiL4.s:102038  .debug_str:0000000000047892 .LASF4976
     /tmp/cc7KEiL4.s:100090  .debug_str:000000000003f74e .LASF4977
     /tmp/cc7KEiL4.s:87160  .debug_str:000000000000a46f .LASF4978
     /tmp/cc7KEiL4.s:94350  .debug_str:0000000000027bfe .LASF4979
     /tmp/cc7KEiL4.s:101874  .debug_str:0000000000046d82 .LASF4980
     /tmp/cc7KEiL4.s:92616  .debug_str:0000000000020d58 .LASF4981
     /tmp/cc7KEiL4.s:89996  .debug_str:00000000000158fc .LASF4982
     /tmp/cc7KEiL4.s:89100  .debug_str:0000000000011fc0 .LASF4983
     /tmp/cc7KEiL4.s:98158  .debug_str:0000000000037505 .LASF4984
     /tmp/cc7KEiL4.s:100766  .debug_str:000000000004240e .LASF4985
     /tmp/cc7KEiL4.s:86304  .debug_str:0000000000006b10 .LASF4986
     /tmp/cc7KEiL4.s:98624  .debug_str:0000000000039352 .LASF4987
     /tmp/cc7KEiL4.s:101108  .debug_str:0000000000043940 .LASF4988
     /tmp/cc7KEiL4.s:96944  .debug_str:00000000000329c1 .LASF4989
     /tmp/cc7KEiL4.s:89354  .debug_str:0000000000013049 .LASF4990
     /tmp/cc7KEiL4.s:90504  .debug_str:0000000000017b52 .LASF4991
     /tmp/cc7KEiL4.s:90890  .debug_str:000000000001951c .LASF4992
     /tmp/cc7KEiL4.s:100830  .debug_str:00000000000427fa .LASF4993
     /tmp/cc7KEiL4.s:96366  .debug_str:0000000000030202 .LASF4994
     /tmp/cc7KEiL4.s:86996  .debug_str:000000000000993c .LASF4995
     /tmp/cc7KEiL4.s:95754  .debug_str:000000000002d881 .LASF4996
     /tmp/cc7KEiL4.s:99152  .debug_str:000000000003b862 .LASF4997
     /tmp/cc7KEiL4.s:89408  .debug_str:0000000000013382 .LASF4998
     /tmp/cc7KEiL4.s:98072  .debug_str:0000000000037028 .LASF4999
     /tmp/cc7KEiL4.s:88768  .debug_str:00000000000109cb .LASF5000
     /tmp/cc7KEiL4.s:93066  .debug_str:0000000000022c76 .LASF5001
     /tmp/cc7KEiL4.s:91102  .debug_str:000000000001a425 .LASF5002
     /tmp/cc7KEiL4.s:101106  .debug_str:0000000000043912 .LASF5003
     /tmp/cc7KEiL4.s:86636  .debug_str:0000000000008052 .LASF5004
     /tmp/cc7KEiL4.s:87596  .debug_str:000000000000c2d2 .LASF5005
     /tmp/cc7KEiL4.s:87462  .debug_str:000000000000ba41 .LASF5006
     /tmp/cc7KEiL4.s:101394  .debug_str:0000000000044d05 .LASF5007
     /tmp/cc7KEiL4.s:93328  .debug_str:0000000000023b45 .LASF5008
     /tmp/cc7KEiL4.s:92444  .debug_str:00000000000202b6 .LASF5009
     /tmp/cc7KEiL4.s:88956  .debug_str:00000000000115e7 .LASF5010
     /tmp/cc7KEiL4.s:98376  .debug_str:00000000000382bf .LASF5011
     /tmp/cc7KEiL4.s:96650  .debug_str:0000000000031669 .LASF5012
     /tmp/cc7KEiL4.s:98490  .debug_str:0000000000038a67 .LASF5013
     /tmp/cc7KEiL4.s:95912  .debug_str:000000000002e395 .LASF5014
     /tmp/cc7KEiL4.s:96056  .debug_str:000000000002edf9 .LASF5015
     /tmp/cc7KEiL4.s:90620  .debug_str:00000000000182c3 .LASF5016
     /tmp/cc7KEiL4.s:85138  .debug_str:0000000000001889 .LASF5017
     /tmp/cc7KEiL4.s:100622  .debug_str:0000000000041aec .LASF5018
     /tmp/cc7KEiL4.s:102062  .debug_str:0000000000047a5d .LASF5019
     /tmp/cc7KEiL4.s:92076  .debug_str:000000000001e8c0 .LASF5020
     /tmp/cc7KEiL4.s:100004  .debug_str:000000000003f107 .LASF5021
     /tmp/cc7KEiL4.s:90370  .debug_str:00000000000172cd .LASF5022
     /tmp/cc7KEiL4.s:97570  .debug_str:000000000003543a .LASF5023
     /tmp/cc7KEiL4.s:87388  .debug_str:000000000000b4f7 .LASF5024
     /tmp/cc7KEiL4.s:86314  .debug_str:0000000000006bd1 .LASF5025
     /tmp/cc7KEiL4.s:92468  .debug_str:000000000002046c .LASF5026
     /tmp/cc7KEiL4.s:97170  .debug_str:00000000000339c2 .LASF5027
     /tmp/cc7KEiL4.s:89088  .debug_str:0000000000011eec .LASF5028
     /tmp/cc7KEiL4.s:98040  .debug_str:0000000000036e6d .LASF5029
     /tmp/cc7KEiL4.s:93400  .debug_str:0000000000023e95 .LASF5030
     /tmp/cc7KEiL4.s:97730  .debug_str:0000000000035dbc .LASF5031
     /tmp/cc7KEiL4.s:94408  .debug_str:0000000000027fdd .LASF5032
     /tmp/cc7KEiL4.s:96122  .debug_str:000000000002f1db .LASF5033
     /tmp/cc7KEiL4.s:86928  .debug_str:00000000000094b3 .LASF5034
     /tmp/cc7KEiL4.s:89120  .debug_str:0000000000012114 .LASF5035
     /tmp/cc7KEiL4.s:94876  .debug_str:0000000000029e02 .LASF5036
     /tmp/cc7KEiL4.s:100712  .debug_str:00000000000420cc .LASF5037
     /tmp/cc7KEiL4.s:87892  .debug_str:000000000000d5eb .LASF5038
     /tmp/cc7KEiL4.s:93682  .debug_str:0000000000024fd5 .LASF5039
     /tmp/cc7KEiL4.s:85032  .debug_str:00000000000011a9 .LASF5040
     /tmp/cc7KEiL4.s:86628  .debug_str:0000000000007fce .LASF5041
     /tmp/cc7KEiL4.s:88214  .debug_str:000000000000e8a7 .LASF5042
     /tmp/cc7KEiL4.s:86598  .debug_str:0000000000007d7a .LASF5043
     /tmp/cc7KEiL4.s:89182  .debug_str:0000000000012529 .LASF5044
     /tmp/cc7KEiL4.s:91250  .debug_str:000000000001aedc .LASF5045
     /tmp/cc7KEiL4.s:97466  .debug_str:0000000000034d49 .LASF5046
     /tmp/cc7KEiL4.s:85584  .debug_str:0000000000003854 .LASF5047
     /tmp/cc7KEiL4.s:96856  .debug_str:0000000000032397 .LASF5048
     /tmp/cc7KEiL4.s:101458  .debug_str:0000000000045122 .LASF5049
     /tmp/cc7KEiL4.s:102724  .debug_str:000000000004aa75 .LASF5050
     /tmp/cc7KEiL4.s:102294  .debug_str:0000000000048a9f .LASF5051
     /tmp/cc7KEiL4.s:85692  .debug_str:0000000000004023 .LASF5052
     /tmp/cc7KEiL4.s:87254  .debug_str:000000000000ab4d .LASF5053
     /tmp/cc7KEiL4.s:98942  .debug_str:000000000003a9f0 .LASF5054
     /tmp/cc7KEiL4.s:96404  .debug_str:0000000000030503 .LASF5055
     /tmp/cc7KEiL4.s:94472  .debug_str:0000000000028468 .LASF5056
     /tmp/cc7KEiL4.s:93220  .debug_str:000000000002354d .LASF5057
     /tmp/cc7KEiL4.s:85522  .debug_str:00000000000033fb .LASF5058
     /tmp/cc7KEiL4.s:89200  .debug_str:00000000000126ad .LASF5059
     /tmp/cc7KEiL4.s:95162  .debug_str:000000000002b069 .LASF5060
     /tmp/cc7KEiL4.s:93352  .debug_str:0000000000023ca6 .LASF5061
     /tmp/cc7KEiL4.s:90030  .debug_str:0000000000015b99 .LASF5062
     /tmp/cc7KEiL4.s:89958  .debug_str:00000000000156c2 .LASF5063
     /tmp/cc7KEiL4.s:91044  .debug_str:000000000001a064 .LASF5064
     /tmp/cc7KEiL4.s:95078  .debug_str:000000000002ab57 .LASF5065
     /tmp/cc7KEiL4.s:93956  .debug_str:000000000002622c .LASF5066
     /tmp/cc7KEiL4.s:89320  .debug_str:0000000000012e22 .LASF5067
     /tmp/cc7KEiL4.s:96954  .debug_str:0000000000032a3e .LASF5068
     /tmp/cc7KEiL4.s:98032  .debug_str:0000000000036de6 .LASF5069
     /tmp/cc7KEiL4.s:93170  .debug_str:0000000000023287 .LASF5070
     /tmp/cc7KEiL4.s:98990  .debug_str:000000000003aca0 .LASF5071
     /tmp/cc7KEiL4.s:86214  .debug_str:0000000000006433 .LASF5072
     /tmp/cc7KEiL4.s:97802  .debug_str:00000000000361c7 .LASF5073
     /tmp/cc7KEiL4.s:85948  .debug_str:0000000000005177 .LASF5074
     /tmp/cc7KEiL4.s:91662  .debug_str:000000000001cb73 .LASF5075
     /tmp/cc7KEiL4.s:101412  .debug_str:0000000000044e47 .LASF5076
     /tmp/cc7KEiL4.s:99008  .debug_str:000000000003ade7 .LASF5077
     /tmp/cc7KEiL4.s:91300  .debug_str:000000000001b274 .LASF5078
     /tmp/cc7KEiL4.s:90016  .debug_str:0000000000015a72 .LASF5079
     /tmp/cc7KEiL4.s:97464  .debug_str:0000000000034d10 .LASF5080
     /tmp/cc7KEiL4.s:101354  .debug_str:0000000000044a51 .LASF5081
     /tmp/cc7KEiL4.s:98934  .debug_str:000000000003a955 .LASF5082
     /tmp/cc7KEiL4.s:95844  .debug_str:000000000002df1f .LASF5083
     /tmp/cc7KEiL4.s:91260  .debug_str:000000000001afd4 .LASF5084
     /tmp/cc7KEiL4.s:102284  .debug_str:00000000000489f3 .LASF5085
     /tmp/cc7KEiL4.s:88674  .debug_str:0000000000010355 .LASF5086
     /tmp/cc7KEiL4.s:87430  .debug_str:000000000000b822 .LASF5087
     /tmp/cc7KEiL4.s:93830  .debug_str:0000000000025964 .LASF5088
     /tmp/cc7KEiL4.s:90234  .debug_str:00000000000169a6 .LASF5089
     /tmp/cc7KEiL4.s:85818  .debug_str:00000000000048c0 .LASF5090
     /tmp/cc7KEiL4.s:85808  .debug_str:000000000000481f .LASF5091
     /tmp/cc7KEiL4.s:91392  .debug_str:000000000001b91c .LASF5092
     /tmp/cc7KEiL4.s:86396  .debug_str:00000000000070e9 .LASF5093
     /tmp/cc7KEiL4.s:97974  .debug_str:0000000000036b19 .LASF5094
     /tmp/cc7KEiL4.s:102386  .debug_str:000000000004911f .LASF5095
     /tmp/cc7KEiL4.s:89702  .debug_str:000000000001461d .LASF5096
     /tmp/cc7KEiL4.s:94326  .debug_str:0000000000027aad .LASF5097
     /tmp/cc7KEiL4.s:90238  .debug_str:0000000000016a07 .LASF5098
     /tmp/cc7KEiL4.s:98342  .debug_str:0000000000038031 .LASF5099
     /tmp/cc7KEiL4.s:101908  .debug_str:0000000000046fa8 .LASF5100
     /tmp/cc7KEiL4.s:100500  .debug_str:00000000000412bd .LASF5101
     /tmp/cc7KEiL4.s:93844  .debug_str:0000000000025a27 .LASF5102
     /tmp/cc7KEiL4.s:91308  .debug_str:000000000001b2f6 .LASF5103
     /tmp/cc7KEiL4.s:97076  .debug_str:000000000003330a .LASF5104
     /tmp/cc7KEiL4.s:101622  .debug_str:0000000000045c46 .LASF5105
     /tmp/cc7KEiL4.s:102418  .debug_str:000000000004934f .LASF5106
     /tmp/cc7KEiL4.s:92058  .debug_str:000000000001e701 .LASF5107
     /tmp/cc7KEiL4.s:97824  .debug_str:000000000003632f .LASF5108
     /tmp/cc7KEiL4.s:92968  .debug_str:000000000002255d .LASF5109
     /tmp/cc7KEiL4.s:91572  .debug_str:000000000001c4fa .LASF5110
     /tmp/cc7KEiL4.s:102090  .debug_str:0000000000047c61 .LASF5111
     /tmp/cc7KEiL4.s:102744  .debug_str:000000000004abf3 .LASF5112
     /tmp/cc7KEiL4.s:102692  .debug_str:000000000004a86b .LASF5113
     /tmp/cc7KEiL4.s:98618  .debug_str:00000000000392bf .LASF5114
     /tmp/cc7KEiL4.s:94034  .debug_str:000000000002670d .LASF5115
     /tmp/cc7KEiL4.s:87720  .debug_str:000000000000cb54 .LASF5116
     /tmp/cc7KEiL4.s:102626  .debug_str:000000000004a32b .LASF5117
     /tmp/cc7KEiL4.s:91420  .debug_str:000000000001baf9 .LASF5118
     /tmp/cc7KEiL4.s:100536  .debug_str:000000000004154a .LASF5119
     /tmp/cc7KEiL4.s:93136  .debug_str:0000000000022ffe .LASF5120
     /tmp/cc7KEiL4.s:96982  .debug_str:0000000000032c4c .LASF5121
     /tmp/cc7KEiL4.s:94786  .debug_str:000000000002985d .LASF5122
     /tmp/cc7KEiL4.s:90616  .debug_str:0000000000018261 .LASF5123
     /tmp/cc7KEiL4.s:95452  .debug_str:000000000002c370 .LASF5124
     /tmp/cc7KEiL4.s:92750  .debug_str:00000000000216c1 .LASF5125
     /tmp/cc7KEiL4.s:99498  .debug_str:000000000003cf21 .LASF5126
     /tmp/cc7KEiL4.s:99034  .debug_str:000000000003afb1 .LASF5127
     /tmp/cc7KEiL4.s:88680  .debug_str:00000000000103fb .LASF5128
     /tmp/cc7KEiL4.s:87382  .debug_str:000000000000b484 .LASF5129
     /tmp/cc7KEiL4.s:98766  .debug_str:0000000000039e29 .LASF5130
     /tmp/cc7KEiL4.s:89412  .debug_str:00000000000133f8 .LASF5131
     /tmp/cc7KEiL4.s:95982  .debug_str:000000000002e8cb .LASF5132
     /tmp/cc7KEiL4.s:94590  .debug_str:0000000000028b8e .LASF5133
     /tmp/cc7KEiL4.s:86910  .debug_str:0000000000009356 .LASF5134
     /tmp/cc7KEiL4.s:97450  .debug_str:0000000000034bf9 .LASF5135
     /tmp/cc7KEiL4.s:97614  .debug_str:000000000003564c .LASF5136
     /tmp/cc7KEiL4.s:94912  .debug_str:000000000002a09e .LASF5137
     /tmp/cc7KEiL4.s:100534  .debug_str:000000000004151d .LASF5138
     /tmp/cc7KEiL4.s:101178  .debug_str:0000000000043e15 .LASF5139
     /tmp/cc7KEiL4.s:96510  .debug_str:0000000000030cbc .LASF5140
     /tmp/cc7KEiL4.s:85478  .debug_str:0000000000003161 .LASF5141
     /tmp/cc7KEiL4.s:99936  .debug_str:000000000003ec77 .LASF5142
     /tmp/cc7KEiL4.s:102408  .debug_str:000000000004929b .LASF5143
     /tmp/cc7KEiL4.s:93638  .debug_str:0000000000024cf3 .LASF5144
     /tmp/cc7KEiL4.s:84986  .debug_str:0000000000000e7c .LASF5145
     /tmp/cc7KEiL4.s:98130  .debug_str:000000000003732f .LASF5146
     /tmp/cc7KEiL4.s:102360  .debug_str:0000000000048f1a .LASF5147
     /tmp/cc7KEiL4.s:95264  .debug_str:000000000002b6b8 .LASF5148
     /tmp/cc7KEiL4.s:88154  .debug_str:000000000000e4b9 .LASF5149
     /tmp/cc7KEiL4.s:94090  .debug_str:0000000000026b26 .LASF5150
     /tmp/cc7KEiL4.s:102786  .debug_str:000000000004af06 .LASF5151
     /tmp/cc7KEiL4.s:86484  .debug_str:00000000000076ab .LASF5152
     /tmp/cc7KEiL4.s:96272  .debug_str:000000000002fb93 .LASF5153
     /tmp/cc7KEiL4.s:85640  .debug_str:0000000000003c2d .LASF5154
     /tmp/cc7KEiL4.s:100680  .debug_str:0000000000041ebe .LASF5155
     /tmp/cc7KEiL4.s:100230  .debug_str:0000000000040007 .LASF5156
     /tmp/cc7KEiL4.s:100422  .debug_str:0000000000040db3 .LASF5157
     /tmp/cc7KEiL4.s:99706  .debug_str:000000000003dbf7 .LASF5158
     /tmp/cc7KEiL4.s:86904  .debug_str:0000000000009298 .LASF5159
     /tmp/cc7KEiL4.s:102426  .debug_str:00000000000493f7 .LASF5160
     /tmp/cc7KEiL4.s:91212  .debug_str:000000000001ac9f .LASF5161
     /tmp/cc7KEiL4.s:102672  .debug_str:000000000004a71c .LASF5162
     /tmp/cc7KEiL4.s:97656  .debug_str:0000000000035996 .LASF5163
     /tmp/cc7KEiL4.s:93810  .debug_str:00000000000257ce .LASF5164
     /tmp/cc7KEiL4.s:90176  .debug_str:0000000000016584 .LASF5165
     /tmp/cc7KEiL4.s:85670  .debug_str:0000000000003e77 .LASF5166
     /tmp/cc7KEiL4.s:99996  .debug_str:000000000003f093 .LASF5167
     /tmp/cc7KEiL4.s:92352  .debug_str:000000000001fbfb .LASF5168
     /tmp/cc7KEiL4.s:92068  .debug_str:000000000001e812 .LASF5169
     /tmp/cc7KEiL4.s:89150  .debug_str:0000000000012314 .LASF5170
     /tmp/cc7KEiL4.s:101424  .debug_str:0000000000044f14 .LASF5171
     /tmp/cc7KEiL4.s:101038  .debug_str:00000000000434d6 .LASF5172
     /tmp/cc7KEiL4.s:87790  .debug_str:000000000000cfff .LASF5173
     /tmp/cc7KEiL4.s:97918  .debug_str:0000000000036873 .LASF5174
     /tmp/cc7KEiL4.s:97124  .debug_str:0000000000033637 .LASF5175
     /tmp/cc7KEiL4.s:90938  .debug_str:00000000000199a7 .LASF5176
     /tmp/cc7KEiL4.s:97224  .debug_str:0000000000033d2a .LASF5177
     /tmp/cc7KEiL4.s:89208  .debug_str:00000000000127a3 .LASF5178
     /tmp/cc7KEiL4.s:85602  .debug_str:00000000000039c7 .LASF5179
     /tmp/cc7KEiL4.s:87744  .debug_str:000000000000ccde .LASF5180
     /tmp/cc7KEiL4.s:96342  .debug_str:0000000000030031 .LASF5181
     /tmp/cc7KEiL4.s:92462  .debug_str:00000000000203d9 .LASF5182
     /tmp/cc7KEiL4.s:90416  .debug_str:00000000000175e1 .LASF5183
     /tmp/cc7KEiL4.s:90656  .debug_str:000000000001856f .LASF5184
     /tmp/cc7KEiL4.s:97148  .debug_str:000000000003381f .LASF5185
     /tmp/cc7KEiL4.s:100726  .debug_str:0000000000042192 .LASF5186
     /tmp/cc7KEiL4.s:87608  .debug_str:000000000000c3e0 .LASF5187
     /tmp/cc7KEiL4.s:90752  .debug_str:0000000000018bc7 .LASF5188
     /tmp/cc7KEiL4.s:94274  .debug_str:000000000002774d .LASF5189
     /tmp/cc7KEiL4.s:85720  .debug_str:0000000000004281 .LASF5190
     /tmp/cc7KEiL4.s:101860  .debug_str:0000000000046cdb .LASF5191
     /tmp/cc7KEiL4.s:95480  .debug_str:000000000002c53b .LASF5192
     /tmp/cc7KEiL4.s:102024  .debug_str:0000000000047752 .LASF5193
     /tmp/cc7KEiL4.s:85960  .debug_str:000000000000527d .LASF5194
     /tmp/cc7KEiL4.s:92576  .debug_str:0000000000020b3c .LASF5195
     /tmp/cc7KEiL4.s:100828  .debug_str:00000000000427ce .LASF5196
     /tmp/cc7KEiL4.s:92622  .debug_str:0000000000020db5 .LASF5197
     /tmp/cc7KEiL4.s:96656  .debug_str:00000000000316c2 .LASF5198
     /tmp/cc7KEiL4.s:97016  .debug_str:0000000000032ee0 .LASF5199
     /tmp/cc7KEiL4.s:95862  .debug_str:000000000002e011 .LASF5200
     /tmp/cc7KEiL4.s:102930  .debug_str:000000000004b8aa .LASF5202
     /tmp/cc7KEiL4.s:87604  .debug_str:000000000000c380 .LASF5203
     /tmp/cc7KEiL4.s:92224  .debug_str:000000000001f3d6 .LASF5204
     /tmp/cc7KEiL4.s:98638  .debug_str:0000000000039457 .LASF5205
     /tmp/cc7KEiL4.s:94698  .debug_str:0000000000029216 .LASF5206
     /tmp/cc7KEiL4.s:95144  .debug_str:000000000002af76 .LASF5207
     /tmp/cc7KEiL4.s:89606  .debug_str:0000000000013fb2 .LASF5208
     /tmp/cc7KEiL4.s:88446  .debug_str:000000000000f6a1 .LASF5209
     /tmp/cc7KEiL4.s:93884  .debug_str:0000000000025d73 .LASF5210
     /tmp/cc7KEiL4.s:99364  .debug_str:000000000003c5c8 .LASF5211
     /tmp/cc7KEiL4.s:95548  .debug_str:000000000002cab5 .LASF5212
     /tmp/cc7KEiL4.s:86564  .debug_str:0000000000007b78 .LASF5213
     /tmp/cc7KEiL4.s:99334  .debug_str:000000000003c3ae .LASF5214
     /tmp/cc7KEiL4.s:91496  .debug_str:000000000001bfb8 .LASF5215
     /tmp/cc7KEiL4.s:97182  .debug_str:0000000000033a8f .LASF5216
     /tmp/cc7KEiL4.s:94152  .debug_str:0000000000026f56 .LASF5217
     /tmp/cc7KEiL4.s:86292  .debug_str:00000000000069fb .LASF5218
     /tmp/cc7KEiL4.s:90212  .debug_str:000000000001682d .LASF5219
     /tmp/cc7KEiL4.s:101302  .debug_str:000000000004467a .LASF5220
     /tmp/cc7KEiL4.s:87528  .debug_str:000000000000be7d .LASF5221
     /tmp/cc7KEiL4.s:84824  .debug_str:0000000000000380 .LASF5222
     /tmp/cc7KEiL4.s:91380  .debug_str:000000000001b842 .LASF5223
     /tmp/cc7KEiL4.s:102524  .debug_str:0000000000049ae0 .LASF5224
     /tmp/cc7KEiL4.s:101344  .debug_str:000000000004499b .LASF5225
     /tmp/cc7KEiL4.s:99908  .debug_str:000000000003ead6 .LASF5226
     /tmp/cc7KEiL4.s:91378  .debug_str:000000000001b822 .LASF5227
     /tmp/cc7KEiL4.s:85698  .debug_str:000000000000409c .LASF5228
     /tmp/cc7KEiL4.s:92216  .debug_str:000000000001f35b .LASF5229
     /tmp/cc7KEiL4.s:97648  .debug_str:00000000000358dd .LASF5230
     /tmp/cc7KEiL4.s:98572  .debug_str:0000000000038ff0 .LASF5231
     /tmp/cc7KEiL4.s:88494  .debug_str:000000000000f8b8 .LASF5232
     /tmp/cc7KEiL4.s:86976  .debug_str:000000000000986c .LASF5233
     /tmp/cc7KEiL4.s:98056  .debug_str:0000000000036f6a .LASF5234
     /tmp/cc7KEiL4.s:99624  .debug_str:000000000003d6bf .LASF5235
     /tmp/cc7KEiL4.s:96542  .debug_str:0000000000030eab .LASF5236
     /tmp/cc7KEiL4.s:94950  .debug_str:000000000002a30b .LASF5237
     /tmp/cc7KEiL4.s:100222  .debug_str:000000000003ff52 .LASF5238
     /tmp/cc7KEiL4.s:99290  .debug_str:000000000003c1c3 .LASF5239
     /tmp/cc7KEiL4.s:102406  .debug_str:000000000004927f .LASF5240
     /tmp/cc7KEiL4.s:91126  .debug_str:000000000001a5d4 .LASF5241
     /tmp/cc7KEiL4.s:89248  .debug_str:0000000000012a59 .LASF5242
     /tmp/cc7KEiL4.s:85840  .debug_str:0000000000004a8b .LASF5243
     /tmp/cc7KEiL4.s:95170  .debug_str:000000000002b0fb .LASF5244
     /tmp/cc7KEiL4.s:96658  .debug_str:00000000000316e6 .LASF5245
     /tmp/cc7KEiL4.s:87916  .debug_str:000000000000d7d3 .LASF5246
     /tmp/cc7KEiL4.s:92804  .debug_str:0000000000021a40 .LASF5247
     /tmp/cc7KEiL4.s:94988  .debug_str:000000000002a58a .LASF5248
     /tmp/cc7KEiL4.s:99856  .debug_str:000000000003e6d9 .LASF5249
     /tmp/cc7KEiL4.s:86886  .debug_str:0000000000009144 .LASF5250
     /tmp/cc7KEiL4.s:95376  .debug_str:000000000002be16 .LASF5251
     /tmp/cc7KEiL4.s:86762  .debug_str:000000000000895e .LASF5252
     /tmp/cc7KEiL4.s:87752  .debug_str:000000000000cd82 .LASF5253
     /tmp/cc7KEiL4.s:95404  .debug_str:000000000002c04b .LASF5254
     /tmp/cc7KEiL4.s:102170  .debug_str:0000000000048200 .LASF5255
     /tmp/cc7KEiL4.s:96870  .debug_str:00000000000324cb .LASF5256
     /tmp/cc7KEiL4.s:88572  .debug_str:000000000000fd76 .LASF5257
     /tmp/cc7KEiL4.s:89742  .debug_str:00000000000148c1 .LASF5258
     /tmp/cc7KEiL4.s:102358  .debug_str:0000000000048ef8 .LASF5259
     /tmp/cc7KEiL4.s:96006  .debug_str:000000000002eaa7 .LASF5260
     /tmp/cc7KEiL4.s:90050  .debug_str:0000000000015d41 .LASF5261
     /tmp/cc7KEiL4.s:92320  .debug_str:000000000001f9ca .LASF5262
     /tmp/cc7KEiL4.s:86728  .debug_str:00000000000086a0 .LASF5263
     /tmp/cc7KEiL4.s:102424  .debug_str:00000000000493d6 .LASF5264
     /tmp/cc7KEiL4.s:90898  .debug_str:000000000001960a .LASF5265
     /tmp/cc7KEiL4.s:94376  .debug_str:0000000000027dbf .LASF5266
     /tmp/cc7KEiL4.s:94370  .debug_str:0000000000027d6c .LASF5267
     /tmp/cc7KEiL4.s:97768  .debug_str:0000000000035f8a .LASF5268
     /tmp/cc7KEiL4.s:97116  .debug_str:000000000003356d .LASF5269
     /tmp/cc7KEiL4.s:95524  .debug_str:000000000002c890 .LASF5270
     /tmp/cc7KEiL4.s:100690  .debug_str:0000000000041f80 .LASF5271
     /tmp/cc7KEiL4.s:86806  .debug_str:0000000000008c2d .LASF5272
     /tmp/cc7KEiL4.s:84782  .debug_str:00000000000000ac .LASF5273
     /tmp/cc7KEiL4.s:96564  .debug_str:000000000003103d .LASF5274
     /tmp/cc7KEiL4.s:89050  .debug_str:0000000000011c75 .LASF5275
     /tmp/cc7KEiL4.s:92128  .debug_str:000000000001ec64 .LASF5276
     /tmp/cc7KEiL4.s:94078  .debug_str:0000000000026a48 .LASF5277
     /tmp/cc7KEiL4.s:98552  .debug_str:0000000000038ef3 .LASF5278
     /tmp/cc7KEiL4.s:102230  .debug_str:0000000000048622 .LASF5279
     /tmp/cc7KEiL4.s:95292  .debug_str:000000000002b882 .LASF5280
     /tmp/cc7KEiL4.s:86274  .debug_str:0000000000006859 .LASF5281
     /tmp/cc7KEiL4.s:96816  .debug_str:00000000000321b5 .LASF5282
     /tmp/cc7KEiL4.s:88348  .debug_str:000000000000f038 .LASF5283
     /tmp/cc7KEiL4.s:102044  .debug_str:000000000004792d .LASF5284
     /tmp/cc7KEiL4.s:86820  .debug_str:0000000000008cf8 .LASF5285
     /tmp/cc7KEiL4.s:85440  .debug_str:0000000000002f20 .LASF5286
     /tmp/cc7KEiL4.s:84906  .debug_str:0000000000000924 .LASF5287
     /tmp/cc7KEiL4.s:96794  .debug_str:0000000000031ff9 .LASF5288
     /tmp/cc7KEiL4.s:92692  .debug_str:0000000000021286 .LASF5289
     /tmp/cc7KEiL4.s:97958  .debug_str:0000000000036a10 .LASF5290
     /tmp/cc7KEiL4.s:103170  .debug_str:000000000004c8fb .LASF5291
     /tmp/cc7KEiL4.s:88374  .debug_str:000000000000f2a7 .LASF5292
     /tmp/cc7KEiL4.s:87888  .debug_str:000000000000d5ae .LASF5293
     /tmp/cc7KEiL4.s:89454  .debug_str:0000000000013671 .LASF5294
     /tmp/cc7KEiL4.s:95924  .debug_str:000000000002e462 .LASF5295
     /tmp/cc7KEiL4.s:98052  .debug_str:0000000000036ef8 .LASF5296
     /tmp/cc7KEiL4.s:96630  .debug_str:00000000000314d8 .LASF5297
     /tmp/cc7KEiL4.s:85710  .debug_str:00000000000041b6 .LASF5298
     /tmp/cc7KEiL4.s:95838  .debug_str:000000000002de9e .LASF5299
     /tmp/cc7KEiL4.s:92392  .debug_str:000000000001feef .LASF5300
     /tmp/cc7KEiL4.s:88350  .debug_str:000000000000f059 .LASF5301
     /tmp/cc7KEiL4.s:93080  .debug_str:0000000000022d5d .LASF5302
     /tmp/cc7KEiL4.s:87162  .debug_str:000000000000a49d .LASF5303
     /tmp/cc7KEiL4.s:95198  .debug_str:000000000002b29b .LASF5304
     /tmp/cc7KEiL4.s:99478  .debug_str:000000000003cd85 .LASF5305
     /tmp/cc7KEiL4.s:86390  .debug_str:0000000000007091 .LASF5306
     /tmp/cc7KEiL4.s:91306  .debug_str:000000000001b2e0 .LASF5307
     /tmp/cc7KEiL4.s:87522  .debug_str:000000000000bde7 .LASF5308
     /tmp/cc7KEiL4.s:94862  .debug_str:0000000000029cae .LASF5309
     /tmp/cc7KEiL4.s:100318  .debug_str:000000000004065b .LASF5310
     /tmp/cc7KEiL4.s:99768  .debug_str:000000000003e082 .LASF5311
     /tmp/cc7KEiL4.s:87120  .debug_str:000000000000a1f1 .LASF5312
     /tmp/cc7KEiL4.s:90432  .debug_str:00000000000176ff .LASF5313
     /tmp/cc7KEiL4.s:88012  .debug_str:000000000000de5a .LASF5314
     /tmp/cc7KEiL4.s:96624  .debug_str:000000000003147f .LASF5315
     /tmp/cc7KEiL4.s:96704  .debug_str:0000000000031a0d .LASF5316
     /tmp/cc7KEiL4.s:87140  .debug_str:000000000000a321 .LASF5317
     /tmp/cc7KEiL4.s:93254  .debug_str:000000000002375f .LASF5318
     /tmp/cc7KEiL4.s:95168  .debug_str:000000000002b0cf .LASF5319
     /tmp/cc7KEiL4.s:102212  .debug_str:00000000000484d8 .LASF5320
     /tmp/cc7KEiL4.s:94146  .debug_str:0000000000026ef6 .LASF5321
     /tmp/cc7KEiL4.s:99410  .debug_str:000000000003c917 .LASF5322
     /tmp/cc7KEiL4.s:98918  .debug_str:000000000003a85e .LASF5323
     /tmp/cc7KEiL4.s:97270  .debug_str:0000000000034036 .LASF5324
     /tmp/cc7KEiL4.s:92148  .debug_str:000000000001edb8 .LASF5325
     /tmp/cc7KEiL4.s:95732  .debug_str:000000000002d720 .LASF5326
     /tmp/cc7KEiL4.s:92828  .debug_str:0000000000021c05 .LASF5327
     /tmp/cc7KEiL4.s:86180  .debug_str:00000000000061a3 .LASF5328
     /tmp/cc7KEiL4.s:100148  .debug_str:000000000003fb2a .LASF5329
     /tmp/cc7KEiL4.s:85288  .debug_str:0000000000002360 .LASF5330
     /tmp/cc7KEiL4.s:89856  .debug_str:000000000001509a .LASF5331
     /tmp/cc7KEiL4.s:94004  .debug_str:0000000000026542 .LASF5332
     /tmp/cc7KEiL4.s:89096  .debug_str:0000000000011f80 .LASF5333
     /tmp/cc7KEiL4.s:85562  .debug_str:00000000000036cb .LASF5334
     /tmp/cc7KEiL4.s:100694  .debug_str:0000000000041fbd .LASF5335
     /tmp/cc7KEiL4.s:101986  .debug_str:00000000000474f8 .LASF5336
     /tmp/cc7KEiL4.s:91066  .debug_str:000000000001a1f7 .LASF5337
     /tmp/cc7KEiL4.s:97870  .debug_str:00000000000365ab .LASF5338
     /tmp/cc7KEiL4.s:92082  .debug_str:000000000001e947 .LASF5339
     /tmp/cc7KEiL4.s:92802  .debug_str:0000000000021a14 .LASF5340
     /tmp/cc7KEiL4.s:99390  .debug_str:000000000003c7d5 .LASF5341
     /tmp/cc7KEiL4.s:86134  .debug_str:0000000000005ecf .LASF5342
     /tmp/cc7KEiL4.s:92858  .debug_str:0000000000021e50 .LASF5343
     /tmp/cc7KEiL4.s:101616  .debug_str:0000000000045beb .LASF5344
     /tmp/cc7KEiL4.s:87680  .debug_str:000000000000c8bb .LASF5345
     /tmp/cc7KEiL4.s:87278  .debug_str:000000000000acc9 .LASF5346
     /tmp/cc7KEiL4.s:88906  .debug_str:000000000001125c .LASF5347
     /tmp/cc7KEiL4.s:93900  .debug_str:0000000000025e70 .LASF5348
     /tmp/cc7KEiL4.s:88962  .debug_str:0000000000011669 .LASF5349
     /tmp/cc7KEiL4.s:90260  .debug_str:0000000000016b8e .LASF5350
     /tmp/cc7KEiL4.s:94494  .debug_str:00000000000285d4 .LASF5351
     /tmp/cc7KEiL4.s:85570  .debug_str:000000000000377b .LASF5352
     /tmp/cc7KEiL4.s:98348  .debug_str:00000000000380c5 .LASF5353
     /tmp/cc7KEiL4.s:88352  .debug_str:000000000000f090 .LASF5354
     /tmp/cc7KEiL4.s:87264  .debug_str:000000000000abb9 .LASF5355
     /tmp/cc7KEiL4.s:93098  .debug_str:0000000000022e62 .LASF5356
     /tmp/cc7KEiL4.s:99568  .debug_str:000000000003d350 .LASF5357
     /tmp/cc7KEiL4.s:89534  .debug_str:0000000000013bda .LASF5358
     /tmp/cc7KEiL4.s:102624  .debug_str:000000000004a30e .LASF5359
     /tmp/cc7KEiL4.s:99616  .debug_str:000000000003d652 .LASF5360
     /tmp/cc7KEiL4.s:87530  .debug_str:000000000000beb8 .LASF5361
     /tmp/cc7KEiL4.s:87118  .debug_str:000000000000a1e2 .LASF5362
     /tmp/cc7KEiL4.s:92554  .debug_str:000000000002094e .LASF5363
     /tmp/cc7KEiL4.s:86880  .debug_str:0000000000009108 .LASF5364
     /tmp/cc7KEiL4.s:87038  .debug_str:0000000000009c54 .LASF5365
     /tmp/cc7KEiL4.s:92960  .debug_str:000000000002250b .LASF5366
     /tmp/cc7KEiL4.s:85020  .debug_str:00000000000010e4 .LASF5367
     /tmp/cc7KEiL4.s:88822  .debug_str:0000000000010c99 .LASF5368
     /tmp/cc7KEiL4.s:91652  .debug_str:000000000001caf4 .LASF5369
     /tmp/cc7KEiL4.s:97428  .debug_str:0000000000034a73 .LASF5370
     /tmp/cc7KEiL4.s:90594  .debug_str:00000000000180fd .LASF5371
     /tmp/cc7KEiL4.s:91840  .debug_str:000000000001d75e .LASF5372
     /tmp/cc7KEiL4.s:91348  .debug_str:000000000001b65d .LASF5373
     /tmp/cc7KEiL4.s:99244  .debug_str:000000000003be75 .LASF5374
     /tmp/cc7KEiL4.s:85566  .debug_str:000000000000371f .LASF5375
     /tmp/cc7KEiL4.s:86104  .debug_str:0000000000005cd3 .LASF5376
     /tmp/cc7KEiL4.s:102122  .debug_str:0000000000047ed5 .LASF5377
     /tmp/cc7KEiL4.s:86752  .debug_str:000000000000888d .LASF5378
     /tmp/cc7KEiL4.s:94298  .debug_str:00000000000278a5 .LASF5379
     /tmp/cc7KEiL4.s:96928  .debug_str:000000000003293a .LASF5380
     /tmp/cc7KEiL4.s:100400  .debug_str:0000000000040c5a .LASF5381
     /tmp/cc7KEiL4.s:97250  .debug_str:0000000000033ec7 .LASF5382
     /tmp/cc7KEiL4.s:94766  .debug_str:0000000000029711 .LASF5384
     /tmp/cc7KEiL4.s:89496  .debug_str:000000000001394c .LASF5385
     /tmp/cc7KEiL4.s:97442  .debug_str:0000000000034b83 .LASF5386
     /tmp/cc7KEiL4.s:87074  .debug_str:0000000000009e43 .LASF5387
     /tmp/cc7KEiL4.s:84786  .debug_str:000000000000010e .LASF5388
     /tmp/cc7KEiL4.s:103118  .debug_str:000000000004c55b .LASF5389
     /tmp/cc7KEiL4.s:95620  .debug_str:000000000002ceaf .LASF5390
     /tmp/cc7KEiL4.s:92354  .debug_str:000000000001fc26 .LASF5391
     /tmp/cc7KEiL4.s:96610  .debug_str:000000000003134c .LASF5392
     /tmp/cc7KEiL4.s:100082  .debug_str:000000000003f6a3 .LASF5393
     /tmp/cc7KEiL4.s:95042  .debug_str:000000000002a90e .LASF5394
     /tmp/cc7KEiL4.s:87650  .debug_str:000000000000c6c0 .LASF5395
     /tmp/cc7KEiL4.s:89554  .debug_str:0000000000013cf5 .LASF5396
     /tmp/cc7KEiL4.s:91886  .debug_str:000000000001dae6 .LASF5397
     /tmp/cc7KEiL4.s:97888  .debug_str:00000000000366c5 .LASF5398
     /tmp/cc7KEiL4.s:85310  .debug_str:000000000000252b .LASF5399
     /tmp/cc7KEiL4.s:91224  .debug_str:000000000001ad59 .LASF5400
     /tmp/cc7KEiL4.s:97180  .debug_str:0000000000033a73 .LASF5401
     /tmp/cc7KEiL4.s:90168  .debug_str:00000000000164eb .LASF5402
     /tmp/cc7KEiL4.s:97114  .debug_str:0000000000033553 .LASF5403
     /tmp/cc7KEiL4.s:99226  .debug_str:000000000003bd13 .LASF5404
     /tmp/cc7KEiL4.s:88168  .debug_str:000000000000e55d .LASF5405
     /tmp/cc7KEiL4.s:101790  .debug_str:0000000000046840 .LASF5406
     /tmp/cc7KEiL4.s:87020  .debug_str:0000000000009afd .LASF5407
     /tmp/cc7KEiL4.s:101560  .debug_str:00000000000457c6 .LASF5408
     /tmp/cc7KEiL4.s:99420  .debug_str:000000000003ca17 .LASF5409
     /tmp/cc7KEiL4.s:87440  .debug_str:000000000000b8ee .LASF5410
     /tmp/cc7KEiL4.s:90118  .debug_str:0000000000016124 .LASF5411
     /tmp/cc7KEiL4.s:93350  .debug_str:0000000000023c8d .LASF5412
     /tmp/cc7KEiL4.s:86578  .debug_str:0000000000007c1a .LASF5413
     /tmp/cc7KEiL4.s:102840  .debug_str:000000000004b2d5 .LASF5414
     /tmp/cc7KEiL4.s:87228  .debug_str:000000000000a8cf .LASF5415
     /tmp/cc7KEiL4.s:95970  .debug_str:000000000002e832 .LASF5416
     /tmp/cc7KEiL4.s:94192  .debug_str:0000000000027254 .LASF5417
     /tmp/cc7KEiL4.s:93506  .debug_str:0000000000024439 .LASF5418
     /tmp/cc7KEiL4.s:91512  .debug_str:000000000001c0ce .LASF5419
     /tmp/cc7KEiL4.s:89402  .debug_str:000000000001333e .LASF5420
     /tmp/cc7KEiL4.s:87354  .debug_str:000000000000b279 .LASF5421
     /tmp/cc7KEiL4.s:97216  .debug_str:0000000000033cad .LASF5422
     /tmp/cc7KEiL4.s:101766  .debug_str:00000000000466df .LASF5423
     /tmp/cc7KEiL4.s:98786  .debug_str:0000000000039f77 .LASF5424
     /tmp/cc7KEiL4.s:97728  .debug_str:0000000000035da3 .LASF5425
     /tmp/cc7KEiL4.s:101958  .debug_str:000000000004730c .LASF5426
     /tmp/cc7KEiL4.s:89444  .debug_str:00000000000135c3 .LASF5427
     /tmp/cc7KEiL4.s:89788  .debug_str:0000000000014c15 .LASF5428
     /tmp/cc7KEiL4.s:101878  .debug_str:0000000000046dbf .LASF5429
     /tmp/cc7KEiL4.s:101988  .debug_str:0000000000047526 .LASF5430
     /tmp/cc7KEiL4.s:100308  .debug_str:0000000000040587 .LASF5431
     /tmp/cc7KEiL4.s:98152  .debug_str:00000000000374c6 .LASF5432
     /tmp/cc7KEiL4.s:93924  .debug_str:0000000000026093 .LASF5433
     /tmp/cc7KEiL4.s:93990  .debug_str:0000000000026496 .LASF5434
     /tmp/cc7KEiL4.s:92246  .debug_str:000000000001f523 .LASF5435
     /tmp/cc7KEiL4.s:100110  .debug_str:000000000003f8fb .LASF5436
     /tmp/cc7KEiL4.s:98254  .debug_str:00000000000379d2 .LASF5437
     /tmp/cc7KEiL4.s:88286  .debug_str:000000000000ec80 .LASF5438
     /tmp/cc7KEiL4.s:94052  .debug_str:0000000000026882 .LASF5439
     /tmp/cc7KEiL4.s:101928  .debug_str:0000000000047131 .LASF5440
     /tmp/cc7KEiL4.s:92138  .debug_str:000000000001ed52 .LASF5441
     /tmp/cc7KEiL4.s:98408  .debug_str:0000000000038518 .LASF5442
     /tmp/cc7KEiL4.s:101376  .debug_str:0000000000044bf4 .LASF5443
     /tmp/cc7KEiL4.s:98526  .debug_str:0000000000038cd3 .LASF5444
     /tmp/cc7KEiL4.s:93064  .debug_str:0000000000022c59 .LASF5445
     /tmp/cc7KEiL4.s:86418  .debug_str:0000000000007270 .LASF5446
     /tmp/cc7KEiL4.s:94872  .debug_str:0000000000029dcd .LASF5447
     /tmp/cc7KEiL4.s:102416  .debug_str:0000000000049335 .LASF5448
     /tmp/cc7KEiL4.s:88954  .debug_str:00000000000115ca .LASF5449
     /tmp/cc7KEiL4.s:100968  .debug_str:00000000000430e2 .LASF5450
     /tmp/cc7KEiL4.s:84820  .debug_str:0000000000000350 .LASF5451
     /tmp/cc7KEiL4.s:99134  .debug_str:000000000003b6d6 .LASF5452
     /tmp/cc7KEiL4.s:94660  .debug_str:0000000000029042 .LASF5453
     /tmp/cc7KEiL4.s:98304  .debug_str:0000000000037dba .LASF5454
     /tmp/cc7KEiL4.s:91516  .debug_str:000000000001c0f3 .LASF5455
     /tmp/cc7KEiL4.s:91362  .debug_str:000000000001b75f .LASF5456
     /tmp/cc7KEiL4.s:95784  .debug_str:000000000002da54 .LASF5457
     /tmp/cc7KEiL4.s:87598  .debug_str:000000000000c2ff .LASF5458
     /tmp/cc7KEiL4.s:91590  .debug_str:000000000001c66b .LASF5459
     /tmp/cc7KEiL4.s:96226  .debug_str:000000000002f8c2 .LASF5460
     /tmp/cc7KEiL4.s:101580  .debug_str:000000000004594b .LASF5461
     /tmp/cc7KEiL4.s:91908  .debug_str:000000000001dca9 .LASF5462
     /tmp/cc7KEiL4.s:90658  .debug_str:0000000000018599 .LASF5463
     /tmp/cc7KEiL4.s:94084  .debug_str:0000000000026aa6 .LASF5464
     /tmp/cc7KEiL4.s:92568  .debug_str:0000000000020a8d .LASF5465
     /tmp/cc7KEiL4.s:96824  .debug_str:0000000000032213 .LASF5466
     /tmp/cc7KEiL4.s:87336  .debug_str:000000000000b155 .LASF5467
     /tmp/cc7KEiL4.s:95000  .debug_str:000000000002a6a2 .LASF5468
     /tmp/cc7KEiL4.s:101732  .debug_str:000000000004646f .LASF5469
     /tmp/cc7KEiL4.s:99188  .debug_str:000000000003badc .LASF5470
     /tmp/cc7KEiL4.s:88936  .debug_str:00000000000114b2 .LASF5471
     /tmp/cc7KEiL4.s:100914  .debug_str:0000000000042d4f .LASF5472
     /tmp/cc7KEiL4.s:84794  .debug_str:0000000000000199 .LASF5473
     /tmp/cc7KEiL4.s:87764  .debug_str:000000000000ce37 .LASF5474
     /tmp/cc7KEiL4.s:89760  .debug_str:00000000000149e2 .LASF5475
     /tmp/cc7KEiL4.s:97166  .debug_str:000000000003399f .LASF5476
     /tmp/cc7KEiL4.s:85926  .debug_str:0000000000004fdb .LASF5477
     /tmp/cc7KEiL4.s:101578  .debug_str:0000000000045932 .LASF5478
     /tmp/cc7KEiL4.s:84920  .debug_str:0000000000000a48 .LASF5479
     /tmp/cc7KEiL4.s:101372  .debug_str:0000000000044ba3 .LASF5480
     /tmp/cc7KEiL4.s:97950  .debug_str:000000000003698a .LASF5481
     /tmp/cc7KEiL4.s:96168  .debug_str:000000000002f49e .LASF5482
     /tmp/cc7KEiL4.s:93414  .debug_str:0000000000023fc1 .LASF5483
     /tmp/cc7KEiL4.s:93158  .debug_str:00000000000231b8 .LASF5484
     /tmp/cc7KEiL4.s:91216  .debug_str:000000000001acf3 .LASF5485
     /tmp/cc7KEiL4.s:89104  .debug_str:0000000000011ff8 .LASF5486
     /tmp/cc7KEiL4.s:99574  .debug_str:000000000003d3ad .LASF5487
     /tmp/cc7KEiL4.s:97474  .debug_str:0000000000034e07 .LASF5488
     /tmp/cc7KEiL4.s:89400  .debug_str:0000000000013333 .LASF5489
     /tmp/cc7KEiL4.s:85682  .debug_str:0000000000003f5b .LASF5490
     /tmp/cc7KEiL4.s:95948  .debug_str:000000000002e65c .LASF5491
     /tmp/cc7KEiL4.s:87356  .debug_str:000000000000b292 .LASF5492
     /tmp/cc7KEiL4.s:97710  .debug_str:0000000000035c63 .LASF5493
     /tmp/cc7KEiL4.s:91344  .debug_str:000000000001b627 .LASF5494
     /tmp/cc7KEiL4.s:98988  .debug_str:000000000003ac6e .LASF5495
     /tmp/cc7KEiL4.s:92676  .debug_str:0000000000021144 .LASF5496
     /tmp/cc7KEiL4.s:92096  .debug_str:000000000001ea51 .LASF5497
     /tmp/cc7KEiL4.s:98138  .debug_str:00000000000373b8 .LASF5498
     /tmp/cc7KEiL4.s:93704  .debug_str:00000000000251b9 .LASF5499
     /tmp/cc7KEiL4.s:102202  .debug_str:0000000000048409 .LASF5500
     /tmp/cc7KEiL4.s:100506  .debug_str:0000000000041314 .LASF5501
     /tmp/cc7KEiL4.s:85140  .debug_str:00000000000018ae .LASF5502
     /tmp/cc7KEiL4.s:102648  .debug_str:000000000004a521 .LASF5503
     /tmp/cc7KEiL4.s:94710  .debug_str:000000000002928e .LASF5504
     /tmp/cc7KEiL4.s:102634  .debug_str:000000000004a3e0 .LASF5505
     /tmp/cc7KEiL4.s:85016  .debug_str:00000000000010bc .LASF5506
     /tmp/cc7KEiL4.s:93330  .debug_str:0000000000023b74 .LASF5507
     /tmp/cc7KEiL4.s:101590  .debug_str:00000000000459fd .LASF5508
     /tmp/cc7KEiL4.s:90622  .debug_str:00000000000182f3 .LASF5509
     /tmp/cc7KEiL4.s:89716  .debug_str:000000000001471d .LASF5510
     /tmp/cc7KEiL4.s:88940  .debug_str:00000000000114d8 .LASF5511
     /tmp/cc7KEiL4.s:102222  .debug_str:000000000004857a .LASF5512
     /tmp/cc7KEiL4.s:88772  .debug_str:0000000000010a0c .LASF5513
     /tmp/cc7KEiL4.s:95278  .debug_str:000000000002b7a5 .LASF5514
     /tmp/cc7KEiL4.s:89458  .debug_str:00000000000136e7 .LASF5515
     /tmp/cc7KEiL4.s:88844  .debug_str:0000000000010de1 .LASF5516
     /tmp/cc7KEiL4.s:93624  .debug_str:0000000000024bb6 .LASF5517
     /tmp/cc7KEiL4.s:88338  .debug_str:000000000000ef39 .LASF5518
     /tmp/cc7KEiL4.s:94592  .debug_str:0000000000028bb7 .LASF5519
     /tmp/cc7KEiL4.s:88050  .debug_str:000000000000dfb3 .LASF5520
     /tmp/cc7KEiL4.s:92014  .debug_str:000000000001e402 .LASF5521
     /tmp/cc7KEiL4.s:86246  .debug_str:0000000000006692 .LASF5522
     /tmp/cc7KEiL4.s:97248  .debug_str:0000000000033ea9 .LASF5523
     /tmp/cc7KEiL4.s:97820  .debug_str:00000000000362fe .LASF5524
     /tmp/cc7KEiL4.s:98456  .debug_str:000000000003880c .LASF5525
     /tmp/cc7KEiL4.s:93962  .debug_str:00000000000262b9 .LASF5526
     /tmp/cc7KEiL4.s:100216  .debug_str:000000000003fef1 .LASF5527
     /tmp/cc7KEiL4.s:102816  .debug_str:000000000004b113 .LASF5528
     /tmp/cc7KEiL4.s:102026  .debug_str:0000000000047781 .LASF5529
     /tmp/cc7KEiL4.s:99720  .debug_str:000000000003dcf7 .LASF5530
     /tmp/cc7KEiL4.s:85008  .debug_str:0000000000001023 .LASF5531
     /tmp/cc7KEiL4.s:98122  .debug_str:000000000003729c .LASF5532
     /tmp/cc7KEiL4.s:93236  .debug_str:0000000000023664 .LASF5533
     /tmp/cc7KEiL4.s:100662  .debug_str:0000000000041da5 .LASF5534
     /tmp/cc7KEiL4.s:95288  .debug_str:000000000002b85b .LASF5535
     /tmp/cc7KEiL4.s:97258  .debug_str:0000000000033f99 .LASF5536
     /tmp/cc7KEiL4.s:97022  .debug_str:0000000000032f3b .LASF5537
     /tmp/cc7KEiL4.s:96102  .debug_str:000000000002f0b1 .LASF5538
     /tmp/cc7KEiL4.s:98556  .debug_str:0000000000038f48 .LASF5539
     /tmp/cc7KEiL4.s:84856  .debug_str:00000000000005e7 .LASF5540
     /tmp/cc7KEiL4.s:101900  .debug_str:0000000000046f37 .LASF5541
     /tmp/cc7KEiL4.s:96410  .debug_str:0000000000030584 .LASF5542
     /tmp/cc7KEiL4.s:98640  .debug_str:0000000000039478 .LASF5543
     /tmp/cc7KEiL4.s:99794  .debug_str:000000000003e246 .LASF5544
     /tmp/cc7KEiL4.s:95858  .debug_str:000000000002dfd1 .LASF5545
     /tmp/cc7KEiL4.s:101702  .debug_str:0000000000046213 .LASF5546
     /tmp/cc7KEiL4.s:102696  .debug_str:000000000004a8db .LASF5547
     /tmp/cc7KEiL4.s:94282  .debug_str:00000000000277ab .LASF5548
     /tmp/cc7KEiL4.s:89332  .debug_str:0000000000012f12 .LASF5550
     /tmp/cc7KEiL4.s:98932  .debug_str:000000000003a942 .LASF5551
     /tmp/cc7KEiL4.s:99854  .debug_str:000000000003e6bb .LASF5552
     /tmp/cc7KEiL4.s:94978  .debug_str:000000000002a4b1 .LASF5553
     /tmp/cc7KEiL4.s:100446  .debug_str:0000000000040f92 .LASF5554
     /tmp/cc7KEiL4.s:97214  .debug_str:0000000000033c97 .LASF5555
     /tmp/cc7KEiL4.s:95768  .debug_str:000000000002d965 .LASF5556
     /tmp/cc7KEiL4.s:93054  .debug_str:0000000000022bc0 .LASF5557
     /tmp/cc7KEiL4.s:85174  .debug_str:0000000000001b86 .LASF5558
     /tmp/cc7KEiL4.s:88720  .debug_str:0000000000010642 .LASF5559
     /tmp/cc7KEiL4.s:92196  .debug_str:000000000001f24b .LASF5560
     /tmp/cc7KEiL4.s:94238  .debug_str:00000000000275b2 .LASF5561
     /tmp/cc7KEiL4.s:100628  .debug_str:0000000000041b5f .LASF5562
     /tmp/cc7KEiL4.s:96050  .debug_str:000000000002eda0 .LASF5563
     /tmp/cc7KEiL4.s:91270  .debug_str:000000000001b0ba .LASF5564
     /tmp/cc7KEiL4.s:99442  .debug_str:000000000003cb38 .LASF5565
     /tmp/cc7KEiL4.s:102510  .debug_str:00000000000499ea .LASF5566
     /tmp/cc7KEiL4.s:102432  .debug_str:0000000000049491 .LASF5567
     /tmp/cc7KEiL4.s:99108  .debug_str:000000000003b535 .LASF5568
     /tmp/cc7KEiL4.s:91466  .debug_str:000000000001bda8 .LASF5569
     /tmp/cc7KEiL4.s:85290  .debug_str:000000000000238e .LASF5570
     /tmp/cc7KEiL4.s:86830  .debug_str:0000000000008e26 .LASF5572
     /tmp/cc7KEiL4.s:96158  .debug_str:000000000002f3af .LASF5573
     /tmp/cc7KEiL4.s:90900  .debug_str:0000000000019634 .LASF5574
     /tmp/cc7KEiL4.s:94022  .debug_str:000000000002664e .LASF5575
     /tmp/cc7KEiL4.s:98600  .debug_str:00000000000391d2 .LASF5576
     /tmp/cc7KEiL4.s:96020  .debug_str:000000000002eba4 .LASF5577
     /tmp/cc7KEiL4.s:91428  .debug_str:000000000001bb5a .LASF5578
     /tmp/cc7KEiL4.s:85592  .debug_str:000000000000394a .LASF5579
     /tmp/cc7KEiL4.s:89536  .debug_str:0000000000013bee .LASF5580
     /tmp/cc7KEiL4.s:92372  .debug_str:000000000001fd51 .LASF5581
     /tmp/cc7KEiL4.s:99466  .debug_str:000000000003ccd5 .LASF5582
     /tmp/cc7KEiL4.s:98970  .debug_str:000000000003ab67 .LASF5583
     /tmp/cc7KEiL4.s:89676  .debug_str:000000000001446f .LASF5584
     /tmp/cc7KEiL4.s:97000  .debug_str:0000000000032dc1 .LASF5585
     /tmp/cc7KEiL4.s:85124  .debug_str:00000000000017ed .LASF5586
     /tmp/cc7KEiL4.s:92670  .debug_str:00000000000210e9 .LASF5587
     /tmp/cc7KEiL4.s:101712  .debug_str:0000000000046333 .LASF5588
     /tmp/cc7KEiL4.s:103036  .debug_str:000000000004c001 .LASF5589
     /tmp/cc7KEiL4.s:96500  .debug_str:0000000000030bdd .LASF5590
     /tmp/cc7KEiL4.s:94002  .debug_str:000000000002651c .LASF5591
     /tmp/cc7KEiL4.s:101720  .debug_str:00000000000463d3 .LASF5592
     /tmp/cc7KEiL4.s:88274  .debug_str:000000000000eb94 .LASF5593
     /tmp/cc7KEiL4.s:100454  .debug_str:0000000000040ff0 .LASF5594
     /tmp/cc7KEiL4.s:85352  .debug_str:0000000000002873 .LASF5595
     /tmp/cc7KEiL4.s:87186  .debug_str:000000000000a618 .LASF5596
     /tmp/cc7KEiL4.s:102992  .debug_str:000000000004bc83 .LASF5597
     /tmp/cc7KEiL4.s:102600  .debug_str:000000000004a0d3 .LASF5598
     /tmp/cc7KEiL4.s:97902  .debug_str:00000000000367aa .LASF5600
     /tmp/cc7KEiL4.s:92778  .debug_str:000000000002187c .LASF5601
     /tmp/cc7KEiL4.s:96110  .debug_str:000000000002f121 .LASF5602
     /tmp/cc7KEiL4.s:90842  .debug_str:000000000001924a .LASF5603
     /tmp/cc7KEiL4.s:86364  .debug_str:0000000000006f24 .LASF5604
     /tmp/cc7KEiL4.s:92728  .debug_str:0000000000021571 .LASF5605
     /tmp/cc7KEiL4.s:97458  .debug_str:0000000000034cb8 .LASF5606
     /tmp/cc7KEiL4.s:101360  .debug_str:0000000000044adc .LASF5607
     /tmp/cc7KEiL4.s:89132  .debug_str:00000000000121dd .LASF5608
     /tmp/cc7KEiL4.s:97872  .debug_str:00000000000365d7 .LASF5609
     /tmp/cc7KEiL4.s:92656  .debug_str:0000000000020fe5 .LASF5610
     /tmp/cc7KEiL4.s:89298  .debug_str:0000000000012cfd .LASF5611
     /tmp/cc7KEiL4.s:85972  .debug_str:000000000000534e .LASF5612
     /tmp/cc7KEiL4.s:101836  .debug_str:0000000000046b48 .LASF5613
     /tmp/cc7KEiL4.s:86142  .debug_str:0000000000005f72 .LASF5614
     /tmp/cc7KEiL4.s:96592  .debug_str:000000000003125e .LASF5615
     /tmp/cc7KEiL4.s:89442  .debug_str:00000000000135b7 .LASF5616
     /tmp/cc7KEiL4.s:88252  .debug_str:000000000000ea5b .LASF5617
     /tmp/cc7KEiL4.s:100410  .debug_str:0000000000040d0c .LASF5618
     /tmp/cc7KEiL4.s:96894  .debug_str:0000000000032670 .LASF5620
     /tmp/cc7KEiL4.s:87244  .debug_str:000000000000aa36 .LASF5621
     /tmp/cc7KEiL4.s:99664  .debug_str:000000000003d95f .LASF5622
     /tmp/cc7KEiL4.s:86374  .debug_str:0000000000006fad .LASF5623
     /tmp/cc7KEiL4.s:98134  .debug_str:000000000003736a .LASF5624
     /tmp/cc7KEiL4.s:90958  .debug_str:0000000000019abf .LASF5625
     /tmp/cc7KEiL4.s:90870  .debug_str:0000000000019409 .LASF5626
     /tmp/cc7KEiL4.s:101104  .debug_str:00000000000438dc .LASF5627
     /tmp/cc7KEiL4.s:93316  .debug_str:0000000000023a69 .LASF5628
     /tmp/cc7KEiL4.s:85790  .debug_str:0000000000004703 .LASF5629
     /tmp/cc7KEiL4.s:89850  .debug_str:0000000000015046 .LASF5630
     /tmp/cc7KEiL4.s:99728  .debug_str:000000000003dd8c .LASF5631
     /tmp/cc7KEiL4.s:96396  .debug_str:00000000000304bd .LASF5632
     /tmp/cc7KEiL4.s:89094  .debug_str:0000000000011f4b .LASF5633
     /tmp/cc7KEiL4.s:85906  .debug_str:0000000000004ea8 .LASF5634
     /tmp/cc7KEiL4.s:88998  .debug_str:0000000000011909 .LASF5635
     /tmp/cc7KEiL4.s:96512  .debug_str:0000000000030ccf .LASF5636
     /tmp/cc7KEiL4.s:90358  .debug_str:00000000000171b0 .LASF5637
     /tmp/cc7KEiL4.s:89546  .debug_str:0000000000013c8d .LASF5638
     /tmp/cc7KEiL4.s:90530  .debug_str:0000000000017c44 .LASF5639
     /tmp/cc7KEiL4.s:99528  .debug_str:000000000003d0e1 .LASF5640
     /tmp/cc7KEiL4.s:100820  .debug_str:000000000004276c .LASF5641
     /tmp/cc7KEiL4.s:87088  .debug_str:0000000000009f88 .LASF5642
     /tmp/cc7KEiL4.s:88342  .debug_str:000000000000ef92 .LASF5643
     /tmp/cc7KEiL4.s:93926  .debug_str:00000000000260ac .LASF5644
     /tmp/cc7KEiL4.s:92522  .debug_str:00000000000207ae .LASF5645
     /tmp/cc7KEiL4.s:100480  .debug_str:000000000004115d .LASF5646
     /tmp/cc7KEiL4.s:100596  .debug_str:00000000000418f5 .LASF5647
     /tmp/cc7KEiL4.s:88254  .debug_str:000000000000ea67 .LASF5648
     /tmp/cc7KEiL4.s:101820  .debug_str:0000000000046a0d .LASF5649
     /tmp/cc7KEiL4.s:90204  .debug_str:000000000001678a .LASF5650
     /tmp/cc7KEiL4.s:88334  .debug_str:000000000000eef0 .LASF5651
     /tmp/cc7KEiL4.s:92294  .debug_str:000000000001f7ca .LASF5652
     /tmp/cc7KEiL4.s:96792  .debug_str:0000000000031fe2 .LASF5653
     /tmp/cc7KEiL4.s:94670  .debug_str:00000000000290b8 .LASF5654
     /tmp/cc7KEiL4.s:88466  .debug_str:000000000000f808 .LASF5655
     /tmp/cc7KEiL4.s:85830  .debug_str:00000000000049f2 .LASF5656
     /tmp/cc7KEiL4.s:99204  .debug_str:000000000003bbde .LASF5657
     /tmp/cc7KEiL4.s:88450  .debug_str:000000000000f6ed .LASF5658
     /tmp/cc7KEiL4.s:86296  .debug_str:0000000000006a51 .LASF5659
     /tmp/cc7KEiL4.s:93334  .debug_str:0000000000023ba5 .LASF5660
     /tmp/cc7KEiL4.s:90716  .debug_str:000000000001894d .LASF5661
     /tmp/cc7KEiL4.s:87760  .debug_str:000000000000ce10 .LASF5662
     /tmp/cc7KEiL4.s:85332  .debug_str:00000000000026e4 .LASF5663
     /tmp/cc7KEiL4.s:89890  .debug_str:0000000000015227 .LASF5664
     /tmp/cc7KEiL4.s:100000  .debug_str:000000000003f0bc .LASF5665
     /tmp/cc7KEiL4.s:101450  .debug_str:00000000000450b6 .LASF5666
     /tmp/cc7KEiL4.s:95572  .debug_str:000000000002cc01 .LASF5667
     /tmp/cc7KEiL4.s:85192  .debug_str:0000000000001ca7 .LASF5668
     /tmp/cc7KEiL4.s:93692  .debug_str:00000000000250d1 .LASF5669
     /tmp/cc7KEiL4.s:96112  .debug_str:000000000002f12d .LASF5670
     /tmp/cc7KEiL4.s:87484  .debug_str:000000000000bb89 .LASF5671
     /tmp/cc7KEiL4.s:93862  .debug_str:0000000000025bee .LASF5672
     /tmp/cc7KEiL4.s:94918  .debug_str:000000000002a104 .LASF5673
     /tmp/cc7KEiL4.s:99476  .debug_str:000000000003cd6a .LASF5674
     /tmp/cc7KEiL4.s:91668  .debug_str:000000000001cc12 .LASF5675
     /tmp/cc7KEiL4.s:96678  .debug_str:000000000003183d .LASF5676
     /tmp/cc7KEiL4.s:92826  .debug_str:0000000000021be9 .LASF5677
     /tmp/cc7KEiL4.s:86998  .debug_str:0000000000009969 .LASF5678
     /tmp/cc7KEiL4.s:101414  .debug_str:0000000000044e75 .LASF5679
     /tmp/cc7KEiL4.s:88412  .debug_str:000000000000f484 .LASF5680
     /tmp/cc7KEiL4.s:89636  .debug_str:00000000000141d8 .LASF5681
     /tmp/cc7KEiL4.s:91330  .debug_str:000000000001b4d9 .LASF5682
     /tmp/cc7KEiL4.s:95416  .debug_str:000000000002c122 .LASF5683
     /tmp/cc7KEiL4.s:98636  .debug_str:000000000003941a .LASF5684
     /tmp/cc7KEiL4.s:101802  .debug_str:00000000000468ca .LASF5685
     /tmp/cc7KEiL4.s:91858  .debug_str:000000000001d899 .LASF5686
     /tmp/cc7KEiL4.s:90096  .debug_str:0000000000015fe4 .LASF5687
     /tmp/cc7KEiL4.s:101152  .debug_str:0000000000043cab .LASF5688
     /tmp/cc7KEiL4.s:99348  .debug_str:000000000003c4d9 .LASF5689
     /tmp/cc7KEiL4.s:90646  .debug_str:00000000000184b5 .LASF5690
     /tmp/cc7KEiL4.s:87726  .debug_str:000000000000cbd3 .LASF5691
     /tmp/cc7KEiL4.s:92938  .debug_str:0000000000022398 .LASF5692
     /tmp/cc7KEiL4.s:87132  .debug_str:000000000000a295 .LASF5693
     /tmp/cc7KEiL4.s:93796  .debug_str:00000000000256fc .LASF5694
     /tmp/cc7KEiL4.s:98358  .debug_str:000000000003818b .LASF5695
     /tmp/cc7KEiL4.s:89792  .debug_str:0000000000014c4e .LASF5696
     /tmp/cc7KEiL4.s:95124  .debug_str:000000000002ae44 .LASF5697
     /tmp/cc7KEiL4.s:86166  .debug_str:00000000000060f9 .LASF5698
     /tmp/cc7KEiL4.s:95588  .debug_str:000000000002cd00 .LASF5699
     /tmp/cc7KEiL4.s:100676  .debug_str:0000000000041e7d .LASF5700
     /tmp/cc7KEiL4.s:85712  .debug_str:00000000000041eb .LASF5701
     /tmp/cc7KEiL4.s:86192  .debug_str:00000000000062af .LASF5702
     /tmp/cc7KEiL4.s:87476  .debug_str:000000000000baf0 .LASF5703
     /tmp/cc7KEiL4.s:87784  .debug_str:000000000000cf98 .LASF5704
     /tmp/cc7KEiL4.s:99086  .debug_str:000000000003b36a .LASF5705
     /tmp/cc7KEiL4.s:85704  .debug_str:000000000000411f .LASF5706
     /tmp/cc7KEiL4.s:98294  .debug_str:0000000000037cfe .LASF5707
     /tmp/cc7KEiL4.s:100822  .debug_str:000000000004277f .LASF5708
     /tmp/cc7KEiL4.s:94254  .debug_str:000000000002767e .LASF5709
     /tmp/cc7KEiL4.s:98366  .debug_str:0000000000038213 .LASF5710
     /tmp/cc7KEiL4.s:91014  .debug_str:0000000000019ed1 .LASF5711
     /tmp/cc7KEiL4.s:98286  .debug_str:0000000000037ca0 .LASF5712
     /tmp/cc7KEiL4.s:94582  .debug_str:0000000000028b18 .LASF5713
     /tmp/cc7KEiL4.s:100188  .debug_str:000000000003fcfc .LASF5714
     /tmp/cc7KEiL4.s:87374  .debug_str:000000000000b433 .LASF5715
     /tmp/cc7KEiL4.s:86716  .debug_str:000000000000861a .LASF5716
     /tmp/cc7KEiL4.s:93650  .debug_str:0000000000024de7 .LASF5717
     /tmp/cc7KEiL4.s:85208  .debug_str:0000000000001da1 .LASF5718
     /tmp/cc7KEiL4.s:93472  .debug_str:0000000000024205 .LASF5719
     /tmp/cc7KEiL4.s:99738  .debug_str:000000000003de32 .LASF5720
     /tmp/cc7KEiL4.s:95400  .debug_str:000000000002bff8 .LASF5721
                           .group:0000000000000000 wm4.0.f7b5aef9685edec5249bbd7570880f7e
                           .group:0000000000000000 wm4.stddef.h.39.a38874c8f8a57e66301090908ec2a69f
                           .group:0000000000000000 wm4.stdbool.h.29.07dce69c3b78884144b7f7bd19483461
                           .group:0000000000000000 wm4._newlib_version.h.4.9ba035841e762c3308916a0ce96032e7
                           .group:0000000000000000 wm4.features.h.33.318b64d71e0957639cfb30f1db1f7ec8
                           .group:0000000000000000 wm4._default_types.h.15.61e9869194cab90bdfa4c7fc42203a0e
                           .group:0000000000000000 wm4._intsup.h.10.b28b45fc63caeb010c3f7ee592257700
                           .group:0000000000000000 wm4._stdint.h.10.c24fa3af3bc1706662bb5593a907e841
                           .group:0000000000000000 wm4.stdint.h.23.d53047a68f4a85177f80b422d52785ed
                           .group:0000000000000000 wm4.mss_assert.h.10.f54828af61f4d15c5e0162b6a5c84a60
                           .group:0000000000000000 wm4.mss_legacy_defines.h.20.594d5f03b0f5314e3b2e801d98173479
                           .group:0000000000000000 wm4.mss_beu_def.h.19.f849410d457a56a11edf68024874b76f
                           .group:0000000000000000 wm4.mss_ddr_defs.h.18.224212e3bcbcd97ac31a2f20c30c3b70
                           .group:0000000000000000 wm4.mss_sysreg.h.19.614456a035a0cca3fd9d4348b0740228
                           .group:0000000000000000 wm4.mss_ddr_sgmii_regs.h.5543.4c565db9c25f7d4b45bd9b264c475c73
                           .group:0000000000000000 wm4.mss_io_config.h.18.90215bc7a282e15d1e42d6c6f74bed4e
                           .group:0000000000000000 wm4.mss_pll.h.192.d6d9146a5a36ce9e7f6a5ae2e7816970
                           .group:0000000000000000 wm4.mss_scb_nwc_regs.h.19.92192026ece1a0bf26c7a7af9a56e40a
                           .group:0000000000000000 wm4.mss_sw_config.h.37.50b47aaab5eef0809806cc5dbc8be4fc
                           .group:0000000000000000 wm4.atomic.h.33.7c17fdf64e267483cec1d3aead0473f4
                           .group:0000000000000000 wm4.bits.h.32.2ced66ae3bdb7651edf1ccfb67de7b38
                           .group:0000000000000000 wm4.encoding.h.34.68f898bac6356b153788044b6c29d177
                           .group:0000000000000000 wm4.fpga_design_config.h.28.f7eb28fae6ebd09bf8c2082deeea643c
                           .group:0000000000000000 wm4.hw_memory.h.28.20599cf485f90ffaa97f313798a86238
                           .group:0000000000000000 wm4.hw_apb_split.h.28.a2537f445f7a8784a4f064a3a60be381
                           .group:0000000000000000 wm4.hw_cache.h.28.aa59d0803f1283c480a862ba52ff4d4f
                           .group:0000000000000000 wm4.hw_pmp_hart0.h.28.354eeff78ff2eb91d2783e01dbe4e5a4
                           .group:0000000000000000 wm4.hw_pmp_hart1.h.28.0ab9e64d9d5e4b3cdd2ef9fae2ec18f2
                           .group:0000000000000000 wm4.hw_pmp_hart2.h.28.361fe83e7fd64067a0988f3e9bcd6e5d
                           .group:0000000000000000 wm4.hw_pmp_hart3.h.28.8c3eca8078d58a4979d23ae7fc3ceb35
                           .group:0000000000000000 wm4.hw_pmp_hart4.h.28.f8bf6b50f09effab3f4dfc16a44d5d0e
                           .group:0000000000000000 wm4.hw_mpu_fic0.h.28.3a719367ee0b56c20c7541cca5239296
                           .group:0000000000000000 wm4.hw_mpu_fic1.h.28.35d3b72b131707dc62529924d8a0d281
                           .group:0000000000000000 wm4.hw_mpu_fic2.h.28.88b1cd488fc04fd09199876067a670cb
                           .group:0000000000000000 wm4.hw_mpu_crypto.h.28.45628d14bd81b7ae15853711bd55f118
                           .group:0000000000000000 wm4.hw_mpu_gem0.h.28.e88b73a77e588162ac08b038acfe3e30
                           .group:0000000000000000 wm4.hw_mpu_gem1.h.28.dadc3a640dcfb61a8f24791560fa3605
                           .group:0000000000000000 wm4.hw_mpu_usb.h.28.0b0c25c65da87670d72dffa8e9b51ad6
                           .group:0000000000000000 wm4.hw_mpu_mmc.h.28.a5df85f7a87dfaafd939c0c9743b44a9
                           .group:0000000000000000 wm4.hw_mpu_scb.h.28.2b778d620a29a13b1a33733b3fefaf3e
                           .group:0000000000000000 wm4.hw_mpu_trace.h.28.dbb150e27983d45d78ea646dfe7486fe
                           .group:0000000000000000 wm4.hw_nvm_map.h.28.f162fac35e5cde635e7ad6a64d1e9039
                           .group:0000000000000000 wm4.hw_mssio_mux.h.28.e7454fde92f262ddd8d62a867ea0920e
                           .group:0000000000000000 wm4.hw_mssio_mux_alternate.h.28.b8d16e28a2ceb0dfb89390fbf8a0824d
                           .group:0000000000000000 wm4.hw_hsio_mux.h.28.924a66a0f83f27c24767fbfdaffeb21f
                           .group:0000000000000000 wm4.hw_sgmii_tip.h.28.300e564dcb0b8e10a02f8aa22cd1e406
                           .group:0000000000000000 wm4.hw_ddr_options.h.28.57c69fbed22b132a5116a2e8202ef31b
                           .group:0000000000000000 wm4.hw_ddr_io_bank.h.28.97994078373a03e402aa7d6fbee4d10b
                           .group:0000000000000000 wm4.hw_ddr_mode.h.28.e12980d85cda7fc598d8fc4b0c6ae80a
                           .group:0000000000000000 wm4.hw_ddr_off_mode.h.28.c8f0d4bcf68d083d8ff0335e558930e9
                           .group:0000000000000000 wm4.hw_ddr_segs.h.28.93c530a254cc8a9c015d0bae044125b2
                           .group:0000000000000000 wm4.hw_ddrc.h.28.08059da746396e3799516897e3659011
                           .group:0000000000000000 wm4.hw_mss_clks.h.28.5ac7bc8afbcd8bf20af19bba21fd090a
                           .group:0000000000000000 wm4.hw_clk_sysreg.h.28.adf2eb2b08eeb2ee56f6129328388395
                           .group:0000000000000000 wm4.hw_clk_mss_pll.h.28.f29e56095f72545e176a24c00b4a4f9d
                           .group:0000000000000000 wm4.hw_clk_sgmii_pll.h.28.e5a751841e3330e1fa1c9e56e6520989
                           .group:0000000000000000 wm4.hw_clk_ddr_pll.h.28.c1ea1ad10a832d67220904a0d0b17b34
                           .group:0000000000000000 wm4.hw_clk_mss_cfm.h.28.365f11189fcbf1e2f08db25b2ea1557a
                           .group:0000000000000000 wm4.hw_clk_sgmii_cfm.h.28.f59fda78ad3b4981ccbc9fbc0d90ca0a
                           .group:0000000000000000 wm4.hw_gen_peripherals.h.28.b7ed6b1beed7bdf1572b3ce67f40701d
                           .group:0000000000000000 wm4.mss_ddr.h.335.2d2abad6760d8499d248b54011590468
                           .group:0000000000000000 wm4.mss_clint.h.28.3d2c636f4c8175d64797a2e961db02ff
                           .group:0000000000000000 wm4.mss_h2f.h.21.7086260854010c63b41a469cd9f7486d
                           .group:0000000000000000 wm4.mss_hart_ints.h.20.6ad89e0f9e22266fcd17f0448e2fe1a4
                           .group:0000000000000000 wm4.mss_beu.h.19.c2ae917e6cfe25f403b47f73645e65f7
                           .group:0000000000000000 wm4.mss_mpu.h.20.dd1fa2a8702d0e819fbbb263dc6428d1
                           .group:0000000000000000 wm4.mss_pmp.h.19.8f83d750289fe5e95625891444a65774
                           .group:0000000000000000 wm4.mss_plic.h.37.f01c8d38f1aa08d20212658e203ce75a
                           .group:0000000000000000 wm4.mss_seg.h.38.d7fedb2c993ff2eb58c3c1c5f57af66f
                           .group:0000000000000000 wm4.mss_util.h.31.57922375d48cf596b0783b975bb89aba
                           .group:0000000000000000 wm4.mss_mtrap.h.32.3506bc2f7b97dc7165484cc307bc8c3b
                           .group:0000000000000000 wm4.mss_l2_cache.h.430.934410ee5d62996f3b8869a34907e316
                           .group:0000000000000000 wm4.mss_axiswitch.h.110.fc13072c0144cbd8e516d1d4f8c599b2
                           .group:0000000000000000 wm4.mss_peripherals.h.19.9837bc1f8d1c62dfd266b4590a8830b2
                           .group:0000000000000000 wm4.mss_cfm.h.20.474baf099ef6f60b14912c934c5e47c6
                           .group:0000000000000000 wm4.mss_sgmii.h.18.7850ab5b5e05dabb42db8143f362bae8
                           .group:0000000000000000 wm4.system_startup.h.17.372727b49fdab2e286123d13f6b6542a
                           .group:0000000000000000 wm4.mss_ddr_debug.h.40.79a83a45aea2f09f97e5663e254e5e65

NO UNDEFINED SYMBOLS
