   1              		.file	"mss_gpio.c"
   2              		.option nopic
   3              		.attribute arch, "rv64i2p0_m2p0_a2p0_f2p0_d2p0_c2p0"
   4              		.attribute unaligned_access, 0
   5              		.attribute stack_align, 16
   6              		.text
   7              	.Ltext0:
   8              		.cfi_sections	.debug_frame
   9              		.section	.text.PLIC_EnableIRQ,"ax",@progbits
  10              		.align	1
  12              	PLIC_EnableIRQ:
  13              	.LFB7:
  14              		.file 1 "/home/makro/softconsole_2022/led-hdmi-uart-switches/src/platform/mpfs_hal/common/mss_plic
   1:/home/makro/softconsole_2022/led-hdmi-uart-switches/src/platform/mpfs_hal/common/mss_plic.h **** /*******************************************************************************
   2:/home/makro/softconsole_2022/led-hdmi-uart-switches/src/platform/mpfs_hal/common/mss_plic.h ****  * Copyright 2019-2022 Microchip FPGA Embedded Systems Solutions.
   3:/home/makro/softconsole_2022/led-hdmi-uart-switches/src/platform/mpfs_hal/common/mss_plic.h ****  *
   4:/home/makro/softconsole_2022/led-hdmi-uart-switches/src/platform/mpfs_hal/common/mss_plic.h ****  * SPDX-License-Identifier: MIT
   5:/home/makro/softconsole_2022/led-hdmi-uart-switches/src/platform/mpfs_hal/common/mss_plic.h ****  *
   6:/home/makro/softconsole_2022/led-hdmi-uart-switches/src/platform/mpfs_hal/common/mss_plic.h ****  * MPFS HAL Embedded Software
   7:/home/makro/softconsole_2022/led-hdmi-uart-switches/src/platform/mpfs_hal/common/mss_plic.h ****  *
   8:/home/makro/softconsole_2022/led-hdmi-uart-switches/src/platform/mpfs_hal/common/mss_plic.h ****  */
   9:/home/makro/softconsole_2022/led-hdmi-uart-switches/src/platform/mpfs_hal/common/mss_plic.h **** 
  10:/home/makro/softconsole_2022/led-hdmi-uart-switches/src/platform/mpfs_hal/common/mss_plic.h **** /*******************************************************************************
  11:/home/makro/softconsole_2022/led-hdmi-uart-switches/src/platform/mpfs_hal/common/mss_plic.h ****  *
  12:/home/makro/softconsole_2022/led-hdmi-uart-switches/src/platform/mpfs_hal/common/mss_plic.h ****  * @file mss_plic.h
  13:/home/makro/softconsole_2022/led-hdmi-uart-switches/src/platform/mpfs_hal/common/mss_plic.h ****  * @author Microchip-FPGA Embedded Systems Solutions
  14:/home/makro/softconsole_2022/led-hdmi-uart-switches/src/platform/mpfs_hal/common/mss_plic.h ****  * @brief PolarFire SoC MSS PLIC and PRCI access data structures and functions.
  15:/home/makro/softconsole_2022/led-hdmi-uart-switches/src/platform/mpfs_hal/common/mss_plic.h ****  *
  16:/home/makro/softconsole_2022/led-hdmi-uart-switches/src/platform/mpfs_hal/common/mss_plic.h ****  * Definitions and functions associated with PLIC interrupts.
  17:/home/makro/softconsole_2022/led-hdmi-uart-switches/src/platform/mpfs_hal/common/mss_plic.h ****  *
  18:/home/makro/softconsole_2022/led-hdmi-uart-switches/src/platform/mpfs_hal/common/mss_plic.h ****  */
  19:/home/makro/softconsole_2022/led-hdmi-uart-switches/src/platform/mpfs_hal/common/mss_plic.h **** #ifndef MSS_PLIC_H
  20:/home/makro/softconsole_2022/led-hdmi-uart-switches/src/platform/mpfs_hal/common/mss_plic.h **** #define MSS_PLIC_H
  21:/home/makro/softconsole_2022/led-hdmi-uart-switches/src/platform/mpfs_hal/common/mss_plic.h **** 
  22:/home/makro/softconsole_2022/led-hdmi-uart-switches/src/platform/mpfs_hal/common/mss_plic.h **** #include <stdint.h>
  23:/home/makro/softconsole_2022/led-hdmi-uart-switches/src/platform/mpfs_hal/common/mss_plic.h **** #ifndef CONFIG_OPENSBI
  24:/home/makro/softconsole_2022/led-hdmi-uart-switches/src/platform/mpfs_hal/common/mss_plic.h **** #include "encoding.h"
  25:/home/makro/softconsole_2022/led-hdmi-uart-switches/src/platform/mpfs_hal/common/mss_plic.h **** #endif
  26:/home/makro/softconsole_2022/led-hdmi-uart-switches/src/platform/mpfs_hal/common/mss_plic.h **** 
  27:/home/makro/softconsole_2022/led-hdmi-uart-switches/src/platform/mpfs_hal/common/mss_plic.h **** #include "mss_assert.h"
  28:/home/makro/softconsole_2022/led-hdmi-uart-switches/src/platform/mpfs_hal/common/mss_plic.h **** 
  29:/home/makro/softconsole_2022/led-hdmi-uart-switches/src/platform/mpfs_hal/common/mss_plic.h **** #ifdef __cplusplus
  30:/home/makro/softconsole_2022/led-hdmi-uart-switches/src/platform/mpfs_hal/common/mss_plic.h **** extern "C" {
  31:/home/makro/softconsole_2022/led-hdmi-uart-switches/src/platform/mpfs_hal/common/mss_plic.h **** #endif
  32:/home/makro/softconsole_2022/led-hdmi-uart-switches/src/platform/mpfs_hal/common/mss_plic.h **** 
  33:/home/makro/softconsole_2022/led-hdmi-uart-switches/src/platform/mpfs_hal/common/mss_plic.h **** /*
  34:/home/makro/softconsole_2022/led-hdmi-uart-switches/src/platform/mpfs_hal/common/mss_plic.h ****  *Return value from External IRQ handler. This will be used to disable the
  35:/home/makro/softconsole_2022/led-hdmi-uart-switches/src/platform/mpfs_hal/common/mss_plic.h ****  *Return External interrupt.
  36:/home/makro/softconsole_2022/led-hdmi-uart-switches/src/platform/mpfs_hal/common/mss_plic.h ****  */
  37:/home/makro/softconsole_2022/led-hdmi-uart-switches/src/platform/mpfs_hal/common/mss_plic.h **** #define EXT_IRQ_KEEP_ENABLED                                0U
  38:/home/makro/softconsole_2022/led-hdmi-uart-switches/src/platform/mpfs_hal/common/mss_plic.h **** #define EXT_IRQ_DISABLE                                     1U
  39:/home/makro/softconsole_2022/led-hdmi-uart-switches/src/platform/mpfs_hal/common/mss_plic.h **** 
  40:/home/makro/softconsole_2022/led-hdmi-uart-switches/src/platform/mpfs_hal/common/mss_plic.h **** /*------------------------------------------------------------------------------
  41:/home/makro/softconsole_2022/led-hdmi-uart-switches/src/platform/mpfs_hal/common/mss_plic.h ****  *
  42:/home/makro/softconsole_2022/led-hdmi-uart-switches/src/platform/mpfs_hal/common/mss_plic.h ****  */
  43:/home/makro/softconsole_2022/led-hdmi-uart-switches/src/platform/mpfs_hal/common/mss_plic.h **** uint8_t  PLIC_Invalid_IRQHandler(void);
  44:/home/makro/softconsole_2022/led-hdmi-uart-switches/src/platform/mpfs_hal/common/mss_plic.h **** uint8_t  PLIC_l2_metadata_corr_IRQHandler(void);
  45:/home/makro/softconsole_2022/led-hdmi-uart-switches/src/platform/mpfs_hal/common/mss_plic.h **** uint8_t  PLIC_l2_metadata_uncorr_IRQHandler(void);
  46:/home/makro/softconsole_2022/led-hdmi-uart-switches/src/platform/mpfs_hal/common/mss_plic.h **** uint8_t  PLIC_l2_data_corr_IRQHandler(void);
  47:/home/makro/softconsole_2022/led-hdmi-uart-switches/src/platform/mpfs_hal/common/mss_plic.h **** uint8_t  PLIC_l2_data_uncorr_IRQHandler(void);
  48:/home/makro/softconsole_2022/led-hdmi-uart-switches/src/platform/mpfs_hal/common/mss_plic.h **** uint8_t  PLIC_dma_ch0_DONE_IRQHandler(void);
  49:/home/makro/softconsole_2022/led-hdmi-uart-switches/src/platform/mpfs_hal/common/mss_plic.h **** uint8_t  PLIC_dma_ch0_ERR_IRQHandler(void);
  50:/home/makro/softconsole_2022/led-hdmi-uart-switches/src/platform/mpfs_hal/common/mss_plic.h **** uint8_t  PLIC_dma_ch1_DONE_IRQHandler(void);
  51:/home/makro/softconsole_2022/led-hdmi-uart-switches/src/platform/mpfs_hal/common/mss_plic.h **** uint8_t  PLIC_dma_ch1_ERR_IRQHandler(void);
  52:/home/makro/softconsole_2022/led-hdmi-uart-switches/src/platform/mpfs_hal/common/mss_plic.h **** uint8_t  PLIC_dma_ch2_DONE_IRQHandler(void);
  53:/home/makro/softconsole_2022/led-hdmi-uart-switches/src/platform/mpfs_hal/common/mss_plic.h **** uint8_t  PLIC_dma_ch2_ERR_IRQHandler(void);
  54:/home/makro/softconsole_2022/led-hdmi-uart-switches/src/platform/mpfs_hal/common/mss_plic.h **** uint8_t  PLIC_dma_ch3_DONE_IRQHandler(void);
  55:/home/makro/softconsole_2022/led-hdmi-uart-switches/src/platform/mpfs_hal/common/mss_plic.h **** uint8_t  PLIC_dma_ch3_ERR_IRQHandler(void);
  56:/home/makro/softconsole_2022/led-hdmi-uart-switches/src/platform/mpfs_hal/common/mss_plic.h **** uint8_t  PLIC_gpio0_bit0_or_gpio2_bit13_IRQHandler(void);
  57:/home/makro/softconsole_2022/led-hdmi-uart-switches/src/platform/mpfs_hal/common/mss_plic.h **** uint8_t  PLIC_gpio0_bit1_or_gpio2_bit13_IRQHandler(void);
  58:/home/makro/softconsole_2022/led-hdmi-uart-switches/src/platform/mpfs_hal/common/mss_plic.h **** uint8_t  PLIC_gpio0_bit2_or_gpio2_bit13_IRQHandler(void);
  59:/home/makro/softconsole_2022/led-hdmi-uart-switches/src/platform/mpfs_hal/common/mss_plic.h **** uint8_t  PLIC_gpio0_bit3_or_gpio2_bit13_IRQHandler(void);
  60:/home/makro/softconsole_2022/led-hdmi-uart-switches/src/platform/mpfs_hal/common/mss_plic.h **** uint8_t  PLIC_gpio0_bit4_or_gpio2_bit13_IRQHandler(void);
  61:/home/makro/softconsole_2022/led-hdmi-uart-switches/src/platform/mpfs_hal/common/mss_plic.h **** uint8_t  PLIC_gpio0_bit5_or_gpio2_bit13_IRQHandler(void);
  62:/home/makro/softconsole_2022/led-hdmi-uart-switches/src/platform/mpfs_hal/common/mss_plic.h **** uint8_t  PLIC_gpio0_bit6_or_gpio2_bit13_IRQHandler(void);
  63:/home/makro/softconsole_2022/led-hdmi-uart-switches/src/platform/mpfs_hal/common/mss_plic.h **** uint8_t  PLIC_gpio0_bit7_or_gpio2_bit13_IRQHandler(void);
  64:/home/makro/softconsole_2022/led-hdmi-uart-switches/src/platform/mpfs_hal/common/mss_plic.h **** uint8_t  PLIC_gpio0_bit8_or_gpio2_bit13_IRQHandler(void);
  65:/home/makro/softconsole_2022/led-hdmi-uart-switches/src/platform/mpfs_hal/common/mss_plic.h **** uint8_t  PLIC_gpio0_bit9_or_gpio2_bit13_IRQHandler(void);
  66:/home/makro/softconsole_2022/led-hdmi-uart-switches/src/platform/mpfs_hal/common/mss_plic.h **** uint8_t  PLIC_gpio0_bit10_or_gpio2_bit13_IRQHandler(void);
  67:/home/makro/softconsole_2022/led-hdmi-uart-switches/src/platform/mpfs_hal/common/mss_plic.h **** uint8_t  PLIC_gpio0_bit11_or_gpio2_bit13_IRQHandler(void);
  68:/home/makro/softconsole_2022/led-hdmi-uart-switches/src/platform/mpfs_hal/common/mss_plic.h **** uint8_t  PLIC_gpio0_bit12_or_gpio2_bit13_IRQHandler(void);
  69:/home/makro/softconsole_2022/led-hdmi-uart-switches/src/platform/mpfs_hal/common/mss_plic.h **** 
  70:/home/makro/softconsole_2022/led-hdmi-uart-switches/src/platform/mpfs_hal/common/mss_plic.h **** uint8_t  PLIC_gpio0_bit13_or_gpio2_bit13_IRQHandler(void);
  71:/home/makro/softconsole_2022/led-hdmi-uart-switches/src/platform/mpfs_hal/common/mss_plic.h **** uint8_t  PLIC_gpio1_bit0_or_gpio2_bit14_IRQHandler(void);
  72:/home/makro/softconsole_2022/led-hdmi-uart-switches/src/platform/mpfs_hal/common/mss_plic.h **** uint8_t  PLIC_gpio1_bit1_or_gpio2_bit15_IRQHandler(void);
  73:/home/makro/softconsole_2022/led-hdmi-uart-switches/src/platform/mpfs_hal/common/mss_plic.h **** uint8_t  PLIC_gpio1_bit2_or_gpio2_bit16_IRQHandler(void);
  74:/home/makro/softconsole_2022/led-hdmi-uart-switches/src/platform/mpfs_hal/common/mss_plic.h **** uint8_t  PLIC_gpio1_bit3_or_gpio2_bit17_IRQHandler(void);
  75:/home/makro/softconsole_2022/led-hdmi-uart-switches/src/platform/mpfs_hal/common/mss_plic.h **** uint8_t  PLIC_gpio1_bit4_or_gpio2_bit18_IRQHandler(void);
  76:/home/makro/softconsole_2022/led-hdmi-uart-switches/src/platform/mpfs_hal/common/mss_plic.h **** uint8_t  PLIC_gpio1_bit5_or_gpio2_bit19_IRQHandler(void);
  77:/home/makro/softconsole_2022/led-hdmi-uart-switches/src/platform/mpfs_hal/common/mss_plic.h **** uint8_t  PLIC_gpio1_bit6_or_gpio2_bit20_IRQHandler(void);
  78:/home/makro/softconsole_2022/led-hdmi-uart-switches/src/platform/mpfs_hal/common/mss_plic.h **** uint8_t  PLIC_gpio1_bit7_or_gpio2_bit21_IRQHandler(void);
  79:/home/makro/softconsole_2022/led-hdmi-uart-switches/src/platform/mpfs_hal/common/mss_plic.h **** uint8_t  PLIC_gpio1_bit8_or_gpio2_bit22_IRQHandler(void);
  80:/home/makro/softconsole_2022/led-hdmi-uart-switches/src/platform/mpfs_hal/common/mss_plic.h **** uint8_t  PLIC_gpio1_bit9_or_gpio2_bit23_IRQHandler(void);
  81:/home/makro/softconsole_2022/led-hdmi-uart-switches/src/platform/mpfs_hal/common/mss_plic.h **** uint8_t  PLIC_gpio1_bit10_or_gpio2_bit24_IRQHandler(void);
  82:/home/makro/softconsole_2022/led-hdmi-uart-switches/src/platform/mpfs_hal/common/mss_plic.h **** uint8_t  PLIC_gpio1_bit11_or_gpio2_bit25_IRQHandler(void);
  83:/home/makro/softconsole_2022/led-hdmi-uart-switches/src/platform/mpfs_hal/common/mss_plic.h **** uint8_t  PLIC_gpio1_bit12_or_gpio2_bit26_IRQHandler(void);
  84:/home/makro/softconsole_2022/led-hdmi-uart-switches/src/platform/mpfs_hal/common/mss_plic.h **** uint8_t  PLIC_gpio1_bit13_or_gpio2_bit27_IRQHandler(void);
  85:/home/makro/softconsole_2022/led-hdmi-uart-switches/src/platform/mpfs_hal/common/mss_plic.h **** 
  86:/home/makro/softconsole_2022/led-hdmi-uart-switches/src/platform/mpfs_hal/common/mss_plic.h **** uint8_t  PLIC_gpio1_bit14_or_gpio2_bit28_IRQHandler(void);
  87:/home/makro/softconsole_2022/led-hdmi-uart-switches/src/platform/mpfs_hal/common/mss_plic.h **** uint8_t  PLIC_gpio1_bit15_or_gpio2_bit29_IRQHandler(void);
  88:/home/makro/softconsole_2022/led-hdmi-uart-switches/src/platform/mpfs_hal/common/mss_plic.h **** uint8_t  PLIC_gpio1_bit16_or_gpio2_bit30_IRQHandler(void);
  89:/home/makro/softconsole_2022/led-hdmi-uart-switches/src/platform/mpfs_hal/common/mss_plic.h **** uint8_t  PLIC_gpio1_bit17_or_gpio2_bit31_IRQHandler(void);
  90:/home/makro/softconsole_2022/led-hdmi-uart-switches/src/platform/mpfs_hal/common/mss_plic.h **** 
  91:/home/makro/softconsole_2022/led-hdmi-uart-switches/src/platform/mpfs_hal/common/mss_plic.h **** uint8_t  PLIC_gpio1_bit18_IRQHandler(void);
  92:/home/makro/softconsole_2022/led-hdmi-uart-switches/src/platform/mpfs_hal/common/mss_plic.h **** uint8_t  PLIC_gpio1_bit19_IRQHandler(void);
  93:/home/makro/softconsole_2022/led-hdmi-uart-switches/src/platform/mpfs_hal/common/mss_plic.h **** uint8_t  PLIC_gpio1_bit20_IRQHandler(void);
  94:/home/makro/softconsole_2022/led-hdmi-uart-switches/src/platform/mpfs_hal/common/mss_plic.h **** uint8_t  PLIC_gpio1_bit21_IRQHandler(void);
  95:/home/makro/softconsole_2022/led-hdmi-uart-switches/src/platform/mpfs_hal/common/mss_plic.h **** uint8_t  PLIC_gpio1_bit22_IRQHandler(void);
  96:/home/makro/softconsole_2022/led-hdmi-uart-switches/src/platform/mpfs_hal/common/mss_plic.h **** uint8_t  PLIC_gpio1_bit23_IRQHandler(void);
  97:/home/makro/softconsole_2022/led-hdmi-uart-switches/src/platform/mpfs_hal/common/mss_plic.h **** 
  98:/home/makro/softconsole_2022/led-hdmi-uart-switches/src/platform/mpfs_hal/common/mss_plic.h **** uint8_t  PLIC_gpio0_non_direct_IRQHandler(void);
  99:/home/makro/softconsole_2022/led-hdmi-uart-switches/src/platform/mpfs_hal/common/mss_plic.h **** uint8_t  PLIC_gpio1_non_direct_IRQHandler(void);
 100:/home/makro/softconsole_2022/led-hdmi-uart-switches/src/platform/mpfs_hal/common/mss_plic.h **** uint8_t  PLIC_gpio2_non_direct_IRQHandler(void);
 101:/home/makro/softconsole_2022/led-hdmi-uart-switches/src/platform/mpfs_hal/common/mss_plic.h **** 
 102:/home/makro/softconsole_2022/led-hdmi-uart-switches/src/platform/mpfs_hal/common/mss_plic.h **** uint8_t  PLIC_spi0_IRQHandler(void);
 103:/home/makro/softconsole_2022/led-hdmi-uart-switches/src/platform/mpfs_hal/common/mss_plic.h **** uint8_t  PLIC_spi1_IRQHandler(void);
 104:/home/makro/softconsole_2022/led-hdmi-uart-switches/src/platform/mpfs_hal/common/mss_plic.h **** uint8_t  PLIC_external_can0_IRQHandler(void);
 105:/home/makro/softconsole_2022/led-hdmi-uart-switches/src/platform/mpfs_hal/common/mss_plic.h **** uint8_t  PLIC_can1_IRQHandler(void);
 106:/home/makro/softconsole_2022/led-hdmi-uart-switches/src/platform/mpfs_hal/common/mss_plic.h **** uint8_t  PLIC_External_i2c0_main_IRQHandler(void);
 107:/home/makro/softconsole_2022/led-hdmi-uart-switches/src/platform/mpfs_hal/common/mss_plic.h **** uint8_t  PLIC_External_i2c0_alert_IRQHandler(void);
 108:/home/makro/softconsole_2022/led-hdmi-uart-switches/src/platform/mpfs_hal/common/mss_plic.h **** uint8_t  PLIC_i2c0_sus_IRQHandler(void);
 109:/home/makro/softconsole_2022/led-hdmi-uart-switches/src/platform/mpfs_hal/common/mss_plic.h **** uint8_t  PLIC_i2c1_main_IRQHandler(void);
 110:/home/makro/softconsole_2022/led-hdmi-uart-switches/src/platform/mpfs_hal/common/mss_plic.h **** uint8_t  PLIC_i2c1_alert_IRQHandler(void);
 111:/home/makro/softconsole_2022/led-hdmi-uart-switches/src/platform/mpfs_hal/common/mss_plic.h **** uint8_t  PLIC_i2c1_sus_IRQHandler(void);
 112:/home/makro/softconsole_2022/led-hdmi-uart-switches/src/platform/mpfs_hal/common/mss_plic.h **** uint8_t  PLIC_mac0_int_IRQHandler(void);
 113:/home/makro/softconsole_2022/led-hdmi-uart-switches/src/platform/mpfs_hal/common/mss_plic.h **** uint8_t  PLIC_mac0_queue1_IRQHandler(void);
 114:/home/makro/softconsole_2022/led-hdmi-uart-switches/src/platform/mpfs_hal/common/mss_plic.h **** uint8_t  PLIC_mac0_queue2_IRQHandler(void);
 115:/home/makro/softconsole_2022/led-hdmi-uart-switches/src/platform/mpfs_hal/common/mss_plic.h **** uint8_t  PLIC_mac0_queue3_IRQHandler(void);
 116:/home/makro/softconsole_2022/led-hdmi-uart-switches/src/platform/mpfs_hal/common/mss_plic.h **** uint8_t  PLIC_mac0_emac_IRQHandler(void);
 117:/home/makro/softconsole_2022/led-hdmi-uart-switches/src/platform/mpfs_hal/common/mss_plic.h **** uint8_t  PLIC_mac0_mmsl_IRQHandler(void);
 118:/home/makro/softconsole_2022/led-hdmi-uart-switches/src/platform/mpfs_hal/common/mss_plic.h **** uint8_t  PLIC_mac1_int_IRQHandler(void);
 119:/home/makro/softconsole_2022/led-hdmi-uart-switches/src/platform/mpfs_hal/common/mss_plic.h **** uint8_t  PLIC_mac1_queue1_IRQHandler(void);
 120:/home/makro/softconsole_2022/led-hdmi-uart-switches/src/platform/mpfs_hal/common/mss_plic.h **** uint8_t  PLIC_mac1_queue2_IRQHandler(void);
 121:/home/makro/softconsole_2022/led-hdmi-uart-switches/src/platform/mpfs_hal/common/mss_plic.h **** uint8_t  PLIC_mac1_queue3_IRQHandler(void);
 122:/home/makro/softconsole_2022/led-hdmi-uart-switches/src/platform/mpfs_hal/common/mss_plic.h **** uint8_t  PLIC_mac1_emac_IRQHandler(void);
 123:/home/makro/softconsole_2022/led-hdmi-uart-switches/src/platform/mpfs_hal/common/mss_plic.h **** uint8_t  PLIC_mac1_mmsl_IRQHandler(void);
 124:/home/makro/softconsole_2022/led-hdmi-uart-switches/src/platform/mpfs_hal/common/mss_plic.h **** uint8_t  PLIC_ddrc_train_IRQHandler(void);
 125:/home/makro/softconsole_2022/led-hdmi-uart-switches/src/platform/mpfs_hal/common/mss_plic.h **** uint8_t  PLIC_scb_interrupt_IRQHandler(void);
 126:/home/makro/softconsole_2022/led-hdmi-uart-switches/src/platform/mpfs_hal/common/mss_plic.h **** uint8_t  PLIC_ecc_error_IRQHandler(void);
 127:/home/makro/softconsole_2022/led-hdmi-uart-switches/src/platform/mpfs_hal/common/mss_plic.h **** uint8_t  PLIC_ecc_correct_IRQHandler(void);
 128:/home/makro/softconsole_2022/led-hdmi-uart-switches/src/platform/mpfs_hal/common/mss_plic.h **** uint8_t  PLIC_rtc_wakeup_IRQHandler(void);
 129:/home/makro/softconsole_2022/led-hdmi-uart-switches/src/platform/mpfs_hal/common/mss_plic.h **** uint8_t  PLIC_rtc_match_IRQHandler(void);
 130:/home/makro/softconsole_2022/led-hdmi-uart-switches/src/platform/mpfs_hal/common/mss_plic.h **** uint8_t  PLIC_timer1_IRQHandler(void);
 131:/home/makro/softconsole_2022/led-hdmi-uart-switches/src/platform/mpfs_hal/common/mss_plic.h **** uint8_t  PLIC_timer2_IRQHandler(void);
 132:/home/makro/softconsole_2022/led-hdmi-uart-switches/src/platform/mpfs_hal/common/mss_plic.h **** uint8_t  PLIC_envm_IRQHandler(void);
 133:/home/makro/softconsole_2022/led-hdmi-uart-switches/src/platform/mpfs_hal/common/mss_plic.h **** uint8_t  PLIC_qspi_IRQHandler(void);
 134:/home/makro/softconsole_2022/led-hdmi-uart-switches/src/platform/mpfs_hal/common/mss_plic.h **** uint8_t  PLIC_usb_dma_IRQHandler(void);
 135:/home/makro/softconsole_2022/led-hdmi-uart-switches/src/platform/mpfs_hal/common/mss_plic.h **** uint8_t  PLIC_usb_mc_IRQHandler(void);
 136:/home/makro/softconsole_2022/led-hdmi-uart-switches/src/platform/mpfs_hal/common/mss_plic.h **** uint8_t  PLIC_mmc_main_IRQHandler(void);
 137:/home/makro/softconsole_2022/led-hdmi-uart-switches/src/platform/mpfs_hal/common/mss_plic.h **** uint8_t  PLIC_mmc_wakeup_IRQHandler(void);
 138:/home/makro/softconsole_2022/led-hdmi-uart-switches/src/platform/mpfs_hal/common/mss_plic.h **** uint8_t  PLIC_mmuart0_IRQHandler(void);
 139:/home/makro/softconsole_2022/led-hdmi-uart-switches/src/platform/mpfs_hal/common/mss_plic.h **** uint8_t  PLIC_mmuart1_IRQHandler(void);
 140:/home/makro/softconsole_2022/led-hdmi-uart-switches/src/platform/mpfs_hal/common/mss_plic.h **** uint8_t  PLIC_mmuart2_IRQHandler(void);
 141:/home/makro/softconsole_2022/led-hdmi-uart-switches/src/platform/mpfs_hal/common/mss_plic.h **** uint8_t  PLIC_mmuart3_IRQHandler(void);
 142:/home/makro/softconsole_2022/led-hdmi-uart-switches/src/platform/mpfs_hal/common/mss_plic.h **** uint8_t  PLIC_mmuart4_IRQHandler(void);
 143:/home/makro/softconsole_2022/led-hdmi-uart-switches/src/platform/mpfs_hal/common/mss_plic.h **** uint8_t  PLIC_devrst_IRQHandler(void);
 144:/home/makro/softconsole_2022/led-hdmi-uart-switches/src/platform/mpfs_hal/common/mss_plic.h **** uint8_t  PLIC_g5c_message_IRQHandler(void);
 145:/home/makro/softconsole_2022/led-hdmi-uart-switches/src/platform/mpfs_hal/common/mss_plic.h **** uint8_t  PLIC_usoc_vc_interrupt_IRQHandler(void);
 146:/home/makro/softconsole_2022/led-hdmi-uart-switches/src/platform/mpfs_hal/common/mss_plic.h **** uint8_t  PLIC_usoc_smb_interrupt_IRQHandler(void);
 147:/home/makro/softconsole_2022/led-hdmi-uart-switches/src/platform/mpfs_hal/common/mss_plic.h **** uint8_t  PLIC_E51_Maintence_IRQHandler(void);
 148:/home/makro/softconsole_2022/led-hdmi-uart-switches/src/platform/mpfs_hal/common/mss_plic.h **** 
 149:/home/makro/softconsole_2022/led-hdmi-uart-switches/src/platform/mpfs_hal/common/mss_plic.h **** uint8_t  PLIC_wdog0_mvrp_IRQHandler(void);
 150:/home/makro/softconsole_2022/led-hdmi-uart-switches/src/platform/mpfs_hal/common/mss_plic.h **** uint8_t  PLIC_wdog1_mvrp_IRQHandler(void);
 151:/home/makro/softconsole_2022/led-hdmi-uart-switches/src/platform/mpfs_hal/common/mss_plic.h **** uint8_t  PLIC_wdog2_mvrp_IRQHandler(void);
 152:/home/makro/softconsole_2022/led-hdmi-uart-switches/src/platform/mpfs_hal/common/mss_plic.h **** uint8_t  PLIC_wdog3_mvrp_IRQHandler(void);
 153:/home/makro/softconsole_2022/led-hdmi-uart-switches/src/platform/mpfs_hal/common/mss_plic.h **** uint8_t  PLIC_wdog4_mvrp_IRQHandler(void);
 154:/home/makro/softconsole_2022/led-hdmi-uart-switches/src/platform/mpfs_hal/common/mss_plic.h **** uint8_t  PLIC_wdog0_tout_IRQHandler(void);
 155:/home/makro/softconsole_2022/led-hdmi-uart-switches/src/platform/mpfs_hal/common/mss_plic.h **** uint8_t  PLIC_wdog1_tout_IRQHandler(void);
 156:/home/makro/softconsole_2022/led-hdmi-uart-switches/src/platform/mpfs_hal/common/mss_plic.h **** uint8_t  PLIC_wdog2_tout_IRQHandler(void);
 157:/home/makro/softconsole_2022/led-hdmi-uart-switches/src/platform/mpfs_hal/common/mss_plic.h **** uint8_t  PLIC_wdog3_tout_IRQHandler(void);
 158:/home/makro/softconsole_2022/led-hdmi-uart-switches/src/platform/mpfs_hal/common/mss_plic.h **** uint8_t  PLIC_wdog4_tout_IRQHandler(void);
 159:/home/makro/softconsole_2022/led-hdmi-uart-switches/src/platform/mpfs_hal/common/mss_plic.h **** uint8_t  PLIC_g5c_mss_spi_IRQHandler(void);
 160:/home/makro/softconsole_2022/led-hdmi-uart-switches/src/platform/mpfs_hal/common/mss_plic.h **** uint8_t  PLIC_volt_temp_alarm_IRQHandler(void);
 161:/home/makro/softconsole_2022/led-hdmi-uart-switches/src/platform/mpfs_hal/common/mss_plic.h **** 
 162:/home/makro/softconsole_2022/led-hdmi-uart-switches/src/platform/mpfs_hal/common/mss_plic.h **** uint8_t  PLIC_athena_complete_IRQHandler(void);
 163:/home/makro/softconsole_2022/led-hdmi-uart-switches/src/platform/mpfs_hal/common/mss_plic.h **** uint8_t  PLIC_athena_alarm_IRQHandler(void);
 164:/home/makro/softconsole_2022/led-hdmi-uart-switches/src/platform/mpfs_hal/common/mss_plic.h **** uint8_t  PLIC_athena_bus_error_IRQHandler(void);
 165:/home/makro/softconsole_2022/led-hdmi-uart-switches/src/platform/mpfs_hal/common/mss_plic.h **** uint8_t  PLIC_usoc_axic_us_IRQHandler(void);
 166:/home/makro/softconsole_2022/led-hdmi-uart-switches/src/platform/mpfs_hal/common/mss_plic.h **** uint8_t  PLIC_usoc_axic_ds_IRQHandler(void);
 167:/home/makro/softconsole_2022/led-hdmi-uart-switches/src/platform/mpfs_hal/common/mss_plic.h **** 
 168:/home/makro/softconsole_2022/led-hdmi-uart-switches/src/platform/mpfs_hal/common/mss_plic.h **** uint8_t  PLIC_reserved_104_IRQHandler(void);
 169:/home/makro/softconsole_2022/led-hdmi-uart-switches/src/platform/mpfs_hal/common/mss_plic.h **** 
 170:/home/makro/softconsole_2022/led-hdmi-uart-switches/src/platform/mpfs_hal/common/mss_plic.h **** uint8_t  PLIC_f2m_0_IRQHandler(void);
 171:/home/makro/softconsole_2022/led-hdmi-uart-switches/src/platform/mpfs_hal/common/mss_plic.h **** uint8_t  PLIC_f2m_1_IRQHandler(void);
 172:/home/makro/softconsole_2022/led-hdmi-uart-switches/src/platform/mpfs_hal/common/mss_plic.h **** uint8_t  PLIC_f2m_2_IRQHandler(void);
 173:/home/makro/softconsole_2022/led-hdmi-uart-switches/src/platform/mpfs_hal/common/mss_plic.h **** uint8_t  PLIC_f2m_3_IRQHandler(void);
 174:/home/makro/softconsole_2022/led-hdmi-uart-switches/src/platform/mpfs_hal/common/mss_plic.h **** uint8_t  PLIC_f2m_4_IRQHandler(void);
 175:/home/makro/softconsole_2022/led-hdmi-uart-switches/src/platform/mpfs_hal/common/mss_plic.h **** uint8_t  PLIC_f2m_5_IRQHandler(void);
 176:/home/makro/softconsole_2022/led-hdmi-uart-switches/src/platform/mpfs_hal/common/mss_plic.h **** uint8_t  PLIC_f2m_6_IRQHandler(void);
 177:/home/makro/softconsole_2022/led-hdmi-uart-switches/src/platform/mpfs_hal/common/mss_plic.h **** uint8_t  PLIC_f2m_7_IRQHandler(void);
 178:/home/makro/softconsole_2022/led-hdmi-uart-switches/src/platform/mpfs_hal/common/mss_plic.h **** uint8_t  PLIC_f2m_8_IRQHandler(void);
 179:/home/makro/softconsole_2022/led-hdmi-uart-switches/src/platform/mpfs_hal/common/mss_plic.h **** uint8_t  PLIC_f2m_9_IRQHandler(void);
 180:/home/makro/softconsole_2022/led-hdmi-uart-switches/src/platform/mpfs_hal/common/mss_plic.h **** 
 181:/home/makro/softconsole_2022/led-hdmi-uart-switches/src/platform/mpfs_hal/common/mss_plic.h **** uint8_t  PLIC_f2m_10_IRQHandler(void);
 182:/home/makro/softconsole_2022/led-hdmi-uart-switches/src/platform/mpfs_hal/common/mss_plic.h **** uint8_t  PLIC_f2m_11_IRQHandler(void);
 183:/home/makro/softconsole_2022/led-hdmi-uart-switches/src/platform/mpfs_hal/common/mss_plic.h **** uint8_t  PLIC_f2m_12_IRQHandler(void);
 184:/home/makro/softconsole_2022/led-hdmi-uart-switches/src/platform/mpfs_hal/common/mss_plic.h **** uint8_t  PLIC_f2m_13_IRQHandler(void);
 185:/home/makro/softconsole_2022/led-hdmi-uart-switches/src/platform/mpfs_hal/common/mss_plic.h **** uint8_t  PLIC_f2m_14_IRQHandler(void);
 186:/home/makro/softconsole_2022/led-hdmi-uart-switches/src/platform/mpfs_hal/common/mss_plic.h **** uint8_t  PLIC_f2m_15_IRQHandler(void);
 187:/home/makro/softconsole_2022/led-hdmi-uart-switches/src/platform/mpfs_hal/common/mss_plic.h **** uint8_t  PLIC_f2m_16_IRQHandler(void);
 188:/home/makro/softconsole_2022/led-hdmi-uart-switches/src/platform/mpfs_hal/common/mss_plic.h **** uint8_t  PLIC_f2m_17_IRQHandler(void);
 189:/home/makro/softconsole_2022/led-hdmi-uart-switches/src/platform/mpfs_hal/common/mss_plic.h **** uint8_t  PLIC_f2m_18_IRQHandler(void);
 190:/home/makro/softconsole_2022/led-hdmi-uart-switches/src/platform/mpfs_hal/common/mss_plic.h **** uint8_t  PLIC_f2m_19_IRQHandler(void);
 191:/home/makro/softconsole_2022/led-hdmi-uart-switches/src/platform/mpfs_hal/common/mss_plic.h **** 
 192:/home/makro/softconsole_2022/led-hdmi-uart-switches/src/platform/mpfs_hal/common/mss_plic.h **** uint8_t  PLIC_f2m_20_IRQHandler(void);
 193:/home/makro/softconsole_2022/led-hdmi-uart-switches/src/platform/mpfs_hal/common/mss_plic.h **** uint8_t  PLIC_f2m_21_IRQHandler(void);
 194:/home/makro/softconsole_2022/led-hdmi-uart-switches/src/platform/mpfs_hal/common/mss_plic.h **** uint8_t  PLIC_f2m_22_IRQHandler(void);
 195:/home/makro/softconsole_2022/led-hdmi-uart-switches/src/platform/mpfs_hal/common/mss_plic.h **** uint8_t  PLIC_f2m_23_IRQHandler(void);
 196:/home/makro/softconsole_2022/led-hdmi-uart-switches/src/platform/mpfs_hal/common/mss_plic.h **** uint8_t  PLIC_f2m_24_IRQHandler(void);
 197:/home/makro/softconsole_2022/led-hdmi-uart-switches/src/platform/mpfs_hal/common/mss_plic.h **** uint8_t  PLIC_f2m_25_IRQHandler(void);
 198:/home/makro/softconsole_2022/led-hdmi-uart-switches/src/platform/mpfs_hal/common/mss_plic.h **** uint8_t  PLIC_f2m_26_IRQHandler(void);
 199:/home/makro/softconsole_2022/led-hdmi-uart-switches/src/platform/mpfs_hal/common/mss_plic.h **** uint8_t  PLIC_f2m_27_IRQHandler(void);
 200:/home/makro/softconsole_2022/led-hdmi-uart-switches/src/platform/mpfs_hal/common/mss_plic.h **** uint8_t  PLIC_f2m_28_IRQHandler(void);
 201:/home/makro/softconsole_2022/led-hdmi-uart-switches/src/platform/mpfs_hal/common/mss_plic.h **** uint8_t  PLIC_f2m_29_IRQHandler(void);
 202:/home/makro/softconsole_2022/led-hdmi-uart-switches/src/platform/mpfs_hal/common/mss_plic.h **** 
 203:/home/makro/softconsole_2022/led-hdmi-uart-switches/src/platform/mpfs_hal/common/mss_plic.h **** uint8_t  PLIC_f2m_30_IRQHandler(void);
 204:/home/makro/softconsole_2022/led-hdmi-uart-switches/src/platform/mpfs_hal/common/mss_plic.h **** uint8_t  PLIC_f2m_31_IRQHandler(void);
 205:/home/makro/softconsole_2022/led-hdmi-uart-switches/src/platform/mpfs_hal/common/mss_plic.h **** 
 206:/home/makro/softconsole_2022/led-hdmi-uart-switches/src/platform/mpfs_hal/common/mss_plic.h **** uint8_t  PLIC_f2m_32_IRQHandler(void);
 207:/home/makro/softconsole_2022/led-hdmi-uart-switches/src/platform/mpfs_hal/common/mss_plic.h **** uint8_t  PLIC_f2m_33_IRQHandler(void);
 208:/home/makro/softconsole_2022/led-hdmi-uart-switches/src/platform/mpfs_hal/common/mss_plic.h **** uint8_t  PLIC_f2m_34_IRQHandler(void);
 209:/home/makro/softconsole_2022/led-hdmi-uart-switches/src/platform/mpfs_hal/common/mss_plic.h **** uint8_t  PLIC_f2m_35_IRQHandler(void);
 210:/home/makro/softconsole_2022/led-hdmi-uart-switches/src/platform/mpfs_hal/common/mss_plic.h **** uint8_t  PLIC_f2m_36_IRQHandler(void);
 211:/home/makro/softconsole_2022/led-hdmi-uart-switches/src/platform/mpfs_hal/common/mss_plic.h **** uint8_t  PLIC_f2m_37_IRQHandler(void);
 212:/home/makro/softconsole_2022/led-hdmi-uart-switches/src/platform/mpfs_hal/common/mss_plic.h **** uint8_t  PLIC_f2m_38_IRQHandler(void);
 213:/home/makro/softconsole_2022/led-hdmi-uart-switches/src/platform/mpfs_hal/common/mss_plic.h **** uint8_t  PLIC_f2m_39_IRQHandler(void);
 214:/home/makro/softconsole_2022/led-hdmi-uart-switches/src/platform/mpfs_hal/common/mss_plic.h **** uint8_t  PLIC_f2m_40_IRQHandler(void);
 215:/home/makro/softconsole_2022/led-hdmi-uart-switches/src/platform/mpfs_hal/common/mss_plic.h **** uint8_t  PLIC_f2m_41_IRQHandler(void);
 216:/home/makro/softconsole_2022/led-hdmi-uart-switches/src/platform/mpfs_hal/common/mss_plic.h **** 
 217:/home/makro/softconsole_2022/led-hdmi-uart-switches/src/platform/mpfs_hal/common/mss_plic.h **** uint8_t PLIC_f2m_42_IRQHandler(void);
 218:/home/makro/softconsole_2022/led-hdmi-uart-switches/src/platform/mpfs_hal/common/mss_plic.h **** uint8_t PLIC_f2m_43_IRQHandler(void);
 219:/home/makro/softconsole_2022/led-hdmi-uart-switches/src/platform/mpfs_hal/common/mss_plic.h **** uint8_t PLIC_f2m_44_IRQHandler(void);
 220:/home/makro/softconsole_2022/led-hdmi-uart-switches/src/platform/mpfs_hal/common/mss_plic.h **** uint8_t PLIC_f2m_45_IRQHandler(void);
 221:/home/makro/softconsole_2022/led-hdmi-uart-switches/src/platform/mpfs_hal/common/mss_plic.h **** uint8_t PLIC_f2m_46_IRQHandler(void);
 222:/home/makro/softconsole_2022/led-hdmi-uart-switches/src/platform/mpfs_hal/common/mss_plic.h **** uint8_t PLIC_f2m_47_IRQHandler(void);
 223:/home/makro/softconsole_2022/led-hdmi-uart-switches/src/platform/mpfs_hal/common/mss_plic.h **** uint8_t PLIC_f2m_48_IRQHandler(void);
 224:/home/makro/softconsole_2022/led-hdmi-uart-switches/src/platform/mpfs_hal/common/mss_plic.h **** uint8_t PLIC_f2m_49_IRQHandler(void);
 225:/home/makro/softconsole_2022/led-hdmi-uart-switches/src/platform/mpfs_hal/common/mss_plic.h **** uint8_t PLIC_f2m_50_IRQHandler(void);
 226:/home/makro/softconsole_2022/led-hdmi-uart-switches/src/platform/mpfs_hal/common/mss_plic.h **** uint8_t PLIC_f2m_51_IRQHandler(void);
 227:/home/makro/softconsole_2022/led-hdmi-uart-switches/src/platform/mpfs_hal/common/mss_plic.h **** 
 228:/home/makro/softconsole_2022/led-hdmi-uart-switches/src/platform/mpfs_hal/common/mss_plic.h **** uint8_t PLIC_f2m_52_IRQHandler(void);
 229:/home/makro/softconsole_2022/led-hdmi-uart-switches/src/platform/mpfs_hal/common/mss_plic.h **** uint8_t PLIC_f2m_53_IRQHandler(void);
 230:/home/makro/softconsole_2022/led-hdmi-uart-switches/src/platform/mpfs_hal/common/mss_plic.h **** uint8_t PLIC_f2m_54_IRQHandler(void);
 231:/home/makro/softconsole_2022/led-hdmi-uart-switches/src/platform/mpfs_hal/common/mss_plic.h **** uint8_t PLIC_f2m_55_IRQHandler(void);
 232:/home/makro/softconsole_2022/led-hdmi-uart-switches/src/platform/mpfs_hal/common/mss_plic.h **** uint8_t PLIC_f2m_56_IRQHandler(void);
 233:/home/makro/softconsole_2022/led-hdmi-uart-switches/src/platform/mpfs_hal/common/mss_plic.h **** uint8_t PLIC_f2m_57_IRQHandler(void);
 234:/home/makro/softconsole_2022/led-hdmi-uart-switches/src/platform/mpfs_hal/common/mss_plic.h **** uint8_t PLIC_f2m_58_IRQHandler(void);
 235:/home/makro/softconsole_2022/led-hdmi-uart-switches/src/platform/mpfs_hal/common/mss_plic.h **** uint8_t PLIC_f2m_59_IRQHandler(void);
 236:/home/makro/softconsole_2022/led-hdmi-uart-switches/src/platform/mpfs_hal/common/mss_plic.h **** uint8_t PLIC_f2m_60_IRQHandler(void);
 237:/home/makro/softconsole_2022/led-hdmi-uart-switches/src/platform/mpfs_hal/common/mss_plic.h **** uint8_t PLIC_f2m_61_IRQHandler(void);
 238:/home/makro/softconsole_2022/led-hdmi-uart-switches/src/platform/mpfs_hal/common/mss_plic.h **** 
 239:/home/makro/softconsole_2022/led-hdmi-uart-switches/src/platform/mpfs_hal/common/mss_plic.h **** uint8_t PLIC_f2m_62_IRQHandler(void);
 240:/home/makro/softconsole_2022/led-hdmi-uart-switches/src/platform/mpfs_hal/common/mss_plic.h **** uint8_t PLIC_f2m_63_IRQHandler(void);
 241:/home/makro/softconsole_2022/led-hdmi-uart-switches/src/platform/mpfs_hal/common/mss_plic.h **** 
 242:/home/makro/softconsole_2022/led-hdmi-uart-switches/src/platform/mpfs_hal/common/mss_plic.h **** uint8_t PLIC_E51_bus_error_unit_IRQHandler(void);
 243:/home/makro/softconsole_2022/led-hdmi-uart-switches/src/platform/mpfs_hal/common/mss_plic.h **** uint8_t PLIC_U54_1_bus_error_unit_IRQHandler(void);
 244:/home/makro/softconsole_2022/led-hdmi-uart-switches/src/platform/mpfs_hal/common/mss_plic.h **** uint8_t PLIC_U54_2_bus_error_unit_IRQHandler(void);
 245:/home/makro/softconsole_2022/led-hdmi-uart-switches/src/platform/mpfs_hal/common/mss_plic.h **** uint8_t PLIC_U54_3_bus_error_unit_IRQHandler(void);
 246:/home/makro/softconsole_2022/led-hdmi-uart-switches/src/platform/mpfs_hal/common/mss_plic.h **** uint8_t PLIC_U54_4_bus_error_unit_IRQHandler(void);
 247:/home/makro/softconsole_2022/led-hdmi-uart-switches/src/platform/mpfs_hal/common/mss_plic.h **** 
 248:/home/makro/softconsole_2022/led-hdmi-uart-switches/src/platform/mpfs_hal/common/mss_plic.h **** /***************************************************************************//**
 249:/home/makro/softconsole_2022/led-hdmi-uart-switches/src/platform/mpfs_hal/common/mss_plic.h ****  * PLIC source Interrupt numbers:
 250:/home/makro/softconsole_2022/led-hdmi-uart-switches/src/platform/mpfs_hal/common/mss_plic.h ****  */
 251:/home/makro/softconsole_2022/led-hdmi-uart-switches/src/platform/mpfs_hal/common/mss_plic.h **** /* See section on PLIC Interrupt Sources in User Guide */
 252:/home/makro/softconsole_2022/led-hdmi-uart-switches/src/platform/mpfs_hal/common/mss_plic.h **** #define OFFSET_TO_MSS_GLOBAL_INTS 13U
 253:/home/makro/softconsole_2022/led-hdmi-uart-switches/src/platform/mpfs_hal/common/mss_plic.h **** typedef enum
 254:/home/makro/softconsole_2022/led-hdmi-uart-switches/src/platform/mpfs_hal/common/mss_plic.h **** {
 255:/home/makro/softconsole_2022/led-hdmi-uart-switches/src/platform/mpfs_hal/common/mss_plic.h ****     PLIC_INVALID_INT_OFFSET                 = 0,
 256:/home/makro/softconsole_2022/led-hdmi-uart-switches/src/platform/mpfs_hal/common/mss_plic.h ****     PLIC_L2_METADATA_CORR_INT_OFFSET        = 1,
 257:/home/makro/softconsole_2022/led-hdmi-uart-switches/src/platform/mpfs_hal/common/mss_plic.h ****     PLIC_L2_METADAT_UNCORR_INT_OFFSET       = 2,
 258:/home/makro/softconsole_2022/led-hdmi-uart-switches/src/platform/mpfs_hal/common/mss_plic.h ****     PLIC_L2_DATA_CORR_INT_OFFSET            = 3,
 259:/home/makro/softconsole_2022/led-hdmi-uart-switches/src/platform/mpfs_hal/common/mss_plic.h ****     PLIC_L2_DATA_UNCORR_INT_OFFSET          = 4,
 260:/home/makro/softconsole_2022/led-hdmi-uart-switches/src/platform/mpfs_hal/common/mss_plic.h ****     PLIC_DMA_CH0_DONE_INT_OFFSET            = 5,
 261:/home/makro/softconsole_2022/led-hdmi-uart-switches/src/platform/mpfs_hal/common/mss_plic.h ****     PLIC_DMA_CH0_ERR_INT_OFFSET             = 6,
 262:/home/makro/softconsole_2022/led-hdmi-uart-switches/src/platform/mpfs_hal/common/mss_plic.h ****     PLIC_DMA_CH1_DONE_INT_OFFSET            = 7,
 263:/home/makro/softconsole_2022/led-hdmi-uart-switches/src/platform/mpfs_hal/common/mss_plic.h ****     PLIC_DMA_CH1_ERR_INT_OFFSET             = 8,
 264:/home/makro/softconsole_2022/led-hdmi-uart-switches/src/platform/mpfs_hal/common/mss_plic.h ****     PLIC_DMA_CH2_DONE_INT_OFFSET            = 9,
 265:/home/makro/softconsole_2022/led-hdmi-uart-switches/src/platform/mpfs_hal/common/mss_plic.h ****     PLIC_DMA_CH2_ERR_INT_OFFSET             = 10,
 266:/home/makro/softconsole_2022/led-hdmi-uart-switches/src/platform/mpfs_hal/common/mss_plic.h ****     PLIC_DMA_CH3_DONE_INT_OFFSET            = 11,
 267:/home/makro/softconsole_2022/led-hdmi-uart-switches/src/platform/mpfs_hal/common/mss_plic.h ****     PLIC_DMA_CH3_ERR_INT_OFFSET             = 12,
 268:/home/makro/softconsole_2022/led-hdmi-uart-switches/src/platform/mpfs_hal/common/mss_plic.h ****     /* see PLIC_I2C Interrupt Multiplexing in the User Guide */
 269:/home/makro/softconsole_2022/led-hdmi-uart-switches/src/platform/mpfs_hal/common/mss_plic.h ****     PLIC_GPIO0_BIT0_or_GPIO2_BIT0_INT_OFFSET         = 0 + OFFSET_TO_MSS_GLOBAL_INTS,
 270:/home/makro/softconsole_2022/led-hdmi-uart-switches/src/platform/mpfs_hal/common/mss_plic.h ****     PLIC_GPIO0_BIT1_or_GPIO2_BIT1_INT_OFFSET         = 1 + OFFSET_TO_MSS_GLOBAL_INTS,
 271:/home/makro/softconsole_2022/led-hdmi-uart-switches/src/platform/mpfs_hal/common/mss_plic.h ****     PLIC_GPIO0_BIT2_or_GPIO2_BIT2_INT_OFFSET         = 2 + OFFSET_TO_MSS_GLOBAL_INTS,
 272:/home/makro/softconsole_2022/led-hdmi-uart-switches/src/platform/mpfs_hal/common/mss_plic.h ****     PLIC_GPIO0_BIT3_or_GPIO2_BIT3_INT_OFFSET         = 3 + OFFSET_TO_MSS_GLOBAL_INTS,
 273:/home/makro/softconsole_2022/led-hdmi-uart-switches/src/platform/mpfs_hal/common/mss_plic.h ****     PLIC_GPIO0_BIT4_or_GPIO2_BIT4_INT_OFFSET         = 4 + OFFSET_TO_MSS_GLOBAL_INTS,
 274:/home/makro/softconsole_2022/led-hdmi-uart-switches/src/platform/mpfs_hal/common/mss_plic.h ****     PLIC_GPIO0_BIT5_or_GPIO2_BIT5_INT_OFFSET         = 5 + OFFSET_TO_MSS_GLOBAL_INTS,
 275:/home/makro/softconsole_2022/led-hdmi-uart-switches/src/platform/mpfs_hal/common/mss_plic.h ****     PLIC_GPIO0_BIT6_or_GPIO2_BIT6_INT_OFFSET         = 6 + OFFSET_TO_MSS_GLOBAL_INTS,
 276:/home/makro/softconsole_2022/led-hdmi-uart-switches/src/platform/mpfs_hal/common/mss_plic.h ****     PLIC_GPIO0_BIT7_or_GPIO2_BIT7_INT_OFFSET         = 7 + OFFSET_TO_MSS_GLOBAL_INTS,
 277:/home/makro/softconsole_2022/led-hdmi-uart-switches/src/platform/mpfs_hal/common/mss_plic.h ****     PLIC_GPIO0_BIT8_or_GPIO2_BIT8_INT_OFFSET         = 8 + OFFSET_TO_MSS_GLOBAL_INTS,
 278:/home/makro/softconsole_2022/led-hdmi-uart-switches/src/platform/mpfs_hal/common/mss_plic.h ****     PLIC_GPIO0_BIT9_or_GPIO2_BIT9_INT_OFFSET         = 9 + OFFSET_TO_MSS_GLOBAL_INTS,
 279:/home/makro/softconsole_2022/led-hdmi-uart-switches/src/platform/mpfs_hal/common/mss_plic.h ****     PLIC_GPIO0_BIT10_or_GPIO2_BIT10_INT_OFFSET      = 10 + OFFSET_TO_MSS_GLOBAL_INTS,
 280:/home/makro/softconsole_2022/led-hdmi-uart-switches/src/platform/mpfs_hal/common/mss_plic.h ****     PLIC_GPIO0_BIT11_or_GPIO2_BIT11_INT_OFFSET      = 11 + OFFSET_TO_MSS_GLOBAL_INTS,
 281:/home/makro/softconsole_2022/led-hdmi-uart-switches/src/platform/mpfs_hal/common/mss_plic.h ****     PLIC_GPIO0_BIT12_or_GPIO2_BIT12_INT_OFFSET      = 12 + OFFSET_TO_MSS_GLOBAL_INTS,
 282:/home/makro/softconsole_2022/led-hdmi-uart-switches/src/platform/mpfs_hal/common/mss_plic.h **** 
 283:/home/makro/softconsole_2022/led-hdmi-uart-switches/src/platform/mpfs_hal/common/mss_plic.h ****     PLIC_GPIO0_BIT13_or_GPIO2_BIT13_INT_OFFSET      = 13 + OFFSET_TO_MSS_GLOBAL_INTS,
 284:/home/makro/softconsole_2022/led-hdmi-uart-switches/src/platform/mpfs_hal/common/mss_plic.h ****     PLIC_GPIO1_BIT0_or_GPIO2_BIT14_INT_OFFSET       = 14 + OFFSET_TO_MSS_GLOBAL_INTS,
 285:/home/makro/softconsole_2022/led-hdmi-uart-switches/src/platform/mpfs_hal/common/mss_plic.h ****     PLIC_GPIO1_BIT1_or_GPIO2_BIT15_INT_OFFSET       = 15 + OFFSET_TO_MSS_GLOBAL_INTS,
 286:/home/makro/softconsole_2022/led-hdmi-uart-switches/src/platform/mpfs_hal/common/mss_plic.h ****     PLIC_GPIO1_BIT2_or_GPIO2_BIT16_INT_OFFSET       = 16 + OFFSET_TO_MSS_GLOBAL_INTS,
 287:/home/makro/softconsole_2022/led-hdmi-uart-switches/src/platform/mpfs_hal/common/mss_plic.h ****     PLIC_GPIO1_BIT3_or_GPIO2_BIT17_INT_OFFSET       = 17 + OFFSET_TO_MSS_GLOBAL_INTS,
 288:/home/makro/softconsole_2022/led-hdmi-uart-switches/src/platform/mpfs_hal/common/mss_plic.h ****     PLIC_GPIO1_BIT4_or_GPIO2_BIT18_INT_OFFSET       = 18 + OFFSET_TO_MSS_GLOBAL_INTS,
 289:/home/makro/softconsole_2022/led-hdmi-uart-switches/src/platform/mpfs_hal/common/mss_plic.h ****     PLIC_GPIO1_BIT5_or_GPIO2_BIT19_INT_OFFSET       = 19 + OFFSET_TO_MSS_GLOBAL_INTS,
 290:/home/makro/softconsole_2022/led-hdmi-uart-switches/src/platform/mpfs_hal/common/mss_plic.h ****     PLIC_GPIO1_BIT6_or_GPIO2_BIT20_INT_OFFSET       = 20 + OFFSET_TO_MSS_GLOBAL_INTS,
 291:/home/makro/softconsole_2022/led-hdmi-uart-switches/src/platform/mpfs_hal/common/mss_plic.h ****     PLIC_GPIO1_BIT7_or_GPIO2_BIT21_INT_OFFSET       = 21 + OFFSET_TO_MSS_GLOBAL_INTS,
 292:/home/makro/softconsole_2022/led-hdmi-uart-switches/src/platform/mpfs_hal/common/mss_plic.h ****     PLIC_GPIO1_BIT8_or_GPIO2_BIT22_INT_OFFSET       = 22 + OFFSET_TO_MSS_GLOBAL_INTS,
 293:/home/makro/softconsole_2022/led-hdmi-uart-switches/src/platform/mpfs_hal/common/mss_plic.h ****     PLIC_GPIO1_BIT9_or_GPIO2_BIT23_INT_OFFSET       = 23 + OFFSET_TO_MSS_GLOBAL_INTS,
 294:/home/makro/softconsole_2022/led-hdmi-uart-switches/src/platform/mpfs_hal/common/mss_plic.h ****     PLIC_GPIO1_BIT10_or_GPIO2_BIT24_INT_OFFSET      = 24 + OFFSET_TO_MSS_GLOBAL_INTS,
 295:/home/makro/softconsole_2022/led-hdmi-uart-switches/src/platform/mpfs_hal/common/mss_plic.h ****     PLIC_GPIO1_BIT11_or_GPIO2_BIT25_INT_OFFSET      = 25 + OFFSET_TO_MSS_GLOBAL_INTS,
 296:/home/makro/softconsole_2022/led-hdmi-uart-switches/src/platform/mpfs_hal/common/mss_plic.h ****     PLIC_GPIO1_BIT12_or_GPIO2_BIT26_INT_OFFSET      = 26 + OFFSET_TO_MSS_GLOBAL_INTS,
 297:/home/makro/softconsole_2022/led-hdmi-uart-switches/src/platform/mpfs_hal/common/mss_plic.h ****     PLIC_GPIO1_BIT13_or_GPIO2_BIT27_INT_OFFSET      = 27 + OFFSET_TO_MSS_GLOBAL_INTS,
 298:/home/makro/softconsole_2022/led-hdmi-uart-switches/src/platform/mpfs_hal/common/mss_plic.h **** 
 299:/home/makro/softconsole_2022/led-hdmi-uart-switches/src/platform/mpfs_hal/common/mss_plic.h ****     PLIC_GPIO1_BIT14_or_GPIO2_BIT28_INT_OFFSET       = 28 + OFFSET_TO_MSS_GLOBAL_INTS,
 300:/home/makro/softconsole_2022/led-hdmi-uart-switches/src/platform/mpfs_hal/common/mss_plic.h ****     PLIC_GPIO1_BIT15_or_GPIO2_BIT29_INT_OFFSET       = 29 + OFFSET_TO_MSS_GLOBAL_INTS,
 301:/home/makro/softconsole_2022/led-hdmi-uart-switches/src/platform/mpfs_hal/common/mss_plic.h ****     PLIC_GPIO1_BIT16_or_GPIO2_BIT30_INT_OFFSET       = 30 + OFFSET_TO_MSS_GLOBAL_INTS,
 302:/home/makro/softconsole_2022/led-hdmi-uart-switches/src/platform/mpfs_hal/common/mss_plic.h ****     PLIC_GPIO1_BIT17_or_GPIO2_BIT31_INT_OFFSET       = 31 + OFFSET_TO_MSS_GLOBAL_INTS,
 303:/home/makro/softconsole_2022/led-hdmi-uart-switches/src/platform/mpfs_hal/common/mss_plic.h **** 
 304:/home/makro/softconsole_2022/led-hdmi-uart-switches/src/platform/mpfs_hal/common/mss_plic.h ****     PLIC_GPIO1_BIT18_INT_OFFSET           = 32 + OFFSET_TO_MSS_GLOBAL_INTS,
 305:/home/makro/softconsole_2022/led-hdmi-uart-switches/src/platform/mpfs_hal/common/mss_plic.h ****     PLIC_GPIO1_BIT19_INT_OFFSET           = 33 + OFFSET_TO_MSS_GLOBAL_INTS,
 306:/home/makro/softconsole_2022/led-hdmi-uart-switches/src/platform/mpfs_hal/common/mss_plic.h ****     PLIC_GPIO1_BIT20_INT_OFFSET           = 34 + OFFSET_TO_MSS_GLOBAL_INTS,
 307:/home/makro/softconsole_2022/led-hdmi-uart-switches/src/platform/mpfs_hal/common/mss_plic.h ****     PLIC_GPIO1_BIT21_INT_OFFSET           = 35 + OFFSET_TO_MSS_GLOBAL_INTS,
 308:/home/makro/softconsole_2022/led-hdmi-uart-switches/src/platform/mpfs_hal/common/mss_plic.h ****     PLIC_GPIO1_BIT22_INT_OFFSET           = 36 + OFFSET_TO_MSS_GLOBAL_INTS,
 309:/home/makro/softconsole_2022/led-hdmi-uart-switches/src/platform/mpfs_hal/common/mss_plic.h ****     PLIC_GPIO1_BIT23_INT_OFFSET           = 37 + OFFSET_TO_MSS_GLOBAL_INTS,
 310:/home/makro/softconsole_2022/led-hdmi-uart-switches/src/platform/mpfs_hal/common/mss_plic.h **** 
 311:/home/makro/softconsole_2022/led-hdmi-uart-switches/src/platform/mpfs_hal/common/mss_plic.h ****     PLIC_GPIO0_NON_DIRECT_INT_OFFSET         = 38 + OFFSET_TO_MSS_GLOBAL_INTS,
 312:/home/makro/softconsole_2022/led-hdmi-uart-switches/src/platform/mpfs_hal/common/mss_plic.h ****     PLIC_GPIO1_NON_DIRECT_INT_OFFSET         = 39 + OFFSET_TO_MSS_GLOBAL_INTS,
 313:/home/makro/softconsole_2022/led-hdmi-uart-switches/src/platform/mpfs_hal/common/mss_plic.h ****     PLIC_GPIO2_NON_DIRECT_INT_OFFSET         = 40 + OFFSET_TO_MSS_GLOBAL_INTS,
 314:/home/makro/softconsole_2022/led-hdmi-uart-switches/src/platform/mpfs_hal/common/mss_plic.h **** 
 315:/home/makro/softconsole_2022/led-hdmi-uart-switches/src/platform/mpfs_hal/common/mss_plic.h ****     PLIC_SPI0_INT_OFFSET                    = 41 + OFFSET_TO_MSS_GLOBAL_INTS,
 316:/home/makro/softconsole_2022/led-hdmi-uart-switches/src/platform/mpfs_hal/common/mss_plic.h ****     PLIC_SPI1_INT_OFFSET                    = 42 + OFFSET_TO_MSS_GLOBAL_INTS,
 317:/home/makro/softconsole_2022/led-hdmi-uart-switches/src/platform/mpfs_hal/common/mss_plic.h ****     PLIC_CAN0_INT_OFFSET                    = 43 + OFFSET_TO_MSS_GLOBAL_INTS,
 318:/home/makro/softconsole_2022/led-hdmi-uart-switches/src/platform/mpfs_hal/common/mss_plic.h ****     PLIC_CAN1_INT_OFFSET                    = 44 + OFFSET_TO_MSS_GLOBAL_INTS,
 319:/home/makro/softconsole_2022/led-hdmi-uart-switches/src/platform/mpfs_hal/common/mss_plic.h ****     PLIC_I2C0_MAIN_INT_OFFSET               = 45 + OFFSET_TO_MSS_GLOBAL_INTS,
 320:/home/makro/softconsole_2022/led-hdmi-uart-switches/src/platform/mpfs_hal/common/mss_plic.h ****     PLIC_I2C0_ALERT_INT_OFFSET              = 46 + OFFSET_TO_MSS_GLOBAL_INTS,
 321:/home/makro/softconsole_2022/led-hdmi-uart-switches/src/platform/mpfs_hal/common/mss_plic.h ****     PLIC_I2C0_SUS_INT_OFFSET                = 47 + OFFSET_TO_MSS_GLOBAL_INTS,
 322:/home/makro/softconsole_2022/led-hdmi-uart-switches/src/platform/mpfs_hal/common/mss_plic.h ****     PLIC_I2C1_MAIN_INT_OFFSET               = 48 + OFFSET_TO_MSS_GLOBAL_INTS,
 323:/home/makro/softconsole_2022/led-hdmi-uart-switches/src/platform/mpfs_hal/common/mss_plic.h ****     PLIC_I2C1_ALERT_INT_OFFSET              = 49 + OFFSET_TO_MSS_GLOBAL_INTS,
 324:/home/makro/softconsole_2022/led-hdmi-uart-switches/src/platform/mpfs_hal/common/mss_plic.h ****     PLIC_I2C1_SUS_INT_OFFSET                = 50 + OFFSET_TO_MSS_GLOBAL_INTS,
 325:/home/makro/softconsole_2022/led-hdmi-uart-switches/src/platform/mpfs_hal/common/mss_plic.h ****     PLIC_MAC0_INT_INT_OFFSET                = 51 + OFFSET_TO_MSS_GLOBAL_INTS,
 326:/home/makro/softconsole_2022/led-hdmi-uart-switches/src/platform/mpfs_hal/common/mss_plic.h ****     PLIC_MAC0_QUEUE1_INT_OFFSET             = 52 + OFFSET_TO_MSS_GLOBAL_INTS,
 327:/home/makro/softconsole_2022/led-hdmi-uart-switches/src/platform/mpfs_hal/common/mss_plic.h ****     PLIC_MAC0_QUEUE2_INT_OFFSET             = 53 + OFFSET_TO_MSS_GLOBAL_INTS,
 328:/home/makro/softconsole_2022/led-hdmi-uart-switches/src/platform/mpfs_hal/common/mss_plic.h ****     PLIC_MAC0_QUEUE3_INT_OFFSET             = 54 + OFFSET_TO_MSS_GLOBAL_INTS,
 329:/home/makro/softconsole_2022/led-hdmi-uart-switches/src/platform/mpfs_hal/common/mss_plic.h ****     PLIC_MAC0_EMAC_INT_OFFSET               = 55 + OFFSET_TO_MSS_GLOBAL_INTS,
 330:/home/makro/softconsole_2022/led-hdmi-uart-switches/src/platform/mpfs_hal/common/mss_plic.h ****     PLIC_MAC0_MMSL_INT_OFFSET               = 56 + OFFSET_TO_MSS_GLOBAL_INTS,
 331:/home/makro/softconsole_2022/led-hdmi-uart-switches/src/platform/mpfs_hal/common/mss_plic.h ****     PLIC_MAC1_INT_INT_OFFSET                = 57 + OFFSET_TO_MSS_GLOBAL_INTS,
 332:/home/makro/softconsole_2022/led-hdmi-uart-switches/src/platform/mpfs_hal/common/mss_plic.h ****     PLIC_MAC1_QUEUE1_INT_OFFSET             = 58 + OFFSET_TO_MSS_GLOBAL_INTS,
 333:/home/makro/softconsole_2022/led-hdmi-uart-switches/src/platform/mpfs_hal/common/mss_plic.h ****     PLIC_MAC1_QUEUE2_INT_OFFSET             = 59 + OFFSET_TO_MSS_GLOBAL_INTS,
 334:/home/makro/softconsole_2022/led-hdmi-uart-switches/src/platform/mpfs_hal/common/mss_plic.h ****     PLIC_MAC1_QUEUE3_INT_OFFSET             = 60 + OFFSET_TO_MSS_GLOBAL_INTS,
 335:/home/makro/softconsole_2022/led-hdmi-uart-switches/src/platform/mpfs_hal/common/mss_plic.h ****     PLIC_MAC1_EMAC_INT_OFFSET               = 61 + OFFSET_TO_MSS_GLOBAL_INTS,
 336:/home/makro/softconsole_2022/led-hdmi-uart-switches/src/platform/mpfs_hal/common/mss_plic.h ****     PLIC_MAC1_MMSL_INT_OFFSET               = 62 + OFFSET_TO_MSS_GLOBAL_INTS,
 337:/home/makro/softconsole_2022/led-hdmi-uart-switches/src/platform/mpfs_hal/common/mss_plic.h ****     PLIC_DDRC_TRAIN_INT_OFFSET              = 63 + OFFSET_TO_MSS_GLOBAL_INTS,
 338:/home/makro/softconsole_2022/led-hdmi-uart-switches/src/platform/mpfs_hal/common/mss_plic.h ****     PLIC_SCB_INTERRUPT_INT_OFFSET           = 64 + OFFSET_TO_MSS_GLOBAL_INTS,
 339:/home/makro/softconsole_2022/led-hdmi-uart-switches/src/platform/mpfs_hal/common/mss_plic.h ****     PLIC_ECC_ERROR_INT_OFFSET               = 65 + OFFSET_TO_MSS_GLOBAL_INTS,
 340:/home/makro/softconsole_2022/led-hdmi-uart-switches/src/platform/mpfs_hal/common/mss_plic.h ****     PLIC_ECC_CORRECT_INT_OFFSET             = 66 + OFFSET_TO_MSS_GLOBAL_INTS,
 341:/home/makro/softconsole_2022/led-hdmi-uart-switches/src/platform/mpfs_hal/common/mss_plic.h ****     PLIC_RTC_WAKEUP_INT_OFFSET              = 67 + OFFSET_TO_MSS_GLOBAL_INTS,
 342:/home/makro/softconsole_2022/led-hdmi-uart-switches/src/platform/mpfs_hal/common/mss_plic.h ****     PLIC_RTC_MATCH_INT_OFFSET               = 68 + OFFSET_TO_MSS_GLOBAL_INTS,
 343:/home/makro/softconsole_2022/led-hdmi-uart-switches/src/platform/mpfs_hal/common/mss_plic.h ****     PLIC_TIMER1_INT_OFFSET                  = 69 + OFFSET_TO_MSS_GLOBAL_INTS,
 344:/home/makro/softconsole_2022/led-hdmi-uart-switches/src/platform/mpfs_hal/common/mss_plic.h ****     PLIC_TIMER2_INT_OFFSET                  = 70 + OFFSET_TO_MSS_GLOBAL_INTS,
 345:/home/makro/softconsole_2022/led-hdmi-uart-switches/src/platform/mpfs_hal/common/mss_plic.h ****     PLIC_ENVM_INT_OFFSET                    = 71 + OFFSET_TO_MSS_GLOBAL_INTS,
 346:/home/makro/softconsole_2022/led-hdmi-uart-switches/src/platform/mpfs_hal/common/mss_plic.h ****     PLIC_QSPI_INT_OFFSET                    = 72 + OFFSET_TO_MSS_GLOBAL_INTS,
 347:/home/makro/softconsole_2022/led-hdmi-uart-switches/src/platform/mpfs_hal/common/mss_plic.h ****     PLIC_USB_DMA_INT_OFFSET                 = 73 + OFFSET_TO_MSS_GLOBAL_INTS,
 348:/home/makro/softconsole_2022/led-hdmi-uart-switches/src/platform/mpfs_hal/common/mss_plic.h ****     PLIC_USB_MC_INT_OFFSET                  = 74 + OFFSET_TO_MSS_GLOBAL_INTS,
 349:/home/makro/softconsole_2022/led-hdmi-uart-switches/src/platform/mpfs_hal/common/mss_plic.h ****     PLIC_MMC_main_INT_OFFSET                = 75 + OFFSET_TO_MSS_GLOBAL_INTS,
 350:/home/makro/softconsole_2022/led-hdmi-uart-switches/src/platform/mpfs_hal/common/mss_plic.h ****     PLIC_MMC_wakeup_INT_OFFSET              = 76 + OFFSET_TO_MSS_GLOBAL_INTS,
 351:/home/makro/softconsole_2022/led-hdmi-uart-switches/src/platform/mpfs_hal/common/mss_plic.h ****     PLIC_MMUART0_INT_OFFSET                 = 77 + OFFSET_TO_MSS_GLOBAL_INTS,
 352:/home/makro/softconsole_2022/led-hdmi-uart-switches/src/platform/mpfs_hal/common/mss_plic.h ****     PLIC_MMUART1_INT_OFFSET                 = 78 + OFFSET_TO_MSS_GLOBAL_INTS,
 353:/home/makro/softconsole_2022/led-hdmi-uart-switches/src/platform/mpfs_hal/common/mss_plic.h ****     PLIC_MMUART2_INT_OFFSET                 = 79 + OFFSET_TO_MSS_GLOBAL_INTS,
 354:/home/makro/softconsole_2022/led-hdmi-uart-switches/src/platform/mpfs_hal/common/mss_plic.h ****     PLIC_MMUART3_INT_OFFSET                 = 80 + OFFSET_TO_MSS_GLOBAL_INTS,
 355:/home/makro/softconsole_2022/led-hdmi-uart-switches/src/platform/mpfs_hal/common/mss_plic.h ****     PLIC_MMUART4_INT_OFFSET                 = 81 + OFFSET_TO_MSS_GLOBAL_INTS,
 356:/home/makro/softconsole_2022/led-hdmi-uart-switches/src/platform/mpfs_hal/common/mss_plic.h **** 
 357:/home/makro/softconsole_2022/led-hdmi-uart-switches/src/platform/mpfs_hal/common/mss_plic.h ****     G5C_DEVRST_INT_OFFSET              = 82 + OFFSET_TO_MSS_GLOBAL_INTS,
 358:/home/makro/softconsole_2022/led-hdmi-uart-switches/src/platform/mpfs_hal/common/mss_plic.h ****     g5c_MESSAGE_INT_OFFSET             = 83 + OFFSET_TO_MSS_GLOBAL_INTS,
 359:/home/makro/softconsole_2022/led-hdmi-uart-switches/src/platform/mpfs_hal/common/mss_plic.h ****     USOC_VC_INTERRUPT_INT_OFFSET       = 84 + OFFSET_TO_MSS_GLOBAL_INTS,
 360:/home/makro/softconsole_2022/led-hdmi-uart-switches/src/platform/mpfs_hal/common/mss_plic.h ****     USOC_SMB_INTERRUPT_INT_OFFSET      = 85 + OFFSET_TO_MSS_GLOBAL_INTS,
 361:/home/makro/softconsole_2022/led-hdmi-uart-switches/src/platform/mpfs_hal/common/mss_plic.h ****     /* contains multiple interrupts- */
 362:/home/makro/softconsole_2022/led-hdmi-uart-switches/src/platform/mpfs_hal/common/mss_plic.h ****     E51_0_MAINTENACE_INT_OFFSET        = 86 + OFFSET_TO_MSS_GLOBAL_INTS,
 363:/home/makro/softconsole_2022/led-hdmi-uart-switches/src/platform/mpfs_hal/common/mss_plic.h **** 
 364:/home/makro/softconsole_2022/led-hdmi-uart-switches/src/platform/mpfs_hal/common/mss_plic.h ****     PLIC_WDOG0_MRVP_INT_OFFSET              = 87 + OFFSET_TO_MSS_GLOBAL_INTS,
 365:/home/makro/softconsole_2022/led-hdmi-uart-switches/src/platform/mpfs_hal/common/mss_plic.h ****     PLIC_WDOG1_MRVP_INT_OFFSET              = 88 + OFFSET_TO_MSS_GLOBAL_INTS,
 366:/home/makro/softconsole_2022/led-hdmi-uart-switches/src/platform/mpfs_hal/common/mss_plic.h ****     PLIC_WDOG2_MRVP_INT_OFFSET              = 89 + OFFSET_TO_MSS_GLOBAL_INTS,
 367:/home/makro/softconsole_2022/led-hdmi-uart-switches/src/platform/mpfs_hal/common/mss_plic.h ****     PLIC_WDOG3_MRVP_INT_OFFSET              = 90 + OFFSET_TO_MSS_GLOBAL_INTS,
 368:/home/makro/softconsole_2022/led-hdmi-uart-switches/src/platform/mpfs_hal/common/mss_plic.h ****     PLIC_WDOG4_MRVP_INT_OFFSET              = 91 + OFFSET_TO_MSS_GLOBAL_INTS,
 369:/home/makro/softconsole_2022/led-hdmi-uart-switches/src/platform/mpfs_hal/common/mss_plic.h ****     PLIC_WDOG0_TOUT_INT_OFFSET              = 92 + OFFSET_TO_MSS_GLOBAL_INTS,
 370:/home/makro/softconsole_2022/led-hdmi-uart-switches/src/platform/mpfs_hal/common/mss_plic.h ****     PLIC_WDOG1_TOUT_INT_OFFSET              = 93 + OFFSET_TO_MSS_GLOBAL_INTS,
 371:/home/makro/softconsole_2022/led-hdmi-uart-switches/src/platform/mpfs_hal/common/mss_plic.h ****     PLIC_WDOG2_TOUT_INT_OFFSET              = 94 + OFFSET_TO_MSS_GLOBAL_INTS,
 372:/home/makro/softconsole_2022/led-hdmi-uart-switches/src/platform/mpfs_hal/common/mss_plic.h ****     PLIC_WDOG3_TOUT_INT_OFFSET              = 95 + OFFSET_TO_MSS_GLOBAL_INTS,
 373:/home/makro/softconsole_2022/led-hdmi-uart-switches/src/platform/mpfs_hal/common/mss_plic.h ****     PLIC_WDOG4_TOUT_INT_OFFSET              = 96 + OFFSET_TO_MSS_GLOBAL_INTS,
 374:/home/makro/softconsole_2022/led-hdmi-uart-switches/src/platform/mpfs_hal/common/mss_plic.h ****     G5C_MSS_SPI_INT_OFFSET             = 97 + OFFSET_TO_MSS_GLOBAL_INTS,
 375:/home/makro/softconsole_2022/led-hdmi-uart-switches/src/platform/mpfs_hal/common/mss_plic.h ****     VOLT_TEMP_ALARM_INT_OFFSET         = 98 + OFFSET_TO_MSS_GLOBAL_INTS,
 376:/home/makro/softconsole_2022/led-hdmi-uart-switches/src/platform/mpfs_hal/common/mss_plic.h ****     ATHENA_COMPLETE_INT_OFFSET         = 99 + OFFSET_TO_MSS_GLOBAL_INTS,
 377:/home/makro/softconsole_2022/led-hdmi-uart-switches/src/platform/mpfs_hal/common/mss_plic.h ****     ATHENA_ALARM_INT_OFFSET            = 100 + OFFSET_TO_MSS_GLOBAL_INTS,
 378:/home/makro/softconsole_2022/led-hdmi-uart-switches/src/platform/mpfs_hal/common/mss_plic.h ****     ATHENA_BUS_ERROR_INT_OFFSET        = 101 + OFFSET_TO_MSS_GLOBAL_INTS,
 379:/home/makro/softconsole_2022/led-hdmi-uart-switches/src/platform/mpfs_hal/common/mss_plic.h ****     USOC_AXIC_US_INT_OFFSET            = 102 + OFFSET_TO_MSS_GLOBAL_INTS,
 380:/home/makro/softconsole_2022/led-hdmi-uart-switches/src/platform/mpfs_hal/common/mss_plic.h ****     USOC_AXIC_DS_INT_OFFSET            = 103 + OFFSET_TO_MSS_GLOBAL_INTS,
 381:/home/makro/softconsole_2022/led-hdmi-uart-switches/src/platform/mpfs_hal/common/mss_plic.h **** 
 382:/home/makro/softconsole_2022/led-hdmi-uart-switches/src/platform/mpfs_hal/common/mss_plic.h ****     PLIC_F2M_0_INT_OFFSET            = 105 + OFFSET_TO_MSS_GLOBAL_INTS,
 383:/home/makro/softconsole_2022/led-hdmi-uart-switches/src/platform/mpfs_hal/common/mss_plic.h ****     PLIC_F2M_1_INT_OFFSET            = 106 + OFFSET_TO_MSS_GLOBAL_INTS,
 384:/home/makro/softconsole_2022/led-hdmi-uart-switches/src/platform/mpfs_hal/common/mss_plic.h ****     PLIC_F2M_2_INT_OFFSET            = 107 + OFFSET_TO_MSS_GLOBAL_INTS,
 385:/home/makro/softconsole_2022/led-hdmi-uart-switches/src/platform/mpfs_hal/common/mss_plic.h ****     PLIC_F2M_3_INT_OFFSET            = 108 + OFFSET_TO_MSS_GLOBAL_INTS,
 386:/home/makro/softconsole_2022/led-hdmi-uart-switches/src/platform/mpfs_hal/common/mss_plic.h ****     PLIC_F2M_4_INT_OFFSET            = 109 + OFFSET_TO_MSS_GLOBAL_INTS,
 387:/home/makro/softconsole_2022/led-hdmi-uart-switches/src/platform/mpfs_hal/common/mss_plic.h ****     PLIC_F2M_5_INT_OFFSET            = 110 + OFFSET_TO_MSS_GLOBAL_INTS,
 388:/home/makro/softconsole_2022/led-hdmi-uart-switches/src/platform/mpfs_hal/common/mss_plic.h ****     PLIC_F2M_6_INT_OFFSET            = 111 + OFFSET_TO_MSS_GLOBAL_INTS,
 389:/home/makro/softconsole_2022/led-hdmi-uart-switches/src/platform/mpfs_hal/common/mss_plic.h ****     PLIC_F2M_7_INT_OFFSET            = 112 + OFFSET_TO_MSS_GLOBAL_INTS,
 390:/home/makro/softconsole_2022/led-hdmi-uart-switches/src/platform/mpfs_hal/common/mss_plic.h ****     PLIC_F2M_8_INT_OFFSET            = 113 + OFFSET_TO_MSS_GLOBAL_INTS,
 391:/home/makro/softconsole_2022/led-hdmi-uart-switches/src/platform/mpfs_hal/common/mss_plic.h ****     PLIC_F2M_9_INT_OFFSET            = 114 + OFFSET_TO_MSS_GLOBAL_INTS,
 392:/home/makro/softconsole_2022/led-hdmi-uart-switches/src/platform/mpfs_hal/common/mss_plic.h **** 
 393:/home/makro/softconsole_2022/led-hdmi-uart-switches/src/platform/mpfs_hal/common/mss_plic.h ****     PLIC_F2M_10_INT_OFFSET           = 115 + OFFSET_TO_MSS_GLOBAL_INTS,
 394:/home/makro/softconsole_2022/led-hdmi-uart-switches/src/platform/mpfs_hal/common/mss_plic.h ****     PLIC_F2M_11_INT_OFFSET           = 116 + OFFSET_TO_MSS_GLOBAL_INTS,
 395:/home/makro/softconsole_2022/led-hdmi-uart-switches/src/platform/mpfs_hal/common/mss_plic.h ****     PLIC_F2M_12_INT_OFFSET           = 117 + OFFSET_TO_MSS_GLOBAL_INTS,
 396:/home/makro/softconsole_2022/led-hdmi-uart-switches/src/platform/mpfs_hal/common/mss_plic.h ****     PLIC_F2M_13_INT_OFFSET           = 118 + OFFSET_TO_MSS_GLOBAL_INTS,
 397:/home/makro/softconsole_2022/led-hdmi-uart-switches/src/platform/mpfs_hal/common/mss_plic.h ****     PLIC_F2M_14_INT_OFFSET           = 119 + OFFSET_TO_MSS_GLOBAL_INTS,
 398:/home/makro/softconsole_2022/led-hdmi-uart-switches/src/platform/mpfs_hal/common/mss_plic.h ****     PLIC_F2M_15_INT_OFFSET           = 120 + OFFSET_TO_MSS_GLOBAL_INTS,
 399:/home/makro/softconsole_2022/led-hdmi-uart-switches/src/platform/mpfs_hal/common/mss_plic.h ****     PLIC_F2M_16_INT_OFFSET           = 121 + OFFSET_TO_MSS_GLOBAL_INTS,
 400:/home/makro/softconsole_2022/led-hdmi-uart-switches/src/platform/mpfs_hal/common/mss_plic.h ****     PLIC_F2M_17_INT_OFFSET           = 122 + OFFSET_TO_MSS_GLOBAL_INTS,
 401:/home/makro/softconsole_2022/led-hdmi-uart-switches/src/platform/mpfs_hal/common/mss_plic.h ****     PLIC_F2M_18_INT_OFFSET           = 123 + OFFSET_TO_MSS_GLOBAL_INTS,
 402:/home/makro/softconsole_2022/led-hdmi-uart-switches/src/platform/mpfs_hal/common/mss_plic.h ****     PLIC_F2M_19_INT_OFFSET           = 124 + OFFSET_TO_MSS_GLOBAL_INTS,
 403:/home/makro/softconsole_2022/led-hdmi-uart-switches/src/platform/mpfs_hal/common/mss_plic.h **** 
 404:/home/makro/softconsole_2022/led-hdmi-uart-switches/src/platform/mpfs_hal/common/mss_plic.h ****     PLIC_F2M_20_INT_OFFSET           = 125 + OFFSET_TO_MSS_GLOBAL_INTS,
 405:/home/makro/softconsole_2022/led-hdmi-uart-switches/src/platform/mpfs_hal/common/mss_plic.h ****     PLIC_F2M_21_INT_OFFSET           = 126 + OFFSET_TO_MSS_GLOBAL_INTS,
 406:/home/makro/softconsole_2022/led-hdmi-uart-switches/src/platform/mpfs_hal/common/mss_plic.h ****     PLIC_F2M_22_INT_OFFSET           = 127 + OFFSET_TO_MSS_GLOBAL_INTS,
 407:/home/makro/softconsole_2022/led-hdmi-uart-switches/src/platform/mpfs_hal/common/mss_plic.h ****     PLIC_F2M_23_INT_OFFSET           = 128 + OFFSET_TO_MSS_GLOBAL_INTS,
 408:/home/makro/softconsole_2022/led-hdmi-uart-switches/src/platform/mpfs_hal/common/mss_plic.h ****     PLIC_F2M_24_INT_OFFSET           = 129 + OFFSET_TO_MSS_GLOBAL_INTS,
 409:/home/makro/softconsole_2022/led-hdmi-uart-switches/src/platform/mpfs_hal/common/mss_plic.h ****     PLIC_F2M_25_INT_OFFSET           = 130 + OFFSET_TO_MSS_GLOBAL_INTS,
 410:/home/makro/softconsole_2022/led-hdmi-uart-switches/src/platform/mpfs_hal/common/mss_plic.h ****     PLIC_F2M_26_INT_OFFSET           = 131 + OFFSET_TO_MSS_GLOBAL_INTS,
 411:/home/makro/softconsole_2022/led-hdmi-uart-switches/src/platform/mpfs_hal/common/mss_plic.h ****     PLIC_F2M_27_INT_OFFSET           = 132 + OFFSET_TO_MSS_GLOBAL_INTS,
 412:/home/makro/softconsole_2022/led-hdmi-uart-switches/src/platform/mpfs_hal/common/mss_plic.h ****     PLIC_F2M_28_INT_OFFSET           = 133 + OFFSET_TO_MSS_GLOBAL_INTS,
 413:/home/makro/softconsole_2022/led-hdmi-uart-switches/src/platform/mpfs_hal/common/mss_plic.h ****     PLIC_F2M_29_INT_OFFSET           = 134 + OFFSET_TO_MSS_GLOBAL_INTS,
 414:/home/makro/softconsole_2022/led-hdmi-uart-switches/src/platform/mpfs_hal/common/mss_plic.h **** 
 415:/home/makro/softconsole_2022/led-hdmi-uart-switches/src/platform/mpfs_hal/common/mss_plic.h ****     PLIC_F2M_30_INT_OFFSET           = 135 + OFFSET_TO_MSS_GLOBAL_INTS,
 416:/home/makro/softconsole_2022/led-hdmi-uart-switches/src/platform/mpfs_hal/common/mss_plic.h ****     PLIC_F2M_31_INT_OFFSET           = 136 + OFFSET_TO_MSS_GLOBAL_INTS,
 417:/home/makro/softconsole_2022/led-hdmi-uart-switches/src/platform/mpfs_hal/common/mss_plic.h **** 
 418:/home/makro/softconsole_2022/led-hdmi-uart-switches/src/platform/mpfs_hal/common/mss_plic.h ****     PLIC_F2M_32_INT_OFFSET           = 137 + OFFSET_TO_MSS_GLOBAL_INTS,
 419:/home/makro/softconsole_2022/led-hdmi-uart-switches/src/platform/mpfs_hal/common/mss_plic.h ****     PLIC_F2M_33_INT_OFFSET           = 138 + OFFSET_TO_MSS_GLOBAL_INTS,
 420:/home/makro/softconsole_2022/led-hdmi-uart-switches/src/platform/mpfs_hal/common/mss_plic.h ****     PLIC_F2M_34_INT_OFFSET           = 139 + OFFSET_TO_MSS_GLOBAL_INTS,
 421:/home/makro/softconsole_2022/led-hdmi-uart-switches/src/platform/mpfs_hal/common/mss_plic.h ****     PLIC_F2M_35_INT_OFFSET           = 140 + OFFSET_TO_MSS_GLOBAL_INTS,
 422:/home/makro/softconsole_2022/led-hdmi-uart-switches/src/platform/mpfs_hal/common/mss_plic.h ****     PLIC_F2M_36_INT_OFFSET           = 141 + OFFSET_TO_MSS_GLOBAL_INTS,
 423:/home/makro/softconsole_2022/led-hdmi-uart-switches/src/platform/mpfs_hal/common/mss_plic.h ****     PLIC_F2M_37_INT_OFFSET           = 142 + OFFSET_TO_MSS_GLOBAL_INTS,
 424:/home/makro/softconsole_2022/led-hdmi-uart-switches/src/platform/mpfs_hal/common/mss_plic.h ****     PLIC_F2M_38_INT_OFFSET           = 143 + OFFSET_TO_MSS_GLOBAL_INTS,
 425:/home/makro/softconsole_2022/led-hdmi-uart-switches/src/platform/mpfs_hal/common/mss_plic.h ****     PLIC_F2M_39_INT_OFFSET           = 144 + OFFSET_TO_MSS_GLOBAL_INTS,
 426:/home/makro/softconsole_2022/led-hdmi-uart-switches/src/platform/mpfs_hal/common/mss_plic.h ****     PLIC_F2M_40_INT_OFFSET           = 145 + OFFSET_TO_MSS_GLOBAL_INTS,
 427:/home/makro/softconsole_2022/led-hdmi-uart-switches/src/platform/mpfs_hal/common/mss_plic.h ****     PLIC_F2M_41_INT_OFFSET           = 146 + OFFSET_TO_MSS_GLOBAL_INTS,
 428:/home/makro/softconsole_2022/led-hdmi-uart-switches/src/platform/mpfs_hal/common/mss_plic.h **** 
 429:/home/makro/softconsole_2022/led-hdmi-uart-switches/src/platform/mpfs_hal/common/mss_plic.h ****     PLIC_F2M_42_INT_OFFSET           = 147 + OFFSET_TO_MSS_GLOBAL_INTS,
 430:/home/makro/softconsole_2022/led-hdmi-uart-switches/src/platform/mpfs_hal/common/mss_plic.h ****     PLIC_F2M_43_INT_OFFSET           = 148 + OFFSET_TO_MSS_GLOBAL_INTS,
 431:/home/makro/softconsole_2022/led-hdmi-uart-switches/src/platform/mpfs_hal/common/mss_plic.h ****     PLIC_F2M_44_INT_OFFSET           = 149 + OFFSET_TO_MSS_GLOBAL_INTS,
 432:/home/makro/softconsole_2022/led-hdmi-uart-switches/src/platform/mpfs_hal/common/mss_plic.h ****     PLIC_F2M_45_INT_OFFSET           = 150 + OFFSET_TO_MSS_GLOBAL_INTS,
 433:/home/makro/softconsole_2022/led-hdmi-uart-switches/src/platform/mpfs_hal/common/mss_plic.h ****     PLIC_F2M_46_INT_OFFSET           = 151 + OFFSET_TO_MSS_GLOBAL_INTS,
 434:/home/makro/softconsole_2022/led-hdmi-uart-switches/src/platform/mpfs_hal/common/mss_plic.h ****     PLIC_F2M_47_INT_OFFSET           = 152 + OFFSET_TO_MSS_GLOBAL_INTS,
 435:/home/makro/softconsole_2022/led-hdmi-uart-switches/src/platform/mpfs_hal/common/mss_plic.h ****     PLIC_F2M_48_INT_OFFSET           = 153 + OFFSET_TO_MSS_GLOBAL_INTS,
 436:/home/makro/softconsole_2022/led-hdmi-uart-switches/src/platform/mpfs_hal/common/mss_plic.h ****     PLIC_F2M_49_INT_OFFSET           = 154 + OFFSET_TO_MSS_GLOBAL_INTS,
 437:/home/makro/softconsole_2022/led-hdmi-uart-switches/src/platform/mpfs_hal/common/mss_plic.h ****     PLIC_F2M_50_INT_OFFSET           = 155 + OFFSET_TO_MSS_GLOBAL_INTS,
 438:/home/makro/softconsole_2022/led-hdmi-uart-switches/src/platform/mpfs_hal/common/mss_plic.h ****     PLIC_F2M_51_INT_OFFSET           = 156 + OFFSET_TO_MSS_GLOBAL_INTS,
 439:/home/makro/softconsole_2022/led-hdmi-uart-switches/src/platform/mpfs_hal/common/mss_plic.h **** 
 440:/home/makro/softconsole_2022/led-hdmi-uart-switches/src/platform/mpfs_hal/common/mss_plic.h ****     PLIC_F2M_52_INT_OFFSET           = 157 + OFFSET_TO_MSS_GLOBAL_INTS,
 441:/home/makro/softconsole_2022/led-hdmi-uart-switches/src/platform/mpfs_hal/common/mss_plic.h ****     PLIC_F2M_53_INT_OFFSET           = 158 + OFFSET_TO_MSS_GLOBAL_INTS,
 442:/home/makro/softconsole_2022/led-hdmi-uart-switches/src/platform/mpfs_hal/common/mss_plic.h ****     PLIC_F2M_54_INT_OFFSET           = 159 + OFFSET_TO_MSS_GLOBAL_INTS,
 443:/home/makro/softconsole_2022/led-hdmi-uart-switches/src/platform/mpfs_hal/common/mss_plic.h ****     PLIC_F2M_55_INT_OFFSET           = 160 + OFFSET_TO_MSS_GLOBAL_INTS,
 444:/home/makro/softconsole_2022/led-hdmi-uart-switches/src/platform/mpfs_hal/common/mss_plic.h ****     PLIC_F2M_56_INT_OFFSET           = 161 + OFFSET_TO_MSS_GLOBAL_INTS,
 445:/home/makro/softconsole_2022/led-hdmi-uart-switches/src/platform/mpfs_hal/common/mss_plic.h ****     PLIC_F2M_57_INT_OFFSET           = 162 + OFFSET_TO_MSS_GLOBAL_INTS,
 446:/home/makro/softconsole_2022/led-hdmi-uart-switches/src/platform/mpfs_hal/common/mss_plic.h ****     PLIC_F2M_58_INT_OFFSET           = 163 + OFFSET_TO_MSS_GLOBAL_INTS,
 447:/home/makro/softconsole_2022/led-hdmi-uart-switches/src/platform/mpfs_hal/common/mss_plic.h ****     PLIC_F2M_59_INT_OFFSET           = 164 + OFFSET_TO_MSS_GLOBAL_INTS,
 448:/home/makro/softconsole_2022/led-hdmi-uart-switches/src/platform/mpfs_hal/common/mss_plic.h ****     PLIC_F2M_60_INT_OFFSET           = 165 + OFFSET_TO_MSS_GLOBAL_INTS,
 449:/home/makro/softconsole_2022/led-hdmi-uart-switches/src/platform/mpfs_hal/common/mss_plic.h ****     PLIC_F2M_61_INT_OFFSET           = 166 + OFFSET_TO_MSS_GLOBAL_INTS,
 450:/home/makro/softconsole_2022/led-hdmi-uart-switches/src/platform/mpfs_hal/common/mss_plic.h **** 
 451:/home/makro/softconsole_2022/led-hdmi-uart-switches/src/platform/mpfs_hal/common/mss_plic.h ****     PLIC_F2M_62_INT_OFFSET           = 167 + OFFSET_TO_MSS_GLOBAL_INTS,
 452:/home/makro/softconsole_2022/led-hdmi-uart-switches/src/platform/mpfs_hal/common/mss_plic.h ****     PLIC_F2M_63_INT_OFFSET           = 168 + OFFSET_TO_MSS_GLOBAL_INTS,
 453:/home/makro/softconsole_2022/led-hdmi-uart-switches/src/platform/mpfs_hal/common/mss_plic.h **** 
 454:/home/makro/softconsole_2022/led-hdmi-uart-switches/src/platform/mpfs_hal/common/mss_plic.h ****     PLIC_E51_BUS_ERROR_UNIT_OFFSET        = 182,
 455:/home/makro/softconsole_2022/led-hdmi-uart-switches/src/platform/mpfs_hal/common/mss_plic.h ****     PLIC_U54_1_BUS_ERROR_UNIT_OFFSET      = 183,
 456:/home/makro/softconsole_2022/led-hdmi-uart-switches/src/platform/mpfs_hal/common/mss_plic.h ****     PLIC_U54_2_BUS_ERROR_UNIT_OFFSET      = 184,
 457:/home/makro/softconsole_2022/led-hdmi-uart-switches/src/platform/mpfs_hal/common/mss_plic.h ****     PLIC_U54_3_BUS_ERROR_UNIT_OFFSET      = 185,
 458:/home/makro/softconsole_2022/led-hdmi-uart-switches/src/platform/mpfs_hal/common/mss_plic.h ****     PLIC_U54_4_BUS_ERROR_UNIT_OFFSET      = 186
 459:/home/makro/softconsole_2022/led-hdmi-uart-switches/src/platform/mpfs_hal/common/mss_plic.h **** 
 460:/home/makro/softconsole_2022/led-hdmi-uart-switches/src/platform/mpfs_hal/common/mss_plic.h **** } PLIC_IRQn_Type;
 461:/home/makro/softconsole_2022/led-hdmi-uart-switches/src/platform/mpfs_hal/common/mss_plic.h **** 
 462:/home/makro/softconsole_2022/led-hdmi-uart-switches/src/platform/mpfs_hal/common/mss_plic.h **** #define MAX_PLIC_INT PLIC_U54_4_BUS_ERROR_UNIT_OFFSET
 463:/home/makro/softconsole_2022/led-hdmi-uart-switches/src/platform/mpfs_hal/common/mss_plic.h **** 
 464:/home/makro/softconsole_2022/led-hdmi-uart-switches/src/platform/mpfs_hal/common/mss_plic.h **** typedef struct
 465:/home/makro/softconsole_2022/led-hdmi-uart-switches/src/platform/mpfs_hal/common/mss_plic.h **** {
 466:/home/makro/softconsole_2022/led-hdmi-uart-switches/src/platform/mpfs_hal/common/mss_plic.h ****     volatile uint32_t PRIORITY_THRESHOLD;
 467:/home/makro/softconsole_2022/led-hdmi-uart-switches/src/platform/mpfs_hal/common/mss_plic.h ****     volatile uint32_t CLAIM_COMPLETE;
 468:/home/makro/softconsole_2022/led-hdmi-uart-switches/src/platform/mpfs_hal/common/mss_plic.h ****     volatile uint32_t reserved[(0x1000/4)-2];
 469:/home/makro/softconsole_2022/led-hdmi-uart-switches/src/platform/mpfs_hal/common/mss_plic.h **** } IRQ_Target_Type;
 470:/home/makro/softconsole_2022/led-hdmi-uart-switches/src/platform/mpfs_hal/common/mss_plic.h **** 
 471:/home/makro/softconsole_2022/led-hdmi-uart-switches/src/platform/mpfs_hal/common/mss_plic.h **** typedef struct
 472:/home/makro/softconsole_2022/led-hdmi-uart-switches/src/platform/mpfs_hal/common/mss_plic.h **** {
 473:/home/makro/softconsole_2022/led-hdmi-uart-switches/src/platform/mpfs_hal/common/mss_plic.h ****     volatile uint32_t ENABLES[32U];
 474:/home/makro/softconsole_2022/led-hdmi-uart-switches/src/platform/mpfs_hal/common/mss_plic.h **** } Target_Enables_Type;
 475:/home/makro/softconsole_2022/led-hdmi-uart-switches/src/platform/mpfs_hal/common/mss_plic.h **** 
 476:/home/makro/softconsole_2022/led-hdmi-uart-switches/src/platform/mpfs_hal/common/mss_plic.h **** 
 477:/home/makro/softconsole_2022/led-hdmi-uart-switches/src/platform/mpfs_hal/common/mss_plic.h **** #define PLIC_SET_UP_REGISTERS 6U
 478:/home/makro/softconsole_2022/led-hdmi-uart-switches/src/platform/mpfs_hal/common/mss_plic.h **** 
 479:/home/makro/softconsole_2022/led-hdmi-uart-switches/src/platform/mpfs_hal/common/mss_plic.h **** #define PLIC_NUM_SOURCES 187U
 480:/home/makro/softconsole_2022/led-hdmi-uart-switches/src/platform/mpfs_hal/common/mss_plic.h **** 
 481:/home/makro/softconsole_2022/led-hdmi-uart-switches/src/platform/mpfs_hal/common/mss_plic.h **** #define PLIC_NUM_PRIORITIES 7U
 482:/home/makro/softconsole_2022/led-hdmi-uart-switches/src/platform/mpfs_hal/common/mss_plic.h **** #define NUM_CLAIM_REGS      9U
 483:/home/makro/softconsole_2022/led-hdmi-uart-switches/src/platform/mpfs_hal/common/mss_plic.h **** 
 484:/home/makro/softconsole_2022/led-hdmi-uart-switches/src/platform/mpfs_hal/common/mss_plic.h **** 
 485:/home/makro/softconsole_2022/led-hdmi-uart-switches/src/platform/mpfs_hal/common/mss_plic.h **** /* The FU540-C000 has 53 interrupt sources. */
 486:/home/makro/softconsole_2022/led-hdmi-uart-switches/src/platform/mpfs_hal/common/mss_plic.h ****  typedef struct
 487:/home/makro/softconsole_2022/led-hdmi-uart-switches/src/platform/mpfs_hal/common/mss_plic.h **** {
 488:/home/makro/softconsole_2022/led-hdmi-uart-switches/src/platform/mpfs_hal/common/mss_plic.h ****     volatile uint32_t RESERVED0;
 489:/home/makro/softconsole_2022/led-hdmi-uart-switches/src/platform/mpfs_hal/common/mss_plic.h ****     /*-------------------- Source Priority --------------------*/
 490:/home/makro/softconsole_2022/led-hdmi-uart-switches/src/platform/mpfs_hal/common/mss_plic.h ****     volatile uint32_t SOURCE_PRIORITY[PLIC_NUM_SOURCES];
 491:/home/makro/softconsole_2022/led-hdmi-uart-switches/src/platform/mpfs_hal/common/mss_plic.h ****     volatile uint32_t RESERVED1[(0x1000 / 4) - (PLIC_NUM_SOURCES + 1)];
 492:/home/makro/softconsole_2022/led-hdmi-uart-switches/src/platform/mpfs_hal/common/mss_plic.h ****     /*-------------------- Pending array --------------------*/
 493:/home/makro/softconsole_2022/led-hdmi-uart-switches/src/platform/mpfs_hal/common/mss_plic.h ****     volatile const uint32_t PENDING_ARRAY[PLIC_SET_UP_REGISTERS];
 494:/home/makro/softconsole_2022/led-hdmi-uart-switches/src/platform/mpfs_hal/common/mss_plic.h ****     volatile uint32_t RESERVED2[(0x1000/4) - PLIC_SET_UP_REGISTERS];
 495:/home/makro/softconsole_2022/led-hdmi-uart-switches/src/platform/mpfs_hal/common/mss_plic.h **** 
 496:/home/makro/softconsole_2022/led-hdmi-uart-switches/src/platform/mpfs_hal/common/mss_plic.h ****     /*-----------------Hart0 Mode Enables--------------------*/
 497:/home/makro/softconsole_2022/led-hdmi-uart-switches/src/platform/mpfs_hal/common/mss_plic.h ****     volatile uint32_t HART0_MMODE_ENA[PLIC_SET_UP_REGISTERS];
 498:/home/makro/softconsole_2022/led-hdmi-uart-switches/src/platform/mpfs_hal/common/mss_plic.h ****     volatile uint32_t RESERVED3[(0x80/4) - PLIC_SET_UP_REGISTERS];
 499:/home/makro/softconsole_2022/led-hdmi-uart-switches/src/platform/mpfs_hal/common/mss_plic.h **** 
 500:/home/makro/softconsole_2022/led-hdmi-uart-switches/src/platform/mpfs_hal/common/mss_plic.h ****     /*-----------------Hart1 Mode Enables--------------------*/
 501:/home/makro/softconsole_2022/led-hdmi-uart-switches/src/platform/mpfs_hal/common/mss_plic.h ****     volatile uint32_t HART1_MMODE_ENA[PLIC_SET_UP_REGISTERS];
 502:/home/makro/softconsole_2022/led-hdmi-uart-switches/src/platform/mpfs_hal/common/mss_plic.h ****     volatile uint32_t RESERVED4a[(0x80/4) - PLIC_SET_UP_REGISTERS];
 503:/home/makro/softconsole_2022/led-hdmi-uart-switches/src/platform/mpfs_hal/common/mss_plic.h ****     volatile uint32_t HART1_SMODE_ENA[PLIC_SET_UP_REGISTERS];
 504:/home/makro/softconsole_2022/led-hdmi-uart-switches/src/platform/mpfs_hal/common/mss_plic.h ****     volatile uint32_t RESERVED4[(0x80/4) - PLIC_SET_UP_REGISTERS];
 505:/home/makro/softconsole_2022/led-hdmi-uart-switches/src/platform/mpfs_hal/common/mss_plic.h **** 
 506:/home/makro/softconsole_2022/led-hdmi-uart-switches/src/platform/mpfs_hal/common/mss_plic.h ****     /*-----------------Hart2 Mode Enables--------------------*/
 507:/home/makro/softconsole_2022/led-hdmi-uart-switches/src/platform/mpfs_hal/common/mss_plic.h ****     volatile uint32_t HART2_MMODE_ENA[PLIC_SET_UP_REGISTERS];
 508:/home/makro/softconsole_2022/led-hdmi-uart-switches/src/platform/mpfs_hal/common/mss_plic.h ****     volatile uint32_t RESERVED5a[(0x80/4) - PLIC_SET_UP_REGISTERS];
 509:/home/makro/softconsole_2022/led-hdmi-uart-switches/src/platform/mpfs_hal/common/mss_plic.h ****     volatile uint32_t HART2_SMODE_ENA[PLIC_SET_UP_REGISTERS];
 510:/home/makro/softconsole_2022/led-hdmi-uart-switches/src/platform/mpfs_hal/common/mss_plic.h ****     volatile uint32_t RESERVED5[(0x80/4) - PLIC_SET_UP_REGISTERS];
 511:/home/makro/softconsole_2022/led-hdmi-uart-switches/src/platform/mpfs_hal/common/mss_plic.h **** 
 512:/home/makro/softconsole_2022/led-hdmi-uart-switches/src/platform/mpfs_hal/common/mss_plic.h ****     /*-----------------Hart3 Mode Enables--------------------*/
 513:/home/makro/softconsole_2022/led-hdmi-uart-switches/src/platform/mpfs_hal/common/mss_plic.h ****     volatile uint32_t HART3_MMODE_ENA[PLIC_SET_UP_REGISTERS];
 514:/home/makro/softconsole_2022/led-hdmi-uart-switches/src/platform/mpfs_hal/common/mss_plic.h ****     volatile uint32_t RESERVED6a[(0x80/4) - PLIC_SET_UP_REGISTERS];
 515:/home/makro/softconsole_2022/led-hdmi-uart-switches/src/platform/mpfs_hal/common/mss_plic.h ****     volatile uint32_t HART3_SMODE_ENA[PLIC_SET_UP_REGISTERS];
 516:/home/makro/softconsole_2022/led-hdmi-uart-switches/src/platform/mpfs_hal/common/mss_plic.h ****     volatile uint32_t RESERVED6[(0x80/4) - PLIC_SET_UP_REGISTERS];
 517:/home/makro/softconsole_2022/led-hdmi-uart-switches/src/platform/mpfs_hal/common/mss_plic.h **** 
 518:/home/makro/softconsole_2022/led-hdmi-uart-switches/src/platform/mpfs_hal/common/mss_plic.h ****     /*-----------------Hart4 Mode Enables--------------------*/
 519:/home/makro/softconsole_2022/led-hdmi-uart-switches/src/platform/mpfs_hal/common/mss_plic.h ****     volatile uint32_t HART4_MMODE_ENA[PLIC_SET_UP_REGISTERS];
 520:/home/makro/softconsole_2022/led-hdmi-uart-switches/src/platform/mpfs_hal/common/mss_plic.h ****     volatile uint32_t RESERVED7a[(0x80/4) - PLIC_SET_UP_REGISTERS];
 521:/home/makro/softconsole_2022/led-hdmi-uart-switches/src/platform/mpfs_hal/common/mss_plic.h ****     volatile uint32_t HART4_SMODE_ENA[PLIC_SET_UP_REGISTERS];
 522:/home/makro/softconsole_2022/led-hdmi-uart-switches/src/platform/mpfs_hal/common/mss_plic.h ****     volatile uint32_t RESERVED7[(0x80/4) - PLIC_SET_UP_REGISTERS];
 523:/home/makro/softconsole_2022/led-hdmi-uart-switches/src/platform/mpfs_hal/common/mss_plic.h **** 
 524:/home/makro/softconsole_2022/led-hdmi-uart-switches/src/platform/mpfs_hal/common/mss_plic.h ****     volatile uint32_t RESERVED8[(0x0C200000 - 0x0C002480)/4];
 525:/home/makro/softconsole_2022/led-hdmi-uart-switches/src/platform/mpfs_hal/common/mss_plic.h **** 
 526:/home/makro/softconsole_2022/led-hdmi-uart-switches/src/platform/mpfs_hal/common/mss_plic.h ****     /*--- Target Priority threshold and claim/complete---------*/
 527:/home/makro/softconsole_2022/led-hdmi-uart-switches/src/platform/mpfs_hal/common/mss_plic.h ****     IRQ_Target_Type TARGET[NUM_CLAIM_REGS];   /* See PLIC Register Map or
 528:/home/makro/softconsole_2022/led-hdmi-uart-switches/src/platform/mpfs_hal/common/mss_plic.h ****                                                  TARGET_OFFSET defines below
 529:/home/makro/softconsole_2022/led-hdmi-uart-switches/src/platform/mpfs_hal/common/mss_plic.h ****                                                  for offset details */
 530:/home/makro/softconsole_2022/led-hdmi-uart-switches/src/platform/mpfs_hal/common/mss_plic.h **** 
 531:/home/makro/softconsole_2022/led-hdmi-uart-switches/src/platform/mpfs_hal/common/mss_plic.h **** } PLIC_Type;
 532:/home/makro/softconsole_2022/led-hdmi-uart-switches/src/platform/mpfs_hal/common/mss_plic.h **** 
 533:/home/makro/softconsole_2022/led-hdmi-uart-switches/src/platform/mpfs_hal/common/mss_plic.h **** #define TARGET_OFFSET_HART0_M 0U
 534:/home/makro/softconsole_2022/led-hdmi-uart-switches/src/platform/mpfs_hal/common/mss_plic.h **** #define TARGET_OFFSET_HART1_M 1U
 535:/home/makro/softconsole_2022/led-hdmi-uart-switches/src/platform/mpfs_hal/common/mss_plic.h **** #define TARGET_OFFSET_HART1_S 2U
 536:/home/makro/softconsole_2022/led-hdmi-uart-switches/src/platform/mpfs_hal/common/mss_plic.h **** #define TARGET_OFFSET_HART2_M 3U
 537:/home/makro/softconsole_2022/led-hdmi-uart-switches/src/platform/mpfs_hal/common/mss_plic.h **** #define TARGET_OFFSET_HART2_S 4U
 538:/home/makro/softconsole_2022/led-hdmi-uart-switches/src/platform/mpfs_hal/common/mss_plic.h **** #define TARGET_OFFSET_HART3_M 5U
 539:/home/makro/softconsole_2022/led-hdmi-uart-switches/src/platform/mpfs_hal/common/mss_plic.h **** #define TARGET_OFFSET_HART3_S 6U
 540:/home/makro/softconsole_2022/led-hdmi-uart-switches/src/platform/mpfs_hal/common/mss_plic.h **** #define TARGET_OFFSET_HART4_M 7U
 541:/home/makro/softconsole_2022/led-hdmi-uart-switches/src/platform/mpfs_hal/common/mss_plic.h **** #define TARGET_OFFSET_HART4_S 8U
 542:/home/makro/softconsole_2022/led-hdmi-uart-switches/src/platform/mpfs_hal/common/mss_plic.h **** 
 543:/home/makro/softconsole_2022/led-hdmi-uart-switches/src/platform/mpfs_hal/common/mss_plic.h **** extern const unsigned long plic_hart_lookup[5U];
 544:/home/makro/softconsole_2022/led-hdmi-uart-switches/src/platform/mpfs_hal/common/mss_plic.h **** 
 545:/home/makro/softconsole_2022/led-hdmi-uart-switches/src/platform/mpfs_hal/common/mss_plic.h **** /***************************************************************************//**
 546:/home/makro/softconsole_2022/led-hdmi-uart-switches/src/platform/mpfs_hal/common/mss_plic.h ****  * PLIC: Platform Level Interrupt Controller
 547:/home/makro/softconsole_2022/led-hdmi-uart-switches/src/platform/mpfs_hal/common/mss_plic.h ****  */
 548:/home/makro/softconsole_2022/led-hdmi-uart-switches/src/platform/mpfs_hal/common/mss_plic.h **** #define PLIC_BASE_ADDR 0x0C000000UL
 549:/home/makro/softconsole_2022/led-hdmi-uart-switches/src/platform/mpfs_hal/common/mss_plic.h **** 
 550:/home/makro/softconsole_2022/led-hdmi-uart-switches/src/platform/mpfs_hal/common/mss_plic.h **** #define PLIC    ((PLIC_Type * const)PLIC_BASE_ADDR)
 551:/home/makro/softconsole_2022/led-hdmi-uart-switches/src/platform/mpfs_hal/common/mss_plic.h **** 
 552:/home/makro/softconsole_2022/led-hdmi-uart-switches/src/platform/mpfs_hal/common/mss_plic.h **** /*-------------------------------------------------------------------------*//**
 553:/home/makro/softconsole_2022/led-hdmi-uart-switches/src/platform/mpfs_hal/common/mss_plic.h ****  * The function PLIC_init() initializes the PLIC controller and enables the
 554:/home/makro/softconsole_2022/led-hdmi-uart-switches/src/platform/mpfs_hal/common/mss_plic.h ****  * global external interrupt bit.
 555:/home/makro/softconsole_2022/led-hdmi-uart-switches/src/platform/mpfs_hal/common/mss_plic.h ****  */
 556:/home/makro/softconsole_2022/led-hdmi-uart-switches/src/platform/mpfs_hal/common/mss_plic.h **** 
 557:/home/makro/softconsole_2022/led-hdmi-uart-switches/src/platform/mpfs_hal/common/mss_plic.h **** /*-----------------Hart Mode Enables--------------------*/
 558:/home/makro/softconsole_2022/led-hdmi-uart-switches/src/platform/mpfs_hal/common/mss_plic.h **** 
 559:/home/makro/softconsole_2022/led-hdmi-uart-switches/src/platform/mpfs_hal/common/mss_plic.h **** static inline void PLIC_init(void)
 560:/home/makro/softconsole_2022/led-hdmi-uart-switches/src/platform/mpfs_hal/common/mss_plic.h **** {
 561:/home/makro/softconsole_2022/led-hdmi-uart-switches/src/platform/mpfs_hal/common/mss_plic.h ****     uint32_t inc;
 562:/home/makro/softconsole_2022/led-hdmi-uart-switches/src/platform/mpfs_hal/common/mss_plic.h ****     uint64_t hart_id  = read_csr(mhartid);
 563:/home/makro/softconsole_2022/led-hdmi-uart-switches/src/platform/mpfs_hal/common/mss_plic.h **** 
 564:/home/makro/softconsole_2022/led-hdmi-uart-switches/src/platform/mpfs_hal/common/mss_plic.h ****     /* Disable all interrupts for the current hart. */
 565:/home/makro/softconsole_2022/led-hdmi-uart-switches/src/platform/mpfs_hal/common/mss_plic.h ****     switch(hart_id)
 566:/home/makro/softconsole_2022/led-hdmi-uart-switches/src/platform/mpfs_hal/common/mss_plic.h ****     {
 567:/home/makro/softconsole_2022/led-hdmi-uart-switches/src/platform/mpfs_hal/common/mss_plic.h ****         case 0:
 568:/home/makro/softconsole_2022/led-hdmi-uart-switches/src/platform/mpfs_hal/common/mss_plic.h ****             for(inc = 0UL; inc < PLIC_SET_UP_REGISTERS; inc++)
 569:/home/makro/softconsole_2022/led-hdmi-uart-switches/src/platform/mpfs_hal/common/mss_plic.h ****             {
 570:/home/makro/softconsole_2022/led-hdmi-uart-switches/src/platform/mpfs_hal/common/mss_plic.h ****                 PLIC->HART0_MMODE_ENA[inc] = 0U;
 571:/home/makro/softconsole_2022/led-hdmi-uart-switches/src/platform/mpfs_hal/common/mss_plic.h ****             }
 572:/home/makro/softconsole_2022/led-hdmi-uart-switches/src/platform/mpfs_hal/common/mss_plic.h **** 
 573:/home/makro/softconsole_2022/led-hdmi-uart-switches/src/platform/mpfs_hal/common/mss_plic.h ****             /* Set the threshold to zero.
 574:/home/makro/softconsole_2022/led-hdmi-uart-switches/src/platform/mpfs_hal/common/mss_plic.h ****              * PLIC provides context based threshold register for the settings of a
 575:/home/makro/softconsole_2022/led-hdmi-uart-switches/src/platform/mpfs_hal/common/mss_plic.h ****              * interrupt priority threshold of each context. The threshold register
 576:/home/makro/softconsole_2022/led-hdmi-uart-switches/src/platform/mpfs_hal/common/mss_plic.h ****              * is a WARL field. The PLIC will mask all PLIC interrupts of a priority
 577:/home/makro/softconsole_2022/led-hdmi-uart-switches/src/platform/mpfs_hal/common/mss_plic.h ****              * less than or equal to threshold. For example, a threshold value of zero
 578:/home/makro/softconsole_2022/led-hdmi-uart-switches/src/platform/mpfs_hal/common/mss_plic.h ****              * permits all interrupts with non-zero priority.*/
 579:/home/makro/softconsole_2022/led-hdmi-uart-switches/src/platform/mpfs_hal/common/mss_plic.h **** 
 580:/home/makro/softconsole_2022/led-hdmi-uart-switches/src/platform/mpfs_hal/common/mss_plic.h ****             PLIC->TARGET[TARGET_OFFSET_HART0_M].PRIORITY_THRESHOLD  = 0U;
 581:/home/makro/softconsole_2022/led-hdmi-uart-switches/src/platform/mpfs_hal/common/mss_plic.h ****             break;
 582:/home/makro/softconsole_2022/led-hdmi-uart-switches/src/platform/mpfs_hal/common/mss_plic.h ****         case 1:
 583:/home/makro/softconsole_2022/led-hdmi-uart-switches/src/platform/mpfs_hal/common/mss_plic.h ****             for(inc = 0UL; inc < PLIC_SET_UP_REGISTERS; inc++)
 584:/home/makro/softconsole_2022/led-hdmi-uart-switches/src/platform/mpfs_hal/common/mss_plic.h ****             {
 585:/home/makro/softconsole_2022/led-hdmi-uart-switches/src/platform/mpfs_hal/common/mss_plic.h ****                 PLIC->HART1_MMODE_ENA[inc] = 0U;
 586:/home/makro/softconsole_2022/led-hdmi-uart-switches/src/platform/mpfs_hal/common/mss_plic.h ****                 PLIC->HART1_SMODE_ENA[inc] = 0U;
 587:/home/makro/softconsole_2022/led-hdmi-uart-switches/src/platform/mpfs_hal/common/mss_plic.h ****             }
 588:/home/makro/softconsole_2022/led-hdmi-uart-switches/src/platform/mpfs_hal/common/mss_plic.h **** 
 589:/home/makro/softconsole_2022/led-hdmi-uart-switches/src/platform/mpfs_hal/common/mss_plic.h ****             PLIC->TARGET[TARGET_OFFSET_HART1_M].PRIORITY_THRESHOLD  = 0U;
 590:/home/makro/softconsole_2022/led-hdmi-uart-switches/src/platform/mpfs_hal/common/mss_plic.h ****             /* Disable supervisor level */
 591:/home/makro/softconsole_2022/led-hdmi-uart-switches/src/platform/mpfs_hal/common/mss_plic.h ****             PLIC->TARGET[TARGET_OFFSET_HART1_S].PRIORITY_THRESHOLD  = 7U;
 592:/home/makro/softconsole_2022/led-hdmi-uart-switches/src/platform/mpfs_hal/common/mss_plic.h ****             break;
 593:/home/makro/softconsole_2022/led-hdmi-uart-switches/src/platform/mpfs_hal/common/mss_plic.h ****         case 2:
 594:/home/makro/softconsole_2022/led-hdmi-uart-switches/src/platform/mpfs_hal/common/mss_plic.h ****             for(inc = 0UL; inc < PLIC_SET_UP_REGISTERS; inc++)
 595:/home/makro/softconsole_2022/led-hdmi-uart-switches/src/platform/mpfs_hal/common/mss_plic.h ****             {
 596:/home/makro/softconsole_2022/led-hdmi-uart-switches/src/platform/mpfs_hal/common/mss_plic.h ****                 PLIC->HART2_MMODE_ENA[inc] = 0U;
 597:/home/makro/softconsole_2022/led-hdmi-uart-switches/src/platform/mpfs_hal/common/mss_plic.h ****                 PLIC->HART2_SMODE_ENA[inc] = 0U;
 598:/home/makro/softconsole_2022/led-hdmi-uart-switches/src/platform/mpfs_hal/common/mss_plic.h ****             }
 599:/home/makro/softconsole_2022/led-hdmi-uart-switches/src/platform/mpfs_hal/common/mss_plic.h **** 
 600:/home/makro/softconsole_2022/led-hdmi-uart-switches/src/platform/mpfs_hal/common/mss_plic.h ****             PLIC->TARGET[TARGET_OFFSET_HART2_M].PRIORITY_THRESHOLD  = 0U;
 601:/home/makro/softconsole_2022/led-hdmi-uart-switches/src/platform/mpfs_hal/common/mss_plic.h ****             /* Disable supervisor level */
 602:/home/makro/softconsole_2022/led-hdmi-uart-switches/src/platform/mpfs_hal/common/mss_plic.h ****             PLIC->TARGET[TARGET_OFFSET_HART2_S].PRIORITY_THRESHOLD  = 7U;
 603:/home/makro/softconsole_2022/led-hdmi-uart-switches/src/platform/mpfs_hal/common/mss_plic.h ****             break;
 604:/home/makro/softconsole_2022/led-hdmi-uart-switches/src/platform/mpfs_hal/common/mss_plic.h ****         case 3:
 605:/home/makro/softconsole_2022/led-hdmi-uart-switches/src/platform/mpfs_hal/common/mss_plic.h ****             for(inc = 0UL; inc < PLIC_SET_UP_REGISTERS; inc++)
 606:/home/makro/softconsole_2022/led-hdmi-uart-switches/src/platform/mpfs_hal/common/mss_plic.h ****             {
 607:/home/makro/softconsole_2022/led-hdmi-uart-switches/src/platform/mpfs_hal/common/mss_plic.h ****                 PLIC->HART3_MMODE_ENA[inc] = 0U;
 608:/home/makro/softconsole_2022/led-hdmi-uart-switches/src/platform/mpfs_hal/common/mss_plic.h ****                 PLIC->HART3_SMODE_ENA[inc] = 0U;
 609:/home/makro/softconsole_2022/led-hdmi-uart-switches/src/platform/mpfs_hal/common/mss_plic.h ****             }
 610:/home/makro/softconsole_2022/led-hdmi-uart-switches/src/platform/mpfs_hal/common/mss_plic.h **** 
 611:/home/makro/softconsole_2022/led-hdmi-uart-switches/src/platform/mpfs_hal/common/mss_plic.h ****             PLIC->TARGET[TARGET_OFFSET_HART3_M].PRIORITY_THRESHOLD  = 0U;
 612:/home/makro/softconsole_2022/led-hdmi-uart-switches/src/platform/mpfs_hal/common/mss_plic.h ****             /* Disable supervisor level */
 613:/home/makro/softconsole_2022/led-hdmi-uart-switches/src/platform/mpfs_hal/common/mss_plic.h ****             PLIC->TARGET[TARGET_OFFSET_HART3_S].PRIORITY_THRESHOLD  = 7U;
 614:/home/makro/softconsole_2022/led-hdmi-uart-switches/src/platform/mpfs_hal/common/mss_plic.h ****             break;
 615:/home/makro/softconsole_2022/led-hdmi-uart-switches/src/platform/mpfs_hal/common/mss_plic.h ****         case 4:
 616:/home/makro/softconsole_2022/led-hdmi-uart-switches/src/platform/mpfs_hal/common/mss_plic.h ****             for(inc = 0UL; inc < PLIC_SET_UP_REGISTERS; inc++)
 617:/home/makro/softconsole_2022/led-hdmi-uart-switches/src/platform/mpfs_hal/common/mss_plic.h ****             {
 618:/home/makro/softconsole_2022/led-hdmi-uart-switches/src/platform/mpfs_hal/common/mss_plic.h ****                 PLIC->HART4_MMODE_ENA[inc] = 0U;
 619:/home/makro/softconsole_2022/led-hdmi-uart-switches/src/platform/mpfs_hal/common/mss_plic.h ****                 PLIC->HART4_SMODE_ENA[inc] = 0U;
 620:/home/makro/softconsole_2022/led-hdmi-uart-switches/src/platform/mpfs_hal/common/mss_plic.h ****             }
 621:/home/makro/softconsole_2022/led-hdmi-uart-switches/src/platform/mpfs_hal/common/mss_plic.h **** 
 622:/home/makro/softconsole_2022/led-hdmi-uart-switches/src/platform/mpfs_hal/common/mss_plic.h ****             PLIC->TARGET[TARGET_OFFSET_HART4_M].PRIORITY_THRESHOLD  = 0U;
 623:/home/makro/softconsole_2022/led-hdmi-uart-switches/src/platform/mpfs_hal/common/mss_plic.h ****             /* Disable supervisor level */
 624:/home/makro/softconsole_2022/led-hdmi-uart-switches/src/platform/mpfs_hal/common/mss_plic.h ****             PLIC->TARGET[TARGET_OFFSET_HART4_S].PRIORITY_THRESHOLD  = 7U;
 625:/home/makro/softconsole_2022/led-hdmi-uart-switches/src/platform/mpfs_hal/common/mss_plic.h ****             break;
 626:/home/makro/softconsole_2022/led-hdmi-uart-switches/src/platform/mpfs_hal/common/mss_plic.h ****         default:
 627:/home/makro/softconsole_2022/led-hdmi-uart-switches/src/platform/mpfs_hal/common/mss_plic.h ****             break;
 628:/home/makro/softconsole_2022/led-hdmi-uart-switches/src/platform/mpfs_hal/common/mss_plic.h ****     }
 629:/home/makro/softconsole_2022/led-hdmi-uart-switches/src/platform/mpfs_hal/common/mss_plic.h **** 
 630:/home/makro/softconsole_2022/led-hdmi-uart-switches/src/platform/mpfs_hal/common/mss_plic.h ****     /* Enable machine external interrupts. */
 631:/home/makro/softconsole_2022/led-hdmi-uart-switches/src/platform/mpfs_hal/common/mss_plic.h ****     set_csr(mie, MIP_MEIP);
 632:/home/makro/softconsole_2022/led-hdmi-uart-switches/src/platform/mpfs_hal/common/mss_plic.h **** }
 633:/home/makro/softconsole_2022/led-hdmi-uart-switches/src/platform/mpfs_hal/common/mss_plic.h **** 
 634:/home/makro/softconsole_2022/led-hdmi-uart-switches/src/platform/mpfs_hal/common/mss_plic.h **** 
 635:/home/makro/softconsole_2022/led-hdmi-uart-switches/src/platform/mpfs_hal/common/mss_plic.h **** 
 636:/home/makro/softconsole_2022/led-hdmi-uart-switches/src/platform/mpfs_hal/common/mss_plic.h **** /***************************************************************************//**
 637:/home/makro/softconsole_2022/led-hdmi-uart-switches/src/platform/mpfs_hal/common/mss_plic.h ****  * The function PLIC_EnableIRQ() enables the external interrupt for the
 638:/home/makro/softconsole_2022/led-hdmi-uart-switches/src/platform/mpfs_hal/common/mss_plic.h ****  * interrupt number indicated by the parameter IRQn.
 639:/home/makro/softconsole_2022/led-hdmi-uart-switches/src/platform/mpfs_hal/common/mss_plic.h ****  */
 640:/home/makro/softconsole_2022/led-hdmi-uart-switches/src/platform/mpfs_hal/common/mss_plic.h **** static inline void PLIC_EnableIRQ(PLIC_IRQn_Type IRQn)
 641:/home/makro/softconsole_2022/led-hdmi-uart-switches/src/platform/mpfs_hal/common/mss_plic.h **** {
  15              		.loc 1 641 1
  16              		.cfi_startproc
  17              	.LVL0:
 642:/home/makro/softconsole_2022/led-hdmi-uart-switches/src/platform/mpfs_hal/common/mss_plic.h ****     uint32_t current;
  18              		.loc 1 642 5
 643:/home/makro/softconsole_2022/led-hdmi-uart-switches/src/platform/mpfs_hal/common/mss_plic.h ****     uint64_t hart_id  = read_csr(mhartid);
  19              		.loc 1 643 5
  20              	.LBB8:
  21              		.loc 1 643 25
  22              		.loc 1 643 25
  23              	 #APP
  24              	# 643 "/home/makro/softconsole_2022/led-hdmi-uart-switches/src/platform/mpfs_hal/common/mss_plic.h"
 644              	
  25              		csrr a5, mhartid
  26              	# 0 "" 2
  27              	.LVL1:
 643:/home/makro/softconsole_2022/led-hdmi-uart-switches/src/platform/mpfs_hal/common/mss_plic.h ****     uint64_t hart_id  = read_csr(mhartid);
  28              		.loc 1 643 25
  29              	 #NO_APP
  30              	.LBE8:
 645:/home/makro/softconsole_2022/led-hdmi-uart-switches/src/platform/mpfs_hal/common/mss_plic.h ****     switch(hart_id)
  31              		.loc 1 645 5
  32 0004 1147     		li	a4,4
  33 0006 636EF708 		bgtu	a5,a4,.L1
  34 000a 97060000 		lla	a3,.L4
  34      93860600 
  35 0012 8A07     		slli	a5,a5,2
  36              	.LVL2:
  37 0014 B697     		add	a5,a5,a3
  38 0016 9843     		lw	a4,0(a5)
  39 0018 9B575500 		srliw	a5,a0,5
  40 001c 8217     		slli	a5,a5,32
  41 001e 3697     		add	a4,a4,a3
  42 0020 7D89     		andi	a0,a0,31
  43              	.LVL3:
  44 0022 F983     		srli	a5,a5,30
  45 0024 0287     		jr	a4
  46              		.section	.rodata.PLIC_EnableIRQ,"a",@progbits
  47              		.align	2
  48              		.align	2
  49              	.L4:
  50 0000 00000000 		.word	.L8-.L4
  51 0004 00000000 		.word	.L7-.L4
  52 0008 00000000 		.word	.L6-.L4
  53 000c 00000000 		.word	.L5-.L4
  54 0010 00000000 		.word	.L3-.L4
  55              		.section	.text.PLIC_EnableIRQ
  56              	.L8:
  57              	.LVL4:
  58              	.LBB9:
  59              	.LBB10:
 646:/home/makro/softconsole_2022/led-hdmi-uart-switches/src/platform/mpfs_hal/common/mss_plic.h ****     {
 647:/home/makro/softconsole_2022/led-hdmi-uart-switches/src/platform/mpfs_hal/common/mss_plic.h ****         case 0:
 648:/home/makro/softconsole_2022/led-hdmi-uart-switches/src/platform/mpfs_hal/common/mss_plic.h ****             current  = PLIC->HART0_MMODE_ENA[IRQn / 32U];
  60              		.loc 1 648 13
  61              		.loc 1 648 22 is_stmt 0
  62 0026 3727000C 		li	a4,201334784
  63 002a BA97     		add	a5,a5,a4
  64 002c 9843     		lw	a4,0(a5)
  65              	.LVL5:
 649:/home/makro/softconsole_2022/led-hdmi-uart-switches/src/platform/mpfs_hal/common/mss_plic.h ****             current |= (uint32_t)1 << (IRQn % 32U);
  66              		.loc 1 649 13 is_stmt 1
  67              		.loc 1 649 36 is_stmt 0
  68 002e 8546     		li	a3,1
  69 0030 3B95A600 		sllw	a0,a3,a0
  70              		.loc 1 649 21
  71 0034 598D     		or	a0,a4,a0
  72 0036 0125     		sext.w	a0,a0
  73              	.LVL6:
 650:/home/makro/softconsole_2022/led-hdmi-uart-switches/src/platform/mpfs_hal/common/mss_plic.h ****             PLIC->HART0_MMODE_ENA[IRQn / 32U]  = current;
  74              		.loc 1 650 13 is_stmt 1
  75              		.loc 1 650 48 is_stmt 0
  76 0038 88C3     		sw	a0,0(a5)
 651:/home/makro/softconsole_2022/led-hdmi-uart-switches/src/platform/mpfs_hal/common/mss_plic.h ****             break;
  77              		.loc 1 651 13 is_stmt 1
  78 003a 8280     		ret
  79              	.LVL7:
  80              	.L7:
  81              	.LBE10:
  82              	.LBE9:
 652:/home/makro/softconsole_2022/led-hdmi-uart-switches/src/platform/mpfs_hal/common/mss_plic.h ****         case 1:
 653:/home/makro/softconsole_2022/led-hdmi-uart-switches/src/platform/mpfs_hal/common/mss_plic.h ****             current  = PLIC->HART1_MMODE_ENA[IRQn / 32U];
  83              		.loc 1 653 13
  84              		.loc 1 653 22 is_stmt 0
  85 003c 3727000C 		li	a4,201334784
  86 0040 BA97     		add	a5,a5,a4
  87 0042 03A70708 		lw	a4,128(a5)
  88              	.LVL8:
 654:/home/makro/softconsole_2022/led-hdmi-uart-switches/src/platform/mpfs_hal/common/mss_plic.h ****             current |= (uint32_t)1 << (IRQn % 32U);
  89              		.loc 1 654 13 is_stmt 1
  90              		.loc 1 654 36 is_stmt 0
  91 0046 8546     		li	a3,1
  92 0048 3B95A600 		sllw	a0,a3,a0
  93              		.loc 1 654 21
  94 004c 598D     		or	a0,a4,a0
  95 004e 0125     		sext.w	a0,a0
  96              	.LVL9:
 655:/home/makro/softconsole_2022/led-hdmi-uart-switches/src/platform/mpfs_hal/common/mss_plic.h ****             PLIC->HART1_MMODE_ENA[IRQn / 32U]  = current;
  97              		.loc 1 655 13 is_stmt 1
  98              		.loc 1 655 48 is_stmt 0
  99 0050 23A0A708 		sw	a0,128(a5)
 656:/home/makro/softconsole_2022/led-hdmi-uart-switches/src/platform/mpfs_hal/common/mss_plic.h ****             break;
 100              		.loc 1 656 13 is_stmt 1
 101 0054 8280     		ret
 102              	.LVL10:
 103              	.L6:
 657:/home/makro/softconsole_2022/led-hdmi-uart-switches/src/platform/mpfs_hal/common/mss_plic.h ****         case 2:
 658:/home/makro/softconsole_2022/led-hdmi-uart-switches/src/platform/mpfs_hal/common/mss_plic.h ****             current  = PLIC->HART2_MMODE_ENA[IRQn / 32U];
 104              		.loc 1 658 13
 105              		.loc 1 658 22 is_stmt 0
 106 0056 3727000C 		li	a4,201334784
 107 005a BA97     		add	a5,a5,a4
 108 005c 03A70718 		lw	a4,384(a5)
 109              	.LVL11:
 659:/home/makro/softconsole_2022/led-hdmi-uart-switches/src/platform/mpfs_hal/common/mss_plic.h ****             current |= (uint32_t)1 << (IRQn % 32U);
 110              		.loc 1 659 13 is_stmt 1
 111              		.loc 1 659 36 is_stmt 0
 112 0060 8546     		li	a3,1
 113 0062 3B95A600 		sllw	a0,a3,a0
 114              		.loc 1 659 21
 115 0066 598D     		or	a0,a4,a0
 116 0068 0125     		sext.w	a0,a0
 117              	.LVL12:
 660:/home/makro/softconsole_2022/led-hdmi-uart-switches/src/platform/mpfs_hal/common/mss_plic.h ****             PLIC->HART2_MMODE_ENA[IRQn / 32U]  = current;
 118              		.loc 1 660 13 is_stmt 1
 119              		.loc 1 660 48 is_stmt 0
 120 006a 23A0A718 		sw	a0,384(a5)
 661:/home/makro/softconsole_2022/led-hdmi-uart-switches/src/platform/mpfs_hal/common/mss_plic.h ****             break;
 121              		.loc 1 661 13 is_stmt 1
 122 006e 8280     		ret
 123              	.LVL13:
 124              	.L5:
 662:/home/makro/softconsole_2022/led-hdmi-uart-switches/src/platform/mpfs_hal/common/mss_plic.h ****         case 3:
 663:/home/makro/softconsole_2022/led-hdmi-uart-switches/src/platform/mpfs_hal/common/mss_plic.h ****             current  = PLIC->HART3_MMODE_ENA[IRQn / 32U];
 125              		.loc 1 663 13
 126              		.loc 1 663 22 is_stmt 0
 127 0070 3727000C 		li	a4,201334784
 128 0074 BA97     		add	a5,a5,a4
 129 0076 03A70728 		lw	a4,640(a5)
 130              	.LVL14:
 664:/home/makro/softconsole_2022/led-hdmi-uart-switches/src/platform/mpfs_hal/common/mss_plic.h ****             current |= (uint32_t)1 << (IRQn % 32U);
 131              		.loc 1 664 13 is_stmt 1
 132              		.loc 1 664 36 is_stmt 0
 133 007a 8546     		li	a3,1
 134 007c 3B95A600 		sllw	a0,a3,a0
 135              		.loc 1 664 21
 136 0080 598D     		or	a0,a4,a0
 137 0082 0125     		sext.w	a0,a0
 138              	.LVL15:
 665:/home/makro/softconsole_2022/led-hdmi-uart-switches/src/platform/mpfs_hal/common/mss_plic.h ****             PLIC->HART3_MMODE_ENA[IRQn / 32U]  = current;
 139              		.loc 1 665 13 is_stmt 1
 140              		.loc 1 665 48 is_stmt 0
 141 0084 23A0A728 		sw	a0,640(a5)
 666:/home/makro/softconsole_2022/led-hdmi-uart-switches/src/platform/mpfs_hal/common/mss_plic.h ****             break;
 142              		.loc 1 666 13 is_stmt 1
 143 0088 8280     		ret
 144              	.LVL16:
 145              	.L3:
 667:/home/makro/softconsole_2022/led-hdmi-uart-switches/src/platform/mpfs_hal/common/mss_plic.h ****         case 4:
 668:/home/makro/softconsole_2022/led-hdmi-uart-switches/src/platform/mpfs_hal/common/mss_plic.h ****             current  = PLIC->HART4_MMODE_ENA[IRQn / 32U];
 146              		.loc 1 668 13
 147              		.loc 1 668 22 is_stmt 0
 148 008a 3727000C 		li	a4,201334784
 149 008e BA97     		add	a5,a5,a4
 150 0090 03A70738 		lw	a4,896(a5)
 151              	.LVL17:
 669:/home/makro/softconsole_2022/led-hdmi-uart-switches/src/platform/mpfs_hal/common/mss_plic.h ****             current |= (uint32_t)1 << (IRQn % 32U);
 152              		.loc 1 669 13 is_stmt 1
 153              		.loc 1 669 36 is_stmt 0
 154 0094 8546     		li	a3,1
 155 0096 3B95A600 		sllw	a0,a3,a0
 156              		.loc 1 669 21
 157 009a 598D     		or	a0,a4,a0
 158 009c 0125     		sext.w	a0,a0
 159              	.LVL18:
 670:/home/makro/softconsole_2022/led-hdmi-uart-switches/src/platform/mpfs_hal/common/mss_plic.h ****             PLIC->HART4_MMODE_ENA[IRQn / 32U]  = current;
 160              		.loc 1 670 13 is_stmt 1
 161              		.loc 1 670 48 is_stmt 0
 162 009e 23A0A738 		sw	a0,896(a5)
 671:/home/makro/softconsole_2022/led-hdmi-uart-switches/src/platform/mpfs_hal/common/mss_plic.h ****             break;
 163              		.loc 1 671 13 is_stmt 1
 164              	.LVL19:
 165              	.L1:
 672:/home/makro/softconsole_2022/led-hdmi-uart-switches/src/platform/mpfs_hal/common/mss_plic.h ****         default:
 673:/home/makro/softconsole_2022/led-hdmi-uart-switches/src/platform/mpfs_hal/common/mss_plic.h ****             break;
 674:/home/makro/softconsole_2022/led-hdmi-uart-switches/src/platform/mpfs_hal/common/mss_plic.h ****     }
 675:/home/makro/softconsole_2022/led-hdmi-uart-switches/src/platform/mpfs_hal/common/mss_plic.h **** }
 166              		.loc 1 675 1 is_stmt 0
 167 00a2 8280     		ret
 168              		.cfi_endproc
 169              	.LFE7:
 171              		.section	.text.PLIC_DisableIRQ,"ax",@progbits
 172              		.align	1
 174              	PLIC_DisableIRQ:
 175              	.LFB8:
 676:/home/makro/softconsole_2022/led-hdmi-uart-switches/src/platform/mpfs_hal/common/mss_plic.h **** 
 677:/home/makro/softconsole_2022/led-hdmi-uart-switches/src/platform/mpfs_hal/common/mss_plic.h **** /***************************************************************************//**
 678:/home/makro/softconsole_2022/led-hdmi-uart-switches/src/platform/mpfs_hal/common/mss_plic.h ****  * The function PLIC_DisableIRQ() disables the external interrupt for the
 679:/home/makro/softconsole_2022/led-hdmi-uart-switches/src/platform/mpfs_hal/common/mss_plic.h ****  * interrupt number indicated by the parameter IRQn.
 680:/home/makro/softconsole_2022/led-hdmi-uart-switches/src/platform/mpfs_hal/common/mss_plic.h **** 
 681:/home/makro/softconsole_2022/led-hdmi-uart-switches/src/platform/mpfs_hal/common/mss_plic.h ****  * NOTE:
 682:/home/makro/softconsole_2022/led-hdmi-uart-switches/src/platform/mpfs_hal/common/mss_plic.h ****  *     This function can be used to disable the external interrupt from outside
 683:/home/makro/softconsole_2022/led-hdmi-uart-switches/src/platform/mpfs_hal/common/mss_plic.h ****  *     external interrupt handler function.
 684:/home/makro/softconsole_2022/led-hdmi-uart-switches/src/platform/mpfs_hal/common/mss_plic.h ****  *     This function MUST NOT be used from within the External Interrupt
 685:/home/makro/softconsole_2022/led-hdmi-uart-switches/src/platform/mpfs_hal/common/mss_plic.h ****  *     handler.
 686:/home/makro/softconsole_2022/led-hdmi-uart-switches/src/platform/mpfs_hal/common/mss_plic.h ****  *     If you wish to disable the external interrupt while the interrupt handler
 687:/home/makro/softconsole_2022/led-hdmi-uart-switches/src/platform/mpfs_hal/common/mss_plic.h ****  *     for that external interrupt is executing then you must use the return
 688:/home/makro/softconsole_2022/led-hdmi-uart-switches/src/platform/mpfs_hal/common/mss_plic.h ****  *     value EXT_IRQ_DISABLE to return from the extern interrupt handler.
 689:/home/makro/softconsole_2022/led-hdmi-uart-switches/src/platform/mpfs_hal/common/mss_plic.h ****  */
 690:/home/makro/softconsole_2022/led-hdmi-uart-switches/src/platform/mpfs_hal/common/mss_plic.h **** static inline void PLIC_DisableIRQ(PLIC_IRQn_Type IRQn)
 691:/home/makro/softconsole_2022/led-hdmi-uart-switches/src/platform/mpfs_hal/common/mss_plic.h **** {
 176              		.loc 1 691 1 is_stmt 1
 177              		.cfi_startproc
 178              	.LVL20:
 692:/home/makro/softconsole_2022/led-hdmi-uart-switches/src/platform/mpfs_hal/common/mss_plic.h ****     uint32_t current;
 179              		.loc 1 692 5
 693:/home/makro/softconsole_2022/led-hdmi-uart-switches/src/platform/mpfs_hal/common/mss_plic.h ****     uint64_t hart_id  = read_csr(mhartid);
 180              		.loc 1 693 5
 181              	.LBB15:
 182              		.loc 1 693 25
 183              		.loc 1 693 25
 184              	 #APP
 185              	# 693 "/home/makro/softconsole_2022/led-hdmi-uart-switches/src/platform/mpfs_hal/common/mss_plic.h"
 694              	
 186              		csrr a5, mhartid
 187              	# 0 "" 2
 188              	.LVL21:
 693:/home/makro/softconsole_2022/led-hdmi-uart-switches/src/platform/mpfs_hal/common/mss_plic.h ****     uint64_t hart_id  = read_csr(mhartid);
 189              		.loc 1 693 25
 190              	 #NO_APP
 191              	.LBE15:
 695:/home/makro/softconsole_2022/led-hdmi-uart-switches/src/platform/mpfs_hal/common/mss_plic.h ****     switch(hart_id)
 192              		.loc 1 695 5
 193 0004 1147     		li	a4,4
 194 0006 636CF708 		bgtu	a5,a4,.L9
 195 000a 17070000 		lla	a4,.L12
 195      13070700 
 196 0012 8A07     		slli	a5,a5,2
 197              	.LVL22:
 198 0014 BA97     		add	a5,a5,a4
 199 0016 9443     		lw	a3,0(a5)
 200 0018 9B575500 		srliw	a5,a0,5
 201 001c 8217     		slli	a5,a5,32
 202 001e BA96     		add	a3,a3,a4
 203 0020 F983     		srli	a5,a5,30
 696:/home/makro/softconsole_2022/led-hdmi-uart-switches/src/platform/mpfs_hal/common/mss_plic.h ****     {
 697:/home/makro/softconsole_2022/led-hdmi-uart-switches/src/platform/mpfs_hal/common/mss_plic.h ****         case 0:
 698:/home/makro/softconsole_2022/led-hdmi-uart-switches/src/platform/mpfs_hal/common/mss_plic.h ****             current = PLIC->HART0_MMODE_ENA[IRQn / 32U];
 699:/home/makro/softconsole_2022/led-hdmi-uart-switches/src/platform/mpfs_hal/common/mss_plic.h ****             current &= ~((uint32_t)1 << (IRQn % 32U));
 700:/home/makro/softconsole_2022/led-hdmi-uart-switches/src/platform/mpfs_hal/common/mss_plic.h ****             PLIC->HART0_MMODE_ENA[IRQn / 32U] = current;
 701:/home/makro/softconsole_2022/led-hdmi-uart-switches/src/platform/mpfs_hal/common/mss_plic.h ****             break;
 702:/home/makro/softconsole_2022/led-hdmi-uart-switches/src/platform/mpfs_hal/common/mss_plic.h ****         case 1:
 703:/home/makro/softconsole_2022/led-hdmi-uart-switches/src/platform/mpfs_hal/common/mss_plic.h ****             current = PLIC->HART1_MMODE_ENA[IRQn / 32U];
 704:/home/makro/softconsole_2022/led-hdmi-uart-switches/src/platform/mpfs_hal/common/mss_plic.h ****             current &= ~((uint32_t)1 << (IRQn % 32U));
 705:/home/makro/softconsole_2022/led-hdmi-uart-switches/src/platform/mpfs_hal/common/mss_plic.h ****             PLIC->HART1_MMODE_ENA[IRQn / 32U] = current;
 706:/home/makro/softconsole_2022/led-hdmi-uart-switches/src/platform/mpfs_hal/common/mss_plic.h ****             break;
 707:/home/makro/softconsole_2022/led-hdmi-uart-switches/src/platform/mpfs_hal/common/mss_plic.h ****         case 2:
 708:/home/makro/softconsole_2022/led-hdmi-uart-switches/src/platform/mpfs_hal/common/mss_plic.h ****             current = PLIC->HART2_MMODE_ENA[IRQn / 32U];
 709:/home/makro/softconsole_2022/led-hdmi-uart-switches/src/platform/mpfs_hal/common/mss_plic.h ****             current &= ~((uint32_t)1 << (IRQn % 32U));
 710:/home/makro/softconsole_2022/led-hdmi-uart-switches/src/platform/mpfs_hal/common/mss_plic.h ****             PLIC->HART2_MMODE_ENA[IRQn / 32U] = current;
 711:/home/makro/softconsole_2022/led-hdmi-uart-switches/src/platform/mpfs_hal/common/mss_plic.h ****             break;
 712:/home/makro/softconsole_2022/led-hdmi-uart-switches/src/platform/mpfs_hal/common/mss_plic.h ****         case 3:
 713:/home/makro/softconsole_2022/led-hdmi-uart-switches/src/platform/mpfs_hal/common/mss_plic.h ****             current = PLIC->HART3_MMODE_ENA[IRQn / 32U];
 714:/home/makro/softconsole_2022/led-hdmi-uart-switches/src/platform/mpfs_hal/common/mss_plic.h ****             current &= ~((uint32_t)1 << (IRQn % 32U));
 715:/home/makro/softconsole_2022/led-hdmi-uart-switches/src/platform/mpfs_hal/common/mss_plic.h ****             PLIC->HART3_MMODE_ENA[IRQn / 32U] = current;
 716:/home/makro/softconsole_2022/led-hdmi-uart-switches/src/platform/mpfs_hal/common/mss_plic.h ****             break;
 717:/home/makro/softconsole_2022/led-hdmi-uart-switches/src/platform/mpfs_hal/common/mss_plic.h ****         case 4:
 718:/home/makro/softconsole_2022/led-hdmi-uart-switches/src/platform/mpfs_hal/common/mss_plic.h ****             current = PLIC->HART4_MMODE_ENA[IRQn / 32U];
 204              		.loc 1 718 21 is_stmt 0
 205 0022 3727000C 		li	a4,201334784
 206 0026 7D89     		andi	a0,a0,31
 207              	.LVL23:
 208 0028 BA97     		add	a5,a5,a4
 695:/home/makro/softconsole_2022/led-hdmi-uart-switches/src/platform/mpfs_hal/common/mss_plic.h ****     switch(hart_id)
 209              		.loc 1 695 5
 210 002a 8286     		jr	a3
 211              		.section	.rodata.PLIC_DisableIRQ,"a",@progbits
 212              		.align	2
 213              		.align	2
 214              	.L12:
 215 0000 00000000 		.word	.L16-.L12
 216 0004 00000000 		.word	.L15-.L12
 217 0008 00000000 		.word	.L14-.L12
 218 000c 00000000 		.word	.L13-.L12
 219 0010 00000000 		.word	.L11-.L12
 220              		.section	.text.PLIC_DisableIRQ
 221              	.L16:
 222              	.LVL24:
 223              	.LBB16:
 224              	.LBB17:
 698:/home/makro/softconsole_2022/led-hdmi-uart-switches/src/platform/mpfs_hal/common/mss_plic.h ****             current &= ~((uint32_t)1 << (IRQn % 32U));
 225              		.loc 1 698 13 is_stmt 1
 698:/home/makro/softconsole_2022/led-hdmi-uart-switches/src/platform/mpfs_hal/common/mss_plic.h ****             current &= ~((uint32_t)1 << (IRQn % 32U));
 226              		.loc 1 698 21 is_stmt 0
 227 002c 9043     		lw	a2,0(a5)
 228              	.LVL25:
 699:/home/makro/softconsole_2022/led-hdmi-uart-switches/src/platform/mpfs_hal/common/mss_plic.h ****             PLIC->HART0_MMODE_ENA[IRQn / 32U] = current;
 229              		.loc 1 699 13 is_stmt 1
 699:/home/makro/softconsole_2022/led-hdmi-uart-switches/src/platform/mpfs_hal/common/mss_plic.h ****             PLIC->HART0_MMODE_ENA[IRQn / 32U] = current;
 230              		.loc 1 699 38 is_stmt 0
 231 002e 8546     		li	a3,1
 232 0030 3B97A600 		sllw	a4,a3,a0
 699:/home/makro/softconsole_2022/led-hdmi-uart-switches/src/platform/mpfs_hal/common/mss_plic.h ****             PLIC->HART0_MMODE_ENA[IRQn / 32U] = current;
 233              		.loc 1 699 24
 234 0034 1347F7FF 		not	a4,a4
 699:/home/makro/softconsole_2022/led-hdmi-uart-switches/src/platform/mpfs_hal/common/mss_plic.h ****             PLIC->HART0_MMODE_ENA[IRQn / 32U] = current;
 235              		.loc 1 699 21
 236 0038 718F     		and	a4,a4,a2
 237 003a 0127     		sext.w	a4,a4
 238              	.LVL26:
 700:/home/makro/softconsole_2022/led-hdmi-uart-switches/src/platform/mpfs_hal/common/mss_plic.h ****             break;
 239              		.loc 1 700 13 is_stmt 1
 700:/home/makro/softconsole_2022/led-hdmi-uart-switches/src/platform/mpfs_hal/common/mss_plic.h ****             break;
 240              		.loc 1 700 47 is_stmt 0
 241 003c 98C3     		sw	a4,0(a5)
 701:/home/makro/softconsole_2022/led-hdmi-uart-switches/src/platform/mpfs_hal/common/mss_plic.h ****         case 1:
 242              		.loc 1 701 13 is_stmt 1
 243 003e 8280     		ret
 244              	.LVL27:
 245              	.L15:
 246              	.LBE17:
 247              	.LBE16:
 703:/home/makro/softconsole_2022/led-hdmi-uart-switches/src/platform/mpfs_hal/common/mss_plic.h ****             current &= ~((uint32_t)1 << (IRQn % 32U));
 248              		.loc 1 703 13
 703:/home/makro/softconsole_2022/led-hdmi-uart-switches/src/platform/mpfs_hal/common/mss_plic.h ****             current &= ~((uint32_t)1 << (IRQn % 32U));
 249              		.loc 1 703 21 is_stmt 0
 250 0040 83A60708 		lw	a3,128(a5)
 251              	.LVL28:
 704:/home/makro/softconsole_2022/led-hdmi-uart-switches/src/platform/mpfs_hal/common/mss_plic.h ****             PLIC->HART1_MMODE_ENA[IRQn / 32U] = current;
 252              		.loc 1 704 13 is_stmt 1
 704:/home/makro/softconsole_2022/led-hdmi-uart-switches/src/platform/mpfs_hal/common/mss_plic.h ****             PLIC->HART1_MMODE_ENA[IRQn / 32U] = current;
 253              		.loc 1 704 38 is_stmt 0
 254 0044 0547     		li	a4,1
 255 0046 3B17A700 		sllw	a4,a4,a0
 704:/home/makro/softconsole_2022/led-hdmi-uart-switches/src/platform/mpfs_hal/common/mss_plic.h ****             PLIC->HART1_MMODE_ENA[IRQn / 32U] = current;
 256              		.loc 1 704 24
 257 004a 1347F7FF 		not	a4,a4
 704:/home/makro/softconsole_2022/led-hdmi-uart-switches/src/platform/mpfs_hal/common/mss_plic.h ****             PLIC->HART1_MMODE_ENA[IRQn / 32U] = current;
 258              		.loc 1 704 21
 259 004e 758F     		and	a4,a4,a3
 260 0050 0127     		sext.w	a4,a4
 261              	.LVL29:
 705:/home/makro/softconsole_2022/led-hdmi-uart-switches/src/platform/mpfs_hal/common/mss_plic.h ****             break;
 262              		.loc 1 705 13 is_stmt 1
 705:/home/makro/softconsole_2022/led-hdmi-uart-switches/src/platform/mpfs_hal/common/mss_plic.h ****             break;
 263              		.loc 1 705 47 is_stmt 0
 264 0052 23A0E708 		sw	a4,128(a5)
 706:/home/makro/softconsole_2022/led-hdmi-uart-switches/src/platform/mpfs_hal/common/mss_plic.h ****         case 2:
 265              		.loc 1 706 13 is_stmt 1
 266 0056 8280     		ret
 267              	.LVL30:
 268              	.L14:
 708:/home/makro/softconsole_2022/led-hdmi-uart-switches/src/platform/mpfs_hal/common/mss_plic.h ****             current &= ~((uint32_t)1 << (IRQn % 32U));
 269              		.loc 1 708 13
 708:/home/makro/softconsole_2022/led-hdmi-uart-switches/src/platform/mpfs_hal/common/mss_plic.h ****             current &= ~((uint32_t)1 << (IRQn % 32U));
 270              		.loc 1 708 21 is_stmt 0
 271 0058 83A60718 		lw	a3,384(a5)
 272              	.LVL31:
 709:/home/makro/softconsole_2022/led-hdmi-uart-switches/src/platform/mpfs_hal/common/mss_plic.h ****             PLIC->HART2_MMODE_ENA[IRQn / 32U] = current;
 273              		.loc 1 709 13 is_stmt 1
 709:/home/makro/softconsole_2022/led-hdmi-uart-switches/src/platform/mpfs_hal/common/mss_plic.h ****             PLIC->HART2_MMODE_ENA[IRQn / 32U] = current;
 274              		.loc 1 709 38 is_stmt 0
 275 005c 0547     		li	a4,1
 276 005e 3B17A700 		sllw	a4,a4,a0
 709:/home/makro/softconsole_2022/led-hdmi-uart-switches/src/platform/mpfs_hal/common/mss_plic.h ****             PLIC->HART2_MMODE_ENA[IRQn / 32U] = current;
 277              		.loc 1 709 24
 278 0062 1347F7FF 		not	a4,a4
 709:/home/makro/softconsole_2022/led-hdmi-uart-switches/src/platform/mpfs_hal/common/mss_plic.h ****             PLIC->HART2_MMODE_ENA[IRQn / 32U] = current;
 279              		.loc 1 709 21
 280 0066 758F     		and	a4,a4,a3
 281 0068 0127     		sext.w	a4,a4
 282              	.LVL32:
 710:/home/makro/softconsole_2022/led-hdmi-uart-switches/src/platform/mpfs_hal/common/mss_plic.h ****             break;
 283              		.loc 1 710 13 is_stmt 1
 710:/home/makro/softconsole_2022/led-hdmi-uart-switches/src/platform/mpfs_hal/common/mss_plic.h ****             break;
 284              		.loc 1 710 47 is_stmt 0
 285 006a 23A0E718 		sw	a4,384(a5)
 711:/home/makro/softconsole_2022/led-hdmi-uart-switches/src/platform/mpfs_hal/common/mss_plic.h ****         case 3:
 286              		.loc 1 711 13 is_stmt 1
 287 006e 8280     		ret
 288              	.LVL33:
 289              	.L13:
 713:/home/makro/softconsole_2022/led-hdmi-uart-switches/src/platform/mpfs_hal/common/mss_plic.h ****             current &= ~((uint32_t)1 << (IRQn % 32U));
 290              		.loc 1 713 13
 713:/home/makro/softconsole_2022/led-hdmi-uart-switches/src/platform/mpfs_hal/common/mss_plic.h ****             current &= ~((uint32_t)1 << (IRQn % 32U));
 291              		.loc 1 713 21 is_stmt 0
 292 0070 83A60728 		lw	a3,640(a5)
 293              	.LVL34:
 714:/home/makro/softconsole_2022/led-hdmi-uart-switches/src/platform/mpfs_hal/common/mss_plic.h ****             PLIC->HART3_MMODE_ENA[IRQn / 32U] = current;
 294              		.loc 1 714 13 is_stmt 1
 714:/home/makro/softconsole_2022/led-hdmi-uart-switches/src/platform/mpfs_hal/common/mss_plic.h ****             PLIC->HART3_MMODE_ENA[IRQn / 32U] = current;
 295              		.loc 1 714 38 is_stmt 0
 296 0074 0547     		li	a4,1
 297 0076 3B17A700 		sllw	a4,a4,a0
 714:/home/makro/softconsole_2022/led-hdmi-uart-switches/src/platform/mpfs_hal/common/mss_plic.h ****             PLIC->HART3_MMODE_ENA[IRQn / 32U] = current;
 298              		.loc 1 714 24
 299 007a 1347F7FF 		not	a4,a4
 714:/home/makro/softconsole_2022/led-hdmi-uart-switches/src/platform/mpfs_hal/common/mss_plic.h ****             PLIC->HART3_MMODE_ENA[IRQn / 32U] = current;
 300              		.loc 1 714 21
 301 007e 758F     		and	a4,a4,a3
 302 0080 0127     		sext.w	a4,a4
 303              	.LVL35:
 715:/home/makro/softconsole_2022/led-hdmi-uart-switches/src/platform/mpfs_hal/common/mss_plic.h ****             break;
 304              		.loc 1 715 13 is_stmt 1
 715:/home/makro/softconsole_2022/led-hdmi-uart-switches/src/platform/mpfs_hal/common/mss_plic.h ****             break;
 305              		.loc 1 715 47 is_stmt 0
 306 0082 23A0E728 		sw	a4,640(a5)
 716:/home/makro/softconsole_2022/led-hdmi-uart-switches/src/platform/mpfs_hal/common/mss_plic.h ****         case 4:
 307              		.loc 1 716 13 is_stmt 1
 308 0086 8280     		ret
 309              	.LVL36:
 310              	.L11:
 311              		.loc 1 718 13
 312              		.loc 1 718 21 is_stmt 0
 313 0088 83A60738 		lw	a3,896(a5)
 314              	.LVL37:
 719:/home/makro/softconsole_2022/led-hdmi-uart-switches/src/platform/mpfs_hal/common/mss_plic.h ****             current &= ~((uint32_t)1 << (IRQn % 32U));
 315              		.loc 1 719 13 is_stmt 1
 316              		.loc 1 719 38 is_stmt 0
 317 008c 0547     		li	a4,1
 318 008e 3B17A700 		sllw	a4,a4,a0
 319              		.loc 1 719 24
 320 0092 1347F7FF 		not	a4,a4
 321              		.loc 1 719 21
 322 0096 758F     		and	a4,a4,a3
 323 0098 0127     		sext.w	a4,a4
 324              	.LVL38:
 720:/home/makro/softconsole_2022/led-hdmi-uart-switches/src/platform/mpfs_hal/common/mss_plic.h ****             PLIC->HART4_MMODE_ENA[IRQn / 32U] = current;
 325              		.loc 1 720 13 is_stmt 1
 326              		.loc 1 720 47 is_stmt 0
 327 009a 23A0E738 		sw	a4,896(a5)
 721:/home/makro/softconsole_2022/led-hdmi-uart-switches/src/platform/mpfs_hal/common/mss_plic.h ****             break;
 328              		.loc 1 721 13 is_stmt 1
 329              	.LVL39:
 330              	.L9:
 722:/home/makro/softconsole_2022/led-hdmi-uart-switches/src/platform/mpfs_hal/common/mss_plic.h ****         default:
 723:/home/makro/softconsole_2022/led-hdmi-uart-switches/src/platform/mpfs_hal/common/mss_plic.h ****             break;
 724:/home/makro/softconsole_2022/led-hdmi-uart-switches/src/platform/mpfs_hal/common/mss_plic.h ****     }
 725:/home/makro/softconsole_2022/led-hdmi-uart-switches/src/platform/mpfs_hal/common/mss_plic.h **** }
 331              		.loc 1 725 1 is_stmt 0
 332 009e 8280     		ret
 333              		.cfi_endproc
 334              	.LFE8:
 336              		.section	.text.gpio_number_validate,"ax",@progbits
 337              		.align	1
 339              	gpio_number_validate:
 340              	.LFB34:
 341              		.file 2 "../src/platform/drivers/mss/mss_gpio/mss_gpio.c"
   1:../src/platform/drivers/mss/mss_gpio/mss_gpio.c **** /*******************************************************************************
   2:../src/platform/drivers/mss/mss_gpio/mss_gpio.c ****  * Copyright 2019-2020 Microchip FPGA Embedded Systems Solutions.
   3:../src/platform/drivers/mss/mss_gpio/mss_gpio.c ****  *
   4:../src/platform/drivers/mss/mss_gpio/mss_gpio.c ****  * SPDX-License-Identifier: MIT
   5:../src/platform/drivers/mss/mss_gpio/mss_gpio.c ****  * 
   6:../src/platform/drivers/mss/mss_gpio/mss_gpio.c ****  * PolarFire SoC microprocessor subsystem GPIO bare metal driver implementation.
   7:../src/platform/drivers/mss/mss_gpio/mss_gpio.c ****  *
   8:../src/platform/drivers/mss/mss_gpio/mss_gpio.c ****  * This driver is based on SmartFusion2 MSS GPIO driver v2.1.102
   9:../src/platform/drivers/mss/mss_gpio/mss_gpio.c ****  *
  10:../src/platform/drivers/mss/mss_gpio/mss_gpio.c ****  */
  11:../src/platform/drivers/mss/mss_gpio/mss_gpio.c **** 
  12:../src/platform/drivers/mss/mss_gpio/mss_gpio.c **** #include "mpfs_hal/mss_hal.h"
  13:../src/platform/drivers/mss/mss_gpio/mss_gpio.c **** #include "mss_gpio.h"
  14:../src/platform/drivers/mss/mss_gpio/mss_gpio.c **** 
  15:../src/platform/drivers/mss/mss_gpio/mss_gpio.c **** #ifdef __cplusplus
  16:../src/platform/drivers/mss/mss_gpio/mss_gpio.c **** extern "C" {
  17:../src/platform/drivers/mss/mss_gpio/mss_gpio.c **** #endif 
  18:../src/platform/drivers/mss/mss_gpio/mss_gpio.c **** 
  19:../src/platform/drivers/mss/mss_gpio/mss_gpio.c **** /*-------------------------------------------------------------------------*//**
  20:../src/platform/drivers/mss/mss_gpio/mss_gpio.c ****  * Defines.
  21:../src/platform/drivers/mss/mss_gpio/mss_gpio.c ****  */
  22:../src/platform/drivers/mss/mss_gpio/mss_gpio.c **** #define GPIO_INT_ENABLE_MASK                ((uint32_t)0x00000008)
  23:../src/platform/drivers/mss/mss_gpio/mss_gpio.c **** #define OUTPUT_BUFFER_ENABLE_MASK           ((uint32_t)0x00000004)
  24:../src/platform/drivers/mss/mss_gpio/mss_gpio.c **** 
  25:../src/platform/drivers/mss/mss_gpio/mss_gpio.c **** /*These constants define the number of GPIO bits available on each GPIO
  26:../src/platform/drivers/mss/mss_gpio/mss_gpio.c ****  * hardware block*/
  27:../src/platform/drivers/mss/mss_gpio/mss_gpio.c **** #define NB_OF_GPIO_GPIO0                    ((uint32_t)14)
  28:../src/platform/drivers/mss/mss_gpio/mss_gpio.c **** #define NB_OF_GPIO_GPIO1                    ((uint32_t)24)
  29:../src/platform/drivers/mss/mss_gpio/mss_gpio.c **** #define NB_OF_GPIO_GPIO2                    ((uint32_t)32)
  30:../src/platform/drivers/mss/mss_gpio/mss_gpio.c **** 
  31:../src/platform/drivers/mss/mss_gpio/mss_gpio.c **** /*This constant indicates the total number of GPIO interrupt inputs at the PLIC
  32:../src/platform/drivers/mss/mss_gpio/mss_gpio.c ****  * (includes the direct and non-direct GPIO interrupts)*/
  33:../src/platform/drivers/mss/mss_gpio/mss_gpio.c **** #define NB_OF_GPIO_INTR                     ((uint32_t)41)
  34:../src/platform/drivers/mss/mss_gpio/mss_gpio.c **** 
  35:../src/platform/drivers/mss/mss_gpio/mss_gpio.c **** /*-------------------------------------------------------------------------*//**
  36:../src/platform/drivers/mss/mss_gpio/mss_gpio.c ****  * Lookup table of GPIO interrupt number indexed on GPIO ID.
  37:../src/platform/drivers/mss/mss_gpio/mss_gpio.c ****  * The GPIO interrupts are multiplexed. Total GPIO interrupts are 41.
  38:../src/platform/drivers/mss/mss_gpio/mss_gpio.c ****  * 41 = (14 from GPIO0 + 24 from GPIO1 + 3 non direct interrupts)
  39:../src/platform/drivers/mss/mss_gpio/mss_gpio.c ****  * GPIO2 interrupts are not available by default. Setting the corresponding bit
  40:../src/platform/drivers/mss/mss_gpio/mss_gpio.c ****  * in GPIO_INTERRUPT_FAB_CR(31:0) will enable GPIO2(31:0) corresponding
  41:../src/platform/drivers/mss/mss_gpio/mss_gpio.c ****  * interrupt on PLIC.
  42:../src/platform/drivers/mss/mss_gpio/mss_gpio.c ****  *
  43:../src/platform/drivers/mss/mss_gpio/mss_gpio.c ****  * PLIC       GPIO_INTERRUPT_FAB_CR
  44:../src/platform/drivers/mss/mss_gpio/mss_gpio.c ****                 0               1
  45:../src/platform/drivers/mss/mss_gpio/mss_gpio.c ****     0       GPIO0 bit 0     GPIO2 bit 0
  46:../src/platform/drivers/mss/mss_gpio/mss_gpio.c ****     1       GPIO0 bit 1     GPIO2 bit 1
  47:../src/platform/drivers/mss/mss_gpio/mss_gpio.c ****     .
  48:../src/platform/drivers/mss/mss_gpio/mss_gpio.c ****     .
  49:../src/platform/drivers/mss/mss_gpio/mss_gpio.c ****     12      GPIO0 bit 12    GPIO2 bit 12
  50:../src/platform/drivers/mss/mss_gpio/mss_gpio.c ****     13      GPIO0 bit 13    GPIO2 bit 13
  51:../src/platform/drivers/mss/mss_gpio/mss_gpio.c ****     14      GPIO1 bit 0     GPIO2 bit 14
  52:../src/platform/drivers/mss/mss_gpio/mss_gpio.c ****     15      GPIO1 bit 1     GPIO2 bit 15
  53:../src/platform/drivers/mss/mss_gpio/mss_gpio.c ****     .
  54:../src/platform/drivers/mss/mss_gpio/mss_gpio.c ****     .
  55:../src/platform/drivers/mss/mss_gpio/mss_gpio.c ****     .
  56:../src/platform/drivers/mss/mss_gpio/mss_gpio.c ****     30      GPIO1 bit 16    GPIO2 bit 30
  57:../src/platform/drivers/mss/mss_gpio/mss_gpio.c ****     31      GPIO1 bit 17    GPIO2 bit 31
  58:../src/platform/drivers/mss/mss_gpio/mss_gpio.c ****     32          GPIO1 bit 18
  59:../src/platform/drivers/mss/mss_gpio/mss_gpio.c ****     33          GPIO1 bit 19
  60:../src/platform/drivers/mss/mss_gpio/mss_gpio.c ****     34          GPIO1 bit 20
  61:../src/platform/drivers/mss/mss_gpio/mss_gpio.c ****     35          GPIO1 bit 21
  62:../src/platform/drivers/mss/mss_gpio/mss_gpio.c ****     36          GPIO1 bit 22
  63:../src/platform/drivers/mss/mss_gpio/mss_gpio.c ****     37          GPIO1 bit 23
  64:../src/platform/drivers/mss/mss_gpio/mss_gpio.c ****     38  Or of all GPIO0 interrupts who do not have a direct connection enabled
  65:../src/platform/drivers/mss/mss_gpio/mss_gpio.c ****     39  Or of all GPIO1 interrupts who do not have a direct connection enabled
  66:../src/platform/drivers/mss/mss_gpio/mss_gpio.c ****     40  Or of all GPIO2 interrupts who do not have a direct connection enabled
  67:../src/platform/drivers/mss/mss_gpio/mss_gpio.c ****  *
  68:../src/platform/drivers/mss/mss_gpio/mss_gpio.c ****  */
  69:../src/platform/drivers/mss/mss_gpio/mss_gpio.c **** static const PLIC_IRQn_Type g_gpio_irqn_lut[NB_OF_GPIO_INTR] =
  70:../src/platform/drivers/mss/mss_gpio/mss_gpio.c **** {
  71:../src/platform/drivers/mss/mss_gpio/mss_gpio.c ****     GPIO0_BIT0_or_GPIO2_BIT0_PLIC_0,
  72:../src/platform/drivers/mss/mss_gpio/mss_gpio.c ****     GPIO0_BIT1_or_GPIO2_BIT1_PLIC_1,
  73:../src/platform/drivers/mss/mss_gpio/mss_gpio.c ****     GPIO0_BIT2_or_GPIO2_BIT2_PLIC_2,
  74:../src/platform/drivers/mss/mss_gpio/mss_gpio.c ****     GPIO0_BIT3_or_GPIO2_BIT3_PLIC_3,
  75:../src/platform/drivers/mss/mss_gpio/mss_gpio.c ****     GPIO0_BIT4_or_GPIO2_BIT4_PLIC_4,
  76:../src/platform/drivers/mss/mss_gpio/mss_gpio.c ****     GPIO0_BIT5_or_GPIO2_BIT5_PLIC_5,
  77:../src/platform/drivers/mss/mss_gpio/mss_gpio.c ****     GPIO0_BIT6_or_GPIO2_BIT6_PLIC_6,
  78:../src/platform/drivers/mss/mss_gpio/mss_gpio.c ****     GPIO0_BIT7_or_GPIO2_BIT7_PLIC_7,
  79:../src/platform/drivers/mss/mss_gpio/mss_gpio.c ****     GPIO0_BIT8_or_GPIO2_BIT8_PLIC_8,
  80:../src/platform/drivers/mss/mss_gpio/mss_gpio.c ****     GPIO0_BIT9_or_GPIO2_BIT9_PLIC_9,
  81:../src/platform/drivers/mss/mss_gpio/mss_gpio.c ****     GPIO0_BIT10_or_GPIO2_BIT10_PLIC_10,
  82:../src/platform/drivers/mss/mss_gpio/mss_gpio.c ****     GPIO0_BIT11_or_GPIO2_BIT11_PLIC_11,
  83:../src/platform/drivers/mss/mss_gpio/mss_gpio.c ****     GPIO0_BIT12_or_GPIO2_BIT12_PLIC_12,
  84:../src/platform/drivers/mss/mss_gpio/mss_gpio.c ****     GPIO0_BIT13_or_GPIO2_BIT13_PLIC_13,
  85:../src/platform/drivers/mss/mss_gpio/mss_gpio.c **** 
  86:../src/platform/drivers/mss/mss_gpio/mss_gpio.c ****     GPIO1_BIT0_or_GPIO2_BIT14_PLIC_14,
  87:../src/platform/drivers/mss/mss_gpio/mss_gpio.c ****     GPIO1_BIT1_or_GPIO2_BIT15_PLIC_15,
  88:../src/platform/drivers/mss/mss_gpio/mss_gpio.c ****     GPIO1_BIT2_or_GPIO2_BIT16_PLIC_16,
  89:../src/platform/drivers/mss/mss_gpio/mss_gpio.c ****     GPIO1_BIT3_or_GPIO2_BIT17_PLIC_17,
  90:../src/platform/drivers/mss/mss_gpio/mss_gpio.c ****     GPIO1_BIT4_or_GPIO2_BIT18_PLIC_18,
  91:../src/platform/drivers/mss/mss_gpio/mss_gpio.c ****     GPIO1_BIT5_or_GPIO2_BIT19_PLIC_19,
  92:../src/platform/drivers/mss/mss_gpio/mss_gpio.c ****     GPIO1_BIT6_or_GPIO2_BIT20_PLIC_20,
  93:../src/platform/drivers/mss/mss_gpio/mss_gpio.c ****     GPIO1_BIT7_or_GPIO2_BIT21_PLIC_21,
  94:../src/platform/drivers/mss/mss_gpio/mss_gpio.c ****     GPIO1_BIT8_or_GPIO2_BIT22_PLIC_22,
  95:../src/platform/drivers/mss/mss_gpio/mss_gpio.c ****     GPIO1_BIT9_or_GPIO2_BIT23_PLIC_23,
  96:../src/platform/drivers/mss/mss_gpio/mss_gpio.c ****     GPIO1_BIT10_or_GPIO2_BIT24_PLIC_24,
  97:../src/platform/drivers/mss/mss_gpio/mss_gpio.c ****     GPIO1_BIT11_or_GPIO2_BIT25_PLIC_25,
  98:../src/platform/drivers/mss/mss_gpio/mss_gpio.c ****     GPIO1_BIT12_or_GPIO2_BIT26_PLIC_26,
  99:../src/platform/drivers/mss/mss_gpio/mss_gpio.c ****     GPIO1_BIT13_or_GPIO2_BIT27_PLIC_27,
 100:../src/platform/drivers/mss/mss_gpio/mss_gpio.c ****     GPIO1_BIT14_or_GPIO2_BIT28_PLIC_28,
 101:../src/platform/drivers/mss/mss_gpio/mss_gpio.c ****     GPIO1_BIT15_or_GPIO2_BIT29_PLIC_29,
 102:../src/platform/drivers/mss/mss_gpio/mss_gpio.c ****     GPIO1_BIT16_or_GPIO2_BIT30_PLIC_30,
 103:../src/platform/drivers/mss/mss_gpio/mss_gpio.c ****     GPIO1_BIT17_or_GPIO2_BIT31_PLIC_31,
 104:../src/platform/drivers/mss/mss_gpio/mss_gpio.c **** 
 105:../src/platform/drivers/mss/mss_gpio/mss_gpio.c ****     GPIO1_BIT18_PLIC_32,
 106:../src/platform/drivers/mss/mss_gpio/mss_gpio.c ****     GPIO1_BIT19_PLIC_33,
 107:../src/platform/drivers/mss/mss_gpio/mss_gpio.c ****     GPIO1_BIT20_PLIC_34,
 108:../src/platform/drivers/mss/mss_gpio/mss_gpio.c ****     GPIO1_BIT21_PLIC_35,
 109:../src/platform/drivers/mss/mss_gpio/mss_gpio.c ****     GPIO1_BIT22_PLIC_36,
 110:../src/platform/drivers/mss/mss_gpio/mss_gpio.c ****     GPIO1_BIT23_PLIC_37,
 111:../src/platform/drivers/mss/mss_gpio/mss_gpio.c **** 
 112:../src/platform/drivers/mss/mss_gpio/mss_gpio.c ****     GPIO0_NON_DIRECT_PLIC,
 113:../src/platform/drivers/mss/mss_gpio/mss_gpio.c ****     GPIO1_NON_DIRECT_PLIC,
 114:../src/platform/drivers/mss/mss_gpio/mss_gpio.c ****     GPIO2_NON_DIRECT_PLIC
 115:../src/platform/drivers/mss/mss_gpio/mss_gpio.c **** };
 116:../src/platform/drivers/mss/mss_gpio/mss_gpio.c **** 
 117:../src/platform/drivers/mss/mss_gpio/mss_gpio.c **** /*-------------------------------------------------------------------------*//**
 118:../src/platform/drivers/mss/mss_gpio/mss_gpio.c ****  * Local functions
 119:../src/platform/drivers/mss/mss_gpio/mss_gpio.c ****  */
 120:../src/platform/drivers/mss/mss_gpio/mss_gpio.c **** static uint8_t gpio_number_validate(GPIO_TypeDef const * gpio, mss_gpio_id_t gpio_idx);
 121:../src/platform/drivers/mss/mss_gpio/mss_gpio.c **** 
 122:../src/platform/drivers/mss/mss_gpio/mss_gpio.c **** /*-------------------------------------------------------------------------*//**
 123:../src/platform/drivers/mss/mss_gpio/mss_gpio.c ****  * MSS_GPIO_init
 124:../src/platform/drivers/mss/mss_gpio/mss_gpio.c ****  * See "mss_gpio.h" for details of how to use this function.
 125:../src/platform/drivers/mss/mss_gpio/mss_gpio.c ****  */
 126:../src/platform/drivers/mss/mss_gpio/mss_gpio.c **** void
 127:../src/platform/drivers/mss/mss_gpio/mss_gpio.c **** MSS_GPIO_init
 128:../src/platform/drivers/mss/mss_gpio/mss_gpio.c **** (
 129:../src/platform/drivers/mss/mss_gpio/mss_gpio.c ****     GPIO_TypeDef * gpio
 130:../src/platform/drivers/mss/mss_gpio/mss_gpio.c **** )
 131:../src/platform/drivers/mss/mss_gpio/mss_gpio.c **** {
 132:../src/platform/drivers/mss/mss_gpio/mss_gpio.c ****     /* clear all pending interrupts*/
 133:../src/platform/drivers/mss/mss_gpio/mss_gpio.c ****     gpio->GPIO_IRQ = 0xFFFFFFFFU;
 134:../src/platform/drivers/mss/mss_gpio/mss_gpio.c **** }
 135:../src/platform/drivers/mss/mss_gpio/mss_gpio.c **** 
 136:../src/platform/drivers/mss/mss_gpio/mss_gpio.c **** /*-------------------------------------------------------------------------*//**
 137:../src/platform/drivers/mss/mss_gpio/mss_gpio.c ****  * MSS_GPIO_config
 138:../src/platform/drivers/mss/mss_gpio/mss_gpio.c ****  * See "mss_gpio.h" for details of how to use this function.
 139:../src/platform/drivers/mss/mss_gpio/mss_gpio.c ****  */
 140:../src/platform/drivers/mss/mss_gpio/mss_gpio.c **** void MSS_GPIO_config
 141:../src/platform/drivers/mss/mss_gpio/mss_gpio.c **** (
 142:../src/platform/drivers/mss/mss_gpio/mss_gpio.c ****     GPIO_TypeDef * gpio,
 143:../src/platform/drivers/mss/mss_gpio/mss_gpio.c ****     mss_gpio_id_t port_id,
 144:../src/platform/drivers/mss/mss_gpio/mss_gpio.c ****     uint32_t config
 145:../src/platform/drivers/mss/mss_gpio/mss_gpio.c **** )
 146:../src/platform/drivers/mss/mss_gpio/mss_gpio.c **** {
 147:../src/platform/drivers/mss/mss_gpio/mss_gpio.c ****     if (0U == gpio_number_validate(gpio, port_id))
 148:../src/platform/drivers/mss/mss_gpio/mss_gpio.c ****     {
 149:../src/platform/drivers/mss/mss_gpio/mss_gpio.c ****         gpio->GPIO_CFG[port_id] = config;
 150:../src/platform/drivers/mss/mss_gpio/mss_gpio.c ****     }
 151:../src/platform/drivers/mss/mss_gpio/mss_gpio.c ****     else
 152:../src/platform/drivers/mss/mss_gpio/mss_gpio.c ****     {
 153:../src/platform/drivers/mss/mss_gpio/mss_gpio.c ****         ASSERT(0); /*LDRA warning*/
 154:../src/platform/drivers/mss/mss_gpio/mss_gpio.c ****     }
 155:../src/platform/drivers/mss/mss_gpio/mss_gpio.c **** }
 156:../src/platform/drivers/mss/mss_gpio/mss_gpio.c **** 
 157:../src/platform/drivers/mss/mss_gpio/mss_gpio.c **** /*-------------------------------------------------------------------------*//**
 158:../src/platform/drivers/mss/mss_gpio/mss_gpio.c ****  * MSS_GPIO_config_byte
 159:../src/platform/drivers/mss/mss_gpio/mss_gpio.c ****  * See "mss_gpio.h" for details of how to use this function.
 160:../src/platform/drivers/mss/mss_gpio/mss_gpio.c ****  */
 161:../src/platform/drivers/mss/mss_gpio/mss_gpio.c **** void MSS_GPIO_config_byte
 162:../src/platform/drivers/mss/mss_gpio/mss_gpio.c **** (
 163:../src/platform/drivers/mss/mss_gpio/mss_gpio.c ****     GPIO_TypeDef * gpio,
 164:../src/platform/drivers/mss/mss_gpio/mss_gpio.c ****     mss_gpio_byte_num_t byte_num,
 165:../src/platform/drivers/mss/mss_gpio/mss_gpio.c ****     uint32_t config
 166:../src/platform/drivers/mss/mss_gpio/mss_gpio.c **** )
 167:../src/platform/drivers/mss/mss_gpio/mss_gpio.c **** {
 168:../src/platform/drivers/mss/mss_gpio/mss_gpio.c ****     if (((GPIO0_LO == gpio) || (GPIO0_HI == gpio)) &&
 169:../src/platform/drivers/mss/mss_gpio/mss_gpio.c ****                                                  (byte_num >= MSS_GPIO_BYTE_1))
 170:../src/platform/drivers/mss/mss_gpio/mss_gpio.c ****     {
 171:../src/platform/drivers/mss/mss_gpio/mss_gpio.c ****         ASSERT(0);
 172:../src/platform/drivers/mss/mss_gpio/mss_gpio.c ****     }
 173:../src/platform/drivers/mss/mss_gpio/mss_gpio.c ****     else if (((GPIO1_LO == gpio) || (GPIO1_HI == gpio)) &&
 174:../src/platform/drivers/mss/mss_gpio/mss_gpio.c ****                                                   (byte_num > MSS_GPIO_BYTE_2))
 175:../src/platform/drivers/mss/mss_gpio/mss_gpio.c ****     {
 176:../src/platform/drivers/mss/mss_gpio/mss_gpio.c ****         ASSERT(0);
 177:../src/platform/drivers/mss/mss_gpio/mss_gpio.c ****     }
 178:../src/platform/drivers/mss/mss_gpio/mss_gpio.c ****     else if (((GPIO2_LO == gpio) || (GPIO2_HI == gpio)) &&
 179:../src/platform/drivers/mss/mss_gpio/mss_gpio.c ****                                                   (byte_num > MSS_GPIO_BYTE_3))
 180:../src/platform/drivers/mss/mss_gpio/mss_gpio.c ****     {
 181:../src/platform/drivers/mss/mss_gpio/mss_gpio.c ****         ASSERT(0);
 182:../src/platform/drivers/mss/mss_gpio/mss_gpio.c ****     }
 183:../src/platform/drivers/mss/mss_gpio/mss_gpio.c ****     else
 184:../src/platform/drivers/mss/mss_gpio/mss_gpio.c ****     {
 185:../src/platform/drivers/mss/mss_gpio/mss_gpio.c ****         gpio->GPIO_CFG_BYTE[byte_num] = config;
 186:../src/platform/drivers/mss/mss_gpio/mss_gpio.c ****     }
 187:../src/platform/drivers/mss/mss_gpio/mss_gpio.c **** }
 188:../src/platform/drivers/mss/mss_gpio/mss_gpio.c **** 
 189:../src/platform/drivers/mss/mss_gpio/mss_gpio.c **** /*-------------------------------------------------------------------------*//**
 190:../src/platform/drivers/mss/mss_gpio/mss_gpio.c ****  * MSS_GPIO_config_all
 191:../src/platform/drivers/mss/mss_gpio/mss_gpio.c ****  * See "mss_gpio.h" for details of how to use this function.
 192:../src/platform/drivers/mss/mss_gpio/mss_gpio.c ****  */
 193:../src/platform/drivers/mss/mss_gpio/mss_gpio.c **** void MSS_GPIO_config_all
 194:../src/platform/drivers/mss/mss_gpio/mss_gpio.c **** (
 195:../src/platform/drivers/mss/mss_gpio/mss_gpio.c ****     GPIO_TypeDef * gpio,
 196:../src/platform/drivers/mss/mss_gpio/mss_gpio.c ****     uint32_t config
 197:../src/platform/drivers/mss/mss_gpio/mss_gpio.c **** )
 198:../src/platform/drivers/mss/mss_gpio/mss_gpio.c **** {
 199:../src/platform/drivers/mss/mss_gpio/mss_gpio.c ****     gpio->GPIO_CFG_ALL = config;
 200:../src/platform/drivers/mss/mss_gpio/mss_gpio.c **** }
 201:../src/platform/drivers/mss/mss_gpio/mss_gpio.c **** 
 202:../src/platform/drivers/mss/mss_gpio/mss_gpio.c **** /*-------------------------------------------------------------------------*//**
 203:../src/platform/drivers/mss/mss_gpio/mss_gpio.c ****  * MSS_GPIO_set_output
 204:../src/platform/drivers/mss/mss_gpio/mss_gpio.c ****  * See "mss_gpio.h" for details of how to use this function.
 205:../src/platform/drivers/mss/mss_gpio/mss_gpio.c ****  */
 206:../src/platform/drivers/mss/mss_gpio/mss_gpio.c **** void MSS_GPIO_set_output
 207:../src/platform/drivers/mss/mss_gpio/mss_gpio.c **** (
 208:../src/platform/drivers/mss/mss_gpio/mss_gpio.c ****     GPIO_TypeDef * gpio,
 209:../src/platform/drivers/mss/mss_gpio/mss_gpio.c ****     mss_gpio_id_t port_id,
 210:../src/platform/drivers/mss/mss_gpio/mss_gpio.c ****     uint8_t value
 211:../src/platform/drivers/mss/mss_gpio/mss_gpio.c **** )
 212:../src/platform/drivers/mss/mss_gpio/mss_gpio.c **** {
 213:../src/platform/drivers/mss/mss_gpio/mss_gpio.c ****     if (0U == gpio_number_validate(gpio, port_id))
 214:../src/platform/drivers/mss/mss_gpio/mss_gpio.c ****     {
 215:../src/platform/drivers/mss/mss_gpio/mss_gpio.c ****         /* Setting the bit in GPIO_SET_BITS (offset 0xA4) sets the corresponding
 216:../src/platform/drivers/mss/mss_gpio/mss_gpio.c ****          * output port.
 217:../src/platform/drivers/mss/mss_gpio/mss_gpio.c ****          * Setting the bit in GPIO_CLR_BITS (offset 0xA0) clears the
 218:../src/platform/drivers/mss/mss_gpio/mss_gpio.c ****          * corresponding output port.*/
 219:../src/platform/drivers/mss/mss_gpio/mss_gpio.c **** 
 220:../src/platform/drivers/mss/mss_gpio/mss_gpio.c ****         if (value > 0u)
 221:../src/platform/drivers/mss/mss_gpio/mss_gpio.c ****         {
 222:../src/platform/drivers/mss/mss_gpio/mss_gpio.c ****             gpio->GPIO_SET_BITS = ((uint32_t)0x01 << port_id);
 223:../src/platform/drivers/mss/mss_gpio/mss_gpio.c ****         }
 224:../src/platform/drivers/mss/mss_gpio/mss_gpio.c ****         else
 225:../src/platform/drivers/mss/mss_gpio/mss_gpio.c ****         {
 226:../src/platform/drivers/mss/mss_gpio/mss_gpio.c ****             gpio->GPIO_CLR_BITS = ((uint32_t)0x01 << port_id);
 227:../src/platform/drivers/mss/mss_gpio/mss_gpio.c ****         }
 228:../src/platform/drivers/mss/mss_gpio/mss_gpio.c ****     }
 229:../src/platform/drivers/mss/mss_gpio/mss_gpio.c ****     else
 230:../src/platform/drivers/mss/mss_gpio/mss_gpio.c ****     {
 231:../src/platform/drivers/mss/mss_gpio/mss_gpio.c ****         ASSERT(0); /*LDRA warning*/
 232:../src/platform/drivers/mss/mss_gpio/mss_gpio.c ****     }
 233:../src/platform/drivers/mss/mss_gpio/mss_gpio.c **** }
 234:../src/platform/drivers/mss/mss_gpio/mss_gpio.c **** 
 235:../src/platform/drivers/mss/mss_gpio/mss_gpio.c **** /*-------------------------------------------------------------------------*//**
 236:../src/platform/drivers/mss/mss_gpio/mss_gpio.c ****  * MSS_GPIO_drive_inout
 237:../src/platform/drivers/mss/mss_gpio/mss_gpio.c ****  * See "mss_gpio.h" for details of how to use this function.
 238:../src/platform/drivers/mss/mss_gpio/mss_gpio.c ****  */
 239:../src/platform/drivers/mss/mss_gpio/mss_gpio.c **** void MSS_GPIO_drive_inout
 240:../src/platform/drivers/mss/mss_gpio/mss_gpio.c **** (
 241:../src/platform/drivers/mss/mss_gpio/mss_gpio.c ****     GPIO_TypeDef * gpio,
 242:../src/platform/drivers/mss/mss_gpio/mss_gpio.c ****     mss_gpio_id_t port_id,
 243:../src/platform/drivers/mss/mss_gpio/mss_gpio.c ****     mss_gpio_inout_state_t inout_state
 244:../src/platform/drivers/mss/mss_gpio/mss_gpio.c **** )
 245:../src/platform/drivers/mss/mss_gpio/mss_gpio.c **** {
 246:../src/platform/drivers/mss/mss_gpio/mss_gpio.c ****     uint32_t config;
 247:../src/platform/drivers/mss/mss_gpio/mss_gpio.c ****     
 248:../src/platform/drivers/mss/mss_gpio/mss_gpio.c ****     if (0U == gpio_number_validate(gpio, port_id))
 249:../src/platform/drivers/mss/mss_gpio/mss_gpio.c ****     {
 250:../src/platform/drivers/mss/mss_gpio/mss_gpio.c ****         switch (inout_state)
 251:../src/platform/drivers/mss/mss_gpio/mss_gpio.c ****         {
 252:../src/platform/drivers/mss/mss_gpio/mss_gpio.c ****             case MSS_GPIO_DRIVE_HIGH:
 253:../src/platform/drivers/mss/mss_gpio/mss_gpio.c ****                 /* Set output high */
 254:../src/platform/drivers/mss/mss_gpio/mss_gpio.c ****                 gpio->GPIO_SET_BITS = ((uint32_t)1 << port_id);
 255:../src/platform/drivers/mss/mss_gpio/mss_gpio.c **** 
 256:../src/platform/drivers/mss/mss_gpio/mss_gpio.c ****                 /* Enable output buffer */
 257:../src/platform/drivers/mss/mss_gpio/mss_gpio.c ****                 config = gpio->GPIO_CFG[port_id];
 258:../src/platform/drivers/mss/mss_gpio/mss_gpio.c ****                 config |= OUTPUT_BUFFER_ENABLE_MASK;
 259:../src/platform/drivers/mss/mss_gpio/mss_gpio.c ****                 gpio->GPIO_CFG[port_id] = config;
 260:../src/platform/drivers/mss/mss_gpio/mss_gpio.c ****             break;
 261:../src/platform/drivers/mss/mss_gpio/mss_gpio.c **** 
 262:../src/platform/drivers/mss/mss_gpio/mss_gpio.c ****             case MSS_GPIO_DRIVE_LOW:
 263:../src/platform/drivers/mss/mss_gpio/mss_gpio.c ****                 /* Set output low */
 264:../src/platform/drivers/mss/mss_gpio/mss_gpio.c ****                 gpio->GPIO_CLR_BITS = (uint32_t)1 << port_id;
 265:../src/platform/drivers/mss/mss_gpio/mss_gpio.c ****                 /* Enable output buffer */
 266:../src/platform/drivers/mss/mss_gpio/mss_gpio.c ****                 config = gpio->GPIO_CFG[port_id];
 267:../src/platform/drivers/mss/mss_gpio/mss_gpio.c ****                 config |= OUTPUT_BUFFER_ENABLE_MASK;
 268:../src/platform/drivers/mss/mss_gpio/mss_gpio.c ****                 gpio->GPIO_CFG[port_id] = config;
 269:../src/platform/drivers/mss/mss_gpio/mss_gpio.c ****             break;
 270:../src/platform/drivers/mss/mss_gpio/mss_gpio.c **** 
 271:../src/platform/drivers/mss/mss_gpio/mss_gpio.c ****             case MSS_GPIO_HIGH_Z:
 272:../src/platform/drivers/mss/mss_gpio/mss_gpio.c ****                 /* Disable output buffer */
 273:../src/platform/drivers/mss/mss_gpio/mss_gpio.c ****                 config = gpio->GPIO_CFG[port_id];
 274:../src/platform/drivers/mss/mss_gpio/mss_gpio.c ****                 config &= ~OUTPUT_BUFFER_ENABLE_MASK;
 275:../src/platform/drivers/mss/mss_gpio/mss_gpio.c ****                 gpio->GPIO_CFG[port_id] = config;
 276:../src/platform/drivers/mss/mss_gpio/mss_gpio.c ****             break;
 277:../src/platform/drivers/mss/mss_gpio/mss_gpio.c **** 
 278:../src/platform/drivers/mss/mss_gpio/mss_gpio.c ****             default:
 279:../src/platform/drivers/mss/mss_gpio/mss_gpio.c ****                 ASSERT(0);
 280:../src/platform/drivers/mss/mss_gpio/mss_gpio.c ****             break;
 281:../src/platform/drivers/mss/mss_gpio/mss_gpio.c ****         }
 282:../src/platform/drivers/mss/mss_gpio/mss_gpio.c ****     }
 283:../src/platform/drivers/mss/mss_gpio/mss_gpio.c ****     else
 284:../src/platform/drivers/mss/mss_gpio/mss_gpio.c ****     {
 285:../src/platform/drivers/mss/mss_gpio/mss_gpio.c ****         ASSERT(0); /*LDRA warning*/
 286:../src/platform/drivers/mss/mss_gpio/mss_gpio.c ****     }
 287:../src/platform/drivers/mss/mss_gpio/mss_gpio.c **** }
 288:../src/platform/drivers/mss/mss_gpio/mss_gpio.c **** 
 289:../src/platform/drivers/mss/mss_gpio/mss_gpio.c **** /*-------------------------------------------------------------------------*//**
 290:../src/platform/drivers/mss/mss_gpio/mss_gpio.c ****  * MSS_GPIO_enable_irq
 291:../src/platform/drivers/mss/mss_gpio/mss_gpio.c ****  * See "mss_gpio.h" for details of how to use this function.
 292:../src/platform/drivers/mss/mss_gpio/mss_gpio.c ****  */
 293:../src/platform/drivers/mss/mss_gpio/mss_gpio.c **** void MSS_GPIO_enable_irq
 294:../src/platform/drivers/mss/mss_gpio/mss_gpio.c **** (
 295:../src/platform/drivers/mss/mss_gpio/mss_gpio.c ****     GPIO_TypeDef * gpio,
 296:../src/platform/drivers/mss/mss_gpio/mss_gpio.c ****     mss_gpio_id_t port_id
 297:../src/platform/drivers/mss/mss_gpio/mss_gpio.c **** )
 298:../src/platform/drivers/mss/mss_gpio/mss_gpio.c **** {
 299:../src/platform/drivers/mss/mss_gpio/mss_gpio.c ****     uint32_t cfg_value;
 300:../src/platform/drivers/mss/mss_gpio/mss_gpio.c **** 
 301:../src/platform/drivers/mss/mss_gpio/mss_gpio.c ****     if (0U == gpio_number_validate(gpio, port_id))
 302:../src/platform/drivers/mss/mss_gpio/mss_gpio.c ****     {
 303:../src/platform/drivers/mss/mss_gpio/mss_gpio.c ****         cfg_value = gpio->GPIO_CFG[(uint8_t)port_id];
 304:../src/platform/drivers/mss/mss_gpio/mss_gpio.c ****         gpio->GPIO_CFG[(uint8_t)port_id] = (cfg_value | GPIO_INT_ENABLE_MASK);
 305:../src/platform/drivers/mss/mss_gpio/mss_gpio.c **** 
 306:../src/platform/drivers/mss/mss_gpio/mss_gpio.c ****         if ((GPIO0_LO == gpio) || (GPIO0_HI == gpio))
 307:../src/platform/drivers/mss/mss_gpio/mss_gpio.c ****         {
 308:../src/platform/drivers/mss/mss_gpio/mss_gpio.c ****             PLIC_EnableIRQ(g_gpio_irqn_lut[port_id]);
 309:../src/platform/drivers/mss/mss_gpio/mss_gpio.c ****         }
 310:../src/platform/drivers/mss/mss_gpio/mss_gpio.c ****         else if ((GPIO1_LO == gpio) || (GPIO1_HI == gpio))
 311:../src/platform/drivers/mss/mss_gpio/mss_gpio.c ****         {
 312:../src/platform/drivers/mss/mss_gpio/mss_gpio.c ****             PLIC_EnableIRQ(g_gpio_irqn_lut[port_id +
 313:../src/platform/drivers/mss/mss_gpio/mss_gpio.c ****                                            GPIO1_BIT0_or_GPIO2_BIT14_PLIC_14]);
 314:../src/platform/drivers/mss/mss_gpio/mss_gpio.c ****         }
 315:../src/platform/drivers/mss/mss_gpio/mss_gpio.c ****         else if ((GPIO2_LO == gpio) || (GPIO2_HI == gpio))
 316:../src/platform/drivers/mss/mss_gpio/mss_gpio.c ****         {
 317:../src/platform/drivers/mss/mss_gpio/mss_gpio.c ****             PLIC_EnableIRQ(g_gpio_irqn_lut[port_id]);
 318:../src/platform/drivers/mss/mss_gpio/mss_gpio.c ****         }
 319:../src/platform/drivers/mss/mss_gpio/mss_gpio.c ****         else
 320:../src/platform/drivers/mss/mss_gpio/mss_gpio.c ****         {
 321:../src/platform/drivers/mss/mss_gpio/mss_gpio.c ****             ASSERT(0); /*LDRA warning*/
 322:../src/platform/drivers/mss/mss_gpio/mss_gpio.c ****         }
 323:../src/platform/drivers/mss/mss_gpio/mss_gpio.c ****     }
 324:../src/platform/drivers/mss/mss_gpio/mss_gpio.c ****     else
 325:../src/platform/drivers/mss/mss_gpio/mss_gpio.c ****     {
 326:../src/platform/drivers/mss/mss_gpio/mss_gpio.c ****         ASSERT(0); /*LDRA warning*/
 327:../src/platform/drivers/mss/mss_gpio/mss_gpio.c ****     }
 328:../src/platform/drivers/mss/mss_gpio/mss_gpio.c **** }
 329:../src/platform/drivers/mss/mss_gpio/mss_gpio.c **** 
 330:../src/platform/drivers/mss/mss_gpio/mss_gpio.c **** /*-------------------------------------------------------------------------*//**
 331:../src/platform/drivers/mss/mss_gpio/mss_gpio.c ****  * MSS_GPIO_disable_irq
 332:../src/platform/drivers/mss/mss_gpio/mss_gpio.c ****  * See "mss_gpio.h" for details of how to use this function.
 333:../src/platform/drivers/mss/mss_gpio/mss_gpio.c ****  */
 334:../src/platform/drivers/mss/mss_gpio/mss_gpio.c **** 
 335:../src/platform/drivers/mss/mss_gpio/mss_gpio.c **** void MSS_GPIO_disable_irq
 336:../src/platform/drivers/mss/mss_gpio/mss_gpio.c **** (
 337:../src/platform/drivers/mss/mss_gpio/mss_gpio.c ****     GPIO_TypeDef * gpio,
 338:../src/platform/drivers/mss/mss_gpio/mss_gpio.c ****     mss_gpio_id_t port_id
 339:../src/platform/drivers/mss/mss_gpio/mss_gpio.c **** )
 340:../src/platform/drivers/mss/mss_gpio/mss_gpio.c **** {
 341:../src/platform/drivers/mss/mss_gpio/mss_gpio.c ****     uint32_t cfg_value;
 342:../src/platform/drivers/mss/mss_gpio/mss_gpio.c **** 
 343:../src/platform/drivers/mss/mss_gpio/mss_gpio.c ****     if (0U == gpio_number_validate(gpio, port_id))
 344:../src/platform/drivers/mss/mss_gpio/mss_gpio.c ****     {
 345:../src/platform/drivers/mss/mss_gpio/mss_gpio.c ****         cfg_value = gpio->GPIO_CFG[(uint8_t)port_id];
 346:../src/platform/drivers/mss/mss_gpio/mss_gpio.c ****         gpio->GPIO_CFG[(uint8_t)port_id] = (cfg_value & (~GPIO_INT_ENABLE_MASK));
 347:../src/platform/drivers/mss/mss_gpio/mss_gpio.c **** 
 348:../src/platform/drivers/mss/mss_gpio/mss_gpio.c ****         if ((GPIO0_LO == gpio) || (GPIO0_HI == gpio))
 349:../src/platform/drivers/mss/mss_gpio/mss_gpio.c ****         {
 350:../src/platform/drivers/mss/mss_gpio/mss_gpio.c ****             PLIC_DisableIRQ(g_gpio_irqn_lut[port_id]);
 351:../src/platform/drivers/mss/mss_gpio/mss_gpio.c ****         }
 352:../src/platform/drivers/mss/mss_gpio/mss_gpio.c ****         else if ((GPIO1_LO == gpio) || (GPIO1_HI == gpio))
 353:../src/platform/drivers/mss/mss_gpio/mss_gpio.c ****         {
 354:../src/platform/drivers/mss/mss_gpio/mss_gpio.c ****             PLIC_DisableIRQ(g_gpio_irqn_lut[port_id +
 355:../src/platform/drivers/mss/mss_gpio/mss_gpio.c ****                                             GPIO1_BIT0_or_GPIO2_BIT14_PLIC_14]);
 356:../src/platform/drivers/mss/mss_gpio/mss_gpio.c ****         }
 357:../src/platform/drivers/mss/mss_gpio/mss_gpio.c ****         else if ((GPIO2_LO == gpio) || (GPIO2_HI == gpio))
 358:../src/platform/drivers/mss/mss_gpio/mss_gpio.c ****         {
 359:../src/platform/drivers/mss/mss_gpio/mss_gpio.c ****             PLIC_DisableIRQ(GPIO2_NON_DIRECT_PLIC);
 360:../src/platform/drivers/mss/mss_gpio/mss_gpio.c ****         }
 361:../src/platform/drivers/mss/mss_gpio/mss_gpio.c ****         else
 362:../src/platform/drivers/mss/mss_gpio/mss_gpio.c ****         {
 363:../src/platform/drivers/mss/mss_gpio/mss_gpio.c ****             ASSERT(0); /*LDRA warning*/
 364:../src/platform/drivers/mss/mss_gpio/mss_gpio.c ****         }
 365:../src/platform/drivers/mss/mss_gpio/mss_gpio.c ****     }
 366:../src/platform/drivers/mss/mss_gpio/mss_gpio.c ****     else
 367:../src/platform/drivers/mss/mss_gpio/mss_gpio.c ****     {
 368:../src/platform/drivers/mss/mss_gpio/mss_gpio.c ****         ASSERT(0); /*LDRA warning*/
 369:../src/platform/drivers/mss/mss_gpio/mss_gpio.c ****     }
 370:../src/platform/drivers/mss/mss_gpio/mss_gpio.c **** }
 371:../src/platform/drivers/mss/mss_gpio/mss_gpio.c **** 
 372:../src/platform/drivers/mss/mss_gpio/mss_gpio.c **** /*-------------------------------------------------------------------------*//**
 373:../src/platform/drivers/mss/mss_gpio/mss_gpio.c ****  * MSS_GPIO_enable_nondirect_irq
 374:../src/platform/drivers/mss/mss_gpio/mss_gpio.c ****  * See "mss_gpio.h" for details of how to use this function.
 375:../src/platform/drivers/mss/mss_gpio/mss_gpio.c ****  */
 376:../src/platform/drivers/mss/mss_gpio/mss_gpio.c **** void
 377:../src/platform/drivers/mss/mss_gpio/mss_gpio.c **** MSS_GPIO_enable_nondirect_irq
 378:../src/platform/drivers/mss/mss_gpio/mss_gpio.c **** (
 379:../src/platform/drivers/mss/mss_gpio/mss_gpio.c ****     GPIO_TypeDef const * gpio
 380:../src/platform/drivers/mss/mss_gpio/mss_gpio.c **** )
 381:../src/platform/drivers/mss/mss_gpio/mss_gpio.c **** {
 382:../src/platform/drivers/mss/mss_gpio/mss_gpio.c ****     if ((GPIO0_LO == gpio) || (GPIO0_HI == gpio))
 383:../src/platform/drivers/mss/mss_gpio/mss_gpio.c ****     {
 384:../src/platform/drivers/mss/mss_gpio/mss_gpio.c ****         PLIC_EnableIRQ(GPIO0_NON_DIRECT_PLIC);
 385:../src/platform/drivers/mss/mss_gpio/mss_gpio.c ****     }
 386:../src/platform/drivers/mss/mss_gpio/mss_gpio.c ****     else if ((GPIO1_LO == gpio) || (GPIO1_HI == gpio))
 387:../src/platform/drivers/mss/mss_gpio/mss_gpio.c ****     {
 388:../src/platform/drivers/mss/mss_gpio/mss_gpio.c ****         PLIC_EnableIRQ(GPIO1_NON_DIRECT_PLIC);
 389:../src/platform/drivers/mss/mss_gpio/mss_gpio.c ****     }
 390:../src/platform/drivers/mss/mss_gpio/mss_gpio.c ****     else if ((GPIO2_LO == gpio) || (GPIO2_HI == gpio))
 391:../src/platform/drivers/mss/mss_gpio/mss_gpio.c ****     {
 392:../src/platform/drivers/mss/mss_gpio/mss_gpio.c ****         PLIC_EnableIRQ(GPIO2_NON_DIRECT_PLIC);
 393:../src/platform/drivers/mss/mss_gpio/mss_gpio.c ****     }
 394:../src/platform/drivers/mss/mss_gpio/mss_gpio.c ****     else
 395:../src/platform/drivers/mss/mss_gpio/mss_gpio.c ****     {
 396:../src/platform/drivers/mss/mss_gpio/mss_gpio.c ****         ASSERT(0); /*LDRA warning*/
 397:../src/platform/drivers/mss/mss_gpio/mss_gpio.c ****     }
 398:../src/platform/drivers/mss/mss_gpio/mss_gpio.c **** }
 399:../src/platform/drivers/mss/mss_gpio/mss_gpio.c **** 
 400:../src/platform/drivers/mss/mss_gpio/mss_gpio.c **** /*-------------------------------------------------------------------------*//**
 401:../src/platform/drivers/mss/mss_gpio/mss_gpio.c ****  * MSS_GPIO_disable_nondirect_irq
 402:../src/platform/drivers/mss/mss_gpio/mss_gpio.c ****  * See "mss_gpio.h" for details of how to use this function.
 403:../src/platform/drivers/mss/mss_gpio/mss_gpio.c ****  */
 404:../src/platform/drivers/mss/mss_gpio/mss_gpio.c **** void
 405:../src/platform/drivers/mss/mss_gpio/mss_gpio.c **** MSS_GPIO_disable_nondirect_irq
 406:../src/platform/drivers/mss/mss_gpio/mss_gpio.c **** (
 407:../src/platform/drivers/mss/mss_gpio/mss_gpio.c ****     GPIO_TypeDef const * gpio
 408:../src/platform/drivers/mss/mss_gpio/mss_gpio.c **** )
 409:../src/platform/drivers/mss/mss_gpio/mss_gpio.c **** {
 410:../src/platform/drivers/mss/mss_gpio/mss_gpio.c ****     if ((GPIO0_LO == gpio) || (GPIO0_HI == gpio))
 411:../src/platform/drivers/mss/mss_gpio/mss_gpio.c ****     {
 412:../src/platform/drivers/mss/mss_gpio/mss_gpio.c ****         PLIC_DisableIRQ(GPIO0_NON_DIRECT_PLIC);
 413:../src/platform/drivers/mss/mss_gpio/mss_gpio.c ****     }
 414:../src/platform/drivers/mss/mss_gpio/mss_gpio.c ****     else if ((GPIO1_LO == gpio) || (GPIO1_HI == gpio))
 415:../src/platform/drivers/mss/mss_gpio/mss_gpio.c ****     {
 416:../src/platform/drivers/mss/mss_gpio/mss_gpio.c ****         PLIC_DisableIRQ(GPIO1_NON_DIRECT_PLIC);
 417:../src/platform/drivers/mss/mss_gpio/mss_gpio.c ****     }
 418:../src/platform/drivers/mss/mss_gpio/mss_gpio.c ****     else if ((GPIO2_LO == gpio) || (GPIO2_HI == gpio))
 419:../src/platform/drivers/mss/mss_gpio/mss_gpio.c ****     {
 420:../src/platform/drivers/mss/mss_gpio/mss_gpio.c ****         PLIC_DisableIRQ(GPIO2_NON_DIRECT_PLIC);
 421:../src/platform/drivers/mss/mss_gpio/mss_gpio.c ****     }
 422:../src/platform/drivers/mss/mss_gpio/mss_gpio.c ****     else
 423:../src/platform/drivers/mss/mss_gpio/mss_gpio.c ****     {
 424:../src/platform/drivers/mss/mss_gpio/mss_gpio.c ****         ASSERT(0); /*LDRA warning*/
 425:../src/platform/drivers/mss/mss_gpio/mss_gpio.c ****     }
 426:../src/platform/drivers/mss/mss_gpio/mss_gpio.c **** }
 427:../src/platform/drivers/mss/mss_gpio/mss_gpio.c **** 
 428:../src/platform/drivers/mss/mss_gpio/mss_gpio.c **** /*-------------------------------------------------------------------------*//**
 429:../src/platform/drivers/mss/mss_gpio/mss_gpio.c ****  * MSS_GPIO_clear_irq
 430:../src/platform/drivers/mss/mss_gpio/mss_gpio.c ****  * See "mss_gpio.h" for details of how to use this function.
 431:../src/platform/drivers/mss/mss_gpio/mss_gpio.c ****  */
 432:../src/platform/drivers/mss/mss_gpio/mss_gpio.c **** void MSS_GPIO_clear_irq
 433:../src/platform/drivers/mss/mss_gpio/mss_gpio.c **** (
 434:../src/platform/drivers/mss/mss_gpio/mss_gpio.c ****     GPIO_TypeDef * gpio,
 435:../src/platform/drivers/mss/mss_gpio/mss_gpio.c ****     mss_gpio_id_t port_id
 436:../src/platform/drivers/mss/mss_gpio/mss_gpio.c **** )
 437:../src/platform/drivers/mss/mss_gpio/mss_gpio.c **** {
 438:../src/platform/drivers/mss/mss_gpio/mss_gpio.c ****     if (0U == gpio_number_validate(gpio, port_id))
 439:../src/platform/drivers/mss/mss_gpio/mss_gpio.c ****     {
 440:../src/platform/drivers/mss/mss_gpio/mss_gpio.c ****         gpio->GPIO_IRQ = ((uint32_t)1) << port_id;
 441:../src/platform/drivers/mss/mss_gpio/mss_gpio.c ****         __asm("fence");
 442:../src/platform/drivers/mss/mss_gpio/mss_gpio.c ****     }
 443:../src/platform/drivers/mss/mss_gpio/mss_gpio.c ****     else
 444:../src/platform/drivers/mss/mss_gpio/mss_gpio.c ****     {
 445:../src/platform/drivers/mss/mss_gpio/mss_gpio.c ****         ASSERT(0); /*LDRA warning*/
 446:../src/platform/drivers/mss/mss_gpio/mss_gpio.c ****     }
 447:../src/platform/drivers/mss/mss_gpio/mss_gpio.c **** }
 448:../src/platform/drivers/mss/mss_gpio/mss_gpio.c **** 
 449:../src/platform/drivers/mss/mss_gpio/mss_gpio.c **** static uint8_t gpio_number_validate(GPIO_TypeDef const * gpio, mss_gpio_id_t gpio_idx)
 450:../src/platform/drivers/mss/mss_gpio/mss_gpio.c **** {
 342              		.loc 2 450 1 is_stmt 1
 343              		.cfi_startproc
 344              	.LVL40:
 451:../src/platform/drivers/mss/mss_gpio/mss_gpio.c ****     uint8_t ret;
 345              		.loc 2 451 5
 452:../src/platform/drivers/mss/mss_gpio/mss_gpio.c **** 
 453:../src/platform/drivers/mss/mss_gpio/mss_gpio.c ****     if (((GPIO0_LO == gpio) || (GPIO0_HI == gpio)) &&
 346              		.loc 2 453 5
 347              		.loc 2 453 8 is_stmt 0
 348 0000 B7071220 		li	a5,538050560
 349 0004 6306F500 		beq	a0,a5,.L18
 350              		.loc 2 453 29 discriminator 2
 351 0008 B7071228 		li	a5,672268288
 352 000c 6316F500 		bne	a0,a5,.L19
 353              	.L18:
 354              		.loc 2 453 52 discriminator 3
 355 0010 3547     		li	a4,13
 454:../src/platform/drivers/mss/mss_gpio/mss_gpio.c ****                                                 (gpio_idx >= NB_OF_GPIO_GPIO0))
 455:../src/platform/drivers/mss/mss_gpio/mss_gpio.c ****     {
 456:../src/platform/drivers/mss/mss_gpio/mss_gpio.c ****         ret = 1u;
 356              		.loc 2 456 13 discriminator 3
 357 0012 8547     		li	a5,1
 453:../src/platform/drivers/mss/mss_gpio/mss_gpio.c ****                                                 (gpio_idx >= NB_OF_GPIO_GPIO0))
 358              		.loc 2 453 52 discriminator 3
 359 0014 636AB702 		bgtu	a1,a4,.L20
 360              	.L19:
 457:../src/platform/drivers/mss/mss_gpio/mss_gpio.c ****     }
 458:../src/platform/drivers/mss/mss_gpio/mss_gpio.c ****     else if (((GPIO1_LO == gpio) || (GPIO1_HI == gpio)) &&
 361              		.loc 2 458 10 is_stmt 1
 362              		.loc 2 458 13 is_stmt 0
 363 0018 B7171220 		li	a5,538054656
 364 001c 6306F500 		beq	a0,a5,.L21
 365              		.loc 2 458 34 discriminator 2
 366 0020 B7171228 		li	a5,672272384
 367 0024 6316F500 		bne	a0,a5,.L22
 368              	.L21:
 369              		.loc 2 458 57 discriminator 3
 370 0028 5D47     		li	a4,23
 456:../src/platform/drivers/mss/mss_gpio/mss_gpio.c ****     }
 371              		.loc 2 456 13 discriminator 3
 372 002a 8547     		li	a5,1
 373              		.loc 2 458 57 discriminator 3
 374 002c 636EB700 		bgtu	a1,a4,.L20
 375              	.L22:
 376              	.LVL41:
 377              	.LBB20:
 378              	.LBB21:
 459:../src/platform/drivers/mss/mss_gpio/mss_gpio.c ****                                                 (gpio_idx >= NB_OF_GPIO_GPIO1))
 460:../src/platform/drivers/mss/mss_gpio/mss_gpio.c ****     {
 461:../src/platform/drivers/mss/mss_gpio/mss_gpio.c ****         ret = 1u;
 462:../src/platform/drivers/mss/mss_gpio/mss_gpio.c ****     }
 463:../src/platform/drivers/mss/mss_gpio/mss_gpio.c ****     else if (((GPIO2_LO == gpio) || (GPIO2_HI == gpio)) &&
 379              		.loc 2 463 10 is_stmt 1
 380              		.loc 2 463 13 is_stmt 0
 381 0030 B7271220 		li	a5,538058752
 382 0034 6307F500 		beq	a0,a5,.L23
 383              		.loc 2 463 34
 384 0038 37271228 		li	a4,672276480
 464:../src/platform/drivers/mss/mss_gpio/mss_gpio.c ****                                                 (gpio_idx >= NB_OF_GPIO_GPIO2))
 465:../src/platform/drivers/mss/mss_gpio/mss_gpio.c ****     {
 466:../src/platform/drivers/mss/mss_gpio/mss_gpio.c ****         ret = 1u;
 467:../src/platform/drivers/mss/mss_gpio/mss_gpio.c ****     }
 468:../src/platform/drivers/mss/mss_gpio/mss_gpio.c ****     else
 469:../src/platform/drivers/mss/mss_gpio/mss_gpio.c ****     {
 470:../src/platform/drivers/mss/mss_gpio/mss_gpio.c ****         ret = 0u;
 385              		.loc 2 470 13
 386 003c 8147     		li	a5,0
 463:../src/platform/drivers/mss/mss_gpio/mss_gpio.c ****                                                 (gpio_idx >= NB_OF_GPIO_GPIO2))
 387              		.loc 2 463 34
 388 003e 6315E500 		bne	a0,a4,.L20
 389              	.L23:
 390              		.loc 2 470 13
 391 0042 FD47     		li	a5,31
 392 0044 B3B7B700 		sgtu	a5,a1,a5
 393              	.LVL42:
 394              	.L20:
 395              	.LBE21:
 396              	.LBE20:
 471:../src/platform/drivers/mss/mss_gpio/mss_gpio.c ****     }
 472:../src/platform/drivers/mss/mss_gpio/mss_gpio.c **** 
 473:../src/platform/drivers/mss/mss_gpio/mss_gpio.c ****     return ret;
 397              		.loc 2 473 5 is_stmt 1
 474:../src/platform/drivers/mss/mss_gpio/mss_gpio.c **** }
 398              		.loc 2 474 1 is_stmt 0
 399 0048 3E85     		mv	a0,a5
 400              	.LVL43:
 401 004a 8280     		ret
 402              		.cfi_endproc
 403              	.LFE34:
 405              		.section	.text.MSS_GPIO_init,"ax",@progbits
 406              		.align	1
 407              		.globl	MSS_GPIO_init
 409              	MSS_GPIO_init:
 410              	.LFB23:
 131:../src/platform/drivers/mss/mss_gpio/mss_gpio.c ****     /* clear all pending interrupts*/
 411              		.loc 2 131 1 is_stmt 1
 412              		.cfi_startproc
 413              	.LVL44:
 133:../src/platform/drivers/mss/mss_gpio/mss_gpio.c **** }
 414              		.loc 2 133 5
 133:../src/platform/drivers/mss/mss_gpio/mss_gpio.c **** }
 415              		.loc 2 133 20 is_stmt 0
 416 0000 FD57     		li	a5,-1
 417 0002 2320F508 		sw	a5,128(a0)
 134:../src/platform/drivers/mss/mss_gpio/mss_gpio.c **** 
 418              		.loc 2 134 1
 419 0006 8280     		ret
 420              		.cfi_endproc
 421              	.LFE23:
 423              		.section	.text.MSS_GPIO_config,"ax",@progbits
 424              		.align	1
 425              		.globl	MSS_GPIO_config
 427              	MSS_GPIO_config:
 428              	.LFB24:
 146:../src/platform/drivers/mss/mss_gpio/mss_gpio.c ****     if (0U == gpio_number_validate(gpio, port_id))
 429              		.loc 2 146 1 is_stmt 1
 430              		.cfi_startproc
 431              	.LVL45:
 147:../src/platform/drivers/mss/mss_gpio/mss_gpio.c ****     {
 432              		.loc 2 147 5
 146:../src/platform/drivers/mss/mss_gpio/mss_gpio.c ****     if (0U == gpio_number_validate(gpio, port_id))
 433              		.loc 2 146 1 is_stmt 0
 434 0000 7971     		addi	sp,sp,-48
 435              		.cfi_def_cfa_offset 48
 436 0002 22F0     		sd	s0,32(sp)
 437 0004 26EC     		sd	s1,24(sp)
 438 0006 06F4     		sd	ra,40(sp)
 439              		.cfi_offset 8, -16
 440              		.cfi_offset 9, -24
 441              		.cfi_offset 1, -8
 146:../src/platform/drivers/mss/mss_gpio/mss_gpio.c ****     if (0U == gpio_number_validate(gpio, port_id))
 442              		.loc 2 146 1
 443 0008 AA84     		mv	s1,a0
 444 000a 2E84     		mv	s0,a1
 445 000c 32E4     		sd	a2,8(sp)
 147:../src/platform/drivers/mss/mss_gpio/mss_gpio.c ****     {
 446              		.loc 2 147 15
 447 000e 97000000 		call	gpio_number_validate
 447      E7800000 
 448              	.LVL46:
 147:../src/platform/drivers/mss/mss_gpio/mss_gpio.c ****     {
 449              		.loc 2 147 8
 450 0016 11E5     		bne	a0,zero,.L28
 149:../src/platform/drivers/mss/mss_gpio/mss_gpio.c ****     }
 451              		.loc 2 149 9 is_stmt 1
 149:../src/platform/drivers/mss/mss_gpio/mss_gpio.c ****     }
 452              		.loc 2 149 33 is_stmt 0
 453 0018 0214     		slli	s0,s0,32
 454 001a 2266     		ld	a2,8(sp)
 455 001c 7980     		srli	s0,s0,30
 456 001e 2694     		add	s0,s1,s0
 457 0020 10C0     		sw	a2,0(s0)
 153:../src/platform/drivers/mss/mss_gpio/mss_gpio.c ****     }
 458              		.loc 2 153 18 is_stmt 1
 459              	.L28:
 155:../src/platform/drivers/mss/mss_gpio/mss_gpio.c **** 
 460              		.loc 2 155 1 is_stmt 0
 461 0022 A270     		ld	ra,40(sp)
 462              		.cfi_restore 1
 463 0024 0274     		ld	s0,32(sp)
 464              		.cfi_restore 8
 465 0026 E264     		ld	s1,24(sp)
 466              		.cfi_restore 9
 467              	.LVL47:
 468 0028 4561     		addi	sp,sp,48
 469              		.cfi_def_cfa_offset 0
 470 002a 8280     		jr	ra
 471              		.cfi_endproc
 472              	.LFE24:
 474              		.section	.text.MSS_GPIO_config_byte,"ax",@progbits
 475              		.align	1
 476              		.globl	MSS_GPIO_config_byte
 478              	MSS_GPIO_config_byte:
 479              	.LFB25:
 167:../src/platform/drivers/mss/mss_gpio/mss_gpio.c ****     if (((GPIO0_LO == gpio) || (GPIO0_HI == gpio)) &&
 480              		.loc 2 167 1 is_stmt 1
 481              		.cfi_startproc
 482              	.LVL48:
 168:../src/platform/drivers/mss/mss_gpio/mss_gpio.c ****                                                  (byte_num >= MSS_GPIO_BYTE_1))
 483              		.loc 2 168 5
 168:../src/platform/drivers/mss/mss_gpio/mss_gpio.c ****                                                  (byte_num >= MSS_GPIO_BYTE_1))
 484              		.loc 2 168 8 is_stmt 0
 485 0000 B7071220 		li	a5,538050560
 486 0004 6306F500 		beq	a0,a5,.L32
 168:../src/platform/drivers/mss/mss_gpio/mss_gpio.c ****                                                  (byte_num >= MSS_GPIO_BYTE_1))
 487              		.loc 2 168 29 discriminator 2
 488 0008 B7071228 		li	a5,672268288
 489 000c 6318F500 		bne	a0,a5,.L33
 490              	.L32:
 168:../src/platform/drivers/mss/mss_gpio/mss_gpio.c ****                                                  (byte_num >= MSS_GPIO_BYTE_1))
 491              		.loc 2 168 52 discriminator 3
 492 0010 B9E1     		bne	a1,zero,.L31
 173:../src/platform/drivers/mss/mss_gpio/mss_gpio.c ****                                                   (byte_num > MSS_GPIO_BYTE_2))
 493              		.loc 2 173 10 is_stmt 1
 173:../src/platform/drivers/mss/mss_gpio/mss_gpio.c ****                                                   (byte_num > MSS_GPIO_BYTE_2))
 494              		.loc 2 173 13 is_stmt 0
 495 0012 B7171220 		li	a5,538054656
 496 0016 6317F500 		bne	a0,a5,.L39
 497 001a 25A0     		j	.L38
 498              	.L33:
 173:../src/platform/drivers/mss/mss_gpio/mss_gpio.c ****                                                   (byte_num > MSS_GPIO_BYTE_2))
 499              		.loc 2 173 10 is_stmt 1
 173:../src/platform/drivers/mss/mss_gpio/mss_gpio.c ****                                                   (byte_num > MSS_GPIO_BYTE_2))
 500              		.loc 2 173 13 is_stmt 0
 501 001c B7171220 		li	a5,538054656
 502 0020 6309F502 		beq	a0,a5,.L36
 503              	.L39:
 173:../src/platform/drivers/mss/mss_gpio/mss_gpio.c ****                                                   (byte_num > MSS_GPIO_BYTE_2))
 504              		.loc 2 173 34 discriminator 2
 505 0024 B7171228 		li	a5,672272384
 506 0028 6305F502 		beq	a0,a5,.L36
 178:../src/platform/drivers/mss/mss_gpio/mss_gpio.c ****                                                   (byte_num > MSS_GPIO_BYTE_3))
 507              		.loc 2 178 10 is_stmt 1
 178:../src/platform/drivers/mss/mss_gpio/mss_gpio.c ****                                                   (byte_num > MSS_GPIO_BYTE_3))
 508              		.loc 2 178 13 is_stmt 0
 509 002c B7271220 		li	a5,538058752
 510 0030 6306F500 		beq	a0,a5,.L37
 178:../src/platform/drivers/mss/mss_gpio/mss_gpio.c ****                                                   (byte_num > MSS_GPIO_BYTE_3))
 511              		.loc 2 178 34 discriminator 2
 512 0034 B7271228 		li	a5,672276480
 513 0038 6315F500 		bne	a0,a5,.L38
 514              	.L37:
 178:../src/platform/drivers/mss/mss_gpio/mss_gpio.c ****                                                   (byte_num > MSS_GPIO_BYTE_3))
 515              		.loc 2 178 57 discriminator 3
 516 003c 8D47     		li	a5,3
 517              	.L42:
 518 003e 63ECB700 		bgtu	a1,a5,.L31
 519              	.L38:
 185:../src/platform/drivers/mss/mss_gpio/mss_gpio.c ****     }
 520              		.loc 2 185 9 is_stmt 1
 185:../src/platform/drivers/mss/mss_gpio/mss_gpio.c ****     }
 521              		.loc 2 185 39 is_stmt 0
 522 0042 8215     		slli	a1,a1,32
 523              	.LVL49:
 524 0044 8191     		srli	a1,a1,32
 525 0046 93854502 		addi	a1,a1,36
 526 004a 8A05     		slli	a1,a1,2
 527 004c 2E95     		add	a0,a0,a1
 528              	.LVL50:
 529 004e 10C1     		sw	a2,0(a0)
 187:../src/platform/drivers/mss/mss_gpio/mss_gpio.c **** 
 530              		.loc 2 187 1
 531 0050 8280     		ret
 532              	.LVL51:
 533              	.L36:
 173:../src/platform/drivers/mss/mss_gpio/mss_gpio.c ****                                                   (byte_num > MSS_GPIO_BYTE_2))
 534              		.loc 2 173 57
 535 0052 8947     		li	a5,2
 536 0054 EDB7     		j	.L42
 537              	.L31:
 187:../src/platform/drivers/mss/mss_gpio/mss_gpio.c **** 
 538              		.loc 2 187 1
 539 0056 8280     		ret
 540              		.cfi_endproc
 541              	.LFE25:
 543              		.section	.text.MSS_GPIO_config_all,"ax",@progbits
 544              		.align	1
 545              		.globl	MSS_GPIO_config_all
 547              	MSS_GPIO_config_all:
 548              	.LFB26:
 198:../src/platform/drivers/mss/mss_gpio/mss_gpio.c ****     gpio->GPIO_CFG_ALL = config;
 549              		.loc 2 198 1 is_stmt 1
 550              		.cfi_startproc
 551              	.LVL52:
 199:../src/platform/drivers/mss/mss_gpio/mss_gpio.c **** }
 552              		.loc 2 199 5
 199:../src/platform/drivers/mss/mss_gpio/mss_gpio.c **** }
 553              		.loc 2 199 24 is_stmt 0
 554 0000 2326B508 		sw	a1,140(a0)
 200:../src/platform/drivers/mss/mss_gpio/mss_gpio.c **** 
 555              		.loc 2 200 1
 556 0004 8280     		ret
 557              		.cfi_endproc
 558              	.LFE26:
 560              		.section	.text.MSS_GPIO_set_output,"ax",@progbits
 561              		.align	1
 562              		.globl	MSS_GPIO_set_output
 564              	MSS_GPIO_set_output:
 565              	.LFB27:
 212:../src/platform/drivers/mss/mss_gpio/mss_gpio.c ****     if (0U == gpio_number_validate(gpio, port_id))
 566              		.loc 2 212 1 is_stmt 1
 567              		.cfi_startproc
 568              	.LVL53:
 213:../src/platform/drivers/mss/mss_gpio/mss_gpio.c ****     {
 569              		.loc 2 213 5
 212:../src/platform/drivers/mss/mss_gpio/mss_gpio.c ****     if (0U == gpio_number_validate(gpio, port_id))
 570              		.loc 2 212 1 is_stmt 0
 571 0000 7971     		addi	sp,sp,-48
 572              		.cfi_def_cfa_offset 48
 573 0002 22F0     		sd	s0,32(sp)
 574 0004 26EC     		sd	s1,24(sp)
 575 0006 06F4     		sd	ra,40(sp)
 576              		.cfi_offset 8, -16
 577              		.cfi_offset 9, -24
 578              		.cfi_offset 1, -8
 212:../src/platform/drivers/mss/mss_gpio/mss_gpio.c ****     if (0U == gpio_number_validate(gpio, port_id))
 579              		.loc 2 212 1
 580 0008 2A84     		mv	s0,a0
 581 000a AE84     		mv	s1,a1
 582 000c 32E4     		sd	a2,8(sp)
 213:../src/platform/drivers/mss/mss_gpio/mss_gpio.c ****     {
 583              		.loc 2 213 15
 584 000e 97000000 		call	gpio_number_validate
 584      E7800000 
 585              	.LVL54:
 213:../src/platform/drivers/mss/mss_gpio/mss_gpio.c ****     {
 586              		.loc 2 213 8
 587 0016 01E9     		bne	a0,zero,.L44
 220:../src/platform/drivers/mss/mss_gpio/mss_gpio.c ****         {
 588              		.loc 2 220 9 is_stmt 1
 220:../src/platform/drivers/mss/mss_gpio/mss_gpio.c ****         {
 589              		.loc 2 220 12 is_stmt 0
 590 0018 2266     		ld	a2,8(sp)
 591 001a 8545     		li	a1,1
 592 001c BB959500 		sllw	a1,a1,s1
 593 0020 01CA     		beq	a2,zero,.L46
 222:../src/platform/drivers/mss/mss_gpio/mss_gpio.c ****         }
 594              		.loc 2 222 13 is_stmt 1
 222:../src/platform/drivers/mss/mss_gpio/mss_gpio.c ****         }
 595              		.loc 2 222 33 is_stmt 0
 596 0022 2322B40A 		sw	a1,164(s0)
 597              	.L44:
 233:../src/platform/drivers/mss/mss_gpio/mss_gpio.c **** 
 598              		.loc 2 233 1
 599 0026 A270     		ld	ra,40(sp)
 600              		.cfi_remember_state
 601              		.cfi_restore 1
 602 0028 0274     		ld	s0,32(sp)
 603              		.cfi_restore 8
 604              	.LVL55:
 605 002a E264     		ld	s1,24(sp)
 606              		.cfi_restore 9
 607 002c 4561     		addi	sp,sp,48
 608              		.cfi_def_cfa_offset 0
 609 002e 8280     		jr	ra
 610              	.LVL56:
 611              	.L46:
 612              		.cfi_restore_state
 226:../src/platform/drivers/mss/mss_gpio/mss_gpio.c ****         }
 613              		.loc 2 226 13 is_stmt 1
 226:../src/platform/drivers/mss/mss_gpio/mss_gpio.c ****         }
 614              		.loc 2 226 33 is_stmt 0
 615 0030 2320B40A 		sw	a1,160(s0)
 231:../src/platform/drivers/mss/mss_gpio/mss_gpio.c ****     }
 616              		.loc 2 231 18 is_stmt 1
 233:../src/platform/drivers/mss/mss_gpio/mss_gpio.c **** 
 617              		.loc 2 233 1 is_stmt 0
 618 0034 CDBF     		j	.L44
 619              		.cfi_endproc
 620              	.LFE27:
 622              		.section	.text.MSS_GPIO_drive_inout,"ax",@progbits
 623              		.align	1
 624              		.globl	MSS_GPIO_drive_inout
 626              	MSS_GPIO_drive_inout:
 627              	.LFB28:
 245:../src/platform/drivers/mss/mss_gpio/mss_gpio.c ****     uint32_t config;
 628              		.loc 2 245 1 is_stmt 1
 629              		.cfi_startproc
 630              	.LVL57:
 246:../src/platform/drivers/mss/mss_gpio/mss_gpio.c ****     
 631              		.loc 2 246 5
 248:../src/platform/drivers/mss/mss_gpio/mss_gpio.c ****     {
 632              		.loc 2 248 5
 245:../src/platform/drivers/mss/mss_gpio/mss_gpio.c ****     uint32_t config;
 633              		.loc 2 245 1 is_stmt 0
 634 0000 7971     		addi	sp,sp,-48
 635              		.cfi_def_cfa_offset 48
 636 0002 22F0     		sd	s0,32(sp)
 637 0004 26EC     		sd	s1,24(sp)
 638 0006 06F4     		sd	ra,40(sp)
 639              		.cfi_offset 8, -16
 640              		.cfi_offset 9, -24
 641              		.cfi_offset 1, -8
 245:../src/platform/drivers/mss/mss_gpio/mss_gpio.c ****     uint32_t config;
 642              		.loc 2 245 1
 643 0008 AA84     		mv	s1,a0
 644 000a 2E84     		mv	s0,a1
 645 000c 32E4     		sd	a2,8(sp)
 248:../src/platform/drivers/mss/mss_gpio/mss_gpio.c ****     {
 646              		.loc 2 248 15
 647 000e 97000000 		call	gpio_number_validate
 647      E7800000 
 648              	.LVL58:
 248:../src/platform/drivers/mss/mss_gpio/mss_gpio.c ****     {
 649              		.loc 2 248 8
 650 0016 09E9     		bne	a0,zero,.L48
 250:../src/platform/drivers/mss/mss_gpio/mss_gpio.c ****         {
 651              		.loc 2 250 9 is_stmt 1
 652 0018 2266     		ld	a2,8(sp)
 653 001a 8547     		li	a5,1
 654 001c 630BF600 		beq	a2,a5,.L50
 655 0020 05CA     		beq	a2,zero,.L51
 656 0022 8947     		li	a5,2
 657 0024 6305F604 		beq	a2,a5,.L52
 658              	.L48:
 287:../src/platform/drivers/mss/mss_gpio/mss_gpio.c **** 
 659              		.loc 2 287 1 is_stmt 0
 660 0028 A270     		ld	ra,40(sp)
 661              		.cfi_remember_state
 662              		.cfi_restore 1
 663 002a 0274     		ld	s0,32(sp)
 664              		.cfi_restore 8
 665 002c E264     		ld	s1,24(sp)
 666              		.cfi_restore 9
 667              	.LVL59:
 668 002e 4561     		addi	sp,sp,48
 669              		.cfi_def_cfa_offset 0
 670 0030 8280     		jr	ra
 671              	.LVL60:
 672              	.L50:
 673              		.cfi_restore_state
 254:../src/platform/drivers/mss/mss_gpio/mss_gpio.c **** 
 674              		.loc 2 254 17 is_stmt 1
 254:../src/platform/drivers/mss/mss_gpio/mss_gpio.c **** 
 675              		.loc 2 254 52 is_stmt 0
 676 0032 8547     		li	a5,1
 677 0034 BB978700 		sllw	a5,a5,s0
 678 0038 0214     		slli	s0,s0,32
 679 003a 1357E401 		srli	a4,s0,30
 254:../src/platform/drivers/mss/mss_gpio/mss_gpio.c **** 
 680              		.loc 2 254 37
 681 003e 23A2F40A 		sw	a5,164(s1)
 257:../src/platform/drivers/mss/mss_gpio/mss_gpio.c ****                 config |= OUTPUT_BUFFER_ENABLE_MASK;
 682              		.loc 2 257 17 is_stmt 1
 683 0042 2697     		add	a4,s1,a4
 257:../src/platform/drivers/mss/mss_gpio/mss_gpio.c ****                 config |= OUTPUT_BUFFER_ENABLE_MASK;
 684              		.loc 2 257 24 is_stmt 0
 685 0044 1C43     		lw	a5,0(a4)
 686 0046 8127     		sext.w	a5,a5
 687              	.LVL61:
 258:../src/platform/drivers/mss/mss_gpio/mss_gpio.c ****                 gpio->GPIO_CFG[port_id] = config;
 688              		.loc 2 258 17 is_stmt 1
 258:../src/platform/drivers/mss/mss_gpio/mss_gpio.c ****                 gpio->GPIO_CFG[port_id] = config;
 689              		.loc 2 258 24 is_stmt 0
 690 0048 93E74700 		ori	a5,a5,4
 691              	.LVL62:
 259:../src/platform/drivers/mss/mss_gpio/mss_gpio.c ****             break;
 692              		.loc 2 259 17 is_stmt 1
 259:../src/platform/drivers/mss/mss_gpio/mss_gpio.c ****             break;
 693              		.loc 2 259 41 is_stmt 0
 694 004c 1CC3     		sw	a5,0(a4)
 260:../src/platform/drivers/mss/mss_gpio/mss_gpio.c **** 
 695              		.loc 2 260 13 is_stmt 1
 696 004e E9BF     		j	.L48
 697              	.LVL63:
 698              	.L51:
 264:../src/platform/drivers/mss/mss_gpio/mss_gpio.c ****                 /* Enable output buffer */
 699              		.loc 2 264 17
 264:../src/platform/drivers/mss/mss_gpio/mss_gpio.c ****                 /* Enable output buffer */
 700              		.loc 2 264 51 is_stmt 0
 701 0050 8547     		li	a5,1
 702 0052 BB978700 		sllw	a5,a5,s0
 703 0056 0214     		slli	s0,s0,32
 264:../src/platform/drivers/mss/mss_gpio/mss_gpio.c ****                 /* Enable output buffer */
 704              		.loc 2 264 37
 705 0058 23A0F40A 		sw	a5,160(s1)
 266:../src/platform/drivers/mss/mss_gpio/mss_gpio.c ****                 config |= OUTPUT_BUFFER_ENABLE_MASK;
 706              		.loc 2 266 17 is_stmt 1
 707 005c 9357E401 		srli	a5,s0,30
 708 0060 A697     		add	a5,s1,a5
 266:../src/platform/drivers/mss/mss_gpio/mss_gpio.c ****                 config |= OUTPUT_BUFFER_ENABLE_MASK;
 709              		.loc 2 266 24 is_stmt 0
 710 0062 9843     		lw	a4,0(a5)
 711 0064 0127     		sext.w	a4,a4
 712              	.LVL64:
 267:../src/platform/drivers/mss/mss_gpio/mss_gpio.c ****                 gpio->GPIO_CFG[port_id] = config;
 713              		.loc 2 267 17 is_stmt 1
 267:../src/platform/drivers/mss/mss_gpio/mss_gpio.c ****                 gpio->GPIO_CFG[port_id] = config;
 714              		.loc 2 267 24 is_stmt 0
 715 0066 13674700 		ori	a4,a4,4
 716              	.LVL65:
 268:../src/platform/drivers/mss/mss_gpio/mss_gpio.c ****             break;
 717              		.loc 2 268 17 is_stmt 1
 268:../src/platform/drivers/mss/mss_gpio/mss_gpio.c ****             break;
 718              		.loc 2 268 41 is_stmt 0
 719 006a 98C3     		sw	a4,0(a5)
 269:../src/platform/drivers/mss/mss_gpio/mss_gpio.c **** 
 720              		.loc 2 269 13 is_stmt 1
 721 006c 75BF     		j	.L48
 722              	.LVL66:
 723              	.L52:
 273:../src/platform/drivers/mss/mss_gpio/mss_gpio.c ****                 config &= ~OUTPUT_BUFFER_ENABLE_MASK;
 724              		.loc 2 273 17
 725 006e 0214     		slli	s0,s0,32
 726 0070 7980     		srli	s0,s0,30
 727 0072 2694     		add	s0,s1,s0
 273:../src/platform/drivers/mss/mss_gpio/mss_gpio.c ****                 config &= ~OUTPUT_BUFFER_ENABLE_MASK;
 728              		.loc 2 273 24 is_stmt 0
 729 0074 1C40     		lw	a5,0(s0)
 730 0076 8127     		sext.w	a5,a5
 731              	.LVL67:
 274:../src/platform/drivers/mss/mss_gpio/mss_gpio.c ****                 gpio->GPIO_CFG[port_id] = config;
 732              		.loc 2 274 17 is_stmt 1
 274:../src/platform/drivers/mss/mss_gpio/mss_gpio.c ****                 gpio->GPIO_CFG[port_id] = config;
 733              		.loc 2 274 24 is_stmt 0
 734 0078 ED9B     		andi	a5,a5,-5
 735              	.LVL68:
 275:../src/platform/drivers/mss/mss_gpio/mss_gpio.c ****             break;
 736              		.loc 2 275 17 is_stmt 1
 275:../src/platform/drivers/mss/mss_gpio/mss_gpio.c ****             break;
 737              		.loc 2 275 41 is_stmt 0
 738 007a 1CC0     		sw	a5,0(s0)
 276:../src/platform/drivers/mss/mss_gpio/mss_gpio.c **** 
 739              		.loc 2 276 13 is_stmt 1
 285:../src/platform/drivers/mss/mss_gpio/mss_gpio.c ****     }
 740              		.loc 2 285 18
 287:../src/platform/drivers/mss/mss_gpio/mss_gpio.c **** 
 741              		.loc 2 287 1 is_stmt 0
 742 007c 75B7     		j	.L48
 743              		.cfi_endproc
 744              	.LFE28:
 746              		.section	.text.MSS_GPIO_enable_irq,"ax",@progbits
 747              		.align	1
 748              		.globl	MSS_GPIO_enable_irq
 750              	MSS_GPIO_enable_irq:
 751              	.LFB29:
 298:../src/platform/drivers/mss/mss_gpio/mss_gpio.c ****     uint32_t cfg_value;
 752              		.loc 2 298 1 is_stmt 1
 753              		.cfi_startproc
 754              	.LVL69:
 299:../src/platform/drivers/mss/mss_gpio/mss_gpio.c **** 
 755              		.loc 2 299 5
 301:../src/platform/drivers/mss/mss_gpio/mss_gpio.c ****     {
 756              		.loc 2 301 5
 298:../src/platform/drivers/mss/mss_gpio/mss_gpio.c ****     uint32_t cfg_value;
 757              		.loc 2 298 1 is_stmt 0
 758 0000 0111     		addi	sp,sp,-32
 759              		.cfi_def_cfa_offset 32
 760 0002 22E8     		sd	s0,16(sp)
 761 0004 26E4     		sd	s1,8(sp)
 762 0006 06EC     		sd	ra,24(sp)
 763              		.cfi_offset 8, -16
 764              		.cfi_offset 9, -24
 765              		.cfi_offset 1, -8
 298:../src/platform/drivers/mss/mss_gpio/mss_gpio.c ****     uint32_t cfg_value;
 766              		.loc 2 298 1
 767 0008 AA84     		mv	s1,a0
 768 000a 2E84     		mv	s0,a1
 301:../src/platform/drivers/mss/mss_gpio/mss_gpio.c ****     {
 769              		.loc 2 301 15
 770 000c 97000000 		call	gpio_number_validate
 770      E7800000 
 771              	.LVL70:
 301:../src/platform/drivers/mss/mss_gpio/mss_gpio.c ****     {
 772              		.loc 2 301 8
 773 0014 25E5     		bne	a0,zero,.L54
 303:../src/platform/drivers/mss/mss_gpio/mss_gpio.c ****         gpio->GPIO_CFG[(uint8_t)port_id] = (cfg_value | GPIO_INT_ENABLE_MASK);
 774              		.loc 2 303 9 is_stmt 1
 775 0016 9377F40F 		andi	a5,s0,0xff
 776 001a 8A07     		slli	a5,a5,2
 777 001c A697     		add	a5,s1,a5
 303:../src/platform/drivers/mss/mss_gpio/mss_gpio.c ****         gpio->GPIO_CFG[(uint8_t)port_id] = (cfg_value | GPIO_INT_ENABLE_MASK);
 778              		.loc 2 303 19 is_stmt 0
 779 001e 9843     		lw	a4,0(a5)
 780 0020 0127     		sext.w	a4,a4
 781              	.LVL71:
 304:../src/platform/drivers/mss/mss_gpio/mss_gpio.c **** 
 782              		.loc 2 304 9 is_stmt 1
 304:../src/platform/drivers/mss/mss_gpio/mss_gpio.c **** 
 783              		.loc 2 304 55 is_stmt 0
 784 0022 13678700 		ori	a4,a4,8
 785              	.LVL72:
 304:../src/platform/drivers/mss/mss_gpio/mss_gpio.c **** 
 786              		.loc 2 304 42
 787 0026 98C3     		sw	a4,0(a5)
 306:../src/platform/drivers/mss/mss_gpio/mss_gpio.c ****         {
 788              		.loc 2 306 9 is_stmt 1
 306:../src/platform/drivers/mss/mss_gpio/mss_gpio.c ****         {
 789              		.loc 2 306 12 is_stmt 0
 790 0028 B7071220 		li	a5,538050560
 791 002c 6386F400 		beq	s1,a5,.L63
 306:../src/platform/drivers/mss/mss_gpio/mss_gpio.c ****         {
 792              		.loc 2 306 32 discriminator 1
 793 0030 B7071228 		li	a5,672268288
 794 0034 6392F402 		bne	s1,a5,.L58
 795              	.L63:
 312:../src/platform/drivers/mss/mss_gpio/mss_gpio.c ****                                            GPIO1_BIT0_or_GPIO2_BIT14_PLIC_14]);
 796              		.loc 2 312 13
 797 0038 0214     		slli	s0,s0,32
 798 003a 7980     		srli	s0,s0,30
 799 003c 97070000 		lla	a5,.LANCHOR0
 799      93870700 
 800 0044 3E94     		add	s0,a5,s0
 801 0046 0840     		lw	a0,0(s0)
 328:../src/platform/drivers/mss/mss_gpio/mss_gpio.c **** 
 802              		.loc 2 328 1
 803 0048 4264     		ld	s0,16(sp)
 804              		.cfi_remember_state
 805              		.cfi_restore 8
 806 004a E260     		ld	ra,24(sp)
 807              		.cfi_restore 1
 808 004c A264     		ld	s1,8(sp)
 809              		.cfi_restore 9
 810              	.LVL73:
 811 004e 0561     		addi	sp,sp,32
 812              		.cfi_def_cfa_offset 0
 312:../src/platform/drivers/mss/mss_gpio/mss_gpio.c ****                                            GPIO1_BIT0_or_GPIO2_BIT14_PLIC_14]);
 813              		.loc 2 312 13
 814 0050 17030000 		tail	PLIC_EnableIRQ
 814      67000300 
 815              	.LVL74:
 816              	.L58:
 817              		.cfi_restore_state
 310:../src/platform/drivers/mss/mss_gpio/mss_gpio.c ****         {
 818              		.loc 2 310 14 is_stmt 1
 310:../src/platform/drivers/mss/mss_gpio/mss_gpio.c ****         {
 819              		.loc 2 310 17 is_stmt 0
 820 0058 B7171220 		li	a5,538054656
 821 005c 6386F400 		beq	s1,a5,.L59
 310:../src/platform/drivers/mss/mss_gpio/mss_gpio.c ****         {
 822              		.loc 2 310 37 discriminator 1
 823 0060 B7171228 		li	a5,672272384
 824 0064 6394F400 		bne	s1,a5,.L60
 825              	.L59:
 312:../src/platform/drivers/mss/mss_gpio/mss_gpio.c ****                                            GPIO1_BIT0_or_GPIO2_BIT14_PLIC_14]);
 826              		.loc 2 312 13 is_stmt 1
 312:../src/platform/drivers/mss/mss_gpio/mss_gpio.c ****                                            GPIO1_BIT0_or_GPIO2_BIT14_PLIC_14]);
 827              		.loc 2 312 52 is_stmt 0
 828 0068 6D24     		addiw	s0,s0,27
 829 006a F9B7     		j	.L63
 830              	.L60:
 315:../src/platform/drivers/mss/mss_gpio/mss_gpio.c ****         {
 831              		.loc 2 315 14 is_stmt 1
 315:../src/platform/drivers/mss/mss_gpio/mss_gpio.c ****         {
 832              		.loc 2 315 17 is_stmt 0
 833 006c B7271220 		li	a5,538058752
 834 0070 E384F4FC 		beq	s1,a5,.L63
 315:../src/platform/drivers/mss/mss_gpio/mss_gpio.c ****         {
 835              		.loc 2 315 37 discriminator 1
 836 0074 B7271228 		li	a5,672276480
 837 0078 E380F4FC 		beq	s1,a5,.L63
 838              	.L54:
 328:../src/platform/drivers/mss/mss_gpio/mss_gpio.c **** 
 839              		.loc 2 328 1
 840 007c E260     		ld	ra,24(sp)
 841              		.cfi_restore 1
 842 007e 4264     		ld	s0,16(sp)
 843              		.cfi_restore 8
 844 0080 A264     		ld	s1,8(sp)
 845              		.cfi_restore 9
 846              	.LVL75:
 847 0082 0561     		addi	sp,sp,32
 848              		.cfi_def_cfa_offset 0
 849 0084 8280     		jr	ra
 850              		.cfi_endproc
 851              	.LFE29:
 853              		.section	.text.MSS_GPIO_disable_irq,"ax",@progbits
 854              		.align	1
 855              		.globl	MSS_GPIO_disable_irq
 857              	MSS_GPIO_disable_irq:
 858              	.LFB30:
 340:../src/platform/drivers/mss/mss_gpio/mss_gpio.c ****     uint32_t cfg_value;
 859              		.loc 2 340 1 is_stmt 1
 860              		.cfi_startproc
 861              	.LVL76:
 341:../src/platform/drivers/mss/mss_gpio/mss_gpio.c **** 
 862              		.loc 2 341 5
 343:../src/platform/drivers/mss/mss_gpio/mss_gpio.c ****     {
 863              		.loc 2 343 5
 340:../src/platform/drivers/mss/mss_gpio/mss_gpio.c ****     uint32_t cfg_value;
 864              		.loc 2 340 1 is_stmt 0
 865 0000 0111     		addi	sp,sp,-32
 866              		.cfi_def_cfa_offset 32
 867 0002 22E8     		sd	s0,16(sp)
 868 0004 26E4     		sd	s1,8(sp)
 869 0006 06EC     		sd	ra,24(sp)
 870              		.cfi_offset 8, -16
 871              		.cfi_offset 9, -24
 872              		.cfi_offset 1, -8
 340:../src/platform/drivers/mss/mss_gpio/mss_gpio.c ****     uint32_t cfg_value;
 873              		.loc 2 340 1
 874 0008 AA84     		mv	s1,a0
 875 000a 2E84     		mv	s0,a1
 343:../src/platform/drivers/mss/mss_gpio/mss_gpio.c ****     {
 876              		.loc 2 343 15
 877 000c 97000000 		call	gpio_number_validate
 877      E7800000 
 878              	.LVL77:
 343:../src/platform/drivers/mss/mss_gpio/mss_gpio.c ****     {
 879              		.loc 2 343 8
 880 0014 35E5     		bne	a0,zero,.L64
 345:../src/platform/drivers/mss/mss_gpio/mss_gpio.c ****         gpio->GPIO_CFG[(uint8_t)port_id] = (cfg_value & (~GPIO_INT_ENABLE_MASK));
 881              		.loc 2 345 9 is_stmt 1
 882 0016 9377F40F 		andi	a5,s0,0xff
 883 001a 8A07     		slli	a5,a5,2
 884 001c A697     		add	a5,s1,a5
 345:../src/platform/drivers/mss/mss_gpio/mss_gpio.c ****         gpio->GPIO_CFG[(uint8_t)port_id] = (cfg_value & (~GPIO_INT_ENABLE_MASK));
 885              		.loc 2 345 19 is_stmt 0
 886 001e 9843     		lw	a4,0(a5)
 887 0020 0127     		sext.w	a4,a4
 888              	.LVL78:
 346:../src/platform/drivers/mss/mss_gpio/mss_gpio.c **** 
 889              		.loc 2 346 9 is_stmt 1
 346:../src/platform/drivers/mss/mss_gpio/mss_gpio.c **** 
 890              		.loc 2 346 55 is_stmt 0
 891 0022 5D9B     		andi	a4,a4,-9
 892              	.LVL79:
 346:../src/platform/drivers/mss/mss_gpio/mss_gpio.c **** 
 893              		.loc 2 346 42
 894 0024 98C3     		sw	a4,0(a5)
 348:../src/platform/drivers/mss/mss_gpio/mss_gpio.c ****         {
 895              		.loc 2 348 9 is_stmt 1
 348:../src/platform/drivers/mss/mss_gpio/mss_gpio.c ****         {
 896              		.loc 2 348 12 is_stmt 0
 897 0026 B7071220 		li	a5,538050560
 898 002a 6386F400 		beq	s1,a5,.L75
 348:../src/platform/drivers/mss/mss_gpio/mss_gpio.c ****         {
 899              		.loc 2 348 32 discriminator 1
 900 002e B7071228 		li	a5,672268288
 901 0032 6392F402 		bne	s1,a5,.L68
 902              	.L75:
 354:../src/platform/drivers/mss/mss_gpio/mss_gpio.c ****                                             GPIO1_BIT0_or_GPIO2_BIT14_PLIC_14]);
 903              		.loc 2 354 13
 904 0036 0214     		slli	s0,s0,32
 905 0038 7980     		srli	s0,s0,30
 906 003a 97070000 		lla	a5,.LANCHOR0
 906      93870700 
 907 0042 3E94     		add	s0,a5,s0
 908 0044 0840     		lw	a0,0(s0)
 909              	.L74:
 370:../src/platform/drivers/mss/mss_gpio/mss_gpio.c **** 
 910              		.loc 2 370 1
 911 0046 4264     		ld	s0,16(sp)
 912              		.cfi_remember_state
 913              		.cfi_restore 8
 914 0048 E260     		ld	ra,24(sp)
 915              		.cfi_restore 1
 916 004a A264     		ld	s1,8(sp)
 917              		.cfi_restore 9
 918              	.LVL80:
 919 004c 0561     		addi	sp,sp,32
 920              		.cfi_def_cfa_offset 0
 359:../src/platform/drivers/mss/mss_gpio/mss_gpio.c ****         }
 921              		.loc 2 359 13
 922 004e 17030000 		tail	PLIC_DisableIRQ
 922      67000300 
 923              	.LVL81:
 924              	.L68:
 925              		.cfi_restore_state
 352:../src/platform/drivers/mss/mss_gpio/mss_gpio.c ****         {
 926              		.loc 2 352 14 is_stmt 1
 352:../src/platform/drivers/mss/mss_gpio/mss_gpio.c ****         {
 927              		.loc 2 352 17 is_stmt 0
 928 0056 B7171220 		li	a5,538054656
 929 005a 6386F400 		beq	s1,a5,.L69
 352:../src/platform/drivers/mss/mss_gpio/mss_gpio.c ****         {
 930              		.loc 2 352 37 discriminator 1
 931 005e B7171228 		li	a5,672272384
 932 0062 6394F400 		bne	s1,a5,.L70
 933              	.L69:
 354:../src/platform/drivers/mss/mss_gpio/mss_gpio.c ****                                             GPIO1_BIT0_or_GPIO2_BIT14_PLIC_14]);
 934              		.loc 2 354 13 is_stmt 1
 354:../src/platform/drivers/mss/mss_gpio/mss_gpio.c ****                                             GPIO1_BIT0_or_GPIO2_BIT14_PLIC_14]);
 935              		.loc 2 354 53 is_stmt 0
 936 0066 6D24     		addiw	s0,s0,27
 937 0068 F9B7     		j	.L75
 938              	.L70:
 357:../src/platform/drivers/mss/mss_gpio/mss_gpio.c ****         {
 939              		.loc 2 357 14 is_stmt 1
 357:../src/platform/drivers/mss/mss_gpio/mss_gpio.c ****         {
 940              		.loc 2 357 17 is_stmt 0
 941 006a B7271220 		li	a5,538058752
 942 006e 6386F400 		beq	s1,a5,.L71
 357:../src/platform/drivers/mss/mss_gpio/mss_gpio.c ****         {
 943              		.loc 2 357 37 discriminator 1
 944 0072 B7271228 		li	a5,672276480
 945 0076 6395F400 		bne	s1,a5,.L64
 946              	.L71:
 359:../src/platform/drivers/mss/mss_gpio/mss_gpio.c ****         }
 947              		.loc 2 359 13 is_stmt 1
 948 007a 13055003 		li	a0,53
 949 007e E1B7     		j	.L74
 950              	.L64:
 370:../src/platform/drivers/mss/mss_gpio/mss_gpio.c **** 
 951              		.loc 2 370 1 is_stmt 0
 952 0080 E260     		ld	ra,24(sp)
 953              		.cfi_restore 1
 954 0082 4264     		ld	s0,16(sp)
 955              		.cfi_restore 8
 956 0084 A264     		ld	s1,8(sp)
 957              		.cfi_restore 9
 958              	.LVL82:
 959 0086 0561     		addi	sp,sp,32
 960              		.cfi_def_cfa_offset 0
 961 0088 8280     		jr	ra
 962              		.cfi_endproc
 963              	.LFE30:
 965              		.section	.text.MSS_GPIO_enable_nondirect_irq,"ax",@progbits
 966              		.align	1
 967              		.globl	MSS_GPIO_enable_nondirect_irq
 969              	MSS_GPIO_enable_nondirect_irq:
 970              	.LFB31:
 381:../src/platform/drivers/mss/mss_gpio/mss_gpio.c ****     if ((GPIO0_LO == gpio) || (GPIO0_HI == gpio))
 971              		.loc 2 381 1 is_stmt 1
 972              		.cfi_startproc
 973              	.LVL83:
 382:../src/platform/drivers/mss/mss_gpio/mss_gpio.c ****     {
 974              		.loc 2 382 5
 382:../src/platform/drivers/mss/mss_gpio/mss_gpio.c ****     {
 975              		.loc 2 382 8 is_stmt 0
 976 0000 B7071220 		li	a5,538050560
 977 0004 6306F500 		beq	a0,a5,.L77
 382:../src/platform/drivers/mss/mss_gpio/mss_gpio.c ****     {
 978              		.loc 2 382 28 discriminator 1
 979 0008 B7071228 		li	a5,672268288
 980 000c 6318F500 		bne	a0,a5,.L78
 981              	.L77:
 384:../src/platform/drivers/mss/mss_gpio/mss_gpio.c ****     }
 982              		.loc 2 384 9 is_stmt 1
 983 0010 13053003 		li	a0,51
 984              	.LVL84:
 985              	.L83:
 392:../src/platform/drivers/mss/mss_gpio/mss_gpio.c ****     }
 986              		.loc 2 392 9 is_stmt 0
 987 0014 17030000 		tail	PLIC_EnableIRQ
 987      67000300 
 988              	.LVL85:
 989              	.L78:
 386:../src/platform/drivers/mss/mss_gpio/mss_gpio.c ****     {
 990              		.loc 2 386 10 is_stmt 1
 386:../src/platform/drivers/mss/mss_gpio/mss_gpio.c ****     {
 991              		.loc 2 386 13 is_stmt 0
 992 001c B7171220 		li	a5,538054656
 993 0020 6306F500 		beq	a0,a5,.L79
 386:../src/platform/drivers/mss/mss_gpio/mss_gpio.c ****     {
 994              		.loc 2 386 33 discriminator 1
 995 0024 B7171228 		li	a5,672272384
 996 0028 6315F500 		bne	a0,a5,.L80
 997              	.L79:
 388:../src/platform/drivers/mss/mss_gpio/mss_gpio.c ****     }
 998              		.loc 2 388 9 is_stmt 1
 999 002c 13054003 		li	a0,52
 1000              	.LVL86:
 1001 0030 D5B7     		j	.L83
 1002              	.LVL87:
 1003              	.L80:
 390:../src/platform/drivers/mss/mss_gpio/mss_gpio.c ****     {
 1004              		.loc 2 390 10
 390:../src/platform/drivers/mss/mss_gpio/mss_gpio.c ****     {
 1005              		.loc 2 390 13 is_stmt 0
 1006 0032 B7271220 		li	a5,538058752
 1007 0036 6306F500 		beq	a0,a5,.L81
 390:../src/platform/drivers/mss/mss_gpio/mss_gpio.c ****     {
 1008              		.loc 2 390 33 discriminator 1
 1009 003a B7271228 		li	a5,672276480
 1010 003e 6315F500 		bne	a0,a5,.L76
 1011              	.L81:
 392:../src/platform/drivers/mss/mss_gpio/mss_gpio.c ****     }
 1012              		.loc 2 392 9 is_stmt 1
 1013 0042 13055003 		li	a0,53
 1014              	.LVL88:
 1015 0046 F9B7     		j	.L83
 1016              	.LVL89:
 1017              	.L76:
 398:../src/platform/drivers/mss/mss_gpio/mss_gpio.c **** 
 1018              		.loc 2 398 1 is_stmt 0
 1019 0048 8280     		ret
 1020              		.cfi_endproc
 1021              	.LFE31:
 1023              		.section	.text.MSS_GPIO_disable_nondirect_irq,"ax",@progbits
 1024              		.align	1
 1025              		.globl	MSS_GPIO_disable_nondirect_irq
 1027              	MSS_GPIO_disable_nondirect_irq:
 1028              	.LFB32:
 409:../src/platform/drivers/mss/mss_gpio/mss_gpio.c ****     if ((GPIO0_LO == gpio) || (GPIO0_HI == gpio))
 1029              		.loc 2 409 1 is_stmt 1
 1030              		.cfi_startproc
 1031              	.LVL90:
 410:../src/platform/drivers/mss/mss_gpio/mss_gpio.c ****     {
 1032              		.loc 2 410 5
 410:../src/platform/drivers/mss/mss_gpio/mss_gpio.c ****     {
 1033              		.loc 2 410 8 is_stmt 0
 1034 0000 B7071220 		li	a5,538050560
 1035 0004 6306F500 		beq	a0,a5,.L85
 410:../src/platform/drivers/mss/mss_gpio/mss_gpio.c ****     {
 1036              		.loc 2 410 28 discriminator 1
 1037 0008 B7071228 		li	a5,672268288
 1038 000c 6318F500 		bne	a0,a5,.L86
 1039              	.L85:
 412:../src/platform/drivers/mss/mss_gpio/mss_gpio.c ****     }
 1040              		.loc 2 412 9 is_stmt 1
 1041 0010 13053003 		li	a0,51
 1042              	.LVL91:
 1043              	.L91:
 420:../src/platform/drivers/mss/mss_gpio/mss_gpio.c ****     }
 1044              		.loc 2 420 9 is_stmt 0
 1045 0014 17030000 		tail	PLIC_DisableIRQ
 1045      67000300 
 1046              	.LVL92:
 1047              	.L86:
 414:../src/platform/drivers/mss/mss_gpio/mss_gpio.c ****     {
 1048              		.loc 2 414 10 is_stmt 1
 414:../src/platform/drivers/mss/mss_gpio/mss_gpio.c ****     {
 1049              		.loc 2 414 13 is_stmt 0
 1050 001c B7171220 		li	a5,538054656
 1051 0020 6306F500 		beq	a0,a5,.L87
 414:../src/platform/drivers/mss/mss_gpio/mss_gpio.c ****     {
 1052              		.loc 2 414 33 discriminator 1
 1053 0024 B7171228 		li	a5,672272384
 1054 0028 6315F500 		bne	a0,a5,.L88
 1055              	.L87:
 416:../src/platform/drivers/mss/mss_gpio/mss_gpio.c ****     }
 1056              		.loc 2 416 9 is_stmt 1
 1057 002c 13054003 		li	a0,52
 1058              	.LVL93:
 1059 0030 D5B7     		j	.L91
 1060              	.LVL94:
 1061              	.L88:
 418:../src/platform/drivers/mss/mss_gpio/mss_gpio.c ****     {
 1062              		.loc 2 418 10
 418:../src/platform/drivers/mss/mss_gpio/mss_gpio.c ****     {
 1063              		.loc 2 418 13 is_stmt 0
 1064 0032 B7271220 		li	a5,538058752
 1065 0036 6306F500 		beq	a0,a5,.L89
 418:../src/platform/drivers/mss/mss_gpio/mss_gpio.c ****     {
 1066              		.loc 2 418 33 discriminator 1
 1067 003a B7271228 		li	a5,672276480
 1068 003e 6315F500 		bne	a0,a5,.L84
 1069              	.L89:
 420:../src/platform/drivers/mss/mss_gpio/mss_gpio.c ****     }
 1070              		.loc 2 420 9 is_stmt 1
 1071 0042 13055003 		li	a0,53
 1072              	.LVL95:
 1073 0046 F9B7     		j	.L91
 1074              	.LVL96:
 1075              	.L84:
 426:../src/platform/drivers/mss/mss_gpio/mss_gpio.c **** 
 1076              		.loc 2 426 1 is_stmt 0
 1077 0048 8280     		ret
 1078              		.cfi_endproc
 1079              	.LFE32:
 1081              		.section	.text.MSS_GPIO_clear_irq,"ax",@progbits
 1082              		.align	1
 1083              		.globl	MSS_GPIO_clear_irq
 1085              	MSS_GPIO_clear_irq:
 1086              	.LFB33:
 437:../src/platform/drivers/mss/mss_gpio/mss_gpio.c ****     if (0U == gpio_number_validate(gpio, port_id))
 1087              		.loc 2 437 1 is_stmt 1
 1088              		.cfi_startproc
 1089              	.LVL97:
 438:../src/platform/drivers/mss/mss_gpio/mss_gpio.c ****     {
 1090              		.loc 2 438 5
 437:../src/platform/drivers/mss/mss_gpio/mss_gpio.c ****     if (0U == gpio_number_validate(gpio, port_id))
 1091              		.loc 2 437 1 is_stmt 0
 1092 0000 0111     		addi	sp,sp,-32
 1093              		.cfi_def_cfa_offset 32
 1094 0002 22E8     		sd	s0,16(sp)
 1095 0004 26E4     		sd	s1,8(sp)
 1096 0006 06EC     		sd	ra,24(sp)
 1097              		.cfi_offset 8, -16
 1098              		.cfi_offset 9, -24
 1099              		.cfi_offset 1, -8
 437:../src/platform/drivers/mss/mss_gpio/mss_gpio.c ****     if (0U == gpio_number_validate(gpio, port_id))
 1100              		.loc 2 437 1
 1101 0008 2A84     		mv	s0,a0
 1102 000a AE84     		mv	s1,a1
 438:../src/platform/drivers/mss/mss_gpio/mss_gpio.c ****     {
 1103              		.loc 2 438 15
 1104 000c 97000000 		call	gpio_number_validate
 1104      E7800000 
 1105              	.LVL98:
 438:../src/platform/drivers/mss/mss_gpio/mss_gpio.c ****     {
 1106              		.loc 2 438 8
 1107 0014 01E9     		bne	a0,zero,.L92
 440:../src/platform/drivers/mss/mss_gpio/mss_gpio.c ****         __asm("fence");
 1108              		.loc 2 440 9 is_stmt 1
 440:../src/platform/drivers/mss/mss_gpio/mss_gpio.c ****         __asm("fence");
 1109              		.loc 2 440 40 is_stmt 0
 1110 0016 8545     		li	a1,1
 1111 0018 BB959500 		sllw	a1,a1,s1
 440:../src/platform/drivers/mss/mss_gpio/mss_gpio.c ****         __asm("fence");
 1112              		.loc 2 440 24
 1113 001c 2320B408 		sw	a1,128(s0)
 441:../src/platform/drivers/mss/mss_gpio/mss_gpio.c ****     }
 1114              		.loc 2 441 9 is_stmt 1
 1115              	 #APP
 1116              	# 441 "../src/platform/drivers/mss/mss_gpio/mss_gpio.c" 1
 445:../src/platform/drivers/mss/mss_gpio/mss_gpio.c ****     }
 1117              		fence
 1118              	# 0 "" 2
 1119              		.loc 2 445 18
 1120              	 #NO_APP
 1121              	.L92:
 447:../src/platform/drivers/mss/mss_gpio/mss_gpio.c **** 
 1122              		.loc 2 447 1 is_stmt 0
 1123 0024 E260     		ld	ra,24(sp)
 1124              		.cfi_restore 1
 1125 0026 4264     		ld	s0,16(sp)
 1126              		.cfi_restore 8
 1127              	.LVL99:
 1128 0028 A264     		ld	s1,8(sp)
 1129              		.cfi_restore 9
 1130 002a 0561     		addi	sp,sp,32
 1131              		.cfi_def_cfa_offset 0
 1132 002c 8280     		jr	ra
 1133              		.cfi_endproc
 1134              	.LFE33:
 1136              		.section	.rodata.g_gpio_irqn_lut,"a"
 1137              		.align	3
 1138              		.set	.LANCHOR0,. + 0
 1141              	g_gpio_irqn_lut:
 1142 0000 0D000000 		.word	13
 1143 0004 0E000000 		.word	14
 1144 0008 0F000000 		.word	15
 1145 000c 10000000 		.word	16
 1146 0010 11000000 		.word	17
 1147 0014 12000000 		.word	18
 1148 0018 13000000 		.word	19
 1149 001c 14000000 		.word	20
 1150 0020 15000000 		.word	21
 1151 0024 16000000 		.word	22
 1152 0028 17000000 		.word	23
 1153 002c 18000000 		.word	24
 1154 0030 19000000 		.word	25
 1155 0034 1A000000 		.word	26
 1156 0038 1B000000 		.word	27
 1157 003c 1C000000 		.word	28
 1158 0040 1D000000 		.word	29
 1159 0044 1E000000 		.word	30
 1160 0048 1F000000 		.word	31
 1161 004c 20000000 		.word	32
 1162 0050 21000000 		.word	33
 1163 0054 22000000 		.word	34
 1164 0058 23000000 		.word	35
 1165 005c 24000000 		.word	36
 1166 0060 25000000 		.word	37
 1167 0064 26000000 		.word	38
 1168 0068 27000000 		.word	39
 1169 006c 28000000 		.word	40
 1170 0070 29000000 		.word	41
 1171 0074 2A000000 		.word	42
 1172 0078 2B000000 		.word	43
 1173 007c 2C000000 		.word	44
 1174 0080 2D000000 		.word	45
 1175 0084 2E000000 		.word	46
 1176 0088 2F000000 		.word	47
 1177 008c 30000000 		.word	48
 1178 0090 31000000 		.word	49
 1179 0094 32000000 		.word	50
 1180 0098 33000000 		.word	51
 1181 009c 34000000 		.word	52
 1182 00a0 35000000 		.word	53
 1183              		.text
 1184              	.Letext0:
 1185              		.file 3 "/home/makro/microchip/SoftConsole-v2022.2-RISC-V-747/riscv-unknown-elf-gcc/riscv64-unknow
 1186              		.file 4 "/home/makro/microchip/SoftConsole-v2022.2-RISC-V-747/riscv-unknown-elf-gcc/riscv64-unknow
 1187              		.file 5 "/home/makro/softconsole_2022/led-hdmi-uart-switches/src/platform/mpfs_hal/common/nwc/mss_
 1188              		.file 6 "/home/makro/softconsole_2022/led-hdmi-uart-switches/src/platform/mpfs_hal/common/nwc/mss_
 1189              		.file 7 "/home/makro/softconsole_2022/led-hdmi-uart-switches/src/platform/mpfs_hal/common/nwc/mss_
 1190              		.file 8 "/home/makro/softconsole_2022/led-hdmi-uart-switches/src/platform/mpfs_hal/common/mss_mpu.
 1191              		.file 9 "/home/makro/softconsole_2022/led-hdmi-uart-switches/src/platform/mpfs_hal/startup_gcc/sys
 1192              		.file 10 "../src/platform/drivers/mss/mss_gpio/mss_gpio.h"
DEFINED SYMBOLS
                            *ABS*:0000000000000000 mss_gpio.c
     /tmp/ccWZZQZf.s:12     .text.PLIC_EnableIRQ:0000000000000000 PLIC_EnableIRQ
     /tmp/ccWZZQZf.s:16     .text.PLIC_EnableIRQ:0000000000000000 .L0 
     /tmp/ccWZZQZf.s:18     .text.PLIC_EnableIRQ:0000000000000000 .L0 
     /tmp/ccWZZQZf.s:19     .text.PLIC_EnableIRQ:0000000000000000 .L0 
     /tmp/ccWZZQZf.s:21     .text.PLIC_EnableIRQ:0000000000000000 .L0 
     /tmp/ccWZZQZf.s:22     .text.PLIC_EnableIRQ:0000000000000000 .L0 
/home/makro/softconsole_2022/led-hdmi-uart-switches/src/platform/mpfs_hal/common/mss_plic.h:643    .text.PLIC_EnableIRQ:0000000000000000 .L0 
     /tmp/ccWZZQZf.s:31     .text.PLIC_EnableIRQ:0000000000000004 .L0 
     /tmp/ccWZZQZf.s:32     .text.PLIC_EnableIRQ:0000000000000004 .L0 
     /tmp/ccWZZQZf.s:61     .text.PLIC_EnableIRQ:0000000000000026 .L0 
     /tmp/ccWZZQZf.s:62     .text.PLIC_EnableIRQ:0000000000000026 .L0 
     /tmp/ccWZZQZf.s:67     .text.PLIC_EnableIRQ:000000000000002e .L0 
     /tmp/ccWZZQZf.s:68     .text.PLIC_EnableIRQ:000000000000002e .L0 
     /tmp/ccWZZQZf.s:71     .text.PLIC_EnableIRQ:0000000000000034 .L0 
     /tmp/ccWZZQZf.s:75     .text.PLIC_EnableIRQ:0000000000000038 .L0 
     /tmp/ccWZZQZf.s:76     .text.PLIC_EnableIRQ:0000000000000038 .L0 
     /tmp/ccWZZQZf.s:78     .text.PLIC_EnableIRQ:000000000000003a .L0 
     /tmp/ccWZZQZf.s:84     .text.PLIC_EnableIRQ:000000000000003c .L0 
     /tmp/ccWZZQZf.s:85     .text.PLIC_EnableIRQ:000000000000003c .L0 
     /tmp/ccWZZQZf.s:90     .text.PLIC_EnableIRQ:0000000000000046 .L0 
     /tmp/ccWZZQZf.s:91     .text.PLIC_EnableIRQ:0000000000000046 .L0 
     /tmp/ccWZZQZf.s:94     .text.PLIC_EnableIRQ:000000000000004c .L0 
     /tmp/ccWZZQZf.s:98     .text.PLIC_EnableIRQ:0000000000000050 .L0 
     /tmp/ccWZZQZf.s:99     .text.PLIC_EnableIRQ:0000000000000050 .L0 
     /tmp/ccWZZQZf.s:101    .text.PLIC_EnableIRQ:0000000000000054 .L0 
     /tmp/ccWZZQZf.s:105    .text.PLIC_EnableIRQ:0000000000000056 .L0 
     /tmp/ccWZZQZf.s:106    .text.PLIC_EnableIRQ:0000000000000056 .L0 
     /tmp/ccWZZQZf.s:111    .text.PLIC_EnableIRQ:0000000000000060 .L0 
     /tmp/ccWZZQZf.s:112    .text.PLIC_EnableIRQ:0000000000000060 .L0 
     /tmp/ccWZZQZf.s:115    .text.PLIC_EnableIRQ:0000000000000066 .L0 
     /tmp/ccWZZQZf.s:119    .text.PLIC_EnableIRQ:000000000000006a .L0 
     /tmp/ccWZZQZf.s:120    .text.PLIC_EnableIRQ:000000000000006a .L0 
     /tmp/ccWZZQZf.s:122    .text.PLIC_EnableIRQ:000000000000006e .L0 
     /tmp/ccWZZQZf.s:126    .text.PLIC_EnableIRQ:0000000000000070 .L0 
     /tmp/ccWZZQZf.s:127    .text.PLIC_EnableIRQ:0000000000000070 .L0 
     /tmp/ccWZZQZf.s:132    .text.PLIC_EnableIRQ:000000000000007a .L0 
     /tmp/ccWZZQZf.s:133    .text.PLIC_EnableIRQ:000000000000007a .L0 
     /tmp/ccWZZQZf.s:136    .text.PLIC_EnableIRQ:0000000000000080 .L0 
     /tmp/ccWZZQZf.s:140    .text.PLIC_EnableIRQ:0000000000000084 .L0 
     /tmp/ccWZZQZf.s:141    .text.PLIC_EnableIRQ:0000000000000084 .L0 
     /tmp/ccWZZQZf.s:143    .text.PLIC_EnableIRQ:0000000000000088 .L0 
     /tmp/ccWZZQZf.s:147    .text.PLIC_EnableIRQ:000000000000008a .L0 
     /tmp/ccWZZQZf.s:148    .text.PLIC_EnableIRQ:000000000000008a .L0 
     /tmp/ccWZZQZf.s:153    .text.PLIC_EnableIRQ:0000000000000094 .L0 
     /tmp/ccWZZQZf.s:154    .text.PLIC_EnableIRQ:0000000000000094 .L0 
     /tmp/ccWZZQZf.s:157    .text.PLIC_EnableIRQ:000000000000009a .L0 
     /tmp/ccWZZQZf.s:161    .text.PLIC_EnableIRQ:000000000000009e .L0 
     /tmp/ccWZZQZf.s:162    .text.PLIC_EnableIRQ:000000000000009e .L0 
     /tmp/ccWZZQZf.s:166    .text.PLIC_EnableIRQ:00000000000000a2 .L0 
     /tmp/ccWZZQZf.s:167    .text.PLIC_EnableIRQ:00000000000000a2 .L0 
     /tmp/ccWZZQZf.s:168    .text.PLIC_EnableIRQ:00000000000000a4 .L0 
     /tmp/ccWZZQZf.s:174    .text.PLIC_DisableIRQ:0000000000000000 PLIC_DisableIRQ
     /tmp/ccWZZQZf.s:177    .text.PLIC_DisableIRQ:0000000000000000 .L0 
     /tmp/ccWZZQZf.s:179    .text.PLIC_DisableIRQ:0000000000000000 .L0 
     /tmp/ccWZZQZf.s:180    .text.PLIC_DisableIRQ:0000000000000000 .L0 
     /tmp/ccWZZQZf.s:182    .text.PLIC_DisableIRQ:0000000000000000 .L0 
     /tmp/ccWZZQZf.s:183    .text.PLIC_DisableIRQ:0000000000000000 .L0 
/home/makro/softconsole_2022/led-hdmi-uart-switches/src/platform/mpfs_hal/common/mss_plic.h:693    .text.PLIC_DisableIRQ:0000000000000000 .L0 
     /tmp/ccWZZQZf.s:192    .text.PLIC_DisableIRQ:0000000000000004 .L0 
     /tmp/ccWZZQZf.s:193    .text.PLIC_DisableIRQ:0000000000000004 .L0 
     /tmp/ccWZZQZf.s:205    .text.PLIC_DisableIRQ:0000000000000022 .L0 
     /tmp/ccWZZQZf.s:210    .text.PLIC_DisableIRQ:000000000000002a .L0 
     /tmp/ccWZZQZf.s:226    .text.PLIC_DisableIRQ:000000000000002c .L0 
     /tmp/ccWZZQZf.s:227    .text.PLIC_DisableIRQ:000000000000002c .L0 
     /tmp/ccWZZQZf.s:230    .text.PLIC_DisableIRQ:000000000000002e .L0 
     /tmp/ccWZZQZf.s:231    .text.PLIC_DisableIRQ:000000000000002e .L0 
     /tmp/ccWZZQZf.s:234    .text.PLIC_DisableIRQ:0000000000000034 .L0 
     /tmp/ccWZZQZf.s:236    .text.PLIC_DisableIRQ:0000000000000038 .L0 
     /tmp/ccWZZQZf.s:240    .text.PLIC_DisableIRQ:000000000000003c .L0 
     /tmp/ccWZZQZf.s:241    .text.PLIC_DisableIRQ:000000000000003c .L0 
     /tmp/ccWZZQZf.s:243    .text.PLIC_DisableIRQ:000000000000003e .L0 
     /tmp/ccWZZQZf.s:249    .text.PLIC_DisableIRQ:0000000000000040 .L0 
     /tmp/ccWZZQZf.s:250    .text.PLIC_DisableIRQ:0000000000000040 .L0 
     /tmp/ccWZZQZf.s:253    .text.PLIC_DisableIRQ:0000000000000044 .L0 
     /tmp/ccWZZQZf.s:254    .text.PLIC_DisableIRQ:0000000000000044 .L0 
     /tmp/ccWZZQZf.s:257    .text.PLIC_DisableIRQ:000000000000004a .L0 
     /tmp/ccWZZQZf.s:259    .text.PLIC_DisableIRQ:000000000000004e .L0 
     /tmp/ccWZZQZf.s:263    .text.PLIC_DisableIRQ:0000000000000052 .L0 
     /tmp/ccWZZQZf.s:264    .text.PLIC_DisableIRQ:0000000000000052 .L0 
     /tmp/ccWZZQZf.s:266    .text.PLIC_DisableIRQ:0000000000000056 .L0 
     /tmp/ccWZZQZf.s:270    .text.PLIC_DisableIRQ:0000000000000058 .L0 
     /tmp/ccWZZQZf.s:271    .text.PLIC_DisableIRQ:0000000000000058 .L0 
     /tmp/ccWZZQZf.s:274    .text.PLIC_DisableIRQ:000000000000005c .L0 
     /tmp/ccWZZQZf.s:275    .text.PLIC_DisableIRQ:000000000000005c .L0 
     /tmp/ccWZZQZf.s:278    .text.PLIC_DisableIRQ:0000000000000062 .L0 
     /tmp/ccWZZQZf.s:280    .text.PLIC_DisableIRQ:0000000000000066 .L0 
     /tmp/ccWZZQZf.s:284    .text.PLIC_DisableIRQ:000000000000006a .L0 
     /tmp/ccWZZQZf.s:285    .text.PLIC_DisableIRQ:000000000000006a .L0 
     /tmp/ccWZZQZf.s:287    .text.PLIC_DisableIRQ:000000000000006e .L0 
     /tmp/ccWZZQZf.s:291    .text.PLIC_DisableIRQ:0000000000000070 .L0 
     /tmp/ccWZZQZf.s:292    .text.PLIC_DisableIRQ:0000000000000070 .L0 
     /tmp/ccWZZQZf.s:295    .text.PLIC_DisableIRQ:0000000000000074 .L0 
     /tmp/ccWZZQZf.s:296    .text.PLIC_DisableIRQ:0000000000000074 .L0 
     /tmp/ccWZZQZf.s:299    .text.PLIC_DisableIRQ:000000000000007a .L0 
     /tmp/ccWZZQZf.s:301    .text.PLIC_DisableIRQ:000000000000007e .L0 
     /tmp/ccWZZQZf.s:305    .text.PLIC_DisableIRQ:0000000000000082 .L0 
     /tmp/ccWZZQZf.s:306    .text.PLIC_DisableIRQ:0000000000000082 .L0 
     /tmp/ccWZZQZf.s:308    .text.PLIC_DisableIRQ:0000000000000086 .L0 
     /tmp/ccWZZQZf.s:312    .text.PLIC_DisableIRQ:0000000000000088 .L0 
     /tmp/ccWZZQZf.s:313    .text.PLIC_DisableIRQ:0000000000000088 .L0 
     /tmp/ccWZZQZf.s:316    .text.PLIC_DisableIRQ:000000000000008c .L0 
     /tmp/ccWZZQZf.s:317    .text.PLIC_DisableIRQ:000000000000008c .L0 
     /tmp/ccWZZQZf.s:320    .text.PLIC_DisableIRQ:0000000000000092 .L0 
     /tmp/ccWZZQZf.s:322    .text.PLIC_DisableIRQ:0000000000000096 .L0 
     /tmp/ccWZZQZf.s:326    .text.PLIC_DisableIRQ:000000000000009a .L0 
     /tmp/ccWZZQZf.s:327    .text.PLIC_DisableIRQ:000000000000009a .L0 
     /tmp/ccWZZQZf.s:331    .text.PLIC_DisableIRQ:000000000000009e .L0 
     /tmp/ccWZZQZf.s:332    .text.PLIC_DisableIRQ:000000000000009e .L0 
     /tmp/ccWZZQZf.s:333    .text.PLIC_DisableIRQ:00000000000000a0 .L0 
     /tmp/ccWZZQZf.s:339    .text.gpio_number_validate:0000000000000000 gpio_number_validate
     /tmp/ccWZZQZf.s:343    .text.gpio_number_validate:0000000000000000 .L0 
     /tmp/ccWZZQZf.s:345    .text.gpio_number_validate:0000000000000000 .L0 
     /tmp/ccWZZQZf.s:346    .text.gpio_number_validate:0000000000000000 .L0 
     /tmp/ccWZZQZf.s:347    .text.gpio_number_validate:0000000000000000 .L0 
     /tmp/ccWZZQZf.s:348    .text.gpio_number_validate:0000000000000000 .L0 
     /tmp/ccWZZQZf.s:351    .text.gpio_number_validate:0000000000000008 .L0 
     /tmp/ccWZZQZf.s:355    .text.gpio_number_validate:0000000000000010 .L0 
     /tmp/ccWZZQZf.s:357    .text.gpio_number_validate:0000000000000012 .L0 
     /tmp/ccWZZQZf.s:359    .text.gpio_number_validate:0000000000000014 .L0 
     /tmp/ccWZZQZf.s:362    .text.gpio_number_validate:0000000000000018 .L0 
     /tmp/ccWZZQZf.s:363    .text.gpio_number_validate:0000000000000018 .L0 
     /tmp/ccWZZQZf.s:366    .text.gpio_number_validate:0000000000000020 .L0 
     /tmp/ccWZZQZf.s:370    .text.gpio_number_validate:0000000000000028 .L0 
     /tmp/ccWZZQZf.s:372    .text.gpio_number_validate:000000000000002a .L0 
     /tmp/ccWZZQZf.s:374    .text.gpio_number_validate:000000000000002c .L0 
     /tmp/ccWZZQZf.s:380    .text.gpio_number_validate:0000000000000030 .L0 
     /tmp/ccWZZQZf.s:381    .text.gpio_number_validate:0000000000000030 .L0 
     /tmp/ccWZZQZf.s:384    .text.gpio_number_validate:0000000000000038 .L0 
     /tmp/ccWZZQZf.s:386    .text.gpio_number_validate:000000000000003c .L0 
     /tmp/ccWZZQZf.s:388    .text.gpio_number_validate:000000000000003e .L0 
     /tmp/ccWZZQZf.s:391    .text.gpio_number_validate:0000000000000042 .L0 
     /tmp/ccWZZQZf.s:398    .text.gpio_number_validate:0000000000000048 .L0 
     /tmp/ccWZZQZf.s:399    .text.gpio_number_validate:0000000000000048 .L0 
     /tmp/ccWZZQZf.s:402    .text.gpio_number_validate:000000000000004c .L0 
     /tmp/ccWZZQZf.s:409    .text.MSS_GPIO_init:0000000000000000 MSS_GPIO_init
     /tmp/ccWZZQZf.s:412    .text.MSS_GPIO_init:0000000000000000 .L0 
     /tmp/ccWZZQZf.s:414    .text.MSS_GPIO_init:0000000000000000 .L0 
     /tmp/ccWZZQZf.s:415    .text.MSS_GPIO_init:0000000000000000 .L0 
     /tmp/ccWZZQZf.s:416    .text.MSS_GPIO_init:0000000000000000 .L0 
     /tmp/ccWZZQZf.s:419    .text.MSS_GPIO_init:0000000000000006 .L0 
     /tmp/ccWZZQZf.s:420    .text.MSS_GPIO_init:0000000000000008 .L0 
     /tmp/ccWZZQZf.s:427    .text.MSS_GPIO_config:0000000000000000 MSS_GPIO_config
     /tmp/ccWZZQZf.s:430    .text.MSS_GPIO_config:0000000000000000 .L0 
     /tmp/ccWZZQZf.s:432    .text.MSS_GPIO_config:0000000000000000 .L0 
     /tmp/ccWZZQZf.s:433    .text.MSS_GPIO_config:0000000000000000 .L0 
     /tmp/ccWZZQZf.s:434    .text.MSS_GPIO_config:0000000000000000 .L0 
     /tmp/ccWZZQZf.s:435    .text.MSS_GPIO_config:0000000000000002 .L0 
     /tmp/ccWZZQZf.s:439    .text.MSS_GPIO_config:0000000000000008 .L0 
     /tmp/ccWZZQZf.s:440    .text.MSS_GPIO_config:0000000000000008 .L0 
     /tmp/ccWZZQZf.s:441    .text.MSS_GPIO_config:0000000000000008 .L0 
     /tmp/ccWZZQZf.s:443    .text.MSS_GPIO_config:0000000000000008 .L0 
     /tmp/ccWZZQZf.s:447    .text.MSS_GPIO_config:000000000000000e .L0 
     /tmp/ccWZZQZf.s:450    .text.MSS_GPIO_config:0000000000000016 .L0 
     /tmp/ccWZZQZf.s:452    .text.MSS_GPIO_config:0000000000000018 .L0 
     /tmp/ccWZZQZf.s:453    .text.MSS_GPIO_config:0000000000000018 .L0 
     /tmp/ccWZZQZf.s:460    .text.MSS_GPIO_config:0000000000000022 .L0 
     /tmp/ccWZZQZf.s:461    .text.MSS_GPIO_config:0000000000000022 .L0 
     /tmp/ccWZZQZf.s:462    .text.MSS_GPIO_config:0000000000000024 .L0 
     /tmp/ccWZZQZf.s:464    .text.MSS_GPIO_config:0000000000000026 .L0 
     /tmp/ccWZZQZf.s:466    .text.MSS_GPIO_config:0000000000000028 .L0 
     /tmp/ccWZZQZf.s:469    .text.MSS_GPIO_config:000000000000002a .L0 
     /tmp/ccWZZQZf.s:471    .text.MSS_GPIO_config:000000000000002c .L0 
     /tmp/ccWZZQZf.s:478    .text.MSS_GPIO_config_byte:0000000000000000 MSS_GPIO_config_byte
     /tmp/ccWZZQZf.s:481    .text.MSS_GPIO_config_byte:0000000000000000 .L0 
     /tmp/ccWZZQZf.s:483    .text.MSS_GPIO_config_byte:0000000000000000 .L0 
     /tmp/ccWZZQZf.s:484    .text.MSS_GPIO_config_byte:0000000000000000 .L0 
     /tmp/ccWZZQZf.s:485    .text.MSS_GPIO_config_byte:0000000000000000 .L0 
     /tmp/ccWZZQZf.s:488    .text.MSS_GPIO_config_byte:0000000000000008 .L0 
     /tmp/ccWZZQZf.s:492    .text.MSS_GPIO_config_byte:0000000000000010 .L0 
     /tmp/ccWZZQZf.s:494    .text.MSS_GPIO_config_byte:0000000000000012 .L0 
     /tmp/ccWZZQZf.s:495    .text.MSS_GPIO_config_byte:0000000000000012 .L0 
     /tmp/ccWZZQZf.s:500    .text.MSS_GPIO_config_byte:000000000000001c .L0 
     /tmp/ccWZZQZf.s:501    .text.MSS_GPIO_config_byte:000000000000001c .L0 
     /tmp/ccWZZQZf.s:505    .text.MSS_GPIO_config_byte:0000000000000024 .L0 
     /tmp/ccWZZQZf.s:508    .text.MSS_GPIO_config_byte:000000000000002c .L0 
     /tmp/ccWZZQZf.s:509    .text.MSS_GPIO_config_byte:000000000000002c .L0 
     /tmp/ccWZZQZf.s:512    .text.MSS_GPIO_config_byte:0000000000000034 .L0 
     /tmp/ccWZZQZf.s:516    .text.MSS_GPIO_config_byte:000000000000003c .L0 
     /tmp/ccWZZQZf.s:521    .text.MSS_GPIO_config_byte:0000000000000042 .L0 
     /tmp/ccWZZQZf.s:522    .text.MSS_GPIO_config_byte:0000000000000042 .L0 
     /tmp/ccWZZQZf.s:531    .text.MSS_GPIO_config_byte:0000000000000050 .L0 
     /tmp/ccWZZQZf.s:535    .text.MSS_GPIO_config_byte:0000000000000052 .L0 
     /tmp/ccWZZQZf.s:539    .text.MSS_GPIO_config_byte:0000000000000056 .L0 
     /tmp/ccWZZQZf.s:540    .text.MSS_GPIO_config_byte:0000000000000058 .L0 
     /tmp/ccWZZQZf.s:547    .text.MSS_GPIO_config_all:0000000000000000 MSS_GPIO_config_all
     /tmp/ccWZZQZf.s:550    .text.MSS_GPIO_config_all:0000000000000000 .L0 
     /tmp/ccWZZQZf.s:552    .text.MSS_GPIO_config_all:0000000000000000 .L0 
     /tmp/ccWZZQZf.s:553    .text.MSS_GPIO_config_all:0000000000000000 .L0 
     /tmp/ccWZZQZf.s:554    .text.MSS_GPIO_config_all:0000000000000000 .L0 
     /tmp/ccWZZQZf.s:556    .text.MSS_GPIO_config_all:0000000000000004 .L0 
     /tmp/ccWZZQZf.s:557    .text.MSS_GPIO_config_all:0000000000000006 .L0 
     /tmp/ccWZZQZf.s:564    .text.MSS_GPIO_set_output:0000000000000000 MSS_GPIO_set_output
     /tmp/ccWZZQZf.s:567    .text.MSS_GPIO_set_output:0000000000000000 .L0 
     /tmp/ccWZZQZf.s:569    .text.MSS_GPIO_set_output:0000000000000000 .L0 
     /tmp/ccWZZQZf.s:570    .text.MSS_GPIO_set_output:0000000000000000 .L0 
     /tmp/ccWZZQZf.s:571    .text.MSS_GPIO_set_output:0000000000000000 .L0 
     /tmp/ccWZZQZf.s:572    .text.MSS_GPIO_set_output:0000000000000002 .L0 
     /tmp/ccWZZQZf.s:576    .text.MSS_GPIO_set_output:0000000000000008 .L0 
     /tmp/ccWZZQZf.s:577    .text.MSS_GPIO_set_output:0000000000000008 .L0 
     /tmp/ccWZZQZf.s:578    .text.MSS_GPIO_set_output:0000000000000008 .L0 
     /tmp/ccWZZQZf.s:580    .text.MSS_GPIO_set_output:0000000000000008 .L0 
     /tmp/ccWZZQZf.s:584    .text.MSS_GPIO_set_output:000000000000000e .L0 
     /tmp/ccWZZQZf.s:587    .text.MSS_GPIO_set_output:0000000000000016 .L0 
     /tmp/ccWZZQZf.s:589    .text.MSS_GPIO_set_output:0000000000000018 .L0 
     /tmp/ccWZZQZf.s:590    .text.MSS_GPIO_set_output:0000000000000018 .L0 
     /tmp/ccWZZQZf.s:595    .text.MSS_GPIO_set_output:0000000000000022 .L0 
     /tmp/ccWZZQZf.s:596    .text.MSS_GPIO_set_output:0000000000000022 .L0 
     /tmp/ccWZZQZf.s:599    .text.MSS_GPIO_set_output:0000000000000026 .L0 
     /tmp/ccWZZQZf.s:600    .text.MSS_GPIO_set_output:0000000000000028 .L0 
     /tmp/ccWZZQZf.s:601    .text.MSS_GPIO_set_output:0000000000000028 .L0 
     /tmp/ccWZZQZf.s:603    .text.MSS_GPIO_set_output:000000000000002a .L0 
     /tmp/ccWZZQZf.s:606    .text.MSS_GPIO_set_output:000000000000002c .L0 
     /tmp/ccWZZQZf.s:608    .text.MSS_GPIO_set_output:000000000000002e .L0 
     /tmp/ccWZZQZf.s:612    .text.MSS_GPIO_set_output:0000000000000030 .L0 
     /tmp/ccWZZQZf.s:614    .text.MSS_GPIO_set_output:0000000000000030 .L0 
     /tmp/ccWZZQZf.s:615    .text.MSS_GPIO_set_output:0000000000000030 .L0 
     /tmp/ccWZZQZf.s:617    .text.MSS_GPIO_set_output:0000000000000034 .L0 
     /tmp/ccWZZQZf.s:618    .text.MSS_GPIO_set_output:0000000000000034 .L0 
     /tmp/ccWZZQZf.s:619    .text.MSS_GPIO_set_output:0000000000000036 .L0 
     /tmp/ccWZZQZf.s:626    .text.MSS_GPIO_drive_inout:0000000000000000 MSS_GPIO_drive_inout
     /tmp/ccWZZQZf.s:629    .text.MSS_GPIO_drive_inout:0000000000000000 .L0 
     /tmp/ccWZZQZf.s:631    .text.MSS_GPIO_drive_inout:0000000000000000 .L0 
     /tmp/ccWZZQZf.s:632    .text.MSS_GPIO_drive_inout:0000000000000000 .L0 
     /tmp/ccWZZQZf.s:633    .text.MSS_GPIO_drive_inout:0000000000000000 .L0 
     /tmp/ccWZZQZf.s:634    .text.MSS_GPIO_drive_inout:0000000000000000 .L0 
     /tmp/ccWZZQZf.s:635    .text.MSS_GPIO_drive_inout:0000000000000002 .L0 
     /tmp/ccWZZQZf.s:639    .text.MSS_GPIO_drive_inout:0000000000000008 .L0 
     /tmp/ccWZZQZf.s:640    .text.MSS_GPIO_drive_inout:0000000000000008 .L0 
     /tmp/ccWZZQZf.s:641    .text.MSS_GPIO_drive_inout:0000000000000008 .L0 
     /tmp/ccWZZQZf.s:643    .text.MSS_GPIO_drive_inout:0000000000000008 .L0 
     /tmp/ccWZZQZf.s:647    .text.MSS_GPIO_drive_inout:000000000000000e .L0 
     /tmp/ccWZZQZf.s:650    .text.MSS_GPIO_drive_inout:0000000000000016 .L0 
     /tmp/ccWZZQZf.s:652    .text.MSS_GPIO_drive_inout:0000000000000018 .L0 
     /tmp/ccWZZQZf.s:660    .text.MSS_GPIO_drive_inout:0000000000000028 .L0 
     /tmp/ccWZZQZf.s:661    .text.MSS_GPIO_drive_inout:000000000000002a .L0 
     /tmp/ccWZZQZf.s:662    .text.MSS_GPIO_drive_inout:000000000000002a .L0 
     /tmp/ccWZZQZf.s:664    .text.MSS_GPIO_drive_inout:000000000000002c .L0 
     /tmp/ccWZZQZf.s:666    .text.MSS_GPIO_drive_inout:000000000000002e .L0 
     /tmp/ccWZZQZf.s:669    .text.MSS_GPIO_drive_inout:0000000000000030 .L0 
     /tmp/ccWZZQZf.s:673    .text.MSS_GPIO_drive_inout:0000000000000032 .L0 
     /tmp/ccWZZQZf.s:675    .text.MSS_GPIO_drive_inout:0000000000000032 .L0 
     /tmp/ccWZZQZf.s:676    .text.MSS_GPIO_drive_inout:0000000000000032 .L0 
     /tmp/ccWZZQZf.s:681    .text.MSS_GPIO_drive_inout:000000000000003e .L0 
     /tmp/ccWZZQZf.s:683    .text.MSS_GPIO_drive_inout:0000000000000042 .L0 
     /tmp/ccWZZQZf.s:685    .text.MSS_GPIO_drive_inout:0000000000000044 .L0 
     /tmp/ccWZZQZf.s:689    .text.MSS_GPIO_drive_inout:0000000000000048 .L0 
     /tmp/ccWZZQZf.s:690    .text.MSS_GPIO_drive_inout:0000000000000048 .L0 
     /tmp/ccWZZQZf.s:693    .text.MSS_GPIO_drive_inout:000000000000004c .L0 
     /tmp/ccWZZQZf.s:694    .text.MSS_GPIO_drive_inout:000000000000004c .L0 
     /tmp/ccWZZQZf.s:696    .text.MSS_GPIO_drive_inout:000000000000004e .L0 
     /tmp/ccWZZQZf.s:700    .text.MSS_GPIO_drive_inout:0000000000000050 .L0 
     /tmp/ccWZZQZf.s:701    .text.MSS_GPIO_drive_inout:0000000000000050 .L0 
     /tmp/ccWZZQZf.s:705    .text.MSS_GPIO_drive_inout:0000000000000058 .L0 
     /tmp/ccWZZQZf.s:707    .text.MSS_GPIO_drive_inout:000000000000005c .L0 
     /tmp/ccWZZQZf.s:710    .text.MSS_GPIO_drive_inout:0000000000000062 .L0 
     /tmp/ccWZZQZf.s:714    .text.MSS_GPIO_drive_inout:0000000000000066 .L0 
     /tmp/ccWZZQZf.s:715    .text.MSS_GPIO_drive_inout:0000000000000066 .L0 
     /tmp/ccWZZQZf.s:718    .text.MSS_GPIO_drive_inout:000000000000006a .L0 
     /tmp/ccWZZQZf.s:719    .text.MSS_GPIO_drive_inout:000000000000006a .L0 
     /tmp/ccWZZQZf.s:721    .text.MSS_GPIO_drive_inout:000000000000006c .L0 
     /tmp/ccWZZQZf.s:725    .text.MSS_GPIO_drive_inout:000000000000006e .L0 
     /tmp/ccWZZQZf.s:729    .text.MSS_GPIO_drive_inout:0000000000000074 .L0 
     /tmp/ccWZZQZf.s:733    .text.MSS_GPIO_drive_inout:0000000000000078 .L0 
     /tmp/ccWZZQZf.s:734    .text.MSS_GPIO_drive_inout:0000000000000078 .L0 
     /tmp/ccWZZQZf.s:737    .text.MSS_GPIO_drive_inout:000000000000007a .L0 
     /tmp/ccWZZQZf.s:738    .text.MSS_GPIO_drive_inout:000000000000007a .L0 
     /tmp/ccWZZQZf.s:740    .text.MSS_GPIO_drive_inout:000000000000007c .L0 
     /tmp/ccWZZQZf.s:741    .text.MSS_GPIO_drive_inout:000000000000007c .L0 
     /tmp/ccWZZQZf.s:742    .text.MSS_GPIO_drive_inout:000000000000007c .L0 
     /tmp/ccWZZQZf.s:743    .text.MSS_GPIO_drive_inout:000000000000007e .L0 
     /tmp/ccWZZQZf.s:750    .text.MSS_GPIO_enable_irq:0000000000000000 MSS_GPIO_enable_irq
     /tmp/ccWZZQZf.s:753    .text.MSS_GPIO_enable_irq:0000000000000000 .L0 
     /tmp/ccWZZQZf.s:755    .text.MSS_GPIO_enable_irq:0000000000000000 .L0 
     /tmp/ccWZZQZf.s:756    .text.MSS_GPIO_enable_irq:0000000000000000 .L0 
     /tmp/ccWZZQZf.s:757    .text.MSS_GPIO_enable_irq:0000000000000000 .L0 
     /tmp/ccWZZQZf.s:758    .text.MSS_GPIO_enable_irq:0000000000000000 .L0 
     /tmp/ccWZZQZf.s:759    .text.MSS_GPIO_enable_irq:0000000000000002 .L0 
     /tmp/ccWZZQZf.s:763    .text.MSS_GPIO_enable_irq:0000000000000008 .L0 
     /tmp/ccWZZQZf.s:764    .text.MSS_GPIO_enable_irq:0000000000000008 .L0 
     /tmp/ccWZZQZf.s:765    .text.MSS_GPIO_enable_irq:0000000000000008 .L0 
     /tmp/ccWZZQZf.s:767    .text.MSS_GPIO_enable_irq:0000000000000008 .L0 
     /tmp/ccWZZQZf.s:770    .text.MSS_GPIO_enable_irq:000000000000000c .L0 
     /tmp/ccWZZQZf.s:773    .text.MSS_GPIO_enable_irq:0000000000000014 .L0 
     /tmp/ccWZZQZf.s:775    .text.MSS_GPIO_enable_irq:0000000000000016 .L0 
     /tmp/ccWZZQZf.s:779    .text.MSS_GPIO_enable_irq:000000000000001e .L0 
     /tmp/ccWZZQZf.s:783    .text.MSS_GPIO_enable_irq:0000000000000022 .L0 
     /tmp/ccWZZQZf.s:784    .text.MSS_GPIO_enable_irq:0000000000000022 .L0 
     /tmp/ccWZZQZf.s:787    .text.MSS_GPIO_enable_irq:0000000000000026 .L0 
     /tmp/ccWZZQZf.s:789    .text.MSS_GPIO_enable_irq:0000000000000028 .L0 
     /tmp/ccWZZQZf.s:790    .text.MSS_GPIO_enable_irq:0000000000000028 .L0 
     /tmp/ccWZZQZf.s:793    .text.MSS_GPIO_enable_irq:0000000000000030 .L0 
     /tmp/ccWZZQZf.s:797    .text.MSS_GPIO_enable_irq:0000000000000038 .L0 
     /tmp/ccWZZQZf.s:803    .text.MSS_GPIO_enable_irq:0000000000000048 .L0 
     /tmp/ccWZZQZf.s:804    .text.MSS_GPIO_enable_irq:000000000000004a .L0 
     /tmp/ccWZZQZf.s:805    .text.MSS_GPIO_enable_irq:000000000000004a .L0 
     /tmp/ccWZZQZf.s:807    .text.MSS_GPIO_enable_irq:000000000000004c .L0 
     /tmp/ccWZZQZf.s:809    .text.MSS_GPIO_enable_irq:000000000000004e .L0 
     /tmp/ccWZZQZf.s:812    .text.MSS_GPIO_enable_irq:0000000000000050 .L0 
     /tmp/ccWZZQZf.s:814    .text.MSS_GPIO_enable_irq:0000000000000050 .L0 
     /tmp/ccWZZQZf.s:817    .text.MSS_GPIO_enable_irq:0000000000000058 .L0 
     /tmp/ccWZZQZf.s:819    .text.MSS_GPIO_enable_irq:0000000000000058 .L0 
     /tmp/ccWZZQZf.s:820    .text.MSS_GPIO_enable_irq:0000000000000058 .L0 
     /tmp/ccWZZQZf.s:823    .text.MSS_GPIO_enable_irq:0000000000000060 .L0 
     /tmp/ccWZZQZf.s:827    .text.MSS_GPIO_enable_irq:0000000000000068 .L0 
     /tmp/ccWZZQZf.s:828    .text.MSS_GPIO_enable_irq:0000000000000068 .L0 
     /tmp/ccWZZQZf.s:832    .text.MSS_GPIO_enable_irq:000000000000006c .L0 
     /tmp/ccWZZQZf.s:833    .text.MSS_GPIO_enable_irq:000000000000006c .L0 
     /tmp/ccWZZQZf.s:836    .text.MSS_GPIO_enable_irq:0000000000000074 .L0 
     /tmp/ccWZZQZf.s:840    .text.MSS_GPIO_enable_irq:000000000000007c .L0 
     /tmp/ccWZZQZf.s:841    .text.MSS_GPIO_enable_irq:000000000000007e .L0 
     /tmp/ccWZZQZf.s:843    .text.MSS_GPIO_enable_irq:0000000000000080 .L0 
     /tmp/ccWZZQZf.s:845    .text.MSS_GPIO_enable_irq:0000000000000082 .L0 
     /tmp/ccWZZQZf.s:848    .text.MSS_GPIO_enable_irq:0000000000000084 .L0 
     /tmp/ccWZZQZf.s:850    .text.MSS_GPIO_enable_irq:0000000000000086 .L0 
     /tmp/ccWZZQZf.s:857    .text.MSS_GPIO_disable_irq:0000000000000000 MSS_GPIO_disable_irq
     /tmp/ccWZZQZf.s:860    .text.MSS_GPIO_disable_irq:0000000000000000 .L0 
     /tmp/ccWZZQZf.s:862    .text.MSS_GPIO_disable_irq:0000000000000000 .L0 
     /tmp/ccWZZQZf.s:863    .text.MSS_GPIO_disable_irq:0000000000000000 .L0 
     /tmp/ccWZZQZf.s:864    .text.MSS_GPIO_disable_irq:0000000000000000 .L0 
     /tmp/ccWZZQZf.s:865    .text.MSS_GPIO_disable_irq:0000000000000000 .L0 
     /tmp/ccWZZQZf.s:866    .text.MSS_GPIO_disable_irq:0000000000000002 .L0 
     /tmp/ccWZZQZf.s:870    .text.MSS_GPIO_disable_irq:0000000000000008 .L0 
     /tmp/ccWZZQZf.s:871    .text.MSS_GPIO_disable_irq:0000000000000008 .L0 
     /tmp/ccWZZQZf.s:872    .text.MSS_GPIO_disable_irq:0000000000000008 .L0 
     /tmp/ccWZZQZf.s:874    .text.MSS_GPIO_disable_irq:0000000000000008 .L0 
     /tmp/ccWZZQZf.s:877    .text.MSS_GPIO_disable_irq:000000000000000c .L0 
     /tmp/ccWZZQZf.s:880    .text.MSS_GPIO_disable_irq:0000000000000014 .L0 
     /tmp/ccWZZQZf.s:882    .text.MSS_GPIO_disable_irq:0000000000000016 .L0 
     /tmp/ccWZZQZf.s:886    .text.MSS_GPIO_disable_irq:000000000000001e .L0 
     /tmp/ccWZZQZf.s:890    .text.MSS_GPIO_disable_irq:0000000000000022 .L0 
     /tmp/ccWZZQZf.s:891    .text.MSS_GPIO_disable_irq:0000000000000022 .L0 
     /tmp/ccWZZQZf.s:894    .text.MSS_GPIO_disable_irq:0000000000000024 .L0 
     /tmp/ccWZZQZf.s:896    .text.MSS_GPIO_disable_irq:0000000000000026 .L0 
     /tmp/ccWZZQZf.s:897    .text.MSS_GPIO_disable_irq:0000000000000026 .L0 
     /tmp/ccWZZQZf.s:900    .text.MSS_GPIO_disable_irq:000000000000002e .L0 
     /tmp/ccWZZQZf.s:904    .text.MSS_GPIO_disable_irq:0000000000000036 .L0 
     /tmp/ccWZZQZf.s:911    .text.MSS_GPIO_disable_irq:0000000000000046 .L0 
     /tmp/ccWZZQZf.s:912    .text.MSS_GPIO_disable_irq:0000000000000048 .L0 
     /tmp/ccWZZQZf.s:913    .text.MSS_GPIO_disable_irq:0000000000000048 .L0 
     /tmp/ccWZZQZf.s:915    .text.MSS_GPIO_disable_irq:000000000000004a .L0 
     /tmp/ccWZZQZf.s:917    .text.MSS_GPIO_disable_irq:000000000000004c .L0 
     /tmp/ccWZZQZf.s:920    .text.MSS_GPIO_disable_irq:000000000000004e .L0 
     /tmp/ccWZZQZf.s:922    .text.MSS_GPIO_disable_irq:000000000000004e .L0 
     /tmp/ccWZZQZf.s:925    .text.MSS_GPIO_disable_irq:0000000000000056 .L0 
     /tmp/ccWZZQZf.s:927    .text.MSS_GPIO_disable_irq:0000000000000056 .L0 
     /tmp/ccWZZQZf.s:928    .text.MSS_GPIO_disable_irq:0000000000000056 .L0 
     /tmp/ccWZZQZf.s:931    .text.MSS_GPIO_disable_irq:000000000000005e .L0 
     /tmp/ccWZZQZf.s:935    .text.MSS_GPIO_disable_irq:0000000000000066 .L0 
     /tmp/ccWZZQZf.s:936    .text.MSS_GPIO_disable_irq:0000000000000066 .L0 
     /tmp/ccWZZQZf.s:940    .text.MSS_GPIO_disable_irq:000000000000006a .L0 
     /tmp/ccWZZQZf.s:941    .text.MSS_GPIO_disable_irq:000000000000006a .L0 
     /tmp/ccWZZQZf.s:944    .text.MSS_GPIO_disable_irq:0000000000000072 .L0 
     /tmp/ccWZZQZf.s:948    .text.MSS_GPIO_disable_irq:000000000000007a .L0 
     /tmp/ccWZZQZf.s:952    .text.MSS_GPIO_disable_irq:0000000000000080 .L0 
     /tmp/ccWZZQZf.s:953    .text.MSS_GPIO_disable_irq:0000000000000082 .L0 
     /tmp/ccWZZQZf.s:955    .text.MSS_GPIO_disable_irq:0000000000000084 .L0 
     /tmp/ccWZZQZf.s:957    .text.MSS_GPIO_disable_irq:0000000000000086 .L0 
     /tmp/ccWZZQZf.s:960    .text.MSS_GPIO_disable_irq:0000000000000088 .L0 
     /tmp/ccWZZQZf.s:962    .text.MSS_GPIO_disable_irq:000000000000008a .L0 
     /tmp/ccWZZQZf.s:969    .text.MSS_GPIO_enable_nondirect_irq:0000000000000000 MSS_GPIO_enable_nondirect_irq
     /tmp/ccWZZQZf.s:972    .text.MSS_GPIO_enable_nondirect_irq:0000000000000000 .L0 
     /tmp/ccWZZQZf.s:974    .text.MSS_GPIO_enable_nondirect_irq:0000000000000000 .L0 
     /tmp/ccWZZQZf.s:975    .text.MSS_GPIO_enable_nondirect_irq:0000000000000000 .L0 
     /tmp/ccWZZQZf.s:976    .text.MSS_GPIO_enable_nondirect_irq:0000000000000000 .L0 
     /tmp/ccWZZQZf.s:979    .text.MSS_GPIO_enable_nondirect_irq:0000000000000008 .L0 
     /tmp/ccWZZQZf.s:983    .text.MSS_GPIO_enable_nondirect_irq:0000000000000010 .L0 
     /tmp/ccWZZQZf.s:987    .text.MSS_GPIO_enable_nondirect_irq:0000000000000014 .L0 
     /tmp/ccWZZQZf.s:991    .text.MSS_GPIO_enable_nondirect_irq:000000000000001c .L0 
     /tmp/ccWZZQZf.s:992    .text.MSS_GPIO_enable_nondirect_irq:000000000000001c .L0 
     /tmp/ccWZZQZf.s:995    .text.MSS_GPIO_enable_nondirect_irq:0000000000000024 .L0 
     /tmp/ccWZZQZf.s:999    .text.MSS_GPIO_enable_nondirect_irq:000000000000002c .L0 
     /tmp/ccWZZQZf.s:1005   .text.MSS_GPIO_enable_nondirect_irq:0000000000000032 .L0 
     /tmp/ccWZZQZf.s:1006   .text.MSS_GPIO_enable_nondirect_irq:0000000000000032 .L0 
     /tmp/ccWZZQZf.s:1009   .text.MSS_GPIO_enable_nondirect_irq:000000000000003a .L0 
     /tmp/ccWZZQZf.s:1013   .text.MSS_GPIO_enable_nondirect_irq:0000000000000042 .L0 
     /tmp/ccWZZQZf.s:1019   .text.MSS_GPIO_enable_nondirect_irq:0000000000000048 .L0 
     /tmp/ccWZZQZf.s:1020   .text.MSS_GPIO_enable_nondirect_irq:000000000000004a .L0 
     /tmp/ccWZZQZf.s:1027   .text.MSS_GPIO_disable_nondirect_irq:0000000000000000 MSS_GPIO_disable_nondirect_irq
     /tmp/ccWZZQZf.s:1030   .text.MSS_GPIO_disable_nondirect_irq:0000000000000000 .L0 
     /tmp/ccWZZQZf.s:1032   .text.MSS_GPIO_disable_nondirect_irq:0000000000000000 .L0 
     /tmp/ccWZZQZf.s:1033   .text.MSS_GPIO_disable_nondirect_irq:0000000000000000 .L0 
     /tmp/ccWZZQZf.s:1034   .text.MSS_GPIO_disable_nondirect_irq:0000000000000000 .L0 
     /tmp/ccWZZQZf.s:1037   .text.MSS_GPIO_disable_nondirect_irq:0000000000000008 .L0 
     /tmp/ccWZZQZf.s:1041   .text.MSS_GPIO_disable_nondirect_irq:0000000000000010 .L0 
     /tmp/ccWZZQZf.s:1045   .text.MSS_GPIO_disable_nondirect_irq:0000000000000014 .L0 
     /tmp/ccWZZQZf.s:1049   .text.MSS_GPIO_disable_nondirect_irq:000000000000001c .L0 
     /tmp/ccWZZQZf.s:1050   .text.MSS_GPIO_disable_nondirect_irq:000000000000001c .L0 
     /tmp/ccWZZQZf.s:1053   .text.MSS_GPIO_disable_nondirect_irq:0000000000000024 .L0 
     /tmp/ccWZZQZf.s:1057   .text.MSS_GPIO_disable_nondirect_irq:000000000000002c .L0 
     /tmp/ccWZZQZf.s:1063   .text.MSS_GPIO_disable_nondirect_irq:0000000000000032 .L0 
     /tmp/ccWZZQZf.s:1064   .text.MSS_GPIO_disable_nondirect_irq:0000000000000032 .L0 
     /tmp/ccWZZQZf.s:1067   .text.MSS_GPIO_disable_nondirect_irq:000000000000003a .L0 
     /tmp/ccWZZQZf.s:1071   .text.MSS_GPIO_disable_nondirect_irq:0000000000000042 .L0 
     /tmp/ccWZZQZf.s:1077   .text.MSS_GPIO_disable_nondirect_irq:0000000000000048 .L0 
     /tmp/ccWZZQZf.s:1078   .text.MSS_GPIO_disable_nondirect_irq:000000000000004a .L0 
     /tmp/ccWZZQZf.s:1085   .text.MSS_GPIO_clear_irq:0000000000000000 MSS_GPIO_clear_irq
     /tmp/ccWZZQZf.s:1088   .text.MSS_GPIO_clear_irq:0000000000000000 .L0 
     /tmp/ccWZZQZf.s:1090   .text.MSS_GPIO_clear_irq:0000000000000000 .L0 
     /tmp/ccWZZQZf.s:1091   .text.MSS_GPIO_clear_irq:0000000000000000 .L0 
     /tmp/ccWZZQZf.s:1092   .text.MSS_GPIO_clear_irq:0000000000000000 .L0 
     /tmp/ccWZZQZf.s:1093   .text.MSS_GPIO_clear_irq:0000000000000002 .L0 
     /tmp/ccWZZQZf.s:1097   .text.MSS_GPIO_clear_irq:0000000000000008 .L0 
     /tmp/ccWZZQZf.s:1098   .text.MSS_GPIO_clear_irq:0000000000000008 .L0 
     /tmp/ccWZZQZf.s:1099   .text.MSS_GPIO_clear_irq:0000000000000008 .L0 
     /tmp/ccWZZQZf.s:1101   .text.MSS_GPIO_clear_irq:0000000000000008 .L0 
     /tmp/ccWZZQZf.s:1104   .text.MSS_GPIO_clear_irq:000000000000000c .L0 
     /tmp/ccWZZQZf.s:1107   .text.MSS_GPIO_clear_irq:0000000000000014 .L0 
     /tmp/ccWZZQZf.s:1109   .text.MSS_GPIO_clear_irq:0000000000000016 .L0 
     /tmp/ccWZZQZf.s:1110   .text.MSS_GPIO_clear_irq:0000000000000016 .L0 
     /tmp/ccWZZQZf.s:1113   .text.MSS_GPIO_clear_irq:000000000000001c .L0 
../src/platform/drivers/mss/mss_gpio/mss_gpio.c:441    .text.MSS_GPIO_clear_irq:0000000000000020 .L0 
     /tmp/ccWZZQZf.s:1122   .text.MSS_GPIO_clear_irq:0000000000000024 .L0 
     /tmp/ccWZZQZf.s:1123   .text.MSS_GPIO_clear_irq:0000000000000024 .L0 
     /tmp/ccWZZQZf.s:1124   .text.MSS_GPIO_clear_irq:0000000000000026 .L0 
     /tmp/ccWZZQZf.s:1126   .text.MSS_GPIO_clear_irq:0000000000000028 .L0 
     /tmp/ccWZZQZf.s:1129   .text.MSS_GPIO_clear_irq:000000000000002a .L0 
     /tmp/ccWZZQZf.s:1131   .text.MSS_GPIO_clear_irq:000000000000002c .L0 
     /tmp/ccWZZQZf.s:1133   .text.MSS_GPIO_clear_irq:000000000000002e .L0 
     /tmp/ccWZZQZf.s:1138   .rodata.g_gpio_irqn_lut:0000000000000000 .LANCHOR0
     /tmp/ccWZZQZf.s:1141   .rodata.g_gpio_irqn_lut:0000000000000000 g_gpio_irqn_lut
     /tmp/ccWZZQZf.s:171    .text.PLIC_EnableIRQ:00000000000000a4 .L0 
     /tmp/ccWZZQZf.s:336    .text.PLIC_DisableIRQ:00000000000000a0 .L0 
     /tmp/ccWZZQZf.s:405    .text.gpio_number_validate:000000000000004c .L0 
     /tmp/ccWZZQZf.s:423    .text.MSS_GPIO_init:0000000000000008 .L0 
     /tmp/ccWZZQZf.s:474    .text.MSS_GPIO_config:000000000000002c .L0 
     /tmp/ccWZZQZf.s:543    .text.MSS_GPIO_config_byte:0000000000000058 .L0 
     /tmp/ccWZZQZf.s:560    .text.MSS_GPIO_config_all:0000000000000006 .L0 
     /tmp/ccWZZQZf.s:622    .text.MSS_GPIO_set_output:0000000000000036 .L0 
     /tmp/ccWZZQZf.s:746    .text.MSS_GPIO_drive_inout:000000000000007e .L0 
     /tmp/ccWZZQZf.s:853    .text.MSS_GPIO_enable_irq:0000000000000086 .L0 
     /tmp/ccWZZQZf.s:965    .text.MSS_GPIO_disable_irq:000000000000008a .L0 
     /tmp/ccWZZQZf.s:1023   .text.MSS_GPIO_enable_nondirect_irq:000000000000004a .L0 
     /tmp/ccWZZQZf.s:1081   .text.MSS_GPIO_disable_nondirect_irq:000000000000004a .L0 
     /tmp/ccWZZQZf.s:1136   .text.MSS_GPIO_clear_irq:000000000000002e .L0 
                     .debug_frame:0000000000000000 .L0 
     /tmp/ccWZZQZf.s:49     .rodata.PLIC_EnableIRQ:0000000000000000 .L4
     /tmp/ccWZZQZf.s:34     .text.PLIC_EnableIRQ:000000000000000a .L0 
     /tmp/ccWZZQZf.s:165    .text.PLIC_EnableIRQ:00000000000000a2 .L1
     /tmp/ccWZZQZf.s:56     .text.PLIC_EnableIRQ:0000000000000026 .L8
     /tmp/ccWZZQZf.s:80     .text.PLIC_EnableIRQ:000000000000003c .L7
     /tmp/ccWZZQZf.s:103    .text.PLIC_EnableIRQ:0000000000000056 .L6
     /tmp/ccWZZQZf.s:124    .text.PLIC_EnableIRQ:0000000000000070 .L5
     /tmp/ccWZZQZf.s:145    .text.PLIC_EnableIRQ:000000000000008a .L3
     /tmp/ccWZZQZf.s:214    .rodata.PLIC_DisableIRQ:0000000000000000 .L12
     /tmp/ccWZZQZf.s:195    .text.PLIC_DisableIRQ:000000000000000a .L0 
     /tmp/ccWZZQZf.s:330    .text.PLIC_DisableIRQ:000000000000009e .L9
     /tmp/ccWZZQZf.s:221    .text.PLIC_DisableIRQ:000000000000002c .L16
     /tmp/ccWZZQZf.s:245    .text.PLIC_DisableIRQ:0000000000000040 .L15
     /tmp/ccWZZQZf.s:268    .text.PLIC_DisableIRQ:0000000000000058 .L14
     /tmp/ccWZZQZf.s:289    .text.PLIC_DisableIRQ:0000000000000070 .L13
     /tmp/ccWZZQZf.s:310    .text.PLIC_DisableIRQ:0000000000000088 .L11
     /tmp/ccWZZQZf.s:353    .text.gpio_number_validate:0000000000000010 .L18
     /tmp/ccWZZQZf.s:360    .text.gpio_number_validate:0000000000000018 .L19
     /tmp/ccWZZQZf.s:394    .text.gpio_number_validate:0000000000000048 .L20
     /tmp/ccWZZQZf.s:368    .text.gpio_number_validate:0000000000000028 .L21
     /tmp/ccWZZQZf.s:375    .text.gpio_number_validate:0000000000000030 .L22
     /tmp/ccWZZQZf.s:389    .text.gpio_number_validate:0000000000000042 .L23
     /tmp/ccWZZQZf.s:459    .text.MSS_GPIO_config:0000000000000022 .L28
     /tmp/ccWZZQZf.s:490    .text.MSS_GPIO_config_byte:0000000000000010 .L32
     /tmp/ccWZZQZf.s:498    .text.MSS_GPIO_config_byte:000000000000001c .L33
     /tmp/ccWZZQZf.s:537    .text.MSS_GPIO_config_byte:0000000000000056 .L31
     /tmp/ccWZZQZf.s:503    .text.MSS_GPIO_config_byte:0000000000000024 .L39
     /tmp/ccWZZQZf.s:519    .text.MSS_GPIO_config_byte:0000000000000042 .L38
     /tmp/ccWZZQZf.s:533    .text.MSS_GPIO_config_byte:0000000000000052 .L36
     /tmp/ccWZZQZf.s:514    .text.MSS_GPIO_config_byte:000000000000003c .L37
     /tmp/ccWZZQZf.s:517    .text.MSS_GPIO_config_byte:000000000000003e .L42
     /tmp/ccWZZQZf.s:597    .text.MSS_GPIO_set_output:0000000000000026 .L44
     /tmp/ccWZZQZf.s:611    .text.MSS_GPIO_set_output:0000000000000030 .L46
     /tmp/ccWZZQZf.s:658    .text.MSS_GPIO_drive_inout:0000000000000028 .L48
     /tmp/ccWZZQZf.s:672    .text.MSS_GPIO_drive_inout:0000000000000032 .L50
     /tmp/ccWZZQZf.s:698    .text.MSS_GPIO_drive_inout:0000000000000050 .L51
     /tmp/ccWZZQZf.s:723    .text.MSS_GPIO_drive_inout:000000000000006e .L52
     /tmp/ccWZZQZf.s:799    .text.MSS_GPIO_enable_irq:000000000000003c .L0 
     /tmp/ccWZZQZf.s:838    .text.MSS_GPIO_enable_irq:000000000000007c .L54
     /tmp/ccWZZQZf.s:795    .text.MSS_GPIO_enable_irq:0000000000000038 .L63
     /tmp/ccWZZQZf.s:816    .text.MSS_GPIO_enable_irq:0000000000000058 .L58
     /tmp/ccWZZQZf.s:825    .text.MSS_GPIO_enable_irq:0000000000000068 .L59
     /tmp/ccWZZQZf.s:830    .text.MSS_GPIO_enable_irq:000000000000006c .L60
     /tmp/ccWZZQZf.s:906    .text.MSS_GPIO_disable_irq:000000000000003a .L0 
     /tmp/ccWZZQZf.s:950    .text.MSS_GPIO_disable_irq:0000000000000080 .L64
     /tmp/ccWZZQZf.s:902    .text.MSS_GPIO_disable_irq:0000000000000036 .L75
     /tmp/ccWZZQZf.s:924    .text.MSS_GPIO_disable_irq:0000000000000056 .L68
     /tmp/ccWZZQZf.s:933    .text.MSS_GPIO_disable_irq:0000000000000066 .L69
     /tmp/ccWZZQZf.s:938    .text.MSS_GPIO_disable_irq:000000000000006a .L70
     /tmp/ccWZZQZf.s:946    .text.MSS_GPIO_disable_irq:000000000000007a .L71
     /tmp/ccWZZQZf.s:909    .text.MSS_GPIO_disable_irq:0000000000000046 .L74
     /tmp/ccWZZQZf.s:981    .text.MSS_GPIO_enable_nondirect_irq:0000000000000010 .L77
     /tmp/ccWZZQZf.s:989    .text.MSS_GPIO_enable_nondirect_irq:000000000000001c .L78
     /tmp/ccWZZQZf.s:997    .text.MSS_GPIO_enable_nondirect_irq:000000000000002c .L79
     /tmp/ccWZZQZf.s:1003   .text.MSS_GPIO_enable_nondirect_irq:0000000000000032 .L80
     /tmp/ccWZZQZf.s:985    .text.MSS_GPIO_enable_nondirect_irq:0000000000000014 .L83
     /tmp/ccWZZQZf.s:1011   .text.MSS_GPIO_enable_nondirect_irq:0000000000000042 .L81
     /tmp/ccWZZQZf.s:1017   .text.MSS_GPIO_enable_nondirect_irq:0000000000000048 .L76
     /tmp/ccWZZQZf.s:1039   .text.MSS_GPIO_disable_nondirect_irq:0000000000000010 .L85
     /tmp/ccWZZQZf.s:1047   .text.MSS_GPIO_disable_nondirect_irq:000000000000001c .L86
     /tmp/ccWZZQZf.s:1055   .text.MSS_GPIO_disable_nondirect_irq:000000000000002c .L87
     /tmp/ccWZZQZf.s:1061   .text.MSS_GPIO_disable_nondirect_irq:0000000000000032 .L88
     /tmp/ccWZZQZf.s:1043   .text.MSS_GPIO_disable_nondirect_irq:0000000000000014 .L91
     /tmp/ccWZZQZf.s:1069   .text.MSS_GPIO_disable_nondirect_irq:0000000000000042 .L89
     /tmp/ccWZZQZf.s:1075   .text.MSS_GPIO_disable_nondirect_irq:0000000000000048 .L84
     /tmp/ccWZZQZf.s:1121   .text.MSS_GPIO_clear_irq:0000000000000024 .L92
     /tmp/ccWZZQZf.s:69011  .debug_abbrev:0000000000000000 .Ldebug_abbrev0
     /tmp/ccWZZQZf.s:106560  .debug_str:00000000000480ff .LASF9550
     /tmp/ccWZZQZf.s:93814  .debug_str:0000000000013deb .LASF9551
     /tmp/ccWZZQZf.s:99480  .debug_str:000000000002b2f7 .LASF9552
     /tmp/ccWZZQZf.s:70584  .debug_ranges:0000000000000000 .Ldebug_ranges0
     /tmp/ccWZZQZf.s:88976  .debug_line:0000000000000000 .Ldebug_line0
     /tmp/ccWZZQZf.s:70616  .debug_macro:0000000000000000 .Ldebug_macro0
     /tmp/ccWZZQZf.s:106430  .debug_str:00000000000477bb .LASF5775
     /tmp/ccWZZQZf.s:94976  .debug_str:0000000000018857 .LASF5776
     /tmp/ccWZZQZf.s:107910  .debug_str:000000000004de6b .LASF5777
     /tmp/ccWZZQZf.s:100940  .debug_str:00000000000311a7 .LASF5778
     /tmp/ccWZZQZf.s:105988  .debug_str:0000000000045add .LASF5779
     /tmp/ccWZZQZf.s:90064  .debug_str:0000000000004bbd .LASF5783
     /tmp/ccWZZQZf.s:93692  .debug_str:00000000000136a5 .LASF5780
     /tmp/ccWZZQZf.s:104210  .debug_str:000000000003e539 .LASF5781
     /tmp/ccWZZQZf.s:100246  .debug_str:000000000002e3b2 .LASF5782
     /tmp/ccWZZQZf.s:97412  .debug_str:0000000000023192 .LASF5784
     /tmp/ccWZZQZf.s:89722  .debug_str:0000000000003459 .LASF5785
     /tmp/ccWZZQZf.s:90276  .debug_str:0000000000005a66 .LASF5786
     /tmp/ccWZZQZf.s:93070  .debug_str:0000000000010e28 .LASF5787
     /tmp/ccWZZQZf.s:105722  .debug_str:00000000000449ff .LASF5788
     /tmp/ccWZZQZf.s:98616  .debug_str:0000000000027b1f .LASF5789
     /tmp/ccWZZQZf.s:94902  .debug_str:00000000000183ea .LASF5790
     /tmp/ccWZZQZf.s:106694  .debug_str:0000000000048a23 .LASF5791
     /tmp/ccWZZQZf.s:93520  .debug_str:0000000000012b00 .LASF5792
     /tmp/ccWZZQZf.s:92856  .debug_str:000000000001006b .LASF5793
     /tmp/ccWZZQZf.s:99292  .debug_str:000000000002a69d .LASF5794
     /tmp/ccWZZQZf.s:96550  .debug_str:000000000001f6b8 .LASF5795
     /tmp/ccWZZQZf.s:97132  .debug_str:0000000000021e74 .LASF5796
     /tmp/ccWZZQZf.s:91040  .debug_str:0000000000008d67 .LASF5797
     /tmp/ccWZZQZf.s:89818  .debug_str:0000000000003a6f .LASF5798
     /tmp/ccWZZQZf.s:100832  .debug_str:0000000000030ad0 .LASF5799
     /tmp/ccWZZQZf.s:99566  .debug_str:000000000002b874 .LASF5800
     /tmp/ccWZZQZf.s:89856  .debug_str:0000000000003ccd .LASF5801
     /tmp/ccWZZQZf.s:107362  .debug_str:000000000004b816 .LASF5802
     /tmp/ccWZZQZf.s:104040  .debug_str:000000000003daba .LASF5803
     /tmp/ccWZZQZf.s:100258  .debug_str:000000000002e47e .LASF5804
     /tmp/ccWZZQZf.s:89080  .debug_str:0000000000000727 .LASF5805
     /tmp/ccWZZQZf.s:101034  .debug_str:0000000000031899 .LASF5806
     /tmp/ccWZZQZf.s:105624  .debug_str:0000000000044402 .LASF5807
     /tmp/ccWZZQZf.s:94864  .debug_str:00000000000181fa .LASF5808
     /tmp/ccWZZQZf.s:101080  .debug_str:0000000000031bc3 .LASF5809
     /tmp/ccWZZQZf.s:101026  .debug_str:0000000000031852 .LASF5810
     /tmp/ccWZZQZf.s:96930  .debug_str:00000000000211c8 .LASF5811
     /tmp/ccWZZQZf.s:100834  .debug_str:0000000000030ae7 .LASF5812
     /tmp/ccWZZQZf.s:101522  .debug_str:0000000000033841 .LASF5813
     /tmp/ccWZZQZf.s:101740  .debug_str:0000000000034772 .LASF5814
     /tmp/ccWZZQZf.s:101048  .debug_str:000000000003197f .LASF5815
     /tmp/ccWZZQZf.s:107208  .debug_str:000000000004ad2f .LASF5816
     /tmp/ccWZZQZf.s:103190  .debug_str:000000000003a053 .LASF5817
     /tmp/ccWZZQZf.s:94326  .debug_str:0000000000015d77 .LASF5818
     /tmp/ccWZZQZf.s:96906  .debug_str:0000000000021063 .LASF5819
     /tmp/ccWZZQZf.s:90006  .debug_str:000000000000477c .LASF5820
     /tmp/ccWZZQZf.s:99960  .debug_str:000000000002d1b2 .LASF5821
     /tmp/ccWZZQZf.s:101784  .debug_str:0000000000034a16 .LASF5822
     /tmp/ccWZZQZf.s:99588  .debug_str:000000000002ba6a .LASF5823
     /tmp/ccWZZQZf.s:100272  .debug_str:000000000002e5e0 .LASF5824
     /tmp/ccWZZQZf.s:100974  .debug_str:00000000000313f8 .LASF5825
     /tmp/ccWZZQZf.s:99982  .debug_str:000000000002d32a .LASF5826
     /tmp/ccWZZQZf.s:106140  .debug_str:00000000000464ad .LASF5827
     /tmp/ccWZZQZf.s:90808  .debug_str:0000000000007d6c .LASF5828
     /tmp/ccWZZQZf.s:93218  .debug_str:000000000001177a .LASF5829
     /tmp/ccWZZQZf.s:95772  .debug_str:000000000001c091 .LASF5830
     /tmp/ccWZZQZf.s:89116  .debug_str:00000000000009a0 .LASF5831
     /tmp/ccWZZQZf.s:103250  .debug_str:000000000003a517 .LASF5832
     /tmp/ccWZZQZf.s:104602  .debug_str:000000000003ff3e .LASF5833
     /tmp/ccWZZQZf.s:106418  .debug_str:00000000000476dd .LASF5834
     /tmp/ccWZZQZf.s:98944  .debug_str:00000000000290c1 .LASF5835
     /tmp/ccWZZQZf.s:101066  .debug_str:0000000000031aee .LASF5836
     /tmp/ccWZZQZf.s:104242  .debug_str:000000000003e725 .LASF5837
     /tmp/ccWZZQZf.s:91344  .debug_str:000000000000a14f .LASF5838
     /tmp/ccWZZQZf.s:94128  .debug_str:00000000000150ce .LASF5839
     /tmp/ccWZZQZf.s:89306  .debug_str:0000000000001610 .LASF5840
     /tmp/ccWZZQZf.s:102506  .debug_str:00000000000378df .LASF5841
     /tmp/ccWZZQZf.s:100294  .debug_str:000000000002e766 .LASF5842
     /tmp/ccWZZQZf.s:93594  .debug_str:00000000000130f2 .LASF5843
     /tmp/ccWZZQZf.s:106714  .debug_str:0000000000048b5f .LASF5844
     /tmp/ccWZZQZf.s:89242  .debug_str:00000000000011f4 .LASF5845
     /tmp/ccWZZQZf.s:97290  .debug_str:00000000000228b1 .LASF5846
     /tmp/ccWZZQZf.s:94712  .debug_str:00000000000177f2 .LASF5847
     /tmp/ccWZZQZf.s:93858  .debug_str:00000000000140b6 .LASF5848
     /tmp/ccWZZQZf.s:95972  .debug_str:000000000001cdd1 .LASF5849
     /tmp/ccWZZQZf.s:99984  .debug_str:000000000002d351 .LASF5850
     /tmp/ccWZZQZf.s:107600  .debug_str:000000000004c9ed .LASF5851
     /tmp/ccWZZQZf.s:105426  .debug_str:00000000000437bc .LASF5852
     /tmp/ccWZZQZf.s:93176  .debug_str:0000000000011481 .LASF5853
     /tmp/ccWZZQZf.s:104326  .debug_str:000000000003ecba .LASF5854
     /tmp/ccWZZQZf.s:94516  .debug_str:00000000000169ec .LASF5855
     /tmp/ccWZZQZf.s:90088  .debug_str:0000000000004d10 .LASF5856
     /tmp/ccWZZQZf.s:89154  .debug_str:0000000000000bcb .LASF5857
     /tmp/ccWZZQZf.s:95574  .debug_str:000000000001b1e0 .LASF5858
     /tmp/ccWZZQZf.s:106166  .debug_str:0000000000046670 .LASF5859
     /tmp/ccWZZQZf.s:107696  .debug_str:000000000004d0a3 .LASF5860
     /tmp/ccWZZQZf.s:102548  .debug_str:0000000000037a64 .LASF5861
     /tmp/ccWZZQZf.s:92008  .debug_str:000000000000cf9a .LASF5862
     /tmp/ccWZZQZf.s:92188  .debug_str:000000000000da68 .LASF5863
     /tmp/ccWZZQZf.s:107476  .debug_str:000000000004bfb4 .LASF5864
     /tmp/ccWZZQZf.s:105134  .debug_str:0000000000042478 .LASF5865
     /tmp/ccWZZQZf.s:106886  .debug_str:000000000004968b .LASF5866
     /tmp/ccWZZQZf.s:89698  .debug_str:00000000000032e6 .LASF5867
     /tmp/ccWZZQZf.s:107902  .debug_str:000000000004dde9 .LASF5868
     /tmp/ccWZZQZf.s:94434  .debug_str:0000000000016502 .LASF5869
     /tmp/ccWZZQZf.s:103504  .debug_str:000000000003b68a .LASF5870
     /tmp/ccWZZQZf.s:91010  .debug_str:0000000000008b4c .LASF5871
     /tmp/ccWZZQZf.s:90222  .debug_str:00000000000056b3 .LASF5872
     /tmp/ccWZZQZf.s:90068  .debug_str:0000000000004bd5 .LASF5873
     /tmp/ccWZZQZf.s:102316  .debug_str:0000000000036d21 .LASF5874
     /tmp/ccWZZQZf.s:102770  .debug_str:000000000003866a .LASF5875
     /tmp/ccWZZQZf.s:89970  .debug_str:000000000000450c .LASF5876
     /tmp/ccWZZQZf.s:98644  .debug_str:0000000000027d20 .LASF5877
     /tmp/ccWZZQZf.s:107024  .debug_str:000000000004a0da .LASF5878
     /tmp/ccWZZQZf.s:99188  .debug_str:000000000002a016 .LASF5879
     /tmp/ccWZZQZf.s:94286  .debug_str:0000000000015b05 .LASF5880
     /tmp/ccWZZQZf.s:92488  .debug_str:000000000000eb29 .LASF5881
     /tmp/ccWZZQZf.s:90258  .debug_str:0000000000005980 .LASF5882
     /tmp/ccWZZQZf.s:104644  .debug_str:00000000000402f0 .LASF5883
     /tmp/ccWZZQZf.s:103508  .debug_str:000000000003b6eb .LASF5884
     /tmp/ccWZZQZf.s:92952  .debug_str:00000000000105ec .LASF5885
     /tmp/ccWZZQZf.s:92240  .debug_str:000000000000ddc9 .LASF5886
     /tmp/ccWZZQZf.s:96848  .debug_str:0000000000020c10 .LASF5887
     /tmp/ccWZZQZf.s:89476  .debug_str:0000000000002286 .LASF5888
     /tmp/ccWZZQZf.s:105054  .debug_str:0000000000041e63 .LASF5889
     /tmp/ccWZZQZf.s:94828  .debug_str:0000000000017f8f .LASF5890
     /tmp/ccWZZQZf.s:101176  .debug_str:000000000003225a .LASF5891
     /tmp/ccWZZQZf.s:91196  .debug_str:000000000000982d .LASF5892
     /tmp/ccWZZQZf.s:99056  .debug_str:0000000000029834 .LASF5893
     /tmp/ccWZZQZf.s:92980  .debug_str:00000000000107ea .LASF5894
     /tmp/ccWZZQZf.s:103592  .debug_str:000000000003bc52 .LASF5895
     /tmp/ccWZZQZf.s:107502  .debug_str:000000000004c224 .LASF5896
     /tmp/ccWZZQZf.s:104546  .debug_str:000000000003fb74 .LASF5897
     /tmp/ccWZZQZf.s:101504  .debug_str:000000000003374c .LASF5898
     /tmp/ccWZZQZf.s:97754  .debug_str:000000000002468d .LASF5899
     /tmp/ccWZZQZf.s:101506  .debug_str:0000000000033758 .LASF5900
     /tmp/ccWZZQZf.s:102916  .debug_str:0000000000038e14 .LASF5901
     /tmp/ccWZZQZf.s:99320  .debug_str:000000000002a90b .LASF5902
     /tmp/ccWZZQZf.s:96320  .debug_str:000000000001e63d .LASF5903
     /tmp/ccWZZQZf.s:96434  .debug_str:000000000001ee98 .LASF5904
     /tmp/ccWZZQZf.s:100736  .debug_str:00000000000304ba .LASF5905
     /tmp/ccWZZQZf.s:91140  .debug_str:00000000000093de .LASF5906
     /tmp/ccWZZQZf.s:96218  .debug_str:000000000001df95 .LASF5907
     /tmp/ccWZZQZf.s:91312  .debug_str:0000000000009fa0 .LASF5908
     /tmp/ccWZZQZf.s:96068  .debug_str:000000000001d4bb .LASF5909
     /tmp/ccWZZQZf.s:91108  .debug_str:000000000000920f .LASF5910
     /tmp/ccWZZQZf.s:99190  .debug_str:000000000002a032 .LASF5911
     /tmp/ccWZZQZf.s:95906  .debug_str:000000000001c94f .LASF5912
     /tmp/ccWZZQZf.s:106368  .debug_str:00000000000473bc .LASF5913
     /tmp/ccWZZQZf.s:90496  .debug_str:00000000000068b6 .LASF5914
     /tmp/ccWZZQZf.s:102082  .debug_str:0000000000035e5f .LASF5915
     /tmp/ccWZZQZf.s:107092  .debug_str:000000000004a565 .LASF5916
     /tmp/ccWZZQZf.s:107390  .debug_str:000000000004b9ae .LASF5917
     /tmp/ccWZZQZf.s:89948  .debug_str:00000000000043fe .LASF5918
     /tmp/ccWZZQZf.s:107406  .debug_str:000000000004ba73 .LASF5919
     /tmp/ccWZZQZf.s:91734  .debug_str:000000000000bd46 .LASF5920
     /tmp/ccWZZQZf.s:97386  .debug_str:0000000000022fbe .LASF5921
     /tmp/ccWZZQZf.s:92230  .debug_str:000000000000dd6a .LASF5922
     /tmp/ccWZZQZf.s:97500  .debug_str:00000000000236f6 .LASF5923
     /tmp/ccWZZQZf.s:99804  .debug_str:000000000002c74e .LASF5924
     /tmp/ccWZZQZf.s:107734  .debug_str:000000000004d31e .LASF5925
     /tmp/ccWZZQZf.s:97444  .debug_str:0000000000023385 .LASF5926
     /tmp/ccWZZQZf.s:99836  .debug_str:000000000002c927 .LASF5927
     /tmp/ccWZZQZf.s:95006  .debug_str:0000000000018a9a .LASF5928
     /tmp/ccWZZQZf.s:95008  .debug_str:0000000000018aa9 .LASF5929
     /tmp/ccWZZQZf.s:95184  .debug_str:00000000000196c7 .LASF5930
     /tmp/ccWZZQZf.s:94302  .debug_str:0000000000015bcf .LASF5931
     /tmp/ccWZZQZf.s:101384  .debug_str:0000000000032fc0 .LASF5932
     /tmp/ccWZZQZf.s:96292  .debug_str:000000000001e4c4 .LASF5933
     /tmp/ccWZZQZf.s:92560  .debug_str:000000000000ef10 .LASF5934
     /tmp/ccWZZQZf.s:92562  .debug_str:000000000000ef1f .LASF5935
     /tmp/ccWZZQZf.s:94652  .debug_str:0000000000017425 .LASF5936
     /tmp/ccWZZQZf.s:97828  .debug_str:0000000000024a2d .LASF5937
     /tmp/ccWZZQZf.s:104856  .debug_str:0000000000041134 .LASF5938
     /tmp/ccWZZQZf.s:104300  .debug_str:000000000003eb3f .LASF5939
     /tmp/ccWZZQZf.s:96294  .debug_str:000000000001e4ce .LASF5940
     /tmp/ccWZZQZf.s:90934  .debug_str:00000000000085f9 .LASF5941
     /tmp/ccWZZQZf.s:97946  .debug_str:0000000000024fe8 .LASF5942
     /tmp/ccWZZQZf.s:106326  .debug_str:00000000000470ec .LASF5943
     /tmp/ccWZZQZf.s:95476  .debug_str:000000000001ab90 .LASF5944
     /tmp/ccWZZQZf.s:97618  .debug_str:0000000000023f88 .LASF5945
     /tmp/ccWZZQZf.s:102826  .debug_str:0000000000038934 .LASF5946
     /tmp/ccWZZQZf.s:100120  .debug_str:000000000002db5e .LASF5947
     /tmp/ccWZZQZf.s:107892  .debug_str:000000000004dd15 .LASF5948
     /tmp/ccWZZQZf.s:89904  .debug_str:000000000000408c .LASF5949
     /tmp/ccWZZQZf.s:92884  .debug_str:00000000000102aa .LASF5950
     /tmp/ccWZZQZf.s:102988  .debug_str:00000000000392c4 .LASF5951
     /tmp/ccWZZQZf.s:105884  .debug_str:00000000000453d5 .LASF5952
     /tmp/ccWZZQZf.s:97526  .debug_str:00000000000238d3 .LASF5953
     /tmp/ccWZZQZf.s:104444  .debug_str:000000000003f3e4 .LASF5954
     /tmp/ccWZZQZf.s:105372  .debug_str:00000000000433ac .LASF5955
     /tmp/ccWZZQZf.s:95872  .debug_str:000000000001c6e3 .LASF5956
     /tmp/ccWZZQZf.s:107776  .debug_str:000000000004d5b6 .LASF5957
     /tmp/ccWZZQZf.s:96946  .debug_str:0000000000021336 .LASF5958
     /tmp/ccWZZQZf.s:92220  .debug_str:000000000000dcd3 .LASF5959
     /tmp/ccWZZQZf.s:91466  .debug_str:000000000000a9ec .LASF5960
     /tmp/ccWZZQZf.s:90406  .debug_str:0000000000006259 .LASF5961
     /tmp/ccWZZQZf.s:90284  .debug_str:0000000000005ac9 .LASF5962
     /tmp/ccWZZQZf.s:91998  .debug_str:000000000000cf0d .LASF5963
     /tmp/ccWZZQZf.s:105378  .debug_str:0000000000043439 .LASF5964
     /tmp/ccWZZQZf.s:101158  .debug_str:0000000000032138 .LASF5965
     /tmp/ccWZZQZf.s:105076  .debug_str:0000000000041fcb .LASF5966
     /tmp/ccWZZQZf.s:106710  .debug_str:0000000000048b1d .LASF5967
     /tmp/ccWZZQZf.s:99676  .debug_str:000000000002c025 .LASF5968
     /tmp/ccWZZQZf.s:106018  .debug_str:0000000000045c4e .LASF5969
     /tmp/ccWZZQZf.s:107378  .debug_str:000000000004b8ea .LASF5970
     /tmp/ccWZZQZf.s:102188  .debug_str:000000000003652f .LASF5971
     /tmp/ccWZZQZf.s:98982  .debug_str:000000000002936e .LASF5972
     /tmp/ccWZZQZf.s:98994  .debug_str:0000000000029414 .LASF5973
     /tmp/ccWZZQZf.s:92066  .debug_str:000000000000d37f .LASF5974
     /tmp/ccWZZQZf.s:105570  .debug_str:00000000000440c4 .LASF5975
     /tmp/ccWZZQZf.s:105340  .debug_str:00000000000431e2 .LASF5976
     /tmp/ccWZZQZf.s:105572  .debug_str:00000000000440ce .LASF5977
     /tmp/ccWZZQZf.s:93724  .debug_str:00000000000138d3 .LASF5978
     /tmp/ccWZZQZf.s:105578  .debug_str:0000000000044120 .LASF5979
     /tmp/ccWZZQZf.s:104796  .debug_str:0000000000040d17 .LASF5980
     /tmp/ccWZZQZf.s:103798  .debug_str:000000000003c9df .LASF5981
     /tmp/ccWZZQZf.s:91818  .debug_str:000000000000c2a3 .LASF5982
     /tmp/ccWZZQZf.s:100700  .debug_str:0000000000030299 .LASF5983
     /tmp/ccWZZQZf.s:92232  .debug_str:000000000000dd79 .LASF5984
     /tmp/ccWZZQZf.s:92234  .debug_str:000000000000dd83 .LASF5985
     /tmp/ccWZZQZf.s:97016  .debug_str:0000000000021797 .LASF5986
     /tmp/ccWZZQZf.s:91814  .debug_str:000000000000c239 .LASF5987
     /tmp/ccWZZQZf.s:107868  .debug_str:000000000004dbe4 .LASF5988
     /tmp/ccWZZQZf.s:93612  .debug_str:0000000000013205 .LASF5989
     /tmp/ccWZZQZf.s:92236  .debug_str:000000000000dd8d .LASF5990
     /tmp/ccWZZQZf.s:89608  .debug_str:0000000000002c3a .LASF5991
     /tmp/ccWZZQZf.s:105584  .debug_str:000000000004415c .LASF5992
     /tmp/ccWZZQZf.s:94216  .debug_str:000000000001573a .LASF5993
     /tmp/ccWZZQZf.s:102094  .debug_str:0000000000035f0a .LASF5994
     /tmp/ccWZZQZf.s:92316  .debug_str:000000000000e2fd .LASF5995
     /tmp/ccWZZQZf.s:96518  .debug_str:000000000001f452 .LASF5996
     /tmp/ccWZZQZf.s:92318  .debug_str:000000000000e307 .LASF5997
     /tmp/ccWZZQZf.s:89106  .debug_str:0000000000000911 .LASF5998
     /tmp/ccWZZQZf.s:92576  .debug_str:000000000000f017 .LASF5999
     /tmp/ccWZZQZf.s:102742  .debug_str:00000000000384b3 .LASF6000
     /tmp/ccWZZQZf.s:91298  .debug_str:0000000000009ee1 .LASF6001
     /tmp/ccWZZQZf.s:105732  .debug_str:0000000000044ab4 .LASF6002
     /tmp/ccWZZQZf.s:104344  .debug_str:000000000003edea .LASF6003
     /tmp/ccWZZQZf.s:92322  .debug_str:000000000000e32a .LASF6004
     /tmp/ccWZZQZf.s:91898  .debug_str:000000000000c82e .LASF6005
     /tmp/ccWZZQZf.s:99720  .debug_str:000000000002c281 .LASF6006
     /tmp/ccWZZQZf.s:92324  .debug_str:000000000000e334 .LASF6007
     /tmp/ccWZZQZf.s:91080  .debug_str:000000000000901e .LASF6008
     /tmp/ccWZZQZf.s:104360  .debug_str:000000000003eecf .LASF6009
     /tmp/ccWZZQZf.s:107830  .debug_str:000000000004d98b .LASF6010
     /tmp/ccWZZQZf.s:106916  .debug_str:000000000004995a .LASF6011
     /tmp/ccWZZQZf.s:100634  .debug_str:000000000002fe84 .LASF6012
     /tmp/ccWZZQZf.s:90862  .debug_str:0000000000008123 .LASF6013
     /tmp/ccWZZQZf.s:92326  .debug_str:000000000000e33e .LASF6014
     /tmp/ccWZZQZf.s:106810  .debug_str:00000000000491bb .LASF6015
     /tmp/ccWZZQZf.s:92328  .debug_str:000000000000e348 .LASF6016
     /tmp/ccWZZQZf.s:101148  .debug_str:000000000003208c .LASF6017
     /tmp/ccWZZQZf.s:89846  .debug_str:0000000000003c40 .LASF6018
     /tmp/ccWZZQZf.s:92330  .debug_str:000000000000e352 .LASF6019
     /tmp/ccWZZQZf.s:98714  .debug_str:00000000000281d7 .LASF6020
     /tmp/ccWZZQZf.s:95166  .debug_str:000000000001953d .LASF6021
     /tmp/ccWZZQZf.s:90502  .debug_str:0000000000006922 .LASF6022
     /tmp/ccWZZQZf.s:94202  .debug_str:0000000000015692 .LASF6023
     /tmp/ccWZZQZf.s:105282  .debug_str:0000000000042dd5 .LASF6024
     /tmp/ccWZZQZf.s:92332  .debug_str:000000000000e35c .LASF6025
     /tmp/ccWZZQZf.s:98958  .debug_str:00000000000291cc .LASF6026
     /tmp/ccWZZQZf.s:94060  .debug_str:0000000000014cef .LASF6027
     /tmp/ccWZZQZf.s:105696  .debug_str:000000000004483f .LASF6028
     /tmp/ccWZZQZf.s:105870  .debug_str:00000000000452ed .LASF6029
     /tmp/ccWZZQZf.s:95444  .debug_str:000000000001a9a0 .LASF6030
     /tmp/ccWZZQZf.s:100050  .debug_str:000000000002d762 .LASF6031
     /tmp/ccWZZQZf.s:89178  .debug_str:0000000000000d84 .LASF6032
     /tmp/ccWZZQZf.s:98516  .debug_str:00000000000274c8 .LASF6033
     /tmp/ccWZZQZf.s:104684  .debug_str:00000000000405dc .LASF6034
     /tmp/ccWZZQZf.s:98646  .debug_str:0000000000027d63 .LASF6035
     /tmp/ccWZZQZf.s:92506  .debug_str:000000000000ec90 .LASF6036
     /tmp/ccWZZQZf.s:105684  .debug_str:0000000000044780 .LASF6037
     /tmp/ccWZZQZf.s:105960  .debug_str:00000000000458f8 .LASF6038
     /tmp/ccWZZQZf.s:92396  .debug_str:000000000000e70d .LASF6039
     /tmp/ccWZZQZf.s:91522  .debug_str:000000000000ae28 .LASF6040
     /tmp/ccWZZQZf.s:90884  .debug_str:00000000000082a9 .LASF6041
     /tmp/ccWZZQZf.s:93518  .debug_str:0000000000012af9 .LASF6042
     /tmp/ccWZZQZf.s:93378  .debug_str:0000000000012264 .LASF6043
     /tmp/ccWZZQZf.s:105382  .debug_str:000000000004347c .LASF6044
     /tmp/ccWZZQZf.s:104012  .debug_str:000000000003d89b .LASF6045
     /tmp/ccWZZQZf.s:98748  .debug_str:0000000000028456 .LASF6046
     /tmp/ccWZZQZf.s:99520  .debug_str:000000000002b5a1 .LASF6047
     /tmp/ccWZZQZf.s:104718  .debug_str:0000000000040827 .LASF6048
     /tmp/ccWZZQZf.s:96584  .debug_str:000000000001f98f .LASF6049
     /tmp/ccWZZQZf.s:92136  .debug_str:000000000000d7df .LASF6050
     /tmp/ccWZZQZf.s:107626  .debug_str:000000000004cb6b .LASF6051
     /tmp/ccWZZQZf.s:93610  .debug_str:00000000000131db .LASF6052
     /tmp/ccWZZQZf.s:92658  .debug_str:000000000000f57d .LASF6053
     /tmp/ccWZZQZf.s:104144  .debug_str:000000000003e107 .LASF6054
     /tmp/ccWZZQZf.s:99460  .debug_str:000000000002b1d6 .LASF6055
     /tmp/ccWZZQZf.s:95890  .debug_str:000000000001c845 .LASF6056
     /tmp/ccWZZQZf.s:99602  .debug_str:000000000002bb2c .LASF6057
     /tmp/ccWZZQZf.s:98518  .debug_str:00000000000274e2 .LASF6058
     /tmp/ccWZZQZf.s:100692  .debug_str:0000000000030227 .LASF6059
     /tmp/ccWZZQZf.s:89072  .debug_str:00000000000006be .LASF6060
     /tmp/ccWZZQZf.s:89738  .debug_str:00000000000034ff .LASF6061
     /tmp/ccWZZQZf.s:106850  .debug_str:0000000000049467 .LASF6062
     /tmp/ccWZZQZf.s:92280  .debug_str:000000000000e080 .LASF6063
     /tmp/ccWZZQZf.s:92140  .debug_str:000000000000d813 .LASF6064
     /tmp/ccWZZQZf.s:92142  .debug_str:000000000000d81d .LASF6065
     /tmp/ccWZZQZf.s:95526  .debug_str:000000000001aea8 .LASF6066
     /tmp/ccWZZQZf.s:105490  .debug_str:0000000000043bb6 .LASF6067
     /tmp/ccWZZQZf.s:99402  .debug_str:000000000002ade4 .LASF6068
     /tmp/ccWZZQZf.s:101086  .debug_str:0000000000031c75 .LASF6069
     /tmp/ccWZZQZf.s:98462  .debug_str:0000000000027132 .LASF6070
     /tmp/ccWZZQZf.s:91308  .debug_str:0000000000009f84 .LASF6071
     /tmp/ccWZZQZf.s:105680  .debug_str:000000000004474d .LASF6072
     /tmp/ccWZZQZf.s:95796  .debug_str:000000000001c25f .LASF6073
     /tmp/ccWZZQZf.s:92260  .debug_str:000000000000df5f .LASF6074
     /tmp/ccWZZQZf.s:102580  .debug_str:0000000000037ca1 .LASF6075
     /tmp/ccWZZQZf.s:99144  .debug_str:0000000000029d4e .LASF6076
     /tmp/ccWZZQZf.s:91712  .debug_str:000000000000bbf9 .LASF6077
     /tmp/ccWZZQZf.s:92472  .debug_str:000000000000ea14 .LASF6078
     /tmp/ccWZZQZf.s:102756  .debug_str:0000000000038591 .LASF6079
     /tmp/ccWZZQZf.s:100902  .debug_str:0000000000030f30 .LASF6080
     /tmp/ccWZZQZf.s:96956  .debug_str:00000000000213fc .LASF6081
     /tmp/ccWZZQZf.s:96230  .debug_str:000000000001e085 .LASF6082
     /tmp/ccWZZQZf.s:90958  .debug_str:0000000000008777 .LASF6083
     /tmp/ccWZZQZf.s:103424  .debug_str:000000000003b0a1 .LASF6084
     /tmp/ccWZZQZf.s:95808  .debug_str:000000000001c30d .LASF6085
     /tmp/ccWZZQZf.s:91290  .debug_str:0000000000009e40 .LASF6086
     /tmp/ccWZZQZf.s:105330  .debug_str:0000000000043168 .LASF6087
     /tmp/ccWZZQZf.s:106816  .debug_str:00000000000491e2 .LASF6088
     /tmp/ccWZZQZf.s:102796  .debug_str:0000000000038731 .LASF6089
     /tmp/ccWZZQZf.s:96338  .debug_str:000000000001e76b .LASF6090
     /tmp/ccWZZQZf.s:90370  .debug_str:0000000000006042 .LASF6091
     /tmp/ccWZZQZf.s:101760  .debug_str:00000000000348ab .LASF6092
     /tmp/ccWZZQZf.s:99722  .debug_str:000000000002c28c .LASF6093
     /tmp/ccWZZQZf.s:96568  .debug_str:000000000001f854 .LASF6094
     /tmp/ccWZZQZf.s:88994  .debug_str:0000000000000123 .LASF6095
     /tmp/ccWZZQZf.s:94050  .debug_str:0000000000014bee .LASF6096
     /tmp/ccWZZQZf.s:97430  .debug_str:00000000000232cf .LASF6097
     /tmp/ccWZZQZf.s:90870  .debug_str:000000000000819d .LASF6098
     /tmp/ccWZZQZf.s:105902  .debug_str:000000000004548f .LASF6099
     /tmp/ccWZZQZf.s:90172  .debug_str:00000000000052b6 .LASF6100
     /tmp/ccWZZQZf.s:104916  .debug_str:000000000004159f .LASF6101
     /tmp/ccWZZQZf.s:98314  .debug_str:0000000000026730 .LASF6102
     /tmp/ccWZZQZf.s:104030  .debug_str:000000000003da11 .LASF6103
     /tmp/ccWZZQZf.s:96470  .debug_str:000000000001f15c .LASF6104
     /tmp/ccWZZQZf.s:91494  .debug_str:000000000000abc8 .LASF6105
     /tmp/ccWZZQZf.s:100914  .debug_str:0000000000030fe4 .LASF6106
     /tmp/ccWZZQZf.s:94362  .debug_str:0000000000015f9d .LASF6107
     /tmp/ccWZZQZf.s:107768  .debug_str:000000000004d557 .LASF6108
     /tmp/ccWZZQZf.s:102470  .debug_str:0000000000037660 .LASF6109
     /tmp/ccWZZQZf.s:98226  .debug_str:0000000000026132 .LASF6110
     /tmp/ccWZZQZf.s:99350  .debug_str:000000000002ab04 .LASF6111
     /tmp/ccWZZQZf.s:102064  .debug_str:0000000000035d90 .LASF6112
     /tmp/ccWZZQZf.s:102232  .debug_str:0000000000036824 .LASF6113
     /tmp/ccWZZQZf.s:99370  .debug_str:000000000002ac56 .LASF6114
     /tmp/ccWZZQZf.s:102080  .debug_str:0000000000035e50 .LASF6115
     /tmp/ccWZZQZf.s:90266  .debug_str:00000000000059d9 .LASF6116
     /tmp/ccWZZQZf.s:98678  .debug_str:0000000000027f99 .LASF6117
     /tmp/ccWZZQZf.s:96420  .debug_str:000000000001edac .LASF6118
     /tmp/ccWZZQZf.s:92404  .debug_str:000000000000e76e .LASF6119
     /tmp/ccWZZQZf.s:91740  .debug_str:000000000000bd84 .LASF6120
     /tmp/ccWZZQZf.s:91774  .debug_str:000000000000bfbd .LASF6121
     /tmp/ccWZZQZf.s:99366  .debug_str:000000000002ac0f .LASF6122
     /tmp/ccWZZQZf.s:97256  .debug_str:00000000000226d9 .LASF6123
     /tmp/ccWZZQZf.s:101078  .debug_str:0000000000031baf .LASF6124
     /tmp/ccWZZQZf.s:95032  .debug_str:0000000000018c01 .LASF6125
     /tmp/ccWZZQZf.s:107326  .debug_str:000000000004b59e .LASF6126
     /tmp/ccWZZQZf.s:105676  .debug_str:00000000000446fd .LASF6127
     /tmp/ccWZZQZf.s:98916  .debug_str:0000000000028eef .LASF6128
     /tmp/ccWZZQZf.s:95042  .debug_str:0000000000018cdc .LASF6129
     /tmp/ccWZZQZf.s:100404  .debug_str:000000000002ee76 .LASF6130
     /tmp/ccWZZQZf.s:91474  .debug_str:000000000000aa79 .LASF6131
     /tmp/ccWZZQZf.s:90540  .debug_str:0000000000006c6b .LASF6132
     /tmp/ccWZZQZf.s:93910  .debug_str:00000000000143ec .LASF6133
     /tmp/ccWZZQZf.s:93968  .debug_str:0000000000014685 .LASF6134
     /tmp/ccWZZQZf.s:103768  .debug_str:000000000003c802 .LASF6135
     /tmp/ccWZZQZf.s:99192  .debug_str:000000000002a042 .LASF6136
     /tmp/ccWZZQZf.s:99008  .debug_str:000000000002950d .LASF6137
     /tmp/ccWZZQZf.s:90924  .debug_str:000000000000854c .LASF6138
     /tmp/ccWZZQZf.s:97794  .debug_str:00000000000248ea .LASF6139
     /tmp/ccWZZQZf.s:92076  .debug_str:000000000000d423 .LASF6140
     /tmp/ccWZZQZf.s:97098  .debug_str:0000000000021cec .LASF6141
     /tmp/ccWZZQZf.s:96458  .debug_str:000000000001f055 .LASF6142
     /tmp/ccWZZQZf.s:102898  .debug_str:0000000000038d2c .LASF6143
     /tmp/ccWZZQZf.s:102894  .debug_str:0000000000038cf1 .LASF6144
     /tmp/ccWZZQZf.s:101114  .debug_str:0000000000031e58 .LASF6145
     /tmp/ccWZZQZf.s:91614  .debug_str:000000000000b4c7 .LASF6146
     /tmp/ccWZZQZf.s:105842  .debug_str:0000000000045147 .LASF6147
     /tmp/ccWZZQZf.s:91388  .debug_str:000000000000a4c2 .LASF6148
     /tmp/ccWZZQZf.s:96922  .debug_str:0000000000021152 .LASF6149
     /tmp/ccWZZQZf.s:94988  .debug_str:0000000000018941 .LASF6150
     /tmp/ccWZZQZf.s:97100  .debug_str:0000000000021cf5 .LASF6151
     /tmp/ccWZZQZf.s:102116  .debug_str:000000000003609b .LASF6152
     /tmp/ccWZZQZf.s:106042  .debug_str:0000000000045ddf .LASF6153
     /tmp/ccWZZQZf.s:100276  .debug_str:000000000002e627 .LASF6154
     /tmp/ccWZZQZf.s:104232  .debug_str:000000000003e68c .LASF6155
     /tmp/ccWZZQZf.s:98436  .debug_str:0000000000026f34 .LASF6156
     /tmp/ccWZZQZf.s:107842  .debug_str:000000000004da5a .LASF6157
     /tmp/ccWZZQZf.s:97102  .debug_str:0000000000021cfe .LASF6158
     /tmp/ccWZZQZf.s:103534  .debug_str:000000000003b8bb .LASF6159
     /tmp/ccWZZQZf.s:104234  .debug_str:000000000003e69a .LASF6160
     /tmp/ccWZZQZf.s:101696  .debug_str:000000000003440f .LASF6161
     /tmp/ccWZZQZf.s:106482  .debug_str:0000000000047bac .LASF6162
     /tmp/ccWZZQZf.s:103338  .debug_str:000000000003aa46 .LASF6163
     /tmp/ccWZZQZf.s:98586  .debug_str:0000000000027917 .LASF6164
     /tmp/ccWZZQZf.s:98574  .debug_str:0000000000027852 .LASF6165
     /tmp/ccWZZQZf.s:106186  .debug_str:0000000000046809 .LASF6166
     /tmp/ccWZZQZf.s:97740  .debug_str:000000000002458b .LASF6167
     /tmp/ccWZZQZf.s:92144  .debug_str:000000000000d827 .LASF6168
     /tmp/ccWZZQZf.s:97104  .debug_str:0000000000021d07 .LASF6169
     /tmp/ccWZZQZf.s:97410  .debug_str:000000000002316f .LASF6170
     /tmp/ccWZZQZf.s:97440  .debug_str:0000000000023358 .LASF6171
     /tmp/ccWZZQZf.s:91808  .debug_str:000000000000c1de .LASF6172
     /tmp/ccWZZQZf.s:91584  .debug_str:000000000000b289 .LASF6173
     /tmp/ccWZZQZf.s:100502  .debug_str:000000000002f53d .LASF6174
     /tmp/ccWZZQZf.s:89558  .debug_str:00000000000028c5 .LASF6175
     /tmp/ccWZZQZf.s:90474  .debug_str:0000000000006757 .LASF6176
     /tmp/ccWZZQZf.s:89810  .debug_str:0000000000003a0a .LASF6177
     /tmp/ccWZZQZf.s:92810  .debug_str:000000000000fe27 .LASF6178
     /tmp/ccWZZQZf.s:90358  .debug_str:0000000000005f87 .LASF6179
     /tmp/ccWZZQZf.s:99228  .debug_str:000000000002a333 .LASF6180
     /tmp/ccWZZQZf.s:103964  .debug_str:000000000003d5a4 .LASF6181
     /tmp/ccWZZQZf.s:92146  .debug_str:000000000000d831 .LASF6182
     /tmp/ccWZZQZf.s:97106  .debug_str:0000000000021d10 .LASF6183
     /tmp/ccWZZQZf.s:91270  .debug_str:0000000000009ce0 .LASF6184
     /tmp/ccWZZQZf.s:104964  .debug_str:00000000000417e3 .LASF6185
     /tmp/ccWZZQZf.s:104940  .debug_str:00000000000416c7 .LASF6186
     /tmp/ccWZZQZf.s:106744  .debug_str:0000000000048d44 .LASF6187
     /tmp/ccWZZQZf.s:106728  .debug_str:0000000000048c55 .LASF6188
     /tmp/ccWZZQZf.s:92148  .debug_str:000000000000d83b .LASF6189
     /tmp/ccWZZQZf.s:97108  .debug_str:0000000000021d19 .LASF6190
     /tmp/ccWZZQZf.s:104428  .debug_str:000000000003f338 .LASF6191
     /tmp/ccWZZQZf.s:97552  .debug_str:0000000000023aca .LASF6192
     /tmp/ccWZZQZf.s:108080  .debug_str:000000000004ea3b .LASF6193
     /tmp/ccWZZQZf.s:92150  .debug_str:000000000000d845 .LASF6194
     /tmp/ccWZZQZf.s:97110  .debug_str:0000000000021d22 .LASF6195
     /tmp/ccWZZQZf.s:95004  .debug_str:0000000000018a77 .LASF6196
     /tmp/ccWZZQZf.s:90080  .debug_str:0000000000004cbe .LASF6197
     /tmp/ccWZZQZf.s:106370  .debug_str:00000000000473cc .LASF6198
     /tmp/ccWZZQZf.s:98050  .debug_str:000000000002555d .LASF6199
     /tmp/ccWZZQZf.s:105406  .debug_str:000000000004363a .LASF6200
     /tmp/ccWZZQZf.s:91438  .debug_str:000000000000a7ea .LASF6201
     /tmp/ccWZZQZf.s:95122  .debug_str:000000000001925e .LASF6202
     /tmp/ccWZZQZf.s:93718  .debug_str:000000000001384f .LASF6203
     /tmp/ccWZZQZf.s:89732  .debug_str:00000000000034b5 .LASF6204
     /tmp/ccWZZQZf.s:100856  .debug_str:0000000000030c62 .LASF6205
     /tmp/ccWZZQZf.s:103732  .debug_str:000000000003c59b .LASF6206
     /tmp/ccWZZQZf.s:90542  .debug_str:0000000000006c75 .LASF6207
     /tmp/ccWZZQZf.s:89974  .debug_str:0000000000004566 .LASF6208
     /tmp/ccWZZQZf.s:101568  .debug_str:0000000000033c02 .LASF6209
     /tmp/ccWZZQZf.s:107082  .debug_str:000000000004a4d6 .LASF6210
     /tmp/ccWZZQZf.s:96688  .debug_str:0000000000020202 .LASF6211
     /tmp/ccWZZQZf.s:98706  .debug_str:0000000000028155 .LASF6212
     /tmp/ccWZZQZf.s:95792  .debug_str:000000000001c212 .LASF6213
     /tmp/ccWZZQZf.s:98734  .debug_str:0000000000028361 .LASF6214
     /tmp/ccWZZQZf.s:93138  .debug_str:00000000000111d4 .LASF6215
     /tmp/ccWZZQZf.s:98988  .debug_str:00000000000293c8 .LASF6216
     /tmp/ccWZZQZf.s:97218  .debug_str:000000000002241f .LASF6217
     /tmp/ccWZZQZf.s:89096  .debug_str:0000000000000869 .LASF6218
     /tmp/ccWZZQZf.s:107282  .debug_str:000000000004b23e .LASF6219
     /tmp/ccWZZQZf.s:96076  .debug_str:000000000001d53b .LASF6220
     /tmp/ccWZZQZf.s:104792  .debug_str:0000000000040ce9 .LASF6221
     /tmp/ccWZZQZf.s:106972  .debug_str:0000000000049d2c .LASF6222
     /tmp/ccWZZQZf.s:90716  .debug_str:0000000000007808 .LASF6223
     /tmp/ccWZZQZf.s:103090  .debug_str:00000000000399dd .LASF6224
     /tmp/ccWZZQZf.s:98322  .debug_str:00000000000267b2 .LASF6225
     /tmp/ccWZZQZf.s:105486  .debug_str:0000000000043b94 .LASF6226
     /tmp/ccWZZQZf.s:98950  .debug_str:0000000000029115 .LASF6227
     /tmp/ccWZZQZf.s:105070  .debug_str:0000000000041f97 .LASF6228
     /tmp/ccWZZQZf.s:103894  .debug_str:000000000003d10c .LASF6229
     /tmp/ccWZZQZf.s:95600  .debug_str:000000000001b40d .LASF6230
     /tmp/ccWZZQZf.s:98324  .debug_str:00000000000267bb .LASF6231
     /tmp/ccWZZQZf.s:106316  .debug_str:000000000004705e .LASF6232
     /tmp/ccWZZQZf.s:95252  .debug_str:0000000000019b6d .LASF6233
     /tmp/ccWZZQZf.s:101966  .debug_str:00000000000356dc .LASF6234
     /tmp/ccWZZQZf.s:97282  .debug_str:000000000002284d .LASF6235
     /tmp/ccWZZQZf.s:102460  .debug_str:00000000000375a7 .LASF6236
     /tmp/ccWZZQZf.s:96270  .debug_str:000000000001e32b .LASF6237
     /tmp/ccWZZQZf.s:100976  .debug_str:0000000000031438 .LASF6238
     /tmp/ccWZZQZf.s:98326  .debug_str:00000000000267c4 .LASF6239
     /tmp/ccWZZQZf.s:96724  .debug_str:00000000000203fb .LASF6240
     /tmp/ccWZZQZf.s:92252  .debug_str:000000000000deca .LASF6241
     /tmp/ccWZZQZf.s:107112  .debug_str:000000000004a6d1 .LASF6242
     /tmp/ccWZZQZf.s:100196  .debug_str:000000000002e059 .LASF6243
     /tmp/ccWZZQZf.s:98328  .debug_str:00000000000267cd .LASF6244
     /tmp/ccWZZQZf.s:89670  .debug_str:00000000000030ed .LASF6245
     /tmp/ccWZZQZf.s:91632  .debug_str:000000000000b612 .LASF6246
     /tmp/ccWZZQZf.s:99002  .debug_str:00000000000294b1 .LASF6247
     /tmp/ccWZZQZf.s:95162  .debug_str:000000000001951a .LASF6248
     /tmp/ccWZZQZf.s:102982  .debug_str:0000000000039264 .LASF6249
     /tmp/ccWZZQZf.s:103270  .debug_str:000000000003a66c .LASF6250
     /tmp/ccWZZQZf.s:93868  .debug_str:0000000000014124 .LASF6251
     /tmp/ccWZZQZf.s:96386  .debug_str:000000000001eb52 .LASF6252
     /tmp/ccWZZQZf.s:99044  .debug_str:000000000002977b .LASF6253
     /tmp/ccWZZQZf.s:98332  .debug_str:00000000000267f0 .LASF6254
     /tmp/ccWZZQZf.s:90610  .debug_str:0000000000007149 .LASF6255
     /tmp/ccWZZQZf.s:107722  .debug_str:000000000004d230 .LASF6256
     /tmp/ccWZZQZf.s:99994  .debug_str:000000000002d446 .LASF6257
     /tmp/ccWZZQZf.s:100656  .debug_str:000000000002ffdb .LASF6258
     /tmp/ccWZZQZf.s:102068  .debug_str:0000000000035dce .LASF6259
     /tmp/ccWZZQZf.s:96806  .debug_str:00000000000208f8 .LASF6260
     /tmp/ccWZZQZf.s:94536  .debug_str:0000000000016b9d .LASF6261
     /tmp/ccWZZQZf.s:94332  .debug_str:0000000000015df4 .LASF6262
     /tmp/ccWZZQZf.s:104906  .debug_str:0000000000041505 .LASF6263
     /tmp/ccWZZQZf.s:91076  .debug_str:0000000000008f79 .LASF6264
     /tmp/ccWZZQZf.s:105724  .debug_str:0000000000044a08 .LASF6265
     /tmp/ccWZZQZf.s:104084  .debug_str:000000000003dcc7 .LASF6266
     /tmp/ccWZZQZf.s:104850  .debug_str:00000000000410fd .LASF6267
     /tmp/ccWZZQZf.s:96774  .debug_str:00000000000206eb .LASF6268
     /tmp/ccWZZQZf.s:106988  .debug_str:0000000000049e79 .LASF6269
     /tmp/ccWZZQZf.s:98484  .debug_str:0000000000027284 .LASF6270
     /tmp/ccWZZQZf.s:91950  .debug_str:000000000000cb6a .LASF6271
     /tmp/ccWZZQZf.s:99792  .debug_str:000000000002c68e .LASF6272
     /tmp/ccWZZQZf.s:91476  .debug_str:000000000000aaa6 .LASF6273
     /tmp/ccWZZQZf.s:106314  .debug_str:000000000004703b .LASF6274
     /tmp/ccWZZQZf.s:92046  .debug_str:000000000000d227 .LASF6275
     /tmp/ccWZZQZf.s:101240  .debug_str:00000000000326a4 .LASF6276
     /tmp/ccWZZQZf.s:101632  .debug_str:0000000000033fa3 .LASF6277
     /tmp/ccWZZQZf.s:98230  .debug_str:0000000000026175 .LASF6278
     /tmp/ccWZZQZf.s:97886  .debug_str:0000000000024d5e .LASF6279
     /tmp/ccWZZQZf.s:99796  .debug_str:000000000002c6d2 .LASF6280
     /tmp/ccWZZQZf.s:89202  .debug_str:0000000000000f2f .LASF6281
     /tmp/ccWZZQZf.s:91090  .debug_str:00000000000090f4 .LASF6282
     /tmp/ccWZZQZf.s:104524  .debug_str:000000000003f9f9 .LASF6283
     /tmp/ccWZZQZf.s:103672  .debug_str:000000000003c1bf .LASF6284
     /tmp/ccWZZQZf.s:104048  .debug_str:000000000003db57 .LASF6285
     /tmp/ccWZZQZf.s:105658  .debug_str:00000000000445cf .LASF6286
     /tmp/ccWZZQZf.s:104666  .debug_str:00000000000404d6 .LASF6287
     /tmp/ccWZZQZf.s:106928  .debug_str:0000000000049a0a .LASF6288
     /tmp/ccWZZQZf.s:100798  .debug_str:0000000000030853 .LASF6289
     /tmp/ccWZZQZf.s:103386  .debug_str:000000000003ae13 .LASF6290
     /tmp/ccWZZQZf.s:90688  .debug_str:000000000000763e .LASF6291
     /tmp/ccWZZQZf.s:96034  .debug_str:000000000001d24f .LASF6292
     /tmp/ccWZZQZf.s:91096  .debug_str:000000000000913c .LASF6293
     /tmp/ccWZZQZf.s:95072  .debug_str:0000000000018f0b .LASF6294
     /tmp/ccWZZQZf.s:89150  .debug_str:0000000000000b9c .LASF6295
     /tmp/ccWZZQZf.s:104748  .debug_str:00000000000409c3 .LASF6296
     /tmp/ccWZZQZf.s:96574  .debug_str:000000000001f8d5 .LASF6297
     /tmp/ccWZZQZf.s:105630  .debug_str:000000000004446c .LASF6298
     /tmp/ccWZZQZf.s:107832  .debug_str:000000000004d99c .LASF6299
     /tmp/ccWZZQZf.s:93322  .debug_str:0000000000011f19 .LASF6300
     /tmp/ccWZZQZf.s:100938  .debug_str:0000000000031184 .LASF6301
     /tmp/ccWZZQZf.s:91880  .debug_str:000000000000c70a .LASF6302
     /tmp/ccWZZQZf.s:102430  .debug_str:00000000000374da .LASF6303
     /tmp/ccWZZQZf.s:96008  .debug_str:000000000001d023 .LASF6304
     /tmp/ccWZZQZf.s:99550  .debug_str:000000000002b762 .LASF6305
     /tmp/ccWZZQZf.s:105288  .debug_str:0000000000042e2f .LASF6306
     /tmp/ccWZZQZf.s:91226  .debug_str:0000000000009a53 .LASF6307
     /tmp/ccWZZQZf.s:99552  .debug_str:000000000002b772 .LASF6308
     /tmp/ccWZZQZf.s:89078  .debug_str:000000000000071e .LASF6309
     /tmp/ccWZZQZf.s:105780  .debug_str:0000000000044e04 .LASF6310
     /tmp/ccWZZQZf.s:95810  .debug_str:000000000001c31f .LASF6311
     /tmp/ccWZZQZf.s:92914  .debug_str:0000000000010458 .LASF6312
     /tmp/ccWZZQZf.s:106226  .debug_str:0000000000046a91 .LASF6313
     /tmp/ccWZZQZf.s:100818  .debug_str:00000000000309fe .LASF6314
     /tmp/ccWZZQZf.s:95878  .debug_str:000000000001c745 .LASF6315
     /tmp/ccWZZQZf.s:101558  .debug_str:0000000000033b0b .LASF6316
     /tmp/ccWZZQZf.s:95728  .debug_str:000000000001bd31 .LASF6317
     /tmp/ccWZZQZf.s:95294  .debug_str:0000000000019ea0 .LASF6318
     /tmp/ccWZZQZf.s:98534  .debug_str:0000000000027623 .LASF6319
     /tmp/ccWZZQZf.s:102514  .debug_str:0000000000037945 .LASF6320
     /tmp/ccWZZQZf.s:98072  .debug_str:00000000000256df .LASF6321
     /tmp/ccWZZQZf.s:91382  .debug_str:000000000000a455 .LASF6322
     /tmp/ccWZZQZf.s:101338  .debug_str:0000000000032ce3 .LASF6323
     /tmp/ccWZZQZf.s:94802  .debug_str:0000000000017e22 .LASF6324
     /tmp/ccWZZQZf.s:107670  .debug_str:000000000004ceb2 .LASF6325
     /tmp/ccWZZQZf.s:101340  .debug_str:0000000000032cef .LASF6326
     /tmp/ccWZZQZf.s:104064  .debug_str:000000000003dc2f .LASF6327
     /tmp/ccWZZQZf.s:101650  .debug_str:00000000000340b1 .LASF6328
     /tmp/ccWZZQZf.s:101342  .debug_str:0000000000032cfb .LASF6329
     /tmp/ccWZZQZf.s:104066  .debug_str:000000000003dc35 .LASF6330
     /tmp/ccWZZQZf.s:95536  .debug_str:000000000001af34 .LASF6331
     /tmp/ccWZZQZf.s:99386  .debug_str:000000000002ad57 .LASF6332
     /tmp/ccWZZQZf.s:104678  .debug_str:00000000000405a9 .LASF6333
     /tmp/ccWZZQZf.s:103810  .debug_str:000000000003cae2 .LASF6334
     /tmp/ccWZZQZf.s:99388  .debug_str:000000000002ad61 .LASF6335
     /tmp/ccWZZQZf.s:104070  .debug_str:000000000003dc47 .LASF6336
     /tmp/ccWZZQZf.s:90828  .debug_str:0000000000007e97 .LASF6337
     /tmp/ccWZZQZf.s:106396  .debug_str:000000000004754b .LASF6338
     /tmp/ccWZZQZf.s:104072  .debug_str:000000000003dc4d .LASF6339
     /tmp/ccWZZQZf.s:96510  .debug_str:000000000001f3a3 .LASF6340
     /tmp/ccWZZQZf.s:99392  .debug_str:000000000002ad80 .LASF6341
     /tmp/ccWZZQZf.s:94820  .debug_str:0000000000017f02 .LASF6342
     /tmp/ccWZZQZf.s:97188  .debug_str:00000000000221fb .LASF6343
     /tmp/ccWZZQZf.s:107428  .debug_str:000000000004bbb8 .LASF6344
     /tmp/ccWZZQZf.s:104076  .debug_str:000000000003dc69 .LASF6345
     /tmp/ccWZZQZf.s:103586  .debug_str:000000000003bbc5 .LASF6346
     /tmp/ccWZZQZf.s:104366  .debug_str:000000000003ef22 .LASF6347
     /tmp/ccWZZQZf.s:104078  .debug_str:000000000003dc6f .LASF6348
     /tmp/ccWZZQZf.s:95960  .debug_str:000000000001cce8 .LASF6349
     /tmp/ccWZZQZf.s:89534  .debug_str:00000000000026ba .LASF6350
     /tmp/ccWZZQZf.s:94870  .debug_str:0000000000018294 .LASF6351
     /tmp/ccWZZQZf.s:93194  .debug_str:00000000000115d8 .LASF6352
     /tmp/ccWZZQZf.s:104370  .debug_str:000000000003ef78 .LASF6353
     /tmp/ccWZZQZf.s:94872  .debug_str:000000000001829b .LASF6354
     /tmp/ccWZZQZf.s:106312  .debug_str:000000000004701a .LASF6355
     /tmp/ccWZZQZf.s:103874  .debug_str:000000000003cfbb .LASF6356
     /tmp/ccWZZQZf.s:92902  .debug_str:0000000000010385 .LASF6357
     /tmp/ccWZZQZf.s:105292  .debug_str:0000000000042e6c .LASF6358
     /tmp/ccWZZQZf.s:103876  .debug_str:000000000003cfc4 .LASF6359
     /tmp/ccWZZQZf.s:94876  .debug_str:00000000000182a9 .LASF6360
     /tmp/ccWZZQZf.s:94182  .debug_str:0000000000015479 .LASF6361
     /tmp/ccWZZQZf.s:103878  .debug_str:000000000003cfcd .LASF6362
     /tmp/ccWZZQZf.s:94878  .debug_str:00000000000182b0 .LASF6363
     /tmp/ccWZZQZf.s:107228  .debug_str:000000000004ae80 .LASF6364
     /tmp/ccWZZQZf.s:103880  .debug_str:000000000003cfd6 .LASF6365
     /tmp/ccWZZQZf.s:93930  .debug_str:000000000001450a .LASF6366
     /tmp/ccWZZQZf.s:101222  .debug_str:000000000003259e .LASF6367
     /tmp/ccWZZQZf.s:103682  .debug_str:000000000003c280 .LASF6368
     /tmp/ccWZZQZf.s:93934  .debug_str:000000000001453a .LASF6369
     /tmp/ccWZZQZf.s:95130  .debug_str:00000000000192cb .LASF6370
     /tmp/ccWZZQZf.s:104474  .debug_str:000000000003f621 .LASF6371
     /tmp/ccWZZQZf.s:102194  .debug_str:0000000000036599 .LASF6372
     /tmp/ccWZZQZf.s:91178  .debug_str:00000000000096cf .LASF6373
     /tmp/ccWZZQZf.s:94790  .debug_str:0000000000017d35 .LASF6374
     /tmp/ccWZZQZf.s:102196  .debug_str:000000000003659f .LASF6375
     /tmp/ccWZZQZf.s:104330  .debug_str:000000000003ed09 .LASF6376
     /tmp/ccWZZQZf.s:92414  .debug_str:000000000000e827 .LASF6377
     /tmp/ccWZZQZf.s:102198  .debug_str:00000000000365a5 .LASF6378
     /tmp/ccWZZQZf.s:98282  .debug_str:000000000002651a .LASF6379
     /tmp/ccWZZQZf.s:101316  .debug_str:0000000000032b08 .LASF6380
     /tmp/ccWZZQZf.s:102258  .debug_str:0000000000036a1a .LASF6381
     /tmp/ccWZZQZf.s:102162  .debug_str:00000000000363ae .LASF6382
     /tmp/ccWZZQZf.s:89434  .debug_str:0000000000001f4a .LASF6383
     /tmp/ccWZZQZf.s:102260  .debug_str:0000000000036a20 .LASF6384
     /tmp/ccWZZQZf.s:104346  .debug_str:000000000003edf3 .LASF6385
     /tmp/ccWZZQZf.s:104730  .debug_str:00000000000408d3 .LASF6386
     /tmp/ccWZZQZf.s:102262  .debug_str:0000000000036a26 .LASF6387
     /tmp/ccWZZQZf.s:98300  .debug_str:000000000002666c .LASF6388
     /tmp/ccWZZQZf.s:96772  .debug_str:00000000000206dd .LASF6389
     /tmp/ccWZZQZf.s:102264  .debug_str:0000000000036a2c .LASF6390
     /tmp/ccWZZQZf.s:92128  .debug_str:000000000000d778 .LASF6391
     /tmp/ccWZZQZf.s:96776  .debug_str:000000000002070e .LASF6392
     /tmp/ccWZZQZf.s:102266  .debug_str:0000000000036a32 .LASF6393
     /tmp/ccWZZQZf.s:105312  .debug_str:0000000000043008 .LASF6394
     /tmp/ccWZZQZf.s:99940  .debug_str:000000000002d088 .LASF6395
     /tmp/ccWZZQZf.s:102268  .debug_str:0000000000036a38 .LASF6396
     /tmp/ccWZZQZf.s:99312  .debug_str:000000000002a8b3 .LASF6397
     /tmp/ccWZZQZf.s:107408  .debug_str:000000000004ba7c .LASF6398
     /tmp/ccWZZQZf.s:102270  .debug_str:0000000000036a3e .LASF6399
     /tmp/ccWZZQZf.s:93170  .debug_str:000000000001142b .LASF6400
     /tmp/ccWZZQZf.s:100850  .debug_str:0000000000030c2a .LASF6401
     /tmp/ccWZZQZf.s:102272  .debug_str:0000000000036a44 .LASF6402
     /tmp/ccWZZQZf.s:107544  .debug_str:000000000004c5eb .LASF6403
     /tmp/ccWZZQZf.s:101274  .debug_str:000000000003292b .LASF6404
     /tmp/ccWZZQZf.s:99264  .debug_str:000000000002a518 .LASF6405
     /tmp/ccWZZQZf.s:100270  .debug_str:000000000002e5c0 .LASF6406
     /tmp/ccWZZQZf.s:94544  .debug_str:0000000000016bdf .LASF6407
     /tmp/ccWZZQZf.s:102276  .debug_str:0000000000036a6b .LASF6408
     /tmp/ccWZZQZf.s:94160  .debug_str:0000000000015336 .LASF6409
     /tmp/ccWZZQZf.s:101236  .debug_str:000000000003266d .LASF6410
     /tmp/ccWZZQZf.s:102350  .debug_str:0000000000036fac .LASF6411
     /tmp/ccWZZQZf.s:106308  .debug_str:0000000000046ff1 .LASF6412
     /tmp/ccWZZQZf.s:102084  .debug_str:0000000000035e6e .LASF6413
     /tmp/ccWZZQZf.s:102352  .debug_str:0000000000036fb2 .LASF6414
     /tmp/ccWZZQZf.s:100288  .debug_str:000000000002e6eb .LASF6415
     /tmp/ccWZZQZf.s:89820  .debug_str:0000000000003aab .LASF6416
     /tmp/ccWZZQZf.s:102354  .debug_str:0000000000036fb8 .LASF6417
     /tmp/ccWZZQZf.s:94180  .debug_str:0000000000015459 .LASF6418
     /tmp/ccWZZQZf.s:92956  .debug_str:000000000001064a .LASF6419
     /tmp/ccWZZQZf.s:102356  .debug_str:0000000000036fbe .LASF6420
     /tmp/ccWZZQZf.s:107224  .debug_str:000000000004ae4a .LASF6421
     /tmp/ccWZZQZf.s:92958  .debug_str:0000000000010654 .LASF6422
     /tmp/ccWZZQZf.s:102358  .debug_str:0000000000036fc4 .LASF6423
     /tmp/ccWZZQZf.s:89840  .debug_str:0000000000003bcd .LASF6424
     /tmp/ccWZZQZf.s:98632  .debug_str:0000000000027c51 .LASF6425
     /tmp/ccWZZQZf.s:99422  .debug_str:000000000002af24 .LASF6426
     /tmp/ccWZZQZf.s:92094  .debug_str:000000000000d532 .LASF6427
     /tmp/ccWZZQZf.s:107618  .debug_str:000000000004cae5 .LASF6428
     /tmp/ccWZZQZf.s:102362  .debug_str:0000000000036fd9 .LASF6429
     /tmp/ccWZZQZf.s:89086  .debug_str:00000000000007a5 .LASF6430
     /tmp/ccWZZQZf.s:107622  .debug_str:000000000004cb1e .LASF6431
     /tmp/ccWZZQZf.s:102364  .debug_str:0000000000036fdf .LASF6432
     /tmp/ccWZZQZf.s:102176  .debug_str:000000000003649e .LASF6433
     /tmp/ccWZZQZf.s:92740  .debug_str:000000000000fa82 .LASF6434
     /tmp/ccWZZQZf.s:102366  .debug_str:0000000000036fe5 .LASF6435
     /tmp/ccWZZQZf.s:96056  .debug_str:000000000001d3d5 .LASF6436
     /tmp/ccWZZQZf.s:108012  .debug_str:000000000004e5d6 .LASF6437
     /tmp/ccWZZQZf.s:102368  .debug_str:0000000000036feb .LASF6438
     /tmp/ccWZZQZf.s:89998  .debug_str:00000000000046ce .LASF6439
     /tmp/ccWZZQZf.s:101246  .debug_str:00000000000326fa .LASF6440
     /tmp/ccWZZQZf.s:102436  .debug_str:0000000000037531 .LASF6441
     /tmp/ccWZZQZf.s:102202  .debug_str:00000000000365d5 .LASF6442
     /tmp/ccWZZQZf.s:98378  .debug_str:0000000000026af3 .LASF6443
     /tmp/ccWZZQZf.s:102438  .debug_str:0000000000037537 .LASF6444
     /tmp/ccWZZQZf.s:96078  .debug_str:000000000001d54b .LASF6445
     /tmp/ccWZZQZf.s:89866  .debug_str:0000000000003d98 .LASF6446
     /tmp/ccWZZQZf.s:102440  .debug_str:000000000003753d .LASF6447
     /tmp/ccWZZQZf.s:90014  .debug_str:0000000000004854 .LASF6448
     /tmp/ccWZZQZf.s:94210  .debug_str:00000000000156ea .LASF6449
     /tmp/ccWZZQZf.s:102442  .debug_str:0000000000037543 .LASF6450
     /tmp/ccWZZQZf.s:103226  .debug_str:000000000003a2fe .LASF6451
     /tmp/ccWZZQZf.s:94212  .debug_str:00000000000156f6 .LASF6452
     /tmp/ccWZZQZf.s:102444  .debug_str:0000000000037549 .LASF6453
     /tmp/ccWZZQZf.s:97084  .debug_str:0000000000021bde .LASF6454
     /tmp/ccWZZQZf.s:94426  .debug_str:0000000000016474 .LASF6455
     /tmp/ccWZZQZf.s:102446  .debug_str:000000000003754f .LASF6456
     /tmp/ccWZZQZf.s:90942  .debug_str:000000000000865e .LASF6457
     /tmp/ccWZZQZf.s:89682  .debug_str:000000000000319b .LASF6458
     /tmp/ccWZZQZf.s:102448  .debug_str:0000000000037555 .LASF6459
     /tmp/ccWZZQZf.s:104086  .debug_str:000000000003dcd2 .LASF6460
     /tmp/ccWZZQZf.s:89686  .debug_str:00000000000031e7 .LASF6461
     /tmp/ccWZZQZf.s:102450  .debug_str:000000000003755b .LASF6462
     /tmp/ccWZZQZf.s:98032  .debug_str:00000000000253f7 .LASF6463
     /tmp/ccWZZQZf.s:98144  .debug_str:0000000000025b79 .LASF6464
     /tmp/ccWZZQZf.s:102452  .debug_str:0000000000037561 .LASF6465
     /tmp/ccWZZQZf.s:91884  .debug_str:000000000000c729 .LASF6466
     /tmp/ccWZZQZf.s:97638  .debug_str:00000000000240c6 .LASF6467
     /tmp/ccWZZQZf.s:102454  .debug_str:0000000000037567 .LASF6468
     /tmp/ccWZZQZf.s:105044  .debug_str:0000000000041d99 .LASF6469
     /tmp/ccWZZQZf.s:107688  .debug_str:000000000004d011 .LASF6470
     /tmp/ccWZZQZf.s:102520  .debug_str:00000000000379a8 .LASF6471
     /tmp/ccWZZQZf.s:98056  .debug_str:00000000000255e2 .LASF6472
     /tmp/ccWZZQZf.s:97244  .debug_str:0000000000022615 .LASF6473
     /tmp/ccWZZQZf.s:99716  .debug_str:000000000002c24f .LASF6474
     /tmp/ccWZZQZf.s:91906  .debug_str:000000000000c8b5 .LASF6475
     /tmp/ccWZZQZf.s:103196  .debug_str:000000000003a0de .LASF6476
     /tmp/ccWZZQZf.s:102524  .debug_str:00000000000379b9 .LASF6477
     /tmp/ccWZZQZf.s:105068  .debug_str:0000000000041f77 .LASF6478
     /tmp/ccWZZQZf.s:96220  .debug_str:000000000001df9d .LASF6479
     /tmp/ccWZZQZf.s:102526  .debug_str:00000000000379bf .LASF6480
     /tmp/ccWZZQZf.s:99042  .debug_str:000000000002975b .LASF6481
     /tmp/ccWZZQZf.s:94294  .debug_str:0000000000015b9b .LASF6482
     /tmp/ccWZZQZf.s:102528  .debug_str:00000000000379c5 .LASF6483
     /tmp/ccWZZQZf.s:92886  .debug_str:00000000000102b7 .LASF6484
     /tmp/ccWZZQZf.s:94298  .debug_str:0000000000015bb8 .LASF6485
     /tmp/ccWZZQZf.s:102530  .debug_str:00000000000379cb .LASF6486
     /tmp/ccWZZQZf.s:106028  .debug_str:0000000000045ce4 .LASF6487
     /tmp/ccWZZQZf.s:104088  .debug_str:000000000003dcf2 .LASF6488
     /tmp/ccWZZQZf.s:102532  .debug_str:00000000000379d1 .LASF6489
     /tmp/ccWZZQZf.s:100030  .debug_str:000000000002d5f1 .LASF6490
     /tmp/ccWZZQZf.s:89162  .debug_str:0000000000000c66 .LASF6491
     /tmp/ccWZZQZf.s:102534  .debug_str:00000000000379d7 .LASF6492
     /tmp/ccWZZQZf.s:93906  .debug_str:0000000000014395 .LASF6493
     /tmp/ccWZZQZf.s:89766  .debug_str:00000000000036a3 .LASF6494
     /tmp/ccWZZQZf.s:102536  .debug_str:00000000000379dd .LASF6495
     /tmp/ccWZZQZf.s:106950  .debug_str:0000000000049b98 .LASF6496
     /tmp/ccWZZQZf.s:101150  .debug_str:0000000000032095 .LASF6497
     /tmp/ccWZZQZf.s:99734  .debug_str:000000000002c371 .LASF6498
     /tmp/ccWZZQZf.s:100962  .debug_str:0000000000031301 .LASF6499
     /tmp/ccWZZQZf.s:99408  .debug_str:000000000002ae47 .LASF6500
     /tmp/ccWZZQZf.s:102614  .debug_str:0000000000037e8e .LASF6501
     /tmp/ccWZZQZf.s:94092  .debug_str:0000000000014eb7 .LASF6502
     /tmp/ccWZZQZf.s:99410  .debug_str:000000000002ae55 .LASF6503
     /tmp/ccWZZQZf.s:102616  .debug_str:0000000000037e94 .LASF6504
     /tmp/ccWZZQZf.s:107146  .debug_str:000000000004a936 .LASF6505
     /tmp/ccWZZQZf.s:93072  .debug_str:0000000000010e30 .LASF6506
     /tmp/ccWZZQZf.s:102618  .debug_str:0000000000037e9a .LASF6507
     /tmp/ccWZZQZf.s:101142  .debug_str:000000000003203e .LASF6508
     /tmp/ccWZZQZf.s:94810  .debug_str:0000000000017e7c .LASF6509
     /tmp/ccWZZQZf.s:102620  .debug_str:0000000000037ea0 .LASF6510
     /tmp/ccWZZQZf.s:95044  .debug_str:0000000000018cec .LASF6511
     /tmp/ccWZZQZf.s:94814  .debug_str:0000000000017ec4 .LASF6512
     /tmp/ccWZZQZf.s:102622  .debug_str:0000000000037ea6 .LASF6513
     /tmp/ccWZZQZf.s:89002  .debug_str:00000000000001bc .LASF6514
     /tmp/ccWZZQZf.s:94360  .debug_str:0000000000015f89 .LASF6515
     /tmp/ccWZZQZf.s:102624  .debug_str:0000000000037eac .LASF6516
     /tmp/ccWZZQZf.s:104720  .debug_str:000000000004082c .LASF6517
     /tmp/ccWZZQZf.s:92728  .debug_str:000000000000f9e4 .LASF6518
     /tmp/ccWZZQZf.s:102626  .debug_str:0000000000037eb2 .LASF6519
     /tmp/ccWZZQZf.s:95996  .debug_str:000000000001cf47 .LASF6520
     /tmp/ccWZZQZf.s:100424  .debug_str:000000000002effe .LASF6521
     /tmp/ccWZZQZf.s:102628  .debug_str:0000000000037eb8 .LASF6522
     /tmp/ccWZZQZf.s:89918  .debug_str:0000000000004193 .LASF6523
     /tmp/ccWZZQZf.s:105948  .debug_str:000000000004582c .LASF6524
     /tmp/ccWZZQZf.s:102630  .debug_str:0000000000037ebe .LASF6525
     /tmp/ccWZZQZf.s:103142  .debug_str:0000000000039d8b .LASF6526
     /tmp/ccWZZQZf.s:107394  .debug_str:000000000004b9b8 .LASF6527
     /tmp/ccWZZQZf.s:102632  .debug_str:0000000000037ec4 .LASF6528
     /tmp/ccWZZQZf.s:96994  .debug_str:0000000000021675 .LASF6529
     /tmp/ccWZZQZf.s:97162  .debug_str:0000000000022019 .LASF6530
     /tmp/ccWZZQZf.s:102688  .debug_str:000000000003825d .LASF6531
     /tmp/ccWZZQZf.s:89942  .debug_str:00000000000043a1 .LASF6532
     /tmp/ccWZZQZf.s:99236  .debug_str:000000000002a39a .LASF6533
     /tmp/ccWZZQZf.s:102690  .debug_str:0000000000038263 .LASF6534
     /tmp/ccWZZQZf.s:103160  .debug_str:0000000000039e55 .LASF6535
     /tmp/ccWZZQZf.s:103654  .debug_str:000000000003c0ab .LASF6536
     /tmp/ccWZZQZf.s:102692  .debug_str:0000000000038269 .LASF6537
     /tmp/ccWZZQZf.s:97012  .debug_str:0000000000021767 .LASF6538
     /tmp/ccWZZQZf.s:103658  .debug_str:000000000003c0d1 .LASF6539
     /tmp/ccWZZQZf.s:102694  .debug_str:000000000003826f .LASF6540
     /tmp/ccWZZQZf.s:90868  .debug_str:000000000000817d .LASF6541
     /tmp/ccWZZQZf.s:101604  .debug_str:0000000000033dde .LASF6542
     /tmp/ccWZZQZf.s:102696  .debug_str:0000000000038275 .LASF6543
     /tmp/ccWZZQZf.s:104004  .debug_str:000000000003d820 .LASF6544
     /tmp/ccWZZQZf.s:95448  .debug_str:000000000001a9c6 .LASF6545
     /tmp/ccWZZQZf.s:102698  .debug_str:000000000003827b .LASF6546
     /tmp/ccWZZQZf.s:97938  .debug_str:0000000000024f56 .LASF6547
     /tmp/ccWZZQZf.s:95452  .debug_str:000000000001aa07 .LASF6548
     /tmp/ccWZZQZf.s:102700  .debug_str:0000000000038281 .LASF6549
     /tmp/ccWZZQZf.s:91800  .debug_str:000000000000c18a .LASF6550
     /tmp/ccWZZQZf.s:95432  .debug_str:000000000001a8c2 .LASF6551
     /tmp/ccWZZQZf.s:102702  .debug_str:0000000000038287 .LASF6552
     /tmp/ccWZZQZf.s:104950  .debug_str:000000000004172c .LASF6553
     /tmp/ccWZZQZf.s:89512  .debug_str:00000000000024cf .LASF6554
     /tmp/ccWZZQZf.s:102704  .debug_str:000000000003828d .LASF6555
     /tmp/ccWZZQZf.s:98946  .debug_str:00000000000290da .LASF6556
     /tmp/ccWZZQZf.s:106010  .debug_str:0000000000045c0f .LASF6557
     /tmp/ccWZZQZf.s:102706  .debug_str:0000000000038293 .LASF6558
     /tmp/ccWZZQZf.s:100776  .debug_str:0000000000030706 .LASF6559
     /tmp/ccWZZQZf.s:104340  .debug_str:000000000003ed9f .LASF6560
     /tmp/ccWZZQZf.s:102774  .debug_str:00000000000386dc .LASF6561
     /tmp/ccWZZQZf.s:104984  .debug_str:0000000000041904 .LASF6562
     /tmp/ccWZZQZf.s:107890  .debug_str:000000000004dd08 .LASF6563
     /tmp/ccWZZQZf.s:102776  .debug_str:00000000000386e2 .LASF6564
     /tmp/ccWZZQZf.s:98968  .debug_str:0000000000029274 .LASF6565
     /tmp/ccWZZQZf.s:104134  .debug_str:000000000003e025 .LASF6566
     /tmp/ccWZZQZf.s:102778  .debug_str:00000000000386e8 .LASF6567
     /tmp/ccWZZQZf.s:92806  .debug_str:000000000000fde9 .LASF6568
     /tmp/ccWZZQZf.s:90290  .debug_str:0000000000005b24 .LASF6569
     /tmp/ccWZZQZf.s:102780  .debug_str:00000000000386ee .LASF6570
     /tmp/ccWZZQZf.s:105954  .debug_str:000000000004587b .LASF6571
     /tmp/ccWZZQZf.s:99122  .debug_str:0000000000029c43 .LASF6572
     /tmp/ccWZZQZf.s:102782  .debug_str:00000000000386f4 .LASF6573
     /tmp/ccWZZQZf.s:99952  .debug_str:000000000002d144 .LASF6574
     /tmp/ccWZZQZf.s:102658  .debug_str:000000000003808a .LASF6575
     /tmp/ccWZZQZf.s:102784  .debug_str:00000000000386fa .LASF6576
     /tmp/ccWZZQZf.s:93828  .debug_str:0000000000013f15 .LASF6577
     /tmp/ccWZZQZf.s:98306  .debug_str:00000000000266cd .LASF6578
     /tmp/ccWZZQZf.s:102786  .debug_str:0000000000038700 .LASF6579
     /tmp/ccWZZQZf.s:106868  .debug_str:0000000000049548 .LASF6580
     /tmp/ccWZZQZf.s:94538  .debug_str:0000000000016bb2 .LASF6581
     /tmp/ccWZZQZf.s:102788  .debug_str:0000000000038706 .LASF6582
     /tmp/ccWZZQZf.s:100884  .debug_str:0000000000030e42 .LASF6583
     /tmp/ccWZZQZf.s:94542  .debug_str:0000000000016bd3 .LASF6584
     /tmp/ccWZZQZf.s:102790  .debug_str:000000000003870c .LASF6585
     /tmp/ccWZZQZf.s:94786  .debug_str:0000000000017cfa .LASF6586
     /tmp/ccWZZQZf.s:98356  .debug_str:0000000000026916 .LASF6587
     /tmp/ccWZZQZf.s:102792  .debug_str:0000000000038712 .LASF6588
     /tmp/ccWZZQZf.s:107876  .debug_str:000000000004dc2c .LASF6589
     /tmp/ccWZZQZf.s:98656  .debug_str:0000000000027e18 .LASF6590
     /tmp/ccWZZQZf.s:102860  .debug_str:0000000000038b8d .LASF6591
     /tmp/ccWZZQZf.s:100906  .debug_str:0000000000030f69 .LASF6592
     /tmp/ccWZZQZf.s:101670  .debug_str:0000000000034261 .LASF6593
     /tmp/ccWZZQZf.s:102862  .debug_str:0000000000038b93 .LASF6594
     /tmp/ccWZZQZf.s:94804  .debug_str:0000000000017e28 .LASF6595
     /tmp/ccWZZQZf.s:100960  .debug_str:00000000000312f3 .LASF6596
     /tmp/ccWZZQZf.s:100352  .debug_str:000000000002eb3e .LASF6597
     /tmp/ccWZZQZf.s:95216  .debug_str:00000000000198a9 .LASF6598
     /tmp/ccWZZQZf.s:104252  .debug_str:000000000003e806 .LASF6599
     /tmp/ccWZZQZf.s:102866  .debug_str:0000000000038bb6 .LASF6600
     /tmp/ccWZZQZf.s:101856  .debug_str:0000000000034f8b .LASF6601
     /tmp/ccWZZQZf.s:89756  .debug_str:000000000000360a .LASF6602
     /tmp/ccWZZQZf.s:100358  .debug_str:000000000002eb97 .LASF6603
     /tmp/ccWZZQZf.s:95750  .debug_str:000000000001be80 .LASF6604
     /tmp/ccWZZQZf.s:95368  .debug_str:000000000001a463 .LASF6605
     /tmp/ccWZZQZf.s:102870  .debug_str:0000000000038bda .LASF6606
     /tmp/ccWZZQZf.s:89714  .debug_str:00000000000033e7 .LASF6607
     /tmp/ccWZZQZf.s:93636  .debug_str:0000000000013304 .LASF6608
     /tmp/ccWZZQZf.s:102872  .debug_str:0000000000038be0 .LASF6609
     /tmp/ccWZZQZf.s:101088  .debug_str:0000000000031c88 .LASF6610
     /tmp/ccWZZQZf.s:103750  .debug_str:000000000003c6ac .LASF6611
     /tmp/ccWZZQZf.s:102874  .debug_str:0000000000038be6 .LASF6612
     /tmp/ccWZZQZf.s:96754  .debug_str:00000000000205be .LASF6613
     /tmp/ccWZZQZf.s:89668  .debug_str:00000000000030e2 .LASF6614
     /tmp/ccWZZQZf.s:102876  .debug_str:0000000000038bec .LASF6615
     /tmp/ccWZZQZf.s:90614  .debug_str:000000000000716c .LASF6616
     /tmp/ccWZZQZf.s:97586  .debug_str:0000000000023d8c .LASF6617
     /tmp/ccWZZQZf.s:102878  .debug_str:0000000000038bf2 .LASF6618
     /tmp/ccWZZQZf.s:103774  .debug_str:000000000003c857 .LASF6619
     /tmp/ccWZZQZf.s:102568  .debug_str:0000000000037bfc .LASF6620
     /tmp/ccWZZQZf.s:92356  .debug_str:000000000000e500 .LASF6621
     /tmp/ccWZZQZf.s:90580  .debug_str:0000000000006ef0 .LASF6622
     /tmp/ccWZZQZf.s:102572  .debug_str:0000000000037c43 .LASF6623
     /tmp/ccWZZQZf.s:93614  .debug_str:0000000000013210 .LASF6624
     /tmp/ccWZZQZf.s:103748  .debug_str:000000000003c68b .LASF6625
     /tmp/ccWZZQZf.s:95224  .debug_str:0000000000019956 .LASF6626
     /tmp/ccWZZQZf.s:93618  .debug_str:0000000000013236 .LASF6627
     /tmp/ccWZZQZf.s:95488  .debug_str:000000000001ac61 .LASF6628
     /tmp/ccWZZQZf.s:97976  .debug_str:0000000000025214 .LASF6629
     /tmp/ccWZZQZf.s:93622  .debug_str:0000000000013245 .LASF6630
     /tmp/ccWZZQZf.s:91498  .debug_str:000000000000ac1d .LASF6631
     /tmp/ccWZZQZf.s:97978  .debug_str:0000000000025223 .LASF6632
     /tmp/ccWZZQZf.s:92364  .debug_str:000000000000e579 .LASF6633
     /tmp/ccWZZQZf.s:104646  .debug_str:0000000000040331 .LASF6634
     /tmp/ccWZZQZf.s:97014  .debug_str:0000000000021787 .LASF6635
     /tmp/ccWZZQZf.s:92366  .debug_str:000000000000e580 .LASF6636
     /tmp/ccWZZQZf.s:98618  .debug_str:0000000000027b28 .LASF6637
     /tmp/ccWZZQZf.s:94850  .debug_str:0000000000018103 .LASF6638
     /tmp/ccWZZQZf.s:92368  .debug_str:000000000000e587 .LASF6639
     /tmp/ccWZZQZf.s:92462  .debug_str:000000000000e97c .LASF6640
     /tmp/ccWZZQZf.s:91640  .debug_str:000000000000b6ca .LASF6641
     /tmp/ccWZZQZf.s:92370  .debug_str:000000000000e58e .LASF6642
     /tmp/ccWZZQZf.s:105644  .debug_str:0000000000044511 .LASF6643
     /tmp/ccWZZQZf.s:98202  .debug_str:0000000000025fe1 .LASF6644
     /tmp/ccWZZQZf.s:92372  .debug_str:000000000000e595 .LASF6645
     /tmp/ccWZZQZf.s:99614  .debug_str:000000000002bbd1 .LASF6646
     /tmp/ccWZZQZf.s:98204  .debug_str:0000000000025ff2 .LASF6647
     /tmp/ccWZZQZf.s:92374  .debug_str:000000000000e59c .LASF6648
     /tmp/ccWZZQZf.s:93500  .debug_str:00000000000129d2 .LASF6649
     /tmp/ccWZZQZf.s:105026  .debug_str:0000000000041c36 .LASF6650
     /tmp/ccWZZQZf.s:92430  .debug_str:000000000000e896 .LASF6651
     /tmp/ccWZZQZf.s:105668  .debug_str:000000000004468e .LASF6652
     /tmp/ccWZZQZf.s:93654  .debug_str:000000000001345e .LASF6653
     /tmp/ccWZZQZf.s:92432  .debug_str:000000000000e89d .LASF6654
     /tmp/ccWZZQZf.s:99632  .debug_str:000000000002bcdf .LASF6655
     /tmp/ccWZZQZf.s:93656  .debug_str:000000000001346f .LASF6656
     /tmp/ccWZZQZf.s:92434  .debug_str:000000000000e8a4 .LASF6657
     /tmp/ccWZZQZf.s:93516  .debug_str:0000000000012ad8 .LASF6658
     /tmp/ccWZZQZf.s:90676  .debug_str:0000000000007568 .LASF6659
     /tmp/ccWZZQZf.s:93778  .debug_str:0000000000013c0b .LASF6660
     /tmp/ccWZZQZf.s:106584  .debug_str:0000000000048317 .LASF6661
     /tmp/ccWZZQZf.s:100782  .debug_str:0000000000030745 .LASF6662
     /tmp/ccWZZQZf.s:92438  .debug_str:000000000000e8cf .LASF6663
     /tmp/ccWZZQZf.s:100588  .debug_str:000000000002fb9d .LASF6664
     /tmp/ccWZZQZf.s:100788  .debug_str:000000000003078e .LASF6665
     /tmp/ccWZZQZf.s:92440  .debug_str:000000000000e8d6 .LASF6666
     /tmp/ccWZZQZf.s:94470  .debug_str:000000000001674d .LASF6667
     /tmp/ccWZZQZf.s:91248  .debug_str:0000000000009b8a .LASF6668
     /tmp/ccWZZQZf.s:92442  .debug_str:000000000000e8dd .LASF6669
     /tmp/ccWZZQZf.s:89936  .debug_str:000000000000434b .LASF6670
     /tmp/ccWZZQZf.s:89058  .debug_str:00000000000005e9 .LASF6671
     /tmp/ccWZZQZf.s:92444  .debug_str:000000000000e8e4 .LASF6672
     /tmp/ccWZZQZf.s:101548  .debug_str:0000000000033a4d .LASF6673
     /tmp/ccWZZQZf.s:90782  .debug_str:0000000000007bf1 .LASF6674
     /tmp/ccWZZQZf.s:92446  .debug_str:000000000000e8eb .LASF6675
     /tmp/ccWZZQZf.s:95428  .debug_str:000000000001a896 .LASF6676
     /tmp/ccWZZQZf.s:100830  .debug_str:0000000000030abf .LASF6677
     /tmp/ccWZZQZf.s:92448  .debug_str:000000000000e8f2 .LASF6678
     /tmp/ccWZZQZf.s:89370  .debug_str:0000000000001b0e .LASF6679
     /tmp/ccWZZQZf.s:96634  .debug_str:000000000001fd0e .LASF6680
     /tmp/ccWZZQZf.s:92524  .debug_str:000000000000edd5 .LASF6681
     /tmp/ccWZZQZf.s:101566  .debug_str:0000000000033be1 .LASF6682
     /tmp/ccWZZQZf.s:100924  .debug_str:0000000000031071 .LASF6683
     /tmp/ccWZZQZf.s:92526  .debug_str:000000000000eddc .LASF6684
     /tmp/ccWZZQZf.s:94178  .debug_str:0000000000015438 .LASF6685
     /tmp/ccWZZQZf.s:93936  .debug_str:0000000000014541 .LASF6686
     /tmp/ccWZZQZf.s:92528  .debug_str:000000000000ede3 .LASF6687
     /tmp/ccWZZQZf.s:89388  .debug_str:0000000000001c3b .LASF6688
     /tmp/ccWZZQZf.s:96344  .debug_str:000000000001e7d9 .LASF6689
     /tmp/ccWZZQZf.s:92530  .debug_str:000000000000edea .LASF6690
     /tmp/ccWZZQZf.s:106646  .debug_str:0000000000048715 .LASF6691
     /tmp/ccWZZQZf.s:96346  .debug_str:000000000001e7e8 .LASF6692
     /tmp/ccWZZQZf.s:92532  .debug_str:000000000000edf1 .LASF6693
     /tmp/ccWZZQZf.s:96416  .debug_str:000000000001ed5d .LASF6694
     /tmp/ccWZZQZf.s:89934  .debug_str:000000000000433e .LASF6695
     /tmp/ccWZZQZf.s:92534  .debug_str:000000000000edf8 .LASF6696
     /tmp/ccWZZQZf.s:90318  .debug_str:0000000000005ccd .LASF6697
     /tmp/ccWZZQZf.s:89394  .debug_str:0000000000001cc5 .LASF6698
     /tmp/ccWZZQZf.s:93952  .debug_str:00000000000145e0 .LASF6699
     /tmp/ccWZZQZf.s:103494  .debug_str:000000000003b5d0 .LASF6700
     /tmp/ccWZZQZf.s:89398  .debug_str:0000000000001d01 .LASF6701
     /tmp/ccWZZQZf.s:92538  .debug_str:000000000000ee27 .LASF6702
     /tmp/ccWZZQZf.s:89312  .debug_str:000000000000169b .LASF6703
     /tmp/ccWZZQZf.s:107972  .debug_str:000000000004e301 .LASF6704
     /tmp/ccWZZQZf.s:92540  .debug_str:000000000000ee2e .LASF6705
     /tmp/ccWZZQZf.s:97008  .debug_str:0000000000021739 .LASF6706
     /tmp/ccWZZQZf.s:104010  .debug_str:000000000003d890 .LASF6707
     /tmp/ccWZZQZf.s:92542  .debug_str:000000000000ee35 .LASF6708
     /tmp/ccWZZQZf.s:104388  .debug_str:000000000003f09a .LASF6709
     /tmp/ccWZZQZf.s:95986  .debug_str:000000000001ce82 .LASF6710
     /tmp/ccWZZQZf.s:94084  .debug_str:0000000000014e6a .LASF6711
     /tmp/ccWZZQZf.s:104206  .debug_str:000000000003e4ff .LASF6712
     /tmp/ccWZZQZf.s:96162  .debug_str:000000000001db8b .LASF6713
     /tmp/ccWZZQZf.s:92598  .debug_str:000000000000f1a5 .LASF6714
     /tmp/ccWZZQZf.s:91218  .debug_str:00000000000099db .LASF6715
     /tmp/ccWZZQZf.s:104728  .debug_str:00000000000408c5 .LASF6716
     /tmp/ccWZZQZf.s:92600  .debug_str:000000000000f1ac .LASF6717
     /tmp/ccWZZQZf.s:104410  .debug_str:000000000003f210 .LASF6718
     /tmp/ccWZZQZf.s:93670  .debug_str:000000000001351f .LASF6719
     /tmp/ccWZZQZf.s:92602  .debug_str:000000000000f1b3 .LASF6720
     /tmp/ccWZZQZf.s:98382  .debug_str:0000000000026b2b .LASF6721
     /tmp/ccWZZQZf.s:101646  .debug_str:000000000003408d .LASF6722
     /tmp/ccWZZQZf.s:92604  .debug_str:000000000000f1ba .LASF6723
     /tmp/ccWZZQZf.s:92198  .debug_str:000000000000db4a .LASF6724
     /tmp/ccWZZQZf.s:90516  .debug_str:0000000000006a79 .LASF6725
     /tmp/ccWZZQZf.s:92606  .debug_str:000000000000f1c1 .LASF6726
     /tmp/ccWZZQZf.s:105370  .debug_str:000000000004338b .LASF6727
     /tmp/ccWZZQZf.s:94066  .debug_str:0000000000014d37 .LASF6728
     /tmp/ccWZZQZf.s:94108  .debug_str:0000000000014fbc .LASF6729
     /tmp/ccWZZQZf.s:99368  .debug_str:000000000002ac35 .LASF6730
     /tmp/ccWZZQZf.s:102192  .debug_str:000000000003658d .LASF6731
     /tmp/ccWZZQZf.s:92610  .debug_str:000000000000f1f6 .LASF6732
     /tmp/ccWZZQZf.s:98562  .debug_str:0000000000027784 .LASF6733
     /tmp/ccWZZQZf.s:102576  .debug_str:0000000000037c7b .LASF6734
     /tmp/ccWZZQZf.s:92612  .debug_str:000000000000f1fd .LASF6735
     /tmp/ccWZZQZf.s:106346  .debug_str:000000000004724c .LASF6736
     /tmp/ccWZZQZf.s:100408  .debug_str:000000000002ee9f .LASF6737
     /tmp/ccWZZQZf.s:94116  .debug_str:000000000001502f .LASF6738
     /tmp/ccWZZQZf.s:103072  .debug_str:000000000003988f .LASF6739
     /tmp/ccWZZQZf.s:96794  .debug_str:0000000000020809 .LASF6740
     /tmp/ccWZZQZf.s:92684  .debug_str:000000000000f785 .LASF6741
     /tmp/ccWZZQZf.s:101394  .debug_str:0000000000033079 .LASF6742
     /tmp/ccWZZQZf.s:93840  .debug_str:0000000000013fa2 .LASF6743
     /tmp/ccWZZQZf.s:92686  .debug_str:000000000000f78c .LASF6744
     /tmp/ccWZZQZf.s:106364  .debug_str:0000000000047360 .LASF6745
     /tmp/ccWZZQZf.s:90288  .debug_str:0000000000005b19 .LASF6746
     /tmp/ccWZZQZf.s:92688  .debug_str:000000000000f793 .LASF6747
     /tmp/ccWZZQZf.s:100360  .debug_str:000000000002eb9d .LASF6748
     /tmp/ccWZZQZf.s:94310  .debug_str:0000000000015c5b .LASF6749
     /tmp/ccWZZQZf.s:92690  .debug_str:000000000000f79a .LASF6750
     /tmp/ccWZZQZf.s:94232  .debug_str:0000000000015810 .LASF6751
     /tmp/ccWZZQZf.s:94288  .debug_str:0000000000015b47 .LASF6752
     /tmp/ccWZZQZf.s:92692  .debug_str:000000000000f7a1 .LASF6753
     /tmp/ccWZZQZf.s:107290  .debug_str:000000000004b2c6 .LASF6754
     /tmp/ccWZZQZf.s:93254  .debug_str:0000000000011a1f .LASF6755
     /tmp/ccWZZQZf.s:92694  .debug_str:000000000000f7a8 .LASF6756
     /tmp/ccWZZQZf.s:94272  .debug_str:00000000000159f9 .LASF6757
     /tmp/ccWZZQZf.s:95852  .debug_str:000000000001c5da .LASF6758
     /tmp/ccWZZQZf.s:94258  .debug_str:0000000000015987 .LASF6759
     /tmp/ccWZZQZf.s:105862  .debug_str:0000000000045276 .LASF6760
     /tmp/ccWZZQZf.s:99690  .debug_str:000000000002c0e5 .LASF6761
     /tmp/ccWZZQZf.s:94260  .debug_str:000000000001598e .LASF6762
     /tmp/ccWZZQZf.s:89138  .debug_str:0000000000000af4 .LASF6763
     /tmp/ccWZZQZf.s:101472  .debug_str:00000000000335a3 .LASF6764
     /tmp/ccWZZQZf.s:94262  .debug_str:0000000000015995 .LASF6765
     /tmp/ccWZZQZf.s:102234  .debug_str:0000000000036832 .LASF6766
     /tmp/ccWZZQZf.s:90280  .debug_str:0000000000005aac .LASF6767
     /tmp/ccWZZQZf.s:94264  .debug_str:000000000001599c .LASF6768
     /tmp/ccWZZQZf.s:96120  .debug_str:000000000001d86d .LASF6769
     /tmp/ccWZZQZf.s:104660  .debug_str:0000000000040460 .LASF6770
     /tmp/ccWZZQZf.s:92768  .debug_str:000000000000fc46 .LASF6771
     /tmp/ccWZZQZf.s:89156  .debug_str:0000000000000beb .LASF6772
     /tmp/ccWZZQZf.s:95098  .debug_str:00000000000190c7 .LASF6773
     /tmp/ccWZZQZf.s:92770  .debug_str:000000000000fc4d .LASF6774
     /tmp/ccWZZQZf.s:104726  .debug_str:00000000000408a4 .LASF6775
     /tmp/ccWZZQZf.s:106000  .debug_str:0000000000045b4f .LASF6776
     /tmp/ccWZZQZf.s:92772  .debug_str:000000000000fc54 .LASF6777
     /tmp/ccWZZQZf.s:96142  .debug_str:000000000001da1c .LASF6778
     /tmp/ccWZZQZf.s:91376  .debug_str:000000000000a3e0 .LASF6779
     /tmp/ccWZZQZf.s:92774  .debug_str:000000000000fc5b .LASF6780
     /tmp/ccWZZQZf.s:106038  .debug_str:0000000000045d8e .LASF6781
     /tmp/ccWZZQZf.s:99974  .debug_str:000000000002d2ab .LASF6782
     /tmp/ccWZZQZf.s:92776  .debug_str:000000000000fc62 .LASF6783
     /tmp/ccWZZQZf.s:103280  .debug_str:000000000003a6b6 .LASF6784
     /tmp/ccWZZQZf.s:93188  .debug_str:0000000000011576 .LASF6785
     /tmp/ccWZZQZf.s:92778  .debug_str:000000000000fc69 .LASF6786
     /tmp/ccWZZQZf.s:97154  .debug_str:0000000000021f9a .LASF6787
     /tmp/ccWZZQZf.s:106878  .debug_str:000000000004960b .LASF6788
     /tmp/ccWZZQZf.s:92780  .debug_str:000000000000fc70 .LASF6789
     /tmp/ccWZZQZf.s:90992  .debug_str:00000000000089b2 .LASF6790
     /tmp/ccWZZQZf.s:95284  .debug_str:0000000000019dfc .LASF6791
     /tmp/ccWZZQZf.s:92782  .debug_str:000000000000fc77 .LASF6792
     /tmp/ccWZZQZf.s:104156  .debug_str:000000000003e1d1 .LASF6793
     /tmp/ccWZZQZf.s:107706  .debug_str:000000000004d136 .LASF6794
     /tmp/ccWZZQZf.s:92784  .debug_str:000000000000fc7e .LASF6795
     /tmp/ccWZZQZf.s:98108  .debug_str:0000000000025927 .LASF6796
     /tmp/ccWZZQZf.s:89416  .debug_str:0000000000001e05 .LASF6797
     /tmp/ccWZZQZf.s:92786  .debug_str:000000000000fc85 .LASF6798
     /tmp/ccWZZQZf.s:91946  .debug_str:000000000000cb33 .LASF6799
     /tmp/ccWZZQZf.s:90718  .debug_str:0000000000007818 .LASF6800
     /tmp/ccWZZQZf.s:92836  .debug_str:000000000001000b .LASF6801
     /tmp/ccWZZQZf.s:104336  .debug_str:000000000003ed65 .LASF6802
     /tmp/ccWZZQZf.s:99598  .debug_str:000000000002baf7 .LASF6803
     /tmp/ccWZZQZf.s:92838  .debug_str:0000000000010012 .LASF6804
     /tmp/ccWZZQZf.s:98288  .debug_str:0000000000026570 .LASF6805
     /tmp/ccWZZQZf.s:103260  .debug_str:000000000003a5ca .LASF6806
     /tmp/ccWZZQZf.s:92840  .debug_str:0000000000010019 .LASF6807
     /tmp/ccWZZQZf.s:92112  .debug_str:000000000000d658 .LASF6808
     /tmp/ccWZZQZf.s:104284  .debug_str:000000000003ea3f .LASF6809
     /tmp/ccWZZQZf.s:96198  .debug_str:000000000001de38 .LASF6810
     /tmp/ccWZZQZf.s:105294  .debug_str:0000000000042e8d .LASF6811
     /tmp/ccWZZQZf.s:104044  .debug_str:000000000003db2b .LASF6812
     /tmp/ccWZZQZf.s:92844  .debug_str:0000000000010041 .LASF6813
     /tmp/ccWZZQZf.s:99294  .debug_str:000000000002a6b6 .LASF6814
     /tmp/ccWZZQZf.s:94402  .debug_str:00000000000162a4 .LASF6815
     /tmp/ccWZZQZf.s:92846  .debug_str:0000000000010048 .LASF6816
     /tmp/ccWZZQZf.s:89196  .debug_str:0000000000000ec0 .LASF6817
     /tmp/ccWZZQZf.s:103156  .debug_str:0000000000039e3a .LASF6818
     /tmp/ccWZZQZf.s:92848  .debug_str:000000000001004f .LASF6819
     /tmp/ccWZZQZf.s:95420  .debug_str:000000000001a7e7 .LASF6820
     /tmp/ccWZZQZf.s:101094  .debug_str:0000000000031d2d .LASF6821
     /tmp/ccWZZQZf.s:92850  .debug_str:0000000000010056 .LASF6822
     /tmp/ccWZZQZf.s:100256  .debug_str:000000000002e45d .LASF6823
     /tmp/ccWZZQZf.s:100248  .debug_str:000000000002e3c5 .LASF6824
     /tmp/ccWZZQZf.s:92852  .debug_str:000000000001005d .LASF6825
     /tmp/ccWZZQZf.s:107918  .debug_str:000000000004df26 .LASF6826
     /tmp/ccWZZQZf.s:95860  .debug_str:000000000001c65b .LASF6827
     /tmp/ccWZZQZf.s:92854  .debug_str:0000000000010064 .LASF6828
     /tmp/ccWZZQZf.s:107188  .debug_str:000000000004abb7 .LASF6829
     /tmp/ccWZZQZf.s:89336  .debug_str:0000000000001883 .LASF6830
     /tmp/ccWZZQZf.s:94710  .debug_str:00000000000177eb .LASF6831
     /tmp/ccWZZQZf.s:100278  .debug_str:000000000002e631 .LASF6832
     /tmp/ccWZZQZf.s:91252  .debug_str:0000000000009bb3 .LASF6833
     /tmp/ccWZZQZf.s:94714  .debug_str:0000000000017826 .LASF6834
     /tmp/ccWZZQZf.s:94170  .debug_str:00000000000153db .LASF6835
     /tmp/ccWZZQZf.s:91256  .debug_str:0000000000009bd5 .LASF6836
     /tmp/ccWZZQZf.s:92926  .debug_str:00000000000104e5 .LASF6837
     /tmp/ccWZZQZf.s:107214  .debug_str:000000000004ad8f .LASF6838
     /tmp/ccWZZQZf.s:102736  .debug_str:000000000003847f .LASF6839
     /tmp/ccWZZQZf.s:92928  .debug_str:00000000000104ec .LASF6840
     /tmp/ccWZZQZf.s:92924  .debug_str:00000000000104c4 .LASF6841
     /tmp/ccWZZQZf.s:102710  .debug_str:00000000000382bc .LASF6842
     /tmp/ccWZZQZf.s:92930  .debug_str:00000000000104f3 .LASF6843
     /tmp/ccWZZQZf.s:95106  .debug_str:0000000000019131 .LASF6844
     /tmp/ccWZZQZf.s:102714  .debug_str:0000000000038306 .LASF6845
     /tmp/ccWZZQZf.s:92932  .debug_str:00000000000104fa .LASF6846
     /tmp/ccWZZQZf.s:89068  .debug_str:000000000000067a .LASF6847
     /tmp/ccWZZQZf.s:103034  .debug_str:00000000000395bf .LASF6848
     /tmp/ccWZZQZf.s:92934  .debug_str:0000000000010501 .LASF6849
     /tmp/ccWZZQZf.s:102160  .debug_str:000000000003638d .LASF6850
     /tmp/ccWZZQZf.s:98124  .debug_str:0000000000025a13 .LASF6851
     /tmp/ccWZZQZf.s:92936  .debug_str:0000000000010508 .LASF6852
     /tmp/ccWZZQZf.s:96046  .debug_str:000000000001d32d .LASF6853
     /tmp/ccWZZQZf.s:98128  .debug_str:0000000000025a62 .LASF6854
     /tmp/ccWZZQZf.s:92938  .debug_str:000000000001050f .LASF6855
     /tmp/ccWZZQZf.s:89984  .debug_str:00000000000045f9 .LASF6856
     /tmp/ccWZZQZf.s:104032  .debug_str:000000000003da3b .LASF6857
     /tmp/ccWZZQZf.s:94732  .debug_str:0000000000017926 .LASF6858
     /tmp/ccWZZQZf.s:92054  .debug_str:000000000000d28e .LASF6859
     /tmp/ccWZZQZf.s:95654  .debug_str:000000000001b822 .LASF6860
     /tmp/ccWZZQZf.s:93010  .debug_str:0000000000010a5b .LASF6861
     /tmp/ccWZZQZf.s:96058  .debug_str:000000000001d3f5 .LASF6862
     /tmp/ccWZZQZf.s:95658  .debug_str:000000000001b84d .LASF6863
     /tmp/ccWZZQZf.s:93012  .debug_str:0000000000010a62 .LASF6864
     /tmp/ccWZZQZf.s:90000  .debug_str:00000000000046ee .LASF6865
     /tmp/ccWZZQZf.s:103208  .debug_str:000000000003a1b9 .LASF6866
     /tmp/ccWZZQZf.s:93014  .debug_str:0000000000010a69 .LASF6867
     /tmp/ccWZZQZf.s:103212  .debug_str:000000000003a1f4 .LASF6868
     /tmp/ccWZZQZf.s:91056  .debug_str:0000000000008e97 .LASF6869
     /tmp/ccWZZQZf.s:94874  .debug_str:00000000000182a2 .LASF6870
     /tmp/ccWZZQZf.s:97066  .debug_str:0000000000021a53 .LASF6871
     /tmp/ccWZZQZf.s:91060  .debug_str:0000000000008ec2 .LASF6872
     /tmp/ccWZZQZf.s:93018  .debug_str:0000000000010ab3 .LASF6873
     /tmp/ccWZZQZf.s:90926  .debug_str:0000000000008560 .LASF6874
     /tmp/ccWZZQZf.s:94248  .debug_str:00000000000158ec .LASF6875
     /tmp/ccWZZQZf.s:93020  .debug_str:0000000000010aba .LASF6876
     /tmp/ccWZZQZf.s:104062  .debug_str:000000000003dc0e .LASF6877
     /tmp/ccWZZQZf.s:96596  .debug_str:000000000001fa87 .LASF6878
     /tmp/ccWZZQZf.s:93022  .debug_str:0000000000010ac1 .LASF6879
     /tmp/ccWZZQZf.s:98018  .debug_str:0000000000025335 .LASF6880
     /tmp/ccWZZQZf.s:89978  .debug_str:00000000000045b9 .LASF6881
     /tmp/ccWZZQZf.s:93024  .debug_str:0000000000010ac8 .LASF6882
     /tmp/ccWZZQZf.s:91866  .debug_str:000000000000c601 .LASF6883
     /tmp/ccWZZQZf.s:100160  .debug_str:000000000002de3e .LASF6884
     /tmp/ccWZZQZf.s:94890  .debug_str:000000000001831c .LASF6885
     /tmp/ccWZZQZf.s:105030  .debug_str:0000000000041c71 .LASF6886
     /tmp/ccWZZQZf.s:91964  .debug_str:000000000000ccaf .LASF6887
     /tmp/ccWZZQZf.s:93028  .debug_str:0000000000010af9 .LASF6888
     /tmp/ccWZZQZf.s:99012  .debug_str:000000000002953d .LASF6889
     /tmp/ccWZZQZf.s:91968  .debug_str:000000000000ccf2 .LASF6890
     /tmp/ccWZZQZf.s:93102  .debug_str:0000000000011030 .LASF6891
     /tmp/ccWZZQZf.s:91894  .debug_str:000000000000c7e7 .LASF6892
     /tmp/ccWZZQZf.s:95348  .debug_str:000000000001a318 .LASF6893
     /tmp/ccWZZQZf.s:93104  .debug_str:0000000000011037 .LASF6894
     /tmp/ccWZZQZf.s:105052  .debug_str:0000000000041e42 .LASF6895
     /tmp/ccWZZQZf.s:106352  .debug_str:000000000004728c .LASF6896
     /tmp/ccWZZQZf.s:93106  .debug_str:000000000001103e .LASF6897
     /tmp/ccWZZQZf.s:99030  .debug_str:0000000000029641 .LASF6898
     /tmp/ccWZZQZf.s:106356  .debug_str:00000000000472b9 .LASF6899
     /tmp/ccWZZQZf.s:96958  .debug_str:000000000002140c .LASF6900
     /tmp/ccWZZQZf.s:106410  .debug_str:0000000000047642 .LASF6901
     /tmp/ccWZZQZf.s:94458  .debug_str:000000000001667c .LASF6902
     /tmp/ccWZZQZf.s:93110  .debug_str:000000000001106f .LASF6903
     /tmp/ccWZZQZf.s:106020  .debug_str:0000000000045c55 .LASF6904
     /tmp/ccWZZQZf.s:106160  .debug_str:0000000000046625 .LASF6905
     /tmp/ccWZZQZf.s:93112  .debug_str:0000000000011076 .LASF6906
     /tmp/ccWZZQZf.s:100014  .debug_str:000000000002d50d .LASF6907
     /tmp/ccWZZQZf.s:106164  .debug_str:0000000000046661 .LASF6908
     /tmp/ccWZZQZf.s:93114  .debug_str:000000000001107d .LASF6909
     /tmp/ccWZZQZf.s:93886  .debug_str:000000000001424c .LASF6910
     /tmp/ccWZZQZf.s:104434  .debug_str:000000000003f378 .LASF6911
     /tmp/ccWZZQZf.s:93116  .debug_str:0000000000011084 .LASF6912
     /tmp/ccWZZQZf.s:93046  .debug_str:0000000000010c1d .LASF6913
     /tmp/ccWZZQZf.s:99170  .debug_str:0000000000029f1a .LASF6914
     /tmp/ccWZZQZf.s:95038  .debug_str:0000000000018c91 .LASF6915
     /tmp/ccWZZQZf.s:100944  .debug_str:00000000000311df .LASF6916
     /tmp/ccWZZQZf.s:102602  .debug_str:0000000000037df5 .LASF6917
     /tmp/ccWZZQZf.s:93120  .debug_str:00000000000110b1 .LASF6918
     /tmp/ccWZZQZf.s:94846  .debug_str:00000000000180c8 .LASF6919
     /tmp/ccWZZQZf.s:102380  .debug_str:0000000000037109 .LASF6920
     /tmp/ccWZZQZf.s:97640  .debug_str:00000000000240d3 .LASF6921
     /tmp/ccWZZQZf.s:102612  .debug_str:0000000000037e6d .LASF6922
     /tmp/ccWZZQZf.s:102384  .debug_str:0000000000037140 .LASF6923
     /tmp/ccWZZQZf.s:97642  .debug_str:00000000000240da .LASF6924
     /tmp/ccWZZQZf.s:103456  .debug_str:000000000003b33c .LASF6925
     /tmp/ccWZZQZf.s:102644  .debug_str:0000000000037f78 .LASF6926
     /tmp/ccWZZQZf.s:97644  .debug_str:00000000000240e1 .LASF6927
     /tmp/ccWZZQZf.s:90384  .debug_str:000000000000610a .LASF6928
     /tmp/ccWZZQZf.s:97778  .debug_str:0000000000024801 .LASF6929
     /tmp/ccWZZQZf.s:97646  .debug_str:00000000000240e8 .LASF6930
     /tmp/ccWZZQZf.s:103570  .debug_str:000000000003baf7 .LASF6931
     /tmp/ccWZZQZf.s:97782  .debug_str:0000000000024820 .LASF6932
     /tmp/ccWZZQZf.s:97648  .debug_str:00000000000240ef .LASF6933
     /tmp/ccWZZQZf.s:97442  .debug_str:0000000000023364 .LASF6934
     /tmp/ccWZZQZf.s:94348  .debug_str:0000000000015f26 .LASF6935
     /tmp/ccWZZQZf.s:97650  .debug_str:00000000000240f6 .LASF6936
     /tmp/ccWZZQZf.s:107934  .debug_str:000000000004e03c .LASF6937
     /tmp/ccWZZQZf.s:96208  .debug_str:000000000001dec7 .LASF6938
     /tmp/ccWZZQZf.s:97652  .debug_str:00000000000240fd .LASF6939
     /tmp/ccWZZQZf.s:107318  .debug_str:000000000004b528 .LASF6940
     /tmp/ccWZZQZf.s:102610  .debug_str:0000000000037e5d .LASF6941
     /tmp/ccWZZQZf.s:97654  .debug_str:0000000000024104 .LASF6942
     /tmp/ccWZZQZf.s:98424  .debug_str:0000000000026e6d .LASF6943
     /tmp/ccWZZQZf.s:106270  .debug_str:0000000000046d61 .LASF6944
     /tmp/ccWZZQZf.s:97656  .debug_str:000000000002410b .LASF6945
     /tmp/ccWZZQZf.s:92246  .debug_str:000000000000de50 .LASF6946
     /tmp/ccWZZQZf.s:103696  .debug_str:000000000003c32e .LASF6947
     /tmp/ccWZZQZf.s:97658  .debug_str:0000000000024112 .LASF6948
     /tmp/ccWZZQZf.s:105424  .debug_str:000000000004379b .LASF6949
     /tmp/ccWZZQZf.s:90818  .debug_str:0000000000007e19 .LASF6950
     /tmp/ccWZZQZf.s:97710  .debug_str:00000000000244b9 .LASF6951
     /tmp/ccWZZQZf.s:98446  .debug_str:0000000000026fcd .LASF6952
     /tmp/ccWZZQZf.s:90820  .debug_str:0000000000007e28 .LASF6953
     /tmp/ccWZZQZf.s:97712  .debug_str:00000000000244c0 .LASF6954
     /tmp/ccWZZQZf.s:92274  .debug_str:000000000000e035 .LASF6955
     /tmp/ccWZZQZf.s:91066  .debug_str:0000000000008efa .LASF6956
     /tmp/ccWZZQZf.s:97714  .debug_str:00000000000244c7 .LASF6957
     /tmp/ccWZZQZf.s:105448  .debug_str:0000000000043901 .LASF6958
     /tmp/ccWZZQZf.s:105508  .debug_str:0000000000043cef .LASF6959
     /tmp/ccWZZQZf.s:97716  .debug_str:00000000000244ce .LASF6960
     /tmp/ccWZZQZf.s:99446  .debug_str:000000000002b0ba .LASF6961
     /tmp/ccWZZQZf.s:105512  .debug_str:0000000000043d08 .LASF6962
     /tmp/ccWZZQZf.s:97718  .debug_str:00000000000244d5 .LASF6963
     /tmp/ccWZZQZf.s:93314  .debug_str:0000000000011e6f .LASF6964
     /tmp/ccWZZQZf.s:95046  .debug_str:0000000000018d0c .LASF6965
     /tmp/ccWZZQZf.s:97720  .debug_str:00000000000244dc .LASF6966
     /tmp/ccWZZQZf.s:106408  .debug_str:0000000000047621 .LASF6967
     /tmp/ccWZZQZf.s:91310  .debug_str:0000000000009f95 .LASF6968
     /tmp/ccWZZQZf.s:97722  .debug_str:00000000000244e3 .LASF6969
     /tmp/ccWZZQZf.s:100400  .debug_str:000000000002ee1d .LASF6970
     /tmp/ccWZZQZf.s:91314  .debug_str:0000000000009fa9 .LASF6971
     /tmp/ccWZZQZf.s:97724  .debug_str:00000000000244ea .LASF6972
     /tmp/ccWZZQZf.s:94276  .debug_str:0000000000015a5d .LASF6973
     /tmp/ccWZZQZf.s:104024  .debug_str:000000000003d9c5 .LASF6974
     /tmp/ccWZZQZf.s:97726  .debug_str:00000000000244f1 .LASF6975
     /tmp/ccWZZQZf.s:107340  .debug_str:000000000004b689 .LASF6976
     /tmp/ccWZZQZf.s:102216  .debug_str:0000000000036702 .LASF6977
     /tmp/ccWZZQZf.s:97728  .debug_str:00000000000244f8 .LASF6978
     /tmp/ccWZZQZf.s:101348  .debug_str:0000000000032d48 .LASF6979
     /tmp/ccWZZQZf.s:97706  .debug_str:000000000002449e .LASF6980
     /tmp/ccWZZQZf.s:97802  .debug_str:0000000000024992 .LASF6981
     /tmp/ccWZZQZf.s:91352  .debug_str:000000000000a20a .LASF6982
     /tmp/ccWZZQZf.s:106014  .debug_str:0000000000045c38 .LASF6983
     /tmp/ccWZZQZf.s:97804  .debug_str:0000000000024999 .LASF6984
     /tmp/ccWZZQZf.s:97636  .debug_str:00000000000240a5 .LASF6985
     /tmp/ccWZZQZf.s:106016  .debug_str:0000000000045c43 .LASF6986
     /tmp/ccWZZQZf.s:104424  .debug_str:000000000003f309 .LASF6987
     /tmp/ccWZZQZf.s:101374  .debug_str:0000000000032efb .LASF6988
     /tmp/ccWZZQZf.s:106334  .debug_str:0000000000047154 .LASF6989
     /tmp/ccWZZQZf.s:97808  .debug_str:00000000000249d5 .LASF6990
     /tmp/ccWZZQZf.s:95254  .debug_str:0000000000019b91 .LASF6991
     /tmp/ccWZZQZf.s:90282  .debug_str:0000000000005abb .LASF6992
     /tmp/ccWZZQZf.s:97810  .debug_str:00000000000249dc .LASF6993
     /tmp/ccWZZQZf.s:89206  .debug_str:0000000000000f6d .LASF6994
     /tmp/ccWZZQZf.s:100128  .debug_str:000000000002dbff .LASF6995
     /tmp/ccWZZQZf.s:97812  .debug_str:00000000000249e3 .LASF6996
     /tmp/ccWZZQZf.s:102312  .debug_str:0000000000036cbe .LASF6997
     /tmp/ccWZZQZf.s:90880  .debug_str:0000000000008280 .LASF6998
     /tmp/ccWZZQZf.s:97814  .debug_str:00000000000249ea .LASF6999
     /tmp/ccWZZQZf.s:96188  .debug_str:000000000001ddb0 .LASF7000
     /tmp/ccWZZQZf.s:101260  .debug_str:0000000000032814 .LASF7001
     /tmp/ccWZZQZf.s:97816  .debug_str:00000000000249f1 .LASF7002
     /tmp/ccWZZQZf.s:90112  .debug_str:0000000000004ed7 .LASF7003
     /tmp/ccWZZQZf.s:105694  .debug_str:000000000004482f .LASF7004
     /tmp/ccWZZQZf.s:97818  .debug_str:00000000000249f8 .LASF7005
     /tmp/ccWZZQZf.s:103314  .debug_str:000000000003a8b2 .LASF7006
     /tmp/ccWZZQZf.s:100054  .debug_str:000000000002d7a3 .LASF7007
     /tmp/ccWZZQZf.s:97820  .debug_str:00000000000249ff .LASF7008
     /tmp/ccWZZQZf.s:97194  .debug_str:0000000000022246 .LASF7009
     /tmp/ccWZZQZf.s:94446  .debug_str:00000000000165ee .LASF7010
     /tmp/ccWZZQZf.s:97898  .debug_str:0000000000024dfe .LASF7011
     /tmp/ccWZZQZf.s:102986  .debug_str:00000000000392a3 .LASF7012
     /tmp/ccWZZQZf.s:94454  .debug_str:0000000000016659 .LASF7013
     /tmp/ccWZZQZf.s:97900  .debug_str:0000000000024e05 .LASF7014
     /tmp/ccWZZQZf.s:103336  .debug_str:000000000003aa25 .LASF7015
     /tmp/ccWZZQZf.s:90954  .debug_str:0000000000008737 .LASF7016
     /tmp/ccWZZQZf.s:97902  .debug_str:0000000000024e0c .LASF7017
     /tmp/ccWZZQZf.s:97208  .debug_str:0000000000022370 .LASF7018
     /tmp/ccWZZQZf.s:102254  .debug_str:00000000000369f2 .LASF7019
     /tmp/ccWZZQZf.s:97904  .debug_str:0000000000024e13 .LASF7020
     /tmp/ccWZZQZf.s:91052  .debug_str:0000000000008e57 .LASF7021
     /tmp/ccWZZQZf.s:106918  .debug_str:0000000000049985 .LASF7022
     /tmp/ccWZZQZf.s:97906  .debug_str:0000000000024e1a .LASF7023
     /tmp/ccWZZQZf.s:94386  .debug_str:000000000001616e .LASF7024
     /tmp/ccWZZQZf.s:99652  .debug_str:000000000002be79 .LASF7025
     /tmp/ccWZZQZf.s:97908  .debug_str:0000000000024e21 .LASF7026
     /tmp/ccWZZQZf.s:98164  .debug_str:0000000000025cab .LASF7027
     /tmp/ccWZZQZf.s:99654  .debug_str:000000000002be85 .LASF7028
     /tmp/ccWZZQZf.s:97910  .debug_str:0000000000024e28 .LASF7029
     /tmp/ccWZZQZf.s:92006  .debug_str:000000000000cf79 .LASF7030
     /tmp/ccWZZQZf.s:99656  .debug_str:000000000002be91 .LASF7031
     /tmp/ccWZZQZf.s:97912  .debug_str:0000000000024e2f .LASF7032
     /tmp/ccWZZQZf.s:105186  .debug_str:00000000000427d9 .LASF7033
     /tmp/ccWZZQZf.s:94496  .debug_str:0000000000016908 .LASF7034
     /tmp/ccWZZQZf.s:97914  .debug_str:0000000000024e36 .LASF7035
     /tmp/ccWZZQZf.s:99176  .debug_str:0000000000029f63 .LASF7036
     /tmp/ccWZZQZf.s:90632  .debug_str:0000000000007281 .LASF7037
     /tmp/ccWZZQZf.s:97916  .debug_str:0000000000024e3d .LASF7038
     /tmp/ccWZZQZf.s:93000  .debug_str:00000000000109a4 .LASF7039
     /tmp/ccWZZQZf.s:94500  .debug_str:0000000000016923 .LASF7040
     /tmp/ccWZZQZf.s:97990  .debug_str:00000000000252ab .LASF7041
     /tmp/ccWZZQZf.s:105212  .debug_str:0000000000042985 .LASF7042
     /tmp/ccWZZQZf.s:98344  .debug_str:000000000002688a .LASF7043
     /tmp/ccWZZQZf.s:97992  .debug_str:00000000000252b2 .LASF7044
     /tmp/ccWZZQZf.s:99196  .debug_str:000000000002a06a .LASF7045
     /tmp/ccWZZQZf.s:101592  .debug_str:0000000000033d5f .LASF7046
     /tmp/ccWZZQZf.s:97994  .debug_str:00000000000252b9 .LASF7047
     /tmp/ccWZZQZf.s:93032  .debug_str:0000000000010b10 .LASF7048
     /tmp/ccWZZQZf.s:92166  .debug_str:000000000000d933 .LASF7049
     /tmp/ccWZZQZf.s:97996  .debug_str:00000000000252c0 .LASF7050
     /tmp/ccWZZQZf.s:106158  .debug_str:0000000000046604 .LASF7051
     /tmp/ccWZZQZf.s:98736  .debug_str:000000000002836b .LASF7052
     /tmp/ccWZZQZf.s:97998  .debug_str:00000000000252c7 .LASF7053
     /tmp/ccWZZQZf.s:91454  .debug_str:000000000000a928 .LASF7054
     /tmp/ccWZZQZf.s:92170  .debug_str:000000000000d962 .LASF7055
     /tmp/ccWZZQZf.s:98000  .debug_str:00000000000252ce .LASF7056
     /tmp/ccWZZQZf.s:101576  .debug_str:0000000000033c9b .LASF7057
     /tmp/ccWZZQZf.s:107852  .debug_str:000000000004dade .LASF7058
     /tmp/ccWZZQZf.s:98002  .debug_str:00000000000252d5 .LASF7059
     /tmp/ccWZZQZf.s:107094  .debug_str:000000000004a570 .LASF7060
     /tmp/ccWZZQZf.s:107854  .debug_str:000000000004dae8 .LASF7061
     /tmp/ccWZZQZf.s:98004  .debug_str:00000000000252dc .LASF7062
     /tmp/ccWZZQZf.s:91044  .debug_str:0000000000008dbd .LASF7063
     /tmp/ccWZZQZf.s:103086  .debug_str:000000000003998c .LASF7064
     /tmp/ccWZZQZf.s:98006  .debug_str:00000000000252e3 .LASF7065
     /tmp/ccWZZQZf.s:94982  .debug_str:00000000000188d2 .LASF7066
     /tmp/ccWZZQZf.s:107858  .debug_str:000000000004db22 .LASF7067
     /tmp/ccWZZQZf.s:98008  .debug_str:00000000000252ea .LASF7068
     /tmp/ccWZZQZf.s:108062  .debug_str:000000000004e92a .LASF7069
     /tmp/ccWZZQZf.s:93432  .debug_str:0000000000012555 .LASF7070
     /tmp/ccWZZQZf.s:98082  .debug_str:000000000002578d .LASF7071
     /tmp/ccWZZQZf.s:102014  .debug_str:0000000000035a39 .LASF7072
     /tmp/ccWZZQZf.s:101362  .debug_str:0000000000032e74 .LASF7073
     /tmp/ccWZZQZf.s:92416  .debug_str:000000000000e835 .LASF7074
     /tmp/ccWZZQZf.s:100458  .debug_str:000000000002f230 .LASF7075
     /tmp/ccWZZQZf.s:101364  .debug_str:0000000000032e80 .LASF7076
     /tmp/ccWZZQZf.s:92420  .debug_str:000000000000e851 .LASF7077
     /tmp/ccWZZQZf.s:94340  .debug_str:0000000000015e83 .LASF7078
     /tmp/ccWZZQZf.s:101366  .debug_str:0000000000032e8c .LASF7079
     /tmp/ccWZZQZf.s:93790  .debug_str:0000000000013cc7 .LASF7080
     /tmp/ccWZZQZf.s:107418  .debug_str:000000000004bafb .LASF7081
     /tmp/ccWZZQZf.s:104306  .debug_str:000000000003eb86 .LASF7082
     /tmp/ccWZZQZf.s:94514  .debug_str:00000000000169e2 .LASF7083
     /tmp/ccWZZQZf.s:97392  .debug_str:0000000000023002 .LASF7084
     /tmp/ccWZZQZf.s:103486  .debug_str:000000000003b566 .LASF7085
     /tmp/ccWZZQZf.s:102944  .debug_str:0000000000038f79 .LASF7086
     /tmp/ccWZZQZf.s:100592  .debug_str:000000000002fbdc .LASF7087
     /tmp/ccWZZQZf.s:92400  .debug_str:000000000000e751 .LASF7088
     /tmp/ccWZZQZf.s:105210  .debug_str:000000000004295f .LASF7089
     /tmp/ccWZZQZf.s:104436  .debug_str:000000000003f38a .LASF7090
     /tmp/ccWZZQZf.s:92358  .debug_str:000000000000e507 .LASF7091
     /tmp/ccWZZQZf.s:96284  .debug_str:000000000001e420 .LASF7092
     /tmp/ccWZZQZf.s:104324  .debug_str:000000000003ecac .LASF7093
     /tmp/ccWZZQZf.s:90734  .debug_str:00000000000078d6 .LASF7094
     /tmp/ccWZZQZf.s:93380  .debug_str:000000000001226b .LASF7095
     /tmp/ccWZZQZf.s:104432  .debug_str:000000000003f36c .LASF7096
     /tmp/ccWZZQZf.s:101704  .debug_str:00000000000344bb .LASF7097
     /tmp/ccWZZQZf.s:103276  .debug_str:000000000003a698 .LASF7098
     /tmp/ccWZZQZf.s:105446  .debug_str:00000000000438f3 .LASF7099
     /tmp/ccWZZQZf.s:98268  .debug_str:000000000002644b .LASF7100
     /tmp/ccWZZQZf.s:95834  .debug_str:000000000001c4a9 .LASF7101
     /tmp/ccWZZQZf.s:99246  .debug_str:000000000002a438 .LASF7102
     /tmp/ccWZZQZf.s:101040  .debug_str:0000000000031901 .LASF7103
     /tmp/ccWZZQZf.s:103178  .debug_str:0000000000039fa0 .LASF7104
     /tmp/ccWZZQZf.s:92344  .debug_str:000000000000e3f9 .LASF7105
     /tmp/ccWZZQZf.s:106280  .debug_str:0000000000046dfd .LASF7106
     /tmp/ccWZZQZf.s:105602  .debug_str:0000000000044297 .LASF7107
     /tmp/ccWZZQZf.s:96660  .debug_str:000000000001ff4d .LASF7108
     /tmp/ccWZZQZf.s:95186  .debug_str:00000000000196d5 .LASF7109
     /tmp/ccWZZQZf.s:90028  .debug_str:0000000000004926 .LASF7110
     /tmp/ccWZZQZf.s:91900  .debug_str:000000000000c839 .LASF7111
     /tmp/ccWZZQZf.s:96844  .debug_str:0000000000020bd7 .LASF7112
     /tmp/ccWZZQZf.s:105112  .debug_str:00000000000422a9 .LASF7113
     /tmp/ccWZZQZf.s:89860  .debug_str:0000000000003d20 .LASF7114
     /tmp/ccWZZQZf.s:104616  .debug_str:00000000000400a5 .LASF7115
     /tmp/ccWZZQZf.s:95430  .debug_str:000000000001a8b7 .LASF7116
     /tmp/ccWZZQZf.s:104188  .debug_str:000000000003e3e4 .LASF7117
     /tmp/ccWZZQZf.s:89522  .debug_str:0000000000002592 .LASF7118
     /tmp/ccWZZQZf.s:103808  .debug_str:000000000003cad5 .LASF7119
     /tmp/ccWZZQZf.s:93054  .debug_str:0000000000010ccb .LASF7120
     /tmp/ccWZZQZf.s:101594  .debug_str:0000000000033d67 .LASF7121
     /tmp/ccWZZQZf.s:106310  .debug_str:0000000000047011 .LASF7122
     /tmp/ccWZZQZf.s:102708  .debug_str:0000000000038299 .LASF7123
     /tmp/ccWZZQZf.s:90134  .debug_str:0000000000005035 .LASF7124
     /tmp/ccWZZQZf.s:98476  .debug_str:0000000000027241 .LASF7125
     /tmp/ccWZZQZf.s:89012  .debug_str:000000000000024f .LASF7126
     /tmp/ccWZZQZf.s:99248  .debug_str:000000000002a460 .LASF7127
     /tmp/ccWZZQZf.s:98972  .debug_str:00000000000292a7 .LASF7128
     /tmp/ccWZZQZf.s:106762  .debug_str:0000000000048e6b .LASF7129
     /tmp/ccWZZQZf.s:98540  .debug_str:0000000000027666 .LASF7130
     /tmp/ccWZZQZf.s:90308  .debug_str:0000000000005c75 .LASF7131
     /tmp/ccWZZQZf.s:104842  .debug_str:0000000000041058 .LASF7132
     /tmp/ccWZZQZf.s:104804  .debug_str:0000000000040d84 .LASF7133
     /tmp/ccWZZQZf.s:91622  .debug_str:000000000000b538 .LASF7134
     /tmp/ccWZZQZf.s:106570  .debug_str:0000000000048258 .LASF7135
     /tmp/ccWZZQZf.s:107230  .debug_str:000000000004aea1 .LASF7136
     /tmp/ccWZZQZf.s:104738  .debug_str:0000000000040928 .LASF7137
     /tmp/ccWZZQZf.s:90234  .debug_str:00000000000057d2 .LASF7138
     /tmp/ccWZZQZf.s:94114  .debug_str:0000000000015008 .LASF7139
     /tmp/ccWZZQZf.s:94534  .debug_str:0000000000016b8b .LASF7140
     /tmp/ccWZZQZf.s:100688  .debug_str:000000000003020b .LASF7141
     /tmp/ccWZZQZf.s:101616  .debug_str:0000000000033e8a .LASF7142
     /tmp/ccWZZQZf.s:99478  .debug_str:000000000002b2ea .LASF7143
     /tmp/ccWZZQZf.s:99432  .debug_str:000000000002af9d .LASF7144
     /tmp/ccWZZQZf.s:97198  .debug_str:0000000000022280 .LASF7145
     /tmp/ccWZZQZf.s:105654  .debug_str:000000000004459e .LASF7146
     /tmp/ccWZZQZf.s:102808  .debug_str:00000000000387ff .LASF7147
     /tmp/ccWZZQZf.s:97180  .debug_str:0000000000022142 .LASF7148
     /tmp/ccWZZQZf.s:94926  .debug_str:000000000001852a .LASF7149
     /tmp/ccWZZQZf.s:103448  .debug_str:000000000003b2c2 .LASF7150
     /tmp/ccWZZQZf.s:92458  .debug_str:000000000000e945 .LASF7151
     /tmp/ccWZZQZf.s:101028  .debug_str:000000000003186a .LASF7152
     /tmp/ccWZZQZf.s:102810  .debug_str:0000000000038806 .LASF7153
     /tmp/ccWZZQZf.s:91022  .debug_str:0000000000008c21 .LASF7154
     /tmp/ccWZZQZf.s:103612  .debug_str:000000000003bdef .LASF7155
     /tmp/ccWZZQZf.s:100932  .debug_str:000000000003111e .LASF7156
     /tmp/ccWZZQZf.s:102036  .debug_str:0000000000035bae .LASF7157
     /tmp/ccWZZQZf.s:100028  .debug_str:000000000002d5dd .LASF7158
     /tmp/ccWZZQZf.s:105790  .debug_str:0000000000044e7c .LASF7159
     /tmp/ccWZZQZf.s:100530  .debug_str:000000000002f6f6 .LASF7160
     /tmp/ccWZZQZf.s:89800  .debug_str:0000000000003932 .LASF7161
     /tmp/ccWZZQZf.s:105792  .debug_str:0000000000044e8a .LASF7162
     /tmp/ccWZZQZf.s:94412  .debug_str:0000000000016322 .LASF7163
     /tmp/ccWZZQZf.s:98372  .debug_str:0000000000026a6a .LASF7164
     /tmp/ccWZZQZf.s:105794  .debug_str:0000000000044e98 .LASF7165
     /tmp/ccWZZQZf.s:107494  .debug_str:000000000004c156 .LASF7166
     /tmp/ccWZZQZf.s:97434  .debug_str:0000000000023301 .LASF7167
     /tmp/ccWZZQZf.s:103394  .debug_str:000000000003aea7 .LASF7168
     /tmp/ccWZZQZf.s:101490  .debug_str:0000000000033647 .LASF7169
     /tmp/ccWZZQZf.s:91204  .debug_str:00000000000098f1 .LASF7170
     /tmp/ccWZZQZf.s:105798  .debug_str:0000000000044ee8 .LASF7171
     /tmp/ccWZZQZf.s:95372  .debug_str:000000000001a488 .LASF7172
     /tmp/ccWZZQZf.s:102340  .debug_str:0000000000036f00 .LASF7173
     /tmp/ccWZZQZf.s:105800  .debug_str:0000000000044ef6 .LASF7174
     /tmp/ccWZZQZf.s:103112  .debug_str:0000000000039b7a .LASF7175
     /tmp/ccWZZQZf.s:104944  .debug_str:00000000000416db .LASF7176
     /tmp/ccWZZQZf.s:100214  .debug_str:000000000002e130 .LASF7177
     /tmp/ccWZZQZf.s:100216  .debug_str:000000000002e142 .LASF7178
     /tmp/ccWZZQZf.s:100220  .debug_str:000000000002e180 .LASF7179
     /tmp/ccWZZQZf.s:103322  .debug_str:000000000003a92f .LASF7180
     /tmp/ccWZZQZf.s:106064  .debug_str:0000000000045f51 .LASF7181
     /tmp/ccWZZQZf.s:104952  .debug_str:000000000004174c .LASF7182
     /tmp/ccWZZQZf.s:104954  .debug_str:000000000004175e .LASF7183
     /tmp/ccWZZQZf.s:104956  .debug_str:0000000000041770 .LASF7184
     /tmp/ccWZZQZf.s:104958  .debug_str:0000000000041782 .LASF7185
     /tmp/ccWZZQZf.s:103324  .debug_str:000000000003a93e .LASF7186
     /tmp/ccWZZQZf.s:100064  .debug_str:000000000002d829 .LASF7187
     /tmp/ccWZZQZf.s:102280  .debug_str:0000000000036a79 .LASF7188
     /tmp/ccWZZQZf.s:106216  .debug_str:0000000000046a20 .LASF7189
     /tmp/ccWZZQZf.s:98178  .debug_str:0000000000025dea .LASF7190
     /tmp/ccWZZQZf.s:102028  .debug_str:0000000000035b30 .LASF7191
     /tmp/ccWZZQZf.s:103362  .debug_str:000000000003ac27 .LASF7192
     /tmp/ccWZZQZf.s:105756  .debug_str:0000000000044c47 .LASF7193
     /tmp/ccWZZQZf.s:104288  .debug_str:000000000003ea7e .LASF7194
     /tmp/ccWZZQZf.s:101312  .debug_str:0000000000032ad1 .LASF7195
     /tmp/ccWZZQZf.s:94334  .debug_str:0000000000015e0a .LASF7196
     /tmp/ccWZZQZf.s:105764  .debug_str:0000000000044cbf .LASF7197
     /tmp/ccWZZQZf.s:89288  .debug_str:00000000000014d0 .LASF7198
     /tmp/ccWZZQZf.s:106780  .debug_str:0000000000048fa8 .LASF7199
     /tmp/ccWZZQZf.s:103864  .debug_str:000000000003cf01 .LASF7200
     /tmp/ccWZZQZf.s:89034  .debug_str:00000000000003fc .LASF7201
     /tmp/ccWZZQZf.s:98790  .debug_str:00000000000287a5 .LASF7202
     /tmp/ccWZZQZf.s:90600  .debug_str:0000000000007076 .LASF7203
     /tmp/ccWZZQZf.s:90434  .debug_str:000000000000646d .LASF7204
     /tmp/ccWZZQZf.s:99694  .debug_str:000000000002c103 .LASF7205
     /tmp/ccWZZQZf.s:99696  .debug_str:000000000002c11b .LASF7206
     /tmp/ccWZZQZf.s:99698  .debug_str:000000000002c133 .LASF7207
     /tmp/ccWZZQZf.s:99700  .debug_str:000000000002c14b .LASF7208
     /tmp/ccWZZQZf.s:105300  .debug_str:0000000000042f2a .LASF7209
     /tmp/ccWZZQZf.s:107782  .debug_str:000000000004d615 .LASF7210
     /tmp/ccWZZQZf.s:99702  .debug_str:000000000002c163 .LASF7211
     /tmp/ccWZZQZf.s:92696  .debug_str:000000000000f7af .LASF7212
     /tmp/ccWZZQZf.s:92698  .debug_str:000000000000f7cd .LASF7213
     /tmp/ccWZZQZf.s:92700  .debug_str:000000000000f7eb .LASF7214
     /tmp/ccWZZQZf.s:92702  .debug_str:000000000000f809 .LASF7215
     /tmp/ccWZZQZf.s:92704  .debug_str:000000000000f827 .LASF7216
     /tmp/ccWZZQZf.s:96500  .debug_str:000000000001f31f .LASF7217
     /tmp/ccWZZQZf.s:92388  .debug_str:000000000000e6b1 .LASF7218
     /tmp/ccWZZQZf.s:96504  .debug_str:000000000001f34c .LASF7219
     /tmp/ccWZZQZf.s:96506  .debug_str:000000000001f369 .LASF7220
     /tmp/ccWZZQZf.s:96508  .debug_str:000000000001f386 .LASF7221
     /tmp/ccWZZQZf.s:107956  .debug_str:000000000004e20f .LASF7222
     /tmp/ccWZZQZf.s:107958  .debug_str:000000000004e229 .LASF7223
     /tmp/ccWZZQZf.s:107960  .debug_str:000000000004e243 .LASF7224
     /tmp/ccWZZQZf.s:107962  .debug_str:000000000004e25d .LASF7225
     /tmp/ccWZZQZf.s:107964  .debug_str:000000000004e277 .LASF7226
     /tmp/ccWZZQZf.s:102458  .debug_str:000000000003758d .LASF7227
     /tmp/ccWZZQZf.s:104682  .debug_str:00000000000405c5 .LASF7228
     /tmp/ccWZZQZf.s:105302  .debug_str:0000000000042f42 .LASF7229
     /tmp/ccWZZQZf.s:104328  .debug_str:000000000003ecd7 .LASF7230
     /tmp/ccWZZQZf.s:101804  .debug_str:0000000000034c20 .LASF7231
     /tmp/ccWZZQZf.s:90680  .debug_str:00000000000075a7 .LASF7232
     /tmp/ccWZZQZf.s:90682  .debug_str:00000000000075c4 .LASF7233
     /tmp/ccWZZQZf.s:101816  .debug_str:0000000000034cd8 .LASF7234
     /tmp/ccWZZQZf.s:89582  .debug_str:0000000000002a1b .LASF7235
     /tmp/ccWZZQZf.s:99574  .debug_str:000000000002b932 .LASF7236
     /tmp/ccWZZQZf.s:90686  .debug_str:0000000000007621 .LASF7237
     /tmp/ccWZZQZf.s:99910  .debug_str:000000000002ce6a .LASF7238
     /tmp/ccWZZQZf.s:99912  .debug_str:000000000002ce8d .LASF7239
     /tmp/ccWZZQZf.s:99914  .debug_str:000000000002ceb0 .LASF7240
     /tmp/ccWZZQZf.s:99916  .debug_str:000000000002ced3 .LASF7241
     /tmp/ccWZZQZf.s:99918  .debug_str:000000000002cef6 .LASF7242
     /tmp/ccWZZQZf.s:96778  .debug_str:000000000002071c .LASF7243
     /tmp/ccWZZQZf.s:96780  .debug_str:000000000002073e .LASF7244
     /tmp/ccWZZQZf.s:97860  .debug_str:0000000000024bf1 .LASF7245
     /tmp/ccWZZQZf.s:96784  .debug_str:0000000000020771 .LASF7246
     /tmp/ccWZZQZf.s:96786  .debug_str:0000000000020793 .LASF7247
     /tmp/ccWZZQZf.s:99500  .debug_str:000000000002b485 .LASF7248
     /tmp/ccWZZQZf.s:99502  .debug_str:000000000002b4a4 .LASF7249
     /tmp/ccWZZQZf.s:99504  .debug_str:000000000002b4c3 .LASF7250
     /tmp/ccWZZQZf.s:102686  .debug_str:000000000003823e .LASF7251
     /tmp/ccWZZQZf.s:99508  .debug_str:000000000002b4f0 .LASF7252
     /tmp/ccWZZQZf.s:99622  .debug_str:000000000002bc44 .LASF7253
     /tmp/ccWZZQZf.s:104834  .debug_str:0000000000040fa8 .LASF7254
     /tmp/ccWZZQZf.s:89584  .debug_str:0000000000002a38 .LASF7255
     /tmp/ccWZZQZf.s:96760  .debug_str:000000000002062d .LASF7256
     /tmp/ccWZZQZf.s:101396  .debug_str:000000000003309a .LASF7257
     /tmp/ccWZZQZf.s:101398  .debug_str:00000000000330b2 .LASF7258
     /tmp/ccWZZQZf.s:101400  .debug_str:00000000000330ca .LASF7259
     /tmp/ccWZZQZf.s:101402  .debug_str:00000000000330e2 .LASF7260
     /tmp/ccWZZQZf.s:95948  .debug_str:000000000001cc4f .LASF7261
     /tmp/ccWZZQZf.s:95478  .debug_str:000000000001ab9f .LASF7262
     /tmp/ccWZZQZf.s:101404  .debug_str:00000000000330fa .LASF7263
     /tmp/ccWZZQZf.s:94442  .debug_str:00000000000165b2 .LASF7264
     /tmp/ccWZZQZf.s:94444  .debug_str:00000000000165d0 .LASF7265
     /tmp/ccWZZQZf.s:104924  .debug_str:00000000000415f7 .LASF7266
     /tmp/ccWZZQZf.s:94448  .debug_str:00000000000165f9 .LASF7267
     /tmp/ccWZZQZf.s:94450  .debug_str:0000000000016617 .LASF7268
     /tmp/ccWZZQZf.s:98208  .debug_str:0000000000026027 .LASF7269
     /tmp/ccWZZQZf.s:98210  .debug_str:0000000000026044 .LASF7270
     /tmp/ccWZZQZf.s:98212  .debug_str:0000000000026061 .LASF7271
     /tmp/ccWZZQZf.s:98214  .debug_str:000000000002607e .LASF7272
     /tmp/ccWZZQZf.s:98216  .debug_str:000000000002609b .LASF7273
     /tmp/ccWZZQZf.s:90486  .debug_str:0000000000006834 .LASF7274
     /tmp/ccWZZQZf.s:90488  .debug_str:000000000000684e .LASF7275
     /tmp/ccWZZQZf.s:90490  .debug_str:0000000000006868 .LASF7276
     /tmp/ccWZZQZf.s:90492  .debug_str:0000000000006882 .LASF7277
     /tmp/ccWZZQZf.s:90494  .debug_str:000000000000689c .LASF7278
     /tmp/ccWZZQZf.s:93856  .debug_str:000000000001409c .LASF7279
     /tmp/ccWZZQZf.s:101622  .debug_str:0000000000033ef8 .LASF7280
     /tmp/ccWZZQZf.s:95952  .debug_str:000000000001cc83 .LASF7281
     /tmp/ccWZZQZf.s:89420  .debug_str:0000000000001e3c .LASF7282
     /tmp/ccWZZQZf.s:93140  .debug_str:00000000000111de .LASF7283
     /tmp/ccWZZQZf.s:93142  .debug_str:00000000000111f5 .LASF7284
     /tmp/ccWZZQZf.s:93144  .debug_str:000000000001120c .LASF7285
     /tmp/ccWZZQZf.s:107550  .debug_str:000000000004c668 .LASF7286
     /tmp/ccWZZQZf.s:93940  .debug_str:000000000001455e .LASF7287
     /tmp/ccWZZQZf.s:97748  .debug_str:0000000000024613 .LASF7288
     /tmp/ccWZZQZf.s:93148  .debug_str:0000000000011234 .LASF7289
     /tmp/ccWZZQZf.s:104274  .debug_str:000000000003e9ae .LASF7290
     /tmp/ccWZZQZf.s:104276  .debug_str:000000000003e9cb .LASF7291
     /tmp/ccWZZQZf.s:104278  .debug_str:000000000003e9e8 .LASF7292
     /tmp/ccWZZQZf.s:104280  .debug_str:000000000003ea05 .LASF7293
     /tmp/ccWZZQZf.s:104282  .debug_str:000000000003ea22 .LASF7294
     /tmp/ccWZZQZf.s:93980  .debug_str:0000000000014794 .LASF7295
     /tmp/ccWZZQZf.s:93982  .debug_str:00000000000147b0 .LASF7296
     /tmp/ccWZZQZf.s:89516  .debug_str:0000000000002520 .LASF7297
     /tmp/ccWZZQZf.s:93986  .debug_str:00000000000147fc .LASF7298
     /tmp/ccWZZQZf.s:93988  .debug_str:0000000000014818 .LASF7299
     /tmp/ccWZZQZf.s:99898  .debug_str:000000000002cdb3 .LASF7300
     /tmp/ccWZZQZf.s:99900  .debug_str:000000000002cdcc .LASF7301
     /tmp/ccWZZQZf.s:99902  .debug_str:000000000002cde5 .LASF7302
     /tmp/ccWZZQZf.s:99904  .debug_str:000000000002cdfe .LASF7303
     /tmp/ccWZZQZf.s:99906  .debug_str:000000000002ce17 .LASF7304
     /tmp/ccWZZQZf.s:101180  .debug_str:0000000000032298 .LASF7305
     /tmp/ccWZZQZf.s:103164  .debug_str:0000000000039e9e .LASF7306
     /tmp/ccWZZQZf.s:93942  .debug_str:0000000000014575 .LASF7307
     /tmp/ccWZZQZf.s:95050  .debug_str:0000000000018d4b .LASF7308
     /tmp/ccWZZQZf.s:94016  .debug_str:00000000000149a4 .LASF7309
     /tmp/ccWZZQZf.s:94018  .debug_str:00000000000149c7 .LASF7310
     /tmp/ccWZZQZf.s:94020  .debug_str:00000000000149ea .LASF7311
     /tmp/ccWZZQZf.s:94022  .debug_str:0000000000014a0d .LASF7312
     /tmp/ccWZZQZf.s:94024  .debug_str:0000000000014a30 .LASF7313
     /tmp/ccWZZQZf.s:107826  .debug_str:000000000004d95e .LASF7314
     /tmp/ccWZZQZf.s:104982  .debug_str:00000000000418ce .LASF7315
     /tmp/ccWZZQZf.s:106498  .debug_str:0000000000047ca6 .LASF7316
     /tmp/ccWZZQZf.s:104968  .debug_str:0000000000041803 .LASF7317
     /tmp/ccWZZQZf.s:104970  .debug_str:0000000000041827 .LASF7318
     /tmp/ccWZZQZf.s:105656  .debug_str:00000000000445ab .LASF7319
     /tmp/ccWZZQZf.s:105660  .debug_str:00000000000445f2 .LASF7320
     /tmp/ccWZZQZf.s:104976  .debug_str:000000000004186c .LASF7321
     /tmp/ccWZZQZf.s:100376  .debug_str:000000000002eca5 .LASF7322
     /tmp/ccWZZQZf.s:107732  .debug_str:000000000004d2f0 .LASF7323
     /tmp/ccWZZQZf.s:96668  .debug_str:0000000000020042 .LASF7324
     /tmp/ccWZZQZf.s:92032  .debug_str:000000000000d127 .LASF7325
     /tmp/ccWZZQZf.s:99802  .debug_str:000000000002c735 .LASF7326
     /tmp/ccWZZQZf.s:107168  .debug_str:000000000004aa91 .LASF7327
     /tmp/ccWZZQZf.s:100188  .debug_str:000000000002e00a .LASF7328
     /tmp/ccWZZQZf.s:96678  .debug_str:0000000000020151 .LASF7329
     /tmp/ccWZZQZf.s:90654  .debug_str:00000000000073b9 .LASF7330
     /tmp/ccWZZQZf.s:102566  .debug_str:0000000000037bf5 .LASF7331
     /tmp/ccWZZQZf.s:92616  .debug_str:000000000000f21b .LASF7332
     /tmp/ccWZZQZf.s:91430  .debug_str:000000000000a787 .LASF7333
     /tmp/ccWZZQZf.s:95912  .debug_str:000000000001c976 .LASF7334
     /tmp/ccWZZQZf.s:91276  .debug_str:0000000000009d66 .LASF7335
     /tmp/ccWZZQZf.s:90748  .debug_str:0000000000007a27 .LASF7336
     /tmp/ccWZZQZf.s:98992  .debug_str:0000000000029408 .LASF7337
     /tmp/ccWZZQZf.s:105818  .debug_str:0000000000045039 .LASF7338
     /tmp/ccWZZQZf.s:99560  .debug_str:000000000002b808 .LASF7339
     /tmp/ccWZZQZf.s:96676  .debug_str:000000000002013b .LASF7340
     /tmp/ccWZZQZf.s:94430  .debug_str:00000000000164d4 .LASF7341
     /tmp/ccWZZQZf.s:108028  .debug_str:000000000004e6d2 .LASF7342
     /tmp/ccWZZQZf.s:92250  .debug_str:000000000000de96 .LASF7343
     /tmp/ccWZZQZf.s:107372  .debug_str:000000000004b88d .LASF7344
     /tmp/ccWZZQZf.s:107374  .debug_str:000000000004b8ac .LASF7345
     /tmp/ccWZZQZf.s:107376  .debug_str:000000000004b8cb .LASF7346
     /tmp/ccWZZQZf.s:104412  .debug_str:000000000003f231 .LASF7347
     /tmp/ccWZZQZf.s:95836  .debug_str:000000000001c4b7 .LASF7348
     /tmp/ccWZZQZf.s:94766  .debug_str:0000000000017b33 .LASF7349
     /tmp/ccWZZQZf.s:107380  .debug_str:000000000004b8f8 .LASF7350
     /tmp/ccWZZQZf.s:102652  .debug_str:0000000000038005 .LASF7351
     /tmp/ccWZZQZf.s:102294  .debug_str:0000000000036b9f .LASF7352
     /tmp/ccWZZQZf.s:98334  .debug_str:00000000000267f9 .LASF7353
     /tmp/ccWZZQZf.s:98336  .debug_str:0000000000026816 .LASF7354
     /tmp/ccWZZQZf.s:98338  .debug_str:0000000000026833 .LASF7355
     /tmp/ccWZZQZf.s:98340  .debug_str:0000000000026850 .LASF7356
     /tmp/ccWZZQZf.s:98342  .debug_str:000000000002686d .LASF7357
     /tmp/ccWZZQZf.s:89794  .debug_str:00000000000038bf .LASF7358
     /tmp/ccWZZQZf.s:107286  .debug_str:000000000004b277 .LASF7359
     /tmp/ccWZZQZf.s:101874  .debug_str:00000000000350a5 .LASF7360
     /tmp/ccWZZQZf.s:99826  .debug_str:000000000002c8b4 .LASF7361
     /tmp/ccWZZQZf.s:101596  .debug_str:0000000000033d74 .LASF7362
     /tmp/ccWZZQZf.s:89050  .debug_str:0000000000000552 .LASF7363
     /tmp/ccWZZQZf.s:103218  .debug_str:000000000003a26f .LASF7364
     /tmp/ccWZZQZf.s:101708  .debug_str:00000000000344f5 .LASF7365
     /tmp/ccWZZQZf.s:101710  .debug_str:0000000000034511 .LASF7366
     /tmp/ccWZZQZf.s:101712  .debug_str:000000000003452d .LASF7367
     /tmp/ccWZZQZf.s:101714  .debug_str:0000000000034549 .LASF7368
     /tmp/ccWZZQZf.s:108018  .debug_str:000000000004e62e .LASF7369
     /tmp/ccWZZQZf.s:98902  .debug_str:0000000000028e1a .LASF7370
     /tmp/ccWZZQZf.s:101716  .debug_str:0000000000034565 .LASF7371
     /tmp/ccWZZQZf.s:99476  .debug_str:000000000002b2d3 .LASF7372
     /tmp/ccWZZQZf.s:106392  .debug_str:0000000000047504 .LASF7373
     /tmp/ccWZZQZf.s:90976  .debug_str:00000000000088c3 .LASF7374
     /tmp/ccWZZQZf.s:103382  .debug_str:000000000003ade0 .LASF7375
     /tmp/ccWZZQZf.s:107138  .debug_str:000000000004a89d .LASF7376
     /tmp/ccWZZQZf.s:98908  .debug_str:0000000000028e7a .LASF7377
     /tmp/ccWZZQZf.s:104296  .debug_str:000000000003eaf8 .LASF7378
     /tmp/ccWZZQZf.s:104214  .debug_str:000000000003e554 .LASF7379
     /tmp/ccWZZQZf.s:96624  .debug_str:000000000001fc7a .LASF7380
     /tmp/ccWZZQZf.s:98648  .debug_str:0000000000027d74 .LASF7381
     /tmp/ccWZZQZf.s:94100  .debug_str:0000000000014f58 .LASF7382
     /tmp/ccWZZQZf.s:99082  .debug_str:00000000000299f8 .LASF7383
     /tmp/ccWZZQZf.s:107984  .debug_str:000000000004e3d8 .LASF7384
     /tmp/ccWZZQZf.s:94640  .debug_str:0000000000017361 .LASF7385
     /tmp/ccWZZQZf.s:101226  .debug_str:00000000000325d1 .LASF7386
     /tmp/ccWZZQZf.s:105718  .debug_str:00000000000449c1 .LASF7387
     /tmp/ccWZZQZf.s:90274  .debug_str:0000000000005a58 .LASF7388
     /tmp/ccWZZQZf.s:108084  .debug_str:000000000004ea68 .LASF7389
     /tmp/ccWZZQZf.s:91648  .debug_str:000000000000b72d .LASF7390
     /tmp/ccWZZQZf.s:102484  .debug_str:000000000003776b .LASF7391
     /tmp/ccWZZQZf.s:101064  .debug_str:0000000000031ac5 .LASF7392
     /tmp/ccWZZQZf.s:98194  .debug_str:0000000000025f52 .LASF7393
     /tmp/ccWZZQZf.s:90650  .debug_str:0000000000007370 .LASF7394
     /tmp/ccWZZQZf.s:93696  .debug_str:00000000000136d7 .LASF7395
     /tmp/ccWZZQZf.s:90720  .debug_str:0000000000007826 .LASF7396
     /tmp/ccWZZQZf.s:95026  .debug_str:0000000000018bb1 .LASF7397
     /tmp/ccWZZQZf.s:107266  .debug_str:000000000004b12a .LASF7398
     /tmp/ccWZZQZf.s:103304  .debug_str:000000000003a82c .LASF7399
     /tmp/ccWZZQZf.s:98094  .debug_str:0000000000025848 .LASF7400
     /tmp/ccWZZQZf.s:93512  .debug_str:0000000000012aaa .LASF7401
     /tmp/ccWZZQZf.s:94574  .debug_str:0000000000016e51 .LASF7402
     /tmp/ccWZZQZf.s:97458  .debug_str:0000000000023469 .LASF7403
     /tmp/ccWZZQZf.s:93096  .debug_str:0000000000010fd9 .LASF7404
     /tmp/ccWZZQZf.s:105218  .debug_str:0000000000042a07 .LASF7405
     /tmp/ccWZZQZf.s:100670  .debug_str:00000000000300ba .LASF7406
     /tmp/ccWZZQZf.s:96328  .debug_str:000000000001e6c3 .LASF7407
     /tmp/ccWZZQZf.s:89296  .debug_str:000000000000153a .LASF7408
     /tmp/ccWZZQZf.s:103312  .debug_str:000000000003a8a7 .LASF7409
     /tmp/ccWZZQZf.s:96160  .debug_str:000000000001db80 .LASF7410
     /tmp/ccWZZQZf.s:91802  .debug_str:000000000000c1aa .LASF7411
     /tmp/ccWZZQZf.s:101068  .debug_str:0000000000031b2a .LASF7412
     /tmp/ccWZZQZf.s:102072  .debug_str:0000000000035dfd .LASF7413
     /tmp/ccWZZQZf.s:97190  .debug_str:000000000002221b .LASF7414
     /tmp/ccWZZQZf.s:99742  .debug_str:000000000002c3c1 .LASF7415
     /tmp/ccWZZQZf.s:94222  .debug_str:000000000001579b .LASF7416
     /tmp/ccWZZQZf.s:98700  .debug_str:00000000000280eb .LASF7417
     /tmp/ccWZZQZf.s:91238  .debug_str:0000000000009b15 .LASF7418
     /tmp/ccWZZQZf.s:92680  .debug_str:000000000000f72b .LASF7419
     /tmp/ccWZZQZf.s:96864  .debug_str:0000000000020d17 .LASF7420
     /tmp/ccWZZQZf.s:92676  .debug_str:000000000000f701 .LASF7421
     /tmp/ccWZZQZf.s:96862  .debug_str:0000000000020cfe .LASF7422
     /tmp/ccWZZQZf.s:95330  .debug_str:000000000001a15a .LASF7423
     /tmp/ccWZZQZf.s:96448  .debug_str:000000000001efb7 .LASF7424
     /tmp/ccWZZQZf.s:106682  .debug_str:000000000004891f .LASF7425
     /tmp/ccWZZQZf.s:95114  .debug_str:00000000000191bf .LASF7426
     /tmp/ccWZZQZf.s:93702  .debug_str:0000000000013725 .LASF7427
     /tmp/ccWZZQZf.s:92108  .debug_str:000000000000d629 .LASF7428
     /tmp/ccWZZQZf.s:93490  .debug_str:0000000000012935 .LASF7429
     /tmp/ccWZZQZf.s:95830  .debug_str:000000000001c46a .LASF7430
     /tmp/ccWZZQZf.s:104398  .debug_str:000000000003f13b .LASF7431
     /tmp/ccWZZQZf.s:104404  .debug_str:000000000003f1ad .LASF7432
     /tmp/ccWZZQZf.s:99860  .debug_str:000000000002caf1 .LASF7433
     /tmp/ccWZZQZf.s:92226  .debug_str:000000000000dd1d .LASF7434
     /tmp/ccWZZQZf.s:94378  .debug_str:00000000000160d1 .LASF7435
     /tmp/ccWZZQZf.s:100956  .debug_str:00000000000312ae .LASF7436
     /tmp/ccWZZQZf.s:106802  .debug_str:0000000000049152 .LASF7437
     /tmp/ccWZZQZf.s:96406  .debug_str:000000000001ecd7 .LASF7438
     /tmp/ccWZZQZf.s:97880  .debug_str:0000000000024d27 .LASF7439
     /tmp/ccWZZQZf.s:105846  .debug_str:000000000004516e .LASF7440
     /tmp/ccWZZQZf.s:90354  .debug_str:0000000000005f4a .LASF7441
     /tmp/ccWZZQZf.s:106508  .debug_str:0000000000047d6d .LASF7442
     /tmp/ccWZZQZf.s:93900  .debug_str:0000000000014364 .LASF7443
     /tmp/ccWZZQZf.s:89988  .debug_str:0000000000004633 .LASF7444
     /tmp/ccWZZQZf.s:92088  .debug_str:000000000000d4ee .LASF7445
     /tmp/ccWZZQZf.s:97924  .debug_str:0000000000024ea8 .LASF7446
     /tmp/ccWZZQZf.s:103442  .debug_str:000000000003b244 .LASF7447
     /tmp/ccWZZQZf.s:101186  .debug_str:000000000003230d .LASF7448
     /tmp/ccWZZQZf.s:99664  .debug_str:000000000002bf2b .LASF7449
     /tmp/ccWZZQZf.s:102928  .debug_str:0000000000038e9c .LASF7450
     /tmp/ccWZZQZf.s:90180  .debug_str:0000000000005380 .LASF7451
     /tmp/ccWZZQZf.s:101906  .debug_str:00000000000352a3 .LASF7452
     /tmp/ccWZZQZf.s:104830  .debug_str:0000000000040f75 .LASF7453
     /tmp/ccWZZQZf.s:94472  .debug_str:000000000001676e .LASF7454
     /tmp/ccWZZQZf.s:92732  .debug_str:000000000000fa02 .LASF7455
     /tmp/ccWZZQZf.s:105414  .debug_str:00000000000436df .LASF7456
     /tmp/ccWZZQZf.s:98500  .debug_str:00000000000273a3 .LASF7457
     /tmp/ccWZZQZf.s:102394  .debug_str:00000000000371dc .LASF7458
     /tmp/ccWZZQZf.s:106894  .debug_str:0000000000049744 .LASF7459
     /tmp/ccWZZQZf.s:102732  .debug_str:0000000000038436 .LASF7460
     /tmp/ccWZZQZf.s:101170  .debug_str:0000000000032204 .LASF7461
     /tmp/ccWZZQZf.s:90138  .debug_str:0000000000005063 .LASF7462
     /tmp/ccWZZQZf.s:104754  .debug_str:0000000000040a2c .LASF7463
     /tmp/ccWZZQZf.s:105574  .debug_str:00000000000440d8 .LASF7464
     /tmp/ccWZZQZf.s:107756  .debug_str:000000000004d4bc .LASF7465
     /tmp/ccWZZQZf.s:96408  .debug_str:000000000001ece5 .LASF7466
     /tmp/ccWZZQZf.s:97964  .debug_str:000000000002511b .LASF7467
     /tmp/ccWZZQZf.s:89322  .debug_str:0000000000001767 .LASF7468
     /tmp/ccWZZQZf.s:101434  .debug_str:000000000003330d .LASF7469
     /tmp/ccWZZQZf.s:90186  .debug_str:00000000000053cf .LASF7470
     /tmp/ccWZZQZf.s:89574  .debug_str:00000000000029b4 .LASF7471
     /tmp/ccWZZQZf.s:98132  .debug_str:0000000000025a98 .LASF7472
     /tmp/ccWZZQZf.s:90952  .debug_str:000000000000871e .LASF7473
     /tmp/ccWZZQZf.s:94832  .debug_str:0000000000017fc8 .LASF7474
     /tmp/ccWZZQZf.s:94896  .debug_str:0000000000018380 .LASF7475
     /tmp/ccWZZQZf.s:97634  .debug_str:0000000000024098 .LASF7476
     /tmp/ccWZZQZf.s:98850  .debug_str:0000000000028a5f .LASF7477
     /tmp/ccWZZQZf.s:89752  .debug_str:00000000000035ce .LASF7478
     /tmp/ccWZZQZf.s:95360  .debug_str:000000000001a402 .LASF7479
     /tmp/ccWZZQZf.s:104186  .debug_str:000000000003e3bf .LASF7480
     /tmp/ccWZZQZf.s:93568  .debug_str:0000000000012f1c .LASF7481
     /tmp/ccWZZQZf.s:105526  .debug_str:0000000000043df0 .LASF7482
     /tmp/ccWZZQZf.s:93564  .debug_str:0000000000012ef2 .LASF7483
     /tmp/ccWZZQZf.s:105258  .debug_str:0000000000042c39 .LASF7484
     /tmp/ccWZZQZf.s:100718  .debug_str:00000000000303c1 .LASF7485
     /tmp/ccWZZQZf.s:95856  .debug_str:000000000001c627 .LASF7486
     /tmp/ccWZZQZf.s:101218  .debug_str:0000000000032540 .LASF7487
     /tmp/ccWZZQZf.s:104104  .debug_str:000000000003de2c .LASF7488
     /tmp/ccWZZQZf.s:102676  .debug_str:00000000000381a0 .LASF7489
     /tmp/ccWZZQZf.s:96882  .debug_str:0000000000020ea9 .LASF7490
     /tmp/ccWZZQZf.s:99020  .debug_str:00000000000295e2 .LASF7491
     /tmp/ccWZZQZf.s:106274  .debug_str:0000000000046d88 .LASF7492
     /tmp/ccWZZQZf.s:102486  .debug_str:000000000003777a .LASF7493
     /tmp/ccWZZQZf.s:106284  .debug_str:0000000000046e29 .LASF7494
     /tmp/ccWZZQZf.s:94026  .debug_str:0000000000014a53 .LASF7495
     /tmp/ccWZZQZf.s:89128  .debug_str:0000000000000a7e .LASF7496
     /tmp/ccWZZQZf.s:106060  .debug_str:0000000000045f26 .LASF7497
     /tmp/ccWZZQZf.s:107186  .debug_str:000000000004aba7 .LASF7498
     /tmp/ccWZZQZf.s:104022  .debug_str:000000000003d9b8 .LASF7499
     /tmp/ccWZZQZf.s:104518  .debug_str:000000000003f976 .LASF7500
     /tmp/ccWZZQZf.s:107896  .debug_str:000000000004dd7b .LASF7501
     /tmp/ccWZZQZf.s:99450  .debug_str:000000000002b0f6 .LASF7502
     /tmp/ccWZZQZf.s:106724  .debug_str:0000000000048bfb .LASF7503
     /tmp/ccWZZQZf.s:93658  .debug_str:0000000000013480 .LASF7504
     /tmp/ccWZZQZf.s:90972  .debug_str:0000000000008899 .LASF7505
     /tmp/ccWZZQZf.s:108022  .debug_str:000000000004e64c .LASF7506
     /tmp/ccWZZQZf.s:90032  .debug_str:0000000000004961 .LASF7507
     /tmp/ccWZZQZf.s:102434  .debug_str:000000000003751d .LASF7508
     /tmp/ccWZZQZf.s:94518  .debug_str:0000000000016a37 .LASF7509
     /tmp/ccWZZQZf.s:96730  .debug_str:000000000002047d .LASF7510
     /tmp/ccWZZQZf.s:92184  .debug_str:000000000000da3a .LASF7511
     /tmp/ccWZZQZf.s:91914  .debug_str:000000000000c95f .LASF7512
     /tmp/ccWZZQZf.s:98286  .debug_str:0000000000026567 .LASF7513
     /tmp/ccWZZQZf.s:100158  .debug_str:000000000002de1b .LASF7514
     /tmp/ccWZZQZf.s:97832  .debug_str:0000000000024a77 .LASF7515
     /tmp/ccWZZQZf.s:97054  .debug_str:0000000000021951 .LASF7516
     /tmp/ccWZZQZf.s:99436  .debug_str:000000000002afc7 .LASF7517
     /tmp/ccWZZQZf.s:91534  .debug_str:000000000000aec5 .LASF7518
     /tmp/ccWZZQZf.s:98100  .debug_str:00000000000258a0 .LASF7519
     /tmp/ccWZZQZf.s:98068  .debug_str:00000000000256b5 .LASF7520
     /tmp/ccWZZQZf.s:98074  .debug_str:00000000000256f5 .LASF7521
     /tmp/ccWZZQZf.s:90572  .debug_str:0000000000006e70 .LASF7522
     /tmp/ccWZZQZf.s:99894  .debug_str:000000000002cd89 .LASF7523
     /tmp/ccWZZQZf.s:99878  .debug_str:000000000002cc04 .LASF7524
     /tmp/ccWZZQZf.s:104316  .debug_str:000000000003ec5b .LASF7525
     /tmp/ccWZZQZf.s:90054  .debug_str:0000000000004b23 .LASF7526
     /tmp/ccWZZQZf.s:107034  .debug_str:000000000004a181 .LASF7527
     /tmp/ccWZZQZf.s:100468  .debug_str:000000000002f2be .LASF7528
     /tmp/ccWZZQZf.s:106668  .debug_str:000000000004884b .LASF7529
     /tmp/ccWZZQZf.s:103146  .debug_str:0000000000039dd8 .LASF7530
     /tmp/ccWZZQZf.s:92248  .debug_str:000000000000de71 .LASF7531
     /tmp/ccWZZQZf.s:93850  .debug_str:0000000000014021 .LASF7532
     /tmp/ccWZZQZf.s:90260  .debug_str:000000000000599c .LASF7533
     /tmp/ccWZZQZf.s:105034  .debug_str:0000000000041cb5 .LASF7534
     /tmp/ccWZZQZf.s:99092  .debug_str:0000000000029ad4 .LASF7535
     /tmp/ccWZZQZf.s:99094  .debug_str:0000000000029ae2 .LASF7536
     /tmp/ccWZZQZf.s:99096  .debug_str:0000000000029af0 .LASF7537
     /tmp/ccWZZQZf.s:99098  .debug_str:0000000000029afe .LASF7538
     /tmp/ccWZZQZf.s:99100  .debug_str:0000000000029b0c .LASF7539
     /tmp/ccWZZQZf.s:99102  .debug_str:0000000000029b1a .LASF7540
     /tmp/ccWZZQZf.s:99104  .debug_str:0000000000029b28 .LASF7541
     /tmp/ccWZZQZf.s:99106  .debug_str:0000000000029b36 .LASF7542
     /tmp/ccWZZQZf.s:99108  .debug_str:0000000000029b44 .LASF7543
     /tmp/ccWZZQZf.s:99110  .debug_str:0000000000029b52 .LASF7544
     /tmp/ccWZZQZf.s:106946  .debug_str:0000000000049b54 .LASF7545
     /tmp/ccWZZQZf.s:91554  .debug_str:000000000000b098 .LASF7546
     /tmp/ccWZZQZf.s:101962  .debug_str:00000000000356ab .LASF7547
     /tmp/ccWZZQZf.s:97664  .debug_str:0000000000024148 .LASF7548
     /tmp/ccWZZQZf.s:90106  .debug_str:0000000000004ea7 .LASF7549
     /tmp/ccWZZQZf.s:105190  .debug_str:0000000000042823 .LASF7550
     /tmp/ccWZZQZf.s:97062  .debug_str:00000000000219e6 .LASF7551
     /tmp/ccWZZQZf.s:94354  .debug_str:0000000000015f54 .LASF7552
     /tmp/ccWZZQZf.s:105200  .debug_str:0000000000042892 .LASF7553
     /tmp/ccWZZQZf.s:89996  .debug_str:00000000000046aa .LASF7554
     /tmp/ccWZZQZf.s:89062  .debug_str:0000000000000617 .LASF7555
     /tmp/ccWZZQZf.s:96274  .debug_str:000000000001e349 .LASF7556
     /tmp/ccWZZQZf.s:92888  .debug_str:00000000000102d7 .LASF7557
     /tmp/ccWZZQZf.s:107708  .debug_str:000000000004d146 .LASF7558
     /tmp/ccWZZQZf.s:91680  .debug_str:000000000000b9d5 .LASF7559
     /tmp/ccWZZQZf.s:99148  .debug_str:0000000000029dae .LASF7560
     /tmp/ccWZZQZf.s:102076  .debug_str:0000000000035e2a .LASF7561
     /tmp/ccWZZQZf.s:105650  .debug_str:0000000000044578 .LASF7562
     /tmp/ccWZZQZf.s:106134  .debug_str:0000000000046428 .LASF7563
     /tmp/ccWZZQZf.s:95468  .debug_str:000000000001aaf2 .LASF7564
     /tmp/ccWZZQZf.s:105652  .debug_str:000000000004458b .LASF7565
     /tmp/ccWZZQZf.s:100142  .debug_str:000000000002dd10 .LASF7566
     /tmp/ccWZZQZf.s:94932  .debug_str:0000000000018558 .LASF7567
     /tmp/ccWZZQZf.s:90086  .debug_str:0000000000004cfe .LASF7568
     /tmp/ccWZZQZf.s:105874  .debug_str:000000000004532c .LASF7569
     /tmp/ccWZZQZf.s:94934  .debug_str:000000000001856a .LASF7570
     /tmp/ccWZZQZf.s:102006  .debug_str:00000000000359b7 .LASF7571
     /tmp/ccWZZQZf.s:99862  .debug_str:000000000002cafa .LASF7572
     /tmp/ccWZZQZf.s:94936  .debug_str:000000000001857c .LASF7573
     /tmp/ccWZZQZf.s:90090  .debug_str:0000000000004d3c .LASF7574
     /tmp/ccWZZQZf.s:93734  .debug_str:000000000001395f .LASF7575
     /tmp/ccWZZQZf.s:97270  .debug_str:00000000000227b1 .LASF7576
     /tmp/ccWZZQZf.s:94692  .debug_str:0000000000017703 .LASF7577
     /tmp/ccWZZQZf.s:106778  .debug_str:0000000000048f82 .LASF7578
     /tmp/ccWZZQZf.s:93354  .debug_str:000000000001211d .LASF7579
     /tmp/ccWZZQZf.s:107088  .debug_str:000000000004a51b .LASF7580
     /tmp/ccWZZQZf.s:91362  .debug_str:000000000000a2e8 .LASF7581
     /tmp/ccWZZQZf.s:93356  .debug_str:000000000001212f .LASF7582
     /tmp/ccWZZQZf.s:107698  .debug_str:000000000004d0c3 .LASF7583
     /tmp/ccWZZQZf.s:104514  .debug_str:000000000003f90e .LASF7584
     /tmp/ccWZZQZf.s:93358  .debug_str:0000000000012141 .LASF7585
     /tmp/ccWZZQZf.s:107700  .debug_str:000000000004d0d5 .LASF7586
     /tmp/ccWZZQZf.s:98490  .debug_str:00000000000272f2 .LASF7587
     /tmp/ccWZZQZf.s:94296  .debug_str:0000000000015ba8 .LASF7588
     /tmp/ccWZZQZf.s:89114  .debug_str:0000000000000990 .LASF7589
     /tmp/ccWZZQZf.s:99924  .debug_str:000000000002cf52 .LASF7590
     /tmp/ccWZZQZf.s:102584  .debug_str:0000000000037cd4 .LASF7591
     /tmp/ccWZZQZf.s:103898  .debug_str:000000000003d143 .LASF7592
     /tmp/ccWZZQZf.s:100800  .debug_str:0000000000030876 .LASF7593
     /tmp/ccWZZQZf.s:94502  .debug_str:000000000001692d .LASF7594
     /tmp/ccWZZQZf.s:105422  .debug_str:0000000000043785 .LASF7595
     /tmp/ccWZZQZf.s:89600  .debug_str:0000000000002bb4 .LASF7596
     /tmp/ccWZZQZf.s:99612  .debug_str:000000000002bbbe .LASF7597
     /tmp/ccWZZQZf.s:91028  .debug_str:0000000000008c94 .LASF7598
     /tmp/ccWZZQZf.s:93688  .debug_str:0000000000013667 .LASF7599
     /tmp/ccWZZQZf.s:94520  .debug_str:0000000000016a4b .LASF7600
     /tmp/ccWZZQZf.s:100920  .debug_str:000000000003103c .LASF7601
     /tmp/ccWZZQZf.s:98062  .debug_str:000000000002564e .LASF7602
     /tmp/ccWZZQZf.s:104960  .debug_str:0000000000041794 .LASF7603
     /tmp/ccWZZQZf.s:89278  .debug_str:0000000000001442 .LASF7604
     /tmp/ccWZZQZf.s:107730  .debug_str:000000000004d2d0 .LASF7605
     /tmp/ccWZZQZf.s:104972  .debug_str:000000000004184b .LASF7606
     /tmp/ccWZZQZf.s:96874  .debug_str:0000000000020dfc .LASF7607
     /tmp/ccWZZQZf.s:89294  .debug_str:000000000000151a .LASF7608
     /tmp/ccWZZQZf.s:98066  .debug_str:00000000000256a9 .LASF7609
     /tmp/ccWZZQZf.s:89894  .debug_str:0000000000003fba .LASF7610
     /tmp/ccWZZQZf.s:100334  .debug_str:000000000002e9eb .LASF7611
     /tmp/ccWZZQZf.s:105538  .debug_str:0000000000043ef0 .LASF7612
     /tmp/ccWZZQZf.s:107058  .debug_str:000000000004a329 .LASF7613
     /tmp/ccWZZQZf.s:90968  .debug_str:0000000000008853 .LASF7614
     /tmp/ccWZZQZf.s:91480  .debug_str:000000000000aae6 .LASF7615
     /tmp/ccWZZQZf.s:94240  .debug_str:0000000000015897 .LASF7616
     /tmp/ccWZZQZf.s:102228  .debug_str:00000000000367dc .LASF7617
     /tmp/ccWZZQZf.s:98802  .debug_str:0000000000028842 .LASF7618
     /tmp/ccWZZQZf.s:90908  .debug_str:0000000000008471 .LASF7619
     /tmp/ccWZZQZf.s:96390  .debug_str:000000000001eb73 .LASF7620
     /tmp/ccWZZQZf.s:93944  .debug_str:000000000001458c .LASF7621
     /tmp/ccWZZQZf.s:94798  .debug_str:0000000000017dcc .LASF7622
     /tmp/ccWZZQZf.s:106026  .debug_str:0000000000045cc1 .LASF7623
     /tmp/ccWZZQZf.s:89466  .debug_str:00000000000021c9 .LASF7624
     /tmp/ccWZZQZf.s:107800  .debug_str:000000000004d76c .LASF7625
     /tmp/ccWZZQZf.s:102398  .debug_str:0000000000037228 .LASF7626
     /tmp/ccWZZQZf.s:101408  .debug_str:0000000000033133 .LASF7627
     /tmp/ccWZZQZf.s:89250  .debug_str:0000000000001270 .LASF7628
     /tmp/ccWZZQZf.s:97140  .debug_str:0000000000021edc .LASF7629
     /tmp/ccWZZQZf.s:102890  .debug_str:0000000000038c9f .LASF7630
     /tmp/ccWZZQZf.s:102318  .debug_str:0000000000036d3f .LASF7631
     /tmp/ccWZZQZf.s:106496  .debug_str:0000000000047c7e .LASF7632
     /tmp/ccWZZQZf.s:106238  .debug_str:0000000000046b5d .LASF7633
     /tmp/ccWZZQZf.s:100398  .debug_str:000000000002ee07 .LASF7634
     /tmp/ccWZZQZf.s:95362  .debug_str:000000000001a40d .LASF7635
     /tmp/ccWZZQZf.s:106822  .debug_str:0000000000049249 .LASF7636
     /tmp/ccWZZQZf.s:97230  .debug_str:0000000000022503 .LASF7637
     /tmp/ccWZZQZf.s:106542  .debug_str:0000000000047fee .LASF7638
     /tmp/ccWZZQZf.s:103258  .debug_str:000000000003a5b2 .LASF7639
     /tmp/ccWZZQZf.s:102900  .debug_str:0000000000038d3c .LASF7640
     /tmp/ccWZZQZf.s:103712  .debug_str:000000000003c407 .LASF7641
     /tmp/ccWZZQZf.s:94948  .debug_str:0000000000018624 .LASF7642
     /tmp/ccWZZQZf.s:97614  .debug_str:0000000000023f5d .LASF7643
     /tmp/ccWZZQZf.s:98492  .debug_str:0000000000027318 .LASF7644
     /tmp/ccWZZQZf.s:93502  .debug_str:00000000000129f3 .LASF7645
     /tmp/ccWZZQZf.s:103838  .debug_str:000000000003ccd1 .LASF7646
     /tmp/ccWZZQZf.s:99576  .debug_str:000000000002b969 .LASF7647
     /tmp/ccWZZQZf.s:100690  .debug_str:0000000000030217 .LASF7648
     /tmp/ccWZZQZf.s:94724  .debug_str:00000000000178c3 .LASF7649
     /tmp/ccWZZQZf.s:106514  .debug_str:0000000000047dad .LASF7650
     /tmp/ccWZZQZf.s:98412  .debug_str:0000000000026d94 .LASF7651
     /tmp/ccWZZQZf.s:92950  .debug_str:00000000000105dc .LASF7652
     /tmp/ccWZZQZf.s:94566  .debug_str:0000000000016dac .LASF7653
     /tmp/ccWZZQZf.s:104820  .debug_str:0000000000040ebf .LASF7654
     /tmp/ccWZZQZf.s:90036  .debug_str:000000000000499b .LASF7655
     /tmp/ccWZZQZf.s:94278  .debug_str:0000000000015a7e .LASF7656
     /tmp/ccWZZQZf.s:91990  .debug_str:000000000000ce90 .LASF7657
     /tmp/ccWZZQZf.s:107152  .debug_str:000000000004a97b .LASF7658
     /tmp/ccWZZQZf.s:103074  .debug_str:00000000000398b0 .LASF7659
     /tmp/ccWZZQZf.s:96614  .debug_str:000000000001fbb9 .LASF7660
     /tmp/ccWZZQZf.s:100430  .debug_str:000000000002f077 .LASF7661
     /tmp/ccWZZQZf.s:97498  .debug_str:00000000000236c8 .LASF7662
     /tmp/ccWZZQZf.s:94226  .debug_str:00000000000157c8 .LASF7663
     /tmp/ccWZZQZf.s:96932  .debug_str:0000000000021209 .LASF7664
     /tmp/ccWZZQZf.s:100024  .debug_str:000000000002d5a8 .LASF7665
     /tmp/ccWZZQZf.s:89230  .debug_str:0000000000001124 .LASF7666
     /tmp/ccWZZQZf.s:92206  .debug_str:000000000000dbd7 .LASF7667
     /tmp/ccWZZQZf.s:105626  .debug_str:0000000000044429 .LASF7668
     /tmp/ccWZZQZf.s:95746  .debug_str:000000000001be3b .LASF7669
     /tmp/ccWZZQZf.s:103600  .debug_str:000000000003bd05 .LASF7670
     /tmp/ccWZZQZf.s:93476  .debug_str:0000000000012835 .LASF7671
     /tmp/ccWZZQZf.s:101212  .debug_str:00000000000324dd .LASF7672
     /tmp/ccWZZQZf.s:90628  .debug_str:0000000000007263 .LASF7673
     /tmp/ccWZZQZf.s:95078  .debug_str:0000000000018f56 .LASF7674
     /tmp/ccWZZQZf.s:99466  .debug_str:000000000002b213 .LASF7675
     /tmp/ccWZZQZf.s:101958  .debug_str:000000000003566a .LASF7676
     /tmp/ccWZZQZf.s:98878  .debug_str:0000000000028cb9 .LASF7677
     /tmp/ccWZZQZf.s:105362  .debug_str:0000000000043328 .LASF7678
     /tmp/ccWZZQZf.s:93220  .debug_str:00000000000117a2 .LASF7679
     /tmp/ccWZZQZf.s:100242  .debug_str:000000000002e37f .LASF7680
     /tmp/ccWZZQZf.s:94244  .debug_str:00000000000158cb .LASF7681
     /tmp/ccWZZQZf.s:105196  .debug_str:000000000004287a .LASF7682
     /tmp/ccWZZQZf.s:104814  .debug_str:0000000000040e38 .LASF7683
     /tmp/ccWZZQZf.s:99164  .debug_str:0000000000029ed8 .LASF7684
     /tmp/ccWZZQZf.s:107014  .debug_str:000000000004a00d .LASF7685
     /tmp/ccWZZQZf.s:93970  .debug_str:0000000000014694 .LASF7686
     /tmp/ccWZZQZf.s:94678  .debug_str:0000000000017637 .LASF7687
     /tmp/ccWZZQZf.s:103618  .debug_str:000000000003be1c .LASF7688
     /tmp/ccWZZQZf.s:106032  .debug_str:0000000000045d24 .LASF7689
     /tmp/ccWZZQZf.s:92790  .debug_str:000000000000fcad .LASF7690
     /tmp/ccWZZQZf.s:101864  .debug_str:0000000000035000 .LASF7691
     /tmp/ccWZZQZf.s:96102  .debug_str:000000000001d740 .LASF7692
     /tmp/ccWZZQZf.s:100072  .debug_str:000000000002d8b0 .LASF7693
     /tmp/ccWZZQZf.s:96558  .debug_str:000000000001f788 .LASF7694
     /tmp/ccWZZQZf.s:105514  .debug_str:0000000000043d17 .LASF7695
     /tmp/ccWZZQZf.s:105868  .debug_str:00000000000452d9 .LASF7696
     /tmp/ccWZZQZf.s:89222  .debug_str:00000000000010c7 .LASF7697
     /tmp/ccWZZQZf.s:107044  .debug_str:000000000004a1f9 .LASF7698
     /tmp/ccWZZQZf.s:108058  .debug_str:000000000004e90b .LASF7699
     /tmp/ccWZZQZf.s:97600  .debug_str:0000000000023e6c .LASF7700
     /tmp/ccWZZQZf.s:92410  .debug_str:000000000000e7d5 .LASF7701
     /tmp/ccWZZQZf.s:105238  .debug_str:0000000000042b08 .LASF7702
     /tmp/ccWZZQZf.s:92314  .debug_str:000000000000e2f3 .LASF7703
     /tmp/ccWZZQZf.s:89018  .debug_str:00000000000002a4 .LASF7704
     /tmp/ccWZZQZf.s:105230  .debug_str:0000000000042ab5 .LASF7705
     /tmp/ccWZZQZf.s:95020  .debug_str:0000000000018b3d .LASF7706
     /tmp/ccWZZQZf.s:93122  .debug_str:00000000000110b8 .LASF7707
     /tmp/ccWZZQZf.s:94604  .debug_str:0000000000017096 .LASF7708
     /tmp/ccWZZQZf.s:97024  .debug_str:00000000000217e6 .LASF7709
     /tmp/ccWZZQZf.s:94962  .debug_str:0000000000018716 .LASF7710
     /tmp/ccWZZQZf.s:96090  .debug_str:000000000001d62a .LASF7711
     /tmp/ccWZZQZf.s:94314  .debug_str:0000000000015cab .LASF7712
     /tmp/ccWZZQZf.s:103378  .debug_str:000000000003ad81 .LASF7713
     /tmp/ccWZZQZf.s:98390  .debug_str:0000000000026b90 .LASF7714
     /tmp/ccWZZQZf.s:100778  .debug_str:0000000000030726 .LASF7715
     /tmp/ccWZZQZf.s:105080  .debug_str:0000000000041ffb .LASF7716
     /tmp/ccWZZQZf.s:99326  .debug_str:000000000002a945 .LASF7717
     /tmp/ccWZZQZf.s:105586  .debug_str:0000000000044166 .LASF7718
     /tmp/ccWZZQZf.s:98302  .debug_str:000000000002668c .LASF7719
     /tmp/ccWZZQZf.s:99316  .debug_str:000000000002a8f3 .LASF7720
     /tmp/ccWZZQZf.s:105580  .debug_str:000000000004412a .LASF7721
     /tmp/ccWZZQZf.s:102494  .debug_str:00000000000377f0 .LASF7722
     /tmp/ccWZZQZf.s:105348  .debug_str:0000000000043237 .LASF7723
     /tmp/ccWZZQZf.s:92424  .debug_str:000000000000e863 .LASF7724
     /tmp/ccWZZQZf.s:96000  .debug_str:000000000001cf99 .LASF7725
     /tmp/ccWZZQZf.s:105338  .debug_str:00000000000431d8 .LASF7726
     /tmp/ccWZZQZf.s:92422  .debug_str:000000000000e859 .LASF7727
     /tmp/ccWZZQZf.s:93626  .debug_str:000000000001328d .LASF7728
     /tmp/ccWZZQZf.s:91190  .debug_str:00000000000097b3 .LASF7729
     /tmp/ccWZZQZf.s:88982  .debug_str:0000000000000058 .LASF7730
     /tmp/ccWZZQZf.s:106996  .debug_str:0000000000049eee .LASF7731
     /tmp/ccWZZQZf.s:92132  .debug_str:000000000000d7bb .LASF7732
     /tmp/ccWZZQZf.s:92096  .debug_str:000000000000d552 .LASF7733
     /tmp/ccWZZQZf.s:107966  .debug_str:000000000004e291 .LASF7734
     /tmp/ccWZZQZf.s:95602  .debug_str:000000000001b41d .LASF7735
     /tmp/ccWZZQZf.s:90066  .debug_str:0000000000004bc7 .LASF7736
     /tmp/ccWZZQZf.s:94614  .debug_str:0000000000017165 .LASF7737
     /tmp/ccWZZQZf.s:102662  .debug_str:00000000000380ad .LASF7738
     /tmp/ccWZZQZf.s:103468  .debug_str:000000000003b42c .LASF7739
     /tmp/ccWZZQZf.s:103202  .debug_str:000000000003a145 .LASF7740
     /tmp/ccWZZQZf.s:92306  .debug_str:000000000000e293 .LASF7741
     /tmp/ccWZZQZf.s:92120  .debug_str:000000000000d6f2 .LASF7742
     /tmp/ccWZZQZf.s:97058  .debug_str:00000000000219a8 .LASF7743
     /tmp/ccWZZQZf.s:102672  .debug_str:0000000000038166 .LASF7744
     /tmp/ccWZZQZf.s:103476  .debug_str:000000000003b4c5 .LASF7745
     /tmp/ccWZZQZf.s:104056  .debug_str:000000000003dbc9 .LASF7746
     /tmp/ccWZZQZf.s:92190  .debug_str:000000000000da89 .LASF7747
     /tmp/ccWZZQZf.s:91700  .debug_str:000000000000bb0c .LASF7748
     /tmp/ccWZZQZf.s:89282  .debug_str:000000000000145e .LASF7749
     /tmp/ccWZZQZf.s:102244  .debug_str:0000000000036914 .LASF7750
     /tmp/ccWZZQZf.s:96822  .debug_str:0000000000020a4c .LASF7751
     /tmp/ccWZZQZf.s:98270  .debug_str:0000000000026451 .LASF7752
     /tmp/ccWZZQZf.s:102246  .debug_str:000000000003692c .LASF7753
     /tmp/ccWZZQZf.s:96824  .debug_str:0000000000020a64 .LASF7754
     /tmp/ccWZZQZf.s:104488  .debug_str:000000000003f6f9 .LASF7755
     /tmp/ccWZZQZf.s:107458  .debug_str:000000000004be52 .LASF7756
     /tmp/ccWZZQZf.s:94816  .debug_str:0000000000017ed2 .LASF7757
     /tmp/ccWZZQZf.s:100538  .debug_str:000000000002f794 .LASF7758
     /tmp/ccWZZQZf.s:107460  .debug_str:000000000004be6a .LASF7759
     /tmp/ccWZZQZf.s:94818  .debug_str:0000000000017eea .LASF7760
     /tmp/ccWZZQZf.s:94416  .debug_str:000000000001638f .LASF7761
     /tmp/ccWZZQZf.s:94624  .debug_str:0000000000017207 .LASF7762
     /tmp/ccWZZQZf.s:100130  .debug_str:000000000002dc13 .LASF7763
     /tmp/ccWZZQZf.s:93068  .debug_str:0000000000010dfc .LASF7764
     /tmp/ccWZZQZf.s:93572  .debug_str:0000000000012f49 .LASF7765
     /tmp/ccWZZQZf.s:100132  .debug_str:000000000002dc2b .LASF7766
     /tmp/ccWZZQZf.s:106192  .debug_str:0000000000046873 .LASF7767
     /tmp/ccWZZQZf.s:98844  .debug_str:0000000000028a07 .LASF7768
     /tmp/ccWZZQZf.s:105304  .debug_str:0000000000042f5a .LASF7769
     /tmp/ccWZZQZf.s:105028  .debug_str:0000000000041c45 .LASF7770
     /tmp/ccWZZQZf.s:98846  .debug_str:0000000000028a1f .LASF7771
     /tmp/ccWZZQZf.s:105306  .debug_str:0000000000042f72 .LASF7772
     /tmp/ccWZZQZf.s:91426  .debug_str:000000000000a71f .LASF7773
     /tmp/ccWZZQZf.s:104052  .debug_str:000000000003db99 .LASF7774
     /tmp/ccWZZQZf.s:100518  .debug_str:000000000002f600 .LASF7775
     /tmp/ccWZZQZf.s:97772  .debug_str:0000000000024781 .LASF7776
     /tmp/ccWZZQZf.s:104054  .debug_str:000000000003dbb1 .LASF7777
     /tmp/ccWZZQZf.s:91336  .debug_str:000000000000a0d3 .LASF7778
     /tmp/ccWZZQZf.s:91658  .debug_str:000000000000b84d .LASF7779
     /tmp/ccWZZQZf.s:90122  .debug_str:0000000000004f6a .LASF7780
     /tmp/ccWZZQZf.s:96680  .debug_str:0000000000020179 .LASF7781
     /tmp/ccWZZQZf.s:90382  .debug_str:00000000000060de .LASF7782
     /tmp/ccWZZQZf.s:90124  .debug_str:0000000000004f82 .LASF7783
     /tmp/ccWZZQZf.s:96682  .debug_str:0000000000020191 .LASF7784
     /tmp/ccWZZQZf.s:103568  .debug_str:000000000003bacb .LASF7785
     /tmp/ccWZZQZf.s:95394  .debug_str:000000000001a610 .LASF7786
     /tmp/ccWZZQZf.s:101922  .debug_str:0000000000035408 .LASF7787
     /tmp/ccWZZQZf.s:98920  .debug_str:0000000000028f16 .LASF7788
     /tmp/ccWZZQZf.s:95396  .debug_str:000000000001a628 .LASF7789
     /tmp/ccWZZQZf.s:101924  .debug_str:0000000000035420 .LASF7790
     /tmp/ccWZZQZf.s:96266  .debug_str:000000000001e2bc .LASF7791
     /tmp/ccWZZQZf.s:100694  .debug_str:0000000000030233 .LASF7792
     /tmp/ccWZZQZf.s:107124  .debug_str:000000000004a7ac .LASF7793
     /tmp/ccWZZQZf.s:95120  .debug_str:0000000000019232 .LASF7794
     /tmp/ccWZZQZf.s:100696  .debug_str:000000000003024b .LASF7795
     /tmp/ccWZZQZf.s:107126  .debug_str:000000000004a7c4 .LASF7796
     /tmp/ccWZZQZf.s:89082  .debug_str:0000000000000741 .LASF7797
     /tmp/ccWZZQZf.s:105916  .debug_str:0000000000045588 .LASF7798
     /tmp/ccWZZQZf.s:93238  .debug_str:00000000000118eb .LASF7799
     /tmp/ccWZZQZf.s:106838  .debug_str:000000000004933b .LASF7800
     /tmp/ccWZZQZf.s:105918  .debug_str:00000000000455a0 .LASF7801
     /tmp/ccWZZQZf.s:93240  .debug_str:0000000000011903 .LASF7802
     /tmp/ccWZZQZf.s:100864  .debug_str:0000000000030cd2 .LASF7803
     /tmp/ccWZZQZf.s:91922  .debug_str:000000000000c9cd .LASF7804
     /tmp/ccWZZQZf.s:92426  .debug_str:000000000000e86d .LASF7805
     /tmp/ccWZZQZf.s:99718  .debug_str:000000000002c255 .LASF7806
     /tmp/ccWZZQZf.s:91924  .debug_str:000000000000c9e5 .LASF7807
     /tmp/ccWZZQZf.s:95500  .debug_str:000000000001ad1c .LASF7808
     /tmp/ccWZZQZf.s:93598  .debug_str:000000000001312d .LASF7809
     /tmp/ccWZZQZf.s:107602  .debug_str:000000000004ca0f .LASF7810
     /tmp/ccWZZQZf.s:93400  .debug_str:00000000000123fc .LASF7811
     /tmp/ccWZZQZf.s:95748  .debug_str:000000000001be53 .LASF7812
     /tmp/ccWZZQZf.s:107604  .debug_str:000000000004ca28 .LASF7813
     /tmp/ccWZZQZf.s:93402  .debug_str:0000000000012415 .LASF7814
     /tmp/ccWZZQZf.s:89712  .debug_str:00000000000033ba .LASF7815
     /tmp/ccWZZQZf.s:93698  .debug_str:00000000000136f3 .LASF7816
     /tmp/ccWZZQZf.s:103194  .debug_str:000000000003a0c5 .LASF7817
     /tmp/ccWZZQZf.s:107694  .debug_str:000000000004d076 .LASF7818
     /tmp/ccWZZQZf.s:93700  .debug_str:000000000001370c .LASF7819
     /tmp/ccWZZQZf.s:98680  .debug_str:0000000000027fa2 .LASF7820
     /tmp/ccWZZQZf.s:91766  .debug_str:000000000000bf48 .LASF7821
     /tmp/ccWZZQZf.s:97004  .debug_str:0000000000021707 .LASF7822
     /tmp/ccWZZQZf.s:103910  .debug_str:000000000003d1fc .LASF7823
     /tmp/ccWZZQZf.s:100514  .debug_str:000000000002f5a9 .LASF7824
     /tmp/ccWZZQZf.s:97006  .debug_str:0000000000021720 .LASF7825
     /tmp/ccWZZQZf.s:103912  .debug_str:000000000003d215 .LASF7826
     /tmp/ccWZZQZf.s:94392  .debug_str:0000000000016214 .LASF7827
     /tmp/ccWZZQZf.s:107470  .debug_str:000000000004bf46 .LASF7828
     /tmp/ccWZZQZf.s:89980  .debug_str:00000000000045c7 .LASF7829
     /tmp/ccWZZQZf.s:93038  .debug_str:0000000000010b7a .LASF7830
     /tmp/ccWZZQZf.s:104196  .debug_str:000000000003e46f .LASF7831
     /tmp/ccWZZQZf.s:89982  .debug_str:00000000000045e0 .LASF7832
     /tmp/ccWZZQZf.s:106162  .debug_str:0000000000046634 .LASF7833
     /tmp/ccWZZQZf.s:90262  .debug_str:00000000000059a7 .LASF7834
     /tmp/ccWZZQZf.s:95248  .debug_str:0000000000019b2a .LASF7835
     /tmp/ccWZZQZf.s:104996  .debug_str:00000000000419f5 .LASF7836
     /tmp/ccWZZQZf.s:90264  .debug_str:00000000000059c0 .LASF7837
     /tmp/ccWZZQZf.s:103688  .debug_str:000000000003c2ba .LASF7838
     /tmp/ccWZZQZf.s:98980  .debug_str:0000000000029341 .LASF7839
     /tmp/ccWZZQZf.s:95542  .debug_str:000000000001af92 .LASF7840
     /tmp/ccWZZQZf.s:100546  .debug_str:000000000002f82f .LASF7841
     /tmp/ccWZZQZf.s:97744  .debug_str:00000000000245db .LASF7842
     /tmp/ccWZZQZf.s:90132  .debug_str:000000000000501c .LASF7843
     /tmp/ccWZZQZf.s:100548  .debug_str:000000000002f848 .LASF7844
     /tmp/ccWZZQZf.s:91628  .debug_str:000000000000b5a3 .LASF7845
     /tmp/ccWZZQZf.s:102010  .debug_str:0000000000035a0b .LASF7846
     /tmp/ccWZZQZf.s:94524  .debug_str:0000000000016a78 .LASF7847
     /tmp/ccWZZQZf.s:100564  .debug_str:000000000002f994 .LASF7848
     /tmp/ccWZZQZf.s:101478  .debug_str:00000000000335e4 .LASF7849
     /tmp/ccWZZQZf.s:91104  .debug_str:00000000000091d9 .LASF7850
     /tmp/ccWZZQZf.s:100908  .debug_str:0000000000030f89 .LASF7851
     /tmp/ccWZZQZf.s:101480  .debug_str:00000000000335f1 .LASF7852
     /tmp/ccWZZQZf.s:93274  .debug_str:0000000000011b8b .LASF7853
     /tmp/ccWZZQZf.s:94806  .debug_str:0000000000017e48 .LASF7854
     /tmp/ccWZZQZf.s:101482  .debug_str:00000000000335fe .LASF7855
     /tmp/ccWZZQZf.s:91110  .debug_str:000000000000921d .LASF7856
     /tmp/ccWZZQZf.s:101860  .debug_str:0000000000034fc7 .LASF7857
     /tmp/ccWZZQZf.s:100048  .debug_str:000000000002d756 .LASF7858
     /tmp/ccWZZQZf.s:90570  .debug_str:0000000000006e64 .LASF7859
     /tmp/ccWZZQZf.s:95858  .debug_str:000000000001c63b .LASF7860
     /tmp/ccWZZQZf.s:104068  .debug_str:000000000003dc3b .LASF7861
     /tmp/ccWZZQZf.s:95610  .debug_str:000000000001b4b5 .LASF7862
     /tmp/ccWZZQZf.s:107132  .debug_str:000000000004a839 .LASF7863
     /tmp/ccWZZQZf.s:93196  .debug_str:00000000000115f9 .LASF7864
     /tmp/ccWZZQZf.s:103342  .debug_str:000000000003aa98 .LASF7865
     /tmp/ccWZZQZf.s:93592  .debug_str:00000000000130c3 .LASF7866
     /tmp/ccWZZQZf.s:101810  .debug_str:0000000000034c77 .LASF7867
     /tmp/ccWZZQZf.s:95800  .debug_str:000000000001c28c .LASF7868
     /tmp/ccWZZQZf.s:89104  .debug_str:00000000000008ea .LASF7869
     /tmp/ccWZZQZf.s:96792  .debug_str:00000000000207f7 .LASF7870
     /tmp/ccWZZQZf.s:94008  .debug_str:0000000000014971 .LASF7871
     /tmp/ccWZZQZf.s:105688  .debug_str:00000000000447ca .LASF7872
     /tmp/ccWZZQZf.s:94648  .debug_str:00000000000173dc .LASF7873
     /tmp/ccWZZQZf.s:98840  .debug_str:00000000000289d8 .LASF7874
     /tmp/ccWZZQZf.s:103718  .debug_str:000000000003c452 .LASF7875
     /tmp/ccWZZQZf.s:105136  .debug_str:0000000000042492 .LASF7876
     /tmp/ccWZZQZf.s:101700  .debug_str:000000000003445e .LASF7877
     /tmp/ccWZZQZf.s:102062  .debug_str:0000000000035d66 .LASF7878
     /tmp/ccWZZQZf.s:89406  .debug_str:0000000000001d5b .LASF7879
     /tmp/ccWZZQZf.s:103222  .debug_str:000000000003a2ac .LASF7880
     /tmp/ccWZZQZf.s:96018  .debug_str:000000000001d0df .LASF7881
     /tmp/ccWZZQZf.s:104676  .debug_str:0000000000040598 .LASF7882
     /tmp/ccWZZQZf.s:107760  .debug_str:000000000004d4d9 .LASF7883
     /tmp/ccWZZQZf.s:104752  .debug_str:0000000000040a07 .LASF7884
     /tmp/ccWZZQZf.s:93832  .debug_str:0000000000013f48 .LASF7885
     /tmp/ccWZZQZf.s:99812  .debug_str:000000000002c7cb .LASF7886
     /tmp/ccWZZQZf.s:99724  .debug_str:000000000002c29d .LASF7887
     /tmp/ccWZZQZf.s:104182  .debug_str:000000000003e3ad .LASF7888
     /tmp/ccWZZQZf.s:100042  .debug_str:000000000002d6f3 .LASF7889
     /tmp/ccWZZQZf.s:101636  .debug_str:0000000000033fff .LASF7890
     /tmp/ccWZZQZf.s:89762  .debug_str:000000000000367a .LASF7891
     /tmp/ccWZZQZf.s:99828  .debug_str:000000000002c8c8 .LASF7892
     /tmp/ccWZZQZf.s:99644  .debug_str:000000000002bdaa .LASF7893
     /tmp/ccWZZQZf.s:96204  .debug_str:000000000001dea2 .LASF7894
     /tmp/ccWZZQZf.s:99280  .debug_str:000000000002a5c2 .LASF7895
     /tmp/ccWZZQZf.s:89130  .debug_str:0000000000000a8f .LASF7896
     /tmp/ccWZZQZf.s:98106  .debug_str:0000000000025917 .LASF7897
     /tmp/ccWZZQZf.s:101448  .debug_str:00000000000333d7 .LASF7898
     /tmp/ccWZZQZf.s:98544  .debug_str:000000000002768d .LASF7899
     /tmp/ccWZZQZf.s:95456  .debug_str:000000000001aa4c .LASF7900
     /tmp/ccWZZQZf.s:108060  .debug_str:000000000004e921 .LASF7901
     /tmp/ccWZZQZf.s:96658  .debug_str:000000000001ff30 .LASF7902
     /tmp/ccWZZQZf.s:91432  .debug_str:000000000000a79e .LASF7903
     /tmp/ccWZZQZf.s:101582  .debug_str:0000000000033ce7 .LASF7904
     /tmp/ccWZZQZf.s:108064  .debug_str:000000000004e94b .LASF7905
     /tmp/ccWZZQZf.s:90990  .debug_str:00000000000089a7 .LASF7906
     /tmp/ccWZZQZf.s:90766  .debug_str:0000000000007b3a .LASF7907
     /tmp/ccWZZQZf.s:97080  .debug_str:0000000000021b94 .LASF7908
     /tmp/ccWZZQZf.s:106642  .debug_str:00000000000486f1 .LASF7909
     /tmp/ccWZZQZf.s:92558  .debug_str:000000000000ef00 .LASF7910
     /tmp/ccWZZQZf.s:100876  .debug_str:0000000000030dba .LASF7911
     /tmp/ccWZZQZf.s:96514  .debug_str:000000000001f3fa .LASF7912
     /tmp/ccWZZQZf.s:90776  .debug_str:0000000000007ba2 .LASF7913
     /tmp/ccWZZQZf.s:95200  .debug_str:0000000000019760 .LASF7914
     /tmp/ccWZZQZf.s:93742  .debug_str:00000000000139d8 .LASF7915
     /tmp/ccWZZQZf.s:106968  .debug_str:0000000000049ce5 .LASF7916
     /tmp/ccWZZQZf.s:103126  .debug_str:0000000000039c4b .LASF7917
     /tmp/ccWZZQZf.s:108020  .debug_str:000000000004e644 .LASF7918
     /tmp/ccWZZQZf.s:92178  .debug_str:000000000000d9e9 .LASF7919
     /tmp/ccWZZQZf.s:89946  .debug_str:00000000000043e2 .LASF7920
     /tmp/ccWZZQZf.s:90022  .debug_str:00000000000048d4 .LASF7921
     /tmp/ccWZZQZf.s:93454  .debug_str:00000000000126b9 .LASF7922
     /tmp/ccWZZQZf.s:106602  .debug_str:0000000000048468 .LASF7923
     /tmp/ccWZZQZf.s:92718  .debug_str:000000000000f94c .LASF7924
     /tmp/ccWZZQZf.s:102880  .debug_str:0000000000038bf8 .LASF7925
     /tmp/ccWZZQZf.s:94770  .debug_str:0000000000017ba8 .LASF7926
     /tmp/ccWZZQZf.s:92708  .debug_str:000000000000f85c .LASF7927
     /tmp/ccWZZQZf.s:102856  .debug_str:0000000000038b3d .LASF7928
     /tmp/ccWZZQZf.s:97020  .debug_str:00000000000217b6 .LASF7929
     /tmp/ccWZZQZf.s:102416  .debug_str:0000000000037396 .LASF7930
     /tmp/ccWZZQZf.s:105788  .debug_str:0000000000044e74 .LASF7931
     /tmp/ccWZZQZf.s:93748  .debug_str:0000000000013a27 .LASF7932
     /tmp/ccWZZQZf.s:89126  .debug_str:0000000000000a76 .LASF7933
     /tmp/ccWZZQZf.s:107758  .debug_str:000000000004d4d1 .LASF7934
     /tmp/ccWZZQZf.s:102904  .debug_str:0000000000038d6e .LASF7935
     /tmp/ccWZZQZf.s:96738  .debug_str:0000000000020506 .LASF7936
     /tmp/ccWZZQZf.s:93620  .debug_str:000000000001323d .LASF7937
     /tmp/ccWZZQZf.s:100508  .debug_str:000000000002f567 .LASF7938
     /tmp/ccWZZQZf.s:93152  .debug_str:0000000000011265 .LASF7939
     /tmp/ccWZZQZf.s:103278  .debug_str:000000000003a6af .LASF7940
     /tmp/ccWZZQZf.s:100386  .debug_str:000000000002ed33 .LASF7941
     /tmp/ccWZZQZf.s:97318  .debug_str:0000000000022aad .LASF7942
     /tmp/ccWZZQZf.s:100756  .debug_str:0000000000030613 .LASF7943
     /tmp/ccWZZQZf.s:90324  .debug_str:0000000000005d2e .LASF7944
     /tmp/ccWZZQZf.s:106144  .debug_str:00000000000464d6 .LASF7945
     /tmp/ccWZZQZf.s:91678  .debug_str:000000000000b9cc .LASF7946
     /tmp/ccWZZQZf.s:101680  .debug_str:0000000000034314 .LASF7947
     /tmp/ccWZZQZf.s:93234  .debug_str:00000000000118ab .LASF7948
     /tmp/ccWZZQZf.s:102476  .debug_str:00000000000376c6 .LASF7949
     /tmp/ccWZZQZf.s:89184  .debug_str:0000000000000e09 .LASF7950
     /tmp/ccWZZQZf.s:102546  .debug_str:0000000000037a5c .LASF7951
     /tmp/ccWZZQZf.s:105898  .debug_str:0000000000045464 .LASF7952
     /tmp/ccWZZQZf.s:106248  .debug_str:0000000000046bf5 .LASF7953
     /tmp/ccWZZQZf.s:91520  .debug_str:000000000000ae21 .LASF7954
     /tmp/ccWZZQZf.s:101664  .debug_str:00000000000341ea .LASF7955
     /tmp/ccWZZQZf.s:96916  .debug_str:000000000002110c .LASF7956
     /tmp/ccWZZQZf.s:96166  .debug_str:000000000001dbcf .LASF7957
     /tmp/ccWZZQZf.s:105636  .debug_str:00000000000444c8 .LASF7958
     /tmp/ccWZZQZf.s:89158  .debug_str:0000000000000c0c .LASF7959
     /tmp/ccWZZQZf.s:98022  .debug_str:000000000002536f .LASF7960
     /tmp/ccWZZQZf.s:103188  .debug_str:000000000003a040 .LASF7961
     /tmp/ccWZZQZf.s:107512  .debug_str:000000000004c302 .LASF7962
     /tmp/ccWZZQZf.s:102738  .debug_str:000000000003848f .LASF7963
     /tmp/ccWZZQZf.s:95660  .debug_str:000000000001b85c .LASF7964
     /tmp/ccWZZQZf.s:96278  .debug_str:000000000001e390 .LASF7965
     /tmp/ccWZZQZf.s:103320  .debug_str:000000000003a91d .LASF7966
     /tmp/ccWZZQZf.s:104512  .debug_str:000000000003f8fc .LASF7967
     /tmp/ccWZZQZf.s:97676  .debug_str:000000000002425c .LASF7968
     /tmp/ccWZZQZf.s:91754  .debug_str:000000000000be7a .LASF7969
     /tmp/ccWZZQZf.s:95286  .debug_str:0000000000019e0e .LASF7970
     /tmp/ccWZZQZf.s:98408  .debug_str:0000000000026d42 .LASF7971
     /tmp/ccWZZQZf.s:96570  .debug_str:000000000001f87f .LASF7972
     /tmp/ccWZZQZf.s:99290  .debug_str:000000000002a686 .LASF7973
     /tmp/ccWZZQZf.s:93950  .debug_str:00000000000145b5 .LASF7974
     /tmp/ccWZZQZf.s:107244  .debug_str:000000000004af93 .LASF7975
     /tmp/ccWZZQZf.s:103292  .debug_str:000000000003a78f .LASF7976
     /tmp/ccWZZQZf.s:104470  .debug_str:000000000003f5ca .LASF7977
     /tmp/ccWZZQZf.s:96322  .debug_str:000000000001e646 .LASF7978
     /tmp/ccWZZQZf.s:104694  .debug_str:000000000004069b .LASF7979
     /tmp/ccWZZQZf.s:92286  .debug_str:000000000000e0d6 .LASF7980
     /tmp/ccWZZQZf.s:92304  .debug_str:000000000000e281 .LASF7981
     /tmp/ccWZZQZf.s:105456  .debug_str:0000000000043980 .LASF7982
     /tmp/ccWZZQZf.s:90706  .debug_str:000000000000774f .LASF7983
     /tmp/ccWZZQZf.s:102136  .debug_str:000000000003620e .LASF7984
     /tmp/ccWZZQZf.s:105528  .debug_str:0000000000043e07 .LASF7985
     /tmp/ccWZZQZf.s:101982  .debug_str:00000000000357c5 .LASF7986
     /tmp/ccWZZQZf.s:91444  .debug_str:000000000000a83b .LASF7987
     /tmp/ccWZZQZf.s:101590  .debug_str:0000000000033d58 .LASF7988
     /tmp/ccWZZQZf.s:97848  .debug_str:0000000000024b1c .LASF7989
     /tmp/ccWZZQZf.s:91602  .debug_str:000000000000b40c .LASF7990
     /tmp/ccWZZQZf.s:101750  .debug_str:0000000000034840 .LASF7991
     /tmp/ccWZZQZf.s:95674  .debug_str:000000000001b919 .LASF7992
     /tmp/ccWZZQZf.s:94704  .debug_str:00000000000177b6 .LASF7993
     /tmp/ccWZZQZf.s:94504  .debug_str:0000000000016943 .LASF7994
     /tmp/ccWZZQZf.s:98250  .debug_str:00000000000262f9 .LASF7995
     /tmp/ccWZZQZf.s:103290  .debug_str:000000000003a787 .LASF7996
     /tmp/ccWZZQZf.s:90770  .debug_str:0000000000007b62 .LASF7997
     /tmp/ccWZZQZf.s:97504  .debug_str:0000000000023716 .LASF7998
     /tmp/ccWZZQZf.s:101854  .debug_str:0000000000034f7b .LASF7999
     /tmp/ccWZZQZf.s:89236  .debug_str:0000000000001194 .LASF8000
     /tmp/ccWZZQZf.s:98162  .debug_str:0000000000025c87 .LASF8001
     /tmp/ccWZZQZf.s:102934  .debug_str:0000000000038f00 .LASF8002
     /tmp/ccWZZQZf.s:90020  .debug_str:00000000000048c8 .LASF8003
     /tmp/ccWZZQZf.s:103556  .debug_str:000000000003b9b2 .LASF8004
     /tmp/ccWZZQZf.s:100878  .debug_str:0000000000030dde .LASF8005
     /tmp/ccWZZQZf.s:98146  .debug_str:0000000000025b85 .LASF8006
     /tmp/ccWZZQZf.s:95146  .debug_str:00000000000193d5 .LASF8007
     /tmp/ccWZZQZf.s:95874  .debug_str:000000000001c6ef .LASF8008
     /tmp/ccWZZQZf.s:102490  .debug_str:00000000000377b2 .LASF8009
     /tmp/ccWZZQZf.s:105562  .debug_str:000000000004402e .LASF8010
     /tmp/ccWZZQZf.s:107350  .debug_str:000000000004b770 .LASF8011
     /tmp/ccWZZQZf.s:107930  .debug_str:000000000004e00c .LASF8012
     /tmp/ccWZZQZf.s:97762  .debug_str:0000000000024704 .LASF8013
     /tmp/ccWZZQZf.s:94498  .debug_str:0000000000016912 .LASF8014
     /tmp/ccWZZQZf.s:96782  .debug_str:0000000000020760 .LASF8015
     /tmp/ccWZZQZf.s:102296  .debug_str:0000000000036bd5 .LASF8016
     /tmp/ccWZZQZf.s:99124  .debug_str:0000000000029c4f .LASF8017
     /tmp/ccWZZQZf.s:105880  .debug_str:00000000000453af .LASF8018
     /tmp/ccWZZQZf.s:100224  .debug_str:000000000002e1c9 .LASF8019
     /tmp/ccWZZQZf.s:99126  .debug_str:0000000000029c62 .LASF8020
     /tmp/ccWZZQZf.s:105882  .debug_str:00000000000453c2 .LASF8021
     /tmp/ccWZZQZf.s:95716  .debug_str:000000000001bc8a .LASF8022
     /tmp/ccWZZQZf.s:99128  .debug_str:0000000000029c75 .LASF8023
     /tmp/ccWZZQZf.s:98480  .debug_str:000000000002725e .LASF8024
     /tmp/ccWZZQZf.s:107154  .debug_str:000000000004a988 .LASF8025
     /tmp/ccWZZQZf.s:98542  .debug_str:000000000002767a .LASF8026
     /tmp/ccWZZQZf.s:105886  .debug_str:00000000000453e2 .LASF8027
     /tmp/ccWZZQZf.s:101154  .debug_str:00000000000320ce .LASF8028
     /tmp/ccWZZQZf.s:99132  .debug_str:0000000000029ca9 .LASF8029
     /tmp/ccWZZQZf.s:105888  .debug_str:00000000000453f5 .LASF8030
     /tmp/ccWZZQZf.s:95054  .debug_str:0000000000018d88 .LASF8031
     /tmp/ccWZZQZf.s:99134  .debug_str:0000000000029cbc .LASF8032
     /tmp/ccWZZQZf.s:105890  .debug_str:0000000000045408 .LASF8033
     /tmp/ccWZZQZf.s:89008  .debug_str:00000000000001ff .LASF8034
     /tmp/ccWZZQZf.s:99136  .debug_str:0000000000029ccf .LASF8035
     /tmp/ccWZZQZf.s:105892  .debug_str:000000000004541b .LASF8036
     /tmp/ccWZZQZf.s:102102  .debug_str:0000000000035f87 .LASF8037
     /tmp/ccWZZQZf.s:99138  .debug_str:0000000000029ce2 .LASF8038
     /tmp/ccWZZQZf.s:105894  .debug_str:000000000004542e .LASF8039
     /tmp/ccWZZQZf.s:96002  .debug_str:000000000001cfb7 .LASF8040
     /tmp/ccWZZQZf.s:99374  .debug_str:000000000002aca6 .LASF8041
     /tmp/ccWZZQZf.s:96248  .debug_str:000000000001e201 .LASF8042
     /tmp/ccWZZQZf.s:102106  .debug_str:0000000000035fcf .LASF8043
     /tmp/ccWZZQZf.s:105542  .debug_str:0000000000043f1c .LASF8044
     /tmp/ccWZZQZf.s:96250  .debug_str:000000000001e214 .LASF8045
     /tmp/ccWZZQZf.s:100038  .debug_str:000000000002d696 .LASF8046
     /tmp/ccWZZQZf.s:89478  .debug_str:000000000000229f .LASF8047
     /tmp/ccWZZQZf.s:96252  .debug_str:000000000001e227 .LASF8048
     /tmp/ccWZZQZf.s:93916  .debug_str:000000000001443a .LASF8049
     /tmp/ccWZZQZf.s:89480  .debug_str:00000000000022b2 .LASF8050
     /tmp/ccWZZQZf.s:96254  .debug_str:000000000001e23a .LASF8051
     /tmp/ccWZZQZf.s:106960  .debug_str:0000000000049c55 .LASF8052
     /tmp/ccWZZQZf.s:105550  .debug_str:0000000000043f68 .LASF8053
     /tmp/ccWZZQZf.s:96256  .debug_str:000000000001e24d .LASF8054
     /tmp/ccWZZQZf.s:95736  .debug_str:000000000001bd98 .LASF8055
     /tmp/ccWZZQZf.s:89484  .debug_str:0000000000002305 .LASF8056
     /tmp/ccWZZQZf.s:96258  .debug_str:000000000001e260 .LASF8057
     /tmp/ccWZZQZf.s:95152  .debug_str:000000000001944b .LASF8058
     /tmp/ccWZZQZf.s:89486  .debug_str:0000000000002318 .LASF8059
     /tmp/ccWZZQZf.s:96260  .debug_str:000000000001e273 .LASF8060
     /tmp/ccWZZQZf.s:107954  .debug_str:000000000004e1e8 .LASF8061
     /tmp/ccWZZQZf.s:89488  .debug_str:000000000000232b .LASF8062
     /tmp/ccWZZQZf.s:96262  .debug_str:000000000001e286 .LASF8063
     /tmp/ccWZZQZf.s:101912  .debug_str:00000000000352ec .LASF8064
     /tmp/ccWZZQZf.s:106874  .debug_str:00000000000495b7 .LASF8065
     /tmp/ccWZZQZf.s:99040  .debug_str:0000000000029748 .LASF8066
     /tmp/ccWZZQZf.s:106992  .debug_str:0000000000049ea2 .LASF8067
     /tmp/ccWZZQZf.s:97176  .debug_str:000000000002211c .LASF8068
     /tmp/ccWZZQZf.s:89258  .debug_str:00000000000012fb .LASF8069
     /tmp/ccWZZQZf.s:93752  .debug_str:0000000000013a58 .LASF8070
     /tmp/ccWZZQZf.s:95976  .debug_str:000000000001ce0b .LASF8071
     /tmp/ccWZZQZf.s:101070  .debug_str:0000000000031b3b .LASF8072
     /tmp/ccWZZQZf.s:99962  .debug_str:000000000002d1ca .LASF8073
     /tmp/ccWZZQZf.s:97694  .debug_str:000000000002436a .LASF8074
     /tmp/ccWZZQZf.s:103026  .debug_str:0000000000039555 .LASF8075
     /tmp/ccWZZQZf.s:107336  .debug_str:000000000004b64c .LASF8076
     /tmp/ccWZZQZf.s:98012  .debug_str:0000000000025307 .LASF8077
     /tmp/ccWZZQZf.s:94938  .debug_str:000000000001858e .LASF8078
     /tmp/ccWZZQZf.s:90836  .debug_str:0000000000007f26 .LASF8079
     /tmp/ccWZZQZf.s:101624  .debug_str:0000000000033f0f .LASF8080
     /tmp/ccWZZQZf.s:107888  .debug_str:000000000004dcfe .LASF8081
     /tmp/ccWZZQZf.s:91220  .debug_str:00000000000099fc .LASF8082
     /tmp/ccWZZQZf.s:102186  .debug_str:000000000003651b .LASF8083
     /tmp/ccWZZQZf.s:101010  .debug_str:0000000000031725 .LASF8084
     /tmp/ccWZZQZf.s:90292  .debug_str:0000000000005b32 .LASF8085
     /tmp/ccWZZQZf.s:104162  .debug_str:000000000003e239 .LASF8086
     /tmp/ccWZZQZf.s:100324  .debug_str:000000000002e969 .LASF8087
     /tmp/ccWZZQZf.s:93264  .debug_str:0000000000011aa1 .LASF8088
     /tmp/ccWZZQZf.s:101902  .debug_str:0000000000035286 .LASF8089
     /tmp/ccWZZQZf.s:105272  .debug_str:0000000000042d26 .LASF8090
     /tmp/ccWZZQZf.s:96052  .debug_str:000000000001d3a9 .LASF8091
     /tmp/ccWZZQZf.s:107184  .debug_str:000000000004aba0 .LASF8092
     /tmp/ccWZZQZf.s:103346  .debug_str:000000000003aae6 .LASF8093
     /tmp/ccWZZQZf.s:90092  .debug_str:0000000000004d4e .LASF8094
     /tmp/ccWZZQZf.s:105510  .debug_str:0000000000043cfe .LASF8095
     /tmp/ccWZZQZf.s:90110  .debug_str:0000000000004ecd .LASF8096
     /tmp/ccWZZQZf.s:105058  .debug_str:0000000000041ed5 .LASF8097
     /tmp/ccWZZQZf.s:102278  .debug_str:0000000000036a71 .LASF8098
     /tmp/ccWZZQZf.s:105674  .debug_str:00000000000446f5 .LASF8099
     /tmp/ccWZZQZf.s:99526  .debug_str:000000000002b603 .LASF8100
     /tmp/ccWZZQZf.s:93396  .debug_str:00000000000123c6 .LASF8101
     /tmp/ccWZZQZf.s:106106  .debug_str:0000000000046236 .LASF8102
     /tmp/ccWZZQZf.s:97354  .debug_str:0000000000022d28 .LASF8103
     /tmp/ccWZZQZf.s:92870  .debug_str:0000000000010197 .LASF8104
     /tmp/ccWZZQZf.s:91644  .debug_str:000000000000b6f7 .LASF8105
     /tmp/ccWZZQZf.s:106608  .debug_str:00000000000484b6 .LASF8106
     /tmp/ccWZZQZf.s:107354  .debug_str:000000000004b795 .LASF8107
     /tmp/ccWZZQZf.s:91306  .debug_str:0000000000009f78 .LASF8108
     /tmp/ccWZZQZf.s:92070  .debug_str:000000000000d3b2 .LASF8109
     /tmp/ccWZZQZf.s:96900  .debug_str:0000000000021027 .LASF8110
     /tmp/ccWZZQZf.s:93226  .debug_str:0000000000011807 .LASF8111
     /tmp/ccWZZQZf.s:104854  .debug_str:0000000000041117 .LASF8112
     /tmp/ccWZZQZf.s:92224  .debug_str:000000000000dd12 .LASF8113
     /tmp/ccWZZQZf.s:106260  .debug_str:0000000000046cd3 .LASF8114
     /tmp/ccWZZQZf.s:89120  .debug_str:0000000000000a27 .LASF8115
     /tmp/ccWZZQZf.s:91394  .debug_str:000000000000a50f .LASF8116
     /tmp/ccWZZQZf.s:106206  .debug_str:0000000000046981 .LASF8117
     /tmp/ccWZZQZf.s:104112  .debug_str:000000000003de9a .LASF8118
     /tmp/ccWZZQZf.s:98440  .debug_str:0000000000026f7c .LASF8119
     /tmp/ccWZZQZf.s:90070  .debug_str:0000000000004bff .LASF8120
     /tmp/ccWZZQZf.s:106126  .debug_str:000000000004636d .LASF8121
     /tmp/ccWZZQZf.s:95306  .debug_str:0000000000019f33 .LASF8122
     /tmp/ccWZZQZf.s:98740  .debug_str:00000000000283b0 .LASF8123
     /tmp/ccWZZQZf.s:96376  .debug_str:000000000001ea7f .LASF8124
     /tmp/ccWZZQZf.s:89102  .debug_str:00000000000008da .LASF8125
     /tmp/ccWZZQZf.s:89850  .debug_str:0000000000003c6d .LASF8126
     /tmp/ccWZZQZf.s:99220  .debug_str:000000000002a29d .LASF8127
     /tmp/ccWZZQZf.s:106318  .debug_str:0000000000047068 .LASF8128
     /tmp/ccWZZQZf.s:97780  .debug_str:0000000000024810 .LASF8129
     /tmp/ccWZZQZf.s:89614  .debug_str:0000000000002c7a .LASF8130
     /tmp/ccWZZQZf.s:93330  .debug_str:0000000000011f5a .LASF8131
     /tmp/ccWZZQZf.s:100102  .debug_str:000000000002da2c .LASF8132
     /tmp/ccWZZQZf.s:95236  .debug_str:0000000000019a40 .LASF8133
     /tmp/ccWZZQZf.s:94204  .debug_str:000000000001569e .LASF8134
     /tmp/ccWZZQZf.s:103300  .debug_str:000000000003a7ff .LASF8135
     /tmp/ccWZZQZf.s:107008  .debug_str:0000000000049fc8 .LASF8136
     /tmp/ccWZZQZf.s:98016  .debug_str:0000000000025325 .LASF8137
     /tmp/ccWZZQZf.s:91976  .debug_str:000000000000cd89 .LASF8138
     /tmp/ccWZZQZf.s:101254  .debug_str:00000000000327aa .LASF8139
     /tmp/ccWZZQZf.s:99262  .debug_str:000000000002a504 .LASF8140
     /tmp/ccWZZQZf.s:99678  .debug_str:000000000002c02f .LASF8141
     /tmp/ccWZZQZf.s:103842  .debug_str:000000000003cd2b .LASF8142
     /tmp/ccWZZQZf.s:102182  .debug_str:00000000000364e4 .LASF8143
     /tmp/ccWZZQZf.s:97796  .debug_str:00000000000248ff .LASF8144
     /tmp/ccWZZQZf.s:98374  .debug_str:0000000000026a85 .LASF8145
     /tmp/ccWZZQZf.s:100644  .debug_str:000000000002ff25 .LASF8146
     /tmp/ccWZZQZf.s:91278  .debug_str:0000000000009d70 .LASF8147
     /tmp/ccWZZQZf.s:102680  .debug_str:00000000000381cb .LASF8148
     /tmp/ccWZZQZf.s:93762  .debug_str:0000000000013ada .LASF8149
     /tmp/ccWZZQZf.s:94064  .debug_str:0000000000014d1c .LASF8150
     /tmp/ccWZZQZf.s:95838  .debug_str:000000000001c4d3 .LASF8151
     /tmp/ccWZZQZf.s:95364  .debug_str:000000000001a437 .LASF8152
     /tmp/ccWZZQZf.s:95670  .debug_str:000000000001b8e0 .LASF8153
     /tmp/ccWZZQZf.s:90678  .debug_str:0000000000007578 .LASF8154
     /tmp/ccWZZQZf.s:92724  .debug_str:000000000000f997 .LASF8155
     /tmp/ccWZZQZf.s:106142  .debug_str:00000000000464c8 .LASF8156
     /tmp/ccWZZQZf.s:93246  .debug_str:000000000001197e .LASF8157
     /tmp/ccWZZQZf.s:94350  .debug_str:0000000000015f37 .LASF8158
     /tmp/ccWZZQZf.s:96756  .debug_str:00000000000205de .LASF8159
     /tmp/ccWZZQZf.s:93736  .debug_str:0000000000013985 .LASF8160
     /tmp/ccWZZQZf.s:90912  .debug_str:00000000000084a1 .LASF8161
     /tmp/ccWZZQZf.s:99276  .debug_str:000000000002a592 .LASF8162
     /tmp/ccWZZQZf.s:100990  .debug_str:0000000000031545 .LASF8163
     /tmp/ccWZZQZf.s:108068  .debug_str:000000000004e99e .LASF8164
     /tmp/ccWZZQZf.s:89750  .debug_str:00000000000035c0 .LASF8165
     /tmp/ccWZZQZf.s:98712  .debug_str:00000000000281b5 .LASF8166
     /tmp/ccWZZQZf.s:107468  .debug_str:000000000004bf39 .LASF8167
     /tmp/ccWZZQZf.s:90498  .debug_str:00000000000068d4 .LASF8168
     /tmp/ccWZZQZf.s:98606  .debug_str:0000000000027a86 .LASF8169
     /tmp/ccWZZQZf.s:91768  .debug_str:000000000000bf75 .LASF8170
     /tmp/ccWZZQZf.s:101550  .debug_str:0000000000033a6e .LASF8171
     /tmp/ccWZZQZf.s:99922  .debug_str:000000000002cf2e .LASF8172
     /tmp/ccWZZQZf.s:96476  .debug_str:000000000001f1ce .LASF8173
     /tmp/ccWZZQZf.s:106116  .debug_str:00000000000462b7 .LASF8174
     /tmp/ccWZZQZf.s:104352  .debug_str:000000000003ee4c .LASF8175
     /tmp/ccWZZQZf.s:107148  .debug_str:000000000004a956 .LASF8176
     /tmp/ccWZZQZf.s:100676  .debug_str:000000000003012c .LASF8177
     /tmp/ccWZZQZf.s:94784  .debug_str:0000000000017cdd .LASF8178
     /tmp/ccWZZQZf.s:92920  .debug_str:0000000000010490 .LASF8179
     /tmp/ccWZZQZf.s:96600  .debug_str:000000000001faa5 .LASF8180
     /tmp/ccWZZQZf.s:103438  .debug_str:000000000003b1e7 .LASF8181
     /tmp/ccWZZQZf.s:96042  .debug_str:000000000001d2fd .LASF8182
     /tmp/ccWZZQZf.s:91758  .debug_str:000000000000beaa .LASF8183
     /tmp/ccWZZQZf.s:94410  .debug_str:00000000000162f6 .LASF8184
     /tmp/ccWZZQZf.s:104892  .debug_str:0000000000041405 .LASF8185
     /tmp/ccWZZQZf.s:97988  .debug_str:0000000000025295 .LASF8186
     /tmp/ccWZZQZf.s:89876  .debug_str:0000000000003e62 .LASF8187
     /tmp/ccWZZQZf.s:95196  .debug_str:0000000000019723 .LASF8188
     /tmp/ccWZZQZf.s:107584  .debug_str:000000000004c8c1 .LASF8189
     /tmp/ccWZZQZf.s:89774  .debug_str:0000000000003768 .LASF8190
     /tmp/ccWZZQZf.s:99382  .debug_str:000000000002ad34 .LASF8191
     /tmp/ccWZZQZf.s:92494  .debug_str:000000000000eb70 .LASF8192
     /tmp/ccWZZQZf.s:100848  .debug_str:0000000000030c00 .LASF8193
     /tmp/ccWZZQZf.s:102156  .debug_str:0000000000036369 .LASF8194
     /tmp/ccWZZQZf.s:105548  .debug_str:0000000000043f60 .LASF8195
     /tmp/ccWZZQZf.s:94730  .debug_str:000000000001790a .LASF8196
     /tmp/ccWZZQZf.s:102164  .debug_str:00000000000363ce .LASF8197
     /tmp/ccWZZQZf.s:105556  .debug_str:0000000000043fd7 .LASF8198
     /tmp/ccWZZQZf.s:105748  .debug_str:0000000000044bef .LASF8199
     /tmp/ccWZZQZf.s:104386  .debug_str:000000000003f088 .LASF8200
     /tmp/ccWZZQZf.s:100750  .debug_str:0000000000030594 .LASF8201
     /tmp/ccWZZQZf.s:98894  .debug_str:0000000000028da3 .LASF8202
     /tmp/ccWZZQZf.s:107012  .debug_str:000000000004a006 .LASF8203
     /tmp/ccWZZQZf.s:103274  .debug_str:000000000003a691 .LASF8204
     /tmp/ccWZZQZf.s:98428  .debug_str:0000000000026ea1 .LASF8205
     /tmp/ccWZZQZf.s:100632  .debug_str:000000000002fe7d .LASF8206
     /tmp/ccWZZQZf.s:101036  .debug_str:00000000000318d6 .LASF8207
     /tmp/ccWZZQZf.s:99944  .debug_str:000000000002d0cf .LASF8208
     /tmp/ccWZZQZf.s:107054  .debug_str:000000000004a2fe .LASF8209
     /tmp/ccWZZQZf.s:106558  .debug_str:00000000000480eb .LASF8210
     /tmp/ccWZZQZf.s:105342  .debug_str:00000000000431e8 .LASF8211
     /tmp/ccWZZQZf.s:107514  .debug_str:000000000004c329 .LASF8212
     /tmp/ccWZZQZf.s:102820  .debug_str:00000000000388b9 .LASF8213
     /tmp/ccWZZQZf.s:102308  .debug_str:0000000000036c6e .LASF8214
     /tmp/ccWZZQZf.s:93098  .debug_str:0000000000010fe4 .LASF8215
     /tmp/ccWZZQZf.s:97960  .debug_str:00000000000250f9 .LASF8216
     /tmp/ccWZZQZf.s:89604  .debug_str:0000000000002bf9 .LASF8217
     /tmp/ccWZZQZf.s:92320  .debug_str:000000000000e311 .LASF8218
     /tmp/ccWZZQZf.s:95150  .debug_str:0000000000019432 .LASF8219
     /tmp/ccWZZQZf.s:97406  .debug_str:000000000002311f .LASF8220
     /tmp/ccWZZQZf.s:103792  .debug_str:000000000003c95b .LASF8221
     /tmp/ccWZZQZf.s:98354  .debug_str:0000000000026906 .LASF8222
     /tmp/ccWZZQZf.s:101846  .debug_str:0000000000034f06 .LASF8223
     /tmp/ccWZZQZf.s:107174  .debug_str:000000000004aaeb .LASF8224
     /tmp/ccWZZQZf.s:101748  .debug_str:0000000000034829 .LASF8225
     /tmp/ccWZZQZf.s:94104  .debug_str:0000000000014f83 .LASF8226
     /tmp/ccWZZQZf.s:97626  .debug_str:0000000000023ff3 .LASF8227
     /tmp/ccWZZQZf.s:98674  .debug_str:0000000000027f6f .LASF8228
     /tmp/ccWZZQZf.s:98752  .debug_str:0000000000028499 .LASF8229
     /tmp/ccWZZQZf.s:92418  .debug_str:000000000000e83d .LASF8230
     /tmp/ccWZZQZf.s:99054  .debug_str:0000000000029820 .LASF8231
     /tmp/ccWZZQZf.s:107672  .debug_str:000000000004ced2 .LASF8232
     /tmp/ccWZZQZf.s:94090  .debug_str:0000000000014ea0 .LASF8233
     /tmp/ccWZZQZf.s:94048  .debug_str:0000000000014bd7 .LASF8234
     /tmp/ccWZZQZf.s:97306  .debug_str:00000000000229a1 .LASF8235
     /tmp/ccWZZQZf.s:90982  .debug_str:0000000000008932 .LASF8236
     /tmp/ccWZZQZf.s:95272  .debug_str:0000000000019d43 .LASF8237
     /tmp/ccWZZQZf.s:95806  .debug_str:000000000001c2ed .LASF8238
     /tmp/ccWZZQZf.s:107748  .debug_str:000000000004d466 .LASF8239
     /tmp/ccWZZQZf.s:91286  .debug_str:0000000000009ded .LASF8240
     /tmp/ccWZZQZf.s:105478  .debug_str:0000000000043b04 .LASF8241
     /tmp/ccWZZQZf.s:95000  .debug_str:0000000000018a3c .LASF8242
     /tmp/ccWZZQZf.s:105438  .debug_str:000000000004388f .LASF8243
     /tmp/ccWZZQZf.s:106460  .debug_str:0000000000047a03 .LASF8244
     /tmp/ccWZZQZf.s:100472  .debug_str:000000000002f314 .LASF8245
     /tmp/ccWZZQZf.s:93704  .debug_str:0000000000013733 .LASF8246
     /tmp/ccWZZQZf.s:91416  .debug_str:000000000000a657 .LASF8247
     /tmp/ccWZZQZf.s:93630  .debug_str:00000000000132c5 .LASF8248
     /tmp/ccWZZQZf.s:104912  .debug_str:000000000004156f .LASF8249
     /tmp/ccWZZQZf.s:100114  .debug_str:000000000002dae2 .LASF8250
     /tmp/ccWZZQZf.s:96766  .debug_str:0000000000020692 .LASF8251
     /tmp/ccWZZQZf.s:101228  .debug_str:00000000000325e0 .LASF8252
     /tmp/ccWZZQZf.s:107172  .debug_str:000000000004aacc .LASF8253
     /tmp/ccWZZQZf.s:101932  .debug_str:00000000000354b7 .LASF8254
     /tmp/ccWZZQZf.s:107216  .debug_str:000000000004adb0 .LASF8255
     /tmp/ccWZZQZf.s:107524  .debug_str:000000000004c433 .LASF8256
     /tmp/ccWZZQZf.s:91978  .debug_str:000000000000cd99 .LASF8257
     /tmp/ccWZZQZf.s:100184  .debug_str:000000000002dfd0 .LASF8258
     /tmp/ccWZZQZf.s:104036  .debug_str:000000000003da76 .LASF8259
     /tmp/ccWZZQZf.s:102406  .debug_str:00000000000372c8 .LASF8260
     /tmp/ccWZZQZf.s:90364  .debug_str:0000000000005fe0 .LASF8261
     /tmp/ccWZZQZf.s:107108  .debug_str:000000000004a696 .LASF8262
     /tmp/ccWZZQZf.s:91020  .debug_str:0000000000008c16 .LASF8263
     /tmp/ccWZZQZf.s:105826  .debug_str:0000000000045080 .LASF8264
     /tmp/ccWZZQZf.s:97262  .debug_str:000000000002271f .LASF8265
     /tmp/ccWZZQZf.s:100100  .debug_str:000000000002da21 .LASF8266
     /tmp/ccWZZQZf.s:95594  .debug_str:000000000001b3b7 .LASF8267
     /tmp/ccWZZQZf.s:105346  .debug_str:0000000000043218 .LASF8268
     /tmp/ccWZZQZf.s:107250  .debug_str:000000000004b002 .LASF8269
     /tmp/ccWZZQZf.s:102938  .debug_str:0000000000038f2d .LASF8270
     /tmp/ccWZZQZf.s:100992  .debug_str:0000000000031567 .LASF8271
     /tmp/ccWZZQZf.s:105332  .debug_str:0000000000043178 .LASF8272
     /tmp/ccWZZQZf.s:99562  .debug_str:000000000002b83c .LASF8273
     /tmp/ccWZZQZf.s:94840  .debug_str:0000000000018055 .LASF8274
     /tmp/ccWZZQZf.s:93280  .debug_str:0000000000011bfa .LASF8275
     /tmp/ccWZZQZf.s:97672  .debug_str:0000000000024211 .LASF8276
     /tmp/ccWZZQZf.s:92026  .debug_str:000000000000d0ae .LASF8277
     /tmp/ccWZZQZf.s:99158  .debug_str:0000000000029e80 .LASF8278
     /tmp/ccWZZQZf.s:94698  .debug_str:0000000000017746 .LASF8279
     /tmp/ccWZZQZf.s:92040  .debug_str:000000000000d1b6 .LASF8280
     /tmp/ccWZZQZf.s:103816  .debug_str:000000000003cb62 .LASF8281
     /tmp/ccWZZQZf.s:95724  .debug_str:000000000001bce7 .LASF8282
     /tmp/ccWZZQZf.s:106692  .debug_str:00000000000489fd .LASF8283
     /tmp/ccWZZQZf.s:104060  .debug_str:000000000003dbfd .LASF8284
     /tmp/ccWZZQZf.s:95864  .debug_str:000000000001c68e .LASF8285
     /tmp/ccWZZQZf.s:107162  .debug_str:000000000004aa28 .LASF8286
     /tmp/ccWZZQZf.s:91038  .debug_str:0000000000008d4e .LASF8287
     /tmp/ccWZZQZf.s:97138  .debug_str:0000000000021ec3 .LASF8288
     /tmp/ccWZZQZf.s:102838  .debug_str:0000000000038a0c .LASF8289
     /tmp/ccWZZQZf.s:104622  .debug_str:0000000000040170 .LASF8290
     /tmp/ccWZZQZf.s:92898  .debug_str:0000000000010367 .LASF8291
     /tmp/ccWZZQZf.s:102478  .debug_str:00000000000376cd .LASF8292
     /tmp/ccWZZQZf.s:89746  .debug_str:0000000000003582 .LASF8293
     /tmp/ccWZZQZf.s:99506  .debug_str:000000000002b4e2 .LASF8294
     /tmp/ccWZZQZf.s:107296  .debug_str:000000000004b33a .LASF8295
     /tmp/ccWZZQZf.s:103972  .debug_str:000000000003d5f2 .LASF8296
     /tmp/ccWZZQZf.s:102178  .debug_str:00000000000364be .LASF8297
     /tmp/ccWZZQZf.s:106882  .debug_str:0000000000049653 .LASF8298
     /tmp/ccWZZQZf.s:93146  .debug_str:0000000000011223 .LASF8299
     /tmp/ccWZZQZf.s:90918  .debug_str:00000000000084d2 .LASF8300
     /tmp/ccWZZQZf.s:104452  .debug_str:000000000003f43e .LASF8301
     /tmp/ccWZZQZf.s:92058  .debug_str:000000000000d2df .LASF8302
     /tmp/ccWZZQZf.s:107678  .debug_str:000000000004cf45 .LASF8303
     /tmp/ccWZZQZf.s:94282  .debug_str:0000000000015ab2 .LASF8304
     /tmp/ccWZZQZf.s:91142  .debug_str:00000000000093e8 .LASF8305
     /tmp/ccWZZQZf.s:98604  .debug_str:0000000000027a75 .LASF8306
     /tmp/ccWZZQZf.s:91036  .debug_str:0000000000008d29 .LASF8307
     /tmp/ccWZZQZf.s:95016  .debug_str:0000000000018b17 .LASF8308
     /tmp/ccWZZQZf.s:91524  .debug_str:000000000000ae37 .LASF8309
     /tmp/ccWZZQZf.s:94150  .debug_str:0000000000015297 .LASF8310
     /tmp/ccWZZQZf.s:94726  .debug_str:00000000000178d3 .LASF8311
     /tmp/ccWZZQZf.s:91526  .debug_str:000000000000ae49 .LASF8312
     /tmp/ccWZZQZf.s:107198  .debug_str:000000000004ac6e .LASF8313
     /tmp/ccWZZQZf.s:92022  .debug_str:000000000000d08a .LASF8314
     /tmp/ccWZZQZf.s:94330  .debug_str:0000000000015de3 .LASF8315
     /tmp/ccWZZQZf.s:91812  .debug_str:000000000000c214 .LASF8316
     /tmp/ccWZZQZf.s:96146  .debug_str:000000000001da60 .LASF8317
     /tmp/ccWZZQZf.s:103492  .debug_str:000000000003b5b8 .LASF8318
     /tmp/ccWZZQZf.s:101658  .debug_str:000000000003417c .LASF8319
     /tmp/ccWZZQZf.s:99396  .debug_str:000000000002ada5 .LASF8320
     /tmp/ccWZZQZf.s:94684  .debug_str:00000000000176c1 .LASF8321
     /tmp/ccWZZQZf.s:102594  .debug_str:0000000000037d95 .LASF8322
     /tmp/ccWZZQZf.s:99790  .debug_str:000000000002c67b .LASF8323
     /tmp/ccWZZQZf.s:97030  .debug_str:000000000002182a .LASF8324
     /tmp/ccWZZQZf.s:104802  .debug_str:0000000000040d5d .LASF8325
     /tmp/ccWZZQZf.s:90108  .debug_str:0000000000004eb8 .LASF8326
     /tmp/ccWZZQZf.s:101938  .debug_str:000000000003550e .LASF8327
     /tmp/ccWZZQZf.s:106442  .debug_str:000000000004788b .LASF8328
     /tmp/ccWZZQZf.s:96426  .debug_str:000000000001edfc .LASF8329
     /tmp/ccWZZQZf.s:100230  .debug_str:000000000002e24b .LASF8330
     /tmp/ccWZZQZf.s:90658  .debug_str:0000000000007402 .LASF8331
     /tmp/ccWZZQZf.s:98724  .debug_str:0000000000028285 .LASF8332
     /tmp/ccWZZQZf.s:107192  .debug_str:000000000004abf1 .LASF8333
     /tmp/ccWZZQZf.s:105460  .debug_str:00000000000439b1 .LASF8334
     /tmp/ccWZZQZf.s:97776  .debug_str:00000000000247e2 .LASF8335
     /tmp/ccWZZQZf.s:99362  .debug_str:000000000002abbe .LASF8336
     /tmp/ccWZZQZf.s:91992  .debug_str:000000000000ce9d .LASF8337
     /tmp/ccWZZQZf.s:95524  .debug_str:000000000001ae91 .LASF8338
     /tmp/ccWZZQZf.s:94478  .debug_str:00000000000167af .LASF8339
     /tmp/ccWZZQZf.s:102120  .debug_str:00000000000360c7 .LASF8340
     /tmp/ccWZZQZf.s:102050  .debug_str:0000000000035cbf .LASF8341
     /tmp/ccWZZQZf.s:104998  .debug_str:0000000000041a22 .LASF8342
     /tmp/ccWZZQZf.s:93298  .debug_str:0000000000011d54 .LASF8343
     /tmp/ccWZZQZf.s:89598  .debug_str:0000000000002ba6 .LASF8344
     /tmp/ccWZZQZf.s:96648  .debug_str:000000000001fe5a .LASF8345
     /tmp/ccWZZQZf.s:95844  .debug_str:000000000001c547 .LASF8346
     /tmp/ccWZZQZf.s:100292  .debug_str:000000000002e752 .LASF8347
     /tmp/ccWZZQZf.s:104304  .debug_str:000000000003eb72 .LASF8348
     /tmp/ccWZZQZf.s:107332  .debug_str:000000000004b604 .LASF8349
     /tmp/ccWZZQZf.s:103022  .debug_str:0000000000039508 .LASF8350
     /tmp/ccWZZQZf.s:102800  .debug_str:0000000000038758 .LASF8351
     /tmp/ccWZZQZf.s:104476  .debug_str:000000000003f62d .LASF8352
     /tmp/ccWZZQZf.s:106820  .debug_str:0000000000049237 .LASF8353
     /tmp/ccWZZQZf.s:95638  .debug_str:000000000001b6e9 .LASF8354
     /tmp/ccWZZQZf.s:102910  .debug_str:0000000000038dc5 .LASF8355
     /tmp/ccWZZQZf.s:90118  .debug_str:0000000000004f3a .LASF8356
     /tmp/ccWZZQZf.s:103990  .debug_str:000000000003d715 .LASF8357
     /tmp/ccWZZQZf.s:97948  .debug_str:0000000000025011 .LASF8358
     /tmp/ccWZZQZf.s:95484  .debug_str:000000000001ac18 .LASF8359
     /tmp/ccWZZQZf.s:93668  .debug_str:000000000001350a .LASF8360
     /tmp/ccWZZQZf.s:94572  .debug_str:0000000000016e28 .LASF8361
     /tmp/ccWZZQZf.s:101008  .debug_str:000000000003170e .LASF8362
     /tmp/ccWZZQZf.s:99462  .debug_str:000000000002b1e0 .LASF8363
     /tmp/ccWZZQZf.s:98526  .debug_str:000000000002755f .LASF8364
     /tmp/ccWZZQZf.s:95140  .debug_str:00000000000193ad .LASF8365
     /tmp/ccWZZQZf.s:96484  .debug_str:000000000001f23d .LASF8366
     /tmp/ccWZZQZf.s:103308  .debug_str:000000000003a84c .LASF8367
     /tmp/ccWZZQZf.s:103038  .debug_str:0000000000039603 .LASF8368
     /tmp/ccWZZQZf.s:92182  .debug_str:000000000000da23 .LASF8369
     /tmp/ccWZZQZf.s:103176  .debug_str:0000000000039f75 .LASF8370
     /tmp/ccWZZQZf.s:92072  .debug_str:000000000000d3d2 .LASF8371
     /tmp/ccWZZQZf.s:91486  .debug_str:000000000000ab20 .LASF8372
     /tmp/ccWZZQZf.s:99222  .debug_str:000000000002a2c1 .LASF8373
     /tmp/ccWZZQZf.s:106580  .debug_str:0000000000048302 .LASF8374
     /tmp/ccWZZQZf.s:91156  .debug_str:00000000000094f3 .LASF8375
     /tmp/ccWZZQZf.s:106354  .debug_str:000000000004729b .LASF8376
     /tmp/ccWZZQZf.s:106606  .debug_str:00000000000484ac .LASF8377
     /tmp/ccWZZQZf.s:91182  .debug_str:0000000000009727 .LASF8378
     /tmp/ccWZZQZf.s:106034  .debug_str:0000000000045d45 .LASF8379
     /tmp/ccWZZQZf.s:89854  .debug_str:0000000000003cc0 .LASF8380
     /tmp/ccWZZQZf.s:98782  .debug_str:000000000002870f .LASF8381
     /tmp/ccWZZQZf.s:102752  .debug_str:0000000000038561 .LASF8382
     /tmp/ccWZZQZf.s:91928  .debug_str:000000000000ca1a .LASF8383
     /tmp/ccWZZQZf.s:104226  .debug_str:000000000003e64e .LASF8384
     /tmp/ccWZZQZf.s:105436  .debug_str:0000000000043866 .LASF8385
     /tmp/ccWZZQZf.s:99658  .debug_str:000000000002be9d .LASF8386
     /tmp/ccWZZQZf.s:105142  .debug_str:0000000000042505 .LASF8387
     /tmp/ccWZZQZf.s:89190  .debug_str:0000000000000e5c .LASF8388
     /tmp/ccWZZQZf.s:94318  .debug_str:0000000000015ccd .LASF8389
     /tmp/ccWZZQZf.s:91488  .debug_str:000000000000ab45 .LASF8390
     /tmp/ccWZZQZf.s:94950  .debug_str:0000000000018639 .LASF8391
     /tmp/ccWZZQZf.s:100252  .debug_str:000000000002e3fa .LASF8392
     /tmp/ccWZZQZf.s:90120  .debug_str:0000000000004f4e .LASF8393
     /tmp/ccWZZQZf.s:91462  .debug_str:000000000000a9a6 .LASF8394
     /tmp/ccWZZQZf.s:102256  .debug_str:00000000000369fd .LASF8395
     /tmp/ccWZZQZf.s:89626  .debug_str:0000000000002d78 .LASF8396
     /tmp/ccWZZQZf.s:94722  .debug_str:0000000000017892 .LASF8397
     /tmp/ccWZZQZf.s:102004  .debug_str:00000000000359a4 .LASF8398
     /tmp/ccWZZQZf.s:100506  .debug_str:000000000002f554 .LASF8399
     /tmp/ccWZZQZf.s:90784  .debug_str:0000000000007bff .LASF8400
     /tmp/ccWZZQZf.s:107606  .debug_str:000000000004ca41 .LASF8401
     /tmp/ccWZZQZf.s:98546  .debug_str:00000000000276b1 .LASF8402
     /tmp/ccWZZQZf.s:91264  .debug_str:0000000000009c59 .LASF8403
     /tmp/ccWZZQZf.s:101044  .debug_str:0000000000031935 .LASF8404
     /tmp/ccWZZQZf.s:107258  .debug_str:000000000004b09a .LASF8405
     /tmp/ccWZZQZf.s:100010  .debug_str:000000000002d4cd .LASF8406
     /tmp/ccWZZQZf.s:97034  .debug_str:0000000000021866 .LASF8407
     /tmp/ccWZZQZf.s:98040  .debug_str:00000000000254a5 .LASF8408
     /tmp/ccWZZQZf.s:89316  .debug_str:00000000000016eb .LASF8409
     /tmp/ccWZZQZf.s:90144  .debug_str:00000000000050b5 .LASF8410
     /tmp/ccWZZQZf.s:107256  .debug_str:000000000004b08d .LASF8411
     /tmp/ccWZZQZf.s:103366  .debug_str:000000000003ac6f .LASF8412
     /tmp/ccWZZQZf.s:101756  .debug_str:0000000000034883 .LASF8413
     /tmp/ccWZZQZf.s:101890  .debug_str:00000000000351b4 .LASF8414
     /tmp/ccWZZQZf.s:96798  .debug_str:0000000000020858 .LASF8415
     /tmp/ccWZZQZf.s:103926  .debug_str:000000000003d328 .LASF8416
     /tmp/ccWZZQZf.s:94642  .debug_str:0000000000017374 .LASF8417
     /tmp/ccWZZQZf.s:92516  .debug_str:000000000000ed4c .LASF8418
     /tmp/ccWZZQZf.s:100370  .debug_str:000000000002ec57 .LASF8419
     /tmp/ccWZZQZf.s:90788  .debug_str:0000000000007c3d .LASF8420
     /tmp/ccWZZQZf.s:91294  .debug_str:0000000000009ea4 .LASF8421
     /tmp/ccWZZQZf.s:93206  .debug_str:00000000000116b3 .LASF8422
     /tmp/ccWZZQZf.s:106766  .debug_str:0000000000048ea9 .LASF8423
     /tmp/ccWZZQZf.s:95616  .debug_str:000000000001b51d .LASF8424
     /tmp/ccWZZQZf.s:102012  .debug_str:0000000000035a29 .LASF8425
     /tmp/ccWZZQZf.s:94974  .debug_str:0000000000018847 .LASF8426
     /tmp/ccWZZQZf.s:107442  .debug_str:000000000004bccc .LASF8427
     /tmp/ccWZZQZf.s:97310  .debug_str:0000000000022a06 .LASF8428
     /tmp/ccWZZQZf.s:104652  .debug_str:00000000000403be .LASF8429
     /tmp/ccWZZQZf.s:107898  .debug_str:000000000004dd95 .LASF8430
     /tmp/ccWZZQZf.s:105262  .debug_str:0000000000042c74 .LASF8431
     /tmp/ccWZZQZf.s:95442  .debug_str:000000000001a993 .LASF8432
     /tmp/ccWZZQZf.s:100954  .debug_str:000000000003128d .LASF8433
     /tmp/ccWZZQZf.s:92272  .debug_str:000000000000e028 .LASF8434
     /tmp/ccWZZQZf.s:107860  .debug_str:000000000004db2c .LASF8435
     /tmp/ccWZZQZf.s:100068  .debug_str:000000000002d87a .LASF8436
     /tmp/ccWZZQZf.s:103954  .debug_str:000000000003d4f0 .LASF8437
     /tmp/ccWZZQZf.s:107144  .debug_str:000000000004a92a .LASF8438
     /tmp/ccWZZQZf.s:92474  .debug_str:000000000000ea3d .LASF8439
     /tmp/ccWZZQZf.s:92890  .debug_str:000000000001030a .LASF8440
     /tmp/ccWZZQZf.s:103410  .debug_str:000000000003afc8 .LASF8441
     /tmp/ccWZZQZf.s:103200  .debug_str:000000000003a121 .LASF8442
     /tmp/ccWZZQZf.s:92892  .debug_str:000000000001031a .LASF8443
     /tmp/ccWZZQZf.s:103412  .debug_str:000000000003afd8 .LASF8444
     /tmp/ccWZZQZf.s:90156  .debug_str:0000000000005181 .LASF8445
     /tmp/ccWZZQZf.s:94438  .debug_str:0000000000016569 .LASF8446
     /tmp/ccWZZQZf.s:95994  .debug_str:000000000001cf37 .LASF8447
     /tmp/ccWZZQZf.s:100622  .debug_str:000000000002fdb0 .LASF8448
     /tmp/ccWZZQZf.s:103546  .debug_str:000000000003b950 .LASF8449
     /tmp/ccWZZQZf.s:98548  .debug_str:00000000000276c3 .LASF8450
     /tmp/ccWZZQZf.s:103784  .debug_str:000000000003c8fc .LASF8451
     /tmp/ccWZZQZf.s:103548  .debug_str:000000000003b960 .LASF8452
     /tmp/ccWZZQZf.s:94754  .debug_str:0000000000017a98 .LASF8453
     /tmp/ccWZZQZf.s:97662  .debug_str:0000000000024124 .LASF8454
     /tmp/ccWZZQZf.s:103550  .debug_str:000000000003b970 .LASF8455
     /tmp/ccWZZQZf.s:94756  .debug_str:0000000000017aa8 .LASF8456
     /tmp/ccWZZQZf.s:100236  .debug_str:000000000002e2fe .LASF8457
     /tmp/ccWZZQZf.s:104562  .debug_str:000000000003fcb5 .LASF8458
     /tmp/ccWZZQZf.s:94758  .debug_str:0000000000017ab8 .LASF8459
     /tmp/ccWZZQZf.s:104706  .debug_str:0000000000040711 .LASF8460
     /tmp/ccWZZQZf.s:96892  .debug_str:0000000000020f5e .LASF8461
     /tmp/ccWZZQZf.s:100070  .debug_str:000000000002d89b .LASF8462
     /tmp/ccWZZQZf.s:103542  .debug_str:000000000003b917 .LASF8463
     /tmp/ccWZZQZf.s:94124  .debug_str:0000000000015083 .LASF8464
     /tmp/ccWZZQZf.s:103544  .debug_str:000000000003b940 .LASF8465
     /tmp/ccWZZQZf.s:93878  .debug_str:00000000000141f7 .LASF8466
     /tmp/ccWZZQZf.s:89950  .debug_str:0000000000004413 .LASF8467
     /tmp/ccWZZQZf.s:91834  .debug_str:000000000000c3f0 .LASF8468
     /tmp/ccWZZQZf.s:107312  .debug_str:000000000004b4b8 .LASF8469
     /tmp/ccWZZQZf.s:89952  .debug_str:0000000000004429 .LASF8470
     /tmp/ccWZZQZf.s:91836  .debug_str:000000000000c406 .LASF8471
     /tmp/ccWZZQZf.s:100250  .debug_str:000000000002e3d0 .LASF8472
     /tmp/ccWZZQZf.s:89954  .debug_str:000000000000443f .LASF8473
     /tmp/ccWZZQZf.s:91838  .debug_str:000000000000c41c .LASF8474
     /tmp/ccWZZQZf.s:94136  .debug_str:000000000001518f .LASF8475
     /tmp/ccWZZQZf.s:106242  .debug_str:0000000000046b83 .LASF8476
     /tmp/ccWZZQZf.s:91840  .debug_str:000000000000c432 .LASF8477
     /tmp/ccWZZQZf.s:107182  .debug_str:000000000004ab76 .LASF8478
     /tmp/ccWZZQZf.s:89958  .debug_str:0000000000004467 .LASF8479
     /tmp/ccWZZQZf.s:91842  .debug_str:000000000000c448 .LASF8480
     /tmp/ccWZZQZf.s:101370  .debug_str:0000000000032e9d .LASF8481
     /tmp/ccWZZQZf.s:89960  .debug_str:000000000000447d .LASF8482
     /tmp/ccWZZQZf.s:91844  .debug_str:000000000000c45e .LASF8483
     /tmp/ccWZZQZf.s:95250  .debug_str:0000000000019b43 .LASF8484
     /tmp/ccWZZQZf.s:89962  .debug_str:0000000000004493 .LASF8485
     /tmp/ccWZZQZf.s:91846  .debug_str:000000000000c474 .LASF8486
     /tmp/ccWZZQZf.s:89204  .debug_str:0000000000000f43 .LASF8487
     /tmp/ccWZZQZf.s:89964  .debug_str:00000000000044a9 .LASF8488
     /tmp/ccWZZQZf.s:91848  .debug_str:000000000000c48a .LASF8489
     /tmp/ccWZZQZf.s:102310  .debug_str:0000000000036c94 .LASF8490
     /tmp/ccWZZQZf.s:96374  .debug_str:000000000001ea70 .LASF8491
     /tmp/ccWZZQZf.s:99972  .debug_str:000000000002d29c .LASF8492
     /tmp/ccWZZQZf.s:103640  .debug_str:000000000003bf7e .LASF8493
     /tmp/ccWZZQZf.s:93786  .debug_str:0000000000013c96 .LASF8494
     /tmp/ccWZZQZf.s:102764  .debug_str:0000000000038600 .LASF8495
     /tmp/ccWZZQZf.s:97542  .debug_str:00000000000239fd .LASF8496
     /tmp/ccWZZQZf.s:95296  .debug_str:0000000000019eb1 .LASF8497
     /tmp/ccWZZQZf.s:90900  .debug_str:00000000000083f8 .LASF8498
     /tmp/ccWZZQZf.s:97842  .debug_str:0000000000024acd .LASF8499
     /tmp/ccWZZQZf.s:96710  .debug_str:000000000002032e .LASF8500
     /tmp/ccWZZQZf.s:101470  .debug_str:000000000003358c .LASF8501
     /tmp/ccWZZQZf.s:106818  .debug_str:000000000004920c .LASF8502
     /tmp/ccWZZQZf.s:104160  .debug_str:000000000003e229 .LASF8503
     /tmp/ccWZZQZf.s:98478  .debug_str:000000000002724e .LASF8504
     /tmp/ccWZZQZf.s:102994  .debug_str:000000000003933a .LASF8505
     /tmp/ccWZZQZf.s:105246  .debug_str:0000000000042b69 .LASF8506
     /tmp/ccWZZQZf.s:105086  .debug_str:000000000004207e .LASF8507
     /tmp/ccWZZQZf.s:95264  .debug_str:0000000000019c6f .LASF8508
     /tmp/ccWZZQZf.s:97480  .debug_str:00000000000235df .LASF8509
     /tmp/ccWZZQZf.s:93086  .debug_str:0000000000010f28 .LASF8510
     /tmp/ccWZZQZf.s:93482  .debug_str:00000000000128a8 .LASF8511
     /tmp/ccWZZQZf.s:100306  .debug_str:000000000002e87c .LASF8512
     /tmp/ccWZZQZf.s:93214  .debug_str:000000000001172b .LASF8513
     /tmp/ccWZZQZf.s:99490  .debug_str:000000000002b3dd .LASF8514
     /tmp/ccWZZQZf.s:93954  .debug_str:00000000000145e7 .LASF8515
     /tmp/ccWZZQZf.s:93328  .debug_str:0000000000011f50 .LASF8516
     /tmp/ccWZZQZf.s:91636  .debug_str:000000000000b690 .LASF8517
     /tmp/ccWZZQZf.s:104910  .debug_str:0000000000041564 .LASF8518
     /tmp/ccWZZQZf.s:105166  .debug_str:00000000000426a5 .LASF8519
     /tmp/ccWZZQZf.s:99180  .debug_str:0000000000029f98 .LASF8520
     /tmp/ccWZZQZf.s:103598  .debug_str:000000000003bcef .LASF8521
     /tmp/ccWZZQZf.s:107908  .debug_str:000000000004de55 .LASF8522
     /tmp/ccWZZQZf.s:91810  .debug_str:000000000000c1ea .LASF8523
     /tmp/ccWZZQZf.s:104922  .debug_str:00000000000415e8 .LASF8524
     /tmp/ccWZZQZf.s:98672  .debug_str:0000000000027f60 .LASF8525
     /tmp/ccWZZQZf.s:98558  .debug_str:0000000000027754 .LASF8526
     /tmp/ccWZZQZf.s:92788  .debug_str:000000000000fc8c .LASF8527
     /tmp/ccWZZQZf.s:107320  .debug_str:000000000004b549 .LASF8528
     /tmp/ccWZZQZf.s:107306  .debug_str:000000000004b40e .LASF8529
     /tmp/ccWZZQZf.s:103762  .debug_str:000000000003c79f .LASF8530
     /tmp/ccWZZQZf.s:99130  .debug_str:0000000000029c88 .LASF8531
     /tmp/ccWZZQZf.s:99216  .debug_str:000000000002a24a .LASF8532
     /tmp/ccWZZQZf.s:101410  .debug_str:0000000000033141 .LASF8533
     /tmp/ccWZZQZf.s:94694  .debug_str:0000000000017715 .LASF8534
     /tmp/ccWZZQZf.s:98854  .debug_str:0000000000028a99 .LASF8535
     /tmp/ccWZZQZf.s:92742  .debug_str:000000000000fa94 .LASF8536
     /tmp/ccWZZQZf.s:103678  .debug_str:000000000003c23b .LASF8537
     /tmp/ccWZZQZf.s:108014  .debug_str:000000000004e5e6 .LASF8538
     /tmp/ccWZZQZf.s:104292  .debug_str:000000000003eab8 .LASF8539
     /tmp/ccWZZQZf.s:90786  .debug_str:0000000000007c26 .LASF8540
     /tmp/ccWZZQZf.s:99090  .debug_str:0000000000029aa9 .LASF8541
     /tmp/ccWZZQZf.s:103572  .debug_str:000000000003bb18 .LASF8542
     /tmp/ccWZZQZf.s:89658  .debug_str:0000000000003065 .LASF8543
     /tmp/ccWZZQZf.s:89912  .debug_str:0000000000004110 .LASF8544
     /tmp/ccWZZQZf.s:103574  .debug_str:000000000003bb31 .LASF8545
     /tmp/ccWZZQZf.s:89660  .debug_str:000000000000307e .LASF8546
     /tmp/ccWZZQZf.s:96098  .debug_str:000000000001d6da .LASF8547
     /tmp/ccWZZQZf.s:103576  .debug_str:000000000003bb4a .LASF8548
     /tmp/ccWZZQZf.s:89662  .debug_str:0000000000003097 .LASF8549
     /tmp/ccWZZQZf.s:96988  .debug_str:000000000002162d .LASF8550
     /tmp/ccWZZQZf.s:103578  .debug_str:000000000003bb63 .LASF8551
     /tmp/ccWZZQZf.s:89664  .debug_str:00000000000030b0 .LASF8552
     /tmp/ccWZZQZf.s:90842  .debug_str:0000000000007f80 .LASF8553
     /tmp/ccWZZQZf.s:103580  .debug_str:000000000003bb7c .LASF8554
     /tmp/ccWZZQZf.s:89666  .debug_str:00000000000030c9 .LASF8555
     /tmp/ccWZZQZf.s:103986  .debug_str:000000000003d6b4 .LASF8556
     /tmp/ccWZZQZf.s:105594  .debug_str:00000000000441e6 .LASF8557
     /tmp/ccWZZQZf.s:105072  .debug_str:0000000000041fa6 .LASF8558
     /tmp/ccWZZQZf.s:99582  .debug_str:000000000002b9e4 .LASF8559
     /tmp/ccWZZQZf.s:94912  .debug_str:000000000001848a .LASF8560
     /tmp/ccWZZQZf.s:97454  .debug_str:000000000002342e .LASF8561
     /tmp/ccWZZQZf.s:97478  .debug_str:00000000000235be .LASF8562
     /tmp/ccWZZQZf.s:99522  .debug_str:000000000002b5ac .LASF8563
     /tmp/ccWZZQZf.s:93660  .debug_str:000000000001349d .LASF8564
     /tmp/ccWZZQZf.s:97534  .debug_str:000000000002396e .LASF8565
     /tmp/ccWZZQZf.s:92134  .debug_str:000000000000d7cc .LASF8566
     /tmp/ccWZZQZf.s:100836  .debug_str:0000000000030b0e .LASF8567
     /tmp/ccWZZQZf.s:100968  .debug_str:000000000003138e .LASF8568
     /tmp/ccWZZQZf.s:95762  .debug_str:000000000001bfa1 .LASF8569
     /tmp/ccWZZQZf.s:105704  .debug_str:00000000000448ed .LASF8570
     /tmp/ccWZZQZf.s:101314  .debug_str:0000000000032ae6 .LASF8571
     /tmp/ccWZZQZf.s:100356  .debug_str:000000000002eb8b .LASF8572
     /tmp/ccWZZQZf.s:93844  .debug_str:0000000000013fdf .LASF8573
     /tmp/ccWZZQZf.s:97590  .debug_str:0000000000023db1 .LASF8574
     /tmp/ccWZZQZf.s:95028  .debug_str:0000000000018bbe .LASF8575
     /tmp/ccWZZQZf.s:94356  .debug_str:0000000000015f64 .LASF8576
     /tmp/ccWZZQZf.s:103806  .debug_str:000000000003cab4 .LASF8577
     /tmp/ccWZZQZf.s:94924  .debug_str:0000000000018516 .LASF8578
     /tmp/ccWZZQZf.s:94408  .debug_str:00000000000162e2 .LASF8579
     /tmp/ccWZZQZf.s:103174  .debug_str:0000000000039f4d .LASF8580
     /tmp/ccWZZQZf.s:89906  .debug_str:000000000000409c .LASF8581
     /tmp/ccWZZQZf.s:89580  .debug_str:0000000000002a07 .LASF8582
     /tmp/ccWZZQZf.s:96894  .debug_str:0000000000020f73 .LASF8583
     /tmp/ccWZZQZf.s:89966  .debug_str:00000000000044bf .LASF8584
     /tmp/ccWZZQZf.s:100444  .debug_str:000000000002f158 .LASF8585
     /tmp/ccWZZQZf.s:107474  .debug_str:000000000004bf8a .LASF8586
     /tmp/ccWZZQZf.s:90822  .debug_str:0000000000007e37 .LASF8587
     /tmp/ccWZZQZf.s:99744  .debug_str:000000000002c3ce .LASF8588
     /tmp/ccWZZQZf.s:106896  .debug_str:0000000000049755 .LASF8589
     /tmp/ccWZZQZf.s:101520  .debug_str:0000000000033839 .LASF8590
     /tmp/ccWZZQZf.s:106510  .debug_str:0000000000047d7b .LASF8591
     /tmp/ccWZZQZf.s:99400  .debug_str:000000000002adc8 .LASF8592
     /tmp/ccWZZQZf.s:90700  .debug_str:00000000000076f1 .LASF8593
     /tmp/ccWZZQZf.s:106556  .debug_str:00000000000480d8 .LASF8594
     /tmp/ccWZZQZf.s:96132  .debug_str:000000000001d957 .LASF8595
     /tmp/ccWZZQZf.s:90702  .debug_str:0000000000007704 .LASF8596
     /tmp/ccWZZQZf.s:96290  .debug_str:000000000001e4b1 .LASF8597
     /tmp/ccWZZQZf.s:105904  .debug_str:00000000000454a0 .LASF8598
     /tmp/ccWZZQZf.s:101768  .debug_str:000000000003495a .LASF8599
     /tmp/ccWZZQZf.s:90216  .debug_str:0000000000005677 .LASF8600
     /tmp/ccWZZQZf.s:104846  .debug_str:000000000004109c .LASF8601
     /tmp/ccWZZQZf.s:101770  .debug_str:000000000003496e .LASF8602
     /tmp/ccWZZQZf.s:90218  .debug_str:000000000000568b .LASF8603
     /tmp/ccWZZQZf.s:98848  .debug_str:0000000000028a37 .LASF8604
     /tmp/ccWZZQZf.s:101772  .debug_str:0000000000034982 .LASF8605
     /tmp/ccWZZQZf.s:90220  .debug_str:000000000000569f .LASF8606
     /tmp/ccWZZQZf.s:92832  .debug_str:000000000000ffad .LASF8607
     /tmp/ccWZZQZf.s:101774  .debug_str:0000000000034996 .LASF8608
     /tmp/ccWZZQZf.s:96992  .debug_str:0000000000021661 .LASF8609
     /tmp/ccWZZQZf.s:92376  .debug_str:000000000000e5a3 .LASF8610
     /tmp/ccWZZQZf.s:101776  .debug_str:00000000000349aa .LASF8611
     /tmp/ccWZZQZf.s:90224  .debug_str:00000000000056f6 .LASF8612
     /tmp/ccWZZQZf.s:99842  .debug_str:000000000002c9ad .LASF8613
     /tmp/ccWZZQZf.s:94486  .debug_str:0000000000016833 .LASF8614
     /tmp/ccWZZQZf.s:91772  .debug_str:000000000000bfab .LASF8615
     /tmp/ccWZZQZf.s:89576  .debug_str:00000000000029c2 .LASF8616
     /tmp/ccWZZQZf.s:90798  .debug_str:0000000000007ccb .LASF8617
     /tmp/ccWZZQZf.s:97452  .debug_str:000000000002341c .LASF8618
     /tmp/ccWZZQZf.s:97980  .debug_str:0000000000025232 .LASF8619
     /tmp/ccWZZQZf.s:90800  .debug_str:0000000000007cdd .LASF8620
     /tmp/ccWZZQZf.s:91776  .debug_str:000000000000bfc9 .LASF8621
     /tmp/ccWZZQZf.s:107750  .debug_str:000000000004d477 .LASF8622
     /tmp/ccWZZQZf.s:89344  .debug_str:00000000000018e8 .LASF8623
     /tmp/ccWZZQZf.s:90312  .debug_str:0000000000005c97 .LASF8624
     /tmp/ccWZZQZf.s:106342  .debug_str:00000000000471e2 .LASF8625
     /tmp/ccWZZQZf.s:89346  .debug_str:00000000000018fa .LASF8626
     /tmp/ccWZZQZf.s:90314  .debug_str:0000000000005ca9 .LASF8627
     /tmp/ccWZZQZf.s:100330  .debug_str:000000000002e9a5 .LASF8628
     /tmp/ccWZZQZf.s:105326  .debug_str:000000000004312c .LASF8629
     /tmp/ccWZZQZf.s:90316  .debug_str:0000000000005cbb .LASF8630
     /tmp/ccWZZQZf.s:94206  .debug_str:00000000000156b1 .LASF8631
     /tmp/ccWZZQZf.s:106504  .debug_str:0000000000047d47 .LASF8632
     /tmp/ccWZZQZf.s:100320  .debug_str:000000000002e944 .LASF8633
     /tmp/ccWZZQZf.s:96768  .debug_str:000000000002069d .LASF8634
     /tmp/ccWZZQZf.s:105158  .debug_str:000000000004261e .LASF8635
     /tmp/ccWZZQZf.s:106718  .debug_str:0000000000048bbd .LASF8636
     /tmp/ccWZZQZf.s:100442  .debug_str:000000000002f132 .LASF8637
     /tmp/ccWZZQZf.s:89448  .debug_str:0000000000002061 .LASF8638
     /tmp/ccWZZQZf.s:101542  .debug_str:00000000000339cb .LASF8639
     /tmp/ccWZZQZf.s:101954  .debug_str:0000000000035624 .LASF8640
     /tmp/ccWZZQZf.s:93442  .debug_str:00000000000125de .LASF8641
     /tmp/ccWZZQZf.s:106984  .debug_str:0000000000049e3b .LASF8642
     /tmp/ccWZZQZf.s:98402  .debug_str:0000000000026c87 .LASF8643
     /tmp/ccWZZQZf.s:95908  .debug_str:000000000001c95e .LASF8644
     /tmp/ccWZZQZf.s:106264  .debug_str:0000000000046d08 .LASF8645
     /tmp/ccWZZQZf.s:94598  .debug_str:0000000000017010 .LASF8646
     /tmp/ccWZZQZf.s:99046  .debug_str:0000000000029785 .LASF8647
     /tmp/ccWZZQZf.s:105152  .debug_str:00000000000425d3 .LASF8648
     /tmp/ccWZZQZf.s:103524  .debug_str:000000000003b835 .LASF8649
     /tmp/ccWZZQZf.s:93750  .debug_str:0000000000013a43 .LASF8650
     /tmp/ccWZZQZf.s:98054  .debug_str:00000000000255cd .LASF8651
     /tmp/ccWZZQZf.s:98320  .debug_str:0000000000026789 .LASF8652
     /tmp/ccWZZQZf.s:97922  .debug_str:0000000000024e8b .LASF8653
     /tmp/ccWZZQZf.s:91566  .debug_str:000000000000b123 .LASF8654
     /tmp/ccWZZQZf.s:102142  .debug_str:0000000000036260 .LASF8655
     /tmp/ccWZZQZf.s:96424  .debug_str:000000000001eddf .LASF8656
     /tmp/ccWZZQZf.s:90098  .debug_str:0000000000004de5 .LASF8657
     /tmp/ccWZZQZf.s:107662  .debug_str:000000000004cded .LASF8658
     /tmp/ccWZZQZf.s:89870  .debug_str:0000000000003dea .LASF8659
     /tmp/ccWZZQZf.s:98024  .debug_str:0000000000025382 .LASF8660
     /tmp/ccWZZQZf.s:101790  .debug_str:0000000000034aca .LASF8661
     /tmp/ccWZZQZf.s:97958  .debug_str:00000000000250e5 .LASF8662
     /tmp/ccWZZQZf.s:105122  .debug_str:0000000000042367 .LASF8663
     /tmp/ccWZZQZf.s:98960  .debug_str:00000000000291d7 .LASF8664
     /tmp/ccWZZQZf.s:104574  .debug_str:000000000003fd8b .LASF8665
     /tmp/ccWZZQZf.s:89992  .debug_str:0000000000004680 .LASF8666
     /tmp/ccWZZQZf.s:99086  .debug_str:0000000000029a49 .LASF8667
     /tmp/ccWZZQZf.s:106644  .debug_str:0000000000048701 .LASF8668
     /tmp/ccWZZQZf.s:105474  .debug_str:0000000000043aba .LASF8669
     /tmp/ccWZZQZf.s:107316  .debug_str:000000000004b500 .LASF8670
     /tmp/ccWZZQZf.s:90378  .debug_str:00000000000060a5 .LASF8671
     /tmp/ccWZZQZf.s:101674  .debug_str:00000000000342aa .LASF8672
     /tmp/ccWZZQZf.s:98166  .debug_str:0000000000025ccc .LASF8673
     /tmp/ccWZZQZf.s:92310  .debug_str:000000000000e2b5 .LASF8674
     /tmp/ccWZZQZf.s:98388  .debug_str:0000000000026b7b .LASF8675
     /tmp/ccWZZQZf.s:105354  .debug_str:000000000004329e .LASF8676
     /tmp/ccWZZQZf.s:95814  .debug_str:000000000001c357 .LASF8677
     /tmp/ccWZZQZf.s:101022  .debug_str:0000000000031827 .LASF8678
     /tmp/ccWZZQZf.s:98760  .debug_str:0000000000028550 .LASF8679
     /tmp/ccWZZQZf.s:91408  .debug_str:000000000000a5dc .LASF8680
     /tmp/ccWZZQZf.s:105442  .debug_str:00000000000438ca .LASF8681
     /tmp/ccWZZQZf.s:106952  .debug_str:0000000000049bb8 .LASF8682
     /tmp/ccWZZQZf.s:92334  .debug_str:000000000000e366 .LASF8683
     /tmp/ccWZZQZf.s:96734  .debug_str:00000000000204bc .LASF8684
     /tmp/ccWZZQZf.s:100268  .debug_str:000000000002e599 .LASF8685
     /tmp/ccWZZQZf.s:94028  .debug_str:0000000000014a60 .LASF8686
     /tmp/ccWZZQZf.s:105806  .debug_str:0000000000044f31 .LASF8687
     /tmp/ccWZZQZf.s:105938  .debug_str:0000000000045763 .LASF8688
     /tmp/ccWZZQZf.s:91736  .debug_str:000000000000bd52 .LASF8689
     /tmp/ccWZZQZf.s:94456  .debug_str:0000000000016664 .LASF8690
     /tmp/ccWZZQZf.s:107616  .debug_str:000000000004cab9 .LASF8691
     /tmp/ccWZZQZf.s:105364  .debug_str:0000000000043336 .LASF8692
     /tmp/ccWZZQZf.s:101446  .debug_str:00000000000333c8 .LASF8693
     /tmp/ccWZZQZf.s:100136  .debug_str:000000000002dc79 .LASF8694
     /tmp/ccWZZQZf.s:95414  .debug_str:000000000001a7a3 .LASF8695
     /tmp/ccWZZQZf.s:103402  .debug_str:000000000003af36 .LASF8696
     /tmp/ccWZZQZf.s:96802  .debug_str:0000000000020895 .LASF8697
     /tmp/ccWZZQZf.s:91662  .debug_str:000000000000b8a6 .LASF8698
     /tmp/ccWZZQZf.s:107578  .debug_str:000000000004c86b .LASF8699
     /tmp/ccWZZQZf.s:103388  .debug_str:000000000003ae1a .LASF8700
     /tmp/ccWZZQZf.s:107056  .debug_str:000000000004a312 .LASF8701
     /tmp/ccWZZQZf.s:92614  .debug_str:000000000000f204 .LASF8702
     /tmp/ccWZZQZf.s:100966  .debug_str:0000000000031363 .LASF8703
     /tmp/ccWZZQZf.s:89602  .debug_str:0000000000002bde .LASF8704
     /tmp/ccWZZQZf.s:102108  .debug_str:0000000000035ff6 .LASF8705
     /tmp/ccWZZQZf.s:99238  .debug_str:000000000002a3a8 .LASF8706
     /tmp/ccWZZQZf.s:102346  .debug_str:0000000000036f90 .LASF8707
     /tmp/ccWZZQZf.s:100026  .debug_str:000000000002d5cd .LASF8708
     /tmp/ccWZZQZf.s:102650  .debug_str:0000000000037fe1 .LASF8709
     /tmp/ccWZZQZf.s:94626  .debug_str:000000000001721f .LASF8710
     /tmp/ccWZZQZf.s:89430  .debug_str:0000000000001ef1 .LASF8711
     /tmp/ccWZZQZf.s:93896  .debug_str:0000000000014303 .LASF8712
     /tmp/ccWZZQZf.s:92338  .debug_str:000000000000e396 .LASF8713
     /tmp/ccWZZQZf.s:102474  .debug_str:00000000000376b2 .LASF8714
     /tmp/ccWZZQZf.s:105242  .debug_str:0000000000042b23 .LASF8715
     /tmp/ccWZZQZf.s:95010  .debug_str:0000000000018ab8 .LASF8716
     /tmp/ccWZZQZf.s:99692  .debug_str:000000000002c0f0 .LASF8717
     /tmp/ccWZZQZf.s:90892  .debug_str:000000000000835c .LASF8718
     /tmp/ccWZZQZf.s:98684  .debug_str:0000000000027fde .LASF8719
     /tmp/ccWZZQZf.s:97512  .debug_str:00000000000237db .LASF8720
     /tmp/ccWZZQZf.s:107412  .debug_str:000000000004ba99 .LASF8721
     /tmp/ccWZZQZf.s:98686  .debug_str:0000000000027ffb .LASF8722
     /tmp/ccWZZQZf.s:97514  .debug_str:00000000000237f8 .LASF8723
     /tmp/ccWZZQZf.s:96022  .debug_str:000000000001d11c .LASF8724
     /tmp/ccWZZQZf.s:103918  .debug_str:000000000003d281 .LASF8725
     /tmp/ccWZZQZf.s:102864  .debug_str:0000000000038b99 .LASF8726
     /tmp/ccWZZQZf.s:105554  .debug_str:0000000000043fa6 .LASF8727
     /tmp/ccWZZQZf.s:103920  .debug_str:000000000003d29e .LASF8728
     /tmp/ccWZZQZf.s:90350  .debug_str:0000000000005f17 .LASF8729
     /tmp/ccWZZQZf.s:94148  .debug_str:0000000000015266 .LASF8730
     /tmp/ccWZZQZf.s:105992  .debug_str:0000000000045af6 .LASF8731
     /tmp/ccWZZQZf.s:93496  .debug_str:000000000001299e .LASF8732
     /tmp/ccWZZQZf.s:104364  .debug_str:000000000003eef3 .LASF8733
     /tmp/ccWZZQZf.s:105994  .debug_str:0000000000045b11 .LASF8734
     /tmp/ccWZZQZf.s:102550  .debug_str:0000000000037aad .LASF8735
     /tmp/ccWZZQZf.s:98316  .debug_str:0000000000026740 .LASF8736
     /tmp/ccWZZQZf.s:92000  .debug_str:000000000000cf12 .LASF8737
     /tmp/ccWZZQZf.s:98768  .debug_str:0000000000028605 .LASF8738
     /tmp/ccWZZQZf.s:97002  .debug_str:00000000000216d8 .LASF8739
     /tmp/ccWZZQZf.s:92002  .debug_str:000000000000cf2d .LASF8740
     /tmp/ccWZZQZf.s:93846  .debug_str:0000000000013feb .LASF8741
     /tmp/ccWZZQZf.s:90856  .debug_str:00000000000080b8 .LASF8742
     /tmp/ccWZZQZf.s:97786  .debug_str:000000000002485b .LASF8743
     /tmp/ccWZZQZf.s:96536  .debug_str:000000000001f5a8 .LASF8744
     /tmp/ccWZZQZf.s:89094  .debug_str:0000000000000838 .LASF8745
     /tmp/ccWZZQZf.s:97788  .debug_str:0000000000024878 .LASF8746
     /tmp/ccWZZQZf.s:96538  .debug_str:000000000001f5c5 .LASF8747
     /tmp/ccWZZQZf.s:99146  .debug_str:0000000000029d7d .LASF8748
     /tmp/ccWZZQZf.s:103168  .debug_str:0000000000039ee9 .LASF8749
     /tmp/ccWZZQZf.s:101806  .debug_str:0000000000034c3d .LASF8750
     /tmp/ccWZZQZf.s:100880  .debug_str:0000000000030df0 .LASF8751
     /tmp/ccWZZQZf.s:103170  .debug_str:0000000000039f06 .LASF8752
     /tmp/ccWZZQZf.s:101808  .debug_str:0000000000034c5a .LASF8753
     /tmp/ccWZZQZf.s:94778  .debug_str:0000000000017c4a .LASF8754
     /tmp/ccWZZQZf.s:93292  .debug_str:0000000000011ce9 .LASF8755
     /tmp/ccWZZQZf.s:91368  .debug_str:000000000000a354 .LASF8756
     /tmp/ccWZZQZf.s:95102  .debug_str:00000000000190eb .LASF8757
     /tmp/ccWZZQZf.s:108002  .debug_str:000000000004e50f .LASF8758
     /tmp/ccWZZQZf.s:91370  .debug_str:000000000000a36d .LASF8759
     /tmp/ccWZZQZf.s:89066  .debug_str:000000000000064d .LASF8760
     /tmp/ccWZZQZf.s:90944  .debug_str:000000000000867e .LASF8761
     /tmp/ccWZZQZf.s:103562  .debug_str:000000000003ba49 .LASF8762
     /tmp/ccWZZQZf.s:92632  .debug_str:000000000000f342 .LASF8763
     /tmp/ccWZZQZf.s:91916  .debug_str:000000000000c96d .LASF8764
     /tmp/ccWZZQZf.s:95666  .debug_str:000000000001b8b5 .LASF8765
     /tmp/ccWZZQZf.s:106924  .debug_str:00000000000499b4 .LASF8766
     /tmp/ccWZZQZf.s:91092  .debug_str:000000000000910b .LASF8767
     /tmp/ccWZZQZf.s:107906  .debug_str:000000000004de49 .LASF8768
     /tmp/ccWZZQZf.s:89460  .debug_str:0000000000002155 .LASF8769
     /tmp/ccWZZQZf.s:106708  .debug_str:0000000000048b0a .LASF8770
     /tmp/ccWZZQZf.s:92594  .debug_str:000000000000f178 .LASF8771
     /tmp/ccWZZQZf.s:105440  .debug_str:00000000000438a3 .LASF8772
     /tmp/ccWZZQZf.s:96606  .debug_str:000000000001fb06 .LASF8773
     /tmp/ccWZZQZf.s:100474  .debug_str:000000000002f322 .LASF8774
     /tmp/ccWZZQZf.s:94094  .debug_str:0000000000014ed7 .LASF8775
     /tmp/ccWZZQZf.s:91254  .debug_str:0000000000009bbe .LASF8776
     /tmp/ccWZZQZf.s:97932  .debug_str:0000000000024f12 .LASF8777
     /tmp/ccWZZQZf.s:92498  .debug_str:000000000000ebdd .LASF8778
     /tmp/ccWZZQZf.s:100374  .debug_str:000000000002ec94 .LASF8779
     /tmp/ccWZZQZf.s:95868  .debug_str:000000000001c6b6 .LASF8780
     /tmp/ccWZZQZf.s:99274  .debug_str:000000000002a56d .LASF8781
     /tmp/ccWZZQZf.s:97398  .debug_str:0000000000023079 .LASF8782
     /tmp/ccWZZQZf.s:104776  .debug_str:0000000000040b8f .LASF8783
     /tmp/ccWZZQZf.s:106700  .debug_str:0000000000048a9c .LASF8784
     /tmp/ccWZZQZf.s:101360  .debug_str:0000000000032e5e .LASF8785
     /tmp/ccWZZQZf.s:99572  .debug_str:000000000002b91c .LASF8786
     /tmp/ccWZZQZf.s:92666  .debug_str:000000000000f5e7 .LASF8787
     /tmp/ccWZZQZf.s:99406  .debug_str:000000000002ae32 .LASF8788
     /tmp/ccWZZQZf.s:105642  .debug_str:00000000000444fc .LASF8789
     /tmp/ccWZZQZf.s:96622  .debug_str:000000000001fc51 .LASF8790
     /tmp/ccWZZQZf.s:99980  .debug_str:000000000002d316 .LASF8791
     /tmp/ccWZZQZf.s:96122  .debug_str:000000000001d88e .LASF8792
     /tmp/ccWZZQZf.s:102646  .debug_str:0000000000037f85 .LASF8793
     /tmp/ccWZZQZf.s:97826  .debug_str:0000000000024a21 .LASF8794
     /tmp/ccWZZQZf.s:105368  .debug_str:000000000004337f .LASF8795
     /tmp/ccWZZQZf.s:107204  .debug_str:000000000004ace6 .LASF8796
     /tmp/ccWZZQZf.s:99784  .debug_str:000000000002c64c .LASF8797
     /tmp/ccWZZQZf.s:95230  .debug_str:00000000000199a7 .LASF8798
     /tmp/ccWZZQZf.s:105564  .debug_str:0000000000044052 .LASF8799
     /tmp/ccWZZQZf.s:107382  .debug_str:000000000004b917 .LASF8800
     /tmp/ccWZZQZf.s:93772  .debug_str:0000000000013ba5 .LASF8801
     /tmp/ccWZZQZf.s:92042  .debug_str:000000000000d1db .LASF8802
     /tmp/ccWZZQZf.s:106552  .debug_str:00000000000480a5 .LASF8803
     /tmp/ccWZZQZf.s:90352  .debug_str:0000000000005f34 .LASF8804
     /tmp/ccWZZQZf.s:95402  .debug_str:000000000001a6b7 .LASF8805
     /tmp/ccWZZQZf.s:98366  .debug_str:00000000000269f7 .LASF8806
     /tmp/ccWZZQZf.s:93060  .debug_str:0000000000010d5f .LASF8807
     /tmp/ccWZZQZf.s:104540  .debug_str:000000000003fb3c .LASF8808
     /tmp/ccWZZQZf.s:96750  .debug_str:0000000000020593 .LASF8809
     /tmp/ccWZZQZf.s:90838  .debug_str:0000000000007f43 .LASF8810
     /tmp/ccWZZQZf.s:107788  .debug_str:000000000004d6a6 .LASF8811
     /tmp/ccWZZQZf.s:106024  .debug_str:0000000000045cad .LASF8812
     /tmp/ccWZZQZf.s:98400  .debug_str:0000000000026c73 .LASF8813
     /tmp/ccWZZQZf.s:90840  .debug_str:0000000000007f58 .LASF8814
     /tmp/ccWZZQZf.s:105858  .debug_str:0000000000045247 .LASF8815
     /tmp/ccWZZQZf.s:106864  .debug_str:0000000000049507 .LASF8816
     /tmp/ccWZZQZf.s:91440  .debug_str:000000000000a7f3 .LASF8817
     /tmp/ccWZZQZf.s:93326  .debug_str:0000000000011f33 .LASF8818
     /tmp/ccWZZQZf.s:90768  .debug_str:0000000000007b45 .LASF8819
     /tmp/ccWZZQZf.s:103058  .debug_str:0000000000039795 .LASF8820
     /tmp/ccWZZQZf.s:94880  .debug_str:00000000000182b7 .LASF8821
     /tmp/ccWZZQZf.s:94882  .debug_str:00000000000182c6 .LASF8822
     /tmp/ccWZZQZf.s:94884  .debug_str:00000000000182d5 .LASF8823
     /tmp/ccWZZQZf.s:96926  .debug_str:0000000000021174 .LASF8824
     /tmp/ccWZZQZf.s:95268  .debug_str:0000000000019cdf .LASF8825
     /tmp/ccWZZQZf.s:95100  .debug_str:00000000000190d2 .LASF8826
     /tmp/ccWZZQZf.s:96878  .debug_str:0000000000020e4b .LASF8827
     /tmp/ccWZZQZf.s:104628  .debug_str:00000000000401d2 .LASF8828
     /tmp/ccWZZQZf.s:93462  .debug_str:000000000001272b .LASF8829
     /tmp/ccWZZQZf.s:102582  .debug_str:0000000000037cb6 .LASF8830
     /tmp/ccWZZQZf.s:92354  .debug_str:000000000000e4e8 .LASF8831
     /tmp/ccWZZQZf.s:93294  .debug_str:0000000000011d02 .LASF8832
     /tmp/ccWZZQZf.s:96868  .debug_str:0000000000020d6c .LASF8833
     /tmp/ccWZZQZf.s:90184  .debug_str:00000000000053b7 .LASF8834
     /tmp/ccWZZQZf.s:90566  .debug_str:0000000000006e3f .LASF8835
     /tmp/ccWZZQZf.s:93956  .debug_str:00000000000145f1 .LASF8836
     /tmp/ccWZZQZf.s:93602  .debug_str:000000000001317f .LASF8837
     /tmp/ccWZZQZf.s:104582  .debug_str:000000000003fdf4 .LASF8838
     /tmp/ccWZZQZf.s:104578  .debug_str:000000000003fde2 .LASF8839
     /tmp/ccWZZQZf.s:104580  .debug_str:000000000003fdeb .LASF8840
     /tmp/ccWZZQZf.s:98932  .debug_str:000000000002900f .LASF8841
     /tmp/ccWZZQZf.s:104450  .debug_str:000000000003f439 .LASF8842
     /tmp/ccWZZQZf.s:94742  .debug_str:00000000000179c9 .LASF8843
     /tmp/ccWZZQZf.s:100448  .debug_str:000000000002f1a4 .LASF8844
     /tmp/ccWZZQZf.s:93730  .debug_str:0000000000013909 .LASF8845
     /tmp/ccWZZQZf.s:97746  .debug_str:0000000000024608 .LASF8846
     /tmp/ccWZZQZf.s:102322  .debug_str:0000000000036d8a .LASF8847
     /tmp/ccWZZQZf.s:103820  .debug_str:000000000003cb84 .LASF8848
     /tmp/ccWZZQZf.s:94888  .debug_str:000000000001830d .LASF8849
     /tmp/ccWZZQZf.s:99186  .debug_str:000000000002a00b .LASF8850
     /tmp/ccWZZQZf.s:90272  .debug_str:0000000000005a44 .LASF8851
     /tmp/ccWZZQZf.s:100492  .debug_str:000000000002f485 .LASF8852
     /tmp/ccWZZQZf.s:99026  .debug_str:0000000000029621 .LASF8853
     /tmp/ccWZZQZf.s:97896  .debug_str:0000000000024df0 .LASF8854
     /tmp/ccWZZQZf.s:97212  .debug_str:00000000000223cd .LASF8855
     /tmp/ccWZZQZf.s:90710  .debug_str:00000000000077af .LASF8856
     /tmp/ccWZZQZf.s:105198  .debug_str:0000000000042888 .LASF8857
     /tmp/ccWZZQZf.s:99868  .debug_str:000000000002cb76 .LASF8858
     /tmp/ccWZZQZf.s:98890  .debug_str:0000000000028d7d .LASF8859
     /tmp/ccWZZQZf.s:96912  .debug_str:00000000000210e7 .LASF8860
     /tmp/ccWZZQZf.s:94474  .debug_str:000000000001677c .LASF8861
     /tmp/ccWZZQZf.s:104458  .debug_str:000000000003f4e2 .LASF8862
     /tmp/ccWZZQZf.s:104592  .debug_str:000000000003fec9 .LASF8863
     /tmp/ccWZZQZf.s:89340  .debug_str:00000000000018c4 .LASF8864
     /tmp/ccWZZQZf.s:95780  .debug_str:000000000001c128 .LASF8865
     /tmp/ccWZZQZf.s:101600  .debug_str:0000000000033daa .LASF8866
     /tmp/ccWZZQZf.s:93130  .debug_str:0000000000011134 .LASF8867
     /tmp/ccWZZQZf.s:97336  .debug_str:0000000000022c0f .LASF8868
     /tmp/ccWZZQZf.s:91406  .debug_str:000000000000a5d6 .LASF8869
     /tmp/ccWZZQZf.s:97476  .debug_str:00000000000235a7 .LASF8870
     /tmp/ccWZZQZf.s:98872  .debug_str:0000000000028c3a .LASF8871
     /tmp/ccWZZQZf.s:93666  .debug_str:0000000000013503 .LASF8872
     /tmp/ccWZZQZf.s:95662  .debug_str:000000000001b86d .LASF8873
     /tmp/ccWZZQZf.s:106444  .debug_str:00000000000478b4 .LASF8874
     /tmp/ccWZZQZf.s:94368  .debug_str:0000000000016020 .LASF8875
     /tmp/ccWZZQZf.s:99752  .debug_str:000000000002c453 .LASF8876
     /tmp/ccWZZQZf.s:99068  .debug_str:000000000002993b .LASF8877
     /tmp/ccWZZQZf.s:92490  .debug_str:000000000000eb51 .LASF8878
     /tmp/ccWZZQZf.s:91714  .debug_str:000000000000bc08 .LASF8879
     /tmp/ccWZZQZf.s:92620  .debug_str:000000000000f260 .LASF8880
     /tmp/ccWZZQZf.s:91482  .debug_str:000000000000ab02 .LASF8881
     /tmp/ccWZZQZf.s:104222  .debug_str:000000000003e623 .LASF8882
     /tmp/ccWZZQZf.s:98112  .debug_str:000000000002595b .LASF8883
     /tmp/ccWZZQZf.s:105064  .debug_str:0000000000041f59 .LASF8884
     /tmp/ccWZZQZf.s:90340  .debug_str:0000000000005e6b .LASF8885
     /tmp/ccWZZQZf.s:92298  .debug_str:000000000000e1e6 .LASF8886
     /tmp/ccWZZQZf.s:103616  .debug_str:000000000003be12 .LASF8887
     /tmp/ccWZZQZf.s:93184  .debug_str:000000000001150a .LASF8888
     /tmp/ccWZZQZf.s:98792  .debug_str:00000000000287b9 .LASF8889
     /tmp/ccWZZQZf.s:90568  .debug_str:0000000000006e5a .LASF8890
     /tmp/ccWZZQZf.s:94618  .debug_str:00000000000171b1 .LASF8891
     /tmp/ccWZZQZf.s:91570  .debug_str:000000000000b189 .LASF8892
     /tmp/ccWZZQZf.s:100874  .debug_str:0000000000030d93 .LASF8893
     /tmp/ccWZZQZf.s:89006  .debug_str:00000000000001f5 .LASF8894
     /tmp/ccWZZQZf.s:104418  .debug_str:000000000003f28c .LASF8895
     /tmp/ccWZZQZf.s:95188  .debug_str:00000000000196db .LASF8896
     /tmp/ccWZZQZf.s:99420  .debug_str:000000000002aefe .LASF8897
     /tmp/ccWZZQZf.s:103790  .debug_str:000000000003c950 .LASF8898
     /tmp/ccWZZQZf.s:103028  .debug_str:0000000000039569 .LASF8899
     /tmp/ccWZZQZf.s:90376  .debug_str:0000000000006099 .LASF8900
     /tmp/ccWZZQZf.s:100870  .debug_str:0000000000030d4f .LASF8901
     /tmp/ccWZZQZf.s:98718  .debug_str:00000000000281fd .LASF8902
     /tmp/ccWZZQZf.s:89938  .debug_str:000000000000436c .LASF8903
     /tmp/ccWZZQZf.s:92548  .debug_str:000000000000ee7a .LASF8904
     /tmp/ccWZZQZf.s:98278  .debug_str:0000000000026506 .LASF8905
     /tmp/ccWZZQZf.s:95514  .debug_str:000000000001ae17 .LASF8906
     /tmp/ccWZZQZf.s:97970  .debug_str:000000000002517d .LASF8907
     /tmp/ccWZZQZf.s:95356  .debug_str:000000000001a3ce .LASF8908
     /tmp/ccWZZQZf.s:107072  .debug_str:000000000004a404 .LASF8909
     /tmp/ccWZZQZf.s:95490  .debug_str:000000000001ac82 .LASF8910
     /tmp/ccWZZQZf.s:97128  .debug_str:0000000000021e4c .LASF8911
     /tmp/ccWZZQZf.s:103710  .debug_str:000000000003c3f6 .LASF8912
     /tmp/ccWZZQZf.s:89506  .debug_str:000000000000246a .LASF8913
     /tmp/ccWZZQZf.s:89718  .debug_str:0000000000003428 .LASF8914
     /tmp/ccWZZQZf.s:99336  .debug_str:000000000002a9e5 .LASF8915
     /tmp/ccWZZQZf.s:95494  .debug_str:000000000001acb8 .LASF8916
     /tmp/ccWZZQZf.s:102348  .debug_str:0000000000036fa0 .LASF8917
     /tmp/ccWZZQZf.s:98800  .debug_str:0000000000028836 .LASF8918
     /tmp/ccWZZQZf.s:101508  .debug_str:0000000000033764 .LASF8919
     /tmp/ccWZZQZf.s:89036  .debug_str:000000000000040d .LASF8920
     /tmp/ccWZZQZf.s:97606  .debug_str:0000000000023ec2 .LASF8921
     /tmp/ccWZZQZf.s:95096  .debug_str:00000000000190c1 .LASF8922
     /tmp/ccWZZQZf.s:89274  .debug_str:00000000000013f8 .LASF8923
     /tmp/ccWZZQZf.s:97038  .debug_str:0000000000021885 .LASF8924
     /tmp/ccWZZQZf.s:92288  .debug_str:000000000000e100 .LASF8925
     /tmp/ccWZZQZf.s:100866  .debug_str:0000000000030cfe .LASF8926
     /tmp/ccWZZQZf.s:106068  .debug_str:0000000000045fa5 .LASF8927
     /tmp/ccWZZQZf.s:96990  .debug_str:000000000002165a .LASF8928
     /tmp/ccWZZQZf.s:102730  .debug_str:000000000003842a .LASF8929
     /tmp/ccWZZQZf.s:96722  .debug_str:00000000000203f4 .LASF8930
     /tmp/ccWZZQZf.s:96986  .debug_str:0000000000021626 .LASF8931
     /tmp/ccWZZQZf.s:105254  .debug_str:0000000000042bed .LASF8932
     /tmp/ccWZZQZf.s:98906  .debug_str:0000000000028e52 .LASF8933
     /tmp/ccWZZQZf.s:91460  .debug_str:000000000000a99c .LASF8934
     /tmp/ccWZZQZf.s:90774  .debug_str:0000000000007b7c .LASF8935
     /tmp/ccWZZQZf.s:99234  .debug_str:000000000002a393 .LASF8936
     /tmp/ccWZZQZf.s:105912  .debug_str:000000000004553f .LASF8937
     /tmp/ccWZZQZf.s:104702  .debug_str:00000000000406d3 .LASF8938
     /tmp/ccWZZQZf.s:102542  .debug_str:0000000000037a10 .LASF8939
     /tmp/ccWZZQZf.s:97388  .debug_str:0000000000022fe4 .LASF8940
     /tmp/ccWZZQZf.s:105016  .debug_str:0000000000041bad .LASF8941
     /tmp/ccWZZQZf.s:100620  .debug_str:000000000002fd87 .LASF8942
     /tmp/ccWZZQZf.s:101062  .debug_str:0000000000031aba .LASF8943
     /tmp/ccWZZQZf.s:90404  .debug_str:000000000000624a .LASF8944
     /tmp/ccWZZQZf.s:107416  .debug_str:000000000004baf5 .LASF8945
     /tmp/ccWZZQZf.s:105998  .debug_str:0000000000045b48 .LASF8946
     /tmp/ccWZZQZf.s:100116  .debug_str:000000000002db0d .LASF8947
     /tmp/ccWZZQZf.s:90078  .debug_str:0000000000004c95 .LASF8948
     /tmp/ccWZZQZf.s:95968  .debug_str:000000000001cda8 .LASF8949
     /tmp/ccWZZQZf.s:105194  .debug_str:0000000000042871 .LASF8950
     /tmp/ccWZZQZf.s:103966  .debug_str:000000000003d5b6 .LASF8951
     /tmp/ccWZZQZf.s:96694  .debug_str:000000000002024a .LASF8952
     /tmp/ccWZZQZf.s:96696  .debug_str:0000000000020254 .LASF8953
     /tmp/ccWZZQZf.s:107324  .debug_str:000000000004b594 .LASF8954
     /tmp/ccWZZQZf.s:96700  .debug_str:000000000002027b .LASF8955
     /tmp/ccWZZQZf.s:101688  .debug_str:0000000000034398 .LASF8956
     /tmp/ccWZZQZf.s:100464  .debug_str:000000000002f294 .LASF8957
     /tmp/ccWZZQZf.s:105854  .debug_str:000000000004521d .LASF8958
     /tmp/ccWZZQZf.s:99024  .debug_str:0000000000029616 .LASF8959
     /tmp/ccWZZQZf.s:95210  .debug_str:0000000000019831 .LASF8960
     /tmp/ccWZZQZf.s:101282  .debug_str:00000000000329ab .LASF8961
     /tmp/ccWZZQZf.s:91318  .debug_str:0000000000009fcd .LASF8962
     /tmp/ccWZZQZf.s:95002  .debug_str:0000000000018a50 .LASF8963
     /tmp/ccWZZQZf.s:91320  .debug_str:0000000000009fd8 .LASF8964
     /tmp/ccWZZQZf.s:93242  .debug_str:000000000001191b .LASF8965
     /tmp/ccWZZQZf.s:91322  .debug_str:0000000000009fe3 .LASF8966
     /tmp/ccWZZQZf.s:99548  .debug_str:000000000002b73b .LASF8967
     /tmp/ccWZZQZf.s:91324  .debug_str:0000000000009fee .LASF8968
     /tmp/ccWZZQZf.s:95954  .debug_str:000000000001cc9b .LASF8969
     /tmp/ccWZZQZf.s:91326  .debug_str:0000000000009ff9 .LASF8970
     /tmp/ccWZZQZf.s:89882  .debug_str:0000000000003eb1 .LASF8971
     /tmp/ccWZZQZf.s:101836  .debug_str:0000000000034e63 .LASF8972
     /tmp/ccWZZQZf.s:90230  .debug_str:000000000000577d .LASF8973
     /tmp/ccWZZQZf.s:98820  .debug_str:0000000000028946 .LASF8974
     /tmp/ccWZZQZf.s:105396  .debug_str:000000000004357a .LASF8975
     /tmp/ccWZZQZf.s:98822  .debug_str:0000000000028950 .LASF8976
     /tmp/ccWZZQZf.s:106194  .debug_str:000000000004689f .LASF8977
     /tmp/ccWZZQZf.s:98824  .debug_str:000000000002895a .LASF8978
     /tmp/ccWZZQZf.s:93260  .debug_str:0000000000011a59 .LASF8979
     /tmp/ccWZZQZf.s:98826  .debug_str:0000000000028964 .LASF8980
     /tmp/ccWZZQZf.s:106362  .debug_str:000000000004733a .LASF8981
     /tmp/ccWZZQZf.s:98828  .debug_str:000000000002896e .LASF8982
     /tmp/ccWZZQZf.s:102388  .debug_str:0000000000037173 .LASF8983
     /tmp/ccWZZQZf.s:98830  .debug_str:0000000000028978 .LASF8984
     /tmp/ccWZZQZf.s:94228  .debug_str:00000000000157d9 .LASF8985
     /tmp/ccWZZQZf.s:98832  .debug_str:0000000000028982 .LASF8986
     /tmp/ccWZZQZf.s:107288  .debug_str:000000000004b2a0 .LASF8987
     /tmp/ccWZZQZf.s:97836  .debug_str:0000000000024a9f .LASF8988
     /tmp/ccWZZQZf.s:92264  .debug_str:000000000000df8b .LASF8989
     /tmp/ccWZZQZf.s:95024  .debug_str:0000000000018b88 .LASF8990
     /tmp/ccWZZQZf.s:99358  .debug_str:000000000002ab87 .LASF8991
     /tmp/ccWZZQZf.s:93190  .debug_str:000000000001158a .LASF8992
     /tmp/ccWZZQZf.s:94044  .debug_str:0000000000014ba1 .LASF8993
     /tmp/ccWZZQZf.s:105708  .debug_str:000000000004491e .LASF8994
     /tmp/ccWZZQZf.s:92896  .debug_str:0000000000010341 .LASF8995
     /tmp/ccWZZQZf.s:104600  .debug_str:000000000003ff37 .LASF8996
     /tmp/ccWZZQZf.s:106776  .debug_str:0000000000048f76 .LASF8997
     /tmp/ccWZZQZf.s:103890  .debug_str:000000000003d0c6 .LASF8998
     /tmp/ccWZZQZf.s:93882  .debug_str:000000000001422f .LASF8999
     /tmp/ccWZZQZf.s:89376  .debug_str:0000000000001b89 .LASF9000
     /tmp/ccWZZQZf.s:99806  .debug_str:000000000002c75e .LASF9001
     /tmp/ccWZZQZf.s:106892  .debug_str:000000000004971d .LASF9002
     /tmp/ccWZZQZf.s:103172  .debug_str:0000000000039f23 .LASF9003
     /tmp/ccWZZQZf.s:100904  .debug_str:0000000000030f5b .LASF9004
     /tmp/ccWZZQZf.s:105328  .debug_str:000000000004313e .LASF9005
     /tmp/ccWZZQZf.s:96714  .debug_str:000000000002037a .LASF9006
     /tmp/ccWZZQZf.s:100770  .debug_str:00000000000306c2 .LASF9007
     /tmp/ccWZZQZf.s:93340  .debug_str:0000000000011fe6 .LASF9008
     /tmp/ccWZZQZf.s:93574  .debug_str:0000000000012f61 .LASF9009
     /tmp/ccWZZQZf.s:95570  .debug_str:000000000001b19e .LASF9010
     /tmp/ccWZZQZf.s:96744  .debug_str:000000000002053a .LASF9011
     /tmp/ccWZZQZf.s:98224  .debug_str:0000000000026121 .LASF9012
     /tmp/ccWZZQZf.s:90916  .debug_str:00000000000084c6 .LASF9013
     /tmp/ccWZZQZf.s:100022  .debug_str:000000000002d597 .LASF9014
     /tmp/ccWZZQZf.s:95174  .debug_str:00000000000195ed .LASF9015
     /tmp/ccWZZQZf.s:94398  .debug_str:000000000001628a .LASF9016
     /tmp/ccWZZQZf.s:105752  .debug_str:0000000000044c21 .LASF9017
     /tmp/ccWZZQZf.s:95144  .debug_str:00000000000193cb .LASF9018
     /tmp/ccWZZQZf.s:98772  .debug_str:0000000000028658 .LASF9019
     /tmp/ccWZZQZf.s:89174  .debug_str:0000000000000d47 .LASF9020
     /tmp/ccWZZQZf.s:95744  .debug_str:000000000001be2a .LASF9021
     /tmp/ccWZZQZf.s:102360  .debug_str:0000000000036fca .LASF9022
     /tmp/ccWZZQZf.s:100780  .debug_str:000000000003073b .LASF9023
     /tmp/ccWZZQZf.s:97370  .debug_str:0000000000022e86 .LASF9024
     /tmp/ccWZZQZf.s:98470  .debug_str:0000000000027200 .LASF9025
     /tmp/ccWZZQZf.s:97160  .debug_str:0000000000022013 .LASF9026
     /tmp/ccWZZQZf.s:89226  .debug_str:00000000000010fb .LASF9027
     /tmp/ccWZZQZf.s:89374  .debug_str:0000000000001b65 .LASF9028
     /tmp/ccWZZQZf.s:92012  .debug_str:000000000000cfed .LASF9029
     /tmp/ccWZZQZf.s:91750  .debug_str:000000000000be58 .LASF9030
     /tmp/ccWZZQZf.s:91500  .debug_str:000000000000ac3e .LASF9031
     /tmp/ccWZZQZf.s:95812  .debug_str:000000000001c32d .LASF9032
     /tmp/ccWZZQZf.s:99766  .debug_str:000000000002c538 .LASF9033
     /tmp/ccWZZQZf.s:99768  .debug_str:000000000002c53d .LASF9034
     /tmp/ccWZZQZf.s:90730  .debug_str:00000000000078cc .LASF9035
     /tmp/ccWZZQZf.s:90732  .debug_str:00000000000078d1 .LASF9036
     /tmp/ccWZZQZf.s:107074  .debug_str:000000000004a419 .LASF9037
     /tmp/ccWZZQZf.s:103636  .debug_str:000000000003bf39 .LASF9038
     /tmp/ccWZZQZf.s:104936  .debug_str:00000000000416bb .LASF9039
     /tmp/ccWZZQZf.s:104938  .debug_str:00000000000416c1 .LASF9040
     /tmp/ccWZZQZf.s:104942  .debug_str:00000000000416d5 .LASF9041
     /tmp/ccWZZQZf.s:98280  .debug_str:0000000000026514 .LASF9042
     /tmp/ccWZZQZf.s:106240  .debug_str:0000000000046b73 .LASF9043
     /tmp/ccWZZQZf.s:95128  .debug_str:000000000001929f .LASF9044
     /tmp/ccWZZQZf.s:105392  .debug_str:0000000000043554 .LASF9045
     /tmp/ccWZZQZf.s:89808  .debug_str:00000000000039e0 .LASF9046
     /tmp/ccWZZQZf.s:96918  .debug_str:0000000000021127 .LASF9047
     /tmp/ccWZZQZf.s:99516  .debug_str:000000000002b547 .LASF9048
     /tmp/ccWZZQZf.s:104876  .debug_str:00000000000412ce .LASF9049
     /tmp/ccWZZQZf.s:93210  .debug_str:00000000000116fa .LASF9050
     /tmp/ccWZZQZf.s:99820  .debug_str:000000000002c86c .LASF9051
     /tmp/ccWZZQZf.s:89632  .debug_str:0000000000002dd5 .LASF9052
     /tmp/ccWZZQZf.s:100760  .debug_str:000000000003063b .LASF9053
     /tmp/ccWZZQZf.s:97558  .debug_str:0000000000023b23 .LASF9054
     /tmp/ccWZZQZf.s:99822  .debug_str:000000000002c875 .LASF9055
     /tmp/ccWZZQZf.s:99390  .debug_str:000000000002ad6b .LASF9056
     /tmp/ccWZZQZf.s:95302  .debug_str:0000000000019f06 .LASF9057
     /tmp/ccWZZQZf.s:90698  .debug_str:00000000000076df .LASF9058
     /tmp/ccWZZQZf.s:100362  .debug_str:000000000002ebbe .LASF9059
     /tmp/ccWZZQZf.s:90136  .debug_str:000000000000504b .LASF9060
     /tmp/ccWZZQZf.s:97484  .debug_str:0000000000023614 .LASF9061
     /tmp/ccWZZQZf.s:107614  .debug_str:000000000004caad .LASF9062
     /tmp/ccWZZQZf.s:96422  .debug_str:000000000001edcf .LASF9063
     /tmp/ccWZZQZf.s:107882  .debug_str:000000000004dca3 .LASF9064
     /tmp/ccWZZQZf.s:91062  .debug_str:0000000000008ed1 .LASF9065
     /tmp/ccWZZQZf.s:89568  .debug_str:000000000000295a .LASF9066
     /tmp/ccWZZQZf.s:104986  .debug_str:0000000000041924 .LASF9067
     /tmp/ccWZZQZf.s:104286  .debug_str:000000000003ea51 .LASF9068
     /tmp/ccWZZQZf.s:98426  .debug_str:0000000000026e8e .LASF9069
     /tmp/ccWZZQZf.s:103032  .debug_str:00000000000395ac .LASF9070
     /tmp/ccWZZQZf.s:106224  .debug_str:0000000000046a7e .LASF9071
     /tmp/ccWZZQZf.s:94792  .debug_str:0000000000017d45 .LASF9072
     /tmp/ccWZZQZf.s:100388  .debug_str:000000000002ed4e .LASF9073
     /tmp/ccWZZQZf.s:103802  .debug_str:000000000003ca3c .LASF9074
     /tmp/ccWZZQZf.s:101144  .debug_str:000000000003205e .LASF9075
     /tmp/ccWZZQZf.s:99682  .debug_str:000000000002c080 .LASF9076
     /tmp/ccWZZQZf.s:94586  .debug_str:0000000000016f11 .LASF9077
     /tmp/ccWZZQZf.s:93912  .debug_str:00000000000143f6 .LASF9078
     /tmp/ccWZZQZf.s:96444  .debug_str:000000000001ef92 .LASF9079
     /tmp/ccWZZQZf.s:96342  .debug_str:000000000001e7aa .LASF9080
     /tmp/ccWZZQZf.s:103056  .debug_str:000000000003978d .LASF9081
     /tmp/ccWZZQZf.s:104544  .debug_str:000000000003fb6c .LASF9082
     /tmp/ccWZZQZf.s:95508  .debug_str:000000000001ade9 .LASF9083
     /tmp/ccWZZQZf.s:95518  .debug_str:000000000001ae30 .LASF9084
     /tmp/ccWZZQZf.s:99594  .debug_str:000000000002bae4 .LASF9085
     /tmp/ccWZZQZf.s:102218  .debug_str:0000000000036711 .LASF9086
     /tmp/ccWZZQZf.s:99686  .debug_str:000000000002c0b3 .LASF9087
     /tmp/ccWZZQZf.s:93366  .debug_str:00000000000121b6 .LASF9088
     /tmp/ccWZZQZf.s:96136  .debug_str:000000000001d994 .LASF9089
     /tmp/ccWZZQZf.s:95708  .debug_str:000000000001bc1e .LASF9090
     /tmp/ccWZZQZf.s:107980  .debug_str:000000000004e3ac .LASF9091
     /tmp/ccWZZQZf.s:89146  .debug_str:0000000000000b5b .LASF9092
     /tmp/ccWZZQZf.s:89268  .debug_str:00000000000013c2 .LASF9093
     /tmp/ccWZZQZf.s:95340  .debug_str:000000000001a22f .LASF9094
     /tmp/ccWZZQZf.s:90444  .debug_str:0000000000006528 .LASF9095
     /tmp/ccWZZQZf.s:97984  .debug_str:000000000002527d .LASF9096
     /tmp/ccWZZQZf.s:104542  .debug_str:000000000003fb65 .LASF9097
     /tmp/ccWZZQZf.s:95516  .debug_str:000000000001ae26 .LASF9098
     /tmp/ccWZZQZf.s:99250  .debug_str:000000000002a46f .LASF9099
     /tmp/ccWZZQZf.s:95080  .debug_str:0000000000018f80 .LASF9100
     /tmp/ccWZZQZf.s:89270  .debug_str:00000000000013cd .LASF9101
     /tmp/ccWZZQZf.s:89300  .debug_str:000000000000157c .LASF9102
     /tmp/ccWZZQZf.s:102338  .debug_str:0000000000036ef9 .LASF9103
     /tmp/ccWZZQZf.s:96296  .debug_str:000000000001e4d8 .LASF9104
     /tmp/ccWZZQZf.s:96298  .debug_str:000000000001e4e2 .LASF9105
     /tmp/ccWZZQZf.s:96300  .debug_str:000000000001e4ec .LASF9106
     /tmp/ccWZZQZf.s:96302  .debug_str:000000000001e4f6 .LASF9107
     /tmp/ccWZZQZf.s:96304  .debug_str:000000000001e500 .LASF9108
     /tmp/ccWZZQZf.s:101436  .debug_str:000000000003331b .LASF9109
     /tmp/ccWZZQZf.s:96306  .debug_str:000000000001e50a .LASF9110
     /tmp/ccWZZQZf.s:92452  .debug_str:000000000000e924 .LASF9111
     /tmp/ccWZZQZf.s:92454  .debug_str:000000000000e92f .LASF9112
     /tmp/ccWZZQZf.s:107486  .debug_str:000000000004c0d4 .LASF9113
     /tmp/ccWZZQZf.s:104698  .debug_str:00000000000406bd .LASF9114
     /tmp/ccWZZQZf.s:90584  .debug_str:0000000000006f41 .LASF9115
     /tmp/ccWZZQZf.s:97288  .debug_str:00000000000228a8 .LASF9116
     /tmp/ccWZZQZf.s:90764  .debug_str:0000000000007b2e .LASF9117
     /tmp/ccWZZQZf.s:104700  .debug_str:00000000000406c8 .LASF9118
     /tmp/ccWZZQZf.s:103752  .debug_str:000000000003c6b6 .LASF9119
     /tmp/ccWZZQZf.s:89440  .debug_str:0000000000001fbf .LASF9120
     /tmp/ccWZZQZf.s:94928  .debug_str:0000000000018537 .LASF9121
     /tmp/ccWZZQZf.s:97612  .debug_str:0000000000023f36 .LASF9122
     /tmp/ccWZZQZf.s:103952  .debug_str:000000000003d4e5 .LASF9123
     /tmp/ccWZZQZf.s:103584  .debug_str:000000000003bbba .LASF9124
     /tmp/ccWZZQZf.s:89422  .debug_str:0000000000001e6e .LASF9125
     /tmp/ccWZZQZf.s:93526  .debug_str:0000000000012b7d .LASF9126
     /tmp/ccWZZQZf.s:96524  .debug_str:000000000001f4ad .LASF9127
     /tmp/ccWZZQZf.s:97680  .debug_str:00000000000242b7 .LASF9128
     /tmp/ccWZZQZf.s:93092  .debug_str:0000000000010f77 .LASF9129
     /tmp/ccWZZQZf.s:97682  .debug_str:00000000000242c2 .LASF9130
     /tmp/ccWZZQZf.s:105388  .debug_str:00000000000434e9 .LASF9131
     /tmp/ccWZZQZf.s:94010  .debug_str:0000000000014983 .LASF9132
     /tmp/ccWZZQZf.s:107540  .debug_str:000000000004c588 .LASF9133
     /tmp/ccWZZQZf.s:94012  .debug_str:000000000001498e .LASF9134
     /tmp/ccWZZQZf.s:101534  .debug_str:0000000000033955 .LASF9135
     /tmp/ccWZZQZf.s:94014  .debug_str:0000000000014999 .LASF9136
     /tmp/ccWZZQZf.s:95412  .debug_str:000000000001a77c .LASF9137
     /tmp/ccWZZQZf.s:96996  .debug_str:0000000000021695 .LASF9138
     /tmp/ccWZZQZf.s:102498  .debug_str:000000000003783c .LASF9139
     /tmp/ccWZZQZf.s:93808  .debug_str:0000000000013dc5 .LASF9140
     /tmp/ccWZZQZf.s:91002  .debug_str:0000000000008a88 .LASF9141
     /tmp/ccWZZQZf.s:93812  .debug_str:0000000000013de0 .LASF9142
     /tmp/ccWZZQZf.s:104164  .debug_str:000000000003e245 .LASF9143
     /tmp/ccWZZQZf.s:94144  .debug_str:000000000001524c .LASF9144
     /tmp/ccWZZQZf.s:105506  .debug_str:0000000000043cc8 .LASF9145
     /tmp/ccWZZQZf.s:102522  .debug_str:00000000000379ae .LASF9146
     /tmp/ccWZZQZf.s:99488  .debug_str:000000000002b3b6 .LASF9147
     /tmp/ccWZZQZf.s:94152  .debug_str:00000000000152bd .LASF9148
     /tmp/ccWZZQZf.s:105266  .debug_str:0000000000042c9c .LASF9149
     /tmp/ccWZZQZf.s:100618  .debug_str:000000000002fd7d .LASF9150
     /tmp/ccWZZQZf.s:89254  .debug_str:0000000000001292 .LASF9151
     /tmp/ccWZZQZf.s:95464  .debug_str:000000000001aadc .LASF9152
     /tmp/ccWZZQZf.s:107990  .debug_str:000000000004e411 .LASF9153
     /tmp/ccWZZQZf.s:95466  .debug_str:000000000001aae7 .LASF9154
     /tmp/ccWZZQZf.s:101166  .debug_str:000000000003219b .LASF9155
     /tmp/ccWZZQZf.s:91688  .debug_str:000000000000ba7d .LASF9156
     /tmp/ccWZZQZf.s:90904  .debug_str:000000000000843b .LASF9157
     /tmp/ccWZZQZf.s:91690  .debug_str:000000000000ba88 .LASF9158
     /tmp/ccWZZQZf.s:97374  .debug_str:0000000000022eb0 .LASF9159
     /tmp/ccWZZQZf.s:91692  .debug_str:000000000000ba93 .LASF9160
     /tmp/ccWZZQZf.s:91222  .debug_str:0000000000009a1a .LASF9161
     /tmp/ccWZZQZf.s:104184  .debug_str:000000000003e3b5 .LASF9162
     /tmp/ccWZZQZf.s:95172  .debug_str:00000000000195c7 .LASF9163
     /tmp/ccWZZQZf.s:98808  .debug_str:00000000000288ad .LASF9164
     /tmp/ccWZZQZf.s:98810  .debug_str:00000000000288c1 .LASF9165
     /tmp/ccWZZQZf.s:98812  .debug_str:00000000000288d5 .LASF9166
     /tmp/ccWZZQZf.s:97838  .debug_str:0000000000024aab .LASF9167
     /tmp/ccWZZQZf.s:97840  .debug_str:0000000000024abc .LASF9168
     /tmp/ccWZZQZf.s:89456  .debug_str:0000000000002122 .LASF9169
     /tmp/ccWZZQZf.s:97844  .debug_str:0000000000024afa .LASF9170
     /tmp/ccWZZQZf.s:97846  .debug_str:0000000000024b0b .LASF9171
     /tmp/ccWZZQZf.s:90728  .debug_str:00000000000078ba .LASF9172
     /tmp/ccWZZQZf.s:97930  .debug_str:0000000000024efd .LASF9173
     /tmp/ccWZZQZf.s:94122  .debug_str:0000000000015074 .LASF9174
     /tmp/ccWZZQZf.s:94146  .debug_str:0000000000015257 .LASF9175
     /tmp/ccWZZQZf.s:107398  .debug_str:000000000004b9f8 .LASF9176
     /tmp/ccWZZQZf.s:92582  .debug_str:000000000000f0a5 .LASF9177
     /tmp/ccWZZQZf.s:101278  .debug_str:000000000003297f .LASF9178
     /tmp/ccWZZQZf.s:106614  .debug_str:0000000000048522 .LASF9179
     /tmp/ccWZZQZf.s:105316  .debug_str:0000000000043050 .LASF9180
     /tmp/ccWZZQZf.s:93302  .debug_str:0000000000011d96 .LASF9181
     /tmp/ccWZZQZf.s:95900  .debug_str:000000000001c8e7 .LASF9182
     /tmp/ccWZZQZf.s:99706  .debug_str:000000000002c1ab .LASF9183
     /tmp/ccWZZQZf.s:102300  .debug_str:0000000000036c12 .LASF9184
     /tmp/ccWZZQZf.s:105232  .debug_str:0000000000042abf .LASF9185
     /tmp/ccWZZQZf.s:90114  .debug_str:0000000000004ef8 .LASF9186
     /tmp/ccWZZQZf.s:97114  .debug_str:0000000000021d59 .LASF9187
     /tmp/ccWZZQZf.s:95652  .debug_str:000000000001b819 .LASF9188
     /tmp/ccWZZQZf.s:99512  .debug_str:000000000002b531 .LASF9189
     /tmp/ccWZZQZf.s:98152  .debug_str:0000000000025bfc .LASF9190
     /tmp/ccWZZQZf.s:101952  .debug_str:0000000000035618 .LASF9191
     /tmp/ccWZZQZf.s:91402  .debug_str:000000000000a599 .LASF9192
     /tmp/ccWZZQZf.s:97350  .debug_str:0000000000022ce9 .LASF9193
     /tmp/ccWZZQZf.s:100638  .debug_str:000000000002fed0 .LASF9194
     /tmp/ccWZZQZf.s:96630  .debug_str:000000000001fced .LASF9195
     /tmp/ccWZZQZf.s:103092  .debug_str:00000000000399ea .LASF9196
     /tmp/ccWZZQZf.s:103094  .debug_str:00000000000399f5 .LASF9197
     /tmp/ccWZZQZf.s:103096  .debug_str:0000000000039a00 .LASF9198
     /tmp/ccWZZQZf.s:103098  .debug_str:0000000000039a0b .LASF9199
     /tmp/ccWZZQZf.s:89734  .debug_str:00000000000034c0 .LASF9200
     /tmp/ccWZZQZf.s:96486  .debug_str:000000000001f24f .LASF9201
     /tmp/ccWZZQZf.s:101896  .debug_str:0000000000035232 .LASF9202
     /tmp/ccWZZQZf.s:92966  .debug_str:00000000000106c5 .LASF9203
     /tmp/ccWZZQZf.s:107648  .debug_str:000000000004cd13 .LASF9204
     /tmp/ccWZZQZf.s:105610  .debug_str:000000000004432d .LASF9205
     /tmp/ccWZZQZf.s:91228  .debug_str:0000000000009a76 .LASF9206
     /tmp/ccWZZQZf.s:105126  .debug_str:00000000000423be .LASF9207
     /tmp/ccWZZQZf.s:107006  .debug_str:0000000000049fb8 .LASF9208
     /tmp/ccWZZQZf.s:104110  .debug_str:000000000003de88 .LASF9209
     /tmp/ccWZZQZf.s:92996  .debug_str:0000000000010954 .LASF9210
     /tmp/ccWZZQZf.s:95576  .debug_str:000000000001b22a .LASF9211
     /tmp/ccWZZQZf.s:100338  .debug_str:000000000002ea44 .LASF9212
     /tmp/ccWZZQZf.s:94208  .debug_str:00000000000156d7 .LASF9213
     /tmp/ccWZZQZf.s:98888  .debug_str:0000000000028d71 .LASF9214
     /tmp/ccWZZQZf.s:102464  .debug_str:00000000000375dd .LASF9215
     /tmp/ccWZZQZf.s:106098  .debug_str:00000000000461ba .LASF9216
     /tmp/ccWZZQZf.s:99278  .debug_str:000000000002a5a0 .LASF9217
     /tmp/ccWZZQZf.s:95528  .debug_str:000000000001aeb8 .LASF9218
     /tmp/ccWZZQZf.s:106398  .debug_str:0000000000047555 .LASF9219
     /tmp/ccWZZQZf.s:100642  .debug_str:000000000002ff08 .LASF9220
     /tmp/ccWZZQZf.s:91342  .debug_str:000000000000a133 .LASF9221
     /tmp/ccWZZQZf.s:96698  .debug_str:000000000002025e .LASF9222
     /tmp/ccWZZQZf.s:102158  .debug_str:0000000000036371 .LASF9223
     /tmp/ccWZZQZf.s:92826  .debug_str:000000000000ff62 .LASF9224
     /tmp/ccWZZQZf.s:93862  .debug_str:00000000000140e2 .LASF9225
     /tmp/ccWZZQZf.s:108078  .debug_str:000000000004ea1e .LASF9226
     /tmp/ccWZZQZf.s:104736  .debug_str:000000000004090c .LASF9227
     /tmp/ccWZZQZf.s:93722  .debug_str:00000000000138aa .LASF9228
     /tmp/ccWZZQZf.s:89414  .debug_str:0000000000001ddc .LASF9229
     /tmp/ccWZZQZf.s:104080  .debug_str:000000000003dc75 .LASF9230
     /tmp/ccWZZQZf.s:99840  .debug_str:000000000002c984 .LASF9231
     /tmp/ccWZZQZf.s:95282  .debug_str:0000000000019dd3 .LASF9232
     /tmp/ccWZZQZf.s:90922  .debug_str:0000000000008523 .LASF9233
     /tmp/ccWZZQZf.s:105836  .debug_str:00000000000450f8 .LASF9234
     /tmp/ccWZZQZf.s:101392  .debug_str:0000000000033050 .LASF9235
     /tmp/ccWZZQZf.s:97052  .debug_str:0000000000021928 .LASF9236
     /tmp/ccWZZQZf.s:92486  .debug_str:000000000000eb00 .LASF9237
     /tmp/ccWZZQZf.s:106066  .debug_str:0000000000045f7a .LASF9238
     /tmp/ccWZZQZf.s:95686  .debug_str:000000000001ba21 .LASF9239
     /tmp/ccWZZQZf.s:91672  .debug_str:000000000000b953 .LASF9240
     /tmp/ccWZZQZf.s:102896  .debug_str:0000000000038d01 .LASF9241
     /tmp/ccWZZQZf.s:89530  .debug_str:0000000000002665 .LASF9242
     /tmp/ccWZZQZf.s:98488  .debug_str:00000000000272c8 .LASF9243
     /tmp/ccWZZQZf.s:107556  .debug_str:000000000004c6e4 .LASF9244
     /tmp/ccWZZQZf.s:97494  .debug_str:0000000000023695 .LASF9245
     /tmp/ccWZZQZf.s:106596  .debug_str:00000000000483ed .LASF9246
     /tmp/ccWZZQZf.s:96576  .debug_str:000000000001f8de .LASF9247
     /tmp/ccWZZQZf.s:91582  .debug_str:000000000000b25f .LASF9248
     /tmp/ccWZZQZf.s:100630  .debug_str:000000000002fe53 .LASF9249
     /tmp/ccWZZQZf.s:90160  .debug_str:00000000000051cf .LASF9250
     /tmp/ccWZZQZf.s:99688  .debug_str:000000000002c0bb .LASF9251
     /tmp/ccWZZQZf.s:96962  .debug_str:000000000002143b .LASF9252
     /tmp/ccWZZQZf.s:106036  .debug_str:0000000000045d63 .LASF9253
     /tmp/ccWZZQZf.s:95966  .debug_str:000000000001cd7d .LASF9254
     /tmp/ccWZZQZf.s:104884  .debug_str:0000000000041380 .LASF9255
     /tmp/ccWZZQZf.s:94858  .debug_str:0000000000018174 .LASF9256
     /tmp/ccWZZQZf.s:103962  .debug_str:000000000003d579 .LASF9257
     /tmp/ccWZZQZf.s:99114  .debug_str:0000000000029bab .LASF9258
     /tmp/ccWZZQZf.s:89028  .debug_str:000000000000037d .LASF9259
     /tmp/ccWZZQZf.s:95190  .debug_str:00000000000196e5 .LASF9260
     /tmp/ccWZZQZf.s:105690  .debug_str:00000000000447f0 .LASF9261
     /tmp/ccWZZQZf.s:103228  .debug_str:000000000003a31e .LASF9262
     /tmp/ccWZZQZf.s:93460  .debug_str:000000000001270f .LASF9263
     /tmp/ccWZZQZf.s:103928  .debug_str:000000000003d333 .LASF9264
     /tmp/ccWZZQZf.s:95244  .debug_str:0000000000019ad8 .LASF9265
     /tmp/ccWZZQZf.s:90518  .debug_str:0000000000006a87 .LASF9266
     /tmp/ccWZZQZf.s:102936  .debug_str:0000000000038f0c .LASF9267
     /tmp/ccWZZQZf.s:97432  .debug_str:00000000000232e0 .LASF9268
     /tmp/ccWZZQZf.s:102638  .debug_str:0000000000037f12 .LASF9269
     /tmp/ccWZZQZf.s:93884  .debug_str:0000000000014237 .LASF9270
     /tmp/ccWZZQZf.s:99870  .debug_str:000000000002cb82 .LASF9271
     /tmp/ccWZZQZf.s:91048  .debug_str:0000000000008e20 .LASF9272
     /tmp/ccWZZQZf.s:96372  .debug_str:000000000001ea56 .LASF9273
     /tmp/ccWZZQZf.s:99948  .debug_str:000000000002d112 .LASF9274
     /tmp/ccWZZQZf.s:101834  .debug_str:0000000000034e4a .LASF9275
     /tmp/ccWZZQZf.s:106230  .debug_str:0000000000046ad1 .LASF9276
     /tmp/ccWZZQZf.s:89032  .debug_str:00000000000003e1 .LASF9277
     /tmp/ccWZZQZf.s:92110  .debug_str:000000000000d63f .LASF9278
     /tmp/ccWZZQZf.s:106612  .debug_str:0000000000048509 .LASF9279
     /tmp/ccWZZQZf.s:108082  .debug_str:000000000004ea4c .LASF9280
     /tmp/ccWZZQZf.s:99482  .debug_str:000000000002b333 .LASF9281
     /tmp/ccWZZQZf.s:90694  .debug_str:000000000000769c .LASF9282
     /tmp/ccWZZQZf.s:94404  .debug_str:00000000000162b1 .LASF9283
     /tmp/ccWZZQZf.s:105222  .debug_str:0000000000042a42 .LASF9284
     /tmp/ccWZZQZf.s:98196  .debug_str:0000000000025f5d .LASF9285
     /tmp/ccWZZQZf.s:101974  .debug_str:0000000000035772 .LASF9286
     /tmp/ccWZZQZf.s:100598  .debug_str:000000000002fc1d .LASF9287
     /tmp/ccWZZQZf.s:103770  .debug_str:000000000003c812 .LASF9288
     /tmp/ccWZZQZf.s:90450  .debug_str:0000000000006565 .LASF9289
     /tmp/ccWZZQZf.s:94848  .debug_str:00000000000180e9 .LASF9290
     /tmp/ccWZZQZf.s:103626  .debug_str:000000000003beb3 .LASF9291
     /tmp/ccWZZQZf.s:107794  .debug_str:000000000004d6ff .LASF9292
     /tmp/ccWZZQZf.s:90362  .debug_str:0000000000005fc6 .LASF9293
     /tmp/ccWZZQZf.s:105812  .debug_str:0000000000044fa5 .LASF9294
     /tmp/ccWZZQZf.s:105320  .debug_str:00000000000430a7 .LASF9295
     /tmp/ccWZZQZf.s:89778  .debug_str:00000000000037ab .LASF9296
     /tmp/ccWZZQZf.s:95390  .debug_str:000000000001a5ee .LASF9297
     /tmp/ccWZZQZf.s:89016  .debug_str:000000000000028d .LASF9298
     /tmp/ccWZZQZf.s:94944  .debug_str:00000000000185da .LASF9299
     /tmp/ccWZZQZf.s:104974  .debug_str:0000000000041857 .LASF9300
     /tmp/ccWZZQZf.s:90454  .debug_str:00000000000065b7 .LASF9301
     /tmp/ccWZZQZf.s:95458  .debug_str:000000000001aa55 .LASF9302
     /tmp/ccWZZQZf.s:89704  .debug_str:000000000000333f .LASF9303
     /tmp/ccWZZQZf.s:94748  .debug_str:0000000000017a39 .LASF9304
     /tmp/ccWZZQZf.s:92960  .debug_str:000000000001065e .LASF9305
     /tmp/ccWZZQZf.s:103538  .debug_str:000000000003b8f6 .LASF9306
     /tmp/ccWZZQZf.s:94954  .debug_str:00000000000186b9 .LASF9307
     /tmp/ccWZZQZf.s:105432  .debug_str:0000000000043828 .LASF9308
     /tmp/ccWZZQZf.s:96800  .debug_str:000000000002087d .LASF9309
     /tmp/ccWZZQZf.s:89144  .debug_str:0000000000000b45 .LASF9310
     /tmp/ccWZZQZf.s:97192  .debug_str:000000000002222f .LASF9311
     /tmp/ccWZZQZf.s:103552  .debug_str:000000000003b980 .LASF9312
     /tmp/ccWZZQZf.s:90860  .debug_str:0000000000008105 .LASF9313
     /tmp/ccWZZQZf.s:93816  .debug_str:0000000000013e1b .LASF9314
     /tmp/ccWZZQZf.s:90754  .debug_str:0000000000007a80 .LASF9315
     /tmp/ccWZZQZf.s:94700  .debug_str:0000000000017757 .LASF9316
     /tmp/ccWZZQZf.s:102092  .debug_str:0000000000035eef .LASF9317
     /tmp/ccWZZQZf.s:91942  .debug_str:000000000000caf6 .LASF9318
     /tmp/ccWZZQZf.s:94346  .debug_str:0000000000015f0b .LASF9319
     /tmp/ccWZZQZf.s:104672  .debug_str:000000000004053b .LASF9320
     /tmp/ccWZZQZf.s:100950  .debug_str:000000000003125a .LASF9321
     /tmp/ccWZZQZf.s:96998  .debug_str:000000000002169f .LASF9322
     /tmp/ccWZZQZf.s:92978  .debug_str:00000000000107cf .LASF9323
     /tmp/ccWZZQZf.s:105838  .debug_str:0000000000045121 .LASF9324
     /tmp/ccWZZQZf.s:104058  .debug_str:000000000003dbe6 .LASF9325
     /tmp/ccWZZQZf.s:106998  .debug_str:0000000000049f13 .LASF9326
     /tmp/ccWZZQZf.s:100730  .debug_str:0000000000030454 .LASF9327
     /tmp/ccWZZQZf.s:105618  .debug_str:000000000004437f .LASF9328
     /tmp/ccWZZQZf.s:98984  .debug_str:0000000000029374 .LASF9329
     /tmp/ccWZZQZf.s:102230  .debug_str:000000000003680c .LASF9330
     /tmp/ccWZZQZf.s:106674  .debug_str:00000000000488b3 .LASF9331
     /tmp/ccWZZQZf.s:97554  .debug_str:0000000000023ada .LASF9332
     /tmp/ccWZZQZf.s:108044  .debug_str:000000000004e7f5 .LASF9333
     /tmp/ccWZZQZf.s:99438  .debug_str:000000000002afd6 .LASF9334
     /tmp/ccWZZQZf.s:90646  .debug_str:000000000000733e .LASF9335
     /tmp/ccWZZQZf.s:101198  .debug_str:00000000000323e4 .LASF9336
     /tmp/ccWZZQZf.s:90254  .debug_str:000000000000594f .LASF9337
     /tmp/ccWZZQZf.s:103220  .debug_str:000000000003a296 .LASF9338
     /tmp/ccWZZQZf.s:94432  .debug_str:00000000000164ec .LASF9339
     /tmp/ccWZZQZf.s:104074  .debug_str:000000000003dc53 .LASF9340
     /tmp/ccWZZQZf.s:96398  .debug_str:000000000001ec47 .LASF9341
     /tmp/ccWZZQZf.s:94736  .debug_str:0000000000017942 .LASF9342
     /tmp/ccWZZQZf.s:101258  .debug_str:00000000000327fd .LASF9343
     /tmp/ccWZZQZf.s:92466  .debug_str:000000000000e9bb .LASF9344
     /tmp/ccWZZQZf.s:103118  .debug_str:0000000000039bd2 .LASF9345
     /tmp/ccWZZQZf.s:101032  .debug_str:0000000000031882 .LASF9346
     /tmp/ccWZZQZf.s:104946  .debug_str:00000000000416ed .LASF9347
     /tmp/ccWZZQZf.s:96272  .debug_str:000000000001e332 .LASF9348
     /tmp/ccWZZQZf.s:106722  .debug_str:0000000000048be4 .LASF9349
     /tmp/ccWZZQZf.s:95978  .debug_str:000000000001ce1f .LASF9350
     /tmp/ccWZZQZf.s:89566  .debug_str:0000000000002943 .LASF9351
     /tmp/ccWZZQZf.s:105020  .debug_str:0000000000041bf5 .LASF9352
     /tmp/ccWZZQZf.s:91074  .debug_str:0000000000008f62 .LASF9353
     /tmp/ccWZZQZf.s:106938  .debug_str:0000000000049ad3 .LASF9354
     /tmp/ccWZZQZf.s:98308  .debug_str:00000000000266d7 .LASF9355
     /tmp/ccWZZQZf.s:89622  .debug_str:0000000000002d1a .LASF9356
     /tmp/ccWZZQZf.s:100316  .debug_str:000000000002e91e .LASF9357
     /tmp/ccWZZQZf.s:92158  .debug_str:000000000000d8c3 .LASF9358
     /tmp/ccWZZQZf.s:93318  .debug_str:0000000000011eb7 .LASF9359
     /tmp/ccWZZQZf.s:93370  .debug_str:00000000000121e6 .LASF9360
     /tmp/ccWZZQZf.s:103846  .debug_str:000000000003cd8c .LASF9361
     /tmp/ccWZZQZf.s:100380  .debug_str:000000000002ecd0 .LASF9362
     /tmp/ccWZZQZf.s:91556  .debug_str:000000000000b0af .LASF9363
     /tmp/ccWZZQZf.s:102304  .debug_str:0000000000036c42 .LASF9364
     /tmp/ccWZZQZf.s:93590  .debug_str:00000000000130ac .LASF9365
     /tmp/ccWZZQZf.s:95730  .debug_str:000000000001bd43 .LASF9366
     /tmp/ccWZZQZf.s:95370  .debug_str:000000000001a471 .LASF9367
     /tmp/ccWZZQZf.s:105860  .debug_str:000000000004525f .LASF9368
     /tmp/ccWZZQZf.s:97340  .debug_str:0000000000022c30 .LASF9369
     /tmp/ccWZZQZf.s:107816  .debug_str:000000000004d8bc .LASF9370
     /tmp/ccWZZQZf.s:93826  .debug_str:0000000000013efe .LASF9371
     /tmp/ccWZZQZf.s:97878  .debug_str:0000000000024d10 .LASF9372
     /tmp/ccWZZQZf.s:106078  .debug_str:0000000000046045 .LASF9373
     /tmp/ccWZZQZf.s:97390  .debug_str:0000000000022feb .LASF9374
     /tmp/ccWZZQZf.s:107870  .debug_str:000000000004dbef .LASF9375
     /tmp/ccWZZQZf.s:99416  .debug_str:000000000002aec7 .LASF9376
     /tmp/ccWZZQZf.s:90624  .debug_str:0000000000007236 .LASF9377
     /tmp/ccWZZQZf.s:101172  .debug_str:0000000000032212 .LASF9378
     /tmp/ccWZZQZf.s:92384  .debug_str:000000000000e676 .LASF9379
     /tmp/ccWZZQZf.s:103018  .debug_str:00000000000394d9 .LASF9380
     /tmp/ccWZZQZf.s:94406  .debug_str:00000000000162cb .LASF9381
     /tmp/ccWZZQZf.s:90674  .debug_str:0000000000007551 .LASF9382
     /tmp/ccWZZQZf.s:101414  .debug_str:0000000000033175 .LASF9383
     /tmp/ccWZZQZf.s:106786  .debug_str:000000000004902a .LASF9384
     /tmp/ccWZZQZf.s:103244  .debug_str:000000000003a47c .LASF9385
     /tmp/ccWZZQZf.s:94464  .debug_str:00000000000166d2 .LASF9386
     /tmp/ccWZZQZf.s:101512  .debug_str:000000000003378e .LASF9387
     /tmp/ccWZZQZf.s:96432  .debug_str:000000000001ee81 .LASF9388
     /tmp/ccWZZQZf.s:106856  .debug_str:00000000000494b6 .LASF9389
     /tmp/ccWZZQZf.s:98236  .debug_str:00000000000261f5 .LASF9390
     /tmp/ccWZZQZf.s:89536  .debug_str:00000000000026c5 .LASF9391
     /tmp/ccWZZQZf.s:105172  .debug_str:00000000000426f5 .LASF9392
     /tmp/ccWZZQZf.s:96490  .debug_str:000000000001f270 .LASF9393
     /tmp/ccWZZQZf.s:106912  .debug_str:000000000004990a .LASF9394
     /tmp/ccWZZQZf.s:96340  .debug_str:000000000001e793 .LASF9395
     /tmp/ccWZZQZf.s:92830  .debug_str:000000000000ff8e .LASF9396
     /tmp/ccWZZQZf.s:99740  .debug_str:000000000002c3a0 .LASF9397
     /tmp/ccWZZQZf.s:93552  .debug_str:0000000000012def .LASF9398
     /tmp/ccWZZQZf.s:106564  .debug_str:00000000000481db .LASF9399
     /tmp/ccWZZQZf.s:100494  .debug_str:000000000002f48f .LASF9400
     /tmp/ccWZZQZf.s:95596  .debug_str:000000000001b3c2 .LASF9401
     /tmp/ccWZZQZf.s:104642  .debug_str:00000000000402dd .LASF9402
     /tmp/ccWZZQZf.s:103788  .debug_str:000000000003c941 .LASF9403
     /tmp/ccWZZQZf.s:104200  .debug_str:000000000003e4a1 .LASF9404
     /tmp/ccWZZQZf.s:101288  .debug_str:00000000000329fc .LASF9405
     /tmp/ccWZZQZf.s:103080  .debug_str:0000000000039925 .LASF9406
     /tmp/ccWZZQZf.s:101290  .debug_str:0000000000032a06 .LASF9407
     /tmp/ccWZZQZf.s:98882  .debug_str:0000000000028cfe .LASF9408
     /tmp/ccWZZQZf.s:101292  .debug_str:0000000000032a10 .LASF9409
     /tmp/ccWZZQZf.s:106488  .debug_str:0000000000047be1 .LASF9410
     /tmp/ccWZZQZf.s:101294  .debug_str:0000000000032a1a .LASF9411
     /tmp/ccWZZQZf.s:99330  .debug_str:000000000002a987 .LASF9412
     /tmp/ccWZZQZf.s:97660  .debug_str:0000000000024119 .LASF9413
     /tmp/ccWZZQZf.s:101208  .debug_str:00000000000324af .LASF9414
     /tmp/ccWZZQZf.s:101296  .debug_str:0000000000032a24 .LASF9415
     /tmp/ccWZZQZf.s:103158  .debug_str:0000000000039e45 .LASF9416
     /tmp/ccWZZQZf.s:97730  .debug_str:00000000000244ff .LASF9417
     /tmp/ccWZZQZf.s:93792  .debug_str:0000000000013ccf .LASF9418
     /tmp/ccWZZQZf.s:101298  .debug_str:0000000000032a2e .LASF9419
     /tmp/ccWZZQZf.s:103818  .debug_str:000000000003cb74 .LASF9420
     /tmp/ccWZZQZf.s:97822  .debug_str:0000000000024a06 .LASF9421
     /tmp/ccWZZQZf.s:105746  .debug_str:0000000000044bdf .LASF9422
     /tmp/ccWZZQZf.s:91138  .debug_str:00000000000093d4 .LASF9423
     /tmp/ccWZZQZf.s:96598  .debug_str:000000000001fa95 .LASF9424
     /tmp/ccWZZQZf.s:97918  .debug_str:0000000000024e44 .LASF9425
     /tmp/ccWZZQZf.s:98514  .debug_str:00000000000274b8 .LASF9426
     /tmp/ccWZZQZf.s:101302  .debug_str:0000000000032a4c .LASF9427
     /tmp/ccWZZQZf.s:101304  .debug_str:0000000000032a56 .LASF9428
     /tmp/ccWZZQZf.s:97690  .debug_str:0000000000024351 .LASF9429
     /tmp/ccWZZQZf.s:89192  .debug_str:0000000000000e8a .LASF9430
     /tmp/ccWZZQZf.s:103738  .debug_str:000000000003c5ff .LASF9431
     /tmp/ccWZZQZf.s:93448  .debug_str:000000000001263f .LASF9432
     /tmp/ccWZZQZf.s:107202  .debug_str:000000000004acd3 .LASF9433
     /tmp/ccWZZQZf.s:93524  .debug_str:0000000000012b6d .LASF9434
     /tmp/ccWZZQZf.s:96742  .debug_str:0000000000020527 .LASF9435
     /tmp/ccWZZQZf.s:93606  .debug_str:000000000001319e .LASF9436
     /tmp/ccWZZQZf.s:96828  .debug_str:0000000000020aa5 .LASF9437
     /tmp/ccWZZQZf.s:93676  .debug_str:000000000001358e .LASF9438
     /tmp/ccWZZQZf.s:96902  .debug_str:0000000000021030 .LASF9439
     /tmp/ccWZZQZf.s:93764  .debug_str:0000000000013af5 .LASF9440
     /tmp/ccWZZQZf.s:96974  .debug_str:000000000002157a .LASF9441
     /tmp/ccWZZQZf.s:105754  .debug_str:0000000000044c2f .LASF9442
     /tmp/ccWZZQZf.s:104152  .debug_str:000000000003e19b .LASF9443
     /tmp/ccWZZQZf.s:93874  .debug_str:00000000000141ab .LASF9444
     /tmp/ccWZZQZf.s:90426  .debug_str:00000000000063e1 .LASF9445
     /tmp/ccWZZQZf.s:103062  .debug_str:00000000000397d8 .LASF9446
     /tmp/ccWZZQZf.s:106732  .debug_str:0000000000048c73 .LASF9447
     /tmp/ccWZZQZf.s:106770  .debug_str:0000000000048ef0 .LASF9448
     /tmp/ccWZZQZf.s:90750  .debug_str:0000000000007a31 .LASF9449
     /tmp/ccWZZQZf.s:91154  .debug_str:00000000000094e9 .LASF9450
     /tmp/ccWZZQZf.s:90644  .debug_str:0000000000007331 .LASF9451
     /tmp/ccWZZQZf.s:107366  .debug_str:000000000004b843 .LASF9452
     /tmp/ccWZZQZf.s:93374  .debug_str:000000000001221e .LASF9453
     /tmp/ccWZZQZf.s:101980  .debug_str:00000000000357b9 .LASF9454
     /tmp/ccWZZQZf.s:106920  .debug_str:0000000000049990 .LASF9455
     /tmp/ccWZZQZf.s:105864  .debug_str:0000000000045297 .LASF9456
     /tmp/ccWZZQZf.s:91450  .debug_str:000000000000a8f0 .LASF9457
     /tmp/ccWZZQZf.s:102556  .debug_str:0000000000037b35 .LASF9458
     /tmp/ccWZZQZf.s:94352  .debug_str:0000000000015f44 .LASF9459
     /tmp/ccWZZQZf.s:96082  .debug_str:000000000001d590 .LASF9460
     /tmp/ccWZZQZf.s:95620  .debug_str:000000000001b581 .LASF9461
     /tmp/ccWZZQZf.s:93584  .debug_str:000000000001303c .LASF9462
     /tmp/ccWZZQZf.s:106100  .debug_str:00000000000461db .LASF9463
     /tmp/ccWZZQZf.s:102284  .debug_str:0000000000036ab6 .LASF9464
     /tmp/ccWZZQZf.s:97416  .debug_str:00000000000231b5 .LASF9465
     /tmp/ccWZZQZf.s:98140  .debug_str:0000000000025b31 .LASF9466
     /tmp/ccWZZQZf.s:107364  .debug_str:000000000004b830 .LASF9467
     /tmp/ccWZZQZf.s:94002  .debug_str:000000000001490b .LASF9468
     /tmp/ccWZZQZf.s:90940  .debug_str:0000000000008652 .LASF9502
     /tmp/ccWZZQZf.s:93406  .debug_str:000000000001245f .LASF9469
     /tmp/ccWZZQZf.s:101948  .debug_str:00000000000355de .LASF9470
     /tmp/ccWZZQZf.s:93410  .debug_str:0000000000012484 .LASF9471
     /tmp/ccWZZQZf.s:107222  .debug_str:000000000004ae3f .LASF9472
     /tmp/ccWZZQZf.s:93414  .debug_str:00000000000124a3 .LASF9473
     /tmp/ccWZZQZf.s:93416  .debug_str:00000000000124ae .LASF9474
     /tmp/ccWZZQZf.s:93418  .debug_str:00000000000124b9 .LASF9475
     /tmp/ccWZZQZf.s:93420  .debug_str:00000000000124c4 .LASF9476
     /tmp/ccWZZQZf.s:93422  .debug_str:00000000000124cf .LASF9477
     /tmp/ccWZZQZf.s:93424  .debug_str:00000000000124da .LASF9478
     /tmp/ccWZZQZf.s:105822  .debug_str:0000000000045068 .LASF9479
     /tmp/ccWZZQZf.s:105824  .debug_str:0000000000045074 .LASF9480
     /tmp/ccWZZQZf.s:99998  .debug_str:000000000002d485 .LASF9481
     /tmp/ccWZZQZf.s:100000  .debug_str:000000000002d491 .LASF9482
     /tmp/ccWZZQZf.s:100002  .debug_str:000000000002d49d .LASF9483
     /tmp/ccWZZQZf.s:100004  .debug_str:000000000002d4a9 .LASF9484
     /tmp/ccWZZQZf.s:100006  .debug_str:000000000002d4b5 .LASF9485
     /tmp/ccWZZQZf.s:100008  .debug_str:000000000002d4c1 .LASF9486
     /tmp/ccWZZQZf.s:105834  .debug_str:00000000000450ec .LASF9487
     /tmp/ccWZZQZf.s:100012  .debug_str:000000000002d501 .LASF9488
     /tmp/ccWZZQZf.s:100082  .debug_str:000000000002d99a .LASF9489
     /tmp/ccWZZQZf.s:100084  .debug_str:000000000002d9a6 .LASF9490
     /tmp/ccWZZQZf.s:100086  .debug_str:000000000002d9b2 .LASF9491
     /tmp/ccWZZQZf.s:100088  .debug_str:000000000002d9be .LASF9492
     /tmp/ccWZZQZf.s:100090  .debug_str:000000000002d9ca .LASF9493
     /tmp/ccWZZQZf.s:105980  .debug_str:0000000000045a6e .LASF9494
     /tmp/ccWZZQZf.s:100094  .debug_str:000000000002d9fd .LASF9495
     /tmp/ccWZZQZf.s:100096  .debug_str:000000000002da09 .LASF9496
     /tmp/ccWZZQZf.s:100098  .debug_str:000000000002da15 .LASF9497
     /tmp/ccWZZQZf.s:105986  .debug_str:0000000000045ad1 .LASF9498
     /tmp/ccWZZQZf.s:100156  .debug_str:000000000002de0f .LASF9499
     /tmp/ccWZZQZf.s:106124  .debug_str:0000000000046361 .LASF9500
     /tmp/ccWZZQZf.s:101640  .debug_str:000000000003403c .LASF9501
     /tmp/ccWZZQZf.s:105248  .debug_str:0000000000042b83 .LASF9503
     /tmp/ccWZZQZf.s:105716  .debug_str:00000000000449ae .LASF9504
     /tmp/ccWZZQZf.s:96546  .debug_str:000000000001f65f .LASF9505
     /tmp/ccWZZQZf.s:93810  .debug_str:0000000000013dd0 .LASF9506
     /tmp/ccWZZQZf.s:107764  .debug_str:000000000004d50a .LASF9507
     /tmp/ccWZZQZf.s:107636  .debug_str:000000000004cc1e .LASF9508
     /tmp/ccWZZQZf.s:97144  .debug_str:0000000000021f1c .LASF9509
     /tmp/ccWZZQZf.s:97146  .debug_str:0000000000021f2c .LASF9510
     /tmp/ccWZZQZf.s:97148  .debug_str:0000000000021f3c .LASF9511
     /tmp/ccWZZQZf.s:97150  .debug_str:0000000000021f4c .LASF9512
     /tmp/ccWZZQZf.s:99670  .debug_str:000000000002bfb0 .LASF9513
     /tmp/ccWZZQZf.s:107586  .debug_str:000000000004c8d7 .LASF9514
     /tmp/ccWZZQZf.s:100208  .debug_str:000000000002e0ed .LASF9515
     /tmp/ccWZZQZf.s:94280  .debug_str:0000000000015aa9 .LASF9516
     /tmp/ccWZZQZf.s:106594  .debug_str:00000000000483e5 .LASF9517
     /tmp/ccWZZQZf.s:106812  .debug_str:00000000000491c3 .LASF9518
     /tmp/ccWZZQZf.s:99398  .debug_str:000000000002adbb .LASF9519
     /tmp/ccWZZQZf.s:93444  .debug_str:00000000000125f7 .LASF9520
     /tmp/ccWZZQZf.s:99318  .debug_str:000000000002a8fd .LASF9521
     /tmp/ccWZZQZf.s:100192  .debug_str:000000000002e036 .LASF9522
     /tmp/ccWZZQZf.s:91882  .debug_str:000000000000c71c .LASF9523
     /tmp/ccWZZQZf.s:106486  .debug_str:0000000000047bd1 .LASF9531
     /tmp/ccWZZQZf.s:102972  .debug_str:0000000000039184 .LASF9553
     /tmp/ccWZZQZf.s:90762  .debug_str:0000000000007b29 .LASF9524
     /tmp/ccWZZQZf.s:99788  .debug_str:000000000002c672 .LASF9525
     /tmp/ccWZZQZf.s:100720  .debug_str:00000000000303dd .LASF9527
     /tmp/ccWZZQZf.s:1086   .text.MSS_GPIO_clear_irq:0000000000000000 .LFB33
     /tmp/ccWZZQZf.s:1134   .text.MSS_GPIO_clear_irq:000000000000002e .LFE33
     /tmp/ccWZZQZf.s:69974  .debug_loc:0000000000000000 .LLST33
     /tmp/ccWZZQZf.s:107924  .debug_str:000000000004dfae .LASF9526
     /tmp/ccWZZQZf.s:69992  .debug_loc:000000000000004c .LLST34
     /tmp/ccWZZQZf.s:1105   .text.MSS_GPIO_clear_irq:0000000000000014 .LVL98
     /tmp/ccWZZQZf.s:105662  .debug_str:0000000000044616 .LASF9528
     /tmp/ccWZZQZf.s:1028   .text.MSS_GPIO_disable_nondirect_irq:0000000000000000 .LFB32
     /tmp/ccWZZQZf.s:1079   .text.MSS_GPIO_disable_nondirect_irq:000000000000004a .LFE32
     /tmp/ccWZZQZf.s:70006  .debug_loc:0000000000000085 .LLST32
     /tmp/ccWZZQZf.s:1046   .text.MSS_GPIO_disable_nondirect_irq:000000000000001c .LVL92
     /tmp/ccWZZQZf.s:96400  .debug_str:000000000001ec5d .LASF9529
     /tmp/ccWZZQZf.s:970    .text.MSS_GPIO_enable_nondirect_irq:0000000000000000 .LFB31
     /tmp/ccWZZQZf.s:1021   .text.MSS_GPIO_enable_nondirect_irq:000000000000004a .LFE31
     /tmp/ccWZZQZf.s:70046  .debug_loc:0000000000000123 .LLST31
     /tmp/ccWZZQZf.s:988    .text.MSS_GPIO_enable_nondirect_irq:000000000000001c .LVL85
     /tmp/ccWZZQZf.s:101678  .debug_str:00000000000342ff .LASF9530
     /tmp/ccWZZQZf.s:858    .text.MSS_GPIO_disable_irq:0000000000000000 .LFB30
     /tmp/ccWZZQZf.s:963    .text.MSS_GPIO_disable_irq:000000000000008a .LFE30
     /tmp/ccWZZQZf.s:70086  .debug_loc:00000000000001c1 .LLST28
     /tmp/ccWZZQZf.s:70115  .debug_loc:0000000000000236 .LLST29
     /tmp/ccWZZQZf.s:94690  .debug_str:00000000000176f9 .LASF9532
     /tmp/ccWZZQZf.s:70129  .debug_loc:000000000000026f .LLST30
     /tmp/ccWZZQZf.s:878    .text.MSS_GPIO_disable_irq:0000000000000014 .LVL77
     /tmp/ccWZZQZf.s:923    .text.MSS_GPIO_disable_irq:0000000000000056 .LVL81
     /tmp/ccWZZQZf.s:106180  .debug_str:00000000000467a9 .LASF9533
     /tmp/ccWZZQZf.s:751    .text.MSS_GPIO_enable_irq:0000000000000000 .LFB29
     /tmp/ccWZZQZf.s:851    .text.MSS_GPIO_enable_irq:0000000000000086 .LFE29
     /tmp/ccWZZQZf.s:70136  .debug_loc:0000000000000292 .LLST25
     /tmp/ccWZZQZf.s:70165  .debug_loc:0000000000000307 .LLST26
     /tmp/ccWZZQZf.s:70179  .debug_loc:0000000000000340 .LLST27
     /tmp/ccWZZQZf.s:771    .text.MSS_GPIO_enable_irq:0000000000000014 .LVL70
     /tmp/ccWZZQZf.s:815    .text.MSS_GPIO_enable_irq:0000000000000058 .LVL74
     /tmp/ccWZZQZf.s:107790  .debug_str:000000000004d6cf .LASF9534
     /tmp/ccWZZQZf.s:627    .text.MSS_GPIO_drive_inout:0000000000000000 .LFB28
     /tmp/ccWZZQZf.s:744    .text.MSS_GPIO_drive_inout:000000000000007e .LFE28
     /tmp/ccWZZQZf.s:70186  .debug_loc:0000000000000363 .LLST21
     /tmp/ccWZZQZf.s:70208  .debug_loc:00000000000003c2 .LLST22
     /tmp/ccWZZQZf.s:98664  .debug_str:0000000000027ebc .LASF9535
     /tmp/ccWZZQZf.s:70222  .debug_loc:00000000000003fb .LLST23
     /tmp/ccWZZQZf.s:107572  .debug_str:000000000004c809 .LASF9536
     /tmp/ccWZZQZf.s:70236  .debug_loc:0000000000000434 .LLST24
     /tmp/ccWZZQZf.s:648    .text.MSS_GPIO_drive_inout:0000000000000016 .LVL58
     /tmp/ccWZZQZf.s:94304  .debug_str:0000000000015be2 .LASF9537
     /tmp/ccWZZQZf.s:565    .text.MSS_GPIO_set_output:0000000000000000 .LFB27
     /tmp/ccWZZQZf.s:620    .text.MSS_GPIO_set_output:0000000000000036 .LFE27
     /tmp/ccWZZQZf.s:70251  .debug_loc:000000000000047d .LLST18
     /tmp/ccWZZQZf.s:70273  .debug_loc:00000000000004dc .LLST19
     /tmp/ccWZZQZf.s:95552  .debug_str:000000000001b057 .LASF9538
     /tmp/ccWZZQZf.s:70287  .debug_loc:0000000000000515 .LLST20
     /tmp/ccWZZQZf.s:585    .text.MSS_GPIO_set_output:0000000000000016 .LVL54
     /tmp/ccWZZQZf.s:96410  .debug_str:000000000001ecf8 .LASF9539
     /tmp/ccWZZQZf.s:548    .text.MSS_GPIO_config_all:0000000000000000 .LFB26
     /tmp/ccWZZQZf.s:558    .text.MSS_GPIO_config_all:0000000000000006 .LFE26
     /tmp/ccWZZQZf.s:107064  .debug_str:000000000004a38d .LASF9540
     /tmp/ccWZZQZf.s:479    .text.MSS_GPIO_config_byte:0000000000000000 .LFB25
     /tmp/ccWZZQZf.s:541    .text.MSS_GPIO_config_byte:0000000000000058 .LFE25
     /tmp/ccWZZQZf.s:70301  .debug_loc:000000000000054e .LLST16
     /tmp/ccWZZQZf.s:103540  .debug_str:000000000003b90e .LASF9541
     /tmp/ccWZZQZf.s:70319  .debug_loc:000000000000059a .LLST17
     /tmp/ccWZZQZf.s:95896  .debug_str:000000000001c894 .LASF9542
     /tmp/ccWZZQZf.s:428    .text.MSS_GPIO_config:0000000000000000 .LFB24
     /tmp/ccWZZQZf.s:472    .text.MSS_GPIO_config:000000000000002c .LFE24
     /tmp/ccWZZQZf.s:70337  .debug_loc:00000000000005e6 .LLST13
     /tmp/ccWZZQZf.s:70355  .debug_loc:0000000000000632 .LLST14
     /tmp/ccWZZQZf.s:70369  .debug_loc:000000000000066b .LLST15
     /tmp/ccWZZQZf.s:448    .text.MSS_GPIO_config:0000000000000016 .LVL46
     /tmp/ccWZZQZf.s:100062  .debug_str:000000000002d81b .LASF9543
     /tmp/ccWZZQZf.s:410    .text.MSS_GPIO_init:0000000000000000 .LFB23
     /tmp/ccWZZQZf.s:421    .text.MSS_GPIO_init:0000000000000008 .LFE23
     /tmp/ccWZZQZf.s:107568  .debug_str:000000000004c7d7 .LASF9548
     /tmp/ccWZZQZf.s:107392  .debug_str:000000000004b9b3 .LASF9544
     /tmp/ccWZZQZf.s:103974  .debug_str:000000000003d604 .LASF9545
     /tmp/ccWZZQZf.s:95278  .debug_str:0000000000019d7d .LASF9546
     /tmp/ccWZZQZf.s:100286  .debug_str:000000000002e6e5 .LASF9547
     /tmp/ccWZZQZf.s:100570  .debug_str:000000000002fa2f .LASF9549
     /tmp/ccWZZQZf.s:13     .text.PLIC_EnableIRQ:0000000000000000 .LFB7
     /tmp/ccWZZQZf.s:169    .text.PLIC_EnableIRQ:00000000000000a4 .LFE7
     /tmp/ccWZZQZf.s:70383  .debug_loc:00000000000006a4 .LLST0
     /tmp/ccWZZQZf.s:70397  .debug_loc:00000000000006dd .LLST1
     /tmp/ccWZZQZf.s:70432  .debug_loc:0000000000000785 .LLST2
     /tmp/ccWZZQZf.s:20     .text.PLIC_EnableIRQ:0000000000000000 .LBB8
     /tmp/ccWZZQZf.s:30     .text.PLIC_EnableIRQ:0000000000000004 .LBE8
     /tmp/ccWZZQZf.s:58     .text.PLIC_EnableIRQ:0000000000000026 .LBB9
     /tmp/ccWZZQZf.s:82     .text.PLIC_EnableIRQ:000000000000003c .LBE9
     /tmp/ccWZZQZf.s:59     .text.PLIC_EnableIRQ:0000000000000026 .LBB10
     /tmp/ccWZZQZf.s:81     .text.PLIC_EnableIRQ:000000000000003c .LBE10
     /tmp/ccWZZQZf.s:70439  .debug_loc:00000000000007a8 .LLST4
     /tmp/ccWZZQZf.s:175    .text.PLIC_DisableIRQ:0000000000000000 .LFB8
     /tmp/ccWZZQZf.s:334    .text.PLIC_DisableIRQ:00000000000000a0 .LFE8
     /tmp/ccWZZQZf.s:70450  .debug_loc:00000000000007de .LLST5
     /tmp/ccWZZQZf.s:70464  .debug_loc:0000000000000817 .LLST6
     /tmp/ccWZZQZf.s:70499  .debug_loc:00000000000008bf .LLST7
     /tmp/ccWZZQZf.s:181    .text.PLIC_DisableIRQ:0000000000000000 .LBB15
     /tmp/ccWZZQZf.s:191    .text.PLIC_DisableIRQ:0000000000000004 .LBE15
     /tmp/ccWZZQZf.s:223    .text.PLIC_DisableIRQ:000000000000002c .LBB16
     /tmp/ccWZZQZf.s:247    .text.PLIC_DisableIRQ:0000000000000040 .LBE16
     /tmp/ccWZZQZf.s:224    .text.PLIC_DisableIRQ:000000000000002c .LBB17
     /tmp/ccWZZQZf.s:246    .text.PLIC_DisableIRQ:0000000000000040 .LBE17
     /tmp/ccWZZQZf.s:70506  .debug_loc:00000000000008e2 .LLST9
     /tmp/ccWZZQZf.s:340    .text.gpio_number_validate:0000000000000000 .LFB34
     /tmp/ccWZZQZf.s:403    .text.gpio_number_validate:000000000000004c .LFE34
     /tmp/ccWZZQZf.s:70517  .debug_loc:0000000000000918 .LLST10
     /tmp/ccWZZQZf.s:377    .text.gpio_number_validate:0000000000000030 .LBB20
     /tmp/ccWZZQZf.s:396    .text.gpio_number_validate:0000000000000048 .LBE20
     /tmp/ccWZZQZf.s:70531  .debug_loc:0000000000000951 .LLST11
     /tmp/ccWZZQZf.s:70538  .debug_loc:0000000000000974 .LLST12
     /tmp/ccWZZQZf.s:378    .text.gpio_number_validate:0000000000000030 .LBB21
     /tmp/ccWZZQZf.s:395    .text.gpio_number_validate:0000000000000048 .LBE21
     /tmp/ccWZZQZf.s:1089   .text.MSS_GPIO_clear_irq:0000000000000000 .LVL97
     /tmp/ccWZZQZf.s:1127   .text.MSS_GPIO_clear_irq:0000000000000028 .LVL99
     /tmp/ccWZZQZf.s:1031   .text.MSS_GPIO_disable_nondirect_irq:0000000000000000 .LVL90
     /tmp/ccWZZQZf.s:1042   .text.MSS_GPIO_disable_nondirect_irq:0000000000000014 .LVL91
     /tmp/ccWZZQZf.s:1058   .text.MSS_GPIO_disable_nondirect_irq:0000000000000030 .LVL93
     /tmp/ccWZZQZf.s:1060   .text.MSS_GPIO_disable_nondirect_irq:0000000000000032 .LVL94
     /tmp/ccWZZQZf.s:1072   .text.MSS_GPIO_disable_nondirect_irq:0000000000000046 .LVL95
     /tmp/ccWZZQZf.s:1074   .text.MSS_GPIO_disable_nondirect_irq:0000000000000048 .LVL96
     /tmp/ccWZZQZf.s:973    .text.MSS_GPIO_enable_nondirect_irq:0000000000000000 .LVL83
     /tmp/ccWZZQZf.s:984    .text.MSS_GPIO_enable_nondirect_irq:0000000000000014 .LVL84
     /tmp/ccWZZQZf.s:1000   .text.MSS_GPIO_enable_nondirect_irq:0000000000000030 .LVL86
     /tmp/ccWZZQZf.s:1002   .text.MSS_GPIO_enable_nondirect_irq:0000000000000032 .LVL87
     /tmp/ccWZZQZf.s:1014   .text.MSS_GPIO_enable_nondirect_irq:0000000000000046 .LVL88
     /tmp/ccWZZQZf.s:1016   .text.MSS_GPIO_enable_nondirect_irq:0000000000000048 .LVL89
     /tmp/ccWZZQZf.s:861    .text.MSS_GPIO_disable_irq:0000000000000000 .LVL76
     /tmp/ccWZZQZf.s:918    .text.MSS_GPIO_disable_irq:000000000000004c .LVL80
     /tmp/ccWZZQZf.s:958    .text.MSS_GPIO_disable_irq:0000000000000086 .LVL82
     /tmp/ccWZZQZf.s:888    .text.MSS_GPIO_disable_irq:0000000000000022 .LVL78
     /tmp/ccWZZQZf.s:892    .text.MSS_GPIO_disable_irq:0000000000000024 .LVL79
     /tmp/ccWZZQZf.s:754    .text.MSS_GPIO_enable_irq:0000000000000000 .LVL69
     /tmp/ccWZZQZf.s:810    .text.MSS_GPIO_enable_irq:000000000000004e .LVL73
     /tmp/ccWZZQZf.s:846    .text.MSS_GPIO_enable_irq:0000000000000082 .LVL75
     /tmp/ccWZZQZf.s:781    .text.MSS_GPIO_enable_irq:0000000000000022 .LVL71
     /tmp/ccWZZQZf.s:785    .text.MSS_GPIO_enable_irq:0000000000000026 .LVL72
     /tmp/ccWZZQZf.s:630    .text.MSS_GPIO_drive_inout:0000000000000000 .LVL57
     /tmp/ccWZZQZf.s:667    .text.MSS_GPIO_drive_inout:000000000000002e .LVL59
     /tmp/ccWZZQZf.s:671    .text.MSS_GPIO_drive_inout:0000000000000032 .LVL60
     /tmp/ccWZZQZf.s:687    .text.MSS_GPIO_drive_inout:0000000000000048 .LVL61
     /tmp/ccWZZQZf.s:697    .text.MSS_GPIO_drive_inout:0000000000000050 .LVL63
     /tmp/ccWZZQZf.s:712    .text.MSS_GPIO_drive_inout:0000000000000066 .LVL64
     /tmp/ccWZZQZf.s:722    .text.MSS_GPIO_drive_inout:000000000000006e .LVL66
     /tmp/ccWZZQZf.s:731    .text.MSS_GPIO_drive_inout:0000000000000078 .LVL67
     /tmp/ccWZZQZf.s:568    .text.MSS_GPIO_set_output:0000000000000000 .LVL53
     /tmp/ccWZZQZf.s:604    .text.MSS_GPIO_set_output:000000000000002a .LVL55
     /tmp/ccWZZQZf.s:610    .text.MSS_GPIO_set_output:0000000000000030 .LVL56
     /tmp/ccWZZQZf.s:482    .text.MSS_GPIO_config_byte:0000000000000000 .LVL48
     /tmp/ccWZZQZf.s:528    .text.MSS_GPIO_config_byte:000000000000004e .LVL50
     /tmp/ccWZZQZf.s:532    .text.MSS_GPIO_config_byte:0000000000000052 .LVL51
     /tmp/ccWZZQZf.s:523    .text.MSS_GPIO_config_byte:0000000000000044 .LVL49
     /tmp/ccWZZQZf.s:431    .text.MSS_GPIO_config:0000000000000000 .LVL45
     /tmp/ccWZZQZf.s:467    .text.MSS_GPIO_config:0000000000000028 .LVL47
     /tmp/ccWZZQZf.s:17     .text.PLIC_EnableIRQ:0000000000000000 .LVL0
     /tmp/ccWZZQZf.s:43     .text.PLIC_EnableIRQ:0000000000000022 .LVL3
     /tmp/ccWZZQZf.s:88     .text.PLIC_EnableIRQ:0000000000000046 .LVL8
     /tmp/ccWZZQZf.s:96     .text.PLIC_EnableIRQ:0000000000000050 .LVL9
     /tmp/ccWZZQZf.s:102    .text.PLIC_EnableIRQ:0000000000000056 .LVL10
     /tmp/ccWZZQZf.s:109    .text.PLIC_EnableIRQ:0000000000000060 .LVL11
     /tmp/ccWZZQZf.s:117    .text.PLIC_EnableIRQ:000000000000006a .LVL12
     /tmp/ccWZZQZf.s:123    .text.PLIC_EnableIRQ:0000000000000070 .LVL13
     /tmp/ccWZZQZf.s:130    .text.PLIC_EnableIRQ:000000000000007a .LVL14
     /tmp/ccWZZQZf.s:138    .text.PLIC_EnableIRQ:0000000000000084 .LVL15
     /tmp/ccWZZQZf.s:144    .text.PLIC_EnableIRQ:000000000000008a .LVL16
     /tmp/ccWZZQZf.s:151    .text.PLIC_EnableIRQ:0000000000000094 .LVL17
     /tmp/ccWZZQZf.s:159    .text.PLIC_EnableIRQ:000000000000009e .LVL18
     /tmp/ccWZZQZf.s:164    .text.PLIC_EnableIRQ:00000000000000a2 .LVL19
     /tmp/ccWZZQZf.s:27     .text.PLIC_EnableIRQ:0000000000000004 .LVL1
     /tmp/ccWZZQZf.s:36     .text.PLIC_EnableIRQ:0000000000000014 .LVL2
     /tmp/ccWZZQZf.s:65     .text.PLIC_EnableIRQ:000000000000002e .LVL5
     /tmp/ccWZZQZf.s:73     .text.PLIC_EnableIRQ:0000000000000038 .LVL6
     /tmp/ccWZZQZf.s:79     .text.PLIC_EnableIRQ:000000000000003c .LVL7
     /tmp/ccWZZQZf.s:178    .text.PLIC_DisableIRQ:0000000000000000 .LVL20
     /tmp/ccWZZQZf.s:207    .text.PLIC_DisableIRQ:0000000000000028 .LVL23
     /tmp/ccWZZQZf.s:251    .text.PLIC_DisableIRQ:0000000000000044 .LVL28
     /tmp/ccWZZQZf.s:261    .text.PLIC_DisableIRQ:0000000000000052 .LVL29
     /tmp/ccWZZQZf.s:267    .text.PLIC_DisableIRQ:0000000000000058 .LVL30
     /tmp/ccWZZQZf.s:272    .text.PLIC_DisableIRQ:000000000000005c .LVL31
     /tmp/ccWZZQZf.s:282    .text.PLIC_DisableIRQ:000000000000006a .LVL32
     /tmp/ccWZZQZf.s:288    .text.PLIC_DisableIRQ:0000000000000070 .LVL33
     /tmp/ccWZZQZf.s:293    .text.PLIC_DisableIRQ:0000000000000074 .LVL34
     /tmp/ccWZZQZf.s:303    .text.PLIC_DisableIRQ:0000000000000082 .LVL35
     /tmp/ccWZZQZf.s:309    .text.PLIC_DisableIRQ:0000000000000088 .LVL36
     /tmp/ccWZZQZf.s:314    .text.PLIC_DisableIRQ:000000000000008c .LVL37
     /tmp/ccWZZQZf.s:324    .text.PLIC_DisableIRQ:000000000000009a .LVL38
     /tmp/ccWZZQZf.s:329    .text.PLIC_DisableIRQ:000000000000009e .LVL39
     /tmp/ccWZZQZf.s:188    .text.PLIC_DisableIRQ:0000000000000004 .LVL21
     /tmp/ccWZZQZf.s:197    .text.PLIC_DisableIRQ:0000000000000014 .LVL22
     /tmp/ccWZZQZf.s:228    .text.PLIC_DisableIRQ:000000000000002e .LVL25
     /tmp/ccWZZQZf.s:238    .text.PLIC_DisableIRQ:000000000000003c .LVL26
     /tmp/ccWZZQZf.s:244    .text.PLIC_DisableIRQ:0000000000000040 .LVL27
     /tmp/ccWZZQZf.s:344    .text.gpio_number_validate:0000000000000000 .LVL40
     /tmp/ccWZZQZf.s:400    .text.gpio_number_validate:000000000000004a .LVL43
     /tmp/ccWZZQZf.s:376    .text.gpio_number_validate:0000000000000030 .LVL41
     /tmp/ccWZZQZf.s:393    .text.gpio_number_validate:0000000000000048 .LVL42
     /tmp/ccWZZQZf.s:1194   .debug_info:0000000000000000 .Ldebug_info0
     /tmp/ccWZZQZf.s:71286  .debug_macro:0000000000000000 .Ldebug_macro2
     /tmp/ccWZZQZf.s:98776  .debug_str:00000000000286bd .LASF326
     /tmp/ccWZZQZf.s:72269  .debug_macro:0000000000000000 .Ldebug_macro3
     /tmp/ccWZZQZf.s:72433  .debug_macro:0000000000000000 .Ldebug_macro4
     /tmp/ccWZZQZf.s:95392  .debug_str:000000000001a605 .LASF385
     /tmp/ccWZZQZf.s:104414  .debug_str:000000000003f250 .LASF386
     /tmp/ccWZZQZf.s:102048  .debug_str:0000000000035cae .LASF387
     /tmp/ccWZZQZf.s:72453  .debug_macro:0000000000000000 .Ldebug_macro5
     /tmp/ccWZZQZf.s:72473  .debug_macro:0000000000000000 .Ldebug_macro6
     /tmp/ccWZZQZf.s:72538  .debug_macro:0000000000000000 .Ldebug_macro7
     /tmp/ccWZZQZf.s:72579  .debug_macro:0000000000000000 .Ldebug_macro8
     /tmp/ccWZZQZf.s:72701  .debug_macro:0000000000000000 .Ldebug_macro9
     /tmp/ccWZZQZf.s:72757  .debug_macro:0000000000000000 .Ldebug_macro10
     /tmp/ccWZZQZf.s:95018  .debug_str:0000000000018b29 .LASF541
     /tmp/ccWZZQZf.s:72969  .debug_macro:0000000000000000 .Ldebug_macro11
     /tmp/ccWZZQZf.s:72980  .debug_macro:0000000000000000 .Ldebug_macro12
     /tmp/ccWZZQZf.s:74779  .debug_macro:0000000000000000 .Ldebug_macro13
     /tmp/ccWZZQZf.s:74805  .debug_macro:0000000000000000 .Ldebug_macro14
     /tmp/ccWZZQZf.s:96106  .debug_str:000000000001d79b .LASF1175
     /tmp/ccWZZQZf.s:74888  .debug_macro:0000000000000000 .Ldebug_macro15
     /tmp/ccWZZQZf.s:104322  .debug_str:000000000003ec91 .LASF3366
     /tmp/ccWZZQZf.s:81463  .debug_macro:0000000000000000 .Ldebug_macro16
     /tmp/ccWZZQZf.s:81480  .debug_macro:0000000000000000 .Ldebug_macro17
     /tmp/ccWZZQZf.s:81512  .debug_macro:0000000000000000 .Ldebug_macro18
     /tmp/ccWZZQZf.s:81529  .debug_macro:0000000000000000 .Ldebug_macro19
     /tmp/ccWZZQZf.s:81558  .debug_macro:0000000000000000 .Ldebug_macro20
     /tmp/ccWZZQZf.s:81620  .debug_macro:0000000000000000 .Ldebug_macro21
     /tmp/ccWZZQZf.s:81643  .debug_macro:0000000000000000 .Ldebug_macro22
     /tmp/ccWZZQZf.s:81702  .debug_macro:0000000000000000 .Ldebug_macro23
     /tmp/ccWZZQZf.s:84461  .debug_macro:0000000000000000 .Ldebug_macro24
     /tmp/ccWZZQZf.s:84505  .debug_macro:0000000000000000 .Ldebug_macro25
     /tmp/ccWZZQZf.s:84591  .debug_macro:0000000000000000 .Ldebug_macro26
     /tmp/ccWZZQZf.s:84620  .debug_macro:0000000000000000 .Ldebug_macro27
     /tmp/ccWZZQZf.s:84679  .debug_macro:0000000000000000 .Ldebug_macro28
     /tmp/ccWZZQZf.s:84741  .debug_macro:0000000000000000 .Ldebug_macro29
     /tmp/ccWZZQZf.s:84803  .debug_macro:0000000000000000 .Ldebug_macro30
     /tmp/ccWZZQZf.s:84865  .debug_macro:0000000000000000 .Ldebug_macro31
     /tmp/ccWZZQZf.s:84927  .debug_macro:0000000000000000 .Ldebug_macro32
     /tmp/ccWZZQZf.s:84989  .debug_macro:0000000000000000 .Ldebug_macro33
     /tmp/ccWZZQZf.s:85045  .debug_macro:0000000000000000 .Ldebug_macro34
     /tmp/ccWZZQZf.s:85101  .debug_macro:0000000000000000 .Ldebug_macro35
     /tmp/ccWZZQZf.s:85133  .debug_macro:0000000000000000 .Ldebug_macro36
     /tmp/ccWZZQZf.s:85153  .debug_macro:0000000000000000 .Ldebug_macro37
     /tmp/ccWZZQZf.s:85185  .debug_macro:0000000000000000 .Ldebug_macro38
     /tmp/ccWZZQZf.s:85217  .debug_macro:0000000000000000 .Ldebug_macro39
     /tmp/ccWZZQZf.s:85237  .debug_macro:0000000000000000 .Ldebug_macro40
     /tmp/ccWZZQZf.s:85257  .debug_macro:0000000000000000 .Ldebug_macro41
     /tmp/ccWZZQZf.s:85289  .debug_macro:0000000000000000 .Ldebug_macro42
     /tmp/ccWZZQZf.s:85303  .debug_macro:0000000000000000 .Ldebug_macro43
     /tmp/ccWZZQZf.s:85323  .debug_macro:0000000000000000 .Ldebug_macro44
     /tmp/ccWZZQZf.s:85424  .debug_macro:0000000000000000 .Ldebug_macro45
     /tmp/ccWZZQZf.s:85525  .debug_macro:0000000000000000 .Ldebug_macro46
     /tmp/ccWZZQZf.s:85542  .debug_macro:0000000000000000 .Ldebug_macro47
     /tmp/ccWZZQZf.s:85580  .debug_macro:0000000000000000 .Ldebug_macro48
     /tmp/ccWZZQZf.s:85603  .debug_macro:0000000000000000 .Ldebug_macro49
     /tmp/ccWZZQZf.s:85731  .debug_macro:0000000000000000 .Ldebug_macro50
     /tmp/ccWZZQZf.s:85745  .debug_macro:0000000000000000 .Ldebug_macro51
     /tmp/ccWZZQZf.s:85759  .debug_macro:0000000000000000 .Ldebug_macro52
     /tmp/ccWZZQZf.s:85815  .debug_macro:0000000000000000 .Ldebug_macro53
     /tmp/ccWZZQZf.s:86930  .debug_macro:0000000000000000 .Ldebug_macro54
     /tmp/ccWZZQZf.s:86962  .debug_macro:0000000000000000 .Ldebug_macro55
     /tmp/ccWZZQZf.s:86982  .debug_macro:0000000000000000 .Ldebug_macro56
     /tmp/ccWZZQZf.s:87026  .debug_macro:0000000000000000 .Ldebug_macro57
     /tmp/ccWZZQZf.s:87073  .debug_macro:0000000000000000 .Ldebug_macro58
     /tmp/ccWZZQZf.s:87120  .debug_macro:0000000000000000 .Ldebug_macro59
     /tmp/ccWZZQZf.s:87155  .debug_macro:0000000000000000 .Ldebug_macro60
     /tmp/ccWZZQZf.s:87178  .debug_macro:0000000000000000 .Ldebug_macro61
     /tmp/ccWZZQZf.s:89074  .debug_str:00000000000006ca .LASF5201
     /tmp/ccWZZQZf.s:87195  .debug_macro:0000000000000000 .Ldebug_macro62
     /tmp/ccWZZQZf.s:106456  .debug_str:00000000000479af .LASF5383
     /tmp/ccWZZQZf.s:87743  .debug_macro:0000000000000000 .Ldebug_macro63
     /tmp/ccWZZQZf.s:87760  .debug_macro:0000000000000000 .Ldebug_macro64
     /tmp/ccWZZQZf.s:87774  .debug_macro:0000000000000000 .Ldebug_macro65
     /tmp/ccWZZQZf.s:88073  .debug_macro:0000000000000000 .Ldebug_macro66
     /tmp/ccWZZQZf.s:88126  .debug_macro:0000000000000000 .Ldebug_macro67
     /tmp/ccWZZQZf.s:88146  .debug_macro:0000000000000000 .Ldebug_macro68
     /tmp/ccWZZQZf.s:99934  .debug_str:000000000002cff9 .LASF5549
     /tmp/ccWZZQZf.s:88268  .debug_macro:0000000000000000 .Ldebug_macro69
     /tmp/ccWZZQZf.s:88330  .debug_macro:0000000000000000 .Ldebug_macro70
     /tmp/ccWZZQZf.s:98608  .debug_str:0000000000027aa7 .LASF5571
     /tmp/ccWZZQZf.s:88341  .debug_macro:0000000000000000 .Ldebug_macro71
     /tmp/ccWZZQZf.s:88370  .debug_macro:0000000000000000 .Ldebug_macro72
     /tmp/ccWZZQZf.s:103150  .debug_str:0000000000039e08 .LASF5599
     /tmp/ccWZZQZf.s:88432  .debug_macro:0000000000000000 .Ldebug_macro73
     /tmp/ccWZZQZf.s:95366  .debug_str:000000000001a452 .LASF5619
     /tmp/ccWZZQZf.s:88494  .debug_macro:0000000000000000 .Ldebug_macro74
     /tmp/ccWZZQZf.s:88562  .debug_macro:0000000000000000 .Ldebug_macro75
     /tmp/ccWZZQZf.s:88585  .debug_macro:0000000000000000 .Ldebug_macro76
     /tmp/ccWZZQZf.s:88665  .debug_macro:0000000000000000 .Ldebug_macro77
     /tmp/ccWZZQZf.s:88796  .debug_macro:0000000000000000 .Ldebug_macro78
     /tmp/ccWZZQZf.s:88816  .debug_macro:0000000000000000 .Ldebug_macro79
     /tmp/ccWZZQZf.s:88830  .debug_macro:0000000000000000 .Ldebug_macro80
     /tmp/ccWZZQZf.s:99616  .debug_str:000000000002bbf2 .LASF5769
     /tmp/ccWZZQZf.s:103510  .debug_str:000000000003b714 .LASF5770
     /tmp/ccWZZQZf.s:101486  .debug_str:0000000000033618 .LASF5771
     /tmp/ccWZZQZf.s:107482  .debug_str:000000000004c05a .LASF5772
     /tmp/ccWZZQZf.s:102726  .debug_str:00000000000383d2 .LASF5773
     /tmp/ccWZZQZf.s:97280  .debug_str:000000000002282e .LASF5774
     /tmp/ccWZZQZf.s:93740  .debug_str:00000000000139cd .LASF0
     /tmp/ccWZZQZf.s:100486  .debug_str:000000000002f42c .LASF1
     /tmp/ccWZZQZf.s:97692  .debug_str:0000000000024358 .LASF2
     /tmp/ccWZZQZf.s:97756  .debug_str:000000000002469c .LASF3
     /tmp/ccWZZQZf.s:92276  .debug_str:000000000000e056 .LASF4
     /tmp/ccWZZQZf.s:92456  .debug_str:000000000000e93a .LASF5
     /tmp/ccWZZQZf.s:103082  .debug_str:0000000000039935 .LASF6
     /tmp/ccWZZQZf.s:91216  .debug_str:00000000000099c5 .LASF7
     /tmp/ccWZZQZf.s:89556  .debug_str:00000000000028b1 .LASF8
     /tmp/ccWZZQZf.s:89244  .debug_str:0000000000001215 .LASF9
     /tmp/ccWZZQZf.s:102598  .debug_str:0000000000037dd8 .LASF10
     /tmp/ccWZZQZf.s:106268  .debug_str:0000000000046d4e .LASF11
     /tmp/ccWZZQZf.s:100178  .debug_str:000000000002df41 .LASF12
     /tmp/ccWZZQZf.s:95894  .debug_str:000000000001c881 .LASF13
     /tmp/ccWZZQZf.s:92024  .debug_str:000000000000d09b .LASF14
     /tmp/ccWZZQZf.s:92916  .debug_str:0000000000010462 .LASF15
     /tmp/ccWZZQZf.s:100170  .debug_str:000000000002dede .LASF16
     /tmp/ccWZZQZf.s:91246  .debug_str:0000000000009b73 .LASF17
     /tmp/ccWZZQZf.s:105344  .debug_str:0000000000043210 .LASF18
     /tmp/ccWZZQZf.s:103714  .debug_str:000000000003c433 .LASF19
     /tmp/ccWZZQZf.s:94862  .debug_str:00000000000181e9 .LASF20
     /tmp/ccWZZQZf.s:106220  .debug_str:0000000000046a4a .LASF21
     /tmp/ccWZZQZf.s:105944  .debug_str:00000000000457fb .LASF22
     /tmp/ccWZZQZf.s:97028  .debug_str:0000000000021817 .LASF23
     /tmp/ccWZZQZf.s:90556  .debug_str:0000000000006d7f .LASF24
     /tmp/ccWZZQZf.s:92394  .debug_str:000000000000e6f9 .LASF25
     /tmp/ccWZZQZf.s:104740  .debug_str:0000000000040938 .LASF26
     /tmp/ccWZZQZf.s:103004  .debug_str:00000000000393bf .LASF27
     /tmp/ccWZZQZf.s:91934  .debug_str:000000000000ca59 .LASF28
     /tmp/ccWZZQZf.s:90978  .debug_str:00000000000088da .LASF29
     /tmp/ccWZZQZf.s:104614  .debug_str:0000000000040088 .LASF30
     /tmp/ccWZZQZf.s:102886  .debug_str:0000000000038c52 .LASF31
     /tmp/ccWZZQZf.s:94564  .debug_str:0000000000016d92 .LASF32
     /tmp/ccWZZQZf.s:101986  .debug_str:00000000000357f6 .LASF33
     /tmp/ccWZZQZf.s:95544  .debug_str:000000000001afab .LASF34
     /tmp/ccWZZQZf.s:99608  .debug_str:000000000002bb8a .LASF35
     /tmp/ccWZZQZf.s:99288  .debug_str:000000000002a666 .LASF36
     /tmp/ccWZZQZf.s:91762  .debug_str:000000000000bf01 .LASF37
     /tmp/ccWZZQZf.s:93966  .debug_str:0000000000014672 .LASF38
     /tmp/ccWZZQZf.s:98496  .debug_str:0000000000027351 .LASF39
     /tmp/ccWZZQZf.s:107968  .debug_str:000000000004e2b6 .LASF40
     /tmp/ccWZZQZf.s:96006  .debug_str:000000000001d000 .LASF41
     /tmp/ccWZZQZf.s:98696  .debug_str:00000000000280ad .LASF42
     /tmp/ccWZZQZf.s:93926  .debug_str:00000000000144ca .LASF43
     /tmp/ccWZZQZf.s:90416  .debug_str:0000000000006313 .LASF44
     /tmp/ccWZZQZf.s:103502  .debug_str:000000000003b670 .LASF45
     /tmp/ccWZZQZf.s:89710  .debug_str:00000000000033a1 .LASF46
     /tmp/ccWZZQZf.s:104482  .debug_str:000000000003f6be .LASF47
     /tmp/ccWZZQZf.s:90386  .debug_str:000000000000612b .LASF48
     /tmp/ccWZZQZf.s:103000  .debug_str:0000000000039388 .LASF49
     /tmp/ccWZZQZf.s:99892  .debug_str:000000000002cd66 .LASF50
     /tmp/ccWZZQZf.s:96158  .debug_str:000000000001db63 .LASF51
     /tmp/ccWZZQZf.s:107450  .debug_str:000000000004bda0 .LASF52
     /tmp/ccWZZQZf.s:90622  .debug_str:0000000000007216 .LASF53
     /tmp/ccWZZQZf.s:94956  .debug_str:00000000000186d1 .LASF54
     /tmp/ccWZZQZf.s:101720  .debug_str:00000000000345c5 .LASF55
     /tmp/ccWZZQZf.s:89400  .debug_str:0000000000001d0c .LASF56
     /tmp/ccWZZQZf.s:91892  .debug_str:000000000000c7c4 .LASF57
     /tmp/ccWZZQZf.s:105942  .debug_str:00000000000457d2 .LASF58
     /tmp/ccWZZQZf.s:104378  .debug_str:000000000003f00d .LASF59
     /tmp/ccWZZQZf.s:107102  .debug_str:000000000004a61d .LASF60
     /tmp/ccWZZQZf.s:105566  .debug_str:0000000000044076 .LASF61
     /tmp/ccWZZQZf.s:99858  .debug_str:000000000002cad9 .LASF62
     /tmp/ccWZZQZf.s:105628  .debug_str:0000000000044454 .LASF63
     /tmp/ccWZZQZf.s:98816  .debug_str:0000000000028904 .LASF64
     /tmp/ccWZZQZf.s:104272  .debug_str:000000000003e98d .LASF65
     /tmp/ccWZZQZf.s:98174  .debug_str:0000000000025d91 .LASF66
     /tmp/ccWZZQZf.s:99510  .debug_str:000000000002b50f .LASF67
     /tmp/ccWZZQZf.s:100896  .debug_str:0000000000030edb .LASF68
     /tmp/ccWZZQZf.s:96210  .debug_str:000000000001ded8 .LASF69
     /tmp/ccWZZQZf.s:105692  .debug_str:000000000004480c .LASF70
     /tmp/ccWZZQZf.s:103398  .debug_str:000000000003aed6 .LASF71
     /tmp/ccWZZQZf.s:107970  .debug_str:000000000004e2cf .LASF72
     /tmp/ccWZZQZf.s:94476  .debug_str:0000000000016798 .LASF73
     /tmp/ccWZZQZf.s:89504  .debug_str:0000000000002457 .LASF74
     /tmp/ccWZZQZf.s:106168  .debug_str:000000000004669c .LASF75
     /tmp/ccWZZQZf.s:98070  .debug_str:00000000000256c8 .LASF76
     /tmp/ccWZZQZf.s:94522  .debug_str:0000000000016a57 .LASF77
     /tmp/ccWZZQZf.s:97394  .debug_str:000000000002300d .LASF78
     /tmp/ccWZZQZf.s:91026  .debug_str:0000000000008c7b .LASF79
     /tmp/ccWZZQZf.s:101110  .debug_str:0000000000031e2c .LASF80
     /tmp/ccWZZQZf.s:99182  .debug_str:0000000000029fb7 .LASF81
     /tmp/ccWZZQZf.s:100652  .debug_str:000000000002ffa2 .LASF82
     /tmp/ccWZZQZf.s:93712  .debug_str:00000000000137ca .LASF83
     /tmp/ccWZZQZf.s:91198  .debug_str:0000000000009860 .LASF84
     /tmp/ccWZZQZf.s:91224  .debug_str:0000000000009a41 .LASF85
     /tmp/ccWZZQZf.s:92900  .debug_str:0000000000010373 .LASF86
     /tmp/ccWZZQZf.s:99556  .debug_str:000000000002b7c9 .LASF87
     /tmp/ccWZZQZf.s:89956  .debug_str:0000000000004455 .LASF88
     /tmp/ccWZZQZf.s:97736  .debug_str:0000000000024560 .LASF89
     /tmp/ccWZZQZf.s:106540  .debug_str:0000000000047fdb .LASF90
     /tmp/ccWZZQZf.s:90482  .debug_str:0000000000006807 .LASF91
     /tmp/ccWZZQZf.s:98422  .debug_str:0000000000026e58 .LASF92
     /tmp/ccWZZQZf.s:95202  .debug_str:0000000000019784 .LASF93
     /tmp/ccWZZQZf.s:97408  .debug_str:000000000002314c .LASF94
     /tmp/ccWZZQZf.s:106562  .debug_str:00000000000481c6 .LASF95
     /tmp/ccWZZQZf.s:106986  .debug_str:0000000000049e54 .LASF96
     /tmp/ccWZZQZf.s:100946  .debug_str:0000000000031200 .LASF97
     /tmp/ccWZZQZf.s:96984  .debug_str:0000000000021612 .LASF98
     /tmp/ccWZZQZf.s:92282  .debug_str:000000000000e08b .LASF99
     /tmp/ccWZZQZf.s:101106  .debug_str:0000000000031df1 .LASF100
     /tmp/ccWZZQZf.s:103130  .debug_str:0000000000039cad .LASF101
     /tmp/ccWZZQZf.s:102540  .debug_str:00000000000379fe .LASF102
     /tmp/ccWZZQZf.s:89678  .debug_str:0000000000003174 .LASF103
     /tmp/ccWZZQZf.s:99712  .debug_str:000000000002c217 .LASF104
     /tmp/ccWZZQZf.s:91944  .debug_str:000000000000cb11 .LASF105
     /tmp/ccWZZQZf.s:99592  .debug_str:000000000002bad1 .LASF106
     /tmp/ccWZZQZf.s:97616  .debug_str:0000000000023f72 .LASF107
     /tmp/ccWZZQZf.s:99394  .debug_str:000000000002ad8a .LASF108
     /tmp/ccWZZQZf.s:90052  .debug_str:0000000000004aff .LASF109
     /tmp/ccWZZQZf.s:102174  .debug_str:0000000000036486 .LASF110
     /tmp/ccWZZQZf.s:100596  .debug_str:000000000002fc0f .LASF111
     /tmp/ccWZZQZf.s:102996  .debug_str:000000000003935e .LASF112
     /tmp/ccWZZQZf.s:92090  .debug_str:000000000000d501 .LASF113
     /tmp/ccWZZQZf.s:102946  .debug_str:0000000000038f88 .LASF114
     /tmp/ccWZZQZf.s:89142  .debug_str:0000000000000b2c .LASF115
     /tmp/ccWZZQZf.s:104898  .debug_str:0000000000041464 .LASF116
     /tmp/ccWZZQZf.s:106338  .debug_str:00000000000471a9 .LASF117
     /tmp/ccWZZQZf.s:97966  .debug_str:000000000002512f .LASF118
     /tmp/ccWZZQZf.s:93480  .debug_str:0000000000012880 .LASF119
     /tmp/ccWZZQZf.s:94034  .debug_str:0000000000014af2 .LASF120
     /tmp/ccWZZQZf.s:102168  .debug_str:0000000000036419 .LASF121
     /tmp/ccWZZQZf.s:99896  .debug_str:000000000002cd9a .LASF122
     /tmp/ccWZZQZf.s:92828  .debug_str:000000000000ff7f .LASF123
     /tmp/ccWZZQZf.s:94266  .debug_str:00000000000159a3 .LASF124
     /tmp/ccWZZQZf.s:93030  .debug_str:0000000000010b00 .LASF125
     /tmp/ccWZZQZf.s:95158  .debug_str:00000000000194b8 .LASF126
     /tmp/ccWZZQZf.s:89232  .debug_str:000000000000113b .LASF127
     /tmp/ccWZZQZf.s:104268  .debug_str:000000000003e94d .LASF128
     /tmp/ccWZZQZf.s:103904  .debug_str:000000000003d1b2 .LASF129
     /tmp/ccWZZQZf.s:103124  .debug_str:0000000000039c2e .LASF130
     /tmp/ccWZZQZf.s:99014  .debug_str:000000000002955e .LASF131
     /tmp/ccWZZQZf.s:103778  .debug_str:000000000003c899 .LASF132
     /tmp/ccWZZQZf.s:93204  .debug_str:000000000001169b .LASF133
     /tmp/ccWZZQZf.s:97142  .debug_str:0000000000021efe .LASF134
     /tmp/ccWZZQZf.s:99080  .debug_str:00000000000299e0 .LASF135
     /tmp/ccWZZQZf.s:93576  .debug_str:0000000000012f6d .LASF136
     /tmp/ccWZZQZf.s:106090  .debug_str:0000000000046118 .LASF137
     /tmp/ccWZZQZf.s:104090  .debug_str:000000000003dcfd .LASF138
     /tmp/ccWZZQZf.s:104266  .debug_str:000000000003e92d .LASF139
     /tmp/ccWZZQZf.s:96072  .debug_str:000000000001d4ec .LASF140
     /tmp/ccWZZQZf.s:102242  .debug_str:00000000000368eb .LASF141
     /tmp/ccWZZQZf.s:94164  .debug_str:000000000001537b .LASF142
     /tmp/ccWZZQZf.s:107130  .debug_str:000000000004a825 .LASF143
     /tmp/ccWZZQZf.s:98924  .debug_str:0000000000028f8a .LASF144
     /tmp/ccWZZQZf.s:97882  .debug_str:0000000000024d35 .LASF145
     /tmp/ccWZZQZf.s:93258  .debug_str:0000000000011a41 .LASF146
     /tmp/ccWZZQZf.s:91868  .debug_str:000000000000c622 .LASF147
     /tmp/ccWZZQZf.s:92842  .debug_str:0000000000010020 .LASF148
     /tmp/ccWZZQZf.s:93634  .debug_str:00000000000132ee .LASF149
     /tmp/ccWZZQZf.s:96502  .debug_str:000000000001f33c .LASF150
     /tmp/ccWZZQZf.s:100650  .debug_str:000000000002ff8e .LASF151
     /tmp/ccWZZQZf.s:104318  .debug_str:000000000003ec6a .LASF152
     /tmp/ccWZZQZf.s:95240  .debug_str:0000000000019a94 .LASF153
     /tmp/ccWZZQZf.s:98020  .debug_str:0000000000025356 .LASF154
     /tmp/ccWZZQZf.s:91172  .debug_str:0000000000009673 .LASF155
     /tmp/ccWZZQZf.s:104732  .debug_str:00000000000408df .LASF156
     /tmp/ccWZZQZf.s:93604  .debug_str:0000000000013188 .LASF157
     /tmp/ccWZZQZf.s:106146  .debug_str:00000000000464df .LASF158
     /tmp/ccWZZQZf.s:99726  .debug_str:000000000002c2c2 .LASF159
     /tmp/ccWZZQZf.s:90228  .debug_str:0000000000005743 .LASF160
     /tmp/ccWZZQZf.s:90478  .debug_str:0000000000006785 .LASF161
     /tmp/ccWZZQZf.s:107404  .debug_str:000000000004ba5e .LASF162
     /tmp/ccWZZQZf.s:104526  .debug_str:000000000003fa2a .LASF163
     /tmp/ccWZZQZf.s:100056  .debug_str:000000000002d7b0 .LASF164
     /tmp/ccWZZQZf.s:93324  .debug_str:0000000000011f22 .LASF165
     /tmp/ccWZZQZf.s:94174  .debug_str:0000000000015414 .LASF166
     /tmp/ccWZZQZf.s:106664  .debug_str:0000000000048800 .LASF167
     /tmp/ccWZZQZf.s:100952  .debug_str:0000000000031275 .LASF168
     /tmp/ccWZZQZf.s:93408  .debug_str:000000000001246a .LASF169
     /tmp/ccWZZQZf.s:89494  .debug_str:0000000000002395 .LASF170
     /tmp/ccWZZQZf.s:99950  .debug_str:000000000002d12d .LASF171
     /tmp/ccWZZQZf.s:103214  .debug_str:000000000003a215 .LASF172
     /tmp/ccWZZQZf.s:101666  .debug_str:00000000000341f1 .LASF173
     /tmp/ccWZZQZf.s:100420  .debug_str:000000000002efa2 .LASF174
     /tmp/ccWZZQZf.s:91496  .debug_str:000000000000abd8 .LASF175
     /tmp/ccWZZQZf.s:103406  .debug_str:000000000003af67 .LASF176
     /tmp/ccWZZQZf.s:100892  .debug_str:0000000000030eac .LASF177
     /tmp/ccWZZQZf.s:93642  .debug_str:0000000000013378 .LASF178
     /tmp/ccWZZQZf.s:93570  .debug_str:0000000000012f31 .LASF179
     /tmp/ccWZZQZf.s:102510  .debug_str:0000000000037917 .LASF180
     /tmp/ccWZZQZf.s:91464  .debug_str:000000000000a9d6 .LASF181
     /tmp/ccWZZQZf.s:101694  .debug_str:00000000000343ff .LASF182
     /tmp/ccWZZQZf.s:93678  .debug_str:000000000001359e .LASF183
     /tmp/ccWZZQZf.s:107038  .debug_str:000000000004a19c .LASF184
     /tmp/ccWZZQZf.s:91244  .debug_str:0000000000009b5c .LASF185
     /tmp/ccWZZQZf.s:106272  .debug_str:0000000000046d6f .LASF186
     /tmp/ccWZZQZf.s:97292  .debug_str:00000000000228c6 .LASF187
     /tmp/ccWZZQZf.s:94466  .debug_str:00000000000166e9 .LASF188
     /tmp/ccWZZQZf.s:98168  .debug_str:0000000000025cf2 .LASF189
     /tmp/ccWZZQZf.s:90102  .debug_str:0000000000004e48 .LASF190
     /tmp/ccWZZQZf.s:89990  .debug_str:0000000000004644 .LASF191
     /tmp/ccWZZQZf.s:93546  .debug_str:0000000000012d60 .LASF192
     /tmp/ccWZZQZf.s:107658  .debug_str:000000000004cdaf .LASF193
     /tmp/ccWZZQZf.s:103994  .debug_str:000000000003d76f .LASF194
     /tmp/ccWZZQZf.s:96402  .debug_str:000000000001ec7b .LASF195
     /tmp/ccWZZQZf.s:89994  .debug_str:0000000000004694 .LASF196
     /tmp/ccWZZQZf.s:104348  .debug_str:000000000003ee13 .LASF197
     /tmp/ccWZZQZf.s:105804  .debug_str:0000000000044f18 .LASF198
     /tmp/ccWZZQZf.s:97464  .debug_str:00000000000234ba .LASF199
     /tmp/ccWZZQZf.s:89040  .debug_str:000000000000042f .LASF200
     /tmp/ccWZZQZf.s:89702  .debug_str:0000000000003327 .LASF201
     /tmp/ccWZZQZf.s:104920  .debug_str:00000000000415d0 .LASF202
     /tmp/ccWZZQZf.s:100140  .debug_str:000000000002dcd5 .LASF203
     /tmp/ccWZZQZf.s:106500  .debug_str:0000000000047ccb .LASF204
     /tmp/ccWZZQZf.s:102892  .debug_str:0000000000038cb3 .LASF205
     /tmp/ccWZZQZf.s:90166  .debug_str:0000000000005230 .LASF206
     /tmp/ccWZZQZf.s:106468  .debug_str:0000000000047a87 .LASF207
     /tmp/ccWZZQZf.s:97604  .debug_str:0000000000023ea9 .LASF208
     /tmp/ccWZZQZf.s:104904  .debug_str:00000000000414eb .LASF209
     /tmp/ccWZZQZf.s:96190  .debug_str:000000000001ddd1 .LASF210
     /tmp/ccWZZQZf.s:99356  .debug_str:000000000002ab71 .LASF211
     /tmp/ccWZZQZf.s:94578  .debug_str:0000000000016e9f .LASF212
     /tmp/ccWZZQZf.s:92208  .debug_str:000000000000dbee .LASF213
     /tmp/ccWZZQZf.s:107774  .debug_str:000000000004d59a .LASF214
     /tmp/ccWZZQZf.s:105024  .debug_str:0000000000041c1f .LASF215
     /tmp/ccWZZQZf.s:94654  .debug_str:0000000000017433 .LASF216
     /tmp/ccWZZQZf.s:97872  .debug_str:0000000000024ca9 .LASF217
     /tmp/ccWZZQZf.s:96176  .debug_str:000000000001dc94 .LASF218
     /tmp/ccWZZQZf.s:94420  .debug_str:00000000000163ea .LASF219
     /tmp/ccWZZQZf.s:95922  .debug_str:000000000001ca57 .LASF220
     /tmp/ccWZZQZf.s:90304  .debug_str:0000000000005c1b .LASF221
     /tmp/ccWZZQZf.s:97252  .debug_str:00000000000226a9 .LASF222
     /tmp/ccWZZQZf.s:107566  .debug_str:000000000004c7be .LASF223
     /tmp/ccWZZQZf.s:103938  .debug_str:000000000003d3e1 .LASF224
     /tmp/ccWZZQZf.s:93830  .debug_str:0000000000013f35 .LASF225
     /tmp/ccWZZQZf.s:105488  .debug_str:0000000000043b9e .LASF226
     /tmp/ccWZZQZf.s:107278  .debug_str:000000000004b1e8 .LASF227
     /tmp/ccWZZQZf.s:95214  .debug_str:000000000001988d .LASF228
     /tmp/ccWZZQZf.s:103862  .debug_str:000000000003cee3 .LASF229
     /tmp/ccWZZQZf.s:95304  .debug_str:0000000000019f1a .LASF230
     /tmp/ccWZZQZf.s:102538  .debug_str:00000000000379e3 .LASF231
     /tmp/ccWZZQZf.s:91232  .debug_str:0000000000009aa7 .LASF232
     /tmp/ccWZZQZf.s:91504  .debug_str:000000000000ac6b .LASF233
     /tmp/ccWZZQZf.s:95336  .debug_str:000000000001a1d1 .LASF234
     /tmp/ccWZZQZf.s:93050  .debug_str:0000000000010c55 .LASF235
     /tmp/ccWZZQZf.s:90238  .debug_str:00000000000057fa .LASF236
     /tmp/ccWZZQZf.s:103528  .debug_str:000000000003b86e .LASF237
     /tmp/ccWZZQZf.s:100708  .debug_str:0000000000030315 .LASF238
     /tmp/ccWZZQZf.s:92734  .debug_str:000000000000fa17 .LASF239
     /tmp/ccWZZQZf.s:92392  .debug_str:000000000000e6e2 .LASF240
     /tmp/ccWZZQZf.s:106934  .debug_str:0000000000049a81 .LASF241
     /tmp/ccWZZQZf.s:94762  .debug_str:0000000000017ae4 .LASF242
     /tmp/ccWZZQZf.s:96038  .debug_str:000000000001d2b4 .LASF243
     /tmp/ccWZZQZf.s:90446  .debug_str:0000000000006530 .LASF244
     /tmp/ccWZZQZf.s:93628  .debug_str:00000000000132ab .LASF245
     /tmp/ccWZZQZf.s:105640  .debug_str:00000000000444e2 .LASF246
     /tmp/ccWZZQZf.s:101866  .debug_str:0000000000035013 .LASF247
     /tmp/ccWZZQZf.s:94744  .debug_str:00000000000179d1 .LASF248
     /tmp/ccWZZQZf.s:104686  .debug_str:00000000000405ed .LASF249
     /tmp/ccWZZQZf.s:97396  .debug_str:0000000000023034 .LASF250
     /tmp/ccWZZQZf.s:101862  .debug_str:0000000000034fe8 .LASF251
     /tmp/ccWZZQZf.s:96118  .debug_str:000000000001d853 .LASF252
     /tmp/ccWZZQZf.s:106550  .debug_str:000000000004808a .LASF253
     /tmp/ccWZZQZf.s:95530  .debug_str:000000000001aed5 .LASF254
     /tmp/ccWZZQZf.s:102392  .debug_str:00000000000371c4 .LASF255
     /tmp/ccWZZQZf.s:90302  .debug_str:0000000000005c09 .LASF256
     /tmp/ccWZZQZf.s:103430  .debug_str:000000000003b12b .LASF257
     /tmp/ccWZZQZf.s:90520  .debug_str:0000000000006aa8 .LASF258
     /tmp/ccWZZQZf.s:90812  .debug_str:0000000000007dc4 .LASF259
     /tmp/ccWZZQZf.s:106854  .debug_str:000000000004949b .LASF260
     /tmp/ccWZZQZf.s:104770  .debug_str:0000000000040b29 .LASF261
     /tmp/ccWZZQZf.s:92592  .debug_str:000000000000f139 .LASF262
     /tmp/ccWZZQZf.s:96224  .debug_str:000000000001dfe0 .LASF263
     /tmp/ccWZZQZf.s:105914  .debug_str:0000000000045547 .LASF264
     /tmp/ccWZZQZf.s:103604  .debug_str:000000000003bd34 .LASF265
     /tmp/ccWZZQZf.s:99540  .debug_str:000000000002b6d4 .LASF266
     /tmp/ccWZZQZf.s:91738  .debug_str:000000000000bd6a .LASF267
     /tmp/ccWZZQZf.s:97224  .debug_str:0000000000022470 .LASF268
     /tmp/ccWZZQZf.s:100020  .debug_str:000000000002d582 .LASF269
     /tmp/ccWZZQZf.s:96520  .debug_str:000000000001f45b .LASF270
     /tmp/ccWZZQZf.s:102462  .debug_str:00000000000375c8 .LASF271
     /tmp/ccWZZQZf.s:100984  .debug_str:00000000000314ca .LASF272
     /tmp/ccWZZQZf.s:92566  .debug_str:000000000000ef79 .LASF273
     /tmp/ccWZZQZf.s:107028  .debug_str:000000000004a110 .LASF274
     /tmp/ccWZZQZf.s:93738  .debug_str:00000000000139a6 .LASF275
     /tmp/ccWZZQZf.s:96134  .debug_str:000000000001d97e .LASF276
     /tmp/ccWZZQZf.s:102918  .debug_str:0000000000038e24 .LASF277
     /tmp/ccWZZQZf.s:98418  .debug_str:0000000000026e04 .LASF278
     /tmp/ccWZZQZf.s:89124  .debug_str:0000000000000a5f .LASF279
     /tmp/ccWZZQZf.s:102212  .debug_str:00000000000366a2 .LASF280
     /tmp/ccWZZQZf.s:101074  .debug_str:0000000000031b70 .LASF281
     /tmp/ccWZZQZf.s:107158  .debug_str:000000000004a9c9 .LASF282
     /tmp/ccWZZQZf.s:99266  .debug_str:000000000002a51e .LASF283
     /tmp/ccWZZQZf.s:104464  .debug_str:000000000003f555 .LASF284
     /tmp/ccWZZQZf.s:89362  .debug_str:0000000000001a3e .LASF285
     /tmp/ccWZZQZf.s:108074  .debug_str:000000000004e9f0 .LASF286
     /tmp/ccWZZQZf.s:101090  .debug_str:0000000000031ca8 .LASF287
     /tmp/ccWZZQZf.s:100886  .debug_str:0000000000030e62 .LASF288
     /tmp/ccWZZQZf.s:94414  .debug_str:000000000001634a .LASF289
     /tmp/ccWZZQZf.s:107770  .debug_str:000000000004d56c .LASF290
     /tmp/ccWZZQZf.s:106466  .debug_str:0000000000047a70 .LASF291
     /tmp/ccWZZQZf.s:94674  .debug_str:00000000000175f5 .LASF292
     /tmp/ccWZZQZf.s:103582  .debug_str:000000000003bb95 .LASF293
     /tmp/ccWZZQZf.s:105360  .debug_str:0000000000043303 .LASF294
     /tmp/ccWZZQZf.s:102302  .debug_str:0000000000036c24 .LASF295
     /tmp/ccWZZQZf.s:90722  .debug_str:000000000000785c .LASF296
     /tmp/ccWZZQZf.s:98914  .debug_str:0000000000028ecd .LASF297
     /tmp/ccWZZQZf.s:96578  .debug_str:000000000001f908 .LASF298
     /tmp/ccWZZQZf.s:104392  .debug_str:000000000003f0d3 .LASF299
     /tmp/ccWZZQZf.s:91578  .debug_str:000000000000b21c .LASF300
     /tmp/ccWZZQZf.s:104560  .debug_str:000000000003fc98 .LASF301
     /tmp/ccWZZQZf.s:94140  .debug_str:00000000000151f2 .LASF302
     /tmp/ccWZZQZf.s:104500  .debug_str:000000000003f7ed .LASF303
     /tmp/ccWZZQZf.s:106184  .debug_str:00000000000467e5 .LASF304
     /tmp/ccWZZQZf.s:98258  .debug_str:00000000000263b8 .LASF305
     /tmp/ccWZZQZf.s:103040  .debug_str:000000000003961a .LASF306
     /tmp/ccWZZQZf.s:101130  .debug_str:0000000000031f67 .LASF307
     /tmp/ccWZZQZf.s:97424  .debug_str:0000000000023262 .LASF308
     /tmp/ccWZZQZf.s:106494  .debug_str:0000000000047c69 .LASF309
     /tmp/ccWZZQZf.s:106506  .debug_str:0000000000047d59 .LASF310
     /tmp/ccWZZQZf.s:100544  .debug_str:000000000002f818 .LASF311
     /tmp/ccWZZQZf.s:90744  .debug_str:00000000000079d9 .LASF312
     /tmp/ccWZZQZf.s:89132  .debug_str:0000000000000ab0 .LASF313
     /tmp/ccWZZQZf.s:102912  .debug_str:0000000000038deb .LASF314
     /tmp/ccWZZQZf.s:101286  .debug_str:00000000000329ee .LASF315
     /tmp/ccWZZQZf.s:102152  .debug_str:000000000003632d .LASF316
     /tmp/ccWZZQZf.s:89208  .debug_str:0000000000000f8e .LASF317
     /tmp/ccWZZQZf.s:96054  .debug_str:000000000001d3c5 .LASF318
     /tmp/ccWZZQZf.s:97258  .debug_str:00000000000226f5 .LASF319
     /tmp/ccWZZQZf.s:96592  .debug_str:000000000001fa55 .LASF320
     /tmp/ccWZZQZf.s:106736  .debug_str:0000000000048cad .LASF321
     /tmp/ccWZZQZf.s:104230  .debug_str:000000000003e671 .LASF322
     /tmp/ccWZZQZf.s:100716  .debug_str:00000000000303a9 .LASF323
     /tmp/ccWZZQZf.s:94300  .debug_str:0000000000015bc5 .LASF324
     /tmp/ccWZZQZf.s:98624  .debug_str:0000000000027bba .LASF325
     /tmp/ccWZZQZf.s:108034  .debug_str:000000000004e73e .LASF327
     /tmp/ccWZZQZf.s:95052  .debug_str:0000000000018d7c .LASF328
     /tmp/ccWZZQZf.s:98218  .debug_str:00000000000260b8 .LASF329
     /tmp/ccWZZQZf.s:103634  .debug_str:000000000003bf2d .LASF330
     /tmp/ccWZZQZf.s:91012  .debug_str:0000000000008b69 .LASF331
     /tmp/ccWZZQZf.s:106656  .debug_str:00000000000487a0 .LASF332
     /tmp/ccWZZQZf.s:106112  .debug_str:0000000000046288 .LASF333
     /tmp/ccWZZQZf.s:96456  .debug_str:000000000001f048 .LASF334
     /tmp/ccWZZQZf.s:93866  .debug_str:0000000000014113 .LASF335
     /tmp/ccWZZQZf.s:94036  .debug_str:0000000000014b06 .LASF336
     /tmp/ccWZZQZf.s:106072  .debug_str:0000000000045fc2 .LASF337
     /tmp/ccWZZQZf.s:99630  .debug_str:000000000002bcca .LASF338
     /tmp/ccWZZQZf.s:105074  .debug_str:0000000000041fba .LASF339
     /tmp/ccWZZQZf.s:103708  .debug_str:000000000003c3ea .LASF340
     /tmp/ccWZZQZf.s:104130  .debug_str:000000000003dff0 .LASF341
     /tmp/ccWZZQZf.s:97496  .debug_str:00000000000236bf .LASF342
     /tmp/ccWZZQZf.s:107022  .debug_str:000000000004a0cb .LASF343
     /tmp/ccWZZQZf.s:104486  .debug_str:000000000003f6ef .LASF344
     /tmp/ccWZZQZf.s:100824  .debug_str:0000000000030a67 .LASF345
     /tmp/ccWZZQZf.s:103826  .debug_str:000000000003cbe9 .LASF346
     /tmp/ccWZZQZf.s:92014  .debug_str:000000000000cff3 .LASF347
     /tmp/ccWZZQZf.s:106546  .debug_str:000000000004803b .LASF348
     /tmp/ccWZZQZf.s:104438  .debug_str:000000000003f38f .LASF349
     /tmp/ccWZZQZf.s:90670  .debug_str:00000000000074fc .LASF350
     /tmp/ccWZZQZf.s:89572  .debug_str:000000000000299e .LASF351
     /tmp/ccWZZQZf.s:93538  .debug_str:0000000000012c94 .LASF352
     /tmp/ccWZZQZf.s:96640  .debug_str:000000000001fd83 .LASF353
     /tmp/ccWZZQZf.s:100504  .debug_str:000000000002f547 .LASF354
     /tmp/ccWZZQZf.s:90936  .debug_str:0000000000008608 .LASF355
     /tmp/ccWZZQZf.s:100562  .debug_str:000000000002f98a .LASF356
     /tmp/ccWZZQZf.s:90974  .debug_str:00000000000088b5 .LASF357
     /tmp/ccWZZQZf.s:101484  .debug_str:000000000003360b .LASF358
     /tmp/ccWZZQZf.s:99384  .debug_str:000000000002ad4a .LASF359
     /tmp/ccWZZQZf.s:94686  .debug_str:00000000000176d7 .LASF360
     /tmp/ccWZZQZf.s:90346  .debug_str:0000000000005ed2 .LASF361
     /tmp/ccWZZQZf.s:108048  .debug_str:000000000004e845 .LASF362
     /tmp/ccWZZQZf.s:106634  .debug_str:000000000004867d .LASF363
     /tmp/ccWZZQZf.s:102226  .debug_str:00000000000367d1 .LASF364
     /tmp/ccWZZQZf.s:97134  .debug_str:0000000000021e9a .LASF365
     /tmp/ccWZZQZf.s:90796  .debug_str:0000000000007cb8 .LASF366
     /tmp/ccWZZQZf.s:89878  .debug_str:0000000000003e8c .LASF367
     /tmp/ccWZZQZf.s:90082  .debug_str:0000000000004cd8 .LASF368
     /tmp/ccWZZQZf.s:107036  .debug_str:000000000004a18a .LASF369
     /tmp/ccWZZQZf.s:98668  .debug_str:0000000000027f0c .LASF370
     /tmp/ccWZZQZf.s:104932  .debug_str:0000000000041688 .LASF371
     /tmp/ccWZZQZf.s:92986  .debug_str:000000000001086c .LASF372
     /tmp/ccWZZQZf.s:104334  .debug_str:000000000003ed57 .LASF373
     /tmp/ccWZZQZf.s:103230  .debug_str:000000000003a33a .LASF374
     /tmp/ccWZZQZf.s:99846  .debug_str:000000000002c9f9 .LASF375
     /tmp/ccWZZQZf.s:98310  .debug_str:00000000000266ee .LASF376
     /tmp/ccWZZQZf.s:92730  .debug_str:000000000000f9f6 .LASF377
     /tmp/ccWZZQZf.s:95684  .debug_str:000000000001b9e9 .LASF378
     /tmp/ccWZZQZf.s:101868  .debug_str:0000000000035051 .LASF379
     /tmp/ccWZZQZf.s:92242  .debug_str:000000000000de0b .LASF380
     /tmp/ccWZZQZf.s:95062  .debug_str:0000000000018e4f .LASF381
     /tmp/ccWZZQZf.s:99270  .debug_str:000000000002a552 .LASF382
     /tmp/ccWZZQZf.s:98904  .debug_str:0000000000028e4a .LASF383
     /tmp/ccWZZQZf.s:107762  .debug_str:000000000004d4ea .LASF384
     /tmp/ccWZZQZf.s:95156  .debug_str:00000000000194a2 .LASF388
     /tmp/ccWZZQZf.s:102022  .debug_str:0000000000035aa5 .LASF389
     /tmp/ccWZZQZf.s:99256  .debug_str:000000000002a4b6 .LASF390
     /tmp/ccWZZQZf.s:93836  .debug_str:0000000000013f77 .LASF391
     /tmp/ccWZZQZf.s:102684  .debug_str:0000000000038226 .LASF392
     /tmp/ccWZZQZf.s:99838  .debug_str:000000000002c930 .LASF393
     /tmp/ccWZZQZf.s:90366  .debug_str:0000000000005ff1 .LASF394
     /tmp/ccWZZQZf.s:104008  .debug_str:000000000003d880 .LASF395
     /tmp/ccWZZQZf.s:89090  .debug_str:00000000000007ec .LASF396
     /tmp/ccWZZQZf.s:93996  .debug_str:000000000001489e .LASF397
     /tmp/ccWZZQZf.s:96170  .debug_str:000000000001dc1c .LASF398
     /tmp/ccWZZQZf.s:95606  .debug_str:000000000001b465 .LASF399
     /tmp/ccWZZQZf.s:94068  .debug_str:0000000000014d43 .LASF400
     /tmp/ccWZZQZf.s:99166  .debug_str:0000000000029ef2 .LASF401
     /tmp/ccWZZQZf.s:104212  .debug_str:000000000003e543 .LASF402
     /tmp/ccWZZQZf.s:104630  .debug_str:00000000000401ea .LASF403
     /tmp/ccWZZQZf.s:102760  .debug_str:00000000000385da .LASF404
     /tmp/ccWZZQZf.s:94176  .debug_str:0000000000015428 .LASF405
     /tmp/ccWZZQZf.s:95090  .debug_str:0000000000019030 .LASF406
     /tmp/ccWZZQZf.s:98010  .debug_str:00000000000252f1 .LASF407
     /tmp/ccWZZQZf.s:100198  .debug_str:000000000002e060 .LASF408
     /tmp/ccWZZQZf.s:92172  .debug_str:000000000000d96e .LASF409
     /tmp/ccWZZQZf.s:95626  .debug_str:000000000001b5e0 .LASF410
     /tmp/ccWZZQZf.s:95308  .debug_str:0000000000019f3b .LASF411
     /tmp/ccWZZQZf.s:92084  .debug_str:000000000000d4b5 .LASF412
     /tmp/ccWZZQZf.s:94734  .debug_str:000000000001792d .LASF413
     /tmp/ccWZZQZf.s:105402  .debug_str:00000000000435f1 .LASF414
     /tmp/ccWZZQZf.s:92964  .debug_str:00000000000106b5 .LASF415
     /tmp/ccWZZQZf.s:89836  .debug_str:0000000000003b97 .LASF416
     /tmp/ccWZZQZf.s:93794  .debug_str:0000000000013cdf .LASF417
     /tmp/ccWZZQZf.s:105720  .debug_str:00000000000449ea .LASF418
     /tmp/ccWZZQZf.s:94918  .debug_str:00000000000184dc .LASF419
     /tmp/ccWZZQZf.s:92754  .debug_str:000000000000fb6c .LASF420
     /tmp/ccWZZQZf.s:100368  .debug_str:000000000002ec3c .LASF421
     /tmp/ccWZZQZf.s:103684  .debug_str:000000000003c287 .LASF422
     /tmp/ccWZZQZf.s:101004  .debug_str:00000000000316af .LASF423
     /tmp/ccWZZQZf.s:100890  .debug_str:0000000000030ea6 .LASF424
     /tmp/ccWZZQZf.s:105502  .debug_str:0000000000043c86 .LASF425
     /tmp/ccWZZQZf.s:89342  .debug_str:00000000000018cc .LASF426
     /tmp/ccWZZQZf.s:102070  .debug_str:0000000000035df6 .LASF427
     /tmp/ccWZZQZf.s:99606  .debug_str:000000000002bb81 .LASF428
     /tmp/ccWZZQZf.s:93918  .debug_str:0000000000014461 .LASF429
     /tmp/ccWZZQZf.s:98870  .debug_str:0000000000028c34 .LASF430
     /tmp/ccWZZQZf.s:107808  .debug_str:000000000004d80d .LASF431
     /tmp/ccWZZQZf.s:100594  .debug_str:000000000002fc05 .LASF432
     /tmp/ccWZZQZf.s:101368  .debug_str:0000000000032e98 .LASF433
     /tmp/ccWZZQZf.s:89446  .debug_str:0000000000002057 .LASF434
     /tmp/ccWZZQZf.s:91824  .debug_str:000000000000c315 .LASF435
     /tmp/ccWZZQZf.s:100454  .debug_str:000000000002f21f .LASF436
     /tmp/ccWZZQZf.s:98578  .debug_str:00000000000278ab .LASF437
     /tmp/ccWZZQZf.s:106582  .debug_str:000000000004830c .LASF438
     /tmp/ccWZZQZf.s:102716  .debug_str:0000000000038314 .LASF439
     /tmp/ccWZZQZf.s:101578  .debug_str:0000000000033cbc .LASF440
     /tmp/ccWZZQZf.s:105758  .debug_str:0000000000044c71 .LASF441
     /tmp/ccWZZQZf.s:101888  .debug_str:00000000000351a3 .LASF442
     /tmp/ccWZZQZf.s:95720  .debug_str:000000000001bcc3 .LASF443
     /tmp/ccWZZQZf.s:101946  .debug_str:00000000000355d2 .LASF444
     /tmp/ccWZZQZf.s:101112  .debug_str:0000000000031e4f .LASF445
     /tmp/ccWZZQZf.s:94958  .debug_str:00000000000186f0 .LASF446
     /tmp/ccWZZQZf.s:106806  .debug_str:0000000000049196 .LASF447
     /tmp/ccWZZQZf.s:92266  .debug_str:000000000000df98 .LASF448
     /tmp/ccWZZQZf.s:102600  .debug_str:0000000000037deb .LASF449
     /tmp/ccWZZQZf.s:90466  .debug_str:00000000000066af .LASF450
     /tmp/ccWZZQZf.s:93074  .debug_str:0000000000010e3c .LASF451
     /tmp/ccWZZQZf.s:95790  .debug_str:000000000001c204 .LASF452
     /tmp/ccWZZQZf.s:102850  .debug_str:0000000000038aed .LASF453
     /tmp/ccWZZQZf.s:107988  .debug_str:000000000004e403 .LASF454
     /tmp/ccWZZQZf.s:98494  .debug_str:0000000000027341 .LASF455
     /tmp/ccWZZQZf.s:96860  .debug_str:0000000000020cec .LASF456
     /tmp/ccWZZQZf.s:103152  .debug_str:0000000000039e18 .LASF457
     /tmp/ccWZZQZf.s:94246  .debug_str:00000000000158d9 .LASF458
     /tmp/ccWZZQZf.s:106294  .debug_str:0000000000046ed9 .LASF459
     /tmp/ccWZZQZf.s:96494  .debug_str:000000000001f29d .LASF460
     /tmp/ccWZZQZf.s:103968  .debug_str:000000000003d5c3 .LASF461
     /tmp/ccWZZQZf.s:99070  .debug_str:0000000000029962 .LASF462
     /tmp/ccWZZQZf.s:89252  .debug_str:000000000000127e .LASF463
     /tmp/ccWZZQZf.s:96746  .debug_str:0000000000020546 .LASF464
     /tmp/ccWZZQZf.s:105454  .debug_str:000000000004396d .LASF465
     /tmp/ccWZZQZf.s:97588  .debug_str:0000000000023d9d .LASF466
     /tmp/ccWZZQZf.s:105114  .debug_str:00000000000422b5 .LASF467
     /tmp/ccWZZQZf.s:106730  .debug_str:0000000000048c5f .LASF468
     /tmp/ccWZZQZf.s:100512  .debug_str:000000000002f594 .LASF469
     /tmp/ccWZZQZf.s:89136  .debug_str:0000000000000ae0 .LASF470
     /tmp/ccWZZQZf.s:101996  .debug_str:0000000000035911 .LASF471
     /tmp/ccWZZQZf.s:106170  .debug_str:00000000000466b0 .LASF472
     /tmp/ccWZZQZf.s:102806  .debug_str:00000000000387e5 .LASF473
     /tmp/ccWZZQZf.s:93248  .debug_str:00000000000119a0 .LASF474
     /tmp/ccWZZQZf.s:101692  .debug_str:00000000000343e5 .LASF475
     /tmp/ccWZZQZf.s:90326  .debug_str:0000000000005d4a .LASF476
     /tmp/ccWZZQZf.s:104302  .debug_str:000000000003eb59 .LASF477
     /tmp/ccWZZQZf.s:96920  .debug_str:0000000000021139 .LASF478
     /tmp/ccWZZQZf.s:89004  .debug_str:00000000000001dc .LASF479
     /tmp/ccWZZQZf.s:96468  .debug_str:000000000001f13b .LASF480
     /tmp/ccWZZQZf.s:97272  .debug_str:00000000000227c3 .LASF481
     /tmp/ccWZZQZf.s:105250  .debug_str:0000000000042b98 .LASF482
     /tmp/ccWZZQZf.s:106616  .debug_str:0000000000048530 .LASF483
     /tmp/ccWZZQZf.s:98564  .debug_str:00000000000277a5 .LASF484
     /tmp/ccWZZQZf.s:96652  .debug_str:000000000001fe9e .LASF485
     /tmp/ccWZZQZf.s:100654  .debug_str:000000000002ffb2 .LASF486
     /tmp/ccWZZQZf.s:99638  .debug_str:000000000002bd42 .LASF487
     /tmp/ccWZZQZf.s:95678  .debug_str:000000000001b96d .LASF488
     /tmp/ccWZZQZf.s:107534  .debug_str:000000000004c51f .LASF489
     /tmp/ccWZZQZf.s:92596  .debug_str:000000000000f18b .LASF490
     /tmp/ccWZZQZf.s:106012  .debug_str:0000000000045c1c .LASF491
     /tmp/ccWZZQZf.s:98930  .debug_str:0000000000028fe4 .LASF492
     /tmp/ccWZZQZf.s:90392  .debug_str:0000000000006198 .LASF493
     /tmp/ccWZZQZf.s:106008  .debug_str:0000000000045be7 .LASF494
     /tmp/ccWZZQZf.s:93478  .debug_str:0000000000012861 .LASF495
     /tmp/ccWZZQZf.s:97260  .debug_str:0000000000022705 .LASF496
     /tmp/ccWZZQZf.s:106218  .debug_str:0000000000046a2e .LASF497
     /tmp/ccWZZQZf.s:89532  .debug_str:000000000000268f .LASF498
     /tmp/ccWZZQZf.s:100772  .debug_str:00000000000306cb .LASF499
     /tmp/ccWZZQZf.s:107974  .debug_str:000000000004e30a .LASF500
     /tmp/ccWZZQZf.s:104394  .debug_str:000000000003f0f4 .LASF501
     /tmp/ccWZZQZf.s:90084  .debug_str:0000000000004ce4 .LASF502
     /tmp/ccWZZQZf.s:90648  .debug_str:0000000000007354 .LASF503
     /tmp/ccWZZQZf.s:106424  .debug_str:000000000004775f .LASF504
     /tmp/ccWZZQZf.s:102370  .debug_str:0000000000036ff1 .LASF505
     /tmp/ccWZZQZf.s:105760  .debug_str:0000000000044c79 .LASF506
     /tmp/ccWZZQZf.s:89188  .debug_str:0000000000000e35 .LASF507
     /tmp/ccWZZQZf.s:93308  .debug_str:0000000000011de9 .LASF508
     /tmp/ccWZZQZf.s:106588  .debug_str:0000000000048351 .LASF509
     /tmp/ccWZZQZf.s:89302  .debug_str:00000000000015a3 .LASF510
     /tmp/ccWZZQZf.s:97356  .debug_str:0000000000022d48 .LASF511
     /tmp/ccWZZQZf.s:89390  .debug_str:0000000000001c5c .LASF512
     /tmp/ccWZZQZf.s:90576  .debug_str:0000000000006ead .LASF513
     /tmp/ccWZZQZf.s:99988  .debug_str:000000000002d3c8 .LASF514
     /tmp/ccWZZQZf.s:99764  .debug_str:000000000002c512 .LASF515
     /tmp/ccWZZQZf.s:101122  .debug_str:0000000000031ec7 .LASF516
     /tmp/ccWZZQZf.s:107002  .debug_str:0000000000049f6d .LASF517
     /tmp/ccWZZQZf.s:101350  .debug_str:0000000000032d69 .LASF518
     /tmp/ccWZZQZf.s:103520  .debug_str:000000000003b7f2 .LASF519
     /tmp/ccWZZQZf.s:105910  .debug_str:0000000000045522 .LASF520
     /tmp/ccWZZQZf.s:93834  .debug_str:0000000000013f59 .LASF521
     /tmp/ccWZZQZf.s:95512  .debug_str:000000000001adff .LASF522
     /tmp/ccWZZQZf.s:100154  .debug_str:000000000002dde3 .LASF523
     /tmp/ccWZZQZf.s:105498  .debug_str:0000000000043c38 .LASF524
     /tmp/ccWZZQZf.s:101844  .debug_str:0000000000034ee8 .LASF525
     /tmp/ccWZZQZf.s:106050  .debug_str:0000000000045e41 .LASF526
     /tmp/ccWZZQZf.s:99818  .debug_str:000000000002c852 .LASF527
     /tmp/ccWZZQZf.s:98592  .debug_str:0000000000027989 .LASF528
     /tmp/ccWZZQZf.s:96982  .debug_str:00000000000215fa .LASF529
     /tmp/ccWZZQZf.s:101872  .debug_str:000000000003508d .LASF530
     /tmp/ccWZZQZf.s:107610  .debug_str:000000000004ca7e .LASF531
     /tmp/ccWZZQZf.s:107426  .debug_str:000000000004bba0 .LASF532
     /tmp/ccWZZQZf.s:104358  .debug_str:000000000003eeb7 .LASF533
     /tmp/ccWZZQZf.s:102148  .debug_str:0000000000036302 .LASF534
     /tmp/ccWZZQZf.s:94292  .debug_str:0000000000015b83 .LASF535
     /tmp/ccWZZQZf.s:102044  .debug_str:0000000000035c56 .LASF536
     /tmp/ccWZZQZf.s:106702  .debug_str:0000000000048ac6 .LASF537
     /tmp/ccWZZQZf.s:105946  .debug_str:0000000000045812 .LASF538
     /tmp/ccWZZQZf.s:97358  .debug_str:0000000000022d6c .LASF539
     /tmp/ccWZZQZf.s:93746  .debug_str:0000000000013a0b .LASF540
     /tmp/ccWZZQZf.s:90548  .debug_str:0000000000006cfc .LASF542
     /tmp/ccWZZQZf.s:97986  .debug_str:0000000000025286 .LASF543
     /tmp/ccWZZQZf.s:95902  .debug_str:000000000001c911 .LASF544
     /tmp/ccWZZQZf.s:96316  .debug_str:000000000001e5c7 .LASF545
     /tmp/ccWZZQZf.s:102932  .debug_str:0000000000038eb8 .LASF546
     /tmp/ccWZZQZf.s:97566  .debug_str:0000000000023bbb .LASF547
     /tmp/ccWZZQZf.s:101942  .debug_str:0000000000035550 .LASF548
     /tmp/ccWZZQZf.s:106796  .debug_str:00000000000490a9 .LASF549
     /tmp/ccWZZQZf.s:92752  .debug_str:000000000000fb2a .LASF550
     /tmp/ccWZZQZf.s:97584  .debug_str:0000000000023d4a .LASF551
     /tmp/ccWZZQZf.s:102288  .debug_str:0000000000036b10 .LASF552
     /tmp/ccWZZQZf.s:107030  .debug_str:000000000004a129 .LASF553
     /tmp/ccWZZQZf.s:92656  .debug_str:000000000000f53b .LASF554
     /tmp/ccWZZQZf.s:95752  .debug_str:000000000001bea0 .LASF555
     /tmp/ccWZZQZf.s:92944  .debug_str:0000000000010555 .LASF556
     /tmp/ccWZZQZf.s:105568  .debug_str:000000000004408d .LASF557
     /tmp/ccWZZQZf.s:96548  .debug_str:000000000001f673 .LASF558
     /tmp/ccWZZQZf.s:102802  .debug_str:0000000000038761 .LASF559
     /tmp/ccWZZQZf.s:90004  .debug_str:000000000000473d .LASF560
     /tmp/ccWZZQZf.s:91666  .debug_str:000000000000b8db .LASF561
     /tmp/ccWZZQZf.s:101168  .debug_str:00000000000321c2 .LASF562
     /tmp/ccWZZQZf.s:91288  .debug_str:0000000000009dfe .LASF563
     /tmp/ccWZZQZf.s:100964  .debug_str:0000000000031321 .LASF564
     /tmp/ccWZZQZf.s:106904  .debug_str:0000000000049840 .LASF565
     /tmp/ccWZZQZf.s:97200  .debug_str:000000000002228d .LASF566
     /tmp/ccWZZQZf.s:95920  .debug_str:000000000001ca15 .LASF567
     /tmp/ccWZZQZf.s:103560  .debug_str:000000000003ba07 .LASF568
     /tmp/ccWZZQZf.s:91748  .debug_str:000000000000be16 .LASF569
     /tmp/ccWZZQZf.s:91792  .debug_str:000000000000c0d8 .LASF570
     /tmp/ccWZZQZf.s:91552  .debug_str:000000000000b056 .LASF571
     /tmp/ccWZZQZf.s:101050  .debug_str:00000000000319a6 .LASF572
     /tmp/ccWZZQZf.s:89022  .debug_str:00000000000002fb .LASF573
     /tmp/ccWZZQZf.s:100840  .debug_str:0000000000030b59 .LASF574
     /tmp/ccWZZQZf.s:106782  .debug_str:0000000000048fba .LASF575
     /tmp/ccWZZQZf.s:97076  .debug_str:0000000000021b1c .LASF576
     /tmp/ccWZZQZf.s:106598  .debug_str:0000000000048417 .LASF577
     /tmp/ccWZZQZf.s:96880  .debug_str:0000000000020e67 .LASF578
     /tmp/ccWZZQZf.s:91626  .debug_str:000000000000b561 .LASF579
     /tmp/ccWZZQZf.s:101134  .debug_str:0000000000031fc4 .LASF580
     /tmp/ccWZZQZf.s:91420  .debug_str:000000000000a69a .LASF581
     /tmp/ccWZZQZf.s:100930  .debug_str:00000000000310dc .LASF582
     /tmp/ccWZZQZf.s:91046  .debug_str:0000000000008dde .LASF583
     /tmp/ccWZZQZf.s:98692  .debug_str:000000000002804f .LASF584
     /tmp/ccWZZQZf.s:106684  .debug_str:000000000004892f .LASF585
     /tmp/ccWZZQZf.s:90604  .debug_str:00000000000070c1 .LASF586
     /tmp/ccWZZQZf.s:106490  .debug_str:0000000000047bf1 .LASF587
     /tmp/ccWZZQZf.s:96758  .debug_str:00000000000205eb .LASF588
     /tmp/ccWZZQZf.s:91516  .debug_str:000000000000adad .LASF589
     /tmp/ccWZZQZf.s:101020  .debug_str:00000000000317e5 .LASF590
     /tmp/ccWZZQZf.s:91304  .debug_str:0000000000009f36 .LASF591
     /tmp/ccWZZQZf.s:100808  .debug_str:00000000000308f2 .LASF592
     /tmp/ccWZZQZf.s:97742  .debug_str:00000000000245a1 .LASF593
     /tmp/ccWZZQZf.s:91876  .debug_str:000000000000c6ac .LASF594
     /tmp/ccWZZQZf.s:105274  .debug_str:0000000000042d2e .LASF595
     /tmp/ccWZZQZf.s:105124  .debug_str:000000000004237b .LASF596
     /tmp/ccWZZQZf.s:98670  .debug_str:0000000000027f1d .LASF597
     /tmp/ccWZZQZf.s:101526  .debug_str:0000000000033892 .LASF598
     /tmp/ccWZZQZf.s:92352  .debug_str:000000000000e4a1 .LASF599
     /tmp/ccWZZQZf.s:107254  .debug_str:000000000004b046 .LASF600
     /tmp/ccWZZQZf.s:94190  .debug_str:0000000000015521 .LASF601
     /tmp/ccWZZQZf.s:107998  .debug_str:000000000004e4aa .LASF602
     /tmp/ccWZZQZf.s:96464  .debug_str:000000000001f0c0 .LASF603
     /tmp/ccWZZQZf.s:105698  .debug_str:000000000004484b .LASF604
     /tmp/ccWZZQZf.s:105386  .debug_str:00000000000434a2 .LASF605
     /tmp/ccWZZQZf.s:105118  .debug_str:00000000000422ff .LASF606
     /tmp/ccWZZQZf.s:89364  .debug_str:0000000000001a56 .LASF607
     /tmp/ccWZZQZf.s:104576  .debug_str:000000000003fd9f .LASF608
     /tmp/ccWZZQZf.s:98298  .debug_str:0000000000026629 .LASF609
     /tmp/ccWZZQZf.s:102130  .debug_str:0000000000036189 .LASF610
     /tmp/ccWZZQZf.s:96454  .debug_str:000000000001f001 .LASF611
     /tmp/ccWZZQZf.s:96140  .debug_str:000000000001d9d5 .LASF612
     /tmp/ccWZZQZf.s:94312  .debug_str:0000000000015c6a .LASF613
     /tmp/ccWZZQZf.s:107464  .debug_str:000000000004bebb .LASF614
     /tmp/ccWZZQZf.s:101204  .debug_str:000000000003243a .LASF615
     /tmp/ccWZZQZf.s:96646  .debug_str:000000000001fe13 .LASF616
     /tmp/ccWZZQZf.s:100520  .debug_str:000000000002f618 .LASF617
     /tmp/ccWZZQZf.s:100254  .debug_str:000000000002e416 .LASF618
     /tmp/ccWZZQZf.s:89492  .debug_str:0000000000002354 .LASF619
     /tmp/ccWZZQZf.s:94220  .debug_str:0000000000015756 .LASF620
     /tmp/ccWZZQZf.s:103224  .debug_str:000000000003a2bd .LASF621
     /tmp/ccWZZQZf.s:91168  .debug_str:00000000000095f6 .LASF622
     /tmp/ccWZZQZf.s:93162  .debug_str:0000000000011362 .LASF623
     /tmp/ccWZZQZf.s:107444  .debug_str:000000000004bcf0 .LASF624
     /tmp/ccWZZQZf.s:102240  .debug_str:00000000000368aa .LASF625
     /tmp/ccWZZQZf.s:89922  .debug_str:00000000000041d0 .LASF626
     /tmp/ccWZZQZf.s:89216  .debug_str:0000000000001026 .LASF627
     /tmp/ccWZZQZf.s:100036  .debug_str:000000000002d65b .LASF628
     /tmp/ccWZZQZf.s:98064  .debug_str:000000000002566e .LASF629
     /tmp/ccWZZQZf.s:107466  .debug_str:000000000004befe .LASF630
     /tmp/ccWZZQZf.s:107248  .debug_str:000000000004afc7 .LASF631
     /tmp/ccWZZQZf.s:108004  .debug_str:000000000004e528 .LASF632
     /tmp/ccWZZQZf.s:94198  .debug_str:000000000001560c .LASF633
     /tmp/ccWZZQZf.s:99590  .debug_str:000000000002ba91 .LASF634
     /tmp/ccWZZQZf.s:104840  .debug_str:0000000000041018 .LASF635
     /tmp/ccWZZQZf.s:103736  .debug_str:000000000003c5bf .LASF636
     /tmp/ccWZZQZf.s:89864  .debug_str:0000000000003d58 .LASF637
     /tmp/ccWZZQZf.s:92968  .debug_str:00000000000106d2 .LASF638
     /tmp/ccWZZQZf.s:100610  .debug_str:000000000002fcda .LASF639
     /tmp/ccWZZQZf.s:105922  .debug_str:00000000000455fa .LASF640
     /tmp/ccWZZQZf.s:100574  .debug_str:000000000002fa54 .LASF641
     /tmp/ccWZZQZf.s:106150  .debug_str:000000000004654d .LASF642
     /tmp/ccWZZQZf.s:96382  .debug_str:000000000001eafe .LASF643
     /tmp/ccWZZQZf.s:105796  .debug_str:0000000000044ea6 .LASF644
     /tmp/ccWZZQZf.s:96150  .debug_str:000000000001da9c .LASF645
     /tmp/ccWZZQZf.s:102224  .debug_str:000000000003678f .LASF646
     /tmp/ccWZZQZf.s:92360  .debug_str:000000000000e513 .LASF647
     /tmp/ccWZZQZf.s:102008  .debug_str:00000000000359c9 .LASF648
     /tmp/ccWZZQZf.s:92124  .debug_str:000000000000d70e .LASF649
     /tmp/ccWZZQZf.s:101652  .debug_str:00000000000340d1 .LASF650
     /tmp/ccWZZQZf.s:104516  .debug_str:000000000003f934 .LASF651
     /tmp/ccWZZQZf.s:104502  .debug_str:000000000003f80c .LASF652
     /tmp/ccWZZQZf.s:95854  .debug_str:000000000001c5e5 .LASF653
     /tmp/ccWZZQZf.s:105678  .debug_str:000000000004470b .LASF654
     /tmp/ccWZZQZf.s:96036  .debug_str:000000000001d272 .LASF655
     /tmp/ccWZZQZf.s:102098  .debug_str:0000000000035f2d .LASF656
     /tmp/ccWZZQZf.s:92218  .debug_str:000000000000dc91 .LASF657
     /tmp/ccWZZQZf.s:101892  .debug_str:00000000000351c5 .LASF658
     /tmp/ccWZZQZf.s:89616  .debug_str:0000000000002c9e .LASF659
     /tmp/ccWZZQZf.s:101532  .debug_str:0000000000033913 .LASF660
     /tmp/ccWZZQZf.s:91630  .debug_str:000000000000b5d0 .LASF661
     /tmp/ccWZZQZf.s:105920  .debug_str:00000000000455b8 .LASF662
     /tmp/ccWZZQZf.s:96112  .debug_str:000000000001d7e1 .LASF663
     /tmp/ccWZZQZf.s:99072  .debug_str:0000000000029975 .LASF664
     /tmp/ccWZZQZf.s:90638  .debug_str:00000000000072ba .LASF665
     /tmp/ccWZZQZf.s:100660  .debug_str:0000000000030021 .LASF666
     /tmp/ccWZZQZf.s:95850  .debug_str:000000000001c5c4 .LASF667
     /tmp/ccWZZQZf.s:96924  .debug_str:000000000002115f .LASF668
     /tmp/ccWZZQZf.s:101904  .debug_str:000000000003528e .LASF669
     /tmp/ccWZZQZf.s:91086  .debug_str:00000000000090ac .LASF670
     /tmp/ccWZZQZf.s:94372  .debug_str:000000000001603f .LASF671
     /tmp/ccWZZQZf.s:107884  .debug_str:000000000004dcad .LASF672
     /tmp/ccWZZQZf.s:97022  .debug_str:00000000000217d1 .LASF673
     /tmp/ccWZZQZf.s:95164  .debug_str:0000000000019527 .LASF674
     /tmp/ccWZZQZf.s:107264  .debug_str:000000000004b117 .LASF675
     /tmp/ccWZZQZf.s:100310  .debug_str:000000000002e8a9 .LASF676
     /tmp/ccWZZQZf.s:100384  .debug_str:000000000002ed1c .LASF677
     /tmp/ccWZZQZf.s:97608  .debug_str:0000000000023eea .LASF678
     /tmp/ccWZZQZf.s:89986  .debug_str:000000000000461a .LASF679
     /tmp/ccWZZQZf.s:100152  .debug_str:000000000002ddca .LASF680
     /tmp/ccWZZQZf.s:102074  .debug_str:0000000000035e11 .LASF681
     /tmp/ccWZZQZf.s:101898  .debug_str:000000000003523a .LASF682
     /tmp/ccWZZQZf.s:93180  .debug_str:00000000000114dd .LASF683
     /tmp/ccWZZQZf.s:103908  .debug_str:000000000003d1e3 .LASF684
     /tmp/ccWZZQZf.s:95220  .debug_str:00000000000198fd .LASF685
     /tmp/ccWZZQZf.s:105726  .debug_str:0000000000044a3c .LASF686
     /tmp/ccWZZQZf.s:97036  .debug_str:000000000002186c .LASF687
     /tmp/ccWZZQZf.s:93498  .debug_str:00000000000129b9 .LASF688
     /tmp/ccWZZQZf.s:107612  .debug_str:000000000004ca94 .LASF689
     /tmp/ccWZZQZf.s:95446  .debug_str:000000000001a9ad .LASF690
     /tmp/ccWZZQZf.s:105934  .debug_str:0000000000045723 .LASF691
     /tmp/ccWZZQZf.s:97254  .debug_str:00000000000226c0 .LASF692
     /tmp/ccWZZQZf.s:107724  .debug_str:000000000004d254 .LASF693
     /tmp/ccWZZQZf.s:99168  .debug_str:0000000000029f01 .LASF694
     /tmp/ccWZZQZf.s:90560  .debug_str:0000000000006dc9 .LASF695
     /tmp/ccWZZQZf.s:101100  .debug_str:0000000000031d87 .LASF696
     /tmp/ccWZZQZf.s:92308  .debug_str:000000000000e29c .LASF697
     /tmp/ccWZZQZf.s:108006  .debug_str:000000000004e568 .LASF698
     /tmp/ccWZZQZf.s:105468  .debug_str:0000000000043a4e .LASF699
     /tmp/ccWZZQZf.s:90612  .debug_str:0000000000007153 .LASF700
     /tmp/ccWZZQZf.s:101160  .debug_str:0000000000032146 .LASF701
     /tmp/ccWZZQZf.s:92552  .debug_str:000000000000ee9f .LASF702
     /tmp/ccWZZQZf.s:103186  .debug_str:000000000003a027 .LASF703
     /tmp/ccWZZQZf.s:103734  .debug_str:000000000003c5a6 .LASF704
     /tmp/ccWZZQZf.s:104914  .debug_str:0000000000041586 .LASF705
     /tmp/ccWZZQZf.s:96240  .debug_str:000000000001e156 .LASF706
     /tmp/ccWZZQZf.s:106860  .debug_str:00000000000494de .LASF707
     /tmp/ccWZZQZf.s:91608  .debug_str:000000000000b445 .LASF708
     /tmp/ccWZZQZf.s:94696  .debug_str:000000000001772d .LASF709
     /tmp/ccWZZQZf.s:105180  .debug_str:000000000004278e .LASF710
     /tmp/ccWZZQZf.s:106128  .debug_str:000000000004638d .LASF711
     /tmp/ccWZZQZf.s:92678  .debug_str:000000000000f718 .LASF712
     /tmp/ccWZZQZf.s:106412  .debug_str:0000000000047663 .LASF713
     /tmp/ccWZZQZf.s:97438  .debug_str:0000000000023342 .LASF714
     /tmp/ccWZZQZf.s:90168  .debug_str:0000000000005272 .LASF715
     /tmp/ccWZZQZf.s:102180  .debug_str:00000000000364d0 .LASF716
     /tmp/ccWZZQZf.s:101300  .debug_str:0000000000032a38 .LASF717
     /tmp/ccWZZQZf.s:94612  .debug_str:0000000000017152 .LASF718
     /tmp/ccWZZQZf.s:93800  .debug_str:0000000000013d34 .LASF719
     /tmp/ccWZZQZf.s:105750  .debug_str:0000000000044c0b .LASF720
     /tmp/ccWZZQZf.s:98352  .debug_str:00000000000268f0 .LASF721
     /tmp/ccWZZQZf.s:93880  .debug_str:000000000001421b .LASF722
     /tmp/ccWZZQZf.s:92756  .debug_str:000000000000fb86 .LASF723
     /tmp/ccWZZQZf.s:101682  .debug_str:0000000000034331 .LASF724
     /tmp/ccWZZQZf.s:107016  .debug_str:000000000004a027 .LASF725
     /tmp/ccWZZQZf.s:94622  .debug_str:00000000000171f2 .LASF726
     /tmp/ccWZZQZf.s:94910  .debug_str:000000000001846f .LASF727
     /tmp/ccWZZQZf.s:107634  .debug_str:000000000004cc03 .LASF728
     /tmp/ccWZZQZf.s:99000  .debug_str:0000000000029496 .LASF729
     /tmp/ccWZZQZf.s:90236  .debug_str:00000000000057df .LASF730
     /tmp/ccWZZQZf.s:100858  .debug_str:0000000000030c6c .LASF731
     /tmp/ccWZZQZf.s:92212  .debug_str:000000000000dc25 .LASF732
     /tmp/ccWZZQZf.s:102852  .debug_str:0000000000038af8 .LASF733
     /tmp/ccWZZQZf.s:94102  .debug_str:0000000000014f68 .LASF734
     /tmp/ccWZZQZf.s:104554  .debug_str:000000000003fc1a .LASF735
     /tmp/ccWZZQZf.s:95886  .debug_str:000000000001c7de .LASF736
     /tmp/ccWZZQZf.s:98610  .debug_str:0000000000027ab3 .LASF737
     /tmp/ccWZZQZf.s:89886  .debug_str:0000000000003f21 .LASF738
     /tmp/ccWZZQZf.s:100436  .debug_str:000000000002f0d1 .LASF739
     /tmp/ccWZZQZf.s:91616  .debug_str:000000000000b4d8 .LASF740
     /tmp/ccWZZQZf.s:104746  .debug_str:00000000000409a7 .LASF741
     /tmp/ccWZZQZf.s:93728  .debug_str:00000000000138ed .LASF742
     /tmp/ccWZZQZf.s:104194  .debug_str:000000000003e453 .LASF743
     /tmp/ccWZZQZf.s:95520  .debug_str:000000000001ae36 .LASF744
     /tmp/ccWZZQZf.s:105996  .debug_str:0000000000045b2c .LASF745
     /tmp/ccWZZQZf.s:97316  .debug_str:0000000000022a91 .LASF746
     /tmp/ccWZZQZf.s:93788  .debug_str:0000000000013cab .LASF747
     /tmp/ccWZZQZf.s:104250  .debug_str:000000000003e7ea .LASF748
     /tmp/ccWZZQZf.s:95738  .debug_str:000000000001bdbf .LASF749
     /tmp/ccWZZQZf.s:106228  .debug_str:0000000000046ab5 .LASF750
     /tmp/ccWZZQZf.s:97576  .debug_str:0000000000023cb1 .LASF751
     /tmp/ccWZZQZf.s:94424  .debug_str:0000000000016458 .LASF752
     /tmp/ccWZZQZf.s:99464  .debug_str:000000000002b1f7 .LASF753
     /tmp/ccWZZQZf.s:90832  .debug_str:0000000000007ee0 .LASF754
     /tmp/ccWZZQZf.s:101412  .debug_str:0000000000033159 .LASF755
     /tmp/ccWZZQZf.s:92622  .debug_str:000000000000f267 .LASF756
     /tmp/ccWZZQZf.s:89168  .debug_str:0000000000000ccf .LASF757
     /tmp/ccWZZQZf.s:99674  .debug_str:000000000002c009 .LASF758
     /tmp/ccWZZQZf.s:93798  .debug_str:0000000000013d09 .LASF759
     /tmp/ccWZZQZf.s:89696  .debug_str:00000000000032a9 .LASF760
     /tmp/ccWZZQZf.s:101466  .debug_str:000000000003352d .LASF761
     /tmp/ccWZZQZf.s:95212  .debug_str:0000000000019858 .LASF762
     /tmp/ccWZZQZf.s:101356  .debug_str:0000000000032dfa .LASF763
     /tmp/ccWZZQZf.s:97774  .debug_str:00000000000247ad .LASF764
     /tmp/ccWZZQZf.s:103010  .debug_str:0000000000039452 .LASF765
     /tmp/ccWZZQZf.s:97248  .debug_str:0000000000022642 .LASF766
     /tmp/ccWZZQZf.s:104042  .debug_str:000000000003daf8 .LASF767
     /tmp/ccWZZQZf.s:96712  .debug_str:0000000000020345 .LASF768
     /tmp/ccWZZQZf.s:103706  .debug_str:000000000003c3b7 .LASF769
     /tmp/ccWZZQZf.s:95450  .debug_str:000000000001a9d2 .LASF770
     /tmp/ccWZZQZf.s:106632  .debug_str:000000000004864a .LASF771
     /tmp/ccWZZQZf.s:105374  .debug_str:00000000000433ba .LASF772
     /tmp/ccWZZQZf.s:95292  .debug_str:0000000000019e4a .LASF773
     /tmp/ccWZZQZf.s:95068  .debug_str:0000000000018e9f .LASF774
     /tmp/ccWZZQZf.s:94668  .debug_str:000000000001754f .LASF775
     /tmp/ccWZZQZf.s:94428  .debug_str:000000000001647e .LASF776
     /tmp/ccWZZQZf.s:94040  .debug_str:0000000000014b32 .LASF777
     /tmp/ccWZZQZf.s:93806  .debug_str:0000000000013d6f .LASF778
     /tmp/ccWZZQZf.s:93394  .debug_str:0000000000012370 .LASF779
     /tmp/ccWZZQZf.s:93154  .debug_str:000000000001126c .LASF780
     /tmp/ccWZZQZf.s:92716  .debug_str:000000000000f8f6 .LASF781
     /tmp/ccWZZQZf.s:92976  .debug_str:0000000000010776 .LASF782
     /tmp/ccWZZQZf.s:91192  .debug_str:00000000000097c4 .LASF783
     /tmp/ccWZZQZf.s:89528  .debug_str:000000000000260c .LASF784
     /tmp/ccWZZQZf.s:106898  .debug_str:000000000004977f .LASF785
     /tmp/ccWZZQZf.s:91594  .debug_str:000000000000b314 .LASF786
     /tmp/ccWZZQZf.s:96392  .debug_str:000000000001eb92 .LASF787
     /tmp/ccWZZQZf.s:101334  .debug_str:0000000000032c64 .LASF788
     /tmp/ccWZZQZf.s:106174  .debug_str:00000000000466e3 .LASF789
     /tmp/ccWZZQZf.s:91654  .debug_str:000000000000b7b3 .LASF790
     /tmp/ccWZZQZf.s:96654  .debug_str:000000000001feb8 .LASF791
     /tmp/ccWZZQZf.s:91634  .debug_str:000000000000b639 .LASF792
     /tmp/ccWZZQZf.s:102372  .debug_str:0000000000037017 .LASF793
     /tmp/ccWZZQZf.s:107020  .debug_str:000000000004a074 .LASF794
     /tmp/ccWZZQZf.s:103644  .debug_str:000000000003bfb5 .LASF795
     /tmp/ccWZZQZf.s:96674  .debug_str:00000000000200e2 .LASF796
     /tmp/ccWZZQZf.s:107310  .debug_str:000000000004b45f .LASF797
     /tmp/ccWZZQZf.s:98722  .debug_str:000000000002822c .LASF798
     /tmp/ccWZZQZf.s:90198  .debug_str:0000000000005496 .LASF799
     /tmp/ccWZZQZf.s:100792  .debug_str:00000000000307c6 .LASF800
     /tmp/ccWZZQZf.s:92196  .debug_str:000000000000daf1 .LASF801
     /tmp/ccWZZQZf.s:96442  .debug_str:000000000001ef39 .LASF802
     /tmp/ccWZZQZf.s:107100  .debug_str:000000000004a5c4 .LASF803
     /tmp/ccWZZQZf.s:106366  .debug_str:0000000000047381 .LASF804
     /tmp/ccWZZQZf.s:97758  .debug_str:00000000000246ae .LASF805
     /tmp/ccWZZQZf.s:103454  .debug_str:000000000003b301 .LASF806
     /tmp/ccWZZQZf.s:101192  .debug_str:0000000000032368 .LASF807
     /tmp/ccWZZQZf.s:99184  .debug_str:0000000000029fd0 .LASF808
     /tmp/ccWZZQZf.s:96938  .debug_str:000000000002128a .LASF809
     /tmp/ccWZZQZf.s:100744  .debug_str:0000000000030501 .LASF810
     /tmp/ccWZZQZf.s:99198  .debug_str:000000000002a08b .LASF811
     /tmp/ccWZZQZf.s:92714  .debug_str:000000000000f8b4 .LASF812
     /tmp/ccWZZQZf.s:92460  .debug_str:000000000000e952 .LASF813
     /tmp/ccWZZQZf.s:94156  .debug_str:00000000000152f3 .LASF814
     /tmp/ccWZZQZf.s:105664  .debug_str:0000000000044635 .LASF815
     /tmp/ccWZZQZf.s:90964  .debug_str:0000000000008808 .LASF816
     /tmp/ccWZZQZf.s:99484  .debug_str:000000000002b34f .LASF817
     /tmp/ccWZZQZf.s:96516  .debug_str:000000000001f40a .LASF818
     /tmp/ccWZZQZf.s:95998  .debug_str:000000000001cf67 .LASF819
     /tmp/ccWZZQZf.s:104568  .debug_str:000000000003fcfa .LASF820
     /tmp/ccWZZQZf.s:104150  .debug_str:000000000003e165 .LASF821
     /tmp/ccWZZQZf.s:89706  .debug_str:0000000000003358 .LASF822
     /tmp/ccWZZQZf.s:99754  .debug_str:000000000002c45e .LASF823
     /tmp/ccWZZQZf.s:108030  .debug_str:000000000004e6ec .LASF824
     /tmp/ccWZZQZf.s:107806  .debug_str:000000000004d7d5 .LASF825
     /tmp/ccWZZQZf.s:98770  .debug_str:0000000000028620 .LASF826
     /tmp/ccWZZQZf.s:96334  .debug_str:000000000001e6fd .LASF827
     /tmp/ccWZZQZf.s:95170  .debug_str:0000000000019593 .LASF828
     /tmp/ccWZZQZf.s:101000  .debug_str:0000000000031640 .LASF829
     /tmp/ccWZZQZf.s:98626  .debug_str:0000000000027bc3 .LASF830
     /tmp/ccWZZQZf.s:103506  .debug_str:000000000003b6b3 .LASF831
     /tmp/ccWZZQZf.s:89148  .debug_str:0000000000000b64 .LASF832
     /tmp/ccWZZQZf.s:99584  .debug_str:000000000002ba0c .LASF833
     /tmp/ccWZZQZf.s:105412  .debug_str:00000000000436ab .LASF834
     /tmp/ccWZZQZf.s:101230  .debug_str:00000000000325eb .LASF835
     /tmp/ccWZZQZf.s:92114  .debug_str:000000000000d679 .LASF836
     /tmp/ccWZZQZf.s:105234  .debug_str:0000000000042ac6 .LASF837
     /tmp/ccWZZQZf.s:98600  .debug_str:0000000000027a24 .LASF838
     /tmp/ccWZZQZf.s:89210  .debug_str:0000000000000f9f .LASF839
     /tmp/ccWZZQZf.s:98028  .debug_str:00000000000253aa .LASF840
     /tmp/ccWZZQZf.s:102154  .debug_str:000000000003633b .LASF841
     /tmp/ccWZZQZf.s:104836  .debug_str:0000000000040fc4 .LASF842
     /tmp/ccWZZQZf.s:90522  .debug_str:0000000000006ac6 .LASF843
     /tmp/ccWZZQZf.s:92468  .debug_str:000000000000e9d2 .LASF844
     /tmp/ccWZZQZf.s:97520  .debug_str:000000000002387a .LASF845
     /tmp/ccWZZQZf.s:98468  .debug_str:00000000000271d2 .LASF846
     /tmp/ccWZZQZf.s:104780  .debug_str:0000000000040bbe .LASF847
     /tmp/ccWZZQZf.s:98860  .debug_str:0000000000028b19 .LASF848
     /tmp/ccWZZQZf.s:97696  .debug_str:000000000002437e .LASF849
     /tmp/ccWZZQZf.s:96610  .debug_str:000000000001fb50 .LASF850
     /tmp/ccWZZQZf.s:89748  .debug_str:0000000000003590 .LASF851
     /tmp/ccWZZQZf.s:103426  .debug_str:000000000003b0cd .LASF852
     /tmp/ccWZZQZf.s:95154  .debug_str:0000000000019472 .LASF853
     /tmp/ccWZZQZf.s:105010  .debug_str:0000000000041b1a .LASF854
     /tmp/ccWZZQZf.s:107090  .debug_str:000000000004a52d .LASF855
     /tmp/ccWZZQZf.s:97204  .debug_str:00000000000222f7 .LASF856
     /tmp/ccWZZQZf.s:97120  .debug_str:0000000000021d86 .LASF857
     /tmp/ccWZZQZf.s:102396  .debug_str:00000000000371ea .LASF858
     /tmp/ccWZZQZf.s:100040  .debug_str:000000000002d6bd .LASF859
     /tmp/ccWZZQZf.s:106492  .debug_str:0000000000047c33 .LASF860
     /tmp/ccWZZQZf.s:93682  .debug_str:00000000000135fb .LASF861
     /tmp/ccWZZQZf.s:100260  .debug_str:000000000002e4a4 .LASF862
     /tmp/ccWZZQZf.s:98042  .debug_str:00000000000254ab .LASF863
     /tmp/ccWZZQZf.s:96396  .debug_str:000000000001ec11 .LASF864
     /tmp/ccWZZQZf.s:95502  .debug_str:000000000001ad34 .LASF865
     /tmp/ccWZZQZf.s:90072  .debug_str:0000000000004c0b .LASF866
     /tmp/ccWZZQZf.s:96650  .debug_str:000000000001fe68 .LASF867
     /tmp/ccWZZQZf.s:90850  .debug_str:000000000000802c .LASF868
     /tmp/ccWZZQZf.s:107894  .debug_str:000000000004dd43 .LASF869
     /tmp/ccWZZQZf.s:95222  .debug_str:0000000000019916 .LASF870
     /tmp/ccWZZQZf.s:90684  .debug_str:00000000000075e1 .LASF871
     /tmp/ccWZZQZf.s:96228  .debug_str:000000000001e04b .LASF872
     /tmp/ccWZZQZf.s:89276  .debug_str:0000000000001400 .LASF873
     /tmp/ccWZZQZf.s:102830  .debug_str:0000000000038959 .LASF874
     /tmp/ccWZZQZf.s:89518  .debug_str:000000000000253c .LASF875
     /tmp/ccWZZQZf.s:99206  .debug_str:000000000002a141 .LASF876
     /tmp/ccWZZQZf.s:101084  .debug_str:0000000000031c42 .LASF877
     /tmp/ccWZZQZf.s:108008  .debug_str:000000000004e581 .LASF878
     /tmp/ccWZZQZf.s:95826  .debug_str:000000000001c412 .LASF879
     /tmp/ccWZZQZf.s:102888  .debug_str:0000000000038c6c .LASF880
     /tmp/ccWZZQZf.s:94796  .debug_str:0000000000017d99 .LASF881
     /tmp/ccWZZQZf.s:97556  .debug_str:0000000000023af0 .LASF882
     /tmp/ccWZZQZf.s:103828  .debug_str:000000000003cbf3 .LASF883
     /tmp/ccWZZQZf.s:89182  .debug_str:0000000000000dd6 .LASF884
     /tmp/ccWZZQZf.s:99404  .debug_str:000000000002adff .LASF885
     /tmp/ccWZZQZf.s:106320  .debug_str:0000000000047078 .LASF886
     /tmp/ccWZZQZf.s:98460  .debug_str:00000000000270fd .LASF887
     /tmp/ccWZZQZf.s:105814  .debug_str:0000000000044fc1 .LASF888
     /tmp/ccWZZQZf.s:103932  .debug_str:000000000003d37d .LASF889
     /tmp/ccWZZQZf.s:106804  .debug_str:0000000000049161 .LASF890
     /tmp/ccWZZQZf.s:89550  .debug_str:00000000000027f8 .LASF891
     /tmp/ccWZZQZf.s:93350  .debug_str:00000000000120bd .LASF892
     /tmp/ccWZZQZf.s:96062  .debug_str:000000000001d42c .LASF893
     /tmp/ccWZZQZf.s:98876  .debug_str:0000000000028c84 .LASF894
     /tmp/ccWZZQZf.s:101794  .debug_str:0000000000034b34 .LASF895
     /tmp/ccWZZQZf.s:104480  .debug_str:000000000003f689 .LASF896
     /tmp/ccWZZQZf.s:95382  .debug_str:000000000001a541 .LASF897
     /tmp/ccWZZQZf.s:98148  .debug_str:0000000000025b97 .LASF898
     /tmp/ccWZZQZf.s:100926  .debug_str:0000000000031080 .LASF899
     /tmp/ccWZZQZf.s:103814  .debug_str:000000000003cb2d .LASF900
     /tmp/ccWZZQZf.s:106536  .debug_str:0000000000047f92 .LASF901
     /tmp/ccWZZQZf.s:90268  .debug_str:00000000000059e7 .LASF902
     /tmp/ccWZZQZf.s:93002  .debug_str:00000000000109c5 .LASF903
     /tmp/ccWZZQZf.s:95788  .debug_str:000000000001c1cf .LASF904
     /tmp/ccWZZQZf.s:98732  .debug_str:000000000002832c .LASF905
     /tmp/ccWZZQZf.s:101500  .debug_str:00000000000336f8 .LASF906
     /tmp/ccWZZQZf.s:92258  .debug_str:000000000000df2a .LASF907
     /tmp/ccWZZQZf.s:95084  .debug_str:0000000000018fc7 .LASF908
     /tmp/ccWZZQZf.s:97806  .debug_str:00000000000249a0 .LASF909
     /tmp/ccWZZQZf.s:92882  .debug_str:0000000000010275 .LASF910
     /tmp/ccWZZQZf.s:103558  .debug_str:000000000003b9d2 .LASF911
     /tmp/ccWZZQZf.s:106416  .debug_str:00000000000476a8 .LASF912
     /tmp/ccWZZQZf.s:99816  .debug_str:000000000002c81d .LASF913
     /tmp/ccWZZQZf.s:92862  .debug_str:00000000000100e3 .LASF914
     /tmp/ccWZZQZf.s:95650  .debug_str:000000000001b7e4 .LASF915
     /tmp/ccWZZQZf.s:98430  .debug_str:0000000000026ebc .LASF916
     /tmp/ccWZZQZf.s:89308  .debug_str:0000000000001636 .LASF917
     /tmp/ccWZZQZf.s:91966  .debug_str:000000000000ccbd .LASF918
     /tmp/ccWZZQZf.s:94946  .debug_str:00000000000185ef .LASF919
     /tmp/ccWZZQZf.s:97678  .debug_str:0000000000024282 .LASF920
     /tmp/ccWZZQZf.s:100496  .debug_str:000000000002f4b0 .LASF921
     /tmp/ccWZZQZf.s:103414  .debug_str:000000000003afe8 .LASF922
     /tmp/ccWZZQZf.s:106110  .debug_str:0000000000046253 .LASF923
     /tmp/ccWZZQZf.s:89844  .debug_str:0000000000003c0b .LASF924
     /tmp/ccWZZQZf.s:92554  .debug_str:000000000000eeb8 .LASF925
     /tmp/ccWZZQZf.s:95350  .debug_str:000000000001a329 .LASF926
     /tmp/ccWZZQZf.s:105404  .debug_str:0000000000043605 .LASF927
     /tmp/ccWZZQZf.s:96360  .debug_str:000000000001e910 .LASF928
     /tmp/ccWZZQZf.s:97232  .debug_str:000000000002251a .LASF929
     /tmp/ccWZZQZf.s:92034  .debug_str:000000000000d140 .LASF930
     /tmp/ccWZZQZf.s:97404  .debug_str:00000000000230ea .LASF931
     /tmp/ccWZZQZf.s:100382  .debug_str:000000000002ece7 .LASF932
     /tmp/ccWZZQZf.s:103166  .debug_str:0000000000039eb4 .LASF933
     /tmp/ccWZZQZf.s:105982  .debug_str:0000000000045a7a .LASF934
     /tmp/ccWZZQZf.s:89570  .debug_str:0000000000002969 .LASF935
     /tmp/ccWZZQZf.s:92222  .debug_str:000000000000dcdd .LASF936
     /tmp/ccWZZQZf.s:102402  .debug_str:0000000000037260 .LASF937
     /tmp/ccWZZQZf.s:105110  .debug_str:0000000000042274 .LASF938
     /tmp/ccWZZQZf.s:101818  .debug_str:0000000000034cf5 .LASF939
     /tmp/ccWZZQZf.s:91538  .debug_str:000000000000aef5 .LASF940
     /tmp/ccWZZQZf.s:96498  .debug_str:000000000001f2cf .LASF941
     /tmp/ccWZZQZf.s:100232  .debug_str:000000000002e269 .LASF942
     /tmp/ccWZZQZf.s:99662  .debug_str:000000000002bee0 .LASF943
     /tmp/ccWZZQZf.s:99112  .debug_str:0000000000029b60 .LASF944
     /tmp/ccWZZQZf.s:98362  .debug_str:0000000000026993 .LASF945
     /tmp/ccWZZQZf.s:106994  .debug_str:0000000000049ec9 .LASF946
     /tmp/ccWZZQZf.s:93508  .debug_str:0000000000012a34 .LASF947
     /tmp/ccWZZQZf.s:101672  .debug_str:0000000000034271 .LASF948
     /tmp/ccWZZQZf.s:91962  .debug_str:000000000000cc80 .LASF949
     /tmp/ccWZZQZf.s:99536  .debug_str:000000000002b687 .LASF950
     /tmp/ccWZZQZf.s:92974  .debug_str:0000000000010747 .LASF951
     /tmp/ccWZZQZf.s:104662  .debug_str:0000000000040469 .LASF952
     /tmp/ccWZZQZf.s:91874  .debug_str:000000000000c67d .LASF953
     /tmp/ccWZZQZf.s:95460  .debug_str:000000000001aa6c .LASF954
     /tmp/ccWZZQZf.s:99650  .debug_str:000000000002be4a .LASF955
     /tmp/ccWZZQZf.s:103198  .debug_str:000000000003a0f4 .LASF956
     /tmp/ccWZZQZf.s:107052  .debug_str:000000000004a2cf .LASF957
     /tmp/ccWZZQZf.s:104926  .debug_str:0000000000041615 .LASF958
     /tmp/ccWZZQZf.s:93544  .debug_str:0000000000012d17 .LASF959
     /tmp/ccWZZQZf.s:102286  .debug_str:0000000000036ac7 .LASF960
     /tmp/ccWZZQZf.s:91568  .debug_str:000000000000b140 .LASF961
     /tmp/ccWZZQZf.s:100410  .debug_str:000000000002eeab .LASF962
     /tmp/ccWZZQZf.s:89884  .debug_str:0000000000003ed8 .LASF963
     /tmp/ccWZZQZf.s:98466  .debug_str:0000000000027189 .LASF964
     /tmp/ccWZZQZf.s:107128  .debug_str:000000000004a7dc .LASF965
     /tmp/ccWZZQZf.s:96556  .debug_str:000000000001f73f .LASF966
     /tmp/ccWZZQZf.s:106434  .debug_str:00000000000477d1 .LASF967
     /tmp/ccWZZQZf.s:89744  .debug_str:0000000000003539 .LASF968
     /tmp/ccWZZQZf.s:89444  .debug_str:0000000000002009 .LASF969
     /tmp/ccWZZQZf.s:95938  .debug_str:000000000001cba5 .LASF970
     /tmp/ccWZZQZf.s:108026  .debug_str:000000000004e684 .LASF971
     /tmp/ccWZZQZf.s:89802  .debug_str:0000000000003942 .LASF972
     /tmp/ccWZZQZf.s:97472  .debug_str:000000000002353b .LASF973
     /tmp/ccWZZQZf.s:93768  .debug_str:0000000000013b2f .LASF974
     /tmp/ccWZZQZf.s:91200  .debug_str:0000000000009882 .LASF975
     /tmp/ccWZZQZf.s:95888  .debug_str:000000000001c7f9 .LASF976
     /tmp/ccWZZQZf.s:104236  .debug_str:000000000003e6ac .LASF977
     /tmp/ccWZZQZf.s:91492  .debug_str:000000000000ab7c .LASF978
     /tmp/ccWZZQZf.s:94468  .debug_str:0000000000016701 .LASF979
     /tmp/ccWZZQZf.s:100998  .debug_str:00000000000315f4 .LASF980
     /tmp/ccWZZQZf.s:107240  .debug_str:000000000004af37 .LASF981
     /tmp/ccWZZQZf.s:94600  .debug_str:0000000000017031 .LASF982
     /tmp/ccWZZQZf.s:100978  .debug_str:000000000003143d .LASF983
     /tmp/ccWZZQZf.s:107434  .debug_str:000000000004bc0a .LASF984
     /tmp/ccWZZQZf.s:94952  .debug_str:000000000001866b .LASF985
     /tmp/ccWZZQZf.s:101518  .debug_str:00000000000337eb .LASF986
     /tmp/ccWZZQZf.s:101926  .debug_str:0000000000035438 .LASF987
     /tmp/ccWZZQZf.s:95316  .debug_str:0000000000019feb .LASF988
     /tmp/ccWZZQZf.s:95280  .debug_str:0000000000019d85 .LASF989
     /tmp/ccWZZQZf.s:90046  .debug_str:0000000000004a62 .LASF990
     /tmp/ccWZZQZf.s:91456  .debug_str:000000000000a949 .LASF991
     /tmp/ccWZZQZf.s:91716  .debug_str:000000000000bc0e .LASF992
     /tmp/ccWZZQZf.s:90402  .debug_str:000000000000621a .LASF993
     /tmp/ccWZZQZf.s:104824  .debug_str:0000000000040eec .LASF994
     /tmp/ccWZZQZf.s:94594  .debug_str:0000000000016fc0 .LASF995
     /tmp/ccWZZQZf.s:96084  .debug_str:000000000001d59e .LASF996
     /tmp/ccWZZQZf.s:89968  .debug_str:00000000000044d5 .LASF997
     /tmp/ccWZZQZf.s:99458  .debug_str:000000000002b19f .LASF998
     /tmp/ccWZZQZf.s:95964  .debug_str:000000000001cd46 .LASF999
     /tmp/ccWZZQZf.s:105532  .debug_str:0000000000043e4a .LASF1000
     /tmp/ccWZZQZf.s:105524  .debug_str:0000000000043dd1 .LASF1001
     /tmp/ccWZZQZf.s:96354  .debug_str:000000000001e877 .LASF1002
     /tmp/ccWZZQZf.s:105458  .debug_str:0000000000043992 .LASF1003
     /tmp/ccWZZQZf.s:98078  .debug_str:0000000000025736 .LASF1004
     /tmp/ccWZZQZf.s:101358  .debug_str:0000000000032e33 .LASF1005
     /tmp/ccWZZQZf.s:92722  .debug_str:000000000000f970 .LASF1006
     /tmp/ccWZZQZf.s:104132  .debug_str:000000000003dffc .LASF1007
     /tmp/ccWZZQZf.s:106096  .debug_str:000000000004618f .LASF1008
     /tmp/ccWZZQZf.s:99120  .debug_str:0000000000029c1c .LASF1009
     /tmp/ccWZZQZf.s:104640  .debug_str:00000000000402b6 .LASF1010
     /tmp/ccWZZQZf.s:98620  .debug_str:0000000000027b49 .LASF1011
     /tmp/ccWZZQZf.s:91030  .debug_str:0000000000008ca7 .LASF1012
     /tmp/ccWZZQZf.s:102836  .debug_str:00000000000389df .LASF1013
     /tmp/ccWZZQZf.s:89010  .debug_str:0000000000000226 .LASF1014
     /tmp/ccWZZQZf.s:97304  .debug_str:0000000000022978 .LASF1015
     /tmp/ccWZZQZf.s:90212  .debug_str:000000000000561c .LASF1016
     /tmp/ccWZZQZf.s:94284  .debug_str:0000000000015ad8 .LASF1017
     /tmp/ccWZZQZf.s:106524  .debug_str:0000000000047e8b .LASF1018
     /tmp/ccWZZQZf.s:98284  .debug_str:000000000002653a .LASF1019
     /tmp/ccWZZQZf.s:96826  .debug_str:0000000000020a7c .LASF1020
     /tmp/ccWZZQZf.s:93466  .debug_str:000000000001277d .LASF1021
     /tmp/ccWZZQZf.s:90608  .debug_str:000000000000711e .LASF1022
     /tmp/ccWZZQZf.s:98312  .debug_str:00000000000266ff .LASF1023
     /tmp/ccWZZQZf.s:100806  .debug_str:00000000000308c9 .LASF1024
     /tmp/ccWZZQZf.s:94052  .debug_str:0000000000014c19 .LASF1025
     /tmp/ccWZZQZf.s:94336  .debug_str:0000000000015e39 .LASF1026
     /tmp/ccWZZQZf.s:95568  .debug_str:000000000001b175 .LASF1027
     /tmp/ccWZZQZf.s:98896  .debug_str:0000000000028dc9 .LASF1028
     /tmp/ccWZZQZf.s:95088  .debug_str:000000000001900d .LASF1029
     /tmp/ccWZZQZf.s:89438  .debug_str:0000000000001fa0 .LASF1030
     /tmp/ccWZZQZf.s:101126  .debug_str:0000000000031f17 .LASF1031
     /tmp/ccWZZQZf.s:103872  .debug_str:000000000003cf96 .LASF1032
     /tmp/ccWZZQZf.s:95758  .debug_str:000000000001bf3f .LASF1033
     /tmp/ccWZZQZf.s:106760  .debug_str:0000000000048e44 .LASF1034
     /tmp/ccWZZQZf.s:89470  .debug_str:000000000000221d .LASF1035
     /tmp/ccWZZQZf.s:98130  .debug_str:0000000000025a70 .LASF1036
     /tmp/ccWZZQZf.s:104494  .debug_str:000000000003f792 .LASF1037
     /tmp/ccWZZQZf.s:101076  .debug_str:0000000000031b8a .LASF1038
     /tmp/ccWZZQZf.s:97546  .debug_str:0000000000023a52 .LASF1039
     /tmp/ccWZZQZf.s:94110  .debug_str:0000000000014fc3 .LASF1040
     /tmp/ccWZZQZf.s:93118  .debug_str:000000000001108b .LASF1041
     /tmp/ccWZZQZf.s:92126  .debug_str:000000000000d750 .LASF1042
     /tmp/ccWZZQZf.s:90048  .debug_str:0000000000004ab0 .LASF1043
     /tmp/ccWZZQZf.s:92906  .debug_str:00000000000103b6 .LASF1044
     /tmp/ccWZZQZf.s:104872  .debug_str:0000000000041259 .LASF1045
     /tmp/ccWZZQZf.s:107472  .debug_str:000000000004bf5f .LASF1046
     /tmp/ccWZZQZf.s:94676  .debug_str:000000000001760c .LASF1047
     /tmp/ccWZZQZf.s:101058  .debug_str:0000000000031a4c .LASF1048
     /tmp/ccWZZQZf.s:107348  .debug_str:000000000004b745 .LASF1049
     /tmp/ccWZZQZf.s:94570  .debug_str:0000000000016dfd .LASF1050
     /tmp/ccWZZQZf.s:93352  .debug_str:00000000000120f2 .LASF1051
     /tmp/ccWZZQZf.s:99760  .debug_str:000000000002c4cf .LASF1052
     /tmp/ccWZZQZf.s:106048  .debug_str:0000000000045e16 .LASF1053
     /tmp/ccWZZQZf.s:93224  .debug_str:00000000000117dc .LASF1054
     /tmp/ccWZZQZf.s:99634  .debug_str:000000000002bd00 .LASF1055
     /tmp/ccWZZQZf.s:105226  .debug_str:0000000000042a74 .LASF1056
     /tmp/ccWZZQZf.s:90582  .debug_str:0000000000006f11 .LASF1057
     /tmp/ccWZZQZf.s:104894  .debug_str:000000000004141b .LASF1058
     /tmp/ccWZZQZf.s:100416  .debug_str:000000000002ef45 .LASF1059
     /tmp/ccWZZQZf.s:92238  .debug_str:000000000000dd97 .LASF1060
     /tmp/ccWZZQZf.s:92802  .debug_str:000000000000fdab .LASF1061
     /tmp/ccWZZQZf.s:91982  .debug_str:000000000000cdd8 .LASF1062
     /tmp/ccWZZQZf.s:104396  .debug_str:000000000003f113 .LASF1063
     /tmp/ccWZZQZf.s:96394  .debug_str:000000000001ebe9 .LASF1064
     /tmp/ccWZZQZf.s:107356  .debug_str:000000000004b7a1 .LASF1065
     /tmp/ccWZZQZf.s:96846  .debug_str:0000000000020be8 .LASF1066
     /tmp/ccWZZQZf.s:91114  .debug_str:0000000000009242 .LASF1067
     /tmp/ccWZZQZf.s:102382  .debug_str:0000000000037118 .LASF1068
     /tmp/ccWZZQZf.s:94184  .debug_str:000000000001549a .LASF1069
     /tmp/ccWZZQZf.s:105314  .debug_str:0000000000043028 .LASF1070
     /tmp/ccWZZQZf.s:97170  .debug_str:00000000000220b7 .LASF1071
     /tmp/ccWZZQZf.s:101336  .debug_str:0000000000032cbb .LASF1072
     /tmp/ccWZZQZf.s:91334  .debug_str:000000000000a0a9 .LASF1073
     /tmp/ccWZZQZf.s:100980  .debug_str:000000000003148b .LASF1074
     /tmp/ccWZZQZf.s:91068  .debug_str:0000000000008f07 .LASF1075
     /tmp/ccWZZQZf.s:100558  .debug_str:000000000002f935 .LASF1076
     /tmp/ccWZZQZf.s:90834  .debug_str:0000000000007efc .LASF1077
     /tmp/ccWZZQZf.s:100312  .debug_str:000000000002e8b9 .LASF1078
     /tmp/ccWZZQZf.s:90592  .debug_str:0000000000006fd7 .LASF1079
     /tmp/ccWZZQZf.s:100058  .debug_str:000000000002d7c8 .LASF1080
     /tmp/ccWZZQZf.s:90342  .debug_str:0000000000005e76 .LASF1081
     /tmp/ccWZZQZf.s:99798  .debug_str:000000000002c6e5 .LASF1082
     /tmp/ccWZZQZf.s:91820  .debug_str:000000000000c2ac .LASF1083
     /tmp/ccWZZQZf.s:96192  .debug_str:000000000001dde4 .LASF1084
     /tmp/ccWZZQZf.s:91392  .debug_str:000000000000a4e5 .LASF1085
     /tmp/ccWZZQZf.s:101046  .debug_str:0000000000031955 .LASF1086
     /tmp/ccWZZQZf.s:103922  .debug_str:000000000003d2bb .LASF1087
     /tmp/ccWZZQZf.s:100790  .debug_str:000000000003079c .LASF1088
     /tmp/ccWZZQZf.s:90902  .debug_str:0000000000008411 .LASF1089
     /tmp/ccWZZQZf.s:100536  .debug_str:000000000002f76a .LASF1090
     /tmp/ccWZZQZf.s:90660  .debug_str:0000000000007434 .LASF1091
     /tmp/ccWZZQZf.s:91980  .debug_str:000000000000cdae .LASF1092
     /tmp/ccWZZQZf.s:92138  .debug_str:000000000000d7e9 .LASF1093
     /tmp/ccWZZQZf.s:101642  .debug_str:000000000003404a .LASF1094
     /tmp/ccWZZQZf.s:91902  .debug_str:000000000000c862 .LASF1095
     /tmp/ccWZZQZf.s:101388  .debug_str:000000000003300d .LASF1096
     /tmp/ccWZZQZf.s:96212  .debug_str:000000000001def1 .LASF1097
     /tmp/ccWZZQZf.s:101118  .debug_str:0000000000031e83 .LASF1098
     /tmp/ccWZZQZf.s:91380  .debug_str:000000000000a42b .LASF1099
     /tmp/ccWZZQZf.s:100868  .debug_str:0000000000030d25 .LASF1100
     /tmp/ccWZZQZf.s:91120  .debug_str:00000000000092a4 .LASF1101
     /tmp/ccWZZQZf.s:100604  .debug_str:000000000002fc87 .LASF1102
     /tmp/ccWZZQZf.s:92502  .debug_str:000000000000ec39 .LASF1103
     /tmp/ccWZZQZf.s:102122  .debug_str:00000000000360f2 .LASF1104
     /tmp/ccWZZQZf.s:92216  .debug_str:000000000000dc67 .LASF1105
     /tmp/ccWZZQZf.s:101870  .debug_str:0000000000035063 .LASF1106
     /tmp/ccWZZQZf.s:91970  .debug_str:000000000000cd00 .LASF1107
     /tmp/ccWZZQZf.s:101626  .debug_str:0000000000033f19 .LASF1108
     /tmp/ccWZZQZf.s:91706  .debug_str:000000000000bb7d .LASF1109
     /tmp/ccWZZQZf.s:101188  .debug_str:0000000000032316 .LASF1110
     /tmp/ccWZZQZf.s:91452  .debug_str:000000000000a8fe .LASF1111
     /tmp/ccWZZQZf.s:107384  .debug_str:000000000004b930 .LASF1112
     /tmp/ccWZZQZf.s:93026  .debug_str:0000000000010acf .LASF1113
     /tmp/ccWZZQZf.s:102488  .debug_str:0000000000037788 .LASF1114
     /tmp/ccWZZQZf.s:92748  .debug_str:000000000000fae6 .LASF1115
     /tmp/ccWZZQZf.s:102200  .debug_str:00000000000365ab .LASF1116
     /tmp/ccWZZQZf.s:92228  .debug_str:000000000000dd40 .LASF1117
     /tmp/ccWZZQZf.s:101934  .debug_str:00000000000354ce .LASF1118
     /tmp/ccWZZQZf.s:92030  .debug_str:000000000000d0fd .LASF1119
     /tmp/ccWZZQZf.s:101706  .debug_str:00000000000344cb .LASF1120
     /tmp/ccWZZQZf.s:91780  .debug_str:000000000000c015 .LASF1121
     /tmp/ccWZZQZf.s:101452  .debug_str:0000000000033419 .LASF1122
     /tmp/ccWZZQZf.s:93392  .debug_str:0000000000012346 .LASF1123
     /tmp/ccWZZQZf.s:103016  .debug_str:00000000000394af .LASF1124
     /tmp/ccWZZQZf.s:93108  .debug_str:0000000000011045 .LASF1125
     /tmp/ccWZZQZf.s:102558  .debug_str:0000000000037b41 .LASF1126
     /tmp/ccWZZQZf.s:93052  .debug_str:0000000000010c96 .LASF1127
     /tmp/ccWZZQZf.s:93908  .debug_str:00000000000143b5 .LASF1128
     /tmp/ccWZZQZf.s:88980  .debug_str:0000000000000021 .LASF1129
     /tmp/ccWZZQZf.s:103100  .debug_str:0000000000039a16 .LASF1130
     /tmp/ccWZZQZf.s:96928  .debug_str:0000000000021191 .LASF1131
     /tmp/ccWZZQZf.s:105160  .debug_str:0000000000042630 .LASF1132
     /tmp/ccWZZQZf.s:89676  .debug_str:0000000000003143 .LASF1133
     /tmp/ccWZZQZf.s:102656  .debug_str:0000000000038059 .LASF1134
     /tmp/ccWZZQZf.s:90458  .debug_str:00000000000065e3 .LASF1135
     /tmp/ccWZZQZf.s:90826  .debug_str:0000000000007e66 .LASF1136
     /tmp/ccWZZQZf.s:93672  .debug_str:000000000001352a .LASF1137
     /tmp/ccWZZQZf.s:94004  .debug_str:000000000001491c .LASF1138
     /tmp/ccWZZQZf.s:101730  .debug_str:0000000000034673 .LASF1139
     /tmp/ccWZZQZf.s:91478  .debug_str:000000000000aaaf .LASF1140
     /tmp/ccWZZQZf.s:106774  .debug_str:0000000000048f3f .LASF1141
     /tmp/ccWZZQZf.s:103122  .debug_str:0000000000039c1f .LASF1142
     /tmp/ccWZZQZf.s:104564  .debug_str:000000000003fcc5 .LASF1143
     /tmp/ccWZZQZf.s:94968  .debug_str:00000000000187a9 .LASF1144
     /tmp/ccWZZQZf.s:104506  .debug_str:000000000003f86b .LASF1145
     /tmp/ccWZZQZf.s:94908  .debug_str:000000000001844c .LASF1146
     /tmp/ccWZZQZf.s:104448  .debug_str:000000000003f416 .LASF1147
     /tmp/ccWZZQZf.s:103162  .debug_str:0000000000039e75 .LASF1148
     /tmp/ccWZZQZf.s:90460  .debug_str:0000000000006614 .LASF1149
     /tmp/ccWZZQZf.s:106966  .debug_str:0000000000049cc3 .LASF1150
     /tmp/ccWZZQZf.s:89838  .debug_str:0000000000003bab .LASF1151
     /tmp/ccWZZQZf.s:105032  .debug_str:0000000000041c92 .LASF1152
     /tmp/ccWZZQZf.s:105666  .debug_str:0000000000044671 .LASF1153
     /tmp/ccWZZQZf.s:104416  .debug_str:000000000003f26b .LASF1154
     /tmp/ccWZZQZf.s:104598  .debug_str:000000000003ff16 .LASF1155
     /tmp/ccWZZQZf.s:95108  .debug_str:0000000000019152 .LASF1156
     /tmp/ccWZZQZf.s:94750  .debug_str:0000000000017a54 .LASF1157
     /tmp/ccWZZQZf.s:107772  .debug_str:000000000004d581 .LASF1158
     /tmp/ccWZZQZf.s:99226  .debug_str:000000000002a31d .LASF1159
     /tmp/ccWZZQZf.s:92812  .debug_str:000000000000fe38 .LASF1160
     /tmp/ccWZZQZf.s:101464  .debug_str:0000000000033517 .LASF1161
     /tmp/ccWZZQZf.s:91242  .debug_str:0000000000009b46 .LASF1162
     /tmp/ccWZZQZf.s:88990  .debug_str:00000000000000cb .LASF1163
     /tmp/ccWZZQZf.s:97216  .debug_str:0000000000022405 .LASF1164
     /tmp/ccWZZQZf.s:97468  .debug_str:0000000000023510 .LASF1165
     /tmp/ccWZZQZf.s:103464  .debug_str:000000000003b3c7 .LASF1166
     /tmp/ccWZZQZf.s:105634  .debug_str:00000000000444b3 .LASF1167
     /tmp/ccWZZQZf.s:107118  .debug_str:000000000004a747 .LASF1168
     /tmp/ccWZZQZf.s:96628  .debug_str:000000000001fccd .LASF1169
     /tmp/ccWZZQZf.s:100350  .debug_str:000000000002eb15 .LASF1170
     /tmp/ccWZZQZf.s:98120  .debug_str:00000000000259c9 .LASF1171
     /tmp/ccWZZQZf.s:102172  .debug_str:000000000003645a .LASF1172
     /tmp/ccWZZQZf.s:93744  .debug_str:00000000000139e0 .LASF1173
     /tmp/ccWZZQZf.s:104354  .debug_str:000000000003ee70 .LASF1174
     /tmp/ccWZZQZf.s:93062  .debug_str:0000000000010d74 .LASF1176
     /tmp/ccWZZQZf.s:106484  .debug_str:0000000000047bbe .LASF1177
     /tmp/ccWZZQZf.s:94316  .debug_str:0000000000015cc0 .LASF1178
     /tmp/ccWZZQZf.s:98836  .debug_str:00000000000289b9 .LASF1179
     /tmp/ccWZZQZf.s:94166  .debug_str:000000000001539e .LASF1180
     /tmp/ccWZZQZf.s:94106  .debug_str:0000000000014fae .LASF1181
     /tmp/ccWZZQZf.s:100318  .debug_str:000000000002e935 .LASF1182
     /tmp/ccWZZQZf.s:108000  .debug_str:000000000004e4ed .LASF1183
     /tmp/ccWZZQZf.s:94400  .debug_str:0000000000016293 .LASF1184
     /tmp/ccWZZQZf.s:96414  .debug_str:000000000001ed47 .LASF1185
     /tmp/ccWZZQZf.s:97540  .debug_str:00000000000239d9 .LASF1186
     /tmp/ccWZZQZf.s:104852  .debug_str:0000000000041106 .LASF1187
     /tmp/ccWZZQZf.s:92544  .debug_str:000000000000ee3c .LASF1188
     /tmp/ccWZZQZf.s:99062  .debug_str:00000000000298a1 .LASF1189
     /tmp/ccWZZQZf.s:90484  .debug_str:0000000000006819 .LASF1190
     /tmp/ccWZZQZf.s:91372  .debug_str:000000000000a386 .LASF1191
     /tmp/ccWZZQZf.s:99414  .debug_str:000000000002ae9c .LASF1192
     /tmp/ccWZZQZf.s:91366  .debug_str:000000000000a32d .LASF1193
     /tmp/ccWZZQZf.s:96244  .debug_str:000000000001e1a9 .LASF1194
     /tmp/ccWZZQZf.s:101324  .debug_str:0000000000032b95 .LASF1195
     /tmp/ccWZZQZf.s:106082  .debug_str:0000000000046070 .LASF1196
     /tmp/ccWZZQZf.s:89672  .debug_str:00000000000030fa .LASF1197
     /tmp/ccWZZQZf.s:98928  .debug_str:0000000000028fc4 .LASF1198
     /tmp/ccWZZQZf.s:90056  .debug_str:0000000000004b33 .LASF1199
     /tmp/ccWZZQZf.s:92202  .debug_str:000000000000db97 .LASF1200
     /tmp/ccWZZQZf.s:108010  .debug_str:000000000004e5b4 .LASF1201
     /tmp/ccWZZQZf.s:98704  .debug_str:000000000002812b .LASF1202
     /tmp/ccWZZQZf.s:107714  .debug_str:000000000004d1a3 .LASF1203
     /tmp/ccWZZQZf.s:99058  .debug_str:000000000002985a .LASF1204
     /tmp/ccWZZQZf.s:106154  .debug_str:00000000000465c7 .LASF1205
     /tmp/ccWZZQZf.s:105170  .debug_str:00000000000426da .LASF1206
     /tmp/ccWZZQZf.s:92568  .debug_str:000000000000ef95 .LASF1207
     /tmp/ccWZZQZf.s:106660  .debug_str:00000000000487bd .LASF1208
     /tmp/ccWZZQZf.s:95584  .debug_str:000000000001b2a5 .LASF1209
     /tmp/ccWZZQZf.s:95116  .debug_str:00000000000191cd .LASF1210
     /tmp/ccWZZQZf.s:99036  .debug_str:00000000000296c1 .LASF1211
     /tmp/ccWZZQZf.s:90888  .debug_str:0000000000008300 .LASF1212
     /tmp/ccWZZQZf.s:93058  .debug_str:0000000000010d1b .LASF1213
     /tmp/ccWZZQZf.s:101102  .debug_str:0000000000031da0 .LASF1214
     /tmp/ccWZZQZf.s:92300  .debug_str:000000000000e20d .LASF1215
     /tmp/ccWZZQZf.s:106544  .debug_str:0000000000048019 .LASF1216
     /tmp/ccWZZQZf.s:95178  .debug_str:000000000001963e .LASF1217
     /tmp/ccWZZQZf.s:107822  .debug_str:000000000004d92c .LASF1218
     /tmp/ccWZZQZf.s:92858  .debug_str:0000000000010090 .LASF1219
     /tmp/ccWZZQZf.s:101502  .debug_str:000000000003372d .LASF1220
     /tmp/ccWZZQZf.s:107664  .debug_str:000000000004ce1e .LASF1221
     /tmp/ccWZZQZf.s:100434  .debug_str:000000000002f0b2 .LASF1222
     /tmp/ccWZZQZf.s:98420  .debug_str:0000000000026e1a .LASF1223
     /tmp/ccWZZQZf.s:101266  .debug_str:0000000000032885 .LASF1224
     /tmp/ccWZZQZf.s:95354  .debug_str:000000000001a38a .LASF1225
     /tmp/ccWZZQZf.s:102250  .debug_str:000000000003698c .LASF1226
     /tmp/ccWZZQZf.s:104790  .debug_str:0000000000040c9d .LASF1227
     /tmp/ccWZZQZf.s:103610  .debug_str:000000000003bdd5 .LASF1228
     /tmp/ccWZZQZf.s:95680  .debug_str:000000000001b993 .LASF1229
     /tmp/ccWZZQZf.s:99746  .debug_str:000000000002c3e4 .LASF1230
     /tmp/ccWZZQZf.s:107212  .debug_str:000000000004ad6d .LASF1231
     /tmp/ccWZZQZf.s:92904  .debug_str:000000000001038c .LASF1232
     /tmp/ccWZZQZf.s:91908  .debug_str:000000000000c8d5 .LASF1233
     /tmp/ccWZZQZf.s:91610  .debug_str:000000000000b45e .LASF1234
     /tmp/ccWZZQZf.s:89380  .debug_str:0000000000001bbd .LASF1235
     /tmp/ccWZZQZf.s:100986  .debug_str:00000000000314e0 .LASF1236
     /tmp/ccWZZQZf.s:94154  .debug_str:00000000000152c8 .LASF1237
     /tmp/ccWZZQZf.s:99016  .debug_str:0000000000029575 .LASF1238
     /tmp/ccWZZQZf.s:101196  .debug_str:00000000000323b9 .LASF1239
     /tmp/ccWZZQZf.s:96380  .debug_str:000000000001eacb .LASF1240
     /tmp/ccWZZQZf.s:95014  .debug_str:0000000000018aec .LASF1241
     /tmp/ccWZZQZf.s:101900  .debug_str:0000000000035253 .LASF1242
     /tmp/ccWZZQZf.s:91146  .debug_str:0000000000009415 .LASF1243
     /tmp/ccWZZQZf.s:103344  .debug_str:000000000003aab3 .LASF1244
     /tmp/ccWZZQZf.s:104798  .debug_str:0000000000040d27 .LASF1245
     /tmp/ccWZZQZf.s:96070  .debug_str:000000000001d4c5 .LASF1246
     /tmp/ccWZZQZf.s:107778  .debug_str:000000000004d5c0 .LASF1247
     /tmp/ccWZZQZf.s:104794  .debug_str:0000000000040cf9 .LASF1248
     /tmp/ccWZZQZf.s:107802  .debug_str:000000000004d784 .LASF1249
     /tmp/ccWZZQZf.s:92100  .debug_str:000000000000d59e .LASF1250
     /tmp/ccWZZQZf.s:107260  .debug_str:000000000004b0ba .LASF1251
     /tmp/ccWZZQZf.s:96310  .debug_str:000000000001e553 .LASF1252
     /tmp/ccWZZQZf.s:106628  .debug_str:000000000004861c .LASF1253
     /tmp/ccWZZQZf.s:90154  .debug_str:000000000000515f .LASF1254
     /tmp/ccWZZQZf.s:94628  .debug_str:0000000000017234 .LASF1255
     /tmp/ccWZZQZf.s:105090  .debug_str:00000000000420b1 .LASF1256
     /tmp/ccWZZQZf.s:94980  .debug_str:00000000000188b0 .LASF1257
     /tmp/ccWZZQZf.s:97668  .debug_str:00000000000241a8 .LASF1258
     /tmp/ccWZZQZf.s:97096  .debug_str:0000000000021cd0 .LASF1259
     /tmp/ccWZZQZf.s:107982  .debug_str:000000000004e3b6 .LASF1260
     /tmp/ccWZZQZf.s:100972  .debug_str:00000000000313c8 .LASF1261
     /tmp/ccWZZQZf.s:91230  .debug_str:0000000000009a8c .LASF1262
     /tmp/ccWZZQZf.s:97982  .debug_str:0000000000025258 .LASF1263
     /tmp/ccWZZQZf.s:101540  .debug_str:000000000003399e .LASF1264
     /tmp/ccWZZQZf.s:89170  .debug_str:0000000000000ceb .LASF1265
     /tmp/ccWZZQZf.s:92504  .debug_str:000000000000ec63 .LASF1266
     /tmp/ccWZZQZf.s:107912  .debug_str:000000000004de79 .LASF1267
     /tmp/ccWZZQZf.s:106962  .debug_str:0000000000049c7c .LASF1268
     /tmp/ccWZZQZf.s:99296  .debug_str:000000000002a6d7 .LASF1269
     /tmp/ccWZZQZf.s:98092  .debug_str:000000000002581b .LASF1270
     /tmp/ccWZZQZf.s:91864  .debug_str:000000000000c5df .LASF1271
     /tmp/ccWZZQZf.s:97202  .debug_str:00000000000222cf .LASF1272
     /tmp/ccWZZQZf.s:101322  .debug_str:0000000000032b5f .LASF1273
     /tmp/ccWZZQZf.s:106440  .debug_str:0000000000047875 .LASF1274
     /tmp/ccWZZQZf.s:108040  .debug_str:000000000004e79e .LASF1275
     /tmp/ccWZZQZf.s:103694  .debug_str:000000000003c309 .LASF1276
     /tmp/ccWZZQZf.s:99434  .debug_str:000000000002afaa .LASF1277
     /tmp/ccWZZQZf.s:94728  .debug_str:00000000000178e5 .LASF1278
     /tmp/ccWZZQZf.s:90806  .debug_str:0000000000007d4f .LASF1279
     /tmp/ccWZZQZf.s:104934  .debug_str:0000000000041696 .LASF1280
     /tmp/ccWZZQZf.s:101380  .debug_str:0000000000032f7c .LASF1281
     /tmp/ccWZZQZf.s:96024  .debug_str:000000000001d14d .LASF1282
     /tmp/ccWZZQZf.s:92588  .debug_str:000000000000f0fe .LASF1283
     /tmp/ccWZZQZf.s:106276  .debug_str:0000000000046d96 .LASF1284
     /tmp/ccWZZQZf.s:106476  .debug_str:0000000000047b54 .LASF1285
     /tmp/ccWZZQZf.s:95228  .debug_str:0000000000019984 .LASF1286
     /tmp/ccWZZQZf.s:97760  .debug_str:00000000000246e9 .LASF1287
     /tmp/ccWZZQZf.s:105464  .debug_str:0000000000043a03 .LASF1288
     /tmp/ccWZZQZf.s:89134  .debug_str:0000000000000ac5 .LASF1289
     /tmp/ccWZZQZf.s:96554  .debug_str:000000000001f71c .LASF1290
     /tmp/ccWZZQZf.s:99642  .debug_str:000000000002bd8f .LASF1291
     /tmp/ccWZZQZf.s:93754  .debug_str:0000000000013a7f .LASF1292
     /tmp/ccWZZQZf.s:90852  .debug_str:0000000000008062 .LASF1293
     /tmp/ccWZZQZf.s:102132  .debug_str:00000000000361d0 .LASF1294
     /tmp/ccWZZQZf.s:104768  .debug_str:0000000000040b0f .LASF1295
     /tmp/ccWZZQZf.s:93894  .debug_str:00000000000142e1 .LASF1296
     /tmp/ccWZZQZf.s:103302  .debug_str:000000000003a812 .LASF1297
     /tmp/ccWZZQZf.s:104118  .debug_str:000000000003defc .LASF1298
     /tmp/ccWZZQZf.s:90372  .debug_str:0000000000006052 .LASF1299
     /tmp/ccWZZQZf.s:98122  .debug_str:00000000000259f1 .LASF1300
     /tmp/ccWZZQZf.s:100916  .debug_str:0000000000030ff5 .LASF1301
     /tmp/ccWZZQZf.s:89198  .debug_str:0000000000000ee1 .LASF1302
     /tmp/ccWZZQZf.s:102040  .debug_str:0000000000035c19 .LASF1303
     /tmp/ccWZZQZf.s:94252  .debug_str:000000000001590d .LASF1304
     /tmp/ccWZZQZf.s:93338  .debug_str:0000000000011fcc .LASF1305
     /tmp/ccWZZQZf.s:104468  .debug_str:000000000003f5a8 .LASF1306
     /tmp/ccWZZQZf.s:104550  .debug_str:000000000003fbbb .LASF1307
     /tmp/ccWZZQZf.s:96326  .debug_str:000000000001e6a0 .LASF1308
     /tmp/ccWZZQZf.s:107166  .debug_str:000000000004aa76 .LASF1309
     /tmp/ccWZZQZf.s:105706  .debug_str:00000000000448fb .LASF1310
     /tmp/ccWZZQZf.s:95546  .debug_str:000000000001afd8 .LASF1311
     /tmp/ccWZZQZf.s:103134  .debug_str:0000000000039cea .LASF1312
     /tmp/ccWZZQZf.s:107150  .debug_str:000000000004a95f .LASF1313
     /tmp/ccWZZQZf.s:94088  .debug_str:0000000000014e7c .LASF1314
     /tmp/ccWZZQZf.s:100580  .debug_str:000000000002faf7 .LASF1315
     /tmp/ccWZZQZf.s:97326  .debug_str:0000000000022b36 .LASF1316
     /tmp/ccWZZQZf.s:92408  .debug_str:000000000000e7b9 .LASF1317
     /tmp/ccWZZQZf.s:96094  .debug_str:000000000001d671 .LASF1318
     /tmp/ccWZZQZf.s:102960  .debug_str:0000000000039070 .LASF1319
     /tmp/ccWZZQZf.s:95560  .debug_str:000000000001b0e0 .LASF1320
     /tmp/ccWZZQZf.s:102204  .debug_str:00000000000365f5 .LASF1321
     /tmp/ccWZZQZf.s:104446  .debug_str:000000000003f3f1 .LASF1322
     /tmp/ccWZZQZf.s:98892  .debug_str:0000000000028d87 .LASF1323
     /tmp/ccWZZQZf.s:100202  .debug_str:000000000002e083 .LASF1324
     /tmp/ccWZZQZf.s:97578  .debug_str:0000000000023ccd .LASF1325
     /tmp/ccWZZQZf.s:91560  .debug_str:000000000000b0d6 .LASF1326
     /tmp/ccWZZQZf.s:92646  .debug_str:000000000000f46e .LASF1327
     /tmp/ccWZZQZf.s:89272  .debug_str:00000000000013d8 .LASF1328
     /tmp/ccWZZQZf.s:104372  .debug_str:000000000003ef83 .LASF1329
     /tmp/ccWZZQZf.s:91974  .debug_str:000000000000cd6a .LASF1330
     /tmp/ccWZZQZf.s:95126  .debug_str:0000000000019278 .LASF1331
     /tmp/ccWZZQZf.s:91912  .debug_str:000000000000c93e .LASF1332
     /tmp/ccWZZQZf.s:105216  .debug_str:00000000000429de .LASF1333
     /tmp/ccWZZQZf.s:92168  .debug_str:000000000000d93f .LASF1334
     /tmp/ccWZZQZf.s:97214  .debug_str:00000000000223da .LASF1335
     /tmp/ccWZZQZf.s:102818  .debug_str:0000000000038896 .LASF1336
     /tmp/ccWZZQZf.s:99604  .debug_str:000000000002bb56 .LASF1337
     /tmp/ccWZZQZf.s:94062  .debug_str:0000000000014cf9 .LASF1338
     /tmp/ccWZZQZf.s:98524  .debug_str:0000000000027534 .LASF1339
     /tmp/ccWZZQZf.s:104690  .debug_str:0000000000040652 .LASF1340
     /tmp/ccWZZQZf.s:89586  .debug_str:0000000000002a55 .LASF1341
     /tmp/ccWZZQZf.s:96010  .debug_str:000000000001d046 .LASF1342
     /tmp/ccWZZQZf.s:99874  .debug_str:000000000002cbbc .LASF1343
     /tmp/ccWZZQZf.s:107932  .debug_str:000000000004e01c .LASF1344
     /tmp/ccWZZQZf.s:104114  .debug_str:000000000003deb9 .LASF1345
     /tmp/ccWZZQZf.s:99314  .debug_str:000000000002a8d3 .LASF1346
     /tmp/ccWZZQZf.s:90252  .debug_str:0000000000005927 .LASF1347
     /tmp/ccWZZQZf.s:105672  .debug_str:00000000000446d5 .LASF1348
     /tmp/ccWZZQZf.s:96440  .debug_str:000000000001ef11 .LASF1349
     /tmp/ccWZZQZf.s:97474  .debug_str:0000000000023587 .LASF1350
     /tmp/ccWZZQZf.s:99470  .debug_str:000000000002b258 .LASF1351
     /tmp/ccWZZQZf.s:105002  .debug_str:0000000000041a4f .LASF1352
     /tmp/ccWZZQZf.s:104462  .debug_str:000000000003f52d .LASF1353
     /tmp/ccWZZQZf.s:106030  .debug_str:0000000000045d04 .LASF1354
     /tmp/ccWZZQZf.s:95548  .debug_str:000000000001aff4 .LASF1355
     /tmp/ccWZZQZf.s:94120  .debug_str:0000000000015054 .LASF1356
     /tmp/ccWZZQZf.s:106360  .debug_str:0000000000047312 .LASF1357
     /tmp/ccWZZQZf.s:107880  .debug_str:000000000004dc82 .LASF1358
     /tmp/ccWZZQZf.s:94588  .debug_str:0000000000016f24 .LASF1359
     /tmp/ccWZZQZf.s:101728  .debug_str:0000000000034653 .LASF1360
     /tmp/ccWZZQZf.s:105472  .debug_str:0000000000043a92 .LASF1361
     /tmp/ccWZZQZf.s:94772  .debug_str:0000000000017bc3 .LASF1362
     /tmp/ccWZZQZf.s:90464  .debug_str:0000000000006686 .LASF1363
     /tmp/ccWZZQZf.s:90058  .debug_str:0000000000004b5b .LASF1364
     /tmp/ccWZZQZf.s:94582  .debug_str:0000000000016ec6 .LASF1365
     /tmp/ccWZZQZf.s:104520  .debug_str:000000000003f990 .LASF1366
     /tmp/ccWZZQZf.s:107322  .debug_str:000000000004b56a .LASF1367
     /tmp/ccWZZQZf.s:99888  .debug_str:000000000002cd03 .LASF1368
     /tmp/ccWZZQZf.s:97516  .debug_str:0000000000023815 .LASF1369
     /tmp/ccWZZQZf.s:96842  .debug_str:0000000000020bb6 .LASF1370
     /tmp/ccWZZQZf.s:99626  .debug_str:000000000002bc86 .LASF1371
     /tmp/ccWZZQZf.s:96186  .debug_str:000000000001dd8f .LASF1372
     /tmp/ccWZZQZf.s:95578  .debug_str:000000000001b240 .LASF1373
     /tmp/ccWZZQZf.s:91418  .debug_str:000000000000a679 .LASF1374
     /tmp/ccWZZQZf.s:105092  .debug_str:00000000000420cd .LASF1375
     /tmp/ccWZZQZf.s:105956  .debug_str:000000000004589b .LASF1376
     /tmp/ccWZZQZf.s:95824  .debug_str:000000000001c3e9 .LASF1377
     /tmp/ccWZZQZf.s:95226  .debug_str:0000000000019963 .LASF1378
     /tmp/ccWZZQZf.s:105188  .debug_str:00000000000427fa .LASF1379
     /tmp/ccWZZQZf.s:90140  .debug_str:0000000000005078 .LASF1380
     /tmp/ccWZZQZf.s:104384  .debug_str:000000000003f05d .LASF1381
     /tmp/ccWZZQZf.s:106678  .debug_str:00000000000488e1 .LASF1382
     /tmp/ccWZZQZf.s:99684  .debug_str:000000000002c08b .LASF1383
     /tmp/ccWZZQZf.s:105856  .debug_str:000000000004522d .LASF1384
     /tmp/ccWZZQZf.s:90894  .debug_str:0000000000008383 .LASF1385
     /tmp/ccWZZQZf.s:98186  .debug_str:0000000000025e95 .LASF1386
     /tmp/ccWZZQZf.s:102868  .debug_str:0000000000038bbc .LASF1387
     /tmp/ccWZZQZf.s:104192  .debug_str:000000000003e42d .LASF1388
     /tmp/ccWZZQZf.s:94118  .debug_str:0000000000015036 .LASF1389
     /tmp/ccWZZQZf.s:95498  .debug_str:000000000001acf6 .LASF1390
     /tmp/ccWZZQZf.s:105808  .debug_str:0000000000044f4b .LASF1391
     /tmp/ccWZZQZf.s:105050  .debug_str:0000000000041e1d .LASF1392
     /tmp/ccWZZQZf.s:106672  .debug_str:0000000000048894 .LASF1393
     /tmp/ccWZZQZf.s:91358  .debug_str:000000000000a296 .LASF1394
     /tmp/ccWZZQZf.s:101072  .debug_str:0000000000031b4f .LASF1395
     /tmp/ccWZZQZf.s:96964  .debug_str:0000000000021466 .LASF1396
     /tmp/ccWZZQZf.s:95580  .debug_str:000000000001b269 .LASF1397
     /tmp/ccWZZQZf.s:107136  .debug_str:000000000004a874 .LASF1398
     /tmp/ccWZZQZf.s:106056  .debug_str:0000000000045ee4 .LASF1399
     /tmp/ccWZZQZf.s:98088  .debug_str:00000000000257c2 .LASF1400
     /tmp/ccWZZQZf.s:97372  .debug_str:0000000000022e8f .LASF1401
     /tmp/ccWZZQZf.s:91300  .debug_str:0000000000009eec .LASF1402
     /tmp/ccWZZQZf.s:107848  .debug_str:000000000004daa9 .LASF1403
     /tmp/ccWZZQZf.s:99444  .debug_str:000000000002b091 .LASF1404
     /tmp/ccWZZQZf.s:93638  .debug_str:000000000001330f .LASF1405
     /tmp/ccWZZQZf.s:100614  .debug_str:000000000002fd44 .LASF1406
     /tmp/ccWZZQZf.s:104108  .debug_str:000000000003de6a .LASF1407
     /tmp/ccWZZQZf.s:107042  .debug_str:000000000004a1d3 .LASF1408
     /tmp/ccWZZQZf.s:98444  .debug_str:0000000000026faf .LASF1409
     /tmp/ccWZZQZf.s:100934  .debug_str:000000000003112c .LASF1410
     /tmp/ccWZZQZf.s:100590  .debug_str:000000000002fbbe .LASF1411
     /tmp/ccWZZQZf.s:91896  .debug_str:000000000000c808 .LASF1412
     /tmp/ccWZZQZf.s:90668  .debug_str:00000000000074de .LASF1413
     /tmp/ccWZZQZf.s:97220  .debug_str:0000000000022427 .LASF1414
     /tmp/ccWZZQZf.s:101210  .debug_str:00000000000324bf .LASF1415
     /tmp/ccWZZQZf.s:107424  .debug_str:000000000004bb7a .LASF1416
     /tmp/ccWZZQZf.s:92036  .debug_str:000000000000d175 .LASF1417
     /tmp/ccWZZQZf.s:99152  .debug_str:0000000000029df4 .LASF1418
     /tmp/ccWZZQZf.s:99610  .debug_str:000000000002bb9f .LASF1419
     /tmp/ccWZZQZf.s:89088  .debug_str:00000000000007c5 .LASF1420
     /tmp/ccWZZQZf.s:106530  .debug_str:0000000000047f1c .LASF1421
     /tmp/ccWZZQZf.s:107488  .debug_str:000000000004c0df .LASF1422
     /tmp/ccWZZQZf.s:93588  .debug_str:000000000001308d .LASF1423
     /tmp/ccWZZQZf.s:96028  .debug_str:000000000001d1b6 .LASF1424
     /tmp/ccWZZQZf.s:100332  .debug_str:000000000002e9cb .LASF1425
     /tmp/ccWZZQZf.s:96350  .debug_str:000000000001e80f .LASF1426
     /tmp/ccWZZQZf.s:95562  .debug_str:000000000001b102 .LASF1427
     /tmp/ccWZZQZf.s:105730  .debug_str:0000000000044a8c .LASF1428
     /tmp/ccWZZQZf.s:90792  .debug_str:0000000000007c5f .LASF1429
     /tmp/ccWZZQZf.s:107456  .debug_str:000000000004be2a .LASF1430
     /tmp/ccWZZQZf.s:102112  .debug_str:0000000000036054 .LASF1431
     /tmp/ccWZZQZf.s:105130  .debug_str:0000000000042410 .LASF1432
     /tmp/ccWZZQZf.s:98978  .debug_str:0000000000029322 .LASF1433
     /tmp/ccWZZQZf.s:101162  .debug_str:000000000003215f .LASF1434
     /tmp/ccWZZQZf.s:99076  .debug_str:00000000000299b1 .LASF1435
     /tmp/ccWZZQZf.s:91240  .debug_str:0000000000009b1f .LASF1436
     /tmp/ccWZZQZf.s:104594  .debug_str:000000000003fed3 .LASF1437
     /tmp/ccWZZQZf.s:107004  .debug_str:0000000000049f91 .LASF1438
     /tmp/ccWZZQZf.s:99958  .debug_str:000000000002d193 .LASF1439
     /tmp/ccWZZQZf.s:91340  .debug_str:000000000000a10c .LASF1440
     /tmp/ccWZZQZf.s:103700  .debug_str:000000000003c350 .LASF1441
     /tmp/ccWZZQZf.s:103960  .debug_str:000000000003d550 .LASF1442
     /tmp/ccWZZQZf.s:102846  .debug_str:0000000000038a9a .LASF1443
     /tmp/ccWZZQZf.s:92080  .debug_str:000000000000d46d .LASF1444
     /tmp/ccWZZQZf.s:99418  .debug_str:000000000002aede .LASF1445
     /tmp/ccWZZQZf.s:101330  .debug_str:0000000000032c12 .LASF1446
     /tmp/ccWZZQZf.s:89038  .debug_str:0000000000000419 .LASF1447
     /tmp/ccWZZQZf.s:91502  .debug_str:000000000000ac4c .LASF1448
     /tmp/ccWZZQZf.s:95198  .debug_str:0000000000019739 .LASF1449
     /tmp/ccWZZQZf.s:91364  .debug_str:000000000000a30e .LASF1450
     /tmp/ccWZZQZf.s:98262  .debug_str:00000000000263f1 .LASF1451
     /tmp/ccWZZQZf.s:104402  .debug_str:000000000003f18b .LASF1452
     /tmp/ccWZZQZf.s:94992  .debug_str:0000000000018963 .LASF1453
     /tmp/ccWZZQZf.s:107818  .debug_str:000000000004d8d3 .LASF1454
     /tmp/ccWZZQZf.s:95558  .debug_str:000000000001b0b6 .LASF1455
     /tmp/ccWZZQZf.s:101936  .debug_str:00000000000354f8 .LASF1456
     /tmp/ccWZZQZf.s:106522  .debug_str:0000000000047e6a .LASF1457
     /tmp/ccWZZQZf.s:104244  .debug_str:000000000003e74a .LASF1458
     /tmp/ccWZZQZf.s:100432  .debug_str:000000000002f091 .LASF1459
     /tmp/ccWZZQZf.s:105376  .debug_str:0000000000043410 .LASF1460
     /tmp/ccWZZQZf.s:104822  .debug_str:0000000000040ed6 .LASF1461
     /tmp/ccWZZQZf.s:98222  .debug_str:0000000000026104 .LASF1462
     /tmp/ccWZZQZf.s:90816  .debug_str:0000000000007df4 .LASF1463
     /tmp/ccWZZQZf.s:99210  .debug_str:000000000002a1bf .LASF1464
     /tmp/ccWZZQZf.s:98784  .debug_str:000000000002871c .LASF1465
     /tmp/ccWZZQZf.s:93756  .debug_str:0000000000013aa2 .LASF1466
     /tmp/ccWZZQZf.s:100762  .debug_str:0000000000030648 .LASF1467
     /tmp/ccWZZQZf.s:94556  .debug_str:0000000000016cd4 .LASF1468
     /tmp/ccWZZQZf.s:99426  .debug_str:000000000002af42 .LASF1469
     /tmp/ccWZZQZf.s:91106  .debug_str:00000000000091e6 .LASF1470
     /tmp/ccWZZQZf.s:105950  .debug_str:000000000004583c .LASF1471
     /tmp/ccWZZQZf.s:100418  .debug_str:000000000002ef6f .LASF1472
     /tmp/ccWZZQZf.s:90164  .debug_str:000000000000520f .LASF1473
     /tmp/ccWZZQZf.s:91954  .debug_str:000000000000cba5 .LASF1474
     /tmp/ccWZZQZf.s:89890  .debug_str:0000000000003f6a .LASF1475
     /tmp/ccWZZQZf.s:94460  .debug_str:0000000000016689 .LASF1476
     /tmp/ccWZZQZf.s:91050  .debug_str:0000000000008e35 .LASF1477
     /tmp/ccWZZQZf.s:100462  .debug_str:000000000002f26a .LASF1478
     /tmp/ccWZZQZf.s:101732  .debug_str:00000000000346aa .LASF1479
     /tmp/ccWZZQZf.s:98266  .debug_str:000000000002642d .LASF1480
     /tmp/ccWZZQZf.s:98434  .debug_str:0000000000026f0e .LASF1481
     /tmp/ccWZZQZf.s:93412  .debug_str:000000000001248f .LASF1482
     /tmp/ccWZZQZf.s:102508  .debug_str:00000000000378f9 .LASF1483
     /tmp/ccWZZQZf.s:92482  .debug_str:000000000000eaa8 .LASF1484
     /tmp/ccWZZQZf.s:89788  .debug_str:0000000000003861 .LASF1485
     /tmp/ccWZZQZf.s:107692  .debug_str:000000000004d059 .LASF1486
     /tmp/ccWZZQZf.s:99872  .debug_str:000000000002cb97 .LASF1487
     /tmp/ccWZZQZf.s:102472  .debug_str:000000000003768f .LASF1488
     /tmp/ccWZZQZf.s:107414  .debug_str:000000000004baca .LASF1489
     /tmp/ccWZZQZf.s:96790  .debug_str:00000000000207db .LASF1490
     /tmp/ccWZZQZf.s:96908  .debug_str:000000000002107f .LASF1491
     /tmp/ccWZZQZf.s:97344  .debug_str:0000000000022c81 .LASF1492
     /tmp/ccWZZQZf.s:91886  .debug_str:000000000000c749 .LASF1493
     /tmp/ccWZZQZf.s:101976  .debug_str:000000000003578e .LASF1494
     /tmp/ccWZZQZf.s:101644  .debug_str:0000000000034074 .LASF1495
     /tmp/ccWZZQZf.s:91668  .debug_str:000000000000b91d .LASF1496
     /tmp/ccWZZQZf.s:93300  .debug_str:0000000000011d7e .LASF1497
     /tmp/ccWZZQZf.s:99010  .debug_str:000000000002951c .LASF1498
     /tmp/ccWZZQZf.s:92062  .debug_str:000000000000d332 .LASF1499
     /tmp/ccWZZQZf.s:103998  .debug_str:000000000003d7be .LASF1500
     /tmp/ccWZZQZf.s:89578  .debug_str:00000000000029e8 .LASF1501
     /tmp/ccWZZQZf.s:100928  .debug_str:00000000000310b5 .LASF1502
     /tmp/ccWZZQZf.s:103070  .debug_str:0000000000039876 .LASF1503
     /tmp/ccWZZQZf.s:104538  .debug_str:000000000003fb1b .LASF1504
     /tmp/ccWZZQZf.s:95066  .debug_str:0000000000018e86 .LASF1505
     /tmp/ccWZZQZf.s:100106  .debug_str:000000000002da4f .LASF1506
     /tmp/ccWZZQZf.s:100702  .debug_str:00000000000302a6 .LASF1507
     /tmp/ccWZZQZf.s:93924  .debug_str:00000000000144a9 .LASF1508
     /tmp/ccWZZQZf.s:100602  .debug_str:000000000002fc5e .LASF1509
     /tmp/ccWZZQZf.s:92052  .debug_str:000000000000d27a .LASF1510
     /tmp/ccWZZQZf.s:97538  .debug_str:00000000000239b9 .LASF1511
     /tmp/ccWZZQZf.s:100576  .debug_str:000000000002fa94 .LASF1512
     /tmp/ccWZZQZf.s:93684  .debug_str:0000000000013631 .LASF1513
     /tmp/ccWZZQZf.s:89454  .debug_str:00000000000020fc .LASF1514
     /tmp/ccWZZQZf.s:95756  .debug_str:000000000001bf1b .LASF1515
     /tmp/ccWZZQZf.s:92200  .debug_str:000000000000db6b .LASF1516
     /tmp/ccWZZQZf.s:103042  .debug_str:0000000000039636 .LASF1517
     /tmp/ccWZZQZf.s:100612  .debug_str:000000000002fd1a .LASF1518
     /tmp/ccWZZQZf.s:95672  .debug_str:000000000001b8fb .LASF1519
     /tmp/ccWZZQZf.s:99074  .debug_str:000000000002998b .LASF1520
     /tmp/ccWZZQZf.s:105740  .debug_str:0000000000044b7b .LASF1521
     /tmp/ccWZZQZf.s:91094  .debug_str:0000000000009117 .LASF1522
     /tmp/ccWZZQZf.s:103854  .debug_str:000000000003ce19 .LASF1523
     /tmp/ccWZZQZf.s:97428  .debug_str:00000000000232a2 .LASF1524
     /tmp/ccWZZQZf.s:100742  .debug_str:00000000000304e7 .LASF1525
     /tmp/ccWZZQZf.s:91280  .debug_str:0000000000009d7e .LASF1526
     /tmp/ccWZZQZf.s:94172  .debug_str:00000000000153fc .LASF1527
     /tmp/ccWZZQZf.s:91830  .debug_str:000000000000c396 .LASF1528
     /tmp/ccWZZQZf.s:99946  .debug_str:000000000002d0ea .LASF1529
     /tmp/ccWZZQZf.s:92590  .debug_str:000000000000f11b .LASF1530
     /tmp/ccWZZQZf.s:96128  .debug_str:000000000001d918 .LASF1531
     /tmp/ccWZZQZf.s:92818  .debug_str:000000000000fea4 .LASF1532
     /tmp/ccWZZQZf.s:98240  .debug_str:0000000000026248 .LASF1533
     /tmp/ccWZZQZf.s:93082  .debug_str:0000000000010ec9 .LASF1534
     /tmp/ccWZZQZf.s:104838  .debug_str:0000000000040ff2 .LASF1535
     /tmp/ccWZZQZf.s:101668  .debug_str:0000000000034233 .LASF1536
     /tmp/ccWZZQZf.s:90380  .debug_str:00000000000060b7 .LASF1537
     /tmp/ccWZZQZf.s:92626  .debug_str:000000000000f296 .LASF1538
     /tmp/ccWZZQZf.s:100668  .debug_str:0000000000030093 .LASF1539
     /tmp/ccWZZQZf.s:104314  .debug_str:000000000003ec2c .LASF1540
     /tmp/ccWZZQZf.s:97684  .debug_str:00000000000242cd .LASF1541
     /tmp/ccWZZQZf.s:104218  .debug_str:000000000003e5b8 .LASF1542
     /tmp/ccWZZQZf.s:90336  .debug_str:0000000000005e2b .LASF1543
     /tmp/ccWZZQZf.s:95588  .debug_str:000000000001b2fe .LASF1544
     /tmp/ccWZZQZf.s:106948  .debug_str:0000000000049b6e .LASF1545
     /tmp/ccWZZQZf.s:99364  .debug_str:000000000002abdd .LASF1546
     /tmp/ccWZZQZf.s:95612  .debug_str:000000000001b4c1 .LASF1547
     /tmp/ccWZZQZf.s:93316  .debug_str:0000000000011e90 .LASF1548
     /tmp/ccWZZQZf.s:90130  .debug_str:0000000000004fed .LASF1549
     /tmp/ccWZZQZf.s:96832  .debug_str:0000000000020ae0 .LASF1550
     /tmp/ccWZZQZf.s:93202  .debug_str:000000000001166b .LASF1551
     /tmp/ccWZZQZf.s:89382  .debug_str:0000000000001be2 .LASF1552
     /tmp/ccWZZQZf.s:95538  .debug_str:000000000001af54 .LASF1553
     /tmp/ccWZZQZf.s:105106  .debug_str:0000000000042208 .LASF1554
     /tmp/ccWZZQZf.s:89326  .debug_str:000000000000179b .LASF1555
     /tmp/ccWZZQZf.s:96286  .debug_str:000000000001e446 .LASF1556
     /tmp/ccWZZQZf.s:101244  .debug_str:00000000000326ca .LASF1557
     /tmp/ccWZZQZf.s:101152  .debug_str:00000000000320a5 .LASF1558
     /tmp/ccWZZQZf.s:95238  .debug_str:0000000000019a63 .LASF1559
     /tmp/ccWZZQZf.s:104426  .debug_str:000000000003f310 .LASF1560
     /tmp/ccWZZQZf.s:106040  .debug_str:0000000000045daf .LASF1561
     /tmp/ccWZZQZf.s:90830  .debug_str:0000000000007eb7 .LASF1562
     /tmp/ccWZZQZf.s:95036  .debug_str:0000000000018c60 .LASF1563
     /tmp/ccWZZQZf.s:103268  .debug_str:000000000003a650 .LASF1564
     /tmp/ccWZZQZf.s:106214  .debug_str:00000000000469fa .LASF1565
     /tmp/ccWZZQZf.s:101098  .debug_str:0000000000031d59 .LASF1566
     /tmp/ccWZZQZf.s:106686  .debug_str:0000000000048971 .LASF1567
     /tmp/ccWZZQZf.s:97070  .debug_str:0000000000021aad .LASF1568
     /tmp/ccWZZQZf.s:101382  .debug_str:0000000000032f99 .LASF1569
     /tmp/ccWZZQZf.s:90690  .debug_str:0000000000007647 .LASF1570
     /tmp/ccWZZQZf.s:106604  .debug_str:0000000000048484 .LASF1571
     /tmp/ccWZZQZf.s:94966  .debug_str:0000000000018779 .LASF1572
     /tmp/ccWZZQZf.s:102376  .debug_str:00000000000370b7 .LASF1573
     /tmp/ccWZZQZf.s:102056  .debug_str:0000000000035d0e .LASF1574
     /tmp/ccWZZQZf.s:96528  .debug_str:000000000001f4ed .LASF1575
     /tmp/ccWZZQZf.s:98688  .debug_str:0000000000028018 .LASF1576
     /tmp/ccWZZQZf.s:106716  .debug_str:0000000000048b94 .LASF1577
     /tmp/ccWZZQZf.s:105494  .debug_str:0000000000043c02 .LASF1578
     /tmp/ccWZZQZf.s:97792  .debug_str:00000000000248c1 .LASF1579
     /tmp/ccWZZQZf.s:89926  .debug_str:0000000000004266 .LASF1580
     /tmp/ccWZZQZf.s:104146  .debug_str:000000000003e10e .LASF1581
     /tmp/ccWZZQZf.s:90986  .debug_str:000000000000895b .LASF1582
     /tmp/ccWZZQZf.s:106798  .debug_str:00000000000490eb .LASF1583
     /tmp/ccWZZQZf.s:101570  .debug_str:0000000000033c2b .LASF1584
     /tmp/ccWZZQZf.s:107164  .debug_str:000000000004aa4d .LASF1585
     /tmp/ccWZZQZf.s:97276  .debug_str:00000000000227f2 .LASF1586
     /tmp/ccWZZQZf.s:95374  .debug_str:000000000001a4b0 .LASF1587
     /tmp/ccWZZQZf.s:107652  .debug_str:000000000004cd35 .LASF1588
     /tmp/ccWZZQZf.s:92518  .debug_str:000000000000ed6b .LASF1589
     /tmp/ccWZZQZf.s:104154  .debug_str:000000000003e1b1 .LASF1590
     /tmp/ccWZZQZf.s:104864  .debug_str:00000000000411b6 .LASF1591
     /tmp/ccWZZQZf.s:106222  .debug_str:0000000000046a5c .LASF1592
     /tmp/ccWZZQZf.s:97954  .debug_str:00000000000250a2 .LASF1593
     /tmp/ccWZZQZf.s:99430  .debug_str:000000000002af7a .LASF1594
     /tmp/ccWZZQZf.s:105848  .debug_str:0000000000045183 .LASF1595
     /tmp/ccWZZQZf.s:88984  .debug_str:0000000000000069 .LASF1596
     /tmp/ccWZZQZf.s:97184  .debug_str:00000000000221a2 .LASF1597
     /tmp/ccWZZQZf.s:99254  .debug_str:000000000002a487 .LASF1598
     /tmp/ccWZZQZf.s:93920  .debug_str:0000000000014466 .LASF1599
     /tmp/ccWZZQZf.s:90232  .debug_str:00000000000057a3 .LASF1600
     /tmp/ccWZZQZf.s:103772  .debug_str:000000000003c82e .LASF1601
     /tmp/ccWZZQZf.s:98348  .debug_str:00000000000268aa .LASF1602
     /tmp/ccWZZQZf.s:89548  .debug_str:00000000000027d1 .LASF1603
     /tmp/ccWZZQZf.s:99354  .debug_str:000000000002ab42 .LASF1604
     /tmp/ccWZZQZf.s:100092  .debug_str:000000000002d9d6 .LASF1605
     /tmp/ccWZZQZf.s:90332  .debug_str:0000000000005dbb .LASF1606
     /tmp/ccWZZQZf.s:94662  .debug_str:00000000000174d5 .LASF1607
     /tmp/ccWZZQZf.s:91506  .debug_str:000000000000acaa .LASF1608
     /tmp/ccWZZQZf.s:106852  .debug_str:0000000000049475 .LASF1609
     /tmp/ccWZZQZf.s:103210  .debug_str:000000000003a1c6 .LASF1610
     /tmp/ccWZZQZf.s:97436  .debug_str:000000000002331c .LASF1611
     /tmp/ccWZZQZf.s:96086  .debug_str:000000000001d5ce .LASF1612
     /tmp/ccWZZQZf.s:107272  .debug_str:000000000004b19b .LASF1613
     /tmp/ccWZZQZf.s:107430  .debug_str:000000000004bbc0 .LASF1614
     /tmp/ccWZZQZf.s:97572  .debug_str:0000000000023c60 .LASF1615
     /tmp/ccWZZQZf.s:93174  .debug_str:0000000000011460 .LASF1616
     /tmp/ccWZZQZf.s:102502  .debug_str:000000000003787d .LASF1617
     /tmp/ccWZZQZf.s:96562  .debug_str:000000000001f7d2 .LASF1618
     /tmp/ccWZZQZf.s:103396  .debug_str:000000000003aeb5 .LASF1619
     /tmp/ccWZZQZf.s:95990  .debug_str:000000000001ceed .LASF1620
     /tmp/ccWZZQZf.s:93198  .debug_str:0000000000011614 .LASF1621
     /tmp/ccWZZQZf.s:90414  .debug_str:00000000000062ec .LASF1622
     /tmp/ccWZZQZf.s:100732  .debug_str:000000000003046f .LASF1623
     /tmp/ccWZZQZf.s:94056  .debug_str:0000000000014c8b .LASF1624
     /tmp/ccWZZQZf.s:107232  .debug_str:000000000004aeb1 .LASF1625
     /tmp/ccWZZQZf.s:96040  .debug_str:000000000001d2d1 .LASF1626
     /tmp/ccWZZQZf.s:93006  .debug_str:0000000000010a0d .LASF1627
     /tmp/ccWZZQZf.s:105540  .debug_str:0000000000043f02 .LASF1628
     /tmp/ccWZZQZf.s:99710  .debug_str:000000000002c1f5 .LASF1629
     /tmp/ccWZZQZf.s:100682  .debug_str:0000000000030196 .LASF1630
     /tmp/ccWZZQZf.s:89834  .debug_str:0000000000003b75 .LASF1631
     /tmp/ccWZZQZf.s:89606  .debug_str:0000000000002c1f .LASF1632
     /tmp/ccWZZQZf.s:91458  .debug_str:000000000000a979 .LASF1633
     /tmp/ccWZZQZf.s:104038  .debug_str:000000000003da9f .LASF1634
     /tmp/ccWZZQZf.s:92796  .debug_str:000000000000fd1a .LASF1635
     /tmp/ccWZZQZf.s:91604  .debug_str:000000000000b413 .LASF1636
     /tmp/ccWZZQZf.s:102282  .debug_str:0000000000036a93 .LASF1637
     /tmp/ccWZZQZf.s:105962  .debug_str:0000000000045906 .LASF1638
     /tmp/ccWZZQZf.s:92378  .debug_str:000000000000e5cb .LASF1639
     /tmp/ccWZZQZf.s:89462  .debug_str:0000000000002175 .LASF1640
     /tmp/ccWZZQZf.s:96264  .debug_str:000000000001e299 .LASF1641
     /tmp/ccWZZQZf.s:103906  .debug_str:000000000003d1c8 .LASF1642
     /tmp/ccWZZQZf.s:105646  .debug_str:0000000000044532 .LASF1643
     /tmp/ccWZZQZf.s:103138  .debug_str:0000000000039d3b .LASF1644
     /tmp/ccWZZQZf.s:105832  .debug_str:00000000000450ca .LASF1645
     /tmp/ccWZZQZf.s:98330  .debug_str:00000000000267d6 .LASF1646
     /tmp/ccWZZQZf.s:96004  .debug_str:000000000001cfde .LASF1647
     /tmp/ccWZZQZf.s:90192  .debug_str:0000000000005444 .LASF1648
     /tmp/ccWZZQZf.s:104534  .debug_str:000000000003fabb .LASF1649
     /tmp/ccWZZQZf.s:104656  .debug_str:0000000000040404 .LASF1650
     /tmp/ccWZZQZf.s:97086  .debug_str:0000000000021bfe .LASF1651
     /tmp/ccWZZQZf.s:107134  .debug_str:000000000004a859 .LASF1652
     /tmp/ccWZZQZf.s:93716  .debug_str:000000000001382c .LASF1653
     /tmp/ccWZZQZf.s:102500  .debug_str:0000000000037862 .LASF1654
     /tmp/ccWZZQZf.s:107922  .debug_str:000000000004df8b .LASF1655
     /tmp/ccWZZQZf.s:105462  .debug_str:00000000000439e8 .LASF1656
     /tmp/ccWZZQZf.s:107334  .debug_str:000000000004b62c .LASF1657
     /tmp/ccWZZQZf.s:96830  .debug_str:0000000000020ab8 .LASF1658
     /tmp/ccWZZQZf.s:89166  .debug_str:0000000000000caf .LASF1659
     /tmp/ccWZZQZf.s:106138  .debug_str:0000000000046485 .LASF1660
     /tmp/ccWZZQZf.s:95992  .debug_str:000000000001cf16 .LASF1661
     /tmp/ccWZZQZf.s:106638  .debug_str:00000000000486b3 .LASF1662
     /tmp/ccWZZQZf.s:91212  .debug_str:000000000000998c .LASF1663
     /tmp/ccWZZQZf.s:96884  .debug_str:0000000000020eb2 .LASF1664
     /tmp/ccWZZQZf.s:98102  .debug_str:00000000000258b1 .LASF1665
     /tmp/ccWZZQZf.s:92816  .debug_str:000000000000fe7b .LASF1666
     /tmp/ccWZZQZf.s:93372  .debug_str:00000000000121fd .LASF1667
     /tmp/ccWZZQZf.s:107558  .debug_str:000000000004c70e .LASF1668
     /tmp/ccWZZQZf.s:102274  .debug_str:0000000000036a4a .LASF1669
     /tmp/ccWZZQZf.s:92152  .debug_str:000000000000d84f .LASF1670
     /tmp/ccWZZQZf.s:91072  .debug_str:0000000000008f41 .LASF1671
     /tmp/ccWZZQZf.s:101800  .debug_str:0000000000034bc1 .LASF1672
     /tmp/ccWZZQZf.s:104826  .debug_str:0000000000040f1c .LASF1673
     /tmp/ccWZZQZf.s:98936  .debug_str:0000000000029036 .LASF1674
     /tmp/ccWZZQZf.s:100212  .debug_str:000000000002e110 .LASF1675
     /tmp/ccWZZQZf.s:93132  .debug_str:000000000001114c .LASF1676
     /tmp/ccWZZQZf.s:96656  .debug_str:000000000001ff0f .LASF1677
     /tmp/ccWZZQZf.s:100566  .debug_str:000000000002f9c6 .LASF1678
     /tmp/ccWZZQZf.s:96810  .debug_str:0000000000020932 .LASF1679
     /tmp/ccWZZQZf.s:90666  .debug_str:00000000000074b5 .LASF1680
     /tmp/ccWZZQZf.s:94584  .debug_str:0000000000016ef0 .LASF1681
     /tmp/ccWZZQZf.s:94548  .debug_str:0000000000016c29 .LASF1682
     /tmp/ccWZZQZf.s:89716  .debug_str:0000000000003407 .LASF1683
     /tmp/ccWZZQZf.s:103896  .debug_str:000000000003d11a .LASF1684
     /tmp/ccWZZQZf.s:90142  .debug_str:000000000000509b .LASF1685
     /tmp/ccWZZQZf.s:96108  .debug_str:000000000001d7ac .LASF1686
     /tmp/ccWZZQZf.s:102090  .debug_str:0000000000035ec8 .LASF1687
     /tmp/ccWZZQZf.s:99242  .debug_str:000000000002a3f2 .LASF1688
     /tmp/ccWZZQZf.s:104844  .debug_str:000000000004107d .LASF1689
     /tmp/ccWZZQZf.s:105582  .debug_str:0000000000044134 .LASF1690
     /tmp/ccWZZQZf.s:103606  .debug_str:000000000003bd7a .LASF1691
     /tmp/ccWZZQZf.s:94338  .debug_str:0000000000015e64 .LASF1692
     /tmp/ccWZZQZf.s:97446  .debug_str:0000000000023392 .LASF1693
     /tmp/ccWZZQZf.s:90300  .debug_str:0000000000005bee .LASF1694
     /tmp/ccWZZQZf.s:92654  .debug_str:000000000000f51c .LASF1695
     /tmp/ccWZZQZf.s:95904  .debug_str:000000000001c927 .LASF1696
     /tmp/ccWZZQZf.s:100608  .debug_str:000000000002fcc0 .LASF1697
     /tmp/ccWZZQZf.s:107314  .debug_str:000000000004b4e2 .LASF1698
     /tmp/ccWZZQZf.s:106376  .debug_str:000000000004740a .LASF1699
     /tmp/ccWZZQZf.s:102134  .debug_str:00000000000361f3 .LASF1700
     /tmp/ccWZZQZf.s:106384  .debug_str:000000000004747d .LASF1701
     /tmp/ccWZZQZf.s:90040  .debug_str:00000000000049e8 .LASF1702
     /tmp/ccWZZQZf.s:103450  .debug_str:000000000003b2cf .LASF1703
     /tmp/ccWZZQZf.s:95338  .debug_str:000000000001a210 .LASF1704
     /tmp/ccWZZQZf.s:107862  .debug_str:000000000004db39 .LASF1705
     /tmp/ccWZZQZf.s:91442  .debug_str:000000000000a81f .LASF1706
     /tmp/ccWZZQZf.s:104406  .debug_str:000000000003f1b9 .LASF1707
     /tmp/ccWZZQZf.s:97536  .debug_str:0000000000023990 .LASF1708
     /tmp/ccWZZQZf.s:101638  .debug_str:000000000003401b .LASF1709
     /tmp/ccWZZQZf.s:106866  .debug_str:000000000004951f .LASF1710
     /tmp/ccWZZQZf.s:91126  .debug_str:0000000000009322 .LASF1711
     /tmp/ccWZZQZf.s:101630  .debug_str:0000000000033f79 .LASF1712
     /tmp/ccWZZQZf.s:105492  .debug_str:0000000000043be0 .LASF1713
     /tmp/ccWZZQZf.s:91694  .debug_str:000000000000ba9e .LASF1714
     /tmp/ccWZZQZf.s:93288  .debug_str:0000000000011c99 .LASF1715
     /tmp/ccWZZQZf.s:93124  .debug_str:00000000000110d6 .LASF1716
     /tmp/ccWZZQZf.s:107554  .debug_str:000000000004c6c2 .LASF1717
     /tmp/ccWZZQZf.s:102552  .debug_str:0000000000037ac8 .LASF1718
     /tmp/ccWZZQZf.s:90996  .debug_str:0000000000008a0e .LASF1719
     /tmp/ccWZZQZf.s:106340  .debug_str:00000000000471b8 .LASF1720
     /tmp/ccWZZQZf.s:105520  .debug_str:0000000000043d83 .LASF1721
     /tmp/ccWZZQZf.s:96530  .debug_str:000000000001f516 .LASF1722
     /tmp/ccWZZQZf.s:103976  .debug_str:000000000003d60c .LASF1723
     /tmp/ccWZZQZf.s:103764  .debug_str:000000000003c7c0 .LASF1724
     /tmp/ccWZZQZf.s:99332  .debug_str:000000000002a997 .LASF1725
     /tmp/ccWZZQZf.s:93932  .debug_str:0000000000014511 .LASF1726
     /tmp/ccWZZQZf.s:91746  .debug_str:000000000000bdf4 .LASF1727
     /tmp/ccWZZQZf.s:95438  .debug_str:000000000001a92d .LASF1728
     /tmp/ccWZZQZf.s:106114  .debug_str:0000000000046295 .LASF1729
     /tmp/ccWZZQZf.s:104784  .debug_str:0000000000040c23 .LASF1730
     /tmp/ccWZZQZf.s:89618  .debug_str:0000000000002ce0 .LASF1731
     /tmp/ccWZZQZf.s:89474  .debug_str:000000000000225c .LASF1732
     /tmp/ccWZZQZf.s:89100  .debug_str:00000000000008b8 .LASF1733
     /tmp/ccWZZQZf.s:98852  .debug_str:0000000000028a6f .LASF1734
     /tmp/ccWZZQZf.s:101598  .debug_str:0000000000033d88 .LASF1735
     /tmp/ccWZZQZf.s:104596  .debug_str:000000000003fef2 .LASF1736
     /tmp/ccWZZQZf.s:94904  .debug_str:000000000001840f .LASF1737
     /tmp/ccWZZQZf.s:103470  .debug_str:000000000003b435 .LASF1738
     /tmp/ccWZZQZf.s:98884  .debug_str:0000000000028d0c .LASF1739
     /tmp/ccWZZQZf.s:105500  .debug_str:0000000000043c5f .LASF1740
     /tmp/ccWZZQZf.s:103664  .debug_str:000000000003c133 .LASF1741
     /tmp/ccWZZQZf.s:97360  .debug_str:0000000000022d86 .LASF1742
     /tmp/ccWZZQZf.s:100112  .debug_str:000000000002daab .LASF1743
     /tmp/ccWZZQZf.s:103930  .debug_str:000000000003d34f .LASF1744
     /tmp/ccWZZQZf.s:94894  .debug_str:000000000001834a .LASF1745
     /tmp/ccWZZQZf.s:101544  .debug_str:00000000000339e2 .LASF1746
     /tmp/ccWZZQZf.s:105162  .debug_str:000000000004265f .LASF1747
     /tmp/ccWZZQZf.s:103522  .debug_str:000000000003b80e .LASF1748
     /tmp/ccWZZQZf.s:95180  .debug_str:0000000000019682 .LASF1749
     /tmp/ccWZZQZf.s:101264  .debug_str:000000000003285d .LASF1750
     /tmp/ccWZZQZf.s:89310  .debug_str:000000000000166b .LASF1751
     /tmp/ccWZZQZf.s:90804  .debug_str:0000000000007d26 .LASF1752
     /tmp/ccWZZQZf.s:97928  .debug_str:0000000000024ecc .LASF1753
     /tmp/ccWZZQZf.s:98464  .debug_str:000000000002715f .LASF1754
     /tmp/ccWZZQZf.s:106748  .debug_str:0000000000048d7b .LASF1755
     /tmp/ccWZZQZf.s:96706  .debug_str:00000000000202dc .LASF1756
     /tmp/ccWZZQZf.s:93390  .debug_str:0000000000012314 .LASF1757
     /tmp/ccWZZQZf.s:103046  .debug_str:000000000003968f .LASF1758
     /tmp/ccWZZQZf.s:102222  .debug_str:000000000003675c .LASF1759
     /tmp/ccWZZQZf.s:106944  .debug_str:0000000000049b26 .LASF1760
     /tmp/ccWZZQZf.s:97168  .debug_str:0000000000022081 .LASF1761
     /tmp/ccWZZQZf.s:102772  .debug_str:00000000000386ae .LASF1762
     /tmp/ccWZZQZf.s:107548  .debug_str:000000000004c632 .LASF1763
     /tmp/ccWZZQZf.s:100524  .debug_str:000000000002f691 .LASF1764
     /tmp/ccWZZQZf.s:101554  .debug_str:0000000000033a8f .LASF1765
     /tmp/ccWZZQZf.s:98450  .debug_str:000000000002701a .LASF1766
     /tmp/ccWZZQZf.s:95572  .debug_str:000000000001b1aa .LASF1767
     /tmp/ccWZZQZf.s:107346  .debug_str:000000000004b715 .LASF1768
     /tmp/ccWZZQZf.s:104878  .debug_str:00000000000412e3 .LASF1769
     /tmp/ccWZZQZf.s:99704  .debug_str:000000000002c17b .LASF1770
     /tmp/ccWZZQZf.s:98044  .debug_str:00000000000254e1 .LASF1771
     /tmp/ccWZZQZf.s:95700  .debug_str:000000000001bb51 .LASF1772
     /tmp/ccWZZQZf.s:103444  .debug_str:000000000003b259 .LASF1773
     /tmp/ccWZZQZf.s:91854  .debug_str:000000000000c4ff .LASF1774
     /tmp/ccWZZQZf.s:91004  .debug_str:0000000000008aaf .LASF1775
     /tmp/ccWZZQZf.s:101754  .debug_str:000000000003485e .LASF1776
     /tmp/ccWZZQZf.s:92162  .debug_str:000000000000d8f5 .LASF1777
     /tmp/ccWZZQZf.s:104882  .debug_str:000000000004135f .LASF1778
     /tmp/ccWZZQZf.s:107926  .debug_str:000000000004dfb6 .LASF1779
     /tmp/ccWZZQZf.s:97532  .debug_str:000000000002393e .LASF1780
     /tmp/ccWZZQZf.s:104708  .debug_str:0000000000040735 .LASF1781
     /tmp/ccWZZQZf.s:95622  .debug_str:000000000001b594 .LASF1782
     /tmp/ccWZZQZf.s:92522  .debug_str:000000000000edab .LASF1783
     /tmp/ccWZZQZf.s:99064  .debug_str:00000000000298c5 .LASF1784
     /tmp/ccWZZQZf.s:89496  .debug_str:00000000000023aa .LASF1785
     /tmp/ccWZZQZf.s:90344  .debug_str:0000000000005ea0 .LASF1786
     /tmp/ccWZZQZf.s:90158  .debug_str:00000000000051a5 .LASF1787
     /tmp/ccWZZQZf.s:100936  .debug_str:0000000000031152 .LASF1788
     /tmp/ccWZZQZf.s:98136  .debug_str:0000000000025ada .LASF1789
     /tmp/ccWZZQZf.s:107632  .debug_str:000000000004cbcf .LASF1790
     /tmp/ccWZZQZf.s:100758  .debug_str:000000000003061b .LASF1791
     /tmp/ccWZZQZf.s:92922  .debug_str:00000000000104a2 .LASF1792
     /tmp/ccWZZQZf.s:89056  .debug_str:00000000000005bf .LASF1793
     /tmp/ccWZZQZf.s:93076  .debug_str:0000000000010e4a .LASF1794
     /tmp/ccWZZQZf.s:97548  .debug_str:0000000000023a77 .LASF1795
     /tmp/ccWZZQZf.s:107804  .debug_str:000000000004d7b0 .LASF1796
     /tmp/ccWZZQZf.s:99334  .debug_str:000000000002a9b8 .LASF1797
     /tmp/ccWZZQZf.s:88996  .debug_str:0000000000000134 .LASF1798
     /tmp/ccWZZQZf.s:104204  .debug_str:000000000003e4ca .LASF1799
     /tmp/ccWZZQZf.s:107298  .debug_str:000000000004b35c .LASF1800
     /tmp/ccWZZQZf.s:96222  .debug_str:000000000001dfac .LASF1801
     /tmp/ccWZZQZf.s:101426  .debug_str:000000000003324b .LASF1802
     /tmp/ccWZZQZf.s:106794  .debug_str:000000000004907a .LASF1803
     /tmp/ccWZZQZf.s:99600  .debug_str:000000000002bb07 .LASF1804
     /tmp/ccWZZQZf.s:90778  .debug_str:0000000000007bb2 .LASF1805
     /tmp/ccWZZQZf.s:95634  .debug_str:000000000001b6a3 .LASF1806
     /tmp/ccWZZQZf.s:103428  .debug_str:000000000003b0fd .LASF1807
     /tmp/ccWZZQZf.s:90696  .debug_str:00000000000076b8 .LASF1808
     /tmp/ccWZZQZf.s:101104  .debug_str:0000000000031dc2 .LASF1809
     /tmp/ccWZZQZf.s:104948  .debug_str:0000000000041704 .LASF1810
     /tmp/ccWZZQZf.s:91686  .debug_str:000000000000ba4d .LASF1811
     /tmp/ccWZZQZf.s:90270  .debug_str:0000000000005a1c .LASF1812
     /tmp/ccWZZQZf.s:104298  .debug_str:000000000003eb0f .LASF1813
     /tmp/ccWZZQZf.s:103472  .debug_str:000000000003b459 .LASF1814
     /tmp/ccWZZQZf.s:100396  .debug_str:000000000002edd6 .LASF1815
     /tmp/ccWZZQZf.s:90758  .debug_str:0000000000007ad2 .LASF1816
     /tmp/ccWZZQZf.s:101960  .debug_str:0000000000035677 .LASF1817
     /tmp/ccWZZQZf.s:105710  .debug_str:0000000000044928 .LASF1818
     /tmp/ccWZZQZf.s:89760  .debug_str:0000000000003646 .LASF1819
     /tmp/ccWZZQZf.s:103680  .debug_str:000000000003c254 .LASF1820
     /tmp/ccWZZQZf.s:102950  .debug_str:0000000000038fb9 .LASF1821
     /tmp/ccWZZQZf.s:101614  .debug_str:0000000000033e5e .LASF1822
     /tmp/ccWZZQZf.s:96838  .debug_str:0000000000020b6f .LASF1823
     /tmp/ccWZZQZf.s:102146  .debug_str:00000000000362d4 .LASF1824
     /tmp/ccWZZQZf.s:94322  .debug_str:0000000000015d06 .LASF1825
     /tmp/ccWZZQZf.s:94394  .debug_str:0000000000016241 .LASF1826
     /tmp/ccWZZQZf.s:105178  .debug_str:0000000000042758 .LASF1827
     /tmp/ccWZZQZf.s:90590  .debug_str:0000000000006fa9 .LASF1828
     /tmp/ccWZZQZf.s:93536  .debug_str:0000000000012c5e .LASF1829
     /tmp/ccWZZQZf.s:90002  .debug_str:000000000000470f .LASF1830
     /tmp/ccWZZQZf.s:99864  .debug_str:000000000002cb20 .LASF1831
     /tmp/ccWZZQZf.s:95298  .debug_str:0000000000019eca .LASF1832
     /tmp/ccWZZQZf.s:105552  .debug_str:0000000000043f7b .LASF1833
     /tmp/ccWZZQZf.s:101956  .debug_str:000000000003564f .LASF1834
     /tmp/ccWZZQZf.s:90932  .debug_str:00000000000085d7 .LASF1835
     /tmp/ccWZZQZf.s:103496  .debug_str:000000000003b5f1 .LASF1836
     /tmp/ccWZZQZf.s:93262  .debug_str:0000000000011a7f .LASF1837
     /tmp/ccWZZQZf.s:105046  .debug_str:0000000000041db9 .LASF1838
     /tmp/ccWZZQZf.s:99380  .debug_str:000000000002ad10 .LASF1839
     /tmp/ccWZZQZf.s:95892  .debug_str:000000000001c855 .LASF1840
     /tmp/ccWZZQZf.s:96200  .debug_str:000000000001de3f .LASF1841
     /tmp/ccWZZQZf.s:106234  .debug_str:0000000000046b02 .LASF1842
     /tmp/ccWZZQZf.s:96808  .debug_str:000000000002090e .LASF1843
     /tmp/ccWZZQZf.s:97564  .debug_str:0000000000023b8f .LASF1844
     /tmp/ccWZZQZf.s:105156  .debug_str:00000000000425f8 .LASF1845
     /tmp/ccWZZQZf.s:92608  .debug_str:000000000000f1c8 .LASF1846
     /tmp/ccWZZQZf.s:95334  .debug_str:000000000001a1ab .LASF1847
     /tmp/ccWZZQZf.s:96418  .debug_str:000000000001ed7e .LASF1848
     /tmp/ccWZZQZf.s:97448  .debug_str:00000000000233ba .LASF1849
     /tmp/ccWZZQZf.s:97456  .debug_str:000000000002343b .LASF1850
     /tmp/ccWZZQZf.s:98506  .debug_str:0000000000027416 .LASF1851
     /tmp/ccWZZQZf.s:100282  .debug_str:000000000002e69d .LASF1852
     /tmp/ccWZZQZf.s:91756  .debug_str:000000000000be90 .LASF1853
     /tmp/ccWZZQZf.s:98856  .debug_str:0000000000028ac5 .LASF1854
     /tmp/ccWZZQZf.s:93998  .debug_str:00000000000148ac .LASF1855
     /tmp/ccWZZQZf.s:99920  .debug_str:000000000002cf19 .LASF1856
     /tmp/ccWZZQZf.s:97598  .debug_str:0000000000023e46 .LASF1857
     /tmp/ccWZZQZf.s:107396  .debug_str:000000000004b9ca .LASF1858
     /tmp/ccWZZQZf.s:99778  .debug_str:000000000002c5df .LASF1859
     /tmp/ccWZZQZf.s:106454  .debug_str:0000000000047984 .LASF1860
     /tmp/ccWZZQZf.s:103970  .debug_str:000000000003d5d7 .LASF1861
     /tmp/ccWZZQZf.s:94436  .debug_str:0000000000016546 .LASF1862
     /tmp/ccWZZQZf.s:91360  .debug_str:000000000000a2bd .LASF1863
     /tmp/ccWZZQZf.s:96594  .debug_str:000000000001fa64 .LASF1864
     /tmp/ccWZZQZf.s:97508  .debug_str:000000000002376c .LASF1865
     /tmp/ccWZZQZf.s:105900  .debug_str:000000000004546c .LASF1866
     /tmp/ccWZZQZf.s:103812  .debug_str:000000000003cb02 .LASF1867
     /tmp/ccWZZQZf.s:101968  .debug_str:00000000000356e3 .LASF1868
     /tmp/ccWZZQZf.s:90760  .debug_str:0000000000007afe .LASF1869
     /tmp/ccWZZQZf.s:101146  .debug_str:0000000000032069 .LASF1870
     /tmp/ccWZZQZf.s:96940  .debug_str:00000000000212c5 .LASF1871
     /tmp/ccWZZQZf.s:104224  .debug_str:000000000003e629 .LASF1872
     /tmp/ccWZZQZf.s:95242  .debug_str:0000000000019aab .LASF1873
     /tmp/ccWZZQZf.s:98098  .debug_str:000000000002587b .LASF1874
     /tmp/ccWZZQZf.s:93782  .debug_str:0000000000013c29 .LASF1875
     /tmp/ccWZZQZf.s:91862  .debug_str:000000000000c5ba .LASF1876
     /tmp/ccWZZQZf.s:92992  .debug_str:00000000000108f8 .LASF1877
     /tmp/ccWZZQZf.s:106826  .debug_str:0000000000049276 .LASF1878
     /tmp/ccWZZQZf.s:91660  .debug_str:000000000000b879 .LASF1879
     /tmp/ccWZZQZf.s:98818  .debug_str:0000000000028921 .LASF1880
     /tmp/ccWZZQZf.s:90246  .debug_str:00000000000058a8 .LASF1881
     /tmp/ccWZZQZf.s:103744  .debug_str:000000000003c657 .LASF1882
     /tmp/ccWZZQZf.s:92038  .debug_str:000000000000d193 .LASF1883
     /tmp/ccWZZQZf.s:95256  .debug_str:0000000000019bb2 .LASF1884
     /tmp/ccWZZQZf.s:107492  .debug_str:000000000004c133 .LASF1885
     /tmp/ccWZZQZf.s:93484  .debug_str:00000000000128d0 .LASF1886
     /tmp/ccWZZQZf.s:103630  .debug_str:000000000003beec .LASF1887
     /tmp/ccWZZQZf.s:107608  .debug_str:000000000004ca53 .LASF1888
     /tmp/ccWZZQZf.s:99856  .debug_str:000000000002cab6 .LASF1889
     /tmp/ccWZZQZf.s:94632  .debug_str:000000000001729a .LASF1890
     /tmp/ccWZZQZf.s:95848  .debug_str:000000000001c5a1 .LASF1891
     /tmp/ccWZZQZf.s:100764  .debug_str:0000000000030673 .LASF1892
     /tmp/ccWZZQZf.s:105576  .debug_str:00000000000440fb .LASF1893
     /tmp/ccWZZQZf.s:108072  .debug_str:000000000004e9c3 .LASF1894
     /tmp/ccWZZQZf.s:99472  .debug_str:000000000002b280 .LASF1895
     /tmp/ccWZZQZf.s:106104  .debug_str:0000000000046209 .LASF1896
     /tmp/ccWZZQZf.s:100528  .debug_str:000000000002f6d1 .LASF1897
     /tmp/ccWZZQZf.s:105356  .debug_str:00000000000432c7 .LASF1898
     /tmp/ccWZZQZf.s:106282  .debug_str:0000000000046e04 .LASF1899
     /tmp/ccWZZQZf.s:106386  .debug_str:000000000004749c .LASF1900
     /tmp/ccWZZQZf.s:100186  .debug_str:000000000002dfe5 .LASF1901
     /tmp/ccWZZQZf.s:102666  .debug_str:00000000000380e5 .LASF1902
     /tmp/ccWZZQZf.s:92412  .debug_str:000000000000e7ff .LASF1903
     /tmp/ccWZZQZf.s:92056  .debug_str:000000000000d2af .LASF1904
     /tmp/ccWZZQZf.s:102114  .debug_str:0000000000036073 .LASF1905
     /tmp/ccWZZQZf.s:97286  .debug_str:0000000000022878 .LASF1906
     /tmp/ccWZZQZf.s:90616  .debug_str:000000000000718c .LASF1907
     /tmp/ccWZZQZf.s:102636  .debug_str:0000000000037ee2 .LASF1908
     /tmp/ccWZZQZf.s:102170  .debug_str:0000000000036432 .LASF1909
     /tmp/ccWZZQZf.s:107856  .debug_str:000000000004daf2 .LASF1910
     /tmp/ccWZZQZf.s:92536  .debug_str:000000000000edff .LASF1911
     /tmp/ccWZZQZf.s:93984  .debug_str:00000000000147cc .LASF1912
     /tmp/ccWZZQZf.s:91328  .debug_str:000000000000a004 .LASF1913
     /tmp/ccWZZQZf.s:89544  .debug_str:0000000000002768 .LASF1914
     /tmp/ccWZZQZf.s:103594  .debug_str:000000000003bc86 .LASF1915
     /tmp/ccWZZQZf.s:100228  .debug_str:000000000002e229 .LASF1916
     /tmp/ccWZZQZf.s:94616  .debug_str:0000000000017187 .LASF1917
     /tmp/ccWZZQZf.s:90242  .debug_str:0000000000005869 .LASF1918
     /tmp/ccWZZQZf.s:105042  .debug_str:0000000000041d70 .LASF1919
     /tmp/ccWZZQZf.s:90440  .debug_str:00000000000064d6 .LASF1920
     /tmp/ccWZZQZf.s:89260  .debug_str:000000000000130e .LASF1921
     /tmp/ccWZZQZf.s:107570  .debug_str:000000000004c7e7 .LASF1922
     /tmp/ccWZZQZf.s:99532  .debug_str:000000000002b64c .LASF1923
     /tmp/ccWZZQZf.s:100882  .debug_str:0000000000030e21 .LASF1924
     /tmp/ccWZZQZf.s:97550  .debug_str:0000000000023aa1 .LASF1925
     /tmp/ccWZZQZf.s:99844  .debug_str:000000000002c9d5 .LASF1926
     /tmp/ccWZZQZf.s:105522  .debug_str:0000000000043da5 .LASF1927
     /tmp/ccWZZQZf.s:94234  .debug_str:0000000000015831 .LASF1928
     /tmp/ccWZZQZf.s:107726  .debug_str:000000000004d26d .LASF1929
     /tmp/ccWZZQZf.s:93342  .debug_str:0000000000011ff5 .LASF1930
     /tmp/ccWZZQZf.s:94168  .debug_str:00000000000153b2 .LASF1931
     /tmp/ccWZZQZf.s:105896  .debug_str:0000000000045441 .LASF1932
     /tmp/ccWZZQZf.s:98138  .debug_str:0000000000025b06 .LASF1933
     /tmp/ccWZZQZf.s:97222  .debug_str:000000000002244d .LASF1934
     /tmp/ccWZZQZf.s:89758  .debug_str:000000000000361b .LASF1935
     /tmp/ccWZZQZf.s:107680  .debug_str:000000000004cf57 .LASF1936
     /tmp/ccWZZQZf.s:100046  .debug_str:000000000002d72b .LASF1937
     /tmp/ccWZZQZf.s:99224  .debug_str:000000000002a2fa .LASF1938
     /tmp/ccWZZQZf.s:90988  .debug_str:000000000000897c .LASF1939
     /tmp/ccWZZQZf.s:107994  .debug_str:000000000004e473 .LASF1940
     /tmp/ccWZZQZf.s:93178  .debug_str:00000000000114b5 .LASF1941
     /tmp/ccWZZQZf.s:107098  .debug_str:000000000004a5a6 .LASF1942
     /tmp/ccWZZQZf.s:101606  .debug_str:0000000000033de8 .LASF1943
     /tmp/ccWZZQZf.s:107710  .debug_str:000000000004d166 .LASF1944
     /tmp/ccWZZQZf.s:98370  .debug_str:0000000000026a49 .LASF1945
     /tmp/ccWZZQZf.s:98804  .debug_str:000000000002884d .LASF1946
     /tmp/ccWZZQZf.s:95636  .debug_str:000000000001b6c9 .LASF1947
     /tmp/ccWZZQZf.s:92546  .debug_str:000000000000ee52 .LASF1948
     /tmp/ccWZZQZf.s:88978  .debug_str:0000000000000000 .LASF1949
     /tmp/ccWZZQZf.s:93580  .debug_str:0000000000012fd7 .LASF1950
     /tmp/ccWZZQZf.s:99486  .debug_str:000000000002b395 .LASF1951
     /tmp/ccWZZQZf.s:103822  .debug_str:000000000003cb8b .LASF1952
     /tmp/ccWZZQZf.s:106258  .debug_str:0000000000046cb3 .LASF1953
     /tmp/ccWZZQZf.s:93974  .debug_str:0000000000014705 .LASF1954
     /tmp/ccWZZQZf.s:94780  .debug_str:0000000000017c7b .LASF1955
     /tmp/ccWZZQZf.s:103462  .debug_str:000000000003b39c .LASF1956
     /tmp/ccWZZQZf.s:92664  .debug_str:000000000000f5c6 .LASF1957
     /tmp/ccWZZQZf.s:93040  .debug_str:0000000000010ba7 .LASF1958
     /tmp/ccWZZQZf.s:98780  .debug_str:00000000000286ef .LASF1959
     /tmp/ccWZZQZf.s:100734  .debug_str:0000000000030492 .LASF1960
     /tmp/ccWZZQZf.s:96976  .debug_str:000000000002158d .LASF1961
     /tmp/ccWZZQZf.s:93534  .debug_str:0000000000012c34 .LASF1962
     /tmp/ccWZZQZf.s:107420  .debug_str:000000000004bb1d .LASF1963
     /tmp/ccWZZQZf.s:90208  .debug_str:00000000000055ae .LASF1964
     /tmp/ccWZZQZf.s:92476  .debug_str:000000000000ea5d .LASF1965
     /tmp/ccWZZQZf.s:100516  .debug_str:000000000002f5d6 .LASF1966
     /tmp/ccWZZQZf.s:90206  .debug_str:000000000000558c .LASF1967
     /tmp/ccWZZQZf.s:91468  .debug_str:000000000000a9fa .LASF1968
     /tmp/ccWZZQZf.s:100552  .debug_str:000000000002f8a1 .LASF1969
     /tmp/ccWZZQZf.s:92940  .debug_str:0000000000010516 .LASF1970
     /tmp/ccWZZQZf.s:106290  .debug_str:0000000000046e99 .LASF1971
     /tmp/ccWZZQZf.s:104496  .debug_str:000000000003f7b7 .LASF1972
     /tmp/ccWZZQZf.s:107660  .debug_str:000000000004cdc5 .LASF1973
     /tmp/ccWZZQZf.s:89630  .debug_str:0000000000002db5 .LASF1974
     /tmp/ccWZZQZf.s:98764  .debug_str:0000000000028599 .LASF1975
     /tmp/ccWZZQZf.s:89358  .debug_str:00000000000019e9 .LASF1976
     /tmp/ccWZZQZf.s:99850  .debug_str:000000000002ca42 .LASF1977
     /tmp/ccWZZQZf.s:95492  .debug_str:000000000001ac98 .LASF1978
     /tmp/ccWZZQZf.s:93368  .debug_str:00000000000121be .LASF1979
     /tmp/ccWZZQZf.s:96950  .debug_str:0000000000021375 .LASF1980
     /tmp/ccWZZQZf.s:103648  .debug_str:000000000003c044 .LASF1981
     /tmp/ccWZZQZf.s:97630  .debug_str:0000000000024032 .LASF1982
     /tmp/ccWZZQZf.s:94892  .debug_str:0000000000018323 .LASF1983
     /tmp/ccWZZQZf.s:89458  .debug_str:0000000000002133 .LASF1984
     /tmp/ccWZZQZf.s:106512  .debug_str:0000000000047d83 .LASF1985
     /tmp/ccWZZQZf.s:90174  .debug_str:00000000000052e1 .LASF1986
     /tmp/ccWZZQZf.s:92636  .debug_str:000000000000f388 .LASF1987
     /tmp/ccWZZQZf.s:92350  .debug_str:000000000000e482 .LASF1988
     /tmp/ccWZZQZf.s:97602  .debug_str:0000000000023e82 .LASF1989
     /tmp/ccWZZQZf.s:103236  .debug_str:000000000003a3a2 .LASF1990
     /tmp/ccWZZQZf.s:90034  .debug_str:0000000000004972 .LASF1991
     /tmp/ccWZZQZf.s:94644  .debug_str:000000000001737f .LASF1992
     /tmp/ccWZZQZf.s:100888  .debug_str:0000000000030e7d .LASF1993
     /tmp/ccWZZQZf.s:105120  .debug_str:0000000000042346 .LASF1994
     /tmp/ccWZZQZf.s:91850  .debug_str:000000000000c4a0 .LASF1995
     /tmp/ccWZZQZf.s:96436  .debug_str:000000000001eec5 .LASF1996
     /tmp/ccWZZQZf.s:102184  .debug_str:00000000000364f2 .LASF1997
     /tmp/ccWZZQZf.s:99218  .debug_str:000000000002a27f .LASF1998
     /tmp/ccWZZQZf.s:90320  .debug_str:0000000000005cee .LASF1999
     /tmp/ccWZZQZf.s:107530  .debug_str:000000000004c4cf .LASF2000
     /tmp/ccWZZQZf.s:102948  .debug_str:0000000000038f97 .LASF2001
     /tmp/ccWZZQZf.s:99060  .debug_str:0000000000029877 .LASF2002
     /tmp/ccWZZQZf.s:91562  .debug_str:000000000000b0f6 .LASF2003
     /tmp/ccWZZQZf.s:102978  .debug_str:00000000000391f8 .LASF2004
     /tmp/ccWZZQZf.s:99996  .debug_str:000000000002d45c .LASF2005
     /tmp/ccWZZQZf.s:101440  .debug_str:000000000003335c .LASF2006
     /tmp/ccWZZQZf.s:98658  .debug_str:0000000000027e25 .LASF2007
     /tmp/ccWZZQZf.s:106378  .debug_str:0000000000047431 .LASF2008
     /tmp/ccWZZQZf.s:104632  .debug_str:00000000000401fd .LASF2009
     /tmp/ccWZZQZf.s:101308  .debug_str:0000000000032a99 .LASF2010
     /tmp/ccWZZQZf.s:94886  .debug_str:00000000000182e4 .LASF2011
     /tmp/ccWZZQZf.s:89944  .debug_str:00000000000043c1 .LASF2012
     /tmp/ccWZZQZf.s:93854  .debug_str:0000000000014073 .LASF2013
     /tmp/ccWZZQZf.s:106058  .debug_str:0000000000045f05 .LASF2014
     /tmp/ccWZZQZf.s:92312  .debug_str:000000000000e2ca .LASF2015
     /tmp/ccWZZQZf.s:105598  .debug_str:0000000000044236 .LASF2016
     /tmp/ccWZZQZf.s:93560  .debug_str:0000000000012eb7 .LASF2017
     /tmp/ccWZZQZf.s:100646  .debug_str:000000000002ff33 .LASF2018
     /tmp/ccWZZQZf.s:100218  .debug_str:000000000002e154 .LASF2019
     /tmp/ccWZZQZf.s:94452  .debug_str:0000000000016635 .LASF2020
     /tmp/ccWZZQZf.s:100426  .debug_str:000000000002f010 .LASF2021
     /tmp/ccWZZQZf.s:107454  .debug_str:000000000004be06 .LASF2022
     /tmp/ccWZZQZf.s:97544  .debug_str:0000000000023a26 .LASF2023
     /tmp/ccWZZQZf.s:101376  .debug_str:0000000000032f1c .LASF2024
     /tmp/ccWZZQZf.s:96858  .debug_str:0000000000020cc0 .LASF2025
     /tmp/ccWZZQZf.s:95176  .debug_str:000000000001961a .LASF2026
     /tmp/ccWZZQZf.s:95352  .debug_str:000000000001a35e .LASF2027
     /tmp/ccWZZQZf.s:99172  .debug_str:0000000000029f2a .LASF2028
     /tmp/ccWZZQZf.s:101332  .debug_str:0000000000032c3a .LASF2029
     /tmp/ccWZZQZf.s:91536  .debug_str:000000000000aed3 .LASF2030
     /tmp/ccWZZQZf.s:103884  .debug_str:000000000003d01f .LASF2031
     /tmp/ccWZZQZf.s:106300  .debug_str:0000000000046f2c .LASF2032
     /tmp/ccWZZQZf.s:92186  .debug_str:000000000000da4e .LASF2033
     /tmp/ccWZZQZf.s:100910  .debug_str:0000000000030faa .LASF2034
     /tmp/ccWZZQZf.s:102834  .debug_str:00000000000389c5 .LASF2035
     /tmp/ccWZZQZf.s:92082  .debug_str:000000000000d493 .LASF2036
     /tmp/ccWZZQZf.s:94080  .debug_str:0000000000014e17 .LASF2037
     /tmp/ccWZZQZf.s:102718  .debug_str:0000000000038321 .LASF2038
     /tmp/ccWZZQZf.s:106572  .debug_str:0000000000048282 .LASF2039
     /tmp/ccWZZQZf.s:94506  .debug_str:000000000001694c .LASF2040
     /tmp/ccWZZQZf.s:91102  .debug_str:00000000000091be .LASF2041
     /tmp/ccWZZQZf.s:98596  .debug_str:00000000000279c0 .LASF2042
     /tmp/ccWZZQZf.s:101016  .debug_str:00000000000317a6 .LASF2043
     /tmp/ccWZZQZf.s:89024  .debug_str:000000000000033d .LASF2044
     /tmp/ccWZZQZf.s:100794  .debug_str:000000000003081f .LASF2045
     /tmp/ccWZZQZf.s:98786  .debug_str:000000000002873f .LASF2046
     /tmp/ccWZZQZf.s:97088  .debug_str:0000000000021c21 .LASF2047
     /tmp/ccWZZQZf.s:89742  .debug_str:0000000000003516 .LASF2048
     /tmp/ccWZZQZf.s:103180  .debug_str:0000000000039faf .LASF2049
     /tmp/ccWZZQZf.s:90578  .debug_str:0000000000006ed6 .LASF2050
     /tmp/ccWZZQZf.s:105984  .debug_str:0000000000045aaf .LASF2051
     /tmp/ccWZZQZf.s:101120  .debug_str:0000000000031ead .LASF2052
     /tmp/ccWZZQZf.s:97298  .debug_str:000000000002292f .LASF2053
     /tmp/ccWZZQZf.s:99004  .debug_str:00000000000294ba .LASF2054
     /tmp/ccWZZQZf.s:92130  .debug_str:000000000000d798 .LASF2055
     /tmp/ccWZZQZf.s:90256  .debug_str:0000000000005965 .LASF2056
     /tmp/ccWZZQZf.s:103318  .debug_str:000000000003a8fa .LASF2057
     /tmp/ccWZZQZf.s:100624  .debug_str:000000000002fdd4 .LASF2058
     /tmp/ccWZZQZf.s:95482  .debug_str:000000000001abf4 .LASF2059
     /tmp/ccWZZQZf.s:91058  .debug_str:0000000000008ea6 .LASF2060
     /tmp/ccWZZQZf.s:105062  .debug_str:0000000000041f35 .LASF2061
     /tmp/ccWZZQZf.s:99378  .debug_str:000000000002acf9 .LASF2062
     /tmp/ccWZZQZf.s:92758  .debug_str:000000000000fb9a .LASF2063
     /tmp/ccWZZQZf.s:92738  .debug_str:000000000000fa5f .LASF2064
     /tmp/ccWZZQZf.s:103356  .debug_str:000000000003aba3 .LASF2065
     /tmp/ccWZZQZf.s:103332  .debug_str:000000000003a9cf .LASF2066
     /tmp/ccWZZQZf.s:94788  .debug_str:0000000000017d1a .LASF2067
     /tmp/ccWZZQZf.s:94576  .debug_str:0000000000016e7c .LASF2068
     /tmp/ccWZZQZf.s:105268  .debug_str:0000000000042cc3 .LASF2069
     /tmp/ccWZZQZf.s:105604  .debug_str:00000000000442a7 .LASF2070
     /tmp/ccWZZQZf.s:95982  .debug_str:000000000001ce4c .LASF2071
     /tmp/ccWZZQZf.s:98880  .debug_str:0000000000028cda .LASF2072
     /tmp/ccWZZQZf.s:91206  .debug_str:000000000000990c .LASF2073
     /tmp/ccWZZQZf.s:89290  .debug_str:00000000000014e2 .LASF2074
     /tmp/ccWZZQZf.s:101858  .debug_str:0000000000034fab .LASF2075
     /tmp/ccWZZQZf.s:92118  .debug_str:000000000000d6ce .LASF2076
     /tmp/ccWZZQZf.s:97156  .debug_str:0000000000021fbb .LASF2077
     /tmp/ccWZZQZf.s:102386  .debug_str:000000000003714f .LASF2078
     /tmp/ccWZZQZf.s:95424  .debug_str:000000000001a837 .LASF2079
     /tmp/ccWZZQZf.s:95582  .debug_str:000000000001b28a .LASF2080
     /tmp/ccWZZQZf.s:99564  .debug_str:000000000002b851 .LASF2081
     /tmp/ccWZZQZf.s:106062  .debug_str:0000000000045f36 .LASF2082
     /tmp/ccWZZQZf.s:91202  .debug_str:00000000000098ce .LASF2083
     /tmp/ccWZZQZf.s:97382  .debug_str:0000000000022f6a .LASF2084
     /tmp/ccWZZQZf.s:101782  .debug_str:00000000000349f3 .LASF2085
     /tmp/ccWZZQZf.s:107874  .debug_str:000000000004dc11 .LASF2086
     /tmp/ccWZZQZf.s:107940  .debug_str:000000000004e0df .LASF2087
     /tmp/ccWZZQZf.s:101998  .debug_str:0000000000035926 .LASF2088
     /tmp/ccWZZQZf.s:92436  .debug_str:000000000000e8ab .LASF2089
     /tmp/ccWZZQZf.s:97278  .debug_str:0000000000022812 .LASF2090
     /tmp/ccWZZQZf.s:104688  .debug_str:000000000004062e .LASF2091
     /tmp/ccWZZQZf.s:103272  .debug_str:000000000003a675 .LASF2092
     /tmp/ccWZZQZf.s:95134  .debug_str:0000000000019304 .LASF2093
     /tmp/ccWZZQZf.s:106808  .debug_str:000000000004919f .LASF2094
     /tmp/ccWZZQZf.s:105260  .debug_str:0000000000042c50 .LASF2095
     /tmp/ccWZZQZf.s:100480  .debug_str:000000000002f3b2 .LASF2096
     /tmp/ccWZZQZf.s:98190  .debug_str:0000000000025eff .LASF2097
     /tmp/ccWZZQZf.s:106942  .debug_str:0000000000049b03 .LASF2098
     /tmp/ccWZZQZf.s:89510  .debug_str:00000000000024b4 .LASF2099
     /tmp/ccWZZQZf.s:98304  .debug_str:00000000000266aa .LASF2100
     /tmp/ccWZZQZf.s:95276  .debug_str:0000000000019d62 .LASF2101
     /tmp/ccWZZQZf.s:89610  .debug_str:0000000000002c43 .LASF2102
     /tmp/ccWZZQZf.s:91396  .debug_str:000000000000a51a .LASF2103
     /tmp/ccWZZQZf.s:100746  .debug_str:0000000000030543 .LASF2104
     /tmp/ccWZZQZf.s:107946  .debug_str:000000000004e15b .LASF2105
     /tmp/ccWZZQZf.s:106648  .debug_str:0000000000048736 .LASF2106
     /tmp/ccWZZQZf.s:98694  .debug_str:0000000000028091 .LASF2107
     /tmp/ccWZZQZf.s:101018  .debug_str:00000000000317c1 .LASF2108
     /tmp/ccWZZQZf.s:98394  .debug_str:0000000000026bdc .LASF2109
     /tmp/ccWZZQZf.s:92362  .debug_str:000000000000e555 .LASF2110
     /tmp/ccWZZQZf.s:93664  .debug_str:00000000000134e7 .LASF2111
     /tmp/ccWZZQZf.s:101580  .debug_str:0000000000033cc3 .LASF2112
     /tmp/ccWZZQZf.s:106830  .debug_str:00000000000492b6 .LASF2113
     /tmp/ccWZZQZf.s:93514  .debug_str:0000000000012abb .LASF2114
     /tmp/ccWZZQZf.s:95974  .debug_str:000000000001cde6 .LASF2115
     /tmp/ccWZZQZf.s:104742  .debug_str:0000000000040952 .LASF2116
     /tmp/ccWZZQZf.s:99034  .debug_str:000000000002969d .LASF2117
     /tmp/ccWZZQZf.s:99454  .debug_str:000000000002b142 .LASF2118
     /tmp/ccWZZQZf.s:89354  .debug_str:00000000000019ac .LASF2119
     /tmp/ccWZZQZf.s:96702  .debug_str:0000000000020285 .LASF2120
     /tmp/ccWZZQZf.s:92760  .debug_str:000000000000fbb5 .LASF2121
     /tmp/ccWZZQZf.s:94268  .debug_str:00000000000159bf .LASF2122
     /tmp/ccWZZQZf.s:102344  .debug_str:0000000000036f67 .LASF2123
     /tmp/ccWZZQZf.s:94484  .debug_str:0000000000016817 .LASF2124
     /tmp/ccWZZQZf.s:101432  .debug_str:00000000000332e9 .LASF2125
     /tmp/ccWZZQZf.s:101096  .debug_str:0000000000031d3a .LASF2126
     /tmp/ccWZZQZf.s:101618  .debug_str:0000000000033eb0 .LASF2127
     /tmp/ccWZZQZf.s:107246  .debug_str:000000000004afa8 .LASF2128
     /tmp/ccWZZQZf.s:92586  .debug_str:000000000000f0d7 .LASF2129
     /tmp/ccWZZQZf.s:98612  .debug_str:0000000000027acf .LASF2130
     /tmp/ccWZZQZf.s:102976  .debug_str:00000000000391d1 .LASF2131
     /tmp/ccWZZQZf.s:90412  .debug_str:00000000000062cc .LASF2132
     /tmp/ccWZZQZf.s:106520  .debug_str:0000000000047e41 .LASF2133
     /tmp/ccWZZQZf.s:94752  .debug_str:0000000000017a67 .LASF2134
     /tmp/ccWZZQZf.s:104082  .debug_str:000000000003dc9e .LASF2135
     /tmp/ccWZZQZf.s:92348  .debug_str:000000000000e451 .LASF2136
     /tmp/ccWZZQZf.s:103980  .debug_str:000000000003d659 .LASF2137
     /tmp/ccWZZQZf.s:91904  .debug_str:000000000000c88c .LASF2138
     /tmp/ccWZZQZf.s:106752  .debug_str:0000000000048dbf .LASF2139
     /tmp/ccWZZQZf.s:96804  .debug_str:00000000000208bd .LASF2140
     /tmp/ccWZZQZf.s:104264  .debug_str:000000000003e8ea .LASF2141
     /tmp/ccWZZQZf.s:107388  .debug_str:000000000004b973 .LASF2142
     /tmp/ccWZZQZf.s:95342  .debug_str:000000000001a256 .LASF2143
     /tmp/ccWZZQZf.s:98744  .debug_str:00000000000283df .LASF2144
     /tmp/ccWZZQZf.s:102128  .debug_str:0000000000036146 .LASF2145
     /tmp/ccWZZQZf.s:107598  .debug_str:000000000004c9b5 .LASF2146
     /tmp/ccWZZQZf.s:96898  .debug_str:0000000000020fe7 .LASF2147
     /tmp/ccWZZQZf.s:102570  .debug_str:0000000000037c0b .LASF2148
     /tmp/ccWZZQZf.s:107062  .debug_str:000000000004a34d .LASF2149
     /tmp/ccWZZQZf.s:94000  .debug_str:00000000000148d3 .LASF2150
     /tmp/ccWZZQZf.s:98182  .debug_str:0000000000025e29 .LASF2151
     /tmp/ccWZZQZf.s:104466  .debug_str:000000000003f570 .LASF2152
     /tmp/ccWZZQZf.s:89266  .debug_str:0000000000001382 .LASF2153
     /tmp/ccWZZQZf.s:103488  .debug_str:000000000003b572 .LASF2154
     /tmp/ccWZZQZf.s:97702  .debug_str:0000000000024423 .LASF2155
     /tmp/ccWZZQZf.s:90562  .debug_str:0000000000006de2 .LASF2156
     /tmp/ccWZZQZf.s:105712  .debug_str:0000000000044954 .LASF2157
     /tmp/ccWZZQZf.s:91940  .debug_str:000000000000caba .LASF2158
     /tmp/ccWZZQZf.s:98576  .debug_str:0000000000027867 .LASF2159
     /tmp/ccWZZQZf.s:100264  .debug_str:000000000002e51c .LASF2160
     /tmp/ccWZZQZf.s:107218  .debug_str:000000000004adc7 .LASF2161
     /tmp/ccWZZQZf.s:106516  .debug_str:0000000000047dd1 .LASF2162
     /tmp/ccWZZQZf.s:107504  .debug_str:000000000004c233 .LASF2163
     /tmp/ccWZZQZf.s:97670  .debug_str:00000000000241d8 .LASF2164
     /tmp/ccWZZQZf.s:99890  .debug_str:000000000002cd25 .LASF2165
     /tmp/ccWZZQZf.s:95618  .debug_str:000000000001b541 .LASF2166
     /tmp/ccWZZQZf.s:104376  .debug_str:000000000003efc5 .LASF2167
     /tmp/ccWZZQZf.s:104246  .debug_str:000000000003e773 .LASF2168
     /tmp/ccWZZQZf.s:94898  .debug_str:0000000000018390 .LASF2169
     /tmp/ccWZZQZf.s:103234  .debug_str:000000000003a366 .LASF2170
     /tmp/ccWZZQZf.s:89304  .debug_str:00000000000015cc .LASF2171
     /tmp/ccWZZQZf.s:98276  .debug_str:00000000000264ca .LASF2172
     /tmp/ccWZZQZf.s:98652  .debug_str:0000000000027d9c .LASF2173
     /tmp/ccWZZQZf.s:93554  .debug_str:0000000000012e10 .LASF2174
     /tmp/ccWZZQZf.s:107978  .debug_str:000000000004e368 .LASF2175
     /tmp/ccWZZQZf.s:95322  .debug_str:000000000001a098 .LASF2176
     /tmp/ccWZZQZf.s:107196  .debug_str:000000000004ac2d .LASF2177
     /tmp/ccWZZQZf.s:90432  .debug_str:0000000000006434 .LASF2178
     /tmp/ccWZZQZf.s:97418  .debug_str:00000000000231c8 .LASF2179
     /tmp/ccWZZQZf.s:104862  .debug_str:000000000004117d .LASF2180
     /tmp/ccWZZQZf.s:106726  .debug_str:0000000000048c14 .LASF2181
     /tmp/ccWZZQZf.s:94440  .debug_str:0000000000016579 .LASF2182
     /tmp/ccWZZQZf.s:92954  .debug_str:0000000000010609 .LASF2183
     /tmp/ccWZZQZf.s:97068  .debug_str:0000000000021a74 .LASF2184
     /tmp/ccWZZQZf.s:95234  .debug_str:00000000000199ff .LASF2185
     /tmp/ccWZZQZf.s:98246  .debug_str:00000000000262a9 .LASF2186
     /tmp/ccWZZQZf.s:91330  .debug_str:000000000000a023 .LASF2187
     /tmp/ccWZZQZf.s:104460  .debug_str:000000000003f4f0 .LASF2188
     /tmp/ccWZZQZf.s:93530  .debug_str:0000000000012bc8 .LASF2189
     /tmp/ccWZZQZf.s:90546  .debug_str:0000000000006cc5 .LASF2190
     /tmp/ccWZZQZf.s:107936  .debug_str:000000000004e05d .LASF2191
     /tmp/ccWZZQZf.s:105252  .debug_str:0000000000042bb6 .LASF2192
     /tmp/ccWZZQZf.s:107638  .debug_str:000000000004cc30 .LASF2193
     /tmp/ccWZZQZf.s:102432  .debug_str:00000000000374e3 .LASF2194
     /tmp/ccWZZQZf.s:90024  .debug_str:00000000000048dc .LASF2195
     /tmp/ccWZZQZf.s:101132  .debug_str:0000000000031f83 .LASF2196
     /tmp/ccWZZQZf.s:102374  .debug_str:000000000003706e .LASF2197
     /tmp/ccWZZQZf.s:93284  .debug_str:0000000000011c20 .LASF2198
     /tmp/ccWZZQZf.s:91514  .debug_str:000000000000ad65 .LASF2199
     /tmp/ccWZZQZf.s:105936  .debug_str:000000000004573c .LASF2200
     /tmp/ccWZZQZf.s:93094  .debug_str:0000000000010f9e .LASF2201
     /tmp/ccWZZQZf.s:90752  .debug_str:0000000000007a3d .LASF2202
     /tmp/ccWZZQZf.s:103796  .debug_str:000000000003c9a4 .LASF2203
     /tmp/ccWZZQZf.s:101060  .debug_str:0000000000031a77 .LASF2204
     /tmp/ccWZZQZf.s:95082  .debug_str:0000000000018f8c .LASF2205
     /tmp/ccWZZQZf.s:92016  .debug_str:000000000000cffd .LASF2206
     /tmp/ccWZZQZf.s:97312  .debug_str:0000000000022a15 .LASF2207
     /tmp/ccWZZQZf.s:107268  .debug_str:000000000004b136 .LASF2208
     /tmp/ccWZZQZf.s:92644  .debug_str:000000000000f436 .LASF2209
     /tmp/ccWZZQZf.s:98396  .debug_str:0000000000026bf8 .LASF2210
     /tmp/ccWZZQZf.s:90188  .debug_str:00000000000053e2 .LASF2211
     /tmp/ccWZZQZf.s:89450  .debug_str:0000000000002078 .LASF2212
     /tmp/ccWZZQZf.s:90552  .debug_str:0000000000006d35 .LASF2213
     /tmp/ccWZZQZf.s:99732  .debug_str:000000000002c331 .LASF2214
     /tmp/ccWZZQZf.s:89540  .debug_str:0000000000002715 .LASF2215
     /tmp/ccWZZQZf.s:107738  .debug_str:000000000004d362 .LASF2216
     /tmp/ccWZZQZf.s:90226  .debug_str:000000000000570a .LASF2217
     /tmp/ccWZZQZf.s:89972  .debug_str:0000000000004525 .LASF2218
     /tmp/ccWZZQZf.s:97210  .debug_str:0000000000022391 .LASF2219
     /tmp/ccWZZQZf.s:89432  .debug_str:0000000000001f06 .LASF2220
     /tmp/ccWZZQZf.s:106176  .debug_str:000000000004673a .LASF2221
     /tmp/ccWZZQZf.s:96474  .debug_str:000000000001f190 .LASF2222
     /tmp/ccWZZQZf.s:93336  .debug_str:0000000000011f96 .LASF2223
     /tmp/ccWZZQZf.s:96586  .debug_str:000000000001f997 .LASF2224
     /tmp/ccWZZQZf.s:103794  .debug_str:000000000003c96b .LASF2225
     /tmp/ccWZZQZf.s:103512  .debug_str:000000000003b745 .LASF2226
     /tmp/ccWZZQZf.s:105256  .debug_str:0000000000042bf9 .LASF2227
     /tmp/ccWZZQZf.s:105270  .debug_str:0000000000042cde .LASF2228
     /tmp/ccWZZQZf.s:98454  .debug_str:000000000002705f .LASF2229
     /tmp/ccWZZQZf.s:99554  .debug_str:000000000002b782 .LASF2230
     /tmp/ccWZZQZf.s:89180  .debug_str:0000000000000d9a .LASF2231
     /tmp/ccWZZQZf.s:99372  .debug_str:000000000002ac62 .LASF2232
     /tmp/ccWZZQZf.s:103498  .debug_str:000000000003b61b .LASF2233
     /tmp/ccWZZQZf.s:89514  .debug_str:00000000000024dc .LASF2234
     /tmp/ccWZZQZf.s:98756  .debug_str:00000000000284fe .LASF2235
     /tmp/ccWZZQZf.s:99066  .debug_str:00000000000298f7 .LASF2236
     /tmp/ccWZZQZf.s:101460  .debug_str:00000000000334a7 .LASF2237
     /tmp/ccWZZQZf.s:104658  .debug_str:000000000004041f .LASF2238
     /tmp/ccWZZQZf.s:96718  .debug_str:00000000000203a8 .LASF2239
     /tmp/ccWZZQZf.s:101082  .debug_str:0000000000031c01 .LASF2240
     /tmp/ccWZZQZf.s:91728  .debug_str:000000000000bcc1 .LASF2241
     /tmp/ccWZZQZf.s:91152  .debug_str:00000000000094a8 .LASF2242
     /tmp/ccWZZQZf.s:106266  .debug_str:0000000000046d15 .LASF2243
     /tmp/ccWZZQZf.s:100626  .debug_str:000000000002fdf0 .LASF2244
     /tmp/ccWZZQZf.s:93064  .debug_str:0000000000010d82 .LASF2245
     /tmp/ccWZZQZf.s:100450  .debug_str:000000000002f1ae .LASF2246
     /tmp/ccWZZQZf.s:94636  .debug_str:00000000000172fe .LASF2247
     /tmp/ccWZZQZf.s:102314  .debug_str:0000000000036cdf .LASF2248
     /tmp/ccWZZQZf.s:107690  .debug_str:000000000004d01c .LASF2249
     /tmp/ccWZZQZf.s:96234  .debug_str:000000000001e0c3 .LASF2250
     /tmp/ccWZZQZf.s:97094  .debug_str:0000000000021c99 .LASF2251
     /tmp/ccWZZQZf.s:103066  .debug_str:00000000000397fb .LASF2252
     /tmp/ccWZZQZf.s:99118  .debug_str:0000000000029be5 .LASF2253
     /tmp/ccWZZQZf.s:107720  .debug_str:000000000004d1f1 .LASF2254
     /tmp/ccWZZQZf.s:91546  .debug_str:000000000000afc5 .LASF2255
     /tmp/ccWZZQZf.s:97798  .debug_str:000000000002490d .LASF2256
     /tmp/ccWZZQZf.s:104722  .debug_str:000000000004084c .LASF2257
     /tmp/ccWZZQZf.s:100672  .debug_str:00000000000300ca .LASF2258
     /tmp/ccWZZQZf.s:103608  .debug_str:000000000003bd95 .LASF2259
     /tmp/ccWZZQZf.s:107528  .debug_str:000000000004c487 .LASF2260
     /tmp/ccWZZQZf.s:105078  .debug_str:0000000000041fd4 .LASF2261
     /tmp/ccWZZQZf.s:89502  .debug_str:000000000000241c .LASF2262
     /tmp/ccWZZQZf.s:96288  .debug_str:000000000001e46e .LASF2263
     /tmp/ccWZZQZf.s:105096  .debug_str:0000000000042131 .LASF2264
     /tmp/ccWZZQZf.s:106534  .debug_str:0000000000047f4f .LASF2265
     /tmp/ccWZZQZf.s:91378  .debug_str:000000000000a3f0 .LASF2266
     /tmp/ccWZZQZf.s:97580  .debug_str:0000000000023cf5 .LASF2267
     /tmp/ccWZZQZf.s:102642  .debug_str:0000000000037f40 .LASF2268
     /tmp/ccWZZQZf.s:100844  .debug_str:0000000000030bad .LASF2269
     /tmp/ccWZZQZf.s:93892  .debug_str:00000000000142a9 .LASF2270
     /tmp/ccWZZQZf.s:89482  .debug_str:00000000000022c5 .LASF2271
     /tmp/ccWZZQZf.s:96980  .debug_str:00000000000215c2 .LASF2272
     /tmp/ccWZZQZf.s:99772  .debug_str:000000000002c554 .LASF2273
     /tmp/ccWZZQZf.s:95846  .debug_str:000000000001c569 .LASF2274
     /tmp/ccWZZQZf.s:90736  .debug_str:00000000000078e2 .LASF2275
     /tmp/ccWZZQZf.s:96138  .debug_str:000000000001d99d .LASF2276
     /tmp/ccWZZQZf.s:95642  .debug_str:000000000001b737 .LASF2277
     /tmp/ccWZZQZf.s:89020  .debug_str:00000000000002c2 .LASF2278
     /tmp/ccWZZQZf.s:93624  .debug_str:000000000001324c .LASF2279
     /tmp/ccWZZQZf.s:102420  .debug_str:00000000000373dc .LASF2280
     /tmp/ccWZZQZf.s:99518  .debug_str:000000000002b55d .LASF2281
     /tmp/ccWZZQZf.s:92948  .debug_str:00000000000105a6 .LASF2282
     /tmp/ccWZZQZf.s:104648  .debug_str:0000000000040352 .LASF2283
     /tmp/ccWZZQZf.s:99204  .debug_str:000000000002a10b .LASF2284
     /tmp/ccWZZQZf.s:104764  .debug_str:0000000000040ac6 .LASF2285
     /tmp/ccWZZQZf.s:90794  .debug_str:0000000000007c7f .LASF2286
     /tmp/ccWZZQZf.s:106876  .debug_str:00000000000495ca .LASF2287
     /tmp/ccWZZQZf.s:104508  .debug_str:000000000003f88e .LASF2288
     /tmp/ccWZZQZf.s:106004  .debug_str:0000000000045b77 .LASF2289
     /tmp/ccWZZQZf.s:93456  .debug_str:00000000000126c1 .LASF2290
     /tmp/ccWZZQZf.s:104096  .debug_str:000000000003dd4b .LASF2291
     /tmp/ccWZZQZf.s:94344  .debug_str:0000000000015ecf .LASF2292
     /tmp/ccWZZQZf.s:104456  .debug_str:000000000003f49e .LASF2293
     /tmp/ccWZZQZf.s:89468  .debug_str:00000000000021e1 .LASF2294
     /tmp/ccWZZQZf.s:96910  .debug_str:00000000000210a3 .LASF2295
     /tmp/ccWZZQZf.s:103916  .debug_str:000000000003d245 .LASF2296
     /tmp/ccWZZQZf.s:89868  .debug_str:0000000000003da6 .LASF2297
     /tmp/ccWZZQZf.s:107462  .debug_str:000000000004be82 .LASF2298
     /tmp/ccWZZQZf.s:95160  .debug_str:00000000000194d9 .LASF2299
     /tmp/ccWZZQZf.s:102840  .debug_str:0000000000038a39 .LASF2300
     /tmp/ccWZZQZf.s:104490  .debug_str:000000000003f725 .LASF2301
     /tmp/ccWZZQZf.s:98060  .debug_str:0000000000025615 .LASF2302
     /tmp/ccWZZQZf.s:94868  .debug_str:0000000000018253 .LASF2303
     /tmp/ccWZZQZf.s:93156  .debug_str:00000000000112c2 .LASF2304
     /tmp/ccWZZQZf.s:104216  .debug_str:000000000003e577 .LASF2305
     /tmp/ccWZZQZf.s:100138  .debug_str:000000000002dc9c .LASF2306
     /tmp/ccWZZQZf.s:104020  .debug_str:000000000003d977 .LASF2307
     /tmp/ccWZZQZf.s:98438  .debug_str:0000000000026f42 .LASF2308
     /tmp/ccWZZQZf.s:94186  .debug_str:00000000000154c2 .LASF2309
     /tmp/ccWZZQZf.s:94546  .debug_str:0000000000016bec .LASF2310
     /tmp/ccWZZQZf.s:100482  .debug_str:000000000002f3c9 .LASF2311
     /tmp/ccWZZQZf.s:97362  .debug_str:0000000000022db5 .LASF2312
     /tmp/ccWZZQZf.s:107864  .debug_str:000000000004db61 .LASF2313
     /tmp/ccWZZQZf.s:92822  .debug_str:000000000000ff1b .LASF2314
     /tmp/ccWZZQZf.s:102812  .debug_str:000000000003880d .LASF2315
     /tmp/ccWZZQZf.s:99908  .debug_str:000000000002ce30 .LASF2316
     /tmp/ccWZZQZf.s:89554  .debug_str:000000000000286f .LASF2317
     /tmp/ccWZZQZf.s:89220  .debug_str:0000000000001086 .LASF2318
     /tmp/ccWZZQZf.s:95344  .debug_str:000000000001a299 .LASF2319
     /tmp/ccWZZQZf.s:100550  .debug_str:000000000002f861 .LASF2320
     /tmp/ccWZZQZf.s:93192  .debug_str:0000000000011590 .LASF2321
     /tmp/ccWZZQZf.s:104256  .debug_str:000000000003e85f .LASF2322
     /tmp/ccWZZQZf.s:105004  .debug_str:0000000000041a6f .LASF2323
     /tmp/ccWZZQZf.s:100948  .debug_str:0000000000031217 .LASF2324
     /tmp/ccWZZQZf.s:95472  .debug_str:000000000001ab2d .LASF2325
     /tmp/ccWZZQZf.s:93016  .debug_str:0000000000010a70 .LASF2326
     /tmp/ccWZZQZf.s:107066  .debug_str:000000000004a3a2 .LASF2327
     /tmp/ccWZZQZf.s:103216  .debug_str:000000000003a22c .LASF2328
     /tmp/ccWZZQZf.s:107836  .debug_str:000000000004d9bd .LASF2329
     /tmp/ccWZZQZf.s:89684  .debug_str:00000000000031a7 .LASF2330
     /tmp/ccWZZQZf.s:99214  .debug_str:000000000002a212 .LASF2331
     /tmp/ccWZZQZf.s:99970  .debug_str:000000000002d25c .LASF2332
     /tmp/ccWZZQZf.s:90452  .debug_str:000000000000657f .LASF2333
     /tmp/ccWZZQZf.s:90920  .debug_str:00000000000084e3 .LASF2334
     /tmp/ccWZZQZf.s:100988  .debug_str:000000000003150d .LASF2335
     /tmp/ccWZZQZf.s:101248  .debug_str:0000000000032705 .LASF2336
     /tmp/ccWZZQZf.s:99968  .debug_str:000000000002d224 .LASF2337
     /tmp/ccWZZQZf.s:90076  .debug_str:0000000000004c55 .LASF2338
     /tmp/ccWZZQZf.s:89654  .debug_str:0000000000003015 .LASF2339
     /tmp/ccWZZQZf.s:105140  .debug_str:00000000000424c4 .LASF2340
     /tmp/ccWZZQZf.s:107542  .debug_str:000000000004c5af .LASF2341
     /tmp/ccWZZQZf.s:106772  .debug_str:0000000000048efb .LASF2342
     /tmp/ccWZZQZf.s:106880  .debug_str:000000000004961d .LASF2343
     /tmp/ccWZZQZf.s:93714  .debug_str:00000000000137ee .LASF2344
     /tmp/ccWZZQZf.s:105116  .debug_str:00000000000422c9 .LASF2345
     /tmp/ccWZZQZf.s:93824  .debug_str:0000000000013ec0 .LASF2346
     /tmp/ccWZZQZf.s:96952  .debug_str:0000000000021395 .LASF2347
     /tmp/ccWZZQZf.s:90874  .debug_str:00000000000081f1 .LASF2348
     /tmp/ccWZZQZf.s:91032  .debug_str:0000000000008cd4 .LASF2349
     /tmp/ccWZZQZf.s:106844  .debug_str:00000000000493d8 .LASF2350
     /tmp/ccWZZQZf.s:92794  .debug_str:000000000000fcdb .LASF2351
     /tmp/ccWZZQZf.s:89546  .debug_str:000000000000278a .LASF2352
     /tmp/ccWZZQZf.s:99578  .debug_str:000000000002b98f .LASF2353
     /tmp/ccWZZQZf.s:98052  .debug_str:0000000000025589 .LASF2354
     /tmp/ccWZZQZf.s:107886  .debug_str:000000000004dcc2 .LASF2355
     /tmp/ccWZZQZf.s:90544  .debug_str:0000000000006c81 .LASF2356
     /tmp/ccWZZQZf.s:105596  .debug_str:00000000000441fa .LASF2357
     /tmp/ccWZZQZf.s:99986  .debug_str:000000000002d384 .LASF2358
     /tmp/ccWZZQZf.s:107810  .debug_str:000000000004d815 .LASF2359
     /tmp/ccWZZQZf.s:99938  .debug_str:000000000002d047 .LASF2360
     /tmp/ccWZZQZf.s:89690  .debug_str:000000000000321c .LASF2361
     /tmp/ccWZZQZf.s:96156  .debug_str:000000000001db22 .LASF2362
     /tmp/ccWZZQZf.s:104126  .debug_str:000000000003df6f .LASF2363
     /tmp/ccWZZQZf.s:98358  .debug_str:0000000000026925 .LASF2364
     /tmp/ccWZZQZf.s:99306  .debug_str:000000000002a819 .LASF2365
     /tmp/ccWZZQZf.s:107684  .debug_str:000000000004cfa5 .LASF2366
     /tmp/ccWZZQZf.s:105408  .debug_str:0000000000043644 .LASF2367
     /tmp/ccWZZQZf.s:107654  .debug_str:000000000004cd55 .LASF2368
     /tmp/ccWZZQZf.s:98528  .debug_str:000000000002758a .LASF2369
     /tmp/ccWZZQZf.s:106278  .debug_str:0000000000046dbb .LASF2370
     /tmp/ccWZZQZf.s:99680  .debug_str:000000000002c043 .LASF2371
     /tmp/ccWZZQZf.s:106474  .debug_str:0000000000047b0f .LASF2372
     /tmp/ccWZZQZf.s:91100  .debug_str:0000000000009187 .LASF2373
     /tmp/ccWZZQZf.s:92962  .debug_str:0000000000010676 .LASF2374
     /tmp/ccWZZQZf.s:105866  .debug_str:00000000000452a2 .LASF2375
     /tmp/ccWZZQZf.s:94606  .debug_str:00000000000170ac .LASF2376
     /tmp/ccWZZQZf.s:108046  .debug_str:000000000004e80b .LASF2377
     /tmp/ccWZZQZf.s:100478  .debug_str:000000000002f370 .LASF2378
     /tmp/ccWZZQZf.s:91540  .debug_str:000000000000af2a .LASF2379
     /tmp/ccWZZQZf.s:91956  .debug_str:000000000000cbce .LASF2380
     /tmp/ccWZZQZf.s:105082  .debug_str:0000000000042024 .LASF2381
     /tmp/ccWZZQZf.s:95232  .debug_str:00000000000199b7 .LASF2382
     /tmp/ccWZZQZf.s:103460  .debug_str:000000000003b375 .LASF2383
     /tmp/ccWZZQZf.s:101430  .debug_str:00000000000332ae .LASF2384
     /tmp/ccWZZQZf.s:107480  .debug_str:000000000004c017 .LASF2385
     /tmp/ccWZZQZf.s:92640  .debug_str:000000000000f3ce .LASF2386
     /tmp/ccWZZQZf.s:98588  .debug_str:000000000002792c .LASF2387
     /tmp/ccWZZQZf.s:103392  .debug_str:000000000003ae6c .LASF2388
     /tmp/ccWZZQZf.s:89648  .debug_str:0000000000002f78 .LASF2389
     /tmp/ccWZZQZf.s:99886  .debug_str:000000000002cccb .LASF2390
     /tmp/ccWZZQZf.s:98728  .debug_str:00000000000282bb .LASF2391
     /tmp/ccWZZQZf.s:91574  .debug_str:000000000000b1cc .LASF2392
     /tmp/ccWZZQZf.s:90948  .debug_str:00000000000086bb .LASF2393
     /tmp/ccWZZQZf.s:95726  .debug_str:000000000001bcf9 .LASF2394
     /tmp/ccWZZQZf.s:100568  .debug_str:000000000002f9ef .LASF2395
     /tmp/ccWZZQZf.s:106210  .debug_str:00000000000469a5 .LASF2396
     /tmp/ccWZZQZf.s:104618  .debug_str:00000000000400b9 .LASF2397
     /tmp/ccWZZQZf.s:100582  .debug_str:000000000002fb13 .LASF2398
     /tmp/ccWZZQZf.s:93558  .debug_str:0000000000012e77 .LASF2399
     /tmp/ccWZZQZf.s:94482  .debug_str:00000000000167de .LASF2400
     /tmp/ccWZZQZf.s:103726  .debug_str:000000000003c521 .LASF2401
     /tmp/ccWZZQZf.s:93582  .debug_str:0000000000013000 .LASF2402
     /tmp/ccWZZQZf.s:101972  .debug_str:000000000003572e .LASF2403
     /tmp/ccWZZQZf.s:104762  .debug_str:0000000000040a90 .LASF2404
     /tmp/ccWZZQZf.s:101944  .debug_str:0000000000035594 .LASF2405
     /tmp/ccWZZQZf.s:91852  .debug_str:000000000000c4c9 .LASF2406
     /tmp/ccWZZQZf.s:102046  .debug_str:0000000000035c70 .LASF2407
     /tmp/ccWZZQZf.s:97384  .debug_str:0000000000022f85 .LASF2408
     /tmp/ccWZZQZf.s:95022  .debug_str:0000000000018b47 .LASF2409
     /tmp/ccWZZQZf.s:101574  .debug_str:0000000000033c5b .LASF2410
     /tmp/ccWZZQZf.s:105298  .debug_str:0000000000042ee2 .LASF2411
     /tmp/ccWZZQZf.s:101918  .debug_str:0000000000035375 .LASF2412
     /tmp/ccWZZQZf.s:89352  .debug_str:0000000000001965 .LASF2413
     /tmp/ccWZZQZf.s:101742  .debug_str:00000000000347b2 .LASF2414
     /tmp/ccWZZQZf.s:91162  .debug_str:0000000000009544 .LASF2415
     /tmp/ccWZZQZf.s:99456  .debug_str:000000000002b163 .LASF2416
     /tmp/ccWZZQZf.s:100636  .debug_str:000000000002fe8c .LASF2417
     /tmp/ccWZZQZf.s:95110  .debug_str:000000000001916e .LASF2418
     /tmp/ccWZZQZf.s:90746  .debug_str:00000000000079e3 .LASF2419
     /tmp/ccWZZQZf.s:98874  .debug_str:0000000000028c4b .LASF2420
     /tmp/ccWZZQZf.s:102482  .debug_str:000000000003772a .LASF2421
     /tmp/ccWZZQZf.s:98976  .debug_str:00000000000292e9 .LASF2422
     /tmp/ccWZZQZf.s:98126  .debug_str:0000000000025a21 .LASF2423
     /tmp/ccWZZQZf.s:104050  .debug_str:000000000003db60 .LASF2424
     /tmp/ccWZZQZf.s:101988  .debug_str:000000000003581d .LASF2425
     /tmp/ccWZZQZf.s:101792  .debug_str:0000000000034afb .LASF2426
     /tmp/ccWZZQZf.s:92060  .debug_str:000000000000d2f1 .LASF2427
     /tmp/ccWZZQZf.s:92244  .debug_str:000000000000de17 .LASF2428
     /tmp/ccWZZQZf.s:103950  .debug_str:000000000003d4a4 .LASF2429
     /tmp/ccWZZQZf.s:96064  .debug_str:000000000001d461 .LASF2430
     /tmp/ccWZZQZf.s:96812  .debug_str:0000000000020953 .LASF2431
     /tmp/ccWZZQZf.s:98368  .debug_str:0000000000026a0c .LASF2432
     /tmp/ccWZZQZf.s:107050  .debug_str:000000000004a28a .LASF2433
     /tmp/ccWZZQZf.s:104158  .debug_str:000000000003e1f2 .LASF2434
     /tmp/ccWZZQZf.s:107000  .debug_str:0000000000049f2e .LASF2435
     /tmp/ccWZZQZf.s:96736  .debug_str:00000000000204cf .LASF2436
     /tmp/ccWZZQZf.s:92726  .debug_str:000000000000f9a5 .LASF2437
     /tmp/ccWZZQZf.s:93464  .debug_str:0000000000012743 .LASF2438
     /tmp/ccWZZQZf.s:89552  .debug_str:000000000000282d .LASF2439
     /tmp/ccWZZQZf.s:96282  .debug_str:000000000001e3df .LASF2440
     /tmp/ccWZZQZf.s:103804  .debug_str:000000000003ca6b .LASF2441
     /tmp/ccWZZQZf.s:96352  .debug_str:000000000001e837 .LASF2442
     /tmp/ccWZZQZf.s:94824  .debug_str:0000000000017f32 .LASF2443
     /tmp/ccWZZQZf.s:104294  .debug_str:000000000003eacf .LASF2444
     /tmp/ccWZZQZf.s:106086  .debug_str:00000000000460ad .LASF2445
     /tmp/ccWZZQZf.s:97236  .debug_str:0000000000022560 .LASF2446
     /tmp/ccWZZQZf.s:99308  .debug_str:000000000002a852 .LASF2447
     /tmp/ccWZZQZf.s:95876  .debug_str:000000000001c6ff .LASF2448
     /tmp/ccWZZQZf.s:90534  .debug_str:0000000000006be2 .LASF2449
     /tmp/ccWZZQZf.s:101556  .debug_str:0000000000033ac5 .LASF2450
     /tmp/ccWZZQZf.s:107500  .debug_str:000000000004c1e9 .LASF2451
     /tmp/ccWZZQZf.s:100752  .debug_str:00000000000305a6 .LASF2452
     /tmp/ccWZZQZf.s:98866  .debug_str:0000000000028bb2 .LASF2453
     /tmp/ccWZZQZf.s:92682  .debug_str:000000000000f742 .LASF2454
     /tmp/ccWZZQZf.s:95786  .debug_str:000000000001c194 .LASF2455
     /tmp/ccWZZQZf.s:102038  .debug_str:0000000000035bd6 .LASF2456
     /tmp/ccWZZQZf.s:107262  .debug_str:000000000004b0dc .LASF2457
     /tmp/ccWZZQZf.s:93056  .debug_str:0000000000010cd8 .LASF2458
     /tmp/ccWZZQZf.s:100578  .debug_str:000000000002fabc .LASF2459
     /tmp/ccWZZQZf.s:101182  .debug_str:00000000000322b1 .LASF2460
     /tmp/ccWZZQZf.s:97732  .debug_str:000000000002450a .LASF2461
     /tmp/ccWZZQZf.s:89638  .debug_str:0000000000002e6b .LASF2462
     /tmp/ccWZZQZf.s:104570  .debug_str:000000000003fd2e .LASF2463
     /tmp/ccWZZQZf.s:107520  .debug_str:000000000004c3b5 .LASF2464
     /tmp/ccWZZQZf.s:89286  .debug_str:0000000000001497 .LASF2465
     /tmp/ccWZZQZf.s:98598  .debug_str:00000000000279e3 .LASF2466
     /tmp/ccWZZQZf.s:95404  .debug_str:000000000001a6e1 .LASF2467
     /tmp/ccWZZQZf.s:94030  .debug_str:0000000000014a7a .LASF2468
     /tmp/ccWZZQZf.s:99882  .debug_str:000000000002cc4a .LASF2469
     /tmp/ccWZZQZf.s:103024  .debug_str:0000000000039511 .LASF2470
     /tmp/ccWZZQZf.s:102166  .debug_str:00000000000363d6 .LASF2471
     /tmp/ccWZZQZf.s:101092  .debug_str:0000000000031ce2 .LASF2472
     /tmp/ccWZZQZf.s:91598  .debug_str:000000000000b3b1 .LASF2473
     /tmp/ccWZZQZf.s:90740  .debug_str:0000000000007963 .LASF2474
     /tmp/ccWZZQZf.s:96572  .debug_str:000000000001f896 .LASF2475
     /tmp/ccWZZQZf.s:98458  .debug_str:00000000000270b6 .LASF2476
     /tmp/ccWZZQZf.s:91760  .debug_str:000000000000bec2 .LASF2477
     /tmp/ccWZZQZf.s:98868  .debug_str:0000000000028bed .LASF2478
     /tmp/ccWZZQZf.s:106304  .debug_str:0000000000046f7a .LASF2479
     /tmp/ccWZZQZf.s:97972  .debug_str:000000000002518b .LASF2480
     /tmp/ccWZZQZf.s:97450  .debug_str:00000000000233e0 .LASF2481
     /tmp/ccWZZQZf.s:104400  .debug_str:000000000003f147 .LASF2482
     /tmp/ccWZZQZf.s:92514  .debug_str:000000000000ed10 .LASF2483
     /tmp/ccWZZQZf.s:99848  .debug_str:000000000002c9fe .LASF2484
     /tmp/ccWZZQZf.s:106982  .debug_str:0000000000049dff .LASF2485
     /tmp/ccWZZQZf.s:90672  .debug_str:000000000000750d .LASF2486
     /tmp/ccWZZQZf.s:104100  .debug_str:000000000003ddb7 .LASF2487
     /tmp/ccWZZQZf.s:107452  .debug_str:000000000004bdc2 .LASF2488
     /tmp/ccWZZQZf.s:89164  .debug_str:0000000000000c73 .LASF2489
     /tmp/ccWZZQZf.s:100118  .debug_str:000000000002db1a .LASF2490
     /tmp/ccWZZQZf.s:89772  .debug_str:000000000000372b .LASF2491
     /tmp/ccWZZQZf.s:92580  .debug_str:000000000000f060 .LASF2492
     /tmp/ccWZZQZf.s:94660  .debug_str:0000000000017495 .LASF2493
     /tmp/ccWZZQZf.s:94666  .debug_str:0000000000017507 .LASF2494
     /tmp/ccWZZQZf.s:96336  .debug_str:000000000001e731 .LASF2495
     /tmp/ccWZZQZf.s:91124  .debug_str:00000000000092e0 .LASF2496
     /tmp/ccWZZQZf.s:91778  .debug_str:000000000000bfdb .LASF2497
     /tmp/ccWZZQZf.s:97974  .debug_str:00000000000251d2 .LASF2498
     /tmp/ccWZZQZf.s:91674  .debug_str:000000000000b97e .LASF2499
     /tmp/ccWZZQZf.s:107328  .debug_str:000000000004b5ad .LASF2500
     /tmp/ccWZZQZf.s:100080  .debug_str:000000000002d956 .LASF2501
     /tmp/ccWZZQZf.s:103110  .debug_str:0000000000039b2e .LASF2502
     /tmp/ccWZZQZf.s:102144  .debug_str:0000000000036291 .LASF2503
     /tmp/ccWZZQZf.s:89054  .debug_str:0000000000000574 .LASF2504
     /tmp/ccWZZQZf.s:94638  .debug_str:0000000000017338 .LASF2505
     /tmp/ccWZZQZf.s:100182  .debug_str:000000000002df92 .LASF2506
     /tmp/ccWZZQZf.s:90100  .debug_str:0000000000004e02 .LASF2507
     /tmp/ccWZZQZf.s:103434  .debug_str:000000000003b15f .LASF2508
     /tmp/ccWZZQZf.s:104556  .debug_str:000000000003fc35 .LASF2509
     /tmp/ccWZZQZf.s:94866  .debug_str:0000000000018215 .LASF2510
     /tmp/ccWZZQZf.s:91596  .debug_str:000000000000b36b .LASF2511
     /tmp/ccWZZQZf.s:92672  .debug_str:000000000000f690 .LASF2512
     /tmp/ccWZZQZf.s:94794  .debug_str:0000000000017d56 .LASF2513
     /tmp/ccWZZQZf.s:103758  .debug_str:000000000003c726 .LASF2514
     /tmp/ccWZZQZf.s:89392  .debug_str:0000000000001c82 .LASF2515
     /tmp/ccWZZQZf.s:95550  .debug_str:000000000001b01c .LASF2516
     /tmp/ccWZZQZf.s:99672  .debug_str:000000000002bfc6 .LASF2517
     /tmp/ccWZZQZf.s:94532  .debug_str:0000000000016b50 .LASF2518
     /tmp/ccWZZQZf.s:90656  .debug_str:00000000000073bf .LASF2519
     /tmp/ccWZZQZf.s:93492  .debug_str:000000000001294e .LASF2520
     /tmp/ccWZZQZf.s:98788  .debug_str:0000000000028762 .LASF2521
     /tmp/ccWZZQZf.s:98228  .debug_str:0000000000026139 .LASF2522
     /tmp/ccWZZQZf.s:105878  .debug_str:000000000004536b .LASF2523
     /tmp/ccWZZQZf.s:96308  .debug_str:000000000001e514 .LASF2524
     /tmp/ccWZZQZf.s:92798  .debug_str:000000000000fd3d .LASF2525
     /tmp/ccWZZQZf.s:96636  .debug_str:000000000001fd1d .LASF2526
     /tmp/ccWZZQZf.s:104900  .debug_str:0000000000041483 .LASF2527
     /tmp/ccWZZQZf.s:103352  .debug_str:000000000003ab2b .LASF2528
     /tmp/ccWZZQZf.s:90596  .debug_str:0000000000007023 .LASF2529
     /tmp/ccWZZQZf.s:105308  .debug_str:0000000000042f8a .LASF2530
     /tmp/ccWZZQZf.s:100240  .debug_str:000000000002e33b .LASF2531
     /tmp/ccWZZQZf.s:99978  .debug_str:000000000002d2d3 .LASF2532
     /tmp/ccWZZQZf.s:101786  .debug_str:0000000000034a57 .LASF2533
     /tmp/ccWZZQZf.s:91082  .debug_str:0000000000009027 .LASF2534
     /tmp/ccWZZQZf.s:107080  .debug_str:000000000004a48c .LASF2535
     /tmp/ccWZZQZf.s:97182  .debug_str:0000000000022163 .LASF2536
     /tmp/ccWZZQZf.s:94800  .debug_str:0000000000017ddb .LASF2537
     /tmp/ccWZZQZf.s:105772  .debug_str:0000000000044d72 .LASF2538
     /tmp/ccWZZQZf.s:97228  .debug_str:00000000000224bc .LASF2539
     /tmp/ccWZZQZf.s:91822  .debug_str:000000000000c2d6 .LASF2540
     /tmp/ccWZZQZf.s:89624  .debug_str:0000000000002d31 .LASF2541
     /tmp/ccWZZQZf.s:91428  .debug_str:000000000000a74b .LASF2542
     /tmp/ccWZZQZf.s:93166  .debug_str:00000000000113d1 .LASF2543
     /tmp/ccWZZQZf.s:98252  .debug_str:0000000000026316 .LASF2544
     /tmp/ccWZZQZf.s:97568  .debug_str:0000000000023c01 .LASF2545
     /tmp/ccWZZQZf.s:93360  .debug_str:0000000000012153 .LASF2546
     /tmp/ccWZZQZf.s:94512  .debug_str:000000000001699e .LASF2547
     /tmp/ccWZZQZf.s:103206  .debug_str:000000000003a17d .LASF2548
     /tmp/ccWZZQZf.s:97314  .debug_str:0000000000022a4d .LASF2549
     /tmp/ccWZZQZf.s:94646  .debug_str:00000000000173a0 .LASF2550
     /tmp/ccWZZQZf.s:106344  .debug_str:0000000000047208 .LASF2551
     /tmp/ccWZZQZf.s:99794  .debug_str:000000000002c695 .LASF2552
     /tmp/ccWZZQZf.s:91702  .debug_str:000000000000bb1f .LASF2553
     /tmp/ccWZZQZf.s:95608  .debug_str:000000000001b475 .LASF2554
     /tmp/ccWZZQZf.s:93732  .debug_str:0000000000013917 .LASF2555
     /tmp/ccWZZQZf.s:94812  .debug_str:0000000000017e8a .LASF2556
     /tmp/ccWZZQZf.s:95690  .debug_str:000000000001ba62 .LASF2557
     /tmp/ccWZZQZf.s:90294  .debug_str:0000000000005b5a .LASF2558
     /tmp/ccWZZQZf.s:100498  .debug_str:000000000002f4e5 .LASF2559
     /tmp/ccWZZQZf.s:93644  .debug_str:000000000001338f .LASF2560
     /tmp/ccWZZQZf.s:106336  .debug_str:0000000000047164 .LASF2561
     /tmp/ccWZZQZf.s:101494  .debug_str:0000000000033686 .LASF2562
     /tmp/ccWZZQZf.s:93250  .debug_str:00000000000119ba .LASF2563
     /tmp/ccWZZQZf.s:94738  .debug_str:0000000000017959 .LASF2564
     /tmp/ccWZZQZf.s:89334  .debug_str:0000000000001838 .LASF2565
     /tmp/ccWZZQZf.s:91128  .debug_str:0000000000009344 .LASF2566
     /tmp/ccWZZQZf.s:96246  .debug_str:000000000001e1d8 .LASF2567
     /tmp/ccWZZQZf.s:103946  .debug_str:000000000003d45c .LASF2568
     /tmp/ccWZZQZf.s:96690  .debug_str:000000000002020c .LASF2569
     /tmp/ccWZZQZf.s:97226  .debug_str:000000000002248b .LASF2570
     /tmp/ccWZZQZf.s:103786  .debug_str:000000000003c920 .LASF2571
     /tmp/ccWZZQZf.s:100922  .debug_str:0000000000031048 .LASF2572
     /tmp/ccWZZQZf.s:105782  .debug_str:0000000000044e27 .LASF2573
     /tmp/ccWZZQZf.s:106448  .debug_str:00000000000478f3 .LASF2574
     /tmp/ccWZZQZf.s:90176  .debug_str:0000000000005301 .LASF2575
     /tmp/ccWZZQZf.s:98290  .debug_str:0000000000026591 .LASF2576
     /tmp/ccWZZQZf.s:103248  .debug_str:000000000003a4d4 .LASF2577
     /tmp/ccWZZQZf.s:91856  .debug_str:000000000000c52f .LASF2578
     /tmp/ccWZZQZf.s:91446  .debug_str:000000000000a842 .LASF2579
     /tmp/ccWZZQZf.s:103364  .debug_str:000000000003ac37 .LASF2580
     /tmp/ccWZZQZf.s:103882  .debug_str:000000000003cfdf .LASF2581
     /tmp/ccWZZQZf.s:89914  .debug_str:000000000000413d .LASF2582
     /tmp/ccWZZQZf.s:102564  .debug_str:0000000000037bb5 .LASF2583
     /tmp/ccWZZQZf.s:96608  .debug_str:000000000001fb18 .LASF2584
     /tmp/ccWZZQZf.s:93586  .debug_str:000000000001304d .LASF2585
     /tmp/ccWZZQZf.s:96602  .debug_str:000000000001fab7 .LASF2586
     /tmp/ccWZZQZf.s:103830  .debug_str:000000000003cc26 .LASF2587
     /tmp/ccWZZQZf.s:95532  .debug_str:000000000001aee9 .LASF2588
     /tmp/ccWZZQZf.s:98754  .debug_str:00000000000284be .LASF2589
     /tmp/ccWZZQZf.s:99942  .debug_str:000000000002d096 .LASF2590
     /tmp/ccWZZQZf.s:103886  .debug_str:000000000003d049 .LASF2591
     /tmp/ccWZZQZf.s:90388  .debug_str:0000000000006143 .LASF2592
     /tmp/ccWZZQZf.s:97294  .debug_str:00000000000228d9 .LASF2593
     /tmp/ccWZZQZf.s:101766  .debug_str:0000000000034924 .LASF2594
     /tmp/ccWZZQZf.s:106800  .debug_str:0000000000049114 .LASF2595
     /tmp/ccWZZQZf.s:107878  .debug_str:000000000004dc4c .LASF2596
     /tmp/ccWZZQZf.s:91414  .debug_str:000000000000a619 .LASF2597
     /tmp/ccWZZQZf.s:107116  .debug_str:000000000004a70e .LASF2598
     /tmp/ccWZZQZf.s:98200  .debug_str:0000000000025fa0 .LASF2599
     /tmp/ccWZZQZf.s:93876  .debug_str:00000000000141b7 .LASF2600
     /tmp/ccWZZQZf.s:95426  .debug_str:000000000001a84e .LASF2601
     /tmp/ccWZZQZf.s:105622  .debug_str:00000000000443c3 .LASF2602
     /tmp/ccWZZQZf.s:100290  .debug_str:000000000002e70b .LASF2603
     /tmp/ccWZZQZf.s:101584  .debug_str:0000000000033cee .LASF2604
     /tmp/ccWZZQZf.s:107142  .debug_str:000000000004a8e6 .LASF2605
     /tmp/ccWZZQZf.s:96866  .debug_str:0000000000020d30 .LASF2606
     /tmp/ccWZZQZf.s:97364  .debug_str:0000000000022dec .LASF2607
     /tmp/ccWZZQZf.s:94194  .debug_str:0000000000015598 .LASF2608
     /tmp/ccWZZQZf.s:103660  .debug_str:000000000003c0dd .LASF2609
     /tmp/ccWZZQZf.s:104772  .debug_str:0000000000040b43 .LASF2610
     /tmp/ccWZZQZf.s:105420  .debug_str:0000000000043744 .LASF2611
     /tmp/ccWZZQZf.s:96612  .debug_str:000000000001fb80 .LASF2612
     /tmp/ccWZZQZf.s:95774  .debug_str:000000000001c0ad .LASF2613
     /tmp/ccWZZQZf.s:99156  .debug_str:0000000000029e47 .LASF2614
     /tmp/ccWZZQZf.s:105132  .debug_str:0000000000042437 .LASF2615
     /tmp/ccWZZQZf.s:96820  .debug_str:0000000000020a13 .LASF2616
     /tmp/ccWZZQZf.s:95312  .debug_str:0000000000019f72 .LASF2617
     /tmp/ccWZZQZf.s:95506  .debug_str:000000000001adb0 .LASF2618
     /tmp/ccWZZQZf.s:95136  .debug_str:0000000000019328 .LASF2619
     /tmp/ccWZZQZf.s:101734  .debug_str:00000000000346be .LASF2620
     /tmp/ccWZZQZf.s:93438  .debug_str:000000000001258f .LASF2621
     /tmp/ccWZZQZf.s:99084  .debug_str:0000000000029a0c .LASF2622
     /tmp/ccWZZQZf.s:100556  .debug_str:000000000002f8f0 .LASF2623
     /tmp/ccWZZQZf.s:90558  .debug_str:0000000000006d92 .LASF2624
     /tmp/ccWZZQZf.s:95522  .debug_str:000000000001ae52 .LASF2625
     /tmp/ccWZZQZf.s:105100  .debug_str:000000000004219b .LASF2626
     /tmp/ccWZZQZf.s:93510  .debug_str:0000000000012a6b .LASF2627
     /tmp/ccWZZQZf.s:90016  .debug_str:0000000000004874 .LASF2628
     /tmp/ccWZZQZf.s:107630  .debug_str:000000000004cb8d .LASF2629
     /tmp/ccWZZQZf.s:93066  .debug_str:0000000000010dbb .LASF2630
     /tmp/ccWZZQZf.s:90418  .debug_str:000000000000632b .LASF2631
     /tmp/ccWZZQZf.s:103638  .debug_str:000000000003bf3e .LASF2632
     /tmp/ccWZZQZf.s:101828  .debug_str:0000000000034dc1 .LASF2633
     /tmp/ccWZZQZf.s:104870  .debug_str:0000000000041232 .LASF2634
     /tmp/ccWZZQZf.s:97466  .debug_str:00000000000234d5 .LASF2635
     /tmp/ccWZZQZf.s:95898  .debug_str:000000000001c8a4 .LASF2636
     /tmp/ccWZZQZf.s:94552  .debug_str:0000000000016c63 .LASF2637
     /tmp/ccWZZQZf.s:106130  .debug_str:00000000000463a6 .LASF2638
     /tmp/ccWZZQZf.s:105018  .debug_str:0000000000041bba .LASF2639
     /tmp/ccWZZQZf.s:101990  .debug_str:000000000003585e .LASF2640
     /tmp/ccWZZQZf.s:91986  .debug_str:000000000000ce3a .LASF2641
     /tmp/ccWZZQZf.s:103242  .debug_str:000000000003a43c .LASF2642
     /tmp/ccWZZQZf.s:101764  .debug_str:00000000000348ec .LASF2643
     /tmp/ccWZZQZf.s:93784  .debug_str:0000000000013c56 .LASF2644
     /tmp/ccWZZQZf.s:91292  .debug_str:0000000000009e6c .LASF2645
     /tmp/ccWZZQZf.s:104006  .debug_str:000000000003d840 .LASF2646
     /tmp/ccWZZQZf.s:101876  .debug_str:00000000000350b8 .LASF2647
     /tmp/ccWZZQZf.s:89902  .debug_str:000000000000404c .LASF2648
     /tmp/ccWZZQZf.s:100838  .debug_str:0000000000030b21 .LASF2649
     /tmp/ccWZZQZf.s:103238  .debug_str:000000000003a3c3 .LASF2650
     /tmp/ccWZZQZf.s:96590  .debug_str:000000000001fa1c .LASF2651
     /tmp/ccWZZQZf.s:107496  .debug_str:000000000004c17e .LASF2652
     /tmp/ccWZZQZf.s:95598  .debug_str:000000000001b3d1 .LASF2653
     /tmp/ccWZZQZf.s:107280  .debug_str:000000000004b1fa .LASF2654
     /tmp/ccWZZQZf.s:107702  .debug_str:000000000004d0e7 .LASF2655
     /tmp/ccWZZQZf.s:99648  .debug_str:000000000002be0c .LASF2656
     /tmp/ccWZZQZf.s:92834  .debug_str:000000000000ffd5 .LASF2657
     /tmp/ccWZZQZf.s:102324  .debug_str:0000000000036d99 .LASF2658
     /tmp/ccWZZQZf.s:94058  .debug_str:0000000000014cb6 .LASF2659
     /tmp/ccWZZQZf.s:101736  .debug_str:00000000000346f8 .LASF2660
     /tmp/ccWZZQZf.s:104140  .debug_str:000000000003e087 .LASF2661
     /tmp/ccWZZQZf.s:96126  .debug_str:000000000001d8d0 .LASF2662
     /tmp/ccWZZQZf.s:105174  .debug_str:000000000004270c .LASF2663
     /tmp/ccWZZQZf.s:95632  .debug_str:000000000001b65c .LASF2664
     /tmp/ccWZZQZf.s:106698  .debug_str:0000000000048a60 .LASF2665
     /tmp/ccWZZQZf.s:105906  .debug_str:00000000000454c7 .LASF2666
     /tmp/ccWZZQZf.s:102034  .debug_str:0000000000035b72 .LASF2667
     /tmp/ccWZZQZf.s:89234  .debug_str:0000000000001150 .LASF2668
     /tmp/ccWZZQZf.s:97158  .debug_str:0000000000021fd7 .LASF2669
     /tmp/ccWZZQZf.s:103108  .debug_str:0000000000039aea .LASF2670
     /tmp/ccWZZQZf.s:91612  .debug_str:000000000000b48e .LASF2671
     /tmp/ccWZZQZf.s:89872  .debug_str:0000000000003e07 .LASF2672
     /tmp/ccWZZQZf.s:105974  .debug_str:0000000000045a04 .LASF2673
     /tmp/ccWZZQZf.s:105036  .debug_str:0000000000041cda .LASF2674
     /tmp/ccWZZQZf.s:101306  .debug_str:0000000000032a60 .LASF2675
     /tmp/ccWZZQZf.s:89442  .debug_str:0000000000001fc8 .LASF2676
     /tmp/ccWZZQZf.s:96564  .debug_str:000000000001f7ef .LASF2677
     /tmp/ccWZZQZf.s:98996  .debug_str:000000000002941d .LASF2678
     /tmp/ccWZZQZf.s:92710  .debug_str:000000000000f863 .LASF2679
     /tmp/ccWZZQZf.s:98794  .debug_str:00000000000287be .LASF2680
     /tmp/ccWZZQZf.s:90708  .debug_str:0000000000007775 .LASF2681
     /tmp/ccWZZQZf.s:104308  .debug_str:000000000003eb91 .LASF2682
     /tmp/ccWZZQZf.s:102480  .debug_str:00000000000376ed .LASF2683
     /tmp/ccWZZQZf.s:104668  .debug_str:00000000000404de .LASF2684
     /tmp/ccWZZQZf.s:103440  .debug_str:000000000003b20d .LASF2685
     /tmp/ccWZZQZf.s:90524  .debug_str:0000000000006af0 .LASF2686
     /tmp/ccWZZQZf.s:98952  .debug_str:0000000000029139 .LASF2687
     /tmp/ccWZZQZf.s:95760  .debug_str:000000000001bf62 .LASF2688
     /tmp/ccWZZQZf.s:105972  .debug_str:00000000000459ca .LASF2689
     /tmp/ccWZZQZf.s:99936  .debug_str:000000000002d005 .LASF2690
     /tmp/ccWZZQZf.s:102414  .debug_str:0000000000037355 .LASF2691
     /tmp/ccWZZQZf.s:106286  .debug_str:0000000000046e37 .LASF2692
     /tmp/ccWZZQZf.s:102236  .debug_str:0000000000036853 .LASF2693
     /tmp/ccWZZQZf.s:89436  .debug_str:0000000000001f58 .LASF2694
     /tmp/ccWZZQZf.s:105828  .debug_str:000000000004508b .LASF2695
     /tmp/ccWZZQZf.s:99646  .debug_str:000000000002bdd1 .LASF2696
     /tmp/ccWZZQZf.s:96644  .debug_str:000000000001fdd0 .LASF2697
     /tmp/ccWZZQZf.s:90854  .debug_str:000000000000807d .LASF2698
     /tmp/ccWZZQZf.s:104962  .debug_str:00000000000417a0 .LASF2699
     /tmp/ccWZZQZf.s:100428  .debug_str:000000000002f03c .LASF2700
     /tmp/ccWZZQZf.s:96268  .debug_str:000000000001e2e8 .LASF2701
     /tmp/ccWZZQZf.s:94672  .debug_str:00000000000175bd .LASF2702
     /tmp/ccWZZQZf.s:93818  .debug_str:0000000000013e37 .LASF2703
     /tmp/ccWZZQZf.s:94984  .debug_str:00000000000188f3 .LASF2704
     /tmp/ccWZZQZf.s:90930  .debug_str:0000000000008597 .LASF2705
     /tmp/ccWZZQZf.s:106592  .debug_str:00000000000483ad .LASF2706
     /tmp/ccWZZQZf.s:95118  .debug_str:00000000000191f2 .LASF2707
     /tmp/ccWZZQZf.s:107078  .debug_str:000000000004a454 .LASF2708
     /tmp/ccWZZQZf.s:105350  .debug_str:0000000000043241 .LASF2709
     /tmp/ccWZZQZf.s:103036  .debug_str:00000000000395cb .LASF2710
     /tmp/ccWZZQZf.s:94256  .debug_str:0000000000015947 .LASF2711
     /tmp/ccWZZQZf.s:92982  .debug_str:0000000000010804 .LASF2712
     /tmp/ccWZZQZf.s:91910  .debug_str:000000000000c8fd .LASF2713
     /tmp/ccWZZQZf.s:100816  .debug_str:00000000000309c2 .LASF2714
     /tmp/ccWZZQZf.s:98188  .debug_str:0000000000025ebb .LASF2715
     /tmp/ccWZZQZf.s:98504  .debug_str:00000000000273e0 .LASF2716
     /tmp/ccWZZQZf.s:107812  .debug_str:000000000004d84e .LASF2717
     /tmp/ccWZZQZf.s:100698  .debug_str:0000000000030263 .LASF2718
     /tmp/ccWZZQZf.s:98034  .debug_str:0000000000025417 .LASF2719
     /tmp/ccWZZQZf.s:100366  .debug_str:000000000002ec03 .LASF2720
     /tmp/ccWZZQZf.s:105278  .debug_str:0000000000042d84 .LASF2721
     /tmp/ccWZZQZf.s:95398  .debug_str:000000000001a640 .LASF2722
     /tmp/ccWZZQZf.s:97064  .debug_str:0000000000021a0b .LASF2723
     /tmp/ccWZZQZf.s:106076  .debug_str:0000000000046006 .LASF2724
     /tmp/ccWZZQZf.s:100302  .debug_str:000000000002e810 .LASF2725
     /tmp/ccWZZQZf.s:107916  .debug_str:000000000004deea .LASF2726
     /tmp/ccWZZQZf.s:108052  .debug_str:000000000004e87e .LASF2727
     /tmp/ccWZZQZf.s:98036  .debug_str:0000000000025455 .LASF2728
     /tmp/ccWZZQZf.s:94076  .debug_str:0000000000014dba .LASF2729
     /tmp/ccWZZQZf.s:95714  .debug_str:000000000001bc4e .LASF2730
     /tmp/ccWZZQZf.s:107784  .debug_str:000000000004d647 .LASF2731
     /tmp/ccWZZQZf.s:104744  .debug_str:000000000004096e .LASF2732
     /tmp/ccWZZQZf.s:93528  .debug_str:0000000000012b87 .LASF2733
     /tmp/ccWZZQZf.s:93008  .debug_str:0000000000010a22 .LASF2734
     /tmp/ccWZZQZf.s:102970  .debug_str:0000000000039143 .LASF2735
     /tmp/ccWZZQZf.s:107304  .debug_str:000000000004b3d5 .LASF2736
     /tmp/ccWZZQZf.s:101326  .debug_str:0000000000032bad .LASF2737
     /tmp/ccWZZQZf.s:102682  .debug_str:00000000000381ed .LASF2738
     /tmp/ccWZZQZf.s:102468  .debug_str:000000000003761f .LASF2739
     /tmp/ccWZZQZf.s:89464  .debug_str:0000000000002190 .LASF2740
     /tmp/ccWZZQZf.s:105940  .debug_str:0000000000045791 .LASF2741
     /tmp/ccWZZQZf.s:99018  .debug_str:00000000000295a8 .LASF2742
     /tmp/ccWZZQZf.s:96178  .debug_str:000000000001dcd0 .LASF2743
     /tmp/ccWZZQZf.s:104536  .debug_str:000000000003fade .LASF2744
     /tmp/ccWZZQZf.s:98104  .debug_str:00000000000258d2 .LASF2745
     /tmp/ccWZZQZf.s:89172  .debug_str:0000000000000d10 .LASF2746
     /tmp/ccWZZQZf.s:104716  .debug_str:00000000000407e8 .LASF2747
     /tmp/ccWZZQZf.s:92668  .debug_str:000000000000f611 .LASF2748
     /tmp/ccWZZQZf.s:90286  .debug_str:0000000000005ada .LASF2749
     /tmp/ccWZZQZf.s:93100  .debug_str:0000000000010ff6 .LASF2750
     /tmp/ccWZZQZf.s:91512  .debug_str:000000000000ad23 .LASF2751
     /tmp/ccWZZQZf.s:106548  .debug_str:0000000000048049 .LASF2752
     /tmp/ccWZZQZf.s:102858  .debug_str:0000000000038b44 .LASF2753
     /tmp/ccWZZQZf.s:90200  .debug_str:00000000000054ef .LASF2754
     /tmp/ccWZZQZf.s:100126  .debug_str:000000000002dbb7 .LASF2755
     /tmp/ccWZZQZf.s:103316  .debug_str:000000000003a8d3 .LASF2756
     /tmp/ccWZZQZf.s:101418  .debug_str:00000000000331ae .LASF2757
     /tmp/ccWZZQZf.s:107048  .debug_str:000000000004a247 .LASF2758
     /tmp/ccWZZQZf.s:106436  .debug_str:000000000004781a .LASF2759
     /tmp/ccWZZQZf.s:97800  .debug_str:000000000002494f .LASF2760
     /tmp/ccWZZQZf.s:97704  .debug_str:0000000000024463 .LASF2761
     /tmp/ccWZZQZf.s:89256  .debug_str:00000000000012b8 .LASF2762
     /tmp/ccWZZQZf.s:96428  .debug_str:000000000001ee1a .LASF2763
     /tmp/ccWZZQZf.s:107436  .debug_str:000000000004bc58 .LASF2764
     /tmp/ccWZZQZf.s:91170  .debug_str:000000000000963b .LASF2765
     /tmp/ccWZZQZf.s:104342  .debug_str:000000000003edaa .LASF2766
     /tmp/ccWZZQZf.s:99298  .debug_str:000000000002a6fc .LASF2767
     /tmp/ccWZZQZf.s:98636  .debug_str:0000000000027c71 .LASF2768
     /tmp/ccWZZQZf.s:93200  .debug_str:0000000000011633 .LASF2769
     /tmp/ccWZZQZf.s:106936  .debug_str:0000000000049a93 .LASF2770
     /tmp/ccWZZQZf.s:103418  .debug_str:000000000003b040 .LASF2771
     /tmp/ccWZZQZf.s:104664  .debug_str:0000000000040496 .LASF2772
     /tmp/ccWZZQZf.s:92292  .debug_str:000000000000e132 .LASF2773
     /tmp/ccWZZQZf.s:95614  .debug_str:000000000001b4dc .LASF2774
     /tmp/ccWZZQZf.s:105958  .debug_str:00000000000458bc .LASF2775
     /tmp/ccWZZQZf.s:89076  .debug_str:00000000000006da .LASF2776
     /tmp/ccWZZQZf.s:101802  .debug_str:0000000000034bea .LASF2777
     /tmp/ccWZZQZf.s:96888  .debug_str:0000000000020eeb .LASF2778
     /tmp/ccWZZQZf.s:98862  .debug_str:0000000000028b4f .LASF2779
     /tmp/ccWZZQZf.s:97152  .debug_str:0000000000021f5c .LASF2780
     /tmp/ccWZZQZf.s:94964  .debug_str:0000000000018740 .LASF2781
     /tmp/ccWZZQZf.s:89768  .debug_str:00000000000036b0 .LASF2782
     /tmp/ccWZZQZf.s:104142  .debug_str:000000000003e0c7 .LASF2783
     /tmp/ccWZZQZf.s:102248  .debug_str:0000000000036944 .LASF2784
     /tmp/ccWZZQZf.s:95208  .debug_str:00000000000197f2 .LASF2785
     /tmp/ccWZZQZf.s:104818  .debug_str:0000000000040e78 .LASF2786
     /tmp/ccWZZQZf.s:97920  .debug_str:0000000000024e4f .LASF2787
     /tmp/ccWZZQZf.s:96834  .debug_str:0000000000020b08 .LASF2788
     /tmp/ccWZZQZf.s:108038  .debug_str:000000000004e762 .LASF2789
     /tmp/ccWZZQZf.s:89046  .debug_str:00000000000004cb .LASF2790
     /tmp/ccWZZQZf.s:105768  .debug_str:0000000000044cfe .LASF2791
     /tmp/ccWZZQZf.s:98666  .debug_str:0000000000027ec8 .LASF2792
     /tmp/ccWZZQZf.s:103844  .debug_str:000000000003cd53 .LASF2793
     /tmp/ccWZZQZf.s:104016  .debug_str:000000000003d8f6 .LASF2794
     /tmp/ccWZZQZf.s:103956  .debug_str:000000000003d4fc .LASF2795
     /tmp/ccWZZQZf.s:106502  .debug_str:0000000000047d06 .LASF2796
     /tmp/ccWZZQZf.s:101698  .debug_str:0000000000034425 .LASF2797
     /tmp/ccWZZQZf.s:96726  .debug_str:0000000000020407 .LASF2798
     /tmp/ccWZZQZf.s:89538  .debug_str:00000000000026dc .LASF2799
     /tmp/ccWZZQZf.s:106052  .debug_str:0000000000045e60 .LASF2800
     /tmp/ccWZZQZf.s:100706  .debug_str:00000000000302dc .LASF2801
     /tmp/ccWZZQZf.s:100710  .debug_str:000000000003032f .LASF2802
     /tmp/ccWZZQZf.s:97506  .debug_str:0000000000023732 .LASF2803
     /tmp/ccWZZQZf.s:104674  .debug_str:0000000000040556 .LASF2804
     /tmp/ccWZZQZf.s:90468  .debug_str:00000000000066bc .LASF2805
     /tmp/ccWZZQZf.s:94054  .debug_str:0000000000014c46 .LASF2806
     /tmp/ccWZZQZf.s:90956  .debug_str:0000000000008740 .LASF2807
     /tmp/ccWZZQZf.s:99810  .debug_str:000000000002c78c .LASF2808
     /tmp/ccWZZQZf.s:105728  .debug_str:0000000000044a55 .LASF2809
     /tmp/ccWZZQZf.s:104478  .debug_str:000000000003f64a .LASF2810
     /tmp/ccWZZQZf.s:89092  .debug_str:00000000000007fe .LASF2811
     /tmp/ccWZZQZf.s:100996  .debug_str:00000000000315b2 .LASF2812
     /tmp/ccWZZQZf.s:90960  .debug_str:0000000000008789 .LASF2813
     /tmp/ccWZZQZf.s:99524  .debug_str:000000000002b5ba .LASF2814
     /tmp/ccWZZQZf.s:100540  .debug_str:000000000002f7c0 .LASF2815
     /tmp/ccWZZQZf.s:104128  .debug_str:000000000003dfa8 .LASF2816
     /tmp/ccWZZQZf.s:102424  .debug_str:0000000000037458 .LASF2817
     /tmp/ccWZZQZf.s:89692  .debug_str:0000000000003255 .LASF2818
     /tmp/ccWZZQZf.s:103924  .debug_str:000000000003d2e5 .LASF2819
     /tmp/ccWZZQZf.s:102884  .debug_str:0000000000038c17 .LASF2820
     /tmp/ccWZZQZf.s:95590  .debug_str:000000000001b32f .LASF2821
     /tmp/ccWZZQZf.s:94126  .debug_str:0000000000015093 .LASF2822
     /tmp/ccWZZQZf.s:102110  .debug_str:0000000000036011 .LASF2823
     /tmp/ccWZZQZf.s:105214  .debug_str:00000000000429a6 .LASF2824
     /tmp/ccWZZQZf.s:104018  .debug_str:000000000003d937 .LASF2825
     /tmp/ccWZZQZf.s:96532  .debug_str:000000000001f540 .LASF2826
     /tmp/ccWZZQZf.s:105600  .debug_str:0000000000044257 .LASF2827
     /tmp/ccWZZQZf.s:106958  .debug_str:0000000000049c1d .LASF2828
     /tmp/ccWZZQZf.s:96684  .debug_str:00000000000201a9 .LASF2829
     /tmp/ccWZZQZf.s:94682  .debug_str:0000000000017689 .LASF2830
     /tmp/ccWZZQZf.s:106840  .debug_str:0000000000049367 .LASF2831
     /tmp/ccWZZQZf.s:102758  .debug_str:00000000000385a2 .LASF2832
     /tmp/ccWZZQZf.s:95784  .debug_str:000000000001c154 .LASF2833
     /tmp/ccWZZQZf.s:105334  .debug_str:000000000004318d .LASF2834
     /tmp/ccWZZQZf.s:99142  .debug_str:0000000000029d0d .LASF2835
     /tmp/ccWZZQZf.s:93662  .debug_str:00000000000134ab .LASF2836
     /tmp/ccWZZQZf.s:99208  .debug_str:000000000002a17b .LASF2837
     /tmp/ccWZZQZf.s:106122  .debug_str:000000000004632b .LASF2838
     /tmp/ccWZZQZf.s:105056  .debug_str:0000000000041e97 .LASF2839
     /tmp/ccWZZQZf.s:93278  .debug_str:0000000000011bc4 .LASF2840
     /tmp/ccWZZQZf.s:105324  .debug_str:00000000000430ee .LASF2841
     /tmp/ccWZZQZf.s:93286  .debug_str:0000000000011c60 .LASF2842
     /tmp/ccWZZQZf.s:93388  .debug_str:00000000000122d3 .LASF2843
     /tmp/ccWZZQZf.s:96970  .debug_str:0000000000021501 .LASF2844
     /tmp/ccWZZQZf.s:104908  .debug_str:000000000004151c .LASF2845
     /tmp/ccWZZQZf.s:90202  .debug_str:000000000000552f .LASF2846
     /tmp/ccWZZQZf.s:107740  .debug_str:000000000004d3a2 .LASF2847
     /tmp/ccWZZQZf.s:101270  .debug_str:00000000000328bd .LASF2848
     /tmp/ccWZZQZf.s:91858  .debug_str:000000000000c56a .LASF2849
     /tmp/ccWZZQZf.s:98962  .debug_str:00000000000291ff .LASF2850
     /tmp/ccWZZQZf.s:103564  .debug_str:000000000003ba5a .LASF2851
     /tmp/ccWZZQZf.s:96642  .debug_str:000000000001fd94 .LASF2852
     /tmp/ccWZZQZf.s:89524  .debug_str:000000000000259f .LASF2853
     /tmp/ccWZZQZf.s:90864  .debug_str:000000000000812f .LASF2854
     /tmp/ccWZZQZf.s:100826  .debug_str:0000000000030a70 .LASF2855
     /tmp/ccWZZQZf.s:105208  .debug_str:0000000000042926 .LASF2856
     /tmp/ccWZZQZf.s:103256  .debug_str:000000000003a571 .LASF2857
     /tmp/ccWZZQZf.s:103252  .debug_str:000000000003a52d .LASF2858
     /tmp/ccWZZQZf.s:100394  .debug_str:000000000002ed95 .LASF2859
     /tmp/ccWZZQZf.s:95768  .debug_str:000000000001c02d .LASF2860
     /tmp/ccWZZQZf.s:90500  .debug_str:00000000000068e1 .LASF2861
     /tmp/ccWZZQZf.s:103860  .debug_str:000000000003ceaa .LASF2862
     /tmp/ccWZZQZf.s:90298  .debug_str:0000000000005bad .LASF2863
     /tmp/ccWZZQZf.s:96242  .debug_str:000000000001e16f .LASF2864
     /tmp/ccWZZQZf.s:95882  .debug_str:000000000001c78b .LASF2865
     /tmp/ccWZZQZf.s:93042  .debug_str:0000000000010bd0 .LASF2866
     /tmp/ccWZZQZf.s:99884  .debug_str:000000000002cc86 .LASF2867
     /tmp/ccWZZQZf.s:103996  .debug_str:000000000003d787 .LASF2868
     /tmp/ccWZZQZf.s:94768  .debug_str:0000000000017b69 .LASF2869
     /tmp/ccWZZQZf.s:99570  .debug_str:000000000002b8e5 .LASF2870
     /tmp/ccWZZQZf.s:101056  .debug_str:0000000000031a0d .LASF2871
     /tmp/ccWZZQZf.s:97308  .debug_str:00000000000229cc .LASF2872
     /tmp/ccWZZQZf.s:89366  .debug_str:0000000000001a97 .LASF2873
     /tmp/ccWZZQZf.s:92912  .debug_str:0000000000010417 .LASF2874
     /tmp/ccWZZQZf.s:96670  .debug_str:0000000000020058 .LASF2875
     /tmp/ccWZZQZf.s:91684  .debug_str:000000000000ba0d .LASF2876
     /tmp/ccWZZQZf.s:105012  .debug_str:0000000000041b4c .LASF2877
     /tmp/ccWZZQZf.s:90872  .debug_str:00000000000081c8 .LASF2878
     /tmp/ccWZZQZf.s:91828  .debug_str:000000000000c358 .LASF2879
     /tmp/ccWZZQZf.s:95630  .debug_str:000000000001b616 .LASF2880
     /tmp/ccWZZQZf.s:91268  .debug_str:0000000000009ca2 .LASF2881
     /tmp/ccWZZQZf.s:103992  .debug_str:000000000003d729 .LASF2882
     /tmp/ccWZZQZf.s:93870  .debug_str:000000000001412e .LASF2883
     /tmp/ccWZZQZf.s:93186  .debug_str:0000000000011530 .LASF2884
     /tmp/ccWZZQZf.s:98486  .debug_str:000000000002728d .LASF2885
     /tmp/ccWZZQZf.s:90848  .debug_str:0000000000007fe9 .LASF2886
     /tmp/ccWZZQZf.s:89782  .debug_str:00000000000037e6 .LASF2887
     /tmp/ccWZZQZf.s:101690  .debug_str:00000000000343a2 .LASF2888
     /tmp/ccWZZQZf.s:100314  .debug_str:000000000002e8e3 .LASF2889
     /tmp/ccWZZQZf.s:107624  .debug_str:000000000004cb28 .LASF2890
     /tmp/ccWZZQZf.s:107992  .debug_str:000000000004e438 .LASF2891
     /tmp/ccWZZQZf.s:95462  .debug_str:000000000001aa99 .LASF2892
     /tmp/ccWZZQZf.s:90508  .debug_str:000000000000699d .LASF2893
     /tmp/ccWZZQZf.s:104874  .debug_str:000000000004128b .LASF2894
     /tmp/ccWZZQZf.s:91042  .debug_str:0000000000008d81 .LASF2895
     /tmp/ccWZZQZf.s:107506  .debug_str:000000000004c271 .LASF2896
     /tmp/ccWZZQZf.s:91472  .debug_str:000000000000aa3a .LASF2897
     /tmp/ccWZZQZf.s:103724  .debug_str:000000000003c4da .LASF2898
     /tmp/ccWZZQZf.s:98738  .debug_str:0000000000028377 .LASF2899
     /tmp/ccWZZQZf.s:93540  .debug_str:0000000000012ca6 .LASF2900
     /tmp/ccWZZQZf.s:104828  .debug_str:0000000000040f3c .LASF2901
     /tmp/ccWZZQZf.s:103246  .debug_str:000000000003a493 .LASF2902
     /tmp/ccWZZQZf.s:98238  .debug_str:000000000002620c .LASF2903
     /tmp/ccWZZQZf.s:101718  .debug_str:0000000000034581 .LASF2904
     /tmp/ccWZZQZf.s:105816  .debug_str:0000000000044ff6 .LASF2905
     /tmp/ccWZZQZf.s:103466  .debug_str:000000000003b3e1 .LASF2906
     /tmp/ccWZZQZf.s:90532  .debug_str:0000000000006ba0 .LASF2907
     /tmp/ccWZZQZf.s:106358  .debug_str:00000000000472c8 .LASF2908
     /tmp/ccWZZQZf.s:103518  .debug_str:000000000003b7b3 .LASF2909
     /tmp/ccWZZQZf.s:94590  .debug_str:0000000000016f4d .LASF2910
     /tmp/ccWZZQZf.s:96202  .debug_str:000000000001de63 .LASF2911
     /tmp/ccWZZQZf.s:91346  .debug_str:000000000000a168 .LASF2912
     /tmp/ccWZZQZf.s:93872  .debug_str:000000000001416c .LASF2913
     /tmp/ccWZZQZf.s:94132  .debug_str:0000000000015122 .LASF2914
     /tmp/ccWZZQZf.s:91958  .debug_str:000000000000cc17 .LASF2915
     /tmp/ccWZZQZf.s:104552  .debug_str:000000000003fbd6 .LASF2916
     /tmp/ccWZZQZf.s:107448  .debug_str:000000000004bd64 .LASF2917
     /tmp/ccWZZQZf.s:94702  .debug_str:0000000000017772 .LASF2918
     /tmp/ccWZZQZf.s:106932  .debug_str:0000000000049a45 .LASF2919
     /tmp/ccWZZQZf.s:89452  .debug_str:00000000000020b8 .LASF2920
     /tmp/ccWZZQZf.s:93230  .debug_str:0000000000011838 .LASF2921
     /tmp/ccWZZQZf.s:101006  .debug_str:00000000000316ca .LASF2922
     /tmp/ccWZZQZf.s:106690  .debug_str:00000000000489c1 .LASF2923
     /tmp/ccWZZQZf.s:98622  .debug_str:0000000000027b76 .LASF2924
     /tmp/ccWZZQZf.s:104608  .debug_str:000000000003fff2 .LASF2925
     /tmp/ccWZZQZf.s:101276  .debug_str:000000000003293a .LASF2926
     /tmp/ccWZZQZf.s:90042  .debug_str:0000000000004a10 .LASF2927
     /tmp/ccWZZQZf.s:92990  .debug_str:00000000000108b0 .LASF2928
     /tmp/ccWZZQZf.s:96522  .debug_str:000000000001f473 .LASF2929
     /tmp/ccWZZQZf.s:95258  .debug_str:0000000000019bdd .LASF2930
     /tmp/ccWZZQZf.s:107576  .debug_str:000000000004c831 .LASF2931
     /tmp/ccWZZQZf.s:95924  .debug_str:000000000001ca96 .LASF2932
     /tmp/ccWZZQZf.s:103052  .debug_str:000000000003971a .LASF2933
     /tmp/ccWZZQZf.s:96216  .debug_str:000000000001df50 .LASF2934
     /tmp/ccWZZQZf.s:91400  .debug_str:000000000000a555 .LASF2935
     /tmp/ccWZZQZf.s:96968  .debug_str:00000000000214b5 .LASF2936
     /tmp/ccWZZQZf.s:102252  .debug_str:00000000000369af .LASF2937
     /tmp/ccWZZQZf.s:100280  .debug_str:000000000002e652 .LASF2938
     /tmp/ccWZZQZf.s:103588  .debug_str:000000000003bbe5 .LASF2939
     /tmp/ccWZZQZf.s:107342  .debug_str:000000000004b6aa .LASF2940
     /tmp/ccWZZQZf.s:104254  .debug_str:000000000003e819 .LASF2941
     /tmp/ccWZZQZf.s:102418  .debug_str:000000000003739e .LASF2942
     /tmp/ccWZZQZf.s:95332  .debug_str:000000000001a165 .LASF2943
     /tmp/ccWZZQZf.s:96358  .debug_str:000000000001e8d2 .LASF2944
     /tmp/ccWZZQZf.s:105588  .debug_str:0000000000044170 .LASF2945
     /tmp/ccWZZQZf.s:92098  .debug_str:000000000000d563 .LASF2946
     /tmp/ccWZZQZf.s:103474  .debug_str:000000000003b482 .LASF2947
     /tmp/ccWZZQZf.s:102748  .debug_str:000000000003850b .LASF2948
     /tmp/ccWZZQZf.s:94492  .debug_str:000000000001688e .LASF2949
     /tmp/ccWZZQZf.s:93992  .debug_str:000000000001484c .LASF2950
     /tmp/ccWZZQZf.s:101156  .debug_str:00000000000320f5 .LASF2951
     /tmp/ccWZZQZf.s:104454  .debug_str:000000000003f463 .LASF2952
     /tmp/ccWZZQZf.s:95794  .debug_str:000000000001c21c .LASF2953
     /tmp/ccWZZQZf.s:103478  .debug_str:000000000003b4ce .LASF2954
     /tmp/ccWZZQZf.s:103858  .debug_str:000000000003ce67 .LASF2955
     /tmp/ccWZZQZf.s:95702  .debug_str:000000000001bb81 .LASF2956
     /tmp/ccWZZQZf.s:104588  .debug_str:000000000003fe62 .LASF2957
     /tmp/ccWZZQZf.s:106244  .debug_str:0000000000046b99 .LASF2958
     /tmp/ccWZZQZf.s:100266  .debug_str:000000000002e552 .LASF2959
     /tmp/ccWZZQZf.s:94138  .debug_str:00000000000151b9 .LASF2960
     /tmp/ccWZZQZf.s:90738  .debug_str:0000000000007922 .LASF2961
     /tmp/ccWZZQZf.s:100336  .debug_str:000000000002ea0b .LASF2962
     /tmp/ccWZZQZf.s:91816  .debug_str:000000000000c262 .LASF2963
     /tmp/ccWZZQZf.s:103888  .debug_str:000000000003d08a .LASF2964
     /tmp/ccWZZQZf.s:98766  .debug_str:00000000000285c1 .LASF2965
     /tmp/ccWZZQZf.s:105006  .debug_str:0000000000041aaa .LASF2966
     /tmp/ccWZZQZf.s:93640  .debug_str:000000000001332d .LASF2967
     /tmp/ccWZZQZf.s:105060  .debug_str:0000000000041ef3 .LASF2968
     /tmp/ccWZZQZf.s:97562  .debug_str:0000000000023b45 .LASF2969
     /tmp/ccWZZQZf.s:106132  .debug_str:00000000000463e9 .LASF2970
     /tmp/ccWZZQZf.s:102544  .debug_str:0000000000037a15 .LASF2971
     /tmp/ccWZZQZf.s:99286  .debug_str:000000000002a627 .LASF2972
     /tmp/ccWZZQZf.s:100354  .debug_str:000000000002eb44 .LASF2973
     /tmp/ccWZZQZf.s:107780  .debug_str:000000000004d5d6 .LASF2974
     /tmp/ccWZZQZf.s:90462  .debug_str:000000000000663f .LASF2975
     /tmp/ccWZZQZf.s:101564  .debug_str:0000000000033ba5 .LASF2976
     /tmp/ccWZZQZf.s:106256  .debug_str:0000000000046c6f .LASF2977
     /tmp/ccWZZQZf.s:96664  .debug_str:000000000001ffbb .LASF2978
     /tmp/ccWZZQZf.s:96324  .debug_str:000000000001e65c .LASF2979
     /tmp/ccWZZQZf.s:105608  .debug_str:00000000000442f1 .LASF2980
     /tmp/ccWZZQZf.s:91006  .debug_str:0000000000008ae7 .LASF2981
     /tmp/ccWZZQZf.s:102712  .debug_str:00000000000382ca .LASF2982
     /tmp/ccWZZQZf.s:96026  .debug_str:000000000001d172 .LASF2983
     /tmp/ccWZZQZf.s:92998  .debug_str:0000000000010968 .LASF2984
     /tmp/ccWZZQZf.s:103590  .debug_str:000000000003bc0e .LASF2985
     /tmp/ccWZZQZf.s:94308  .debug_str:0000000000015c1e .LASF2986
     /tmp/ccWZZQZf.s:107564  .debug_str:000000000004c779 .LASF2987
     /tmp/ccWZZQZf.s:99376  .debug_str:000000000002acb9 .LASF2988
     /tmp/ccWZZQZf.s:92670  .debug_str:000000000000f648 .LASF2989
     /tmp/ccWZZQZf.s:100204  .debug_str:000000000002e0a3 .LASF2990
     /tmp/ccWZZQZf.s:97698  .debug_str:00000000000243b1 .LASF2991
     /tmp/ccWZZQZf.s:90472  .debug_str:000000000000671d .LASF2992
     /tmp/ccWZZQZf.s:95266  .debug_str:0000000000019c9d .LASF2993
     /tmp/ccWZZQZf.s:95328  .debug_str:000000000001a11d .LASF2994
     /tmp/ccWZZQZf.s:95592  .debug_str:000000000001b372 .LASF2995
     /tmp/ccWZZQZf.s:100076  .debug_str:000000000002d8f5 .LASF2996
     /tmp/ccWZZQZf.s:91164  .debug_str:0000000000009588 .LASF2997
     /tmp/ccWZZQZf.s:103330  .debug_str:000000000003a98c .LASF2998
     /tmp/ccWZZQZf.s:90512  .debug_str:0000000000006a16 .LASF2999
     /tmp/ccWZZQZf.s:97032  .debug_str:000000000002183d .LASF3000
     /tmp/ccWZZQZf.s:100412  .debug_str:000000000002eef4 .LASF3001
     /tmp/ccWZZQZf.s:94200  .debug_str:000000000001564c .LASF3002
     /tmp/ccWZZQZf.s:91588  .debug_str:000000000000b2a1 .LASF3003
     /tmp/ccWZZQZf.s:104422  .debug_str:000000000003f2c3 .LASF3004
     /tmp/ccWZZQZf.s:90962  .debug_str:00000000000087ca .LASF3005
     /tmp/ccWZZQZf.s:95504  .debug_str:000000000001ad6a .LASF3006
     /tmp/ccWZZQZf.s:105094  .debug_str:00000000000420f6 .LASF3007
     /tmp/ccWZZQZf.s:101220  .debug_str:000000000003255b .LASF3008
     /tmp/ccWZZQZf.s:96412  .debug_str:000000000001ed0c .LASF3009
     /tmp/ccWZZQZf.s:106054  .debug_str:0000000000045ea1 .LASF3010
     /tmp/ccWZZQZf.s:98234  .debug_str:00000000000261ba .LASF3011
     /tmp/ccWZZQZf.s:102554  .debug_str:0000000000037af2 .LASF3012
     /tmp/ccWZZQZf.s:98398  .debug_str:0000000000026c38 .LASF3013
     /tmp/ccWZZQZf.s:93578  .debug_str:0000000000012f94 .LASF3014
     /tmp/ccWZZQZf.s:97328  .debug_str:0000000000022b5a .LASF3015
     /tmp/ccWZZQZf.s:101676  .debug_str:00000000000342bc .LASF3016
     /tmp/ccWZZQZf.s:89646  .debug_str:0000000000002f3c .LASF3017
     /tmp/ccWZZQZf.s:101724  .debug_str:00000000000345f5 .LASF3018
     /tmp/ccWZZQZf.s:89112  .debug_str:0000000000000951 .LASF3019
     /tmp/ccWZZQZf.s:96588  .debug_str:000000000001f9d5 .LASF3020
     /tmp/ccWZZQZf.s:103850  .debug_str:000000000003cdba .LASF3021
     /tmp/ccWZZQZf.s:90334  .debug_str:0000000000005dea .LASF3022
     /tmp/ccWZZQZf.s:95676  .debug_str:000000000001b934 .LASF3023
     /tmp/ccWZZQZf.s:95936  .debug_str:000000000001cb64 .LASF3024
     /tmp/ccWZZQZf.s:90178  .debug_str:0000000000005344 .LASF3025
     /tmp/ccWZZQZf.s:94970  .debug_str:00000000000187cc .LASF3026
     /tmp/ccWZZQZf.s:100814  .debug_str:000000000003097f .LASF3027
     /tmp/ccWZZQZf.s:104014  .debug_str:000000000003d8ab .LASF3028
     /tmp/ccWZZQZf.s:95664  .debug_str:000000000001b873 .LASF3029
     /tmp/ccWZZQZf.s:100234  .debug_str:000000000002e2b4 .LASF3030
     /tmp/ccWZZQZf.s:94782  .debug_str:0000000000017c9e .LASF3031
     /tmp/ccWZZQZf.s:106458  .debug_str:00000000000479bc .LASF3032
     /tmp/ccWZZQZf.s:107200  .debug_str:000000000004ac94 .LASF3033
     /tmp/ccWZZQZf.s:98404  .debug_str:0000000000026cb4 .LASF3034
     /tmp/ccWZZQZf.s:98774  .debug_str:000000000002867e .LASF3035
     /tmp/ccWZZQZf.s:91348  .debug_str:000000000000a1af .LASF3036
     /tmp/ccWZZQZf.s:106974  .debug_str:0000000000049d3c .LASF3037
     /tmp/ccWZZQZf.s:107920  .debug_str:000000000004df47 .LASF3038
     /tmp/ccWZZQZf.s:102334  .debug_str:0000000000036e90 .LASF3039
     /tmp/ccWZZQZf.s:101014  .debug_str:0000000000031762 .LASF3040
     /tmp/ccWZZQZf.s:97422  .debug_str:0000000000023226 .LASF3041
     /tmp/ccWZZQZf.s:103006  .debug_str:00000000000393d3 .LASF3042
     /tmp/ccWZZQZf.s:102326  .debug_str:0000000000036dd7 .LASF3043
     /tmp/ccWZZQZf.s:93080  .debug_str:0000000000010e85 .LASF3044
     /tmp/ccWZZQZf.s:90602  .debug_str:0000000000007085 .LASF3045
     /tmp/ccWZZQZf.s:92868  .debug_str:0000000000010153 .LASF3046
     /tmp/ccWZZQZf.s:103370  .debug_str:000000000003acbe .LASF3047
     /tmp/ccWZZQZf.s:100146  .debug_str:000000000002dd5a .LASF3048
     /tmp/ccWZZQZf.s:89412  .debug_str:0000000000001d9c .LASF3049
     /tmp/ccWZZQZf.s:94994  .debug_str:000000000001898d .LASF3050
     /tmp/ccWZZQZf.s:93446  .debug_str:0000000000012605 .LASF3051
     /tmp/ccWZZQZf.s:100262  .debug_str:000000000002e4da .LASF3052
     /tmp/ccWZZQZf.s:90890  .debug_str:0000000000008322 .LASF3053
     /tmp/ccWZZQZf.s:105128  .debug_str:00000000000423ce .LASF3054
     /tmp/ccWZZQZf.s:104176  .debug_str:000000000003e33e .LASF3055
     /tmp/ccWZZQZf.s:105534  .debug_str:0000000000043e69 .LASF3056
     /tmp/ccWZZQZf.s:101232  .debug_str:0000000000032621 .LASF3057
     /tmp/ccWZZQZf.s:96896  .debug_str:0000000000020f9b .LASF3058
     /tmp/ccWZZQZf.s:96796  .debug_str:0000000000020815 .LASF3059
     /tmp/ccWZZQZf.s:91148  .debug_str:0000000000009440 .LASF3060
     /tmp/ccWZZQZf.s:90240  .debug_str:0000000000005840 .LASF3061
     /tmp/ccWZZQZf.s:104638  .debug_str:0000000000040278 .LASF3062
     /tmp/ccWZZQZf.s:106094  .debug_str:0000000000046149 .LASF3063
     /tmp/ccWZZQZf.s:95962  .debug_str:000000000001cd08 .LASF3064
     /tmp/ccWZZQZf.s:94366  .debug_str:0000000000015fda .LASF3065
     /tmp/ccWZZQZf.s:106452  .debug_str:0000000000047946 .LASF3066
     /tmp/ccWZZQZf.s:104584  .debug_str:000000000003fdfd .LASF3067
     /tmp/ccWZZQZf.s:99032  .debug_str:0000000000029662 .LASF3068
     /tmp/ccWZZQZf.s:102804  .debug_str:00000000000387a2 .LASF3069
     /tmp/ccWZZQZf.s:90278  .debug_str:0000000000005a71 .LASF3070
     /tmp/ccWZZQZf.s:89852  .debug_str:0000000000003c7d .LASF3071
     /tmp/ccWZZQZf.s:104220  .debug_str:000000000003e5e8 .LASF3072
     /tmp/ccWZZQZf.s:107904  .debug_str:000000000004de06 .LASF3073
     /tmp/ccWZZQZf.s:92020  .debug_str:000000000000d04f .LASF3074
     /tmp/ccWZZQZf.s:91098  .debug_str:0000000000009144 .LASF3075
     /tmp/ccWZZQZf.s:90994  .debug_str:00000000000089d3 .LASF3076
     /tmp/ccWZZQZf.s:105206  .debug_str:00000000000428e3 .LASF3077
     /tmp/ccWZZQZf.s:101378  .debug_str:0000000000032f40 .LASF3078
     /tmp/ccWZZQZf.s:98956  .debug_str:0000000000029188 .LASF3079
     /tmp/ccWZZQZf.s:95564  .debug_str:000000000001b122 .LASF3080
     /tmp/ccWZZQZf.s:92872  .debug_str:000000000001019f .LASF3081
     /tmp/ccWZZQZf.s:104102  .debug_str:000000000003ddf3 .LASF3082
     /tmp/ccWZZQZf.s:96672  .debug_str:00000000000200a1 .LASF3083
     /tmp/ccWZZQZf.s:91024  .debug_str:0000000000008c42 .LASF3084
     /tmp/ccWZZQZf.s:95766  .debug_str:000000000001bfec .LASF3085
     /tmp/ccWZZQZf.s:95880  .debug_str:000000000001c74f .LASF3086
     /tmp/ccWZZQZf.s:102220  .debug_str:0000000000036718 .LASF3087
     /tmp/ccWZZQZf.s:94274  .debug_str:0000000000015a1a .LASF3088
     /tmp/ccWZZQZf.s:104714  .debug_str:000000000004079d .LASF3089
     /tmp/ccWZZQZf.s:105734  .debug_str:0000000000044abe .LASF3090
     /tmp/ccWZZQZf.s:103436  .debug_str:000000000003b19d .LASF3091
     /tmp/ccWZZQZf.s:106670  .debug_str:0000000000048855 .LASF3092
     /tmp/ccWZZQZf.s:103088  .debug_str:0000000000039996 .LASF3093
     /tmp/ccWZZQZf.s:102002  .debug_str:0000000000035965 .LASF3094
     /tmp/ccWZZQZf.s:93160  .debug_str:000000000001131b .LASF3095
     /tmp/ccWZZQZf.s:97122  .debug_str:0000000000021dcc .LASF3096
     /tmp/ccWZZQZf.s:102586  .debug_str:0000000000037ce5 .LASF3097
     /tmp/ccWZZQZf.s:93348  .debug_str:0000000000012081 .LASF3098
     /tmp/ccWZZQZf.s:91014  .debug_str:0000000000008b76 .LASF3099
     /tmp/ccWZZQZf.s:107798  .debug_str:000000000004d730 .LASF3100
     /tmp/ccWZZQZf.s:102720  .debug_str:0000000000038343 .LASF3101
     /tmp/ccWZZQZf.s:103184  .debug_str:0000000000039feb .LASF3102
     /tmp/ccWZZQZf.s:95058  .debug_str:0000000000018dda .LASF3103
     /tmp/ccWZZQZf.s:98220  .debug_str:00000000000260c8 .LASF3104
     /tmp/ccWZZQZf.s:90152  .debug_str:000000000000511b .LASF3105
     /tmp/ccWZZQZf.s:103340  .debug_str:000000000003aa5c .LASF3106
     /tmp/ccWZZQZf.s:89976  .debug_str:0000000000004575 .LASF3107
     /tmp/ccWZZQZf.s:105810  .debug_str:0000000000044f68 .LASF3108
     /tmp/ccWZZQZf.s:98172  .debug_str:0000000000025d4c .LASF3109
     /tmp/ccWZZQZf.s:98662  .debug_str:0000000000027e7c .LASF3110
     /tmp/ccWZZQZf.s:103840  .debug_str:000000000003cce3 .LASF3111
     /tmp/ccWZZQZf.s:91832  .debug_str:000000000000c3b6 .LASF3112
     /tmp/ccWZZQZf.s:91888  .debug_str:000000000000c771 .LASF3113
     /tmp/ccWZZQZf.s:106568  .debug_str:000000000004821e .LASF3114
     /tmp/ccWZZQZf.s:107592  .debug_str:000000000004c940 .LASF3115
     /tmp/ccWZZQZf.s:104258  .debug_str:000000000003e886 .LASF3116
     /tmp/ccWZZQZf.s:93706  .debug_str:0000000000013741 .LASF3117
     /tmp/ccWZZQZf.s:94328  .debug_str:0000000000015d9f .LASF3118
     /tmp/ccWZZQZf.s:102342  .debug_str:0000000000036f1b .LASF3119
     /tmp/ccWZZQZf.s:105738  .debug_str:0000000000044b38 .LASF3120
     /tmp/ccWZZQZf.s:104368  .debug_str:000000000003ef2d .LASF3121
     /tmp/ccWZZQZf.s:107368  .debug_str:000000000004b851 .LASF3122
     /tmp/ccWZZQZf.s:89642  .debug_str:0000000000002ee8 .LASF3123
     /tmp/ccWZZQZf.s:103084  .debug_str:0000000000039946 .LASF3124
     /tmp/ccWZZQZf.s:100180  .debug_str:000000000002df54 .LASF3125
     /tmp/ccWZZQZf.s:103674  .debug_str:000000000003c1ca .LASF3126
     /tmp/ccWZZQZf.s:91356  .debug_str:000000000000a258 .LASF3127
     /tmp/ccWZZQZf.s:94530  .debug_str:0000000000016b0a .LASF3128
     /tmp/ccWZZQZf.s:104788  .debug_str:0000000000040c62 .LASF3129
     /tmp/ccWZZQZf.s:96404  .debug_str:000000000001ec94 .LASF3130
     /tmp/ccWZZQZf.s:103288  .debug_str:000000000003a74c .LASF3131
     /tmp/ccWZZQZf.s:106620  .debug_str:000000000004856e .LASF3132
     /tmp/ccWZZQZf.s:94528  .debug_str:0000000000016acf .LASF3133
     /tmp/ccWZZQZf.s:97686  .debug_str:00000000000242f5 .LASF3134
     /tmp/ccWZZQZf.s:104988  .debug_str:0000000000041935 .LASF3135
     /tmp/ccWZZQZf.s:107938  .debug_str:000000000004e09c .LASF3136
     /tmp/ccWZZQZf.s:105530  .debug_str:0000000000043e0f .LASF3137
     /tmp/ccWZZQZf.s:96876  .debug_str:0000000000020e08 .LASF3138
     /tmp/ccWZZQZf.s:95640  .debug_str:000000000001b6fb .LASF3139
     /tmp/ccWZZQZf.s:101886  .debug_str:000000000003515f .LASF3140
     /tmp/ccWZZQZf.s:89044  .debug_str:000000000000048c .LASF3141
     /tmp/ccWZZQZf.s:101654  .debug_str:0000000000034113 .LASF3142
     /tmp/ccWZZQZf.s:99412  .debug_str:000000000002ae63 .LASF3143
     /tmp/ccWZZQZf.s:99814  .debug_str:000000000002c7dc .LASF3144
     /tmp/ccWZZQZf.s:105686  .debug_str:0000000000044791 .LASF3145
     /tmp/ccWZZQZf.s:103284  .debug_str:000000000003a6f9 .LASF3146
     /tmp/ccWZZQZf.s:101428  .debug_str:0000000000033272 .LASF3147
     /tmp/ccWZZQZf.s:90096  .debug_str:0000000000004da1 .LASF3148
     /tmp/ccWZZQZf.s:107552  .debug_str:000000000004c67f .LASF3149
     /tmp/ccWZZQZf.s:93320  .debug_str:0000000000011ece .LASF3150
     /tmp/ccWZZQZf.s:100820  .debug_str:0000000000030a0d .LASF3151
     /tmp/ccWZZQZf.s:94860  .debug_str:000000000001819f .LASF3152
     /tmp/ccWZZQZf.s:106970  .debug_str:0000000000049ced .LASF3153
     /tmp/ccWZZQZf.s:94388  .debug_str:000000000001618f .LASF3154
     /tmp/ccWZZQZf.s:99990  .debug_str:000000000002d3ec .LASF3155
     /tmp/ccWZZQZf.s:105968  .debug_str:0000000000045965 .LASF3156
     /tmp/ccWZZQZf.s:101796  .debug_str:0000000000034b69 .LASF3157
     /tmp/ccWZZQZf.s:98406  .debug_str:0000000000026cfb .LASF3158
     /tmp/ccWZZQZf.s:99048  .debug_str:0000000000029797 .LASF3159
     /tmp/ccWZZQZf.s:97510  .debug_str:0000000000023797 .LASF3160
     /tmp/ccWZZQZf.s:94142  .debug_str:0000000000015210 .LASF3161
     /tmp/ccWZZQZf.s:106832  .debug_str:00000000000492cd .LASF3162
     /tmp/ccWZZQZf.s:89428  .debug_str:0000000000001eb5 .LASF3163
     /tmp/ccWZZQZf.s:97090  .debug_str:0000000000021c3c .LASF3164
     /tmp/ccWZZQZf.s:103868  .debug_str:000000000003cf38 .LASF3165
     /tmp/ccWZZQZf.s:106422  .debug_str:000000000004771b .LASF3166
     /tmp/ccWZZQZf.s:90664  .debug_str:0000000000007479 .LASF3167
     /tmp/ccWZZQZf.s:106402  .debug_str:00000000000475ac .LASF3168
     /tmp/ccWZZQZf.s:102024  .debug_str:0000000000035abd .LASF3169
     /tmp/ccWZZQZf.s:94558  .debug_str:0000000000016d07 .LASF3170
     /tmp/ccWZZQZf.s:91938  .debug_str:000000000000ca7a .LASF3171
     /tmp/ccWZZQZf.s:98922  .debug_str:0000000000028f42 .LASF3172
     /tmp/ccWZZQZf.s:90348  .debug_str:0000000000005edd .LASF3173
     /tmp/ccWZZQZf.s:105310  .debug_str:0000000000042fc6 .LASF3174
     /tmp/ccWZZQZf.s:105048  .debug_str:0000000000041de3 .LASF3175
     /tmp/ccWZZQZf.s:91016  .debug_str:0000000000008bba .LASF3176
     /tmp/ccWZZQZf.s:102958  .debug_str:0000000000039033 .LASF3177
     /tmp/ccWZZQZf.s:92630  .debug_str:000000000000f2fd .LASF3178
     /tmp/ccWZZQZf.s:91332  .debug_str:000000000000a065 .LASF3179
     /tmp/ccWZZQZf.s:107914  .debug_str:000000000004de9e .LASF3180
     /tmp/ccWZZQZf.s:95092  .debug_str:0000000000019045 .LASF3181
     /tmp/ccWZZQZf.s:92564  .debug_str:000000000000ef2e .LASF3182
     /tmp/ccWZZQZf.s:89426  .debug_str:0000000000001e8c .LASF3183
     /tmp/ccWZZQZf.s:90510  .debug_str:00000000000069d8 .LASF3184
     /tmp/ccWZZQZf.s:103128  .debug_str:0000000000039c67 .LASF3185
     /tmp/ccWZZQZf.s:101562  .debug_str:0000000000033b67 .LASF3186
     /tmp/ccWZZQZf.s:94098  .debug_str:0000000000014f12 .LASF3187
     /tmp/ccWZZQZf.s:93344  .debug_str:0000000000012016 .LASF3188
     /tmp/ccWZZQZf.s:104812  .debug_str:0000000000040df2 .LASF3189
     /tmp/ccWZZQZf.s:107422  .debug_str:000000000004bb3f .LASF3190
     /tmp/ccWZZQZf.s:91656  .debug_str:000000000000b80a .LASF3191
     /tmp/ccWZZQZf.s:97674  .debug_str:0000000000024221 .LASF3192
     /tmp/ccWZZQZf.s:104990  .debug_str:0000000000041970 .LASF3193
     /tmp/ccWZZQZf.s:103106  .debug_str:0000000000039aaf .LASF3194
     /tmp/ccWZZQZf.s:96050  .debug_str:000000000001d366 .LASF3195
     /tmp/ccWZZQZf.s:94324  .debug_str:0000000000015d3c .LASF3196
     /tmp/ccWZZQZf.s:89048  .debug_str:000000000000050f .LASF3197
     /tmp/ccWZZQZf.s:93272  .debug_str:0000000000011b50 .LASF3198
     /tmp/ccWZZQZf.s:95204  .debug_str:0000000000019796 .LASF3199
     /tmp/ccWZZQZf.s:101842  .debug_str:0000000000034eac .LASF3200
     /tmp/ccWZZQZf.s:95138  .debug_str:0000000000019369 .LASF3201
     /tmp/ccWZZQZf.s:90128  .debug_str:0000000000004fae .LASF3202
     /tmp/ccWZZQZf.s:89042  .debug_str:0000000000000445 .LASF3203
     /tmp/ccWZZQZf.s:104548  .debug_str:000000000003fb82 .LASF3204
     /tmp/ccWZZQZf.s:98116  .debug_str:0000000000025974 .LASF3205
     /tmp/ccWZZQZf.s:89594  .debug_str:0000000000002b38 .LASF3206
     /tmp/ccWZZQZf.s:95436  .debug_str:000000000001a8ec .LASF3207
     /tmp/ccWZZQZf.s:93216  .debug_str:000000000001173e .LASF3208
     /tmp/ccWZZQZf.s:94374  .debug_str:0000000000016054 .LASF3209
     /tmp/ccWZZQZf.s:96364  .debug_str:000000000001e961 .LASF3210
     /tmp/ccWZZQZf.s:93978  .debug_str:0000000000014749 .LASF3211
     /tmp/ccWZZQZf.s:88998  .debug_str:0000000000000161 .LASF3212
     /tmp/ccWZZQZf.s:97056  .debug_str:000000000002195e .LASF3213
     /tmp/ccWZZQZf.s:89318  .debug_str:0000000000001705 .LASF3214
     /tmp/ccWZZQZf.s:97632  .debug_str:0000000000024051 .LASF3215
     /tmp/ccWZZQZf.s:103354  .debug_str:000000000003ab64 .LASF3216
     /tmp/ccWZZQZf.s:89118  .debug_str:00000000000009e0 .LASF3217
     /tmp/ccWZZQZf.s:103596  .debug_str:000000000003bcb0 .LASF3218
     /tmp/ccWZZQZf.s:101702  .debug_str:0000000000034474 .LASF3219
     /tmp/ccWZZQZf.s:90652  .debug_str:000000000000737d .LASF3220
     /tmp/ccWZZQZf.s:90480  .debug_str:00000000000067c3 .LASF3221
     /tmp/ccWZZQZf.s:105144  .debug_str:000000000004251f .LASF3222
     /tmp/ccWZZQZf.s:96662  .debug_str:000000000001ff77 .LASF3223
     /tmp/ccWZZQZf.s:100476  .debug_str:000000000002f334 .LASF3224
     /tmp/ccWZZQZf.s:98530  .debug_str:00000000000275c4 .LASF3225
     /tmp/ccWZZQZf.s:95556  .debug_str:000000000001b07a .LASF3226
     /tmp/ccWZZQZf.s:107866  .debug_str:000000000004dba0 .LASF3227
     /tmp/ccWZZQZf.s:90898  .debug_str:00000000000083bc .LASF3228
     /tmp/ccWZZQZf.s:107840  .debug_str:000000000004da16 .LASF3229
     /tmp/ccWZZQZf.s:106978  .debug_str:0000000000049d90 .LASF3230
     /tmp/ccWZZQZf.s:96096  .debug_str:000000000001d695 .LASF3231
     /tmp/ccWZZQZf.s:91972  .debug_str:000000000000cd2a .LASF3232
     /tmp/ccWZZQZf.s:100300  .debug_str:000000000002e7c8 .LASF3233
     /tmp/ccWZZQZf.s:93376  .debug_str:000000000001222a .LASF3234
     /tmp/ccWZZQZf.s:103620  .debug_str:000000000003be29 .LASF3235
     /tmp/ccWZZQZf.s:108042  .debug_str:000000000004e7bb .LASF3236
     /tmp/ccWZZQZf.s:89328  .debug_str:00000000000017cb .LASF3237
     /tmp/ccWZZQZf.s:107538  .debug_str:000000000004c54b .LASF3238
     /tmp/ccWZZQZf.s:92382  .debug_str:000000000000e631 .LASF3239
     /tmp/ccWZZQZf.s:102332  .debug_str:0000000000036e4c .LASF3240
     /tmp/ccWZZQZf.s:107516  .debug_str:000000000004c33b .LASF3241
     /tmp/ccWZZQZf.s:92380  .debug_str:000000000000e5ee .LASF3242
     /tmp/ccWZZQZf.s:102980  .debug_str:0000000000039219 .LASF3243
     /tmp/ccWZZQZf.s:101910  .debug_str:00000000000352c3 .LASF3244
     /tmp/ccWZZQZf.s:103760  .debug_str:000000000003c761 .LASF3245
     /tmp/ccWZZQZf.s:96180  .debug_str:000000000001dd12 .LASF3246
     /tmp/ccWZZQZf.s:94390  .debug_str:00000000000161d6 .LASF3247
     /tmp/ccWZZQZf.s:92820  .debug_str:000000000000fed5 .LASF3248
     /tmp/ccWZZQZf.s:105040  .debug_str:0000000000041d32 .LASF3249
     /tmp/ccWZZQZf.s:90010  .debug_str:00000000000047d3 .LASF3250
     /tmp/ccWZZQZf.s:96168  .debug_str:000000000001dbe1 .LASF3251
     /tmp/ccWZZQZf.s:92296  .debug_str:000000000000e1a3 .LASF3252
     /tmp/ccWZZQZf.s:105418  .debug_str:0000000000043709 .LASF3253
     /tmp/ccWZZQZf.s:102670  .debug_str:0000000000038123 .LASF3254
     /tmp/ccWZZQZf.s:99052  .debug_str:00000000000297e5 .LASF3255
     /tmp/ccWZZQZf.s:93680  .debug_str:00000000000135b8 .LASF3256
     /tmp/ccWZZQZf.s:107360  .debug_str:000000000004b7db .LASF3257
     /tmp/ccWZZQZf.s:91084  .debug_str:0000000000009069 .LASF3258
     /tmp/ccWZZQZf.s:97518  .debug_str:000000000002383f .LASF3259
     /tmp/ccWZZQZf.s:105702  .debug_str:00000000000448aa .LASF3260
     /tmp/ccWZZQZf.s:91548  .debug_str:000000000000afff .LASF3261
     /tmp/ccWZZQZf.s:102206  .debug_str:0000000000036612 .LASF3262
     /tmp/ccWZZQZf.s:91918  .debug_str:000000000000c97f .LASF3263
     /tmp/ccWZZQZf.s:104522  .debug_str:000000000003f9b2 .LASF3264
     /tmp/ccWZZQZf.s:103030  .debug_str:0000000000039573 .LASF3265
     /tmp/ccWZZQZf.s:90938  .debug_str:0000000000008611 .LASF3266
     /tmp/ccWZZQZf.s:89908  .debug_str:00000000000040b0 .LASF3267
     /tmp/ccWZZQZf.s:104634  .debug_str:0000000000040226 .LASF3268
     /tmp/ccWZZQZf.s:98746  .debug_str:000000000002841a .LASF3269
     /tmp/ccWZZQZf.s:103358  .debug_str:000000000003abbe .LASF3270
     /tmp/ccWZZQZf.s:93972  .debug_str:00000000000146c2 .LASF3271
     /tmp/ccWZZQZf.s:96666  .debug_str:000000000001fff7 .LASF3272
     /tmp/ccWZZQZf.s:101546  .debug_str:0000000000033a0b .LASF3273
     /tmp/ccWZZQZf.s:97332  .debug_str:0000000000022ba9 .LASF3274
     /tmp/ccWZZQZf.s:102822  .debug_str:00000000000388cb .LASF3275
     /tmp/ccWZZQZf.s:95270  .debug_str:0000000000019cfc .LASF3276
     /tmp/ccWZZQZf.s:107668  .debug_str:000000000004ce73 .LASF3277
     /tmp/ccWZZQZf.s:104610  .debug_str:000000000004002f .LASF3278
     /tmp/ccWZZQZf.s:93134  .debug_str:0000000000011174 .LASF3279
     /tmp/ccWZZQZf.s:94978  .debug_str:0000000000018869 .LASF3280
     /tmp/ccWZZQZf.s:96356  .debug_str:000000000001e896 .LASF3281
     /tmp/ccWZZQZf.s:96032  .debug_str:000000000001d20b .LASF3282
     /tmp/ccWZZQZf.s:93244  .debug_str:0000000000011942 .LASF3283
     /tmp/ccWZZQZf.s:105390  .debug_str:0000000000043510 .LASF3284
     /tmp/ccWZZQZf.s:105932  .debug_str:00000000000456e7 .LASF3285
     /tmp/ccWZZQZf.s:95586  .debug_str:000000000001b2ba .LASF3286
     /tmp/ccWZZQZf.s:101252  .debug_str:000000000003276e .LASF3287
     /tmp/ccWZZQZf.s:105108  .debug_str:0000000000042230 .LASF3288
     /tmp/ccWZZQZf.s:107180  .debug_str:000000000004ab3a .LASF3289
     /tmp/ccWZZQZf.s:104880  .debug_str:000000000004131b .LASF3290
     /tmp/ccWZZQZf.s:96370  .debug_str:000000000001ea19 .LASF3291
     /tmp/ccWZZQZf.s:95260  .debug_str:0000000000019c1f .LASF3292
     /tmp/ccWZZQZf.s:102422  .debug_str:0000000000037418 .LASF3293
     /tmp/ccWZZQZf.s:93852  .debug_str:000000000001402b .LASF3294
     /tmp/ccWZZQZf.s:101386  .debug_str:0000000000032fd3 .LASF3295
     /tmp/ccWZZQZf.s:106198  .debug_str:00000000000468e6 .LASF3296
     /tmp/ccWZZQZf.s:106518  .debug_str:0000000000047e07 .LASF3297
     /tmp/ccWZZQZf.s:105536  .debug_str:0000000000043eae .LASF3298
     /tmp/ccWZZQZf.s:91650  .debug_str:000000000000b735 .LASF3299
     /tmp/ccWZZQZf.s:94680  .debug_str:0000000000017644 .LASF3300
     /tmp/ccWZZQZf.s:89898  .debug_str:0000000000003fdd .LASF3301
     /tmp/ccWZZQZf.s:98376  .debug_str:0000000000026aa7 .LASF3302
     /tmp/ccWZZQZf.s:107948  .debug_str:000000000004e177 .LASF3303
     /tmp/ccWZZQZf.s:103102  .debug_str:0000000000039a4d .LASF3304
     /tmp/ccWZZQZf.s:94224  .debug_str:00000000000157ad .LASF3305
     /tmp/ccWZZQZf.s:98796  .debug_str:00000000000287ff .LASF3306
     /tmp/ccWZZQZf.s:97376  .debug_str:0000000000022ed7 .LASF3307
     /tmp/ccWZZQZf.s:90248  .debug_str:00000000000058d5 .LASF3308
     /tmp/ccWZZQZf.s:92808  .debug_str:000000000000fe09 .LASF3309
     /tmp/ccWZZQZf.s:97854  .debug_str:0000000000024b63 .LASF3310
     /tmp/ccWZZQZf.s:98698  .debug_str:00000000000280d0 .LASF3311
     /tmp/ccWZZQZf.s:95916  .debug_str:000000000001c9be .LASF3312
     /tmp/ccWZZQZf.s:96226  .debug_str:000000000001e01f .LASF3313
     /tmp/ccWZZQZf.s:102518  .debug_str:000000000003798d .LASF3314
     /tmp/ccWZZQZf.s:106084  .debug_str:000000000004608f .LASF3315
     /tmp/ccWZZQZf.s:91770  .debug_str:000000000000bf85 .LASF3316
     /tmp/ccWZZQZf.s:103204  .debug_str:000000000003a162 .LASF3317
     /tmp/ccWZZQZf.s:94916  .debug_str:00000000000184be .LASF3318
     /tmp/ccWZZQZf.s:90356  .debug_str:0000000000005f5b .LASF3319
     /tmp/ccWZZQZf.s:106188  .debug_str:000000000004681f .LASF3320
     /tmp/ccWZZQZf.s:104380  .debug_str:000000000003f030 .LASF3321
     /tmp/ccWZZQZf.s:105434  .debug_str:0000000000043840 .LASF3322
     /tmp/ccWZZQZf.s:94396  .debug_str:000000000001626f .LASF3323
     /tmp/ccWZZQZf.s:98244  .debug_str:000000000002628b .LASF3324
     /tmp/ccWZZQZf.s:92064  .debug_str:000000000000d353 .LASF3325
     /tmp/ccWZZQZf.s:98384  .debug_str:0000000000026b4c .LASF3326
     /tmp/ccWZZQZf.s:89238  .debug_str:00000000000011a4 .LASF3327
     /tmp/ccWZZQZf.s:102060  .debug_str:0000000000035d40 .LASF3328
     /tmp/ccWZZQZf.s:92104  .debug_str:000000000000d5f1 .LASF3329
     /tmp/ccWZZQZf.s:101656  .debug_str:000000000003415a .LASF3330
     /tmp/ccWZZQZf.s:93398  .debug_str:00000000000123d2 .LASF3331
     /tmp/ccWZZQZf.s:93888  .debug_str:000000000001426d .LASF3332
     /tmp/ccWZZQZf.s:101214  .debug_str:00000000000324f3 .LASF3333
     /tmp/ccWZZQZf.s:107746  .debug_str:000000000004d43b .LASF3334
     /tmp/ccWZZQZf.s:102030  .debug_str:0000000000035b41 .LASF3335
     /tmp/ccWZZQZf.s:90594  .debug_str:0000000000007001 .LASF3336
     /tmp/ccWZZQZf.s:90946  .debug_str:000000000000868f .LASF3337
     /tmp/ccWZZQZf.s:90876  .debug_str:0000000000008232 .LASF3338
     /tmp/ccWZZQZf.s:93616  .debug_str:0000000000013217 .LASF3339
     /tmp/ccWZZQZf.s:98442  .debug_str:0000000000026f88 .LASF3340
     /tmp/ccWZZQZf.s:93690  .debug_str:000000000001368e .LASF3341
     /tmp/ccWZZQZf.s:107786  .debug_str:000000000004d68b .LASF3342
     /tmp/ccWZZQZf.s:96472  .debug_str:000000000001f16d .LASF3343
     /tmp/ccWZZQZf.s:95628  .debug_str:000000000001b5f1 .LASF3344
     /tmp/ccWZZQZf.s:96080  .debug_str:000000000001d56b .LASF3345
     /tmp/ccWZZQZf.s:101178  .debug_str:0000000000032273 .LASF3346
     /tmp/ccWZZQZf.s:97238  .debug_str:00000000000225a6 .LASF3347
     /tmp/ccWZZQZf.s:96144  .debug_str:000000000001da3d .LASF3348
     /tmp/ccWZZQZf.s:91266  .debug_str:0000000000009c7f .LASF3349
     /tmp/ccWZZQZf.s:98570  .debug_str:0000000000027803 .LASF3350
     /tmp/ccWZZQZf.s:96836  .debug_str:0000000000020b4c .LASF3351
     /tmp/ccWZZQZf.s:89324  .debug_str:000000000000177a .LASF3352
     /tmp/ccWZZQZf.s:101620  .debug_str:0000000000033ed7 .LASF3353
     /tmp/ccWZZQZf.s:105970  .debug_str:00000000000459ac .LASF3354
     /tmp/ccWZZQZf.s:99830  .debug_str:000000000002c8db .LASF3355
     /tmp/ccWZZQZf.s:93694  .debug_str:00000000000136b3 .LASF3356
     /tmp/ccWZZQZf.s:93212  .debug_str:000000000001170a .LASF3357
     /tmp/ccWZZQZf.s:92508  .debug_str:000000000000eca1 .LASF3358
     /tmp/ccWZZQZf.s:101406  .debug_str:0000000000033112 .LASF3359
     /tmp/ccWZZQZf.s:100712  .debug_str:0000000000030370 .LASF3360
     /tmp/ccWZZQZf.s:90470  .debug_str:00000000000066f9 .LASF3361
     /tmp/ccWZZQZf.s:100110  .debug_str:000000000002da89 .LASF3362
     /tmp/ccWZZQZf.s:101416  .debug_str:000000000003318c .LASF3363
     /tmp/ccWZZQZf.s:103866  .debug_str:000000000003cf14 .LASF3364
     /tmp/ccWZZQZf.s:96934  .debug_str:000000000002121a .LASF3365
     /tmp/ccWZZQZf.s:101328  .debug_str:0000000000032bee .LASF3367
     /tmp/ccWZZQZf.s:104890  .debug_str:00000000000413ec .LASF3368
     /tmp/ccWZZQZf.s:91000  .debug_str:0000000000008a6c .LASF3369
     /tmp/ccWZZQZf.s:100438  .debug_str:000000000002f0ed .LASF3370
     /tmp/ccWZZQZf.s:100066  .debug_str:000000000002d852 .LASF3371
     /tmp/ccWZZQZf.s:98594  .debug_str:00000000000279a3 .LASF3372
     /tmp/ccWZZQZf.s:93090  .debug_str:0000000000010f5c .LASF3373
     /tmp/ccWZZQZf.s:100328  .debug_str:000000000002e984 .LASF3374
     /tmp/ccWZZQZf.s:99496  .debug_str:000000000002b44b .LASF3375
     /tmp/ccWZZQZf.s:103870  .debug_str:000000000003cf74 .LASF3376
     /tmp/ccWZZQZf.s:91174  .debug_str:0000000000009687 .LASF3377
     /tmp/ccWZZQZf.s:100122  .debug_str:000000000002db72 .LASF3378
     /tmp/ccWZZQZf.s:106980  .debug_str:0000000000049dcd .LASF3379
     /tmp/ccWZZQZf.s:97768  .debug_str:0000000000024753 .LASF3380
     /tmp/ccWZZQZf.s:95480  .debug_str:000000000001abd1 .LASF3381
     /tmp/ccWZZQZf.s:97530  .debug_str:0000000000023917 .LASF3382
     /tmp/ccWZZQZf.s:107682  .debug_str:000000000004cf7a .LASF3383
     /tmp/ccWZZQZf.s:106292  .debug_str:0000000000046eb6 .LASF3384
     /tmp/ccWZZQZf.s:100686  .debug_str:00000000000301e8 .LASF3385
     /tmp/ccWZZQZf.s:103416  .debug_str:000000000003b01d .LASF3386
     /tmp/ccWZZQZf.s:107176  .debug_str:000000000004ab02 .LASF3387
     /tmp/ccWZZQZf.s:93382  .debug_str:0000000000012276 .LASF3388
     /tmp/ccWZZQZf.s:103182  .debug_str:0000000000039fc6 .LASF3389
     /tmp/ccWZZQZf.s:98160  .debug_str:0000000000025c5f .LASF3390
     /tmp/ccWZZQZf.s:107046  .debug_str:000000000004a221 .LASF3391
     /tmp/ccWZZQZf.s:89680  .debug_str:0000000000003189 .LASF3392
     /tmp/ccWZZQZf.s:96060  .debug_str:000000000001d416 .LASF3393
     /tmp/ccWZZQZf.s:100982  .debug_str:00000000000314b5 .LASF3394
     /tmp/ccWZZQZf.s:93710  .debug_str:00000000000137ad .LASF3395
     /tmp/ccWZZQZf.s:90074  .debug_str:0000000000004c41 .LASF3396
     /tmp/ccWZZQZf.s:91150  .debug_str:000000000000948b .LASF3397
     /tmp/ccWZZQZf.s:97048  .debug_str:00000000000218f8 .LASF3398
     /tmp/ccWZZQZf.s:104124  .debug_str:000000000003df58 .LASF3399
     /tmp/ccWZZQZf.s:93048  .debug_str:0000000000010c3e .LASF3400
     /tmp/ccWZZQZf.s:101424  .debug_str:0000000000033234 .LASF3401
     /tmp/ccWZZQZf.s:90306  .debug_str:0000000000005c5e .LASF3402
     /tmp/ccWZZQZf.s:105908  .debug_str:000000000004550b .LASF3403
     /tmp/ccWZZQZf.s:106652  .debug_str:0000000000048776 .LASF3404
     /tmp/ccWZZQZf.s:93650  .debug_str:0000000000013426 .LASF3405
     /tmp/ccWZZQZf.s:103420  .debug_str:000000000003b078 .LASF3406
     /tmp/ccWZZQZf.s:98954  .debug_str:0000000000029170 .LASF3407
     /tmp/ccWZZQZf.s:99116  .debug_str:0000000000029bd6 .LASF3408
     /tmp/ccWZZQZf.s:107536  .debug_str:000000000004c53e .LASF3409
     /tmp/ccWZZQZf.s:103154  .debug_str:0000000000039e2b .LASF3410
     /tmp/ccWZZQZf.s:92824  .debug_str:000000000000ff52 .LASF3411
     /tmp/ccWZZQZf.s:107526  .debug_str:000000000004c45e .LASF3412
     /tmp/ccWZZQZf.s:104606  .debug_str:000000000003ffb4 .LASF3413
     /tmp/ccWZZQZf.s:89368  .debug_str:0000000000001ad9 .LASF3414
     /tmp/ccWZZQZf.s:97402  .debug_str:00000000000230b2 .LASF3415
     /tmp/ccWZZQZf.s:92500  .debug_str:000000000000ec08 .LASF3416
     /tmp/ccWZZQZf.s:93948  .debug_str:00000000000145a7 .LASF3417
     /tmp/ccWZZQZf.s:89848  .debug_str:0000000000003c4a .LASF3418
     /tmp/ccWZZQZf.s:106202  .debug_str:0000000000046937 .LASF3419
     /tmp/ccWZZQZf.s:100144  .debug_str:000000000002dd37 .LASF3420
     /tmp/ccWZZQZf.s:100664  .debug_str:0000000000030058 .LASF3421
     /tmp/ccWZZQZf.s:106618  .debug_str:000000000004854d .LASF3422
     /tmp/ccWZZQZf.s:107574  .debug_str:000000000004c810 .LASF3423
     /tmp/ccWZZQZf.s:99310  .debug_str:000000000002a890 .LASF3424
     /tmp/ccWZZQZf.s:95706  .debug_str:000000000001bbd6 .LASF3425
     /tmp/ccWZZQZf.s:95988  .debug_str:000000000001ce8d .LASF3426
     /tmp/ccWZZQZf.s:106792  .debug_str:000000000004906b .LASF3427
     /tmp/ccWZZQZf.s:107872  .debug_str:000000000004dc06 .LASF3428
     /tmp/ccWZZQZf.s:99596  .debug_str:000000000002baec .LASF3429
     /tmp/ccWZZQZf.s:100456  .debug_str:000000000002f227 .LASF3430
     /tmp/ccWZZQZf.s:101234  .debug_str:0000000000032665 .LASF3431
     /tmp/ccWZZQZf.s:90026  .debug_str:000000000000491e .LASF3432
     /tmp/ccWZZQZf.s:102754  .debug_str:0000000000038582 .LASF3433
     /tmp/ccWZZQZf.s:104504  .debug_str:000000000003f84e .LASF3434
     /tmp/ccWZZQZf.s:107226  .debug_str:000000000004ae6a .LASF3435
     /tmp/ccWZZQZf.s:100532  .debug_str:000000000002f71e .LASF3436
     /tmp/ccWZZQZf.s:107582  .debug_str:000000000004c8aa .LASF3437
     /tmp/ccWZZQZf.s:105546  .debug_str:0000000000043f49 .LASF3438
     /tmp/ccWZZQZf.s:104800  .debug_str:0000000000040d46 .LASF3439
     /tmp/ccWZZQZf.s:100822  .debug_str:0000000000030a4f .LASF3440
     /tmp/ccWZZQZf.s:92278  .debug_str:000000000000e068 .LASF3441
     /tmp/ccWZZQZf.s:103020  .debug_str:00000000000394f0 .LASF3442
     /tmp/ccWZZQZf.s:99202  .debug_str:000000000002a0f3 .LASF3443
     /tmp/ccWZZQZf.s:99174  .debug_str:0000000000029f4c .LASF3444
     /tmp/ccWZZQZf.s:100802  .debug_str:000000000003089b .LASF3445
     /tmp/ccWZZQZf.s:90790  .debug_str:0000000000007c48 .LASF3446
     /tmp/ccWZZQZf.s:96492  .debug_str:000000000001f287 .LASF3447
     /tmp/ccWZZQZf.s:90062  .debug_str:0000000000004ba7 .LASF3448
     /tmp/ccWZZQZf.s:102990  .debug_str:00000000000392d1 .LASF3449
     /tmp/ccWZZQZf.s:107666  .debug_str:000000000004ce5c .LASF3450
     /tmp/ccWZZQZf.s:102660  .debug_str:0000000000038096 .LASF3451
     /tmp/ccWZZQZf.s:100726  .debug_str:0000000000030420 .LASF3452
     /tmp/ccWZZQZf.s:94990  .debug_str:000000000001894d .LASF3453
     /tmp/ccWZZQZf.s:97050  .debug_str:0000000000021911 .LASF3454
     /tmp/ccWZZQZf.s:102124  .debug_str:000000000003611c .LASF3455
     /tmp/ccWZZQZf.s:102924  .debug_str:0000000000038e69 .LASF3456
     /tmp/ccWZZQZf.s:89874  .debug_str:0000000000003e48 .LASF3457
     /tmp/ccWZZQZf.s:105104  .debug_str:00000000000421e6 .LASF3458
     /tmp/ccWZZQZf.s:98918  .debug_str:0000000000028efe .LASF3459
     /tmp/ccWZZQZf.s:98762  .debug_str:0000000000028579 .LASF3460
     /tmp/ccWZZQZf.s:106232  .debug_str:0000000000046aeb .LASF3461
     /tmp/ccWZZQZf.s:107752  .debug_str:000000000004d49d .LASF3462
     /tmp/ccWZZQZf.s:91732  .debug_str:000000000000bd2e .LASF3463
     /tmp/ccWZZQZf.s:106654  .debug_str:0000000000048788 .LASF3464
     /tmp/ccWZZQZf.s:99494  .debug_str:000000000002b434 .LASF3465
     /tmp/ccWZZQZf.s:91470  .debug_str:000000000000aa24 .LASF3466
     /tmp/ccWZZQZf.s:100572  .debug_str:000000000002fa3e .LASF3467
     /tmp/ccWZZQZf.s:107986  .debug_str:000000000004e3ec .LASF3468
     /tmp/ccWZZQZf.s:95710  .debug_str:000000000001bc27 .LASF3469
     /tmp/ccWZZQZf.s:98260  .debug_str:00000000000263d9 .LASF3470
     /tmp/ccWZZQZf.s:92156  .debug_str:000000000000d8a3 .LASF3471
     /tmp/ccWZZQZf.s:94038  .debug_str:0000000000014b1a .LASF3472
     /tmp/ccWZZQZf.s:96872  .debug_str:0000000000020de7 .LASF3473
     /tmp/ccWZZQZf.s:96854  .debug_str:0000000000020c71 .LASF3474
     /tmp/ccWZZQZf.s:97118  .debug_str:0000000000021d71 .LASF3475
     /tmp/ccWZZQZf.s:89052  .debug_str:000000000000055f .LASF3476
     /tmp/ccWZZQZf.s:98898  .debug_str:0000000000028dec .LASF3477
     /tmp/ccWZZQZf.s:105820  .debug_str:0000000000045053 .LASF3478
     /tmp/ccWZZQZf.s:105286  .debug_str:0000000000042e18 .LASF3479
     /tmp/ccWZZQZf.s:106046  .debug_str:0000000000045e01 .LASF3480
     /tmp/ccWZZQZf.s:103650  .debug_str:000000000003c06c .LASF3481
     /tmp/ccWZZQZf.s:101984  .debug_str:00000000000357e1 .LASF3482
     /tmp/ccWZZQZf.s:106658  .debug_str:00000000000487ac .LASF3483
     /tmp/ccWZZQZf.s:102138  .debug_str:0000000000036216 .LASF3484
     /tmp/ccWZZQZf.s:107242  .debug_str:000000000004af83 .LASF3485
     /tmp/ccWZZQZf.s:91122  .debug_str:00000000000092ce .LASF3486
     /tmp/ccWZZQZf.s:89862  .debug_str:0000000000003d46 .LASF3487
     /tmp/ccWZZQZf.s:106382  .debug_str:000000000004746b .LASF3488
     /tmp/ccWZZQZf.s:94580  .debug_str:0000000000016eb0 .LASF3489
     /tmp/ccWZZQZf.s:105336  .debug_str:00000000000431c6 .LASF3490
     /tmp/ccWZZQZf.s:102954  .debug_str:0000000000039006 .LASF3491
     /tmp/ccWZZQZf.s:94562  .debug_str:0000000000016d69 .LASF3492
     /tmp/ccWZZQZf.s:101190  .debug_str:0000000000032340 .LASF3493
     /tmp/ccWZZQZf.s:106324  .debug_str:00000000000470be .LASF3494
     /tmp/ccWZZQZf.s:91316  .debug_str:0000000000009fb4 .LASF3495
     /tmp/ccWZZQZf.s:92106  .debug_str:000000000000d610 .LASF3496
     /tmp/ccWZZQZf.s:105138  .debug_str:00000000000424a8 .LASF3497
     /tmp/ccWZZQZf.s:103934  .debug_str:000000000003d3b2 .LASF3498
     /tmp/ccWZZQZf.s:90296  .debug_str:0000000000005b94 .LASF3499
     /tmp/ccWZZQZf.s:100812  .debug_str:000000000003096c .LASF3500
     /tmp/ccWZZQZf.s:107796  .debug_str:000000000004d71d .LASF3501
     /tmp/ccWZZQZf.s:98482  .debug_str:0000000000027271 .LASF3502
     /tmp/ccWZZQZf.s:100414  .debug_str:000000000002ef32 .LASF3503
     /tmp/ccWZZQZf.s:100166  .debug_str:000000000002de8d .LASF3504
     /tmp/ccWZZQZf.s:97892  .debug_str:0000000000024db3 .LASF3505
     /tmp/ccWZZQZf.s:101840  .debug_str:0000000000034e96 .LASF3506
     /tmp/ccWZZQZf.s:104786  .debug_str:0000000000040c4d .LASF3507
     /tmp/ccWZZQZf.s:93168  .debug_str:0000000000011415 .LASF3508
     /tmp/ccWZZQZf.s:93960  .debug_str:0000000000014628 .LASF3509
     /tmp/ccWZZQZf.s:92720  .debug_str:000000000000f953 .LASF3510
     /tmp/ccWZZQZf.s:91988  .debug_str:000000000000ce72 .LASF3511
     /tmp/ccWZZQZf.s:106246  .debug_str:0000000000046bd8 .LASF3512
     /tmp/ccWZZQZf.s:92254  .debug_str:000000000000def0 .LASF3513
     /tmp/ccWZZQZf.s:93780  .debug_str:0000000000013c12 .LASF3514
     /tmp/ccWZZQZf.s:103104  .debug_str:0000000000039a98 .LASF3515
     /tmp/ccWZZQZf.s:97338  .debug_str:0000000000022c1c .LASF3516
     /tmp/ccWZZQZf.s:105102  .debug_str:00000000000421d2 .LASF3517
     /tmp/ccWZZQZf.s:101116  .debug_str:0000000000031e69 .LASF3518
     /tmp/ccWZZQZf.s:97570  .debug_str:0000000000023c45 .LASF3519
     /tmp/ccWZZQZf.s:100390  .debug_str:000000000002ed61 .LASF3520
     /tmp/ccWZZQZf.s:93890  .debug_str:000000000001428d .LASF3521
     /tmp/ccWZZQZf.s:97334  .debug_str:0000000000022bf3 .LASF3522
     /tmp/ccWZZQZf.s:106002  .debug_str:0000000000045b5a .LASF3523
     /tmp/ccWZZQZf.s:100078  .debug_str:000000000002d939 .LASF3524
     /tmp/ccWZZQZf.s:92256  .debug_str:000000000000df0d .LASF3525
     /tmp/ccWZZQZf.s:108016  .debug_str:000000000004e613 .LASF3526
     /tmp/ccWZZQZf.s:94620  .debug_str:00000000000171d7 .LASF3527
     /tmp/ccWZZQZf.s:100340  .debug_str:000000000002ea59 .LASF3528
     /tmp/ccWZZQZf.s:100842  .debug_str:0000000000030b9b .LASF3529
     /tmp/ccWZZQZf.s:92908  .debug_str:00000000000103ec .LASF3530
     /tmp/ccWZZQZf.s:90630  .debug_str:0000000000007279 .LASF3531
     /tmp/ccWZZQZf.s:100488  .debug_str:000000000002f445 .LASF3532
     /tmp/ccWZZQZf.s:105638  .debug_str:00000000000444da .LASF3533
     /tmp/ccWZZQZf.s:107754  .debug_str:000000000004d4b4 .LASF3534
     /tmp/ccWZZQZf.s:107238  .debug_str:000000000004af1f .LASF3535
     /tmp/ccWZZQZf.s:105774  .debug_str:0000000000044db1 .LASF3536
     /tmp/ccWZZQZf.s:100804  .debug_str:00000000000308b2 .LASF3537
     /tmp/ccWZZQZf.s:96066  .debug_str:000000000001d49b .LASF3538
     /tmp/ccWZZQZf.s:92660  .debug_str:000000000000f583 .LASF3539
     /tmp/ccWZZQZf.s:103530  .debug_str:000000000003b886 .LASF3540
     /tmp/ccWZZQZf.s:96460  .debug_str:000000000001f078 .LASF3541
     /tmp/ccWZZQZf.s:97486  .debug_str:000000000002361c .LASF3542
     /tmp/ccWZZQZf.s:95926  .debug_str:000000000001cad8 .LASF3543
     /tmp/ccWZZQZf.s:97560  .debug_str:0000000000023b33 .LASF3544
     /tmp/ccWZZQZf.s:89730  .debug_str:00000000000034a2 .LASF3545
     /tmp/ccWZZQZf.s:103526  .debug_str:000000000003b85b .LASF3546
     /tmp/ccWZZQZf.s:101030  .debug_str:0000000000031877 .LASF3547
     /tmp/ccWZZQZf.s:106480  .debug_str:0000000000047ba1 .LASF3548
     /tmp/ccWZZQZf.s:103254  .debug_str:000000000003a566 .LASF3549
     /tmp/ccWZZQZf.s:98026  .debug_str:000000000002539f .LASF3550
     /tmp/ccWZZQZf.s:99514  .debug_str:000000000002b53c .LASF3551
     /tmp/ccWZZQZf.s:91860  .debug_str:000000000000c5ae .LASF3552
     /tmp/ccWZZQZf.s:101200  .debug_str:00000000000323fa .LASF3553
     /tmp/ccWZZQZf.s:100704  .debug_str:00000000000302cf .LASF3554
     /tmp/ccWZZQZf.s:100326  .debug_str:000000000002e975 .LASF3555
     /tmp/ccWZZQZf.s:98938  .debug_str:000000000002905e .LASF3556
     /tmp/ccWZZQZf.s:98560  .debug_str:0000000000027777 .LASF3557
     /tmp/ccWZZQZf.s:93440  .debug_str:00000000000125d1 .LASF3558
     /tmp/ccWZZQZf.s:97944  .debug_str:0000000000024fda .LASF3559
     /tmp/ccWZZQZf.s:102930  .debug_str:0000000000038eaa .LASF3560
     /tmp/ccWZZQZf.s:91586  .debug_str:000000000000b293 .LASF3561
     /tmp/ccWZZQZf.s:97764  .debug_str:0000000000024728 .LASF3562
     /tmp/ccWZZQZf.s:98292  .debug_str:00000000000265cc .LASF3563
     /tmp/ccWZZQZf.s:105176  .debug_str:000000000004274b .LASF3564
     /tmp/ccWZZQZf.s:105840  .debug_str:000000000004513c .LASF3565
     /tmp/ccWZZQZf.s:93946  .debug_str:000000000001459b .LASF3566
     /tmp/ccWZZQZf.s:101498  .debug_str:00000000000336de .LASF3567
     /tmp/ccWZZQZf.s:106372  .debug_str:00000000000473de .LASF3568
     /tmp/ccWZZQZf.s:94834  .debug_str:0000000000017fe5 .LASF3569
     /tmp/ccWZZQZf.s:95416  .debug_str:000000000001a7b7 .LASF3570
     /tmp/ccWZZQZf.s:94826  .debug_str:0000000000017f7a .LASF3571
     /tmp/ccWZZQZf.s:97622  .debug_str:0000000000023fcf .LASF3572
     /tmp/ccWZZQZf.s:95142  .debug_str:00000000000193bf .LASF3573
     /tmp/ccWZZQZf.s:102016  .debug_str:0000000000035a5a .LASF3574
     /tmp/ccWZZQZf.s:89152  .debug_str:0000000000000bbf .LASF3575
     /tmp/ccWZZQZf.s:106350  .debug_str:0000000000047280 .LASF3576
     /tmp/ccWZZQZf.s:100172  .debug_str:000000000002deed .LASF3577
     /tmp/ccWZZQZf.s:92866  .debug_str:0000000000010147 .LASF3578
     /tmp/ccWZZQZf.s:90398  .debug_str:00000000000061f8 .LASF3579
     /tmp/ccWZZQZf.s:105358  .debug_str:00000000000432f4 .LASF3580
     /tmp/ccWZZQZf.s:95086  .debug_str:0000000000018ffc .LASF3581
     /tmp/ccWZZQZf.s:90210  .debug_str:00000000000055d8 .LASF3582
     /tmp/ccWZZQZf.s:106450  .debug_str:000000000004792e .LASF3583
     /tmp/ccWZZQZf.s:94358  .debug_str:0000000000015f71 .LASF3584
     /tmp/ccWZZQZf.s:107106  .debug_str:000000000004a681 .LASF3585
     /tmp/ccWZZQZf.s:97414  .debug_str:000000000002319d .LASF3586
     /tmp/ccWZZQZf.s:106388  .debug_str:00000000000474c9 .LASF3587
     /tmp/ccWZZQZf.s:105276  .debug_str:0000000000042d68 .LASF3588
     /tmp/ccWZZQZf.s:97240  .debug_str:00000000000225cb .LASF3589
     /tmp/ccWZZQZf.s:101588  .debug_str:0000000000033d36 .LASF3590
     /tmp/ccWZZQZf.s:92268  .debug_str:000000000000dfa2 .LASF3591
     /tmp/ccWZZQZf.s:99442  .debug_str:000000000002b025 .LASF3592
     /tmp/ccWZZQZf.s:92496  .debug_str:000000000000eb86 .LASF3593
     /tmp/ccWZZQZf.s:104620  .debug_str:00000000000400f9 .LASF3594
     /tmp/ccWZZQZf.s:89592  .debug_str:0000000000002ab5 .LASF3595
     /tmp/ccWZZQZf.s:99302  .debug_str:000000000002a764 .LASF3596
     /tmp/ccWZZQZf.s:106704  .debug_str:0000000000048ade .LASF3597
     /tmp/ccWZZQZf.s:91642  .debug_str:000000000000b6dd .LASF3598
     /tmp/ccWZZQZf.s:100190  .debug_str:000000000002e018 .LASF3599
     /tmp/ccWZZQZf.s:97524  .debug_str:00000000000238c1 .LASF3600
     /tmp/ccWZZQZf.s:101488  .debug_str:0000000000033638 .LASF3601
     /tmp/ccWZZQZf.s:94940  .debug_str:0000000000018597 .LASF3602
     /tmp/ccWZZQZf.s:89186  .debug_str:0000000000000e24 .LASF3603
     /tmp/ccWZZQZf.s:106330  .debug_str:000000000004712b .LASF3604
     /tmp/ccWZZQZf.s:106858  .debug_str:00000000000494cd .LASF3605
     /tmp/ccWZZQZf.s:91782  .debug_str:000000000000c03f .LASF3606
     /tmp/ccWZZQZf.s:101824  .debug_str:0000000000034d78 .LASF3607
     /tmp/ccWZZQZf.s:91070  .debug_str:0000000000008f31 .LASF3608
     /tmp/ccWZZQZf.s:102942  .debug_str:0000000000038f67 .LASF3609
     /tmp/ccWZZQZf.s:93306  .debug_str:0000000000011dd8 .LASF3610
     /tmp/ccWZZQZf.s:92970  .debug_str:0000000000010712 .LASF3611
     /tmp/ccWZZQZf.s:89812  .debug_str:0000000000003a1c .LASF3612
     /tmp/ccWZZQZf.s:95712  .debug_str:000000000001bc3e .LASF3613
     /tmp/ccWZZQZf.s:97234  .debug_str:000000000002254f .LASF3614
     /tmp/ccWZZQZf.s:95540  .debug_str:000000000001af83 .LASF3615
     /tmp/ccWZZQZf.s:97302  .debug_str:000000000002296a .LASF3616
     /tmp/ccWZZQZf.s:102052  .debug_str:0000000000035cd5 .LASF3617
     /tmp/ccWZZQZf.s:91788  .debug_str:000000000000c09b .LASF3618
     /tmp/ccWZZQZf.s:107824  .debug_str:000000000004d94d .LASF3619
     /tmp/ccWZZQZf.s:100722  .debug_str:00000000000303f0 .LASF3620
     /tmp/ccWZZQZf.s:97962  .debug_str:000000000002510b .LASF3621
     /tmp/ccWZZQZf.s:104636  .debug_str:0000000000040267 .LASF3622
     /tmp/ccWZZQZf.s:90044  .debug_str:0000000000004a50 .LASF3623
     /tmp/ccWZZQZf.s:98264  .debug_str:0000000000026418 .LASF3624
     /tmp/ccWZZQZf.s:96446  .debug_str:000000000001efa5 .LASF3625
     /tmp/ccWZZQZf.s:94218  .debug_str:0000000000015745 .LASF3626
     /tmp/ccWZZQZf.s:107178  .debug_str:000000000004ab27 .LASF3627
     /tmp/ccWZZQZf.s:101536  .debug_str:000000000003397c .LASF3628
     /tmp/ccWZZQZf.s:100852  .debug_str:0000000000030c38 .LASF3629
     /tmp/ccWZZQZf.s:102150  .debug_str:000000000003631c .LASF3630
     /tmp/ccWZZQZf.s:90598  .debug_str:0000000000007064 .LASF3631
     /tmp/ccWZZQZf.s:95732  .debug_str:000000000001bd5a .LASF3632
     /tmp/ccWZZQZf.s:95378  .debug_str:000000000001a4f1 .LASF3633
     /tmp/ccWZZQZf.s:90724  .debug_str:000000000000787a .LASF3634
     /tmp/ccWZZQZf.s:94550  .debug_str:0000000000016c52 .LASF3635
     /tmp/ccWZZQZf.s:103942  .debug_str:000000000003d414 .LASF3636
     /tmp/ccWZZQZf.s:96478  .debug_str:000000000001f1de .LASF3637
     /tmp/ccWZZQZf.s:97266  .debug_str:000000000002276c .LASF3638
     /tmp/ccWZZQZf.s:95776  .debug_str:000000000001c0ee .LASF3639
     /tmp/ccWZZQZf.s:98038  .debug_str:0000000000025491 .LASF3640
     /tmp/ccWZZQZf.s:99324  .debug_str:000000000002a930 .LASF3641
     /tmp/ccWZZQZf.s:103422  .debug_str:000000000003b08d .LASF3642
     /tmp/ccWZZQZf.s:106108  .debug_str:0000000000046242 .LASF3643
     /tmp/ccWZZQZf.s:98118  .debug_str:00000000000259b5 .LASF3644
     /tmp/ccWZZQZf.s:99738  .debug_str:000000000002c38f .LASF3645
     /tmp/ccWZZQZf.s:105616  .debug_str:000000000004436b .LASF3646
     /tmp/ccWZZQZf.s:98084  .debug_str:0000000000025794 .LASF3647
     /tmp/ccWZZQZf.s:107352  .debug_str:000000000004b780 .LASF3648
     /tmp/ccWZZQZf.s:91890  .debug_str:000000000000c7b3 .LASF3649
     /tmp/ccWZZQZf.s:97330  .debug_str:0000000000022b95 .LASF3650
     /tmp/ccWZZQZf.s:95884  .debug_str:000000000001c7cd .LASF3651
     /tmp/ccWZZQZf.s:103614  .debug_str:000000000003bdfe .LASF3652
     /tmp/ccWZZQZf.s:106578  .debug_str:00000000000482ed .LASF3653
     /tmp/ccWZZQZf.s:93964  .debug_str:000000000001465e .LASF3654
     /tmp/ccWZZQZf.s:95946  .debug_str:000000000001cc3f .LASF3655
     /tmp/ccWZZQZf.s:103296  .debug_str:000000000003a7d3 .LASF3656
     /tmp/ccWZZQZf.s:104808  .debug_str:0000000000040dc8 .LASF3657
     /tmp/ccWZZQZf.s:107712  .debug_str:000000000004d18f .LASF3658
     /tmp/ccWZZQZf.s:107828  .debug_str:000000000004d97a .LASF3659
     /tmp/ccWZZQZf.s:91936  .debug_str:000000000000ca68 .LASF3660
     /tmp/ccWZZQZf.s:105482  .debug_str:0000000000043b53 .LASF3661
     /tmp/ccWZZQZf.s:104498  .debug_str:000000000003f7d7 .LASF3662
     /tmp/ccWZZQZf.s:89424  .debug_str:0000000000001e79 .LASF3663
     /tmp/ccWZZQZf.s:90400  .debug_str:0000000000006204 .LASF3664
     /tmp/ccWZZQZf.s:89140  .debug_str:0000000000000b15 .LASF3665
     /tmp/ccWZZQZf.s:101268  .debug_str:00000000000328a7 .LASF3666
     /tmp/ccWZZQZf.s:94074  .debug_str:0000000000014daa .LASF3667
     /tmp/ccWZZQZf.s:99528  .debug_str:000000000002b61f .LASF3668
     /tmp/ccWZZQZf.s:106374  .debug_str:00000000000473f4 .LASF3669
     /tmp/ccWZZQZf.s:105496  .debug_str:0000000000043c23 .LASF3670
     /tmp/ccWZZQZf.s:96384  .debug_str:000000000001eb40 .LASF3671
     /tmp/ccWZZQZf.s:95804  .debug_str:000000000001c2d8 .LASF3672
     /tmp/ccWZZQZf.s:99322  .debug_str:000000000002a91e .LASF3673
     /tmp/ccWZZQZf.s:106532  .debug_str:0000000000047f3a .LASF3674
     /tmp/ccWZZQZf.s:89490  .debug_str:000000000000233e .LASF3675
     /tmp/ccWZZQZf.s:101610  .debug_str:0000000000033e19 .LASF3676
     /tmp/ccWZZQZf.s:105990  .debug_str:0000000000045ae9 .LASF3677
     /tmp/ccWZZQZf.s:100606  .debug_str:000000000002fcb1 .LASF3678
     /tmp/ccWZZQZf.s:105280  .debug_str:0000000000042dc5 .LASF3679
     /tmp/ccWZZQZf.s:92018  .debug_str:000000000000d040 .LASF3680
     /tmp/ccWZZQZf.s:89588  .debug_str:0000000000002a80 .LASF3681
     /tmp/ccWZZQZf.s:96116  .debug_str:000000000001d844 .LASF3682
     /tmp/ccWZZQZf.s:96196  .debug_str:000000000001de28 .LASF3683
     /tmp/ccWZZQZf.s:97116  .debug_str:0000000000021d62 .LASF3684
     /tmp/ccWZZQZf.s:102058  .debug_str:0000000000035d2f .LASF3685
     /tmp/ccWZZQZf.s:94920  .debug_str:00000000000184f1 .LASF3686
     /tmp/ccWZZQZf.s:102668  .debug_str:0000000000038112 .LASF3687
     /tmp/ccWZZQZf.s:96886  .debug_str:0000000000020edb .LASF3688
     /tmp/ccWZZQZf.s:99618  .debug_str:000000000002bc1e .LASF3689
     /tmp/ccWZZQZf.s:89378  .debug_str:0000000000001bad .LASF3690
     /tmp/ccWZZQZf.s:100768  .debug_str:00000000000306b4 .LASF3691
     /tmp/ccWZZQZf.s:101572  .debug_str:0000000000033c4c .LASF3692
     /tmp/ccWZZQZf.s:101344  .debug_str:0000000000032d07 .LASF3693
     /tmp/ccWZZQZf.s:107084  .debug_str:000000000004a4e0 .LASF3694
     /tmp/ccWZZQZf.s:93044  .debug_str:0000000000010c0d .LASF3695
     /tmp/ccWZZQZf.s:91920  .debug_str:000000000000c9be .LASF3696
     /tmp/ccWZZQZf.s:91558  .debug_str:000000000000b0c6 .LASF3697
     /tmp/ccWZZQZf.s:98154  .debug_str:0000000000025c06 .LASF3698
     /tmp/ccWZZQZf.s:95510  .debug_str:000000000001adef .LASF3699
     /tmp/ccWZZQZf.s:106884  .debug_str:0000000000049679 .LASF3700
     /tmp/ccWZZQZf.s:103554  .debug_str:000000000003b99d .LASF3701
     /tmp/ccWZZQZf.s:89356  .debug_str:00000000000019d5 .LASF3702
     /tmp/ccWZZQZf.s:90456  .debug_str:00000000000065cf .LASF3703
     /tmp/ccWZZQZf.s:100104  .debug_str:000000000002da3b .LASF3704
     /tmp/ccWZZQZf.s:89828  .debug_str:0000000000003b1d .LASF3705
     /tmp/ccWZZQZf.s:106070  .debug_str:0000000000045fad .LASF3706
     /tmp/ccWZZQZf.s:89656  .debug_str:000000000000304e .LASF3707
     /tmp/ccWZZQZf.s:97044  .debug_str:00000000000218b5 .LASF3708
     /tmp/ccWZZQZf.s:91564  .debug_str:000000000000b10d .LASF3709
     /tmp/ccWZZQZf.s:98690  .debug_str:0000000000028039 .LASF3710
     /tmp/ccWZZQZf.s:98520  .debug_str:00000000000274e8 .LASF3711
     /tmp/ccWZZQZf.s:103514  .debug_str:000000000003b786 .LASF3712
     /tmp/ccWZZQZf.s:94922  .debug_str:0000000000018501 .LASF3713
     /tmp/ccWZZQZf.s:91034  .debug_str:0000000000008d14 .LASF3714
     /tmp/ccWZZQZf.s:95288  .debug_str:0000000000019e24 .LASF3715
     /tmp/ccWZZQZf.s:97770  .debug_str:000000000002476d .LASF3716
     /tmp/ccWZZQZf.s:95928  .debug_str:000000000001caea .LASF3717
     /tmp/ccWZZQZf.s:93494  .debug_str:0000000000012989 .LASF3718
     /tmp/ccWZZQZf.s:97752  .debug_str:0000000000024678 .LASF3719
     /tmp/ccWZZQZf.s:98926  .debug_str:0000000000028faf .LASF3720
     /tmp/ccWZZQZf.s:107338  .debug_str:000000000004b674 .LASF3721
     /tmp/ccWZZQZf.s:94462  .debug_str:00000000000166bd .LASF3722
     /tmp/ccWZZQZf.s:95942  .debug_str:000000000001cc0c .LASF3723
     /tmp/ccWZZQZf.s:100344  .debug_str:000000000002eaa0 .LASF3724
     /tmp/ccWZZQZf.s:99730  .debug_str:000000000002c31c .LASF3725
     /tmp/ccWZZQZf.s:103076  .debug_str:00000000000398d1 .LASF3726
     /tmp/ccWZZQZf.s:92092  .debug_str:000000000000d51c .LASF3727
     /tmp/ccWZZQZf.s:100406  .debug_str:000000000002ee89 .LASF3728
     /tmp/ccWZZQZf.s:95822  .debug_str:000000000001c3d3 .LASF3729
     /tmp/ccWZZQZf.s:98676  .debug_str:0000000000027f80 .LASF3730
     /tmp/ccWZZQZf.s:100018  .debug_str:000000000002d568 .LASF3731
     /tmp/ccWZZQZf.s:104208  .debug_str:000000000003e520 .LASF3732
     /tmp/ccWZZQZf.s:104918  .debug_str:00000000000415b7 .LASF3733
     /tmp/ccWZZQZf.s:104356  .debug_str:000000000003ee9f .LASF3734
     /tmp/ccWZZQZf.s:99342  .debug_str:000000000002aa54 .LASF3735
     /tmp/ccWZZQZf.s:103114  .debug_str:0000000000039ba2 .LASF3736
     /tmp/ccWZZQZf.s:90322  .debug_str:0000000000005d14 .LASF3737
     /tmp/ccWZZQZf.s:101390  .debug_str:0000000000033037 .LASF3738
     /tmp/ccWZZQZf.s:106964  .debug_str:0000000000049ca9 .LASF3739
     /tmp/ccWZZQZf.s:104810  .debug_str:0000000000040dd9 .LASF3740
     /tmp/ccWZZQZf.s:94320  .debug_str:0000000000015ceb .LASF3741
     /tmp/ccWZZQZf.s:89110  .debug_str:0000000000000937 .LASF3742
     /tmp/ccWZZQZf.s:91550  .debug_str:000000000000b03b .LASF3743
     /tmp/ccWZZQZf.s:98590  .debug_str:000000000002796f .LASF3744
     /tmp/ccWZZQZf.s:105844  .debug_str:0000000000045154 .LASF3745
     /tmp/ccWZZQZf.s:101530  .debug_str:00000000000338f9 .LASF3746
     /tmp/ccWZZQZf.s:90928  .debug_str:0000000000008581 .LASF3747
     /tmp/ccWZZQZf.s:108076  .debug_str:000000000004ea09 .LASF3748
     /tmp/ccWZZQZf.s:94986  .debug_str:000000000001892b .LASF3749
     /tmp/ccWZZQZf.s:96944  .debug_str:0000000000021321 .LASF3750
     /tmp/ccWZZQZf.s:96752  .debug_str:00000000000205a8 .LASF3751
     /tmp/ccWZZQZf.s:102290  .debug_str:0000000000036b52 .LASF3752
     /tmp/ccWZZQZf.s:100894  .debug_str:0000000000030ec1 .LASF3753
     /tmp/ccWZZQZf.s:103746  .debug_str:000000000003c672 .LASF3754
     /tmp/ccWZZQZf.s:98030  .debug_str:00000000000253de .LASF3755
     /tmp/ccWZZQZf.s:96238  .debug_str:000000000001e13e .LASF3756
     /tmp/ccWZZQZf.s:100308  .debug_str:000000000002e88f .LASF3757
     /tmp/ccWZZQZf.s:100238  .debug_str:000000000002e322 .LASF3758
     /tmp/ccWZZQZf.s:106172  .debug_str:00000000000466c9 .LASF3759
     /tmp/ccWZZQZf.s:89562  .debug_str:0000000000002905 .LASF3760
     /tmp/ccWZZQZf.s:97936  .debug_str:0000000000024f3c .LASF3761
     /tmp/ccWZZQZf.s:104320  .debug_str:000000000003ec78 .LASF3762
     /tmp/ccWZZQZf.s:101852  .debug_str:0000000000034f60 .LASF3763
     /tmp/ccWZZQZf.s:100210  .debug_str:000000000002e0f6 .LASF3764
     /tmp/ccWZZQZf.s:90396  .debug_str:00000000000061dd .LASF3765
     /tmp/ccWZZQZf.s:107432  .debug_str:000000000004bbf0 .LASF3766
     /tmp/ccWZZQZf.s:97734  .debug_str:0000000000024546 .LASF3767
     /tmp/ccWZZQZf.s:91722  .debug_str:000000000000bc79 .LASF3768
     /tmp/ccWZZQZf.s:91390  .debug_str:000000000000a4cf .LASF3769
     /tmp/ccWZZQZf.s:95112  .debug_str:00000000000191aa .LASF3770
     /tmp/ccWZZQZf.s:100766  .debug_str:000000000003069e .LASF3771
     /tmp/ccWZZQZf.s:93566  .debug_str:0000000000012f07 .LASF3772
     /tmp/ccWZZQZf.s:90846  .debug_str:0000000000007fd8 .LASF3773
     /tmp/ccWZZQZf.s:93506  .debug_str:0000000000012a1e .LASF3774
     /tmp/ccWZZQZf.s:107596  .debug_str:000000000004c99f .LASF3775
     /tmp/ccWZZQZf.s:99928  .debug_str:000000000002cf9c .LASF3776
     /tmp/ccWZZQZf.s:105148  .debug_str:0000000000042591 .LASF3777
     /tmp/ccWZZQZf.s:102922  .debug_str:0000000000038e54 .LASF3778
     /tmp/ccWZZQZf.s:95070  .debug_str:0000000000018ef5 .LASF3779
     /tmp/ccWZZQZf.s:101052  .debug_str:00000000000319e8 .LASF3780
     /tmp/ccWZZQZf.s:107110  .debug_str:000000000004a6bb .LASF3781
     /tmp/ccWZZQZf.s:105164  .debug_str:0000000000042690 .LASF3782
     /tmp/ccWZZQZf.s:90436  .debug_str:0000000000006496 .LASF3783
     /tmp/ccWZZQZf.s:94540  .debug_str:0000000000016bbe .LASF3784
     /tmp/ccWZZQZf.s:95182  .debug_str:00000000000196b1 .LASF3785
     /tmp/ccWZZQZf.s:99832  .debug_str:000000000002c900 .LASF3786
     /tmp/ccWZZQZf.s:94760  .debug_str:0000000000017ac8 .LASF3787
     /tmp/ccWZZQZf.s:98532  .debug_str:0000000000027608 .LASF3788
     /tmp/ccWZZQZf.s:90866  .debug_str:0000000000008168 .LASF3789
     /tmp/ccWZZQZf.s:92390  .debug_str:000000000000e6ce .LASF3790
     /tmp/ccWZZQZf.s:94900  .debug_str:00000000000183d7 .LASF3791
     /tmp/ccWZZQZf.s:99782  .debug_str:000000000002c63a .LASF3792
     /tmp/ccWZZQZf.s:98110  .debug_str:0000000000025948 .LASF3793
     /tmp/ccWZZQZf.s:97708  .debug_str:00000000000244a7 .LASF3794
     /tmp/ccWZZQZf.s:90424  .debug_str:00000000000063ce .LASF3795
     /tmp/ccWZZQZf.s:107060  .debug_str:000000000004a33b .LASF3796
     /tmp/ccWZZQZf.s:92876  .debug_str:000000000001020b .LASF3797
     /tmp/ccWZZQZf.s:106322  .debug_str:00000000000470ab .LASF3798
     /tmp/ccWZZQZf.s:99178  .debug_str:0000000000029f84 .LASF3799
     /tmp/ccWZZQZf.s:95534  .debug_str:000000000001af21 .LASF3800
     /tmp/ccWZZQZf.s:93962  .debug_str:000000000001464a .LASF3801
     /tmp/ccWZZQZf.s:96840  .debug_str:0000000000020ba3 .LASF3802
     /tmp/ccWZZQZf.s:90780  .debug_str:0000000000007bdf .LASF3803
     /tmp/ccWZZQZf.s:103602  .debug_str:000000000003bd1d .LASF3804
     /tmp/ccWZZQZf.s:99232  .debug_str:000000000002a37c .LASF3805
     /tmp/ccWZZQZf.s:90338  .debug_str:0000000000005e54 .LASF3806
     /tmp/ccWZZQZf.s:94242  .debug_str:00000000000158b3 .LASF3807
     /tmp/ccWZZQZf.s:104734  .debug_str:00000000000408f5 .LASF3808
     /tmp/ccWZZQZf.s:106872  .debug_str:000000000004959f .LASF3809
     /tmp/ccWZZQZf.s:103264  .debug_str:000000000003a618 .LASF3810
     /tmp/ccWZZQZf.s:98900  .debug_str:0000000000028e01 .LASF3811
     /tmp/ccWZZQZf.s:100542  .debug_str:000000000002f800 .LASF3812
     /tmp/ccWZZQZf.s:104374  .debug_str:000000000003efab .LASF3813
     /tmp/ccWZZQZf.s:107704  .debug_str:000000000004d11d .LASF3814
     /tmp/ccWZZQZf.s:92262  .debug_str:000000000000df71 .LASF3815
     /tmp/ccWZZQZf.s:94042  .debug_str:0000000000014b88 .LASF3816
     /tmp/ccWZZQZf.s:99736  .debug_str:000000000002c377 .LASF3817
     /tmp/ccWZZQZf.s:97488  .debug_str:000000000002362e .LASF3818
     /tmp/ccWZZQZf.s:97852  .debug_str:0000000000024b4b .LASF3819
     /tmp/ccWZZQZf.s:97522  .debug_str:00000000000238aa .LASF3820
     /tmp/ccWZZQZf.s:98582  .debug_str:00000000000278cc .LASF3821
     /tmp/ccWZZQZf.s:103384  .debug_str:000000000003adfb .LASF3822
     /tmp/ccWZZQZf.s:91510  .debug_str:000000000000ad0c .LASF3823
     /tmp/ccWZZQZf.s:107010  .debug_str:0000000000049fef .LASF3824
     /tmp/ccWZZQZf.s:101762  .debug_str:00000000000348d5 .LASF3825
     /tmp/ccWZZQZf.s:108070  .debug_str:000000000004e9ac .LASF3826
     /tmp/ccWZZQZf.s:89620  .debug_str:0000000000002d02 .LASF3827
     /tmp/ccWZZQZf.s:103116  .debug_str:0000000000039bbb .LASF3828
     /tmp/ccWZZQZf.s:98536  .debug_str:0000000000027635 .LASF3829
     /tmp/ccWZZQZf.s:90914  .debug_str:00000000000084af .LASF3830
     /tmp/ccWZZQZf.s:105592  .debug_str:00000000000441cd .LASF3831
     /tmp/ccWZZQZf.s:93958  .debug_str:0000000000014610 .LASF3832
     /tmp/ccWZZQZf.s:106834  .debug_str:0000000000049311 .LASF3833
     /tmp/ccWZZQZf.s:106420  .debug_str:0000000000047702 .LASF3834
     /tmp/ccWZZQZf.s:96914  .debug_str:00000000000210f2 .LASF3835
     /tmp/ccWZZQZf.s:89694  .debug_str:0000000000003290 .LASF3836
     /tmp/ccWZZQZf.s:101878  .debug_str:00000000000350f0 .LASF3837
     /tmp/ccWZZQZf.s:89064  .debug_str:0000000000000636 .LASF3838
     /tmp/ccWZZQZf.s:107952  .debug_str:000000000004e1d0 .LASF3839
     /tmp/ccWZZQZf.s:89408  .debug_str:0000000000001d6c .LASF3840
     /tmp/ccWZZQZf.s:100032  .debug_str:000000000002d611 .LASF3841
     /tmp/ccWZZQZf.s:108036  .debug_str:000000000004e749 .LASF3842
     /tmp/ccWZZQZf.s:107156  .debug_str:000000000004a9af .LASF3843
     /tmp/ccWZZQZf.s:91484  .debug_str:000000000000ab07 .LASF3844
     /tmp/ccWZZQZf.s:106092  .debug_str:0000000000046130 .LASF3845
     /tmp/ccWZZQZf.s:96020  .debug_str:000000000001d104 .LASF3846
     /tmp/ccWZZQZf.s:107440  .debug_str:000000000004bcb5 .LASF3847
     /tmp/ccWZZQZf.s:98716  .debug_str:00000000000281e6 .LASF3848
     /tmp/ccWZZQZf.s:98452  .debug_str:0000000000027048 .LASF3849
     /tmp/ccWZZQZf.s:91412  .debug_str:000000000000a602 .LASF3850
     /tmp/ccWZZQZf.s:106976  .debug_str:0000000000049d78 .LASF3851
     /tmp/ccWZZQZf.s:105590  .debug_str:00000000000441b6 .LASF3852
     /tmp/ccWZZQZf.s:91718  .debug_str:000000000000bc3e .LASF3853
     /tmp/ccWZZQZf.s:94856  .debug_str:000000000001815d .LASF3854
     /tmp/ccWZZQZf.s:97884  .debug_str:0000000000024d45 .LASF3855
     /tmp/ccWZZQZf.s:96348  .debug_str:000000000001e7f7 .LASF3856
     /tmp/ccWZZQZf.s:90018  .debug_str:00000000000048ae .LASF3857
     /tmp/ccWZZQZf.s:89822  .debug_str:0000000000003ab7 .LASF3858
     /tmp/ccWZZQZf.s:94960  .debug_str:00000000000186fc .LASF3859
     /tmp/ccWZZQZf.s:91996  .debug_str:000000000000cef4 .LASF3860
     /tmp/ccWZZQZf.s:99140  .debug_str:0000000000029cf5 .LASF3861
     /tmp/ccWZZQZf.s:95866  .debug_str:000000000001c69f .LASF3862
     /tmp/ccWZZQZf.s:106044  .debug_str:0000000000045de9 .LASF3863
     /tmp/ccWZZQZf.s:99428  .debug_str:000000000002af63 .LASF3864
     /tmp/ccWZZQZf.s:90150  .debug_str:0000000000005101 .LASF3865
     /tmp/ccWZZQZf.s:102798  .debug_str:000000000003873f .LASF3866
     /tmp/ccWZZQZf.s:103670  .debug_str:000000000003c1a5 .LASF3867
     /tmp/ccWZZQZf.s:92574  .debug_str:000000000000effe .LASF3868
     /tmp/ccWZZQZf.s:96770  .debug_str:00000000000206c3 .LASF3869
     /tmp/ccWZZQZf.s:89776  .debug_str:0000000000003792 .LASF3870
     /tmp/ccWZZQZf.s:102968  .debug_str:0000000000039129 .LASF3871
     /tmp/ccWZZQZf.s:103298  .debug_str:000000000003a7e6 .LASF3872
     /tmp/ccWZZQZf.s:104180  .debug_str:000000000003e394 .LASF3873
     /tmp/ccWZZQZf.s:101420  .debug_str:00000000000331e9 .LASF3874
     /tmp/ccWZZQZf.s:105978  .debug_str:0000000000045a57 .LASF3875
     /tmp/ccWZZQZf.s:99542  .debug_str:000000000002b6ec .LASF3876
     /tmp/ccWZZQZf.s:96450  .debug_str:000000000001efdc .LASF3877
     /tmp/ccWZZQZf.s:93282  .debug_str:0000000000011c0a .LASF3878
     /tmp/ccWZZQZf.s:91434  .debug_str:000000000000a7a5 .LASF3879
     /tmp/ccWZZQZf.s:90162  .debug_str:00000000000051f9 .LASF3880
     /tmp/ccWZZQZf.s:91176  .debug_str:00000000000096b8 .LASF3881
     /tmp/ccWZZQZf.s:102744  .debug_str:00000000000384be .LASF3882
     /tmp/ccWZZQZf.s:100150  .debug_str:000000000002ddb3 .LASF3883
     /tmp/ccWZZQZf.s:91948  .debug_str:000000000000cb54 .LASF3884
     /tmp/ccWZZQZf.s:103914  .debug_str:000000000003d22e .LASF3885
     /tmp/ccWZZQZf.s:98758  .debug_str:000000000002853a .LASF3886
     /tmp/ccWZZQZf.s:97462  .debug_str:00000000000234a3 .LASF3887
     /tmp/ccWZZQZf.s:107950  .debug_str:000000000004e1ba .LASF3888
     /tmp/ccWZZQZf.s:98180  .debug_str:0000000000025e12 .LASF3889
     /tmp/ccWZZQZf.s:91410  .debug_str:000000000000a5ec .LASF3890
     /tmp/ccWZZQZf.s:102018  .debug_str:0000000000035a66 .LASF3891
     /tmp/ccWZZQZf.s:107562  .debug_str:000000000004c763 .LASF3892
     /tmp/ccWZZQZf.s:102902  .debug_str:0000000000038d54 .LASF3893
     /tmp/ccWZZQZf.s:93436  .debug_str:0000000000012576 .LASF3894
     /tmp/ccWZZQZf.s:104116  .debug_str:000000000003dee1 .LASF3895
     /tmp/ccWZZQZf.s:89264  .debug_str:0000000000001368 .LASF3896
     /tmp/ccWZZQZf.s:101726  .debug_str:0000000000034639 .LASF3897
     /tmp/ccWZZQZf.s:90428  .debug_str:00000000000063ee .LASF3898
     /tmp/ccWZZQZf.s:93776  .debug_str:0000000000013bf0 .LASF3899
     /tmp/ccWZZQZf.s:92492  .debug_str:000000000000eb56 .LASF3900
     /tmp/ccWZZQZf.s:95206  .debug_str:00000000000197d9 .LASF3901
     /tmp/ccWZZQZf.s:97874  .debug_str:0000000000024cc2 .LASF3902
     /tmp/ccWZZQZf.s:93472  .debug_str:00000000000127ee .LASF3903
     /tmp/ccWZZQZf.s:107650  .debug_str:000000000004cd1c .LASF3904
     /tmp/ccWZZQZf.s:96194  .debug_str:000000000001de0e .LASF3905
     /tmp/ccWZZQZf.s:104896  .debug_str:000000000004144b .LASF3906
     /tmp/ccWZZQZf.s:102722  .debug_str:0000000000038387 .LASF3907
     /tmp/ccWZZQZf.s:100422  .debug_str:000000000002efe4 .LASF3908
     /tmp/ccWZZQZf.s:105544  .debug_str:0000000000043f2f .LASF3909
     /tmp/ccWZZQZf.s:103516  .debug_str:000000000003b79a .LASF3910
     /tmp/ccWZZQZf.s:93848  .debug_str:0000000000014006 .LASF3911
     /tmp/ccWZZQZf.s:98318  .debug_str:000000000002676f .LASF3912
     /tmp/ccWZZQZf.s:107190  .debug_str:000000000004abd8 .LASF3913
     /tmp/ccWZZQZf.s:103686  .debug_str:000000000003c2a2 .LASF3914
     /tmp/ccWZZQZf.s:93332  .debug_str:0000000000011f69 .LASF3915
     /tmp/ccWZZQZf.s:105444  .debug_str:00000000000438da .LASF3916
     /tmp/ccWZZQZf.s:96526  .debug_str:000000000001f4d3 .LASF3917
     /tmp/ccWZZQZf.s:107478  .debug_str:000000000004bffe .LASF3918
     /tmp/ccWZZQZf.s:95434  .debug_str:000000000001a8d1 .LASF3919
     /tmp/ccWZZQZf.s:104928  .debug_str:0000000000041642 .LASF3920
     /tmp/ccWZZQZf.s:93150  .debug_str:000000000001124b .LASF3921
     /tmp/ccWZZQZf.s:99194  .debug_str:000000000002a051 .LASF3922
     /tmp/ccWZZQZf.s:106764  .debug_str:0000000000048e8e .LASF3923
     /tmp/ccWZZQZf.s:99976  .debug_str:000000000002d2b9 .LASF3924
     /tmp/ccWZZQZf.s:92480  .debug_str:000000000000ea8f .LASF3925
     /tmp/ccWZZQZf.s:99762  .debug_str:000000000002c4fa .LASF3926
     /tmp/ccWZZQZf.s:92918  .debug_str:0000000000010476 .LASF3927
     /tmp/ccWZZQZf.s:105876  .debug_str:0000000000045352 .LASF3928
     /tmp/ccWZZQZf.s:93126  .debug_str:0000000000011100 .LASF3929
     /tmp/ccWZZQZf.s:89410  .debug_str:0000000000001d83 .LASF3930
     /tmp/ccWZZQZf.s:92792  .debug_str:000000000000fcc0 .LASF3931
     /tmp/ccWZZQZf.s:108032  .debug_str:000000000004e724 .LASF3932
     /tmp/ccWZZQZf.s:101458  .debug_str:000000000003348d .LASF3933
     /tmp/ccWZZQZf.s:107656  .debug_str:000000000004cd96 .LASF3934
     /tmp/ccWZZQZf.s:89246  .debug_str:0000000000001228 .LASF3935
     /tmp/ccWZZQZf.s:105084  .debug_str:0000000000042064 .LASF3936
     /tmp/ccWZZQZf.s:106332  .debug_str:000000000004713b .LASF3937
     /tmp/ccWZZQZf.s:94670  .debug_str:00000000000175a5 .LASF3938
     /tmp/ccWZZQZf.s:97136  .debug_str:0000000000021ea9 .LASF3939
     /tmp/ccWZZQZf.s:95300  .debug_str:0000000000019eed .LASF3940
     /tmp/ccWZZQZf.s:94658  .debug_str:000000000001747a .LASF3941
     /tmp/ccWZZQZf.s:103656  .debug_str:000000000003c0b7 .LASF3942
     /tmp/ccWZZQZf.s:103622  .debug_str:000000000003be6b .LASF3943
     /tmp/ccWZZQZf.s:101660  .debug_str:00000000000341a8 .LASF3944
     /tmp/ccWZZQZf.s:102956  .debug_str:0000000000039018 .LASF3945
     /tmp/ccWZZQZf.s:98650  .debug_str:0000000000027d82 .LASF3946
     /tmp/ccWZZQZf.s:99956  .debug_str:000000000002d17a .LASF3947
     /tmp/ccWZZQZf.s:100912  .debug_str:0000000000030fcc .LASF3948
     /tmp/ccWZZQZf.s:108056  .debug_str:000000000004e8f1 .LASF3949
     /tmp/ccWZZQZf.s:103766  .debug_str:000000000003c7e9 .LASF3950
     /tmp/ccWZZQZf.s:106828  .debug_str:000000000004929b .LASF3951
     /tmp/ccWZZQZf.s:93128  .debug_str:000000000001111a .LASF3952
     /tmp/ccWZZQZf.s:100052  .debug_str:000000000002d789 .LASF3953
     /tmp/ccWZZQZf.s:95940  .debug_str:000000000001cbf3 .LASF3954
     /tmp/ccWZZQZf.s:98554  .debug_str:0000000000027727 .LASF3955
     /tmp/ccWZZQZf.s:101964  .debug_str:00000000000356c2 .LASF3956
     /tmp/ccWZZQZf.s:107400  .debug_str:000000000004ba0a .LASF3957
     /tmp/ccWZZQZf.s:101820  .debug_str:0000000000034d2a .LASF3958
     /tmp/ccWZZQZf.s:107644  .debug_str:000000000004ccd5 .LASF3959
     /tmp/ccWZZQZf.s:99078  .debug_str:00000000000299d0 .LASF3960
     /tmp/ccWZZQZf.s:106756  .debug_str:0000000000048e14 .LASF3961
     /tmp/ccWZZQZf.s:91194  .debug_str:000000000000981d .LASF3962
     /tmp/ccWZZQZf.s:98838  .debug_str:00000000000289c7 .LASF3963
     /tmp/ccWZZQZf.s:101538  .debug_str:000000000003398e .LASF3964
     /tmp/ccWZZQZf.s:103698  .debug_str:000000000003c33f .LASF3965
     /tmp/ccWZZQZf.s:97018  .debug_str:00000000000217a6 .LASF3966
     /tmp/ccWZZQZf.s:92164  .debug_str:000000000000d922 .LASF3967
     /tmp/ccWZZQZf.s:106298  .debug_str:0000000000046f1c .LASF3968
     /tmp/ccWZZQZf.s:97040  .debug_str:000000000002188d .LASF3969
     /tmp/ccWZZQZf.s:106862  .debug_str:00000000000494f7 .LASF3970
     /tmp/ccWZZQZf.s:91696  .debug_str:000000000000bac8 .LASF3971
     /tmp/ccWZZQZf.s:107718  .debug_str:000000000004d1da .LASF3972
     /tmp/ccWZZQZf.s:105022  .debug_str:0000000000041c0c .LASF3973
     /tmp/ccWZZQZf.s:103936  .debug_str:000000000003d3ca .LASF3974
     /tmp/ccWZZQZf.s:89472  .debug_str:0000000000002248 .LASF3975
     /tmp/ccWZZQZf.s:105830  .debug_str:00000000000450b2 .LASF3976
     /tmp/ccWZZQZf.s:95958  .debug_str:000000000001ccd4 .LASF3977
     /tmp/ccWZZQZf.s:94688  .debug_str:00000000000176e1 .LASF3978
     /tmp/ccWZZQZf.s:90514  .debug_str:0000000000006a61 .LASF3979
     /tmp/ccWZZQZf.s:101752  .debug_str:0000000000034847 .LASF3980
     /tmp/ccWZZQZf.s:105924  .debug_str:000000000004563a .LASF3981
     /tmp/ccWZZQZf.s:103452  .debug_str:000000000003b2ea .LASF3982
     /tmp/ccWZZQZf.s:98364  .debug_str:00000000000269de .LASF3983
     /tmp/ccWZZQZf.s:102906  .debug_str:0000000000038d8a .LASF3984
     /tmp/ccWZZQZf.s:106380  .debug_str:0000000000047452 .LASF3985
     /tmp/ccWZZQZf.s:102100  .debug_str:0000000000035f6f .LASF3986
     /tmp/ccWZZQZf.s:106404  .debug_str:00000000000475f0 .LASF3987
     /tmp/ccWZZQZf.s:97042  .debug_str:000000000002189e .LASF3988
     /tmp/ccWZZQZf.s:106156  .debug_str:00000000000465ec .LASF3989
     /tmp/ccWZZQZf.s:89014  .debug_str:0000000000000276 .LASF3990
     /tmp/ccWZZQZf.s:91624  .debug_str:000000000000b548 .LASF3991
     /tmp/ccWZZQZf.s:104000  .debug_str:000000000003d7e7 .LASF3992
     /tmp/ccWZZQZf.s:97092  .debug_str:0000000000021c80 .LASF3993
     /tmp/ccWZZQZf.s:106788  .debug_str:0000000000049041 .LASF3994
     /tmp/ccWZZQZf.s:93938  .debug_str:000000000001454e .LASF3995
     /tmp/ccWZZQZf.s:93632  .debug_str:00000000000132dc .LASF3996
     /tmp/ccWZZQZf.s:102882  .debug_str:0000000000038bff .LASF3997
     /tmp/ccWZZQZf.s:89708  .debug_str:000000000000338a .LASF3998
     /tmp/ccWZZQZf.s:104094  .debug_str:000000000003dd39 .LASF3999
     /tmp/ccWZZQZf.s:93362  .debug_str:000000000001218f .LASF4000
     /tmp/ccWZZQZf.s:94830  .debug_str:0000000000017fb4 .LASF4001
     /tmp/ccWZZQZf.s:102330  .debug_str:0000000000036e39 .LASF4002
     /tmp/ccWZZQZf.s:91932  .debug_str:000000000000ca43 .LASF4003
     /tmp/ccWZZQZf.s:99620  .debug_str:000000000002bc2f .LASF4004
     /tmp/ccWZZQZf.s:99834  .debug_str:000000000002c915 .LASF4005
     /tmp/ccWZZQZf.s:105240  .debug_str:0000000000042b12 .LASF4006
     /tmp/ccWZZQZf.s:98556  .debug_str:0000000000027742 .LASF4007
     /tmp/ccWZZQZf.s:95192  .debug_str:0000000000019701 .LASF4008
     /tmp/ccWZZQZf.s:89726  .debug_str:0000000000003475 .LASF4009
     /tmp/ccWZZQZf.s:98386  .debug_str:0000000000026b67 .LASF4010
     /tmp/ccWZZQZf.s:89612  .debug_str:0000000000002c66 .LASF4011
     /tmp/ccWZZQZf.s:100322  .debug_str:000000000002e956 .LASF4012
     /tmp/ccWZZQZf.s:104026  .debug_str:000000000003d9d6 .LASF4013
     /tmp/ccWZZQZf.s:93334  .debug_str:0000000000011f83 .LASF4014
     /tmp/ccWZZQZf.s:93864  .debug_str:00000000000140fe .LASF4015
     /tmp/ccWZZQZf.s:102238  .debug_str:0000000000036893 .LASF4016
     /tmp/ccWZZQZf.s:98058  .debug_str:0000000000025602 .LASF4017
     /tmp/ccWZZQZf.s:107330  .debug_str:000000000004b5f2 .LASF4018
     /tmp/ccWZZQZf.s:98966  .debug_str:0000000000029262 .LASF4019
     /tmp/ccWZZQZf.s:107068  .debug_str:000000000004a3dd .LASF4020
     /tmp/ccWZZQZf.s:98726  .debug_str:00000000000282a8 .LASF4021
     /tmp/ccWZZQZf.s:93428  .debug_str:0000000000012513 .LASF4022
     /tmp/ccWZZQZf.s:105784  .debug_str:0000000000044e4e .LASF4023
     /tmp/ccWZZQZf.s:103286  .debug_str:000000000003a73a .LASF4024
     /tmp/ccWZZQZf.s:106630  .debug_str:0000000000048638 .LASF4025
     /tmp/ccWZZQZf.s:101908  .debug_str:00000000000352b2 .LASF4026
     /tmp/ccWZZQZf.s:102926  .debug_str:0000000000038e89 .LASF4027
     /tmp/ccWZZQZf.s:91726  .debug_str:000000000000bcaf .LASF4028
     /tmp/ccWZZQZf.s:104420  .debug_str:000000000003f2b2 .LASF4029
     /tmp/ccWZZQZf.s:102078  .debug_str:0000000000035e3d .LASF4030
     /tmp/ccWZZQZf.s:96330  .debug_str:000000000001e6ce .LASF4031
     /tmp/ccWZZQZf.s:107358  .debug_str:000000000004b7c9 .LASF4032
     /tmp/ccWZZQZf.s:102032  .debug_str:0000000000035b60 .LASF4033
     /tmp/ccWZZQZf.s:94250  .debug_str:00000000000158fc .LASF4034
     /tmp/ccWZZQZf.s:92624  .debug_str:000000000000f283 .LASF4035
     /tmp/ccWZZQZf.s:99770  .debug_str:000000000002c542 .LASF4036
     /tmp/ccWZZQZf.s:106538  .debug_str:0000000000047fc7 .LASF4037
     /tmp/ccWZZQZf.s:92556  .debug_str:000000000000eeed .LASF4038
     /tmp/ccWZZQZf.s:99028  .debug_str:000000000002962d .LASF4039
     /tmp/ccWZZQZf.s:103756  .debug_str:000000000003c713 .LASF4040
     /tmp/ccWZZQZf.s:89292  .debug_str:0000000000001506 .LASF4041
     /tmp/ccWZZQZf.s:89880  .debug_str:0000000000003e9e .LASF4042
     /tmp/ccWZZQZf.s:99774  .debug_str:000000000002c594 .LASF4043
     /tmp/ccWZZQZf.s:100200  .debug_str:000000000002e071 .LASF4044
     /tmp/ccWZZQZf.s:91786  .debug_str:000000000000c088 .LASF4045
     /tmp/ccWZZQZf.s:104566  .debug_str:000000000003fce8 .LASF4046
     /tmp/ccWZZQZf.s:95820  .debug_str:000000000001c3c1 .LASF4047
     /tmp/ccWZZQZf.s:100784  .debug_str:0000000000030753 .LASF4048
     /tmp/ccWZZQZf.s:107274  .debug_str:000000000004b1c3 .LASF4049
     /tmp/ccWZZQZf.s:103662  .debug_str:000000000003c121 .LASF4050
     /tmp/ccWZZQZf.s:93182  .debug_str:00000000000114f6 .LASF4051
     /tmp/ccWZZQZf.s:105518  .debug_str:0000000000043d70 .LASF4052
     /tmp/ccWZZQZf.s:103716  .debug_str:000000000003c43e .LASF4053
     /tmp/ccWZZQZf.s:102740  .debug_str:00000000000384a0 .LASF4054
     /tmp/ccWZZQZf.s:97126  .debug_str:0000000000021e3b .LASF4055
     /tmp/ccWZZQZf.s:100206  .debug_str:000000000002e0dd .LASF4056
     /tmp/ccWZZQZf.s:92804  .debug_str:000000000000fdd5 .LASF4057
     /tmp/ccWZZQZf.s:96482  .debug_str:000000000001f22a .LASF4058
     /tmp/ccWZZQZf.s:91930  .debug_str:000000000000ca2f .LASF4059
     /tmp/ccWZZQZf.s:91806  .debug_str:000000000000c1cb .LASF4060
     /tmp/ccWZZQZf.s:92428  .debug_str:000000000000e885 .LASF4061
     /tmp/ccWZZQZf.s:101744  .debug_str:00000000000347ee .LASF4062
     /tmp/ccWZZQZf.s:94096  .debug_str:0000000000014efd .LASF4063
     /tmp/ccWZZQZf.s:91350  .debug_str:000000000000a1f6 .LASF4064
     /tmp/ccWZZQZf.s:106706  .debug_str:0000000000048af6 .LASF4065
     /tmp/ccWZZQZf.s:97934  .debug_str:0000000000024f29 .LASF4066
     /tmp/ccWZZQZf.s:101164  .debug_str:0000000000032186 .LASF4067
     /tmp/ccWZZQZf.s:91134  .debug_str:000000000000939f .LASF4068
     /tmp/ccWZZQZf.s:104612  .debug_str:0000000000040076 .LASF4069
     /tmp/ccWZZQZf.s:95840  .debug_str:000000000001c502 .LASF4070
     /tmp/ccWZZQZf.s:96978  .debug_str:00000000000215af .LASF4071
     /tmp/ccWZZQZf.s:106750  .debug_str:0000000000048dad .LASF4072
     /tmp/ccWZZQZf.s:104712  .debug_str:0000000000040788 .LASF4073
     /tmp/ccWZZQZf.s:99260  .debug_str:000000000002a4f0 .LASF4074
     /tmp/ccWZZQZf.s:107850  .debug_str:000000000004daca .LASF4075
     /tmp/ccWZZQZf.s:106348  .debug_str:000000000004726d .LASF4076
     /tmp/ccWZZQZf.s:98350  .debug_str:00000000000268db .LASF4077
     /tmp/ccWZZQZf.s:97738  .debug_str:0000000000024577 .LASF4078
     /tmp/ccWZZQZf.s:95384  .debug_str:000000000001a576 .LASF4079
     /tmp/ccWZZQZf.s:96232  .debug_str:000000000001e0af .LASF4080
     /tmp/ccWZZQZf.s:95668  .debug_str:000000000001b8c7 .LASF4081
     /tmp/ccWZZQZf.s:101474  .debug_str:00000000000335b4 .LASF4082
     /tmp/ccWZZQZf.s:100108  .debug_str:000000000002da6c .LASF4083
     /tmp/ccWZZQZf.s:105966  .debug_str:0000000000045949 .LASF4084
     /tmp/ccWZZQZf.s:103458  .debug_str:000000000003b35d .LASF4085
     /tmp/ccWZZQZf.s:103948  .debug_str:000000000003d48d .LASF4086
     /tmp/ccWZZQZf.s:91724  .debug_str:000000000000bc93 .LASF4087
     /tmp/ccWZZQZf.s:95324  .debug_str:000000000001a0d1 .LASF4088
     /tmp/ccWZZQZf.s:89628  .debug_str:0000000000002d95 .LASF4089
     /tmp/ccWZZQZf.s:91054  .debug_str:0000000000008e78 .LASF4090
     /tmp/ccWZZQZf.s:95274  .debug_str:0000000000019d4f .LASF4091
     /tmp/ccWZZQZf.s:94708  .debug_str:00000000000177d7 .LASF4092
     /tmp/ccWZZQZf.s:106940  .debug_str:0000000000049aea .LASF4093
     /tmp/ccWZZQZf.s:94254  .debug_str:000000000001592f .LASF4094
     /tmp/ccWZZQZf.s:92336  .debug_str:000000000000e379 .LASF4095
     /tmp/ccWZZQZf.s:95624  .debug_str:000000000001b5c4 .LASF4096
     /tmp/ccWZZQZf.s:98294  .debug_str:00000000000265d9 .LASF4097
     /tmp/ccWZZQZf.s:96762  .debug_str:0000000000020664 .LASF4098
     /tmp/ccWZZQZf.s:98156  .debug_str:0000000000025c15 .LASF4099
     /tmp/ccWZZQZf.s:92160  .debug_str:000000000000d8da .LASF4100
     /tmp/ccWZZQZf.s:95408  .debug_str:000000000001a735 .LASF4101
     /tmp/ccWZZQZf.s:104586  .debug_str:000000000003fe43 .LASF4102
     /tmp/ccWZZQZf.s:93004  .debug_str:00000000000109fa .LASF4103
     /tmp/ccWZZQZf.s:95566  .debug_str:000000000001b161 .LASF4104
     /tmp/ccWZZQZf.s:99348  .debug_str:000000000002aaeb .LASF4105
     /tmp/ccWZZQZf.s:92942  .debug_str:000000000001053d .LASF4106
     /tmp/ccWZZQZf.s:103404  .debug_str:000000000003af4a .LASF4107
     /tmp/ccWZZQZf.s:94716  .debug_str:000000000001782d .LASF4108
     /tmp/ccWZZQZf.s:91214  .debug_str:00000000000099ad .LASF4109
     /tmp/ccWZZQZf.s:92894  .debug_str:000000000001032a .LASF4110
     /tmp/ccWZZQZf.s:98566  .debug_str:00000000000277bd .LASF4111
     /tmp/ccWZZQZf.s:91664  .debug_str:000000000000b8c0 .LASF4112
     /tmp/ccWZZQZf.s:96904  .debug_str:0000000000021043 .LASF4113
     /tmp/ccWZZQZf.s:96182  .debug_str:000000000001dd58 .LASF4114
     /tmp/ccWZZQZf.s:106254  .debug_str:0000000000046c5c .LASF4115
     /tmp/ccWZZQZf.s:106080  .debug_str:000000000004605c .LASF4116
     /tmp/ccWZZQZf.s:93504  .debug_str:0000000000012a05 .LASF4117
     /tmp/ccWZZQZf.s:96184  .debug_str:000000000001dd77 .LASF4118
     /tmp/ccWZZQZf.s:92210  .debug_str:000000000000dc08 .LASF4119
     /tmp/ccWZZQZf.s:98086  .debug_str:00000000000257a6 .LASF4120
     /tmp/ccWZZQZf.s:103432  .debug_str:000000000003b147 .LASF4121
     /tmp/ccWZZQZf.s:101310  .debug_str:0000000000032aba .LASF4122
     /tmp/ccWZZQZf.s:105560  .debug_str:0000000000044012 .LASF4123
     /tmp/ccWZZQZf.s:107792  .debug_str:000000000004d6e4 .LASF4124
     /tmp/ccWZZQZf.s:100724  .debug_str:0000000000030400 .LASF4125
     /tmp/ccWZZQZf.s:99714  .debug_str:000000000002c230 .LASF4126
     /tmp/ccWZZQZf.s:89724  .debug_str:0000000000003466 .LASF4127
     /tmp/ccWZZQZf.s:102400  .debug_str:0000000000037254 .LASF4128
     /tmp/ccWZZQZf.s:97010  .debug_str:000000000002175a .LASF4129
     /tmp/ccWZZQZf.s:101054  .debug_str:00000000000319fd .LASF4130
     /tmp/ccWZZQZf.s:93458  .debug_str:0000000000012700 .LASF4131
     /tmp/ccWZZQZf.s:99050  .debug_str:00000000000297d3 .LASF4132
     /tmp/ccWZZQZf.s:91118  .debug_str:000000000000928e .LASF4133
     /tmp/ccWZZQZf.s:99544  .debug_str:000000000002b702 .LASF4134
     /tmp/ccWZZQZf.s:107942  .debug_str:000000000004e102 .LASF4135
     /tmp/ccWZZQZf.s:89824  .debug_str:0000000000003ad0 .LASF4136
     /tmp/ccWZZQZf.s:94844  .debug_str:00000000000180b2 .LASF4137
     /tmp/ccWZZQZf.s:99930  .debug_str:000000000002cfb3 .LASF4138
     /tmp/ccWZZQZf.s:103532  .debug_str:000000000003b8a5 .LASF4139
     /tmp/ccWZZQZf.s:101758  .debug_str:0000000000034894 .LASF4140
     /tmp/ccWZZQZf.s:94508  .debug_str:000000000001696e .LASF4141
     /tmp/ccWZZQZf.s:96014  .debug_str:000000000001d099 .LASF4142
     /tmp/ccWZZQZf.s:95914  .debug_str:000000000001c9a7 .LASF4143
     /tmp/ccWZZQZf.s:90310  .debug_str:0000000000005c80 .LASF4144
     /tmp/ccWZZQZf.s:90008  .debug_str:00000000000047bc .LASF4145
     /tmp/ccWZZQZf.s:103848  .debug_str:000000000003cda3 .LASF4146
     /tmp/ccWZZQZf.s:106922  .debug_str:000000000004999d .LASF4147
     /tmp/ccWZZQZf.s:103836  .debug_str:000000000003ccba .LASF4148
     /tmp/ccWZZQZf.s:104724  .debug_str:000000000004088d .LASF4149
     /tmp/ccWZZQZf.s:96604  .debug_str:000000000001faef .LASF4150
     /tmp/ccWZZQZf.s:105038  .debug_str:0000000000041d1b .LASF4151
     /tmp/ccWZZQZf.s:94720  .debug_str:000000000001787b .LASF4152
     /tmp/ccWZZQZf.s:91606  .debug_str:000000000000b42e .LASF4153
     /tmp/ccWZZQZf.s:107996  .debug_str:000000000004e493 .LASF4154
     /tmp/ccWZZQZf.s:89814  .debug_str:0000000000003a2d .LASF4155
     /tmp/ccWZZQZf.s:89896  .debug_str:0000000000003fc6 .LASF4156
     /tmp/ccWZZQZf.s:101978  .debug_str:00000000000357a2 .LASF4157
     /tmp/ccWZZQZf.s:96764  .debug_str:000000000002067b .LASF4158
     /tmp/ccWZZQZf.s:96110  .debug_str:000000000001d7ca .LASF4159
     /tmp/ccWZZQZf.s:107120  .debug_str:000000000004a767 .LASF4160
     /tmp/ccWZZQZf.s:95932  .debug_str:000000000001cb23 .LASF4161
     /tmp/ccWZZQZf.s:107628  .debug_str:000000000004cb7b .LASF4162
     /tmp/ccWZZQZf.s:101108  .debug_str:0000000000031e1e .LASF4163
     /tmp/ccWZZQZf.s:92478  .debug_str:000000000000ea7f .LASF4164
     /tmp/ccWZZQZf.s:93796  .debug_str:0000000000013cf4 .LASF4165
     /tmp/ccWZZQZf.s:100298  .debug_str:000000000002e7b5 .LASF4166
     /tmp/ccWZZQZf.s:104166  .debug_str:000000000003e26c .LASF4167
     /tmp/ccWZZQZf.s:89650  .debug_str:0000000000002fbb .LASF4168
     /tmp/ccWZZQZf.s:90196  .debug_str:0000000000005483 .LASF4169
     /tmp/ccWZZQZf.s:100828  .debug_str:0000000000030ab1 .LASF4170
     /tmp/ccWZZQZf.s:97866  .debug_str:0000000000024c63 .LASF4171
     /tmp/ccWZZQZf.s:89284  .debug_str:0000000000001485 .LASF4172
     /tmp/ccWZZQZf.s:90906  .debug_str:0000000000008462 .LASF4173
     /tmp/ccWZZQZf.s:104858  .debug_str:0000000000041147 .LASF4174
     /tmp/ccWZZQZf.s:90554  .debug_str:0000000000006d6d .LASF4175
     /tmp/ccWZZQZf.s:96452  .debug_str:000000000001eff3 .LASF4176
     /tmp/ccWZZQZf.s:89280  .debug_str:000000000000144e .LASF4177
     /tmp/ccWZZQZf.s:96692  .debug_str:0000000000020235 .LASF4178
     /tmp/ccWZZQZf.s:91132  .debug_str:000000000000938c .LASF4179
     /tmp/ccWZZQZf.s:101136  .debug_str:0000000000032006 .LASF4180
     /tmp/ccWZZQZf.s:102844  .debug_str:0000000000038a89 .LASF4181
     /tmp/ccWZZQZf.s:105786  .debug_str:0000000000044e61 .LASF4182
     /tmp/ccWZZQZf.s:107026  .debug_str:000000000004a102 .LASF4183
     /tmp/ccWZZQZf.s:100526  .debug_str:000000000002f6bf .LASF4184
     /tmp/ccWZZQZf.s:89786  .debug_str:000000000000384f .LASF4185
     /tmp/ccWZZQZf.s:90772  .debug_str:0000000000007b6a .LASF4186
     /tmp/ccWZZQZf.s:95956  .debug_str:000000000001ccc2 .LASF4187
     /tmp/ccWZZQZf.s:98970  .debug_str:0000000000029294 .LASF4188
     /tmp/ccWZZQZf.s:107370  .debug_str:000000000004b87a .LASF4189
     /tmp/ccWZZQZf.s:96720  .debug_str:00000000000203e1 .LASF4190
     /tmp/ccWZZQZf.s:105154  .debug_str:00000000000425e5 .LASF4191
     /tmp/ccWZZQZf.s:97274  .debug_str:00000000000227df .LASF4192
     /tmp/ccWZZQZf.s:102998  .debug_str:0000000000039375 .LASF4193
     /tmp/ccWZZQZf.s:92122  .debug_str:000000000000d6fb .LASF4194
     /tmp/ccWZZQZf.s:104756  .debug_str:0000000000040a35 .LASF4195
     /tmp/ccWZZQZf.s:103690  .debug_str:000000000003c2d3 .LASF4196
     /tmp/ccWZZQZf.s:100846  .debug_str:0000000000030bed .LASF4197
     /tmp/ccWZZQZf.s:103730  .debug_str:000000000003c587 .LASF4198
     /tmp/ccWZZQZf.s:92946  .debug_str:0000000000010592 .LASF4199
     /tmp/ccWZZQZf.s:101496  .debug_str:00000000000336ca .LASF4200
     /tmp/ccWZZQZf.s:105952  .debug_str:0000000000045867 .LASF4201
     /tmp/ccWZZQZf.s:99272  .debug_str:000000000002a559 .LASF4202
     /tmp/ccWZZQZf.s:107674  .debug_str:000000000004cefa .LASF4203
     /tmp/ccWZZQZf.s:93562  .debug_str:0000000000012ee0 .LASF4204
     /tmp/ccWZZQZf.s:94906  .debug_str:000000000001843b .LASF4205
     /tmp/ccWZZQZf.s:97470  .debug_str:000000000002352a .LASF4206
     /tmp/ccWZZQZf.s:91592  .debug_str:000000000000b303 .LASF4207
     /tmp/ccWZZQZf.s:106200  .debug_str:0000000000046928 .LASF4208
     /tmp/ccWZZQZf.s:103490  .debug_str:000000000003b5aa .LASF4209
     /tmp/ccWZZQZf.s:103306  .debug_str:000000000003a839 .LASF4210
     /tmp/ccWZZQZf.s:92860  .debug_str:00000000000100d2 .LASF4211
     /tmp/ccWZZQZf.s:94808  .debug_str:0000000000017e69 .LASF4212
     /tmp/ccWZZQZf.s:92706  .debug_str:000000000000f845 .LASF4213
     /tmp/ccWZZQZf.s:102842  .debug_str:0000000000038a72 .LASF4214
     /tmp/ccWZZQZf.s:104440  .debug_str:000000000003f3a1 .LASF4215
     /tmp/ccWZZQZf.s:96632  .debug_str:000000000001fcf7 .LASF4216
     /tmp/ccWZZQZf.s:105066  .debug_str:0000000000041f60 .LASF4217
     /tmp/ccWZZQZf.s:94370  .debug_str:0000000000016028 .LASF4218
     /tmp/ccWZZQZf.s:102920  .debug_str:0000000000038e3d .LASF4219
     /tmp/ccWZZQZf.s:105400  .debug_str:00000000000435d9 .LASF4220
     /tmp/ccWZZQZf.s:102634  .debug_str:0000000000037eca .LASF4221
     /tmp/ccWZZQZf.s:96206  .debug_str:000000000001deaf .LASF4222
     /tmp/ccWZZQZf.s:104670  .debug_str:0000000000040523 .LASF4223
     /tmp/ccWZZQZf.s:93990  .debug_str:0000000000014834 .LASF4224
     /tmp/ccWZZQZf.s:91112  .debug_str:000000000000922a .LASF4225
     /tmp/ccWZZQZf.s:91682  .debug_str:000000000000b9f5 .LASF4226
     /tmp/ccWZZQZf.s:100284  .debug_str:000000000002e6cd .LASF4227
     /tmp/ccWZZQZf.s:101884  .debug_str:0000000000035147 .LASF4228
     /tmp/ccWZZQZf.s:102096  .debug_str:0000000000035f15 .LASF4229
     /tmp/ccWZZQZf.s:89832  .debug_str:0000000000003b5d .LASF4230
     /tmp/ccWZZQZf.s:106576  .debug_str:00000000000482d5 .LASF4231
     /tmp/ccWZZQZf.s:89700  .debug_str:000000000000330f .LASF4232
     /tmp/ccWZZQZf.s:96044  .debug_str:000000000001d315 .LASF4233
     /tmp/ccWZZQZf.s:92470  .debug_str:000000000000e9fc .LASF4234
     /tmp/ccWZZQZf.s:93838  .debug_str:0000000000013f8a .LASF4235
     /tmp/ccWZZQZf.s:94490  .debug_str:0000000000016876 .LASF4236
     /tmp/ccWZZQZf.s:95722  .debug_str:000000000001bccf .LASF4237
     /tmp/ccWZZQZf.s:100162  .debug_str:000000000002de4a .LASF4238
     /tmp/ccWZZQZf.s:89404  .debug_str:0000000000001d43 .LASF4239
     /tmp/ccWZZQZf.s:100460  .debug_str:000000000002f252 .LASF4240
     /tmp/ccWZZQZf.s:89728  .debug_str:000000000000348a .LASF4241
     /tmp/ccWZZQZf.s:105202  .debug_str:00000000000428a2 .LASF4242
     /tmp/ccWZZQZf.s:103782  .debug_str:000000000003c8e7 .LASF4243
     /tmp/ccWZZQZf.s:98910  .debug_str:0000000000028e8c .LASF4244
     /tmp/ccWZZQZf.s:104528  .debug_str:000000000003fa41 .LASF4245
     /tmp/ccWZZQZf.s:93172  .debug_str:000000000001144b .LASF4246
     /tmp/ccWZZQZf.s:100774  .debug_str:00000000000306f1 .LASF4247
     /tmp/ccWZZQZf.s:106640  .debug_str:00000000000486dc .LASF4248
     /tmp/ccWZZQZf.s:107070  .debug_str:000000000004a3ee .LASF4249
     /tmp/ccWZZQZf.s:94238  .debug_str:0000000000015881 .LASF4250
     /tmp/ccWZZQZf.s:102762  .debug_str:00000000000385ea .LASF4251
     /tmp/ccWZZQZf.s:107032  .debug_str:000000000004a16b .LASF4252
     /tmp/ccWZZQZf.s:100500  .debug_str:000000000002f527 .LASF4253
     /tmp/ccWZZQZf.s:89764  .debug_str:000000000000368d .LASF4254
     /tmp/ccWZZQZf.s:98248  .debug_str:00000000000262e3 .LASF4255
     /tmp/ccWZZQZf.s:106676  .debug_str:00000000000488cb .LASF4256
     /tmp/ccWZZQZf.s:95980  .debug_str:000000000001ce36 .LASF4257
     /tmp/ccWZZQZf.s:104270  .debug_str:000000000003e977 .LASF4258
     /tmp/ccWZZQZf.s:94930  .debug_str:0000000000018542 .LASF4259
     /tmp/ccWZZQZf.s:104758  .debug_str:0000000000040a48 .LASF4260
     /tmp/ccWZZQZf.s:94070  .debug_str:0000000000014d5b .LASF4261
     /tmp/ccWZZQZf.s:102590  .debug_str:0000000000037d54 .LASF4262
     /tmp/ccWZZQZf.s:91742  .debug_str:000000000000bd93 .LASF4263
     /tmp/ccWZZQZf.s:99954  .debug_str:000000000002d164 .LASF4264
     /tmp/ccWZZQZf.s:89644  .debug_str:0000000000002f26 .LASF4265
     /tmp/ccWZZQZf.s:97926  .debug_str:0000000000024eb6 .LASF4266
     /tmp/ccWZZQZf.s:106394  .debug_str:0000000000047535 .LASF4267
     /tmp/ccWZZQZf.s:95688  .debug_str:000000000001ba4c .LASF4268
     /tmp/ccWZZQZf.s:106824  .debug_str:0000000000049260 .LASF4269
     /tmp/ccWZZQZf.s:90626  .debug_str:000000000000724d .LASF4270
     /tmp/ccWZZQZf.s:105802  .debug_str:0000000000044f04 .LASF4271
     /tmp/ccWZZQZf.s:107276  .debug_str:000000000004b1d6 .LASF4272
     /tmp/ccWZZQZf.s:96616  .debug_str:000000000001fbd3 .LASF4273
     /tmp/ccWZZQZf.s:95718  .debug_str:000000000001bcb1 .LASF4274
     /tmp/ccWZZQZf.s:95194  .debug_str:0000000000019712 .LASF4275
     /tmp/ccWZZQZf.s:106836  .debug_str:000000000004932b .LASF4276
     /tmp/ccWZZQZf.s:96488  .debug_str:000000000001f25d .LASF4277
     /tmp/ccWZZQZf.s:99636  .debug_str:000000000002bd2b .LASF4278
     /tmp/ccWZZQZf.s:90882  .debug_str:0000000000008292 .LASF4279
     /tmp/ccWZZQZf.s:101492  .debug_str:000000000003366f .LASF4280
     /tmp/ccWZZQZf.s:92744  .debug_str:000000000000faad .LASF4281
     /tmp/ccWZZQZf.s:100714  .debug_str:0000000000030392 .LASF4282
     /tmp/ccWZZQZf.s:93386  .debug_str:00000000000122bc .LASF4283
     /tmp/ccWZZQZf.s:93994  .debug_str:0000000000014887 .LASF4284
     /tmp/ccWZZQZf.s:103742  .debug_str:000000000003c63f .LASF4285
     /tmp/ccWZZQZf.s:103536  .debug_str:000000000003b8de .LASF4286
     /tmp/ccWZZQZf.s:105394  .debug_str:0000000000043562 .LASF4287
     /tmp/ccWZZQZf.s:105700  .debug_str:0000000000044892 .LASF4288
     /tmp/ccWZZQZf.s:91532  .debug_str:000000000000aead .LASF4289
     /tmp/ccWZZQZf.s:98630  .debug_str:0000000000027c39 .LASF4290
     /tmp/ccWZZQZf.s:102086  .debug_str:0000000000035e7c .LASF4291
     /tmp/ccWZZQZf.s:98580  .debug_str:00000000000278b4 .LASF4292
     /tmp/ccWZZQZf.s:104120  .debug_str:000000000003df1e .LASF4293
     /tmp/ccWZZQZf.s:102210  .debug_str:000000000003668a .LASF4294
     /tmp/ccWZZQZf.s:97624  .debug_str:0000000000023fdb .LASF4295
     /tmp/ccWZZQZf.s:103064  .debug_str:00000000000397e3 .LASF4296
     /tmp/ccWZZQZf.s:99424  .debug_str:000000000002af2a .LASF4297
     /tmp/ccWZZQZf.s:92762  .debug_str:000000000000fbdc .LASF4298
     /tmp/ccWZZQZf.s:91188  .debug_str:000000000000979b .LASF4299
     /tmp/ccWZZQZf.s:92512  .debug_str:000000000000ecf8 .LASF4300
     /tmp/ccWZZQZf.s:92520  .debug_str:000000000000ed93 .LASF4301
     /tmp/ccWZZQZf.s:94480  .debug_str:00000000000167c6 .LASF4302
     /tmp/ccWZZQZf.s:104980  .debug_str:00000000000418b6 .LASF4303
     /tmp/ccWZZQZf.s:96152  .debug_str:000000000001dade .LASF4304
     /tmp/ccWZZQZf.s:91576  .debug_str:000000000000b204 .LASF4305
     /tmp/ccWZZQZf.s:102298  .debug_str:0000000000036bfa .LASF4306
     /tmp/ccWZZQZf.s:103326  .debug_str:000000000003a94d .LASF4307
     /tmp/ccWZZQZf.s:102606  .debug_str:0000000000037e1f .LASF4308
     /tmp/ccWZZQZf.s:91952  .debug_str:000000000000cb8d .LASF4309
     /tmp/ccWZZQZf.s:103408  .debug_str:000000000003afb0 .LASF4310
     /tmp/ccWZZQZf.s:94706  .debug_str:00000000000177bf .LASF4311
     /tmp/ccWZZQZf.s:105224  .debug_str:0000000000042a5c .LASF4312
     /tmp/ccWZZQZf.s:104362  .debug_str:000000000003eedb .LASF4313
     /tmp/ccWZZQZf.s:102914  .debug_str:0000000000038dfc .LASF4314
     /tmp/ccWZZQZf.s:98456  .debug_str:000000000002709e .LASF4315
     /tmp/ccWZZQZf.s:95418  .debug_str:000000000001a7ce .LASF4316
     /tmp/ccWZZQZf.s:105014  .debug_str:0000000000041b94 .LASF4317
     /tmp/ccWZZQZf.s:97300  .debug_str:0000000000022951 .LASF4318
     /tmp/ccWZZQZf.s:101184  .debug_str:00000000000322f4 .LASF4319
     /tmp/ccWZZQZf.s:102604  .debug_str:0000000000037e06 .LASF4320
     /tmp/ccWZZQZf.s:106954  .debug_str:0000000000049bdc .LASF4321
     /tmp/ccWZZQZf.s:100898  .debug_str:0000000000030f02 .LASF4322
     /tmp/ccWZZQZf.s:92116  .debug_str:000000000000d6b5 .LASF4323
     /tmp/ccWZZQZf.s:102794  .debug_str:0000000000038718 .LASF4324
     /tmp/ccWZZQZf.s:94078  .debug_str:0000000000014dfe .LASF4325
     /tmp/ccWZZQZf.s:89386  .debug_str:0000000000001c22 .LASF4326
     /tmp/ccWZZQZf.s:99964  .debug_str:000000000002d1f2 .LASF4327
     /tmp/ccWZZQZf.s:91158  .debug_str:00000000000094fd .LASF4328
     /tmp/ccWZZQZf.s:101798  .debug_str:0000000000034ba8 .LASF4329
     /tmp/ccWZZQZf.s:93078  .debug_str:0000000000010e6c .LASF4330
     /tmp/ccWZZQZf.s:95376  .debug_str:000000000001a4d8 .LASF4331
     /tmp/ccWZZQZf.s:94852  .debug_str:0000000000018111 .LASF4332
     /tmp/ccWZZQZf.s:91704  .debug_str:000000000000bb64 .LASF4333
     /tmp/ccWZZQZf.s:104136  .debug_str:000000000003e032 .LASF4334
     /tmp/ccWZZQZf.s:107194  .debug_str:000000000004ac14 .LASF4335
     /tmp/ccWZZQZf.s:102596  .debug_str:0000000000037dbf .LASF4336
     /tmp/ccWZZQZf.s:95104  .debug_str:0000000000019118 .LASF4337
     /tmp/ccWZZQZf.s:103012  .debug_str:0000000000039485 .LASF4338
     /tmp/ccWZZQZf.s:90814  .debug_str:0000000000007ddd .LASF4339
     /tmp/ccWZZQZf.s:104816  .debug_str:0000000000040e5a .LASF4340
     /tmp/ccWZZQZf.s:91670  .debug_str:000000000000b93e .LASF4341
     /tmp/ccWZZQZf.s:95984  .debug_str:000000000001ce68 .LASF4342
     /tmp/ccWZZQZf.s:106814  .debug_str:00000000000491cc .LASF4343
     /tmp/ccWZZQZf.s:99628  .debug_str:000000000002bcaf .LASF4344
     /tmp/ccWZZQZf.s:104260  .debug_str:000000000003e8c3 .LASF4345
     /tmp/ccWZZQZf.s:102306  .debug_str:0000000000036c59 .LASF4346
     /tmp/ccWZZQZf.s:101648  .debug_str:0000000000034096 .LASF4347
     /tmp/ccWZZQZf.s:95406  .debug_str:000000000001a71a .LASF4348
     /tmp/ccWZZQZf.s:106462  .debug_str:0000000000047a2b .LASF4349
     /tmp/ccWZZQZf.s:107844  .debug_str:000000000004da67 .LASF4350
     /tmp/ccWZZQZf.s:99538  .debug_str:000000000002b6ba .LASF4351
     /tmp/ccWZZQZf.s:98948  .debug_str:00000000000290fa .LASF4352
     /tmp/ccWZZQZf.s:101722  .debug_str:00000000000345de .LASF4353
     /tmp/ccWZZQZf.s:93310  .debug_str:0000000000011e0b .LASF4354
     /tmp/ccWZZQZf.s:96430  .debug_str:000000000001ee52 .LASF4355
     /tmp/ccWZZQZf.s:92800  .debug_str:000000000000fd84 .LASF4356
     /tmp/ccWZZQZf.s:102848  .debug_str:0000000000038ab8 .LASF4357
     /tmp/ccWZZQZf.s:107210  .debug_str:000000000004ad4a .LASF4358
     /tmp/ccWZZQZf.s:105648  .debug_str:0000000000044555 .LASF4359
     /tmp/ccWZZQZf.s:90712  .debug_str:00000000000077bb .LASF4360
     /tmp/ccWZZQZf.s:99854  .debug_str:000000000002ca93 .LASF4361
     /tmp/ccWZZQZf.s:99932  .debug_str:000000000002cfc9 .LASF4362
     /tmp/ccWZZQZf.s:99304  .debug_str:000000000002a7e9 .LASF4363
     /tmp/ccWZZQZf.s:93646  .debug_str:00000000000133cc .LASF4364
     /tmp/ccWZZQZf.s:98090  .debug_str:00000000000257eb .LASF4365
     /tmp/ccWZZQZf.s:99252  .debug_str:000000000002a479 .LASF4366
     /tmp/ccWZZQZf.s:99154  .debug_str:0000000000029e1a .LASF4367
     /tmp/ccWZZQZf.s:98046  .debug_str:0000000000025519 .LASF4368
     /tmp/ccWZZQZf.s:90374  .debug_str:000000000000606c .LASF4369
     /tmp/ccWZZQZf.s:96438  .debug_str:000000000001eee6 .LASF4370
     /tmp/ccWZZQZf.s:100918  .debug_str:000000000003100f .LASF4371
     /tmp/ccWZZQZf.s:94836  .debug_str:0000000000017ffb .LASF4372
     /tmp/ccWZZQZf.s:92284  .debug_str:000000000000e0a9 .LASF4373
     /tmp/ccWZZQZf.s:92154  .debug_str:000000000000d878 .LASF4374
     /tmp/ccWZZQZf.s:93346  .debug_str:0000000000012054 .LASF4375
     /tmp/ccWZZQZf.s:91272  .debug_str:0000000000009d03 .LASF4376
     /tmp/ccWZZQZf.s:92290  .debug_str:000000000000e10b .LASF4377
     /tmp/ccWZZQZf.s:98416  .debug_str:0000000000026dda .LASF4378
     /tmp/ccWZZQZf.s:102814  .debug_str:000000000003884c .LASF4379
     /tmp/ccWZZQZf.s:101042  .debug_str:0000000000031907 .LASF4380
     /tmp/ccWZZQZf.s:100060  .debug_str:000000000002d7f2 .LASF4381
     /tmp/ccWZZQZf.s:104034  .debug_str:000000000003da4c .LASF4382
     /tmp/ccWZZQZf.s:99258  .debug_str:000000000002a4c3 .LASF4383
     /tmp/ccWZZQZf.s:106784  .debug_str:0000000000048ffc .LASF4384
     /tmp/ccWZZQZf.s:89590  .debug_str:0000000000002a90 .LASF4385
     /tmp/ccWZZQZf.s:102588  .debug_str:0000000000037d2c .LASF4386
     /tmp/ccWZZQZf.s:98778  .debug_str:00000000000286c8 .LASF4387
     /tmp/ccWZZQZf.s:101830  .debug_str:0000000000034e09 .LASF4388
     /tmp/ccWZZQZf.s:102020  .debug_str:0000000000035a7d .LASF4389
     /tmp/ccWZZQZf.s:89098  .debug_str:000000000000088b .LASF4390
     /tmp/ccWZZQZf.s:95474  .debug_str:000000000001ab68 .LASF4391
     /tmp/ccWZZQZf.s:89792  .debug_str:0000000000003892 .LASF4392
     /tmp/ccWZZQZf.s:92402  .debug_str:000000000000e75d .LASF4393
     /tmp/ccWZZQZf.s:91186  .debug_str:000000000000976d .LASF4394
     /tmp/ccWZZQZf.s:97856  .debug_str:0000000000024b89 .LASF4395
     /tmp/ccWZZQZf.s:104978  .debug_str:0000000000041890 .LASF4396
     /tmp/ccWZZQZf.s:92270  .debug_str:000000000000dfff .LASF4397
     /tmp/ccWZZQZf.s:93822  .debug_str:0000000000013e97 .LASF4398
     /tmp/ccWZZQZf.s:92572  .debug_str:000000000000efd0 .LASF4399
     /tmp/ccWZZQZf.s:99474  .debug_str:000000000002b2a5 .LASF4400
     /tmp/ccWZZQZf.s:106432  .debug_str:00000000000477c4 .LASF4401
     /tmp/ccWZZQZf.s:101238  .debug_str:000000000003267d .LASF4402
     /tmp/ccWZZQZf.s:107206  .debug_str:000000000004ad06 .LASF4403
     /tmp/ccWZZQZf.s:102674  .debug_str:000000000003816f .LASF4404
     /tmp/ccWZZQZf.s:89396  .debug_str:0000000000001cd0 .LASF4405
     /tmp/ccWZZQZf.s:95326  .debug_str:000000000001a0ec .LASF4406
     /tmp/ccWZZQZf.s:101318  .debug_str:0000000000032b16 .LASF4407
     /tmp/ccWZZQZf.s:105430  .debug_str:00000000000437f8 .LASF4408
     /tmp/ccWZZQZf.s:93842  .debug_str:0000000000013faf .LASF4409
     /tmp/ccWZZQZf.s:93774  .debug_str:0000000000013bbe .LASF4410
     /tmp/ccWZZQZf.s:104760  .debug_str:0000000000040a5e .LASF4411
     /tmp/ccWZZQZf.s:106478  .debug_str:0000000000047b6f .LASF4412
     /tmp/ccWZZQZf.s:95048  .debug_str:0000000000018d19 .LASF4413
     /tmp/ccWZZQZf.s:96620  .debug_str:000000000001fc1f .LASF4414
     /tmp/ccWZZQZf.s:104312  .debug_str:000000000003ebfa .LASF4415
     /tmp/ccWZZQZf.s:97250  .debug_str:0000000000022677 .LASF4416
     /tmp/ccWZZQZf.s:94422  .debug_str:0000000000016426 .LASF4417
     /tmp/ccWZZQZf.s:103446  .debug_str:000000000003b291 .LASF4418
     /tmp/ccWZZQZf.s:99534  .debug_str:000000000002b676 .LASF4419
     /tmp/ccWZZQZf.s:94494  .debug_str:00000000000168d1 .LASF4420
     /tmp/ccWZZQZf.s:97952  .debug_str:000000000002506b .LASF4421
     /tmp/ccWZZQZf.s:103944  .debug_str:000000000003d424 .LASF4422
     /tmp/ccWZZQZf.s:90094  .debug_str:0000000000004d69 .LASF4423
     /tmp/ccWZZQZf.s:92628  .debug_str:000000000000f2c5 .LASF4424
     /tmp/ccWZZQZf.s:105736  .debug_str:0000000000044b00 .LASF4425
     /tmp/ccWZZQZf.s:89796  .debug_str:00000000000038ce .LASF4426
     /tmp/ccWZZQZf.s:93450  .debug_str:000000000001264f .LASF4427
     /tmp/ccWZZQZf.s:106472  .debug_str:0000000000047ad7 .LASF4428
     /tmp/ccWZZQZf.s:100402  .debug_str:000000000002ee3e .LASF4429
     /tmp/ccWZZQZf.s:94214  .debug_str:0000000000015702 .LASF4430
     /tmp/ccWZZQZf.s:96856  .debug_str:0000000000020c88 .LASF4431
     /tmp/ccWZZQZf.s:96100  .debug_str:000000000001d707 .LASF4432
     /tmp/ccWZZQZf.s:101994  .debug_str:00000000000358d8 .LASF4433
     /tmp/ccWZZQZf.s:95094  .debug_str:0000000000019088 .LASF4434
     /tmp/ccWZZQZf.s:104172  .debug_str:000000000003e2df .LASF4435
     /tmp/ccWZZQZf.s:94082  .debug_str:0000000000014e31 .LASF4436
     /tmp/ccWZZQZf.s:103240  .debug_str:000000000003a403 .LASF4437
     /tmp/ccWZZQZf.s:91676  .debug_str:000000000000b9bb .LASF4438
     /tmp/ccWZZQZf.s:90250  .debug_str:00000000000058f0 .LASF4439
     /tmp/ccWZZQZf.s:91374  .debug_str:000000000000a3a9 .LASF4440
     /tmp/ccWZZQZf.s:105742  .debug_str:0000000000044b98 .LASF4441
     /tmp/ccWZZQZf.s:91984  .debug_str:000000000000ce02 .LASF4442
     /tmp/ccWZZQZf.s:90410  .debug_str:0000000000006294 .LASF4443
     /tmp/ccWZZQZf.s:98998  .debug_str:000000000002945e .LASF4444
     /tmp/ccWZZQZf.s:99212  .debug_str:000000000002a1da .LASF4445
     /tmp/ccWZZQZf.s:104248  .debug_str:000000000003e7b2 .LASF4446
     /tmp/ccWZZQZf.s:99780  .debug_str:000000000002c602 .LASF4447
     /tmp/ccWZZQZf.s:95314  .debug_str:0000000000019fb3 .LASF4448
     /tmp/ccWZZQZf.s:106742  .debug_str:0000000000048d0c .LASF4449
     /tmp/ccWZZQZf.s:100684  .debug_str:00000000000301b0 .LASF4450
     /tmp/ccWZZQZf.s:106914  .debug_str:0000000000049921 .LASF4451
     /tmp/ccWZZQZf.s:100872  .debug_str:0000000000030d5a .LASF4452
     /tmp/ccWZZQZf.s:95802  .debug_str:000000000001c29f .LASF4453
     /tmp/ccWZZQZf.s:107728  .debug_str:000000000004d297 .LASF4454
     /tmp/ccWZZQZf.s:101634  .debug_str:0000000000033fc6 .LASF4455
     /tmp/ccWZZQZf.s:95454  .debug_str:000000000001aa13 .LASF4456
     /tmp/ccWZZQZf.s:100510  .debug_str:000000000002f583 .LASF4457
     /tmp/ccWZZQZf.s:97830  .debug_str:0000000000024a40 .LASF4458
     /tmp/ccWZZQZf.s:93232  .debug_str:0000000000011874 .LASF4459
     /tmp/ccWZZQZf.s:99006  .debug_str:00000000000294d5 .LASF4460
     /tmp/ccWZZQZf.s:94196  .debug_str:00000000000155d4 .LASF4461
     /tmp/ccWZZQZf.s:98522  .debug_str:00000000000274fc .LASF4462
     /tmp/ccWZZQZf.s:100658  .debug_str:000000000002ffe9 .LASF4463
     /tmp/ccWZZQZf.s:92406  .debug_str:000000000000e781 .LASF4464
     /tmp/ccWZZQZf.s:99328  .debug_str:000000000002a94f .LASF4465
     /tmp/ccWZZQZf.s:101826  .debug_str:0000000000034d89 .LASF4466
     /tmp/ccWZZQZf.s:106152  .debug_str:000000000004658f .LASF4467
     /tmp/ccWZZQZf.s:100810  .debug_str:0000000000030934 .LASF4468
     /tmp/ccWZZQZf.s:93898  .debug_str:000000000001432c .LASF4469
     /tmp/ccWZZQZf.s:99440  .debug_str:000000000002afec .LASF4470
     /tmp/ccWZZQZf.s:93236  .debug_str:00000000000118b2 .LASF4471
     /tmp/ccWZZQZf.s:95388  .debug_str:000000000001a5b5 .LASF4472
     /tmp/ccWZZQZf.s:89640  .debug_str:0000000000002eaf .LASF4473
     /tmp/ccWZZQZf.s:94376  .debug_str:0000000000016098 .LASF4474
     /tmp/ccWZZQZf.s:92618  .debug_str:000000000000f227 .LASF4475
     /tmp/ccWZZQZf.s:101930  .debug_str:00000000000354a6 .LASF4476
     /tmp/ccWZZQZf.s:104654  .debug_str:00000000000403cd .LASF4477
     /tmp/ccWZZQZf.s:97620  .debug_str:0000000000023f98 .LASF4478
     /tmp/ccWZZQZf.s:92294  .debug_str:000000000000e16b .LASF4479
     /tmp/ccWZZQZf.s:97858  .debug_str:0000000000024bb9 .LASF4480
     /tmp/ccWZZQZf.s:100490  .debug_str:000000000002f44d .LASF4481
     /tmp/ccWZZQZf.s:90328  .debug_str:0000000000005d62 .LASF4482
     /tmp/ccWZZQZf.s:98654  .debug_str:0000000000027de0 .LASF4483
     /tmp/ccWZZQZf.s:89338  .debug_str:000000000000188c .LASF4484
     /tmp/ccWZZQZf.s:91180  .debug_str:00000000000096ef .LASF4485
     /tmp/ccWZZQZf.s:99468  .debug_str:000000000002b220 .LASF4486
     /tmp/ccWZZQZf.s:93266  .debug_str:0000000000011ac1 .LASF4487
     /tmp/ccWZZQZf.s:106306  .debug_str:0000000000046fb9 .LASF4488
     /tmp/ccWZZQZf.s:91710  .debug_str:000000000000bbc0 .LASF4489
     /tmp/ccWZZQZf.s:107252  .debug_str:000000000004b00d .LASF4490
     /tmp/ccWZZQZf.s:98710  .debug_str:000000000002817c .LASF4491
     /tmp/ccWZZQZf.s:104604  .debug_str:000000000003ff7b .LASF4492
     /tmp/ccWZZQZf.s:94526  .debug_str:0000000000016a96 .LASF4493
     /tmp/ccWZZQZf.s:107744  .debug_str:000000000004d402 .LASF4494
     /tmp/ccWZZQZf.s:100244  .debug_str:000000000002e3a1 .LASF4495
     /tmp/ccWZZQZf.s:102320  .debug_str:0000000000036d53 .LASF4496
     /tmp/ccWZZQZf.s:98498  .debug_str:000000000002736c .LASF4497
     /tmp/ccWZZQZf.s:90422  .debug_str:0000000000006396 .LASF4498
     /tmp/ccWZZQZf.s:107114  .debug_str:000000000004a6d6 .LASF4499
     /tmp/ccWZZQZf.s:103646  .debug_str:000000000003c00c .LASF4500
     /tmp/ccWZZQZf.s:98192  .debug_str:0000000000025f1a .LASF4501
     /tmp/ccWZZQZf.s:96704  .debug_str:00000000000202a4 .LASF4502
     /tmp/ccWZZQZf.s:106400  .debug_str:0000000000047574 .LASF4503
     /tmp/ccWZZQZf.s:98986  .debug_str:0000000000029390 .LASF4504
     /tmp/ccWZZQZf.s:104704  .debug_str:00000000000406d9 .LASF4505
     /tmp/ccWZZQZf.s:91274  .debug_str:0000000000009d2e .LASF4506
     /tmp/ccWZZQZf.s:99776  .debug_str:000000000002c5a7 .LASF4507
     /tmp/ccWZZQZf.s:96748  .debug_str:000000000002055a .LASF4508
     /tmp/ccWZZQZf.s:97242  .debug_str:00000000000225dc .LASF4509
     /tmp/ccWZZQZf.s:104848  .debug_str:00000000000410c4 .LASF4510
     /tmp/ccWZZQZf.s:105398  .debug_str:00000000000435a0 .LASF4511
     /tmp/ccWZZQZf.s:100584  .debug_str:000000000002fb4b .LASF4512
     /tmp/ccWZZQZf.s:91784  .debug_str:000000000000c04f .LASF4513
     /tmp/ccWZZQZf.s:97824  .debug_str:0000000000024a11 .LASF4514
     /tmp/ccWZZQZf.s:98990  .debug_str:00000000000293d1 .LASF4515
     /tmp/ccWZZQZf.s:92764  .debug_str:000000000000fbf4 .LASF4516
     /tmp/ccWZZQZf.s:105850  .debug_str:00000000000451aa .LASF4517
     /tmp/ccWZZQZf.s:96512  .debug_str:000000000001f3c3 .LASF4518
     /tmp/ccWZZQZf.s:103374  .debug_str:000000000003ad23 .LASF4519
     /tmp/ccWZZQZf.s:93208  .debug_str:00000000000116c3 .LASF4520
     /tmp/ccWZZQZf.s:100678  .debug_str:0000000000030135 .LASF4521
     /tmp/ccWZZQZf.s:92102  .debug_str:000000000000d5ba .LASF4522
     /tmp/ccWZZQZf.s:107522  .debug_str:000000000004c3fc .LASF4523
     /tmp/ccWZZQZf.s:101462  .debug_str:00000000000334e0 .LASF4524
     /tmp/ccWZZQZf.s:102654  .debug_str:0000000000038021 .LASF4525
     /tmp/ccWZZQZf.s:96466  .debug_str:000000000001f103 .LASF4526
     /tmp/ccWZZQZf.s:106446  .debug_str:00000000000478bb .LASF4527
     /tmp/ccWZZQZf.s:103400  .debug_str:000000000003aefe .LASF4528
     /tmp/ccWZZQZf.s:106900  .debug_str:00000000000497d8 .LASF4529
     /tmp/ccWZZQZf.s:106526  .debug_str:0000000000047eb8 .LASF4530
     /tmp/ccWZZQZf.s:91804  .debug_str:000000000000c1bb .LASF4531
     /tmp/ccWZZQZf.s:101992  .debug_str:00000000000358a1 .LASF4532
     /tmp/ccWZZQZf.s:105380  .debug_str:0000000000043445 .LASF4533
     /tmp/ccWZZQZf.s:106022  .debug_str:0000000000045c76 .LASF4534
     /tmp/ccWZZQZf.s:90802  .debug_str:0000000000007cef .LASF4535
     /tmp/ccWZZQZf.s:106148  .debug_str:0000000000046516 .LASF4536
     /tmp/ccWZZQZf.s:89826  .debug_str:0000000000003ae6 .LASF4537
     /tmp/ccWZZQZf.s:98942  .debug_str:000000000002908a .LASF4538
     /tmp/ccWZZQZf.s:106870  .debug_str:0000000000049568 .LASF4539
     /tmp/ccWZZQZf.s:94972  .debug_str:0000000000018810 .LASF4540
     /tmp/ccWZZQZf.s:94650  .debug_str:00000000000173ee .LASF4541
     /tmp/ccWZZQZf.s:94996  .debug_str:00000000000189d5 .LASF4542
     /tmp/ccWZZQZf.s:99088  .debug_str:0000000000029a71 .LASF4543
     /tmp/ccWZZQZf.s:101916  .debug_str:000000000003533d .LASF4544
     /tmp/ccWZZQZf.s:95754  .debug_str:000000000001bee3 .LASF4545
     /tmp/ccWZZQZf.s:89636  .debug_str:0000000000002e33 .LASF4546
     /tmp/ccWZZQZf.s:102728  .debug_str:00000000000383f2 .LASF4547
     /tmp/ccWZZQZf.s:95124  .debug_str:0000000000019268 .LASF4548
     /tmp/ccWZZQZf.s:99230  .debug_str:000000000002a345 .LASF4549
     /tmp/ccWZZQZf.s:107640  .debug_str:000000000004cc6f .LASF4550
     /tmp/ccWZZQZf.s:97528  .debug_str:00000000000238e0 .LASF4551
     /tmp/ccWZZQZf.s:106610  .debug_str:00000000000484d2 .LASF4552
     /tmp/ccWZZQZf.s:90756  .debug_str:0000000000007a9b .LASF4553
     /tmp/ccWZZQZf.s:98806  .debug_str:0000000000028876 .LASF4554
     /tmp/ccWZZQZf.s:106302  .debug_str:0000000000046f43 .LASF4555
     /tmp/ccWZZQZf.s:100222  .debug_str:000000000002e192 .LASF4556
     /tmp/ccWZZQZf.s:103482  .debug_str:000000000003b531 .LASF4557
     /tmp/ccWZZQZf.s:96972  .debug_str:0000000000021541 .LASF4558
     /tmp/ccWZZQZf.s:96174  .debug_str:000000000001dc5b .LASF4559
     /tmp/ccWZZQZf.s:95918  .debug_str:000000000001c9dc .LASF4560
     /tmp/ccWZZQZf.s:89634  .debug_str:0000000000002dfa .LASF4561
     /tmp/ccWZZQZf.s:101608  .debug_str:0000000000033e09 .LASF4562
     /tmp/ccWZZQZf.s:93720  .debug_str:0000000000013873 .LASF4563
     /tmp/ccWZZQZf.s:106712  .debug_str:0000000000048b28 .LASF4564
     /tmp/ccWZZQZf.s:100648  .debug_str:000000000002ff57 .LASF4565
     /tmp/ccWZZQZf.s:89804  .debug_str:0000000000003990 .LASF4566
     /tmp/ccWZZQZf.s:107676  .debug_str:000000000004cf0e .LASF4567
     /tmp/ccWZZQZf.s:96462  .debug_str:000000000001f089 .LASF4568
     /tmp/ccWZZQZf.s:95400  .debug_str:000000000001a680 .LASF4569
     /tmp/ccWZZQZf.s:89298  .debug_str:0000000000001545 .LASF4570
     /tmp/ccWZZQZf.s:107834  .debug_str:000000000004d9ad .LASF4571
     /tmp/ccWZZQZf.s:98176  .debug_str:0000000000025db3 .LASF4572
     /tmp/ccWZZQZf.s:95148  .debug_str:00000000000193fb .LASF4573
     /tmp/ccWZZQZf.s:94032  .debug_str:0000000000014abb .LASF4574
     /tmp/ccWZZQZf.s:107018  .debug_str:000000000004a03d .LASF4575
     /tmp/ccWZZQZf.s:100958  .debug_str:00000000000312bc .LASF4576
     /tmp/ccWZZQZf.s:98076  .debug_str:00000000000256ff .LASF4577
     /tmp/ccWZZQZf.s:107820  .debug_str:000000000004d8f5 .LASF4578
     /tmp/ccWZZQZf.s:104170  .debug_str:000000000003e2a8 .LASF4579
     /tmp/ccWZZQZf.s:103014  .debug_str:00000000000394a0 .LASF4580
     /tmp/ccWZZQZf.s:103054  .debug_str:0000000000039757 .LASF4581
     /tmp/ccWZZQZf.s:107976  .debug_str:000000000004e332 .LASF4582
     /tmp/ccWZZQZf.s:97876  .debug_str:0000000000024cda .LASF4583
     /tmp/ccWZZQZf.s:103754  .debug_str:000000000003c6dd .LASF4584
     /tmp/ccWZZQZf.s:93486  .debug_str:00000000000128fb .LASF4585
     /tmp/ccWZZQZf.s:94554  .debug_str:0000000000016c9e .LASF4586
     /tmp/ccWZZQZf.s:101524  .debug_str:000000000003385c .LASF4587
     /tmp/ccWZZQZf.s:95030  .debug_str:0000000000018bcb .LASF4588
     /tmp/ccWZZQZf.s:104408  .debug_str:000000000003f1da .LASF4589
     /tmp/ccWZZQZf.s:105744  .debug_str:0000000000044bd0 .LASF4590
     /tmp/ccWZZQZf.s:107766  .debug_str:000000000004d521 .LASF4591
     /tmp/ccWZZQZf.s:95346  .debug_str:000000000001a2e2 .LASF4592
     /tmp/ccWZZQZf.s:94192  .debug_str:0000000000015562 .LASF4593
     /tmp/ccWZZQZf.s:89372  .debug_str:0000000000001b2f .LASF4594
     /tmp/ccWZZQZf.s:91210  .debug_str:0000000000009956 .LASF4595
     /tmp/ccWZZQZf.s:96236  .debug_str:000000000001e108 .LASF4596
     /tmp/ccWZZQZf.s:103120  .debug_str:0000000000039be9 .LASF4597
     /tmp/ccWZZQZf.s:103380  .debug_str:000000000003adaa .LASF4598
     /tmp/ccWZZQZf.s:99022  .debug_str:0000000000029605 .LASF4599
     /tmp/ccWZZQZf.s:102974  .debug_str:0000000000039199 .LASF4600
     /tmp/ccWZZQZf.s:89508  .debug_str:000000000000247c .LASF4601
     /tmp/ccWZZQZf.s:106600  .debug_str:0000000000048459 .LASF4602
     /tmp/ccWZZQZf.s:91794  .debug_str:000000000000c11a .LASF4603
     /tmp/ccWZZQZf.s:103132  .debug_str:0000000000039cc5 .LASF4604
     /tmp/ccWZZQZf.s:96818  .debug_str:00000000000209ee .LASF4605
     /tmp/ccWZZQZf.s:100304  .debug_str:000000000002e857 .LASF4606
     /tmp/ccWZZQZf.s:107410  .debug_str:000000000004ba88 .LASF4607
     /tmp/ccWZZQZf.s:99200  .debug_str:000000000002a0cd .LASF4608
     /tmp/ccWZZQZf.s:105670  .debug_str:00000000000446af .LASF4609
     /tmp/ccWZZQZf.s:95698  .debug_str:000000000001bb2b .LASF4610
     /tmp/ccWZZQZf.s:105428  .debug_str:00000000000437d2 .LASF4611
     /tmp/ccWZZQZf.s:104174  .debug_str:000000000003e318 .LASF4612
     /tmp/ccWZZQZf.s:99926  .debug_str:000000000002cf76 .LASF4613
     /tmp/ccWZZQZf.s:103852  .debug_str:000000000003cdf3 .LASF4614
     /tmp/ccWZZQZf.s:106118  .debug_str:00000000000462c7 .LASF4615
     /tmp/ccWZZQZf.s:101822  .debug_str:0000000000034d42 .LASF4616
     /tmp/ccWZZQZf.s:90116  .debug_str:0000000000004f04 .LASF4617
     /tmp/ccWZZQZf.s:101628  .debug_str:0000000000033f43 .LASF4618
     /tmp/ccWZZQZf.s:105476  .debug_str:0000000000043ace .LASF4619
     /tmp/ccWZZQZf.s:89360  .debug_str:0000000000001a08 .LASF4620
     /tmp/ccWZZQZf.s:90704  .debug_str:0000000000007717 .LASF4621
     /tmp/ccWZZQZf.s:89084  .debug_str:000000000000076d .LASF4622
     /tmp/ccWZZQZf.s:106328  .debug_str:00000000000470fc .LASF4623
     /tmp/ccWZZQZf.s:100134  .debug_str:000000000002dc43 .LASF4624
     /tmp/ccWZZQZf.s:103900  .debug_str:000000000003d154 .LASF4625
     /tmp/ccWZZQZf.s:103140  .debug_str:0000000000039d55 .LASF4626
     /tmp/ccWZZQZf.s:102190  .debug_str:0000000000036557 .LASF4627
     /tmp/ccWZZQZf.s:97078  .debug_str:0000000000021b5e .LASF4628
     /tmp/ccWZZQZf.s:106590  .debug_str:0000000000048375 .LASF4629
     /tmp/ccWZZQZf.s:95496  .debug_str:000000000001acbe .LASF4630
     /tmp/ccWZZQZf.s:108066  .debug_str:000000000004e966 .LASF4631
     /tmp/ccWZZQZf.s:101560  .debug_str:0000000000033b2f .LASF4632
     /tmp/ccWZZQZf.s:94774  .debug_str:0000000000017be4 .LASF4633
     /tmp/ccWZZQZf.s:100168  .debug_str:000000000002dea6 .LASF4634
     /tmp/ccWZZQZf.s:91572  .debug_str:000000000000b194 .LASF4635
     /tmp/ccWZZQZf.s:105168  .debug_str:00000000000426b0 .LASF4636
     /tmp/ccWZZQZf.s:102466  .debug_str:00000000000375f5 .LASF4637
     /tmp/ccWZZQZf.s:96814  .debug_str:0000000000020995 .LASF4638
     /tmp/ccWZZQZf.s:100662  .debug_str:000000000003003d .LASF4639
     /tmp/ccWZZQZf.s:90438  .debug_str:00000000000064ac .LASF4640
     /tmp/ccWZZQZf.s:90640  .debug_str:00000000000072d7 .LASF4641
     /tmp/ccWZZQZf.s:101914  .debug_str:0000000000035313 .LASF4642
     /tmp/ccWZZQZf.s:97940  .debug_str:0000000000024f76 .LASF4643
     /tmp/ccWZZQZf.s:93648  .debug_str:00000000000133fc .LASF4644
     /tmp/ccWZZQZf.s:90190  .debug_str:000000000000541a .LASF4645
     /tmp/ccWZZQZf.s:96280  .debug_str:000000000001e3b5 .LASF4646
     /tmp/ccWZZQZf.s:101202  .debug_str:0000000000032407 .LASF4647
     /tmp/ccWZZQZf.s:107220  .debug_str:000000000004ae05 .LASF4648
     /tmp/ccWZZQZf.s:102214  .debug_str:00000000000366c8 .LASF4649
     /tmp/ccWZZQZf.s:100860  .debug_str:0000000000030c87 .LASF4650
     /tmp/ccWZZQZf.s:100016  .debug_str:000000000002d52e .LASF4651
     /tmp/ccWZZQZf.s:90528  .debug_str:0000000000006b4b .LASF4652
     /tmp/ccWZZQZf.s:106666  .debug_str:000000000004880f .LASF4653
     /tmp/ccWZZQZf.s:94610  .debug_str:0000000000017116 .LASF4654
     /tmp/ccWZZQZf.s:101422  .debug_str:0000000000033201 .LASF4655
     /tmp/ccWZZQZf.s:97378  .debug_str:0000000000022f03 .LASF4656
     /tmp/ccWZZQZf.s:105366  .debug_str:0000000000043345 .LASF4657
     /tmp/ccWZZQZf.s:97342  .debug_str:0000000000022c47 .LASF4658
     /tmp/ccWZZQZf.s:96480  .debug_str:000000000001f1f0 .LASF4659
     /tmp/ccWZZQZf.s:95604  .debug_str:000000000001b42b .LASF4660
     /tmp/ccWZZQZf.s:104138  .debug_str:000000000003e04b .LASF4661
     /tmp/ccWZZQZf.s:102964  .debug_str:00000000000390be .LASF4662
     /tmp/ccWZZQZf.s:105852  .debug_str:00000000000451e1 .LASF4663
     /tmp/ccWZZQZf.s:99344  .debug_str:000000000002aa6e .LASF4664
     /tmp/ccWZZQZf.s:100346  .debug_str:000000000002eab6 .LASF4665
     /tmp/ccWZZQZf.s:101352  .debug_str:0000000000032d8f .LASF4666
     /tmp/ccWZZQZf.s:90998  .debug_str:0000000000008a30 .LASF4667
     /tmp/ccWZZQZf.s:90620  .debug_str:00000000000071e8 .LASF4668
     /tmp/ccWZZQZf.s:106754  .debug_str:0000000000048de6 .LASF4669
     /tmp/ccWZZQZf.s:102026  .debug_str:0000000000035afa .LASF4670
     /tmp/ccWZZQZf.s:101516  .debug_str:00000000000337db .LASF4671
     /tmp/ccWZZQZf.s:102574  .debug_str:0000000000037c52 .LASF4672
     /tmp/ccWZZQZf.s:101880  .debug_str:0000000000035108 .LASF4673
     /tmp/ccWZZQZf.s:96732  .debug_str:0000000000020491 .LASF4674
     /tmp/ccWZZQZf.s:100862  .debug_str:0000000000030cc1 .LASF4675
     /tmp/ccWZZQZf.s:104028  .debug_str:000000000003d9ea .LASF4676
     /tmp/ccWZZQZf.s:96544  .debug_str:000000000001f63a .LASF4677
     /tmp/ccWZZQZf.s:103728  .debug_str:000000000003c562 .LASF4678
     /tmp/ccWZZQZf.s:89212  .debug_str:0000000000000fd5 .LASF4679
     /tmp/ccWZZQZf.s:105606  .debug_str:00000000000442ca .LASF4680
     /tmp/ccWZZQZf.s:92874  .debug_str:00000000000101e6 .LASF4681
     /tmp/ccWZZQZf.s:107270  .debug_str:000000000004b176 .LASF4682
     /tmp/ccWZZQZf.s:104832  .debug_str:0000000000040f83 .LASF4683
     /tmp/ccWZZQZf.s:102766  .debug_str:0000000000038615 .LASF4684
     /tmp/ccWZZQZf.s:107846  .debug_str:000000000004da82 .LASF4685
     /tmp/ccWZZQZf.s:100616  .debug_str:000000000002fd6a .LASF4686
     /tmp/ccWZZQZf.s:105770  .debug_str:0000000000044d3a .LASF4687
     /tmp/ccWZZQZf.s:92398  .debug_str:000000000000e717 .LASF4688
     /tmp/ccWZZQZf.s:94718  .debug_str:0000000000017849 .LASF4689
     /tmp/ccWZZQZf.s:99244  .debug_str:000000000002a40d .LASF4690
     /tmp/ccWZZQZf.s:99346  .debug_str:000000000002aaaa .LASF4691
     /tmp/ccWZZQZf.s:100296  .debug_str:000000000002e7a2 .LASF4692
     /tmp/ccWZZQZf.s:103360  .debug_str:000000000003ac02 .LASF4693
     /tmp/ccWZZQZf.s:103376  .debug_str:000000000003ad5a .LASF4694
     /tmp/ccWZZQZf.s:101970  .debug_str:0000000000035706 .LASF4695
     /tmp/ccWZZQZf.s:106636  .debug_str:0000000000048688 .LASF4696
     /tmp/ccWZZQZf.s:94306  .debug_str:0000000000015bf6 .LASF4697
     /tmp/ccWZZQZf.s:91544  .debug_str:000000000000af97 .LASF4698
     /tmp/ccWZZQZf.s:96172  .debug_str:000000000001dc2c .LASF4699
     /tmp/ccWZZQZf.s:92484  .debug_str:000000000000eace .LASF4700
     /tmp/ccWZZQZf.s:89262  .debug_str:0000000000001338 .LASF4701
     /tmp/ccWZZQZf.s:96534  .debug_str:000000000001f578 .LASF4702
     /tmp/ccWZZQZf.s:106626  .debug_str:00000000000485ee .LASF4703
     /tmp/ccWZZQZf.s:95770  .debug_str:000000000001c066 .LASF4704
     /tmp/ccWZZQZf.s:100754  .debug_str:00000000000305e9 .LASF4705
     /tmp/ccWZZQZf.s:95056  .debug_str:0000000000018daf .LASF4706
     /tmp/ccWZZQZf.s:107498  .debug_str:000000000004c1bf .LASF4707
     /tmp/ccWZZQZf.s:98614  .debug_str:0000000000027aee .LASF4708
     /tmp/ccWZZQZf.s:103832  .debug_str:000000000003cc66 .LASF4709
     /tmp/ccWZZQZf.s:101206  .debug_str:000000000003247d .LASF4710
     /tmp/ccWZZQZf.s:103780  .debug_str:000000000003c8b7 .LASF4711
     /tmp/ccWZZQZf.s:100034  .debug_str:000000000002d62b .LASF4712
     /tmp/ccWZZQZf.s:96012  .debug_str:000000000001d069 .LASF4713
     /tmp/ccWZZQZf.s:89176  .debug_str:0000000000000d54 .LASF4714
     /tmp/ccWZZQZf.s:103368  .debug_str:000000000003ac90 .LASF4715
     /tmp/ccWZZQZf.s:98150  .debug_str:0000000000025bcc .LASF4716
     /tmp/ccWZZQZf.s:105220  .debug_str:0000000000042a12 .LASF4717
     /tmp/ccWZZQZf.s:96936  .debug_str:000000000002125a .LASF4718
     /tmp/ccWZZQZf.s:105766  .debug_str:0000000000044cd1 .LASF4719
     /tmp/ccWZZQZf.s:103566  .debug_str:000000000003ba9e .LASF4720
     /tmp/ccWZZQZf.s:93608  .debug_str:00000000000131ae .LASF4721
     /tmp/ccWZZQZf.s:91284  .debug_str:0000000000009dc0 .LASF4722
     /tmp/ccWZZQZf.s:94364  .debug_str:0000000000015faf .LASF4723
     /tmp/ccWZZQZf.s:93296  .debug_str:0000000000011d24 .LASF4724
     /tmp/ccWZZQZf.s:98510  .debug_str:000000000002745c .LASF4725
     /tmp/ccWZZQZf.s:89560  .debug_str:00000000000028d5 .LASF4726
     /tmp/ccWZZQZf.s:90430  .debug_str:0000000000006407 .LASF4727
     /tmp/ccWZZQZf.s:107344  .debug_str:000000000004b6e8 .LASF4728
     /tmp/ccWZZQZf.s:92736  .debug_str:000000000000fa32 .LASF4729
     /tmp/ccWZZQZf.s:97172  .debug_str:00000000000220df .LASF4730
     /tmp/ccWZZQZf.s:100164  .debug_str:000000000002de62 .LASF4731
     /tmp/ccWZZQZf.s:99586  .debug_str:000000000002ba40 .LASF4732
     /tmp/ccWZZQZf.s:97174  .debug_str:000000000002210c .LASF4733
     /tmp/ccWZZQZf.s:105964  .debug_str:0000000000045921 .LASF4734
     /tmp/ccWZZQZf.s:90574  .debug_str:0000000000006e81 .LASF4735
     /tmp/ccWZZQZf.s:97502  .debug_str:0000000000023702 .LASF4736
     /tmp/ccWZZQZf.s:89214  .debug_str:0000000000000ffa .LASF4737
     /tmp/ccWZZQZf.s:96954  .debug_str:00000000000213ce .LASF4738
     /tmp/ccWZZQZf.s:93726  .debug_str:00000000000138dd .LASF4739
     /tmp/ccWZZQZf.s:96312  .debug_str:000000000001e583 .LASF4740
     /tmp/ccWZZQZf.s:102000  .debug_str:0000000000035942 .LASF4741
     /tmp/ccWZZQZf.s:92662  .debug_str:000000000000f5a3 .LASF4742
     /tmp/ccWZZQZf.s:98682  .debug_str:0000000000027fbb .LASF4743
     /tmp/ccWZZQZf.s:104590  .debug_str:000000000003fea6 .LASF4744
     /tmp/ccWZZQZf.s:103692  .debug_str:000000000003c2e6 .LASF4745
     /tmp/ccWZZQZf.s:97324  .debug_str:0000000000022b13 .LASF4746
     /tmp/ccWZZQZf.s:103484  .debug_str:000000000003b543 .LASF4747
     /tmp/ccWZZQZf.s:105682  .debug_str:000000000004475d .LASF4748
     /tmp/ccWZZQZf.s:97492  .debug_str:0000000000023672 .LASF4749
     /tmp/ccWZZQZf.s:92086  .debug_str:000000000000d4cb .LASF4750
     /tmp/ccWZZQZf.s:90586  .debug_str:0000000000006f68 .LASF4751
     /tmp/ccWZZQZf.s:103982  .debug_str:000000000003d67a .LASF4752
     /tmp/ccWZZQZf.s:97400  .debug_str:000000000002308f .LASF4753
     /tmp/ccWZZQZf.s:89070  .debug_str:000000000000069b .LASF4754
     /tmp/ccWZZQZf.s:93928  .debug_str:00000000000144e7 .LASF4755
     /tmp/ccWZZQZf.s:104696  .debug_str:00000000000406b1 .LASF4756
     /tmp/ccWZZQZf.s:94854  .debug_str:000000000001812a .LASF4757
     /tmp/ccWZZQZf.s:106088  .debug_str:00000000000460eb .LASF4758
     /tmp/ccWZZQZf.s:105450  .debug_str:0000000000043922 .LASF4759
     /tmp/ccWZZQZf.s:103008  .debug_str:0000000000039417 .LASF4760
     /tmp/ccWZZQZf.s:96368  .debug_str:000000000001e9dd .LASF4761
     /tmp/ccWZZQZf.s:102940  .debug_str:0000000000038f38 .LASF4762
     /tmp/ccWZZQZf.s:103740  .debug_str:000000000003c610 .LASF4763
     /tmp/ccWZZQZf.s:91436  .debug_str:000000000000a7bc .LASF4764
     /tmp/ccWZZQZf.s:104650  .debug_str:0000000000040390 .LASF4765
     /tmp/ccWZZQZf.s:103624  .debug_str:000000000003be85 .LASF4766
     /tmp/ccWZZQZf.s:102496  .debug_str:000000000003780e .LASF4767
     /tmp/ccWZZQZf.s:107490  .debug_str:000000000004c105 .LASF4768
     /tmp/ccWZZQZf.s:104510  .debug_str:000000000003f8ce .LASF4769
     /tmp/ccWZZQZf.s:93164  .debug_str:00000000000113a3 .LASF4770
     /tmp/ccWZZQZf.s:104442  .debug_str:000000000003f3b8 .LASF4771
     /tmp/ccWZZQZf.s:89248  .debug_str:0000000000001243 .LASF4772
     /tmp/ccWZZQZf.s:100372  .debug_str:000000000002ec62 .LASF4773
     /tmp/ccWZZQZf.s:92984  .debug_str:000000000001083d .LASF4774
     /tmp/ccWZZQZf.s:96276  .debug_str:000000000001e368 .LASF4775
     /tmp/ccWZZQZf.s:101746  .debug_str:0000000000034801 .LASF4776
     /tmp/ccWZZQZf.s:103372  .debug_str:000000000003acfb .LASF4777
     /tmp/ccWZZQZf.s:91130  .debug_str:0000000000009364 .LASF4778
     /tmp/ccWZZQZf.s:92814  .debug_str:000000000000fe4d .LASF4779
     /tmp/ccWZZQZf.s:98296  .debug_str:00000000000265f1 .LASF4780
     /tmp/ccWZZQZf.s:107546  .debug_str:000000000004c60b .LASF4781
     /tmp/ccWZZQZf.s:97426  .debug_str:0000000000023277 .LASF4782
     /tmp/ccWZZQZf.s:98134  .debug_str:0000000000025aa6 .LASF4783
     /tmp/ccWZZQZf.s:90714  .debug_str:00000000000077de .LASF4784
     /tmp/ccWZZQZf.s:107814  .debug_str:000000000004d88c .LASF4785
     /tmp/ccWZZQZf.s:92050  .debug_str:000000000000d248 .LASF4786
     /tmp/ccWZZQZf.s:102504  .debug_str:00000000000378ac .LASF4787
     /tmp/ccWZZQZf.s:96164  .debug_str:000000000001db9b .LASF4788
     /tmp/ccWZZQZf.s:104750  .debug_str:00000000000409d6 .LASF4789
     /tmp/ccWZZQZf.s:97112  .debug_str:0000000000021d2b .LASF4790
     /tmp/ccWZZQZf.s:94592  .debug_str:0000000000016f94 .LASF4791
     /tmp/ccWZZQZf.s:89754  .debug_str:00000000000035de .LASF4792
     /tmp/ccWZZQZf.s:103800  .debug_str:000000000003ca09 .LASF4793
     /tmp/ccWZZQZf.s:93596  .debug_str:0000000000013104 .LASF4794
     /tmp/ccWZZQZf.s:98414  .debug_str:0000000000026da4 .LASF4795
     /tmp/ccWZZQZf.s:103144  .debug_str:0000000000039dab .LASF4796
     /tmp/ccWZZQZf.s:95692  .debug_str:000000000001baa4 .LASF4797
     /tmp/ccWZZQZf.s:94842  .debug_str:000000000001807e .LASF4798
     /tmp/ccWZZQZf.s:101438  .debug_str:000000000003332a .LASF4799
     /tmp/ccWZZQZf.s:99640  .debug_str:000000000002bd66 .LASF4800
     /tmp/ccWZZQZf.s:94746  .debug_str:0000000000017a0f .LASF4801
     /tmp/ccWZZQZf.s:93470  .debug_str:00000000000127c4 .LASF4802
     /tmp/ccWZZQZf.s:106740  .debug_str:0000000000048cd6 .LASF4803
     /tmp/ccWZZQZf.s:106688  .debug_str:0000000000048998 .LASF4804
     /tmp/ccWZZQZf.s:94998  .debug_str:0000000000018a0d .LASF4805
     /tmp/ccWZZQZf.s:103704  .debug_str:000000000003c382 .LASF4806
     /tmp/ccWZZQZf.s:98272  .debug_str:000000000002647d .LASF4807
     /tmp/ccWZZQZf.s:106930  .debug_str:0000000000049a13 .LASF4808
     /tmp/ccWZZQZf.s:90692  .debug_str:0000000000007676 .LASF4809
     /tmp/ccWZZQZf.s:94134  .debug_str:0000000000015169 .LASF4810
     /tmp/ccWZZQZf.s:103048  .debug_str:00000000000396ba .LASF4811
     /tmp/ccWZZQZf.s:95060  .debug_str:0000000000018e1e .LASF4812
     /tmp/ccWZZQZf.s:98730  .debug_str:00000000000282fb .LASF4813
     /tmp/ccWZZQZf.s:97894  .debug_str:0000000000024dca .LASF4814
     /tmp/ccWZZQZf.s:99800  .debug_str:000000000002c70f .LASF4815
     /tmp/ccWZZQZf.s:104806  .debug_str:0000000000040da2 .LASF4816
     /tmp/ccWZZQZf.s:90966  .debug_str:000000000000882d .LASF4817
     /tmp/ccWZZQZf.s:94740  .debug_str:000000000001799c .LASF4818
     /tmp/ccWZZQZf.s:98864  .debug_str:0000000000028b85 .LASF4819
     /tmp/ccWZZQZf.s:100440  .debug_str:000000000002f108 .LASF4820
     /tmp/ccWZZQZf.s:103148  .debug_str:0000000000039de3 .LASF4821
     /tmp/ccWZZQZf.s:90910  .debug_str:000000000000847c .LASF4822
     /tmp/ccWZZQZf.s:106204  .debug_str:000000000004695c .LASF4823
     /tmp/ccWZZQZf.s:92864  .debug_str:0000000000010118 .LASF4824
     /tmp/ccWZZQZf.s:105296  .debug_str:0000000000042eae .LASF4825
     /tmp/ccWZZQZf.s:93304  .debug_str:0000000000011da4 .LASF4826
     /tmp/ccWZZQZf.s:101686  .debug_str:0000000000034364 .LASF4827
     /tmp/ccWZZQZf.s:95486  .debug_str:000000000001ac2d .LASF4828
     /tmp/ccWZZQZf.s:97574  .debug_str:0000000000023c7d .LASF4829
     /tmp/ccWZZQZf.s:104530  .debug_str:000000000003fa56 .LASF4830
     /tmp/ccWZZQZf.s:89160  .debug_str:0000000000000c32 .LASF4831
     /tmp/ccWZZQZf.s:95218  .debug_str:00000000000198c9 .LASF4832
     /tmp/ccWZZQZf.s:97166  .debug_str:000000000002204d .LASF4833
     /tmp/ccWZZQZf.s:94380  .debug_str:00000000000160df .LASF4834
     /tmp/ccWZZQZf.s:102208  .debug_str:0000000000036656 .LASF4835
     /tmp/ccWZZQZf.s:106910  .debug_str:00000000000498d6 .LASF4836
     /tmp/ccWZZQZf.s:102088  .debug_str:0000000000035e94 .LASF4837
     /tmp/ccWZZQZf.s:95842  .debug_str:000000000001c513 .LASF4838
     /tmp/ccWZZQZf.s:96104  .debug_str:000000000001d767 .LASF4839
     /tmp/ccWZZQZf.s:98256  .debug_str:0000000000026384 .LASF4840
     /tmp/ccWZZQZf.s:103988  .debug_str:000000000003d6e1 .LASF4841
     /tmp/ccWZZQZf.s:90214  .debug_str:0000000000005643 .LASF4842
     /tmp/ccWZZQZf.s:102962  .debug_str:000000000003908a .LASF4843
     /tmp/ccWZZQZf.s:101372  .debug_str:0000000000032ec7 .LASF4844
     /tmp/ccWZZQZf.s:102378  .debug_str:00000000000370d4 .LASF4845
     /tmp/ccWZZQZf.s:106120  .debug_str:00000000000462f6 .LASF4846
     /tmp/ccWZZQZf.s:96214  .debug_str:000000000001df1b .LASF4847
     /tmp/ccWZZQZf.s:103824  .debug_str:000000000003cbb4 .LASF4848
     /tmp/ccWZZQZf.s:98858  .debug_str:0000000000028ae4 .LASF4849
     /tmp/ccWZZQZf.s:92078  .debug_str:000000000000d438 .LASF4850
     /tmp/ccWZZQZf.s:92878  .debug_str:000000000001021f .LASF4851
     /tmp/ccWZZQZf.s:97968  .debug_str:0000000000025148 .LASF4852
     /tmp/ccWZZQZf.s:89596  .debug_str:0000000000002b71 .LASF4853
     /tmp/ccWZZQZf.s:105872  .debug_str:00000000000452f7 .LASF4854
     /tmp/ccWZZQZf.s:97352  .debug_str:0000000000022cf3 .LASF4855
     /tmp/ccWZZQZf.s:99338  .debug_str:000000000002aa0c .LASF4856
     /tmp/ccWZZQZf.s:89770  .debug_str:00000000000036f1 .LASF4857
     /tmp/ccWZZQZf.s:89526  .debug_str:00000000000025e3 .LASF4858
     /tmp/ccWZZQZf.s:104350  .debug_str:000000000003ee23 .LASF4859
     /tmp/ccWZZQZf.s:101250  .debug_str:0000000000032745 .LASF4860
     /tmp/ccWZZQZf.s:94382  .debug_str:0000000000016113 .LASF4861
     /tmp/ccWZZQZf.s:104886  .debug_str:00000000000413ab .LASF4862
     /tmp/ccWZZQZf.s:107140  .debug_str:000000000004a8af .LASF4863
     /tmp/ccWZZQZf.s:108050  .debug_str:000000000004e84f .LASF4864
     /tmp/ccWZZQZf.s:105150  .debug_str:00000000000425a5 .LASF4865
     /tmp/ccWZZQZf.s:91208  .debug_str:0000000000009928 .LASF4866
     /tmp/ccWZZQZf.s:101450  .debug_str:00000000000333e7 .LASF4867
     /tmp/ccWZZQZf.s:103136  .debug_str:0000000000039d0e .LASF4868
     /tmp/ccWZZQZf.s:106746  .debug_str:0000000000048d4e .LASF4869
     /tmp/ccWZZQZf.s:92194  .debug_str:000000000000dac4 .LASF4870
     /tmp/ccWZZQZf.s:89892  .debug_str:0000000000003f96 .LASF4871
     /tmp/ccWZZQZf.s:102966  .debug_str:00000000000390fa .LASF4872
     /tmp/ccWZZQZf.s:101662  .debug_str:00000000000341c1 .LASF4873
     /tmp/ccWZZQZf.s:100942  .debug_str:00000000000311b3 .LASF4874
     /tmp/ccWZZQZf.s:100348  .debug_str:000000000002eaf2 .LASF4875
     /tmp/ccWZZQZf.s:92214  .debug_str:000000000000dc40 .LASF4876
     /tmp/ccWZZQZf.s:96154  .debug_str:000000000001daf6 .LASF4877
     /tmp/ccWZZQZf.s:104190  .debug_str:000000000003e409 .LASF4878
     /tmp/ccWZZQZf.s:92386  .debug_str:000000000000e68d .LASF4879
     /tmp/ccWZZQZf.s:90536  .debug_str:0000000000006c20 .LASF4880
     /tmp/ccWZZQZf.s:99546  .debug_str:000000000002b718 .LASF4881
     /tmp/ccWZZQZf.s:91720  .debug_str:000000000000bc56 .LASF4882
     /tmp/ccWZZQZf.s:95696  .debug_str:000000000001bb07 .LASF4883
     /tmp/ccWZZQZf.s:105632  .debug_str:000000000004448f .LASF4884
     /tmp/ccWZZQZf.s:96148  .debug_str:000000000001da78 .LASF4885
     /tmp/ccWZZQZf.s:106390  .debug_str:00000000000474e1 .LASF4886
     /tmp/ccWZZQZf.s:104992  .debug_str:00000000000419b3 .LASF4887
     /tmp/ccWZZQZf.s:90104  .debug_str:0000000000004e82 .LASF4888
     /tmp/ccWZZQZf.s:92972  .debug_str:0000000000010724 .LASF4889
     /tmp/ccWZZQZf.s:91530  .debug_str:000000000000ae89 .LASF4890
     /tmp/ccWZZQZf.s:102042  .debug_str:0000000000035c33 .LASF4891
     /tmp/ccWZZQZf.s:107122  .debug_str:000000000004a77e .LASF4892
     /tmp/ccWZZQZf.s:107446  .debug_str:000000000004bd35 .LASF4893
     /tmp/ccWZZQZf.s:95386  .debug_str:000000000001a588 .LASF4894
     /tmp/ccWZZQZf.s:107518  .debug_str:000000000004c387 .LASF4895
     /tmp/ccWZZQZf.s:96318  .debug_str:000000000001e60b .LASF4896
     /tmp/ccWZZQZf.s:102404  .debug_str:0000000000037295 .LASF4897
     /tmp/ccWZZQZf.s:101174  .debug_str:0000000000032229 .LASF4898
     /tmp/ccWZZQZf.s:99352  .debug_str:000000000002ab10 .LASF4899
     /tmp/ccWZZQZf.s:97264  .debug_str:000000000002273e .LASF4900
     /tmp/ccWZZQZf.s:91580  .debug_str:000000000000b23b .LASF4901
     /tmp/ccWZZQZf.s:89928  .debug_str:0000000000004289 .LASF4902
     /tmp/ccWZZQZf.s:93384  .debug_str:0000000000012299 .LASF4903
     /tmp/ccWZZQZf.s:95828  .debug_str:000000000001c445 .LASF4904
     /tmp/ccWZZQZf.s:99284  .debug_str:000000000002a603 .LASF4905
     /tmp/ccWZZQZf.s:90742  .debug_str:00000000000079ad .LASF4906
     /tmp/ccWZZQZf.s:98638  .debug_str:0000000000027cb1 .LASF4907
     /tmp/ccWZZQZf.s:107928  .debug_str:000000000004dfde .LASF4908
     /tmp/ccWZZQZf.s:97046  .debug_str:00000000000218cc .LASF4909
     /tmp/ccWZZQZf.s:97368  .debug_str:0000000000022e5a .LASF4910
     /tmp/ccWZZQZf.s:91764  .debug_str:000000000000bf1b .LASF4911
     /tmp/ccWZZQZf.s:96016  .debug_str:000000000001d0b0 .LASF4912
     /tmp/ccWZZQZf.s:106414  .debug_str:0000000000047679 .LASF4913
     /tmp/ccWZZQZf.s:108054  .debug_str:000000000004e8c2 .LASF4914
     /tmp/ccWZZQZf.s:89314  .debug_str:00000000000016bc .LASF4915
     /tmp/ccWZZQZf.s:101354  .debug_str:0000000000032dcb .LASF4916
     /tmp/ccWZZQZf.s:95422  .debug_str:000000000001a808 .LASF4917
     /tmp/ccWZZQZf.s:106236  .debug_str:0000000000046b2e .LASF4918
     /tmp/ccWZZQZf.s:99668  .debug_str:000000000002bf81 .LASF4919
     /tmp/ccWZZQZf.s:92174  .debug_str:000000000000d985 .LASF4920
     /tmp/ccWZZQZf.s:91262  .debug_str:0000000000009c2a .LASF4921
     /tmp/ccWZZQZf.s:96948  .debug_str:0000000000021346 .LASF4922
     /tmp/ccWZZQZf.s:103294  .debug_str:000000000003a7a4 .LASF4923
     /tmp/ccWZZQZf.s:101950  .debug_str:00000000000355e9 .LASF4924
     /tmp/ccWZZQZf.s:96074  .debug_str:000000000001d50c .LASF4925
     /tmp/ccWZZQZf.s:102066  .debug_str:0000000000035d9f .LASF4926
     /tmp/ccWZZQZf.s:94290  .debug_str:0000000000015b54 .LASF4927
     /tmp/ccWZZQZf.s:99824  .debug_str:000000000002c885 .LASF4928
     /tmp/ccWZZQZf.s:100176  .debug_str:000000000002df12 .LASF4929
     /tmp/ccWZZQZf.s:100640  .debug_str:000000000002fed8 .LASF4930
     /tmp/ccWZZQZf.s:99300  .debug_str:000000000002a734 .LASF4931
     /tmp/ccWZZQZf.s:104098  .debug_str:000000000003dd92 .LASF4932
     /tmp/ccWZZQZf.s:90148  .debug_str:00000000000050db .LASF4933
     /tmp/ccWZZQZf.s:93036  .debug_str:0000000000010b4a .LASF4934
     /tmp/ccWZZQZf.s:92192  .debug_str:000000000000da9c .LASF4935
     /tmp/ccWZZQZf.s:91116  .debug_str:000000000000926a .LASF4936
     /tmp/ccWZZQZf.s:90950  .debug_str:00000000000086fb .LASF4937
     /tmp/ccWZZQZf.s:104866  .debug_str:00000000000411de .LASF4938
     /tmp/ccWZZQZf.s:103390  .debug_str:000000000003ae48 .LASF4939
     /tmp/ccWZZQZf.s:93228  .debug_str:0000000000011810 .LASF4940
     /tmp/ccWZZQZf.s:90564  .debug_str:0000000000006e1b .LASF4941
     /tmp/ccWZZQZf.s:97072  .debug_str:0000000000021adc .LASF4942
     /tmp/ccWZZQZf.s:98096  .debug_str:0000000000025856 .LASF4943
     /tmp/ccWZZQZf.s:101124  .debug_str:0000000000031ef0 .LASF4944
     /tmp/ccWZZQZf.s:98742  .debug_str:00000000000283b8 .LASF4945
     /tmp/ccWZZQZf.s:106182  .debug_str:00000000000467bd .LASF4946
     /tmp/ccWZZQZf.s:106622  .debug_str:00000000000485b1 .LASF4947
     /tmp/ccWZZQZf.s:101454  .debug_str:0000000000033443 .LASF4948
     /tmp/ccWZZQZf.s:100274  .debug_str:000000000002e5fb .LASF4949
     /tmp/ccWZZQZf.s:102412  .debug_str:000000000003732a .LASF4950
     /tmp/ccWZZQZf.s:92346  .debug_str:000000000000e422 .LASF4951
     /tmp/ccWZZQZf.s:97790  .debug_str:0000000000024895 .LASF4952
     /tmp/ccWZZQZf.s:96378  .debug_str:000000000001ea9b .LASF4953
     /tmp/ccWZZQZf.s:98568  .debug_str:00000000000277d9 .LASF4954
     /tmp/ccWZZQZf.s:102054  .debug_str:0000000000035ce4 .LASF4955
     /tmp/ccWZZQZf.s:98142  .debug_str:0000000000025b42 .LASF4956
     /tmp/ccWZZQZf.s:91826  .debug_str:000000000000c321 .LASF4957
     /tmp/ccWZZQZf.s:101216  .debug_str:0000000000032516 .LASF4958
     /tmp/ccWZZQZf.s:101012  .debug_str:0000000000031739 .LASF4959
     /tmp/ccWZZQZf.s:95646  .debug_str:000000000001b7a1 .LASF4960
     /tmp/ccWZZQZf.s:97366  .debug_str:0000000000022e30 .LASF4961
     /tmp/ccWZZQZf.s:106906  .debug_str:0000000000049882 .LASF4962
     /tmp/ccWZZQZf.s:103978  .debug_str:000000000003d62d .LASF4963
     /tmp/ccWZZQZf.s:98512  .debug_str:000000000002748c .LASF4964
     /tmp/ccWZZQZf.s:107580  .debug_str:000000000004c885 .LASF4965
     /tmp/ccWZZQZf.s:98080  .debug_str:000000000002575f .LASF4966
     /tmp/ccWZZQZf.s:106074  .debug_str:0000000000045fd2 .LASF4967
     /tmp/ccWZZQZf.s:96092  .debug_str:000000000001d63f .LASF4968
     /tmp/ccWZZQZf.s:97950  .debug_str:0000000000025039 .LASF4969
     /tmp/ccWZZQZf.s:90506  .debug_str:000000000000696b .LASF4970
     /tmp/ccWZZQZf.s:97284  .debug_str:0000000000022854 .LASF4971
     /tmp/ccWZZQZf.s:91590  .debug_str:000000000000b2df .LASF4972
     /tmp/ccWZZQZf.s:93290  .debug_str:0000000000011cbb .LASF4973
     /tmp/ccWZZQZf.s:102908  .debug_str:0000000000038da2 .LASF4974
     /tmp/ccWZZQZf.s:89320  .debug_str:0000000000001744 .LASF4975
     /tmp/ccWZZQZf.s:106902  .debug_str:0000000000049810 .LASF4976
     /tmp/ccWZZQZf.s:104868  .debug_str:0000000000041204 .LASF4977
     /tmp/ccWZZQZf.s:91422  .debug_str:000000000000a6dc .LASF4978
     /tmp/ccWZZQZf.s:98912  .debug_str:0000000000028ea1 .LASF4979
     /tmp/ccWZZQZf.s:106734  .debug_str:0000000000048c80 .LASF4980
     /tmp/ccWZZQZf.s:97124  .debug_str:0000000000021e0b .LASF4981
     /tmp/ccWZZQZf.s:94384  .debug_str:000000000001613b .LASF4982
     /tmp/ccWZZQZf.s:93430  .debug_str:0000000000012525 .LASF4983
     /tmp/ccWZZQZf.s:102854  .debug_str:0000000000038b13 .LASF4984
     /tmp/ccWZZQZf.s:105558  .debug_str:0000000000043fdf .LASF4985
     /tmp/ccWZZQZf.s:90538  .debug_str:0000000000006c44 .LASF4986
     /tmp/ccWZZQZf.s:103334  .debug_str:000000000003a9f2 .LASF4987
     /tmp/ccWZZQZf.s:105930  .debug_str:00000000000456b6 .LASF4988
     /tmp/ccWZZQZf.s:101602  .debug_str:0000000000033db1 .LASF4989
     /tmp/ccWZZQZf.s:93708  .debug_str:0000000000013786 .LASF4990
     /tmp/ccWZZQZf.s:94914  .debug_str:0000000000018497 .LASF4991
     /tmp/ccWZZQZf.s:95310  .debug_str:0000000000019f4b .LASF4992
     /tmp/ccWZZQZf.s:92342  .debug_str:000000000000e3c8 .LASF4993
     /tmp/ccWZZQZf.s:100994  .debug_str:0000000000031586 .LASF4994
     /tmp/ccWZZQZf.s:91258  .debug_str:0000000000009be0 .LASF4995
     /tmp/ccWZZQZf.s:100364  .debug_str:000000000002ebd5 .LASF4996
     /tmp/ccWZZQZf.s:103902  .debug_str:000000000003d18a .LASF4997
     /tmp/ccWZZQZf.s:93766  .debug_str:0000000000013b05 .LASF4998
     /tmp/ccWZZQZf.s:102768  .debug_str:000000000003863c .LASF4999
     /tmp/ccWZZQZf.s:93084  .debug_str:0000000000010efb .LASF5000
     /tmp/ccWZZQZf.s:97596  .debug_str:0000000000023e18 .LASF5001
     /tmp/ccWZZQZf.s:107646  .debug_str:000000000004cce6 .LASF5002
     /tmp/ccWZZQZf.s:105928  .debug_str:0000000000045688 .LASF5003
     /tmp/ccWZZQZf.s:90886  .debug_str:00000000000082d2 .LASF5004
     /tmp/ccWZZQZf.s:91870  .debug_str:000000000000c638 .LASF5005
     /tmp/ccWZZQZf.s:91730  .debug_str:000000000000bcfa .LASF5006
     /tmp/ccWZZQZf.s:91234  .debug_str:0000000000009ac1 .LASF5007
     /tmp/ccWZZQZf.s:97862  .debug_str:0000000000024c13 .LASF5008
     /tmp/ccWZZQZf.s:96942  .debug_str:00000000000212f0 .LASF5009
     /tmp/ccWZZQZf.s:93270  .debug_str:0000000000011b16 .LASF5010
     /tmp/ccWZZQZf.s:103078  .debug_str:00000000000398e6 .LASF5011
     /tmp/ccWZZQZf.s:101284  .debug_str:00000000000329b3 .LASF5012
     /tmp/ccWZZQZf.s:103192  .debug_str:000000000003a092 .LASF5013
     /tmp/ccWZZQZf.s:100522  .debug_str:000000000002f65f .LASF5014
     /tmp/ccWZZQZf.s:100680  .debug_str:000000000003016c .LASF5015
     /tmp/ccWZZQZf.s:93550  .debug_str:0000000000012dbf .LASF5016
     /tmp/ccWZZQZf.s:89348  .debug_str:000000000000190c .LASF5017
     /tmp/ccWZZQZf.s:105410  .debug_str:000000000004367d .LASF5018
     /tmp/ccWZZQZf.s:106926  .debug_str:00000000000499da .LASF5019
     /tmp/ccWZZQZf.s:96560  .debug_str:000000000001f7a1 .LASF5020
     /tmp/ccWZZQZf.s:104782  .debug_str:0000000000040bf0 .LASF5021
     /tmp/ccWZZQZf.s:94776  .debug_str:0000000000017c1c .LASF5022
     /tmp/ccWZZQZf.s:99666  .debug_str:000000000002bf4e .LASF5023
     /tmp/ccWZZQZf.s:91652  .debug_str:000000000000b772 .LASF5024
     /tmp/ccWZZQZf.s:90550  .debug_str:0000000000006d0f .LASF5025
     /tmp/ccWZZQZf.s:96966  .debug_str:000000000002148f .LASF5026
     /tmp/ccWZZQZf.s:101838  .debug_str:0000000000034e6d .LASF5027
     /tmp/ccWZZQZf.s:93404  .debug_str:000000000001242e .LASF5028
     /tmp/ccWZZQZf.s:102734  .debug_str:0000000000038449 .LASF5029
     /tmp/ccWZZQZf.s:97942  .debug_str:0000000000024fa0 .LASF5030
     /tmp/ccWZZQZf.s:102410  .debug_str:00000000000372f2 .LASF5031
     /tmp/ccWZZQZf.s:98974  .debug_str:00000000000292b0 .LASF5032
     /tmp/ccWZZQZf.s:100748  .debug_str:0000000000030566 .LASF5033
     /tmp/ccWZZQZf.s:91184  .debug_str:0000000000009731 .LASF5034
     /tmp/ccWZZQZf.s:93452  .debug_str:0000000000012687 .LASF5035
     /tmp/ccWZZQZf.s:99452  .debug_str:000000000002b110 .LASF5036
     /tmp/ccWZZQZf.s:105504  .debug_str:0000000000043c96 .LASF5037
     /tmp/ccWZZQZf.s:92180  .debug_str:000000000000d9f1 .LASF5038
     /tmp/ccWZZQZf.s:98232  .debug_str:0000000000026188 .LASF5039
     /tmp/ccWZZQZf.s:89240  .debug_str:00000000000011c2 .LASF5040
     /tmp/ccWZZQZf.s:90878  .debug_str:000000000000824e .LASF5041
     /tmp/ccWZZQZf.s:92510  .debug_str:000000000000ecc6 .LASF5042
     /tmp/ccWZZQZf.s:90844  .debug_str:0000000000007fad .LASF5043
     /tmp/ccWZZQZf.s:93522  .debug_str:0000000000012b3c .LASF5044
     /tmp/ccWZZQZf.s:95682  .debug_str:000000000001b9b4 .LASF5045
     /tmp/ccWZZQZf.s:96580  .debug_str:000000000001f92a .LASF5046
     /tmp/ccWZZQZf.s:89798  .debug_str:0000000000003906 .LASF5047
     /tmp/ccWZZQZf.s:101514  .debug_str:00000000000337a5 .LASF5048
     /tmp/ccWZZQZf.s:106296  .debug_str:0000000000046eec .LASF5049
     /tmp/ccWZZQZf.s:107620  .debug_str:000000000004caef .LASF5050
     /tmp/ccWZZQZf.s:107170  .debug_str:000000000004aaa6 .LASF5051
     /tmp/ccWZZQZf.s:89910  .debug_str:00000000000040e9 .LASF5052
     /tmp/ccWZZQZf.s:91518  .debug_str:000000000000adef .LASF5053
     /tmp/ccWZZQZf.s:103676  .debug_str:000000000003c210 .LASF5054
     /tmp/ccWZZQZf.s:102426  .debug_str:000000000003747f .LASF5055
     /tmp/ccWZZQZf.s:99038  .debug_str:000000000002970b .LASF5056
     /tmp/ccWZZQZf.s:97750  .debug_str:0000000000024644 .LASF5057
     /tmp/ccWZZQZf.s:89736  .debug_str:00000000000034cc .LASF5058
     /tmp/ccWZZQZf.s:93542  .debug_str:0000000000012ce7 .LASF5059
     /tmp/ccWZZQZf.s:99750  .debug_str:000000000002c42a .LASF5060
     /tmp/ccWZZQZf.s:97890  .debug_str:0000000000024d89 .LASF5061
     /tmp/ccWZZQZf.s:94418  .debug_str:00000000000163bb .LASF5062
     /tmp/ccWZZQZf.s:94342  .debug_str:0000000000015ea5 .LASF5063
     /tmp/ccWZZQZf.s:95470  .debug_str:000000000001ab05 .LASF5064
     /tmp/ccWZZQZf.s:99660  .debug_str:000000000002beb7 .LASF5065
     /tmp/ccWZZQZf.s:98502  .debug_str:00000000000273b1 .LASF5066
     /tmp/ccWZZQZf.s:93674  .debug_str:000000000001355f .LASF5067
     /tmp/ccWZZQZf.s:101612  .debug_str:0000000000033e2e .LASF5068
     /tmp/ccWZZQZf.s:102724  .debug_str:00000000000383a2 .LASF5069
     /tmp/ccWZZQZf.s:97700  .debug_str:00000000000243f3 .LASF5070
     /tmp/ccWZZQZf.s:103722  .debug_str:000000000003c4aa .LASF5071
     /tmp/ccWZZQZf.s:90442  .debug_str:00000000000064f8 .LASF5072
     /tmp/ccWZZQZf.s:102492  .debug_str:00000000000377c2 .LASF5073
     /tmp/ccWZZQZf.s:90170  .debug_str:0000000000005288 .LASF5074
     /tmp/ccWZZQZf.s:96124  .debug_str:000000000001d8a2 .LASF5075
     /tmp/ccWZZQZf.s:106250  .debug_str:0000000000046c11 .LASF5076
     /tmp/ccWZZQZf.s:107736  .debug_str:000000000004d32d .LASF5077
     /tmp/ccWZZQZf.s:95734  .debug_str:000000000001bd6f .LASF5078
     /tmp/ccWZZQZf.s:98660  .debug_str:0000000000027e4e .LASF5079
     /tmp/ccWZZQZf.s:102140  .debug_str:0000000000036227 .LASF5080
     /tmp/ccWZZQZf.s:106190  .debug_str:000000000004683a .LASF5081
     /tmp/ccWZZQZf.s:103668  .debug_str:000000000003c175 .LASF5082
     /tmp/ccWZZQZf.s:100452  .debug_str:000000000002f1ef .LASF5083
     /tmp/ccWZZQZf.s:95694  .debug_str:000000000001bad7 .LASF5084
     /tmp/ccWZZQZf.s:107160  .debug_str:000000000004a9fa .LASF5085
     /tmp/ccWZZQZf.s:92988  .debug_str:000000000001087f .LASF5086
     /tmp/ccWZZQZf.s:91698  .debug_str:000000000000badb .LASF5087
     /tmp/ccWZZQZf.s:98380  .debug_str:0000000000026afc .LASF5088
     /tmp/ccWZZQZf.s:94630  .debug_str:0000000000017264 .LASF5089
     /tmp/ccWZZQZf.s:90038  .debug_str:00000000000049b2 .LASF5090
     /tmp/ccWZZQZf.s:90030  .debug_str:0000000000004935 .LASF5091
     /tmp/ccWZZQZf.s:95832  .debug_str:000000000001c478 .LASF5092
     /tmp/ccWZZQZf.s:90642  .debug_str:0000000000007301 .LASF5093
     /tmp/ccWZZQZf.s:102664  .debug_str:00000000000380b6 .LASF5094
     /tmp/ccWZZQZf.s:96366  .debug_str:000000000001e9a4 .LASF5095
     /tmp/ccWZZQZf.s:94072  .debug_str:0000000000014d71 .LASF5096
     /tmp/ccWZZQZf.s:98886  .debug_str:0000000000028d38 .LASF5097
     /tmp/ccWZZQZf.s:94634  .debug_str:00000000000172c5 .LASF5098
     /tmp/ccWZZQZf.s:103044  .debug_str:0000000000039658 .LASF5099
     /tmp/ccWZZQZf.s:106768  .debug_str:0000000000048eb9 .LASF5100
     /tmp/ccWZZQZf.s:105284  .debug_str:0000000000042de1 .LASF5101
     /tmp/ccWZZQZf.s:98392  .debug_str:0000000000026ba5 .LASF5102
     /tmp/ccWZZQZf.s:95742  .debug_str:000000000001bdf1 .LASF5103
     /tmp/ccWZZQZf.s:101738  .debug_str:0000000000034739 .LASF5104
     /tmp/ccWZZQZf.s:106470  .debug_str:0000000000047a9e .LASF5105
     /tmp/ccWZZQZf.s:107294  .debug_str:000000000004b301 .LASF5106
     /tmp/ccWZZQZf.s:96542  .debug_str:000000000001f605 .LASF5107
     /tmp/ccWZZQZf.s:102516  .debug_str:0000000000037958 .LASF5108
     /tmp/ccWZZQZf.s:97490  .debug_str:0000000000023645 .LASF5109
     /tmp/ccWZZQZf.s:96030  .debug_str:000000000001d1dd .LASF5110
     /tmp/ccWZZQZf.s:106956  .debug_str:0000000000049bf5 .LASF5111
     /tmp/ccWZZQZf.s:107642  .debug_str:000000000004cca6 .LASF5112
     /tmp/ccWZZQZf.s:107588  .debug_str:000000000004c8eb .LASF5113
     /tmp/ccWZZQZf.s:103328  .debug_str:000000000003a95f .LASF5114
     /tmp/ccWZZQZf.s:98584  .debug_str:00000000000278e5 .LASF5115
     /tmp/ccWZZQZf.s:92004  .debug_str:000000000000cf48 .LASF5116
     /tmp/ccWZZQZf.s:107510  .debug_str:000000000004c2d2 .LASF5117
     /tmp/ccWZZQZf.s:95862  .debug_str:000000000001c666 .LASF5118
     /tmp/ccWZZQZf.s:105322  .debug_str:00000000000430c2 .LASF5119
     /tmp/ccWZZQZf.s:97666  .debug_str:0000000000024173 .LASF5120
     /tmp/ccWZZQZf.s:101272  .debug_str:00000000000328f9 .LASF5121
     /tmp/ccWZZQZf.s:99360  .debug_str:000000000002ab8d .LASF5122
     /tmp/ccWZZQZf.s:95034  .debug_str:0000000000018c2f .LASF5123
     /tmp/ccWZZQZf.s:100044  .debug_str:000000000002d6fb .LASF5124
     /tmp/ccWZZQZf.s:97268  .debug_str:000000000002277d .LASF5125
     /tmp/ccWZZQZf.s:104262  .debug_str:000000000003e8da .LASF5126
     /tmp/ccWZZQZf.s:103776  .debug_str:000000000003c877 .LASF5127
     /tmp/ccWZZQZf.s:92994  .debug_str:0000000000010925 .LASF5128
     /tmp/ccWZZQZf.s:91646  .debug_str:000000000000b6ff .LASF5129
     /tmp/ccWZZQZf.s:103480  .debug_str:000000000003b509 .LASF5130
     /tmp/ccWZZQZf.s:93770  .debug_str:0000000000013b7b .LASF5131
     /tmp/ccWZZQZf.s:100600  .debug_str:000000000002fc39 .LASF5132
     /tmp/ccWZZQZf.s:99160  .debug_str:0000000000029e91 .LASF5133
     /tmp/ccWZZQZf.s:91166  .debug_str:00000000000095d4 .LASF5134
     /tmp/ccWZZQZf.s:102126  .debug_str:0000000000036134 .LASF5135
     /tmp/ccWZZQZf.s:102292  .debug_str:0000000000036b6b .LASF5136
     /tmp/ccWZZQZf.s:99492  .debug_str:000000000002b404 .LASF5137
     /tmp/ccWZZQZf.s:105318  .debug_str:000000000004307a .LASF5138
     /tmp/ccWZZQZf.s:106006  .debug_str:0000000000045bbf .LASF5139
     /tmp/ccWZZQZf.s:101138  .debug_str:0000000000032015 .LASF5140
     /tmp/ccWZZQZf.s:89688  .debug_str:00000000000031f3 .LASF5141
     /tmp/ccWZZQZf.s:104710  .debug_str:000000000004075d .LASF5142
     /tmp/ccWZZQZf.s:107284  .debug_str:000000000004b24d .LASF5143
     /tmp/ccWZZQZf.s:98184  .debug_str:0000000000025e69 .LASF5144
     /tmp/ccWZZQZf.s:89194  .debug_str:0000000000000e94 .LASF5145
     /tmp/ccWZZQZf.s:102824  .debug_str:000000000003890a .LASF5146
     /tmp/ccWZZQZf.s:107236  .debug_str:000000000004aef7 .LASF5147
     /tmp/ccWZZQZf.s:99852  .debug_str:000000000002ca69 .LASF5148
     /tmp/ccWZZQZf.s:92450  .debug_str:000000000000e8f9 .LASF5149
     /tmp/ccWZZQZf.s:98642  .debug_str:0000000000027cf5 .LASF5150
     /tmp/ccWZZQZf.s:107686  .debug_str:000000000004cfe6 .LASF5151
     /tmp/ccWZZQZf.s:90726  .debug_str:000000000000788f .LASF5152
     /tmp/ccWZZQZf.s:100900  .debug_str:0000000000030f1b .LASF5153
     /tmp/ccWZZQZf.s:89858  .debug_str:0000000000003cf3 .LASF5154
     /tmp/ccWZZQZf.s:105470  .debug_str:0000000000043a67 .LASF5155
     /tmp/ccWZZQZf.s:105008  .debug_str:0000000000041aed .LASF5156
     /tmp/ccWZZQZf.s:105204  .debug_str:00000000000428b7 .LASF5157
     /tmp/ccWZZQZf.s:104472  .debug_str:000000000003f5f3 .LASF5158
     /tmp/ccWZZQZf.s:91160  .debug_str:0000000000009516 .LASF5159
     /tmp/ccWZZQZf.s:107302  .debug_str:000000000004b3a9 .LASF5160
     /tmp/ccWZZQZf.s:95644  .debug_str:000000000001b777 .LASF5161
     /tmp/ccWZZQZf.s:107560  .debug_str:000000000004c737 .LASF5162
     /tmp/ccWZZQZf.s:102336  .debug_str:0000000000036ecc .LASF5163
     /tmp/ccWZZQZf.s:98360  .debug_str:0000000000026966 .LASF5164
     /tmp/ccWZZQZf.s:94568  .debug_str:0000000000016dd0 .LASF5165
     /tmp/ccWZZQZf.s:89888  .debug_str:0000000000003f3d .LASF5166
     /tmp/ccWZZQZf.s:104774  .debug_str:0000000000040b7c .LASF5167
     /tmp/ccWZZQZf.s:96850  .debug_str:0000000000020c35 .LASF5168
     /tmp/ccWZZQZf.s:96552  .debug_str:000000000001f6f3 .LASF5169
     /tmp/ccWZZQZf.s:93488  .debug_str:000000000001290a .LASF5170
     /tmp/ccWZZQZf.s:106262  .debug_str:0000000000046cde .LASF5171
     /tmp/ccWZZQZf.s:89200  .debug_str:0000000000000f03 .LASF5172
     /tmp/ccWZZQZf.s:92074  .debug_str:000000000000d3f7 .LASF5173
     /tmp/ccWZZQZf.s:102608  .debug_str:0000000000037e33 .LASF5174
     /tmp/ccWZZQZf.s:101788  .debug_str:0000000000034aa2 .LASF5175
     /tmp/ccWZZQZf.s:95358  .debug_str:000000000001a3d8 .LASF5176
     /tmp/ccWZZQZf.s:101894  .debug_str:0000000000035207 .LASF5177
     /tmp/ccWZZQZf.s:93556  .debug_str:0000000000012e4c .LASF5178
     /tmp/ccWZZQZf.s:89816  .debug_str:0000000000003a44 .LASF5179
     /tmp/ccWZZQZf.s:92028  .debug_str:000000000000d0d2 .LASF5180
     /tmp/ccWZZQZf.s:100970  .debug_str:00000000000313b5 .LASF5181
     /tmp/ccWZZQZf.s:96960  .debug_str:0000000000021413 .LASF5182
     /tmp/ccWZZQZf.s:94822  .debug_str:0000000000017f08 .LASF5183
     /tmp/ccWZZQZf.s:95074  .debug_str:0000000000018f14 .LASF5184
     /tmp/ccWZZQZf.s:101812  .debug_str:0000000000034c8a .LASF5185
     /tmp/ccWZZQZf.s:105516  .debug_str:0000000000043d44 .LASF5186
     /tmp/ccWZZQZf.s:93474  .debug_str:0000000000012808 .LASF5187
     /tmp/ccWZZQZf.s:95168  .debug_str:0000000000019566 .LASF5188
     /tmp/ccWZZQZf.s:98834  .debug_str:000000000002898c .LASF5189
     /tmp/ccWZZQZf.s:89940  .debug_str:0000000000004377 .LASF5190
     /tmp/ccWZZQZf.s:106720  .debug_str:0000000000048bcf .LASF5191
     /tmp/ccWZZQZf.s:100074  .debug_str:000000000002d8c9 .LASF5192
     /tmp/ccWZZQZf.s:106888  .debug_str:00000000000496d0 .LASF5193
     /tmp/ccWZZQZf.s:90182  .debug_str:000000000000538e .LASF5194
     /tmp/ccWZZQZf.s:97082  .debug_str:0000000000021bb3 .LASF5195
     /tmp/ccWZZQZf.s:105620  .debug_str:0000000000044397 .LASF5196
     /tmp/ccWZZQZf.s:97130  .debug_str:0000000000021e5d .LASF5197
     /tmp/ccWZZQZf.s:91994  .debug_str:000000000000ced0 .LASF5198
     /tmp/ccWZZQZf.s:89830  .debug_str:0000000000003b32 .LASF5199
     /tmp/ccWZZQZf.s:100470  .debug_str:000000000002f2e1 .LASF5200
     /tmp/ccWZZQZf.s:107838  .debug_str:000000000004d9f5 .LASF5202
     /tmp/ccWZZQZf.s:91878  .debug_str:000000000000c6e6 .LASF5203
     /tmp/ccWZZQZf.s:96716  .debug_str:000000000002038c .LASF5204
     /tmp/ccWZZQZf.s:103348  .debug_str:000000000003aaed .LASF5205
     /tmp/ccWZZQZf.s:99268  .debug_str:000000000002a535 .LASF5206
     /tmp/ccWZZQZf.s:99728  .debug_str:000000000002c2f9 .LASF5207
     /tmp/ccWZZQZf.s:93976  .debug_str:000000000001472d .LASF5208
     /tmp/ccWZZQZf.s:92746  .debug_str:000000000000fac4 .LASF5209
     /tmp/ccWZZQZf.s:98432  .debug_str:0000000000026ef1 .LASF5210
     /tmp/ccWZZQZf.s:104122  .debug_str:000000000003df36 .LASF5211
     /tmp/ccWZZQZf.s:100148  .debug_str:000000000002dd9f .LASF5212
     /tmp/ccWZZQZf.s:90810  .debug_str:0000000000007dab .LASF5213
     /tmp/ccWZZQZf.s:104092  .debug_str:000000000003dd1c .LASF5214
     /tmp/ccWZZQZf.s:95950  .debug_str:000000000001cc67 .LASF5215
     /tmp/ccWZZQZf.s:101850  .debug_str:0000000000034f46 .LASF5216
     /tmp/ccWZZQZf.s:98708  .debug_str:000000000002815f .LASF5217
     /tmp/ccWZZQZf.s:90526  .debug_str:0000000000006b2f .LASF5218
     /tmp/ccWZZQZf.s:94608  .debug_str:00000000000170eb .LASF5219
     /tmp/ccWZZQZf.s:106136  .debug_str:000000000004644f .LASF5220
     /tmp/ccWZZQZf.s:91796  .debug_str:000000000000c13f .LASF5221
     /tmp/ccWZZQZf.s:89030  .debug_str:00000000000003a8 .LASF5222
     /tmp/ccWZZQZf.s:95818  .debug_str:000000000001c38c .LASF5223
     /tmp/ccWZZQZf.s:107402  .debug_str:000000000004ba23 .LASF5224
     /tmp/ccWZZQZf.s:106178  .debug_str:0000000000046770 .LASF5225
     /tmp/ccWZZQZf.s:104680  .debug_str:00000000000405af .LASF5226
     /tmp/ccWZZQZf.s:95816  .debug_str:000000000001c36c .LASF5227
     /tmp/ccWZZQZf.s:89916  .debug_str:0000000000004175 .LASF5228
     /tmp/ccWZZQZf.s:96708  .debug_str:0000000000020306 .LASF5229
     /tmp/ccWZZQZf.s:102328  .debug_str:0000000000036e13 .LASF5230
     /tmp/ccWZZQZf.s:103282  .debug_str:000000000003a6d7 .LASF5231
     /tmp/ccWZZQZf.s:89674  .debug_str:0000000000003122 .LASF5232
     /tmp/ccWZZQZf.s:91236  .debug_str:0000000000009af3 .LASF5233
     /tmp/ccWZZQZf.s:102750  .debug_str:0000000000038546 .LASF5234
     /tmp/ccWZZQZf.s:104390  .debug_str:000000000003f0bb .LASF5235
     /tmp/ccWZZQZf.s:89330  .debug_str:000000000000180d .LASF5236
     /tmp/ccWZZQZf.s:99530  .debug_str:000000000002b634 .LASF5237
     /tmp/ccWZZQZf.s:105000  .debug_str:0000000000041a38 .LASF5238
     /tmp/ccWZZQZf.s:104046  .debug_str:000000000003db3b .LASF5239
     /tmp/ccWZZQZf.s:98640  .debug_str:0000000000027cd9 .LASF5240
     /tmp/ccWZZQZf.s:95554  .debug_str:000000000001b05d .LASF5241
     /tmp/ccWZZQZf.s:93600  .debug_str:0000000000013159 .LASF5242
     /tmp/ccWZZQZf.s:90060  .debug_str:0000000000004b7d .LASF5243
     /tmp/ccWZZQZf.s:99758  .debug_str:000000000002c4bc .LASF5244
     /tmp/ccWZZQZf.s:98206  .debug_str:0000000000026003 .LASF5245
     /tmp/ccWZZQZf.s:92204  .debug_str:000000000000dbb3 .LASF5246
     /tmp/ccWZZQZf.s:97322  .debug_str:0000000000022ae1 .LASF5247
     /tmp/ccWZZQZf.s:99568  .debug_str:000000000002b8b3 .LASF5248
     /tmp/ccWZZQZf.s:104626  .debug_str:000000000004019a .LASF5249
     /tmp/ccWZZQZf.s:91144  .debug_str:00000000000093f9 .LASF5250
     /tmp/ccWZZQZf.s:99966  .debug_str:000000000002d20b .LASF5251
     /tmp/ccWZZQZf.s:91018  .debug_str:0000000000008bfc .LASF5252
     /tmp/ccWZZQZf.s:94602  .debug_str:000000000001707d .LASF5253
     /tmp/ccWZZQZf.s:99992  .debug_str:000000000002d42b .LASF5254
     /tmp/ccWZZQZf.s:107040  .debug_str:000000000004a1b8 .LASF5255
     /tmp/ccWZZQZf.s:101528  .debug_str:00000000000338d9 .LASF5256
     /tmp/ccWZZQZf.s:92880  .debug_str:0000000000010254 .LASF5257
     /tmp/ccWZZQZf.s:94112  .debug_str:0000000000014fe8 .LASF5258
     /tmp/ccWZZQZf.s:107234  .debug_str:000000000004aed5 .LASF5259
     /tmp/ccWZZQZf.s:100628  .debug_str:000000000002fe31 .LASF5260
     /tmp/ccWZZQZf.s:99808  .debug_str:000000000002c769 .LASF5261
     /tmp/ccWZZQZf.s:96816  .debug_str:00000000000209cd .LASF5262
     /tmp/ccWZZQZf.s:90984  .debug_str:000000000000893e .LASF5263
     /tmp/ccWZZQZf.s:107300  .debug_str:000000000004b388 .LASF5264
     /tmp/ccWZZQZf.s:95318  .debug_str:000000000001a039 .LASF5265
     /tmp/ccWZZQZf.s:98940  .debug_str:000000000002906b .LASF5266
     /tmp/ccWZZQZf.s:98934  .debug_str:0000000000029018 .LASF5267
     /tmp/ccWZZQZf.s:102456  .debug_str:000000000003756d .LASF5268
     /tmp/ccWZZQZf.s:101780  .debug_str:00000000000349d8 .LASF5269
     /tmp/ccWZZQZf.s:100124  .debug_str:000000000002db9b .LASF5270
     /tmp/ccWZZQZf.s:105480  .debug_str:0000000000043b29 .LASF5271
     /tmp/ccWZZQZf.s:91064  .debug_str:0000000000008ee0 .LASF5272
     /tmp/ccWZZQZf.s:88986  .debug_str:0000000000000098 .LASF5273
     /tmp/ccWZZQZf.s:101194  .debug_str:00000000000323a3 .LASF5274
     /tmp/ccWZZQZf.s:93364  .debug_str:00000000000121a0 .LASF5275
     /tmp/ccWZZQZf.s:96618  .debug_str:000000000001fbe4 .LASF5276
     /tmp/ccWZZQZf.s:98628  .debug_str:0000000000027bfb .LASF5277
     /tmp/ccWZZQZf.s:103262  .debug_str:000000000003a5da .LASF5278
     /tmp/ccWZZQZf.s:107104  .debug_str:000000000004a645 .LASF5279
     /tmp/ccWZZQZf.s:99880  .debug_str:000000000002cc0e .LASF5280
     /tmp/ccWZZQZf.s:90504  .debug_str:000000000000692e .LASF5281
     /tmp/ccWZZQZf.s:101468  .debug_str:000000000003356e .LASF5282
     /tmp/ccWZZQZf.s:92648  .debug_str:000000000000f496 .LASF5283
     /tmp/ccWZZQZf.s:106908  .debug_str:00000000000498ab .LASF5284
     /tmp/ccWZZQZf.s:91078  .debug_str:0000000000008f93 .LASF5285
     /tmp/ccWZZQZf.s:89652  .debug_str:0000000000002fcc .LASF5286
     /tmp/ccWZZQZf.s:89108  .debug_str:0000000000000922 .LASF5287
     /tmp/ccWZZQZf.s:101444  .debug_str:0000000000033394 .LASF5288
     /tmp/ccWZZQZf.s:97206  .debug_str:000000000002233b .LASF5289
     /tmp/ccWZZQZf.s:102648  .debug_str:0000000000037fad .LASF5290
     /tmp/ccWZZQZf.s:105146  .debug_str:000000000004255b .LASF5291
     /tmp/ccWZZQZf.s:92674  .debug_str:000000000000f6cb .LASF5292
     /tmp/ccWZZQZf.s:92176  .debug_str:000000000000d9b4 .LASF5293
     /tmp/ccWZZQZf.s:95246  .debug_str:0000000000019af4 .LASF5294
     /tmp/ccWZZQZf.s:100534  .debug_str:000000000002f735 .LASF5295
     /tmp/ccWZZQZf.s:102746  .debug_str:00000000000384d4 .LASF5296
     /tmp/ccWZZQZf.s:101262  .debug_str:0000000000032826 .LASF5297
     /tmp/ccWZZQZf.s:89930  .debug_str:00000000000042ac .LASF5298
     /tmp/ccWZZQZf.s:100446  .debug_str:000000000002f16e .LASF5299
     /tmp/ccWZZQZf.s:96890  .debug_str:0000000000020f29 .LASF5300
     /tmp/ccWZZQZf.s:92650  .debug_str:000000000000f4b7 .LASF5301
     /tmp/ccWZZQZf.s:97610  .debug_str:0000000000023eff .LASF5302
     /tmp/ccWZZQZf.s:91424  .debug_str:000000000000a70a .LASF5303
     /tmp/ccWZZQZf.s:99786  .debug_str:000000000002c65c .LASF5304
     /tmp/ccWZZQZf.s:104240  .debug_str:000000000003e713 .LASF5305
     /tmp/ccWZZQZf.s:90636  .debug_str:00000000000072a9 .LASF5306
     /tmp/ccWZZQZf.s:95740  .debug_str:000000000001bddb .LASF5307
     /tmp/ccWZZQZf.s:91790  .debug_str:000000000000c0a9 .LASF5308
     /tmp/ccWZZQZf.s:100554  .debug_str:000000000002f8c0 .LASF5309
     /tmp/ccWZZQZf.s:105098  .debug_str:000000000004216c .LASF5310
     /tmp/ccWZZQZf.s:104532  .debug_str:000000000003fa8a .LASF5311
     /tmp/ccWZZQZf.s:106842  .debug_str:00000000000493a7 .LASF5312
     /tmp/ccWZZQZf.s:94838  .debug_str:0000000000018026 .LASF5313
     /tmp/ccWZZQZf.s:92302  .debug_str:000000000000e251 .LASF5314
     /tmp/ccWZZQZf.s:101256  .debug_str:00000000000327ce .LASF5315
     /tmp/ccWZZQZf.s:101346  .debug_str:0000000000032d17 .LASF5316
     /tmp/ccWZZQZf.s:91404  .debug_str:000000000000a5a5 .LASF5317
     /tmp/ccWZZQZf.s:97784  .debug_str:000000000002482f .LASF5318
     /tmp/ccWZZQZf.s:99756  .debug_str:000000000002c490 .LASF5319
     /tmp/ccWZZQZf.s:107086  .debug_str:000000000004a4ef .LASF5320
     /tmp/ccWZZQZf.s:98702  .debug_str:00000000000280ff .LASF5321
     /tmp/ccWZZQZf.s:104168  .debug_str:000000000003e27b .LASF5322
     /tmp/ccWZZQZf.s:103652  .debug_str:000000000003c07e .LASF5323
     /tmp/ccWZZQZf.s:101940  .debug_str:0000000000035523 .LASF5324
     /tmp/ccWZZQZf.s:96638  .debug_str:000000000001fd56 .LASF5325
     /tmp/ccWZZQZf.s:100342  .debug_str:000000000002ea74 .LASF5326
     /tmp/ccWZZQZf.s:97348  .debug_str:0000000000022cbd .LASF5327
     /tmp/ccWZZQZf.s:90408  .debug_str:0000000000006268 .LASF5328
     /tmp/ccWZZQZf.s:104930  .debug_str:000000000004165c .LASF5329
     /tmp/ccWZZQZf.s:89498  .debug_str:00000000000023d4 .LASF5330
     /tmp/ccWZZQZf.s:94236  .debug_str:0000000000015853 .LASF5331
     /tmp/ccWZZQZf.s:98552  .debug_str:00000000000276f9 .LASF5332
     /tmp/ccWZZQZf.s:93426  .debug_str:00000000000124e5 .LASF5333
     /tmp/ccWZZQZf.s:91386  .debug_str:000000000000a494 .LASF5334
     /tmp/ccWZZQZf.s:105484  .debug_str:0000000000043b66 .LASF5335
     /tmp/ccWZZQZf.s:106846  .debug_str:0000000000049420 .LASF5336
     /tmp/ccWZZQZf.s:96088  .debug_str:000000000001d5fc .LASF5337
     /tmp/ccWZZQZf.s:102560  .debug_str:0000000000037b6b .LASF5338
     /tmp/ccWZZQZf.s:96566  .debug_str:000000000001f828 .LASF5339
     /tmp/ccWZZQZf.s:97320  .debug_str:0000000000022ab5 .LASF5340
     /tmp/ccWZZQZf.s:104148  .debug_str:000000000003e139 .LASF5341
     /tmp/ccWZZQZf.s:90360  .debug_str:0000000000005f99 .LASF5342
     /tmp/ccWZZQZf.s:97380  .debug_str:0000000000022f3d .LASF5343
     /tmp/ccWZZQZf.s:106464  .debug_str:0000000000047a43 .LASF5344
     /tmp/ccWZZQZf.s:91960  .debug_str:000000000000cc53 .LASF5345
     /tmp/ccWZZQZf.s:91542  .debug_str:000000000000af6b .LASF5346
     /tmp/ccWZZQZf.s:93222  .debug_str:00000000000117b0 .LASF5347
     /tmp/ccWZZQZf.s:98448  .debug_str:0000000000026fee .LASF5348
     /tmp/ccWZZQZf.s:93276  .debug_str:0000000000011b98 .LASF5349
     /tmp/ccWZZQZf.s:94656  .debug_str:000000000001744c .LASF5350
     /tmp/ccWZZQZf.s:98158  .debug_str:0000000000025c31 .LASF5351
     /tmp/ccWZZQZf.s:89784  .debug_str:0000000000003821 .LASF5352
     /tmp/ccWZZQZf.s:103050  .debug_str:00000000000396ec .LASF5353
     /tmp/ccWZZQZf.s:92652  .debug_str:000000000000f4ee .LASF5354
     /tmp/ccWZZQZf.s:91528  .debug_str:000000000000ae5b .LASF5355
     /tmp/ccWZZQZf.s:97628  .debug_str:0000000000024004 .LASF5356
     /tmp/ccWZZQZf.s:104332  .debug_str:000000000003ed29 .LASF5357
     /tmp/ccWZZQZf.s:93902  .debug_str:0000000000014372 .LASF5358
     /tmp/ccWZZQZf.s:107508  .debug_str:000000000004c2b5 .LASF5359
     /tmp/ccWZZQZf.s:104382  .debug_str:000000000003f04e .LASF5360
     /tmp/ccWZZQZf.s:91798  .debug_str:000000000000c17a .LASF5361
     /tmp/ccWZZQZf.s:91384  .debug_str:000000000000a485 .LASF5362
     /tmp/ccWZZQZf.s:97060  .debug_str:00000000000219c5 .LASF5363
     /tmp/ccWZZQZf.s:91136  .debug_str:00000000000093b3 .LASF5364
     /tmp/ccWZZQZf.s:91302  .debug_str:0000000000009f15 .LASF5365
     /tmp/ccWZZQZf.s:97482  .debug_str:00000000000235f3 .LASF5366
     /tmp/ccWZZQZf.s:89228  .debug_str:0000000000001103 .LASF5367
     /tmp/ccWZZQZf.s:93136  .debug_str:00000000000111b3 .LASF5368
     /tmp/ccWZZQZf.s:96114  .debug_str:000000000001d823 .LASF5369
     /tmp/ccWZZQZf.s:102104  .debug_str:0000000000035fae .LASF5370
     /tmp/ccWZZQZf.s:95012  .debug_str:0000000000018acb .LASF5371
     /tmp/ccWZZQZf.s:96314  .debug_str:000000000001e5a6 .LASF5372
     /tmp/ccWZZQZf.s:95782  .debug_str:000000000001c133 .LASF5373
     /tmp/ccWZZQZf.s:104002  .debug_str:000000000003d7ff .LASF5374
     /tmp/ccWZZQZf.s:89780  .debug_str:00000000000037c5 .LASF5375
     /tmp/ccWZZQZf.s:90330  .debug_str:0000000000005d9a .LASF5376
     /tmp/ccWZZQZf.s:106990  .debug_str:0000000000049e81 .LASF5377
     /tmp/ccWZZQZf.s:91008  .debug_str:0000000000008b2b .LASF5378
     /tmp/ccWZZQZf.s:103642  .debug_str:000000000003bfa1 .LASF5379
     /tmp/ccWZZQZf.s:101586  .debug_str:0000000000033d2a .LASF5380
     /tmp/ccWZZQZf.s:105182  .debug_str:00000000000427a7 .LASF5381
     /tmp/ccWZZQZf.s:101920  .debug_str:00000000000353b4 .LASF5382
     /tmp/ccWZZQZf.s:99340  .debug_str:000000000002aa41 .LASF5384
     /tmp/ccWZZQZf.s:93860  .debug_str:00000000000140d7 .LASF5385
     /tmp/ccWZZQZf.s:102118  .debug_str:00000000000360be .LASF5386
     /tmp/ccWZZQZf.s:91338  .debug_str:000000000000a0eb .LASF5387
     /tmp/ccWZZQZf.s:88992  .debug_str:0000000000000118 .LASF5388
     /tmp/ccWZZQZf.s:108024  .debug_str:000000000004e668 .LASF5389
     /tmp/ccWZZQZf.s:100226  .debug_str:000000000002e1f0 .LASF5390
     /tmp/ccWZZQZf.s:96852  .debug_str:0000000000020c60 .LASF5391
     /tmp/ccWZZQZf.s:101242  .debug_str:00000000000326ad .LASF5392
     /tmp/ccWZZQZf.s:104860  .debug_str:0000000000041159 .LASF5393
     /tmp/ccWZZQZf.s:99624  .debug_str:000000000002bc63 .LASF5394
     /tmp/ccWZZQZf.s:91926  .debug_str:000000000000c9fd .LASF5395
     /tmp/ccWZZQZf.s:93922  .debug_str:000000000001448d .LASF5396
     /tmp/ccWZZQZf.s:96362  .debug_str:000000000001e945 .LASF5397
     /tmp/ccWZZQZf.s:102578  .debug_str:0000000000037c85 .LASF5398
     /tmp/ccWZZQZf.s:89520  .debug_str:0000000000002576 .LASF5399
     /tmp/ccWZZQZf.s:95656  .debug_str:000000000001b831 .LASF5400
     /tmp/ccWZZQZf.s:101848  .debug_str:0000000000034f2a .LASF5401
     /tmp/ccWZZQZf.s:94560  .debug_str:0000000000016d4c .LASF5402
     /tmp/ccWZZQZf.s:101778  .debug_str:00000000000349be .LASF5403
     /tmp/ccWZZQZf.s:103984  .debug_str:000000000003d69d .LASF5404
     /tmp/ccWZZQZf.s:92464  .debug_str:000000000000e99d .LASF5405
     /tmp/ccWZZQZf.s:106650  .debug_str:000000000004875a .LASF5406
     /tmp/ccWZZQZf.s:91282  .debug_str:0000000000009da0 .LASF5407
     /tmp/ccWZZQZf.s:106406  .debug_str:0000000000047608 .LASF5408
     /tmp/ccWZZQZf.s:104178  .debug_str:000000000003e37b .LASF5409
     /tmp/ccWZZQZf.s:91708  .debug_str:000000000000bba7 .LASF5410
     /tmp/ccWZZQZf.s:94510  .debug_str:0000000000016985 .LASF5411
     /tmp/ccWZZQZf.s:97888  .debug_str:0000000000024d70 .LASF5412
     /tmp/ccWZZQZf.s:90824  .debug_str:0000000000007e4d .LASF5413
     /tmp/ccWZZQZf.s:107742  .debug_str:000000000004d3e9 .LASF5414
     /tmp/ccWZZQZf.s:91490  .debug_str:000000000000ab63 .LASF5415
     /tmp/ccWZZQZf.s:100586  .debug_str:000000000002fb84 .LASF5416
     /tmp/ccWZZQZf.s:98750  .debug_str:0000000000028480 .LASF5417
     /tmp/ccWZZQZf.s:98048  .debug_str:0000000000025544 .LASF5418
     /tmp/ccWZZQZf.s:92910  .debug_str:00000000000103fe .LASF5419
     /tmp/ccWZZQZf.s:93760  .debug_str:0000000000013ac1 .LASF5420
     /tmp/ccWZZQZf.s:91618  .debug_str:000000000000b4f4 .LASF5421
     /tmp/ccWZZQZf.s:97196  .debug_str:0000000000022267 .LASF5422
     /tmp/ccWZZQZf.s:106624  .debug_str:00000000000485d5 .LASF5423
     /tmp/ccWZZQZf.s:103500  .debug_str:000000000003b657 .LASF5424
     /tmp/ccWZZQZf.s:102408  .debug_str:00000000000372d9 .LASF5425
     /tmp/ccWZZQZf.s:102678  .debug_str:00000000000381b2 .LASF5426
     /tmp/ccWZZQZf.s:93804  .debug_str:0000000000013d56 .LASF5427
     /tmp/ccWZZQZf.s:94158  .debug_str:000000000001531d .LASF5428
     /tmp/ccWZZQZf.s:106738  .debug_str:0000000000048cbd .LASF5429
     /tmp/ccWZZQZf.s:106848  .debug_str:000000000004944e .LASF5430
     /tmp/ccWZZQZf.s:105088  .debug_str:0000000000042098 .LASF5431
     /tmp/ccWZZQZf.s:90390  .debug_str:000000000000617f .LASF5432
     /tmp/ccWZZQZf.s:98472  .debug_str:0000000000027211 .LASF5433
     /tmp/ccWZZQZf.s:98538  .debug_str:000000000002764d .LASF5434
     /tmp/ccWZZQZf.s:96740  .debug_str:000000000002050e .LASF5435
     /tmp/ccWZZQZf.s:104888  .debug_str:00000000000413d3 .LASF5436
     /tmp/ccWZZQZf.s:102952  .debug_str:0000000000038fed .LASF5437
     /tmp/ccWZZQZf.s:92584  .debug_str:000000000000f0be .LASF5438
     /tmp/ccWZZQZf.s:98602  .debug_str:0000000000027a5c .LASF5439
     /tmp/ccWZZQZf.s:106790  .debug_str:0000000000049059 .LASF5440
     /tmp/ccWZZQZf.s:96626  .debug_str:000000000001fcb7 .LASF5441
     /tmp/ccWZZQZf.s:97834  .debug_str:0000000000024a85 .LASF5442
     /tmp/ccWZZQZf.s:106212  .debug_str:00000000000469dd .LASF5443
     /tmp/ccWZZQZf.s:103232  .debug_str:000000000003a349 .LASF5444
     /tmp/ccWZZQZf.s:97592  .debug_str:0000000000023dd1 .LASF5445
     /tmp/ccWZZQZf.s:90662  .debug_str:000000000000745e .LASF5446
     /tmp/ccWZZQZf.s:99448  .debug_str:000000000002b0db .LASF5447
     /tmp/ccWZZQZf.s:107292  .debug_str:000000000004b2e7 .LASF5448
     /tmp/ccWZZQZf.s:93268  .debug_str:0000000000011af9 .LASF5449
     /tmp/ccWZZQZf.s:105776  .debug_str:0000000000044dc9 .LASF5450
     /tmp/ccWZZQZf.s:89026  .debug_str:0000000000000360 .LASF5451
     /tmp/ccWZZQZf.s:106102  .debug_str:00000000000461ee .LASF5452
     /tmp/ccWZZQZf.s:90896  .debug_str:00000000000083a1 .LASF5453
     /tmp/ccWZZQZf.s:103002  .debug_str:00000000000393a5 .LASF5454
     /tmp/ccWZZQZf.s:95970  .debug_str:000000000001cdb4 .LASF5455
     /tmp/ccWZZQZf.s:95798  .debug_str:000000000001c270 .LASF5456
     /tmp/ccWZZQZf.s:100392  .debug_str:000000000002ed7d .LASF5457
     /tmp/ccWZZQZf.s:91872  .debug_str:000000000000c665 .LASF5458
     /tmp/ccWZZQZf.s:96048  .debug_str:000000000001d34e .LASF5459
     /tmp/ccWZZQZf.s:100854  .debug_str:0000000000030c4a .LASF5460
     /tmp/ccWZZQZf.s:106428  .debug_str:00000000000477a3 .LASF5461
     /tmp/ccWZZQZf.s:96388  .debug_str:000000000001eb5b .LASF5462
     /tmp/ccWZZQZf.s:95076  .debug_str:0000000000018f3e .LASF5463
     /tmp/ccWZZQZf.s:98634  .debug_str:0000000000027c59 .LASF5464
     /tmp/ccWZZQZf.s:97074  .debug_str:0000000000021b04 .LASF5465
     /tmp/ccWZZQZf.s:101476  .debug_str:00000000000335cc .LASF5466
     /tmp/ccWZZQZf.s:91600  .debug_str:000000000000b3f3 .LASF5467
     /tmp/ccWZZQZf.s:99580  .debug_str:000000000002b9cb .LASF5468
     /tmp/ccWZZQZf.s:106586  .debug_str:0000000000048338 .LASF5469
     /tmp/ccWZZQZf.s:103940  .debug_str:000000000003d3fb .LASF5470
     /tmp/ccWZZQZf.s:93252  .debug_str:0000000000011a06 .LASF5471
     /tmp/ccWZZQZf.s:105714  .debug_str:0000000000044995 .LASF5472
     /tmp/ccWZZQZf.s:89000  .debug_str:00000000000001a3 .LASF5473
     /tmp/ccWZZQZf.s:92048  .debug_str:000000000000d22f .LASF5474
     /tmp/ccWZZQZf.s:94130  .debug_str:0000000000015109 .LASF5475
     /tmp/ccWZZQZf.s:101832  .debug_str:0000000000034e31 .LASF5476
     /tmp/ccWZZQZf.s:90146  .debug_str:00000000000050c2 .LASF5477
     /tmp/ccWZZQZf.s:106426  .debug_str:000000000004778a .LASF5478
     /tmp/ccWZZQZf.s:89122  .debug_str:0000000000000a46 .LASF5479
     /tmp/ccWZZQZf.s:106208  .debug_str:000000000004698c .LASF5480
     /tmp/ccWZZQZf.s:102640  .debug_str:0000000000037f27 .LASF5481
     /tmp/ccWZZQZf.s:100796  .debug_str:000000000003083a .LASF5482
     /tmp/ccWZZQZf.s:97956  .debug_str:00000000000250cc .LASF5483
     /tmp/ccWZZQZf.s:97688  .debug_str:0000000000024338 .LASF5484
     /tmp/ccWZZQZf.s:95648  .debug_str:000000000001b7cb .LASF5485
     /tmp/ccWZZQZf.s:93434  .debug_str:000000000001255d .LASF5486
     /tmp/ccWZZQZf.s:104338  .debug_str:000000000003ed86 .LASF5487
     /tmp/ccWZZQZf.s:104202  .debug_str:000000000003e4b1 .LASF5488
     /tmp/ccWZZQZf.s:93758  .debug_str:0000000000013ab6 .LASF5489
     /tmp/ccWZZQZf.s:89900  .debug_str:0000000000004021 .LASF5490
     /tmp/ccWZZQZf.s:100560  .debug_str:000000000002f95f .LASF5491
     /tmp/ccWZZQZf.s:91620  .debug_str:000000000000b50d .LASF5492
     /tmp/ccWZZQZf.s:102390  .debug_str:0000000000037199 .LASF5493
     /tmp/ccWZZQZf.s:95778  .debug_str:000000000001c0fd .LASF5494
     /tmp/ccWZZQZf.s:103720  .debug_str:000000000003c478 .LASF5495
     /tmp/ccWZZQZf.s:97186  .debug_str:00000000000221c9 .LASF5496
     /tmp/ccWZZQZf.s:96582  .debug_str:000000000001f95d .LASF5497
     /tmp/ccWZZQZf.s:102832  .debug_str:0000000000038993 .LASF5498
     /tmp/ccWZZQZf.s:98254  .debug_str:0000000000026352 .LASF5499
     /tmp/ccWZZQZf.s:107076  .debug_str:000000000004a420 .LASF5500
     /tmp/ccWZZQZf.s:105290  .debug_str:0000000000042e38 .LASF5501
     /tmp/ccWZZQZf.s:89350  .debug_str:0000000000001931 .LASF5502
     /tmp/ccWZZQZf.s:107532  .debug_str:000000000004c4eb .LASF5503
     /tmp/ccWZZQZf.s:99282  .debug_str:000000000002a5cf .LASF5504
     /tmp/ccWZZQZf.s:104766  .debug_str:0000000000040b04 .LASF5505
     /tmp/ccWZZQZf.s:89224  .debug_str:00000000000010db .LASF5506
     /tmp/ccWZZQZf.s:97864  .debug_str:0000000000024c42 .LASF5507
     /tmp/ccWZZQZf.s:106438  .debug_str:0000000000047855 .LASF5508
     /tmp/ccWZZQZf.s:95040  .debug_str:0000000000018c98 .LASF5509
     /tmp/ccWZZQZf.s:94086  .debug_str:0000000000014e71 .LASF5510
     /tmp/ccWZZQZf.s:93256  .debug_str:0000000000011a2c .LASF5511
     /tmp/ccWZZQZf.s:107096  .debug_str:000000000004a591 .LASF5512
     /tmp/ccWZZQZf.s:93088  .debug_str:0000000000010f3c .LASF5513
     /tmp/ccWZZQZf.s:99866  .debug_str:000000000002cb56 .LASF5514
     /tmp/ccWZZQZf.s:93820  .debug_str:0000000000013e77 .LASF5515
     /tmp/ccWZZQZf.s:93158  .debug_str:00000000000112fb .LASF5516
     /tmp/ccWZZQZf.s:98170  .debug_str:0000000000025d2c .LASF5517
     /tmp/ccWZZQZf.s:92638  .debug_str:000000000000f3b0 .LASF5518
     /tmp/ccWZZQZf.s:99162  .debug_str:0000000000029eba .LASF5519
     /tmp/ccWZZQZf.s:92340  .debug_str:000000000000e3aa .LASF5520
     /tmp/ccWZZQZf.s:96496  .debug_str:000000000001f2b1 .LASF5521
     /tmp/ccWZZQZf.s:90476  .debug_str:0000000000006767 .LASF5522
     /tmp/ccWZZQZf.s:89842  .debug_str:0000000000003bed .LASF5523
     /tmp/ccWZZQZf.s:102512  .debug_str:0000000000037927 .LASF5524
     /tmp/ccWZZQZf.s:104572  .debug_str:000000000003fd6d .LASF5525
     /tmp/ccWZZQZf.s:98508  .debug_str:000000000002743e .LASF5526
     /tmp/ccWZZQZf.s:104994  .debug_str:00000000000419d7 .LASF5527
     /tmp/ccWZZQZf.s:107716  .debug_str:000000000004d1bc .LASF5528
     /tmp/ccWZZQZf.s:106890  .debug_str:00000000000496ff .LASF5529
     /tmp/ccWZZQZf.s:104484  .debug_str:000000000003f6d1 .LASF5530
     /tmp/ccWZZQZf.s:89218  .debug_str:0000000000001067 .LASF5531
     /tmp/ccWZZQZf.s:102816  .debug_str:0000000000038877 .LASF5532
     /tmp/ccWZZQZf.s:97766  .debug_str:0000000000024734 .LASF5533
     /tmp/ccWZZQZf.s:105452  .debug_str:000000000004394e .LASF5534
     /tmp/ccWZZQZf.s:99876  .debug_str:000000000002cbe7 .LASF5535
     /tmp/ccWZZQZf.s:101928  .debug_str:0000000000035486 .LASF5536
     /tmp/ccWZZQZf.s:101684  .debug_str:0000000000034344 .LASF5537
     /tmp/ccWZZQZf.s:100728  .debug_str:0000000000030437 .LASF5538
     /tmp/ccWZZQZf.s:103266  .debug_str:000000000003a62f .LASF5539
     /tmp/ccWZZQZf.s:89060  .debug_str:00000000000005f7 .LASF5540
     /tmp/ccWZZQZf.s:106758  .debug_str:0000000000048e25 .LASF5541
     /tmp/ccWZZQZf.s:101038  .debug_str:00000000000318dd .LASF5542
     /tmp/ccWZZQZf.s:103350  .debug_str:000000000003ab0e .LASF5543
     /tmp/ccWZZQZf.s:104558  .debug_str:000000000003fc7b .LASF5544
     /tmp/ccWZZQZf.s:100466  .debug_str:000000000002f2a1 .LASF5545
     /tmp/ccWZZQZf.s:106554  .debug_str:00000000000480bb .LASF5546
     /tmp/ccWZZQZf.s:107594  .debug_str:000000000004c982 .LASF5547
     /tmp/ccWZZQZf.s:98842  .debug_str:00000000000289ea .LASF5548
     /tmp/ccWZZQZf.s:93686  .debug_str:000000000001364f .LASF5550
     /tmp/ccWZZQZf.s:103666  .debug_str:000000000003c162 .LASF5551
     /tmp/ccWZZQZf.s:104624  .debug_str:000000000004017c .LASF5552
     /tmp/ccWZZQZf.s:99558  .debug_str:000000000002b7da .LASF5553
     /tmp/ccWZZQZf.s:105228  .debug_str:0000000000042a9c .LASF5554
     /tmp/ccWZZQZf.s:101882  .debug_str:0000000000035131 .LASF5555
     /tmp/ccWZZQZf.s:100378  .debug_str:000000000002ecb9 .LASF5556
     /tmp/ccWZZQZf.s:97582  .debug_str:0000000000023d38 .LASF5557
     /tmp/ccWZZQZf.s:89384  .debug_str:0000000000001c09 .LASF5558
     /tmp/ccWZZQZf.s:93034  .debug_str:0000000000010b31 .LASF5559
     /tmp/ccWZZQZf.s:96686  .debug_str:00000000000201e9 .LASF5560
     /tmp/ccWZZQZf.s:98798  .debug_str:000000000002881d .LASF5561
     /tmp/ccWZZQZf.s:105416  .debug_str:00000000000436f0 .LASF5562
     /tmp/ccWZZQZf.s:100674  .debug_str:0000000000030113 .LASF5563
     /tmp/ccWZZQZf.s:95704  .debug_str:000000000001bbbd .LASF5564
     /tmp/ccWZZQZf.s:104198  .debug_str:000000000003e488 .LASF5565
     /tmp/ccWZZQZf.s:107386  .debug_str:000000000004b95a .LASF5566
     /tmp/ccWZZQZf.s:107308  .debug_str:000000000004b443 .LASF5567
     /tmp/ccWZZQZf.s:103856  .debug_str:000000000003ce3e .LASF5568
     /tmp/ccWZZQZf.s:95910  .debug_str:000000000001c96b .LASF5569
     /tmp/ccWZZQZf.s:89500  .debug_str:0000000000002402 .LASF5570
     /tmp/ccWZZQZf.s:91088  .debug_str:00000000000090c1 .LASF5572
     /tmp/ccWZZQZf.s:100786  .debug_str:0000000000030764 .LASF5573
     /tmp/ccWZZQZf.s:95320  .debug_str:000000000001a063 .LASF5574
     /tmp/ccWZZQZf.s:98572  .debug_str:0000000000027826 .LASF5575
     /tmp/ccWZZQZf.s:103310  .debug_str:000000000003a872 .LASF5576
     /tmp/ccWZZQZf.s:106528  .debug_str:0000000000047ef0 .LASF5577
     /tmp/ccWZZQZf.s:95870  .debug_str:000000000001c6c7 .LASF5578
     /tmp/ccWZZQZf.s:89806  .debug_str:00000000000039c7 .LASF5579
     /tmp/ccWZZQZf.s:93904  .debug_str:0000000000014386 .LASF5580
     /tmp/ccWZZQZf.s:96870  .debug_str:0000000000020d8b .LASF5581
     /tmp/ccWZZQZf.s:104228  .debug_str:000000000003e663 .LASF5582
     /tmp/ccWZZQZf.s:103702  .debug_str:000000000003c371 .LASF5583
     /tmp/ccWZZQZf.s:94046  .debug_str:0000000000014bc3 .LASF5584
     /tmp/ccWZZQZf.s:89740  .debug_str:0000000000003507 .LASF5585
     /tmp/ccWZZQZf.s:89332  .debug_str:0000000000001825 .LASF5586
     /tmp/ccWZZQZf.s:97178  .debug_str:000000000002212f .LASF5587
     /tmp/ccWZZQZf.s:106566  .debug_str:00000000000481fc .LASF5588
     /tmp/ccWZZQZf.s:107944  .debug_str:000000000004e118 .LASF5589
     /tmp/ccWZZQZf.s:101128  .debug_str:0000000000031f36 .LASF5590
     /tmp/ccWZZQZf.s:98550  .debug_str:00000000000276d3 .LASF5591
     /tmp/ccWZZQZf.s:106574  .debug_str:000000000004829c .LASF5592
     /tmp/ccWZZQZf.s:92570  .debug_str:000000000000efb4 .LASF5593
     /tmp/ccWZZQZf.s:105236  .debug_str:0000000000042afa .LASF5594
     /tmp/ccWZZQZf.s:89564  .debug_str:000000000000291e .LASF5595
     /tmp/ccWZZQZf.s:91448  .debug_str:000000000000a885 .LASF5596
     /tmp/ccWZZQZf.s:107900  .debug_str:000000000004ddb8 .LASF5597
     /tmp/ccWZZQZf.s:107484  .debug_str:000000000004c07a .LASF5598
     /tmp/ccWZZQZf.s:102592  .debug_str:0000000000037d6a .LASF5600
     /tmp/ccWZZQZf.s:97296  .debug_str:000000000002291d .LASF5601
     /tmp/ccWZZQZf.s:100738  .debug_str:00000000000304c2 .LASF5602
     /tmp/ccWZZQZf.s:95262  .debug_str:0000000000019c64 .LASF5603
     /tmp/ccWZZQZf.s:90606  .debug_str:0000000000007103 .LASF5604
     /tmp/ccWZZQZf.s:97246  .debug_str:000000000002262d .LASF5605
     /tmp/ccWZZQZf.s:90980  .debug_str:00000000000088f3 .LASF5606
     /tmp/ccWZZQZf.s:106196  .debug_str:00000000000468c5 .LASF5607
     /tmp/ccWZZQZf.s:93468  .debug_str:00000000000127a6 .LASF5608
     /tmp/ccWZZQZf.s:102562  .debug_str:0000000000037b97 .LASF5609
     /tmp/ccWZZQZf.s:97164  .debug_str:000000000002202b .LASF5610
     /tmp/ccWZZQZf.s:93652  .debug_str:000000000001343a .LASF5611
     /tmp/ccWZZQZf.s:90194  .debug_str:000000000000545f .LASF5612
     /tmp/ccWZZQZf.s:106696  .debug_str:0000000000048a3c .LASF5613
     /tmp/ccWZZQZf.s:90368  .debug_str:000000000000601e .LASF5614
     /tmp/ccWZZQZf.s:101224  .debug_str:00000000000325bf .LASF5615
     /tmp/ccWZZQZf.s:93802  .debug_str:0000000000013d4a .LASF5616
     /tmp/ccWZZQZf.s:94664  .debug_str:00000000000174fb .LASF5617
     /tmp/ccWZZQZf.s:105192  .debug_str:0000000000042834 .LASF5618
     /tmp/ccWZZQZf.s:101552  .debug_str:0000000000033a7e .LASF5620
     /tmp/ccWZZQZf.s:91508  .debug_str:000000000000acd8 .LASF5621
     /tmp/ccWZZQZf.s:104430  .debug_str:000000000003f35b .LASF5622
     /tmp/ccWZZQZf.s:90618  .debug_str:00000000000071b4 .LASF5623
     /tmp/ccWZZQZf.s:102828  .debug_str:0000000000038945 .LASF5624
     /tmp/ccWZZQZf.s:95380  .debug_str:000000000001a507 .LASF5625
     /tmp/ccWZZQZf.s:95290  .debug_str:0000000000019e38 .LASF5626
     /tmp/ccWZZQZf.s:105926  .debug_str:0000000000045652 .LASF5627
     /tmp/ccWZZQZf.s:97850  .debug_str:0000000000024b37 .LASF5628
     /tmp/ccWZZQZf.s:90012  .debug_str:0000000000004819 .LASF5629
     /tmp/ccWZZQZf.s:94230  .debug_str:00000000000157ff .LASF5630
     /tmp/ccWZZQZf.s:104492  .debug_str:000000000003f766 .LASF5631
     /tmp/ccWZZQZf.s:101024  .debug_str:000000000003183c .LASF5632
     /tmp/ccWZZQZf.s:96728  .debug_str:0000000000020448 .LASF5633
     /tmp/ccWZZQZf.s:90126  .debug_str:0000000000004f9a .LASF5634
     /tmp/ccWZZQZf.s:93312  .debug_str:0000000000011e3c .LASF5635
     /tmp/ccWZZQZf.s:101140  .debug_str:0000000000032028 .LASF5636
     /tmp/ccWZZQZf.s:94764  .debug_str:0000000000017aff .LASF5637
     /tmp/ccWZZQZf.s:93914  .debug_str:0000000000014425 .LASF5638
     /tmp/ccWZZQZf.s:94942  .debug_str:00000000000185a7 .LASF5639
     /tmp/ccWZZQZf.s:104290  .debug_str:000000000003ea93 .LASF5640
     /tmp/ccWZZQZf.s:105612  .debug_str:000000000004433d .LASF5641
     /tmp/ccWZZQZf.s:91354  .debug_str:000000000000a22b .LASF5642
     /tmp/ccWZZQZf.s:92642  .debug_str:000000000000f409 .LASF5643
     /tmp/ccWZZQZf.s:98474  .debug_str:000000000002722a .LASF5644
     /tmp/ccWZZQZf.s:97026  .debug_str:00000000000217fc .LASF5645
     /tmp/ccWZZQZf.s:105264  .debug_str:0000000000042c81 .LASF5646
     /tmp/ccWZZQZf.s:105384  .debug_str:0000000000043486 .LASF5647
     /tmp/ccWZZQZf.s:92550  .debug_str:000000000000ee87 .LASF5648
     /tmp/ccWZZQZf.s:106680  .debug_str:0000000000048901 .LASF5649
     /tmp/ccWZZQZf.s:94596  .debug_str:0000000000016ff0 .LASF5650
     /tmp/ccWZZQZf.s:92634  .debug_str:000000000000f367 .LASF5651
     /tmp/ccWZZQZf.s:96788  .debug_str:00000000000207b5 .LASF5652
     /tmp/ccWZZQZf.s:101442  .debug_str:000000000003337d .LASF5653
     /tmp/ccWZZQZf.s:99240  .debug_str:000000000002a3d7 .LASF5654
     /tmp/ccWZZQZf.s:92766  .debug_str:000000000000fc2b .LASF5655
     /tmp/ccWZZQZf.s:90050  .debug_str:0000000000004ae4 .LASF5656
     /tmp/ccWZZQZf.s:103958  .debug_str:000000000003d535 .LASF5657
     /tmp/ccWZZQZf.s:92750  .debug_str:000000000000fb10 .LASF5658
     /tmp/ccWZZQZf.s:90530  .debug_str:0000000000006b85 .LASF5659
     /tmp/ccWZZQZf.s:97868  .debug_str:0000000000024c73 .LASF5660
     /tmp/ccWZZQZf.s:95132  .debug_str:00000000000192ec .LASF5661
     /tmp/ccWZZQZf.s:92044  .debug_str:000000000000d208 .LASF5662
     /tmp/ccWZZQZf.s:89542  .debug_str:000000000000274d .LASF5663
     /tmp/ccWZZQZf.s:94270  .debug_str:00000000000159e0 .LASF5664
     /tmp/ccWZZQZf.s:104778  .debug_str:0000000000040ba5 .LASF5665
     /tmp/ccWZZQZf.s:106288  .debug_str:0000000000046e80 .LASF5666
     /tmp/ccWZZQZf.s:100174  .debug_str:000000000002def9 .LASF5667
     /tmp/ccWZZQZf.s:89402  .debug_str:0000000000001d2a .LASF5668
     /tmp/ccWZZQZf.s:98242  .debug_str:0000000000026272 .LASF5669
     /tmp/ccWZZQZf.s:100740  .debug_str:00000000000304ce .LASF5670
     /tmp/ccWZZQZf.s:91752  .debug_str:000000000000be61 .LASF5671
     /tmp/ccWZZQZf.s:98410  .debug_str:0000000000026d6c .LASF5672
     /tmp/ccWZZQZf.s:99498  .debug_str:000000000002b46a .LASF5673
     /tmp/ccWZZQZf.s:104238  .debug_str:000000000003e6f8 .LASF5674
     /tmp/ccWZZQZf.s:96130  .debug_str:000000000001d941 .LASF5675
     /tmp/ccWZZQZf.s:101320  .debug_str:0000000000032b47 .LASF5676
     /tmp/ccWZZQZf.s:97346  .debug_str:0000000000022ca1 .LASF5677
     /tmp/ccWZZQZf.s:91260  .debug_str:0000000000009c0d .LASF5678
     /tmp/ccWZZQZf.s:106252  .debug_str:0000000000046c3f .LASF5679
     /tmp/ccWZZQZf.s:92712  .debug_str:000000000000f89c .LASF5680
     /tmp/ccWZZQZf.s:94006  .debug_str:0000000000014953 .LASF5681
     /tmp/ccWZZQZf.s:95764  .debug_str:000000000001bfaf .LASF5682
     /tmp/ccWZZQZf.s:90204  .debug_str:000000000000556e .LASF5683
     /tmp/ccWZZQZf.s:101002  .debug_str:0000000000031672 .LASF5684
     /tmp/ccWZZQZf.s:106662  .debug_str:00000000000487e4 .LASF5685
     /tmp/ccWZZQZf.s:96332  .debug_str:000000000001e6e1 .LASF5686
     /tmp/ccWZZQZf.s:94488  .debug_str:0000000000016845 .LASF5687
     /tmp/ccWZZQZf.s:105976  .debug_str:0000000000045a3d .LASF5688
     /tmp/ccWZZQZf.s:104106  .debug_str:000000000003de47 .LASF5689
     /tmp/ccWZZQZf.s:95064  .debug_str:0000000000018e5a .LASF5690
     /tmp/ccWZZQZf.s:92010  .debug_str:000000000000cfc7 .LASF5691
     /tmp/ccWZZQZf.s:97460  .debug_str:0000000000023474 .LASF5692
     /tmp/ccWZZQZf.s:91398  .debug_str:000000000000a535 .LASF5693
     /tmp/ccWZZQZf.s:98346  .debug_str:0000000000026894 .LASF5694
     /tmp/ccWZZQZf.s:103060  .debug_str:00000000000397b2 .LASF5695
     /tmp/ccWZZQZf.s:94162  .debug_str:0000000000015356 .LASF5696
     /tmp/ccWZZQZf.s:99708  .debug_str:000000000002c1c7 .LASF5697
     /tmp/ccWZZQZf.s:90394  .debug_str:00000000000061be .LASF5698
     /tmp/ccWZZQZf.s:100194  .debug_str:000000000002e044 .LASF5699
     /tmp/ccWZZQZf.s:105466  .debug_str:0000000000043a26 .LASF5700
     /tmp/ccWZZQZf.s:89932  .debug_str:00000000000042e1 .LASF5701
     /tmp/ccWZZQZf.s:90420  .debug_str:0000000000006374 .LASF5702
     /tmp/ccWZZQZf.s:91744  .debug_str:000000000000bda9 .LASF5703
     /tmp/ccWZZQZf.s:92068  .debug_str:000000000000d390 .LASF5704
     /tmp/ccWZZQZf.s:103834  .debug_str:000000000003cc98 .LASF5705
     /tmp/ccWZZQZf.s:89924  .debug_str:0000000000004215 .LASF5706
     /tmp/ccWZZQZf.s:102992  .debug_str:00000000000392e9 .LASF5707
     /tmp/ccWZZQZf.s:105614  .debug_str:0000000000044350 .LASF5708
     /tmp/ccWZZQZf.s:98814  .debug_str:00000000000288e9 .LASF5709
     /tmp/ccWZZQZf.s:103068  .debug_str:000000000003983a .LASF5710
     /tmp/ccWZZQZf.s:95440  .debug_str:000000000001a957 .LASF5711
     /tmp/ccWZZQZf.s:102984  .debug_str:000000000003928b .LASF5712
     /tmp/ccWZZQZf.s:99150  .debug_str:0000000000029de2 .LASF5713
     /tmp/ccWZZQZf.s:104966  .debug_str:00000000000417f1 .LASF5714
     /tmp/ccWZZQZf.s:91638  .debug_str:000000000000b6ae .LASF5715
     /tmp/ccWZZQZf.s:90970  .debug_str:0000000000008879 .LASF5716
     /tmp/ccWZZQZf.s:98198  .debug_str:0000000000025f76 .LASF5717
     /tmp/ccWZZQZf.s:89418  .debug_str:0000000000001e15 .LASF5718
     /tmp/ccWZZQZf.s:98014  .debug_str:0000000000025310 .LASF5719
     /tmp/ccWZZQZf.s:98114  .debug_str:0000000000025960 .LASF5720
     /tmp/ccWZZQZf.s:101280  .debug_str:0000000000032997 .LASF5721
     /tmp/ccWZZQZf.s:105184  .debug_str:00000000000427cc .LASF5722
     /tmp/ccWZZQZf.s:104310  .debug_str:000000000003ebd3 .LASF5723
     /tmp/ccWZZQZf.s:93532  .debug_str:0000000000012c0d .LASF5724
     /tmp/ccWZZQZf.s:98964  .debug_str:000000000002923b .LASF5725
     /tmp/ccWZZQZf.s:101814  .debug_str:0000000000034cb1 .LASF5726
     /tmp/ccWZZQZf.s:104902  .debug_str:00000000000414c4 .LASF5727
     /tmp/ccWZZQZf.s:95410  .debug_str:000000000001a755 .LASF5728
     /tmp/ccWZZQZf.s:91250  .debug_str:0000000000009b96 .LASF5729
     /tmp/ccWZZQZf.s:105352  .debug_str:0000000000043281 .LASF5730
     /tmp/ccWZZQZf.s:89920  .debug_str:00000000000041b3 .LASF5731
     /tmp/ccWZZQZf.s:90448  .debug_str:0000000000006548 .LASF5732
     /tmp/ccWZZQZf.s:99748  .debug_str:000000000002c40d .LASF5733
     /tmp/ccWZZQZf.s:107438  .debug_str:000000000004bc98 .LASF5734
     /tmp/ccWZZQZf.s:95944  .debug_str:000000000001cc22 .LASF5735
     /tmp/ccWZZQZf.s:98274  .debug_str:00000000000264ad .LASF5736
     /tmp/ccWZZQZf.s:97420  .debug_str:0000000000023209 .LASF5737
     /tmp/ccWZZQZf.s:94188  .debug_str:0000000000015504 .LASF5738
     /tmp/ccWZZQZf.s:105762  .debug_str:0000000000044ca1 .LASF5739
     /tmp/ccWZZQZf.s:88988  .debug_str:00000000000000ad .LASF5740
     /tmp/ccWZZQZf.s:103628  .debug_str:000000000003bece .LASF5741
     /tmp/ccWZZQZf.s:92578  .debug_str:000000000000f042 .LASF5742
     /tmp/ccWZZQZf.s:103632  .debug_str:000000000003bf0f .LASF5743
     /tmp/ccWZZQZf.s:103892  .debug_str:000000000003d0ee .LASF5744
     /tmp/ccWZZQZf.s:97000  .debug_str:00000000000216ba .LASF5745
     /tmp/ccWZZQZf.s:97870  .debug_str:0000000000024c8b .LASF5746
     /tmp/ccWZZQZf.s:90244  .debug_str:000000000000588a .LASF5747
     /tmp/ccWZZQZf.s:90634  .debug_str:000000000000728b .LASF5748
     /tmp/ccWZZQZf.s:91296  .debug_str:0000000000009ec3 .LASF5749
     /tmp/ccWZZQZf.s:100484  .debug_str:000000000002f40e .LASF5750
     /tmp/ccWZZQZf.s:105778  .debug_str:0000000000044de6 .LASF5751
     /tmp/ccWZZQZf.s:105244  .debug_str:0000000000042b4b .LASF5752
     /tmp/ccWZZQZf.s:90588  .debug_str:0000000000006f8b .LASF5753
     /tmp/ccWZZQZf.s:100666  .debug_str:0000000000030075 .LASF5754
     /tmp/ccWZZQZf.s:89790  .debug_str:0000000000003874 .LASF5755
     /tmp/ccWZZQZf.s:101510  .debug_str:0000000000033770 .LASF5756
     /tmp/ccWZZQZf.s:101456  .debug_str:000000000003346f .LASF5757
     /tmp/ccWZZQZf.s:102428  .debug_str:00000000000374bc .LASF5758
     /tmp/ccWZZQZf.s:90858  .debug_str:00000000000080e7 .LASF5759
     /tmp/ccWZZQZf.s:93548  .debug_str:0000000000012da1 .LASF5760
     /tmp/ccWZZQZf.s:96540  .debug_str:000000000001f5e2 .LASF5761
     /tmp/ccWZZQZf.s:95930  .debug_str:000000000001caff .LASF5762
     /tmp/ccWZZQZf.s:98720  .debug_str:0000000000028209 .LASF5763
     /tmp/ccWZZQZf.s:107590  .debug_str:000000000004c919 .LASF5764
     /tmp/ccWZZQZf.s:104692  .debug_str:0000000000040675 .LASF5765
     /tmp/ccWZZQZf.s:97594  .debug_str:0000000000023dee .LASF5766
     /tmp/ccWZZQZf.s:95934  .debug_str:000000000001cb3a .LASF5767
     /tmp/ccWZZQZf.s:89720  .debug_str:0000000000003433 .LASF5768
                           .group:0000000000000000 wm4.0.f7b5aef9685edec5249bbd7570880f7e
                           .group:0000000000000000 wm4.stddef.h.39.a38874c8f8a57e66301090908ec2a69f
                           .group:0000000000000000 wm4.stdbool.h.29.07dce69c3b78884144b7f7bd19483461
                           .group:0000000000000000 wm4._newlib_version.h.4.9ba035841e762c3308916a0ce96032e7
                           .group:0000000000000000 wm4.features.h.33.318b64d71e0957639cfb30f1db1f7ec8
                           .group:0000000000000000 wm4._default_types.h.15.61e9869194cab90bdfa4c7fc42203a0e
                           .group:0000000000000000 wm4._intsup.h.10.b28b45fc63caeb010c3f7ee592257700
                           .group:0000000000000000 wm4._stdint.h.10.c24fa3af3bc1706662bb5593a907e841
                           .group:0000000000000000 wm4.stdint.h.23.d53047a68f4a85177f80b422d52785ed
                           .group:0000000000000000 wm4.mss_assert.h.10.f54828af61f4d15c5e0162b6a5c84a60
                           .group:0000000000000000 wm4.mss_legacy_defines.h.20.594d5f03b0f5314e3b2e801d98173479
                           .group:0000000000000000 wm4.mss_beu_def.h.19.f849410d457a56a11edf68024874b76f
                           .group:0000000000000000 wm4.mss_ddr_defs.h.18.224212e3bcbcd97ac31a2f20c30c3b70
                           .group:0000000000000000 wm4.mss_sysreg.h.19.614456a035a0cca3fd9d4348b0740228
                           .group:0000000000000000 wm4.mss_ddr_sgmii_regs.h.5543.4c565db9c25f7d4b45bd9b264c475c73
                           .group:0000000000000000 wm4.mss_io_config.h.18.90215bc7a282e15d1e42d6c6f74bed4e
                           .group:0000000000000000 wm4.mss_pll.h.192.d6d9146a5a36ce9e7f6a5ae2e7816970
                           .group:0000000000000000 wm4.mss_scb_nwc_regs.h.19.92192026ece1a0bf26c7a7af9a56e40a
                           .group:0000000000000000 wm4.mss_sw_config.h.37.50b47aaab5eef0809806cc5dbc8be4fc
                           .group:0000000000000000 wm4.atomic.h.33.7c17fdf64e267483cec1d3aead0473f4
                           .group:0000000000000000 wm4.bits.h.32.2ced66ae3bdb7651edf1ccfb67de7b38
                           .group:0000000000000000 wm4.encoding.h.34.68f898bac6356b153788044b6c29d177
                           .group:0000000000000000 wm4.fpga_design_config.h.28.f7eb28fae6ebd09bf8c2082deeea643c
                           .group:0000000000000000 wm4.hw_memory.h.28.20599cf485f90ffaa97f313798a86238
                           .group:0000000000000000 wm4.hw_apb_split.h.28.a2537f445f7a8784a4f064a3a60be381
                           .group:0000000000000000 wm4.hw_cache.h.28.aa59d0803f1283c480a862ba52ff4d4f
                           .group:0000000000000000 wm4.hw_pmp_hart0.h.28.354eeff78ff2eb91d2783e01dbe4e5a4
                           .group:0000000000000000 wm4.hw_pmp_hart1.h.28.0ab9e64d9d5e4b3cdd2ef9fae2ec18f2
                           .group:0000000000000000 wm4.hw_pmp_hart2.h.28.361fe83e7fd64067a0988f3e9bcd6e5d
                           .group:0000000000000000 wm4.hw_pmp_hart3.h.28.8c3eca8078d58a4979d23ae7fc3ceb35
                           .group:0000000000000000 wm4.hw_pmp_hart4.h.28.f8bf6b50f09effab3f4dfc16a44d5d0e
                           .group:0000000000000000 wm4.hw_mpu_fic0.h.28.3a719367ee0b56c20c7541cca5239296
                           .group:0000000000000000 wm4.hw_mpu_fic1.h.28.35d3b72b131707dc62529924d8a0d281
                           .group:0000000000000000 wm4.hw_mpu_fic2.h.28.88b1cd488fc04fd09199876067a670cb
                           .group:0000000000000000 wm4.hw_mpu_crypto.h.28.45628d14bd81b7ae15853711bd55f118
                           .group:0000000000000000 wm4.hw_mpu_gem0.h.28.e88b73a77e588162ac08b038acfe3e30
                           .group:0000000000000000 wm4.hw_mpu_gem1.h.28.dadc3a640dcfb61a8f24791560fa3605
                           .group:0000000000000000 wm4.hw_mpu_usb.h.28.0b0c25c65da87670d72dffa8e9b51ad6
                           .group:0000000000000000 wm4.hw_mpu_mmc.h.28.a5df85f7a87dfaafd939c0c9743b44a9
                           .group:0000000000000000 wm4.hw_mpu_scb.h.28.2b778d620a29a13b1a33733b3fefaf3e
                           .group:0000000000000000 wm4.hw_mpu_trace.h.28.dbb150e27983d45d78ea646dfe7486fe
                           .group:0000000000000000 wm4.hw_nvm_map.h.28.f162fac35e5cde635e7ad6a64d1e9039
                           .group:0000000000000000 wm4.hw_mssio_mux.h.28.e7454fde92f262ddd8d62a867ea0920e
                           .group:0000000000000000 wm4.hw_mssio_mux_alternate.h.28.b8d16e28a2ceb0dfb89390fbf8a0824d
                           .group:0000000000000000 wm4.hw_hsio_mux.h.28.924a66a0f83f27c24767fbfdaffeb21f
                           .group:0000000000000000 wm4.hw_sgmii_tip.h.28.300e564dcb0b8e10a02f8aa22cd1e406
                           .group:0000000000000000 wm4.hw_ddr_options.h.28.57c69fbed22b132a5116a2e8202ef31b
                           .group:0000000000000000 wm4.hw_ddr_io_bank.h.28.97994078373a03e402aa7d6fbee4d10b
                           .group:0000000000000000 wm4.hw_ddr_mode.h.28.e12980d85cda7fc598d8fc4b0c6ae80a
                           .group:0000000000000000 wm4.hw_ddr_off_mode.h.28.c8f0d4bcf68d083d8ff0335e558930e9
                           .group:0000000000000000 wm4.hw_ddr_segs.h.28.93c530a254cc8a9c015d0bae044125b2
                           .group:0000000000000000 wm4.hw_ddrc.h.28.08059da746396e3799516897e3659011
                           .group:0000000000000000 wm4.hw_mss_clks.h.28.5ac7bc8afbcd8bf20af19bba21fd090a
                           .group:0000000000000000 wm4.hw_clk_sysreg.h.28.adf2eb2b08eeb2ee56f6129328388395
                           .group:0000000000000000 wm4.hw_clk_mss_pll.h.28.f29e56095f72545e176a24c00b4a4f9d
                           .group:0000000000000000 wm4.hw_clk_sgmii_pll.h.28.e5a751841e3330e1fa1c9e56e6520989
                           .group:0000000000000000 wm4.hw_clk_ddr_pll.h.28.c1ea1ad10a832d67220904a0d0b17b34
                           .group:0000000000000000 wm4.hw_clk_mss_cfm.h.28.365f11189fcbf1e2f08db25b2ea1557a
                           .group:0000000000000000 wm4.hw_clk_sgmii_cfm.h.28.f59fda78ad3b4981ccbc9fbc0d90ca0a
                           .group:0000000000000000 wm4.hw_gen_peripherals.h.28.b7ed6b1beed7bdf1572b3ce67f40701d
                           .group:0000000000000000 wm4.mss_ddr.h.335.2d2abad6760d8499d248b54011590468
                           .group:0000000000000000 wm4.mss_clint.h.28.3d2c636f4c8175d64797a2e961db02ff
                           .group:0000000000000000 wm4.mss_h2f.h.21.7086260854010c63b41a469cd9f7486d
                           .group:0000000000000000 wm4.mss_hart_ints.h.20.6ad89e0f9e22266fcd17f0448e2fe1a4
                           .group:0000000000000000 wm4.mss_beu.h.19.c2ae917e6cfe25f403b47f73645e65f7
                           .group:0000000000000000 wm4.mss_mpu.h.20.dd1fa2a8702d0e819fbbb263dc6428d1
                           .group:0000000000000000 wm4.mss_pmp.h.19.8f83d750289fe5e95625891444a65774
                           .group:0000000000000000 wm4.mss_plic.h.37.f01c8d38f1aa08d20212658e203ce75a
                           .group:0000000000000000 wm4.mss_seg.h.38.d7fedb2c993ff2eb58c3c1c5f57af66f
                           .group:0000000000000000 wm4.mss_util.h.31.57922375d48cf596b0783b975bb89aba
                           .group:0000000000000000 wm4.mss_mtrap.h.32.3506bc2f7b97dc7165484cc307bc8c3b
                           .group:0000000000000000 wm4.mss_l2_cache.h.430.934410ee5d62996f3b8869a34907e316
                           .group:0000000000000000 wm4.mss_axiswitch.h.110.fc13072c0144cbd8e516d1d4f8c599b2
                           .group:0000000000000000 wm4.mss_peripherals.h.19.9837bc1f8d1c62dfd266b4590a8830b2
                           .group:0000000000000000 wm4.mss_cfm.h.20.474baf099ef6f60b14912c934c5e47c6
                           .group:0000000000000000 wm4.mss_sgmii.h.18.7850ab5b5e05dabb42db8143f362bae8
                           .group:0000000000000000 wm4.system_startup.h.17.372727b49fdab2e286123d13f6b6542a
                           .group:0000000000000000 wm4.mss_ddr_debug.h.40.79a83a45aea2f09f97e5663e254e5e65
                           .group:0000000000000000 wm4.mss_gpio.h.186.6a8b841ac6365293c5e69064e920e3ed

NO UNDEFINED SYMBOLS
