   1              		.file	"hal_irq.c"
   2              		.option nopic
   3              		.attribute arch, "rv64i2p0_m2p0_a2p0_f2p0_d2p0_c2p0"
   4              		.attribute unaligned_access, 0
   5              		.attribute stack_align, 16
   6              		.text
   7              	.Ltext0:
   8              		.cfi_sections	.debug_frame
   9              		.section	.text.HAL_enable_interrupts,"ax",@progbits
  10              		.align	1
  11              		.globl	HAL_enable_interrupts
  13              	HAL_enable_interrupts:
  14              	.LFB5:
  15              		.file 1 "../src/platform/hal/hal_irq.c"
   1:../src/platform/hal/hal_irq.c **** /*******************************************************************************
   2:../src/platform/hal/hal_irq.c ****  * Copyright 2019-2020 Microchip FPGA Embedded Systems Solutions.
   3:../src/platform/hal/hal_irq.c ****  *
   4:../src/platform/hal/hal_irq.c ****  * SPDX-License-Identifier: MIT
   5:../src/platform/hal/hal_irq.c ****  *
   6:../src/platform/hal/hal_irq.c ****  * MPFS HAL Embedded Software
   7:../src/platform/hal/hal_irq.c ****  *
   8:../src/platform/hal/hal_irq.c ****  */
   9:../src/platform/hal/hal_irq.c **** /***************************************************************************//**
  10:../src/platform/hal/hal_irq.c ****  * 
  11:../src/platform/hal/hal_irq.c ****  * Legacy interrupt control functions for the Microchip driver library hardware
  12:../src/platform/hal/hal_irq.c ****  * abstraction layer.
  13:../src/platform/hal/hal_irq.c ****  *
  14:../src/platform/hal/hal_irq.c ****  */
  15:../src/platform/hal/hal_irq.c **** #include <stdio.h>
  16:../src/platform/hal/hal_irq.c **** #include "hal/hal.h"
  17:../src/platform/hal/hal_irq.c **** #include "mpfs_hal/common/mss_util.h"
  18:../src/platform/hal/hal_irq.c **** 
  19:../src/platform/hal/hal_irq.c **** #ifdef __cplusplus
  20:../src/platform/hal/hal_irq.c **** extern "C" {
  21:../src/platform/hal/hal_irq.c **** #endif
  22:../src/platform/hal/hal_irq.c **** 
  23:../src/platform/hal/hal_irq.c **** /*------------------------------------------------------------------------------
  24:../src/platform/hal/hal_irq.c ****  * 
  25:../src/platform/hal/hal_irq.c ****  */
  26:../src/platform/hal/hal_irq.c **** void HAL_enable_interrupts(void) {
  16              		.loc 1 26 34
  17              		.cfi_startproc
  27:../src/platform/hal/hal_irq.c ****     __enable_irq();
  18              		.loc 1 27 5
  19 0000 17030000 		tail	__enable_irq
  19      67000300 
  20              	.LVL0:
  21              		.cfi_endproc
  22              	.LFE5:
  24              		.section	.text.HAL_disable_interrupts,"ax",@progbits
  25              		.align	1
  26              		.globl	HAL_disable_interrupts
  28              	HAL_disable_interrupts:
  29              	.LFB6:
  28:../src/platform/hal/hal_irq.c **** }
  29:../src/platform/hal/hal_irq.c **** 
  30:../src/platform/hal/hal_irq.c **** /*------------------------------------------------------------------------------
  31:../src/platform/hal/hal_irq.c ****  * 
  32:../src/platform/hal/hal_irq.c ****  */
  33:../src/platform/hal/hal_irq.c **** psr_t HAL_disable_interrupts(void) {
  30              		.loc 1 33 36
  31              		.cfi_startproc
  34:../src/platform/hal/hal_irq.c ****     psr_t psr;
  32              		.loc 1 34 5
  35:../src/platform/hal/hal_irq.c ****     psr = read_csr(mstatus);
  33              		.loc 1 35 5
  34              	.LBB2:
  35              		.loc 1 35 11
  36              		.loc 1 35 11
  37              	.LBE2:
  33:../src/platform/hal/hal_irq.c ****     psr_t psr;
  38              		.loc 1 33 36 is_stmt 0
  39 0000 0111     		addi	sp,sp,-32
  40              		.cfi_def_cfa_offset 32
  41 0002 06EC     		sd	ra,24(sp)
  42              		.cfi_offset 1, -8
  43              	.LBB3:
  44              		.loc 1 35 11
  45              	 #APP
  46              	# 35 "../src/platform/hal/hal_irq.c" 1
  36              	    __disable_irq();
  47              		csrr a0, mstatus
  48              	# 0 "" 2
  49              	 #NO_APP
  50 0008 2AE4     		sd	a0,8(sp)
  51              	.LVL1:
  35:../src/platform/hal/hal_irq.c ****     psr = read_csr(mstatus);
  52              		.loc 1 35 11 is_stmt 1
  53              	.LBE3:
  54              		.loc 1 36 5
  55 000a 97000000 		call	__disable_irq
  55      E7800000 
  56              	.LVL2:
  37:../src/platform/hal/hal_irq.c ****     return(psr);
  57              		.loc 1 37 5
  38:../src/platform/hal/hal_irq.c **** }
  58              		.loc 1 38 1 is_stmt 0
  59 0012 E260     		ld	ra,24(sp)
  60              		.cfi_restore 1
  61 0014 2265     		ld	a0,8(sp)
  62 0016 0561     		addi	sp,sp,32
  63              		.cfi_def_cfa_offset 0
  64              	.LVL3:
  65 0018 8280     		jr	ra
  66              		.cfi_endproc
  67              	.LFE6:
  69              		.section	.text.HAL_restore_interrupts,"ax",@progbits
  70              		.align	1
  71              		.globl	HAL_restore_interrupts
  73              	HAL_restore_interrupts:
  74              	.LFB7:
  39:../src/platform/hal/hal_irq.c **** 
  40:../src/platform/hal/hal_irq.c **** /*------------------------------------------------------------------------------
  41:../src/platform/hal/hal_irq.c ****  * 
  42:../src/platform/hal/hal_irq.c ****  */
  43:../src/platform/hal/hal_irq.c **** void HAL_restore_interrupts(psr_t saved_psr) {
  75              		.loc 1 43 46 is_stmt 1
  76              		.cfi_startproc
  77              	.LVL4:
  44:../src/platform/hal/hal_irq.c ****     write_csr(mstatus, saved_psr);
  78              		.loc 1 44 5
  79              	 #APP
  80              	# 44 "../src/platform/hal/hal_irq.c" 1
  45              	}
  81              		csrw mstatus, a0
  82              	# 0 "" 2
  83              		.loc 1 45 1 is_stmt 0
  84              	 #NO_APP
  85 0004 8280     		ret
  86              		.cfi_endproc
  87              	.LFE7:
  89              		.text
  90              	.Letext0:
  91              		.file 2 "/home/makro/microchip/SoftConsole-v2022.2-RISC-V-747/riscv-unknown-elf-gcc/lib/gcc/riscv6
  92              		.file 3 "/home/makro/microchip/SoftConsole-v2022.2-RISC-V-747/riscv-unknown-elf-gcc/riscv64-unknow
  93              		.file 4 "/home/makro/microchip/SoftConsole-v2022.2-RISC-V-747/riscv-unknown-elf-gcc/riscv64-unknow
  94              		.file 5 "/home/makro/microchip/SoftConsole-v2022.2-RISC-V-747/riscv-unknown-elf-gcc/riscv64-unknow
  95              		.file 6 "/home/makro/softconsole_2022/led-hdmi-uart-switches/src/platform/hal/cpu_types.h"
  96              		.file 7 "/home/makro/softconsole_2022/led-hdmi-uart-switches/src/platform/mpfs_hal/common/mss_util
DEFINED SYMBOLS
                            *ABS*:0000000000000000 hal_irq.c
     /tmp/ccpnpoG9.s:13     .text.HAL_enable_interrupts:0000000000000000 HAL_enable_interrupts
     /tmp/ccpnpoG9.s:17     .text.HAL_enable_interrupts:0000000000000000 .L0 
     /tmp/ccpnpoG9.s:18     .text.HAL_enable_interrupts:0000000000000000 .L0 
     /tmp/ccpnpoG9.s:19     .text.HAL_enable_interrupts:0000000000000000 .L0 
     /tmp/ccpnpoG9.s:21     .text.HAL_enable_interrupts:0000000000000008 .L0 
     /tmp/ccpnpoG9.s:28     .text.HAL_disable_interrupts:0000000000000000 HAL_disable_interrupts
     /tmp/ccpnpoG9.s:31     .text.HAL_disable_interrupts:0000000000000000 .L0 
     /tmp/ccpnpoG9.s:32     .text.HAL_disable_interrupts:0000000000000000 .L0 
     /tmp/ccpnpoG9.s:33     .text.HAL_disable_interrupts:0000000000000000 .L0 
     /tmp/ccpnpoG9.s:35     .text.HAL_disable_interrupts:0000000000000000 .L0 
     /tmp/ccpnpoG9.s:36     .text.HAL_disable_interrupts:0000000000000000 .L0 
     /tmp/ccpnpoG9.s:38     .text.HAL_disable_interrupts:0000000000000000 .L0 
     /tmp/ccpnpoG9.s:39     .text.HAL_disable_interrupts:0000000000000000 .L0 
     /tmp/ccpnpoG9.s:40     .text.HAL_disable_interrupts:0000000000000002 .L0 
     /tmp/ccpnpoG9.s:42     .text.HAL_disable_interrupts:0000000000000004 .L0 
../src/platform/hal/hal_irq.c:35     .text.HAL_disable_interrupts:0000000000000004 .L0 
     /tmp/ccpnpoG9.s:54     .text.HAL_disable_interrupts:000000000000000a .L0 
     /tmp/ccpnpoG9.s:55     .text.HAL_disable_interrupts:000000000000000a .L0 
     /tmp/ccpnpoG9.s:58     .text.HAL_disable_interrupts:0000000000000012 .L0 
     /tmp/ccpnpoG9.s:59     .text.HAL_disable_interrupts:0000000000000012 .L0 
     /tmp/ccpnpoG9.s:60     .text.HAL_disable_interrupts:0000000000000014 .L0 
     /tmp/ccpnpoG9.s:63     .text.HAL_disable_interrupts:0000000000000018 .L0 
     /tmp/ccpnpoG9.s:66     .text.HAL_disable_interrupts:000000000000001a .L0 
     /tmp/ccpnpoG9.s:73     .text.HAL_restore_interrupts:0000000000000000 HAL_restore_interrupts
     /tmp/ccpnpoG9.s:76     .text.HAL_restore_interrupts:0000000000000000 .L0 
     /tmp/ccpnpoG9.s:78     .text.HAL_restore_interrupts:0000000000000000 .L0 
../src/platform/hal/hal_irq.c:44     .text.HAL_restore_interrupts:0000000000000000 .L0 
     /tmp/ccpnpoG9.s:85     .text.HAL_restore_interrupts:0000000000000004 .L0 
     /tmp/ccpnpoG9.s:86     .text.HAL_restore_interrupts:0000000000000006 .L0 
     /tmp/ccpnpoG9.s:24     .text.HAL_enable_interrupts:0000000000000008 .L0 
     /tmp/ccpnpoG9.s:69     .text.HAL_disable_interrupts:000000000000001a .L0 
     /tmp/ccpnpoG9.s:89     .text.HAL_restore_interrupts:0000000000000006 .L0 
                     .debug_frame:0000000000000000 .L0 
     /tmp/ccpnpoG9.s:1369   .debug_abbrev:0000000000000000 .Ldebug_abbrev0
     /tmp/ccpnpoG9.s:11680  .debug_str:000000000000aa12 .LASF2106
     /tmp/ccpnpoG9.s:10012  .debug_str:0000000000005365 .LASF2107
     /tmp/ccpnpoG9.s:9014   .debug_str:0000000000001ec2 .LASF2108
     /tmp/ccpnpoG9.s:1919   .debug_ranges:0000000000000000 .Ldebug_ranges0
     /tmp/ccpnpoG9.s:8426   .debug_line:0000000000000000 .Ldebug_line0
     /tmp/ccpnpoG9.s:1935   .debug_macro:0000000000000000 .Ldebug_macro0
     /tmp/ccpnpoG9.s:10734  .debug_str:00000000000079e4 .LASF1979
     /tmp/ccpnpoG9.s:8916   .debug_str:0000000000001777 .LASF1980
     /tmp/ccpnpoG9.s:12566  .debug_str:000000000000d8c3 .LASF1981
     /tmp/ccpnpoG9.s:10730  .debug_str:00000000000079b8 .LASF1982
     /tmp/ccpnpoG9.s:12506  .debug_str:000000000000d562 .LASF1983
     /tmp/ccpnpoG9.s:11006  .debug_str:000000000000882a .LASF1984
     /tmp/ccpnpoG9.s:12368  .debug_str:000000000000cf03 .LASF1985
     /tmp/ccpnpoG9.s:9486   .debug_str:0000000000003772 .LASF1986
     /tmp/ccpnpoG9.s:11164  .debug_str:0000000000008fb9 .LASF1987
     /tmp/ccpnpoG9.s:10114  .debug_str:00000000000057d3 .LASF1988
     /tmp/ccpnpoG9.s:9922   .debug_str:0000000000004fb1 .LASF1989
     /tmp/ccpnpoG9.s:11600  .debug_str:000000000000a6af .LASF1990
     /tmp/ccpnpoG9.s:10562  .debug_str:00000000000070d8 .LASF1991
     /tmp/ccpnpoG9.s:10946  .debug_str:000000000000854e .LASF1992
     /tmp/ccpnpoG9.s:10080  .debug_str:0000000000005663 .LASF1993
     /tmp/ccpnpoG9.s:9954   .debug_str:000000000000513c .LASF1994
     /tmp/ccpnpoG9.s:11746  .debug_str:000000000000ae70 .LASF1995
     /tmp/ccpnpoG9.s:11656  .debug_str:000000000000a919 .LASF1996
     /tmp/ccpnpoG9.s:10588  .debug_str:00000000000071fa .LASF1997
     /tmp/ccpnpoG9.s:10986  .debug_str:0000000000008736 .LASF1998
     /tmp/ccpnpoG9.s:11780  .debug_str:000000000000afc0 .LASF1999
     /tmp/ccpnpoG9.s:11340  .debug_str:0000000000009989 .LASF2004
     /tmp/ccpnpoG9.s:10262  .debug_str:000000000000602e .LASF2000
     /tmp/ccpnpoG9.s:11136  .debug_str:0000000000008e8f .LASF2001
     /tmp/ccpnpoG9.s:12436  .debug_str:000000000000d241 .LASF2002
     /tmp/ccpnpoG9.s:9474   .debug_str:00000000000036ff .LASF2003
     /tmp/ccpnpoG9.s:9220   .debug_str:0000000000002903 .LASF2005
     /tmp/ccpnpoG9.s:10400  .debug_str:00000000000067d9 .LASF2006
     /tmp/ccpnpoG9.s:11046  .debug_str:00000000000089fc .LASF2007
     /tmp/ccpnpoG9.s:10088  .debug_str:00000000000056a8 .LASF2008
     /tmp/ccpnpoG9.s:10168  .debug_str:0000000000005b80 .LASF2009
     /tmp/ccpnpoG9.s:8612   .debug_str:0000000000000928 .LASF2010
     /tmp/ccpnpoG9.s:9668   .debug_str:00000000000041e6 .LASF2011
     /tmp/ccpnpoG9.s:9414   .debug_str:0000000000003291 .LASF2012
     /tmp/ccpnpoG9.s:9264   .debug_str:0000000000002aea .LASF2013
     /tmp/ccpnpoG9.s:11510  .debug_str:000000000000a239 .LASF2014
     /tmp/ccpnpoG9.s:10414  .debug_str:00000000000068a4 .LASF2015
     /tmp/ccpnpoG9.s:10186  .debug_str:0000000000005c4c .LASF2016
     /tmp/ccpnpoG9.s:9392   .debug_str:0000000000003170 .LASF2017
     /tmp/ccpnpoG9.s:8616   .debug_str:0000000000000949 .LASF2018
     /tmp/ccpnpoG9.s:12308  .debug_str:000000000000cade .LASF2019
     /tmp/ccpnpoG9.s:8552   .debug_str:00000000000006a4 .LASF2020
     /tmp/ccpnpoG9.s:8630   .debug_str:00000000000009a7 .LASF2021
     /tmp/ccpnpoG9.s:11634  .debug_str:000000000000a7eb .LASF2022
     /tmp/ccpnpoG9.s:8428   .debug_str:0000000000000000 .LASF2023
     /tmp/ccpnpoG9.s:10872  .debug_str:00000000000080ba .LASF2024
     /tmp/ccpnpoG9.s:9148   .debug_str:0000000000002590 .LASF2025
     /tmp/ccpnpoG9.s:9520   .debug_str:000000000000394c .LASF2026
     /tmp/ccpnpoG9.s:8896   .debug_str:000000000000167c .LASF2027
     /tmp/ccpnpoG9.s:8692   .debug_str:0000000000000cd0 .LASF2028
     /tmp/ccpnpoG9.s:11606  .debug_str:000000000000a6ea .LASF2029
     /tmp/ccpnpoG9.s:8990   .debug_str:0000000000001b06 .LASF2030
     /tmp/ccpnpoG9.s:9060   .debug_str:000000000000210a .LASF2031
     /tmp/ccpnpoG9.s:12444  .debug_str:000000000000d292 .LASF2032
     /tmp/ccpnpoG9.s:10154  .debug_str:0000000000005af0 .LASF2033
     /tmp/ccpnpoG9.s:9792   .debug_str:0000000000004901 .LASF2034
     /tmp/ccpnpoG9.s:9440   .debug_str:00000000000033b4 .LASF2035
     /tmp/ccpnpoG9.s:9378   .debug_str:0000000000003099 .LASF2036
     /tmp/ccpnpoG9.s:8628   .debug_str:00000000000009a2 .LASF2037
     /tmp/ccpnpoG9.s:11076  .debug_str:0000000000008bbc .LASF2038
     /tmp/ccpnpoG9.s:10076  .debug_str:000000000000564a .LASF2039
     /tmp/ccpnpoG9.s:12088  .debug_str:000000000000bf02 .LASF2040
     /tmp/ccpnpoG9.s:12286  .debug_str:000000000000c990 .LASF2041
     /tmp/ccpnpoG9.s:11558  .debug_str:000000000000a4ba .LASF2042
     /tmp/ccpnpoG9.s:11998  .debug_str:000000000000ba64 .LASF2043
     /tmp/ccpnpoG9.s:8726   .debug_str:0000000000000e94 .LASF2044
     /tmp/ccpnpoG9.s:10006  .debug_str:0000000000005340 .LASF2045
     /tmp/ccpnpoG9.s:9476   .debug_str:0000000000003704 .LASF2046
     /tmp/ccpnpoG9.s:9944   .debug_str:00000000000050c6 .LASF2047
     /tmp/ccpnpoG9.s:10940  .debug_str:000000000000850a .LASF2048
     /tmp/ccpnpoG9.s:8730   .debug_str:0000000000000ea5 .LASF2049
     /tmp/ccpnpoG9.s:11550  .debug_str:000000000000a469 .LASF2050
     /tmp/ccpnpoG9.s:9136   .debug_str:0000000000002514 .LASF2051
     /tmp/ccpnpoG9.s:8536   .debug_str:000000000000060f .LASF2052
     /tmp/ccpnpoG9.s:10278  .debug_str:00000000000060e8 .LASF2053
     /tmp/ccpnpoG9.s:11626  .debug_str:000000000000a7a8 .LASF2054
     /tmp/ccpnpoG9.s:10294  .debug_str:000000000000617e .LASF2055
     /tmp/ccpnpoG9.s:12584  .debug_str:000000000000d978 .LASF2056
     /tmp/ccpnpoG9.s:9562   .debug_str:0000000000003be0 .LASF2057
     /tmp/ccpnpoG9.s:11800  .debug_str:000000000000b0ad .LASF2058
     /tmp/ccpnpoG9.s:11258  .debug_str:000000000000953c .LASF2059
     /tmp/ccpnpoG9.s:11536  .debug_str:000000000000a3ee .LASF2060
     /tmp/ccpnpoG9.s:8782   .debug_str:000000000000112e .LASF2061
     /tmp/ccpnpoG9.s:11526  .debug_str:000000000000a36c .LASF2062
     /tmp/ccpnpoG9.s:10840  .debug_str:0000000000007eee .LASF2063
     /tmp/ccpnpoG9.s:8780   .debug_str:0000000000001128 .LASF2064
     /tmp/ccpnpoG9.s:8546   .debug_str:000000000000067c .LASF2065
     /tmp/ccpnpoG9.s:12248  .debug_str:000000000000c78f .LASF2066
     /tmp/ccpnpoG9.s:11262  .debug_str:00000000000095b2 .LASF834
     /tmp/ccpnpoG9.s:12418  .debug_str:000000000000d18f .LASF2067
     /tmp/ccpnpoG9.s:11276  .debug_str:000000000000963e .LASF2068
     /tmp/ccpnpoG9.s:10134  .debug_str:0000000000005904 .LASF2069
     /tmp/ccpnpoG9.s:11074  .debug_str:0000000000008bb6 .LASF2070
     /tmp/ccpnpoG9.s:12602  .debug_str:000000000000da07 .LASF2071
     /tmp/ccpnpoG9.s:10692  .debug_str:000000000000780b .LASF2072
     /tmp/ccpnpoG9.s:9700   .debug_str:00000000000043ff .LASF2073
     /tmp/ccpnpoG9.s:8894   .debug_str:0000000000001677 .LASF2074
     /tmp/ccpnpoG9.s:11098  .debug_str:0000000000008c8f .LASF2075
     /tmp/ccpnpoG9.s:11956  .debug_str:000000000000b83f .LASF2076
     /tmp/ccpnpoG9.s:11770  .debug_str:000000000000af65 .LASF2077
     /tmp/ccpnpoG9.s:8854   .debug_str:00000000000014a0 .LASF2078
     /tmp/ccpnpoG9.s:9374   .debug_str:000000000000307e .LASF2079
     /tmp/ccpnpoG9.s:12482  .debug_str:000000000000d470 .LASF2080
     /tmp/ccpnpoG9.s:10796  .debug_str:0000000000007d0c .LASF2081
     /tmp/ccpnpoG9.s:11346  .debug_str:00000000000099cf .LASF2082
     /tmp/ccpnpoG9.s:10642  .debug_str:00000000000075ca .LASF2083
     /tmp/ccpnpoG9.s:10398  .debug_str:00000000000067cc .LASF2084
     /tmp/ccpnpoG9.s:11024  .debug_str:00000000000088e5 .LASF2085
     /tmp/ccpnpoG9.s:9162   .debug_str:0000000000002651 .LASF2086
     /tmp/ccpnpoG9.s:10886  .debug_str:0000000000008145 .LASF2087
     /tmp/ccpnpoG9.s:11432  .debug_str:0000000000009dce .LASF2088
     /tmp/ccpnpoG9.s:9744   .debug_str:0000000000004608 .LASF2089
     /tmp/ccpnpoG9.s:8448   .debug_str:00000000000000f5 .LASF2090
     /tmp/ccpnpoG9.s:8866   .debug_str:000000000000150c .LASF2091
     /tmp/ccpnpoG9.s:10474  .debug_str:0000000000006b7e .LASF2092
     /tmp/ccpnpoG9.s:10958  .debug_str:000000000000861d .LASF2093
     /tmp/ccpnpoG9.s:11552  .debug_str:000000000000a471 .LASF2109
     /tmp/ccpnpoG9.s:9506   .debug_str:0000000000003884 .LASF2094
     /tmp/ccpnpoG9.s:11394  .debug_str:0000000000009c2c .LASF2095
     /tmp/ccpnpoG9.s:12090  .debug_str:000000000000bf1b .LASF2096
     /tmp/ccpnpoG9.s:11520  .debug_str:000000000000a33c .LASF2097
     /tmp/ccpnpoG9.s:12082  .debug_str:000000000000bebf .LASF2098
     /tmp/ccpnpoG9.s:8622   .debug_str:0000000000000976 .LASF2099
     /tmp/ccpnpoG9.s:8488   .debug_str:0000000000000336 .LASF2100
     /tmp/ccpnpoG9.s:9608   .debug_str:0000000000003e7d .LASF2102
     /tmp/ccpnpoG9.s:74     .text.HAL_restore_interrupts:0000000000000000 .LFB7
     /tmp/ccpnpoG9.s:87     .text.HAL_restore_interrupts:0000000000000006 .LFE7
     /tmp/ccpnpoG9.s:10316  .debug_str:00000000000062a0 .LASF2110
     /tmp/ccpnpoG9.s:11994  .debug_str:000000000000ba33 .LASF2111
     /tmp/ccpnpoG9.s:29     .text.HAL_disable_interrupts:0000000000000000 .LFB6
     /tmp/ccpnpoG9.s:67     .text.HAL_disable_interrupts:000000000000001a .LFE6
     /tmp/ccpnpoG9.s:1885   .debug_loc:0000000000000000 .LLST0
     /tmp/ccpnpoG9.s:10416  .debug_str:00000000000068b2 .LASF2101
     /tmp/ccpnpoG9.s:56     .text.HAL_disable_interrupts:0000000000000012 .LVL2
     /tmp/ccpnpoG9.s:10522  .debug_str:0000000000006e98 .LASF2103
     /tmp/ccpnpoG9.s:14     .text.HAL_enable_interrupts:0000000000000000 .LFB5
     /tmp/ccpnpoG9.s:22     .text.HAL_enable_interrupts:0000000000000008 .LFE5
     /tmp/ccpnpoG9.s:20     .text.HAL_enable_interrupts:0000000000000008 .LVL0
     /tmp/ccpnpoG9.s:9274   .debug_str:0000000000002b69 .LASF2104
     /tmp/ccpnpoG9.s:11090  .debug_str:0000000000008c46 .LASF2105
     /tmp/ccpnpoG9.s:51     .text.HAL_disable_interrupts:000000000000000a .LVL1
     /tmp/ccpnpoG9.s:64     .text.HAL_disable_interrupts:0000000000000018 .LVL3
     /tmp/ccpnpoG9.s:98     .debug_info:0000000000000000 .Ldebug_info0
     /tmp/ccpnpoG9.s:34     .text.HAL_disable_interrupts:0000000000000000 .LBB2
     /tmp/ccpnpoG9.s:37     .text.HAL_disable_interrupts:0000000000000000 .LBE2
     /tmp/ccpnpoG9.s:43     .text.HAL_disable_interrupts:0000000000000004 .LBB3
     /tmp/ccpnpoG9.s:53     .text.HAL_disable_interrupts:000000000000000a .LBE3
     /tmp/ccpnpoG9.s:2297   .debug_macro:0000000000000000 .Ldebug_macro2
     /tmp/ccpnpoG9.s:10724  .debug_str:0000000000007957 .LASF326
     /tmp/ccpnpoG9.s:10878  .debug_str:00000000000080f4 .LASF327
     /tmp/ccpnpoG9.s:11278  .debug_str:0000000000009644 .LASF328
     /tmp/ccpnpoG9.s:3280   .debug_macro:0000000000000000 .Ldebug_macro3
     /tmp/ccpnpoG9.s:3300   .debug_macro:0000000000000000 .Ldebug_macro4
     /tmp/ccpnpoG9.s:11010  .debug_str:0000000000008848 .LASF343
     /tmp/ccpnpoG9.s:3332   .debug_macro:0000000000000000 .Ldebug_macro5
     /tmp/ccpnpoG9.s:3346   .debug_macro:0000000000000000 .Ldebug_macro6
     /tmp/ccpnpoG9.s:3414   .debug_macro:0000000000000000 .Ldebug_macro7
     /tmp/ccpnpoG9.s:3443   .debug_macro:0000000000000000 .Ldebug_macro8
     /tmp/ccpnpoG9.s:3472   .debug_macro:0000000000000000 .Ldebug_macro9
     /tmp/ccpnpoG9.s:11390  .debug_str:0000000000009c0b .LASF387
     /tmp/ccpnpoG9.s:3486   .debug_macro:0000000000000000 .Ldebug_macro10
     /tmp/ccpnpoG9.s:3530   .debug_macro:0000000000000000 .Ldebug_macro11
     /tmp/ccpnpoG9.s:3598   .debug_macro:0000000000000000 .Ldebug_macro12
     /tmp/ccpnpoG9.s:3966   .debug_macro:0000000000000000 .Ldebug_macro13
     /tmp/ccpnpoG9.s:9716   .debug_str:000000000000449b .LASF575
     /tmp/ccpnpoG9.s:4079   .debug_macro:0000000000000000 .Ldebug_macro14
     /tmp/ccpnpoG9.s:8762   .debug_str:0000000000001031 .LASF578
     /tmp/ccpnpoG9.s:9450   .debug_str:0000000000003598 .LASF579
     /tmp/ccpnpoG9.s:4090   .debug_macro:0000000000000000 .Ldebug_macro15
     /tmp/ccpnpoG9.s:4104   .debug_macro:0000000000000000 .Ldebug_macro16
     /tmp/ccpnpoG9.s:12570  .debug_str:000000000000d8e4 .LASF584
     /tmp/ccpnpoG9.s:4136   .debug_macro:0000000000000000 .Ldebug_macro17
     /tmp/ccpnpoG9.s:4162   .debug_macro:0000000000000000 .Ldebug_macro18
     /tmp/ccpnpoG9.s:4173   .debug_macro:0000000000000000 .Ldebug_macro19
     /tmp/ccpnpoG9.s:4217   .debug_macro:0000000000000000 .Ldebug_macro20
     /tmp/ccpnpoG9.s:4396   .debug_macro:0000000000000000 .Ldebug_macro21
     /tmp/ccpnpoG9.s:4407   .debug_macro:0000000000000000 .Ldebug_macro22
     /tmp/ccpnpoG9.s:11256  .debug_str:0000000000009526 .LASF684
     /tmp/ccpnpoG9.s:4463   .debug_macro:0000000000000000 .Ldebug_macro23
     /tmp/ccpnpoG9.s:4480   .debug_macro:0000000000000000 .Ldebug_macro24
     /tmp/ccpnpoG9.s:10008  .debug_str:0000000000005348 .LASF702
     /tmp/ccpnpoG9.s:12320  .debug_str:000000000000cb59 .LASF703
     /tmp/ccpnpoG9.s:4524   .debug_macro:0000000000000000 .Ldebug_macro25
     /tmp/ccpnpoG9.s:9942   .debug_str:00000000000050b4 .LASF714
     /tmp/ccpnpoG9.s:10048  .debug_str:0000000000005512 .LASF715
     /tmp/ccpnpoG9.s:4559   .debug_macro:0000000000000000 .Ldebug_macro26
     /tmp/ccpnpoG9.s:4570   .debug_macro:0000000000000000 .Ldebug_macro27
     /tmp/ccpnpoG9.s:4605   .debug_macro:0000000000000000 .Ldebug_macro28
     /tmp/ccpnpoG9.s:8910   .debug_str:0000000000001730 .LASF760
     /tmp/ccpnpoG9.s:4706   .debug_macro:0000000000000000 .Ldebug_macro29
     /tmp/ccpnpoG9.s:4723   .debug_macro:0000000000000000 .Ldebug_macro30
     /tmp/ccpnpoG9.s:9592   .debug_str:0000000000003dc8 .LASF774
     /tmp/ccpnpoG9.s:10330  .debug_str:000000000000639b .LASF775
     /tmp/ccpnpoG9.s:4755   .debug_macro:0000000000000000 .Ldebug_macro31
     /tmp/ccpnpoG9.s:4769   .debug_macro:0000000000000000 .Ldebug_macro32
     /tmp/ccpnpoG9.s:11428  .debug_str:0000000000009db7 .LASF828
     /tmp/ccpnpoG9.s:10984  .debug_str:0000000000008729 .LASF829
     /tmp/ccpnpoG9.s:11628  .debug_str:000000000000a7b0 .LASF830
     /tmp/ccpnpoG9.s:4921   .debug_macro:0000000000000000 .Ldebug_macro33
     /tmp/ccpnpoG9.s:5043   .debug_macro:0000000000000000 .Ldebug_macro34
     /tmp/ccpnpoG9.s:9210   .debug_str:000000000000287e .LASF929
     /tmp/ccpnpoG9.s:10804  .debug_str:0000000000007d75 .LASF930
     /tmp/ccpnpoG9.s:5255   .debug_macro:0000000000000000 .Ldebug_macro35
     /tmp/ccpnpoG9.s:5269   .debug_macro:0000000000000000 .Ldebug_macro36
     /tmp/ccpnpoG9.s:9438   .debug_str:00000000000033a8 .LASF949
     /tmp/ccpnpoG9.s:5319   .debug_macro:0000000000000000 .Ldebug_macro37
     /tmp/ccpnpoG9.s:5339   .debug_macro:0000000000000000 .Ldebug_macro38
     /tmp/ccpnpoG9.s:8098   .debug_macro:0000000000000000 .Ldebug_macro39
     /tmp/ccpnpoG9.s:8397   .debug_macro:0000000000000000 .Ldebug_macro40
     /tmp/ccpnpoG9.s:11546  .debug_str:000000000000a444 .LASF0
     /tmp/ccpnpoG9.s:10580  .debug_str:0000000000007192 .LASF1
     /tmp/ccpnpoG9.s:12576  .debug_str:000000000000d91c .LASF2
     /tmp/ccpnpoG9.s:8970   .debug_str:0000000000001a13 .LASF3
     /tmp/ccpnpoG9.s:10988  .debug_str:0000000000008748 .LASF4
     /tmp/ccpnpoG9.s:12608  .debug_str:000000000000da40 .LASF5
     /tmp/ccpnpoG9.s:12572  .debug_str:000000000000d8f7 .LASF6
     /tmp/ccpnpoG9.s:12656  .debug_str:000000000000dc59 .LASF7
     /tmp/ccpnpoG9.s:12532  .debug_str:000000000000d66f .LASF8
     /tmp/ccpnpoG9.s:10258  .debug_str:0000000000006008 .LASF9
     /tmp/ccpnpoG9.s:9098   .debug_str:00000000000022b1 .LASF10
     /tmp/ccpnpoG9.s:10162  .debug_str:0000000000005b3b .LASF11
     /tmp/ccpnpoG9.s:12230  .debug_str:000000000000c696 .LASF12
     /tmp/ccpnpoG9.s:11798  .debug_str:000000000000b09a .LASF13
     /tmp/ccpnpoG9.s:12040  .debug_str:000000000000bc24 .LASF14
     /tmp/ccpnpoG9.s:11774  .debug_str:000000000000af83 .LASF15
     /tmp/ccpnpoG9.s:11734  .debug_str:000000000000adf5 .LASF16
     /tmp/ccpnpoG9.s:11518  .debug_str:000000000000a325 .LASF17
     /tmp/ccpnpoG9.s:12590  .debug_str:000000000000d9ac .LASF18
     /tmp/ccpnpoG9.s:9868   .debug_str:0000000000004cfa .LASF19
     /tmp/ccpnpoG9.s:8828   .debug_str:0000000000001396 .LASF20
     /tmp/ccpnpoG9.s:8586   .debug_str:000000000000081c .LASF21
     /tmp/ccpnpoG9.s:9596   .debug_str:0000000000003def .LASF22
     /tmp/ccpnpoG9.s:11958  .debug_str:000000000000b856 .LASF23
     /tmp/ccpnpoG9.s:12446  .debug_str:000000000000d299 .LASF24
     /tmp/ccpnpoG9.s:11670  .debug_str:000000000000a998 .LASF25
     /tmp/ccpnpoG9.s:12400  .debug_str:000000000000d0ac .LASF26
     /tmp/ccpnpoG9.s:10584  .debug_str:00000000000071d5 .LASF27
     /tmp/ccpnpoG9.s:10774  .debug_str:0000000000007c36 .LASF28
     /tmp/ccpnpoG9.s:8852   .debug_str:0000000000001487 .LASF29
     /tmp/ccpnpoG9.s:9456   .debug_str:00000000000035e0 .LASF30
     /tmp/ccpnpoG9.s:11420  .debug_str:0000000000009d61 .LASF31
     /tmp/ccpnpoG9.s:10160  .debug_str:0000000000005b21 .LASF32
     /tmp/ccpnpoG9.s:9746   .debug_str:0000000000004616 .LASF33
     /tmp/ccpnpoG9.s:8442   .debug_str:0000000000000098 .LASF34
     /tmp/ccpnpoG9.s:11156  .debug_str:0000000000008f5f .LASF35
     /tmp/ccpnpoG9.s:12558  .debug_str:000000000000d822 .LASF36
     /tmp/ccpnpoG9.s:12624  .debug_str:000000000000dadf .LASF37
     /tmp/ccpnpoG9.s:8524   .debug_str:000000000000054b .LASF38
     /tmp/ccpnpoG9.s:9638   .debug_str:0000000000003fb0 .LASF39
     /tmp/ccpnpoG9.s:9424   .debug_str:0000000000003304 .LASF40
     /tmp/ccpnpoG9.s:10806  .debug_str:0000000000007d84 .LASF41
     /tmp/ccpnpoG9.s:12494  .debug_str:000000000000d4cb .LASF42
     /tmp/ccpnpoG9.s:11170  .debug_str:0000000000008ff0 .LASF43
     /tmp/ccpnpoG9.s:8846   .debug_str:0000000000001441 .LASF44
     /tmp/ccpnpoG9.s:11810  .debug_str:000000000000b11c .LASF45
     /tmp/ccpnpoG9.s:9908   .debug_str:0000000000004f13 .LASF46
     /tmp/ccpnpoG9.s:10808  .debug_str:0000000000007da7 .LASF47
     /tmp/ccpnpoG9.s:11922  .debug_str:000000000000b69f .LASF48
     /tmp/ccpnpoG9.s:8948   .debug_str:0000000000001902 .LASF49
     /tmp/ccpnpoG9.s:9022   .debug_str:0000000000001f46 .LASF50
     /tmp/ccpnpoG9.s:10650  .debug_str:0000000000007615 .LASF51
     /tmp/ccpnpoG9.s:9846   .debug_str:0000000000004ba3 .LASF52
     /tmp/ccpnpoG9.s:10454  .debug_str:0000000000006a71 .LASF53
     /tmp/ccpnpoG9.s:12046  .debug_str:000000000000bc6a .LASF54
     /tmp/ccpnpoG9.s:12080  .debug_str:000000000000bea6 .LASF55
     /tmp/ccpnpoG9.s:8798   .debug_str:00000000000011b9 .LASF56
     /tmp/ccpnpoG9.s:12464  .debug_str:000000000000d381 .LASF57
     /tmp/ccpnpoG9.s:11288  .debug_str:00000000000096d5 .LASF58
     /tmp/ccpnpoG9.s:9932   .debug_str:0000000000005041 .LASF59
     /tmp/ccpnpoG9.s:9578   .debug_str:0000000000003ca5 .LASF60
     /tmp/ccpnpoG9.s:10962  .debug_str:0000000000008649 .LASF61
     /tmp/ccpnpoG9.s:10386  .debug_str:0000000000006742 .LASF62
     /tmp/ccpnpoG9.s:11848  .debug_str:000000000000b359 .LASF63
     /tmp/ccpnpoG9.s:11382  .debug_str:0000000000009ba4 .LASF64
     /tmp/ccpnpoG9.s:9120   .debug_str:000000000000245d .LASF65
     /tmp/ccpnpoG9.s:8818   .debug_str:000000000000131e .LASF66
     /tmp/ccpnpoG9.s:11442  .debug_str:0000000000009e4f .LASF67
     /tmp/ccpnpoG9.s:11408  .debug_str:0000000000009cd2 .LASF68
     /tmp/ccpnpoG9.s:8774   .debug_str:00000000000010c0 .LASF69
     /tmp/ccpnpoG9.s:8926   .debug_str:00000000000017e6 .LASF70
     /tmp/ccpnpoG9.s:10110  .debug_str:0000000000005791 .LASF71
     /tmp/ccpnpoG9.s:10798  .debug_str:0000000000007d16 .LASF72
     /tmp/ccpnpoG9.s:10450  .debug_str:0000000000006a42 .LASF73
     /tmp/ccpnpoG9.s:10066  .debug_str:00000000000055d7 .LASF74
     /tmp/ccpnpoG9.s:8768   .debug_str:0000000000001083 .LASF75
     /tmp/ccpnpoG9.s:10444  .debug_str:0000000000006a04 .LASF76
     /tmp/ccpnpoG9.s:12606  .debug_str:000000000000da1f .LASF77
     /tmp/ccpnpoG9.s:9086   .debug_str:000000000000222e .LASF78
     /tmp/ccpnpoG9.s:11190  .debug_str:0000000000009175 .LASF79
     /tmp/ccpnpoG9.s:8662   .debug_str:0000000000000b04 .LASF80
     /tmp/ccpnpoG9.s:9368   .debug_str:0000000000003003 .LASF81
     /tmp/ccpnpoG9.s:9960   .debug_str:0000000000005181 .LASF82
     /tmp/ccpnpoG9.s:8520   .debug_str:000000000000051c .LASF83
     /tmp/ccpnpoG9.s:8936   .debug_str:000000000000185f .LASF84
     /tmp/ccpnpoG9.s:10152  .debug_str:0000000000005ade .LASF85
     /tmp/ccpnpoG9.s:8632   .debug_str:00000000000009ac .LASF86
     /tmp/ccpnpoG9.s:9842   .debug_str:0000000000004b79 .LASF87
     /tmp/ccpnpoG9.s:9464   .debug_str:0000000000003639 .LASF88
     /tmp/ccpnpoG9.s:11254  .debug_str:000000000000950f .LASF89
     /tmp/ccpnpoG9.s:11064  .debug_str:0000000000008ae7 .LASF90
     /tmp/ccpnpoG9.s:10864  .debug_str:0000000000008074 .LASF91
     /tmp/ccpnpoG9.s:9542   .debug_str:0000000000003ab5 .LASF92
     /tmp/ccpnpoG9.s:9714   .debug_str:0000000000004489 .LASF93
     /tmp/ccpnpoG9.s:12290  .debug_str:000000000000c9b0 .LASF94
     /tmp/ccpnpoG9.s:9140   .debug_str:000000000000252e .LASF95
     /tmp/ccpnpoG9.s:10266  .debug_str:0000000000006047 .LASF96
     /tmp/ccpnpoG9.s:12616  .debug_str:000000000000da93 .LASF97
     /tmp/ccpnpoG9.s:10228  .debug_str:0000000000005ebb .LASF98
     /tmp/ccpnpoG9.s:9516   .debug_str:0000000000003916 .LASF99
     /tmp/ccpnpoG9.s:11446  .debug_str:0000000000009e82 .LASF100
     /tmp/ccpnpoG9.s:11364  .debug_str:0000000000009aa1 .LASF101
     /tmp/ccpnpoG9.s:10488  .debug_str:0000000000006c96 .LASF102
     /tmp/ccpnpoG9.s:9666   .debug_str:00000000000041d1 .LASF103
     /tmp/ccpnpoG9.s:8800   .debug_str:00000000000011d7 .LASF104
     /tmp/ccpnpoG9.s:10368  .debug_str:0000000000006667 .LASF105
     /tmp/ccpnpoG9.s:11974  .debug_str:000000000000b907 .LASF106
     /tmp/ccpnpoG9.s:8792   .debug_str:000000000000117f .LASF107
     /tmp/ccpnpoG9.s:11018  .debug_str:0000000000008897 .LASF108
     /tmp/ccpnpoG9.s:9064   .debug_str:0000000000002117 .LASF109
     /tmp/ccpnpoG9.s:12638  .debug_str:000000000000db71 .LASF110
     /tmp/ccpnpoG9.s:9066   .debug_str:000000000000213b .LASF111
     /tmp/ccpnpoG9.s:10372  .debug_str:00000000000066a5 .LASF112
     /tmp/ccpnpoG9.s:8972   .debug_str:0000000000001a25 .LASF113
     /tmp/ccpnpoG9.s:11930  .debug_str:000000000000b6f4 .LASF114
     /tmp/ccpnpoG9.s:8738   .debug_str:0000000000000edf .LASF115
     /tmp/ccpnpoG9.s:11000  .debug_str:00000000000087e0 .LASF116
     /tmp/ccpnpoG9.s:9756   .debug_str:0000000000004696 .LASF117
     /tmp/ccpnpoG9.s:10394  .debug_str:00000000000067a1 .LASF118
     /tmp/ccpnpoG9.s:9958   .debug_str:0000000000005159 .LASF119
     /tmp/ccpnpoG9.s:12640  .debug_str:000000000000db89 .LASF120
     /tmp/ccpnpoG9.s:10240  .debug_str:0000000000005f3c .LASF121
     /tmp/ccpnpoG9.s:12630  .debug_str:000000000000db20 .LASF122
     /tmp/ccpnpoG9.s:9406   .debug_str:0000000000003227 .LASF123
     /tmp/ccpnpoG9.s:9490   .debug_str:0000000000003790 .LASF124
     /tmp/ccpnpoG9.s:8872   .debug_str:0000000000001546 .LASF125
     /tmp/ccpnpoG9.s:9214   .debug_str:00000000000028ab .LASF126
     /tmp/ccpnpoG9.s:11324  .debug_str:00000000000098eb .LASF127
     /tmp/ccpnpoG9.s:9400   .debug_str:00000000000031cc .LASF128
     /tmp/ccpnpoG9.s:12038  .debug_str:000000000000bc0e .LASF129
     /tmp/ccpnpoG9.s:9180   .debug_str:0000000000002737 .LASF130
     /tmp/ccpnpoG9.s:11754  .debug_str:000000000000aeb3 .LASF131
     /tmp/ccpnpoG9.s:8476   .debug_str:0000000000000217 .LASF132
     /tmp/ccpnpoG9.s:8648   .debug_str:0000000000000a50 .LASF133
     /tmp/ccpnpoG9.s:9320   .debug_str:0000000000002d9b .LASF134
     /tmp/ccpnpoG9.s:10172  .debug_str:0000000000005b9e .LASF135
     /tmp/ccpnpoG9.s:9318   .debug_str:0000000000002d74 .LASF136
     /tmp/ccpnpoG9.s:10034  .debug_str:000000000000545e .LASF137
     /tmp/ccpnpoG9.s:10596  .debug_str:0000000000007283 .LASF138
     /tmp/ccpnpoG9.s:10534  .debug_str:0000000000006f25 .LASF139
     /tmp/ccpnpoG9.s:11672  .debug_str:000000000000a9ac .LASF140
     /tmp/ccpnpoG9.s:8754   .debug_str:0000000000000f94 .LASF141
     /tmp/ccpnpoG9.s:9352   .debug_str:0000000000002f37 .LASF142
     /tmp/ccpnpoG9.s:11412  .debug_str:0000000000009d0a .LASF143
     /tmp/ccpnpoG9.s:11236  .debug_str:0000000000009402 .LASF144
     /tmp/ccpnpoG9.s:10312  .debug_str:000000000000627e .LASF145
     /tmp/ccpnpoG9.s:9170   .debug_str:00000000000026a0 .LASF146
     /tmp/ccpnpoG9.s:10478  .debug_str:0000000000006b96 .LASF147
     /tmp/ccpnpoG9.s:9780   .debug_str:00000000000047ba .LASF148
     /tmp/ccpnpoG9.s:12358  .debug_str:000000000000ce3d .LASF149
     /tmp/ccpnpoG9.s:9754   .debug_str:0000000000004686 .LASF150
     /tmp/ccpnpoG9.s:9670   .debug_str:00000000000041f0 .LASF151
     /tmp/ccpnpoG9.s:8786   .debug_str:0000000000001148 .LASF152
     /tmp/ccpnpoG9.s:11124  .debug_str:0000000000008dfd .LASF153
     /tmp/ccpnpoG9.s:9300   .debug_str:0000000000002cb6 .LASF154
     /tmp/ccpnpoG9.s:9092   .debug_str:000000000000226f .LASF155
     /tmp/ccpnpoG9.s:11602  .debug_str:000000000000a6b7 .LASF156
     /tmp/ccpnpoG9.s:11480  .debug_str:000000000000a049 .LASF157
     /tmp/ccpnpoG9.s:11250  .debug_str:00000000000094bc .LASF158
     /tmp/ccpnpoG9.s:12548  .debug_str:000000000000d77b .LASF159
     /tmp/ccpnpoG9.s:9372   .debug_str:0000000000003044 .LASF160
     /tmp/ccpnpoG9.s:12338  .debug_str:000000000000cc25 .LASF161
     /tmp/ccpnpoG9.s:12412  .debug_str:000000000000d13a .LASF162
     /tmp/ccpnpoG9.s:8654   .debug_str:0000000000000a97 .LASF163
     /tmp/ccpnpoG9.s:10128  .debug_str:00000000000058d1 .LASF164
     /tmp/ccpnpoG9.s:9988   .debug_str:0000000000005290 .LASF165
     /tmp/ccpnpoG9.s:12422  .debug_str:000000000000d1b4 .LASF166
     /tmp/ccpnpoG9.s:11908  .debug_str:000000000000b5fd .LASF167
     /tmp/ccpnpoG9.s:12124  .debug_str:000000000000c11e .LASF168
     /tmp/ccpnpoG9.s:9284   .debug_str:0000000000002bd3 .LASF169
     /tmp/ccpnpoG9.s:9482   .debug_str:000000000000374b .LASF170
     /tmp/ccpnpoG9.s:8562   .debug_str:0000000000000704 .LASF171
     /tmp/ccpnpoG9.s:9594   .debug_str:0000000000003dd8 .LASF172
     /tmp/ccpnpoG9.s:12306  .debug_str:000000000000ca9c .LASF173
     /tmp/ccpnpoG9.s:8578   .debug_str:00000000000007aa .LASF174
     /tmp/ccpnpoG9.s:9442   .debug_str:00000000000033bc .LASF175
     /tmp/ccpnpoG9.s:10304  .debug_str:00000000000061f5 .LASF176
     /tmp/ccpnpoG9.s:11014  .debug_str:000000000000886f .LASF177
     /tmp/ccpnpoG9.s:8752   .debug_str:0000000000000f7d .LASF178
     /tmp/ccpnpoG9.s:12330  .debug_str:000000000000cbd1 .LASF179
     /tmp/ccpnpoG9.s:10788  .debug_str:0000000000007cc5 .LASF180
     /tmp/ccpnpoG9.s:12426  .debug_str:000000000000d1da .LASF181
     /tmp/ccpnpoG9.s:8720   .debug_str:0000000000000e54 .LASF182
     /tmp/ccpnpoG9.s:10060  .debug_str:0000000000005592 .LASF183
     /tmp/ccpnpoG9.s:12470  .debug_str:000000000000d3d2 .LASF184
     /tmp/ccpnpoG9.s:12560  .debug_str:000000000000d842 .LASF185
     /tmp/ccpnpoG9.s:10680  .debug_str:0000000000007774 .LASF186
     /tmp/ccpnpoG9.s:9282   .debug_str:0000000000002bc0 .LASF187
     /tmp/ccpnpoG9.s:9070   .debug_str:000000000000215c .LASF188
     /tmp/ccpnpoG9.s:11114  .debug_str:0000000000008d7c .LASF189
     /tmp/ccpnpoG9.s:10036  .debug_str:0000000000005476 .LASF190
     /tmp/ccpnpoG9.s:12340  .debug_str:000000000000cc63 .LASF191
     /tmp/ccpnpoG9.s:11706  .debug_str:000000000000abc0 .LASF192
     /tmp/ccpnpoG9.s:10870  .debug_str:00000000000080a4 .LASF193
     /tmp/ccpnpoG9.s:12360  .debug_str:000000000000ce53 .LASF194
     /tmp/ccpnpoG9.s:11298  .debug_str:0000000000009760 .LASF195
     /tmp/ccpnpoG9.s:9116   .debug_str:0000000000002438 .LASF196
     /tmp/ccpnpoG9.s:8460   .debug_str:000000000000017d .LASF197
     /tmp/ccpnpoG9.s:9272   .debug_str:0000000000002b50 .LASF198
     /tmp/ccpnpoG9.s:8956   .debug_str:0000000000001969 .LASF199
     /tmp/ccpnpoG9.s:8540   .debug_str:0000000000000632 .LASF200
     /tmp/ccpnpoG9.s:10844  .debug_str:0000000000007f79 .LASF201
     /tmp/ccpnpoG9.s:9614   .debug_str:0000000000003ebb .LASF202
     /tmp/ccpnpoG9.s:9522   .debug_str:0000000000003952 .LASF203
     /tmp/ccpnpoG9.s:9082   .debug_str:00000000000021e2 .LASF204
     /tmp/ccpnpoG9.s:12036  .debug_str:000000000000bbd0 .LASF205
     /tmp/ccpnpoG9.s:8778   .debug_str:00000000000010e6 .LASF206
     /tmp/ccpnpoG9.s:11100  .debug_str:0000000000008c9a .LASF207
     /tmp/ccpnpoG9.s:8498   .debug_str:000000000000039e .LASF208
     /tmp/ccpnpoG9.s:11860  .debug_str:000000000000b3de .LASF209
     /tmp/ccpnpoG9.s:8710   .debug_str:0000000000000d93 .LASF210
     /tmp/ccpnpoG9.s:8482   .debug_str:0000000000000267 .LASF211
     /tmp/ccpnpoG9.s:11586  .debug_str:000000000000a5f4 .LASF212
     /tmp/ccpnpoG9.s:11846  .debug_str:000000000000b33f .LASF213
     /tmp/ccpnpoG9.s:8514   .debug_str:00000000000004c4 .LASF214
     /tmp/ccpnpoG9.s:10908  .debug_str:0000000000008267 .LASF215
     /tmp/ccpnpoG9.s:11020  .debug_str:00000000000088b2 .LASF216
     /tmp/ccpnpoG9.s:12020  .debug_str:000000000000bb2f .LASF217
     /tmp/ccpnpoG9.s:10548  .debug_str:0000000000006fed .LASF218
     /tmp/ccpnpoG9.s:11068  .debug_str:0000000000008b07 .LASF219
     /tmp/ccpnpoG9.s:10852  .debug_str:0000000000007fe0 .LASF220
     /tmp/ccpnpoG9.s:11306  .debug_str:00000000000097fa .LASF221
     /tmp/ccpnpoG9.s:12406  .debug_str:000000000000d0f7 .LASF222
     /tmp/ccpnpoG9.s:11200  .debug_str:0000000000009254 .LASF223
     /tmp/ccpnpoG9.s:9690   .debug_str:000000000000431f .LASF224
     /tmp/ccpnpoG9.s:11404  .debug_str:0000000000009ca7 .LASF225
     /tmp/ccpnpoG9.s:12004  .debug_str:000000000000ba97 .LASF226
     /tmp/ccpnpoG9.s:9910   .debug_str:0000000000004f2c .LASF227
     /tmp/ccpnpoG9.s:8966   .debug_str:00000000000019de .LASF228
     /tmp/ccpnpoG9.s:8656   .debug_str:0000000000000aae .LASF229
     /tmp/ccpnpoG9.s:11500  .debug_str:000000000000a1cf .LASF230
     /tmp/ccpnpoG9.s:9134   .debug_str:00000000000024f9 .LASF231
     /tmp/ccpnpoG9.s:12410  .debug_str:000000000000d120 .LASF232
     /tmp/ccpnpoG9.s:11350  .debug_str:00000000000099f3 .LASF233
     /tmp/ccpnpoG9.s:8802   .debug_str:00000000000011f0 .LASF234
     /tmp/ccpnpoG9.s:10726  .debug_str:0000000000007962 .LASF235
     /tmp/ccpnpoG9.s:11514  .debug_str:000000000000a25c .LASF236
     /tmp/ccpnpoG9.s:10410  .debug_str:0000000000006879 .LASF237
     /tmp/ccpnpoG9.s:11952  .debug_str:000000000000b811 .LASF238
     /tmp/ccpnpoG9.s:12188  .debug_str:000000000000c46a .LASF239
     /tmp/ccpnpoG9.s:9824   .debug_str:0000000000004aa5 .LASF240
     /tmp/ccpnpoG9.s:9306   .debug_str:0000000000002ced .LASF241
     /tmp/ccpnpoG9.s:11894  .debug_str:000000000000b570 .LASF242
     /tmp/ccpnpoG9.s:11112  .debug_str:0000000000008d5f .LASF243
     /tmp/ccpnpoG9.s:9112   .debug_str:0000000000002408 .LASF244
     /tmp/ccpnpoG9.s:8834   .debug_str:00000000000013d8 .LASF245
     /tmp/ccpnpoG9.s:9898   .debug_str:0000000000004ea4 .LASF246
     /tmp/ccpnpoG9.s:11474  .debug_str:0000000000009fe9 .LASF247
     /tmp/ccpnpoG9.s:12098  .debug_str:000000000000bf81 .LASF248
     /tmp/ccpnpoG9.s:11048  .debug_str:0000000000008a05 .LASF249
     /tmp/ccpnpoG9.s:9294   .debug_str:0000000000002c3f .LASF250
     /tmp/ccpnpoG9.s:11036  .debug_str:0000000000008982 .LASF251
     /tmp/ccpnpoG9.s:9054   .debug_str:00000000000020b4 .LASF252
     /tmp/ccpnpoG9.s:12106  .debug_str:000000000000c036 .LASF253
     /tmp/ccpnpoG9.s:10670  .debug_str:00000000000076f3 .LASF254
     /tmp/ccpnpoG9.s:8434   .debug_str:0000000000000041 .LASF255
     /tmp/ccpnpoG9.s:10790  .debug_str:0000000000007cd5 .LASF256
     /tmp/ccpnpoG9.s:12390  .debug_str:000000000000cff7 .LASF257
     /tmp/ccpnpoG9.s:9390   .debug_str:0000000000003152 .LASF258
     /tmp/ccpnpoG9.s:11210  .debug_str:00000000000092bc .LASF259
     /tmp/ccpnpoG9.s:9610   .debug_str:0000000000003e94 .LASF260
     /tmp/ccpnpoG9.s:11650  .debug_str:000000000000a888 .LASF261
     /tmp/ccpnpoG9.s:9540   .debug_str:0000000000003a76 .LASF262
     /tmp/ccpnpoG9.s:10440  .debug_str:00000000000069af .LASF263
     /tmp/ccpnpoG9.s:11496  .debug_str:000000000000a178 .LASF264
     /tmp/ccpnpoG9.s:11196  .debug_str:00000000000091fa .LASF265
     /tmp/ccpnpoG9.s:11436  .debug_str:0000000000009e03 .LASF266
     /tmp/ccpnpoG9.s:10772  .debug_str:0000000000007c1c .LASF267
     /tmp/ccpnpoG9.s:8438   .debug_str:000000000000006c .LASF268
     /tmp/ccpnpoG9.s:11826  .debug_str:000000000000b254 .LASF269
     /tmp/ccpnpoG9.s:10628  .debug_str:000000000000753f .LASF270
     /tmp/ccpnpoG9.s:12240  .debug_str:000000000000c70a .LASF271
     /tmp/ccpnpoG9.s:9734   .debug_str:0000000000004542 .LASF272
     /tmp/ccpnpoG9.s:12176  .debug_str:000000000000c3ca .LASF273
     /tmp/ccpnpoG9.s:9346   .debug_str:0000000000002f02 .LASF274
     /tmp/ccpnpoG9.s:9812   .debug_str:00000000000049dd .LASF275
     /tmp/ccpnpoG9.s:10124  .debug_str:000000000000588f .LASF276
     /tmp/ccpnpoG9.s:8668   .debug_str:0000000000000b4f .LASF277
     /tmp/ccpnpoG9.s:10860  .debug_str:000000000000804c .LASF278
     /tmp/ccpnpoG9.s:12316  .debug_str:000000000000cb28 .LASF279
     /tmp/ccpnpoG9.s:11598  .debug_str:000000000000a689 .LASF280
     /tmp/ccpnpoG9.s:10690  .debug_str:00000000000077f1 .LASF281
     /tmp/ccpnpoG9.s:10992  .debug_str:0000000000008771 .LASF282
     /tmp/ccpnpoG9.s:8764   .debug_str:0000000000001043 .LASF283
     /tmp/ccpnpoG9.s:8544   .debug_str:0000000000000661 .LASF284
     /tmp/ccpnpoG9.s:9796   .debug_str:000000000000491c .LASF285
     /tmp/ccpnpoG9.s:10118  .debug_str:000000000000584c .LASF286
     /tmp/ccpnpoG9.s:9526   .debug_str:0000000000003995 .LASF287
     /tmp/ccpnpoG9.s:12452  .debug_str:000000000000d2e4 .LASF288
     /tmp/ccpnpoG9.s:12268  .debug_str:000000000000c888 .LASF289
     /tmp/ccpnpoG9.s:10918  .debug_str:00000000000083b1 .LASF290
     /tmp/ccpnpoG9.s:9198   .debug_str:0000000000002803 .LASF291
     /tmp/ccpnpoG9.s:11042  .debug_str:00000000000089cb .LASF292
     /tmp/ccpnpoG9.s:11818  .debug_str:000000000000b187 .LASF293
     /tmp/ccpnpoG9.s:9252   .debug_str:0000000000002a60 .LASF294
     /tmp/ccpnpoG9.s:11590  .debug_str:000000000000a61f .LASF295
     /tmp/ccpnpoG9.s:8816   .debug_str:0000000000001300 .LASF296
     /tmp/ccpnpoG9.s:11270  .debug_str:0000000000009601 .LASF297
     /tmp/ccpnpoG9.s:9902   .debug_str:0000000000004ed2 .LASF298
     /tmp/ccpnpoG9.s:12074  .debug_str:000000000000bdfb .LASF299
     /tmp/ccpnpoG9.s:11138  .debug_str:0000000000008e97 .LASF300
     /tmp/ccpnpoG9.s:10904  .debug_str:0000000000008232 .LASF301
     /tmp/ccpnpoG9.s:9946   .debug_str:00000000000050d5 .LASF302
     /tmp/ccpnpoG9.s:11242  .debug_str:0000000000009456 .LASF303
     /tmp/ccpnpoG9.s:8684   .debug_str:0000000000000c58 .LASF304
     /tmp/ccpnpoG9.s:10822  .debug_str:0000000000007e1a .LASF305
     /tmp/ccpnpoG9.s:10068  .debug_str:00000000000055ea .LASF306
     /tmp/ccpnpoG9.s:8874   .debug_str:0000000000001556 .LASF307
     /tmp/ccpnpoG9.s:12026  .debug_str:000000000000bb78 .LASF308
     /tmp/ccpnpoG9.s:9764   .debug_str:00000000000046d8 .LASF309
     /tmp/ccpnpoG9.s:12012  .debug_str:000000000000baea .LASF310
     /tmp/ccpnpoG9.s:12084  .debug_str:000000000000bed2 .LASF311
     /tmp/ccpnpoG9.s:11376  .debug_str:0000000000009b6c .LASF312
     /tmp/ccpnpoG9.s:11644  .debug_str:000000000000a84e .LASF313
     /tmp/ccpnpoG9.s:8984   .debug_str:0000000000001ac5 .LASF314
     /tmp/ccpnpoG9.s:11788  .debug_str:000000000000b00f .LASF315
     /tmp/ccpnpoG9.s:10818  .debug_str:0000000000007e03 .LASF316
     /tmp/ccpnpoG9.s:9806   .debug_str:00000000000049a3 .LASF317
     /tmp/ccpnpoG9.s:12488  .debug_str:000000000000d498 .LASF318
     /tmp/ccpnpoG9.s:11308  .debug_str:000000000000983d .LASF319
     /tmp/ccpnpoG9.s:9664   .debug_str:00000000000041c2 .LASF320
     /tmp/ccpnpoG9.s:12296  .debug_str:000000000000ca30 .LASF321
     /tmp/ccpnpoG9.s:12236  .debug_str:000000000000c6de .LASF322
     /tmp/ccpnpoG9.s:8748   .debug_str:0000000000000f48 .LASF323
     /tmp/ccpnpoG9.s:8580   .debug_str:00000000000007ec .LASF324
     /tmp/ccpnpoG9.s:10344  .debug_str:000000000000643c .LASF325
     /tmp/ccpnpoG9.s:10248  .debug_str:0000000000005fa1 .LASF329
     /tmp/ccpnpoG9.s:10536  .debug_str:0000000000006f45 .LASF330
     /tmp/ccpnpoG9.s:10298  .debug_str:000000000000619d .LASF331
     /tmp/ccpnpoG9.s:9616   .debug_str:0000000000003ed3 .LASF332
     /tmp/ccpnpoG9.s:9826   .debug_str:0000000000004abc .LASF333
     /tmp/ccpnpoG9.s:9416   .debug_str:000000000000329b .LASF334
     /tmp/ccpnpoG9.s:9794   .debug_str:0000000000004908 .LASF335
     /tmp/ccpnpoG9.s:8474   .debug_str:0000000000000209 .LASF336
     /tmp/ccpnpoG9.s:9550   .debug_str:0000000000003b11 .LASF337
     /tmp/ccpnpoG9.s:10184  .debug_str:0000000000005c38 .LASF338
     /tmp/ccpnpoG9.s:11218  .debug_str:0000000000009331 .LASF339
     /tmp/ccpnpoG9.s:8582   .debug_str:00000000000007f6 .LASF340
     /tmp/ccpnpoG9.s:10754  .debug_str:0000000000007b1e .LASF341
     /tmp/ccpnpoG9.s:12200  .debug_str:000000000000c512 .LASF342
     /tmp/ccpnpoG9.s:10714  .debug_str:00000000000078e7 .LASF344
     /tmp/ccpnpoG9.s:9630   .debug_str:0000000000003f6e .LASF345
     /tmp/ccpnpoG9.s:12216  .debug_str:000000000000c5d0 .LASF346
     /tmp/ccpnpoG9.s:11748  .debug_str:000000000000ae78 .LASF347
     /tmp/ccpnpoG9.s:11192  .debug_str:000000000000918e .LASF348
     /tmp/ccpnpoG9.s:11840  .debug_str:000000000000b2d9 .LASF349
     /tmp/ccpnpoG9.s:9990   .debug_str:00000000000052a1 .LASF350
     /tmp/ccpnpoG9.s:9626   .debug_str:0000000000003f49 .LASF351
     /tmp/ccpnpoG9.s:12002  .debug_str:000000000000ba89 .LASF352
     /tmp/ccpnpoG9.s:12168  .debug_str:000000000000c374 .LASF353
     /tmp/ccpnpoG9.s:10998  .debug_str:00000000000087d0 .LASF354
     /tmp/ccpnpoG9.s:11312  .debug_str:0000000000009865 .LASF355
     /tmp/ccpnpoG9.s:12112  .debug_str:000000000000c07b .LASF356
     /tmp/ccpnpoG9.s:11832  .debug_str:000000000000b28d .LASF357
     /tmp/ccpnpoG9.s:11016  .debug_str:0000000000008884 .LASF358
     /tmp/ccpnpoG9.s:11386  .debug_str:0000000000009bee .LASF359
     /tmp/ccpnpoG9.s:11686  .debug_str:000000000000aafb .LASF360
     /tmp/ccpnpoG9.s:10700  .debug_str:0000000000007858 .LASF361
     /tmp/ccpnpoG9.s:11688  .debug_str:000000000000ab0b .LASF362
     /tmp/ccpnpoG9.s:8470   .debug_str:00000000000001e5 .LASF363
     /tmp/ccpnpoG9.s:10296  .debug_str:0000000000006186 .LASF364
     /tmp/ccpnpoG9.s:9982   .debug_str:0000000000005254 .LASF365
     /tmp/ccpnpoG9.s:11070  .debug_str:0000000000008b43 .LASF366
     /tmp/ccpnpoG9.s:11742  .debug_str:000000000000ae48 .LASF367
     /tmp/ccpnpoG9.s:12544  .debug_str:000000000000d742 .LASF368
     /tmp/ccpnpoG9.s:10778  .debug_str:0000000000007c4e .LASF369
     /tmp/ccpnpoG9.s:11834  .debug_str:000000000000b29e .LASF370
     /tmp/ccpnpoG9.s:9168   .debug_str:000000000000268a .LASF371
     /tmp/ccpnpoG9.s:11054  .debug_str:0000000000008a8d .LASF372
     /tmp/ccpnpoG9.s:12166  .debug_str:000000000000c36a .LASF373
     /tmp/ccpnpoG9.s:8538   .debug_str:0000000000000615 .LASF374
     /tmp/ccpnpoG9.s:11484  .debug_str:000000000000a07e .LASF375
     /tmp/ccpnpoG9.s:12054  .debug_str:000000000000bcfb .LASF376
     /tmp/ccpnpoG9.s:10338  .debug_str:00000000000063eb .LASF377
     /tmp/ccpnpoG9.s:11870  .debug_str:000000000000b457 .LASF378
     /tmp/ccpnpoG9.s:12208  .debug_str:000000000000c56b .LASF379
     /tmp/ccpnpoG9.s:12096  .debug_str:000000000000bf59 .LASF380
     /tmp/ccpnpoG9.s:11796  .debug_str:000000000000b077 .LASF381
     /tmp/ccpnpoG9.s:8806   .debug_str:0000000000001274 .LASF382
     /tmp/ccpnpoG9.s:12198  .debug_str:000000000000c4f0 .LASF383
     /tmp/ccpnpoG9.s:8728   .debug_str:0000000000000e9c .LASF384
     /tmp/ccpnpoG9.s:10044  .debug_str:00000000000054f1 .LASF385
     /tmp/ccpnpoG9.s:11388  .debug_str:0000000000009bfe .LASF386
     /tmp/ccpnpoG9.s:11440  .debug_str:0000000000009e34 .LASF388
     /tmp/ccpnpoG9.s:9138   .debug_str:0000000000002519 .LASF389
     /tmp/ccpnpoG9.s:12366  .debug_str:000000000000ceef .LASF390
     /tmp/ccpnpoG9.s:12052  .debug_str:000000000000bceb .LASF391
     /tmp/ccpnpoG9.s:11362  .debug_str:0000000000009a8d .LASF392
     /tmp/ccpnpoG9.s:9698   .debug_str:00000000000043ea .LASF393
     /tmp/ccpnpoG9.s:12092  .debug_str:000000000000bf2c .LASF394
     /tmp/ccpnpoG9.s:9876   .debug_str:0000000000004d9f .LASF395
     /tmp/ccpnpoG9.s:9646   .debug_str:000000000000400f .LASF396
     /tmp/ccpnpoG9.s:10518  .debug_str:0000000000006e72 .LASF397
     /tmp/ccpnpoG9.s:8644   .debug_str:0000000000000a1d .LASF398
     /tmp/ccpnpoG9.s:10688  .debug_str:00000000000077d6 .LASF399
     /tmp/ccpnpoG9.s:10854  .debug_str:000000000000801f .LASF400
     /tmp/ccpnpoG9.s:10750  .debug_str:0000000000007af8 .LASF401
     /tmp/ccpnpoG9.s:12454  .debug_str:000000000000d2ff .LASF402
     /tmp/ccpnpoG9.s:12598  .debug_str:000000000000d9e1 .LASF403
     /tmp/ccpnpoG9.s:10530  .debug_str:0000000000006f02 .LASF404
     /tmp/ccpnpoG9.s:9040   .debug_str:0000000000002030 .LASF405
     /tmp/ccpnpoG9.s:12032  .debug_str:000000000000bbb8 .LASF406
     /tmp/ccpnpoG9.s:9462   .debug_str:000000000000362f .LASF407
     /tmp/ccpnpoG9.s:10434  .debug_str:0000000000006972 .LASF408
     /tmp/ccpnpoG9.s:10794  .debug_str:0000000000007cfe .LASF409
     /tmp/ccpnpoG9.s:9938   .debug_str:0000000000005088 .LASF410
     /tmp/ccpnpoG9.s:8704   .debug_str:0000000000000d42 .LASF411
     /tmp/ccpnpoG9.s:8850   .debug_str:0000000000001471 .LASF412
     /tmp/ccpnpoG9.s:9208   .debug_str:000000000000286c .LASF413
     /tmp/ccpnpoG9.s:9928   .debug_str:0000000000004fe2 .LASF414
     /tmp/ccpnpoG9.s:11354  .debug_str:0000000000009a45 .LASF415
     /tmp/ccpnpoG9.s:10820  .debug_str:0000000000007e11 .LASF416
     /tmp/ccpnpoG9.s:9364   .debug_str:0000000000002fe9 .LASF417
     /tmp/ccpnpoG9.s:8900   .debug_str:00000000000016cf .LASF418
     /tmp/ccpnpoG9.s:9970   .debug_str:00000000000051e3 .LASF419
     /tmp/ccpnpoG9.s:11410  .debug_str:0000000000009cf9 .LASF420
     /tmp/ccpnpoG9.s:10614  .debug_str:000000000000736f .LASF421
     /tmp/ccpnpoG9.s:11056  .debug_str:0000000000008a97 .LASF422
     /tmp/ccpnpoG9.s:11152  .debug_str:0000000000008f3c .LASF423
     /tmp/ccpnpoG9.s:12528  .debug_str:000000000000d64c .LASF424
     /tmp/ccpnpoG9.s:10512  .debug_str:0000000000006dbf .LASF425
     /tmp/ccpnpoG9.s:10974  .debug_str:00000000000086d3 .LASF426
     /tmp/ccpnpoG9.s:9150   .debug_str:0000000000002596 .LASF427
     /tmp/ccpnpoG9.s:9202   .debug_str:0000000000002832 .LASF428
     /tmp/ccpnpoG9.s:10182  .debug_str:0000000000005c24 .LASF429
     /tmp/ccpnpoG9.s:11950  .debug_str:000000000000b7ee .LASF430
     /tmp/ccpnpoG9.s:12044  .debug_str:000000000000bc5c .LASF431
     /tmp/ccpnpoG9.s:9634   .debug_str:0000000000003f99 .LASF432
     /tmp/ccpnpoG9.s:8736   .debug_str:0000000000000ed2 .LASF433
     /tmp/ccpnpoG9.s:10210  .debug_str:0000000000005d7a .LASF434
     /tmp/ccpnpoG9.s:10916  .debug_str:0000000000008393 .LASF435
     /tmp/ccpnpoG9.s:9160   .debug_str:000000000000263e .LASF436
     /tmp/ccpnpoG9.s:10784  .debug_str:0000000000007c9c .LASF437
     /tmp/ccpnpoG9.s:12006  .debug_str:000000000000baaf .LASF438
     /tmp/ccpnpoG9.s:10682  .debug_str:000000000000778d .LASF439
     /tmp/ccpnpoG9.s:9324   .debug_str:0000000000002ddf .LASF440
     /tmp/ccpnpoG9.s:12414  .debug_str:000000000000d14f .LASF441
     /tmp/ccpnpoG9.s:8572   .debug_str:0000000000000769 .LASF442
     /tmp/ccpnpoG9.s:8884   .debug_str:00000000000015bf .LASF443
     /tmp/ccpnpoG9.s:9510   .debug_str:00000000000038a5 .LASF444
     /tmp/ccpnpoG9.s:11812  .debug_str:000000000000b136 .LASF445
     /tmp/ccpnpoG9.s:8516   .debug_str:00000000000004e0 .LASF446
     /tmp/ccpnpoG9.s:10508  .debug_str:0000000000006d85 .LASF447
     /tmp/ccpnpoG9.s:10698  .debug_str:000000000000783c .LASF448
     /tmp/ccpnpoG9.s:8750   .debug_str:0000000000000f60 .LASF449
     /tmp/ccpnpoG9.s:12376  .debug_str:000000000000cf48 .LASF450
     /tmp/ccpnpoG9.s:12122  .debug_str:000000000000c0e5 .LASF451
     /tmp/ccpnpoG9.s:9882   .debug_str:0000000000004de2 .LASF452
     /tmp/ccpnpoG9.s:11716  .debug_str:000000000000ac9d .LASF453
     /tmp/ccpnpoG9.s:10972  .debug_str:00000000000086b7 .LASF454
     /tmp/ccpnpoG9.s:9572   .debug_str:0000000000003c61 .LASF455
     /tmp/ccpnpoG9.s:9096   .debug_str:0000000000002298 .LASF456
     /tmp/ccpnpoG9.s:11872  .debug_str:000000000000b461 .LASF457
     /tmp/ccpnpoG9.s:11910  .debug_str:000000000000b60c .LASF458
     /tmp/ccpnpoG9.s:9114   .debug_str:0000000000002420 .LASF459
     /tmp/ccpnpoG9.s:10900  .debug_str:00000000000081d3 .LASF460
     /tmp/ccpnpoG9.s:12152  .debug_str:000000000000c2c8 .LASF461
     /tmp/ccpnpoG9.s:8640   .debug_str:00000000000009f1 .LASF462
     /tmp/ccpnpoG9.s:11182  .debug_str:00000000000090fa .LASF463
     /tmp/ccpnpoG9.s:12324  .debug_str:000000000000cb83 .LASF464
     /tmp/ccpnpoG9.s:12480  .debug_str:000000000000d461 .LASF465
     /tmp/ccpnpoG9.s:11584  .debug_str:000000000000a5db .LASF466
     /tmp/ccpnpoG9.s:8566   .debug_str:0000000000000732 .LASF467
     /tmp/ccpnpoG9.s:11738  .debug_str:000000000000ae1b .LASF468
     /tmp/ccpnpoG9.s:10050  .debug_str:0000000000005525 .LASF469
     /tmp/ccpnpoG9.s:9420   .debug_str:00000000000032cc .LASF470
     /tmp/ccpnpoG9.s:8942   .debug_str:00000000000018b0 .LASF471
     /tmp/ccpnpoG9.s:11296  .debug_str:000000000000973d .LASF472
     /tmp/ccpnpoG9.s:12042  .debug_str:000000000000bc37 .LASF473
     /tmp/ccpnpoG9.s:12210  .debug_str:000000000000c584 .LASF474
     /tmp/ccpnpoG9.s:10626  .debug_str:000000000000751a .LASF475
     /tmp/ccpnpoG9.s:8706   .debug_str:0000000000000d53 .LASF476
     /tmp/ccpnpoG9.s:10204  .debug_str:0000000000005d17 .LASF477
     /tmp/ccpnpoG9.s:10362  .debug_str:00000000000065bd .LASF478
     /tmp/ccpnpoG9.s:9478   .debug_str:0000000000003709 .LASF479
     /tmp/ccpnpoG9.s:11802  .debug_str:000000000000b0b3 .LASF480
     /tmp/ccpnpoG9.s:11462  .debug_str:0000000000009f39 .LASF481
     /tmp/ccpnpoG9.s:10656  .debug_str:000000000000765f .LASF482
     /tmp/ccpnpoG9.s:12508  .debug_str:000000000000d56f .LASF483
     /tmp/ccpnpoG9.s:8964   .debug_str:00000000000019bd .LASF484
     /tmp/ccpnpoG9.s:10740  .debug_str:0000000000007a69 .LASF485
     /tmp/ccpnpoG9.s:10178  .debug_str:0000000000005be2 .LASF486
     /tmp/ccpnpoG9.s:10198  .debug_str:0000000000005cc1 .LASF487
     /tmp/ccpnpoG9.s:11792  .debug_str:000000000000b035 .LASF488
     /tmp/ccpnpoG9.s:10464  .debug_str:0000000000006af6 .LASF489
     /tmp/ccpnpoG9.s:11188  .debug_str:000000000000913a .LASF490
     /tmp/ccpnpoG9.s:10300  .debug_str:00000000000061aa .LASF491
     /tmp/ccpnpoG9.s:12472  .debug_str:000000000000d3ee .LASF492
     /tmp/ccpnpoG9.s:11762  .debug_str:000000000000af0e .LASF493
     /tmp/ccpnpoG9.s:8690   .debug_str:0000000000000ca1 .LASF494
     /tmp/ccpnpoG9.s:10762  .debug_str:0000000000007b8f .LASF495
     /tmp/ccpnpoG9.s:9500   .debug_str:0000000000003826 .LASF496
     /tmp/ccpnpoG9.s:12126  .debug_str:000000000000c136 .LASF497
     /tmp/ccpnpoG9.s:11822  .debug_str:000000000000b1c6 .LASF498
     /tmp/ccpnpoG9.s:12460  .debug_str:000000000000d341 .LASF499
     /tmp/ccpnpoG9.s:11304  .debug_str:00000000000097ae .LASF500
     /tmp/ccpnpoG9.s:10618  .debug_str:00000000000073b3 .LASF501
     /tmp/ccpnpoG9.s:8528   .debug_str:0000000000000577 .LASF502
     /tmp/ccpnpoG9.s:11654  .debug_str:000000000000a8bc .LASF503
     /tmp/ccpnpoG9.s:9554   .debug_str:0000000000003b40 .LASF504
     /tmp/ccpnpoG9.s:11102  .debug_str:0000000000008cb1 .LASF505
     /tmp/ccpnpoG9.s:11072  .debug_str:0000000000008b53 .LASF506
     /tmp/ccpnpoG9.s:9078   .debug_str:00000000000021a9 .LASF507
     /tmp/ccpnpoG9.s:10480  .debug_str:0000000000006bac .LASF508
     /tmp/ccpnpoG9.s:9870   .debug_str:0000000000004d05 .LASF509
     /tmp/ccpnpoG9.s:10956  .debug_str:00000000000085a6 .LASF510
     /tmp/ccpnpoG9.s:8890   .debug_str:0000000000001610 .LASF511
     /tmp/ccpnpoG9.s:9930   .debug_str:0000000000004ff3 .LASF512
     /tmp/ccpnpoG9.s:9330   .debug_str:0000000000002e36 .LASF513
     /tmp/ccpnpoG9.s:10672  .debug_str:0000000000007707 .LASF514
     /tmp/ccpnpoG9.s:11226  .debug_str:000000000000938e .LASF515
     /tmp/ccpnpoG9.s:11588  .debug_str:000000000000a605 .LASF516
     /tmp/ccpnpoG9.s:12246  .debug_str:000000000000c772 .LASF517
     /tmp/ccpnpoG9.s:9238   .debug_str:00000000000029a6 .LASF518
     /tmp/ccpnpoG9.s:10902  .debug_str:00000000000081ef .LASF519
     /tmp/ccpnpoG9.s:9158   .debug_str:00000000000025f6 .LASF520
     /tmp/ccpnpoG9.s:10824  .debug_str:0000000000007e3b .LASF521
     /tmp/ccpnpoG9.s:11858  .debug_str:000000000000b3d3 .LASF522
     /tmp/ccpnpoG9.s:8534   .debug_str:00000000000005fc .LASF523
     /tmp/ccpnpoG9.s:12130  .debug_str:000000000000c183 .LASF524
     /tmp/ccpnpoG9.s:10246  .debug_str:0000000000005f87 .LASF525
     /tmp/ccpnpoG9.s:9654   .debug_str:00000000000040f2 .LASF526
     /tmp/ccpnpoG9.s:9620   .debug_str:0000000000003ef8 .LASF527
     /tmp/ccpnpoG9.s:9250   .debug_str:0000000000002a4c .LASF528
     /tmp/ccpnpoG9.s:10912  .debug_str:0000000000008297 .LASF529
     /tmp/ccpnpoG9.s:12048  .debug_str:000000000000bc89 .LASF530
     /tmp/ccpnpoG9.s:10556  .debug_str:0000000000007066 .LASF531
     /tmp/ccpnpoG9.s:12562  .debug_str:000000000000d859 .LASF532
     /tmp/ccpnpoG9.s:11180  .debug_str:00000000000090ad .LASF533
     /tmp/ccpnpoG9.s:10928  .debug_str:0000000000008419 .LASF534
     /tmp/ccpnpoG9.s:9676   .debug_str:0000000000004236 .LASF535
     /tmp/ccpnpoG9.s:9568   .debug_str:0000000000003c07 .LASF536
     /tmp/ccpnpoG9.s:10934  .debug_str:000000000000849b .LASF537
     /tmp/ccpnpoG9.s:11714  .debug_str:000000000000ac52 .LASF538
     /tmp/ccpnpoG9.s:8898   .debug_str:0000000000001689 .LASF539
     /tmp/ccpnpoG9.s:8758   .debug_str:0000000000000fd7 .LASF540
     /tmp/ccpnpoG9.s:11050  .debug_str:0000000000008a46 .LASF541
     /tmp/ccpnpoG9.s:10358  .debug_str:0000000000006520 .LASF542
     /tmp/ccpnpoG9.s:11694  .debug_str:000000000000ab41 .LASF543
     /tmp/ccpnpoG9.s:9298   .debug_str:0000000000002caa .LASF544
     /tmp/ccpnpoG9.s:10054  .debug_str:0000000000005549 .LASF545
     /tmp/ccpnpoG9.s:9538   .debug_str:0000000000003a6a .LASF546
     /tmp/ccpnpoG9.s:8718   .debug_str:0000000000000e47 .LASF547
     /tmp/ccpnpoG9.s:11488  .debug_str:000000000000a0a9 .LASF548
     /tmp/ccpnpoG9.s:11078  .debug_str:0000000000008bc7 .LASF549
     /tmp/ccpnpoG9.s:11062  .debug_str:0000000000008ada .LASF550
     /tmp/ccpnpoG9.s:11904  .debug_str:000000000000b5e1 .LASF551
     /tmp/ccpnpoG9.s:12182  .debug_str:000000000000c40a .LASF552
     /tmp/ccpnpoG9.s:9292   .debug_str:0000000000002c2f .LASF553
     /tmp/ccpnpoG9.s:9574   .debug_str:0000000000003c78 .LASF554
     /tmp/ccpnpoG9.s:10994  .debug_str:00000000000087a2 .LASF555
     /tmp/ccpnpoG9.s:8776   .debug_str:00000000000010d9 .LASF556
     /tmp/ccpnpoG9.s:8606   .debug_str:00000000000008ef .LASF557
     /tmp/ccpnpoG9.s:9254   .debug_str:0000000000002a85 .LASF558
     /tmp/ccpnpoG9.s:11212  .debug_str:00000000000092d5 .LASF559
     /tmp/ccpnpoG9.s:11804  .debug_str:000000000000b0e8 .LASF560
     /tmp/ccpnpoG9.s:11906  .debug_str:000000000000b5f2 .LASF561
     /tmp/ccpnpoG9.s:10496  .debug_str:0000000000006cf1 .LASF562
     /tmp/ccpnpoG9.s:11684  .debug_str:000000000000aaec .LASF563
     /tmp/ccpnpoG9.s:9628   .debug_str:0000000000003f5b .LASF564
     /tmp/ccpnpoG9.s:8462   .debug_str:000000000000018d .LASF565
     /tmp/ccpnpoG9.s:9732   .debug_str:0000000000004536 .LASF566
     /tmp/ccpnpoG9.s:8906   .debug_str:000000000000170e .LASF567
     /tmp/ccpnpoG9.s:9338   .debug_str:0000000000002e95 .LASF568
     /tmp/ccpnpoG9.s:10010  .debug_str:0000000000005357 .LASF569
     /tmp/ccpnpoG9.s:11148  .debug_str:0000000000008f1a .LASF570
     /tmp/ccpnpoG9.s:10064  .debug_str:00000000000055c9 .LASF571
     /tmp/ccpnpoG9.s:11478  .debug_str:000000000000a03a .LASF572
     /tmp/ccpnpoG9.s:10616  .debug_str:000000000000737b .LASF573
     /tmp/ccpnpoG9.s:12424  .debug_str:000000000000d1c8 .LASF574
     /tmp/ccpnpoG9.s:11506  .debug_str:000000000000a214 .LASF576
     /tmp/ccpnpoG9.s:10232  .debug_str:0000000000005ee6 .LASF577
     /tmp/ccpnpoG9.s:10658  .debug_str:0000000000007678 .LASF580
     /tmp/ccpnpoG9.s:12016  .debug_str:000000000000bb0d .LASF581
     /tmp/ccpnpoG9.s:8490   .debug_str:000000000000033c .LASF582
     /tmp/ccpnpoG9.s:10254  .debug_str:0000000000005fea .LASF583
     /tmp/ccpnpoG9.s:11782  .debug_str:000000000000afc9 .LASF585
     /tmp/ccpnpoG9.s:9488   .debug_str:0000000000003780 .LASF586
     /tmp/ccpnpoG9.s:10982  .debug_str:0000000000008720 .LASF587
     /tmp/ccpnpoG9.s:8506   .debug_str:00000000000003f2 .LASF588
     /tmp/ccpnpoG9.s:12596  .debug_str:000000000000d9d3 .LASF589
     /tmp/ccpnpoG9.s:10898  .debug_str:00000000000081b9 .LASF590
     /tmp/ccpnpoG9.s:10622  .debug_str:0000000000007454 .LASF591
     /tmp/ccpnpoG9.s:9524   .debug_str:000000000000398d .LASF592
     /tmp/ccpnpoG9.s:11472  .debug_str:0000000000009fde .LASF593
     /tmp/ccpnpoG9.s:8908   .debug_str:0000000000001720 .LASF594
     /tmp/ccpnpoG9.s:10018  .debug_str:000000000000539f .LASF595
     /tmp/ccpnpoG9.s:8978   .debug_str:0000000000001a63 .LASF596
     /tmp/ccpnpoG9.s:11852  .debug_str:000000000000b392 .LASF597
     /tmp/ccpnpoG9.s:9828   .debug_str:0000000000004ad4 .LASF598
     /tmp/ccpnpoG9.s:10944  .debug_str:0000000000008530 .LASF599
     /tmp/ccpnpoG9.s:9104   .debug_str:0000000000002387 .LASF600
     /tmp/ccpnpoG9.s:8886   .debug_str:00000000000015d7 .LASF601
     /tmp/ccpnpoG9.s:11914  .debug_str:000000000000b63c .LASF602
     /tmp/ccpnpoG9.s:10674  .debug_str:0000000000007720 .LASF603
     /tmp/ccpnpoG9.s:10540  .debug_str:0000000000006f71 .LASF604
     /tmp/ccpnpoG9.s:9454   .debug_str:00000000000035c0 .LASF605
     /tmp/ccpnpoG9.s:12652  .debug_str:000000000000dc1e .LASF606
     /tmp/ccpnpoG9.s:9398   .debug_str:00000000000031bc .LASF607
     /tmp/ccpnpoG9.s:9370   .debug_str:000000000000301c .LASF608
     /tmp/ccpnpoG9.s:11610  .debug_str:000000000000a703 .LASF609
     /tmp/ccpnpoG9.s:10364  .debug_str:00000000000065f0 .LASF610
     /tmp/ccpnpoG9.s:11700  .debug_str:000000000000ab7f .LASF611
     /tmp/ccpnpoG9.s:12466  .debug_str:000000000000d3a4 .LASF612
     /tmp/ccpnpoG9.s:10662  .debug_str:00000000000076a0 .LASF613
     /tmp/ccpnpoG9.s:10572  .debug_str:0000000000007139 .LASF614
     /tmp/ccpnpoG9.s:10836  .debug_str:0000000000007ec1 .LASF615
     /tmp/ccpnpoG9.s:10894  .debug_str:000000000000818d .LASF616
     /tmp/ccpnpoG9.s:11690  .debug_str:000000000000ab21 .LASF617
     /tmp/ccpnpoG9.s:9164   .debug_str:000000000000265f .LASF618
     /tmp/ccpnpoG9.s:12356  .debug_str:000000000000ce26 .LASF619
     /tmp/ccpnpoG9.s:11890  .debug_str:000000000000b541 .LASF620
     /tmp/ccpnpoG9.s:12354  .debug_str:000000000000cd30 .LASF621
     /tmp/ccpnpoG9.s:11490  .debug_str:000000000000a0b5 .LASF622
     /tmp/ccpnpoG9.s:11082  .debug_str:0000000000008beb .LASF623
     /tmp/ccpnpoG9.s:9102   .debug_str:00000000000022dc .LASF624
     /tmp/ccpnpoG9.s:8674   .debug_str:0000000000000b99 .LASF625
     /tmp/ccpnpoG9.s:8508   .debug_str:000000000000040a .LASF626
     /tmp/ccpnpoG9.s:9444   .debug_str:0000000000003401 .LASF627
     /tmp/ccpnpoG9.s:10324  .debug_str:00000000000062fa .LASF628
     /tmp/ccpnpoG9.s:10222  .debug_str:0000000000005deb .LASF629
     /tmp/ccpnpoG9.s:10360  .debug_str:0000000000006555 .LASF630
     /tmp/ccpnpoG9.s:9380   .debug_str:00000000000030a1 .LASF631
     /tmp/ccpnpoG9.s:9002   .debug_str:0000000000001b84 .LASF632
     /tmp/ccpnpoG9.s:8716   .debug_str:0000000000000dd2 .LASF633
     /tmp/ccpnpoG9.s:9660   .debug_str:000000000000414f .LASF634
     /tmp/ccpnpoG9.s:11372  .debug_str:0000000000009b23 .LASF635
     /tmp/ccpnpoG9.s:11844  .debug_str:000000000000b30f .LASF636
     /tmp/ccpnpoG9.s:10526  .debug_str:0000000000006ec5 .LASF637
     /tmp/ccpnpoG9.s:11384  .debug_str:0000000000009bc1 .LASF638
     /tmp/ccpnpoG9.s:10782  .debug_str:0000000000007c71 .LASF639
     /tmp/ccpnpoG9.s:9872   .debug_str:0000000000004d5d .LASF640
     /tmp/ccpnpoG9.s:10930  .debug_str:0000000000008456 .LASF641
     /tmp/ccpnpoG9.s:9322   .debug_str:0000000000002db9 .LASF642
     /tmp/ccpnpoG9.s:10506  .debug_str:0000000000006d55 .LASF643
     /tmp/ccpnpoG9.s:9178   .debug_str:0000000000002709 .LASF644
     /tmp/ccpnpoG9.s:12250  .debug_str:000000000000c797 .LASF645
     /tmp/ccpnpoG9.s:10582  .debug_str:00000000000071ab .LASF646
     /tmp/ccpnpoG9.s:11368  .debug_str:0000000000009acf .LASF647
     /tmp/ccpnpoG9.s:12150  .debug_str:000000000000c293 .LASF648
     /tmp/ccpnpoG9.s:12254  .debug_str:000000000000c7c3 .LASF649
     /tmp/ccpnpoG9.s:12294  .debug_str:000000000000c9f9 .LASF650
     /tmp/ccpnpoG9.s:11216  .debug_str:00000000000092fa .LASF651
     /tmp/ccpnpoG9.s:11982  .debug_str:000000000000b97f .LASF652
     /tmp/ccpnpoG9.s:9448   .debug_str:000000000000355b .LASF653
     /tmp/ccpnpoG9.s:9328   .debug_str:0000000000002dfd .LASF654
     /tmp/ccpnpoG9.s:9536   .debug_str:0000000000003a2d .LASF655
     /tmp/ccpnpoG9.s:9270   .debug_str:0000000000002b21 .LASF656
     /tmp/ccpnpoG9.s:12244  .debug_str:000000000000c738 .LASF657
     /tmp/ccpnpoG9.s:9344   .debug_str:0000000000002ed6 .LASF658
     /tmp/ccpnpoG9.s:9816   .debug_str:0000000000004a1d .LASF659
     /tmp/ccpnpoG9.s:10510  .debug_str:0000000000006da2 .LASF660
     /tmp/ccpnpoG9.s:11614  .debug_str:000000000000a72b .LASF661
     /tmp/ccpnpoG9.s:10600  .debug_str:00000000000072bb .LASF662
     /tmp/ccpnpoG9.s:9866   .debug_str:0000000000004cd9 .LASF663
     /tmp/ccpnpoG9.s:9356   .debug_str:0000000000002f71 .LASF664
     /tmp/ccpnpoG9.s:9860   .debug_str:0000000000004c9c .LASF665
     /tmp/ccpnpoG9.s:10002  .debug_str:000000000000531b .LASF666
     /tmp/ccpnpoG9.s:11582  .debug_str:000000000000a5cb .LASF667
     /tmp/ccpnpoG9.s:10578  .debug_str:0000000000007180 .LASF668
     /tmp/ccpnpoG9.s:9334   .debug_str:0000000000002e69 .LASF669
     /tmp/ccpnpoG9.s:9820   .debug_str:0000000000004a81 .LASF670
     /tmp/ccpnpoG9.s:11608  .debug_str:000000000000a6f0 .LASF671
     /tmp/ccpnpoG9.s:10418  .debug_str:00000000000068b8 .LASF672
     /tmp/ccpnpoG9.s:10170  .debug_str:0000000000005b8a .LASF673
     /tmp/ccpnpoG9.s:9840   .debug_str:0000000000004b66 .LASF674
     /tmp/ccpnpoG9.s:12158  .debug_str:000000000000c31c .LASF675
     /tmp/ccpnpoG9.s:12574  .debug_str:000000000000d908 .LASF676
     /tmp/ccpnpoG9.s:12484  .debug_str:000000000000d475 .LASF677
     /tmp/ccpnpoG9.s:9884   .debug_str:0000000000004e00 .LASF678
     /tmp/ccpnpoG9.s:10336  .debug_str:00000000000063d7 .LASF679
     /tmp/ccpnpoG9.s:8510   .debug_str:000000000000049a .LASF680
     /tmp/ccpnpoG9.s:11616  .debug_str:000000000000a745 .LASF681
     /tmp/ccpnpoG9.s:11402  .debug_str:0000000000009c93 .LASF682
     /tmp/ccpnpoG9.s:10340  .debug_str:00000000000063f7 .LASF683
     /tmp/ccpnpoG9.s:11316  .debug_str:000000000000989a .LASF685
     /tmp/ccpnpoG9.s:9582   .debug_str:0000000000003ce6 .LASF686
     /tmp/ccpnpoG9.s:10738  .debug_str:0000000000007a58 .LASF687
     /tmp/ccpnpoG9.s:9658   .debug_str:0000000000004134 .LASF688
     /tmp/ccpnpoG9.s:9736   .debug_str:0000000000004558 .LASF689
     /tmp/ccpnpoG9.s:10568  .debug_str:000000000000710f .LASF690
     /tmp/ccpnpoG9.s:12280  .debug_str:000000000000c943 .LASF691
     /tmp/ccpnpoG9.s:8722   .debug_str:0000000000000e64 .LASF692
     /tmp/ccpnpoG9.s:9362   .debug_str:0000000000002fd2 .LASF693
     /tmp/ccpnpoG9.s:8714   .debug_str:0000000000000dbb .LASF694
     /tmp/ccpnpoG9.s:12352  .debug_str:000000000000cd0c .LASF695
     /tmp/ccpnpoG9.s:11674  .debug_str:000000000000a9cc .LASF696
     /tmp/ccpnpoG9.s:12062  .debug_str:000000000000bd4c .LASF697
     /tmp/ccpnpoG9.s:10112  .debug_str:00000000000057b9 .LASF698
     /tmp/ccpnpoG9.s:11504  .debug_str:000000000000a1fa .LASF699
     /tmp/ccpnpoG9.s:10000  .debug_str:0000000000005301 .LASF700
     /tmp/ccpnpoG9.s:11058  .debug_str:0000000000008aa8 .LASF701
     /tmp/ccpnpoG9.s:10280  .debug_str:00000000000060f4 .LASF704
     /tmp/ccpnpoG9.s:12586  .debug_str:000000000000d97e .LASF705
     /tmp/ccpnpoG9.s:10314  .debug_str:000000000000628e .LASF706
     /tmp/ccpnpoG9.s:9044   .debug_str:0000000000002051 .LASF707
     /tmp/ccpnpoG9.s:9774   .debug_str:0000000000004784 .LASF708
     /tmp/ccpnpoG9.s:9560   .debug_str:0000000000003bab .LASF709
     /tmp/ccpnpoG9.s:12554  .debug_str:000000000000d7da .LASF710
     /tmp/ccpnpoG9.s:10842  .debug_str:0000000000007ef6 .LASF711
     /tmp/ccpnpoG9.s:10914  .debug_str:00000000000082bc .LASF712
     /tmp/ccpnpoG9.s:9788   .debug_str:0000000000004818 .LASF713
     /tmp/ccpnpoG9.s:11260  .debug_str:0000000000009543 .LASF716
     /tmp/ccpnpoG9.s:12362  .debug_str:000000000000ce6b .LASF717
     /tmp/ccpnpoG9.s:9046   .debug_str:0000000000002063 .LASF718
     /tmp/ccpnpoG9.s:10566  .debug_str:00000000000070fc .LASF719
     /tmp/ccpnpoG9.s:11898  .debug_str:000000000000b5a1 .LASF720
     /tmp/ccpnpoG9.s:10472  .debug_str:0000000000006b5f .LASF721
     /tmp/ccpnpoG9.s:9750   .debug_str:000000000000464c .LASF722
     /tmp/ccpnpoG9.s:8962   .debug_str:00000000000019a8 .LASF723
     /tmp/ccpnpoG9.s:9498   .debug_str:00000000000037e2 .LASF724
     /tmp/ccpnpoG9.s:9852   .debug_str:0000000000004c10 .LASF725
     /tmp/ccpnpoG9.s:8804   .debug_str:000000000000122f .LASF726
     /tmp/ccpnpoG9.s:9696   .debug_str:0000000000004366 .LASF727
     /tmp/ccpnpoG9.s:8610   .debug_str:0000000000000916 .LASF728
     /tmp/ccpnpoG9.s:8620   .debug_str:000000000000096a .LASF729
     /tmp/ccpnpoG9.s:11624  .debug_str:000000000000a793 .LASF730
     /tmp/ccpnpoG9.s:9934   .debug_str:0000000000005064 .LASF731
     /tmp/ccpnpoG9.s:11918  .debug_str:000000000000b67d .LASF732
     /tmp/ccpnpoG9.s:11768  .debug_str:000000000000af52 .LASF733
     /tmp/ccpnpoG9.s:11322  .debug_str:00000000000098da .LASF734
     /tmp/ccpnpoG9.s:9126   .debug_str:00000000000024b1 .LASF735
     /tmp/ccpnpoG9.s:11760  .debug_str:000000000000aefb .LASF736
     /tmp/ccpnpoG9.s:9900   .debug_str:0000000000004ebe .LASF737
     /tmp/ccpnpoG9.s:8734   .debug_str:0000000000000ebd .LASF738
     /tmp/ccpnpoG9.s:11184  .debug_str:0000000000009110 .LASF739
     /tmp/ccpnpoG9.s:11336  .debug_str:000000000000995e .LASF740
     /tmp/ccpnpoG9.s:11556  .debug_str:000000000000a4a7 .LASF741
     /tmp/ccpnpoG9.s:10814  .debug_str:0000000000007de0 .LASF742
     /tmp/ccpnpoG9.s:9190   .debug_str:00000000000027ae .LASF743
     /tmp/ccpnpoG9.s:9132   .debug_str:00000000000024e9 .LASF744
     /tmp/ccpnpoG9.s:12060  .debug_str:000000000000bd3b .LASF745
     /tmp/ccpnpoG9.s:11942  .debug_str:000000000000b794 .LASF746
     /tmp/ccpnpoG9.s:10130  .debug_str:00000000000058e9 .LASF747
     /tmp/ccpnpoG9.s:10966  .debug_str:0000000000008679 .LASF748
     /tmp/ccpnpoG9.s:11448  .debug_str:0000000000009eaf .LASF749
     /tmp/ccpnpoG9.s:10780  .debug_str:0000000000007c60 .LASF750
     /tmp/ccpnpoG9.s:9966   .debug_str:00000000000051bd .LASF751
     /tmp/ccpnpoG9.s:11696  .debug_str:000000000000ab4c .LASF752
     /tmp/ccpnpoG9.s:11168  .debug_str:0000000000008fde .LASF753
     /tmp/ccpnpoG9.s:10868  .debug_str:0000000000008091 .LASF754
     /tmp/ccpnpoG9.s:12552  .debug_str:000000000000d7c5 .LASF755
     /tmp/ccpnpoG9.s:10466  .debug_str:0000000000006b1f .LASF756
     /tmp/ccpnpoG9.s:12076  .debug_str:000000000000be1c .LASF757
     /tmp/ccpnpoG9.s:11414  .debug_str:0000000000009d1e .LASF758
     /tmp/ccpnpoG9.s:8682   .debug_str:0000000000000c42 .LASF759
     /tmp/ccpnpoG9.s:11150  .debug_str:0000000000008f2d .LASF761
     /tmp/ccpnpoG9.s:10290  .debug_str:0000000000006167 .LASF762
     /tmp/ccpnpoG9.s:12164  .debug_str:000000000000c35d .LASF763
     /tmp/ccpnpoG9.s:9072   .debug_str:0000000000002174 .LASF764
     /tmp/ccpnpoG9.s:8848   .debug_str:0000000000001459 .LASF765
     /tmp/ccpnpoG9.s:10426  .debug_str:0000000000006913 .LASF766
     /tmp/ccpnpoG9.s:8830   .debug_str:00000000000013a7 .LASF767
     /tmp/ccpnpoG9.s:11470  .debug_str:0000000000009fc5 .LASF768
     /tmp/ccpnpoG9.s:10420  .debug_str:00000000000068cc .LASF769
     /tmp/ccpnpoG9.s:11996  .debug_str:000000000000ba4a .LASF770
     /tmp/ccpnpoG9.s:11976  .debug_str:000000000000b91a .LASF771
     /tmp/ccpnpoG9.s:9678   .debug_str:0000000000004283 .LASF772
     /tmp/ccpnpoG9.s:12192  .debug_str:000000000000c493 .LASF773
     /tmp/ccpnpoG9.s:12654  .debug_str:000000000000dc48 .LASF776
     /tmp/ccpnpoG9.s:12104  .debug_str:000000000000bfe1 .LASF777
     /tmp/ccpnpoG9.s:9766   .debug_str:00000000000046ed .LASF778
     /tmp/ccpnpoG9.s:10710  .debug_str:00000000000078c7 .LASF779
     /tmp/ccpnpoG9.s:12190  .debug_str:000000000000c485 .LASF780
     /tmp/ccpnpoG9.s:9326   .debug_str:0000000000002df0 .LASF781
     /tmp/ccpnpoG9.s:10192  .debug_str:0000000000005c8b .LASF782
     /tmp/ccpnpoG9.s:12518  .debug_str:000000000000d5e3 .LASF783
     /tmp/ccpnpoG9.s:11668  .debug_str:000000000000a98a .LASF784
     /tmp/ccpnpoG9.s:10664  .debug_str:00000000000076b8 .LASF785
     /tmp/ccpnpoG9.s:11978  .debug_str:000000000000b954 .LASF786
     /tmp/ccpnpoG9.s:10644  .debug_str:00000000000075d7 .LASF787
     /tmp/ccpnpoG9.s:11524  .debug_str:000000000000a35e .LASF788
     /tmp/ccpnpoG9.s:11294  .debug_str:000000000000972f .LASF789
     /tmp/ccpnpoG9.s:10078  .debug_str:0000000000005655 .LASF790
     /tmp/ccpnpoG9.s:10828  .debug_str:0000000000007e73 .LASF791
     /tmp/ccpnpoG9.s:8550   .debug_str:0000000000000696 .LASF792
     /tmp/ccpnpoG9.s:8732   .debug_str:0000000000000eaf .LASF793
     /tmp/ccpnpoG9.s:12396  .debug_str:000000000000d03b .LASF794
     /tmp/ccpnpoG9.s:8478   .debug_str:0000000000000235 .LASF795
     /tmp/ccpnpoG9.s:12370  .debug_str:000000000000cf15 .LASF796
     /tmp/ccpnpoG9.s:11842  .debug_str:000000000000b306 .LASF797
     /tmp/ccpnpoG9.s:10292  .debug_str:0000000000006175 .LASF798
     /tmp/ccpnpoG9.s:10776  .debug_str:0000000000007c45 .LASF799
     /tmp/ccpnpoG9.s:9612   .debug_str:0000000000003eaf .LASF800
     /tmp/ccpnpoG9.s:10718  .debug_str:0000000000007919 .LASF801
     /tmp/ccpnpoG9.s:12516  .debug_str:000000000000d5d1 .LASF802
     /tmp/ccpnpoG9.s:9080   .debug_str:00000000000021cc .LASF803
     /tmp/ccpnpoG9.s:9230   .debug_str:000000000000295e .LASF804
     /tmp/ccpnpoG9.s:8746   .debug_str:0000000000000f3d .LASF805
     /tmp/ccpnpoG9.s:10950  .debug_str:0000000000008571 .LASF806
     /tmp/ccpnpoG9.s:10520  .debug_str:0000000000006e8d .LASF807
     /tmp/ccpnpoG9.s:8794   .debug_str:0000000000001195 .LASF808
     /tmp/ccpnpoG9.s:12564  .debug_str:000000000000d8ac .LASF809
     /tmp/ccpnpoG9.s:9028   .debug_str:0000000000001f9a .LASF810
     /tmp/ccpnpoG9.s:8432   .debug_str:0000000000000028 .LASF811
     /tmp/ccpnpoG9.s:12644  .debug_str:000000000000dbb5 .LASF812
     /tmp/ccpnpoG9.s:11874  .debug_str:000000000000b47c .LASF813
     /tmp/ccpnpoG9.s:12646  .debug_str:000000000000dbcf .LASF814
     /tmp/ccpnpoG9.s:8618   .debug_str:0000000000000952 .LASF815
     /tmp/ccpnpoG9.s:11824  .debug_str:000000000000b1f9 .LASF816
     /tmp/ccpnpoG9.s:10594  .debug_str:0000000000007228 .LASF817
     /tmp/ccpnpoG9.s:10404  .debug_str:00000000000067fc .LASF818
     /tmp/ccpnpoG9.s:12658  .debug_str:000000000000dc6f .LASF819
     /tmp/ccpnpoG9.s:10342  .debug_str:000000000000640c .LASF820
     /tmp/ccpnpoG9.s:8496   .debug_str:000000000000036c .LASF821
     /tmp/ccpnpoG9.s:9108   .debug_str:00000000000023c0 .LASF822
     /tmp/ccpnpoG9.s:11836  .debug_str:000000000000b2a9 .LASF823
     /tmp/ccpnpoG9.s:12196  .debug_str:000000000000c4c9 .LASF824
     /tmp/ccpnpoG9.s:11032  .debug_str:0000000000008943 .LASF825
     /tmp/ccpnpoG9.s:10736  .debug_str:00000000000079f0 .LASF826
     /tmp/ccpnpoG9.s:9262   .debug_str:0000000000002add .LASF827
     /tmp/ccpnpoG9.s:12492  .debug_str:000000000000d4bb .LASF831
     /tmp/ccpnpoG9.s:11568  .debug_str:000000000000a516 .LASF832
     /tmp/ccpnpoG9.s:9062   .debug_str:0000000000002110 .LASF833
     /tmp/ccpnpoG9.s:8860   .debug_str:00000000000014d6 .LASF835
     /tmp/ccpnpoG9.s:11178  .debug_str:00000000000090a5 .LASF836
     /tmp/ccpnpoG9.s:8838   .debug_str:00000000000013ff .LASF837
     /tmp/ccpnpoG9.s:12252  .debug_str:000000000000c7be .LASF838
     /tmp/ccpnpoG9.s:10132  .debug_str:00000000000058fa .LASF839
     /tmp/ccpnpoG9.s:10938  .debug_str:00000000000084fe .LASF840
     /tmp/ccpnpoG9.s:12100  .debug_str:000000000000bfbf .LASF841
     /tmp/ccpnpoG9.s:10476  .debug_str:0000000000006b8d .LASF842
     /tmp/ccpnpoG9.s:9290   .debug_str:0000000000002c24 .LASF843
     /tmp/ccpnpoG9.s:10890  .debug_str:0000000000008160 .LASF844
     /tmp/ccpnpoG9.s:9762   .debug_str:00000000000046d1 .LASF845
     /tmp/ccpnpoG9.s:11274  .debug_str:0000000000009636 .LASF846
     /tmp/ccpnpoG9.s:9376   .debug_str:0000000000003088 .LASF847
     /tmp/ccpnpoG9.s:10024  .debug_str:00000000000053f7 .LASF848
     /tmp/ccpnpoG9.s:11566  .debug_str:000000000000a50a .LASF849
     /tmp/ccpnpoG9.s:9906   .debug_str:0000000000004f0a .LASF850
     /tmp/ccpnpoG9.s:12632  .debug_str:000000000000db39 .LASF851
     /tmp/ccpnpoG9.s:9480   .debug_str:0000000000003742 .LASF852
     /tmp/ccpnpoG9.s:12136  .debug_str:000000000000c1e0 .LASF853
     /tmp/ccpnpoG9.s:10408  .debug_str:000000000000686f .LASF854
     /tmp/ccpnpoG9.s:12514  .debug_str:000000000000d5c4 .LASF855
     /tmp/ccpnpoG9.s:11096  .debug_str:0000000000008c81 .LASF856
     /tmp/ccpnpoG9.s:10744  .debug_str:0000000000007abe .LASF857
     /tmp/ccpnpoG9.s:10922  .debug_str:00000000000083dd .LASF858
     /tmp/ccpnpoG9.s:9496   .debug_str:00000000000037d4 .LASF859
     /tmp/ccpnpoG9.s:9552   .debug_str:0000000000003b27 .LASF860
     /tmp/ccpnpoG9.s:11808  .debug_str:000000000000b102 .LASF861
     /tmp/ccpnpoG9.s:12650  .debug_str:000000000000dc04 .LASF862
     /tmp/ccpnpoG9.s:11548  .debug_str:000000000000a44f .LASF863
     /tmp/ccpnpoG9.s:9864   .debug_str:0000000000004cc1 .LASF864
     /tmp/ccpnpoG9.s:9918   .debug_str:0000000000004f78 .LASF865
     /tmp/ccpnpoG9.s:9948   .debug_str:00000000000050f3 .LASF866
     /tmp/ccpnpoG9.s:11880  .debug_str:000000000000b4c9 .LASF867
     /tmp/ccpnpoG9.s:11850  .debug_str:000000000000b371 .LASF868
     /tmp/ccpnpoG9.s:11142  .debug_str:0000000000008ece .LASF869
     /tmp/ccpnpoG9.s:10250  .debug_str:0000000000005fb7 .LASF870
     /tmp/ccpnpoG9.s:11208  .debug_str:000000000000929f .LASF871
     /tmp/ccpnpoG9.s:11348  .debug_str:00000000000099db .LASF872
     /tmp/ccpnpoG9.s:11004  .debug_str:0000000000008810 .LASF873
     /tmp/ccpnpoG9.s:11398  .debug_str:0000000000009c56 .LASF874
     /tmp/ccpnpoG9.s:10270  .debug_str:0000000000006085 .LASF875
     /tmp/ccpnpoG9.s:11708  .debug_str:000000000000ac01 .LASF876
     /tmp/ccpnpoG9.s:9342   .debug_str:0000000000002eb7 .LASF877
     /tmp/ccpnpoG9.s:10388  .debug_str:000000000000675a .LASF878
     /tmp/ccpnpoG9.s:9144   .debug_str:000000000000255a .LASF879
     /tmp/ccpnpoG9.s:9396   .debug_str:0000000000003191 .LASF880
     /tmp/ccpnpoG9.s:12292  .debug_str:000000000000c9d3 .LASF881
     /tmp/ccpnpoG9.s:11344  .debug_str:00000000000099a7 .LASF882
     /tmp/ccpnpoG9.s:10104  .debug_str:0000000000005746 .LASF883
     /tmp/ccpnpoG9.s:12662  .debug_str:000000000000dcb3 .LASF884
     /tmp/ccpnpoG9.s:11458  .debug_str:0000000000009f15 .LASF885
     /tmp/ccpnpoG9.s:11554  .debug_str:000000000000a47c .LASF886
     /tmp/ccpnpoG9.s:12346  .debug_str:000000000000ccc3 .LASF887
     /tmp/ccpnpoG9.s:11464  .debug_str:0000000000009f76 .LASF888
     /tmp/ccpnpoG9.s:8932   .debug_str:000000000000182a .LASF889
     /tmp/ccpnpoG9.s:9172   .debug_str:00000000000026b8 .LASF890
     /tmp/ccpnpoG9.s:10470  .debug_str:0000000000006b43 .LASF891
     /tmp/ccpnpoG9.s:12138  .debug_str:000000000000c1ea .LASF892
     /tmp/ccpnpoG9.s:9296   .debug_str:0000000000002c84 .LASF893
     /tmp/ccpnpoG9.s:11434  .debug_str:0000000000009ddb .LASF894
     /tmp/ccpnpoG9.s:12072  .debug_str:000000000000bdd4 .LASF895
     /tmp/ccpnpoG9.s:9848   .debug_str:0000000000004bc5 .LASF896
     /tmp/ccpnpoG9.s:9056   .debug_str:00000000000020ce .LASF897
     /tmp/ccpnpoG9.s:10542  .debug_str:0000000000006f9f .LASF898
     /tmp/ccpnpoG9.s:9258   .debug_str:0000000000002aa2 .LASF899
     /tmp/ccpnpoG9.s:10608  .debug_str:0000000000007319 .LASF900
     /tmp/ccpnpoG9.s:8766   .debug_str:000000000000105a .LASF901
     /tmp/ccpnpoG9.s:12378  .debug_str:000000000000cf67 .LASF902
     /tmp/ccpnpoG9.s:11282  .debug_str:000000000000966b .LASF903
     /tmp/ccpnpoG9.s:9850   .debug_str:0000000000004be7 .LASF904
     /tmp/ccpnpoG9.s:8480   .debug_str:0000000000000243 .LASF905
     /tmp/ccpnpoG9.s:11784  .debug_str:000000000000afd2 .LASF906
     /tmp/ccpnpoG9.s:10696  .debug_str:0000000000007820 .LASF907
     /tmp/ccpnpoG9.s:9962   .debug_str:0000000000005191 .LASF908
     /tmp/ccpnpoG9.s:12456  .debug_str:000000000000d30b .LASF909
     /tmp/ccpnpoG9.s:11636  .debug_str:000000000000a7f0 .LASF910
     /tmp/ccpnpoG9.s:11938  .debug_str:000000000000b753 .LASF911
     /tmp/ccpnpoG9.s:12144  .debug_str:000000000000c241 .LASF912
     /tmp/ccpnpoG9.s:11544  .debug_str:000000000000a426 .LASF913
     /tmp/ccpnpoG9.s:9584   .debug_str:0000000000003cf7 .LASF914
     /tmp/ccpnpoG9.s:12530  .debug_str:000000000000d655 .LASF915
     /tmp/ccpnpoG9.s:10220  .debug_str:0000000000005dd1 .LASF916
     /tmp/ccpnpoG9.s:12642  .debug_str:000000000000db9d .LASF917
     /tmp/ccpnpoG9.s:10884  .debug_str:000000000000812d .LASF918
     /tmp/ccpnpoG9.s:11154  .debug_str:0000000000008f49 .LASF919
     /tmp/ccpnpoG9.s:12348  .debug_str:000000000000cce9 .LASF920
     /tmp/ccpnpoG9.s:9576   .debug_str:0000000000003c8d .LASF921
     /tmp/ccpnpoG9.s:10604  .debug_str:00000000000072e4 .LASF922
     /tmp/ccpnpoG9.s:8574   .debug_str:000000000000077f .LASF923
     /tmp/ccpnpoG9.s:8952   .debug_str:0000000000001939 .LASF924
     /tmp/ccpnpoG9.s:8604   .debug_str:00000000000008d7 .LASF925
     /tmp/ccpnpoG9.s:11214  .debug_str:00000000000092e0 .LASF926
     /tmp/ccpnpoG9.s:9784   .debug_str:00000000000047ee .LASF927
     /tmp/ccpnpoG9.s:11302  .debug_str:0000000000009792 .LASF928
     /tmp/ccpnpoG9.s:10022  .debug_str:00000000000053e4 .LASF931
     /tmp/ccpnpoG9.s:10468  .debug_str:0000000000006b34 .LASF932
     /tmp/ccpnpoG9.s:9068   .debug_str:0000000000002149 .LASF933
     /tmp/ccpnpoG9.s:11286  .debug_str:00000000000096a5 .LASF934
     /tmp/ccpnpoG9.s:10826  .debug_str:0000000000007e45 .LASF935
     /tmp/ccpnpoG9.s:9360   .debug_str:0000000000002fa6 .LASF936
     /tmp/ccpnpoG9.s:9740   .debug_str:000000000000457b .LASF937
     /tmp/ccpnpoG9.s:11176  .debug_str:0000000000009040 .LASF938
     /tmp/ccpnpoG9.s:10138  .debug_str:0000000000005927 .LASF939
     /tmp/ccpnpoG9.s:10144  .debug_str:00000000000059fd .LASF940
     /tmp/ccpnpoG9.s:10348  .debug_str:0000000000006458 .LASF941
     /tmp/ccpnpoG9.s:12398  .debug_str:000000000000d049 .LASF942
     /tmp/ccpnpoG9.s:11724  .debug_str:000000000000acf7 .LASF943
     /tmp/ccpnpoG9.s:8484   .debug_str:000000000000027d .LASF944
     /tmp/ccpnpoG9.s:10116  .debug_str:00000000000057da .LASF945
     /tmp/ccpnpoG9.s:10516  .debug_str:0000000000006e11 .LASF946
     /tmp/ccpnpoG9.s:10624  .debug_str:000000000000746c .LASF947
     /tmp/ccpnpoG9.s:9650   .debug_str:0000000000004041 .LASF948
     /tmp/ccpnpoG9.s:8626   .debug_str:0000000000000996 .LASF950
     /tmp/ccpnpoG9.s:12180  .debug_str:000000000000c3ff .LASF951
     /tmp/ccpnpoG9.s:11332  .debug_str:0000000000009941 .LASF952
     /tmp/ccpnpoG9.s:9088   .debug_str:0000000000002255 .LASF953
     /tmp/ccpnpoG9.s:9920   .debug_str:0000000000004f91 .LASF954
     /tmp/ccpnpoG9.s:11900  .debug_str:000000000000b5af .LASF955
     /tmp/ccpnpoG9.s:8446   .debug_str:00000000000000de .LASF956
     /tmp/ccpnpoG9.s:8450   .debug_str:0000000000000104 .LASF957
     /tmp/ccpnpoG9.s:10318  .debug_str:00000000000062aa .LASF958
     /tmp/ccpnpoG9.s:10654  .debug_str:0000000000007648 .LASF959
     /tmp/ccpnpoG9.s:12520  .debug_str:000000000000d5f0 .LASF960
     /tmp/ccpnpoG9.s:10122  .debug_str:0000000000005877 .LASF961
     /tmp/ccpnpoG9.s:8646   .debug_str:0000000000000a38 .LASF962
     /tmp/ccpnpoG9.s:9154   .debug_str:00000000000025c5 .LASF963
     /tmp/ccpnpoG9.s:12592  .debug_str:000000000000d9b4 .LASF964
     /tmp/ccpnpoG9.s:8666   .debug_str:0000000000000b38 .LASF965
     /tmp/ccpnpoG9.s:11736  .debug_str:000000000000ae04 .LASF966
     /tmp/ccpnpoG9.s:12392  .debug_str:000000000000d013 .LASF967
     /tmp/ccpnpoG9.s:8512   .debug_str:00000000000004ae .LASF968
     /tmp/ccpnpoG9.s:12374  .debug_str:000000000000cf30 .LASF969
     /tmp/ccpnpoG9.s:11080  .debug_str:0000000000008bd4 .LASF970
     /tmp/ccpnpoG9.s:11640  .debug_str:000000000000a820 .LASF971
     /tmp/ccpnpoG9.s:12160  .debug_str:000000000000c330 .LASF972
     /tmp/ccpnpoG9.s:12218  .debug_str:000000000000c5f8 .LASF973
     /tmp/ccpnpoG9.s:10456  .debug_str:0000000000006a91 .LASF974
     /tmp/ccpnpoG9.s:10500  .debug_str:0000000000006d15 .LASF975
     /tmp/ccpnpoG9.s:12448  .debug_str:000000000000d2ac .LASF976
     /tmp/ccpnpoG9.s:9710   .debug_str:0000000000004458 .LASF977
     /tmp/ccpnpoG9.s:10322  .debug_str:00000000000062d8 .LASF978
     /tmp/ccpnpoG9.s:11088  .debug_str:0000000000008c2e .LASF979
     /tmp/ccpnpoG9.s:10892  .debug_str:000000000000816d .LASF980
     /tmp/ccpnpoG9.s:12128  .debug_str:000000000000c16c .LASF981
     /tmp/ccpnpoG9.s:12434  .debug_str:000000000000d22a .LASF982
     /tmp/ccpnpoG9.s:10906  .debug_str:000000000000824f .LASF983
     /tmp/ccpnpoG9.s:9310   .debug_str:0000000000002d15 .LASF984
     /tmp/ccpnpoG9.s:12024  .debug_str:000000000000bb61 .LASF985
     /tmp/ccpnpoG9.s:11452  .debug_str:0000000000009ed3 .LASF986
     /tmp/ccpnpoG9.s:11838  .debug_str:000000000000b2c3 .LASF987
     /tmp/ccpnpoG9.s:10574  .debug_str:0000000000007151 .LASF988
     /tmp/ccpnpoG9.s:11130  .debug_str:0000000000008e46 .LASF989
     /tmp/ccpnpoG9.s:8486   .debug_str:000000000000031e .LASF990
     /tmp/ccpnpoG9.s:9034   .debug_str:0000000000001fe0 .LASF991
     /tmp/ccpnpoG9.s:11416  .debug_str:0000000000009d31 .LASF992
     /tmp/ccpnpoG9.s:9458   .debug_str:00000000000035fd .LASF993
     /tmp/ccpnpoG9.s:9288   .debug_str:0000000000002c0d .LASF994
     /tmp/ccpnpoG9.s:12300  .debug_str:000000000000ca50 .LASF995
     /tmp/ccpnpoG9.s:8858   .debug_str:00000000000014c1 .LASF996
     /tmp/ccpnpoG9.s:11330  .debug_str:000000000000992c .LASF997
     /tmp/ccpnpoG9.s:11202  .debug_str:000000000000926d .LASF998
     /tmp/ccpnpoG9.s:12274  .debug_str:000000000000c8fa .LASF999
     /tmp/ccpnpoG9.s:10638  .debug_str:000000000000759d .LASF1000
     /tmp/ccpnpoG9.s:11392  .debug_str:0000000000009c1a .LASF1001
     /tmp/ccpnpoG9.s:12118  .debug_str:000000000000c0bb .LASF1002
     /tmp/ccpnpoG9.s:11856  .debug_str:000000000000b3c2 .LASF1003
     /tmp/ccpnpoG9.s:9018   .debug_str:0000000000001f13 .LASF1004
     /tmp/ccpnpoG9.s:8822   .debug_str:0000000000001357 .LASF1005
     /tmp/ccpnpoG9.s:9640   .debug_str:0000000000003fcb .LASF1006
     /tmp/ccpnpoG9.s:10272  .debug_str:00000000000060a9 .LASF1007
     /tmp/ccpnpoG9.s:9618   .debug_str:0000000000003ee6 .LASF1008
     /tmp/ccpnpoG9.s:11158  .debug_str:0000000000008f74 .LASF1009
     /tmp/ccpnpoG9.s:12408  .debug_str:000000000000d10e .LASF1010
     /tmp/ccpnpoG9.s:10976  .debug_str:00000000000086e2 .LASF1011
     /tmp/ccpnpoG9.s:11936  .debug_str:000000000000b72a .LASF1012
     /tmp/ccpnpoG9.s:12222  .debug_str:000000000000c624 .LASF1013
     /tmp/ccpnpoG9.s:9408   .debug_str:0000000000003236 .LASF1014
     /tmp/ccpnpoG9.s:9674   .debug_str:000000000000421d .LASF1015
     /tmp/ccpnpoG9.s:12478  .debug_str:000000000000d448 .LASF1016
     /tmp/ccpnpoG9.s:10848  .debug_str:0000000000007fab .LASF1017
     /tmp/ccpnpoG9.s:8788   .debug_str:0000000000001156 .LASF1018
     /tmp/ccpnpoG9.s:10206  .debug_str:0000000000005d44 .LASF1019
     /tmp/ccpnpoG9.s:9838   .debug_str:0000000000004b53 .LASF1020
     /tmp/ccpnpoG9.s:9694   .debug_str:0000000000004353 .LASF1021
     /tmp/ccpnpoG9.s:9256   .debug_str:0000000000002a8f .LASF1022
     /tmp/ccpnpoG9.s:12108  .debug_str:000000000000c051 .LASF1023
     /tmp/ccpnpoG9.s:9410   .debug_str:0000000000003264 .LASF1024
     /tmp/ccpnpoG9.s:9142   .debug_str:0000000000002543 .LASF1025
     /tmp/ccpnpoG9.s:10328  .debug_str:0000000000006385 .LASF1026
     /tmp/ccpnpoG9.s:9016   .debug_str:0000000000001efe .LASF1027
     /tmp/ccpnpoG9.s:12430  .debug_str:000000000000d200 .LASF1028
     /tmp/ccpnpoG9.s:9020   .debug_str:0000000000001f24 .LASF1029
     /tmp/ccpnpoG9.s:11980  .debug_str:000000000000b962 .LASF1030
     /tmp/ccpnpoG9.s:10926  .debug_str:00000000000083fb .LASF1031
     /tmp/ccpnpoG9.s:11314  .debug_str:000000000000987d .LASF1032
     /tmp/ccpnpoG9.s:9216   .debug_str:00000000000028cc .LASF1033
     /tmp/ccpnpoG9.s:10758  .debug_str:0000000000007b4c .LASF1034
     /tmp/ccpnpoG9.s:12476  .debug_str:000000000000d431 .LASF1035
     /tmp/ccpnpoG9.s:12314  .debug_str:000000000000cb14 .LASF1036
     /tmp/ccpnpoG9.s:11360  .debug_str:0000000000009a79 .LASF1037
     /tmp/ccpnpoG9.s:12502  .debug_str:000000000000d52f .LASF1038
     /tmp/ccpnpoG9.s:11888  .debug_str:000000000000b526 .LASF1039
     /tmp/ccpnpoG9.s:11902  .debug_str:000000000000b5c5 .LASF1040
     /tmp/ccpnpoG9.s:11026  .debug_str:00000000000088f3 .LASF1041
     /tmp/ccpnpoG9.s:10370  .debug_str:0000000000006689 .LASF1042
     /tmp/ccpnpoG9.s:12416  .debug_str:000000000000d172 .LASF1043
     /tmp/ccpnpoG9.s:10996  .debug_str:00000000000087b3 .LASF1044
     /tmp/ccpnpoG9.s:10062  .debug_str:00000000000055ac .LASF1045
     /tmp/ccpnpoG9.s:10188  .debug_str:0000000000005c54 .LASF1046
     /tmp/ccpnpoG9.s:9418   .debug_str:00000000000032b1 .LASF1047
     /tmp/ccpnpoG9.s:9242   .debug_str:00000000000029f8 .LASF1048
     /tmp/ccpnpoG9.s:9688   .debug_str:000000000000430d .LASF1049
     /tmp/ccpnpoG9.s:9128   .debug_str:00000000000024c3 .LASF1050
     /tmp/ccpnpoG9.s:12594  .debug_str:000000000000d9cb .LASF1051
     /tmp/ccpnpoG9.s:11720  .debug_str:000000000000acd4 .LASF1052
     /tmp/ccpnpoG9.s:11460  .debug_str:0000000000009f31 .LASF1053
     /tmp/ccpnpoG9.s:9302   .debug_str:0000000000002ccf .LASF1054
     /tmp/ccpnpoG9.s:12458  .debug_str:000000000000d329 .LASF1055
     /tmp/ccpnpoG9.s:12636  .debug_str:000000000000db59 .LASF1056
     /tmp/ccpnpoG9.s:9042   .debug_str:000000000000203a .LASF1057
     /tmp/ccpnpoG9.s:9800   .debug_str:000000000000494e .LASF1058
     /tmp/ccpnpoG9.s:11988  .debug_str:000000000000b9e7 .LASF1059
     /tmp/ccpnpoG9.s:11370  .debug_str:0000000000009b04 .LASF1060
     /tmp/ccpnpoG9.s:9384   .debug_str:0000000000003114 .LASF1061
     /tmp/ccpnpoG9.s:10350  .debug_str:00000000000064cc .LASF1062
     /tmp/ccpnpoG9.s:10560  .debug_str:00000000000070c6 .LASF1063
     /tmp/ccpnpoG9.s:11230  .debug_str:00000000000093c7 .LASF1064
     /tmp/ccpnpoG9.s:10264  .debug_str:0000000000006034 .LASF1065
     /tmp/ccpnpoG9.s:10148  .debug_str:0000000000005aac .LASF1066
     /tmp/ccpnpoG9.s:8522   .debug_str:0000000000000540 .LASF1067
     /tmp/ccpnpoG9.s:11692  .debug_str:000000000000ab36 .LASF1068
     /tmp/ccpnpoG9.s:9350   .debug_str:0000000000002f2c .LASF1069
     /tmp/ccpnpoG9.s:10866  .debug_str:0000000000008086 .LASF1070
     /tmp/ccpnpoG9.s:10014  .debug_str:0000000000005383 .LASF1071
     /tmp/ccpnpoG9.s:9722   .debug_str:00000000000044cf .LASF1072
     /tmp/ccpnpoG9.s:8836   .debug_str:00000000000013f2 .LASF1073
     /tmp/ccpnpoG9.s:11066  .debug_str:0000000000008afa .LASF1074
     /tmp/ccpnpoG9.s:9748   .debug_str:000000000000463d .LASF1075
     /tmp/ccpnpoG9.s:11662  .debug_str:000000000000a955 .LASF1076
     /tmp/ccpnpoG9.s:11492  .debug_str:000000000000a15d .LASF1077
     /tmp/ccpnpoG9.s:11122  .debug_str:0000000000008df0 .LASF1078
     /tmp/ccpnpoG9.s:11494  .debug_str:000000000000a16a .LASF1079
     /tmp/ccpnpoG9.s:11358  .debug_str:0000000000009a6b .LASF1080
     /tmp/ccpnpoG9.s:11422  .debug_str:0000000000009d7b .LASF1081
     /tmp/ccpnpoG9.s:11204  .debug_str:0000000000009282 .LASF1082
     /tmp/ccpnpoG9.s:11540  .debug_str:000000000000a408 .LASF1083
     /tmp/ccpnpoG9.s:9236   .debug_str:0000000000002999 .LASF1084
     /tmp/ccpnpoG9.s:12350  .debug_str:000000000000cd01 .LASF1085
     /tmp/ccpnpoG9.s:9996   .debug_str:00000000000052dc .LASF1086
     /tmp/ccpnpoG9.s:12172  .debug_str:000000000000c39b .LASF1087
     /tmp/ccpnpoG9.s:8454   .debug_str:0000000000000138 .LASF1088
     /tmp/ccpnpoG9.s:9728   .debug_str:0000000000004506 .LASF1089
     /tmp/ccpnpoG9.s:8530   .debug_str:00000000000005d6 .LASF1090
     /tmp/ccpnpoG9.s:9388   .debug_str:000000000000313d .LASF1091
     /tmp/ccpnpoG9.s:8960   .debug_str:000000000000199c .LASF1092
     /tmp/ccpnpoG9.s:9564   .debug_str:0000000000003be7 .LASF1093
     /tmp/ccpnpoG9.s:9916   .debug_str:0000000000004f6c .LASF1094
     /tmp/ccpnpoG9.s:10810  .debug_str:0000000000007dba .LASF1095
     /tmp/ccpnpoG9.s:12380  .debug_str:000000000000cf8b .LASF1096
     /tmp/ccpnpoG9.s:10708  .debug_str:00000000000078bb .LASF1097
     /tmp/ccpnpoG9.s:9636   .debug_str:0000000000003fa4 .LASF1098
     /tmp/ccpnpoG9.s:12622  .debug_str:000000000000dad3 .LASF1099
     /tmp/ccpnpoG9.s:9246   .debug_str:0000000000002a28 .LASF1100
     /tmp/ccpnpoG9.s:11444  .debug_str:0000000000009e71 .LASF1101
     /tmp/ccpnpoG9.s:9514   .debug_str:00000000000038d2 .LASF1102
     /tmp/ccpnpoG9.s:11162  .debug_str:0000000000008fa1 .LASF1103
     /tmp/ccpnpoG9.s:10106  .debug_str:0000000000005765 .LASF1104
     /tmp/ccpnpoG9.s:11094  .debug_str:0000000000008c6c .LASF1105
     /tmp/ccpnpoG9.s:10032  .debug_str:0000000000005446 .LASF1106
     /tmp/ccpnpoG9.s:9100   .debug_str:00000000000022c4 .LASF1107
     /tmp/ccpnpoG9.s:10056  .debug_str:0000000000005559 .LASF1108
     /tmp/ccpnpoG9.s:8686   .debug_str:0000000000000c7c .LASF1109
     /tmp/ccpnpoG9.s:9472   .debug_str:00000000000036dd .LASF1110
     /tmp/ccpnpoG9.s:9466   .debug_str:000000000000364b .LASF1111
     /tmp/ccpnpoG9.s:12538  .debug_str:000000000000d6ae .LASF1112
     /tmp/ccpnpoG9.s:10484  .debug_str:0000000000006c2a .LASF1113
     /tmp/ccpnpoG9.s:12078  .debug_str:000000000000be2f .LASF1114
     /tmp/ccpnpoG9.s:11516  .debug_str:000000000000a2a2 .LASF1115
     /tmp/ccpnpoG9.s:9588   .debug_str:0000000000003d2f .LASF1116
     /tmp/ccpnpoG9.s:8940   .debug_str:0000000000001898 .LASF1117
     /tmp/ccpnpoG9.s:9602   .debug_str:0000000000003e33 .LASF1118
     /tmp/ccpnpoG9.s:12234  .debug_str:000000000000c6c0 .LASF1119
     /tmp/ccpnpoG9.s:12394  .debug_str:000000000000d029 .LASF1120
     /tmp/ccpnpoG9.s:11618  .debug_str:000000000000a75a .LASF1121
     /tmp/ccpnpoG9.s:12298  .debug_str:000000000000ca40 .LASF1122
     /tmp/ccpnpoG9.s:10102  .debug_str:0000000000005735 .LASF1123
     /tmp/ccpnpoG9.s:8500   .debug_str:00000000000003b7 .LASF1124
     /tmp/ccpnpoG9.s:8588   .debug_str:000000000000082e .LASF1125
     /tmp/ccpnpoG9.s:11710  .debug_str:000000000000ac27 .LASF1126
     /tmp/ccpnpoG9.s:9706   .debug_str:000000000000442e .LASF1127
     /tmp/ccpnpoG9.s:11676  .debug_str:000000000000a9f0 .LASF1128
     /tmp/ccpnpoG9.s:9738   .debug_str:0000000000004569 .LASF1129
     /tmp/ccpnpoG9.s:8980   .debug_str:0000000000001a9a .LASF1130
     /tmp/ccpnpoG9.s:10712  .debug_str:00000000000078d5 .LASF1131
     /tmp/ccpnpoG9.s:12238  .debug_str:000000000000c6f9 .LASF1132
     /tmp/ccpnpoG9.s:10196  .debug_str:0000000000005cb1 .LASF1133
     /tmp/ccpnpoG9.s:9632   .debug_str:0000000000003f88 .LASF1134
     /tmp/ccpnpoG9.s:9936   .debug_str:0000000000005079 .LASF1135
     /tmp/ccpnpoG9.s:8638   .debug_str:00000000000009e3 .LASF1136
     /tmp/ccpnpoG9.s:9118   .debug_str:000000000000244e .LASF1137
     /tmp/ccpnpoG9.s:10146  .debug_str:0000000000005a9e .LASF1138
     /tmp/ccpnpoG9.s:8596   .debug_str:0000000000000882 .LASF1139
     /tmp/ccpnpoG9.s:11116  .debug_str:0000000000008db6 .LASF1140
     /tmp/ccpnpoG9.s:10528  .debug_str:0000000000006ef2 .LASF1141
     /tmp/ccpnpoG9.s:10586  .debug_str:00000000000071e9 .LASF1142
     /tmp/ccpnpoG9.s:10396  .debug_str:00000000000067ba .LASF1143
     /tmp/ccpnpoG9.s:9244   .debug_str:0000000000002a13 .LASF1144
     /tmp/ccpnpoG9.s:12526  .debug_str:000000000000d63a .LASF1145
     /tmp/ccpnpoG9.s:8928   .debug_str:0000000000001809 .LASF1146
     /tmp/ccpnpoG9.s:10592  .debug_str:0000000000007215 .LASF1147
     /tmp/ccpnpoG9.s:10636  .debug_str:000000000000758b .LASF1148
     /tmp/ccpnpoG9.s:8876   .debug_str:0000000000001572 .LASF1149
     /tmp/ccpnpoG9.s:11530  .debug_str:000000000000a38f .LASF1150
     /tmp/ccpnpoG9.s:8558   .debug_str:00000000000006d8 .LASF1151
     /tmp/ccpnpoG9.s:10084  .debug_str:0000000000005683 .LASF1152
     /tmp/ccpnpoG9.s:10158  .debug_str:0000000000005b0b .LASF1153
     /tmp/ccpnpoG9.s:12534  .debug_str:000000000000d683 .LASF1154
     /tmp/ccpnpoG9.s:11466  .debug_str:0000000000009f9e .LASF1155
     /tmp/ccpnpoG9.s:9428   .debug_str:0000000000003335 .LASF1156
     /tmp/ccpnpoG9.s:8920   .debug_str:00000000000017a2 .LASF1157
     /tmp/ccpnpoG9.s:9720   .debug_str:00000000000044be .LASF1158
     /tmp/ccpnpoG9.s:10694  .debug_str:0000000000007811 .LASF1159
     /tmp/ccpnpoG9.s:11572  .debug_str:000000000000a548 .LASF1160
     /tmp/ccpnpoG9.s:9992   .debug_str:00000000000052b1 .LASF1161
     /tmp/ccpnpoG9.s:9590   .debug_str:0000000000003db4 .LASF1162
     /tmp/ccpnpoG9.s:8904   .debug_str:00000000000016fd .LASF1163
     /tmp/ccpnpoG9.s:11538  .debug_str:000000000000a3f4 .LASF1164
     /tmp/ccpnpoG9.s:9348   .debug_str:0000000000002f1b .LASF1165
     /tmp/ccpnpoG9.s:8688   .debug_str:0000000000000c8d .LASF1166
     /tmp/ccpnpoG9.s:9234   .debug_str:0000000000002987 .LASF1167
     /tmp/ccpnpoG9.s:8678   .debug_str:0000000000000c19 .LASF1168
     /tmp/ccpnpoG9.s:8594   .debug_str:0000000000000871 .LASF1169
     /tmp/ccpnpoG9.s:11828  .debug_str:000000000000b269 .LASF1170
     /tmp/ccpnpoG9.s:10888  .debug_str:000000000000814f .LASF1171
     /tmp/ccpnpoG9.s:9924   .debug_str:0000000000004fb8 .LASF1172
     /tmp/ccpnpoG9.s:9268   .debug_str:0000000000002b0c .LASF1173
     /tmp/ccpnpoG9.s:11318  .debug_str:00000000000098ae .LASF1174
     /tmp/ccpnpoG9.s:10816  .debug_str:0000000000007df3 .LASF1175
     /tmp/ccpnpoG9.s:10260  .debug_str:000000000000601b .LASF1176
     /tmp/ccpnpoG9.s:8548   .debug_str:0000000000000685 .LASF1177
     /tmp/ccpnpoG9.s:10074  .debug_str:0000000000005636 .LASF1178
     /tmp/ccpnpoG9.s:9718   .debug_str:00000000000044ad .LASF1179
     /tmp/ccpnpoG9.s:10424  .debug_str:0000000000006901 .LASF1180
     /tmp/ccpnpoG9.s:10952  .debug_str:000000000000857c .LASF1181
     /tmp/ccpnpoG9.s:8742   .debug_str:0000000000000f17 .LASF1182
     /tmp/ccpnpoG9.s:8602   .debug_str:00000000000008c4 .LASF1183
     /tmp/ccpnpoG9.s:12510  .debug_str:000000000000d599 .LASF1184
     /tmp/ccpnpoG9.s:8568   .debug_str:0000000000000740 .LASF1185
     /tmp/ccpnpoG9.s:8430   .debug_str:0000000000000012 .LASF1186
     /tmp/ccpnpoG9.s:11222  .debug_str:0000000000009367 .LASF1187
     /tmp/ccpnpoG9.s:9912   .debug_str:0000000000004f3e .LASF1188
     /tmp/ccpnpoG9.s:9512   .debug_str:00000000000038bc .LASF1189
     /tmp/ccpnpoG9.s:11012  .debug_str:000000000000885a .LASF1190
     /tmp/ccpnpoG9.s:9686   .debug_str:00000000000042fb .LASF1191
     /tmp/ccpnpoG9.s:12660  .debug_str:000000000000dc9e .LASF1192
     /tmp/ccpnpoG9.s:9558   .debug_str:0000000000003b99 .LASF1193
     /tmp/ccpnpoG9.s:10486  .debug_str:0000000000006c81 .LASF1194
     /tmp/ccpnpoG9.s:12612  .debug_str:000000000000da65 .LASF1195
     /tmp/ccpnpoG9.s:12364  .debug_str:000000000000ceda .LASF1196
     /tmp/ccpnpoG9.s:9862   .debug_str:0000000000004cb4 .LASF1197
     /tmp/ccpnpoG9.s:8466   .debug_str:00000000000001bf .LASF1198
     /tmp/ccpnpoG9.s:10256  .debug_str:0000000000005ff8 .LASF1199
     /tmp/ccpnpoG9.s:12014  .debug_str:000000000000bafe .LASF1200
     /tmp/ccpnpoG9.s:8930   .debug_str:000000000000181a .LASF1201
     /tmp/ccpnpoG9.s:9964   .debug_str:00000000000051ae .LASF1202
     /tmp/ccpnpoG9.s:9726   .debug_str:00000000000044f6 .LASF1203
     /tmp/ccpnpoG9.s:8636   .debug_str:00000000000009d4 .LASF1204
     /tmp/ccpnpoG9.s:8664   .debug_str:0000000000000b27 .LASF1205
     /tmp/ccpnpoG9.s:9366   .debug_str:0000000000002ff3 .LASF1206
     /tmp/ccpnpoG9.s:9778   .debug_str:00000000000047a9 .LASF1207
     /tmp/ccpnpoG9.s:10052  .debug_str:0000000000005539 .LASF1208
     /tmp/ccpnpoG9.s:9822   .debug_str:0000000000004a94 .LASF1209
     /tmp/ccpnpoG9.s:10202  .debug_str:0000000000005d07 .LASF1210
     /tmp/ccpnpoG9.s:10634  .debug_str:000000000000757d .LASF1211
     /tmp/ccpnpoG9.s:8532   .debug_str:00000000000005ed .LASF1212
     /tmp/ccpnpoG9.s:12604  .debug_str:000000000000da0f .LASF1213
     /tmp/ccpnpoG9.s:9110   .debug_str:00000000000023f9 .LASF1214
     /tmp/ccpnpoG9.s:12486  .debug_str:000000000000d488 .LASF1215
     /tmp/ccpnpoG9.s:10216  .debug_str:0000000000005da7 .LASF1216
     /tmp/ccpnpoG9.s:11920  .debug_str:000000000000b68f .LASF1217
     /tmp/ccpnpoG9.s:9194   .debug_str:00000000000027dc .LASF1218
     /tmp/ccpnpoG9.s:10086  .debug_str:0000000000005698 .LASF1219
     /tmp/ccpnpoG9.s:10382  .debug_str:0000000000006719 .LASF1220
     /tmp/ccpnpoG9.s:10968  .debug_str:000000000000868a .LASF1221
     /tmp/ccpnpoG9.s:10896  .debug_str:00000000000081a5 .LASF1222
     /tmp/ccpnpoG9.s:12344  .debug_str:000000000000ccaf .LASF1223
     /tmp/ccpnpoG9.s:11778  .debug_str:000000000000afac .LASF1224
     /tmp/ccpnpoG9.s:10720  .debug_str:0000000000007926 .LASF1225
     /tmp/ccpnpoG9.s:11008  .debug_str:0000000000008833 .LASF1226
     /tmp/ccpnpoG9.s:9878   .debug_str:0000000000004db4 .LASF1227
     /tmp/ccpnpoG9.s:11160  .debug_str:0000000000008f8a .LASF1228
     /tmp/ccpnpoG9.s:10326  .debug_str:000000000000636f .LASF1229
     /tmp/ccpnpoG9.s:9204   .debug_str:0000000000002848 .LASF1230
     /tmp/ccpnpoG9.s:11578  .debug_str:000000000000a5a2 .LASF1231
     /tmp/ccpnpoG9.s:11198  .debug_str:0000000000009240 .LASF1232
     /tmp/ccpnpoG9.s:11862  .debug_str:000000000000b3f8 .LASF1233
     /tmp/ccpnpoG9.s:11380  .debug_str:0000000000009b8f .LASF1234
     /tmp/ccpnpoG9.s:12628  .debug_str:000000000000db0c .LASF1235
     /tmp/ccpnpoG9.s:10108  .debug_str:000000000000577d .LASF1236
     /tmp/ccpnpoG9.s:10620  .debug_str:000000000000743f .LASF1237
     /tmp/ccpnpoG9.s:9240   .debug_str:00000000000029e3 .LASF1238
     /tmp/ccpnpoG9.s:12120  .debug_str:000000000000c0d0 .LASF1239
     /tmp/ccpnpoG9.s:12312  .debug_str:000000000000caff .LASF1240
     /tmp/ccpnpoG9.s:9394   .debug_str:000000000000317c .LASF1241
     /tmp/ccpnpoG9.s:10932  .debug_str:0000000000008486 .LASF1242
     /tmp/ccpnpoG9.s:10602  .debug_str:00000000000072ce .LASF1243
     /tmp/ccpnpoG9.s:8862   .debug_str:00000000000014dc .LASF1244
     /tmp/ccpnpoG9.s:9094   .debug_str:0000000000002283 .LASF1245
     /tmp/ccpnpoG9.s:10728  .debug_str:00000000000079a3 .LASF1246
     /tmp/ccpnpoG9.s:12468  .debug_str:000000000000d3bc .LASF1247
     /tmp/ccpnpoG9.s:12000  .debug_str:000000000000ba73 .LASF1248
     /tmp/ccpnpoG9.s:11632  .debug_str:000000000000a7d5 .LASF1249
     /tmp/ccpnpoG9.s:12228  .debug_str:000000000000c67d .LASF1250
     /tmp/ccpnpoG9.s:9798   .debug_str:0000000000004934 .LASF1251
     /tmp/ccpnpoG9.s:11764  .debug_str:000000000000af22 .LASF1252
     /tmp/ccpnpoG9.s:9156   .debug_str:00000000000025dd .LASF1253
     /tmp/ccpnpoG9.s:10576  .debug_str:0000000000007168 .LASF1254
     /tmp/ccpnpoG9.s:11022  .debug_str:00000000000088cb .LASF1255
     /tmp/ccpnpoG9.s:11290  .debug_str:00000000000096fe .LASF1256
     /tmp/ccpnpoG9.s:9976   .debug_str:0000000000005217 .LASF1257
     /tmp/ccpnpoG9.s:9544   .debug_str:0000000000003aca .LASF1258
     /tmp/ccpnpoG9.s:12440  .debug_str:000000000000d260 .LASF1259
     /tmp/ccpnpoG9.s:10040  .debug_str:00000000000054c4 .LASF1260
     /tmp/ccpnpoG9.s:9470   .debug_str:00000000000036c2 .LASF1261
     /tmp/ccpnpoG9.s:8824   .debug_str:0000000000001367 .LASF1262
     /tmp/ccpnpoG9.s:8672   .debug_str:0000000000000b7e .LASF1263
     /tmp/ccpnpoG9.s:11990  .debug_str:000000000000ba07 .LASF1264
     /tmp/ccpnpoG9.s:12582  .debug_str:000000000000d95e .LASF1265
     /tmp/ccpnpoG9.s:12194  .debug_str:000000000000c4af .LASF1266
     /tmp/ccpnpoG9.s:11570  .debug_str:000000000000a532 .LASF1267
     /tmp/ccpnpoG9.s:9248   .debug_str:0000000000002a37 .LASF1268
     /tmp/ccpnpoG9.s:10378  .debug_str:00000000000066ea .LASF1269
     /tmp/ccpnpoG9.s:9834   .debug_str:0000000000004b2c .LASF1270
     /tmp/ccpnpoG9.s:12220  .debug_str:000000000000c60e .LASF1271
     /tmp/ccpnpoG9.s:12242  .debug_str:000000000000c71f .LASF1272
     /tmp/ccpnpoG9.s:11928  .debug_str:000000000000b6da .LASF1273
     /tmp/ccpnpoG9.s:11892  .debug_str:000000000000b557 .LASF1274
     /tmp/ccpnpoG9.s:12278  .debug_str:000000000000c92a .LASF1275
     /tmp/ccpnpoG9.s:11660  .debug_str:000000000000a93d .LASF1276
     /tmp/ccpnpoG9.s:9430   .debug_str:0000000000003345 .LASF1277
     /tmp/ccpnpoG9.s:9336   .debug_str:0000000000002e7c .LASF1278
     /tmp/ccpnpoG9.s:12102  .debug_str:000000000000bfc7 .LASF1279
     /tmp/ccpnpoG9.s:9662   .debug_str:00000000000041a9 .LASF1280
     /tmp/ccpnpoG9.s:11174  .debug_str:0000000000009026 .LASF1281
     /tmp/ccpnpoG9.s:10142  .debug_str:00000000000059e4 .LASF1282
     /tmp/ccpnpoG9.s:11594  .debug_str:000000000000a658 .LASF1283
     /tmp/ccpnpoG9.s:8950   .debug_str:000000000000191f .LASF1284
     /tmp/ccpnpoG9.s:10876  .debug_str:00000000000080d9 .LASF1285
     /tmp/ccpnpoG9.s:12302  .debug_str:000000000000ca65 .LASF1286
     /tmp/ccpnpoG9.s:11966  .debug_str:000000000000b8ad .LASF1287
     /tmp/ccpnpoG9.s:12318  .debug_str:000000000000cb3f .LASF1288
     /tmp/ccpnpoG9.s:9548   .debug_str:0000000000003afb .LASF1289
     /tmp/ccpnpoG9.s:9956   .debug_str:0000000000005144 .LASF1290
     /tmp/ccpnpoG9.s:12536  .debug_str:000000000000d698 .LASF1291
     /tmp/ccpnpoG9.s:9968   .debug_str:00000000000051ce .LASF1292
     /tmp/ccpnpoG9.s:8790   .debug_str:000000000000116e .LASF1293
     /tmp/ccpnpoG9.s:9680   .debug_str:00000000000042bb .LASF1294
     /tmp/ccpnpoG9.s:11814  .debug_str:000000000000b159 .LASF1295
     /tmp/ccpnpoG9.s:12154  .debug_str:000000000000c2eb .LASF1296
     /tmp/ccpnpoG9.s:10156  .debug_str:0000000000005af7 .LASF1297
     /tmp/ccpnpoG9.s:9188   .debug_str:0000000000002799 .LASF1298
     /tmp/ccpnpoG9.s:11246  .debug_str:000000000000948d .LASF1299
     /tmp/ccpnpoG9.s:8712   .debug_str:0000000000000da6 .LASF1300
     /tmp/ccpnpoG9.s:9808   .debug_str:00000000000049b4 .LASF1301
     /tmp/ccpnpoG9.s:8992   .debug_str:0000000000001b0f .LASF1302
     /tmp/ccpnpoG9.s:11934  .debug_str:000000000000b714 .LASF1303
     /tmp/ccpnpoG9.s:9224   .debug_str:000000000000291a .LASF1304
     /tmp/ccpnpoG9.s:10442  .debug_str:00000000000069ee .LASF1305
     /tmp/ccpnpoG9.s:12334  .debug_str:000000000000cbf7 .LASF1306
     /tmp/ccpnpoG9.s:10190  .debug_str:0000000000005c6f .LASF1307
     /tmp/ccpnpoG9.s:10094  .debug_str:00000000000056e0 .LASF1308
     /tmp/ccpnpoG9.s:8504   .debug_str:00000000000003dd .LASF1309
     /tmp/ccpnpoG9.s:10334  .debug_str:00000000000063c3 .LASF1310
     /tmp/ccpnpoG9.s:11220  .debug_str:0000000000009354 .LASF1311
     /tmp/ccpnpoG9.s:10766  .debug_str:0000000000007bd8 .LASF1312
     /tmp/ccpnpoG9.s:12462  .debug_str:000000000000d36e .LASF1313
     /tmp/ccpnpoG9.s:8492   .debug_str:0000000000000345 .LASF1314
     /tmp/ccpnpoG9.s:10924  .debug_str:00000000000083e8 .LASF1315
     /tmp/ccpnpoG9.s:11702  .debug_str:000000000000ab97 .LASF1316
     /tmp/ccpnpoG9.s:9032   .debug_str:0000000000001fcc .LASF1317
     /tmp/ccpnpoG9.s:10590  .debug_str:0000000000007202 .LASF1318
     /tmp/ccpnpoG9.s:11034  .debug_str:000000000000896e .LASF1319
     /tmp/ccpnpoG9.s:10544  .debug_str:0000000000006fc8 .LASF1320
     /tmp/ccpnpoG9.s:11400  .debug_str:0000000000009c7f .LASF1321
     /tmp/ccpnpoG9.s:10346  .debug_str:0000000000006445 .LASF1322
     /tmp/ccpnpoG9.s:12146  .debug_str:000000000000c268 .LASF1323
     /tmp/ccpnpoG9.s:12568  .debug_str:000000000000d8cd .LASF1324
     /tmp/ccpnpoG9.s:8924   .debug_str:00000000000017cf .LASF1325
     /tmp/ccpnpoG9.s:9354   .debug_str:0000000000002f5a .LASF1326
     /tmp/ccpnpoG9.s:9382   .debug_str:00000000000030fc .LASF1327
     /tmp/ccpnpoG9.s:10090  .debug_str:00000000000056b2 .LASF1328
     /tmp/ccpnpoG9.s:9752   .debug_str:000000000000466e .LASF1329
     /tmp/ccpnpoG9.s:11642  .debug_str:000000000000a837 .LASF1330
     /tmp/ccpnpoG9.s:12522  .debug_str:000000000000d608 .LASF1331
     /tmp/ccpnpoG9.s:10020  .debug_str:00000000000053cc .LASF1332
     /tmp/ccpnpoG9.s:9692   .debug_str:0000000000004339 .LASF1333
     /tmp/ccpnpoG9.s:8888   .debug_str:00000000000015f7 .LASF1334
     /tmp/ccpnpoG9.s:12156  .debug_str:000000000000c302 .LASF1335
     /tmp/ccpnpoG9.s:10660  .debug_str:0000000000007687 .LASF1336
     /tmp/ccpnpoG9.s:9886   .debug_str:0000000000004e14 .LASF1337
     /tmp/ccpnpoG9.s:11426  .debug_str:0000000000009da0 .LASF1338
     /tmp/ccpnpoG9.s:12382  .debug_str:000000000000cf97 .LASF1339
     /tmp/ccpnpoG9.s:11916  .debug_str:000000000000b666 .LASF1340
     /tmp/ccpnpoG9.s:11454  .debug_str:0000000000009ee9 .LASF1341
     /tmp/ccpnpoG9.s:10332  .debug_str:00000000000063ab .LASF1342
     /tmp/ccpnpoG9.s:10092  .debug_str:00000000000056c9 .LASF1343
     /tmp/ccpnpoG9.s:11224  .debug_str:0000000000009377 .LASF1344
     /tmp/ccpnpoG9.s:10756  .debug_str:0000000000007b35 .LASF1345
     /tmp/ccpnpoG9.s:11772  .debug_str:000000000000af6c .LASF1346
     /tmp/ccpnpoG9.s:9888   .debug_str:0000000000004e2c .LASF1347
     /tmp/ccpnpoG9.s:8564   .debug_str:000000000000071b .LASF1348
     /tmp/ccpnpoG9.s:8600   .debug_str:00000000000008ac .LASF1349
     /tmp/ccpnpoG9.s:10384  .debug_str:000000000000672b .LASF1350
     /tmp/ccpnpoG9.s:8584   .debug_str:0000000000000803 .LASF1351
     /tmp/ccpnpoG9.s:8658   .debug_str:0000000000000acc .LASF1352
     /tmp/ccpnpoG9.s:12010  .debug_str:000000000000bad0 .LASF1353
     /tmp/ccpnpoG9.s:9452   .debug_str:00000000000035a7 .LASF1354
     /tmp/ccpnpoG9.s:10284  .debug_str:000000000000611f .LASF1355
     /tmp/ccpnpoG9.s:12276  .debug_str:000000000000c911 .LASF1356
     /tmp/ccpnpoG9.s:8614   .debug_str:0000000000000931 .LASF1357
     /tmp/ccpnpoG9.s:11986  .debug_str:000000000000b9d0 .LASF1358
     /tmp/ccpnpoG9.s:11244  .debug_str:0000000000009475 .LASF1359
     /tmp/ccpnpoG9.s:10646  .debug_str:00000000000075e5 .LASF1360
     /tmp/ccpnpoG9.s:10752  .debug_str:0000000000007b04 .LASF1361
     /tmp/ccpnpoG9.s:9708   .debug_str:000000000000443f .LASF1362
     /tmp/ccpnpoG9.s:8982   .debug_str:0000000000001aab .LASF1363
     /tmp/ccpnpoG9.s:10366  .debug_str:000000000000664e .LASF1364
     /tmp/ccpnpoG9.s:12504  .debug_str:000000000000d549 .LASF1365
     /tmp/ccpnpoG9.s:8986   .debug_str:0000000000001ad6 .LASF1366
     /tmp/ccpnpoG9.s:10830  .debug_str:0000000000007e81 .LASF1367
     /tmp/ccpnpoG9.s:10244  .debug_str:0000000000005f70 .LASF1368
     /tmp/ccpnpoG9.s:12170  .debug_str:000000000000c384 .LASF1369
     /tmp/ccpnpoG9.s:8700   .debug_str:0000000000000d17 .LASF1370
     /tmp/ccpnpoG9.s:10098  .debug_str:000000000000570b .LASF1371
     /tmp/ccpnpoG9.s:11962  .debug_str:000000000000b881 .LASF1372
     /tmp/ccpnpoG9.s:8810   .debug_str:00000000000012b9 .LASF1373
     /tmp/ccpnpoG9.s:9358   .debug_str:0000000000002f8f .LASF1374
     /tmp/ccpnpoG9.s:8796   .debug_str:00000000000011a0 .LASF1375
     /tmp/ccpnpoG9.s:9518   .debug_str:0000000000003934 .LASF1376
     /tmp/ccpnpoG9.s:10392  .debug_str:0000000000006787 .LASF1377
     /tmp/ccpnpoG9.s:8444   .debug_str:00000000000000c5 .LASF1378
     /tmp/ccpnpoG9.s:8608   .debug_str:00000000000008fc .LASF1379
     /tmp/ccpnpoG9.s:8856   .debug_str:00000000000014a8 .LASF1380
     /tmp/ccpnpoG9.s:11310  .debug_str:000000000000984d .LASF1381
     /tmp/ccpnpoG9.s:10990  .debug_str:000000000000875a .LASF1382
     /tmp/ccpnpoG9.s:9624   .debug_str:0000000000003f31 .LASF1383
     /tmp/ccpnpoG9.s:11424  .debug_str:0000000000009d89 .LASF1384
     /tmp/ccpnpoG9.s:9146   .debug_str:0000000000002576 .LASF1385
     /tmp/ccpnpoG9.s:9232   .debug_str:000000000000296e .LASF1386
     /tmp/ccpnpoG9.s:12610  .debug_str:000000000000da4b .LASF1387
     /tmp/ccpnpoG9.s:10612  .debug_str:0000000000007356 .LASF1388
     /tmp/ccpnpoG9.s:10200  .debug_str:0000000000005ced .LASF1389
     /tmp/ccpnpoG9.s:12258  .debug_str:000000000000c814 .LASF1390
     /tmp/ccpnpoG9.s:8756   .debug_str:0000000000000fbd .LASF1391
     /tmp/ccpnpoG9.s:8456   .debug_str:000000000000014e .LASF1392
     /tmp/ccpnpoG9.s:10268  .debug_str:000000000000606c .LASF1393
     /tmp/ccpnpoG9.s:9856   .debug_str:0000000000004c6d .LASF1394
     /tmp/ccpnpoG9.s:11718  .debug_str:000000000000acbd .LASF1395
     /tmp/ccpnpoG9.s:9304   .debug_str:0000000000002cd7 .LASF1396
     /tmp/ccpnpoG9.s:10320  .debug_str:00000000000062c1 .LASF1397
     /tmp/ccpnpoG9.s:9994   .debug_str:00000000000052c6 .LASF1398
     /tmp/ccpnpoG9.s:12232  .debug_str:000000000000c6a9 .LASF1399
     /tmp/ccpnpoG9.s:11564  .debug_str:000000000000a4f4 .LASF1400
     /tmp/ccpnpoG9.s:11120  .debug_str:0000000000008dd9 .LASF1401
     /tmp/ccpnpoG9.s:12226  .debug_str:000000000000c667 .LASF1402
     /tmp/ccpnpoG9.s:9600   .debug_str:0000000000003e1c .LASF1403
     /tmp/ccpnpoG9.s:8634   .debug_str:00000000000009be .LASF1404
     /tmp/ccpnpoG9.s:9038   .debug_str:0000000000002019 .LASF1405
     /tmp/ccpnpoG9.s:10308  .debug_str:000000000000624e .LASF1406
     /tmp/ccpnpoG9.s:11084  .debug_str:0000000000008c07 .LASF1407
     /tmp/ccpnpoG9.s:9904   .debug_str:0000000000004ef4 .LASF1408
     /tmp/ccpnpoG9.s:8994   .debug_str:0000000000001b24 .LASF1409
     /tmp/ccpnpoG9.s:10430  .debug_str:0000000000006943 .LASF1410
     /tmp/ccpnpoG9.s:10238  .debug_str:0000000000005f25 .LASF1411
     /tmp/ccpnpoG9.s:9280   .debug_str:0000000000002baa .LASF1412
     /tmp/ccpnpoG9.s:8946   .debug_str:00000000000018e8 .LASF1413
     /tmp/ccpnpoG9.s:9998   .debug_str:00000000000052e8 .LASF1414
     /tmp/ccpnpoG9.s:9724   .debug_str:00000000000044db .LASF1415
     /tmp/ccpnpoG9.s:10310  .debug_str:0000000000006264 .LASF1416
     /tmp/ccpnpoG9.s:9730   .debug_str:000000000000451c .LASF1417
     /tmp/ccpnpoG9.s:11300  .debug_str:0000000000009779 .LASF1418
     /tmp/ccpnpoG9.s:9894   .debug_str:0000000000004e78 .LASF1419
     /tmp/ccpnpoG9.s:8560   .debug_str:00000000000006ea .LASF1420
     /tmp/ccpnpoG9.s:11438  .debug_str:0000000000009e1b .LASF1421
     /tmp/ccpnpoG9.s:10180  .debug_str:0000000000005c0c .LASF1422
     /tmp/ccpnpoG9.s:8590   .debug_str:000000000000083f .LASF1423
     /tmp/ccpnpoG9.s:10274  .debug_str:00000000000060bb .LASF1424
     /tmp/ccpnpoG9.s:10812  .debug_str:0000000000007dc6 .LASF1425
     /tmp/ccpnpoG9.s:8642   .debug_str:0000000000000a04 .LASF1426
     /tmp/ccpnpoG9.s:10218  .debug_str:0000000000005db6 .LASF1427
     /tmp/ccpnpoG9.s:11528  .debug_str:000000000000a375 .LASF1428
     /tmp/ccpnpoG9.s:10224  .debug_str:0000000000005e89 .LASF1429
     /tmp/ccpnpoG9.s:9212   .debug_str:0000000000002892 .LASF1430
     /tmp/ccpnpoG9.s:10374  .debug_str:00000000000066bc .LASF1431
     /tmp/ccpnpoG9.s:11820  .debug_str:000000000000b1ac .LASF1432
     /tmp/ccpnpoG9.s:8968   .debug_str:00000000000019fa .LASF1433
     /tmp/ccpnpoG9.s:11144  .debug_str:0000000000008eea .LASF1434
     /tmp/ccpnpoG9.s:10070  .debug_str:0000000000005606 .LASF1435
     /tmp/ccpnpoG9.s:11166  .debug_str:0000000000008fc5 .LASF1436
     /tmp/ccpnpoG9.s:10406  .debug_str:0000000000006855 .LASF1437
     /tmp/ccpnpoG9.s:11868  .debug_str:000000000000b43e .LASF1438
     /tmp/ccpnpoG9.s:10438  .debug_str:0000000000006994 .LASF1439
     /tmp/ccpnpoG9.s:11044  .debug_str:00000000000089e2 .LASF1440
     /tmp/ccpnpoG9.s:8554   .debug_str:00000000000006ac .LASF1441
     /tmp/ccpnpoG9.s:10678  .debug_str:000000000000775b .LASF1442
     /tmp/ccpnpoG9.s:10606  .debug_str:00000000000072fe .LASF1443
     /tmp/ccpnpoG9.s:10846  .debug_str:0000000000007f91 .LASF1444
     /tmp/ccpnpoG9.s:10910  .debug_str:000000000000827e .LASF1445
     /tmp/ccpnpoG9.s:11984  .debug_str:000000000000b9b8 .LASF1446
     /tmp/ccpnpoG9.s:9316   .debug_str:0000000000002d5a .LASF1447
     /tmp/ccpnpoG9.s:10174  .debug_str:0000000000005bb6 .LASF1448
     /tmp/ccpnpoG9.s:9402   .debug_str:00000000000031f6 .LASF1449
     /tmp/ccpnpoG9.s:9580   .debug_str:0000000000003ccd .LASF1450
     /tmp/ccpnpoG9.s:10800  .debug_str:0000000000007d48 .LASF1451
     /tmp/ccpnpoG9.s:12114  .debug_str:000000000000c08a .LASF1452
     /tmp/ccpnpoG9.s:12620  .debug_str:000000000000dab9 .LASF1453
     /tmp/ccpnpoG9.s:10550  .debug_str:0000000000007029 .LASF1454
     /tmp/ccpnpoG9.s:9000   .debug_str:0000000000001b69 .LASF1455
     /tmp/ccpnpoG9.s:12058  .debug_str:000000000000bd21 .LASF1456
     /tmp/ccpnpoG9.s:11886  .debug_str:000000000000b50d .LASF1457
     /tmp/ccpnpoG9.s:11970  .debug_str:000000000000b8e0 .LASF1458
     /tmp/ccpnpoG9.s:10570  .debug_str:000000000000711f .LASF1459
     /tmp/ccpnpoG9.s:10768  .debug_str:0000000000007bea .LASF1460
     /tmp/ccpnpoG9.s:10242  .debug_str:0000000000005f55 .LASF1461
     /tmp/ccpnpoG9.s:9468   .debug_str:00000000000036a8 .LASF1462
     /tmp/ccpnpoG9.s:9528   .debug_str:00000000000039cf .LASF1463
     /tmp/ccpnpoG9.s:10432  .debug_str:0000000000006959 .LASF1464
     /tmp/ccpnpoG9.s:10482  .debug_str:0000000000006c0f .LASF1465
     /tmp/ccpnpoG9.s:12256  .debug_str:000000000000c7fa .LASF1466
     /tmp/ccpnpoG9.s:10648  .debug_str:00000000000075fc .LASF1467
     /tmp/ccpnpoG9.s:11052  .debug_str:0000000000008a75 .LASF1468
     /tmp/ccpnpoG9.s:9940   .debug_str:000000000000509a .LASF1469
     /tmp/ccpnpoG9.s:11266  .debug_str:00000000000095d0 .LASF1470
     /tmp/ccpnpoG9.s:11592  .debug_str:000000000000a63d .LASF1471
     /tmp/ccpnpoG9.s:11630  .debug_str:000000000000a7bb .LASF1472
     /tmp/ccpnpoG9.s:8864   .debug_str:00000000000014f2 .LASF1473
     /tmp/ccpnpoG9.s:12648  .debug_str:000000000000dbeb .LASF1474
     /tmp/ccpnpoG9.s:12224  .debug_str:000000000000c64c .LASF1475
     /tmp/ccpnpoG9.s:9218   .debug_str:00000000000028e9 .LASF1476
     /tmp/ccpnpoG9.s:9622   .debug_str:0000000000003f18 .LASF1477
     /tmp/ccpnpoG9.s:9196   .debug_str:00000000000027eb .LASF1478
     /tmp/ccpnpoG9.s:11646  .debug_str:000000000000a863 .LASF1479
     /tmp/ccpnpoG9.s:11732  .debug_str:000000000000ade5 .LASF1480
     /tmp/ccpnpoG9.s:11924  .debug_str:000000000000b6b7 .LASF1481
     /tmp/ccpnpoG9.s:12342  .debug_str:000000000000cc9f .LASF1482
     /tmp/ccpnpoG9.s:9106   .debug_str:00000000000023af .LASF1483
     /tmp/ccpnpoG9.s:8744   .debug_str:0000000000000f2d .LASF1484
     /tmp/ccpnpoG9.s:11882  .debug_str:000000000000b4e2 .LASF1485
     /tmp/ccpnpoG9.s:11830  .debug_str:000000000000b27d .LASF1486
     /tmp/ccpnpoG9.s:8440   .debug_str:0000000000000087 .LASF1487
     /tmp/ccpnpoG9.s:11328  .debug_str:000000000000991c .LASF1488
     /tmp/ccpnpoG9.s:10554  .debug_str:0000000000007055 .LASF1489
     /tmp/ccpnpoG9.s:9422   .debug_str:00000000000032f4 .LASF1490
     /tmp/ccpnpoG9.s:10176  .debug_str:0000000000005bcf .LASF1491
     /tmp/ccpnpoG9.s:10524  .debug_str:0000000000006eae .LASF1492
     /tmp/ccpnpoG9.s:11682  .debug_str:000000000000aad9 .LASF1493
     /tmp/ccpnpoG9.s:8914   .debug_str:0000000000001760 .LASF1494
     /tmp/ccpnpoG9.s:10276  .debug_str:00000000000060d4 .LASF1495
     /tmp/ccpnpoG9.s:12204  .debug_str:000000000000c53b .LASF1496
     /tmp/ccpnpoG9.s:8694   .debug_str:0000000000000cd7 .LASF1497
     /tmp/ccpnpoG9.s:11268  .debug_str:00000000000095e9 .LASF1498
     /tmp/ccpnpoG9.s:9702   .debug_str:0000000000004405 .LASF1499
     /tmp/ccpnpoG9.s:9712   .debug_str:0000000000004472 .LASF1500
     /tmp/ccpnpoG9.s:8958   .debug_str:0000000000001984 .LASF1501
     /tmp/ccpnpoG9.s:11912  .debug_str:000000000000b625 .LASF1502
     /tmp/ccpnpoG9.s:11248  .debug_str:00000000000094a3 .LASF1503
     /tmp/ccpnpoG9.s:11320  .debug_str:00000000000098c2 .LASF1504
     /tmp/ccpnpoG9.s:9434   .debug_str:000000000000337a .LASF1505
     /tmp/ccpnpoG9.s:10978  .debug_str:00000000000086f4 .LASF1506
     /tmp/ccpnpoG9.s:11140  .debug_str:0000000000008eb6 .LASF1507
     /tmp/ccpnpoG9.s:12542  .debug_str:000000000000d72b .LASF1508
     /tmp/ccpnpoG9.s:10452  .debug_str:0000000000006a59 .LASF1509
     /tmp/ccpnpoG9.s:11786  .debug_str:000000000000aff8 .LASF1510
     /tmp/ccpnpoG9.s:10732  .debug_str:00000000000079cb .LASF1511
     /tmp/ccpnpoG9.s:9200   .debug_str:000000000000281a .LASF1512
     /tmp/ccpnpoG9.s:8832   .debug_str:00000000000013bf .LASF1513
     /tmp/ccpnpoG9.s:9386   .debug_str:0000000000003125 .LASF1514
     /tmp/ccpnpoG9.s:11430  .debug_str:0000000000009dbe .LASF1515
     /tmp/ccpnpoG9.s:12372  .debug_str:000000000000cf1e .LASF1516
     /tmp/ccpnpoG9.s:10874  .debug_str:00000000000080c1 .LASF1517
     /tmp/ccpnpoG9.s:9858   .debug_str:0000000000004c85 .LASF1518
     /tmp/ccpnpoG9.s:11562  .debug_str:000000000000a4e2 .LASF1519
     /tmp/ccpnpoG9.s:9772   .debug_str:0000000000004773 .LASF1520
     /tmp/ccpnpoG9.s:11612  .debug_str:000000000000a717 .LASF1521
     /tmp/ccpnpoG9.s:9152   .debug_str:00000000000025b2 .LASF1522
     /tmp/ccpnpoG9.s:9312   .debug_str:0000000000002d2d .LASF1523
     /tmp/ccpnpoG9.s:9534   .debug_str:0000000000003a18 .LASF1524
     /tmp/ccpnpoG9.s:8880   .debug_str:0000000000001595 .LASF1525
     /tmp/ccpnpoG9.s:9896   .debug_str:0000000000004e93 .LASF1526
     /tmp/ccpnpoG9.s:9652   .debug_str:00000000000040e0 .LASF1527
     /tmp/ccpnpoG9.s:9980   .debug_str:0000000000005243 .LASF1528
     /tmp/ccpnpoG9.s:11234  .debug_str:00000000000093ed .LASF1529
     /tmp/ccpnpoG9.s:10038  .debug_str:00000000000054b0 .LASF1530
     /tmp/ccpnpoG9.s:10446  .debug_str:0000000000006a1b .LASF1531
     /tmp/ccpnpoG9.s:12490  .debug_str:000000000000d4a8 .LASF1532
     /tmp/ccpnpoG9.s:12432  .debug_str:000000000000d216 .LASF1533
     /tmp/ccpnpoG9.s:10212  .debug_str:0000000000005d86 .LASF1534
     /tmp/ccpnpoG9.s:11580  .debug_str:000000000000a5b6 .LASF1535
     /tmp/ccpnpoG9.s:9642   .debug_str:0000000000003fdd .LASF1536
     /tmp/ccpnpoG9.s:8576   .debug_str:0000000000000797 .LASF1537
     /tmp/ccpnpoG9.s:12270  .debug_str:000000000000c8cd .LASF1538
     /tmp/ccpnpoG9.s:10046  .debug_str:0000000000005500 .LASF1539
     /tmp/ccpnpoG9.s:9340   .debug_str:0000000000002ea6 .LASF1540
     /tmp/ccpnpoG9.s:9570   .debug_str:0000000000003c4e .LASF1541
     /tmp/ccpnpoG9.s:9048   .debug_str:0000000000002077 .LASF1542
     /tmp/ccpnpoG9.s:11476  .debug_str:000000000000a027 .LASF1543
     /tmp/ccpnpoG9.s:10120  .debug_str:0000000000005865 .LASF1544
     /tmp/ccpnpoG9.s:10100  .debug_str:0000000000005723 .LASF1545
     /tmp/ccpnpoG9.s:11206  .debug_str:000000000000928e .LASF1546
     /tmp/ccpnpoG9.s:10376  .debug_str:00000000000066d7 .LASF1547
     /tmp/ccpnpoG9.s:11104  .debug_str:0000000000008d12 .LASF1548
     /tmp/ccpnpoG9.s:10832  .debug_str:0000000000007e98 .LASF1549
     /tmp/ccpnpoG9.s:9074   .debug_str:000000000000217f .LASF1550
     /tmp/ccpnpoG9.s:10390  .debug_str:0000000000006774 .LASF1551
     /tmp/ccpnpoG9.s:10030  .debug_str:0000000000005434 .LASF1552
     /tmp/ccpnpoG9.s:9222   .debug_str:0000000000002908 .LASF1553
     /tmp/ccpnpoG9.s:9682   .debug_str:00000000000042d1 .LASF1554
     /tmp/ccpnpoG9.s:8708   .debug_str:0000000000000d80 .LASF1555
     /tmp/ccpnpoG9.s:9836   .debug_str:0000000000004b41 .LASF1556
     /tmp/ccpnpoG9.s:9758   .debug_str:00000000000046a5 .LASF1557
     /tmp/ccpnpoG9.s:11854  .debug_str:000000000000b3af .LASF1558
     /tmp/ccpnpoG9.s:11232  .debug_str:00000000000093d9 .LASF1559
     /tmp/ccpnpoG9.s:12262  .debug_str:000000000000c845 .LASF1560
     /tmp/ccpnpoG9.s:11648  .debug_str:000000000000a874 .LASF1561
     /tmp/ccpnpoG9.s:10356  .debug_str:000000000000650d .LASF1562
     /tmp/ccpnpoG9.s:9776   .debug_str:0000000000004796 .LASF1563
     /tmp/ccpnpoG9.s:10862  .debug_str:0000000000008062 .LASF1564
     /tmp/ccpnpoG9.s:10412  .debug_str:0000000000006891 .LASF1565
     /tmp/ccpnpoG9.s:9484   .debug_str:0000000000003760 .LASF1566
     /tmp/ccpnpoG9.s:11620  .debug_str:000000000000a769 .LASF1567
     /tmp/ccpnpoG9.s:8624   .debug_str:0000000000000985 .LASF1568
     /tmp/ccpnpoG9.s:12626  .debug_str:000000000000daf9 .LASF1569
     /tmp/ccpnpoG9.s:11752  .debug_str:000000000000aea1 .LASF1570
     /tmp/ccpnpoG9.s:12634  .debug_str:000000000000db45 .LASF1571
     /tmp/ccpnpoG9.s:9176   .debug_str:00000000000026f6 .LASF1572
     /tmp/ccpnpoG9.s:9566   .debug_str:0000000000003bf3 .LASF1573
     /tmp/ccpnpoG9.s:9782   .debug_str:00000000000047db .LASF1574
     /tmp/ccpnpoG9.s:9084   .debug_str:000000000000221d .LASF1575
     /tmp/ccpnpoG9.s:11086  .debug_str:0000000000008c1e .LASF1576
     /tmp/ccpnpoG9.s:12202  .debug_str:000000000000c527 .LASF1577
     /tmp/ccpnpoG9.s:8696   .debug_str:0000000000000ceb .LASF1578
     /tmp/ccpnpoG9.s:11954  .debug_str:000000000000b82b .LASF1579
     /tmp/ccpnpoG9.s:8472   .debug_str:00000000000001f6 .LASF1580
     /tmp/ccpnpoG9.s:11542  .debug_str:000000000000a415 .LASF1581
     /tmp/ccpnpoG9.s:12498  .debug_str:000000000000d503 .LASF1582
     /tmp/ccpnpoG9.s:11940  .debug_str:000000000000b77f .LASF1583
     /tmp/ccpnpoG9.s:8784   .debug_str:0000000000001134 .LASF1584
     /tmp/ccpnpoG9.s:10538  .debug_str:0000000000006f5d .LASF1585
     /tmp/ccpnpoG9.s:12030  .debug_str:000000000000bba5 .LASF1586
     /tmp/ccpnpoG9.s:12050  .debug_str:000000000000bcd6 .LASF1587
     /tmp/ccpnpoG9.s:11106  .debug_str:0000000000008d24 .LASF1588
     /tmp/ccpnpoG9.s:12008  .debug_str:000000000000babe .LASF1589
     /tmp/ccpnpoG9.s:8844   .debug_str:0000000000001430 .LASF1590
     /tmp/ccpnpoG9.s:10552  .debug_str:0000000000007042 .LASF1591
     /tmp/ccpnpoG9.s:11502  .debug_str:000000000000a1e8 .LASF1592
     /tmp/ccpnpoG9.s:8494   .debug_str:0000000000000357 .LASF1593
     /tmp/ccpnpoG9.s:10532  .debug_str:0000000000006f11 .LASF1594
     /tmp/ccpnpoG9.s:11110  .debug_str:0000000000008d4b .LASF1595
     /tmp/ccpnpoG9.s:10448  .debug_str:0000000000006a2f .LASF1596
     /tmp/ccpnpoG9.s:11776  .debug_str:000000000000af97 .LASF1597
     /tmp/ccpnpoG9.s:10980  .debug_str:000000000000870c .LASF1598
     /tmp/ccpnpoG9.s:9978   .debug_str:0000000000005231 .LASF1599
     /tmp/ccpnpoG9.s:8680   .debug_str:0000000000000c2e .LASF1600
     /tmp/ccpnpoG9.s:10598  .debug_str:00000000000072a2 .LASF1601
     /tmp/ccpnpoG9.s:10226  .debug_str:0000000000005ea3 .LASF1602
     /tmp/ccpnpoG9.s:12600  .debug_str:000000000000d9ea .LASF1603
     /tmp/ccpnpoG9.s:11326  .debug_str:0000000000009900 .LASF1604
     /tmp/ccpnpoG9.s:9952   .debug_str:0000000000005124 .LASF1605
     /tmp/ccpnpoG9.s:8650   .debug_str:0000000000000a68 .LASF1606
     /tmp/ccpnpoG9.s:8808   .debug_str:000000000000129d .LASF1607
     /tmp/ccpnpoG9.s:10960  .debug_str:000000000000862e .LASF1608
     /tmp/ccpnpoG9.s:8464   .debug_str:000000000000019f .LASF1609
     /tmp/ccpnpoG9.s:8740   .debug_str:0000000000000ef8 .LASF1610
     /tmp/ccpnpoG9.s:12018  .debug_str:000000000000bb1c .LASF1611
     /tmp/ccpnpoG9.s:12214  .debug_str:000000000000c5bc .LASF1612
     /tmp/ccpnpoG9.s:8724   .debug_str:0000000000000e7b .LASF1613
     /tmp/ccpnpoG9.s:9266   .debug_str:0000000000002af4 .LASF1614
     /tmp/ccpnpoG9.s:10058  .debug_str:0000000000005575 .LASF1615
     /tmp/ccpnpoG9.s:11252  .debug_str:00000000000094f3 .LASF1616
     /tmp/ccpnpoG9.s:11194  .debug_str:00000000000091e2 .LASF1617
     /tmp/ccpnpoG9.s:10354  .debug_str:00000000000064f6 .LASF1618
     /tmp/ccpnpoG9.s:12384  .debug_str:000000000000cfaf .LASF1619
     /tmp/ccpnpoG9.s:9644   .debug_str:0000000000003ff4 .LASF1620
     /tmp/ccpnpoG9.s:8660   .debug_str:0000000000000ae4 .LASF1621
     /tmp/ccpnpoG9.s:10150  .debug_str:0000000000005abf .LASF1622
     /tmp/ccpnpoG9.s:9810   .debug_str:00000000000049ca .LASF1623
     /tmp/ccpnpoG9.s:8870   .debug_str:0000000000001532 .LASF1624
     /tmp/ccpnpoG9.s:11876  .debug_str:000000000000b498 .LASF1625
     /tmp/ccpnpoG9.s:12546  .debug_str:000000000000d763 .LASF1626
     /tmp/ccpnpoG9.s:8452   .debug_str:000000000000011b .LASF1627
     /tmp/ccpnpoG9.s:12070  .debug_str:000000000000bdb8 .LASF1628
     /tmp/ccpnpoG9.s:10302  .debug_str:00000000000061dd .LASF1629
     /tmp/ccpnpoG9.s:12212  .debug_str:000000000000c5a5 .LASF1630
     /tmp/ccpnpoG9.s:10716  .debug_str:00000000000078fd .LASF1631
     /tmp/ccpnpoG9.s:8922   .debug_str:00000000000017b4 .LASF1632
     /tmp/ccpnpoG9.s:11698  .debug_str:000000000000ab5f .LASF1633
     /tmp/ccpnpoG9.s:10684  .debug_str:000000000000779a .LASF1634
     /tmp/ccpnpoG9.s:10704  .debug_str:0000000000007885 .LASF1635
     /tmp/ccpnpoG9.s:10748  .debug_str:0000000000007ae4 .LASF1636
     /tmp/ccpnpoG9.s:11378  .debug_str:0000000000009b76 .LASF1637
     /tmp/ccpnpoG9.s:12328  .debug_str:000000000000cbb9 .LASF1638
     /tmp/ccpnpoG9.s:11740  .debug_str:000000000000ae2b .LASF1639
     /tmp/ccpnpoG9.s:11030  .debug_str:0000000000008927 .LASF1640
     /tmp/ccpnpoG9.s:11060  .debug_str:0000000000008ac2 .LASF1641
     /tmp/ccpnpoG9.s:11704  .debug_str:000000000000aba9 .LASF1642
     /tmp/ccpnpoG9.s:10136  .debug_str:000000000000590b .LASF1643
     /tmp/ccpnpoG9.s:12474  .debug_str:000000000000d416 .LASF1644
     /tmp/ccpnpoG9.s:9286   .debug_str:0000000000002bed .LASF1645
     /tmp/ccpnpoG9.s:11482  .debug_str:000000000000a05f .LASF1646
     /tmp/ccpnpoG9.s:12034  .debug_str:000000000000bbc1 .LASF1647
     /tmp/ccpnpoG9.s:9818   .debug_str:0000000000004a75 .LASF1648
     /tmp/ccpnpoG9.s:10140  .debug_str:00000000000059d7 .LASF1649
     /tmp/ccpnpoG9.s:12428  .debug_str:000000000000d1f0 .LASF1650
     /tmp/ccpnpoG9.s:12618  .debug_str:000000000000daaa .LASF1651
     /tmp/ccpnpoG9.s:11992  .debug_str:000000000000ba21 .LASF1652
     /tmp/ccpnpoG9.s:8842   .debug_str:000000000000141a .LASF1653
     /tmp/ccpnpoG9.s:8670   .debug_str:0000000000000b68 .LASF1654
     /tmp/ccpnpoG9.s:9598   .debug_str:0000000000003e06 .LASF1655
     /tmp/ccpnpoG9.s:8772   .debug_str:00000000000010aa .LASF1656
     /tmp/ccpnpoG9.s:11366  .debug_str:0000000000009ab9 .LASF1657
     /tmp/ccpnpoG9.s:8502   .debug_str:00000000000003c7 .LASF1658
     /tmp/ccpnpoG9.s:8954   .debug_str:0000000000001953 .LASF1659
     /tmp/ccpnpoG9.s:12282  .debug_str:000000000000c960 .LASF1660
     /tmp/ccpnpoG9.s:8938   .debug_str:0000000000001881 .LASF1661
     /tmp/ccpnpoG9.s:9880   .debug_str:0000000000004dcb .LASF1662
     /tmp/ccpnpoG9.s:10792  .debug_str:0000000000007ce7 .LASF1663
     /tmp/ccpnpoG9.s:10286  .debug_str:0000000000006139 .LASF1664
     /tmp/ccpnpoG9.s:12580  .debug_str:000000000000d947 .LASF1665
     /tmp/ccpnpoG9.s:9260   .debug_str:0000000000002ac6 .LASF1666
     /tmp/ccpnpoG9.s:10166  .debug_str:0000000000005b69 .LASF1667
     /tmp/ccpnpoG9.s:9768   .debug_str:0000000000004744 .LASF1668
     /tmp/ccpnpoG9.s:11946  .debug_str:000000000000b7be .LASF1669
     /tmp/ccpnpoG9.s:12404  .debug_str:000000000000d0e0 .LASF1670
     /tmp/ccpnpoG9.s:12110  .debug_str:000000000000c064 .LASF1671
     /tmp/ccpnpoG9.s:10004  .debug_str:0000000000005329 .LASF1672
     /tmp/ccpnpoG9.s:10666  .debug_str:00000000000076c6 .LASF1673
     /tmp/ccpnpoG9.s:11756  .debug_str:000000000000aeca .LASF1674
     /tmp/ccpnpoG9.s:8820   .debug_str:0000000000001340 .LASF1675
     /tmp/ccpnpoG9.s:9404   .debug_str:0000000000003210 .LASF1676
     /tmp/ccpnpoG9.s:12116  .debug_str:000000000000c0a4 .LASF1677
     /tmp/ccpnpoG9.s:11186  .debug_str:0000000000009123 .LASF1678
     /tmp/ccpnpoG9.s:10954  .debug_str:000000000000858f .LASF1679
     /tmp/ccpnpoG9.s:9186   .debug_str:0000000000002782 .LASF1680
     /tmp/ccpnpoG9.s:9228   .debug_str:0000000000002947 .LASF1681
     /tmp/ccpnpoG9.s:10802  .debug_str:0000000000007d63 .LASF1682
     /tmp/ccpnpoG9.s:10630  .debug_str:0000000000007557 .LASF1683
     /tmp/ccpnpoG9.s:10306  .debug_str:000000000000623e .LASF1684
     /tmp/ccpnpoG9.s:11964  .debug_str:000000000000b898 .LASF1685
     /tmp/ccpnpoG9.s:8770   .debug_str:0000000000001097 .LASF1686
     /tmp/ccpnpoG9.s:8976   .debug_str:0000000000001a54 .LASF1687
     /tmp/ccpnpoG9.s:11002  .debug_str:00000000000087ff .LASF1688
     /tmp/ccpnpoG9.s:12142  .debug_str:000000000000c22e .LASF1689
     /tmp/ccpnpoG9.s:10856  .debug_str:0000000000008025 .LASF1690
     /tmp/ccpnpoG9.s:9786   .debug_str:0000000000004808 .LASF1691
     /tmp/ccpnpoG9.s:8570   .debug_str:0000000000000757 .LASF1692
     /tmp/ccpnpoG9.s:11972  .debug_str:000000000000b8f8 .LASF1693
     /tmp/ccpnpoG9.s:11926  .debug_str:000000000000b6c8 .LASF1694
     /tmp/ccpnpoG9.s:10546  .debug_str:0000000000006fdb .LASF1695
     /tmp/ccpnpoG9.s:9206   .debug_str:000000000000285e .LASF1696
     /tmp/ccpnpoG9.s:10096  .debug_str:00000000000056fb .LASF1697
     /tmp/ccpnpoG9.s:10838  .debug_str:0000000000007ed9 .LASF1698
     /tmp/ccpnpoG9.s:11272  .debug_str:0000000000009623 .LASF1699
     /tmp/ccpnpoG9.s:10504  .debug_str:0000000000006d46 .LASF1700
     /tmp/ccpnpoG9.s:12540  .debug_str:000000000000d71a .LASF1701
     /tmp/ccpnpoG9.s:11456  .debug_str:0000000000009f02 .LASF1702
     /tmp/ccpnpoG9.s:10214  .debug_str:0000000000005d99 .LASF1703
     /tmp/ccpnpoG9.s:8998   .debug_str:0000000000001b57 .LASF1704
     /tmp/ccpnpoG9.s:9090   .debug_str:000000000000225d .LASF1705
     /tmp/ccpnpoG9.s:8944   .debug_str:00000000000018d6 .LASF1706
     /tmp/ccpnpoG9.s:11678  .debug_str:000000000000aa00 .LASF1707
     /tmp/ccpnpoG9.s:11108  .debug_str:0000000000008d38 .LASF1708
     /tmp/ccpnpoG9.s:11450  .debug_str:0000000000009ec0 .LASF1709
     /tmp/ccpnpoG9.s:12386  .debug_str:000000000000cfcb .LASF1710
     /tmp/ccpnpoG9.s:9052   .debug_str:00000000000020a1 .LASF1711
     /tmp/ccpnpoG9.s:9986   .debug_str:000000000000527d .LASF1712
     /tmp/ccpnpoG9.s:10882  .debug_str:000000000000811a .LASF1713
     /tmp/ccpnpoG9.s:11726  .debug_str:000000000000ada7 .LASF1714
     /tmp/ccpnpoG9.s:8436   .debug_str:0000000000000059 .LASF1715
     /tmp/ccpnpoG9.s:11352  .debug_str:0000000000009a32 .LASF1716
     /tmp/ccpnpoG9.s:9530   .debug_str:00000000000039e9 .LASF1717
     /tmp/ccpnpoG9.s:9412   .debug_str:000000000000327d .LASF1718
     /tmp/ccpnpoG9.s:11508  .debug_str:000000000000a225 .LASF1719
     /tmp/ccpnpoG9.s:9130   .debug_str:00000000000024d5 .LASF1720
     /tmp/ccpnpoG9.s:8974   .debug_str:0000000000001a40 .LASF1721
     /tmp/ccpnpoG9.s:10042  .debug_str:00000000000054dd .LASF1722
     /tmp/ccpnpoG9.s:8702   .debug_str:0000000000000d2e .LASF1723
     /tmp/ccpnpoG9.s:11744  .debug_str:000000000000ae5e .LASF1724
     /tmp/ccpnpoG9.s:8840   .debug_str:0000000000001409 .LASF1725
     /tmp/ccpnpoG9.s:11576  .debug_str:000000000000a591 .LASF1726
     /tmp/ccpnpoG9.s:8878   .debug_str:0000000000001584 .LASF1727
     /tmp/ccpnpoG9.s:9492   .debug_str:00000000000037ac .LASF1728
     /tmp/ccpnpoG9.s:12332  .debug_str:000000000000cbe9 .LASF1729
     /tmp/ccpnpoG9.s:9656   .debug_str:0000000000004121 .LASF1730
     /tmp/ccpnpoG9.s:9508   .debug_str:0000000000003894 .LASF1731
     /tmp/ccpnpoG9.s:11118  .debug_str:0000000000008dc6 .LASF1732
     /tmp/ccpnpoG9.s:10920  .debug_str:00000000000083c6 .LASF1733
     /tmp/ccpnpoG9.s:11766  .debug_str:000000000000af3b .LASF1734
     /tmp/ccpnpoG9.s:8468   .debug_str:00000000000001ce .LASF1735
     /tmp/ccpnpoG9.s:12588  .debug_str:000000000000d995 .LASF1736
     /tmp/ccpnpoG9.s:10288  .debug_str:0000000000006150 .LASF1737
     /tmp/ccpnpoG9.s:10230  .debug_str:0000000000005ecf .LASF1738
     /tmp/ccpnpoG9.s:12068  .debug_str:000000000000bda1 .LASF1739
     /tmp/ccpnpoG9.s:11040  .debug_str:00000000000089b3 .LASF1740
     /tmp/ccpnpoG9.s:10970  .debug_str:000000000000869f .LASF1741
     /tmp/ccpnpoG9.s:8592   .debug_str:0000000000000859 .LASF1742
     /tmp/ccpnpoG9.s:9058   .debug_str:00000000000020f2 .LASF1743
     /tmp/ccpnpoG9.s:11622  .debug_str:000000000000a77b .LASF1744
     /tmp/ccpnpoG9.s:11292  .debug_str:0000000000009717 .LASF1745
     /tmp/ccpnpoG9.s:8652   .debug_str:0000000000000a7f .LASF1746
     /tmp/ccpnpoG9.s:8882   .debug_str:00000000000015a7 .LASF1747
     /tmp/ccpnpoG9.s:9830   .debug_str:0000000000004afb .LASF1748
     /tmp/ccpnpoG9.s:10746  .debug_str:0000000000007acc .LASF1749
     /tmp/ccpnpoG9.s:11146  .debug_str:0000000000008f02 .LASF1750
     /tmp/ccpnpoG9.s:10632  .debug_str:0000000000007565 .LASF1751
     /tmp/ccpnpoG9.s:10490  .debug_str:0000000000006ca8 .LASF1752
     /tmp/ccpnpoG9.s:11028  .debug_str:000000000000890f .LASF1753
     /tmp/ccpnpoG9.s:9502   .debug_str:0000000000003854 .LASF1754
     /tmp/ccpnpoG9.s:11406  .debug_str:0000000000009cba .LASF1755
     /tmp/ccpnpoG9.s:10026  .debug_str:0000000000005403 .LASF1756
     /tmp/ccpnpoG9.s:9050   .debug_str:0000000000002089 .LASF1757
     /tmp/ccpnpoG9.s:9984   .debug_str:0000000000005265 .LASF1758
     /tmp/ccpnpoG9.s:10880  .debug_str:0000000000008102 .LASF1759
     /tmp/ccpnpoG9.s:11280  .debug_str:0000000000009653 .LASF1760
     /tmp/ccpnpoG9.s:12206  .debug_str:000000000000c553 .LASF1761
     /tmp/ccpnpoG9.s:12174  .debug_str:000000000000c3b5 .LASF1762
     /tmp/ccpnpoG9.s:8826   .debug_str:0000000000001381 .LASF1763
     /tmp/ccpnpoG9.s:9436   .debug_str:0000000000003393 .LASF1764
     /tmp/ccpnpoG9.s:12512  .debug_str:000000000000d5af .LASF1765
     /tmp/ccpnpoG9.s:9182   .debug_str:0000000000002754 .LASF1766
     /tmp/ccpnpoG9.s:9024   .debug_str:0000000000001f69 .LASF1767
     /tmp/ccpnpoG9.s:8868   .debug_str:000000000000151d .LASF1768
     /tmp/ccpnpoG9.s:11896  .debug_str:000000000000b58b .LASF1769
     /tmp/ccpnpoG9.s:11240  .debug_str:0000000000009440 .LASF1770
     /tmp/ccpnpoG9.s:12162  .debug_str:000000000000c347 .LASF1771
     /tmp/ccpnpoG9.s:8814   .debug_str:00000000000012ea .LASF1772
     /tmp/ccpnpoG9.s:11334  .debug_str:0000000000009948 .LASF1773
     /tmp/ccpnpoG9.s:10668  .debug_str:00000000000076dd .LASF1774
     /tmp/ccpnpoG9.s:11522  .debug_str:000000000000a348 .LASF1775
     /tmp/ccpnpoG9.s:9308   .debug_str:0000000000002cff .LASF1776
     /tmp/ccpnpoG9.s:9124   .debug_str:000000000000249b .LASF1777
     /tmp/ccpnpoG9.s:8458   .debug_str:0000000000000167 .LASF1778
     /tmp/ccpnpoG9.s:8934   .debug_str:0000000000001849 .LASF1779
     /tmp/ccpnpoG9.s:11342  .debug_str:0000000000009991 .LASF1780
     /tmp/ccpnpoG9.s:9972   .debug_str:00000000000051e8 .LASF1781
     /tmp/ccpnpoG9.s:9926   .debug_str:0000000000004fcc .LASF1782
     /tmp/ccpnpoG9.s:9874   .debug_str:0000000000004d89 .LASF1783
     /tmp/ccpnpoG9.s:10786  .debug_str:0000000000007caf .LASF1784
     /tmp/ccpnpoG9.s:11664  .debug_str:000000000000a962 .LASF1785
     /tmp/ccpnpoG9.s:10234  .debug_str:0000000000005ef6 .LASF1786
     /tmp/ccpnpoG9.s:11596  .debug_str:000000000000a673 .LASF1787
     /tmp/ccpnpoG9.s:11468  .debug_str:0000000000009faf .LASF1788
     /tmp/ccpnpoG9.s:10652  .debug_str:0000000000007632 .LASF1789
     /tmp/ccpnpoG9.s:11498  .debug_str:000000000000a1b9 .LASF1790
     /tmp/ccpnpoG9.s:11730  .debug_str:000000000000add1 .LASF1791
     /tmp/ccpnpoG9.s:10936  .debug_str:00000000000084ec .LASF1792
     /tmp/ccpnpoG9.s:11932  .debug_str:000000000000b703 .LASF1793
     /tmp/ccpnpoG9.s:11666  .debug_str:000000000000a978 .LASF1794
     /tmp/ccpnpoG9.s:10016  .debug_str:000000000000538e .LASF1795
     /tmp/ccpnpoG9.s:11806  .debug_str:000000000000b0f2 .LASF1796
     /tmp/ccpnpoG9.s:12550  .debug_str:000000000000d7b2 .LASF1797
     /tmp/ccpnpoG9.s:8676   .debug_str:0000000000000c02 .LASF1798
     /tmp/ccpnpoG9.s:11794  .debug_str:000000000000b060 .LASF1799
     /tmp/ccpnpoG9.s:10742  .debug_str:0000000000007aa7 .LASF1800
     /tmp/ccpnpoG9.s:9314   .debug_str:0000000000002d43 .LASF1801
     /tmp/ccpnpoG9.s:9076   .debug_str:0000000000002192 .LASF1802
     /tmp/ccpnpoG9.s:11728  .debug_str:000000000000adba .LASF1803
     /tmp/ccpnpoG9.s:9276   .debug_str:0000000000002b77 .LASF1804
     /tmp/ccpnpoG9.s:9504   .debug_str:000000000000386c .LASF1805
     /tmp/ccpnpoG9.s:11418  .debug_str:0000000000009d49 .LASF1806
     /tmp/ccpnpoG9.s:11512  .debug_str:000000000000a244 .LASF1807
     /tmp/ccpnpoG9.s:11338  .debug_str:0000000000009971 .LASF1808
     /tmp/ccpnpoG9.s:12614  .debug_str:000000000000da7b .LASF1809
     /tmp/ccpnpoG9.s:11816  .debug_str:000000000000b16f .LASF1810
     /tmp/ccpnpoG9.s:9760   .debug_str:00000000000046b9 .LASF1811
     /tmp/ccpnpoG9.s:12028  .debug_str:000000000000bb8d .LASF1812
     /tmp/ccpnpoG9.s:12132  .debug_str:000000000000c19e .LASF1813
     /tmp/ccpnpoG9.s:9770   .debug_str:000000000000475b .LASF1814
     /tmp/ccpnpoG9.s:9546   .debug_str:0000000000003ae3 .LASF1815
     /tmp/ccpnpoG9.s:10494  .debug_str:0000000000006cd9 .LASF1816
     /tmp/ccpnpoG9.s:11790  .debug_str:000000000000b01d .LASF1817
     /tmp/ccpnpoG9.s:11638  .debug_str:000000000000a808 .LASF1818
     /tmp/ccpnpoG9.s:12288  .debug_str:000000000000c998 .LASF1819
     /tmp/ccpnpoG9.s:11132  .debug_str:0000000000008e5d .LASF1820
     /tmp/ccpnpoG9.s:12442  .debug_str:000000000000d27a .LASF1821
     /tmp/ccpnpoG9.s:12094  .debug_str:000000000000bf41 .LASF1822
     /tmp/ccpnpoG9.s:10702  .debug_str:000000000000786d .LASF1823
     /tmp/ccpnpoG9.s:9950   .debug_str:000000000000510c .LASF1824
     /tmp/ccpnpoG9.s:9604   .debug_str:0000000000003e4d .LASF1825
     /tmp/ccpnpoG9.s:12064  .debug_str:000000000000bd70 .LASF1826
     /tmp/ccpnpoG9.s:8556   .debug_str:00000000000006c6 .LASF1827
     /tmp/ccpnpoG9.s:11284  .debug_str:0000000000009691 .LASF1828
     /tmp/ccpnpoG9.s:9854   .debug_str:0000000000004c55 .LASF1829
     /tmp/ccpnpoG9.s:11750  .debug_str:000000000000ae89 .LASF1830
     /tmp/ccpnpoG9.s:11864  .debug_str:000000000000b40d .LASF1831
     /tmp/ccpnpoG9.s:11960  .debug_str:000000000000b869 .LASF1832
     /tmp/ccpnpoG9.s:12056  .debug_str:000000000000bd09 .LASF1833
     /tmp/ccpnpoG9.s:10436  .debug_str:000000000000697c .LASF1834
     /tmp/ccpnpoG9.s:12260  .debug_str:000000000000c82d .LASF1835
     /tmp/ccpnpoG9.s:9184   .debug_str:0000000000002769 .LASF1836
     /tmp/ccpnpoG9.s:10428  .debug_str:000000000000692a .LASF1837
     /tmp/ccpnpoG9.s:9804   .debug_str:000000000000498a .LASF1838
     /tmp/ccpnpoG9.s:9914   .debug_str:0000000000004f53 .LASF1839
     /tmp/ccpnpoG9.s:9742   .debug_str:00000000000045ef .LASF1840
     /tmp/ccpnpoG9.s:12066  .debug_str:000000000000bd88 .LASF1841
     /tmp/ccpnpoG9.s:12022  .debug_str:000000000000bb48 .LASF1842
     /tmp/ccpnpoG9.s:9684   .debug_str:00000000000042e2 .LASF1843
     /tmp/ccpnpoG9.s:9832   .debug_str:0000000000004b13 .LASF1844
     /tmp/ccpnpoG9.s:12322  .debug_str:000000000000cb6a .LASF1845
     /tmp/ccpnpoG9.s:10770  .debug_str:0000000000007c03 .LASF1846
     /tmp/ccpnpoG9.s:11944  .debug_str:000000000000b7a5 .LASF1847
     /tmp/ccpnpoG9.s:9844   .debug_str:0000000000004b8a .LASF1848
     /tmp/ccpnpoG9.s:10458  .debug_str:0000000000006aa8 .LASF1849
     /tmp/ccpnpoG9.s:8542   .debug_str:0000000000000648 .LASF1850
     /tmp/ccpnpoG9.s:11948  .debug_str:000000000000b7d5 .LASF1851
     /tmp/ccpnpoG9.s:12086  .debug_str:000000000000bee9 .LASF1852
     /tmp/ccpnpoG9.s:12184  .debug_str:000000000000c41e .LASF1853
     /tmp/ccpnpoG9.s:12284  .debug_str:000000000000c977 .LASF1854
     /tmp/ccpnpoG9.s:12388  .debug_str:000000000000cfde .LASF1855
     /tmp/ccpnpoG9.s:12336  .debug_str:000000000000cc0c .LASF1856
     /tmp/ccpnpoG9.s:9332   .debug_str:0000000000002e50 .LASF1857
     /tmp/ccpnpoG9.s:9892   .debug_str:0000000000004e5d .LASF1858
     /tmp/ccpnpoG9.s:12264  .debug_str:000000000000c858 .LASF1859
     /tmp/ccpnpoG9.s:11560  .debug_str:000000000000a4c4 .LASF1860
     /tmp/ccpnpoG9.s:10252  .debug_str:0000000000005fd5 .LASF1861
     /tmp/ccpnpoG9.s:12402  .debug_str:000000000000d0c6 .LASF1862
     /tmp/ccpnpoG9.s:10072  .debug_str:0000000000005620 .LASF1863
     /tmp/ccpnpoG9.s:8892   .debug_str:000000000000165c .LASF1864
     /tmp/ccpnpoG9.s:10676  .debug_str:0000000000007744 .LASF1865
     /tmp/ccpnpoG9.s:12496  .debug_str:000000000000d4ee .LASF1866
     /tmp/ccpnpoG9.s:11712  .debug_str:000000000000ac37 .LASF1867
     /tmp/ccpnpoG9.s:9432   .debug_str:000000000000335f .LASF1868
     /tmp/ccpnpoG9.s:12450  .debug_str:000000000000d2cc .LASF1869
     /tmp/ccpnpoG9.s:11722  .debug_str:000000000000acdc .LASF1870
     /tmp/ccpnpoG9.s:11884  .debug_str:000000000000b4f3 .LASF1871
     /tmp/ccpnpoG9.s:9556   .debug_str:0000000000003b7e .LASF1872
     /tmp/ccpnpoG9.s:9704   .debug_str:000000000000441d .LASF1873
     /tmp/ccpnpoG9.s:9122   .debug_str:000000000000247e .LASF1874
     /tmp/ccpnpoG9.s:9174   .debug_str:00000000000026d2 .LASF1875
     /tmp/ccpnpoG9.s:10706  .debug_str:0000000000007898 .LASF1876
     /tmp/ccpnpoG9.s:11374  .debug_str:0000000000009b4f .LASF1877
     /tmp/ccpnpoG9.s:9802   .debug_str:000000000000496e .LASF1878
     /tmp/ccpnpoG9.s:9532   .debug_str:00000000000039fc .LASF1879
     /tmp/ccpnpoG9.s:9278   .debug_str:0000000000002b8e .LASF1880
     /tmp/ccpnpoG9.s:9026   .debug_str:0000000000001f7e .LASF1881
     /tmp/ccpnpoG9.s:8760   .debug_str:0000000000001015 .LASF1882
     /tmp/ccpnpoG9.s:8518   .debug_str:0000000000000500 .LASF1883
     /tmp/ccpnpoG9.s:10208  .debug_str:0000000000005d5d .LASF1884
     /tmp/ccpnpoG9.s:11652  .debug_str:000000000000a8a2 .LASF1885
     /tmp/ccpnpoG9.s:10610  .debug_str:000000000000733f .LASF1886
     /tmp/ccpnpoG9.s:12420  .debug_str:000000000000d196 .LASF1887
     /tmp/ccpnpoG9.s:10460  .debug_str:0000000000006ac1 .LASF1888
     /tmp/ccpnpoG9.s:8902   .debug_str:00000000000016dd .LASF1889
     /tmp/ccpnpoG9.s:11968  .debug_str:000000000000b8c7 .LASF1890
     /tmp/ccpnpoG9.s:11356  .debug_str:0000000000009a52 .LASF1891
     /tmp/ccpnpoG9.s:11264  .debug_str:00000000000095b7 .LASF1892
     /tmp/ccpnpoG9.s:12438  .debug_str:000000000000d247 .LASF1893
     /tmp/ccpnpoG9.s:11126  .debug_str:0000000000008e14 .LASF1894
     /tmp/ccpnpoG9.s:8812   .debug_str:00000000000012d1 .LASF1895
     /tmp/ccpnpoG9.s:12266  .debug_str:000000000000c86f .LASF1896
     /tmp/ccpnpoG9.s:11532  .debug_str:000000000000a3a0 .LASF1897
     /tmp/ccpnpoG9.s:11228  .debug_str:00000000000093ae .LASF1898
     /tmp/ccpnpoG9.s:12326  .debug_str:000000000000cba0 .LASF1899
     /tmp/ccpnpoG9.s:11038  .debug_str:000000000000899a .LASF1900
     /tmp/ccpnpoG9.s:10964  .debug_str:0000000000008660 .LASF1901
     /tmp/ccpnpoG9.s:10028  .debug_str:000000000000541b .LASF1902
     /tmp/ccpnpoG9.s:9586   .debug_str:0000000000003d16 .LASF1903
     /tmp/ccpnpoG9.s:10850  .debug_str:0000000000007fc7 .LASF1904
     /tmp/ccpnpoG9.s:12578  .debug_str:000000000000d92e .LASF1905
     /tmp/ccpnpoG9.s:10558  .debug_str:00000000000070ad .LASF1906
     /tmp/ccpnpoG9.s:8698   .debug_str:0000000000000cfe .LASF1907
     /tmp/ccpnpoG9.s:10282  .debug_str:0000000000006106 .LASF1908
     /tmp/ccpnpoG9.s:11396  .debug_str:0000000000009c3d .LASF1909
     /tmp/ccpnpoG9.s:10764  .debug_str:0000000000007bbf .LASF1910
     /tmp/ccpnpoG9.s:11866  .debug_str:000000000000b425 .LASF1911
     /tmp/ccpnpoG9.s:11172  .debug_str:000000000000900d .LASF1912
     /tmp/ccpnpoG9.s:10514  .debug_str:0000000000006df8 .LASF1913
     /tmp/ccpnpoG9.s:11658  .debug_str:000000000000a924 .LASF1914
     /tmp/ccpnpoG9.s:12500  .debug_str:000000000000d516 .LASF1915
     /tmp/ccpnpoG9.s:12148  .debug_str:000000000000c27a .LASF1916
     /tmp/ccpnpoG9.s:10498  .debug_str:0000000000006cfc .LASF1917
     /tmp/ccpnpoG9.s:11128  .debug_str:0000000000008e2d .LASF1918
     /tmp/ccpnpoG9.s:10462  .debug_str:0000000000006add .LASF1919
     /tmp/ccpnpoG9.s:9814   .debug_str:0000000000004a04 .LASF1920
     /tmp/ccpnpoG9.s:9672   .debug_str:0000000000004204 .LASF1921
     /tmp/ccpnpoG9.s:9166   .debug_str:0000000000002678 .LASF1922
     /tmp/ccpnpoG9.s:12556  .debug_str:000000000000d80c .LASF1923
     /tmp/ccpnpoG9.s:11134  .debug_str:0000000000008e75 .LASF1924
     /tmp/ccpnpoG9.s:11604  .debug_str:000000000000a6cd .LASF1925
     /tmp/ccpnpoG9.s:11486  .debug_str:000000000000a08c .LASF1926
     /tmp/ccpnpoG9.s:12304  .debug_str:000000000000ca7f .LASF1927
     /tmp/ccpnpoG9.s:10422  .debug_str:00000000000068e6 .LASF1928
     /tmp/ccpnpoG9.s:10564  .debug_str:00000000000070e1 .LASF1929
     /tmp/ccpnpoG9.s:10402  .debug_str:00000000000067e2 .LASF1930
     /tmp/ccpnpoG9.s:10686  .debug_str:00000000000077b9 .LASF1931
     /tmp/ccpnpoG9.s:10948  .debug_str:0000000000008554 .LASF1932
     /tmp/ccpnpoG9.s:8918   .debug_str:0000000000001785 .LASF1933
     /tmp/ccpnpoG9.s:10164  .debug_str:0000000000005b4e .LASF1934
     /tmp/ccpnpoG9.s:12272  .debug_str:000000000000c8df .LASF1935
     /tmp/ccpnpoG9.s:11758  .debug_str:000000000000aee1 .LASF1936
     /tmp/ccpnpoG9.s:9460   .debug_str:0000000000003612 .LASF1937
     /tmp/ccpnpoG9.s:8996   .debug_str:0000000000001b3b .LASF1938
     /tmp/ccpnpoG9.s:10834  .debug_str:0000000000007ea9 .LASF1939
     /tmp/ccpnpoG9.s:9192   .debug_str:00000000000027c4 .LASF1940
     /tmp/ccpnpoG9.s:10352  .debug_str:00000000000064de .LASF1941
     /tmp/ccpnpoG9.s:9648   .debug_str:0000000000004029 .LASF1942
     /tmp/ccpnpoG9.s:8988   .debug_str:0000000000001aee .LASF1943
     /tmp/ccpnpoG9.s:9426   .debug_str:000000000000331d .LASF1944
     /tmp/ccpnpoG9.s:11878  .debug_str:000000000000b4b1 .LASF1945
     /tmp/ccpnpoG9.s:10640  .debug_str:00000000000075b2 .LASF1946
     /tmp/ccpnpoG9.s:9606   .debug_str:0000000000003e65 .LASF1947
     /tmp/ccpnpoG9.s:9226   .debug_str:000000000000292f .LASF1948
     /tmp/ccpnpoG9.s:9036   .debug_str:0000000000002000 .LASF1949
     /tmp/ccpnpoG9.s:12140  .debug_str:000000000000c215 .LASF1950
     /tmp/ccpnpoG9.s:9494   .debug_str:00000000000037bb .LASF1951
     /tmp/ccpnpoG9.s:11238  .debug_str:0000000000009427 .LASF1952
     /tmp/ccpnpoG9.s:10502  .debug_str:0000000000006d2d .LASF1953
     /tmp/ccpnpoG9.s:10082  .debug_str:000000000000566a .LASF1954
     /tmp/ccpnpoG9.s:10492  .debug_str:0000000000006cc0 .LASF1955
     /tmp/ccpnpoG9.s:9790   .debug_str:00000000000048e8 .LASF1956
     /tmp/ccpnpoG9.s:10942  .debug_str:0000000000008517 .LASF1957
     /tmp/ccpnpoG9.s:10236  .debug_str:0000000000005f0c .LASF1958
     /tmp/ccpnpoG9.s:10858  .debug_str:0000000000008033 .LASF1959
     /tmp/ccpnpoG9.s:12178  .debug_str:000000000000c3e6 .LASF1960
     /tmp/ccpnpoG9.s:10380  .debug_str:0000000000006700 .LASF1961
     /tmp/ccpnpoG9.s:8526   .debug_str:000000000000055e .LASF1962
     /tmp/ccpnpoG9.s:9890   .debug_str:0000000000004e44 .LASF1963
     /tmp/ccpnpoG9.s:10194  .debug_str:0000000000005c98 .LASF1964
     /tmp/ccpnpoG9.s:9030   .debug_str:0000000000001fb3 .LASF1965
     /tmp/ccpnpoG9.s:12310  .debug_str:000000000000cae6 .LASF1966
     /tmp/ccpnpoG9.s:9974   .debug_str:00000000000051fe .LASF1967
     /tmp/ccpnpoG9.s:11092  .debug_str:0000000000008c53 .LASF1968
     /tmp/ccpnpoG9.s:8912   .debug_str:0000000000001747 .LASF1969
     /tmp/ccpnpoG9.s:8598   .debug_str:0000000000000893 .LASF1970
     /tmp/ccpnpoG9.s:12186  .debug_str:000000000000c437 .LASF1971
     /tmp/ccpnpoG9.s:12134  .debug_str:000000000000c1b6 .LASF1972
     /tmp/ccpnpoG9.s:11574  .debug_str:000000000000a55c .LASF1973
     /tmp/ccpnpoG9.s:10760  .debug_str:0000000000007b63 .LASF1974
     /tmp/ccpnpoG9.s:11534  .debug_str:000000000000a3b9 .LASF1975
     /tmp/ccpnpoG9.s:10126  .debug_str:00000000000058a5 .LASF1976
     /tmp/ccpnpoG9.s:10722  .debug_str:000000000000793b .LASF1977
     /tmp/ccpnpoG9.s:12524  .debug_str:000000000000d621 .LASF1978
                           .group:0000000000000000 wm4.0.f7b5aef9685edec5249bbd7570880f7e
                           .group:0000000000000000 wm4._newlib_version.h.4.9ba035841e762c3308916a0ce96032e7
                           .group:0000000000000000 wm4.newlib.h.24.c310527e65dab9224e8fef4278ad2129
                           .group:0000000000000000 wm4.ieeefp.h.195.a810689bf65b84f4ad2c33b483468c94
                           .group:0000000000000000 wm4.features.h.22.fad1cec3bc7ff06488171438dbdcfd02
                           .group:0000000000000000 wm4.config.h.83.0359905d884ebfe41c79e1d7c780ef62
                           .group:0000000000000000 wm4._ansi.h.31.de524f58584151836e90d8620a16f8e8
                           .group:0000000000000000 wm4.stdio.h.31.7c0e28c411445f3f9c5b11accf882760
                           .group:0000000000000000 wm4._default_types.h.6.74c1620e62c751216328238764a7f2e5
                           .group:0000000000000000 wm4.stddef.h.187.2ff233552538c6ff9b8575ca8ea52cb3
                           .group:0000000000000000 wm4.cdefs.h.49.6260d97adb8d27534cbdc0f868b8ea87
                           .group:0000000000000000 wm4.stddef.h.39.ec95e8feac892e292b69dc7ae75b0d64
                           .group:0000000000000000 wm4.stdarg.h.34.3a23a216c0c293b3d2ea2e89281481e6
                           .group:0000000000000000 wm4._types.h.20.dd0d04dca3800a0d2a6129b87f3adbb2
                           .group:0000000000000000 wm4.stddef.h.161.5349cb105733e8777bfb0cf53c4e3f34
                           .group:0000000000000000 wm4._types.h.127.c5cfac939eadb83d223592dbacad7524
                           .group:0000000000000000 wm4.reent.h.17.487f8c1f76499d088b190f62530a0034
                           .group:0000000000000000 wm4.lock.h.2.c0958401bd0ce484d507ee19aacab817
                           .group:0000000000000000 wm4.reent.h.77.1187f1075ff88452c642b29ed9a9030d
                           .group:0000000000000000 wm4.types.h.40.8b6acba56cefbb11746718204edc8f5e
                           .group:0000000000000000 wm4._stdint.h.10.c24fa3af3bc1706662bb5593a907e841
                           .group:0000000000000000 wm4._endian.h.18.1bf9649e8e5bbc91042012680270b9ed
                           .group:0000000000000000 wm4.endian.h.9.49f3a4695c1b61e8a0808de3c4a106cb
                           .group:0000000000000000 wm4._timeval.h.30.0e8bfd94e85db17dda3286ee81496fe6
                           .group:0000000000000000 wm4.timespec.h.41.d855182eb0e690443ab8651bcedca6e1
                           .group:0000000000000000 wm4.select.h.19.97ca6fd0c752a0f3b6719fd314d361e6
                           .group:0000000000000000 wm4.types.h.51.5571ec98f267d17d3c670b7a3ba33afa
                           .group:0000000000000000 wm4.sched.h.22.c60982713a5c428609783c78f9c78d95
                           .group:0000000000000000 wm4._pthreadtypes.h.36.fcee9961c35163dde6267ef772ad1972
                           .group:0000000000000000 wm4.stdio.h.2.4aa87247282eca6c8f36f9de33d8df1a
                           .group:0000000000000000 wm4.stdio.h.81.60a2ded7dae310b81f9d6907fe5e3dbf
                           .group:0000000000000000 wm4._intsup.h.10.b28b45fc63caeb010c3f7ee592257700
                           .group:0000000000000000 wm4.stdint.h.23.d53047a68f4a85177f80b422d52785ed
                           .group:0000000000000000 wm4.hal_assert.h.10.ad37ba84d3be4ea9d9b6ec2f4ff76731
                           .group:0000000000000000 wm4.hal.h.66.8e950b6ccd872269e9e0b8c8cf854447
                           .group:0000000000000000 wm4.stdbool.h.29.07dce69c3b78884144b7f7bd19483461
                           .group:0000000000000000 wm4.encoding.h.34.68f898bac6356b153788044b6c29d177
                           .group:0000000000000000 wm4.mss_hart_ints.h.20.6ad89e0f9e22266fcd17f0448e2fe1a4
                           .group:0000000000000000 wm4.mss_util.h.31.57922375d48cf596b0783b975bb89aba

UNDEFINED SYMBOLS
__enable_irq
__disable_irq
